value,coordinates,summary,flagInfo.hasFlags,parameter.id,parameter.name,parameter.units,parameter.displayName,period.label,period.interval,period.datetimeFrom.utc,period.datetimeFrom.local,period.datetimeTo.utc,period.datetimeTo.local,coverage.expectedCount,coverage.expectedInterval,coverage.observedCount,coverage.observedInterval,coverage.percentComplete,coverage.percentCoverage,coverage.datetimeFrom.utc,coverage.datetimeFrom.local,coverage.datetimeTo.utc,coverage.datetimeTo.local
11.3083333333333,,,False,1,pm10,µg/m³,,raw,01:00:00,2016-01-30T00:00:00Z,2016-01-30T01:00:00+01:00,2016-01-30T01:00:00Z,2016-01-30T02:00:00+01:00,1,01:00:00,1,24:00:00,100.0,2400.0,2016-01-29T01:00:00Z,2016-01-29T02:00:00+01:00,2016-01-30T01:00:00Z,2016-01-30T02:00:00+01:00
10.9458333333333,,,False,1,pm10,µg/m³,,raw,01:00:00,2016-01-30T01:00:00Z,2016-01-30T02:00:00+01:00,2016-01-30T02:00:00Z,2016-01-30T03:00:00+01:00,1,01:00:00,1,24:00:00,100.0,2400.0,2016-01-29T02:00:00Z,2016-01-29T03:00:00+01:00,2016-01-30T02:00:00Z,2016-01-30T03:00:00+01:00
10.4666666666667,,,False,1,pm10,µg/m³,,raw,01:00:00,2016-01-30T02:00:00Z,2016-01-30T03:00:00+01:00,2016-01-30T03:00:00Z,2016-01-30T04:00:00+01:00,1,01:00:00,1,24:00:00,100.0,2400.0,2016-01-29T03:00:00Z,2016-01-29T04:00:00+01:00,2016-01-30T03:00:00Z,2016-01-30T04:00:00+01:00
9.85833333333333,,,False,1,pm10,µg/m³,,raw,01:00:00,2016-01-30T03:00:00Z,2016-01-30T04:00:00+01:00,2016-01-30T04:00:00Z,2016-01-30T05:00:00+01:00,1,01:00:00,1,24:00:00,100.0,2400.0,2016-01-29T04:00:00Z,2016-01-29T05:00:00+01:00,2016-01-30T04:00:00Z,2016-01-30T05:00:00+01:00
9.325,,,False,1,pm10,µg/m³,,raw,01:00:00,2016-01-30T04:00:00Z,2016-01-30T05:00:00+01:00,2016-01-30T05:00:00Z,2016-01-30T06:00:00+01:00,1,01:00:00,1,24:00:00,100.0,2400.0,2016-01-29T05:00:00Z,2016-01-29T06:00:00+01:00,2016-01-30T05:00:00Z,2016-01-30T06:00:00+01:00
8.54166666666667,,,False,1,pm10,µg/m³,,raw,01:00:00,2016-01-30T05:00:00Z,2016-01-30T06:00:00+01:00,2016-01-30T06:00:00Z,2016-01-30T07:00:00+01:00,1,01:00:00,1,24:00:00,100.0,2400.0,2016-01-29T06:00:00Z,2016-01-29T07:00:00+01:00,2016-01-30T06:00:00Z,2016-01-30T07:00:00+01:00
8.20434782608696,,,False,1,pm10,µg/m³,,raw,01:00:00,2016-01-30T06:00:00Z,2016-01-30T07:00:00+01:00,2016-01-30T07:00:00Z,2016-01-30T08:00:00+01:00,1,01:00:00,1,24:00:00,100.0,2400.0,2016-01-29T07:00:00Z,2016-01-29T08:00:00+01:00,2016-01-30T07:00:00Z,2016-01-30T08:00:00+01:00
7.89545454545455,,,False,1,pm10,µg/m³,,raw,01:00:00,2016-01-30T07:00:00Z,2016-01-30T08:00:00+01:00,2016-01-30T08:00:00Z,2016-01-30T09:00:00+01:00,1,01:00:00,1,24:00:00,100.0,2400.0,2016-01-29T08:00:00Z,2016-01-29T09:00:00+01:00,2016-01-30T08:00:00Z,2016-01-30T09:00:00+01:00
6.575,,,False,1,pm10,µg/m³,,raw,01:00:00,2016-01-30T08:00:00Z,2016-01-30T09:00:00+01:00,2016-01-30T09:00:00Z,2016-01-30T10:00:00+01:00,1,01:00:00,1,24:00:00,100.0,2400.0,2016-01-29T09:00:00Z,2016-01-29T10:00:00+01:00,2016-01-30T09:00:00Z,2016-01-30T10:00:00+01:00
6.325,,,False,1,pm10,µg/m³,,raw,01:00:00,2016-01-30T09:00:00Z,2016-01-30T10:00:00+01:00,2016-01-30T10:00:00Z,2016-01-30T11:00:00+01:00,1,01:00:00,1,24:00:00,100.0,2400.0,2016-01-29T10:00:00Z,2016-01-29T11:00:00+01:00,2016-01-30T10:00:00Z,2016-01-30T11:00:00+01:00
6.14583333333333,,,False,1,pm10,µg/m³,,raw,01:00:00,2016-01-30T10:00:00Z,2016-01-30T11:00:00+01:00,2016-01-30T11:00:00Z,2016-01-30T12:00:00+01:00,1,01:00:00,1,24:00:00,100.0,2400.0,2016-01-29T11:00:00Z,2016-01-29T12:00:00+01:00,2016-01-30T11:00:00Z,2016-01-30T12:00:00+01:00
6.075,,,False,1,pm10,µg/m³,,raw,01:00:00,2016-01-30T11:00:00Z,2016-01-30T12:00:00+01:00,2016-01-30T12:00:00Z,2016-01-30T13:00:00+01:00,1,01:00:00,1,24:00:00,100.0,2400.0,2016-01-29T12:00:00Z,2016-01-29T13:00:00+01:00,2016-01-30T12:00:00Z,2016-01-30T13:00:00+01:00
5.98333333333333,,,False,1,pm10,µg/m³,,raw,01:00:00,2016-01-30T12:00:00Z,2016-01-30T13:00:00+01:00,2016-01-30T13:00:00Z,2016-01-30T14:00:00+01:00,1,01:00:00,1,24:00:00,100.0,2400.0,2016-01-29T13:00:00Z,2016-01-29T14:00:00+01:00,2016-01-30T13:00:00Z,2016-01-30T14:00:00+01:00
5.8,,,False,1,pm10,µg/m³,,raw,01:00:00,2016-01-30T13:00:00Z,2016-01-30T14:00:00+01:00,2016-01-30T14:00:00Z,2016-01-30T15:00:00+01:00,1,01:00:00,1,24:00:00,100.0,2400.0,2016-01-29T14:00:00Z,2016-01-29T15:00:00+01:00,2016-01-30T14:00:00Z,2016-01-30T15:00:00+01:00
5.95416666666667,,,False,1,pm10,µg/m³,,raw,01:00:00,2016-01-30T14:00:00Z,2016-01-30T15:00:00+01:00,2016-01-30T15:00:00Z,2016-01-30T16:00:00+01:00,1,01:00:00,1,24:00:00,100.0,2400.0,2016-01-29T15:00:00Z,2016-01-29T16:00:00+01:00,2016-01-30T15:00:00Z,2016-01-30T16:00:00+01:00
5.79583333333333,,,False,1,pm10,µg/m³,,raw,01:00:00,2016-01-30T15:00:00Z,2016-01-30T16:00:00+01:00,2016-01-30T16:00:00Z,2016-01-30T17:00:00+01:00,1,01:00:00,1,24:00:00,100.0,2400.0,2016-01-29T16:00:00Z,2016-01-29T17:00:00+01:00,2016-01-30T16:00:00Z,2016-01-30T17:00:00+01:00
5.6,,,False,1,pm10,µg/m³,,raw,01:00:00,2016-01-30T16:00:00Z,2016-01-30T17:00:00+01:00,2016-01-30T17:00:00Z,2016-01-30T18:00:00+01:00,1,01:00:00,1,24:00:00,100.0,2400.0,2016-01-29T17:00:00Z,2016-01-29T18:00:00+01:00,2016-01-30T17:00:00Z,2016-01-30T18:00:00+01:00
5.3875,,,False,1,pm10,µg/m³,,raw,01:00:00,2016-01-30T17:00:00Z,2016-01-30T18:00:00+01:00,2016-01-30T18:00:00Z,2016-01-30T19:00:00+01:00,1,01:00:00,1,24:00:00,100.0,2400.0,2016-01-29T18:00:00Z,2016-01-29T19:00:00+01:00,2016-01-30T18:00:00Z,2016-01-30T19:00:00+01:00
5.42916666666667,,,False,1,pm10,µg/m³,,raw,01:00:00,2016-01-30T18:00:00Z,2016-01-30T19:00:00+01:00,2016-01-30T19:00:00Z,2016-01-30T20:00:00+01:00,1,01:00:00,1,24:00:00,100.0,2400.0,2016-01-29T19:00:00Z,2016-01-29T20:00:00+01:00,2016-01-30T19:00:00Z,2016-01-30T20:00:00+01:00
5.51666666666667,,,False,1,pm10,µg/m³,,raw,01:00:00,2016-01-30T19:00:00Z,2016-01-30T20:00:00+01:00,2016-01-30T20:00:00Z,2016-01-30T21:00:00+01:00,1,01:00:00,1,24:00:00,100.0,2400.0,2016-01-29T20:00:00Z,2016-01-29T21:00:00+01:00,2016-01-30T20:00:00Z,2016-01-30T21:00:00+01:00
6.04583333333333,,,False,1,pm10,µg/m³,,raw,01:00:00,2016-01-30T20:00:00Z,2016-01-30T21:00:00+01:00,2016-01-30T21:00:00Z,2016-01-30T22:00:00+01:00,1,01:00:00,1,24:00:00,100.0,2400.0,2016-01-29T21:00:00Z,2016-01-29T22:00:00+01:00,2016-01-30T21:00:00Z,2016-01-30T22:00:00+01:00
6.10869565217391,,,False,1,pm10,µg/m³,,raw,01:00:00,2016-01-30T21:00:00Z,2016-01-30T22:00:00+01:00,2016-01-30T22:00:00Z,2016-01-30T23:00:00+01:00,1,01:00:00,1,24:00:00,100.0,2400.0,2016-01-29T22:00:00Z,2016-01-29T23:00:00+01:00,2016-01-30T22:00:00Z,2016-01-30T23:00:00+01:00
6.13636363636364,,,False,1,pm10,µg/m³,,raw,01:00:00,2016-01-30T22:00:00Z,2016-01-30T23:00:00+01:00,2016-01-30T23:00:00Z,2016-01-31T00:00:00+01:00,1,01:00:00,1,24:00:00,100.0,2400.0,2016-01-29T23:00:00Z,2016-01-30T00:00:00+01:00,2016-01-30T23:00:00Z,2016-01-31T00:00:00+01:00
6.81666666666667,,,False,1,pm10,µg/m³,,raw,01:00:00,2016-01-30T23:00:00Z,2016-01-31T00:00:00+01:00,2016-01-31T00:00:00Z,2016-01-31T01:00:00+01:00,1,01:00:00,1,24:00:00,100.0,2400.0,2016-01-30T00:00:00Z,2016-01-30T01:00:00+01:00,2016-01-31T00:00:00Z,2016-01-31T01:00:00+01:00
6.92916666666667,,,False,1,pm10,µg/m³,,raw,01:00:00,2016-01-31T00:00:00Z,2016-01-31T01:00:00+01:00,2016-01-31T01:00:00Z,2016-01-31T02:00:00+01:00,1,01:00:00,1,24:00:00,100.0,2400.0,2016-01-30T01:00:00Z,2016-01-30T02:00:00+01:00,2016-01-31T01:00:00Z,2016-01-31T02:00:00+01:00
7.07083333333333,,,False,1,pm10,µg/m³,,raw,01:00:00,2016-01-31T01:00:00Z,2016-01-31T02:00:00+01:00,2016-01-31T02:00:00Z,2016-01-31T03:00:00+01:00,1,01:00:00,1,24:00:00,100.0,2400.0,2016-01-30T02:00:00Z,2016-01-30T03:00:00+01:00,2016-01-31T02:00:00Z,2016-01-31T03:00:00+01:00
7.42916666666667,,,False,1,pm10,µg/m³,,raw,01:00:00,2016-01-31T02:00:00Z,2016-01-31T03:00:00+01:00,2016-01-31T03:00:00Z,2016-01-31T04:00:00+01:00,1,01:00:00,1,24:00:00,100.0,2400.0,2016-01-30T03:00:00Z,2016-01-30T04:00:00+01:00,2016-01-31T03:00:00Z,2016-01-31T04:00:00+01:00
7.7625,,,False,1,pm10,µg/m³,,raw,01:00:00,2016-01-31T03:00:00Z,2016-01-31T04:00:00+01:00,2016-01-31T04:00:00Z,2016-01-31T05:00:00+01:00,1,01:00:00,1,24:00:00,100.0,2400.0,2016-01-30T04:00:00Z,2016-01-30T05:00:00+01:00,2016-01-31T04:00:00Z,2016-01-31T05:00:00+01:00
8.02083333333333,,,False,1,pm10,µg/m³,,raw,01:00:00,2016-01-31T04:00:00Z,2016-01-31T05:00:00+01:00,2016-01-31T05:00:00Z,2016-01-31T06:00:00+01:00,1,01:00:00,1,24:00:00,100.0,2400.0,2016-01-30T05:00:00Z,2016-01-30T06:00:00+01:00,2016-01-31T05:00:00Z,2016-01-31T06:00:00+01:00
8.3625,,,False,1,pm10,µg/m³,,raw,01:00:00,2016-01-31T05:00:00Z,2016-01-31T06:00:00+01:00,2016-01-31T06:00:00Z,2016-01-31T07:00:00+01:00,1,01:00:00,1,24:00:00,100.0,2400.0,2016-01-30T06:00:00Z,2016-01-30T07:00:00+01:00,2016-01-31T06:00:00Z,2016-01-31T07:00:00+01:00
8.84583333333333,,,False,1,pm10,µg/m³,,raw,01:00:00,2016-01-31T06:00:00Z,2016-01-31T07:00:00+01:00,2016-01-31T07:00:00Z,2016-01-31T08:00:00+01:00,1,01:00:00,1,24:00:00,100.0,2400.0,2016-01-30T07:00:00Z,2016-01-30T08:00:00+01:00,2016-01-31T07:00:00Z,2016-01-31T08:00:00+01:00
9.33333333333333,,,False,1,pm10,µg/m³,,raw,01:00:00,2016-01-31T07:00:00Z,2016-01-31T08:00:00+01:00,2016-01-31T08:00:00Z,2016-01-31T09:00:00+01:00,1,01:00:00,1,24:00:00,100.0,2400.0,2016-01-30T08:00:00Z,2016-01-30T09:00:00+01:00,2016-01-31T08:00:00Z,2016-01-31T09:00:00+01:00
9.5875,,,False,1,pm10,µg/m³,,raw,01:00:00,2016-01-31T08:00:00Z,2016-01-31T09:00:00+01:00,2016-01-31T09:00:00Z,2016-01-31T10:00:00+01:00,1,01:00:00,1,24:00:00,100.0,2400.0,2016-01-30T09:00:00Z,2016-01-30T10:00:00+01:00,2016-01-31T09:00:00Z,2016-01-31T10:00:00+01:00
9.8,,,False,1,pm10,µg/m³,,raw,01:00:00,2016-01-31T09:00:00Z,2016-01-31T10:00:00+01:00,2016-01-31T10:00:00Z,2016-01-31T11:00:00+01:00,1,01:00:00,1,24:00:00,100.0,2400.0,2016-01-30T10:00:00Z,2016-01-30T11:00:00+01:00,2016-01-31T10:00:00Z,2016-01-31T11:00:00+01:00
10.0083333333333,,,False,1,pm10,µg/m³,,raw,01:00:00,2016-01-31T10:00:00Z,2016-01-31T11:00:00+01:00,2016-01-31T11:00:00Z,2016-01-31T12:00:00+01:00,1,01:00:00,1,24:00:00,100.0,2400.0,2016-01-30T11:00:00Z,2016-01-30T12:00:00+01:00,2016-01-31T11:00:00Z,2016-01-31T12:00:00+01:00
10.0416666666667,,,False,1,pm10,µg/m³,,raw,01:00:00,2016-01-31T11:00:00Z,2016-01-31T12:00:00+01:00,2016-01-31T12:00:00Z,2016-01-31T13:00:00+01:00,1,01:00:00,1,24:00:00,100.0,2400.0,2016-01-30T12:00:00Z,2016-01-30T13:00:00+01:00,2016-01-31T12:00:00Z,2016-01-31T13:00:00+01:00
10.1347826086957,,,False,1,pm10,µg/m³,,raw,01:00:00,2016-01-31T12:00:00Z,2016-01-31T13:00:00+01:00,2016-01-31T13:00:00Z,2016-01-31T14:00:00+01:00,1,01:00:00,1,24:00:00,100.0,2400.0,2016-01-30T13:00:00Z,2016-01-30T14:00:00+01:00,2016-01-31T13:00:00Z,2016-01-31T14:00:00+01:00
10.2181818181818,,,False,1,pm10,µg/m³,,raw,01:00:00,2016-01-31T13:00:00Z,2016-01-31T14:00:00+01:00,2016-01-31T14:00:00Z,2016-01-31T15:00:00+01:00,1,01:00:00,1,24:00:00,100.0,2400.0,2016-01-30T14:00:00Z,2016-01-30T15:00:00+01:00,2016-01-31T14:00:00Z,2016-01-31T15:00:00+01:00
9.71666666666667,,,False,1,pm10,µg/m³,,raw,01:00:00,2016-01-31T14:00:00Z,2016-01-31T15:00:00+01:00,2016-01-31T15:00:00Z,2016-01-31T16:00:00+01:00,1,01:00:00,1,24:00:00,100.0,2400.0,2016-01-30T15:00:00Z,2016-01-30T16:00:00+01:00,2016-01-31T15:00:00Z,2016-01-31T16:00:00+01:00
9.64166666666667,,,False,1,pm10,µg/m³,,raw,01:00:00,2016-01-31T15:00:00Z,2016-01-31T16:00:00+01:00,2016-01-31T16:00:00Z,2016-01-31T17:00:00+01:00,1,01:00:00,1,24:00:00,100.0,2400.0,2016-01-30T16:00:00Z,2016-01-30T17:00:00+01:00,2016-01-31T16:00:00Z,2016-01-31T17:00:00+01:00
9.43333333333333,,,False,1,pm10,µg/m³,,raw,01:00:00,2016-01-31T16:00:00Z,2016-01-31T17:00:00+01:00,2016-01-31T17:00:00Z,2016-01-31T18:00:00+01:00,1,01:00:00,1,24:00:00,100.0,2400.0,2016-01-30T17:00:00Z,2016-01-30T18:00:00+01:00,2016-01-31T17:00:00Z,2016-01-31T18:00:00+01:00
9.13333333333333,,,False,1,pm10,µg/m³,,raw,01:00:00,2016-01-31T17:00:00Z,2016-01-31T18:00:00+01:00,2016-01-31T18:00:00Z,2016-01-31T19:00:00+01:00,1,01:00:00,1,24:00:00,100.0,2400.0,2016-01-30T18:00:00Z,2016-01-30T19:00:00+01:00,2016-01-31T18:00:00Z,2016-01-31T19:00:00+01:00
8.96666666666667,,,False,1,pm10,µg/m³,,raw,01:00:00,2016-01-31T18:00:00Z,2016-01-31T19:00:00+01:00,2016-01-31T19:00:00Z,2016-01-31T20:00:00+01:00,1,01:00:00,1,24:00:00,100.0,2400.0,2016-01-30T19:00:00Z,2016-01-30T20:00:00+01:00,2016-01-31T19:00:00Z,2016-01-31T20:00:00+01:00
8.90416666666667,,,False,1,pm10,µg/m³,,raw,01:00:00,2016-01-31T19:00:00Z,2016-01-31T20:00:00+01:00,2016-01-31T20:00:00Z,2016-01-31T21:00:00+01:00,1,01:00:00,1,24:00:00,100.0,2400.0,2016-01-30T20:00:00Z,2016-01-30T21:00:00+01:00,2016-01-31T20:00:00Z,2016-01-31T21:00:00+01:00
8.46666666666667,,,False,1,pm10,µg/m³,,raw,01:00:00,2016-01-31T20:00:00Z,2016-01-31T21:00:00+01:00,2016-01-31T21:00:00Z,2016-01-31T22:00:00+01:00,1,01:00:00,1,24:00:00,100.0,2400.0,2016-01-30T21:00:00Z,2016-01-30T22:00:00+01:00,2016-01-31T21:00:00Z,2016-01-31T22:00:00+01:00
8.29583333333333,,,False,1,pm10,µg/m³,,raw,01:00:00,2016-01-31T21:00:00Z,2016-01-31T22:00:00+01:00,2016-01-31T22:00:00Z,2016-01-31T23:00:00+01:00,1,01:00:00,1,24:00:00,100.0,2400.0,2016-01-30T22:00:00Z,2016-01-30T23:00:00+01:00,2016-01-31T22:00:00Z,2016-01-31T23:00:00+01:00
8.15217391304348,,,False,1,pm10,µg/m³,,raw,01:00:00,2016-01-31T22:00:00Z,2016-01-31T23:00:00+01:00,2016-01-31T23:00:00Z,2016-02-01T00:00:00+01:00,1,01:00:00,1,24:00:00,100.0,2400.0,2016-01-30T23:00:00Z,2016-01-31T00:00:00+01:00,2016-01-31T23:00:00Z,2016-02-01T00:00:00+01:00
7.69166666666667,,,False,1,pm10,µg/m³,,raw,01:00:00,2016-01-31T23:00:00Z,2016-02-01T00:00:00+01:00,2016-02-01T00:00:00Z,2016-02-01T01:00:00+01:00,1,01:00:00,1,24:00:00,100.0,2400.0,2016-01-31T00:00:00Z,2016-01-31T01:00:00+01:00,2016-02-01T00:00:00Z,2016-02-01T01:00:00+01:00
7.40833333333333,,,False,1,pm10,µg/m³,,raw,01:00:00,2016-02-01T00:00:00Z,2016-02-01T01:00:00+01:00,2016-02-01T01:00:00Z,2016-02-01T02:00:00+01:00,1,01:00:00,1,24:00:00,100.0,2400.0,2016-01-31T01:00:00Z,2016-01-31T02:00:00+01:00,2016-02-01T01:00:00Z,2016-02-01T02:00:00+01:00
7.04583333333333,,,False,1,pm10,µg/m³,,raw,01:00:00,2016-02-01T01:00:00Z,2016-02-01T02:00:00+01:00,2016-02-01T02:00:00Z,2016-02-01T03:00:00+01:00,1,01:00:00,1,24:00:00,100.0,2400.0,2016-01-31T02:00:00Z,2016-01-31T03:00:00+01:00,2016-02-01T02:00:00Z,2016-02-01T03:00:00+01:00
6.83333333333333,,,False,1,pm10,µg/m³,,raw,01:00:00,2016-02-01T02:00:00Z,2016-02-01T03:00:00+01:00,2016-02-01T03:00:00Z,2016-02-01T04:00:00+01:00,1,01:00:00,1,24:00:00,100.0,2400.0,2016-01-31T03:00:00Z,2016-01-31T04:00:00+01:00,2016-02-01T03:00:00Z,2016-02-01T04:00:00+01:00
6.7625,,,False,1,pm10,µg/m³,,raw,01:00:00,2016-02-01T03:00:00Z,2016-02-01T04:00:00+01:00,2016-02-01T04:00:00Z,2016-02-01T05:00:00+01:00,1,01:00:00,1,24:00:00,100.0,2400.0,2016-01-31T04:00:00Z,2016-01-31T05:00:00+01:00,2016-02-01T04:00:00Z,2016-02-01T05:00:00+01:00
6.85833333333333,,,False,1,pm10,µg/m³,,raw,01:00:00,2016-02-01T04:00:00Z,2016-02-01T05:00:00+01:00,2016-02-01T05:00:00Z,2016-02-01T06:00:00+01:00,1,01:00:00,1,24:00:00,100.0,2400.0,2016-01-31T05:00:00Z,2016-01-31T06:00:00+01:00,2016-02-01T05:00:00Z,2016-02-01T06:00:00+01:00
7.21666666666667,,,False,1,pm10,µg/m³,,raw,01:00:00,2016-02-01T05:00:00Z,2016-02-01T06:00:00+01:00,2016-02-01T06:00:00Z,2016-02-01T07:00:00+01:00,1,01:00:00,1,24:00:00,100.0,2400.0,2016-01-31T06:00:00Z,2016-01-31T07:00:00+01:00,2016-02-01T06:00:00Z,2016-02-01T07:00:00+01:00
7.49583333333333,,,False,1,pm10,µg/m³,,raw,01:00:00,2016-02-01T06:00:00Z,2016-02-01T07:00:00+01:00,2016-02-01T07:00:00Z,2016-02-01T08:00:00+01:00,1,01:00:00,1,24:00:00,100.0,2400.0,2016-01-31T07:00:00Z,2016-01-31T08:00:00+01:00,2016-02-01T07:00:00Z,2016-02-01T08:00:00+01:00
7.67083333333333,,,False,1,pm10,µg/m³,,raw,01:00:00,2016-02-01T07:00:00Z,2016-02-01T08:00:00+01:00,2016-02-01T08:00:00Z,2016-02-01T09:00:00+01:00,1,01:00:00,1,24:00:00,100.0,2400.0,2016-01-31T08:00:00Z,2016-01-31T09:00:00+01:00,2016-02-01T08:00:00Z,2016-02-01T09:00:00+01:00
7.775,,,False,1,pm10,µg/m³,,raw,01:00:00,2016-02-01T08:00:00Z,2016-02-01T09:00:00+01:00,2016-02-01T09:00:00Z,2016-02-01T10:00:00+01:00,1,01:00:00,1,24:00:00,100.0,2400.0,2016-01-31T09:00:00Z,2016-01-31T10:00:00+01:00,2016-02-01T09:00:00Z,2016-02-01T10:00:00+01:00
8.10416666666667,,,False,1,pm10,µg/m³,,raw,01:00:00,2016-02-01T09:00:00Z,2016-02-01T10:00:00+01:00,2016-02-01T10:00:00Z,2016-02-01T11:00:00+01:00,1,01:00:00,1,24:00:00,100.0,2400.0,2016-01-31T10:00:00Z,2016-01-31T11:00:00+01:00,2016-02-01T10:00:00Z,2016-02-01T11:00:00+01:00
8.01739130434783,,,False,1,pm10,µg/m³,,raw,01:00:00,2016-02-01T10:00:00Z,2016-02-01T11:00:00+01:00,2016-02-01T11:00:00Z,2016-02-01T12:00:00+01:00,1,01:00:00,1,24:00:00,100.0,2400.0,2016-01-31T11:00:00Z,2016-01-31T12:00:00+01:00,2016-02-01T11:00:00Z,2016-02-01T12:00:00+01:00
7.97272727272727,,,False,1,pm10,µg/m³,,raw,01:00:00,2016-02-01T11:00:00Z,2016-02-01T12:00:00+01:00,2016-02-01T12:00:00Z,2016-02-01T13:00:00+01:00,1,01:00:00,1,24:00:00,100.0,2400.0,2016-01-31T12:00:00Z,2016-01-31T13:00:00+01:00,2016-02-01T12:00:00Z,2016-02-01T13:00:00+01:00
9.77083333333333,,,False,1,pm10,µg/m³,,raw,01:00:00,2016-02-01T12:00:00Z,2016-02-01T13:00:00+01:00,2016-02-01T13:00:00Z,2016-02-01T14:00:00+01:00,1,01:00:00,1,24:00:00,100.0,2400.0,2016-01-31T13:00:00Z,2016-01-31T14:00:00+01:00,2016-02-01T13:00:00Z,2016-02-01T14:00:00+01:00
10.1416666666667,,,False,1,pm10,µg/m³,,raw,01:00:00,2016-02-01T13:00:00Z,2016-02-01T14:00:00+01:00,2016-02-01T14:00:00Z,2016-02-01T15:00:00+01:00,1,01:00:00,1,24:00:00,100.0,2400.0,2016-01-31T14:00:00Z,2016-01-31T15:00:00+01:00,2016-02-01T14:00:00Z,2016-02-01T15:00:00+01:00
10.4416666666667,,,False,1,pm10,µg/m³,,raw,01:00:00,2016-02-01T14:00:00Z,2016-02-01T15:00:00+01:00,2016-02-01T15:00:00Z,2016-02-01T16:00:00+01:00,1,01:00:00,1,24:00:00,100.0,2400.0,2016-01-31T15:00:00Z,2016-01-31T16:00:00+01:00,2016-02-01T15:00:00Z,2016-02-01T16:00:00+01:00
10.6,,,False,1,pm10,µg/m³,,raw,01:00:00,2016-02-01T15:00:00Z,2016-02-01T16:00:00+01:00,2016-02-01T16:00:00Z,2016-02-01T17:00:00+01:00,1,01:00:00,1,24:00:00,100.0,2400.0,2016-01-31T16:00:00Z,2016-01-31T17:00:00+01:00,2016-02-01T16:00:00Z,2016-02-01T17:00:00+01:00
10.7625,,,False,1,pm10,µg/m³,,raw,01:00:00,2016-02-01T16:00:00Z,2016-02-01T17:00:00+01:00,2016-02-01T17:00:00Z,2016-02-01T18:00:00+01:00,1,01:00:00,1,24:00:00,100.0,2400.0,2016-01-31T17:00:00Z,2016-01-31T18:00:00+01:00,2016-02-01T17:00:00Z,2016-02-01T18:00:00+01:00
11.0833333333333,,,False,1,pm10,µg/m³,,raw,01:00:00,2016-02-01T17:00:00Z,2016-02-01T18:00:00+01:00,2016-02-01T18:00:00Z,2016-02-01T19:00:00+01:00,1,01:00:00,1,24:00:00,100.0,2400.0,2016-01-31T18:00:00Z,2016-01-31T19:00:00+01:00,2016-02-01T18:00:00Z,2016-02-01T19:00:00+01:00
11.3458333333333,,,False,1,pm10,µg/m³,,raw,01:00:00,2016-02-01T18:00:00Z,2016-02-01T19:00:00+01:00,2016-02-01T19:00:00Z,2016-02-01T20:00:00+01:00,1,01:00:00,1,24:00:00,100.0,2400.0,2016-01-31T19:00:00Z,2016-01-31T20:00:00+01:00,2016-02-01T19:00:00Z,2016-02-01T20:00:00+01:00
11.5739130434783,,,False,1,pm10,µg/m³,,raw,01:00:00,2016-02-01T19:00:00Z,2016-02-01T20:00:00+01:00,2016-02-01T20:00:00Z,2016-02-01T21:00:00+01:00,1,01:00:00,1,24:00:00,100.0,2400.0,2016-01-31T20:00:00Z,2016-01-31T21:00:00+01:00,2016-02-01T20:00:00Z,2016-02-01T21:00:00+01:00
12.0916666666667,,,False,1,pm10,µg/m³,,raw,01:00:00,2016-02-01T20:00:00Z,2016-02-01T21:00:00+01:00,2016-02-01T21:00:00Z,2016-02-01T22:00:00+01:00,1,01:00:00,1,24:00:00,100.0,2400.0,2016-01-31T21:00:00Z,2016-01-31T22:00:00+01:00,2016-02-01T21:00:00Z,2016-02-01T22:00:00+01:00
12.5541666666667,,,False,1,pm10,µg/m³,,raw,01:00:00,2016-02-01T21:00:00Z,2016-02-01T22:00:00+01:00,2016-02-01T22:00:00Z,2016-02-01T23:00:00+01:00,1,01:00:00,1,24:00:00,100.0,2400.0,2016-01-31T22:00:00Z,2016-01-31T23:00:00+01:00,2016-02-01T22:00:00Z,2016-02-01T23:00:00+01:00
12.8913043478261,,,False,1,pm10,µg/m³,,raw,01:00:00,2016-02-01T22:00:00Z,2016-02-01T23:00:00+01:00,2016-02-01T23:00:00Z,2016-02-02T00:00:00+01:00,1,01:00:00,1,24:00:00,100.0,2400.0,2016-01-31T23:00:00Z,2016-02-01T00:00:00+01:00,2016-02-01T23:00:00Z,2016-02-02T00:00:00+01:00
13.8333333333333,,,False,1,pm10,µg/m³,,raw,01:00:00,2016-02-01T23:00:00Z,2016-02-02T00:00:00+01:00,2016-02-02T00:00:00Z,2016-02-02T01:00:00+01:00,1,01:00:00,1,24:00:00,100.0,2400.0,2016-02-01T00:00:00Z,2016-02-01T01:00:00+01:00,2016-02-02T00:00:00Z,2016-02-02T01:00:00+01:00
14.7625,,,False,1,pm10,µg/m³,,raw,01:00:00,2016-02-02T00:00:00Z,2016-02-02T01:00:00+01:00,2016-02-02T01:00:00Z,2016-02-02T02:00:00+01:00,1,01:00:00,1,24:00:00,100.0,2400.0,2016-02-01T01:00:00Z,2016-02-01T02:00:00+01:00,2016-02-02T01:00:00Z,2016-02-02T02:00:00+01:00
15.6166666666667,,,False,1,pm10,µg/m³,,raw,01:00:00,2016-02-02T01:00:00Z,2016-02-02T02:00:00+01:00,2016-02-02T02:00:00Z,2016-02-02T03:00:00+01:00,1,01:00:00,1,24:00:00,100.0,2400.0,2016-02-01T02:00:00Z,2016-02-01T03:00:00+01:00,2016-02-02T02:00:00Z,2016-02-02T03:00:00+01:00
16.2916666666667,,,False,1,pm10,µg/m³,,raw,01:00:00,2016-02-02T02:00:00Z,2016-02-02T03:00:00+01:00,2016-02-02T03:00:00Z,2016-02-02T04:00:00+01:00,1,01:00:00,1,24:00:00,100.0,2400.0,2016-02-01T03:00:00Z,2016-02-01T04:00:00+01:00,2016-02-02T03:00:00Z,2016-02-02T04:00:00+01:00
16.8375,,,False,1,pm10,µg/m³,,raw,01:00:00,2016-02-02T03:00:00Z,2016-02-02T04:00:00+01:00,2016-02-02T04:00:00Z,2016-02-02T05:00:00+01:00,1,01:00:00,1,24:00:00,100.0,2400.0,2016-02-01T04:00:00Z,2016-02-01T05:00:00+01:00,2016-02-02T04:00:00Z,2016-02-02T05:00:00+01:00
17.2125,,,False,1,pm10,µg/m³,,raw,01:00:00,2016-02-02T04:00:00Z,2016-02-02T05:00:00+01:00,2016-02-02T05:00:00Z,2016-02-02T06:00:00+01:00,1,01:00:00,1,24:00:00,100.0,2400.0,2016-02-01T05:00:00Z,2016-02-01T06:00:00+01:00,2016-02-02T05:00:00Z,2016-02-02T06:00:00+01:00
17.3791666666667,,,False,1,pm10,µg/m³,,raw,01:00:00,2016-02-02T05:00:00Z,2016-02-02T06:00:00+01:00,2016-02-02T06:00:00Z,2016-02-02T07:00:00+01:00,1,01:00:00,1,24:00:00,100.0,2400.0,2016-02-01T06:00:00Z,2016-02-01T07:00:00+01:00,2016-02-02T06:00:00Z,2016-02-02T07:00:00+01:00
17.4208333333333,,,False,1,pm10,µg/m³,,raw,01:00:00,2016-02-02T06:00:00Z,2016-02-02T07:00:00+01:00,2016-02-02T07:00:00Z,2016-02-02T08:00:00+01:00,1,01:00:00,1,24:00:00,100.0,2400.0,2016-02-01T07:00:00Z,2016-02-01T08:00:00+01:00,2016-02-02T07:00:00Z,2016-02-02T08:00:00+01:00
17.975,,,False,1,pm10,µg/m³,,raw,01:00:00,2016-02-02T07:00:00Z,2016-02-02T08:00:00+01:00,2016-02-02T08:00:00Z,2016-02-02T09:00:00+01:00,1,01:00:00,1,24:00:00,100.0,2400.0,2016-02-01T08:00:00Z,2016-02-01T09:00:00+01:00,2016-02-02T08:00:00Z,2016-02-02T09:00:00+01:00
18.4916666666667,,,False,1,pm10,µg/m³,,raw,01:00:00,2016-02-02T08:00:00Z,2016-02-02T09:00:00+01:00,2016-02-02T09:00:00Z,2016-02-02T10:00:00+01:00,1,01:00:00,1,24:00:00,100.0,2400.0,2016-02-01T09:00:00Z,2016-02-01T10:00:00+01:00,2016-02-02T09:00:00Z,2016-02-02T10:00:00+01:00
18.6791666666667,,,False,1,pm10,µg/m³,,raw,01:00:00,2016-02-02T09:00:00Z,2016-02-02T10:00:00+01:00,2016-02-02T10:00:00Z,2016-02-02T11:00:00+01:00,1,01:00:00,1,24:00:00,100.0,2400.0,2016-02-01T10:00:00Z,2016-02-01T11:00:00+01:00,2016-02-02T10:00:00Z,2016-02-02T11:00:00+01:00
18.7739130434783,,,False,1,pm10,µg/m³,,raw,01:00:00,2016-02-02T10:00:00Z,2016-02-02T11:00:00+01:00,2016-02-02T11:00:00Z,2016-02-02T12:00:00+01:00,1,01:00:00,1,24:00:00,100.0,2400.0,2016-02-01T11:00:00Z,2016-02-01T12:00:00+01:00,2016-02-02T11:00:00Z,2016-02-02T12:00:00+01:00
18.725,,,False,1,pm10,µg/m³,,raw,01:00:00,2016-02-02T11:00:00Z,2016-02-02T12:00:00+01:00,2016-02-02T12:00:00Z,2016-02-02T13:00:00+01:00,1,01:00:00,1,24:00:00,100.0,2400.0,2016-02-01T12:00:00Z,2016-02-01T13:00:00+01:00,2016-02-02T12:00:00Z,2016-02-02T13:00:00+01:00
18.6583333333333,,,False,1,pm10,µg/m³,,raw,01:00:00,2016-02-02T12:00:00Z,2016-02-02T13:00:00+01:00,2016-02-02T13:00:00Z,2016-02-02T14:00:00+01:00,1,01:00:00,1,24:00:00,100.0,2400.0,2016-02-01T13:00:00Z,2016-02-01T14:00:00+01:00,2016-02-02T13:00:00Z,2016-02-02T14:00:00+01:00
18.925,,,False,1,pm10,µg/m³,,raw,01:00:00,2016-02-02T13:00:00Z,2016-02-02T14:00:00+01:00,2016-02-02T14:00:00Z,2016-02-02T15:00:00+01:00,1,01:00:00,1,24:00:00,100.0,2400.0,2016-02-01T14:00:00Z,2016-02-01T15:00:00+01:00,2016-02-02T14:00:00Z,2016-02-02T15:00:00+01:00
19.0833333333333,,,False,1,pm10,µg/m³,,raw,01:00:00,2016-02-02T14:00:00Z,2016-02-02T15:00:00+01:00,2016-02-02T15:00:00Z,2016-02-02T16:00:00+01:00,1,01:00:00,1,24:00:00,100.0,2400.0,2016-02-01T15:00:00Z,2016-02-01T16:00:00+01:00,2016-02-02T15:00:00Z,2016-02-02T16:00:00+01:00
19.1583333333333,,,False,1,pm10,µg/m³,,raw,01:00:00,2016-02-02T15:00:00Z,2016-02-02T16:00:00+01:00,2016-02-02T16:00:00Z,2016-02-02T17:00:00+01:00,1,01:00:00,1,24:00:00,100.0,2400.0,2016-02-01T16:00:00Z,2016-02-01T17:00:00+01:00,2016-02-02T16:00:00Z,2016-02-02T17:00:00+01:00
19.4916666666667,,,False,1,pm10,µg/m³,,raw,01:00:00,2016-02-02T16:00:00Z,2016-02-02T17:00:00+01:00,2016-02-02T17:00:00Z,2016-02-02T18:00:00+01:00,1,01:00:00,1,24:00:00,100.0,2400.0,2016-02-01T17:00:00Z,2016-02-01T18:00:00+01:00,2016-02-02T17:00:00Z,2016-02-02T18:00:00+01:00
19.6083333333333,,,False,1,pm10,µg/m³,,raw,01:00:00,2016-02-02T17:00:00Z,2016-02-02T18:00:00+01:00,2016-02-02T18:00:00Z,2016-02-02T19:00:00+01:00,1,01:00:00,1,24:00:00,100.0,2400.0,2016-02-01T18:00:00Z,2016-02-01T19:00:00+01:00,2016-02-02T18:00:00Z,2016-02-02T19:00:00+01:00
19.725,,,False,1,pm10,µg/m³,,raw,01:00:00,2016-02-02T18:00:00Z,2016-02-02T19:00:00+01:00,2016-02-02T19:00:00Z,2016-02-02T20:00:00+01:00,1,01:00:00,1,24:00:00,100.0,2400.0,2016-02-01T19:00:00Z,2016-02-01T20:00:00+01:00,2016-02-02T19:00:00Z,2016-02-02T20:00:00+01:00
19.6041666666667,,,False,1,pm10,µg/m³,,raw,01:00:00,2016-02-02T19:00:00Z,2016-02-02T20:00:00+01:00,2016-02-02T20:00:00Z,2016-02-02T21:00:00+01:00,1,01:00:00,1,24:00:00,100.0,2400.0,2016-02-01T20:00:00Z,2016-02-01T21:00:00+01:00,2016-02-02T20:00:00Z,2016-02-02T21:00:00+01:00
19.5625,,,False,1,pm10,µg/m³,,raw,01:00:00,2016-02-02T20:00:00Z,2016-02-02T21:00:00+01:00,2016-02-02T21:00:00Z,2016-02-02T22:00:00+01:00,1,01:00:00,1,24:00:00,100.0,2400.0,2016-02-01T21:00:00Z,2016-02-01T22:00:00+01:00,2016-02-02T21:00:00Z,2016-02-02T22:00:00+01:00
19.4541666666667,,,False,1,pm10,µg/m³,,raw,01:00:00,2016-02-02T21:00:00Z,2016-02-02T22:00:00+01:00,2016-02-02T22:00:00Z,2016-02-02T23:00:00+01:00,1,01:00:00,1,24:00:00,100.0,2400.0,2016-02-01T22:00:00Z,2016-02-01T23:00:00+01:00,2016-02-02T22:00:00Z,2016-02-02T23:00:00+01:00
19.3652173913043,,,False,1,pm10,µg/m³,,raw,01:00:00,2016-02-02T22:00:00Z,2016-02-02T23:00:00+01:00,2016-02-02T23:00:00Z,2016-02-03T00:00:00+01:00,1,01:00:00,1,24:00:00,100.0,2400.0,2016-02-01T23:00:00Z,2016-02-02T00:00:00+01:00,2016-02-02T23:00:00Z,2016-02-03T00:00:00+01:00
18.9833333333333,,,False,1,pm10,µg/m³,,raw,01:00:00,2016-02-02T23:00:00Z,2016-02-03T00:00:00+01:00,2016-02-03T00:00:00Z,2016-02-03T01:00:00+01:00,1,01:00:00,1,24:00:00,100.0,2400.0,2016-02-02T00:00:00Z,2016-02-02T01:00:00+01:00,2016-02-03T00:00:00Z,2016-02-03T01:00:00+01:00
18.575,,,False,1,pm10,µg/m³,,raw,01:00:00,2016-02-03T00:00:00Z,2016-02-03T01:00:00+01:00,2016-02-03T01:00:00Z,2016-02-03T02:00:00+01:00,1,01:00:00,1,24:00:00,100.0,2400.0,2016-02-02T01:00:00Z,2016-02-02T02:00:00+01:00,2016-02-03T01:00:00Z,2016-02-03T02:00:00+01:00
18.4913043478261,,,False,1,pm10,µg/m³,,raw,01:00:00,2016-02-03T01:00:00Z,2016-02-03T02:00:00+01:00,2016-02-03T02:00:00Z,2016-02-03T03:00:00+01:00,1,01:00:00,1,24:00:00,100.0,2400.0,2016-02-02T02:00:00Z,2016-02-02T03:00:00+01:00,2016-02-03T02:00:00Z,2016-02-03T03:00:00+01:00
18.0458333333333,,,False,1,pm10,µg/m³,,raw,01:00:00,2016-02-03T02:00:00Z,2016-02-03T03:00:00+01:00,2016-02-03T03:00:00Z,2016-02-03T04:00:00+01:00,1,01:00:00,1,24:00:00,100.0,2400.0,2016-02-02T03:00:00Z,2016-02-02T04:00:00+01:00,2016-02-03T03:00:00Z,2016-02-03T04:00:00+01:00
17.7333333333333,,,False,1,pm10,µg/m³,,raw,01:00:00,2016-02-03T03:00:00Z,2016-02-03T04:00:00+01:00,2016-02-03T04:00:00Z,2016-02-03T05:00:00+01:00,1,01:00:00,1,24:00:00,100.0,2400.0,2016-02-02T04:00:00Z,2016-02-02T05:00:00+01:00,2016-02-03T04:00:00Z,2016-02-03T05:00:00+01:00
17.3708333333333,,,False,1,pm10,µg/m³,,raw,01:00:00,2016-02-03T04:00:00Z,2016-02-03T05:00:00+01:00,2016-02-03T05:00:00Z,2016-02-03T06:00:00+01:00,1,01:00:00,1,24:00:00,100.0,2400.0,2016-02-02T05:00:00Z,2016-02-02T06:00:00+01:00,2016-02-03T05:00:00Z,2016-02-03T06:00:00+01:00
17.125,,,False,1,pm10,µg/m³,,raw,01:00:00,2016-02-03T05:00:00Z,2016-02-03T06:00:00+01:00,2016-02-03T06:00:00Z,2016-02-03T07:00:00+01:00,1,01:00:00,1,24:00:00,100.0,2400.0,2016-02-02T06:00:00Z,2016-02-02T07:00:00+01:00,2016-02-03T06:00:00Z,2016-02-03T07:00:00+01:00
16.8208333333333,,,False,1,pm10,µg/m³,,raw,01:00:00,2016-02-03T06:00:00Z,2016-02-03T07:00:00+01:00,2016-02-03T07:00:00Z,2016-02-03T08:00:00+01:00,1,01:00:00,1,24:00:00,100.0,2400.0,2016-02-02T07:00:00Z,2016-02-02T08:00:00+01:00,2016-02-03T07:00:00Z,2016-02-03T08:00:00+01:00
16.2291666666667,,,False,1,pm10,µg/m³,,raw,01:00:00,2016-02-03T07:00:00Z,2016-02-03T08:00:00+01:00,2016-02-03T08:00:00Z,2016-02-03T09:00:00+01:00,1,01:00:00,1,24:00:00,100.0,2400.0,2016-02-02T08:00:00Z,2016-02-02T09:00:00+01:00,2016-02-03T08:00:00Z,2016-02-03T09:00:00+01:00
15.8583333333333,,,False,1,pm10,µg/m³,,raw,01:00:00,2016-02-03T08:00:00Z,2016-02-03T09:00:00+01:00,2016-02-03T09:00:00Z,2016-02-03T10:00:00+01:00,1,01:00:00,1,24:00:00,100.0,2400.0,2016-02-02T09:00:00Z,2016-02-02T10:00:00+01:00,2016-02-03T09:00:00Z,2016-02-03T10:00:00+01:00
15.6958333333333,,,False,1,pm10,µg/m³,,raw,01:00:00,2016-02-03T09:00:00Z,2016-02-03T10:00:00+01:00,2016-02-03T10:00:00Z,2016-02-03T11:00:00+01:00,1,01:00:00,1,24:00:00,100.0,2400.0,2016-02-02T10:00:00Z,2016-02-02T11:00:00+01:00,2016-02-03T10:00:00Z,2016-02-03T11:00:00+01:00
15.1958333333333,,,False,1,pm10,µg/m³,,raw,01:00:00,2016-02-03T10:00:00Z,2016-02-03T11:00:00+01:00,2016-02-03T11:00:00Z,2016-02-03T12:00:00+01:00,1,01:00:00,1,24:00:00,100.0,2400.0,2016-02-02T11:00:00Z,2016-02-02T12:00:00+01:00,2016-02-03T11:00:00Z,2016-02-03T12:00:00+01:00
14.8583333333333,,,False,1,pm10,µg/m³,,raw,01:00:00,2016-02-03T11:00:00Z,2016-02-03T12:00:00+01:00,2016-02-03T12:00:00Z,2016-02-03T13:00:00+01:00,1,01:00:00,1,24:00:00,100.0,2400.0,2016-02-02T12:00:00Z,2016-02-02T13:00:00+01:00,2016-02-03T12:00:00Z,2016-02-03T13:00:00+01:00
14.2791666666667,,,False,1,pm10,µg/m³,,raw,01:00:00,2016-02-03T12:00:00Z,2016-02-03T13:00:00+01:00,2016-02-03T13:00:00Z,2016-02-03T14:00:00+01:00,1,01:00:00,1,24:00:00,100.0,2400.0,2016-02-02T13:00:00Z,2016-02-02T14:00:00+01:00,2016-02-03T13:00:00Z,2016-02-03T14:00:00+01:00
14.0260869565217,,,False,1,pm10,µg/m³,,raw,01:00:00,2016-02-03T13:00:00Z,2016-02-03T14:00:00+01:00,2016-02-03T14:00:00Z,2016-02-03T15:00:00+01:00,1,01:00:00,1,24:00:00,100.0,2400.0,2016-02-02T14:00:00Z,2016-02-02T15:00:00+01:00,2016-02-03T14:00:00Z,2016-02-03T15:00:00+01:00
13.8130434782609,,,False,1,pm10,µg/m³,,raw,01:00:00,2016-02-03T14:00:00Z,2016-02-03T15:00:00+01:00,2016-02-03T15:00:00Z,2016-02-03T16:00:00+01:00,1,01:00:00,1,24:00:00,100.0,2400.0,2016-02-02T15:00:00Z,2016-02-02T16:00:00+01:00,2016-02-03T15:00:00Z,2016-02-03T16:00:00+01:00
13.7217391304348,,,False,1,pm10,µg/m³,,raw,01:00:00,2016-02-03T15:00:00Z,2016-02-03T16:00:00+01:00,2016-02-03T16:00:00Z,2016-02-03T17:00:00+01:00,1,01:00:00,1,24:00:00,100.0,2400.0,2016-02-02T16:00:00Z,2016-02-02T17:00:00+01:00,2016-02-03T16:00:00Z,2016-02-03T17:00:00+01:00
13.5545454545455,,,False,1,pm10,µg/m³,,raw,01:00:00,2016-02-03T16:00:00Z,2016-02-03T17:00:00+01:00,2016-02-03T17:00:00Z,2016-02-03T18:00:00+01:00,1,01:00:00,1,24:00:00,100.0,2400.0,2016-02-02T17:00:00Z,2016-02-02T18:00:00+01:00,2016-02-03T17:00:00Z,2016-02-03T18:00:00+01:00
13.2,,,False,1,pm10,µg/m³,,raw,01:00:00,2016-02-03T17:00:00Z,2016-02-03T18:00:00+01:00,2016-02-03T18:00:00Z,2016-02-03T19:00:00+01:00,1,01:00:00,1,24:00:00,100.0,2400.0,2016-02-02T18:00:00Z,2016-02-02T19:00:00+01:00,2016-02-03T18:00:00Z,2016-02-03T19:00:00+01:00
13.295652173913,,,False,1,pm10,µg/m³,,raw,01:00:00,2016-02-03T18:00:00Z,2016-02-03T19:00:00+01:00,2016-02-03T19:00:00Z,2016-02-03T20:00:00+01:00,1,01:00:00,1,24:00:00,100.0,2400.0,2016-02-02T19:00:00Z,2016-02-02T20:00:00+01:00,2016-02-03T19:00:00Z,2016-02-03T20:00:00+01:00
13.2652173913043,,,False,1,pm10,µg/m³,,raw,01:00:00,2016-02-03T19:00:00Z,2016-02-03T20:00:00+01:00,2016-02-03T20:00:00Z,2016-02-03T21:00:00+01:00,1,01:00:00,1,24:00:00,100.0,2400.0,2016-02-02T20:00:00Z,2016-02-02T21:00:00+01:00,2016-02-03T20:00:00Z,2016-02-03T21:00:00+01:00
13.1869565217391,,,False,1,pm10,µg/m³,,raw,01:00:00,2016-02-03T20:00:00Z,2016-02-03T21:00:00+01:00,2016-02-03T21:00:00Z,2016-02-03T22:00:00+01:00,1,01:00:00,1,24:00:00,100.0,2400.0,2016-02-02T21:00:00Z,2016-02-02T22:00:00+01:00,2016-02-03T21:00:00Z,2016-02-03T22:00:00+01:00
13.1695652173913,,,False,1,pm10,µg/m³,,raw,01:00:00,2016-02-03T21:00:00Z,2016-02-03T22:00:00+01:00,2016-02-03T22:00:00Z,2016-02-03T23:00:00+01:00,1,01:00:00,1,24:00:00,100.0,2400.0,2016-02-02T22:00:00Z,2016-02-02T23:00:00+01:00,2016-02-03T22:00:00Z,2016-02-03T23:00:00+01:00
13.1909090909091,,,False,1,pm10,µg/m³,,raw,01:00:00,2016-02-03T22:00:00Z,2016-02-03T23:00:00+01:00,2016-02-03T23:00:00Z,2016-02-04T00:00:00+01:00,1,01:00:00,1,24:00:00,100.0,2400.0,2016-02-02T23:00:00Z,2016-02-03T00:00:00+01:00,2016-02-03T23:00:00Z,2016-02-04T00:00:00+01:00
13.6260869565217,,,False,1,pm10,µg/m³,,raw,01:00:00,2016-02-03T23:00:00Z,2016-02-04T00:00:00+01:00,2016-02-04T00:00:00Z,2016-02-04T01:00:00+01:00,1,01:00:00,1,24:00:00,100.0,2400.0,2016-02-03T00:00:00Z,2016-02-03T01:00:00+01:00,2016-02-04T00:00:00Z,2016-02-04T01:00:00+01:00
13.6478260869565,,,False,1,pm10,µg/m³,,raw,01:00:00,2016-02-04T00:00:00Z,2016-02-04T01:00:00+01:00,2016-02-04T01:00:00Z,2016-02-04T02:00:00+01:00,1,01:00:00,1,24:00:00,100.0,2400.0,2016-02-03T01:00:00Z,2016-02-03T02:00:00+01:00,2016-02-04T01:00:00Z,2016-02-04T02:00:00+01:00
13.4608695652174,,,False,1,pm10,µg/m³,,raw,01:00:00,2016-02-04T01:00:00Z,2016-02-04T02:00:00+01:00,2016-02-04T02:00:00Z,2016-02-04T03:00:00+01:00,1,01:00:00,1,24:00:00,100.0,2400.0,2016-02-03T02:00:00Z,2016-02-03T03:00:00+01:00,2016-02-04T02:00:00Z,2016-02-04T03:00:00+01:00
13.2869565217391,,,False,1,pm10,µg/m³,,raw,01:00:00,2016-02-04T02:00:00Z,2016-02-04T03:00:00+01:00,2016-02-04T03:00:00Z,2016-02-04T04:00:00+01:00,1,01:00:00,1,24:00:00,100.0,2400.0,2016-02-03T03:00:00Z,2016-02-03T04:00:00+01:00,2016-02-04T03:00:00Z,2016-02-04T04:00:00+01:00
13.2695652173913,,,False,1,pm10,µg/m³,,raw,01:00:00,2016-02-04T03:00:00Z,2016-02-04T04:00:00+01:00,2016-02-04T04:00:00Z,2016-02-04T05:00:00+01:00,1,01:00:00,1,24:00:00,100.0,2400.0,2016-02-03T04:00:00Z,2016-02-03T05:00:00+01:00,2016-02-04T04:00:00Z,2016-02-04T05:00:00+01:00
13.2652173913043,,,False,1,pm10,µg/m³,,raw,01:00:00,2016-02-04T04:00:00Z,2016-02-04T05:00:00+01:00,2016-02-04T05:00:00Z,2016-02-04T06:00:00+01:00,1,01:00:00,1,24:00:00,100.0,2400.0,2016-02-03T05:00:00Z,2016-02-03T06:00:00+01:00,2016-02-04T05:00:00Z,2016-02-04T06:00:00+01:00
13.1739130434783,,,False,1,pm10,µg/m³,,raw,01:00:00,2016-02-04T05:00:00Z,2016-02-04T06:00:00+01:00,2016-02-04T06:00:00Z,2016-02-04T07:00:00+01:00,1,01:00:00,1,24:00:00,100.0,2400.0,2016-02-03T06:00:00Z,2016-02-03T07:00:00+01:00,2016-02-04T06:00:00Z,2016-02-04T07:00:00+01:00
13.3130434782609,,,False,1,pm10,µg/m³,,raw,01:00:00,2016-02-04T06:00:00Z,2016-02-04T07:00:00+01:00,2016-02-04T07:00:00Z,2016-02-04T08:00:00+01:00,1,01:00:00,1,24:00:00,100.0,2400.0,2016-02-03T07:00:00Z,2016-02-03T08:00:00+01:00,2016-02-04T07:00:00Z,2016-02-04T08:00:00+01:00
13.2727272727273,,,False,1,pm10,µg/m³,,raw,01:00:00,2016-02-04T07:00:00Z,2016-02-04T08:00:00+01:00,2016-02-04T08:00:00Z,2016-02-04T09:00:00+01:00,1,01:00:00,1,24:00:00,100.0,2400.0,2016-02-03T08:00:00Z,2016-02-03T09:00:00+01:00,2016-02-04T08:00:00Z,2016-02-04T09:00:00+01:00
13.0478260869565,,,False,1,pm10,µg/m³,,raw,01:00:00,2016-02-04T08:00:00Z,2016-02-04T09:00:00+01:00,2016-02-04T09:00:00Z,2016-02-04T10:00:00+01:00,1,01:00:00,1,24:00:00,100.0,2400.0,2016-02-03T09:00:00Z,2016-02-03T10:00:00+01:00,2016-02-04T09:00:00Z,2016-02-04T10:00:00+01:00
12.7304347826087,,,False,1,pm10,µg/m³,,raw,01:00:00,2016-02-04T09:00:00Z,2016-02-04T10:00:00+01:00,2016-02-04T10:00:00Z,2016-02-04T11:00:00+01:00,1,01:00:00,1,24:00:00,100.0,2400.0,2016-02-03T10:00:00Z,2016-02-03T11:00:00+01:00,2016-02-04T10:00:00Z,2016-02-04T11:00:00+01:00
12.7130434782609,,,False,1,pm10,µg/m³,,raw,01:00:00,2016-02-04T10:00:00Z,2016-02-04T11:00:00+01:00,2016-02-04T11:00:00Z,2016-02-04T12:00:00+01:00,1,01:00:00,1,24:00:00,100.0,2400.0,2016-02-03T11:00:00Z,2016-02-03T12:00:00+01:00,2016-02-04T11:00:00Z,2016-02-04T12:00:00+01:00
12.6130434782609,,,False,1,pm10,µg/m³,,raw,01:00:00,2016-02-04T11:00:00Z,2016-02-04T12:00:00+01:00,2016-02-04T12:00:00Z,2016-02-04T13:00:00+01:00,1,01:00:00,1,24:00:00,100.0,2400.0,2016-02-03T12:00:00Z,2016-02-03T13:00:00+01:00,2016-02-04T12:00:00Z,2016-02-04T13:00:00+01:00
12.6391304347826,,,False,1,pm10,µg/m³,,raw,01:00:00,2016-02-04T12:00:00Z,2016-02-04T13:00:00+01:00,2016-02-04T13:00:00Z,2016-02-04T14:00:00+01:00,1,01:00:00,1,24:00:00,100.0,2400.0,2016-02-03T13:00:00Z,2016-02-03T14:00:00+01:00,2016-02-04T13:00:00Z,2016-02-04T14:00:00+01:00
12.5791666666667,,,False,1,pm10,µg/m³,,raw,01:00:00,2016-02-04T13:00:00Z,2016-02-04T14:00:00+01:00,2016-02-04T14:00:00Z,2016-02-04T15:00:00+01:00,1,01:00:00,1,24:00:00,100.0,2400.0,2016-02-03T14:00:00Z,2016-02-03T15:00:00+01:00,2016-02-04T14:00:00Z,2016-02-04T15:00:00+01:00
12.6833333333333,,,False,1,pm10,µg/m³,,raw,01:00:00,2016-02-04T14:00:00Z,2016-02-04T15:00:00+01:00,2016-02-04T15:00:00Z,2016-02-04T16:00:00+01:00,1,01:00:00,1,24:00:00,100.0,2400.0,2016-02-03T15:00:00Z,2016-02-03T16:00:00+01:00,2016-02-04T15:00:00Z,2016-02-04T16:00:00+01:00
12.7166666666667,,,False,1,pm10,µg/m³,,raw,01:00:00,2016-02-04T15:00:00Z,2016-02-04T16:00:00+01:00,2016-02-04T16:00:00Z,2016-02-04T17:00:00+01:00,1,01:00:00,1,24:00:00,100.0,2400.0,2016-02-03T16:00:00Z,2016-02-03T17:00:00+01:00,2016-02-04T16:00:00Z,2016-02-04T17:00:00+01:00
12.875,,,False,1,pm10,µg/m³,,raw,01:00:00,2016-02-04T16:00:00Z,2016-02-04T17:00:00+01:00,2016-02-04T17:00:00Z,2016-02-04T18:00:00+01:00,1,01:00:00,1,24:00:00,100.0,2400.0,2016-02-03T17:00:00Z,2016-02-03T18:00:00+01:00,2016-02-04T17:00:00Z,2016-02-04T18:00:00+01:00
12.9,,,False,1,pm10,µg/m³,,raw,01:00:00,2016-02-04T17:00:00Z,2016-02-04T18:00:00+01:00,2016-02-04T18:00:00Z,2016-02-04T19:00:00+01:00,1,01:00:00,1,24:00:00,100.0,2400.0,2016-02-03T18:00:00Z,2016-02-03T19:00:00+01:00,2016-02-04T18:00:00Z,2016-02-04T19:00:00+01:00
13.9125,,,False,1,pm10,µg/m³,,raw,01:00:00,2016-02-04T18:00:00Z,2016-02-04T19:00:00+01:00,2016-02-04T19:00:00Z,2016-02-04T20:00:00+01:00,1,01:00:00,1,24:00:00,100.0,2400.0,2016-02-03T19:00:00Z,2016-02-03T20:00:00+01:00,2016-02-04T19:00:00Z,2016-02-04T20:00:00+01:00
14.0083333333333,,,False,1,pm10,µg/m³,,raw,01:00:00,2016-02-04T19:00:00Z,2016-02-04T20:00:00+01:00,2016-02-04T20:00:00Z,2016-02-04T21:00:00+01:00,1,01:00:00,1,24:00:00,100.0,2400.0,2016-02-03T20:00:00Z,2016-02-03T21:00:00+01:00,2016-02-04T20:00:00Z,2016-02-04T21:00:00+01:00
14.2041666666667,,,False,1,pm10,µg/m³,,raw,01:00:00,2016-02-04T20:00:00Z,2016-02-04T21:00:00+01:00,2016-02-04T21:00:00Z,2016-02-04T22:00:00+01:00,1,01:00:00,1,24:00:00,100.0,2400.0,2016-02-03T21:00:00Z,2016-02-03T22:00:00+01:00,2016-02-04T21:00:00Z,2016-02-04T22:00:00+01:00
14.1208333333333,,,False,1,pm10,µg/m³,,raw,01:00:00,2016-02-04T21:00:00Z,2016-02-04T22:00:00+01:00,2016-02-04T22:00:00Z,2016-02-04T23:00:00+01:00,1,01:00:00,1,24:00:00,100.0,2400.0,2016-02-03T22:00:00Z,2016-02-03T23:00:00+01:00,2016-02-04T22:00:00Z,2016-02-04T23:00:00+01:00
13.8521739130435,,,False,1,pm10,µg/m³,,raw,01:00:00,2016-02-04T22:00:00Z,2016-02-04T23:00:00+01:00,2016-02-04T23:00:00Z,2016-02-05T00:00:00+01:00,1,01:00:00,1,24:00:00,100.0,2400.0,2016-02-03T23:00:00Z,2016-02-04T00:00:00+01:00,2016-02-04T23:00:00Z,2016-02-05T00:00:00+01:00
13.5958333333333,,,False,1,pm10,µg/m³,,raw,01:00:00,2016-02-04T23:00:00Z,2016-02-05T00:00:00+01:00,2016-02-05T00:00:00Z,2016-02-05T01:00:00+01:00,1,01:00:00,1,24:00:00,100.0,2400.0,2016-02-04T00:00:00Z,2016-02-04T01:00:00+01:00,2016-02-05T00:00:00Z,2016-02-05T01:00:00+01:00
13.4416666666667,,,False,1,pm10,µg/m³,,raw,01:00:00,2016-02-05T00:00:00Z,2016-02-05T01:00:00+01:00,2016-02-05T01:00:00Z,2016-02-05T02:00:00+01:00,1,01:00:00,1,24:00:00,100.0,2400.0,2016-02-04T01:00:00Z,2016-02-04T02:00:00+01:00,2016-02-05T01:00:00Z,2016-02-05T02:00:00+01:00
13.3,,,False,1,pm10,µg/m³,,raw,01:00:00,2016-02-05T01:00:00Z,2016-02-05T02:00:00+01:00,2016-02-05T02:00:00Z,2016-02-05T03:00:00+01:00,1,01:00:00,1,24:00:00,100.0,2400.0,2016-02-04T02:00:00Z,2016-02-04T03:00:00+01:00,2016-02-05T02:00:00Z,2016-02-05T03:00:00+01:00
13.2125,,,False,1,pm10,µg/m³,,raw,01:00:00,2016-02-05T02:00:00Z,2016-02-05T03:00:00+01:00,2016-02-05T03:00:00Z,2016-02-05T04:00:00+01:00,1,01:00:00,1,24:00:00,100.0,2400.0,2016-02-04T03:00:00Z,2016-02-04T04:00:00+01:00,2016-02-05T03:00:00Z,2016-02-05T04:00:00+01:00
12.9583333333333,,,False,1,pm10,µg/m³,,raw,01:00:00,2016-02-05T03:00:00Z,2016-02-05T04:00:00+01:00,2016-02-05T04:00:00Z,2016-02-05T05:00:00+01:00,1,01:00:00,1,24:00:00,100.0,2400.0,2016-02-04T04:00:00Z,2016-02-04T05:00:00+01:00,2016-02-05T04:00:00Z,2016-02-05T05:00:00+01:00
12.9458333333333,,,False,1,pm10,µg/m³,,raw,01:00:00,2016-02-05T04:00:00Z,2016-02-05T05:00:00+01:00,2016-02-05T05:00:00Z,2016-02-05T06:00:00+01:00,1,01:00:00,1,24:00:00,100.0,2400.0,2016-02-04T05:00:00Z,2016-02-04T06:00:00+01:00,2016-02-05T05:00:00Z,2016-02-05T06:00:00+01:00
13.175,,,False,1,pm10,µg/m³,,raw,01:00:00,2016-02-05T05:00:00Z,2016-02-05T06:00:00+01:00,2016-02-05T06:00:00Z,2016-02-05T07:00:00+01:00,1,01:00:00,1,24:00:00,100.0,2400.0,2016-02-04T06:00:00Z,2016-02-04T07:00:00+01:00,2016-02-05T06:00:00Z,2016-02-05T07:00:00+01:00
13.4708333333333,,,False,1,pm10,µg/m³,,raw,01:00:00,2016-02-05T06:00:00Z,2016-02-05T07:00:00+01:00,2016-02-05T07:00:00Z,2016-02-05T08:00:00+01:00,1,01:00:00,1,24:00:00,100.0,2400.0,2016-02-04T07:00:00Z,2016-02-04T08:00:00+01:00,2016-02-05T07:00:00Z,2016-02-05T08:00:00+01:00
14.0333333333333,,,False,1,pm10,µg/m³,,raw,01:00:00,2016-02-05T07:00:00Z,2016-02-05T08:00:00+01:00,2016-02-05T08:00:00Z,2016-02-05T09:00:00+01:00,1,01:00:00,1,24:00:00,100.0,2400.0,2016-02-04T08:00:00Z,2016-02-04T09:00:00+01:00,2016-02-05T08:00:00Z,2016-02-05T09:00:00+01:00
14.5958333333333,,,False,1,pm10,µg/m³,,raw,01:00:00,2016-02-05T08:00:00Z,2016-02-05T09:00:00+01:00,2016-02-05T09:00:00Z,2016-02-05T10:00:00+01:00,1,01:00:00,1,24:00:00,100.0,2400.0,2016-02-04T09:00:00Z,2016-02-04T10:00:00+01:00,2016-02-05T09:00:00Z,2016-02-05T10:00:00+01:00
15.1791666666667,,,False,1,pm10,µg/m³,,raw,01:00:00,2016-02-05T09:00:00Z,2016-02-05T10:00:00+01:00,2016-02-05T10:00:00Z,2016-02-05T11:00:00+01:00,1,01:00:00,1,24:00:00,100.0,2400.0,2016-02-04T10:00:00Z,2016-02-04T11:00:00+01:00,2016-02-05T10:00:00Z,2016-02-05T11:00:00+01:00
15.55,,,False,1,pm10,µg/m³,,raw,01:00:00,2016-02-05T10:00:00Z,2016-02-05T11:00:00+01:00,2016-02-05T11:00:00Z,2016-02-05T12:00:00+01:00,1,01:00:00,1,24:00:00,100.0,2400.0,2016-02-04T11:00:00Z,2016-02-04T12:00:00+01:00,2016-02-05T11:00:00Z,2016-02-05T12:00:00+01:00
15.7666666666667,,,False,1,pm10,µg/m³,,raw,01:00:00,2016-02-05T11:00:00Z,2016-02-05T12:00:00+01:00,2016-02-05T12:00:00Z,2016-02-05T13:00:00+01:00,1,01:00:00,1,24:00:00,100.0,2400.0,2016-02-04T12:00:00Z,2016-02-04T13:00:00+01:00,2016-02-05T12:00:00Z,2016-02-05T13:00:00+01:00
15.9333333333333,,,False,1,pm10,µg/m³,,raw,01:00:00,2016-02-05T12:00:00Z,2016-02-05T13:00:00+01:00,2016-02-05T13:00:00Z,2016-02-05T14:00:00+01:00,1,01:00:00,1,24:00:00,100.0,2400.0,2016-02-04T13:00:00Z,2016-02-04T14:00:00+01:00,2016-02-05T13:00:00Z,2016-02-05T14:00:00+01:00
16.1391304347826,,,False,1,pm10,µg/m³,,raw,01:00:00,2016-02-05T13:00:00Z,2016-02-05T14:00:00+01:00,2016-02-05T14:00:00Z,2016-02-05T15:00:00+01:00,1,01:00:00,1,24:00:00,100.0,2400.0,2016-02-04T14:00:00Z,2016-02-04T15:00:00+01:00,2016-02-05T14:00:00Z,2016-02-05T15:00:00+01:00
15.6416666666667,,,False,1,pm10,µg/m³,,raw,01:00:00,2016-02-05T14:00:00Z,2016-02-05T15:00:00+01:00,2016-02-05T15:00:00Z,2016-02-05T16:00:00+01:00,1,01:00:00,1,24:00:00,100.0,2400.0,2016-02-04T15:00:00Z,2016-02-04T16:00:00+01:00,2016-02-05T15:00:00Z,2016-02-05T16:00:00+01:00
15.3541666666667,,,False,1,pm10,µg/m³,,raw,01:00:00,2016-02-05T15:00:00Z,2016-02-05T16:00:00+01:00,2016-02-05T16:00:00Z,2016-02-05T17:00:00+01:00,1,01:00:00,1,24:00:00,100.0,2400.0,2016-02-04T16:00:00Z,2016-02-04T17:00:00+01:00,2016-02-05T16:00:00Z,2016-02-05T17:00:00+01:00
15.0625,,,False,1,pm10,µg/m³,,raw,01:00:00,2016-02-05T16:00:00Z,2016-02-05T17:00:00+01:00,2016-02-05T17:00:00Z,2016-02-05T18:00:00+01:00,1,01:00:00,1,24:00:00,100.0,2400.0,2016-02-04T17:00:00Z,2016-02-04T18:00:00+01:00,2016-02-05T17:00:00Z,2016-02-05T18:00:00+01:00
14.7083333333333,,,False,1,pm10,µg/m³,,raw,01:00:00,2016-02-05T17:00:00Z,2016-02-05T18:00:00+01:00,2016-02-05T18:00:00Z,2016-02-05T19:00:00+01:00,1,01:00:00,1,24:00:00,100.0,2400.0,2016-02-04T18:00:00Z,2016-02-04T19:00:00+01:00,2016-02-05T18:00:00Z,2016-02-05T19:00:00+01:00
13.1,,,False,1,pm10,µg/m³,,raw,01:00:00,2016-02-05T18:00:00Z,2016-02-05T19:00:00+01:00,2016-02-05T19:00:00Z,2016-02-05T20:00:00+01:00,1,01:00:00,1,24:00:00,100.0,2400.0,2016-02-04T19:00:00Z,2016-02-04T20:00:00+01:00,2016-02-05T19:00:00Z,2016-02-05T20:00:00+01:00
12.7791666666667,,,False,1,pm10,µg/m³,,raw,01:00:00,2016-02-05T19:00:00Z,2016-02-05T20:00:00+01:00,2016-02-05T20:00:00Z,2016-02-05T21:00:00+01:00,1,01:00:00,1,24:00:00,100.0,2400.0,2016-02-04T20:00:00Z,2016-02-04T21:00:00+01:00,2016-02-05T20:00:00Z,2016-02-05T21:00:00+01:00
12.3416666666667,,,False,1,pm10,µg/m³,,raw,01:00:00,2016-02-05T20:00:00Z,2016-02-05T21:00:00+01:00,2016-02-05T21:00:00Z,2016-02-05T22:00:00+01:00,1,01:00:00,1,24:00:00,100.0,2400.0,2016-02-04T21:00:00Z,2016-02-04T22:00:00+01:00,2016-02-05T21:00:00Z,2016-02-05T22:00:00+01:00
12.0375,,,False,1,pm10,µg/m³,,raw,01:00:00,2016-02-05T21:00:00Z,2016-02-05T22:00:00+01:00,2016-02-05T22:00:00Z,2016-02-05T23:00:00+01:00,1,01:00:00,1,24:00:00,100.0,2400.0,2016-02-04T22:00:00Z,2016-02-04T23:00:00+01:00,2016-02-05T22:00:00Z,2016-02-05T23:00:00+01:00
11.9826086956522,,,False,1,pm10,µg/m³,,raw,01:00:00,2016-02-05T22:00:00Z,2016-02-05T23:00:00+01:00,2016-02-05T23:00:00Z,2016-02-06T00:00:00+01:00,1,01:00:00,1,24:00:00,100.0,2400.0,2016-02-04T23:00:00Z,2016-02-05T00:00:00+01:00,2016-02-05T23:00:00Z,2016-02-06T00:00:00+01:00
11.4625,,,False,1,pm10,µg/m³,,raw,01:00:00,2016-02-05T23:00:00Z,2016-02-06T00:00:00+01:00,2016-02-06T00:00:00Z,2016-02-06T01:00:00+01:00,1,01:00:00,1,24:00:00,100.0,2400.0,2016-02-05T00:00:00Z,2016-02-05T01:00:00+01:00,2016-02-06T00:00:00Z,2016-02-06T01:00:00+01:00
11.2583333333333,,,False,1,pm10,µg/m³,,raw,01:00:00,2016-02-06T00:00:00Z,2016-02-06T01:00:00+01:00,2016-02-06T01:00:00Z,2016-02-06T02:00:00+01:00,1,01:00:00,1,24:00:00,100.0,2400.0,2016-02-05T01:00:00Z,2016-02-05T02:00:00+01:00,2016-02-06T01:00:00Z,2016-02-06T02:00:00+01:00
11.1375,,,False,1,pm10,µg/m³,,raw,01:00:00,2016-02-06T01:00:00Z,2016-02-06T02:00:00+01:00,2016-02-06T02:00:00Z,2016-02-06T03:00:00+01:00,1,01:00:00,1,24:00:00,100.0,2400.0,2016-02-05T02:00:00Z,2016-02-05T03:00:00+01:00,2016-02-06T02:00:00Z,2016-02-06T03:00:00+01:00
10.9458333333333,,,False,1,pm10,µg/m³,,raw,01:00:00,2016-02-06T02:00:00Z,2016-02-06T03:00:00+01:00,2016-02-06T03:00:00Z,2016-02-06T04:00:00+01:00,1,01:00:00,1,24:00:00,100.0,2400.0,2016-02-05T03:00:00Z,2016-02-05T04:00:00+01:00,2016-02-06T03:00:00Z,2016-02-06T04:00:00+01:00
11.1416666666667,,,False,1,pm10,µg/m³,,raw,01:00:00,2016-02-06T03:00:00Z,2016-02-06T04:00:00+01:00,2016-02-06T04:00:00Z,2016-02-06T05:00:00+01:00,1,01:00:00,1,24:00:00,100.0,2400.0,2016-02-05T04:00:00Z,2016-02-05T05:00:00+01:00,2016-02-06T04:00:00Z,2016-02-06T05:00:00+01:00
11.0739130434783,,,False,1,pm10,µg/m³,,raw,01:00:00,2016-02-06T04:00:00Z,2016-02-06T05:00:00+01:00,2016-02-06T05:00:00Z,2016-02-06T06:00:00+01:00,1,01:00:00,1,24:00:00,100.0,2400.0,2016-02-05T05:00:00Z,2016-02-05T06:00:00+01:00,2016-02-06T05:00:00Z,2016-02-06T06:00:00+01:00
10.1583333333333,,,False,1,pm10,µg/m³,,raw,01:00:00,2016-02-06T05:00:00Z,2016-02-06T06:00:00+01:00,2016-02-06T06:00:00Z,2016-02-06T07:00:00+01:00,1,01:00:00,1,24:00:00,100.0,2400.0,2016-02-05T06:00:00Z,2016-02-05T07:00:00+01:00,2016-02-06T06:00:00Z,2016-02-06T07:00:00+01:00
9.5125,,,False,1,pm10,µg/m³,,raw,01:00:00,2016-02-06T06:00:00Z,2016-02-06T07:00:00+01:00,2016-02-06T07:00:00Z,2016-02-06T08:00:00+01:00,1,01:00:00,1,24:00:00,100.0,2400.0,2016-02-05T07:00:00Z,2016-02-05T08:00:00+01:00,2016-02-06T07:00:00Z,2016-02-06T08:00:00+01:00
8.80416666666667,,,False,1,pm10,µg/m³,,raw,01:00:00,2016-02-06T07:00:00Z,2016-02-06T08:00:00+01:00,2016-02-06T08:00:00Z,2016-02-06T09:00:00+01:00,1,01:00:00,1,24:00:00,100.0,2400.0,2016-02-05T08:00:00Z,2016-02-05T09:00:00+01:00,2016-02-06T08:00:00Z,2016-02-06T09:00:00+01:00
8.14166666666667,,,False,1,pm10,µg/m³,,raw,01:00:00,2016-02-06T08:00:00Z,2016-02-06T09:00:00+01:00,2016-02-06T09:00:00Z,2016-02-06T10:00:00+01:00,1,01:00:00,1,24:00:00,100.0,2400.0,2016-02-05T09:00:00Z,2016-02-05T10:00:00+01:00,2016-02-06T09:00:00Z,2016-02-06T10:00:00+01:00
7.52083333333333,,,False,1,pm10,µg/m³,,raw,01:00:00,2016-02-06T09:00:00Z,2016-02-06T10:00:00+01:00,2016-02-06T10:00:00Z,2016-02-06T11:00:00+01:00,1,01:00:00,1,24:00:00,100.0,2400.0,2016-02-05T10:00:00Z,2016-02-05T11:00:00+01:00,2016-02-06T10:00:00Z,2016-02-06T11:00:00+01:00
7.12083333333333,,,False,1,pm10,µg/m³,,raw,01:00:00,2016-02-06T10:00:00Z,2016-02-06T11:00:00+01:00,2016-02-06T11:00:00Z,2016-02-06T12:00:00+01:00,1,01:00:00,1,24:00:00,100.0,2400.0,2016-02-05T11:00:00Z,2016-02-05T12:00:00+01:00,2016-02-06T11:00:00Z,2016-02-06T12:00:00+01:00
6.95833333333333,,,False,1,pm10,µg/m³,,raw,01:00:00,2016-02-06T11:00:00Z,2016-02-06T12:00:00+01:00,2016-02-06T12:00:00Z,2016-02-06T13:00:00+01:00,1,01:00:00,1,24:00:00,100.0,2400.0,2016-02-05T12:00:00Z,2016-02-05T13:00:00+01:00,2016-02-06T12:00:00Z,2016-02-06T13:00:00+01:00
6.84166666666667,,,False,1,pm10,µg/m³,,raw,01:00:00,2016-02-06T12:00:00Z,2016-02-06T13:00:00+01:00,2016-02-06T13:00:00Z,2016-02-06T14:00:00+01:00,1,01:00:00,1,24:00:00,100.0,2400.0,2016-02-05T13:00:00Z,2016-02-05T14:00:00+01:00,2016-02-06T13:00:00Z,2016-02-06T14:00:00+01:00
6.8625,,,False,1,pm10,µg/m³,,raw,01:00:00,2016-02-06T13:00:00Z,2016-02-06T14:00:00+01:00,2016-02-06T14:00:00Z,2016-02-06T15:00:00+01:00,1,01:00:00,1,24:00:00,100.0,2400.0,2016-02-05T14:00:00Z,2016-02-05T15:00:00+01:00,2016-02-06T14:00:00Z,2016-02-06T15:00:00+01:00
6.95416666666667,,,False,1,pm10,µg/m³,,raw,01:00:00,2016-02-06T14:00:00Z,2016-02-06T15:00:00+01:00,2016-02-06T15:00:00Z,2016-02-06T16:00:00+01:00,1,01:00:00,1,24:00:00,100.0,2400.0,2016-02-05T15:00:00Z,2016-02-05T16:00:00+01:00,2016-02-06T15:00:00Z,2016-02-06T16:00:00+01:00
7.10416666666667,,,False,1,pm10,µg/m³,,raw,01:00:00,2016-02-06T15:00:00Z,2016-02-06T16:00:00+01:00,2016-02-06T16:00:00Z,2016-02-06T17:00:00+01:00,1,01:00:00,1,24:00:00,100.0,2400.0,2016-02-05T16:00:00Z,2016-02-05T17:00:00+01:00,2016-02-06T16:00:00Z,2016-02-06T17:00:00+01:00
7.33333333333333,,,False,1,pm10,µg/m³,,raw,01:00:00,2016-02-06T16:00:00Z,2016-02-06T17:00:00+01:00,2016-02-06T17:00:00Z,2016-02-06T18:00:00+01:00,1,01:00:00,1,24:00:00,100.0,2400.0,2016-02-05T17:00:00Z,2016-02-05T18:00:00+01:00,2016-02-06T17:00:00Z,2016-02-06T18:00:00+01:00
7.75833333333333,,,False,1,pm10,µg/m³,,raw,01:00:00,2016-02-06T17:00:00Z,2016-02-06T18:00:00+01:00,2016-02-06T18:00:00Z,2016-02-06T19:00:00+01:00,1,01:00:00,1,24:00:00,100.0,2400.0,2016-02-05T18:00:00Z,2016-02-05T19:00:00+01:00,2016-02-06T18:00:00Z,2016-02-06T19:00:00+01:00
8.23333333333333,,,False,1,pm10,µg/m³,,raw,01:00:00,2016-02-06T18:00:00Z,2016-02-06T19:00:00+01:00,2016-02-06T19:00:00Z,2016-02-06T20:00:00+01:00,1,01:00:00,1,24:00:00,100.0,2400.0,2016-02-05T19:00:00Z,2016-02-05T20:00:00+01:00,2016-02-06T19:00:00Z,2016-02-06T20:00:00+01:00
8.32173913043478,,,False,1,pm10,µg/m³,,raw,01:00:00,2016-02-06T19:00:00Z,2016-02-06T20:00:00+01:00,2016-02-06T20:00:00Z,2016-02-06T21:00:00+01:00,1,01:00:00,1,24:00:00,100.0,2400.0,2016-02-05T20:00:00Z,2016-02-05T21:00:00+01:00,2016-02-06T20:00:00Z,2016-02-06T21:00:00+01:00
8.63333333333333,,,False,1,pm10,µg/m³,,raw,01:00:00,2016-02-06T20:00:00Z,2016-02-06T21:00:00+01:00,2016-02-06T21:00:00Z,2016-02-06T22:00:00+01:00,1,01:00:00,1,24:00:00,100.0,2400.0,2016-02-05T21:00:00Z,2016-02-05T22:00:00+01:00,2016-02-06T21:00:00Z,2016-02-06T22:00:00+01:00
8.8125,,,False,1,pm10,µg/m³,,raw,01:00:00,2016-02-06T21:00:00Z,2016-02-06T22:00:00+01:00,2016-02-06T22:00:00Z,2016-02-06T23:00:00+01:00,1,01:00:00,1,24:00:00,100.0,2400.0,2016-02-05T22:00:00Z,2016-02-05T23:00:00+01:00,2016-02-06T22:00:00Z,2016-02-06T23:00:00+01:00
8.96086956521739,,,False,1,pm10,µg/m³,,raw,01:00:00,2016-02-06T22:00:00Z,2016-02-06T23:00:00+01:00,2016-02-06T23:00:00Z,2016-02-07T00:00:00+01:00,1,01:00:00,1,24:00:00,100.0,2400.0,2016-02-05T23:00:00Z,2016-02-06T00:00:00+01:00,2016-02-06T23:00:00Z,2016-02-07T00:00:00+01:00
9.05833333333333,,,False,1,pm10,µg/m³,,raw,01:00:00,2016-02-06T23:00:00Z,2016-02-07T00:00:00+01:00,2016-02-07T00:00:00Z,2016-02-07T01:00:00+01:00,1,01:00:00,1,24:00:00,100.0,2400.0,2016-02-06T00:00:00Z,2016-02-06T01:00:00+01:00,2016-02-07T00:00:00Z,2016-02-07T01:00:00+01:00
9.20833333333333,,,False,1,pm10,µg/m³,,raw,01:00:00,2016-02-07T00:00:00Z,2016-02-07T01:00:00+01:00,2016-02-07T01:00:00Z,2016-02-07T02:00:00+01:00,1,01:00:00,1,24:00:00,100.0,2400.0,2016-02-06T01:00:00Z,2016-02-06T02:00:00+01:00,2016-02-07T01:00:00Z,2016-02-07T02:00:00+01:00
9.3875,,,False,1,pm10,µg/m³,,raw,01:00:00,2016-02-07T01:00:00Z,2016-02-07T02:00:00+01:00,2016-02-07T02:00:00Z,2016-02-07T03:00:00+01:00,1,01:00:00,1,24:00:00,100.0,2400.0,2016-02-06T02:00:00Z,2016-02-06T03:00:00+01:00,2016-02-07T02:00:00Z,2016-02-07T03:00:00+01:00
9.54166666666667,,,False,1,pm10,µg/m³,,raw,01:00:00,2016-02-07T02:00:00Z,2016-02-07T03:00:00+01:00,2016-02-07T03:00:00Z,2016-02-07T04:00:00+01:00,1,01:00:00,1,24:00:00,100.0,2400.0,2016-02-06T03:00:00Z,2016-02-06T04:00:00+01:00,2016-02-07T03:00:00Z,2016-02-07T04:00:00+01:00
9.22916666666667,,,False,1,pm10,µg/m³,,raw,01:00:00,2016-02-07T03:00:00Z,2016-02-07T04:00:00+01:00,2016-02-07T04:00:00Z,2016-02-07T05:00:00+01:00,1,01:00:00,1,24:00:00,100.0,2400.0,2016-02-06T04:00:00Z,2016-02-06T05:00:00+01:00,2016-02-07T04:00:00Z,2016-02-07T05:00:00+01:00
9.25416666666667,,,False,1,pm10,µg/m³,,raw,01:00:00,2016-02-07T04:00:00Z,2016-02-07T05:00:00+01:00,2016-02-07T05:00:00Z,2016-02-07T06:00:00+01:00,1,01:00:00,1,24:00:00,100.0,2400.0,2016-02-06T05:00:00Z,2016-02-06T06:00:00+01:00,2016-02-07T05:00:00Z,2016-02-07T06:00:00+01:00
9.20833333333333,,,False,1,pm10,µg/m³,,raw,01:00:00,2016-02-07T05:00:00Z,2016-02-07T06:00:00+01:00,2016-02-07T06:00:00Z,2016-02-07T07:00:00+01:00,1,01:00:00,1,24:00:00,100.0,2400.0,2016-02-06T06:00:00Z,2016-02-06T07:00:00+01:00,2016-02-07T06:00:00Z,2016-02-07T07:00:00+01:00
9.12083333333333,,,False,1,pm10,µg/m³,,raw,01:00:00,2016-02-07T06:00:00Z,2016-02-07T07:00:00+01:00,2016-02-07T07:00:00Z,2016-02-07T08:00:00+01:00,1,01:00:00,1,24:00:00,100.0,2400.0,2016-02-06T07:00:00Z,2016-02-06T08:00:00+01:00,2016-02-07T07:00:00Z,2016-02-07T08:00:00+01:00
8.99583333333333,,,False,1,pm10,µg/m³,,raw,01:00:00,2016-02-07T07:00:00Z,2016-02-07T08:00:00+01:00,2016-02-07T08:00:00Z,2016-02-07T09:00:00+01:00,1,01:00:00,1,24:00:00,100.0,2400.0,2016-02-06T08:00:00Z,2016-02-06T09:00:00+01:00,2016-02-07T08:00:00Z,2016-02-07T09:00:00+01:00
8.82083333333333,,,False,1,pm10,µg/m³,,raw,01:00:00,2016-02-07T08:00:00Z,2016-02-07T09:00:00+01:00,2016-02-07T09:00:00Z,2016-02-07T10:00:00+01:00,1,01:00:00,1,24:00:00,100.0,2400.0,2016-02-06T09:00:00Z,2016-02-06T10:00:00+01:00,2016-02-07T09:00:00Z,2016-02-07T10:00:00+01:00
8.67916666666667,,,False,1,pm10,µg/m³,,raw,01:00:00,2016-02-07T09:00:00Z,2016-02-07T10:00:00+01:00,2016-02-07T10:00:00Z,2016-02-07T11:00:00+01:00,1,01:00:00,1,24:00:00,100.0,2400.0,2016-02-06T10:00:00Z,2016-02-06T11:00:00+01:00,2016-02-07T10:00:00Z,2016-02-07T11:00:00+01:00
8.68260869565217,,,False,1,pm10,µg/m³,,raw,01:00:00,2016-02-07T10:00:00Z,2016-02-07T11:00:00+01:00,2016-02-07T11:00:00Z,2016-02-07T12:00:00+01:00,1,01:00:00,1,24:00:00,100.0,2400.0,2016-02-06T11:00:00Z,2016-02-06T12:00:00+01:00,2016-02-07T11:00:00Z,2016-02-07T12:00:00+01:00
8.28333333333333,,,False,1,pm10,µg/m³,,raw,01:00:00,2016-02-07T11:00:00Z,2016-02-07T12:00:00+01:00,2016-02-07T12:00:00Z,2016-02-07T13:00:00+01:00,1,01:00:00,1,24:00:00,100.0,2400.0,2016-02-06T12:00:00Z,2016-02-06T13:00:00+01:00,2016-02-07T12:00:00Z,2016-02-07T13:00:00+01:00
8.0125,,,False,1,pm10,µg/m³,,raw,01:00:00,2016-02-07T12:00:00Z,2016-02-07T13:00:00+01:00,2016-02-07T13:00:00Z,2016-02-07T14:00:00+01:00,1,01:00:00,1,24:00:00,100.0,2400.0,2016-02-06T13:00:00Z,2016-02-06T14:00:00+01:00,2016-02-07T13:00:00Z,2016-02-07T14:00:00+01:00
7.675,,,False,1,pm10,µg/m³,,raw,01:00:00,2016-02-07T13:00:00Z,2016-02-07T14:00:00+01:00,2016-02-07T14:00:00Z,2016-02-07T15:00:00+01:00,1,01:00:00,1,24:00:00,100.0,2400.0,2016-02-06T14:00:00Z,2016-02-06T15:00:00+01:00,2016-02-07T14:00:00Z,2016-02-07T15:00:00+01:00
7.59166666666667,,,False,1,pm10,µg/m³,,raw,01:00:00,2016-02-07T14:00:00Z,2016-02-07T15:00:00+01:00,2016-02-07T15:00:00Z,2016-02-07T16:00:00+01:00,1,01:00:00,1,24:00:00,100.0,2400.0,2016-02-06T15:00:00Z,2016-02-06T16:00:00+01:00,2016-02-07T15:00:00Z,2016-02-07T16:00:00+01:00
7.50416666666667,,,False,1,pm10,µg/m³,,raw,01:00:00,2016-02-07T15:00:00Z,2016-02-07T16:00:00+01:00,2016-02-07T16:00:00Z,2016-02-07T17:00:00+01:00,1,01:00:00,1,24:00:00,100.0,2400.0,2016-02-06T16:00:00Z,2016-02-06T17:00:00+01:00,2016-02-07T16:00:00Z,2016-02-07T17:00:00+01:00
7.2875,,,False,1,pm10,µg/m³,,raw,01:00:00,2016-02-07T16:00:00Z,2016-02-07T17:00:00+01:00,2016-02-07T17:00:00Z,2016-02-07T18:00:00+01:00,1,01:00:00,1,24:00:00,100.0,2400.0,2016-02-06T17:00:00Z,2016-02-06T18:00:00+01:00,2016-02-07T17:00:00Z,2016-02-07T18:00:00+01:00
7.02083333333333,,,False,1,pm10,µg/m³,,raw,01:00:00,2016-02-07T17:00:00Z,2016-02-07T18:00:00+01:00,2016-02-07T18:00:00Z,2016-02-07T19:00:00+01:00,1,01:00:00,1,24:00:00,100.0,2400.0,2016-02-06T18:00:00Z,2016-02-06T19:00:00+01:00,2016-02-07T18:00:00Z,2016-02-07T19:00:00+01:00
6.71666666666667,,,False,1,pm10,µg/m³,,raw,01:00:00,2016-02-07T18:00:00Z,2016-02-07T19:00:00+01:00,2016-02-07T19:00:00Z,2016-02-07T20:00:00+01:00,1,01:00:00,1,24:00:00,100.0,2400.0,2016-02-06T19:00:00Z,2016-02-06T20:00:00+01:00,2016-02-07T19:00:00Z,2016-02-07T20:00:00+01:00
6.55,,,False,1,pm10,µg/m³,,raw,01:00:00,2016-02-07T19:00:00Z,2016-02-07T20:00:00+01:00,2016-02-07T20:00:00Z,2016-02-07T21:00:00+01:00,1,01:00:00,1,24:00:00,100.0,2400.0,2016-02-06T20:00:00Z,2016-02-06T21:00:00+01:00,2016-02-07T20:00:00Z,2016-02-07T21:00:00+01:00
6.24583333333333,,,False,1,pm10,µg/m³,,raw,01:00:00,2016-02-07T20:00:00Z,2016-02-07T21:00:00+01:00,2016-02-07T21:00:00Z,2016-02-07T22:00:00+01:00,1,01:00:00,1,24:00:00,100.0,2400.0,2016-02-06T21:00:00Z,2016-02-06T22:00:00+01:00,2016-02-07T21:00:00Z,2016-02-07T22:00:00+01:00
6.10833333333333,,,False,1,pm10,µg/m³,,raw,01:00:00,2016-02-07T21:00:00Z,2016-02-07T22:00:00+01:00,2016-02-07T22:00:00Z,2016-02-07T23:00:00+01:00,1,01:00:00,1,24:00:00,100.0,2400.0,2016-02-06T22:00:00Z,2016-02-06T23:00:00+01:00,2016-02-07T22:00:00Z,2016-02-07T23:00:00+01:00
5.97391304347826,,,False,1,pm10,µg/m³,,raw,01:00:00,2016-02-07T22:00:00Z,2016-02-07T23:00:00+01:00,2016-02-07T23:00:00Z,2016-02-08T00:00:00+01:00,1,01:00:00,1,24:00:00,100.0,2400.0,2016-02-06T23:00:00Z,2016-02-07T00:00:00+01:00,2016-02-07T23:00:00Z,2016-02-08T00:00:00+01:00
5.73333333333333,,,False,1,pm10,µg/m³,,raw,01:00:00,2016-02-07T23:00:00Z,2016-02-08T00:00:00+01:00,2016-02-08T00:00:00Z,2016-02-08T01:00:00+01:00,1,01:00:00,1,24:00:00,100.0,2400.0,2016-02-07T00:00:00Z,2016-02-07T01:00:00+01:00,2016-02-08T00:00:00Z,2016-02-08T01:00:00+01:00
5.64583333333333,,,False,1,pm10,µg/m³,,raw,01:00:00,2016-02-08T00:00:00Z,2016-02-08T01:00:00+01:00,2016-02-08T01:00:00Z,2016-02-08T02:00:00+01:00,1,01:00:00,1,24:00:00,100.0,2400.0,2016-02-07T01:00:00Z,2016-02-07T02:00:00+01:00,2016-02-08T01:00:00Z,2016-02-08T02:00:00+01:00
5.49565217391304,,,False,1,pm10,µg/m³,,raw,01:00:00,2016-02-08T01:00:00Z,2016-02-08T02:00:00+01:00,2016-02-08T02:00:00Z,2016-02-08T03:00:00+01:00,1,01:00:00,1,24:00:00,100.0,2400.0,2016-02-07T02:00:00Z,2016-02-07T03:00:00+01:00,2016-02-08T02:00:00Z,2016-02-08T03:00:00+01:00
5.30833333333333,,,False,1,pm10,µg/m³,,raw,01:00:00,2016-02-08T02:00:00Z,2016-02-08T03:00:00+01:00,2016-02-08T03:00:00Z,2016-02-08T04:00:00+01:00,1,01:00:00,1,24:00:00,100.0,2400.0,2016-02-07T03:00:00Z,2016-02-07T04:00:00+01:00,2016-02-08T03:00:00Z,2016-02-08T04:00:00+01:00
5.1125,,,False,1,pm10,µg/m³,,raw,01:00:00,2016-02-08T03:00:00Z,2016-02-08T04:00:00+01:00,2016-02-08T04:00:00Z,2016-02-08T05:00:00+01:00,1,01:00:00,1,24:00:00,100.0,2400.0,2016-02-07T04:00:00Z,2016-02-07T05:00:00+01:00,2016-02-08T04:00:00Z,2016-02-08T05:00:00+01:00
4.88333333333333,,,False,1,pm10,µg/m³,,raw,01:00:00,2016-02-08T04:00:00Z,2016-02-08T05:00:00+01:00,2016-02-08T05:00:00Z,2016-02-08T06:00:00+01:00,1,01:00:00,1,24:00:00,100.0,2400.0,2016-02-07T05:00:00Z,2016-02-07T06:00:00+01:00,2016-02-08T05:00:00Z,2016-02-08T06:00:00+01:00
4.875,,,False,1,pm10,µg/m³,,raw,01:00:00,2016-02-08T05:00:00Z,2016-02-08T06:00:00+01:00,2016-02-08T06:00:00Z,2016-02-08T07:00:00+01:00,1,01:00:00,1,24:00:00,100.0,2400.0,2016-02-07T06:00:00Z,2016-02-07T07:00:00+01:00,2016-02-08T06:00:00Z,2016-02-08T07:00:00+01:00
4.85416666666667,,,False,1,pm10,µg/m³,,raw,01:00:00,2016-02-08T06:00:00Z,2016-02-08T07:00:00+01:00,2016-02-08T07:00:00Z,2016-02-08T08:00:00+01:00,1,01:00:00,1,24:00:00,100.0,2400.0,2016-02-07T07:00:00Z,2016-02-07T08:00:00+01:00,2016-02-08T07:00:00Z,2016-02-08T08:00:00+01:00
4.875,,,False,1,pm10,µg/m³,,raw,01:00:00,2016-02-08T07:00:00Z,2016-02-08T08:00:00+01:00,2016-02-08T08:00:00Z,2016-02-08T09:00:00+01:00,1,01:00:00,1,24:00:00,100.0,2400.0,2016-02-07T08:00:00Z,2016-02-07T09:00:00+01:00,2016-02-08T08:00:00Z,2016-02-08T09:00:00+01:00
5.275,,,False,1,pm10,µg/m³,,raw,01:00:00,2016-02-08T08:00:00Z,2016-02-08T09:00:00+01:00,2016-02-08T09:00:00Z,2016-02-08T10:00:00+01:00,1,01:00:00,1,24:00:00,100.0,2400.0,2016-02-07T09:00:00Z,2016-02-07T10:00:00+01:00,2016-02-08T09:00:00Z,2016-02-08T10:00:00+01:00
5.37083333333333,,,False,1,pm10,µg/m³,,raw,01:00:00,2016-02-08T09:00:00Z,2016-02-08T10:00:00+01:00,2016-02-08T10:00:00Z,2016-02-08T11:00:00+01:00,1,01:00:00,1,24:00:00,100.0,2400.0,2016-02-07T10:00:00Z,2016-02-07T11:00:00+01:00,2016-02-08T10:00:00Z,2016-02-08T11:00:00+01:00
5.71666666666667,,,False,1,pm10,µg/m³,,raw,01:00:00,2016-02-08T10:00:00Z,2016-02-08T11:00:00+01:00,2016-02-08T11:00:00Z,2016-02-08T12:00:00+01:00,1,01:00:00,1,24:00:00,100.0,2400.0,2016-02-07T11:00:00Z,2016-02-07T12:00:00+01:00,2016-02-08T11:00:00Z,2016-02-08T12:00:00+01:00
6.075,,,False,1,pm10,µg/m³,,raw,01:00:00,2016-02-08T11:00:00Z,2016-02-08T12:00:00+01:00,2016-02-08T12:00:00Z,2016-02-08T13:00:00+01:00,1,01:00:00,1,24:00:00,100.0,2400.0,2016-02-07T12:00:00Z,2016-02-07T13:00:00+01:00,2016-02-08T12:00:00Z,2016-02-08T13:00:00+01:00
6.425,,,False,1,pm10,µg/m³,,raw,01:00:00,2016-02-08T12:00:00Z,2016-02-08T13:00:00+01:00,2016-02-08T13:00:00Z,2016-02-08T14:00:00+01:00,1,01:00:00,1,24:00:00,100.0,2400.0,2016-02-07T13:00:00Z,2016-02-07T14:00:00+01:00,2016-02-08T13:00:00Z,2016-02-08T14:00:00+01:00
6.92916666666667,,,False,1,pm10,µg/m³,,raw,01:00:00,2016-02-08T13:00:00Z,2016-02-08T14:00:00+01:00,2016-02-08T14:00:00Z,2016-02-08T15:00:00+01:00,1,01:00:00,1,24:00:00,100.0,2400.0,2016-02-07T14:00:00Z,2016-02-07T15:00:00+01:00,2016-02-08T14:00:00Z,2016-02-08T15:00:00+01:00
7.66666666666667,,,False,1,pm10,µg/m³,,raw,01:00:00,2016-02-08T14:00:00Z,2016-02-08T15:00:00+01:00,2016-02-08T15:00:00Z,2016-02-08T16:00:00+01:00,1,01:00:00,1,24:00:00,100.0,2400.0,2016-02-07T15:00:00Z,2016-02-07T16:00:00+01:00,2016-02-08T15:00:00Z,2016-02-08T16:00:00+01:00
8.50416666666667,,,False,1,pm10,µg/m³,,raw,01:00:00,2016-02-08T15:00:00Z,2016-02-08T16:00:00+01:00,2016-02-08T16:00:00Z,2016-02-08T17:00:00+01:00,1,01:00:00,1,24:00:00,100.0,2400.0,2016-02-07T16:00:00Z,2016-02-07T17:00:00+01:00,2016-02-08T16:00:00Z,2016-02-08T17:00:00+01:00
8.59130434782609,,,False,1,pm10,µg/m³,,raw,01:00:00,2016-02-08T16:00:00Z,2016-02-08T17:00:00+01:00,2016-02-08T17:00:00Z,2016-02-08T18:00:00+01:00,1,01:00:00,1,24:00:00,100.0,2400.0,2016-02-07T17:00:00Z,2016-02-07T18:00:00+01:00,2016-02-08T17:00:00Z,2016-02-08T18:00:00+01:00
10.5666666666667,,,False,1,pm10,µg/m³,,raw,01:00:00,2016-02-08T17:00:00Z,2016-02-08T18:00:00+01:00,2016-02-08T18:00:00Z,2016-02-08T19:00:00+01:00,1,01:00:00,1,24:00:00,100.0,2400.0,2016-02-07T18:00:00Z,2016-02-07T19:00:00+01:00,2016-02-08T18:00:00Z,2016-02-08T19:00:00+01:00
11.7041666666667,,,False,1,pm10,µg/m³,,raw,01:00:00,2016-02-08T18:00:00Z,2016-02-08T19:00:00+01:00,2016-02-08T19:00:00Z,2016-02-08T20:00:00+01:00,1,01:00:00,1,24:00:00,100.0,2400.0,2016-02-07T19:00:00Z,2016-02-07T20:00:00+01:00,2016-02-08T19:00:00Z,2016-02-08T20:00:00+01:00
12.3625,,,False,1,pm10,µg/m³,,raw,01:00:00,2016-02-08T19:00:00Z,2016-02-08T20:00:00+01:00,2016-02-08T20:00:00Z,2016-02-08T21:00:00+01:00,1,01:00:00,1,24:00:00,100.0,2400.0,2016-02-07T20:00:00Z,2016-02-07T21:00:00+01:00,2016-02-08T20:00:00Z,2016-02-08T21:00:00+01:00
12.9333333333333,,,False,1,pm10,µg/m³,,raw,01:00:00,2016-02-08T20:00:00Z,2016-02-08T21:00:00+01:00,2016-02-08T21:00:00Z,2016-02-08T22:00:00+01:00,1,01:00:00,1,24:00:00,100.0,2400.0,2016-02-07T21:00:00Z,2016-02-07T22:00:00+01:00,2016-02-08T21:00:00Z,2016-02-08T22:00:00+01:00
13.3041666666667,,,False,1,pm10,µg/m³,,raw,01:00:00,2016-02-08T21:00:00Z,2016-02-08T22:00:00+01:00,2016-02-08T22:00:00Z,2016-02-08T23:00:00+01:00,1,01:00:00,1,24:00:00,100.0,2400.0,2016-02-07T22:00:00Z,2016-02-07T23:00:00+01:00,2016-02-08T22:00:00Z,2016-02-08T23:00:00+01:00
13.695652173913,,,False,1,pm10,µg/m³,,raw,01:00:00,2016-02-08T22:00:00Z,2016-02-08T23:00:00+01:00,2016-02-08T23:00:00Z,2016-02-09T00:00:00+01:00,1,01:00:00,1,24:00:00,100.0,2400.0,2016-02-07T23:00:00Z,2016-02-08T00:00:00+01:00,2016-02-08T23:00:00Z,2016-02-09T00:00:00+01:00
14.1181818181818,,,False,1,pm10,µg/m³,,raw,01:00:00,2016-02-08T23:00:00Z,2016-02-09T00:00:00+01:00,2016-02-09T00:00:00Z,2016-02-09T01:00:00+01:00,1,01:00:00,1,24:00:00,100.0,2400.0,2016-02-08T00:00:00Z,2016-02-08T01:00:00+01:00,2016-02-09T00:00:00Z,2016-02-09T01:00:00+01:00
15.5708333333333,,,False,1,pm10,µg/m³,,raw,01:00:00,2016-02-09T00:00:00Z,2016-02-09T01:00:00+01:00,2016-02-09T01:00:00Z,2016-02-09T02:00:00+01:00,1,01:00:00,1,24:00:00,100.0,2400.0,2016-02-08T01:00:00Z,2016-02-08T02:00:00+01:00,2016-02-09T01:00:00Z,2016-02-09T02:00:00+01:00
16.4791666666667,,,False,1,pm10,µg/m³,,raw,01:00:00,2016-02-09T01:00:00Z,2016-02-09T02:00:00+01:00,2016-02-09T02:00:00Z,2016-02-09T03:00:00+01:00,1,01:00:00,1,24:00:00,100.0,2400.0,2016-02-08T02:00:00Z,2016-02-08T03:00:00+01:00,2016-02-09T02:00:00Z,2016-02-09T03:00:00+01:00
17.2333333333333,,,False,1,pm10,µg/m³,,raw,01:00:00,2016-02-09T02:00:00Z,2016-02-09T03:00:00+01:00,2016-02-09T03:00:00Z,2016-02-09T04:00:00+01:00,1,01:00:00,1,24:00:00,100.0,2400.0,2016-02-08T03:00:00Z,2016-02-08T04:00:00+01:00,2016-02-09T03:00:00Z,2016-02-09T04:00:00+01:00
18.0458333333333,,,False,1,pm10,µg/m³,,raw,01:00:00,2016-02-09T03:00:00Z,2016-02-09T04:00:00+01:00,2016-02-09T04:00:00Z,2016-02-09T05:00:00+01:00,1,01:00:00,1,24:00:00,100.0,2400.0,2016-02-08T04:00:00Z,2016-02-08T05:00:00+01:00,2016-02-09T04:00:00Z,2016-02-09T05:00:00+01:00
18.9333333333333,,,False,1,pm10,µg/m³,,raw,01:00:00,2016-02-09T04:00:00Z,2016-02-09T05:00:00+01:00,2016-02-09T05:00:00Z,2016-02-09T06:00:00+01:00,1,01:00:00,1,24:00:00,100.0,2400.0,2016-02-08T05:00:00Z,2016-02-08T06:00:00+01:00,2016-02-09T05:00:00Z,2016-02-09T06:00:00+01:00
19.5916666666667,,,False,1,pm10,µg/m³,,raw,01:00:00,2016-02-09T05:00:00Z,2016-02-09T06:00:00+01:00,2016-02-09T06:00:00Z,2016-02-09T07:00:00+01:00,1,01:00:00,1,24:00:00,100.0,2400.0,2016-02-08T06:00:00Z,2016-02-08T07:00:00+01:00,2016-02-09T06:00:00Z,2016-02-09T07:00:00+01:00
19.6583333333333,,,False,1,pm10,µg/m³,,raw,01:00:00,2016-02-09T06:00:00Z,2016-02-09T07:00:00+01:00,2016-02-09T07:00:00Z,2016-02-09T08:00:00+01:00,1,01:00:00,1,24:00:00,100.0,2400.0,2016-02-08T07:00:00Z,2016-02-08T08:00:00+01:00,2016-02-09T07:00:00Z,2016-02-09T08:00:00+01:00
20.2652173913043,,,False,1,pm10,µg/m³,,raw,01:00:00,2016-02-09T07:00:00Z,2016-02-09T08:00:00+01:00,2016-02-09T08:00:00Z,2016-02-09T09:00:00+01:00,1,01:00:00,1,24:00:00,100.0,2400.0,2016-02-08T08:00:00Z,2016-02-08T09:00:00+01:00,2016-02-09T08:00:00Z,2016-02-09T09:00:00+01:00
19.4916666666667,,,False,1,pm10,µg/m³,,raw,01:00:00,2016-02-09T08:00:00Z,2016-02-09T09:00:00+01:00,2016-02-09T09:00:00Z,2016-02-09T10:00:00+01:00,1,01:00:00,1,24:00:00,100.0,2400.0,2016-02-08T09:00:00Z,2016-02-08T10:00:00+01:00,2016-02-09T09:00:00Z,2016-02-09T10:00:00+01:00
19.7083333333333,,,False,1,pm10,µg/m³,,raw,01:00:00,2016-02-09T09:00:00Z,2016-02-09T10:00:00+01:00,2016-02-09T10:00:00Z,2016-02-09T11:00:00+01:00,1,01:00:00,1,24:00:00,100.0,2400.0,2016-02-08T10:00:00Z,2016-02-08T11:00:00+01:00,2016-02-09T10:00:00Z,2016-02-09T11:00:00+01:00
19.8541666666667,,,False,1,pm10,µg/m³,,raw,01:00:00,2016-02-09T10:00:00Z,2016-02-09T11:00:00+01:00,2016-02-09T11:00:00Z,2016-02-09T12:00:00+01:00,1,01:00:00,1,24:00:00,100.0,2400.0,2016-02-08T11:00:00Z,2016-02-08T12:00:00+01:00,2016-02-09T11:00:00Z,2016-02-09T12:00:00+01:00
20.1583333333333,,,False,1,pm10,µg/m³,,raw,01:00:00,2016-02-09T11:00:00Z,2016-02-09T12:00:00+01:00,2016-02-09T12:00:00Z,2016-02-09T13:00:00+01:00,1,01:00:00,1,24:00:00,100.0,2400.0,2016-02-08T12:00:00Z,2016-02-08T13:00:00+01:00,2016-02-09T12:00:00Z,2016-02-09T13:00:00+01:00
20.4333333333333,,,False,1,pm10,µg/m³,,raw,01:00:00,2016-02-09T12:00:00Z,2016-02-09T13:00:00+01:00,2016-02-09T13:00:00Z,2016-02-09T14:00:00+01:00,1,01:00:00,1,24:00:00,100.0,2400.0,2016-02-08T13:00:00Z,2016-02-08T14:00:00+01:00,2016-02-09T13:00:00Z,2016-02-09T14:00:00+01:00
20.0458333333333,,,False,1,pm10,µg/m³,,raw,01:00:00,2016-02-09T13:00:00Z,2016-02-09T14:00:00+01:00,2016-02-09T14:00:00Z,2016-02-09T15:00:00+01:00,1,01:00:00,1,24:00:00,100.0,2400.0,2016-02-08T14:00:00Z,2016-02-08T15:00:00+01:00,2016-02-09T14:00:00Z,2016-02-09T15:00:00+01:00
19.325,,,False,1,pm10,µg/m³,,raw,01:00:00,2016-02-09T14:00:00Z,2016-02-09T15:00:00+01:00,2016-02-09T15:00:00Z,2016-02-09T16:00:00+01:00,1,01:00:00,1,24:00:00,100.0,2400.0,2016-02-08T15:00:00Z,2016-02-08T16:00:00+01:00,2016-02-09T15:00:00Z,2016-02-09T16:00:00+01:00
18.4708333333333,,,False,1,pm10,µg/m³,,raw,01:00:00,2016-02-09T15:00:00Z,2016-02-09T16:00:00+01:00,2016-02-09T16:00:00Z,2016-02-09T17:00:00+01:00,1,01:00:00,1,24:00:00,100.0,2400.0,2016-02-08T16:00:00Z,2016-02-08T17:00:00+01:00,2016-02-09T16:00:00Z,2016-02-09T17:00:00+01:00
17.5041666666667,,,False,1,pm10,µg/m³,,raw,01:00:00,2016-02-09T16:00:00Z,2016-02-09T17:00:00+01:00,2016-02-09T17:00:00Z,2016-02-09T18:00:00+01:00,1,01:00:00,1,24:00:00,100.0,2400.0,2016-02-08T17:00:00Z,2016-02-08T18:00:00+01:00,2016-02-09T17:00:00Z,2016-02-09T18:00:00+01:00
16.6291666666667,,,False,1,pm10,µg/m³,,raw,01:00:00,2016-02-09T17:00:00Z,2016-02-09T18:00:00+01:00,2016-02-09T18:00:00Z,2016-02-09T19:00:00+01:00,1,01:00:00,1,24:00:00,100.0,2400.0,2016-02-08T18:00:00Z,2016-02-08T19:00:00+01:00,2016-02-09T18:00:00Z,2016-02-09T19:00:00+01:00
15.5041666666667,,,False,1,pm10,µg/m³,,raw,01:00:00,2016-02-09T18:00:00Z,2016-02-09T19:00:00+01:00,2016-02-09T19:00:00Z,2016-02-09T20:00:00+01:00,1,01:00:00,1,24:00:00,100.0,2400.0,2016-02-08T19:00:00Z,2016-02-08T20:00:00+01:00,2016-02-09T19:00:00Z,2016-02-09T20:00:00+01:00
15.2375,,,False,1,pm10,µg/m³,,raw,01:00:00,2016-02-09T19:00:00Z,2016-02-09T20:00:00+01:00,2016-02-09T20:00:00Z,2016-02-09T21:00:00+01:00,1,01:00:00,1,24:00:00,100.0,2400.0,2016-02-08T20:00:00Z,2016-02-08T21:00:00+01:00,2016-02-09T20:00:00Z,2016-02-09T21:00:00+01:00
14.8791666666667,,,False,1,pm10,µg/m³,,raw,01:00:00,2016-02-09T20:00:00Z,2016-02-09T21:00:00+01:00,2016-02-09T21:00:00Z,2016-02-09T22:00:00+01:00,1,01:00:00,1,24:00:00,100.0,2400.0,2016-02-08T21:00:00Z,2016-02-08T22:00:00+01:00,2016-02-09T21:00:00Z,2016-02-09T22:00:00+01:00
14.7041666666667,,,False,1,pm10,µg/m³,,raw,01:00:00,2016-02-09T21:00:00Z,2016-02-09T22:00:00+01:00,2016-02-09T22:00:00Z,2016-02-09T23:00:00+01:00,1,01:00:00,1,24:00:00,100.0,2400.0,2016-02-08T22:00:00Z,2016-02-08T23:00:00+01:00,2016-02-09T22:00:00Z,2016-02-09T23:00:00+01:00
14.2565217391304,,,False,1,pm10,µg/m³,,raw,01:00:00,2016-02-09T22:00:00Z,2016-02-09T23:00:00+01:00,2016-02-09T23:00:00Z,2016-02-10T00:00:00+01:00,1,01:00:00,1,24:00:00,100.0,2400.0,2016-02-08T23:00:00Z,2016-02-09T00:00:00+01:00,2016-02-09T23:00:00Z,2016-02-10T00:00:00+01:00
13.7681818181818,,,False,1,pm10,µg/m³,,raw,01:00:00,2016-02-09T23:00:00Z,2016-02-10T00:00:00+01:00,2016-02-10T00:00:00Z,2016-02-10T01:00:00+01:00,1,01:00:00,1,24:00:00,100.0,2400.0,2016-02-09T00:00:00Z,2016-02-09T01:00:00+01:00,2016-02-10T00:00:00Z,2016-02-10T01:00:00+01:00
12.6666666666667,,,False,1,pm10,µg/m³,,raw,01:00:00,2016-02-10T00:00:00Z,2016-02-10T01:00:00+01:00,2016-02-10T01:00:00Z,2016-02-10T02:00:00+01:00,1,01:00:00,1,24:00:00,100.0,2400.0,2016-02-09T01:00:00Z,2016-02-09T02:00:00+01:00,2016-02-10T01:00:00Z,2016-02-10T02:00:00+01:00
12.1583333333333,,,False,1,pm10,µg/m³,,raw,01:00:00,2016-02-10T01:00:00Z,2016-02-10T02:00:00+01:00,2016-02-10T02:00:00Z,2016-02-10T03:00:00+01:00,1,01:00:00,1,24:00:00,100.0,2400.0,2016-02-09T02:00:00Z,2016-02-09T03:00:00+01:00,2016-02-10T02:00:00Z,2016-02-10T03:00:00+01:00
11.75,,,False,1,pm10,µg/m³,,raw,01:00:00,2016-02-10T02:00:00Z,2016-02-10T03:00:00+01:00,2016-02-10T03:00:00Z,2016-02-10T04:00:00+01:00,1,01:00:00,1,24:00:00,100.0,2400.0,2016-02-09T03:00:00Z,2016-02-09T04:00:00+01:00,2016-02-10T03:00:00Z,2016-02-10T04:00:00+01:00
11.3416666666667,,,False,1,pm10,µg/m³,,raw,01:00:00,2016-02-10T03:00:00Z,2016-02-10T04:00:00+01:00,2016-02-10T04:00:00Z,2016-02-10T05:00:00+01:00,1,01:00:00,1,24:00:00,100.0,2400.0,2016-02-09T04:00:00Z,2016-02-09T05:00:00+01:00,2016-02-10T04:00:00Z,2016-02-10T05:00:00+01:00
10.7875,,,False,1,pm10,µg/m³,,raw,01:00:00,2016-02-10T04:00:00Z,2016-02-10T05:00:00+01:00,2016-02-10T05:00:00Z,2016-02-10T06:00:00+01:00,1,01:00:00,1,24:00:00,100.0,2400.0,2016-02-09T05:00:00Z,2016-02-09T06:00:00+01:00,2016-02-10T05:00:00Z,2016-02-10T06:00:00+01:00
10.1875,,,False,1,pm10,µg/m³,,raw,01:00:00,2016-02-10T05:00:00Z,2016-02-10T06:00:00+01:00,2016-02-10T06:00:00Z,2016-02-10T07:00:00+01:00,1,01:00:00,1,24:00:00,100.0,2400.0,2016-02-09T06:00:00Z,2016-02-09T07:00:00+01:00,2016-02-10T06:00:00Z,2016-02-10T07:00:00+01:00
10.1333333333333,,,False,1,pm10,µg/m³,,raw,01:00:00,2016-02-10T06:00:00Z,2016-02-10T07:00:00+01:00,2016-02-10T07:00:00Z,2016-02-10T08:00:00+01:00,1,01:00:00,1,24:00:00,100.0,2400.0,2016-02-09T07:00:00Z,2016-02-09T08:00:00+01:00,2016-02-10T07:00:00Z,2016-02-10T08:00:00+01:00
10.0458333333333,,,False,1,pm10,µg/m³,,raw,01:00:00,2016-02-10T07:00:00Z,2016-02-10T08:00:00+01:00,2016-02-10T08:00:00Z,2016-02-10T09:00:00+01:00,1,01:00:00,1,24:00:00,100.0,2400.0,2016-02-09T08:00:00Z,2016-02-09T09:00:00+01:00,2016-02-10T08:00:00Z,2016-02-10T09:00:00+01:00
9.94583333333333,,,False,1,pm10,µg/m³,,raw,01:00:00,2016-02-10T08:00:00Z,2016-02-10T09:00:00+01:00,2016-02-10T09:00:00Z,2016-02-10T10:00:00+01:00,1,01:00:00,1,24:00:00,100.0,2400.0,2016-02-09T09:00:00Z,2016-02-09T10:00:00+01:00,2016-02-10T09:00:00Z,2016-02-10T10:00:00+01:00
9.75416666666667,,,False,1,pm10,µg/m³,,raw,01:00:00,2016-02-10T09:00:00Z,2016-02-10T10:00:00+01:00,2016-02-10T10:00:00Z,2016-02-10T11:00:00+01:00,1,01:00:00,1,24:00:00,100.0,2400.0,2016-02-09T10:00:00Z,2016-02-09T11:00:00+01:00,2016-02-10T10:00:00Z,2016-02-10T11:00:00+01:00
9.35416666666667,,,False,1,pm10,µg/m³,,raw,01:00:00,2016-02-10T10:00:00Z,2016-02-10T11:00:00+01:00,2016-02-10T11:00:00Z,2016-02-10T12:00:00+01:00,1,01:00:00,1,24:00:00,100.0,2400.0,2016-02-09T11:00:00Z,2016-02-09T12:00:00+01:00,2016-02-10T11:00:00Z,2016-02-10T12:00:00+01:00
8.84583333333333,,,False,1,pm10,µg/m³,,raw,01:00:00,2016-02-10T11:00:00Z,2016-02-10T12:00:00+01:00,2016-02-10T12:00:00Z,2016-02-10T13:00:00+01:00,1,01:00:00,1,24:00:00,100.0,2400.0,2016-02-09T12:00:00Z,2016-02-09T13:00:00+01:00,2016-02-10T12:00:00Z,2016-02-10T13:00:00+01:00
8.34166666666667,,,False,1,pm10,µg/m³,,raw,01:00:00,2016-02-10T12:00:00Z,2016-02-10T13:00:00+01:00,2016-02-10T13:00:00Z,2016-02-10T14:00:00+01:00,1,01:00:00,1,24:00:00,100.0,2400.0,2016-02-09T13:00:00Z,2016-02-09T14:00:00+01:00,2016-02-10T13:00:00Z,2016-02-10T14:00:00+01:00
8.28260869565217,,,False,1,pm10,µg/m³,,raw,01:00:00,2016-02-10T13:00:00Z,2016-02-10T14:00:00+01:00,2016-02-10T14:00:00Z,2016-02-10T15:00:00+01:00,1,01:00:00,1,24:00:00,100.0,2400.0,2016-02-09T14:00:00Z,2016-02-09T15:00:00+01:00,2016-02-10T14:00:00Z,2016-02-10T15:00:00+01:00
8.5,,,False,1,pm10,µg/m³,,raw,01:00:00,2016-02-10T14:00:00Z,2016-02-10T15:00:00+01:00,2016-02-10T15:00:00Z,2016-02-10T16:00:00+01:00,1,01:00:00,1,24:00:00,100.0,2400.0,2016-02-09T15:00:00Z,2016-02-09T16:00:00+01:00,2016-02-10T15:00:00Z,2016-02-10T16:00:00+01:00
8.79583333333333,,,False,1,pm10,µg/m³,,raw,01:00:00,2016-02-10T15:00:00Z,2016-02-10T16:00:00+01:00,2016-02-10T16:00:00Z,2016-02-10T17:00:00+01:00,1,01:00:00,1,24:00:00,100.0,2400.0,2016-02-09T16:00:00Z,2016-02-09T17:00:00+01:00,2016-02-10T16:00:00Z,2016-02-10T17:00:00+01:00
9.0375,,,False,1,pm10,µg/m³,,raw,01:00:00,2016-02-10T16:00:00Z,2016-02-10T17:00:00+01:00,2016-02-10T17:00:00Z,2016-02-10T18:00:00+01:00,1,01:00:00,1,24:00:00,100.0,2400.0,2016-02-09T17:00:00Z,2016-02-09T18:00:00+01:00,2016-02-10T17:00:00Z,2016-02-10T18:00:00+01:00
9.22083333333333,,,False,1,pm10,µg/m³,,raw,01:00:00,2016-02-10T17:00:00Z,2016-02-10T18:00:00+01:00,2016-02-10T18:00:00Z,2016-02-10T19:00:00+01:00,1,01:00:00,1,24:00:00,100.0,2400.0,2016-02-09T18:00:00Z,2016-02-09T19:00:00+01:00,2016-02-10T18:00:00Z,2016-02-10T19:00:00+01:00
9.58333333333333,,,False,1,pm10,µg/m³,,raw,01:00:00,2016-02-10T18:00:00Z,2016-02-10T19:00:00+01:00,2016-02-10T19:00:00Z,2016-02-10T20:00:00+01:00,1,01:00:00,1,24:00:00,100.0,2400.0,2016-02-09T19:00:00Z,2016-02-09T20:00:00+01:00,2016-02-10T19:00:00Z,2016-02-10T20:00:00+01:00
9.55416666666667,,,False,1,pm10,µg/m³,,raw,01:00:00,2016-02-10T19:00:00Z,2016-02-10T20:00:00+01:00,2016-02-10T20:00:00Z,2016-02-10T21:00:00+01:00,1,01:00:00,1,24:00:00,100.0,2400.0,2016-02-09T20:00:00Z,2016-02-09T21:00:00+01:00,2016-02-10T20:00:00Z,2016-02-10T21:00:00+01:00
9.4375,,,False,1,pm10,µg/m³,,raw,01:00:00,2016-02-10T20:00:00Z,2016-02-10T21:00:00+01:00,2016-02-10T21:00:00Z,2016-02-10T22:00:00+01:00,1,01:00:00,1,24:00:00,100.0,2400.0,2016-02-09T21:00:00Z,2016-02-09T22:00:00+01:00,2016-02-10T21:00:00Z,2016-02-10T22:00:00+01:00
9.3125,,,False,1,pm10,µg/m³,,raw,01:00:00,2016-02-10T21:00:00Z,2016-02-10T22:00:00+01:00,2016-02-10T22:00:00Z,2016-02-10T23:00:00+01:00,1,01:00:00,1,24:00:00,100.0,2400.0,2016-02-09T22:00:00Z,2016-02-09T23:00:00+01:00,2016-02-10T22:00:00Z,2016-02-10T23:00:00+01:00
9.32608695652174,,,False,1,pm10,µg/m³,,raw,01:00:00,2016-02-10T22:00:00Z,2016-02-10T23:00:00+01:00,2016-02-10T23:00:00Z,2016-02-11T00:00:00+01:00,1,01:00:00,1,24:00:00,100.0,2400.0,2016-02-09T23:00:00Z,2016-02-10T00:00:00+01:00,2016-02-10T23:00:00Z,2016-02-11T00:00:00+01:00
9.47916666666667,,,False,1,pm10,µg/m³,,raw,01:00:00,2016-02-10T23:00:00Z,2016-02-11T00:00:00+01:00,2016-02-11T00:00:00Z,2016-02-11T01:00:00+01:00,1,01:00:00,1,24:00:00,100.0,2400.0,2016-02-10T00:00:00Z,2016-02-10T01:00:00+01:00,2016-02-11T00:00:00Z,2016-02-11T01:00:00+01:00
9.65833333333333,,,False,1,pm10,µg/m³,,raw,01:00:00,2016-02-11T00:00:00Z,2016-02-11T01:00:00+01:00,2016-02-11T01:00:00Z,2016-02-11T02:00:00+01:00,1,01:00:00,1,24:00:00,100.0,2400.0,2016-02-10T01:00:00Z,2016-02-10T02:00:00+01:00,2016-02-11T01:00:00Z,2016-02-11T02:00:00+01:00
9.4375,,,False,1,pm10,µg/m³,,raw,01:00:00,2016-02-11T01:00:00Z,2016-02-11T02:00:00+01:00,2016-02-11T02:00:00Z,2016-02-11T03:00:00+01:00,1,01:00:00,1,24:00:00,100.0,2400.0,2016-02-10T02:00:00Z,2016-02-10T03:00:00+01:00,2016-02-11T02:00:00Z,2016-02-11T03:00:00+01:00
9.5,,,False,1,pm10,µg/m³,,raw,01:00:00,2016-02-11T02:00:00Z,2016-02-11T03:00:00+01:00,2016-02-11T03:00:00Z,2016-02-11T04:00:00+01:00,1,01:00:00,1,24:00:00,100.0,2400.0,2016-02-10T03:00:00Z,2016-02-10T04:00:00+01:00,2016-02-11T03:00:00Z,2016-02-11T04:00:00+01:00
9.52916666666667,,,False,1,pm10,µg/m³,,raw,01:00:00,2016-02-11T03:00:00Z,2016-02-11T04:00:00+01:00,2016-02-11T04:00:00Z,2016-02-11T05:00:00+01:00,1,01:00:00,1,24:00:00,100.0,2400.0,2016-02-10T04:00:00Z,2016-02-10T05:00:00+01:00,2016-02-11T04:00:00Z,2016-02-11T05:00:00+01:00
9.61739130434783,,,False,1,pm10,µg/m³,,raw,01:00:00,2016-02-11T04:00:00Z,2016-02-11T05:00:00+01:00,2016-02-11T05:00:00Z,2016-02-11T06:00:00+01:00,1,01:00:00,1,24:00:00,100.0,2400.0,2016-02-10T05:00:00Z,2016-02-10T06:00:00+01:00,2016-02-11T05:00:00Z,2016-02-11T06:00:00+01:00
9.92083333333333,,,False,1,pm10,µg/m³,,raw,01:00:00,2016-02-11T05:00:00Z,2016-02-11T06:00:00+01:00,2016-02-11T06:00:00Z,2016-02-11T07:00:00+01:00,1,01:00:00,1,24:00:00,100.0,2400.0,2016-02-10T06:00:00Z,2016-02-10T07:00:00+01:00,2016-02-11T06:00:00Z,2016-02-11T07:00:00+01:00
10.1708333333333,,,False,1,pm10,µg/m³,,raw,01:00:00,2016-02-11T06:00:00Z,2016-02-11T07:00:00+01:00,2016-02-11T07:00:00Z,2016-02-11T08:00:00+01:00,1,01:00:00,1,24:00:00,100.0,2400.0,2016-02-10T07:00:00Z,2016-02-10T08:00:00+01:00,2016-02-11T07:00:00Z,2016-02-11T08:00:00+01:00
10.5583333333333,,,False,1,pm10,µg/m³,,raw,01:00:00,2016-02-11T07:00:00Z,2016-02-11T08:00:00+01:00,2016-02-11T08:00:00Z,2016-02-11T09:00:00+01:00,1,01:00:00,1,24:00:00,100.0,2400.0,2016-02-10T08:00:00Z,2016-02-10T09:00:00+01:00,2016-02-11T08:00:00Z,2016-02-11T09:00:00+01:00
10.7916666666667,,,False,1,pm10,µg/m³,,raw,01:00:00,2016-02-11T08:00:00Z,2016-02-11T09:00:00+01:00,2016-02-11T09:00:00Z,2016-02-11T10:00:00+01:00,1,01:00:00,1,24:00:00,100.0,2400.0,2016-02-10T09:00:00Z,2016-02-10T10:00:00+01:00,2016-02-11T09:00:00Z,2016-02-11T10:00:00+01:00
10.8625,,,False,1,pm10,µg/m³,,raw,01:00:00,2016-02-11T09:00:00Z,2016-02-11T10:00:00+01:00,2016-02-11T10:00:00Z,2016-02-11T11:00:00+01:00,1,01:00:00,1,24:00:00,100.0,2400.0,2016-02-10T10:00:00Z,2016-02-10T11:00:00+01:00,2016-02-11T10:00:00Z,2016-02-11T11:00:00+01:00
10.9291666666667,,,False,1,pm10,µg/m³,,raw,01:00:00,2016-02-11T10:00:00Z,2016-02-11T11:00:00+01:00,2016-02-11T11:00:00Z,2016-02-11T12:00:00+01:00,1,01:00:00,1,24:00:00,100.0,2400.0,2016-02-10T11:00:00Z,2016-02-10T12:00:00+01:00,2016-02-11T11:00:00Z,2016-02-11T12:00:00+01:00
11.1708333333333,,,False,1,pm10,µg/m³,,raw,01:00:00,2016-02-11T11:00:00Z,2016-02-11T12:00:00+01:00,2016-02-11T12:00:00Z,2016-02-11T13:00:00+01:00,1,01:00:00,1,24:00:00,100.0,2400.0,2016-02-10T12:00:00Z,2016-02-10T13:00:00+01:00,2016-02-11T12:00:00Z,2016-02-11T13:00:00+01:00
11.2583333333333,,,False,1,pm10,µg/m³,,raw,01:00:00,2016-02-11T12:00:00Z,2016-02-11T13:00:00+01:00,2016-02-11T13:00:00Z,2016-02-11T14:00:00+01:00,1,01:00:00,1,24:00:00,100.0,2400.0,2016-02-10T13:00:00Z,2016-02-10T14:00:00+01:00,2016-02-11T13:00:00Z,2016-02-11T14:00:00+01:00
11.3166666666667,,,False,1,pm10,µg/m³,,raw,01:00:00,2016-02-11T13:00:00Z,2016-02-11T14:00:00+01:00,2016-02-11T14:00:00Z,2016-02-11T15:00:00+01:00,1,01:00:00,1,24:00:00,100.0,2400.0,2016-02-10T14:00:00Z,2016-02-10T15:00:00+01:00,2016-02-11T14:00:00Z,2016-02-11T15:00:00+01:00
11.1166666666667,,,False,1,pm10,µg/m³,,raw,01:00:00,2016-02-11T14:00:00Z,2016-02-11T15:00:00+01:00,2016-02-11T15:00:00Z,2016-02-11T16:00:00+01:00,1,01:00:00,1,24:00:00,100.0,2400.0,2016-02-10T15:00:00Z,2016-02-10T16:00:00+01:00,2016-02-11T15:00:00Z,2016-02-11T16:00:00+01:00
10.8,,,False,1,pm10,µg/m³,,raw,01:00:00,2016-02-11T15:00:00Z,2016-02-11T16:00:00+01:00,2016-02-11T16:00:00Z,2016-02-11T17:00:00+01:00,1,01:00:00,1,24:00:00,100.0,2400.0,2016-02-10T16:00:00Z,2016-02-10T17:00:00+01:00,2016-02-11T16:00:00Z,2016-02-11T17:00:00+01:00
10.5125,,,False,1,pm10,µg/m³,,raw,01:00:00,2016-02-11T16:00:00Z,2016-02-11T17:00:00+01:00,2016-02-11T17:00:00Z,2016-02-11T18:00:00+01:00,1,01:00:00,1,24:00:00,100.0,2400.0,2016-02-10T17:00:00Z,2016-02-10T18:00:00+01:00,2016-02-11T17:00:00Z,2016-02-11T18:00:00+01:00
10.4208333333333,,,False,1,pm10,µg/m³,,raw,01:00:00,2016-02-11T17:00:00Z,2016-02-11T18:00:00+01:00,2016-02-11T18:00:00Z,2016-02-11T19:00:00+01:00,1,01:00:00,1,24:00:00,100.0,2400.0,2016-02-10T18:00:00Z,2016-02-10T19:00:00+01:00,2016-02-11T18:00:00Z,2016-02-11T19:00:00+01:00
10.3916666666667,,,False,1,pm10,µg/m³,,raw,01:00:00,2016-02-11T18:00:00Z,2016-02-11T19:00:00+01:00,2016-02-11T19:00:00Z,2016-02-11T20:00:00+01:00,1,01:00:00,1,24:00:00,100.0,2400.0,2016-02-10T19:00:00Z,2016-02-10T20:00:00+01:00,2016-02-11T19:00:00Z,2016-02-11T20:00:00+01:00
10.2434782608696,,,False,1,pm10,µg/m³,,raw,01:00:00,2016-02-11T19:00:00Z,2016-02-11T20:00:00+01:00,2016-02-11T20:00:00Z,2016-02-11T21:00:00+01:00,1,01:00:00,1,24:00:00,100.0,2400.0,2016-02-10T20:00:00Z,2016-02-10T21:00:00+01:00,2016-02-11T20:00:00Z,2016-02-11T21:00:00+01:00
10.7625,,,False,1,pm10,µg/m³,,raw,01:00:00,2016-02-11T20:00:00Z,2016-02-11T21:00:00+01:00,2016-02-11T21:00:00Z,2016-02-11T22:00:00+01:00,1,01:00:00,1,24:00:00,100.0,2400.0,2016-02-10T21:00:00Z,2016-02-10T22:00:00+01:00,2016-02-11T21:00:00Z,2016-02-11T22:00:00+01:00
11.0791666666667,,,False,1,pm10,µg/m³,,raw,01:00:00,2016-02-11T21:00:00Z,2016-02-11T22:00:00+01:00,2016-02-11T22:00:00Z,2016-02-11T23:00:00+01:00,1,01:00:00,1,24:00:00,100.0,2400.0,2016-02-10T22:00:00Z,2016-02-10T23:00:00+01:00,2016-02-11T22:00:00Z,2016-02-11T23:00:00+01:00
11.1869565217391,,,False,1,pm10,µg/m³,,raw,01:00:00,2016-02-11T22:00:00Z,2016-02-11T23:00:00+01:00,2016-02-11T23:00:00Z,2016-02-12T00:00:00+01:00,1,01:00:00,1,24:00:00,100.0,2400.0,2016-02-10T23:00:00Z,2016-02-11T00:00:00+01:00,2016-02-11T23:00:00Z,2016-02-12T00:00:00+01:00
11.7041666666667,,,False,1,pm10,µg/m³,,raw,01:00:00,2016-02-11T23:00:00Z,2016-02-12T00:00:00+01:00,2016-02-12T00:00:00Z,2016-02-12T01:00:00+01:00,1,01:00:00,1,24:00:00,100.0,2400.0,2016-02-11T00:00:00Z,2016-02-11T01:00:00+01:00,2016-02-12T00:00:00Z,2016-02-12T01:00:00+01:00
11.8625,,,False,1,pm10,µg/m³,,raw,01:00:00,2016-02-12T00:00:00Z,2016-02-12T01:00:00+01:00,2016-02-12T01:00:00Z,2016-02-12T02:00:00+01:00,1,01:00:00,1,24:00:00,100.0,2400.0,2016-02-11T01:00:00Z,2016-02-11T02:00:00+01:00,2016-02-12T01:00:00Z,2016-02-12T02:00:00+01:00
12.1958333333333,,,False,1,pm10,µg/m³,,raw,01:00:00,2016-02-12T01:00:00Z,2016-02-12T02:00:00+01:00,2016-02-12T02:00:00Z,2016-02-12T03:00:00+01:00,1,01:00:00,1,24:00:00,100.0,2400.0,2016-02-11T02:00:00Z,2016-02-11T03:00:00+01:00,2016-02-12T02:00:00Z,2016-02-12T03:00:00+01:00
12.6041666666667,,,False,1,pm10,µg/m³,,raw,01:00:00,2016-02-12T02:00:00Z,2016-02-12T03:00:00+01:00,2016-02-12T03:00:00Z,2016-02-12T04:00:00+01:00,1,01:00:00,1,24:00:00,100.0,2400.0,2016-02-11T03:00:00Z,2016-02-11T04:00:00+01:00,2016-02-12T03:00:00Z,2016-02-12T04:00:00+01:00
13.3291666666667,,,False,1,pm10,µg/m³,,raw,01:00:00,2016-02-12T03:00:00Z,2016-02-12T04:00:00+01:00,2016-02-12T04:00:00Z,2016-02-12T05:00:00+01:00,1,01:00:00,1,24:00:00,100.0,2400.0,2016-02-11T04:00:00Z,2016-02-11T05:00:00+01:00,2016-02-12T04:00:00Z,2016-02-12T05:00:00+01:00
14.0416666666667,,,False,1,pm10,µg/m³,,raw,01:00:00,2016-02-12T04:00:00Z,2016-02-12T05:00:00+01:00,2016-02-12T05:00:00Z,2016-02-12T06:00:00+01:00,1,01:00:00,1,24:00:00,100.0,2400.0,2016-02-11T05:00:00Z,2016-02-11T06:00:00+01:00,2016-02-12T05:00:00Z,2016-02-12T06:00:00+01:00
14.9208333333333,,,False,1,pm10,µg/m³,,raw,01:00:00,2016-02-12T05:00:00Z,2016-02-12T06:00:00+01:00,2016-02-12T06:00:00Z,2016-02-12T07:00:00+01:00,1,01:00:00,1,24:00:00,100.0,2400.0,2016-02-11T06:00:00Z,2016-02-11T07:00:00+01:00,2016-02-12T06:00:00Z,2016-02-12T07:00:00+01:00
15.9791666666667,,,False,1,pm10,µg/m³,,raw,01:00:00,2016-02-12T06:00:00Z,2016-02-12T07:00:00+01:00,2016-02-12T07:00:00Z,2016-02-12T08:00:00+01:00,1,01:00:00,1,24:00:00,100.0,2400.0,2016-02-11T07:00:00Z,2016-02-11T08:00:00+01:00,2016-02-12T07:00:00Z,2016-02-12T08:00:00+01:00
16.95,,,False,1,pm10,µg/m³,,raw,01:00:00,2016-02-12T07:00:00Z,2016-02-12T08:00:00+01:00,2016-02-12T08:00:00Z,2016-02-12T09:00:00+01:00,1,01:00:00,1,24:00:00,100.0,2400.0,2016-02-11T08:00:00Z,2016-02-11T09:00:00+01:00,2016-02-12T08:00:00Z,2016-02-12T09:00:00+01:00
17.7833333333333,,,False,1,pm10,µg/m³,,raw,01:00:00,2016-02-12T08:00:00Z,2016-02-12T09:00:00+01:00,2016-02-12T09:00:00Z,2016-02-12T10:00:00+01:00,1,01:00:00,1,24:00:00,100.0,2400.0,2016-02-11T09:00:00Z,2016-02-11T10:00:00+01:00,2016-02-12T09:00:00Z,2016-02-12T10:00:00+01:00
18.525,,,False,1,pm10,µg/m³,,raw,01:00:00,2016-02-12T09:00:00Z,2016-02-12T10:00:00+01:00,2016-02-12T10:00:00Z,2016-02-12T11:00:00+01:00,1,01:00:00,1,24:00:00,100.0,2400.0,2016-02-11T10:00:00Z,2016-02-11T11:00:00+01:00,2016-02-12T10:00:00Z,2016-02-12T11:00:00+01:00
18.9347826086957,,,False,1,pm10,µg/m³,,raw,01:00:00,2016-02-12T10:00:00Z,2016-02-12T11:00:00+01:00,2016-02-12T11:00:00Z,2016-02-12T12:00:00+01:00,1,01:00:00,1,24:00:00,100.0,2400.0,2016-02-11T11:00:00Z,2016-02-11T12:00:00+01:00,2016-02-12T11:00:00Z,2016-02-12T12:00:00+01:00
19.5041666666667,,,False,1,pm10,µg/m³,,raw,01:00:00,2016-02-12T11:00:00Z,2016-02-12T12:00:00+01:00,2016-02-12T12:00:00Z,2016-02-12T13:00:00+01:00,1,01:00:00,1,24:00:00,100.0,2400.0,2016-02-11T12:00:00Z,2016-02-11T13:00:00+01:00,2016-02-12T12:00:00Z,2016-02-12T13:00:00+01:00
20.0375,,,False,1,pm10,µg/m³,,raw,01:00:00,2016-02-12T12:00:00Z,2016-02-12T13:00:00+01:00,2016-02-12T13:00:00Z,2016-02-12T14:00:00+01:00,1,01:00:00,1,24:00:00,100.0,2400.0,2016-02-11T13:00:00Z,2016-02-11T14:00:00+01:00,2016-02-12T13:00:00Z,2016-02-12T14:00:00+01:00
20.5625,,,False,1,pm10,µg/m³,,raw,01:00:00,2016-02-12T13:00:00Z,2016-02-12T14:00:00+01:00,2016-02-12T14:00:00Z,2016-02-12T15:00:00+01:00,1,01:00:00,1,24:00:00,100.0,2400.0,2016-02-11T14:00:00Z,2016-02-11T15:00:00+01:00,2016-02-12T14:00:00Z,2016-02-12T15:00:00+01:00
21.1,,,False,1,pm10,µg/m³,,raw,01:00:00,2016-02-12T14:00:00Z,2016-02-12T15:00:00+01:00,2016-02-12T15:00:00Z,2016-02-12T16:00:00+01:00,1,01:00:00,1,24:00:00,100.0,2400.0,2016-02-11T15:00:00Z,2016-02-11T16:00:00+01:00,2016-02-12T15:00:00Z,2016-02-12T16:00:00+01:00
21.7708333333333,,,False,1,pm10,µg/m³,,raw,01:00:00,2016-02-12T15:00:00Z,2016-02-12T16:00:00+01:00,2016-02-12T16:00:00Z,2016-02-12T17:00:00+01:00,1,01:00:00,1,24:00:00,100.0,2400.0,2016-02-11T16:00:00Z,2016-02-11T17:00:00+01:00,2016-02-12T16:00:00Z,2016-02-12T17:00:00+01:00
22.2958333333333,,,False,1,pm10,µg/m³,,raw,01:00:00,2016-02-12T16:00:00Z,2016-02-12T17:00:00+01:00,2016-02-12T17:00:00Z,2016-02-12T18:00:00+01:00,1,01:00:00,1,24:00:00,100.0,2400.0,2016-02-11T17:00:00Z,2016-02-11T18:00:00+01:00,2016-02-12T17:00:00Z,2016-02-12T18:00:00+01:00
22.6458333333333,,,False,1,pm10,µg/m³,,raw,01:00:00,2016-02-12T17:00:00Z,2016-02-12T18:00:00+01:00,2016-02-12T18:00:00Z,2016-02-12T19:00:00+01:00,1,01:00:00,1,24:00:00,100.0,2400.0,2016-02-11T18:00:00Z,2016-02-11T19:00:00+01:00,2016-02-12T18:00:00Z,2016-02-12T19:00:00+01:00
22.7625,,,False,1,pm10,µg/m³,,raw,01:00:00,2016-02-12T18:00:00Z,2016-02-12T19:00:00+01:00,2016-02-12T19:00:00Z,2016-02-12T20:00:00+01:00,1,01:00:00,1,24:00:00,100.0,2400.0,2016-02-11T19:00:00Z,2016-02-11T20:00:00+01:00,2016-02-12T19:00:00Z,2016-02-12T20:00:00+01:00
23.1583333333333,,,False,1,pm10,µg/m³,,raw,01:00:00,2016-02-12T19:00:00Z,2016-02-12T20:00:00+01:00,2016-02-12T20:00:00Z,2016-02-12T21:00:00+01:00,1,01:00:00,1,24:00:00,100.0,2400.0,2016-02-11T20:00:00Z,2016-02-11T21:00:00+01:00,2016-02-12T20:00:00Z,2016-02-12T21:00:00+01:00
23.5416666666667,,,False,1,pm10,µg/m³,,raw,01:00:00,2016-02-12T20:00:00Z,2016-02-12T21:00:00+01:00,2016-02-12T21:00:00Z,2016-02-12T22:00:00+01:00,1,01:00:00,1,24:00:00,100.0,2400.0,2016-02-11T21:00:00Z,2016-02-11T22:00:00+01:00,2016-02-12T21:00:00Z,2016-02-12T22:00:00+01:00
23.8541666666667,,,False,1,pm10,µg/m³,,raw,01:00:00,2016-02-12T21:00:00Z,2016-02-12T22:00:00+01:00,2016-02-12T22:00:00Z,2016-02-12T23:00:00+01:00,1,01:00:00,1,24:00:00,100.0,2400.0,2016-02-11T22:00:00Z,2016-02-11T23:00:00+01:00,2016-02-12T22:00:00Z,2016-02-12T23:00:00+01:00
24.1913043478261,,,False,1,pm10,µg/m³,,raw,01:00:00,2016-02-12T22:00:00Z,2016-02-12T23:00:00+01:00,2016-02-12T23:00:00Z,2016-02-13T00:00:00+01:00,1,01:00:00,1,24:00:00,100.0,2400.0,2016-02-11T23:00:00Z,2016-02-12T00:00:00+01:00,2016-02-12T23:00:00Z,2016-02-13T00:00:00+01:00
24.7916666666667,,,False,1,pm10,µg/m³,,raw,01:00:00,2016-02-12T23:00:00Z,2016-02-13T00:00:00+01:00,2016-02-13T00:00:00Z,2016-02-13T01:00:00+01:00,1,01:00:00,1,24:00:00,100.0,2400.0,2016-02-12T00:00:00Z,2016-02-12T01:00:00+01:00,2016-02-13T00:00:00Z,2016-02-13T01:00:00+01:00
25.5166666666667,,,False,1,pm10,µg/m³,,raw,01:00:00,2016-02-13T00:00:00Z,2016-02-13T01:00:00+01:00,2016-02-13T01:00:00Z,2016-02-13T02:00:00+01:00,1,01:00:00,1,24:00:00,100.0,2400.0,2016-02-12T01:00:00Z,2016-02-12T02:00:00+01:00,2016-02-13T01:00:00Z,2016-02-13T02:00:00+01:00
25.904347826087,,,False,1,pm10,µg/m³,,raw,01:00:00,2016-02-13T01:00:00Z,2016-02-13T02:00:00+01:00,2016-02-13T02:00:00Z,2016-02-13T03:00:00+01:00,1,01:00:00,1,24:00:00,100.0,2400.0,2016-02-12T02:00:00Z,2016-02-12T03:00:00+01:00,2016-02-13T02:00:00Z,2016-02-13T03:00:00+01:00
26.2875,,,False,1,pm10,µg/m³,,raw,01:00:00,2016-02-13T02:00:00Z,2016-02-13T03:00:00+01:00,2016-02-13T03:00:00Z,2016-02-13T04:00:00+01:00,1,01:00:00,1,24:00:00,100.0,2400.0,2016-02-12T03:00:00Z,2016-02-12T04:00:00+01:00,2016-02-13T03:00:00Z,2016-02-13T04:00:00+01:00
26.3833333333333,,,False,1,pm10,µg/m³,,raw,01:00:00,2016-02-13T03:00:00Z,2016-02-13T04:00:00+01:00,2016-02-13T04:00:00Z,2016-02-13T05:00:00+01:00,1,01:00:00,1,24:00:00,100.0,2400.0,2016-02-12T04:00:00Z,2016-02-12T05:00:00+01:00,2016-02-13T04:00:00Z,2016-02-13T05:00:00+01:00
26.4208333333333,,,False,1,pm10,µg/m³,,raw,01:00:00,2016-02-13T04:00:00Z,2016-02-13T05:00:00+01:00,2016-02-13T05:00:00Z,2016-02-13T06:00:00+01:00,1,01:00:00,1,24:00:00,100.0,2400.0,2016-02-12T05:00:00Z,2016-02-12T06:00:00+01:00,2016-02-13T05:00:00Z,2016-02-13T06:00:00+01:00
26.2208333333333,,,False,1,pm10,µg/m³,,raw,01:00:00,2016-02-13T05:00:00Z,2016-02-13T06:00:00+01:00,2016-02-13T06:00:00Z,2016-02-13T07:00:00+01:00,1,01:00:00,1,24:00:00,100.0,2400.0,2016-02-12T06:00:00Z,2016-02-12T07:00:00+01:00,2016-02-13T06:00:00Z,2016-02-13T07:00:00+01:00
25.8708333333333,,,False,1,pm10,µg/m³,,raw,01:00:00,2016-02-13T06:00:00Z,2016-02-13T07:00:00+01:00,2016-02-13T07:00:00Z,2016-02-13T08:00:00+01:00,1,01:00:00,1,24:00:00,100.0,2400.0,2016-02-12T07:00:00Z,2016-02-12T08:00:00+01:00,2016-02-13T07:00:00Z,2016-02-13T08:00:00+01:00
25.4208333333333,,,False,1,pm10,µg/m³,,raw,01:00:00,2016-02-13T07:00:00Z,2016-02-13T08:00:00+01:00,2016-02-13T08:00:00Z,2016-02-13T09:00:00+01:00,1,01:00:00,1,24:00:00,100.0,2400.0,2016-02-12T08:00:00Z,2016-02-12T09:00:00+01:00,2016-02-13T08:00:00Z,2016-02-13T09:00:00+01:00
25.1625,,,False,1,pm10,µg/m³,,raw,01:00:00,2016-02-13T08:00:00Z,2016-02-13T09:00:00+01:00,2016-02-13T09:00:00Z,2016-02-13T10:00:00+01:00,1,01:00:00,1,24:00:00,100.0,2400.0,2016-02-12T09:00:00Z,2016-02-12T10:00:00+01:00,2016-02-13T09:00:00Z,2016-02-13T10:00:00+01:00
25.2083333333333,,,False,1,pm10,µg/m³,,raw,01:00:00,2016-02-13T09:00:00Z,2016-02-13T10:00:00+01:00,2016-02-13T10:00:00Z,2016-02-13T11:00:00+01:00,1,01:00:00,1,24:00:00,100.0,2400.0,2016-02-12T10:00:00Z,2016-02-12T11:00:00+01:00,2016-02-13T10:00:00Z,2016-02-13T11:00:00+01:00
25.3666666666667,,,False,1,pm10,µg/m³,,raw,01:00:00,2016-02-13T10:00:00Z,2016-02-13T11:00:00+01:00,2016-02-13T11:00:00Z,2016-02-13T12:00:00+01:00,1,01:00:00,1,24:00:00,100.0,2400.0,2016-02-12T11:00:00Z,2016-02-12T12:00:00+01:00,2016-02-13T11:00:00Z,2016-02-13T12:00:00+01:00
25.5541666666667,,,False,1,pm10,µg/m³,,raw,01:00:00,2016-02-13T11:00:00Z,2016-02-13T12:00:00+01:00,2016-02-13T12:00:00Z,2016-02-13T13:00:00+01:00,1,01:00:00,1,24:00:00,100.0,2400.0,2016-02-12T12:00:00Z,2016-02-12T13:00:00+01:00,2016-02-13T12:00:00Z,2016-02-13T13:00:00+01:00
25.8583333333333,,,False,1,pm10,µg/m³,,raw,01:00:00,2016-02-13T12:00:00Z,2016-02-13T13:00:00+01:00,2016-02-13T13:00:00Z,2016-02-13T14:00:00+01:00,1,01:00:00,1,24:00:00,100.0,2400.0,2016-02-12T13:00:00Z,2016-02-12T14:00:00+01:00,2016-02-13T13:00:00Z,2016-02-13T14:00:00+01:00
26.25,,,False,1,pm10,µg/m³,,raw,01:00:00,2016-02-13T13:00:00Z,2016-02-13T14:00:00+01:00,2016-02-13T14:00:00Z,2016-02-13T15:00:00+01:00,1,01:00:00,1,24:00:00,100.0,2400.0,2016-02-12T14:00:00Z,2016-02-12T15:00:00+01:00,2016-02-13T14:00:00Z,2016-02-13T15:00:00+01:00
26.3083333333333,,,False,1,pm10,µg/m³,,raw,01:00:00,2016-02-13T14:00:00Z,2016-02-13T15:00:00+01:00,2016-02-13T15:00:00Z,2016-02-13T16:00:00+01:00,1,01:00:00,1,24:00:00,100.0,2400.0,2016-02-12T15:00:00Z,2016-02-12T16:00:00+01:00,2016-02-13T15:00:00Z,2016-02-13T16:00:00+01:00
26.3125,,,False,1,pm10,µg/m³,,raw,01:00:00,2016-02-13T15:00:00Z,2016-02-13T16:00:00+01:00,2016-02-13T16:00:00Z,2016-02-13T17:00:00+01:00,1,01:00:00,1,24:00:00,100.0,2400.0,2016-02-12T16:00:00Z,2016-02-12T17:00:00+01:00,2016-02-13T16:00:00Z,2016-02-13T17:00:00+01:00
26.5391304347826,,,False,1,pm10,µg/m³,,raw,01:00:00,2016-02-13T16:00:00Z,2016-02-13T17:00:00+01:00,2016-02-13T17:00:00Z,2016-02-13T18:00:00+01:00,1,01:00:00,1,24:00:00,100.0,2400.0,2016-02-12T17:00:00Z,2016-02-12T18:00:00+01:00,2016-02-13T17:00:00Z,2016-02-13T18:00:00+01:00
26.6333333333333,,,False,1,pm10,µg/m³,,raw,01:00:00,2016-02-13T17:00:00Z,2016-02-13T18:00:00+01:00,2016-02-13T18:00:00Z,2016-02-13T19:00:00+01:00,1,01:00:00,1,24:00:00,100.0,2400.0,2016-02-12T18:00:00Z,2016-02-12T19:00:00+01:00,2016-02-13T18:00:00Z,2016-02-13T19:00:00+01:00
27.05,,,False,1,pm10,µg/m³,,raw,01:00:00,2016-02-13T18:00:00Z,2016-02-13T19:00:00+01:00,2016-02-13T19:00:00Z,2016-02-13T20:00:00+01:00,1,01:00:00,1,24:00:00,100.0,2400.0,2016-02-12T19:00:00Z,2016-02-12T20:00:00+01:00,2016-02-13T19:00:00Z,2016-02-13T20:00:00+01:00
27.325,,,False,1,pm10,µg/m³,,raw,01:00:00,2016-02-13T19:00:00Z,2016-02-13T20:00:00+01:00,2016-02-13T20:00:00Z,2016-02-13T21:00:00+01:00,1,01:00:00,1,24:00:00,100.0,2400.0,2016-02-12T20:00:00Z,2016-02-12T21:00:00+01:00,2016-02-13T20:00:00Z,2016-02-13T21:00:00+01:00
27.625,,,False,1,pm10,µg/m³,,raw,01:00:00,2016-02-13T20:00:00Z,2016-02-13T21:00:00+01:00,2016-02-13T21:00:00Z,2016-02-13T22:00:00+01:00,1,01:00:00,1,24:00:00,100.0,2400.0,2016-02-12T21:00:00Z,2016-02-12T22:00:00+01:00,2016-02-13T21:00:00Z,2016-02-13T22:00:00+01:00
27.6958333333333,,,False,1,pm10,µg/m³,,raw,01:00:00,2016-02-13T21:00:00Z,2016-02-13T22:00:00+01:00,2016-02-13T22:00:00Z,2016-02-13T23:00:00+01:00,1,01:00:00,1,24:00:00,100.0,2400.0,2016-02-12T22:00:00Z,2016-02-12T23:00:00+01:00,2016-02-13T22:00:00Z,2016-02-13T23:00:00+01:00
27.7217391304348,,,False,1,pm10,µg/m³,,raw,01:00:00,2016-02-13T22:00:00Z,2016-02-13T23:00:00+01:00,2016-02-13T23:00:00Z,2016-02-14T00:00:00+01:00,1,01:00:00,1,24:00:00,100.0,2400.0,2016-02-12T23:00:00Z,2016-02-13T00:00:00+01:00,2016-02-13T23:00:00Z,2016-02-14T00:00:00+01:00
27.75,,,False,1,pm10,µg/m³,,raw,01:00:00,2016-02-13T23:00:00Z,2016-02-14T00:00:00+01:00,2016-02-14T00:00:00Z,2016-02-14T01:00:00+01:00,1,01:00:00,1,24:00:00,100.0,2400.0,2016-02-13T00:00:00Z,2016-02-13T01:00:00+01:00,2016-02-14T00:00:00Z,2016-02-14T01:00:00+01:00
27.6166666666667,,,False,1,pm10,µg/m³,,raw,01:00:00,2016-02-14T00:00:00Z,2016-02-14T01:00:00+01:00,2016-02-14T01:00:00Z,2016-02-14T02:00:00+01:00,1,01:00:00,1,24:00:00,100.0,2400.0,2016-02-13T01:00:00Z,2016-02-13T02:00:00+01:00,2016-02-14T01:00:00Z,2016-02-14T02:00:00+01:00
27.8208333333333,,,False,1,pm10,µg/m³,,raw,01:00:00,2016-02-14T01:00:00Z,2016-02-14T02:00:00+01:00,2016-02-14T02:00:00Z,2016-02-14T03:00:00+01:00,1,01:00:00,1,24:00:00,100.0,2400.0,2016-02-13T02:00:00Z,2016-02-13T03:00:00+01:00,2016-02-14T02:00:00Z,2016-02-14T03:00:00+01:00
27.7916666666667,,,False,1,pm10,µg/m³,,raw,01:00:00,2016-02-14T02:00:00Z,2016-02-14T03:00:00+01:00,2016-02-14T03:00:00Z,2016-02-14T04:00:00+01:00,1,01:00:00,1,24:00:00,100.0,2400.0,2016-02-13T03:00:00Z,2016-02-13T04:00:00+01:00,2016-02-14T03:00:00Z,2016-02-14T04:00:00+01:00
27.7,,,False,1,pm10,µg/m³,,raw,01:00:00,2016-02-14T03:00:00Z,2016-02-14T04:00:00+01:00,2016-02-14T04:00:00Z,2016-02-14T05:00:00+01:00,1,01:00:00,1,24:00:00,100.0,2400.0,2016-02-13T04:00:00Z,2016-02-13T05:00:00+01:00,2016-02-14T04:00:00Z,2016-02-14T05:00:00+01:00
27.5833333333333,,,False,1,pm10,µg/m³,,raw,01:00:00,2016-02-14T04:00:00Z,2016-02-14T05:00:00+01:00,2016-02-14T05:00:00Z,2016-02-14T06:00:00+01:00,1,01:00:00,1,24:00:00,100.0,2400.0,2016-02-13T05:00:00Z,2016-02-13T06:00:00+01:00,2016-02-14T05:00:00Z,2016-02-14T06:00:00+01:00
27.5166666666667,,,False,1,pm10,µg/m³,,raw,01:00:00,2016-02-14T05:00:00Z,2016-02-14T06:00:00+01:00,2016-02-14T06:00:00Z,2016-02-14T07:00:00+01:00,1,01:00:00,1,24:00:00,100.0,2400.0,2016-02-13T06:00:00Z,2016-02-13T07:00:00+01:00,2016-02-14T06:00:00Z,2016-02-14T07:00:00+01:00
27.3916666666667,,,False,1,pm10,µg/m³,,raw,01:00:00,2016-02-14T06:00:00Z,2016-02-14T07:00:00+01:00,2016-02-14T07:00:00Z,2016-02-14T08:00:00+01:00,1,01:00:00,1,24:00:00,100.0,2400.0,2016-02-13T07:00:00Z,2016-02-13T08:00:00+01:00,2016-02-14T07:00:00Z,2016-02-14T08:00:00+01:00
27.4347826086957,,,False,1,pm10,µg/m³,,raw,01:00:00,2016-02-14T07:00:00Z,2016-02-14T08:00:00+01:00,2016-02-14T08:00:00Z,2016-02-14T09:00:00+01:00,1,01:00:00,1,24:00:00,100.0,2400.0,2016-02-13T08:00:00Z,2016-02-13T09:00:00+01:00,2016-02-14T08:00:00Z,2016-02-14T09:00:00+01:00
27.2041666666667,,,False,1,pm10,µg/m³,,raw,01:00:00,2016-02-14T08:00:00Z,2016-02-14T09:00:00+01:00,2016-02-14T09:00:00Z,2016-02-14T10:00:00+01:00,1,01:00:00,1,24:00:00,100.0,2400.0,2016-02-13T09:00:00Z,2016-02-13T10:00:00+01:00,2016-02-14T09:00:00Z,2016-02-14T10:00:00+01:00
26.8416666666667,,,False,1,pm10,µg/m³,,raw,01:00:00,2016-02-14T09:00:00Z,2016-02-14T10:00:00+01:00,2016-02-14T10:00:00Z,2016-02-14T11:00:00+01:00,1,01:00:00,1,24:00:00,100.0,2400.0,2016-02-13T10:00:00Z,2016-02-13T11:00:00+01:00,2016-02-14T10:00:00Z,2016-02-14T11:00:00+01:00
26.6125,,,False,1,pm10,µg/m³,,raw,01:00:00,2016-02-14T10:00:00Z,2016-02-14T11:00:00+01:00,2016-02-14T11:00:00Z,2016-02-14T12:00:00+01:00,1,01:00:00,1,24:00:00,100.0,2400.0,2016-02-13T11:00:00Z,2016-02-13T12:00:00+01:00,2016-02-14T11:00:00Z,2016-02-14T12:00:00+01:00
26.3208333333333,,,False,1,pm10,µg/m³,,raw,01:00:00,2016-02-14T11:00:00Z,2016-02-14T12:00:00+01:00,2016-02-14T12:00:00Z,2016-02-14T13:00:00+01:00,1,01:00:00,1,24:00:00,100.0,2400.0,2016-02-13T12:00:00Z,2016-02-13T13:00:00+01:00,2016-02-14T12:00:00Z,2016-02-14T13:00:00+01:00
25.925,,,False,1,pm10,µg/m³,,raw,01:00:00,2016-02-14T12:00:00Z,2016-02-14T13:00:00+01:00,2016-02-14T13:00:00Z,2016-02-14T14:00:00+01:00,1,01:00:00,1,24:00:00,100.0,2400.0,2016-02-13T13:00:00Z,2016-02-13T14:00:00+01:00,2016-02-14T13:00:00Z,2016-02-14T14:00:00+01:00
25.2416666666667,,,False,1,pm10,µg/m³,,raw,01:00:00,2016-02-14T13:00:00Z,2016-02-14T14:00:00+01:00,2016-02-14T14:00:00Z,2016-02-14T15:00:00+01:00,1,01:00:00,1,24:00:00,100.0,2400.0,2016-02-13T14:00:00Z,2016-02-13T15:00:00+01:00,2016-02-14T14:00:00Z,2016-02-14T15:00:00+01:00
25.0916666666667,,,False,1,pm10,µg/m³,,raw,01:00:00,2016-02-14T14:00:00Z,2016-02-14T15:00:00+01:00,2016-02-14T15:00:00Z,2016-02-14T16:00:00+01:00,1,01:00:00,1,24:00:00,100.0,2400.0,2016-02-13T15:00:00Z,2016-02-13T16:00:00+01:00,2016-02-14T15:00:00Z,2016-02-14T16:00:00+01:00
24.8791666666667,,,False,1,pm10,µg/m³,,raw,01:00:00,2016-02-14T15:00:00Z,2016-02-14T16:00:00+01:00,2016-02-14T16:00:00Z,2016-02-14T17:00:00+01:00,1,01:00:00,1,24:00:00,100.0,2400.0,2016-02-13T16:00:00Z,2016-02-13T17:00:00+01:00,2016-02-14T16:00:00Z,2016-02-14T17:00:00+01:00
24.6375,,,False,1,pm10,µg/m³,,raw,01:00:00,2016-02-14T16:00:00Z,2016-02-14T17:00:00+01:00,2016-02-14T17:00:00Z,2016-02-14T18:00:00+01:00,1,01:00:00,1,24:00:00,100.0,2400.0,2016-02-13T17:00:00Z,2016-02-13T18:00:00+01:00,2016-02-14T17:00:00Z,2016-02-14T18:00:00+01:00
23.8208333333333,,,False,1,pm10,µg/m³,,raw,01:00:00,2016-02-14T17:00:00Z,2016-02-14T18:00:00+01:00,2016-02-14T18:00:00Z,2016-02-14T19:00:00+01:00,1,01:00:00,1,24:00:00,100.0,2400.0,2016-02-13T18:00:00Z,2016-02-13T19:00:00+01:00,2016-02-14T18:00:00Z,2016-02-14T19:00:00+01:00
22.9458333333333,,,False,1,pm10,µg/m³,,raw,01:00:00,2016-02-14T18:00:00Z,2016-02-14T19:00:00+01:00,2016-02-14T19:00:00Z,2016-02-14T20:00:00+01:00,1,01:00:00,1,24:00:00,100.0,2400.0,2016-02-13T19:00:00Z,2016-02-13T20:00:00+01:00,2016-02-14T19:00:00Z,2016-02-14T20:00:00+01:00
22.0208333333333,,,False,1,pm10,µg/m³,,raw,01:00:00,2016-02-14T19:00:00Z,2016-02-14T20:00:00+01:00,2016-02-14T20:00:00Z,2016-02-14T21:00:00+01:00,1,01:00:00,1,24:00:00,100.0,2400.0,2016-02-13T20:00:00Z,2016-02-13T21:00:00+01:00,2016-02-14T20:00:00Z,2016-02-14T21:00:00+01:00
21.275,,,False,1,pm10,µg/m³,,raw,01:00:00,2016-02-14T20:00:00Z,2016-02-14T21:00:00+01:00,2016-02-14T21:00:00Z,2016-02-14T22:00:00+01:00,1,01:00:00,1,24:00:00,100.0,2400.0,2016-02-13T21:00:00Z,2016-02-13T22:00:00+01:00,2016-02-14T21:00:00Z,2016-02-14T22:00:00+01:00
20.775,,,False,1,pm10,µg/m³,,raw,01:00:00,2016-02-14T21:00:00Z,2016-02-14T22:00:00+01:00,2016-02-14T22:00:00Z,2016-02-14T23:00:00+01:00,1,01:00:00,1,24:00:00,100.0,2400.0,2016-02-13T22:00:00Z,2016-02-13T23:00:00+01:00,2016-02-14T22:00:00Z,2016-02-14T23:00:00+01:00
20.5391304347826,,,False,1,pm10,µg/m³,,raw,01:00:00,2016-02-14T22:00:00Z,2016-02-14T23:00:00+01:00,2016-02-14T23:00:00Z,2016-02-15T00:00:00+01:00,1,01:00:00,1,24:00:00,100.0,2400.0,2016-02-13T23:00:00Z,2016-02-14T00:00:00+01:00,2016-02-14T23:00:00Z,2016-02-15T00:00:00+01:00
19.4875,,,False,1,pm10,µg/m³,,raw,01:00:00,2016-02-14T23:00:00Z,2016-02-15T00:00:00+01:00,2016-02-15T00:00:00Z,2016-02-15T01:00:00+01:00,1,01:00:00,1,24:00:00,100.0,2400.0,2016-02-14T00:00:00Z,2016-02-14T01:00:00+01:00,2016-02-15T00:00:00Z,2016-02-15T01:00:00+01:00
19.2125,,,False,1,pm10,µg/m³,,raw,01:00:00,2016-02-15T00:00:00Z,2016-02-15T01:00:00+01:00,2016-02-15T01:00:00Z,2016-02-15T02:00:00+01:00,1,01:00:00,1,24:00:00,100.0,2400.0,2016-02-14T01:00:00Z,2016-02-14T02:00:00+01:00,2016-02-15T01:00:00Z,2016-02-15T02:00:00+01:00
18.5291666666667,,,False,1,pm10,µg/m³,,raw,01:00:00,2016-02-15T01:00:00Z,2016-02-15T02:00:00+01:00,2016-02-15T02:00:00Z,2016-02-15T03:00:00+01:00,1,01:00:00,1,24:00:00,100.0,2400.0,2016-02-14T02:00:00Z,2016-02-14T03:00:00+01:00,2016-02-15T02:00:00Z,2016-02-15T03:00:00+01:00
17.85,,,False,1,pm10,µg/m³,,raw,01:00:00,2016-02-15T02:00:00Z,2016-02-15T03:00:00+01:00,2016-02-15T03:00:00Z,2016-02-15T04:00:00+01:00,1,01:00:00,1,24:00:00,100.0,2400.0,2016-02-14T03:00:00Z,2016-02-14T04:00:00+01:00,2016-02-15T03:00:00Z,2016-02-15T04:00:00+01:00
17.375,,,False,1,pm10,µg/m³,,raw,01:00:00,2016-02-15T03:00:00Z,2016-02-15T04:00:00+01:00,2016-02-15T04:00:00Z,2016-02-15T05:00:00+01:00,1,01:00:00,1,24:00:00,100.0,2400.0,2016-02-14T04:00:00Z,2016-02-14T05:00:00+01:00,2016-02-15T04:00:00Z,2016-02-15T05:00:00+01:00
16.8541666666667,,,False,1,pm10,µg/m³,,raw,01:00:00,2016-02-15T04:00:00Z,2016-02-15T05:00:00+01:00,2016-02-15T05:00:00Z,2016-02-15T06:00:00+01:00,1,01:00:00,1,24:00:00,100.0,2400.0,2016-02-14T05:00:00Z,2016-02-14T06:00:00+01:00,2016-02-15T05:00:00Z,2016-02-15T06:00:00+01:00
16.4416666666667,,,False,1,pm10,µg/m³,,raw,01:00:00,2016-02-15T05:00:00Z,2016-02-15T06:00:00+01:00,2016-02-15T06:00:00Z,2016-02-15T07:00:00+01:00,1,01:00:00,1,24:00:00,100.0,2400.0,2016-02-14T06:00:00Z,2016-02-14T07:00:00+01:00,2016-02-15T06:00:00Z,2016-02-15T07:00:00+01:00
16.2583333333333,,,False,1,pm10,µg/m³,,raw,01:00:00,2016-02-15T06:00:00Z,2016-02-15T07:00:00+01:00,2016-02-15T07:00:00Z,2016-02-15T08:00:00+01:00,1,01:00:00,1,24:00:00,100.0,2400.0,2016-02-14T07:00:00Z,2016-02-14T08:00:00+01:00,2016-02-15T07:00:00Z,2016-02-15T08:00:00+01:00
15.9708333333333,,,False,1,pm10,µg/m³,,raw,01:00:00,2016-02-15T07:00:00Z,2016-02-15T08:00:00+01:00,2016-02-15T08:00:00Z,2016-02-15T09:00:00+01:00,1,01:00:00,1,24:00:00,100.0,2400.0,2016-02-14T08:00:00Z,2016-02-14T09:00:00+01:00,2016-02-15T08:00:00Z,2016-02-15T09:00:00+01:00
15.725,,,False,1,pm10,µg/m³,,raw,01:00:00,2016-02-15T08:00:00Z,2016-02-15T09:00:00+01:00,2016-02-15T09:00:00Z,2016-02-15T10:00:00+01:00,1,01:00:00,1,24:00:00,100.0,2400.0,2016-02-14T09:00:00Z,2016-02-14T10:00:00+01:00,2016-02-15T09:00:00Z,2016-02-15T10:00:00+01:00
15.4458333333333,,,False,1,pm10,µg/m³,,raw,01:00:00,2016-02-15T09:00:00Z,2016-02-15T10:00:00+01:00,2016-02-15T10:00:00Z,2016-02-15T11:00:00+01:00,1,01:00:00,1,24:00:00,100.0,2400.0,2016-02-14T10:00:00Z,2016-02-14T11:00:00+01:00,2016-02-15T10:00:00Z,2016-02-15T11:00:00+01:00
14.8083333333333,,,False,1,pm10,µg/m³,,raw,01:00:00,2016-02-15T10:00:00Z,2016-02-15T11:00:00+01:00,2016-02-15T11:00:00Z,2016-02-15T12:00:00+01:00,1,01:00:00,1,24:00:00,100.0,2400.0,2016-02-14T11:00:00Z,2016-02-14T12:00:00+01:00,2016-02-15T11:00:00Z,2016-02-15T12:00:00+01:00
14.8,,,False,1,pm10,µg/m³,,raw,01:00:00,2016-02-15T11:00:00Z,2016-02-15T12:00:00+01:00,2016-02-15T12:00:00Z,2016-02-15T13:00:00+01:00,1,01:00:00,1,24:00:00,100.0,2400.0,2016-02-14T12:00:00Z,2016-02-14T13:00:00+01:00,2016-02-15T12:00:00Z,2016-02-15T13:00:00+01:00
14.6666666666667,,,False,1,pm10,µg/m³,,raw,01:00:00,2016-02-15T12:00:00Z,2016-02-15T13:00:00+01:00,2016-02-15T13:00:00Z,2016-02-15T14:00:00+01:00,1,01:00:00,1,24:00:00,100.0,2400.0,2016-02-14T13:00:00Z,2016-02-14T14:00:00+01:00,2016-02-15T13:00:00Z,2016-02-15T14:00:00+01:00
14.6521739130435,,,False,1,pm10,µg/m³,,raw,01:00:00,2016-02-15T13:00:00Z,2016-02-15T14:00:00+01:00,2016-02-15T14:00:00Z,2016-02-15T15:00:00+01:00,1,01:00:00,1,24:00:00,100.0,2400.0,2016-02-14T14:00:00Z,2016-02-14T15:00:00+01:00,2016-02-15T14:00:00Z,2016-02-15T15:00:00+01:00
14.6375,,,False,1,pm10,µg/m³,,raw,01:00:00,2016-02-15T14:00:00Z,2016-02-15T15:00:00+01:00,2016-02-15T15:00:00Z,2016-02-15T16:00:00+01:00,1,01:00:00,1,24:00:00,100.0,2400.0,2016-02-14T15:00:00Z,2016-02-14T16:00:00+01:00,2016-02-15T15:00:00Z,2016-02-15T16:00:00+01:00
14.825,,,False,1,pm10,µg/m³,,raw,01:00:00,2016-02-15T15:00:00Z,2016-02-15T16:00:00+01:00,2016-02-15T16:00:00Z,2016-02-15T17:00:00+01:00,1,01:00:00,1,24:00:00,100.0,2400.0,2016-02-14T16:00:00Z,2016-02-14T17:00:00+01:00,2016-02-15T16:00:00Z,2016-02-15T17:00:00+01:00
15.0791666666667,,,False,1,pm10,µg/m³,,raw,01:00:00,2016-02-15T16:00:00Z,2016-02-15T17:00:00+01:00,2016-02-15T17:00:00Z,2016-02-15T18:00:00+01:00,1,01:00:00,1,24:00:00,100.0,2400.0,2016-02-14T17:00:00Z,2016-02-14T18:00:00+01:00,2016-02-15T17:00:00Z,2016-02-15T18:00:00+01:00
16.6583333333333,,,False,1,pm10,µg/m³,,raw,01:00:00,2016-02-15T17:00:00Z,2016-02-15T18:00:00+01:00,2016-02-15T18:00:00Z,2016-02-15T19:00:00+01:00,1,01:00:00,1,24:00:00,100.0,2400.0,2016-02-14T18:00:00Z,2016-02-14T19:00:00+01:00,2016-02-15T18:00:00Z,2016-02-15T19:00:00+01:00
18.9625,,,False,1,pm10,µg/m³,,raw,01:00:00,2016-02-15T18:00:00Z,2016-02-15T19:00:00+01:00,2016-02-15T19:00:00Z,2016-02-15T20:00:00+01:00,1,01:00:00,1,24:00:00,100.0,2400.0,2016-02-14T19:00:00Z,2016-02-14T20:00:00+01:00,2016-02-15T19:00:00Z,2016-02-15T20:00:00+01:00
21.1833333333333,,,False,1,pm10,µg/m³,,raw,01:00:00,2016-02-15T19:00:00Z,2016-02-15T20:00:00+01:00,2016-02-15T20:00:00Z,2016-02-15T21:00:00+01:00,1,01:00:00,1,24:00:00,100.0,2400.0,2016-02-14T20:00:00Z,2016-02-14T21:00:00+01:00,2016-02-15T20:00:00Z,2016-02-15T21:00:00+01:00
22.6708333333333,,,False,1,pm10,µg/m³,,raw,01:00:00,2016-02-15T20:00:00Z,2016-02-15T21:00:00+01:00,2016-02-15T21:00:00Z,2016-02-15T22:00:00+01:00,1,01:00:00,1,24:00:00,100.0,2400.0,2016-02-14T21:00:00Z,2016-02-14T22:00:00+01:00,2016-02-15T21:00:00Z,2016-02-15T22:00:00+01:00
23.4583333333333,,,False,1,pm10,µg/m³,,raw,01:00:00,2016-02-15T21:00:00Z,2016-02-15T22:00:00+01:00,2016-02-15T22:00:00Z,2016-02-15T23:00:00+01:00,1,01:00:00,1,24:00:00,100.0,2400.0,2016-02-14T22:00:00Z,2016-02-14T23:00:00+01:00,2016-02-15T22:00:00Z,2016-02-15T23:00:00+01:00
23.9260869565217,,,False,1,pm10,µg/m³,,raw,01:00:00,2016-02-15T22:00:00Z,2016-02-15T23:00:00+01:00,2016-02-15T23:00:00Z,2016-02-16T00:00:00+01:00,1,01:00:00,1,24:00:00,100.0,2400.0,2016-02-14T23:00:00Z,2016-02-15T00:00:00+01:00,2016-02-15T23:00:00Z,2016-02-16T00:00:00+01:00
26.0958333333333,,,False,1,pm10,µg/m³,,raw,01:00:00,2016-02-15T23:00:00Z,2016-02-16T00:00:00+01:00,2016-02-16T00:00:00Z,2016-02-16T01:00:00+01:00,1,01:00:00,1,24:00:00,100.0,2400.0,2016-02-15T00:00:00Z,2016-02-15T01:00:00+01:00,2016-02-16T00:00:00Z,2016-02-16T01:00:00+01:00
27.5125,,,False,1,pm10,µg/m³,,raw,01:00:00,2016-02-16T00:00:00Z,2016-02-16T01:00:00+01:00,2016-02-16T01:00:00Z,2016-02-16T02:00:00+01:00,1,01:00:00,1,24:00:00,100.0,2400.0,2016-02-15T01:00:00Z,2016-02-15T02:00:00+01:00,2016-02-16T01:00:00Z,2016-02-16T02:00:00+01:00
27.2916666666667,,,False,1,pm10,µg/m³,,raw,01:00:00,2016-02-16T01:00:00Z,2016-02-16T02:00:00+01:00,2016-02-16T02:00:00Z,2016-02-16T03:00:00+01:00,1,01:00:00,1,24:00:00,100.0,2400.0,2016-02-15T02:00:00Z,2016-02-15T03:00:00+01:00,2016-02-16T02:00:00Z,2016-02-16T03:00:00+01:00
27.5416666666667,,,False,1,pm10,µg/m³,,raw,01:00:00,2016-02-16T02:00:00Z,2016-02-16T03:00:00+01:00,2016-02-16T03:00:00Z,2016-02-16T04:00:00+01:00,1,01:00:00,1,24:00:00,100.0,2400.0,2016-02-15T03:00:00Z,2016-02-15T04:00:00+01:00,2016-02-16T03:00:00Z,2016-02-16T04:00:00+01:00
27.7666666666667,,,False,1,pm10,µg/m³,,raw,01:00:00,2016-02-16T03:00:00Z,2016-02-16T04:00:00+01:00,2016-02-16T04:00:00Z,2016-02-16T05:00:00+01:00,1,01:00:00,1,24:00:00,100.0,2400.0,2016-02-15T04:00:00Z,2016-02-15T05:00:00+01:00,2016-02-16T04:00:00Z,2016-02-16T05:00:00+01:00
28.404347826087,,,False,1,pm10,µg/m³,,raw,01:00:00,2016-02-16T04:00:00Z,2016-02-16T05:00:00+01:00,2016-02-16T05:00:00Z,2016-02-16T06:00:00+01:00,1,01:00:00,1,24:00:00,100.0,2400.0,2016-02-15T05:00:00Z,2016-02-15T06:00:00+01:00,2016-02-16T05:00:00Z,2016-02-16T06:00:00+01:00
28.2333333333333,,,False,1,pm10,µg/m³,,raw,01:00:00,2016-02-16T05:00:00Z,2016-02-16T06:00:00+01:00,2016-02-16T06:00:00Z,2016-02-16T07:00:00+01:00,1,01:00:00,1,24:00:00,100.0,2400.0,2016-02-15T06:00:00Z,2016-02-15T07:00:00+01:00,2016-02-16T06:00:00Z,2016-02-16T07:00:00+01:00
28.3375,,,False,1,pm10,µg/m³,,raw,01:00:00,2016-02-16T06:00:00Z,2016-02-16T07:00:00+01:00,2016-02-16T07:00:00Z,2016-02-16T08:00:00+01:00,1,01:00:00,1,24:00:00,100.0,2400.0,2016-02-15T07:00:00Z,2016-02-15T08:00:00+01:00,2016-02-16T07:00:00Z,2016-02-16T08:00:00+01:00
29.025,,,False,1,pm10,µg/m³,,raw,01:00:00,2016-02-16T07:00:00Z,2016-02-16T08:00:00+01:00,2016-02-16T08:00:00Z,2016-02-16T09:00:00+01:00,1,01:00:00,1,24:00:00,100.0,2400.0,2016-02-15T08:00:00Z,2016-02-15T09:00:00+01:00,2016-02-16T08:00:00Z,2016-02-16T09:00:00+01:00
30.6,,,False,1,pm10,µg/m³,,raw,01:00:00,2016-02-16T08:00:00Z,2016-02-16T09:00:00+01:00,2016-02-16T09:00:00Z,2016-02-16T10:00:00+01:00,1,01:00:00,1,24:00:00,100.0,2400.0,2016-02-15T09:00:00Z,2016-02-15T10:00:00+01:00,2016-02-16T09:00:00Z,2016-02-16T10:00:00+01:00
32.325,,,False,1,pm10,µg/m³,,raw,01:00:00,2016-02-16T09:00:00Z,2016-02-16T10:00:00+01:00,2016-02-16T10:00:00Z,2016-02-16T11:00:00+01:00,1,01:00:00,1,24:00:00,100.0,2400.0,2016-02-15T10:00:00Z,2016-02-15T11:00:00+01:00,2016-02-16T10:00:00Z,2016-02-16T11:00:00+01:00
32.9208333333333,,,False,1,pm10,µg/m³,,raw,01:00:00,2016-02-16T10:00:00Z,2016-02-16T11:00:00+01:00,2016-02-16T11:00:00Z,2016-02-16T12:00:00+01:00,1,01:00:00,1,24:00:00,100.0,2400.0,2016-02-15T11:00:00Z,2016-02-15T12:00:00+01:00,2016-02-16T11:00:00Z,2016-02-16T12:00:00+01:00
32.5375,,,False,1,pm10,µg/m³,,raw,01:00:00,2016-02-16T11:00:00Z,2016-02-16T12:00:00+01:00,2016-02-16T12:00:00Z,2016-02-16T13:00:00+01:00,1,01:00:00,1,24:00:00,100.0,2400.0,2016-02-15T12:00:00Z,2016-02-15T13:00:00+01:00,2016-02-16T12:00:00Z,2016-02-16T13:00:00+01:00
32.2541666666667,,,False,1,pm10,µg/m³,,raw,01:00:00,2016-02-16T12:00:00Z,2016-02-16T13:00:00+01:00,2016-02-16T13:00:00Z,2016-02-16T14:00:00+01:00,1,01:00:00,1,24:00:00,100.0,2400.0,2016-02-15T13:00:00Z,2016-02-15T14:00:00+01:00,2016-02-16T13:00:00Z,2016-02-16T14:00:00+01:00
32.0041666666667,,,False,1,pm10,µg/m³,,raw,01:00:00,2016-02-16T13:00:00Z,2016-02-16T14:00:00+01:00,2016-02-16T14:00:00Z,2016-02-16T15:00:00+01:00,1,01:00:00,1,24:00:00,100.0,2400.0,2016-02-15T14:00:00Z,2016-02-15T15:00:00+01:00,2016-02-16T14:00:00Z,2016-02-16T15:00:00+01:00
32.0,,,False,1,pm10,µg/m³,,raw,01:00:00,2016-02-16T14:00:00Z,2016-02-16T15:00:00+01:00,2016-02-16T15:00:00Z,2016-02-16T16:00:00+01:00,1,01:00:00,1,24:00:00,100.0,2400.0,2016-02-15T15:00:00Z,2016-02-15T16:00:00+01:00,2016-02-16T15:00:00Z,2016-02-16T16:00:00+01:00
31.8125,,,False,1,pm10,µg/m³,,raw,01:00:00,2016-02-16T15:00:00Z,2016-02-16T16:00:00+01:00,2016-02-16T16:00:00Z,2016-02-16T17:00:00+01:00,1,01:00:00,1,24:00:00,100.0,2400.0,2016-02-15T16:00:00Z,2016-02-15T17:00:00+01:00,2016-02-16T16:00:00Z,2016-02-16T17:00:00+01:00
31.7041666666667,,,False,1,pm10,µg/m³,,raw,01:00:00,2016-02-16T16:00:00Z,2016-02-16T17:00:00+01:00,2016-02-16T17:00:00Z,2016-02-16T18:00:00+01:00,1,01:00:00,1,24:00:00,100.0,2400.0,2016-02-15T17:00:00Z,2016-02-15T18:00:00+01:00,2016-02-16T17:00:00Z,2016-02-16T18:00:00+01:00
30.2916666666667,,,False,1,pm10,µg/m³,,raw,01:00:00,2016-02-16T17:00:00Z,2016-02-16T18:00:00+01:00,2016-02-16T18:00:00Z,2016-02-16T19:00:00+01:00,1,01:00:00,1,24:00:00,100.0,2400.0,2016-02-15T18:00:00Z,2016-02-15T19:00:00+01:00,2016-02-16T18:00:00Z,2016-02-16T19:00:00+01:00
28.3916666666667,,,False,1,pm10,µg/m³,,raw,01:00:00,2016-02-16T18:00:00Z,2016-02-16T19:00:00+01:00,2016-02-16T19:00:00Z,2016-02-16T20:00:00+01:00,1,01:00:00,1,24:00:00,100.0,2400.0,2016-02-15T19:00:00Z,2016-02-15T20:00:00+01:00,2016-02-16T19:00:00Z,2016-02-16T20:00:00+01:00
26.9608695652174,,,False,1,pm10,µg/m³,,raw,01:00:00,2016-02-16T19:00:00Z,2016-02-16T20:00:00+01:00,2016-02-16T20:00:00Z,2016-02-16T21:00:00+01:00,1,01:00:00,1,24:00:00,100.0,2400.0,2016-02-15T20:00:00Z,2016-02-15T21:00:00+01:00,2016-02-16T20:00:00Z,2016-02-16T21:00:00+01:00
25.1791666666667,,,False,1,pm10,µg/m³,,raw,01:00:00,2016-02-16T20:00:00Z,2016-02-16T21:00:00+01:00,2016-02-16T21:00:00Z,2016-02-16T22:00:00+01:00,1,01:00:00,1,24:00:00,100.0,2400.0,2016-02-15T21:00:00Z,2016-02-15T22:00:00+01:00,2016-02-16T21:00:00Z,2016-02-16T22:00:00+01:00
24.6125,,,False,1,pm10,µg/m³,,raw,01:00:00,2016-02-16T21:00:00Z,2016-02-16T22:00:00+01:00,2016-02-16T22:00:00Z,2016-02-16T23:00:00+01:00,1,01:00:00,1,24:00:00,100.0,2400.0,2016-02-15T22:00:00Z,2016-02-15T23:00:00+01:00,2016-02-16T22:00:00Z,2016-02-16T23:00:00+01:00
23.4782608695652,,,False,1,pm10,µg/m³,,raw,01:00:00,2016-02-16T22:00:00Z,2016-02-16T23:00:00+01:00,2016-02-16T23:00:00Z,2016-02-17T00:00:00+01:00,1,01:00:00,1,24:00:00,100.0,2400.0,2016-02-15T23:00:00Z,2016-02-16T00:00:00+01:00,2016-02-16T23:00:00Z,2016-02-17T00:00:00+01:00
22.6958333333333,,,False,1,pm10,µg/m³,,raw,01:00:00,2016-02-16T23:00:00Z,2016-02-17T00:00:00+01:00,2016-02-17T00:00:00Z,2016-02-17T01:00:00+01:00,1,01:00:00,1,24:00:00,100.0,2400.0,2016-02-16T00:00:00Z,2016-02-16T01:00:00+01:00,2016-02-17T00:00:00Z,2016-02-17T01:00:00+01:00
21.5125,,,False,1,pm10,µg/m³,,raw,01:00:00,2016-02-17T00:00:00Z,2016-02-17T01:00:00+01:00,2016-02-17T01:00:00Z,2016-02-17T02:00:00+01:00,1,01:00:00,1,24:00:00,100.0,2400.0,2016-02-16T01:00:00Z,2016-02-16T02:00:00+01:00,2016-02-17T01:00:00Z,2016-02-17T02:00:00+01:00
22.1708333333333,,,False,1,pm10,µg/m³,,raw,01:00:00,2016-02-17T01:00:00Z,2016-02-17T02:00:00+01:00,2016-02-17T02:00:00Z,2016-02-17T03:00:00+01:00,1,01:00:00,1,24:00:00,100.0,2400.0,2016-02-16T02:00:00Z,2016-02-16T03:00:00+01:00,2016-02-17T02:00:00Z,2016-02-17T03:00:00+01:00
22.5041666666667,,,False,1,pm10,µg/m³,,raw,01:00:00,2016-02-17T02:00:00Z,2016-02-17T03:00:00+01:00,2016-02-17T03:00:00Z,2016-02-17T04:00:00+01:00,1,01:00:00,1,24:00:00,100.0,2400.0,2016-02-16T03:00:00Z,2016-02-16T04:00:00+01:00,2016-02-17T03:00:00Z,2016-02-17T04:00:00+01:00
22.7541666666667,,,False,1,pm10,µg/m³,,raw,01:00:00,2016-02-17T03:00:00Z,2016-02-17T04:00:00+01:00,2016-02-17T04:00:00Z,2016-02-17T05:00:00+01:00,1,01:00:00,1,24:00:00,100.0,2400.0,2016-02-16T04:00:00Z,2016-02-16T05:00:00+01:00,2016-02-17T04:00:00Z,2016-02-17T05:00:00+01:00
23.1416666666667,,,False,1,pm10,µg/m³,,raw,01:00:00,2016-02-17T04:00:00Z,2016-02-17T05:00:00+01:00,2016-02-17T05:00:00Z,2016-02-17T06:00:00+01:00,1,01:00:00,1,24:00:00,100.0,2400.0,2016-02-16T05:00:00Z,2016-02-16T06:00:00+01:00,2016-02-17T05:00:00Z,2016-02-17T06:00:00+01:00
23.4666666666667,,,False,1,pm10,µg/m³,,raw,01:00:00,2016-02-17T05:00:00Z,2016-02-17T06:00:00+01:00,2016-02-17T06:00:00Z,2016-02-17T07:00:00+01:00,1,01:00:00,1,24:00:00,100.0,2400.0,2016-02-16T06:00:00Z,2016-02-16T07:00:00+01:00,2016-02-17T06:00:00Z,2016-02-17T07:00:00+01:00
23.6,,,False,1,pm10,µg/m³,,raw,01:00:00,2016-02-17T06:00:00Z,2016-02-17T07:00:00+01:00,2016-02-17T07:00:00Z,2016-02-17T08:00:00+01:00,1,01:00:00,1,24:00:00,100.0,2400.0,2016-02-16T07:00:00Z,2016-02-16T08:00:00+01:00,2016-02-17T07:00:00Z,2016-02-17T08:00:00+01:00
23.2416666666667,,,False,1,pm10,µg/m³,,raw,01:00:00,2016-02-17T07:00:00Z,2016-02-17T08:00:00+01:00,2016-02-17T08:00:00Z,2016-02-17T09:00:00+01:00,1,01:00:00,1,24:00:00,100.0,2400.0,2016-02-16T08:00:00Z,2016-02-16T09:00:00+01:00,2016-02-17T08:00:00Z,2016-02-17T09:00:00+01:00
22.2291666666667,,,False,1,pm10,µg/m³,,raw,01:00:00,2016-02-17T08:00:00Z,2016-02-17T09:00:00+01:00,2016-02-17T09:00:00Z,2016-02-17T10:00:00+01:00,1,01:00:00,1,24:00:00,100.0,2400.0,2016-02-16T09:00:00Z,2016-02-16T10:00:00+01:00,2016-02-17T09:00:00Z,2016-02-17T10:00:00+01:00
21.2666666666667,,,False,1,pm10,µg/m³,,raw,01:00:00,2016-02-17T09:00:00Z,2016-02-17T10:00:00+01:00,2016-02-17T10:00:00Z,2016-02-17T11:00:00+01:00,1,01:00:00,1,24:00:00,100.0,2400.0,2016-02-16T10:00:00Z,2016-02-16T11:00:00+01:00,2016-02-17T10:00:00Z,2016-02-17T11:00:00+01:00
21.3173913043478,,,False,1,pm10,µg/m³,,raw,01:00:00,2016-02-17T10:00:00Z,2016-02-17T11:00:00+01:00,2016-02-17T11:00:00Z,2016-02-17T12:00:00+01:00,1,01:00:00,1,24:00:00,100.0,2400.0,2016-02-16T11:00:00Z,2016-02-16T12:00:00+01:00,2016-02-17T11:00:00Z,2016-02-17T12:00:00+01:00
22.45,,,False,1,pm10,µg/m³,,raw,01:00:00,2016-02-17T11:00:00Z,2016-02-17T12:00:00+01:00,2016-02-17T12:00:00Z,2016-02-17T13:00:00+01:00,1,01:00:00,1,24:00:00,100.0,2400.0,2016-02-16T12:00:00Z,2016-02-16T13:00:00+01:00,2016-02-17T12:00:00Z,2016-02-17T13:00:00+01:00
22.9833333333333,,,False,1,pm10,µg/m³,,raw,01:00:00,2016-02-17T12:00:00Z,2016-02-17T13:00:00+01:00,2016-02-17T13:00:00Z,2016-02-17T14:00:00+01:00,1,01:00:00,1,24:00:00,100.0,2400.0,2016-02-16T13:00:00Z,2016-02-16T14:00:00+01:00,2016-02-17T13:00:00Z,2016-02-17T14:00:00+01:00
23.7041666666667,,,False,1,pm10,µg/m³,,raw,01:00:00,2016-02-17T13:00:00Z,2016-02-17T14:00:00+01:00,2016-02-17T14:00:00Z,2016-02-17T15:00:00+01:00,1,01:00:00,1,24:00:00,100.0,2400.0,2016-02-16T14:00:00Z,2016-02-16T15:00:00+01:00,2016-02-17T14:00:00Z,2016-02-17T15:00:00+01:00
24.1583333333333,,,False,1,pm10,µg/m³,,raw,01:00:00,2016-02-17T14:00:00Z,2016-02-17T15:00:00+01:00,2016-02-17T15:00:00Z,2016-02-17T16:00:00+01:00,1,01:00:00,1,24:00:00,100.0,2400.0,2016-02-16T15:00:00Z,2016-02-16T16:00:00+01:00,2016-02-17T15:00:00Z,2016-02-17T16:00:00+01:00
24.7,,,False,1,pm10,µg/m³,,raw,01:00:00,2016-02-17T15:00:00Z,2016-02-17T16:00:00+01:00,2016-02-17T16:00:00Z,2016-02-17T17:00:00+01:00,1,01:00:00,1,24:00:00,100.0,2400.0,2016-02-16T16:00:00Z,2016-02-16T17:00:00+01:00,2016-02-17T16:00:00Z,2016-02-17T17:00:00+01:00
25.2666666666667,,,False,1,pm10,µg/m³,,raw,01:00:00,2016-02-17T16:00:00Z,2016-02-17T17:00:00+01:00,2016-02-17T17:00:00Z,2016-02-17T18:00:00+01:00,1,01:00:00,1,24:00:00,100.0,2400.0,2016-02-16T17:00:00Z,2016-02-16T18:00:00+01:00,2016-02-17T17:00:00Z,2016-02-17T18:00:00+01:00
26.1041666666667,,,False,1,pm10,µg/m³,,raw,01:00:00,2016-02-17T17:00:00Z,2016-02-17T18:00:00+01:00,2016-02-17T18:00:00Z,2016-02-17T19:00:00+01:00,1,01:00:00,1,24:00:00,100.0,2400.0,2016-02-16T18:00:00Z,2016-02-16T19:00:00+01:00,2016-02-17T18:00:00Z,2016-02-17T19:00:00+01:00
26.7083333333333,,,False,1,pm10,µg/m³,,raw,01:00:00,2016-02-17T18:00:00Z,2016-02-17T19:00:00+01:00,2016-02-17T19:00:00Z,2016-02-17T20:00:00+01:00,1,01:00:00,1,24:00:00,100.0,2400.0,2016-02-16T19:00:00Z,2016-02-16T20:00:00+01:00,2016-02-17T19:00:00Z,2016-02-17T20:00:00+01:00
27.4041666666667,,,False,1,pm10,µg/m³,,raw,01:00:00,2016-02-17T19:00:00Z,2016-02-17T20:00:00+01:00,2016-02-17T20:00:00Z,2016-02-17T21:00:00+01:00,1,01:00:00,1,24:00:00,100.0,2400.0,2016-02-16T20:00:00Z,2016-02-16T21:00:00+01:00,2016-02-17T20:00:00Z,2016-02-17T21:00:00+01:00
28.2333333333333,,,False,1,pm10,µg/m³,,raw,01:00:00,2016-02-17T20:00:00Z,2016-02-17T21:00:00+01:00,2016-02-17T21:00:00Z,2016-02-17T22:00:00+01:00,1,01:00:00,1,24:00:00,100.0,2400.0,2016-02-16T21:00:00Z,2016-02-16T22:00:00+01:00,2016-02-17T21:00:00Z,2016-02-17T22:00:00+01:00
28.7041666666667,,,False,1,pm10,µg/m³,,raw,01:00:00,2016-02-17T21:00:00Z,2016-02-17T22:00:00+01:00,2016-02-17T22:00:00Z,2016-02-17T23:00:00+01:00,1,01:00:00,1,24:00:00,100.0,2400.0,2016-02-16T22:00:00Z,2016-02-16T23:00:00+01:00,2016-02-17T22:00:00Z,2016-02-17T23:00:00+01:00
28.9869565217391,,,False,1,pm10,µg/m³,,raw,01:00:00,2016-02-17T22:00:00Z,2016-02-17T23:00:00+01:00,2016-02-17T23:00:00Z,2016-02-18T00:00:00+01:00,1,01:00:00,1,24:00:00,100.0,2400.0,2016-02-16T23:00:00Z,2016-02-17T00:00:00+01:00,2016-02-17T23:00:00Z,2016-02-18T00:00:00+01:00
29.8041666666667,,,False,1,pm10,µg/m³,,raw,01:00:00,2016-02-17T23:00:00Z,2016-02-18T00:00:00+01:00,2016-02-18T00:00:00Z,2016-02-18T01:00:00+01:00,1,01:00:00,1,24:00:00,100.0,2400.0,2016-02-17T00:00:00Z,2016-02-17T01:00:00+01:00,2016-02-18T00:00:00Z,2016-02-18T01:00:00+01:00
30.2583333333333,,,False,1,pm10,µg/m³,,raw,01:00:00,2016-02-18T00:00:00Z,2016-02-18T01:00:00+01:00,2016-02-18T01:00:00Z,2016-02-18T02:00:00+01:00,1,01:00:00,1,24:00:00,100.0,2400.0,2016-02-17T01:00:00Z,2016-02-17T02:00:00+01:00,2016-02-18T01:00:00Z,2016-02-18T02:00:00+01:00
30.4217391304348,,,False,1,pm10,µg/m³,,raw,01:00:00,2016-02-18T01:00:00Z,2016-02-18T02:00:00+01:00,2016-02-18T02:00:00Z,2016-02-18T03:00:00+01:00,1,01:00:00,1,24:00:00,100.0,2400.0,2016-02-17T02:00:00Z,2016-02-17T03:00:00+01:00,2016-02-18T02:00:00Z,2016-02-18T03:00:00+01:00
31.1041666666667,,,False,1,pm10,µg/m³,,raw,01:00:00,2016-02-18T02:00:00Z,2016-02-18T03:00:00+01:00,2016-02-18T03:00:00Z,2016-02-18T04:00:00+01:00,1,01:00:00,1,24:00:00,100.0,2400.0,2016-02-17T03:00:00Z,2016-02-17T04:00:00+01:00,2016-02-18T03:00:00Z,2016-02-18T04:00:00+01:00
31.3833333333333,,,False,1,pm10,µg/m³,,raw,01:00:00,2016-02-18T03:00:00Z,2016-02-18T04:00:00+01:00,2016-02-18T04:00:00Z,2016-02-18T05:00:00+01:00,1,01:00:00,1,24:00:00,100.0,2400.0,2016-02-17T04:00:00Z,2016-02-17T05:00:00+01:00,2016-02-18T04:00:00Z,2016-02-18T05:00:00+01:00
31.6958333333333,,,False,1,pm10,µg/m³,,raw,01:00:00,2016-02-18T04:00:00Z,2016-02-18T05:00:00+01:00,2016-02-18T05:00:00Z,2016-02-18T06:00:00+01:00,1,01:00:00,1,24:00:00,100.0,2400.0,2016-02-17T05:00:00Z,2016-02-17T06:00:00+01:00,2016-02-18T05:00:00Z,2016-02-18T06:00:00+01:00
32.0458333333333,,,False,1,pm10,µg/m³,,raw,01:00:00,2016-02-18T05:00:00Z,2016-02-18T06:00:00+01:00,2016-02-18T06:00:00Z,2016-02-18T07:00:00+01:00,1,01:00:00,1,24:00:00,100.0,2400.0,2016-02-17T06:00:00Z,2016-02-17T07:00:00+01:00,2016-02-18T06:00:00Z,2016-02-18T07:00:00+01:00
32.7791666666667,,,False,1,pm10,µg/m³,,raw,01:00:00,2016-02-18T06:00:00Z,2016-02-18T07:00:00+01:00,2016-02-18T07:00:00Z,2016-02-18T08:00:00+01:00,1,01:00:00,1,24:00:00,100.0,2400.0,2016-02-17T07:00:00Z,2016-02-17T08:00:00+01:00,2016-02-18T07:00:00Z,2016-02-18T08:00:00+01:00
33.2125,,,False,1,pm10,µg/m³,,raw,01:00:00,2016-02-18T07:00:00Z,2016-02-18T08:00:00+01:00,2016-02-18T08:00:00Z,2016-02-18T09:00:00+01:00,1,01:00:00,1,24:00:00,100.0,2400.0,2016-02-17T08:00:00Z,2016-02-17T09:00:00+01:00,2016-02-18T08:00:00Z,2016-02-18T09:00:00+01:00
33.6416666666667,,,False,1,pm10,µg/m³,,raw,01:00:00,2016-02-18T08:00:00Z,2016-02-18T09:00:00+01:00,2016-02-18T09:00:00Z,2016-02-18T10:00:00+01:00,1,01:00:00,1,24:00:00,100.0,2400.0,2016-02-17T09:00:00Z,2016-02-17T10:00:00+01:00,2016-02-18T09:00:00Z,2016-02-18T10:00:00+01:00
33.8666666666667,,,False,1,pm10,µg/m³,,raw,01:00:00,2016-02-18T09:00:00Z,2016-02-18T10:00:00+01:00,2016-02-18T10:00:00Z,2016-02-18T11:00:00+01:00,1,01:00:00,1,24:00:00,100.0,2400.0,2016-02-17T10:00:00Z,2016-02-17T11:00:00+01:00,2016-02-18T10:00:00Z,2016-02-18T11:00:00+01:00
34.1375,,,False,1,pm10,µg/m³,,raw,01:00:00,2016-02-18T10:00:00Z,2016-02-18T11:00:00+01:00,2016-02-18T11:00:00Z,2016-02-18T12:00:00+01:00,1,01:00:00,1,24:00:00,100.0,2400.0,2016-02-17T11:00:00Z,2016-02-17T12:00:00+01:00,2016-02-18T11:00:00Z,2016-02-18T12:00:00+01:00
34.2666666666667,,,False,1,pm10,µg/m³,,raw,01:00:00,2016-02-18T11:00:00Z,2016-02-18T12:00:00+01:00,2016-02-18T12:00:00Z,2016-02-18T13:00:00+01:00,1,01:00:00,1,24:00:00,100.0,2400.0,2016-02-17T12:00:00Z,2016-02-17T13:00:00+01:00,2016-02-18T12:00:00Z,2016-02-18T13:00:00+01:00
34.6625,,,False,1,pm10,µg/m³,,raw,01:00:00,2016-02-18T12:00:00Z,2016-02-18T13:00:00+01:00,2016-02-18T13:00:00Z,2016-02-18T14:00:00+01:00,1,01:00:00,1,24:00:00,100.0,2400.0,2016-02-17T13:00:00Z,2016-02-17T14:00:00+01:00,2016-02-18T13:00:00Z,2016-02-18T14:00:00+01:00
35.0416666666667,,,False,1,pm10,µg/m³,,raw,01:00:00,2016-02-18T13:00:00Z,2016-02-18T14:00:00+01:00,2016-02-18T14:00:00Z,2016-02-18T15:00:00+01:00,1,01:00:00,1,24:00:00,100.0,2400.0,2016-02-17T14:00:00Z,2016-02-17T15:00:00+01:00,2016-02-18T14:00:00Z,2016-02-18T15:00:00+01:00
35.4,,,False,1,pm10,µg/m³,,raw,01:00:00,2016-02-18T14:00:00Z,2016-02-18T15:00:00+01:00,2016-02-18T15:00:00Z,2016-02-18T16:00:00+01:00,1,01:00:00,1,24:00:00,100.0,2400.0,2016-02-17T15:00:00Z,2016-02-17T16:00:00+01:00,2016-02-18T15:00:00Z,2016-02-18T16:00:00+01:00
35.5958333333333,,,False,1,pm10,µg/m³,,raw,01:00:00,2016-02-18T15:00:00Z,2016-02-18T16:00:00+01:00,2016-02-18T16:00:00Z,2016-02-18T17:00:00+01:00,1,01:00:00,1,24:00:00,100.0,2400.0,2016-02-17T16:00:00Z,2016-02-17T17:00:00+01:00,2016-02-18T16:00:00Z,2016-02-18T17:00:00+01:00
35.7217391304348,,,False,1,pm10,µg/m³,,raw,01:00:00,2016-02-18T16:00:00Z,2016-02-18T17:00:00+01:00,2016-02-18T17:00:00Z,2016-02-18T18:00:00+01:00,1,01:00:00,1,24:00:00,100.0,2400.0,2016-02-17T17:00:00Z,2016-02-17T18:00:00+01:00,2016-02-18T17:00:00Z,2016-02-18T18:00:00+01:00
35.4375,,,False,1,pm10,µg/m³,,raw,01:00:00,2016-02-18T17:00:00Z,2016-02-18T18:00:00+01:00,2016-02-18T18:00:00Z,2016-02-18T19:00:00+01:00,1,01:00:00,1,24:00:00,100.0,2400.0,2016-02-17T18:00:00Z,2016-02-17T19:00:00+01:00,2016-02-18T18:00:00Z,2016-02-18T19:00:00+01:00
35.4375,,,False,1,pm10,µg/m³,,raw,01:00:00,2016-02-18T18:00:00Z,2016-02-18T19:00:00+01:00,2016-02-18T19:00:00Z,2016-02-18T20:00:00+01:00,1,01:00:00,1,24:00:00,100.0,2400.0,2016-02-17T19:00:00Z,2016-02-17T20:00:00+01:00,2016-02-18T19:00:00Z,2016-02-18T20:00:00+01:00
35.0875,,,False,1,pm10,µg/m³,,raw,01:00:00,2016-02-18T19:00:00Z,2016-02-18T20:00:00+01:00,2016-02-18T20:00:00Z,2016-02-18T21:00:00+01:00,1,01:00:00,1,24:00:00,100.0,2400.0,2016-02-17T20:00:00Z,2016-02-17T21:00:00+01:00,2016-02-18T20:00:00Z,2016-02-18T21:00:00+01:00
34.5666666666667,,,False,1,pm10,µg/m³,,raw,01:00:00,2016-02-18T20:00:00Z,2016-02-18T21:00:00+01:00,2016-02-18T21:00:00Z,2016-02-18T22:00:00+01:00,1,01:00:00,1,24:00:00,100.0,2400.0,2016-02-17T21:00:00Z,2016-02-17T22:00:00+01:00,2016-02-18T21:00:00Z,2016-02-18T22:00:00+01:00
34.5,,,False,1,pm10,µg/m³,,raw,01:00:00,2016-02-18T21:00:00Z,2016-02-18T22:00:00+01:00,2016-02-18T22:00:00Z,2016-02-18T23:00:00+01:00,1,01:00:00,1,24:00:00,100.0,2400.0,2016-02-17T22:00:00Z,2016-02-17T23:00:00+01:00,2016-02-18T22:00:00Z,2016-02-18T23:00:00+01:00
34.5478260869565,,,False,1,pm10,µg/m³,,raw,01:00:00,2016-02-18T22:00:00Z,2016-02-18T23:00:00+01:00,2016-02-18T23:00:00Z,2016-02-19T00:00:00+01:00,1,01:00:00,1,24:00:00,100.0,2400.0,2016-02-17T23:00:00Z,2016-02-18T00:00:00+01:00,2016-02-18T23:00:00Z,2016-02-19T00:00:00+01:00
34.4363636363636,,,False,1,pm10,µg/m³,,raw,01:00:00,2016-02-18T23:00:00Z,2016-02-19T00:00:00+01:00,2016-02-19T00:00:00Z,2016-02-19T01:00:00+01:00,1,01:00:00,1,24:00:00,100.0,2400.0,2016-02-18T00:00:00Z,2016-02-18T01:00:00+01:00,2016-02-19T00:00:00Z,2016-02-19T01:00:00+01:00
33.3958333333333,,,False,1,pm10,µg/m³,,raw,01:00:00,2016-02-19T00:00:00Z,2016-02-19T01:00:00+01:00,2016-02-19T01:00:00Z,2016-02-19T02:00:00+01:00,1,01:00:00,1,24:00:00,100.0,2400.0,2016-02-18T01:00:00Z,2016-02-18T02:00:00+01:00,2016-02-19T01:00:00Z,2016-02-19T02:00:00+01:00
33.0291666666667,,,False,1,pm10,µg/m³,,raw,01:00:00,2016-02-19T01:00:00Z,2016-02-19T02:00:00+01:00,2016-02-19T02:00:00Z,2016-02-19T03:00:00+01:00,1,01:00:00,1,24:00:00,100.0,2400.0,2016-02-18T02:00:00Z,2016-02-18T03:00:00+01:00,2016-02-19T02:00:00Z,2016-02-19T03:00:00+01:00
32.4958333333333,,,False,1,pm10,µg/m³,,raw,01:00:00,2016-02-19T02:00:00Z,2016-02-19T03:00:00+01:00,2016-02-19T03:00:00Z,2016-02-19T04:00:00+01:00,1,01:00:00,1,24:00:00,100.0,2400.0,2016-02-18T03:00:00Z,2016-02-18T04:00:00+01:00,2016-02-19T03:00:00Z,2016-02-19T04:00:00+01:00
32.1708333333333,,,False,1,pm10,µg/m³,,raw,01:00:00,2016-02-19T03:00:00Z,2016-02-19T04:00:00+01:00,2016-02-19T04:00:00Z,2016-02-19T05:00:00+01:00,1,01:00:00,1,24:00:00,100.0,2400.0,2016-02-18T04:00:00Z,2016-02-18T05:00:00+01:00,2016-02-19T04:00:00Z,2016-02-19T05:00:00+01:00
31.725,,,False,1,pm10,µg/m³,,raw,01:00:00,2016-02-19T04:00:00Z,2016-02-19T05:00:00+01:00,2016-02-19T05:00:00Z,2016-02-19T06:00:00+01:00,1,01:00:00,1,24:00:00,100.0,2400.0,2016-02-18T05:00:00Z,2016-02-18T06:00:00+01:00,2016-02-19T05:00:00Z,2016-02-19T06:00:00+01:00
31.4625,,,False,1,pm10,µg/m³,,raw,01:00:00,2016-02-19T05:00:00Z,2016-02-19T06:00:00+01:00,2016-02-19T06:00:00Z,2016-02-19T07:00:00+01:00,1,01:00:00,1,24:00:00,100.0,2400.0,2016-02-18T06:00:00Z,2016-02-18T07:00:00+01:00,2016-02-19T06:00:00Z,2016-02-19T07:00:00+01:00
30.7708333333333,,,False,1,pm10,µg/m³,,raw,01:00:00,2016-02-19T06:00:00Z,2016-02-19T07:00:00+01:00,2016-02-19T07:00:00Z,2016-02-19T08:00:00+01:00,1,01:00:00,1,24:00:00,100.0,2400.0,2016-02-18T07:00:00Z,2016-02-18T08:00:00+01:00,2016-02-19T07:00:00Z,2016-02-19T08:00:00+01:00
30.504347826087,,,False,1,pm10,µg/m³,,raw,01:00:00,2016-02-19T07:00:00Z,2016-02-19T08:00:00+01:00,2016-02-19T08:00:00Z,2016-02-19T09:00:00+01:00,1,01:00:00,1,24:00:00,100.0,2400.0,2016-02-18T08:00:00Z,2016-02-18T09:00:00+01:00,2016-02-19T08:00:00Z,2016-02-19T09:00:00+01:00
29.8458333333333,,,False,1,pm10,µg/m³,,raw,01:00:00,2016-02-19T08:00:00Z,2016-02-19T09:00:00+01:00,2016-02-19T09:00:00Z,2016-02-19T10:00:00+01:00,1,01:00:00,1,24:00:00,100.0,2400.0,2016-02-18T09:00:00Z,2016-02-18T10:00:00+01:00,2016-02-19T09:00:00Z,2016-02-19T10:00:00+01:00
29.4666666666667,,,False,1,pm10,µg/m³,,raw,01:00:00,2016-02-19T09:00:00Z,2016-02-19T10:00:00+01:00,2016-02-19T10:00:00Z,2016-02-19T11:00:00+01:00,1,01:00:00,1,24:00:00,100.0,2400.0,2016-02-18T10:00:00Z,2016-02-18T11:00:00+01:00,2016-02-19T10:00:00Z,2016-02-19T11:00:00+01:00
29.0083333333333,,,False,1,pm10,µg/m³,,raw,01:00:00,2016-02-19T10:00:00Z,2016-02-19T11:00:00+01:00,2016-02-19T11:00:00Z,2016-02-19T12:00:00+01:00,1,01:00:00,1,24:00:00,100.0,2400.0,2016-02-18T11:00:00Z,2016-02-18T12:00:00+01:00,2016-02-19T11:00:00Z,2016-02-19T12:00:00+01:00
28.3125,,,False,1,pm10,µg/m³,,raw,01:00:00,2016-02-19T11:00:00Z,2016-02-19T12:00:00+01:00,2016-02-19T12:00:00Z,2016-02-19T13:00:00+01:00,1,01:00:00,1,24:00:00,100.0,2400.0,2016-02-18T12:00:00Z,2016-02-18T13:00:00+01:00,2016-02-19T12:00:00Z,2016-02-19T13:00:00+01:00
27.6791666666667,,,False,1,pm10,µg/m³,,raw,01:00:00,2016-02-19T12:00:00Z,2016-02-19T13:00:00+01:00,2016-02-19T13:00:00Z,2016-02-19T14:00:00+01:00,1,01:00:00,1,24:00:00,100.0,2400.0,2016-02-18T13:00:00Z,2016-02-18T14:00:00+01:00,2016-02-19T13:00:00Z,2016-02-19T14:00:00+01:00
27.2458333333333,,,False,1,pm10,µg/m³,,raw,01:00:00,2016-02-19T13:00:00Z,2016-02-19T14:00:00+01:00,2016-02-19T14:00:00Z,2016-02-19T15:00:00+01:00,1,01:00:00,1,24:00:00,100.0,2400.0,2016-02-18T14:00:00Z,2016-02-18T15:00:00+01:00,2016-02-19T14:00:00Z,2016-02-19T15:00:00+01:00
27.0291666666667,,,False,1,pm10,µg/m³,,raw,01:00:00,2016-02-19T14:00:00Z,2016-02-19T15:00:00+01:00,2016-02-19T15:00:00Z,2016-02-19T16:00:00+01:00,1,01:00:00,1,24:00:00,100.0,2400.0,2016-02-18T15:00:00Z,2016-02-18T16:00:00+01:00,2016-02-19T15:00:00Z,2016-02-19T16:00:00+01:00
26.5416666666667,,,False,1,pm10,µg/m³,,raw,01:00:00,2016-02-19T15:00:00Z,2016-02-19T16:00:00+01:00,2016-02-19T16:00:00Z,2016-02-19T17:00:00+01:00,1,01:00:00,1,24:00:00,100.0,2400.0,2016-02-18T16:00:00Z,2016-02-18T17:00:00+01:00,2016-02-19T16:00:00Z,2016-02-19T17:00:00+01:00
25.8791666666667,,,False,1,pm10,µg/m³,,raw,01:00:00,2016-02-19T16:00:00Z,2016-02-19T17:00:00+01:00,2016-02-19T17:00:00Z,2016-02-19T18:00:00+01:00,1,01:00:00,1,24:00:00,100.0,2400.0,2016-02-18T17:00:00Z,2016-02-18T18:00:00+01:00,2016-02-19T17:00:00Z,2016-02-19T18:00:00+01:00
25.2333333333333,,,False,1,pm10,µg/m³,,raw,01:00:00,2016-02-19T17:00:00Z,2016-02-19T18:00:00+01:00,2016-02-19T18:00:00Z,2016-02-19T19:00:00+01:00,1,01:00:00,1,24:00:00,100.0,2400.0,2016-02-18T18:00:00Z,2016-02-18T19:00:00+01:00,2016-02-19T18:00:00Z,2016-02-19T19:00:00+01:00
24.2833333333333,,,False,1,pm10,µg/m³,,raw,01:00:00,2016-02-19T18:00:00Z,2016-02-19T19:00:00+01:00,2016-02-19T19:00:00Z,2016-02-19T20:00:00+01:00,1,01:00:00,1,24:00:00,100.0,2400.0,2016-02-18T19:00:00Z,2016-02-18T20:00:00+01:00,2016-02-19T19:00:00Z,2016-02-19T20:00:00+01:00
23.4875,,,False,1,pm10,µg/m³,,raw,01:00:00,2016-02-19T19:00:00Z,2016-02-19T20:00:00+01:00,2016-02-19T20:00:00Z,2016-02-19T21:00:00+01:00,1,01:00:00,1,24:00:00,100.0,2400.0,2016-02-18T20:00:00Z,2016-02-18T21:00:00+01:00,2016-02-19T20:00:00Z,2016-02-19T21:00:00+01:00
23.0291666666667,,,False,1,pm10,µg/m³,,raw,01:00:00,2016-02-19T20:00:00Z,2016-02-19T21:00:00+01:00,2016-02-19T21:00:00Z,2016-02-19T22:00:00+01:00,1,01:00:00,1,24:00:00,100.0,2400.0,2016-02-18T21:00:00Z,2016-02-18T22:00:00+01:00,2016-02-19T21:00:00Z,2016-02-19T22:00:00+01:00
22.5125,,,False,1,pm10,µg/m³,,raw,01:00:00,2016-02-19T21:00:00Z,2016-02-19T22:00:00+01:00,2016-02-19T22:00:00Z,2016-02-19T23:00:00+01:00,1,01:00:00,1,24:00:00,100.0,2400.0,2016-02-18T22:00:00Z,2016-02-18T23:00:00+01:00,2016-02-19T22:00:00Z,2016-02-19T23:00:00+01:00
22.2608695652174,,,False,1,pm10,µg/m³,,raw,01:00:00,2016-02-19T22:00:00Z,2016-02-19T23:00:00+01:00,2016-02-19T23:00:00Z,2016-02-20T00:00:00+01:00,1,01:00:00,1,24:00:00,100.0,2400.0,2016-02-18T23:00:00Z,2016-02-19T00:00:00+01:00,2016-02-19T23:00:00Z,2016-02-20T00:00:00+01:00
21.6416666666667,,,False,1,pm10,µg/m³,,raw,01:00:00,2016-02-19T23:00:00Z,2016-02-20T00:00:00+01:00,2016-02-20T00:00:00Z,2016-02-20T01:00:00+01:00,1,01:00:00,1,24:00:00,100.0,2400.0,2016-02-19T00:00:00Z,2016-02-19T01:00:00+01:00,2016-02-20T00:00:00Z,2016-02-20T01:00:00+01:00
21.375,,,False,1,pm10,µg/m³,,raw,01:00:00,2016-02-20T00:00:00Z,2016-02-20T01:00:00+01:00,2016-02-20T01:00:00Z,2016-02-20T02:00:00+01:00,1,01:00:00,1,24:00:00,100.0,2400.0,2016-02-19T01:00:00Z,2016-02-19T02:00:00+01:00,2016-02-20T01:00:00Z,2016-02-20T02:00:00+01:00
20.6125,,,False,1,pm10,µg/m³,,raw,01:00:00,2016-02-20T01:00:00Z,2016-02-20T02:00:00+01:00,2016-02-20T02:00:00Z,2016-02-20T03:00:00+01:00,1,01:00:00,1,24:00:00,100.0,2400.0,2016-02-19T02:00:00Z,2016-02-19T03:00:00+01:00,2016-02-20T02:00:00Z,2016-02-20T03:00:00+01:00
19.975,,,False,1,pm10,µg/m³,,raw,01:00:00,2016-02-20T02:00:00Z,2016-02-20T03:00:00+01:00,2016-02-20T03:00:00Z,2016-02-20T04:00:00+01:00,1,01:00:00,1,24:00:00,100.0,2400.0,2016-02-19T03:00:00Z,2016-02-19T04:00:00+01:00,2016-02-20T03:00:00Z,2016-02-20T04:00:00+01:00
19.2083333333333,,,False,1,pm10,µg/m³,,raw,01:00:00,2016-02-20T03:00:00Z,2016-02-20T04:00:00+01:00,2016-02-20T04:00:00Z,2016-02-20T05:00:00+01:00,1,01:00:00,1,24:00:00,100.0,2400.0,2016-02-19T04:00:00Z,2016-02-19T05:00:00+01:00,2016-02-20T04:00:00Z,2016-02-20T05:00:00+01:00
18.5541666666667,,,False,1,pm10,µg/m³,,raw,01:00:00,2016-02-20T04:00:00Z,2016-02-20T05:00:00+01:00,2016-02-20T05:00:00Z,2016-02-20T06:00:00+01:00,1,01:00:00,1,24:00:00,100.0,2400.0,2016-02-19T05:00:00Z,2016-02-19T06:00:00+01:00,2016-02-20T05:00:00Z,2016-02-20T06:00:00+01:00
17.7208333333333,,,False,1,pm10,µg/m³,,raw,01:00:00,2016-02-20T05:00:00Z,2016-02-20T06:00:00+01:00,2016-02-20T06:00:00Z,2016-02-20T07:00:00+01:00,1,01:00:00,1,24:00:00,100.0,2400.0,2016-02-19T06:00:00Z,2016-02-19T07:00:00+01:00,2016-02-20T06:00:00Z,2016-02-20T07:00:00+01:00
16.975,,,False,1,pm10,µg/m³,,raw,01:00:00,2016-02-20T06:00:00Z,2016-02-20T07:00:00+01:00,2016-02-20T07:00:00Z,2016-02-20T08:00:00+01:00,1,01:00:00,1,24:00:00,100.0,2400.0,2016-02-19T07:00:00Z,2016-02-19T08:00:00+01:00,2016-02-20T07:00:00Z,2016-02-20T08:00:00+01:00
16.1666666666667,,,False,1,pm10,µg/m³,,raw,01:00:00,2016-02-20T07:00:00Z,2016-02-20T08:00:00+01:00,2016-02-20T08:00:00Z,2016-02-20T09:00:00+01:00,1,01:00:00,1,24:00:00,100.0,2400.0,2016-02-19T08:00:00Z,2016-02-19T09:00:00+01:00,2016-02-20T08:00:00Z,2016-02-20T09:00:00+01:00
15.2583333333333,,,False,1,pm10,µg/m³,,raw,01:00:00,2016-02-20T08:00:00Z,2016-02-20T09:00:00+01:00,2016-02-20T09:00:00Z,2016-02-20T10:00:00+01:00,1,01:00:00,1,24:00:00,100.0,2400.0,2016-02-19T09:00:00Z,2016-02-19T10:00:00+01:00,2016-02-20T09:00:00Z,2016-02-20T10:00:00+01:00
14.425,,,False,1,pm10,µg/m³,,raw,01:00:00,2016-02-20T09:00:00Z,2016-02-20T10:00:00+01:00,2016-02-20T10:00:00Z,2016-02-20T11:00:00+01:00,1,01:00:00,1,24:00:00,100.0,2400.0,2016-02-19T10:00:00Z,2016-02-19T11:00:00+01:00,2016-02-20T10:00:00Z,2016-02-20T11:00:00+01:00
13.8208333333333,,,False,1,pm10,µg/m³,,raw,01:00:00,2016-02-20T10:00:00Z,2016-02-20T11:00:00+01:00,2016-02-20T11:00:00Z,2016-02-20T12:00:00+01:00,1,01:00:00,1,24:00:00,100.0,2400.0,2016-02-19T11:00:00Z,2016-02-19T12:00:00+01:00,2016-02-20T11:00:00Z,2016-02-20T12:00:00+01:00
13.525,,,False,1,pm10,µg/m³,,raw,01:00:00,2016-02-20T11:00:00Z,2016-02-20T12:00:00+01:00,2016-02-20T12:00:00Z,2016-02-20T13:00:00+01:00,1,01:00:00,1,24:00:00,100.0,2400.0,2016-02-19T12:00:00Z,2016-02-19T13:00:00+01:00,2016-02-20T12:00:00Z,2016-02-20T13:00:00+01:00
13.1833333333333,,,False,1,pm10,µg/m³,,raw,01:00:00,2016-02-20T12:00:00Z,2016-02-20T13:00:00+01:00,2016-02-20T13:00:00Z,2016-02-20T14:00:00+01:00,1,01:00:00,1,24:00:00,100.0,2400.0,2016-02-19T13:00:00Z,2016-02-19T14:00:00+01:00,2016-02-20T13:00:00Z,2016-02-20T14:00:00+01:00
12.5782608695652,,,False,1,pm10,µg/m³,,raw,01:00:00,2016-02-20T13:00:00Z,2016-02-20T14:00:00+01:00,2016-02-20T14:00:00Z,2016-02-20T15:00:00+01:00,1,01:00:00,1,24:00:00,100.0,2400.0,2016-02-19T14:00:00Z,2016-02-19T15:00:00+01:00,2016-02-20T14:00:00Z,2016-02-20T15:00:00+01:00
11.5583333333333,,,False,1,pm10,µg/m³,,raw,01:00:00,2016-02-20T14:00:00Z,2016-02-20T15:00:00+01:00,2016-02-20T15:00:00Z,2016-02-20T16:00:00+01:00,1,01:00:00,1,24:00:00,100.0,2400.0,2016-02-19T15:00:00Z,2016-02-19T16:00:00+01:00,2016-02-20T15:00:00Z,2016-02-20T16:00:00+01:00
10.875,,,False,1,pm10,µg/m³,,raw,01:00:00,2016-02-20T15:00:00Z,2016-02-20T16:00:00+01:00,2016-02-20T16:00:00Z,2016-02-20T17:00:00+01:00,1,01:00:00,1,24:00:00,100.0,2400.0,2016-02-19T16:00:00Z,2016-02-19T17:00:00+01:00,2016-02-20T16:00:00Z,2016-02-20T17:00:00+01:00
10.55,,,False,1,pm10,µg/m³,,raw,01:00:00,2016-02-20T16:00:00Z,2016-02-20T17:00:00+01:00,2016-02-20T17:00:00Z,2016-02-20T18:00:00+01:00,1,01:00:00,1,24:00:00,100.0,2400.0,2016-02-19T17:00:00Z,2016-02-19T18:00:00+01:00,2016-02-20T17:00:00Z,2016-02-20T18:00:00+01:00
10.5333333333333,,,False,1,pm10,µg/m³,,raw,01:00:00,2016-02-20T17:00:00Z,2016-02-20T18:00:00+01:00,2016-02-20T18:00:00Z,2016-02-20T19:00:00+01:00,1,01:00:00,1,24:00:00,100.0,2400.0,2016-02-19T18:00:00Z,2016-02-19T19:00:00+01:00,2016-02-20T18:00:00Z,2016-02-20T19:00:00+01:00
10.5458333333333,,,False,1,pm10,µg/m³,,raw,01:00:00,2016-02-20T18:00:00Z,2016-02-20T19:00:00+01:00,2016-02-20T19:00:00Z,2016-02-20T20:00:00+01:00,1,01:00:00,1,24:00:00,100.0,2400.0,2016-02-19T19:00:00Z,2016-02-19T20:00:00+01:00,2016-02-20T19:00:00Z,2016-02-20T20:00:00+01:00
10.8125,,,False,1,pm10,µg/m³,,raw,01:00:00,2016-02-20T19:00:00Z,2016-02-20T20:00:00+01:00,2016-02-20T20:00:00Z,2016-02-20T21:00:00+01:00,1,01:00:00,1,24:00:00,100.0,2400.0,2016-02-19T20:00:00Z,2016-02-19T21:00:00+01:00,2016-02-20T20:00:00Z,2016-02-20T21:00:00+01:00
10.6291666666667,,,False,1,pm10,µg/m³,,raw,01:00:00,2016-02-20T20:00:00Z,2016-02-20T21:00:00+01:00,2016-02-20T21:00:00Z,2016-02-20T22:00:00+01:00,1,01:00:00,1,24:00:00,100.0,2400.0,2016-02-19T21:00:00Z,2016-02-19T22:00:00+01:00,2016-02-20T21:00:00Z,2016-02-20T22:00:00+01:00
10.3666666666667,,,False,1,pm10,µg/m³,,raw,01:00:00,2016-02-20T21:00:00Z,2016-02-20T22:00:00+01:00,2016-02-20T22:00:00Z,2016-02-20T23:00:00+01:00,1,01:00:00,1,24:00:00,100.0,2400.0,2016-02-19T22:00:00Z,2016-02-19T23:00:00+01:00,2016-02-20T22:00:00Z,2016-02-20T23:00:00+01:00
10.2521739130435,,,False,1,pm10,µg/m³,,raw,01:00:00,2016-02-20T22:00:00Z,2016-02-20T23:00:00+01:00,2016-02-20T23:00:00Z,2016-02-21T00:00:00+01:00,1,01:00:00,1,24:00:00,100.0,2400.0,2016-02-19T23:00:00Z,2016-02-20T00:00:00+01:00,2016-02-20T23:00:00Z,2016-02-21T00:00:00+01:00
9.53333333333333,,,False,1,pm10,µg/m³,,raw,01:00:00,2016-02-20T23:00:00Z,2016-02-21T00:00:00+01:00,2016-02-21T00:00:00Z,2016-02-21T01:00:00+01:00,1,01:00:00,1,24:00:00,100.0,2400.0,2016-02-20T00:00:00Z,2016-02-20T01:00:00+01:00,2016-02-21T00:00:00Z,2016-02-21T01:00:00+01:00
8.85833333333333,,,False,1,pm10,µg/m³,,raw,01:00:00,2016-02-21T00:00:00Z,2016-02-21T01:00:00+01:00,2016-02-21T01:00:00Z,2016-02-21T02:00:00+01:00,1,01:00:00,1,24:00:00,100.0,2400.0,2016-02-20T01:00:00Z,2016-02-20T02:00:00+01:00,2016-02-21T01:00:00Z,2016-02-21T02:00:00+01:00
8.55416666666667,,,False,1,pm10,µg/m³,,raw,01:00:00,2016-02-21T01:00:00Z,2016-02-21T02:00:00+01:00,2016-02-21T02:00:00Z,2016-02-21T03:00:00+01:00,1,01:00:00,1,24:00:00,100.0,2400.0,2016-02-20T02:00:00Z,2016-02-20T03:00:00+01:00,2016-02-21T02:00:00Z,2016-02-21T03:00:00+01:00
8.14583333333333,,,False,1,pm10,µg/m³,,raw,01:00:00,2016-02-21T02:00:00Z,2016-02-21T03:00:00+01:00,2016-02-21T03:00:00Z,2016-02-21T04:00:00+01:00,1,01:00:00,1,24:00:00,100.0,2400.0,2016-02-20T03:00:00Z,2016-02-20T04:00:00+01:00,2016-02-21T03:00:00Z,2016-02-21T04:00:00+01:00
7.7625,,,False,1,pm10,µg/m³,,raw,01:00:00,2016-02-21T03:00:00Z,2016-02-21T04:00:00+01:00,2016-02-21T04:00:00Z,2016-02-21T05:00:00+01:00,1,01:00:00,1,24:00:00,100.0,2400.0,2016-02-20T04:00:00Z,2016-02-20T05:00:00+01:00,2016-02-21T04:00:00Z,2016-02-21T05:00:00+01:00
7.67826086956522,,,False,1,pm10,µg/m³,,raw,01:00:00,2016-02-21T04:00:00Z,2016-02-21T05:00:00+01:00,2016-02-21T05:00:00Z,2016-02-21T06:00:00+01:00,1,01:00:00,1,24:00:00,100.0,2400.0,2016-02-20T05:00:00Z,2016-02-20T06:00:00+01:00,2016-02-21T05:00:00Z,2016-02-21T06:00:00+01:00
7.075,,,False,1,pm10,µg/m³,,raw,01:00:00,2016-02-21T05:00:00Z,2016-02-21T06:00:00+01:00,2016-02-21T06:00:00Z,2016-02-21T07:00:00+01:00,1,01:00:00,1,24:00:00,100.0,2400.0,2016-02-20T06:00:00Z,2016-02-20T07:00:00+01:00,2016-02-21T06:00:00Z,2016-02-21T07:00:00+01:00
6.86666666666667,,,False,1,pm10,µg/m³,,raw,01:00:00,2016-02-21T06:00:00Z,2016-02-21T07:00:00+01:00,2016-02-21T07:00:00Z,2016-02-21T08:00:00+01:00,1,01:00:00,1,24:00:00,100.0,2400.0,2016-02-20T07:00:00Z,2016-02-20T08:00:00+01:00,2016-02-21T07:00:00Z,2016-02-21T08:00:00+01:00
6.80833333333333,,,False,1,pm10,µg/m³,,raw,01:00:00,2016-02-21T07:00:00Z,2016-02-21T08:00:00+01:00,2016-02-21T08:00:00Z,2016-02-21T09:00:00+01:00,1,01:00:00,1,24:00:00,100.0,2400.0,2016-02-20T08:00:00Z,2016-02-20T09:00:00+01:00,2016-02-21T08:00:00Z,2016-02-21T09:00:00+01:00
6.87083333333333,,,False,1,pm10,µg/m³,,raw,01:00:00,2016-02-21T08:00:00Z,2016-02-21T09:00:00+01:00,2016-02-21T09:00:00Z,2016-02-21T10:00:00+01:00,1,01:00:00,1,24:00:00,100.0,2400.0,2016-02-20T09:00:00Z,2016-02-20T10:00:00+01:00,2016-02-21T09:00:00Z,2016-02-21T10:00:00+01:00
6.89166666666667,,,False,1,pm10,µg/m³,,raw,01:00:00,2016-02-21T09:00:00Z,2016-02-21T10:00:00+01:00,2016-02-21T10:00:00Z,2016-02-21T11:00:00+01:00,1,01:00:00,1,24:00:00,100.0,2400.0,2016-02-20T10:00:00Z,2016-02-20T11:00:00+01:00,2016-02-21T10:00:00Z,2016-02-21T11:00:00+01:00
6.8125,,,False,1,pm10,µg/m³,,raw,01:00:00,2016-02-21T10:00:00Z,2016-02-21T11:00:00+01:00,2016-02-21T11:00:00Z,2016-02-21T12:00:00+01:00,1,01:00:00,1,24:00:00,100.0,2400.0,2016-02-20T11:00:00Z,2016-02-20T12:00:00+01:00,2016-02-21T11:00:00Z,2016-02-21T12:00:00+01:00
6.6375,,,False,1,pm10,µg/m³,,raw,01:00:00,2016-02-21T11:00:00Z,2016-02-21T12:00:00+01:00,2016-02-21T12:00:00Z,2016-02-21T13:00:00+01:00,1,01:00:00,1,24:00:00,100.0,2400.0,2016-02-20T12:00:00Z,2016-02-20T13:00:00+01:00,2016-02-21T12:00:00Z,2016-02-21T13:00:00+01:00
6.55833333333333,,,False,1,pm10,µg/m³,,raw,01:00:00,2016-02-21T12:00:00Z,2016-02-21T13:00:00+01:00,2016-02-21T13:00:00Z,2016-02-21T14:00:00+01:00,1,01:00:00,1,24:00:00,100.0,2400.0,2016-02-20T13:00:00Z,2016-02-20T14:00:00+01:00,2016-02-21T13:00:00Z,2016-02-21T14:00:00+01:00
6.50416666666667,,,False,1,pm10,µg/m³,,raw,01:00:00,2016-02-21T13:00:00Z,2016-02-21T14:00:00+01:00,2016-02-21T14:00:00Z,2016-02-21T15:00:00+01:00,1,01:00:00,1,24:00:00,100.0,2400.0,2016-02-20T14:00:00Z,2016-02-20T15:00:00+01:00,2016-02-21T14:00:00Z,2016-02-21T15:00:00+01:00
6.39166666666667,,,False,1,pm10,µg/m³,,raw,01:00:00,2016-02-21T14:00:00Z,2016-02-21T15:00:00+01:00,2016-02-21T15:00:00Z,2016-02-21T16:00:00+01:00,1,01:00:00,1,24:00:00,100.0,2400.0,2016-02-20T15:00:00Z,2016-02-20T16:00:00+01:00,2016-02-21T15:00:00Z,2016-02-21T16:00:00+01:00
6.32083333333333,,,False,1,pm10,µg/m³,,raw,01:00:00,2016-02-21T15:00:00Z,2016-02-21T16:00:00+01:00,2016-02-21T16:00:00Z,2016-02-21T17:00:00+01:00,1,01:00:00,1,24:00:00,100.0,2400.0,2016-02-20T16:00:00Z,2016-02-20T17:00:00+01:00,2016-02-21T16:00:00Z,2016-02-21T17:00:00+01:00
6.29166666666667,,,False,1,pm10,µg/m³,,raw,01:00:00,2016-02-21T16:00:00Z,2016-02-21T17:00:00+01:00,2016-02-21T17:00:00Z,2016-02-21T18:00:00+01:00,1,01:00:00,1,24:00:00,100.0,2400.0,2016-02-20T17:00:00Z,2016-02-20T18:00:00+01:00,2016-02-21T17:00:00Z,2016-02-21T18:00:00+01:00
6.17916666666667,,,False,1,pm10,µg/m³,,raw,01:00:00,2016-02-21T17:00:00Z,2016-02-21T18:00:00+01:00,2016-02-21T18:00:00Z,2016-02-21T19:00:00+01:00,1,01:00:00,1,24:00:00,100.0,2400.0,2016-02-20T18:00:00Z,2016-02-20T19:00:00+01:00,2016-02-21T18:00:00Z,2016-02-21T19:00:00+01:00
6.1875,,,False,1,pm10,µg/m³,,raw,01:00:00,2016-02-21T18:00:00Z,2016-02-21T19:00:00+01:00,2016-02-21T19:00:00Z,2016-02-21T20:00:00+01:00,1,01:00:00,1,24:00:00,100.0,2400.0,2016-02-20T19:00:00Z,2016-02-20T20:00:00+01:00,2016-02-21T19:00:00Z,2016-02-21T20:00:00+01:00
5.83913043478261,,,False,1,pm10,µg/m³,,raw,01:00:00,2016-02-21T19:00:00Z,2016-02-21T20:00:00+01:00,2016-02-21T20:00:00Z,2016-02-21T21:00:00+01:00,1,01:00:00,1,24:00:00,100.0,2400.0,2016-02-20T20:00:00Z,2016-02-20T21:00:00+01:00,2016-02-21T20:00:00Z,2016-02-21T21:00:00+01:00
6.075,,,False,1,pm10,µg/m³,,raw,01:00:00,2016-02-21T20:00:00Z,2016-02-21T21:00:00+01:00,2016-02-21T21:00:00Z,2016-02-21T22:00:00+01:00,1,01:00:00,1,24:00:00,100.0,2400.0,2016-02-20T21:00:00Z,2016-02-20T22:00:00+01:00,2016-02-21T21:00:00Z,2016-02-21T22:00:00+01:00
6.225,,,False,1,pm10,µg/m³,,raw,01:00:00,2016-02-21T21:00:00Z,2016-02-21T22:00:00+01:00,2016-02-21T22:00:00Z,2016-02-21T23:00:00+01:00,1,01:00:00,1,24:00:00,100.0,2400.0,2016-02-20T22:00:00Z,2016-02-20T23:00:00+01:00,2016-02-21T22:00:00Z,2016-02-21T23:00:00+01:00
6.12173913043478,,,False,1,pm10,µg/m³,,raw,01:00:00,2016-02-21T22:00:00Z,2016-02-21T23:00:00+01:00,2016-02-21T23:00:00Z,2016-02-22T00:00:00+01:00,1,01:00:00,1,24:00:00,100.0,2400.0,2016-02-20T23:00:00Z,2016-02-21T00:00:00+01:00,2016-02-21T23:00:00Z,2016-02-22T00:00:00+01:00
6.14090909090909,,,False,1,pm10,µg/m³,,raw,01:00:00,2016-02-21T23:00:00Z,2016-02-22T00:00:00+01:00,2016-02-22T00:00:00Z,2016-02-22T01:00:00+01:00,1,01:00:00,1,24:00:00,100.0,2400.0,2016-02-21T00:00:00Z,2016-02-21T01:00:00+01:00,2016-02-22T00:00:00Z,2016-02-22T01:00:00+01:00
7.98333333333333,,,False,1,pm10,µg/m³,,raw,01:00:00,2016-02-22T00:00:00Z,2016-02-22T01:00:00+01:00,2016-02-22T01:00:00Z,2016-02-22T02:00:00+01:00,1,01:00:00,1,24:00:00,100.0,2400.0,2016-02-21T01:00:00Z,2016-02-21T02:00:00+01:00,2016-02-22T01:00:00Z,2016-02-22T02:00:00+01:00
8.95416666666667,,,False,1,pm10,µg/m³,,raw,01:00:00,2016-02-22T01:00:00Z,2016-02-22T02:00:00+01:00,2016-02-22T02:00:00Z,2016-02-22T03:00:00+01:00,1,01:00:00,1,24:00:00,100.0,2400.0,2016-02-21T02:00:00Z,2016-02-21T03:00:00+01:00,2016-02-22T02:00:00Z,2016-02-22T03:00:00+01:00
9.92916666666667,,,False,1,pm10,µg/m³,,raw,01:00:00,2016-02-22T02:00:00Z,2016-02-22T03:00:00+01:00,2016-02-22T03:00:00Z,2016-02-22T04:00:00+01:00,1,01:00:00,1,24:00:00,100.0,2400.0,2016-02-21T03:00:00Z,2016-02-21T04:00:00+01:00,2016-02-22T03:00:00Z,2016-02-22T04:00:00+01:00
10.6541666666667,,,False,1,pm10,µg/m³,,raw,01:00:00,2016-02-22T03:00:00Z,2016-02-22T04:00:00+01:00,2016-02-22T04:00:00Z,2016-02-22T05:00:00+01:00,1,01:00:00,1,24:00:00,100.0,2400.0,2016-02-21T04:00:00Z,2016-02-21T05:00:00+01:00,2016-02-22T04:00:00Z,2016-02-22T05:00:00+01:00
10.7458333333333,,,False,1,pm10,µg/m³,,raw,01:00:00,2016-02-22T04:00:00Z,2016-02-22T05:00:00+01:00,2016-02-22T05:00:00Z,2016-02-22T06:00:00+01:00,1,01:00:00,1,24:00:00,100.0,2400.0,2016-02-21T05:00:00Z,2016-02-21T06:00:00+01:00,2016-02-22T05:00:00Z,2016-02-22T06:00:00+01:00
10.7416666666667,,,False,1,pm10,µg/m³,,raw,01:00:00,2016-02-22T05:00:00Z,2016-02-22T06:00:00+01:00,2016-02-22T06:00:00Z,2016-02-22T07:00:00+01:00,1,01:00:00,1,24:00:00,100.0,2400.0,2016-02-21T06:00:00Z,2016-02-21T07:00:00+01:00,2016-02-22T06:00:00Z,2016-02-22T07:00:00+01:00
10.7541666666667,,,False,1,pm10,µg/m³,,raw,01:00:00,2016-02-22T06:00:00Z,2016-02-22T07:00:00+01:00,2016-02-22T07:00:00Z,2016-02-22T08:00:00+01:00,1,01:00:00,1,24:00:00,100.0,2400.0,2016-02-21T07:00:00Z,2016-02-21T08:00:00+01:00,2016-02-22T07:00:00Z,2016-02-22T08:00:00+01:00
10.7125,,,False,1,pm10,µg/m³,,raw,01:00:00,2016-02-22T07:00:00Z,2016-02-22T08:00:00+01:00,2016-02-22T08:00:00Z,2016-02-22T09:00:00+01:00,1,01:00:00,1,24:00:00,100.0,2400.0,2016-02-21T08:00:00Z,2016-02-21T09:00:00+01:00,2016-02-22T08:00:00Z,2016-02-22T09:00:00+01:00
10.2625,,,False,1,pm10,µg/m³,,raw,01:00:00,2016-02-22T11:00:00Z,2016-02-22T12:00:00+01:00,2016-02-22T12:00:00Z,2016-02-22T13:00:00+01:00,1,01:00:00,1,24:00:00,100.0,2400.0,2016-02-21T12:00:00Z,2016-02-21T13:00:00+01:00,2016-02-22T12:00:00Z,2016-02-22T13:00:00+01:00
10.3826086956522,,,False,1,pm10,µg/m³,,raw,01:00:00,2016-02-22T12:00:00Z,2016-02-22T13:00:00+01:00,2016-02-22T13:00:00Z,2016-02-22T14:00:00+01:00,1,01:00:00,1,24:00:00,100.0,2400.0,2016-02-21T13:00:00Z,2016-02-21T14:00:00+01:00,2016-02-22T13:00:00Z,2016-02-22T14:00:00+01:00
10.195652173913,,,False,1,pm10,µg/m³,,raw,01:00:00,2016-02-22T13:00:00Z,2016-02-22T14:00:00+01:00,2016-02-22T14:00:00Z,2016-02-22T15:00:00+01:00,1,01:00:00,1,24:00:00,100.0,2400.0,2016-02-21T14:00:00Z,2016-02-21T15:00:00+01:00,2016-02-22T14:00:00Z,2016-02-22T15:00:00+01:00
10.1826086956522,,,False,1,pm10,µg/m³,,raw,01:00:00,2016-02-22T14:00:00Z,2016-02-22T15:00:00+01:00,2016-02-22T15:00:00Z,2016-02-22T16:00:00+01:00,1,01:00:00,1,24:00:00,100.0,2400.0,2016-02-21T15:00:00Z,2016-02-21T16:00:00+01:00,2016-02-22T15:00:00Z,2016-02-22T16:00:00+01:00
10.5791666666667,,,False,1,pm10,µg/m³,,raw,01:00:00,2016-02-22T15:00:00Z,2016-02-22T16:00:00+01:00,2016-02-22T16:00:00Z,2016-02-22T17:00:00+01:00,1,01:00:00,1,24:00:00,100.0,2400.0,2016-02-21T16:00:00Z,2016-02-21T17:00:00+01:00,2016-02-22T16:00:00Z,2016-02-22T17:00:00+01:00
11.0708333333333,,,False,1,pm10,µg/m³,,raw,01:00:00,2016-02-22T16:00:00Z,2016-02-22T17:00:00+01:00,2016-02-22T17:00:00Z,2016-02-22T18:00:00+01:00,1,01:00:00,1,24:00:00,100.0,2400.0,2016-02-21T17:00:00Z,2016-02-21T18:00:00+01:00,2016-02-22T17:00:00Z,2016-02-22T18:00:00+01:00
11.2434782608696,,,False,1,pm10,µg/m³,,raw,01:00:00,2016-02-22T17:00:00Z,2016-02-22T18:00:00+01:00,2016-02-22T18:00:00Z,2016-02-22T19:00:00+01:00,1,01:00:00,1,24:00:00,100.0,2400.0,2016-02-21T18:00:00Z,2016-02-21T19:00:00+01:00,2016-02-22T18:00:00Z,2016-02-22T19:00:00+01:00
11.8458333333333,,,False,1,pm10,µg/m³,,raw,01:00:00,2016-02-22T18:00:00Z,2016-02-22T19:00:00+01:00,2016-02-22T19:00:00Z,2016-02-22T20:00:00+01:00,1,01:00:00,1,24:00:00,100.0,2400.0,2016-02-21T19:00:00Z,2016-02-21T20:00:00+01:00,2016-02-22T19:00:00Z,2016-02-22T20:00:00+01:00
12.3958333333333,,,False,1,pm10,µg/m³,,raw,01:00:00,2016-02-22T19:00:00Z,2016-02-22T20:00:00+01:00,2016-02-22T20:00:00Z,2016-02-22T21:00:00+01:00,1,01:00:00,1,24:00:00,100.0,2400.0,2016-02-21T20:00:00Z,2016-02-21T21:00:00+01:00,2016-02-22T20:00:00Z,2016-02-22T21:00:00+01:00
12.6708333333333,,,False,1,pm10,µg/m³,,raw,01:00:00,2016-02-22T20:00:00Z,2016-02-22T21:00:00+01:00,2016-02-22T21:00:00Z,2016-02-22T22:00:00+01:00,1,01:00:00,1,24:00:00,100.0,2400.0,2016-02-21T21:00:00Z,2016-02-21T22:00:00+01:00,2016-02-22T21:00:00Z,2016-02-22T22:00:00+01:00
12.9583333333333,,,False,1,pm10,µg/m³,,raw,01:00:00,2016-02-22T21:00:00Z,2016-02-22T22:00:00+01:00,2016-02-22T22:00:00Z,2016-02-22T23:00:00+01:00,1,01:00:00,1,24:00:00,100.0,2400.0,2016-02-21T22:00:00Z,2016-02-21T23:00:00+01:00,2016-02-22T22:00:00Z,2016-02-22T23:00:00+01:00
12.7826086956522,,,False,1,pm10,µg/m³,,raw,01:00:00,2016-02-22T22:00:00Z,2016-02-22T23:00:00+01:00,2016-02-22T23:00:00Z,2016-02-23T00:00:00+01:00,1,01:00:00,1,24:00:00,100.0,2400.0,2016-02-21T23:00:00Z,2016-02-22T00:00:00+01:00,2016-02-22T23:00:00Z,2016-02-23T00:00:00+01:00
12.8125,,,False,1,pm10,µg/m³,,raw,01:00:00,2016-02-22T23:00:00Z,2016-02-23T00:00:00+01:00,2016-02-23T00:00:00Z,2016-02-23T01:00:00+01:00,1,01:00:00,1,24:00:00,100.0,2400.0,2016-02-22T00:00:00Z,2016-02-22T01:00:00+01:00,2016-02-23T00:00:00Z,2016-02-23T01:00:00+01:00
12.6666666666667,,,False,1,pm10,µg/m³,,raw,01:00:00,2016-02-23T00:00:00Z,2016-02-23T01:00:00+01:00,2016-02-23T01:00:00Z,2016-02-23T02:00:00+01:00,1,01:00:00,1,24:00:00,100.0,2400.0,2016-02-22T01:00:00Z,2016-02-22T02:00:00+01:00,2016-02-23T01:00:00Z,2016-02-23T02:00:00+01:00
12.1,,,False,1,pm10,µg/m³,,raw,01:00:00,2016-02-23T01:00:00Z,2016-02-23T02:00:00+01:00,2016-02-23T02:00:00Z,2016-02-23T03:00:00+01:00,1,01:00:00,1,24:00:00,100.0,2400.0,2016-02-22T02:00:00Z,2016-02-22T03:00:00+01:00,2016-02-23T02:00:00Z,2016-02-23T03:00:00+01:00
10.9625,,,False,1,pm10,µg/m³,,raw,01:00:00,2016-02-23T02:00:00Z,2016-02-23T03:00:00+01:00,2016-02-23T03:00:00Z,2016-02-23T04:00:00+01:00,1,01:00:00,1,24:00:00,100.0,2400.0,2016-02-22T03:00:00Z,2016-02-22T04:00:00+01:00,2016-02-23T03:00:00Z,2016-02-23T04:00:00+01:00
10.3666666666667,,,False,1,pm10,µg/m³,,raw,01:00:00,2016-02-23T03:00:00Z,2016-02-23T04:00:00+01:00,2016-02-23T04:00:00Z,2016-02-23T05:00:00+01:00,1,01:00:00,1,24:00:00,100.0,2400.0,2016-02-22T04:00:00Z,2016-02-22T05:00:00+01:00,2016-02-23T04:00:00Z,2016-02-23T05:00:00+01:00
10.45,,,False,1,pm10,µg/m³,,raw,01:00:00,2016-02-23T04:00:00Z,2016-02-23T05:00:00+01:00,2016-02-23T05:00:00Z,2016-02-23T06:00:00+01:00,1,01:00:00,1,24:00:00,100.0,2400.0,2016-02-22T05:00:00Z,2016-02-22T06:00:00+01:00,2016-02-23T05:00:00Z,2016-02-23T06:00:00+01:00
10.575,,,False,1,pm10,µg/m³,,raw,01:00:00,2016-02-23T05:00:00Z,2016-02-23T06:00:00+01:00,2016-02-23T06:00:00Z,2016-02-23T07:00:00+01:00,1,01:00:00,1,24:00:00,100.0,2400.0,2016-02-22T06:00:00Z,2016-02-22T07:00:00+01:00,2016-02-23T06:00:00Z,2016-02-23T07:00:00+01:00
10.7666666666667,,,False,1,pm10,µg/m³,,raw,01:00:00,2016-02-23T06:00:00Z,2016-02-23T07:00:00+01:00,2016-02-23T07:00:00Z,2016-02-23T08:00:00+01:00,1,01:00:00,1,24:00:00,100.0,2400.0,2016-02-22T07:00:00Z,2016-02-22T08:00:00+01:00,2016-02-23T07:00:00Z,2016-02-23T08:00:00+01:00
11.4166666666667,,,False,1,pm10,µg/m³,,raw,01:00:00,2016-02-23T07:00:00Z,2016-02-23T08:00:00+01:00,2016-02-23T08:00:00Z,2016-02-23T09:00:00+01:00,1,01:00:00,1,24:00:00,100.0,2400.0,2016-02-22T08:00:00Z,2016-02-22T09:00:00+01:00,2016-02-23T08:00:00Z,2016-02-23T09:00:00+01:00
12.1166666666667,,,False,1,pm10,µg/m³,,raw,01:00:00,2016-02-23T08:00:00Z,2016-02-23T09:00:00+01:00,2016-02-23T09:00:00Z,2016-02-23T10:00:00+01:00,1,01:00:00,1,24:00:00,100.0,2400.0,2016-02-22T09:00:00Z,2016-02-22T10:00:00+01:00,2016-02-23T09:00:00Z,2016-02-23T10:00:00+01:00
12.6708333333333,,,False,1,pm10,µg/m³,,raw,01:00:00,2016-02-23T09:00:00Z,2016-02-23T10:00:00+01:00,2016-02-23T10:00:00Z,2016-02-23T11:00:00+01:00,1,01:00:00,1,24:00:00,100.0,2400.0,2016-02-22T10:00:00Z,2016-02-22T11:00:00+01:00,2016-02-23T10:00:00Z,2016-02-23T11:00:00+01:00
13.2708333333333,,,False,1,pm10,µg/m³,,raw,01:00:00,2016-02-23T10:00:00Z,2016-02-23T11:00:00+01:00,2016-02-23T11:00:00Z,2016-02-23T12:00:00+01:00,1,01:00:00,1,24:00:00,100.0,2400.0,2016-02-22T11:00:00Z,2016-02-22T12:00:00+01:00,2016-02-23T11:00:00Z,2016-02-23T12:00:00+01:00
13.6375,,,False,1,pm10,µg/m³,,raw,01:00:00,2016-02-23T11:00:00Z,2016-02-23T12:00:00+01:00,2016-02-23T12:00:00Z,2016-02-23T13:00:00+01:00,1,01:00:00,1,24:00:00,100.0,2400.0,2016-02-22T12:00:00Z,2016-02-22T13:00:00+01:00,2016-02-23T12:00:00Z,2016-02-23T13:00:00+01:00
14.0,,,False,1,pm10,µg/m³,,raw,01:00:00,2016-02-23T12:00:00Z,2016-02-23T13:00:00+01:00,2016-02-23T13:00:00Z,2016-02-23T14:00:00+01:00,1,01:00:00,1,24:00:00,100.0,2400.0,2016-02-22T13:00:00Z,2016-02-22T14:00:00+01:00,2016-02-23T13:00:00Z,2016-02-23T14:00:00+01:00
14.3083333333333,,,False,1,pm10,µg/m³,,raw,01:00:00,2016-02-23T13:00:00Z,2016-02-23T14:00:00+01:00,2016-02-23T14:00:00Z,2016-02-23T15:00:00+01:00,1,01:00:00,1,24:00:00,100.0,2400.0,2016-02-22T14:00:00Z,2016-02-22T15:00:00+01:00,2016-02-23T14:00:00Z,2016-02-23T15:00:00+01:00
14.3708333333333,,,False,1,pm10,µg/m³,,raw,01:00:00,2016-02-23T14:00:00Z,2016-02-23T15:00:00+01:00,2016-02-23T15:00:00Z,2016-02-23T16:00:00+01:00,1,01:00:00,1,24:00:00,100.0,2400.0,2016-02-22T15:00:00Z,2016-02-22T16:00:00+01:00,2016-02-23T15:00:00Z,2016-02-23T16:00:00+01:00
14.4666666666667,,,False,1,pm10,µg/m³,,raw,01:00:00,2016-02-23T15:00:00Z,2016-02-23T16:00:00+01:00,2016-02-23T16:00:00Z,2016-02-23T17:00:00+01:00,1,01:00:00,1,24:00:00,100.0,2400.0,2016-02-22T16:00:00Z,2016-02-22T17:00:00+01:00,2016-02-23T16:00:00Z,2016-02-23T17:00:00+01:00
14.204347826087,,,False,1,pm10,µg/m³,,raw,01:00:00,2016-02-23T16:00:00Z,2016-02-23T17:00:00+01:00,2016-02-23T17:00:00Z,2016-02-23T18:00:00+01:00,1,01:00:00,1,24:00:00,100.0,2400.0,2016-02-22T17:00:00Z,2016-02-22T18:00:00+01:00,2016-02-23T17:00:00Z,2016-02-23T18:00:00+01:00
13.7708333333333,,,False,1,pm10,µg/m³,,raw,01:00:00,2016-02-23T17:00:00Z,2016-02-23T18:00:00+01:00,2016-02-23T18:00:00Z,2016-02-23T19:00:00+01:00,1,01:00:00,1,24:00:00,100.0,2400.0,2016-02-22T18:00:00Z,2016-02-22T19:00:00+01:00,2016-02-23T18:00:00Z,2016-02-23T19:00:00+01:00
13.1333333333333,,,False,1,pm10,µg/m³,,raw,01:00:00,2016-02-23T18:00:00Z,2016-02-23T19:00:00+01:00,2016-02-23T19:00:00Z,2016-02-23T20:00:00+01:00,1,01:00:00,1,24:00:00,100.0,2400.0,2016-02-22T19:00:00Z,2016-02-22T20:00:00+01:00,2016-02-23T19:00:00Z,2016-02-23T20:00:00+01:00
12.7416666666667,,,False,1,pm10,µg/m³,,raw,01:00:00,2016-02-23T19:00:00Z,2016-02-23T20:00:00+01:00,2016-02-23T20:00:00Z,2016-02-23T21:00:00+01:00,1,01:00:00,1,24:00:00,100.0,2400.0,2016-02-22T20:00:00Z,2016-02-22T21:00:00+01:00,2016-02-23T20:00:00Z,2016-02-23T21:00:00+01:00
12.65,,,False,1,pm10,µg/m³,,raw,01:00:00,2016-02-23T20:00:00Z,2016-02-23T21:00:00+01:00,2016-02-23T21:00:00Z,2016-02-23T22:00:00+01:00,1,01:00:00,1,24:00:00,100.0,2400.0,2016-02-22T21:00:00Z,2016-02-22T22:00:00+01:00,2016-02-23T21:00:00Z,2016-02-23T22:00:00+01:00
12.4708333333333,,,False,1,pm10,µg/m³,,raw,01:00:00,2016-02-23T21:00:00Z,2016-02-23T22:00:00+01:00,2016-02-23T22:00:00Z,2016-02-23T23:00:00+01:00,1,01:00:00,1,24:00:00,100.0,2400.0,2016-02-22T22:00:00Z,2016-02-22T23:00:00+01:00,2016-02-23T22:00:00Z,2016-02-23T23:00:00+01:00
12.4130434782609,,,False,1,pm10,µg/m³,,raw,01:00:00,2016-02-23T22:00:00Z,2016-02-23T23:00:00+01:00,2016-02-23T23:00:00Z,2016-02-24T00:00:00+01:00,1,01:00:00,1,24:00:00,100.0,2400.0,2016-02-22T23:00:00Z,2016-02-23T00:00:00+01:00,2016-02-23T23:00:00Z,2016-02-24T00:00:00+01:00
12.1458333333333,,,False,1,pm10,µg/m³,,raw,01:00:00,2016-02-23T23:00:00Z,2016-02-24T00:00:00+01:00,2016-02-24T00:00:00Z,2016-02-24T01:00:00+01:00,1,01:00:00,1,24:00:00,100.0,2400.0,2016-02-23T00:00:00Z,2016-02-23T01:00:00+01:00,2016-02-24T00:00:00Z,2016-02-24T01:00:00+01:00
11.7541666666667,,,False,1,pm10,µg/m³,,raw,01:00:00,2016-02-24T00:00:00Z,2016-02-24T01:00:00+01:00,2016-02-24T01:00:00Z,2016-02-24T02:00:00+01:00,1,01:00:00,1,24:00:00,100.0,2400.0,2016-02-23T01:00:00Z,2016-02-23T02:00:00+01:00,2016-02-24T01:00:00Z,2016-02-24T02:00:00+01:00
11.9375,,,False,1,pm10,µg/m³,,raw,01:00:00,2016-02-24T01:00:00Z,2016-02-24T02:00:00+01:00,2016-02-24T02:00:00Z,2016-02-24T03:00:00+01:00,1,01:00:00,1,24:00:00,100.0,2400.0,2016-02-23T02:00:00Z,2016-02-23T03:00:00+01:00,2016-02-24T02:00:00Z,2016-02-24T03:00:00+01:00
12.1625,,,False,1,pm10,µg/m³,,raw,01:00:00,2016-02-24T02:00:00Z,2016-02-24T03:00:00+01:00,2016-02-24T03:00:00Z,2016-02-24T04:00:00+01:00,1,01:00:00,1,24:00:00,100.0,2400.0,2016-02-23T03:00:00Z,2016-02-23T04:00:00+01:00,2016-02-24T03:00:00Z,2016-02-24T04:00:00+01:00
12.3458333333333,,,False,1,pm10,µg/m³,,raw,01:00:00,2016-02-24T03:00:00Z,2016-02-24T04:00:00+01:00,2016-02-24T04:00:00Z,2016-02-24T05:00:00+01:00,1,01:00:00,1,24:00:00,100.0,2400.0,2016-02-23T04:00:00Z,2016-02-23T05:00:00+01:00,2016-02-24T04:00:00Z,2016-02-24T05:00:00+01:00
12.3333333333333,,,False,1,pm10,µg/m³,,raw,01:00:00,2016-02-24T04:00:00Z,2016-02-24T05:00:00+01:00,2016-02-24T05:00:00Z,2016-02-24T06:00:00+01:00,1,01:00:00,1,24:00:00,100.0,2400.0,2016-02-23T05:00:00Z,2016-02-23T06:00:00+01:00,2016-02-24T05:00:00Z,2016-02-24T06:00:00+01:00
12.2041666666667,,,False,1,pm10,µg/m³,,raw,01:00:00,2016-02-24T05:00:00Z,2016-02-24T06:00:00+01:00,2016-02-24T06:00:00Z,2016-02-24T07:00:00+01:00,1,01:00:00,1,24:00:00,100.0,2400.0,2016-02-23T06:00:00Z,2016-02-23T07:00:00+01:00,2016-02-24T06:00:00Z,2016-02-24T07:00:00+01:00
12.15,,,False,1,pm10,µg/m³,,raw,01:00:00,2016-02-24T06:00:00Z,2016-02-24T07:00:00+01:00,2016-02-24T07:00:00Z,2016-02-24T08:00:00+01:00,1,01:00:00,1,24:00:00,100.0,2400.0,2016-02-23T07:00:00Z,2016-02-23T08:00:00+01:00,2016-02-24T07:00:00Z,2016-02-24T08:00:00+01:00
11.8347826086957,,,False,1,pm10,µg/m³,,raw,01:00:00,2016-02-24T07:00:00Z,2016-02-24T08:00:00+01:00,2016-02-24T08:00:00Z,2016-02-24T09:00:00+01:00,1,01:00:00,1,24:00:00,100.0,2400.0,2016-02-23T08:00:00Z,2016-02-23T09:00:00+01:00,2016-02-24T08:00:00Z,2016-02-24T09:00:00+01:00
11.75,,,False,1,pm10,µg/m³,,raw,01:00:00,2016-02-24T08:00:00Z,2016-02-24T09:00:00+01:00,2016-02-24T09:00:00Z,2016-02-24T10:00:00+01:00,1,01:00:00,1,24:00:00,100.0,2400.0,2016-02-23T09:00:00Z,2016-02-23T10:00:00+01:00,2016-02-24T09:00:00Z,2016-02-24T10:00:00+01:00
11.3125,,,False,1,pm10,µg/m³,,raw,01:00:00,2016-02-24T09:00:00Z,2016-02-24T10:00:00+01:00,2016-02-24T10:00:00Z,2016-02-24T11:00:00+01:00,1,01:00:00,1,24:00:00,100.0,2400.0,2016-02-23T10:00:00Z,2016-02-23T11:00:00+01:00,2016-02-24T10:00:00Z,2016-02-24T11:00:00+01:00
11.0333333333333,,,False,1,pm10,µg/m³,,raw,01:00:00,2016-02-24T10:00:00Z,2016-02-24T11:00:00+01:00,2016-02-24T11:00:00Z,2016-02-24T12:00:00+01:00,1,01:00:00,1,24:00:00,100.0,2400.0,2016-02-23T11:00:00Z,2016-02-23T12:00:00+01:00,2016-02-24T11:00:00Z,2016-02-24T12:00:00+01:00
10.825,,,False,1,pm10,µg/m³,,raw,01:00:00,2016-02-24T11:00:00Z,2016-02-24T12:00:00+01:00,2016-02-24T12:00:00Z,2016-02-24T13:00:00+01:00,1,01:00:00,1,24:00:00,100.0,2400.0,2016-02-23T12:00:00Z,2016-02-23T13:00:00+01:00,2016-02-24T12:00:00Z,2016-02-24T13:00:00+01:00
10.6375,,,False,1,pm10,µg/m³,,raw,01:00:00,2016-02-24T12:00:00Z,2016-02-24T13:00:00+01:00,2016-02-24T13:00:00Z,2016-02-24T14:00:00+01:00,1,01:00:00,1,24:00:00,100.0,2400.0,2016-02-23T13:00:00Z,2016-02-23T14:00:00+01:00,2016-02-24T13:00:00Z,2016-02-24T14:00:00+01:00
10.6375,,,False,1,pm10,µg/m³,,raw,01:00:00,2016-02-24T13:00:00Z,2016-02-24T14:00:00+01:00,2016-02-24T14:00:00Z,2016-02-24T15:00:00+01:00,1,01:00:00,1,24:00:00,100.0,2400.0,2016-02-23T14:00:00Z,2016-02-23T15:00:00+01:00,2016-02-24T14:00:00Z,2016-02-24T15:00:00+01:00
10.45,,,False,1,pm10,µg/m³,,raw,01:00:00,2016-02-24T14:00:00Z,2016-02-24T15:00:00+01:00,2016-02-24T15:00:00Z,2016-02-24T16:00:00+01:00,1,01:00:00,1,24:00:00,100.0,2400.0,2016-02-23T15:00:00Z,2016-02-23T16:00:00+01:00,2016-02-24T15:00:00Z,2016-02-24T16:00:00+01:00
10.2,,,False,1,pm10,µg/m³,,raw,01:00:00,2016-02-24T15:00:00Z,2016-02-24T16:00:00+01:00,2016-02-24T16:00:00Z,2016-02-24T17:00:00+01:00,1,01:00:00,1,24:00:00,100.0,2400.0,2016-02-23T16:00:00Z,2016-02-23T17:00:00+01:00,2016-02-24T16:00:00Z,2016-02-24T17:00:00+01:00
10.3291666666667,,,False,1,pm10,µg/m³,,raw,01:00:00,2016-02-24T16:00:00Z,2016-02-24T17:00:00+01:00,2016-02-24T17:00:00Z,2016-02-24T18:00:00+01:00,1,01:00:00,1,24:00:00,100.0,2400.0,2016-02-23T17:00:00Z,2016-02-23T18:00:00+01:00,2016-02-24T17:00:00Z,2016-02-24T18:00:00+01:00
10.6125,,,False,1,pm10,µg/m³,,raw,01:00:00,2016-02-24T17:00:00Z,2016-02-24T18:00:00+01:00,2016-02-24T18:00:00Z,2016-02-24T19:00:00+01:00,1,01:00:00,1,24:00:00,100.0,2400.0,2016-02-23T18:00:00Z,2016-02-23T19:00:00+01:00,2016-02-24T18:00:00Z,2016-02-24T19:00:00+01:00
10.9291666666667,,,False,1,pm10,µg/m³,,raw,01:00:00,2016-02-24T18:00:00Z,2016-02-24T19:00:00+01:00,2016-02-24T19:00:00Z,2016-02-24T20:00:00+01:00,1,01:00:00,1,24:00:00,100.0,2400.0,2016-02-23T19:00:00Z,2016-02-23T20:00:00+01:00,2016-02-24T19:00:00Z,2016-02-24T20:00:00+01:00
11.3458333333333,,,False,1,pm10,µg/m³,,raw,01:00:00,2016-02-24T19:00:00Z,2016-02-24T20:00:00+01:00,2016-02-24T20:00:00Z,2016-02-24T21:00:00+01:00,1,01:00:00,1,24:00:00,100.0,2400.0,2016-02-23T20:00:00Z,2016-02-23T21:00:00+01:00,2016-02-24T20:00:00Z,2016-02-24T21:00:00+01:00
11.025,,,False,1,pm10,µg/m³,,raw,01:00:00,2016-02-24T20:00:00Z,2016-02-24T21:00:00+01:00,2016-02-24T21:00:00Z,2016-02-24T22:00:00+01:00,1,01:00:00,1,24:00:00,100.0,2400.0,2016-02-23T21:00:00Z,2016-02-23T22:00:00+01:00,2016-02-24T21:00:00Z,2016-02-24T22:00:00+01:00
10.9333333333333,,,False,1,pm10,µg/m³,,raw,01:00:00,2016-02-24T21:00:00Z,2016-02-24T22:00:00+01:00,2016-02-24T22:00:00Z,2016-02-24T23:00:00+01:00,1,01:00:00,1,24:00:00,100.0,2400.0,2016-02-23T22:00:00Z,2016-02-23T23:00:00+01:00,2016-02-24T22:00:00Z,2016-02-24T23:00:00+01:00
11.0347826086957,,,False,1,pm10,µg/m³,,raw,01:00:00,2016-02-24T22:00:00Z,2016-02-24T23:00:00+01:00,2016-02-24T23:00:00Z,2016-02-25T00:00:00+01:00,1,01:00:00,1,24:00:00,100.0,2400.0,2016-02-23T23:00:00Z,2016-02-24T00:00:00+01:00,2016-02-24T23:00:00Z,2016-02-25T00:00:00+01:00
10.7958333333333,,,False,1,pm10,µg/m³,,raw,01:00:00,2016-02-24T23:00:00Z,2016-02-25T00:00:00+01:00,2016-02-25T00:00:00Z,2016-02-25T01:00:00+01:00,1,01:00:00,1,24:00:00,100.0,2400.0,2016-02-24T00:00:00Z,2016-02-24T01:00:00+01:00,2016-02-25T00:00:00Z,2016-02-25T01:00:00+01:00
10.6458333333333,,,False,1,pm10,µg/m³,,raw,01:00:00,2016-02-25T00:00:00Z,2016-02-25T01:00:00+01:00,2016-02-25T01:00:00Z,2016-02-25T02:00:00+01:00,1,01:00:00,1,24:00:00,100.0,2400.0,2016-02-24T01:00:00Z,2016-02-24T02:00:00+01:00,2016-02-25T01:00:00Z,2016-02-25T02:00:00+01:00
10.5625,,,False,1,pm10,µg/m³,,raw,01:00:00,2016-02-25T01:00:00Z,2016-02-25T02:00:00+01:00,2016-02-25T02:00:00Z,2016-02-25T03:00:00+01:00,1,01:00:00,1,24:00:00,100.0,2400.0,2016-02-24T02:00:00Z,2016-02-24T03:00:00+01:00,2016-02-25T02:00:00Z,2016-02-25T03:00:00+01:00
10.4583333333333,,,False,1,pm10,µg/m³,,raw,01:00:00,2016-02-25T02:00:00Z,2016-02-25T03:00:00+01:00,2016-02-25T03:00:00Z,2016-02-25T04:00:00+01:00,1,01:00:00,1,24:00:00,100.0,2400.0,2016-02-24T03:00:00Z,2016-02-24T04:00:00+01:00,2016-02-25T03:00:00Z,2016-02-25T04:00:00+01:00
10.4333333333333,,,False,1,pm10,µg/m³,,raw,01:00:00,2016-02-25T03:00:00Z,2016-02-25T04:00:00+01:00,2016-02-25T04:00:00Z,2016-02-25T05:00:00+01:00,1,01:00:00,1,24:00:00,100.0,2400.0,2016-02-24T04:00:00Z,2016-02-24T05:00:00+01:00,2016-02-25T04:00:00Z,2016-02-25T05:00:00+01:00
10.6041666666667,,,False,1,pm10,µg/m³,,raw,01:00:00,2016-02-25T04:00:00Z,2016-02-25T05:00:00+01:00,2016-02-25T05:00:00Z,2016-02-25T06:00:00+01:00,1,01:00:00,1,24:00:00,100.0,2400.0,2016-02-24T05:00:00Z,2016-02-24T06:00:00+01:00,2016-02-25T05:00:00Z,2016-02-25T06:00:00+01:00
10.8166666666667,,,False,1,pm10,µg/m³,,raw,01:00:00,2016-02-25T05:00:00Z,2016-02-25T06:00:00+01:00,2016-02-25T06:00:00Z,2016-02-25T07:00:00+01:00,1,01:00:00,1,24:00:00,100.0,2400.0,2016-02-24T06:00:00Z,2016-02-24T07:00:00+01:00,2016-02-25T06:00:00Z,2016-02-25T07:00:00+01:00
10.9708333333333,,,False,1,pm10,µg/m³,,raw,01:00:00,2016-02-25T06:00:00Z,2016-02-25T07:00:00+01:00,2016-02-25T07:00:00Z,2016-02-25T08:00:00+01:00,1,01:00:00,1,24:00:00,100.0,2400.0,2016-02-24T07:00:00Z,2016-02-24T08:00:00+01:00,2016-02-25T07:00:00Z,2016-02-25T08:00:00+01:00
10.9833333333333,,,False,1,pm10,µg/m³,,raw,01:00:00,2016-02-25T07:00:00Z,2016-02-25T08:00:00+01:00,2016-02-25T08:00:00Z,2016-02-25T09:00:00+01:00,1,01:00:00,1,24:00:00,100.0,2400.0,2016-02-24T08:00:00Z,2016-02-24T09:00:00+01:00,2016-02-25T08:00:00Z,2016-02-25T09:00:00+01:00
10.6708333333333,,,False,1,pm10,µg/m³,,raw,01:00:00,2016-02-25T08:00:00Z,2016-02-25T09:00:00+01:00,2016-02-25T09:00:00Z,2016-02-25T10:00:00+01:00,1,01:00:00,1,24:00:00,100.0,2400.0,2016-02-24T09:00:00Z,2016-02-24T10:00:00+01:00,2016-02-25T09:00:00Z,2016-02-25T10:00:00+01:00
10.5875,,,False,1,pm10,µg/m³,,raw,01:00:00,2016-02-25T09:00:00Z,2016-02-25T10:00:00+01:00,2016-02-25T10:00:00Z,2016-02-25T11:00:00+01:00,1,01:00:00,1,24:00:00,100.0,2400.0,2016-02-24T10:00:00Z,2016-02-24T11:00:00+01:00,2016-02-25T10:00:00Z,2016-02-25T11:00:00+01:00
10.2291666666667,,,False,1,pm10,µg/m³,,raw,01:00:00,2016-02-25T10:00:00Z,2016-02-25T11:00:00+01:00,2016-02-25T11:00:00Z,2016-02-25T12:00:00+01:00,1,01:00:00,1,24:00:00,100.0,2400.0,2016-02-24T11:00:00Z,2016-02-24T12:00:00+01:00,2016-02-25T11:00:00Z,2016-02-25T12:00:00+01:00
10.2583333333333,,,False,1,pm10,µg/m³,,raw,01:00:00,2016-02-25T11:00:00Z,2016-02-25T12:00:00+01:00,2016-02-25T12:00:00Z,2016-02-25T13:00:00+01:00,1,01:00:00,1,24:00:00,100.0,2400.0,2016-02-24T12:00:00Z,2016-02-24T13:00:00+01:00,2016-02-25T12:00:00Z,2016-02-25T13:00:00+01:00
10.2583333333333,,,False,1,pm10,µg/m³,,raw,01:00:00,2016-02-25T12:00:00Z,2016-02-25T13:00:00+01:00,2016-02-25T13:00:00Z,2016-02-25T14:00:00+01:00,1,01:00:00,1,24:00:00,100.0,2400.0,2016-02-24T13:00:00Z,2016-02-24T14:00:00+01:00,2016-02-25T13:00:00Z,2016-02-25T14:00:00+01:00
10.1347826086957,,,False,1,pm10,µg/m³,,raw,01:00:00,2016-02-25T13:00:00Z,2016-02-25T14:00:00+01:00,2016-02-25T14:00:00Z,2016-02-25T15:00:00+01:00,1,01:00:00,1,24:00:00,100.0,2400.0,2016-02-24T14:00:00Z,2016-02-24T15:00:00+01:00,2016-02-25T14:00:00Z,2016-02-25T15:00:00+01:00
10.2166666666667,,,False,1,pm10,µg/m³,,raw,01:00:00,2016-02-25T14:00:00Z,2016-02-25T15:00:00+01:00,2016-02-25T15:00:00Z,2016-02-25T16:00:00+01:00,1,01:00:00,1,24:00:00,100.0,2400.0,2016-02-24T15:00:00Z,2016-02-24T16:00:00+01:00,2016-02-25T15:00:00Z,2016-02-25T16:00:00+01:00
10.2875,,,False,1,pm10,µg/m³,,raw,01:00:00,2016-02-25T15:00:00Z,2016-02-25T16:00:00+01:00,2016-02-25T16:00:00Z,2016-02-25T17:00:00+01:00,1,01:00:00,1,24:00:00,100.0,2400.0,2016-02-24T16:00:00Z,2016-02-24T17:00:00+01:00,2016-02-25T16:00:00Z,2016-02-25T17:00:00+01:00
10.0958333333333,,,False,1,pm10,µg/m³,,raw,01:00:00,2016-02-25T16:00:00Z,2016-02-25T17:00:00+01:00,2016-02-25T17:00:00Z,2016-02-25T18:00:00+01:00,1,01:00:00,1,24:00:00,100.0,2400.0,2016-02-24T17:00:00Z,2016-02-24T18:00:00+01:00,2016-02-25T17:00:00Z,2016-02-25T18:00:00+01:00
9.80833333333333,,,False,1,pm10,µg/m³,,raw,01:00:00,2016-02-25T17:00:00Z,2016-02-25T18:00:00+01:00,2016-02-25T18:00:00Z,2016-02-25T19:00:00+01:00,1,01:00:00,1,24:00:00,100.0,2400.0,2016-02-24T18:00:00Z,2016-02-24T19:00:00+01:00,2016-02-25T18:00:00Z,2016-02-25T19:00:00+01:00
9.525,,,False,1,pm10,µg/m³,,raw,01:00:00,2016-02-25T18:00:00Z,2016-02-25T19:00:00+01:00,2016-02-25T19:00:00Z,2016-02-25T20:00:00+01:00,1,01:00:00,1,24:00:00,100.0,2400.0,2016-02-24T19:00:00Z,2016-02-24T20:00:00+01:00,2016-02-25T19:00:00Z,2016-02-25T20:00:00+01:00
8.64166666666667,,,False,1,pm10,µg/m³,,raw,01:00:00,2016-02-25T19:00:00Z,2016-02-25T20:00:00+01:00,2016-02-25T20:00:00Z,2016-02-25T21:00:00+01:00,1,01:00:00,1,24:00:00,100.0,2400.0,2016-02-24T20:00:00Z,2016-02-24T21:00:00+01:00,2016-02-25T20:00:00Z,2016-02-25T21:00:00+01:00
8.54166666666667,,,False,1,pm10,µg/m³,,raw,01:00:00,2016-02-25T20:00:00Z,2016-02-25T21:00:00+01:00,2016-02-25T21:00:00Z,2016-02-25T22:00:00+01:00,1,01:00:00,1,24:00:00,100.0,2400.0,2016-02-24T21:00:00Z,2016-02-24T22:00:00+01:00,2016-02-25T21:00:00Z,2016-02-25T22:00:00+01:00
8.2125,,,False,1,pm10,µg/m³,,raw,01:00:00,2016-02-25T21:00:00Z,2016-02-25T22:00:00+01:00,2016-02-25T22:00:00Z,2016-02-25T23:00:00+01:00,1,01:00:00,1,24:00:00,100.0,2400.0,2016-02-24T22:00:00Z,2016-02-24T23:00:00+01:00,2016-02-25T22:00:00Z,2016-02-25T23:00:00+01:00
8.16086956521739,,,False,1,pm10,µg/m³,,raw,01:00:00,2016-02-25T22:00:00Z,2016-02-25T23:00:00+01:00,2016-02-25T23:00:00Z,2016-02-26T00:00:00+01:00,1,01:00:00,1,24:00:00,100.0,2400.0,2016-02-24T23:00:00Z,2016-02-25T00:00:00+01:00,2016-02-25T23:00:00Z,2016-02-26T00:00:00+01:00
8.78333333333333,,,False,1,pm10,µg/m³,,raw,01:00:00,2016-02-25T23:00:00Z,2016-02-26T00:00:00+01:00,2016-02-26T00:00:00Z,2016-02-26T01:00:00+01:00,1,01:00:00,1,24:00:00,100.0,2400.0,2016-02-25T00:00:00Z,2016-02-25T01:00:00+01:00,2016-02-26T00:00:00Z,2016-02-26T01:00:00+01:00
9.0125,,,False,1,pm10,µg/m³,,raw,01:00:00,2016-02-26T00:00:00Z,2016-02-26T01:00:00+01:00,2016-02-26T01:00:00Z,2016-02-26T02:00:00+01:00,1,01:00:00,1,24:00:00,100.0,2400.0,2016-02-25T01:00:00Z,2016-02-25T02:00:00+01:00,2016-02-26T01:00:00Z,2016-02-26T02:00:00+01:00
9.30416666666667,,,False,1,pm10,µg/m³,,raw,01:00:00,2016-02-26T01:00:00Z,2016-02-26T02:00:00+01:00,2016-02-26T02:00:00Z,2016-02-26T03:00:00+01:00,1,01:00:00,1,24:00:00,100.0,2400.0,2016-02-25T02:00:00Z,2016-02-25T03:00:00+01:00,2016-02-26T02:00:00Z,2016-02-26T03:00:00+01:00
9.40833333333333,,,False,1,pm10,µg/m³,,raw,01:00:00,2016-02-26T02:00:00Z,2016-02-26T03:00:00+01:00,2016-02-26T03:00:00Z,2016-02-26T04:00:00+01:00,1,01:00:00,1,24:00:00,100.0,2400.0,2016-02-25T03:00:00Z,2016-02-25T04:00:00+01:00,2016-02-26T03:00:00Z,2016-02-26T04:00:00+01:00
9.3875,,,False,1,pm10,µg/m³,,raw,01:00:00,2016-02-26T03:00:00Z,2016-02-26T04:00:00+01:00,2016-02-26T04:00:00Z,2016-02-26T05:00:00+01:00,1,01:00:00,1,24:00:00,100.0,2400.0,2016-02-25T04:00:00Z,2016-02-25T05:00:00+01:00,2016-02-26T04:00:00Z,2016-02-26T05:00:00+01:00
9.43478260869565,,,False,1,pm10,µg/m³,,raw,01:00:00,2016-02-26T04:00:00Z,2016-02-26T05:00:00+01:00,2016-02-26T05:00:00Z,2016-02-26T06:00:00+01:00,1,01:00:00,1,24:00:00,100.0,2400.0,2016-02-25T05:00:00Z,2016-02-25T06:00:00+01:00,2016-02-26T05:00:00Z,2016-02-26T06:00:00+01:00
9.18333333333333,,,False,1,pm10,µg/m³,,raw,01:00:00,2016-02-26T05:00:00Z,2016-02-26T06:00:00+01:00,2016-02-26T06:00:00Z,2016-02-26T07:00:00+01:00,1,01:00:00,1,24:00:00,100.0,2400.0,2016-02-25T06:00:00Z,2016-02-25T07:00:00+01:00,2016-02-26T06:00:00Z,2016-02-26T07:00:00+01:00
8.9625,,,False,1,pm10,µg/m³,,raw,01:00:00,2016-02-26T06:00:00Z,2016-02-26T07:00:00+01:00,2016-02-26T07:00:00Z,2016-02-26T08:00:00+01:00,1,01:00:00,1,24:00:00,100.0,2400.0,2016-02-25T07:00:00Z,2016-02-25T08:00:00+01:00,2016-02-26T07:00:00Z,2016-02-26T08:00:00+01:00
8.94583333333333,,,False,1,pm10,µg/m³,,raw,01:00:00,2016-02-26T07:00:00Z,2016-02-26T08:00:00+01:00,2016-02-26T08:00:00Z,2016-02-26T09:00:00+01:00,1,01:00:00,1,24:00:00,100.0,2400.0,2016-02-25T08:00:00Z,2016-02-25T09:00:00+01:00,2016-02-26T08:00:00Z,2016-02-26T09:00:00+01:00
9.26666666666667,,,False,1,pm10,µg/m³,,raw,01:00:00,2016-02-26T08:00:00Z,2016-02-26T09:00:00+01:00,2016-02-26T09:00:00Z,2016-02-26T10:00:00+01:00,1,01:00:00,1,24:00:00,100.0,2400.0,2016-02-25T09:00:00Z,2016-02-25T10:00:00+01:00,2016-02-26T09:00:00Z,2016-02-26T10:00:00+01:00
9.89166666666667,,,False,1,pm10,µg/m³,,raw,01:00:00,2016-02-26T09:00:00Z,2016-02-26T10:00:00+01:00,2016-02-26T10:00:00Z,2016-02-26T11:00:00+01:00,1,01:00:00,1,24:00:00,100.0,2400.0,2016-02-25T10:00:00Z,2016-02-25T11:00:00+01:00,2016-02-26T10:00:00Z,2016-02-26T11:00:00+01:00
10.7125,,,False,1,pm10,µg/m³,,raw,01:00:00,2016-02-26T10:00:00Z,2016-02-26T11:00:00+01:00,2016-02-26T11:00:00Z,2016-02-26T12:00:00+01:00,1,01:00:00,1,24:00:00,100.0,2400.0,2016-02-25T11:00:00Z,2016-02-25T12:00:00+01:00,2016-02-26T11:00:00Z,2016-02-26T12:00:00+01:00
11.4,,,False,1,pm10,µg/m³,,raw,01:00:00,2016-02-26T11:00:00Z,2016-02-26T12:00:00+01:00,2016-02-26T12:00:00Z,2016-02-26T13:00:00+01:00,1,01:00:00,1,24:00:00,100.0,2400.0,2016-02-25T12:00:00Z,2016-02-25T13:00:00+01:00,2016-02-26T12:00:00Z,2016-02-26T13:00:00+01:00
12.1333333333333,,,False,1,pm10,µg/m³,,raw,01:00:00,2016-02-26T12:00:00Z,2016-02-26T13:00:00+01:00,2016-02-26T13:00:00Z,2016-02-26T14:00:00+01:00,1,01:00:00,1,24:00:00,100.0,2400.0,2016-02-25T13:00:00Z,2016-02-25T14:00:00+01:00,2016-02-26T13:00:00Z,2016-02-26T14:00:00+01:00
12.6583333333333,,,False,1,pm10,µg/m³,,raw,01:00:00,2016-02-26T13:00:00Z,2016-02-26T14:00:00+01:00,2016-02-26T14:00:00Z,2016-02-26T15:00:00+01:00,1,01:00:00,1,24:00:00,100.0,2400.0,2016-02-25T14:00:00Z,2016-02-25T15:00:00+01:00,2016-02-26T14:00:00Z,2016-02-26T15:00:00+01:00
12.9541666666667,,,False,1,pm10,µg/m³,,raw,01:00:00,2016-02-26T14:00:00Z,2016-02-26T15:00:00+01:00,2016-02-26T15:00:00Z,2016-02-26T16:00:00+01:00,1,01:00:00,1,24:00:00,100.0,2400.0,2016-02-25T15:00:00Z,2016-02-25T16:00:00+01:00,2016-02-26T15:00:00Z,2016-02-26T16:00:00+01:00
13.0478260869565,,,False,1,pm10,µg/m³,,raw,01:00:00,2016-02-26T15:00:00Z,2016-02-26T16:00:00+01:00,2016-02-26T16:00:00Z,2016-02-26T17:00:00+01:00,1,01:00:00,1,24:00:00,100.0,2400.0,2016-02-25T16:00:00Z,2016-02-25T17:00:00+01:00,2016-02-26T16:00:00Z,2016-02-26T17:00:00+01:00
14.125,,,False,1,pm10,µg/m³,,raw,01:00:00,2016-02-26T16:00:00Z,2016-02-26T17:00:00+01:00,2016-02-26T17:00:00Z,2016-02-26T18:00:00+01:00,1,01:00:00,1,24:00:00,100.0,2400.0,2016-02-25T17:00:00Z,2016-02-25T18:00:00+01:00,2016-02-26T17:00:00Z,2016-02-26T18:00:00+01:00
14.7833333333333,,,False,1,pm10,µg/m³,,raw,01:00:00,2016-02-26T17:00:00Z,2016-02-26T18:00:00+01:00,2016-02-26T18:00:00Z,2016-02-26T19:00:00+01:00,1,01:00:00,1,24:00:00,100.0,2400.0,2016-02-25T18:00:00Z,2016-02-25T19:00:00+01:00,2016-02-26T18:00:00Z,2016-02-26T19:00:00+01:00
15.7583333333333,,,False,1,pm10,µg/m³,,raw,01:00:00,2016-02-26T18:00:00Z,2016-02-26T19:00:00+01:00,2016-02-26T19:00:00Z,2016-02-26T20:00:00+01:00,1,01:00:00,1,24:00:00,100.0,2400.0,2016-02-25T19:00:00Z,2016-02-25T20:00:00+01:00,2016-02-26T19:00:00Z,2016-02-26T20:00:00+01:00
16.3347826086957,,,False,1,pm10,µg/m³,,raw,01:00:00,2016-02-26T19:00:00Z,2016-02-26T20:00:00+01:00,2016-02-26T20:00:00Z,2016-02-26T21:00:00+01:00,1,01:00:00,1,24:00:00,100.0,2400.0,2016-02-25T20:00:00Z,2016-02-25T21:00:00+01:00,2016-02-26T20:00:00Z,2016-02-26T21:00:00+01:00
17.925,,,False,1,pm10,µg/m³,,raw,01:00:00,2016-02-26T20:00:00Z,2016-02-26T21:00:00+01:00,2016-02-26T21:00:00Z,2016-02-26T22:00:00+01:00,1,01:00:00,1,24:00:00,100.0,2400.0,2016-02-25T21:00:00Z,2016-02-25T22:00:00+01:00,2016-02-26T21:00:00Z,2016-02-26T22:00:00+01:00
18.8708333333333,,,False,1,pm10,µg/m³,,raw,01:00:00,2016-02-26T21:00:00Z,2016-02-26T22:00:00+01:00,2016-02-26T22:00:00Z,2016-02-26T23:00:00+01:00,1,01:00:00,1,24:00:00,100.0,2400.0,2016-02-25T22:00:00Z,2016-02-25T23:00:00+01:00,2016-02-26T22:00:00Z,2016-02-26T23:00:00+01:00
18.8130434782609,,,False,1,pm10,µg/m³,,raw,01:00:00,2016-02-26T22:00:00Z,2016-02-26T23:00:00+01:00,2016-02-26T23:00:00Z,2016-02-27T00:00:00+01:00,1,01:00:00,1,24:00:00,100.0,2400.0,2016-02-25T23:00:00Z,2016-02-26T00:00:00+01:00,2016-02-26T23:00:00Z,2016-02-27T00:00:00+01:00
19.7416666666667,,,False,1,pm10,µg/m³,,raw,01:00:00,2016-02-26T23:00:00Z,2016-02-27T00:00:00+01:00,2016-02-27T00:00:00Z,2016-02-27T01:00:00+01:00,1,01:00:00,1,24:00:00,100.0,2400.0,2016-02-26T00:00:00Z,2016-02-26T01:00:00+01:00,2016-02-27T00:00:00Z,2016-02-27T01:00:00+01:00
20.6916666666667,,,False,1,pm10,µg/m³,,raw,01:00:00,2016-02-27T00:00:00Z,2016-02-27T01:00:00+01:00,2016-02-27T01:00:00Z,2016-02-27T02:00:00+01:00,1,01:00:00,1,24:00:00,100.0,2400.0,2016-02-26T01:00:00Z,2016-02-26T02:00:00+01:00,2016-02-27T01:00:00Z,2016-02-27T02:00:00+01:00
21.475,,,False,1,pm10,µg/m³,,raw,01:00:00,2016-02-27T01:00:00Z,2016-02-27T02:00:00+01:00,2016-02-27T02:00:00Z,2016-02-27T03:00:00+01:00,1,01:00:00,1,24:00:00,100.0,2400.0,2016-02-26T02:00:00Z,2016-02-26T03:00:00+01:00,2016-02-27T02:00:00Z,2016-02-27T03:00:00+01:00
22.5333333333333,,,False,1,pm10,µg/m³,,raw,01:00:00,2016-02-27T02:00:00Z,2016-02-27T03:00:00+01:00,2016-02-27T03:00:00Z,2016-02-27T04:00:00+01:00,1,01:00:00,1,24:00:00,100.0,2400.0,2016-02-26T03:00:00Z,2016-02-26T04:00:00+01:00,2016-02-27T03:00:00Z,2016-02-27T04:00:00+01:00
23.8375,,,False,1,pm10,µg/m³,,raw,01:00:00,2016-02-27T03:00:00Z,2016-02-27T04:00:00+01:00,2016-02-27T04:00:00Z,2016-02-27T05:00:00+01:00,1,01:00:00,1,24:00:00,100.0,2400.0,2016-02-26T04:00:00Z,2016-02-26T05:00:00+01:00,2016-02-27T04:00:00Z,2016-02-27T05:00:00+01:00
25.2,,,False,1,pm10,µg/m³,,raw,01:00:00,2016-02-27T04:00:00Z,2016-02-27T05:00:00+01:00,2016-02-27T05:00:00Z,2016-02-27T06:00:00+01:00,1,01:00:00,1,24:00:00,100.0,2400.0,2016-02-26T05:00:00Z,2016-02-26T06:00:00+01:00,2016-02-27T05:00:00Z,2016-02-27T06:00:00+01:00
26.4916666666667,,,False,1,pm10,µg/m³,,raw,01:00:00,2016-02-27T05:00:00Z,2016-02-27T06:00:00+01:00,2016-02-27T06:00:00Z,2016-02-27T07:00:00+01:00,1,01:00:00,1,24:00:00,100.0,2400.0,2016-02-26T06:00:00Z,2016-02-26T07:00:00+01:00,2016-02-27T06:00:00Z,2016-02-27T07:00:00+01:00
28.125,,,False,1,pm10,µg/m³,,raw,01:00:00,2016-02-27T06:00:00Z,2016-02-27T07:00:00+01:00,2016-02-27T07:00:00Z,2016-02-27T08:00:00+01:00,1,01:00:00,1,24:00:00,100.0,2400.0,2016-02-26T07:00:00Z,2016-02-26T08:00:00+01:00,2016-02-27T07:00:00Z,2016-02-27T08:00:00+01:00
29.4041666666667,,,False,1,pm10,µg/m³,,raw,01:00:00,2016-02-27T07:00:00Z,2016-02-27T08:00:00+01:00,2016-02-27T08:00:00Z,2016-02-27T09:00:00+01:00,1,01:00:00,1,24:00:00,100.0,2400.0,2016-02-26T08:00:00Z,2016-02-26T09:00:00+01:00,2016-02-27T08:00:00Z,2016-02-27T09:00:00+01:00
30.4083333333333,,,False,1,pm10,µg/m³,,raw,01:00:00,2016-02-27T08:00:00Z,2016-02-27T09:00:00+01:00,2016-02-27T09:00:00Z,2016-02-27T10:00:00+01:00,1,01:00:00,1,24:00:00,100.0,2400.0,2016-02-26T09:00:00Z,2016-02-26T10:00:00+01:00,2016-02-27T09:00:00Z,2016-02-27T10:00:00+01:00
30.9125,,,False,1,pm10,µg/m³,,raw,01:00:00,2016-02-27T09:00:00Z,2016-02-27T10:00:00+01:00,2016-02-27T10:00:00Z,2016-02-27T11:00:00+01:00,1,01:00:00,1,24:00:00,100.0,2400.0,2016-02-26T10:00:00Z,2016-02-26T11:00:00+01:00,2016-02-27T10:00:00Z,2016-02-27T11:00:00+01:00
31.1869565217391,,,False,1,pm10,µg/m³,,raw,01:00:00,2016-02-27T10:00:00Z,2016-02-27T11:00:00+01:00,2016-02-27T11:00:00Z,2016-02-27T12:00:00+01:00,1,01:00:00,1,24:00:00,100.0,2400.0,2016-02-26T11:00:00Z,2016-02-26T12:00:00+01:00,2016-02-27T11:00:00Z,2016-02-27T12:00:00+01:00
31.0208333333333,,,False,1,pm10,µg/m³,,raw,01:00:00,2016-02-27T11:00:00Z,2016-02-27T12:00:00+01:00,2016-02-27T12:00:00Z,2016-02-27T13:00:00+01:00,1,01:00:00,1,24:00:00,100.0,2400.0,2016-02-26T12:00:00Z,2016-02-26T13:00:00+01:00,2016-02-27T12:00:00Z,2016-02-27T13:00:00+01:00
30.8625,,,False,1,pm10,µg/m³,,raw,01:00:00,2016-02-27T12:00:00Z,2016-02-27T13:00:00+01:00,2016-02-27T13:00:00Z,2016-02-27T14:00:00+01:00,1,01:00:00,1,24:00:00,100.0,2400.0,2016-02-26T13:00:00Z,2016-02-26T14:00:00+01:00,2016-02-27T13:00:00Z,2016-02-27T14:00:00+01:00
30.9375,,,False,1,pm10,µg/m³,,raw,01:00:00,2016-02-27T13:00:00Z,2016-02-27T14:00:00+01:00,2016-02-27T14:00:00Z,2016-02-27T15:00:00+01:00,1,01:00:00,1,24:00:00,100.0,2400.0,2016-02-26T14:00:00Z,2016-02-26T15:00:00+01:00,2016-02-27T14:00:00Z,2016-02-27T15:00:00+01:00
30.6125,,,False,1,pm10,µg/m³,,raw,01:00:00,2016-02-27T14:00:00Z,2016-02-27T15:00:00+01:00,2016-02-27T15:00:00Z,2016-02-27T16:00:00+01:00,1,01:00:00,1,24:00:00,100.0,2400.0,2016-02-26T15:00:00Z,2016-02-26T16:00:00+01:00,2016-02-27T15:00:00Z,2016-02-27T16:00:00+01:00
29.9666666666667,,,False,1,pm10,µg/m³,,raw,01:00:00,2016-02-27T15:00:00Z,2016-02-27T16:00:00+01:00,2016-02-27T16:00:00Z,2016-02-27T17:00:00+01:00,1,01:00:00,1,24:00:00,100.0,2400.0,2016-02-26T16:00:00Z,2016-02-26T17:00:00+01:00,2016-02-27T16:00:00Z,2016-02-27T17:00:00+01:00
29.4791666666667,,,False,1,pm10,µg/m³,,raw,01:00:00,2016-02-27T16:00:00Z,2016-02-27T17:00:00+01:00,2016-02-27T17:00:00Z,2016-02-27T18:00:00+01:00,1,01:00:00,1,24:00:00,100.0,2400.0,2016-02-26T17:00:00Z,2016-02-26T18:00:00+01:00,2016-02-27T17:00:00Z,2016-02-27T18:00:00+01:00
28.2,,,False,1,pm10,µg/m³,,raw,01:00:00,2016-02-27T17:00:00Z,2016-02-27T18:00:00+01:00,2016-02-27T18:00:00Z,2016-02-27T19:00:00+01:00,1,01:00:00,1,24:00:00,100.0,2400.0,2016-02-26T18:00:00Z,2016-02-26T19:00:00+01:00,2016-02-27T18:00:00Z,2016-02-27T19:00:00+01:00
27.7541666666667,,,False,1,pm10,µg/m³,,raw,01:00:00,2016-02-27T18:00:00Z,2016-02-27T19:00:00+01:00,2016-02-27T19:00:00Z,2016-02-27T20:00:00+01:00,1,01:00:00,1,24:00:00,100.0,2400.0,2016-02-26T19:00:00Z,2016-02-26T20:00:00+01:00,2016-02-27T19:00:00Z,2016-02-27T20:00:00+01:00
27.1166666666667,,,False,1,pm10,µg/m³,,raw,01:00:00,2016-02-27T19:00:00Z,2016-02-27T20:00:00+01:00,2016-02-27T20:00:00Z,2016-02-27T21:00:00+01:00,1,01:00:00,1,24:00:00,100.0,2400.0,2016-02-26T20:00:00Z,2016-02-26T21:00:00+01:00,2016-02-27T20:00:00Z,2016-02-27T21:00:00+01:00
26.3625,,,False,1,pm10,µg/m³,,raw,01:00:00,2016-02-27T20:00:00Z,2016-02-27T21:00:00+01:00,2016-02-27T21:00:00Z,2016-02-27T22:00:00+01:00,1,01:00:00,1,24:00:00,100.0,2400.0,2016-02-26T21:00:00Z,2016-02-26T22:00:00+01:00,2016-02-27T21:00:00Z,2016-02-27T22:00:00+01:00
26.1913043478261,,,False,1,pm10,µg/m³,,raw,01:00:00,2016-02-27T21:00:00Z,2016-02-27T22:00:00+01:00,2016-02-27T22:00:00Z,2016-02-27T23:00:00+01:00,1,01:00:00,1,24:00:00,100.0,2400.0,2016-02-26T22:00:00Z,2016-02-26T23:00:00+01:00,2016-02-27T22:00:00Z,2016-02-27T23:00:00+01:00
25.7666666666667,,,False,1,pm10,µg/m³,,raw,01:00:00,2016-02-27T22:00:00Z,2016-02-27T23:00:00+01:00,2016-02-27T23:00:00Z,2016-02-28T00:00:00+01:00,1,01:00:00,1,24:00:00,100.0,2400.0,2016-02-26T23:00:00Z,2016-02-27T00:00:00+01:00,2016-02-27T23:00:00Z,2016-02-28T00:00:00+01:00
25.25,,,False,1,pm10,µg/m³,,raw,01:00:00,2016-02-27T23:00:00Z,2016-02-28T00:00:00+01:00,2016-02-28T00:00:00Z,2016-02-28T01:00:00+01:00,1,01:00:00,1,24:00:00,100.0,2400.0,2016-02-27T00:00:00Z,2016-02-27T01:00:00+01:00,2016-02-28T00:00:00Z,2016-02-28T01:00:00+01:00
14.1875,,,False,1,pm10,µg/m³,,raw,01:00:00,2016-02-29T00:00:00Z,2016-02-29T01:00:00+01:00,2016-02-29T01:00:00Z,2016-02-29T02:00:00+01:00,1,01:00:00,1,24:00:00,100.0,2400.0,2016-02-28T01:00:00Z,2016-02-28T02:00:00+01:00,2016-02-29T01:00:00Z,2016-02-29T02:00:00+01:00
13.6125,,,False,1,pm10,µg/m³,,raw,01:00:00,2016-02-29T01:00:00Z,2016-02-29T02:00:00+01:00,2016-02-29T02:00:00Z,2016-02-29T03:00:00+01:00,1,01:00:00,1,24:00:00,100.0,2400.0,2016-02-28T02:00:00Z,2016-02-28T03:00:00+01:00,2016-02-29T02:00:00Z,2016-02-29T03:00:00+01:00
13.25,,,False,1,pm10,µg/m³,,raw,01:00:00,2016-02-29T02:00:00Z,2016-02-29T03:00:00+01:00,2016-02-29T03:00:00Z,2016-02-29T04:00:00+01:00,1,01:00:00,1,24:00:00,100.0,2400.0,2016-02-28T03:00:00Z,2016-02-28T04:00:00+01:00,2016-02-29T03:00:00Z,2016-02-29T04:00:00+01:00
12.425,,,False,1,pm10,µg/m³,,raw,01:00:00,2016-02-29T03:00:00Z,2016-02-29T04:00:00+01:00,2016-02-29T04:00:00Z,2016-02-29T05:00:00+01:00,1,01:00:00,1,24:00:00,100.0,2400.0,2016-02-28T04:00:00Z,2016-02-28T05:00:00+01:00,2016-02-29T04:00:00Z,2016-02-29T05:00:00+01:00
11.9041666666667,,,False,1,pm10,µg/m³,,raw,01:00:00,2016-02-29T04:00:00Z,2016-02-29T05:00:00+01:00,2016-02-29T05:00:00Z,2016-02-29T06:00:00+01:00,1,01:00:00,1,24:00:00,100.0,2400.0,2016-02-28T05:00:00Z,2016-02-28T06:00:00+01:00,2016-02-29T05:00:00Z,2016-02-29T06:00:00+01:00
11.7125,,,False,1,pm10,µg/m³,,raw,01:00:00,2016-02-29T05:00:00Z,2016-02-29T06:00:00+01:00,2016-02-29T06:00:00Z,2016-02-29T07:00:00+01:00,1,01:00:00,1,24:00:00,100.0,2400.0,2016-02-28T06:00:00Z,2016-02-28T07:00:00+01:00,2016-02-29T06:00:00Z,2016-02-29T07:00:00+01:00
11.1739130434783,,,False,1,pm10,µg/m³,,raw,01:00:00,2016-02-29T06:00:00Z,2016-02-29T07:00:00+01:00,2016-02-29T07:00:00Z,2016-02-29T08:00:00+01:00,1,01:00:00,1,24:00:00,100.0,2400.0,2016-02-28T07:00:00Z,2016-02-28T08:00:00+01:00,2016-02-29T07:00:00Z,2016-02-29T08:00:00+01:00
10.8333333333333,,,False,1,pm10,µg/m³,,raw,01:00:00,2016-02-29T07:00:00Z,2016-02-29T08:00:00+01:00,2016-02-29T08:00:00Z,2016-02-29T09:00:00+01:00,1,01:00:00,1,24:00:00,100.0,2400.0,2016-02-28T08:00:00Z,2016-02-28T09:00:00+01:00,2016-02-29T08:00:00Z,2016-02-29T09:00:00+01:00
10.6041666666667,,,False,1,pm10,µg/m³,,raw,01:00:00,2016-02-29T08:00:00Z,2016-02-29T09:00:00+01:00,2016-02-29T09:00:00Z,2016-02-29T10:00:00+01:00,1,01:00:00,1,24:00:00,100.0,2400.0,2016-02-28T09:00:00Z,2016-02-28T10:00:00+01:00,2016-02-29T09:00:00Z,2016-02-29T10:00:00+01:00
10.6291666666667,,,False,1,pm10,µg/m³,,raw,01:00:00,2016-02-29T09:00:00Z,2016-02-29T10:00:00+01:00,2016-02-29T10:00:00Z,2016-02-29T11:00:00+01:00,1,01:00:00,1,24:00:00,100.0,2400.0,2016-02-28T10:00:00Z,2016-02-28T11:00:00+01:00,2016-02-29T10:00:00Z,2016-02-29T11:00:00+01:00
10.7083333333333,,,False,1,pm10,µg/m³,,raw,01:00:00,2016-02-29T10:00:00Z,2016-02-29T11:00:00+01:00,2016-02-29T11:00:00Z,2016-02-29T12:00:00+01:00,1,01:00:00,1,24:00:00,100.0,2400.0,2016-02-28T11:00:00Z,2016-02-28T12:00:00+01:00,2016-02-29T11:00:00Z,2016-02-29T12:00:00+01:00
10.9416666666667,,,False,1,pm10,µg/m³,,raw,01:00:00,2016-02-29T11:00:00Z,2016-02-29T12:00:00+01:00,2016-02-29T12:00:00Z,2016-02-29T13:00:00+01:00,1,01:00:00,1,24:00:00,100.0,2400.0,2016-02-28T12:00:00Z,2016-02-28T13:00:00+01:00,2016-02-29T12:00:00Z,2016-02-29T13:00:00+01:00
11.1583333333333,,,False,1,pm10,µg/m³,,raw,01:00:00,2016-02-29T12:00:00Z,2016-02-29T13:00:00+01:00,2016-02-29T13:00:00Z,2016-02-29T14:00:00+01:00,1,01:00:00,1,24:00:00,100.0,2400.0,2016-02-28T13:00:00Z,2016-02-28T14:00:00+01:00,2016-02-29T13:00:00Z,2016-02-29T14:00:00+01:00
11.8291666666667,,,False,1,pm10,µg/m³,,raw,01:00:00,2016-02-29T13:00:00Z,2016-02-29T14:00:00+01:00,2016-02-29T14:00:00Z,2016-02-29T15:00:00+01:00,1,01:00:00,1,24:00:00,100.0,2400.0,2016-02-28T14:00:00Z,2016-02-28T15:00:00+01:00,2016-02-29T14:00:00Z,2016-02-29T15:00:00+01:00
12.4541666666667,,,False,1,pm10,µg/m³,,raw,01:00:00,2016-02-29T14:00:00Z,2016-02-29T15:00:00+01:00,2016-02-29T15:00:00Z,2016-02-29T16:00:00+01:00,1,01:00:00,1,24:00:00,100.0,2400.0,2016-02-28T15:00:00Z,2016-02-28T16:00:00+01:00,2016-02-29T15:00:00Z,2016-02-29T16:00:00+01:00
13.1791666666667,,,False,1,pm10,µg/m³,,raw,01:00:00,2016-02-29T15:00:00Z,2016-02-29T16:00:00+01:00,2016-02-29T16:00:00Z,2016-02-29T17:00:00+01:00,1,01:00:00,1,24:00:00,100.0,2400.0,2016-02-28T16:00:00Z,2016-02-28T17:00:00+01:00,2016-02-29T16:00:00Z,2016-02-29T17:00:00+01:00
13.6208333333333,,,False,1,pm10,µg/m³,,raw,01:00:00,2016-02-29T16:00:00Z,2016-02-29T17:00:00+01:00,2016-02-29T17:00:00Z,2016-02-29T18:00:00+01:00,1,01:00:00,1,24:00:00,100.0,2400.0,2016-02-28T17:00:00Z,2016-02-28T18:00:00+01:00,2016-02-29T17:00:00Z,2016-02-29T18:00:00+01:00
14.4875,,,False,1,pm10,µg/m³,,raw,01:00:00,2016-02-29T17:00:00Z,2016-02-29T18:00:00+01:00,2016-02-29T18:00:00Z,2016-02-29T19:00:00+01:00,1,01:00:00,1,24:00:00,100.0,2400.0,2016-02-28T18:00:00Z,2016-02-28T19:00:00+01:00,2016-02-29T18:00:00Z,2016-02-29T19:00:00+01:00
15.5708333333333,,,False,1,pm10,µg/m³,,raw,01:00:00,2016-02-29T18:00:00Z,2016-02-29T19:00:00+01:00,2016-02-29T19:00:00Z,2016-02-29T20:00:00+01:00,1,01:00:00,1,24:00:00,100.0,2400.0,2016-02-28T19:00:00Z,2016-02-28T20:00:00+01:00,2016-02-29T19:00:00Z,2016-02-29T20:00:00+01:00
17.0208333333333,,,False,1,pm10,µg/m³,,raw,01:00:00,2016-02-29T19:00:00Z,2016-02-29T20:00:00+01:00,2016-02-29T20:00:00Z,2016-02-29T21:00:00+01:00,1,01:00:00,1,24:00:00,100.0,2400.0,2016-02-28T20:00:00Z,2016-02-28T21:00:00+01:00,2016-02-29T20:00:00Z,2016-02-29T21:00:00+01:00
16.975,,,False,1,pm10,µg/m³,,raw,01:00:00,2016-02-29T20:00:00Z,2016-02-29T21:00:00+01:00,2016-02-29T21:00:00Z,2016-02-29T22:00:00+01:00,1,01:00:00,1,24:00:00,100.0,2400.0,2016-02-28T21:00:00Z,2016-02-28T22:00:00+01:00,2016-02-29T21:00:00Z,2016-02-29T22:00:00+01:00
17.3130434782609,,,False,1,pm10,µg/m³,,raw,01:00:00,2016-02-29T21:00:00Z,2016-02-29T22:00:00+01:00,2016-02-29T22:00:00Z,2016-02-29T23:00:00+01:00,1,01:00:00,1,24:00:00,100.0,2400.0,2016-02-28T22:00:00Z,2016-02-28T23:00:00+01:00,2016-02-29T22:00:00Z,2016-02-29T23:00:00+01:00
28.325,,,False,1,pm10,µg/m³,,raw,01:00:00,2016-03-06T18:00:00Z,2016-03-06T19:00:00+01:00,2016-03-06T19:00:00Z,2016-03-06T20:00:00+01:00,1,01:00:00,1,24:00:00,100.0,2400.0,2016-03-05T19:00:00Z,2016-03-05T20:00:00+01:00,2016-03-06T19:00:00Z,2016-03-06T20:00:00+01:00
27.4833333333333,,,False,1,pm10,µg/m³,,raw,01:00:00,2016-03-06T19:00:00Z,2016-03-06T20:00:00+01:00,2016-03-06T20:00:00Z,2016-03-06T21:00:00+01:00,1,01:00:00,1,24:00:00,100.0,2400.0,2016-03-05T20:00:00Z,2016-03-05T21:00:00+01:00,2016-03-06T20:00:00Z,2016-03-06T21:00:00+01:00
26.5166666666667,,,False,1,pm10,µg/m³,,raw,01:00:00,2016-03-06T20:00:00Z,2016-03-06T21:00:00+01:00,2016-03-06T21:00:00Z,2016-03-06T22:00:00+01:00,1,01:00:00,1,24:00:00,100.0,2400.0,2016-03-05T21:00:00Z,2016-03-05T22:00:00+01:00,2016-03-06T21:00:00Z,2016-03-06T22:00:00+01:00
26.4304347826087,,,False,1,pm10,µg/m³,,raw,01:00:00,2016-03-06T21:00:00Z,2016-03-06T22:00:00+01:00,2016-03-06T22:00:00Z,2016-03-06T23:00:00+01:00,1,01:00:00,1,24:00:00,100.0,2400.0,2016-03-05T22:00:00Z,2016-03-05T23:00:00+01:00,2016-03-06T22:00:00Z,2016-03-06T23:00:00+01:00
24.5583333333333,,,False,1,pm10,µg/m³,,raw,01:00:00,2016-03-06T22:00:00Z,2016-03-06T23:00:00+01:00,2016-03-06T23:00:00Z,2016-03-07T00:00:00+01:00,1,01:00:00,1,24:00:00,100.0,2400.0,2016-03-05T23:00:00Z,2016-03-06T00:00:00+01:00,2016-03-06T23:00:00Z,2016-03-07T00:00:00+01:00
23.6333333333333,,,False,1,pm10,µg/m³,,raw,01:00:00,2016-03-06T23:00:00Z,2016-03-07T00:00:00+01:00,2016-03-07T00:00:00Z,2016-03-07T01:00:00+01:00,1,01:00:00,1,24:00:00,100.0,2400.0,2016-03-06T00:00:00Z,2016-03-06T01:00:00+01:00,2016-03-07T00:00:00Z,2016-03-07T01:00:00+01:00
22.9875,,,False,1,pm10,µg/m³,,raw,01:00:00,2016-03-07T00:00:00Z,2016-03-07T01:00:00+01:00,2016-03-07T01:00:00Z,2016-03-07T02:00:00+01:00,1,01:00:00,1,24:00:00,100.0,2400.0,2016-03-06T01:00:00Z,2016-03-06T02:00:00+01:00,2016-03-07T01:00:00Z,2016-03-07T02:00:00+01:00
22.1791666666667,,,False,1,pm10,µg/m³,,raw,01:00:00,2016-03-07T01:00:00Z,2016-03-07T02:00:00+01:00,2016-03-07T02:00:00Z,2016-03-07T03:00:00+01:00,1,01:00:00,1,24:00:00,100.0,2400.0,2016-03-06T02:00:00Z,2016-03-06T03:00:00+01:00,2016-03-07T02:00:00Z,2016-03-07T03:00:00+01:00
21.0833333333333,,,False,1,pm10,µg/m³,,raw,01:00:00,2016-03-07T02:00:00Z,2016-03-07T03:00:00+01:00,2016-03-07T03:00:00Z,2016-03-07T04:00:00+01:00,1,01:00:00,1,24:00:00,100.0,2400.0,2016-03-06T03:00:00Z,2016-03-06T04:00:00+01:00,2016-03-07T03:00:00Z,2016-03-07T04:00:00+01:00
20.7565217391304,,,False,1,pm10,µg/m³,,raw,01:00:00,2016-03-07T03:00:00Z,2016-03-07T04:00:00+01:00,2016-03-07T04:00:00Z,2016-03-07T05:00:00+01:00,1,01:00:00,1,24:00:00,100.0,2400.0,2016-03-06T04:00:00Z,2016-03-06T05:00:00+01:00,2016-03-07T04:00:00Z,2016-03-07T05:00:00+01:00
18.5125,,,False,1,pm10,µg/m³,,raw,01:00:00,2016-03-07T04:00:00Z,2016-03-07T05:00:00+01:00,2016-03-07T05:00:00Z,2016-03-07T06:00:00+01:00,1,01:00:00,1,24:00:00,100.0,2400.0,2016-03-06T05:00:00Z,2016-03-06T06:00:00+01:00,2016-03-07T05:00:00Z,2016-03-07T06:00:00+01:00
17.3541666666667,,,False,1,pm10,µg/m³,,raw,01:00:00,2016-03-07T05:00:00Z,2016-03-07T06:00:00+01:00,2016-03-07T06:00:00Z,2016-03-07T07:00:00+01:00,1,01:00:00,1,24:00:00,100.0,2400.0,2016-03-06T06:00:00Z,2016-03-06T07:00:00+01:00,2016-03-07T06:00:00Z,2016-03-07T07:00:00+01:00
16.2125,,,False,1,pm10,µg/m³,,raw,01:00:00,2016-03-07T06:00:00Z,2016-03-07T07:00:00+01:00,2016-03-07T07:00:00Z,2016-03-07T08:00:00+01:00,1,01:00:00,1,24:00:00,100.0,2400.0,2016-03-06T07:00:00Z,2016-03-06T08:00:00+01:00,2016-03-07T07:00:00Z,2016-03-07T08:00:00+01:00
15.2166666666667,,,False,1,pm10,µg/m³,,raw,01:00:00,2016-03-07T07:00:00Z,2016-03-07T08:00:00+01:00,2016-03-07T08:00:00Z,2016-03-07T09:00:00+01:00,1,01:00:00,1,24:00:00,100.0,2400.0,2016-03-06T08:00:00Z,2016-03-06T09:00:00+01:00,2016-03-07T08:00:00Z,2016-03-07T09:00:00+01:00
13.9333333333333,,,False,1,pm10,µg/m³,,raw,01:00:00,2016-03-07T08:00:00Z,2016-03-07T09:00:00+01:00,2016-03-07T09:00:00Z,2016-03-07T10:00:00+01:00,1,01:00:00,1,24:00:00,100.0,2400.0,2016-03-06T09:00:00Z,2016-03-06T10:00:00+01:00,2016-03-07T09:00:00Z,2016-03-07T10:00:00+01:00
12.8625,,,False,1,pm10,µg/m³,,raw,01:00:00,2016-03-07T09:00:00Z,2016-03-07T10:00:00+01:00,2016-03-07T10:00:00Z,2016-03-07T11:00:00+01:00,1,01:00:00,1,24:00:00,100.0,2400.0,2016-03-06T10:00:00Z,2016-03-06T11:00:00+01:00,2016-03-07T10:00:00Z,2016-03-07T11:00:00+01:00
11.475,,,False,1,pm10,µg/m³,,raw,01:00:00,2016-03-07T10:00:00Z,2016-03-07T11:00:00+01:00,2016-03-07T11:00:00Z,2016-03-07T12:00:00+01:00,1,01:00:00,1,24:00:00,100.0,2400.0,2016-03-06T11:00:00Z,2016-03-06T12:00:00+01:00,2016-03-07T11:00:00Z,2016-03-07T12:00:00+01:00
10.1916666666667,,,False,1,pm10,µg/m³,,raw,01:00:00,2016-03-07T11:00:00Z,2016-03-07T12:00:00+01:00,2016-03-07T12:00:00Z,2016-03-07T13:00:00+01:00,1,01:00:00,1,24:00:00,100.0,2400.0,2016-03-06T12:00:00Z,2016-03-06T13:00:00+01:00,2016-03-07T12:00:00Z,2016-03-07T13:00:00+01:00
9.32083333333333,,,False,1,pm10,µg/m³,,raw,01:00:00,2016-03-07T12:00:00Z,2016-03-07T13:00:00+01:00,2016-03-07T13:00:00Z,2016-03-07T14:00:00+01:00,1,01:00:00,1,24:00:00,100.0,2400.0,2016-03-06T13:00:00Z,2016-03-06T14:00:00+01:00,2016-03-07T13:00:00Z,2016-03-07T14:00:00+01:00
8.32083333333333,,,False,1,pm10,µg/m³,,raw,01:00:00,2016-03-07T13:00:00Z,2016-03-07T14:00:00+01:00,2016-03-07T14:00:00Z,2016-03-07T15:00:00+01:00,1,01:00:00,1,24:00:00,100.0,2400.0,2016-03-06T14:00:00Z,2016-03-06T15:00:00+01:00,2016-03-07T14:00:00Z,2016-03-07T15:00:00+01:00
8.15833333333333,,,False,1,pm10,µg/m³,,raw,01:00:00,2016-03-07T14:00:00Z,2016-03-07T15:00:00+01:00,2016-03-07T15:00:00Z,2016-03-07T16:00:00+01:00,1,01:00:00,1,24:00:00,100.0,2400.0,2016-03-06T15:00:00Z,2016-03-06T16:00:00+01:00,2016-03-07T15:00:00Z,2016-03-07T16:00:00+01:00
7.7875,,,False,1,pm10,µg/m³,,raw,01:00:00,2016-03-07T15:00:00Z,2016-03-07T16:00:00+01:00,2016-03-07T16:00:00Z,2016-03-07T17:00:00+01:00,1,01:00:00,1,24:00:00,100.0,2400.0,2016-03-06T16:00:00Z,2016-03-06T17:00:00+01:00,2016-03-07T16:00:00Z,2016-03-07T17:00:00+01:00
7.75,,,False,1,pm10,µg/m³,,raw,01:00:00,2016-03-07T16:00:00Z,2016-03-07T17:00:00+01:00,2016-03-07T17:00:00Z,2016-03-07T18:00:00+01:00,1,01:00:00,1,24:00:00,100.0,2400.0,2016-03-06T17:00:00Z,2016-03-06T18:00:00+01:00,2016-03-07T17:00:00Z,2016-03-07T18:00:00+01:00
7.25416666666667,,,False,1,pm10,µg/m³,,raw,01:00:00,2016-03-07T17:00:00Z,2016-03-07T18:00:00+01:00,2016-03-07T18:00:00Z,2016-03-07T19:00:00+01:00,1,01:00:00,1,24:00:00,100.0,2400.0,2016-03-06T18:00:00Z,2016-03-06T19:00:00+01:00,2016-03-07T18:00:00Z,2016-03-07T19:00:00+01:00
7.23913043478261,,,False,1,pm10,µg/m³,,raw,01:00:00,2016-03-07T18:00:00Z,2016-03-07T19:00:00+01:00,2016-03-07T19:00:00Z,2016-03-07T20:00:00+01:00,1,01:00:00,1,24:00:00,100.0,2400.0,2016-03-06T19:00:00Z,2016-03-06T20:00:00+01:00,2016-03-07T19:00:00Z,2016-03-07T20:00:00+01:00
7.53333333333333,,,False,1,pm10,µg/m³,,raw,01:00:00,2016-03-07T19:00:00Z,2016-03-07T20:00:00+01:00,2016-03-07T20:00:00Z,2016-03-07T21:00:00+01:00,1,01:00:00,1,24:00:00,100.0,2400.0,2016-03-06T20:00:00Z,2016-03-06T21:00:00+01:00,2016-03-07T20:00:00Z,2016-03-07T21:00:00+01:00
8.2625,,,False,1,pm10,µg/m³,,raw,01:00:00,2016-03-07T20:00:00Z,2016-03-07T21:00:00+01:00,2016-03-07T21:00:00Z,2016-03-07T22:00:00+01:00,1,01:00:00,1,24:00:00,100.0,2400.0,2016-03-06T21:00:00Z,2016-03-06T22:00:00+01:00,2016-03-07T21:00:00Z,2016-03-07T22:00:00+01:00
8.3304347826087,,,False,1,pm10,µg/m³,,raw,01:00:00,2016-03-07T21:00:00Z,2016-03-07T22:00:00+01:00,2016-03-07T22:00:00Z,2016-03-07T23:00:00+01:00,1,01:00:00,1,24:00:00,100.0,2400.0,2016-03-06T22:00:00Z,2016-03-06T23:00:00+01:00,2016-03-07T22:00:00Z,2016-03-07T23:00:00+01:00
9.38333333333333,,,False,1,pm10,µg/m³,,raw,01:00:00,2016-03-07T22:00:00Z,2016-03-07T23:00:00+01:00,2016-03-07T23:00:00Z,2016-03-08T00:00:00+01:00,1,01:00:00,1,24:00:00,100.0,2400.0,2016-03-06T23:00:00Z,2016-03-07T00:00:00+01:00,2016-03-07T23:00:00Z,2016-03-08T00:00:00+01:00
9.42083333333333,,,False,1,pm10,µg/m³,,raw,01:00:00,2016-03-07T23:00:00Z,2016-03-08T00:00:00+01:00,2016-03-08T00:00:00Z,2016-03-08T01:00:00+01:00,1,01:00:00,1,24:00:00,100.0,2400.0,2016-03-07T00:00:00Z,2016-03-07T01:00:00+01:00,2016-03-08T00:00:00Z,2016-03-08T01:00:00+01:00
9.60833333333333,,,False,1,pm10,µg/m³,,raw,01:00:00,2016-03-08T00:00:00Z,2016-03-08T01:00:00+01:00,2016-03-08T01:00:00Z,2016-03-08T02:00:00+01:00,1,01:00:00,1,24:00:00,100.0,2400.0,2016-03-07T01:00:00Z,2016-03-07T02:00:00+01:00,2016-03-08T01:00:00Z,2016-03-08T02:00:00+01:00
10.2625,,,False,1,pm10,µg/m³,,raw,01:00:00,2016-03-08T01:00:00Z,2016-03-08T02:00:00+01:00,2016-03-08T02:00:00Z,2016-03-08T03:00:00+01:00,1,01:00:00,1,24:00:00,100.0,2400.0,2016-03-07T02:00:00Z,2016-03-07T03:00:00+01:00,2016-03-08T02:00:00Z,2016-03-08T03:00:00+01:00
10.775,,,False,1,pm10,µg/m³,,raw,01:00:00,2016-03-08T02:00:00Z,2016-03-08T03:00:00+01:00,2016-03-08T03:00:00Z,2016-03-08T04:00:00+01:00,1,01:00:00,1,24:00:00,100.0,2400.0,2016-03-07T03:00:00Z,2016-03-07T04:00:00+01:00,2016-03-08T03:00:00Z,2016-03-08T04:00:00+01:00
11.2166666666667,,,False,1,pm10,µg/m³,,raw,01:00:00,2016-03-08T03:00:00Z,2016-03-08T04:00:00+01:00,2016-03-08T04:00:00Z,2016-03-08T05:00:00+01:00,1,01:00:00,1,24:00:00,100.0,2400.0,2016-03-07T04:00:00Z,2016-03-07T05:00:00+01:00,2016-03-08T04:00:00Z,2016-03-08T05:00:00+01:00
11.4291666666667,,,False,1,pm10,µg/m³,,raw,01:00:00,2016-03-08T04:00:00Z,2016-03-08T05:00:00+01:00,2016-03-08T05:00:00Z,2016-03-08T06:00:00+01:00,1,01:00:00,1,24:00:00,100.0,2400.0,2016-03-07T05:00:00Z,2016-03-07T06:00:00+01:00,2016-03-08T05:00:00Z,2016-03-08T06:00:00+01:00
11.4166666666667,,,False,1,pm10,µg/m³,,raw,01:00:00,2016-03-08T05:00:00Z,2016-03-08T06:00:00+01:00,2016-03-08T06:00:00Z,2016-03-08T07:00:00+01:00,1,01:00:00,1,24:00:00,100.0,2400.0,2016-03-07T06:00:00Z,2016-03-07T07:00:00+01:00,2016-03-08T06:00:00Z,2016-03-08T07:00:00+01:00
11.6208333333333,,,False,1,pm10,µg/m³,,raw,01:00:00,2016-03-08T06:00:00Z,2016-03-08T07:00:00+01:00,2016-03-08T07:00:00Z,2016-03-08T08:00:00+01:00,1,01:00:00,1,24:00:00,100.0,2400.0,2016-03-07T07:00:00Z,2016-03-07T08:00:00+01:00,2016-03-08T07:00:00Z,2016-03-08T08:00:00+01:00
11.8291666666667,,,False,1,pm10,µg/m³,,raw,01:00:00,2016-03-08T07:00:00Z,2016-03-08T08:00:00+01:00,2016-03-08T08:00:00Z,2016-03-08T09:00:00+01:00,1,01:00:00,1,24:00:00,100.0,2400.0,2016-03-07T08:00:00Z,2016-03-07T09:00:00+01:00,2016-03-08T08:00:00Z,2016-03-08T09:00:00+01:00
11.5708333333333,,,False,1,pm10,µg/m³,,raw,01:00:00,2016-03-08T08:00:00Z,2016-03-08T09:00:00+01:00,2016-03-08T09:00:00Z,2016-03-08T10:00:00+01:00,1,01:00:00,1,24:00:00,100.0,2400.0,2016-03-07T09:00:00Z,2016-03-07T10:00:00+01:00,2016-03-08T09:00:00Z,2016-03-08T10:00:00+01:00
11.6304347826087,,,False,1,pm10,µg/m³,,raw,01:00:00,2016-03-08T09:00:00Z,2016-03-08T10:00:00+01:00,2016-03-08T10:00:00Z,2016-03-08T11:00:00+01:00,1,01:00:00,1,24:00:00,100.0,2400.0,2016-03-07T10:00:00Z,2016-03-07T11:00:00+01:00,2016-03-08T10:00:00Z,2016-03-08T11:00:00+01:00
11.8166666666667,,,False,1,pm10,µg/m³,,raw,01:00:00,2016-03-08T10:00:00Z,2016-03-08T11:00:00+01:00,2016-03-08T11:00:00Z,2016-03-08T12:00:00+01:00,1,01:00:00,1,24:00:00,100.0,2400.0,2016-03-07T11:00:00Z,2016-03-07T12:00:00+01:00,2016-03-08T11:00:00Z,2016-03-08T12:00:00+01:00
11.9208333333333,,,False,1,pm10,µg/m³,,raw,01:00:00,2016-03-08T11:00:00Z,2016-03-08T12:00:00+01:00,2016-03-08T12:00:00Z,2016-03-08T13:00:00+01:00,1,01:00:00,1,24:00:00,100.0,2400.0,2016-03-07T12:00:00Z,2016-03-07T13:00:00+01:00,2016-03-08T12:00:00Z,2016-03-08T13:00:00+01:00
11.8041666666667,,,False,1,pm10,µg/m³,,raw,01:00:00,2016-03-08T12:00:00Z,2016-03-08T13:00:00+01:00,2016-03-08T13:00:00Z,2016-03-08T14:00:00+01:00,1,01:00:00,1,24:00:00,100.0,2400.0,2016-03-07T13:00:00Z,2016-03-07T14:00:00+01:00,2016-03-08T13:00:00Z,2016-03-08T14:00:00+01:00
11.5666666666667,,,False,1,pm10,µg/m³,,raw,01:00:00,2016-03-08T13:00:00Z,2016-03-08T14:00:00+01:00,2016-03-08T14:00:00Z,2016-03-08T15:00:00+01:00,1,01:00:00,1,24:00:00,100.0,2400.0,2016-03-07T14:00:00Z,2016-03-07T15:00:00+01:00,2016-03-08T14:00:00Z,2016-03-08T15:00:00+01:00
11.45,,,False,1,pm10,µg/m³,,raw,01:00:00,2016-03-08T14:00:00Z,2016-03-08T15:00:00+01:00,2016-03-08T15:00:00Z,2016-03-08T16:00:00+01:00,1,01:00:00,1,24:00:00,100.0,2400.0,2016-03-07T15:00:00Z,2016-03-07T16:00:00+01:00,2016-03-08T15:00:00Z,2016-03-08T16:00:00+01:00
11.4166666666667,,,False,1,pm10,µg/m³,,raw,01:00:00,2016-03-08T15:00:00Z,2016-03-08T16:00:00+01:00,2016-03-08T16:00:00Z,2016-03-08T17:00:00+01:00,1,01:00:00,1,24:00:00,100.0,2400.0,2016-03-07T16:00:00Z,2016-03-07T17:00:00+01:00,2016-03-08T16:00:00Z,2016-03-08T17:00:00+01:00
11.3416666666667,,,False,1,pm10,µg/m³,,raw,01:00:00,2016-03-08T16:00:00Z,2016-03-08T17:00:00+01:00,2016-03-08T17:00:00Z,2016-03-08T18:00:00+01:00,1,01:00:00,1,24:00:00,100.0,2400.0,2016-03-07T17:00:00Z,2016-03-07T18:00:00+01:00,2016-03-08T17:00:00Z,2016-03-08T18:00:00+01:00
11.3875,,,False,1,pm10,µg/m³,,raw,01:00:00,2016-03-08T17:00:00Z,2016-03-08T18:00:00+01:00,2016-03-08T18:00:00Z,2016-03-08T19:00:00+01:00,1,01:00:00,1,24:00:00,100.0,2400.0,2016-03-07T18:00:00Z,2016-03-07T19:00:00+01:00,2016-03-08T18:00:00Z,2016-03-08T19:00:00+01:00
11.275,,,False,1,pm10,µg/m³,,raw,01:00:00,2016-03-08T18:00:00Z,2016-03-08T19:00:00+01:00,2016-03-08T19:00:00Z,2016-03-08T20:00:00+01:00,1,01:00:00,1,24:00:00,100.0,2400.0,2016-03-07T19:00:00Z,2016-03-07T20:00:00+01:00,2016-03-08T19:00:00Z,2016-03-08T20:00:00+01:00
11.425,,,False,1,pm10,µg/m³,,raw,01:00:00,2016-03-08T19:00:00Z,2016-03-08T20:00:00+01:00,2016-03-08T20:00:00Z,2016-03-08T21:00:00+01:00,1,01:00:00,1,24:00:00,100.0,2400.0,2016-03-07T20:00:00Z,2016-03-07T21:00:00+01:00,2016-03-08T20:00:00Z,2016-03-08T21:00:00+01:00
10.825,,,False,1,pm10,µg/m³,,raw,01:00:00,2016-03-08T20:00:00Z,2016-03-08T21:00:00+01:00,2016-03-08T21:00:00Z,2016-03-08T22:00:00+01:00,1,01:00:00,1,24:00:00,100.0,2400.0,2016-03-07T21:00:00Z,2016-03-07T22:00:00+01:00,2016-03-08T21:00:00Z,2016-03-08T22:00:00+01:00
11.1347826086957,,,False,1,pm10,µg/m³,,raw,01:00:00,2016-03-08T21:00:00Z,2016-03-08T22:00:00+01:00,2016-03-08T22:00:00Z,2016-03-08T23:00:00+01:00,1,01:00:00,1,24:00:00,100.0,2400.0,2016-03-07T22:00:00Z,2016-03-07T23:00:00+01:00,2016-03-08T22:00:00Z,2016-03-08T23:00:00+01:00
10.6666666666667,,,False,1,pm10,µg/m³,,raw,01:00:00,2016-03-08T22:00:00Z,2016-03-08T23:00:00+01:00,2016-03-08T23:00:00Z,2016-03-09T00:00:00+01:00,1,01:00:00,1,24:00:00,100.0,2400.0,2016-03-07T23:00:00Z,2016-03-08T00:00:00+01:00,2016-03-08T23:00:00Z,2016-03-09T00:00:00+01:00
11.3541666666667,,,False,1,pm10,µg/m³,,raw,01:00:00,2016-03-08T23:00:00Z,2016-03-09T00:00:00+01:00,2016-03-09T00:00:00Z,2016-03-09T01:00:00+01:00,1,01:00:00,1,24:00:00,100.0,2400.0,2016-03-08T00:00:00Z,2016-03-08T01:00:00+01:00,2016-03-09T00:00:00Z,2016-03-09T01:00:00+01:00
11.2434782608696,,,False,1,pm10,µg/m³,,raw,01:00:00,2016-03-09T00:00:00Z,2016-03-09T01:00:00+01:00,2016-03-09T01:00:00Z,2016-03-09T02:00:00+01:00,1,01:00:00,1,24:00:00,100.0,2400.0,2016-03-08T01:00:00Z,2016-03-08T02:00:00+01:00,2016-03-09T01:00:00Z,2016-03-09T02:00:00+01:00
11.6291666666667,,,False,1,pm10,µg/m³,,raw,01:00:00,2016-03-09T01:00:00Z,2016-03-09T02:00:00+01:00,2016-03-09T02:00:00Z,2016-03-09T03:00:00+01:00,1,01:00:00,1,24:00:00,100.0,2400.0,2016-03-08T02:00:00Z,2016-03-08T03:00:00+01:00,2016-03-09T02:00:00Z,2016-03-09T03:00:00+01:00
11.7958333333333,,,False,1,pm10,µg/m³,,raw,01:00:00,2016-03-09T02:00:00Z,2016-03-09T03:00:00+01:00,2016-03-09T03:00:00Z,2016-03-09T04:00:00+01:00,1,01:00:00,1,24:00:00,100.0,2400.0,2016-03-08T03:00:00Z,2016-03-08T04:00:00+01:00,2016-03-09T03:00:00Z,2016-03-09T04:00:00+01:00
12.1875,,,False,1,pm10,µg/m³,,raw,01:00:00,2016-03-09T03:00:00Z,2016-03-09T04:00:00+01:00,2016-03-09T04:00:00Z,2016-03-09T05:00:00+01:00,1,01:00:00,1,24:00:00,100.0,2400.0,2016-03-08T04:00:00Z,2016-03-08T05:00:00+01:00,2016-03-09T04:00:00Z,2016-03-09T05:00:00+01:00
12.6833333333333,,,False,1,pm10,µg/m³,,raw,01:00:00,2016-03-09T04:00:00Z,2016-03-09T05:00:00+01:00,2016-03-09T05:00:00Z,2016-03-09T06:00:00+01:00,1,01:00:00,1,24:00:00,100.0,2400.0,2016-03-08T05:00:00Z,2016-03-08T06:00:00+01:00,2016-03-09T05:00:00Z,2016-03-09T06:00:00+01:00
13.0958333333333,,,False,1,pm10,µg/m³,,raw,01:00:00,2016-03-09T05:00:00Z,2016-03-09T06:00:00+01:00,2016-03-09T06:00:00Z,2016-03-09T07:00:00+01:00,1,01:00:00,1,24:00:00,100.0,2400.0,2016-03-08T06:00:00Z,2016-03-08T07:00:00+01:00,2016-03-09T06:00:00Z,2016-03-09T07:00:00+01:00
13.4208333333333,,,False,1,pm10,µg/m³,,raw,01:00:00,2016-03-09T06:00:00Z,2016-03-09T07:00:00+01:00,2016-03-09T07:00:00Z,2016-03-09T08:00:00+01:00,1,01:00:00,1,24:00:00,100.0,2400.0,2016-03-08T07:00:00Z,2016-03-08T08:00:00+01:00,2016-03-09T07:00:00Z,2016-03-09T08:00:00+01:00
13.6291666666667,,,False,1,pm10,µg/m³,,raw,01:00:00,2016-03-09T07:00:00Z,2016-03-09T08:00:00+01:00,2016-03-09T08:00:00Z,2016-03-09T09:00:00+01:00,1,01:00:00,1,24:00:00,100.0,2400.0,2016-03-08T08:00:00Z,2016-03-08T09:00:00+01:00,2016-03-09T08:00:00Z,2016-03-09T09:00:00+01:00
14.4,,,False,1,pm10,µg/m³,,raw,01:00:00,2016-03-09T08:00:00Z,2016-03-09T09:00:00+01:00,2016-03-09T09:00:00Z,2016-03-09T10:00:00+01:00,1,01:00:00,1,24:00:00,100.0,2400.0,2016-03-08T09:00:00Z,2016-03-08T10:00:00+01:00,2016-03-09T09:00:00Z,2016-03-09T10:00:00+01:00
14.8791666666667,,,False,1,pm10,µg/m³,,raw,01:00:00,2016-03-09T09:00:00Z,2016-03-09T10:00:00+01:00,2016-03-09T10:00:00Z,2016-03-09T11:00:00+01:00,1,01:00:00,1,24:00:00,100.0,2400.0,2016-03-08T10:00:00Z,2016-03-08T11:00:00+01:00,2016-03-09T10:00:00Z,2016-03-09T11:00:00+01:00
15.0583333333333,,,False,1,pm10,µg/m³,,raw,01:00:00,2016-03-09T10:00:00Z,2016-03-09T11:00:00+01:00,2016-03-09T11:00:00Z,2016-03-09T12:00:00+01:00,1,01:00:00,1,24:00:00,100.0,2400.0,2016-03-08T11:00:00Z,2016-03-08T12:00:00+01:00,2016-03-09T11:00:00Z,2016-03-09T12:00:00+01:00
15.2130434782609,,,False,1,pm10,µg/m³,,raw,01:00:00,2016-03-09T11:00:00Z,2016-03-09T12:00:00+01:00,2016-03-09T12:00:00Z,2016-03-09T13:00:00+01:00,1,01:00:00,1,24:00:00,100.0,2400.0,2016-03-08T12:00:00Z,2016-03-08T13:00:00+01:00,2016-03-09T12:00:00Z,2016-03-09T13:00:00+01:00
15.8333333333333,,,False,1,pm10,µg/m³,,raw,01:00:00,2016-03-09T12:00:00Z,2016-03-09T13:00:00+01:00,2016-03-09T13:00:00Z,2016-03-09T14:00:00+01:00,1,01:00:00,1,24:00:00,100.0,2400.0,2016-03-08T13:00:00Z,2016-03-08T14:00:00+01:00,2016-03-09T13:00:00Z,2016-03-09T14:00:00+01:00
16.4708333333333,,,False,1,pm10,µg/m³,,raw,01:00:00,2016-03-09T13:00:00Z,2016-03-09T14:00:00+01:00,2016-03-09T14:00:00Z,2016-03-09T15:00:00+01:00,1,01:00:00,1,24:00:00,100.0,2400.0,2016-03-08T14:00:00Z,2016-03-08T15:00:00+01:00,2016-03-09T14:00:00Z,2016-03-09T15:00:00+01:00
17.2958333333333,,,False,1,pm10,µg/m³,,raw,01:00:00,2016-03-09T14:00:00Z,2016-03-09T15:00:00+01:00,2016-03-09T15:00:00Z,2016-03-09T16:00:00+01:00,1,01:00:00,1,24:00:00,100.0,2400.0,2016-03-08T15:00:00Z,2016-03-08T16:00:00+01:00,2016-03-09T15:00:00Z,2016-03-09T16:00:00+01:00
17.6565217391304,,,False,1,pm10,µg/m³,,raw,01:00:00,2016-03-09T15:00:00Z,2016-03-09T16:00:00+01:00,2016-03-09T16:00:00Z,2016-03-09T17:00:00+01:00,1,01:00:00,1,24:00:00,100.0,2400.0,2016-03-08T16:00:00Z,2016-03-08T17:00:00+01:00,2016-03-09T16:00:00Z,2016-03-09T17:00:00+01:00
18.4791666666667,,,False,1,pm10,µg/m³,,raw,01:00:00,2016-03-09T16:00:00Z,2016-03-09T17:00:00+01:00,2016-03-09T17:00:00Z,2016-03-09T18:00:00+01:00,1,01:00:00,1,24:00:00,100.0,2400.0,2016-03-08T17:00:00Z,2016-03-08T18:00:00+01:00,2016-03-09T17:00:00Z,2016-03-09T18:00:00+01:00
18.775,,,False,1,pm10,µg/m³,,raw,01:00:00,2016-03-09T17:00:00Z,2016-03-09T18:00:00+01:00,2016-03-09T18:00:00Z,2016-03-09T19:00:00+01:00,1,01:00:00,1,24:00:00,100.0,2400.0,2016-03-08T18:00:00Z,2016-03-08T19:00:00+01:00,2016-03-09T18:00:00Z,2016-03-09T19:00:00+01:00
19.2541666666667,,,False,1,pm10,µg/m³,,raw,01:00:00,2016-03-09T18:00:00Z,2016-03-09T19:00:00+01:00,2016-03-09T19:00:00Z,2016-03-09T20:00:00+01:00,1,01:00:00,1,24:00:00,100.0,2400.0,2016-03-08T19:00:00Z,2016-03-08T20:00:00+01:00,2016-03-09T19:00:00Z,2016-03-09T20:00:00+01:00
19.8291666666667,,,False,1,pm10,µg/m³,,raw,01:00:00,2016-03-09T19:00:00Z,2016-03-09T20:00:00+01:00,2016-03-09T20:00:00Z,2016-03-09T21:00:00+01:00,1,01:00:00,1,24:00:00,100.0,2400.0,2016-03-08T20:00:00Z,2016-03-08T21:00:00+01:00,2016-03-09T20:00:00Z,2016-03-09T21:00:00+01:00
20.5083333333333,,,False,1,pm10,µg/m³,,raw,01:00:00,2016-03-09T20:00:00Z,2016-03-09T21:00:00+01:00,2016-03-09T21:00:00Z,2016-03-09T22:00:00+01:00,1,01:00:00,1,24:00:00,100.0,2400.0,2016-03-08T21:00:00Z,2016-03-08T22:00:00+01:00,2016-03-09T21:00:00Z,2016-03-09T22:00:00+01:00
20.8260869565217,,,False,1,pm10,µg/m³,,raw,01:00:00,2016-03-09T21:00:00Z,2016-03-09T22:00:00+01:00,2016-03-09T22:00:00Z,2016-03-09T23:00:00+01:00,1,01:00:00,1,24:00:00,100.0,2400.0,2016-03-08T22:00:00Z,2016-03-08T23:00:00+01:00,2016-03-09T22:00:00Z,2016-03-09T23:00:00+01:00
20.5916666666667,,,False,1,pm10,µg/m³,,raw,01:00:00,2016-03-09T22:00:00Z,2016-03-09T23:00:00+01:00,2016-03-09T23:00:00Z,2016-03-10T00:00:00+01:00,1,01:00:00,1,24:00:00,100.0,2400.0,2016-03-08T23:00:00Z,2016-03-09T00:00:00+01:00,2016-03-09T23:00:00Z,2016-03-10T00:00:00+01:00
20.2125,,,False,1,pm10,µg/m³,,raw,01:00:00,2016-03-09T23:00:00Z,2016-03-10T00:00:00+01:00,2016-03-10T00:00:00Z,2016-03-10T01:00:00+01:00,1,01:00:00,1,24:00:00,100.0,2400.0,2016-03-09T00:00:00Z,2016-03-09T01:00:00+01:00,2016-03-10T00:00:00Z,2016-03-10T01:00:00+01:00
20.3541666666667,,,False,1,pm10,µg/m³,,raw,01:00:00,2016-03-10T00:00:00Z,2016-03-10T01:00:00+01:00,2016-03-10T01:00:00Z,2016-03-10T02:00:00+01:00,1,01:00:00,1,24:00:00,100.0,2400.0,2016-03-09T01:00:00Z,2016-03-09T02:00:00+01:00,2016-03-10T01:00:00Z,2016-03-10T02:00:00+01:00
20.4458333333333,,,False,1,pm10,µg/m³,,raw,01:00:00,2016-03-10T01:00:00Z,2016-03-10T02:00:00+01:00,2016-03-10T02:00:00Z,2016-03-10T03:00:00+01:00,1,01:00:00,1,24:00:00,100.0,2400.0,2016-03-09T02:00:00Z,2016-03-09T03:00:00+01:00,2016-03-10T02:00:00Z,2016-03-10T03:00:00+01:00
20.7166666666667,,,False,1,pm10,µg/m³,,raw,01:00:00,2016-03-10T02:00:00Z,2016-03-10T03:00:00+01:00,2016-03-10T03:00:00Z,2016-03-10T04:00:00+01:00,1,01:00:00,1,24:00:00,100.0,2400.0,2016-03-09T03:00:00Z,2016-03-09T04:00:00+01:00,2016-03-10T03:00:00Z,2016-03-10T04:00:00+01:00
21.0916666666667,,,False,1,pm10,µg/m³,,raw,01:00:00,2016-03-10T03:00:00Z,2016-03-10T04:00:00+01:00,2016-03-10T04:00:00Z,2016-03-10T05:00:00+01:00,1,01:00:00,1,24:00:00,100.0,2400.0,2016-03-09T04:00:00Z,2016-03-09T05:00:00+01:00,2016-03-10T04:00:00Z,2016-03-10T05:00:00+01:00
21.4458333333333,,,False,1,pm10,µg/m³,,raw,01:00:00,2016-03-10T04:00:00Z,2016-03-10T05:00:00+01:00,2016-03-10T05:00:00Z,2016-03-10T06:00:00+01:00,1,01:00:00,1,24:00:00,100.0,2400.0,2016-03-09T05:00:00Z,2016-03-09T06:00:00+01:00,2016-03-10T05:00:00Z,2016-03-10T06:00:00+01:00
22.1708333333333,,,False,1,pm10,µg/m³,,raw,01:00:00,2016-03-10T05:00:00Z,2016-03-10T06:00:00+01:00,2016-03-10T06:00:00Z,2016-03-10T07:00:00+01:00,1,01:00:00,1,24:00:00,100.0,2400.0,2016-03-09T06:00:00Z,2016-03-09T07:00:00+01:00,2016-03-10T06:00:00Z,2016-03-10T07:00:00+01:00
22.2130434782609,,,False,1,pm10,µg/m³,,raw,01:00:00,2016-03-10T06:00:00Z,2016-03-10T07:00:00+01:00,2016-03-10T07:00:00Z,2016-03-10T08:00:00+01:00,1,01:00:00,1,24:00:00,100.0,2400.0,2016-03-09T07:00:00Z,2016-03-09T08:00:00+01:00,2016-03-10T07:00:00Z,2016-03-10T08:00:00+01:00
23.95,,,False,1,pm10,µg/m³,,raw,01:00:00,2016-03-10T07:00:00Z,2016-03-10T08:00:00+01:00,2016-03-10T08:00:00Z,2016-03-10T09:00:00+01:00,1,01:00:00,1,24:00:00,100.0,2400.0,2016-03-09T08:00:00Z,2016-03-09T09:00:00+01:00,2016-03-10T08:00:00Z,2016-03-10T09:00:00+01:00
24.9958333333333,,,False,1,pm10,µg/m³,,raw,01:00:00,2016-03-10T08:00:00Z,2016-03-10T09:00:00+01:00,2016-03-10T09:00:00Z,2016-03-10T10:00:00+01:00,1,01:00:00,1,24:00:00,100.0,2400.0,2016-03-09T09:00:00Z,2016-03-09T10:00:00+01:00,2016-03-10T09:00:00Z,2016-03-10T10:00:00+01:00
26.1333333333333,,,False,1,pm10,µg/m³,,raw,01:00:00,2016-03-10T09:00:00Z,2016-03-10T10:00:00+01:00,2016-03-10T10:00:00Z,2016-03-10T11:00:00+01:00,1,01:00:00,1,24:00:00,100.0,2400.0,2016-03-09T10:00:00Z,2016-03-09T11:00:00+01:00,2016-03-10T10:00:00Z,2016-03-10T11:00:00+01:00
27.4833333333333,,,False,1,pm10,µg/m³,,raw,01:00:00,2016-03-10T10:00:00Z,2016-03-10T11:00:00+01:00,2016-03-10T11:00:00Z,2016-03-10T12:00:00+01:00,1,01:00:00,1,24:00:00,100.0,2400.0,2016-03-09T11:00:00Z,2016-03-09T12:00:00+01:00,2016-03-10T11:00:00Z,2016-03-10T12:00:00+01:00
28.8708333333333,,,False,1,pm10,µg/m³,,raw,01:00:00,2016-03-10T11:00:00Z,2016-03-10T12:00:00+01:00,2016-03-10T12:00:00Z,2016-03-10T13:00:00+01:00,1,01:00:00,1,24:00:00,100.0,2400.0,2016-03-09T12:00:00Z,2016-03-09T13:00:00+01:00,2016-03-10T12:00:00Z,2016-03-10T13:00:00+01:00
30.3208333333333,,,False,1,pm10,µg/m³,,raw,01:00:00,2016-03-10T12:00:00Z,2016-03-10T13:00:00+01:00,2016-03-10T13:00:00Z,2016-03-10T14:00:00+01:00,1,01:00:00,1,24:00:00,100.0,2400.0,2016-03-09T13:00:00Z,2016-03-09T14:00:00+01:00,2016-03-10T13:00:00Z,2016-03-10T14:00:00+01:00
31.375,,,False,1,pm10,µg/m³,,raw,01:00:00,2016-03-10T13:00:00Z,2016-03-10T14:00:00+01:00,2016-03-10T14:00:00Z,2016-03-10T15:00:00+01:00,1,01:00:00,1,24:00:00,100.0,2400.0,2016-03-09T14:00:00Z,2016-03-09T15:00:00+01:00,2016-03-10T14:00:00Z,2016-03-10T15:00:00+01:00
32.4125,,,False,1,pm10,µg/m³,,raw,01:00:00,2016-03-10T14:00:00Z,2016-03-10T15:00:00+01:00,2016-03-10T15:00:00Z,2016-03-10T16:00:00+01:00,1,01:00:00,1,24:00:00,100.0,2400.0,2016-03-09T15:00:00Z,2016-03-09T16:00:00+01:00,2016-03-10T15:00:00Z,2016-03-10T16:00:00+01:00
33.1666666666667,,,False,1,pm10,µg/m³,,raw,01:00:00,2016-03-10T15:00:00Z,2016-03-10T16:00:00+01:00,2016-03-10T16:00:00Z,2016-03-10T17:00:00+01:00,1,01:00:00,1,24:00:00,100.0,2400.0,2016-03-09T16:00:00Z,2016-03-09T17:00:00+01:00,2016-03-10T16:00:00Z,2016-03-10T17:00:00+01:00
33.7333333333333,,,False,1,pm10,µg/m³,,raw,01:00:00,2016-03-10T16:00:00Z,2016-03-10T17:00:00+01:00,2016-03-10T17:00:00Z,2016-03-10T18:00:00+01:00,1,01:00:00,1,24:00:00,100.0,2400.0,2016-03-09T17:00:00Z,2016-03-09T18:00:00+01:00,2016-03-10T17:00:00Z,2016-03-10T18:00:00+01:00
34.5041666666667,,,False,1,pm10,µg/m³,,raw,01:00:00,2016-03-10T17:00:00Z,2016-03-10T18:00:00+01:00,2016-03-10T18:00:00Z,2016-03-10T19:00:00+01:00,1,01:00:00,1,24:00:00,100.0,2400.0,2016-03-09T18:00:00Z,2016-03-09T19:00:00+01:00,2016-03-10T18:00:00Z,2016-03-10T19:00:00+01:00
35.25,,,False,1,pm10,µg/m³,,raw,01:00:00,2016-03-10T18:00:00Z,2016-03-10T19:00:00+01:00,2016-03-10T19:00:00Z,2016-03-10T20:00:00+01:00,1,01:00:00,1,24:00:00,100.0,2400.0,2016-03-09T19:00:00Z,2016-03-09T20:00:00+01:00,2016-03-10T19:00:00Z,2016-03-10T20:00:00+01:00
35.6791666666667,,,False,1,pm10,µg/m³,,raw,01:00:00,2016-03-10T19:00:00Z,2016-03-10T20:00:00+01:00,2016-03-10T20:00:00Z,2016-03-10T21:00:00+01:00,1,01:00:00,1,24:00:00,100.0,2400.0,2016-03-09T20:00:00Z,2016-03-09T21:00:00+01:00,2016-03-10T20:00:00Z,2016-03-10T21:00:00+01:00
36.2375,,,False,1,pm10,µg/m³,,raw,01:00:00,2016-03-10T20:00:00Z,2016-03-10T21:00:00+01:00,2016-03-10T21:00:00Z,2016-03-10T22:00:00+01:00,1,01:00:00,1,24:00:00,100.0,2400.0,2016-03-09T21:00:00Z,2016-03-09T22:00:00+01:00,2016-03-10T21:00:00Z,2016-03-10T22:00:00+01:00
36.8434782608696,,,False,1,pm10,µg/m³,,raw,01:00:00,2016-03-10T21:00:00Z,2016-03-10T22:00:00+01:00,2016-03-10T22:00:00Z,2016-03-10T23:00:00+01:00,1,01:00:00,1,24:00:00,100.0,2400.0,2016-03-09T22:00:00Z,2016-03-09T23:00:00+01:00,2016-03-10T22:00:00Z,2016-03-10T23:00:00+01:00
38.4,,,False,1,pm10,µg/m³,,raw,01:00:00,2016-03-10T22:00:00Z,2016-03-10T23:00:00+01:00,2016-03-10T23:00:00Z,2016-03-11T00:00:00+01:00,1,01:00:00,1,24:00:00,100.0,2400.0,2016-03-09T23:00:00Z,2016-03-10T00:00:00+01:00,2016-03-10T23:00:00Z,2016-03-11T00:00:00+01:00
39.8625,,,False,1,pm10,µg/m³,,raw,01:00:00,2016-03-10T23:00:00Z,2016-03-11T00:00:00+01:00,2016-03-11T00:00:00Z,2016-03-11T01:00:00+01:00,1,01:00:00,1,24:00:00,100.0,2400.0,2016-03-10T00:00:00Z,2016-03-10T01:00:00+01:00,2016-03-11T00:00:00Z,2016-03-11T01:00:00+01:00
41.0375,,,False,1,pm10,µg/m³,,raw,01:00:00,2016-03-11T00:00:00Z,2016-03-11T01:00:00+01:00,2016-03-11T01:00:00Z,2016-03-11T02:00:00+01:00,1,01:00:00,1,24:00:00,100.0,2400.0,2016-03-10T01:00:00Z,2016-03-10T02:00:00+01:00,2016-03-11T01:00:00Z,2016-03-11T02:00:00+01:00
42.2833333333333,,,False,1,pm10,µg/m³,,raw,01:00:00,2016-03-11T01:00:00Z,2016-03-11T02:00:00+01:00,2016-03-11T02:00:00Z,2016-03-11T03:00:00+01:00,1,01:00:00,1,24:00:00,100.0,2400.0,2016-03-10T02:00:00Z,2016-03-10T03:00:00+01:00,2016-03-11T02:00:00Z,2016-03-11T03:00:00+01:00
43.75,,,False,1,pm10,µg/m³,,raw,01:00:00,2016-03-11T02:00:00Z,2016-03-11T03:00:00+01:00,2016-03-11T03:00:00Z,2016-03-11T04:00:00+01:00,1,01:00:00,1,24:00:00,100.0,2400.0,2016-03-10T03:00:00Z,2016-03-10T04:00:00+01:00,2016-03-11T03:00:00Z,2016-03-11T04:00:00+01:00
44.875,,,False,1,pm10,µg/m³,,raw,01:00:00,2016-03-11T03:00:00Z,2016-03-11T04:00:00+01:00,2016-03-11T04:00:00Z,2016-03-11T05:00:00+01:00,1,01:00:00,1,24:00:00,100.0,2400.0,2016-03-10T04:00:00Z,2016-03-10T05:00:00+01:00,2016-03-11T04:00:00Z,2016-03-11T05:00:00+01:00
46.0958333333333,,,False,1,pm10,µg/m³,,raw,01:00:00,2016-03-11T04:00:00Z,2016-03-11T05:00:00+01:00,2016-03-11T05:00:00Z,2016-03-11T06:00:00+01:00,1,01:00:00,1,24:00:00,100.0,2400.0,2016-03-10T05:00:00Z,2016-03-10T06:00:00+01:00,2016-03-11T05:00:00Z,2016-03-11T06:00:00+01:00
47.1666666666667,,,False,1,pm10,µg/m³,,raw,01:00:00,2016-03-11T05:00:00Z,2016-03-11T06:00:00+01:00,2016-03-11T06:00:00Z,2016-03-11T07:00:00+01:00,1,01:00:00,1,24:00:00,100.0,2400.0,2016-03-10T06:00:00Z,2016-03-10T07:00:00+01:00,2016-03-11T06:00:00Z,2016-03-11T07:00:00+01:00
48.0541666666667,,,False,1,pm10,µg/m³,,raw,01:00:00,2016-03-11T06:00:00Z,2016-03-11T07:00:00+01:00,2016-03-11T07:00:00Z,2016-03-11T08:00:00+01:00,1,01:00:00,1,24:00:00,100.0,2400.0,2016-03-10T07:00:00Z,2016-03-10T08:00:00+01:00,2016-03-11T07:00:00Z,2016-03-11T08:00:00+01:00
48.8041666666667,,,False,1,pm10,µg/m³,,raw,01:00:00,2016-03-11T07:00:00Z,2016-03-11T08:00:00+01:00,2016-03-11T08:00:00Z,2016-03-11T09:00:00+01:00,1,01:00:00,1,24:00:00,100.0,2400.0,2016-03-10T08:00:00Z,2016-03-10T09:00:00+01:00,2016-03-11T08:00:00Z,2016-03-11T09:00:00+01:00
48.5791666666667,,,False,1,pm10,µg/m³,,raw,01:00:00,2016-03-11T08:00:00Z,2016-03-11T09:00:00+01:00,2016-03-11T09:00:00Z,2016-03-11T10:00:00+01:00,1,01:00:00,1,24:00:00,100.0,2400.0,2016-03-10T09:00:00Z,2016-03-10T10:00:00+01:00,2016-03-11T09:00:00Z,2016-03-11T10:00:00+01:00
48.2875,,,False,1,pm10,µg/m³,,raw,01:00:00,2016-03-11T09:00:00Z,2016-03-11T10:00:00+01:00,2016-03-11T10:00:00Z,2016-03-11T11:00:00+01:00,1,01:00:00,1,24:00:00,100.0,2400.0,2016-03-10T10:00:00Z,2016-03-10T11:00:00+01:00,2016-03-11T10:00:00Z,2016-03-11T11:00:00+01:00
47.5333333333333,,,False,1,pm10,µg/m³,,raw,01:00:00,2016-03-11T10:00:00Z,2016-03-11T11:00:00+01:00,2016-03-11T11:00:00Z,2016-03-11T12:00:00+01:00,1,01:00:00,1,24:00:00,100.0,2400.0,2016-03-10T11:00:00Z,2016-03-10T12:00:00+01:00,2016-03-11T11:00:00Z,2016-03-11T12:00:00+01:00
47.3521739130435,,,False,1,pm10,µg/m³,,raw,01:00:00,2016-03-11T11:00:00Z,2016-03-11T12:00:00+01:00,2016-03-11T12:00:00Z,2016-03-11T13:00:00+01:00,1,01:00:00,1,24:00:00,100.0,2400.0,2016-03-10T12:00:00Z,2016-03-10T13:00:00+01:00,2016-03-11T12:00:00Z,2016-03-11T13:00:00+01:00
47.1181818181818,,,False,1,pm10,µg/m³,,raw,01:00:00,2016-03-11T12:00:00Z,2016-03-11T13:00:00+01:00,2016-03-11T13:00:00Z,2016-03-11T14:00:00+01:00,1,01:00:00,1,24:00:00,100.0,2400.0,2016-03-10T13:00:00Z,2016-03-10T14:00:00+01:00,2016-03-11T13:00:00Z,2016-03-11T14:00:00+01:00
46.7583333333333,,,False,1,pm10,µg/m³,,raw,01:00:00,2016-03-11T13:00:00Z,2016-03-11T14:00:00+01:00,2016-03-11T14:00:00Z,2016-03-11T15:00:00+01:00,1,01:00:00,1,24:00:00,100.0,2400.0,2016-03-10T14:00:00Z,2016-03-10T15:00:00+01:00,2016-03-11T14:00:00Z,2016-03-11T15:00:00+01:00
46.6833333333333,,,False,1,pm10,µg/m³,,raw,01:00:00,2016-03-11T14:00:00Z,2016-03-11T15:00:00+01:00,2016-03-11T15:00:00Z,2016-03-11T16:00:00+01:00,1,01:00:00,1,24:00:00,100.0,2400.0,2016-03-10T15:00:00Z,2016-03-10T16:00:00+01:00,2016-03-11T15:00:00Z,2016-03-11T16:00:00+01:00
46.6541666666667,,,False,1,pm10,µg/m³,,raw,01:00:00,2016-03-11T15:00:00Z,2016-03-11T16:00:00+01:00,2016-03-11T16:00:00Z,2016-03-11T17:00:00+01:00,1,01:00:00,1,24:00:00,100.0,2400.0,2016-03-10T16:00:00Z,2016-03-10T17:00:00+01:00,2016-03-11T16:00:00Z,2016-03-11T17:00:00+01:00
46.6625,,,False,1,pm10,µg/m³,,raw,01:00:00,2016-03-11T16:00:00Z,2016-03-11T17:00:00+01:00,2016-03-11T17:00:00Z,2016-03-11T18:00:00+01:00,1,01:00:00,1,24:00:00,100.0,2400.0,2016-03-10T17:00:00Z,2016-03-10T18:00:00+01:00,2016-03-11T17:00:00Z,2016-03-11T18:00:00+01:00
46.7708333333333,,,False,1,pm10,µg/m³,,raw,01:00:00,2016-03-11T17:00:00Z,2016-03-11T18:00:00+01:00,2016-03-11T18:00:00Z,2016-03-11T19:00:00+01:00,1,01:00:00,1,24:00:00,100.0,2400.0,2016-03-10T18:00:00Z,2016-03-10T19:00:00+01:00,2016-03-11T18:00:00Z,2016-03-11T19:00:00+01:00
46.6083333333333,,,False,1,pm10,µg/m³,,raw,01:00:00,2016-03-11T18:00:00Z,2016-03-11T19:00:00+01:00,2016-03-11T19:00:00Z,2016-03-11T20:00:00+01:00,1,01:00:00,1,24:00:00,100.0,2400.0,2016-03-10T19:00:00Z,2016-03-10T20:00:00+01:00,2016-03-11T19:00:00Z,2016-03-11T20:00:00+01:00
46.6125,,,False,1,pm10,µg/m³,,raw,01:00:00,2016-03-11T19:00:00Z,2016-03-11T20:00:00+01:00,2016-03-11T20:00:00Z,2016-03-11T21:00:00+01:00,1,01:00:00,1,24:00:00,100.0,2400.0,2016-03-10T20:00:00Z,2016-03-10T21:00:00+01:00,2016-03-11T20:00:00Z,2016-03-11T21:00:00+01:00
46.6791666666667,,,False,1,pm10,µg/m³,,raw,01:00:00,2016-03-11T20:00:00Z,2016-03-11T21:00:00+01:00,2016-03-11T21:00:00Z,2016-03-11T22:00:00+01:00,1,01:00:00,1,24:00:00,100.0,2400.0,2016-03-10T21:00:00Z,2016-03-10T22:00:00+01:00,2016-03-11T21:00:00Z,2016-03-11T22:00:00+01:00
46.7695652173913,,,False,1,pm10,µg/m³,,raw,01:00:00,2016-03-11T21:00:00Z,2016-03-11T22:00:00+01:00,2016-03-11T22:00:00Z,2016-03-11T23:00:00+01:00,1,01:00:00,1,24:00:00,100.0,2400.0,2016-03-10T22:00:00Z,2016-03-10T23:00:00+01:00,2016-03-11T22:00:00Z,2016-03-11T23:00:00+01:00
46.7291666666667,,,False,1,pm10,µg/m³,,raw,01:00:00,2016-03-11T22:00:00Z,2016-03-11T23:00:00+01:00,2016-03-11T23:00:00Z,2016-03-12T00:00:00+01:00,1,01:00:00,1,24:00:00,100.0,2400.0,2016-03-10T23:00:00Z,2016-03-11T00:00:00+01:00,2016-03-11T23:00:00Z,2016-03-12T00:00:00+01:00
46.5583333333333,,,False,1,pm10,µg/m³,,raw,01:00:00,2016-03-11T23:00:00Z,2016-03-12T00:00:00+01:00,2016-03-12T00:00:00Z,2016-03-12T01:00:00+01:00,1,01:00:00,1,24:00:00,100.0,2400.0,2016-03-11T00:00:00Z,2016-03-11T01:00:00+01:00,2016-03-12T00:00:00Z,2016-03-12T01:00:00+01:00
46.2791666666667,,,False,1,pm10,µg/m³,,raw,01:00:00,2016-03-12T00:00:00Z,2016-03-12T01:00:00+01:00,2016-03-12T01:00:00Z,2016-03-12T02:00:00+01:00,1,01:00:00,1,24:00:00,100.0,2400.0,2016-03-11T01:00:00Z,2016-03-11T02:00:00+01:00,2016-03-12T01:00:00Z,2016-03-12T02:00:00+01:00
45.7125,,,False,1,pm10,µg/m³,,raw,01:00:00,2016-03-12T01:00:00Z,2016-03-12T02:00:00+01:00,2016-03-12T02:00:00Z,2016-03-12T03:00:00+01:00,1,01:00:00,1,24:00:00,100.0,2400.0,2016-03-11T02:00:00Z,2016-03-11T03:00:00+01:00,2016-03-12T02:00:00Z,2016-03-12T03:00:00+01:00
44.8833333333333,,,False,1,pm10,µg/m³,,raw,01:00:00,2016-03-12T02:00:00Z,2016-03-12T03:00:00+01:00,2016-03-12T03:00:00Z,2016-03-12T04:00:00+01:00,1,01:00:00,1,24:00:00,100.0,2400.0,2016-03-11T03:00:00Z,2016-03-11T04:00:00+01:00,2016-03-12T03:00:00Z,2016-03-12T04:00:00+01:00
44.4130434782609,,,False,1,pm10,µg/m³,,raw,01:00:00,2016-03-12T03:00:00Z,2016-03-12T04:00:00+01:00,2016-03-12T04:00:00Z,2016-03-12T05:00:00+01:00,1,01:00:00,1,24:00:00,100.0,2400.0,2016-03-11T04:00:00Z,2016-03-11T05:00:00+01:00,2016-03-12T04:00:00Z,2016-03-12T05:00:00+01:00
43.2958333333333,,,False,1,pm10,µg/m³,,raw,01:00:00,2016-03-12T04:00:00Z,2016-03-12T05:00:00+01:00,2016-03-12T05:00:00Z,2016-03-12T06:00:00+01:00,1,01:00:00,1,24:00:00,100.0,2400.0,2016-03-11T05:00:00Z,2016-03-11T06:00:00+01:00,2016-03-12T05:00:00Z,2016-03-12T06:00:00+01:00
42.2791666666667,,,False,1,pm10,µg/m³,,raw,01:00:00,2016-03-12T05:00:00Z,2016-03-12T06:00:00+01:00,2016-03-12T06:00:00Z,2016-03-12T07:00:00+01:00,1,01:00:00,1,24:00:00,100.0,2400.0,2016-03-11T06:00:00Z,2016-03-11T07:00:00+01:00,2016-03-12T06:00:00Z,2016-03-12T07:00:00+01:00
41.0458333333333,,,False,1,pm10,µg/m³,,raw,01:00:00,2016-03-12T06:00:00Z,2016-03-12T07:00:00+01:00,2016-03-12T07:00:00Z,2016-03-12T08:00:00+01:00,1,01:00:00,1,24:00:00,100.0,2400.0,2016-03-11T07:00:00Z,2016-03-11T08:00:00+01:00,2016-03-12T07:00:00Z,2016-03-12T08:00:00+01:00
39.7083333333333,,,False,1,pm10,µg/m³,,raw,01:00:00,2016-03-12T07:00:00Z,2016-03-12T08:00:00+01:00,2016-03-12T08:00:00Z,2016-03-12T09:00:00+01:00,1,01:00:00,1,24:00:00,100.0,2400.0,2016-03-11T08:00:00Z,2016-03-11T09:00:00+01:00,2016-03-12T08:00:00Z,2016-03-12T09:00:00+01:00
38.9708333333333,,,False,1,pm10,µg/m³,,raw,01:00:00,2016-03-12T08:00:00Z,2016-03-12T09:00:00+01:00,2016-03-12T09:00:00Z,2016-03-12T10:00:00+01:00,1,01:00:00,1,24:00:00,100.0,2400.0,2016-03-11T09:00:00Z,2016-03-11T10:00:00+01:00,2016-03-12T09:00:00Z,2016-03-12T10:00:00+01:00
38.5958333333333,,,False,1,pm10,µg/m³,,raw,01:00:00,2016-03-12T09:00:00Z,2016-03-12T10:00:00+01:00,2016-03-12T10:00:00Z,2016-03-12T11:00:00+01:00,1,01:00:00,1,24:00:00,100.0,2400.0,2016-03-11T10:00:00Z,2016-03-11T11:00:00+01:00,2016-03-12T10:00:00Z,2016-03-12T11:00:00+01:00
38.5208333333333,,,False,1,pm10,µg/m³,,raw,01:00:00,2016-03-12T10:00:00Z,2016-03-12T11:00:00+01:00,2016-03-12T11:00:00Z,2016-03-12T12:00:00+01:00,1,01:00:00,1,24:00:00,100.0,2400.0,2016-03-11T11:00:00Z,2016-03-11T12:00:00+01:00,2016-03-12T11:00:00Z,2016-03-12T12:00:00+01:00
38.4,,,False,1,pm10,µg/m³,,raw,01:00:00,2016-03-12T11:00:00Z,2016-03-12T12:00:00+01:00,2016-03-12T12:00:00Z,2016-03-12T13:00:00+01:00,1,01:00:00,1,24:00:00,100.0,2400.0,2016-03-11T12:00:00Z,2016-03-11T13:00:00+01:00,2016-03-12T12:00:00Z,2016-03-12T13:00:00+01:00
38.0708333333333,,,False,1,pm10,µg/m³,,raw,01:00:00,2016-03-12T12:00:00Z,2016-03-12T13:00:00+01:00,2016-03-12T13:00:00Z,2016-03-12T14:00:00+01:00,1,01:00:00,1,24:00:00,100.0,2400.0,2016-03-11T13:00:00Z,2016-03-11T14:00:00+01:00,2016-03-12T13:00:00Z,2016-03-12T14:00:00+01:00
37.6791666666667,,,False,1,pm10,µg/m³,,raw,01:00:00,2016-03-12T13:00:00Z,2016-03-12T14:00:00+01:00,2016-03-12T14:00:00Z,2016-03-12T15:00:00+01:00,1,01:00:00,1,24:00:00,100.0,2400.0,2016-03-11T14:00:00Z,2016-03-11T15:00:00+01:00,2016-03-12T14:00:00Z,2016-03-12T15:00:00+01:00
37.0958333333333,,,False,1,pm10,µg/m³,,raw,01:00:00,2016-03-12T14:00:00Z,2016-03-12T15:00:00+01:00,2016-03-12T15:00:00Z,2016-03-12T16:00:00+01:00,1,01:00:00,1,24:00:00,100.0,2400.0,2016-03-11T15:00:00Z,2016-03-11T16:00:00+01:00,2016-03-12T15:00:00Z,2016-03-12T16:00:00+01:00
36.2625,,,False,1,pm10,µg/m³,,raw,01:00:00,2016-03-12T15:00:00Z,2016-03-12T16:00:00+01:00,2016-03-12T16:00:00Z,2016-03-12T17:00:00+01:00,1,01:00:00,1,24:00:00,100.0,2400.0,2016-03-11T16:00:00Z,2016-03-11T17:00:00+01:00,2016-03-12T16:00:00Z,2016-03-12T17:00:00+01:00
35.5791666666667,,,False,1,pm10,µg/m³,,raw,01:00:00,2016-03-12T16:00:00Z,2016-03-12T17:00:00+01:00,2016-03-12T17:00:00Z,2016-03-12T18:00:00+01:00,1,01:00:00,1,24:00:00,100.0,2400.0,2016-03-11T17:00:00Z,2016-03-11T18:00:00+01:00,2016-03-12T17:00:00Z,2016-03-12T18:00:00+01:00
34.8833333333333,,,False,1,pm10,µg/m³,,raw,01:00:00,2016-03-12T17:00:00Z,2016-03-12T18:00:00+01:00,2016-03-12T18:00:00Z,2016-03-12T19:00:00+01:00,1,01:00:00,1,24:00:00,100.0,2400.0,2016-03-11T18:00:00Z,2016-03-11T19:00:00+01:00,2016-03-12T18:00:00Z,2016-03-12T19:00:00+01:00
34.8565217391304,,,False,1,pm10,µg/m³,,raw,01:00:00,2016-03-12T18:00:00Z,2016-03-12T19:00:00+01:00,2016-03-12T19:00:00Z,2016-03-12T20:00:00+01:00,1,01:00:00,1,24:00:00,100.0,2400.0,2016-03-11T19:00:00Z,2016-03-11T20:00:00+01:00,2016-03-12T19:00:00Z,2016-03-12T20:00:00+01:00
33.7541666666667,,,False,1,pm10,µg/m³,,raw,01:00:00,2016-03-12T19:00:00Z,2016-03-12T20:00:00+01:00,2016-03-12T20:00:00Z,2016-03-12T21:00:00+01:00,1,01:00:00,1,24:00:00,100.0,2400.0,2016-03-11T20:00:00Z,2016-03-11T21:00:00+01:00,2016-03-12T20:00:00Z,2016-03-12T21:00:00+01:00
33.1333333333333,,,False,1,pm10,µg/m³,,raw,01:00:00,2016-03-12T20:00:00Z,2016-03-12T21:00:00+01:00,2016-03-12T21:00:00Z,2016-03-12T22:00:00+01:00,1,01:00:00,1,24:00:00,100.0,2400.0,2016-03-11T21:00:00Z,2016-03-11T22:00:00+01:00,2016-03-12T21:00:00Z,2016-03-12T22:00:00+01:00
32.5695652173913,,,False,1,pm10,µg/m³,,raw,01:00:00,2016-03-12T21:00:00Z,2016-03-12T22:00:00+01:00,2016-03-12T22:00:00Z,2016-03-12T23:00:00+01:00,1,01:00:00,1,24:00:00,100.0,2400.0,2016-03-11T22:00:00Z,2016-03-11T23:00:00+01:00,2016-03-12T22:00:00Z,2016-03-12T23:00:00+01:00
31.4708333333333,,,False,1,pm10,µg/m³,,raw,01:00:00,2016-03-12T22:00:00Z,2016-03-12T23:00:00+01:00,2016-03-12T23:00:00Z,2016-03-13T00:00:00+01:00,1,01:00:00,1,24:00:00,100.0,2400.0,2016-03-11T23:00:00Z,2016-03-12T00:00:00+01:00,2016-03-12T23:00:00Z,2016-03-13T00:00:00+01:00
30.5958333333333,,,False,1,pm10,µg/m³,,raw,01:00:00,2016-03-12T23:00:00Z,2016-03-13T00:00:00+01:00,2016-03-13T00:00:00Z,2016-03-13T01:00:00+01:00,1,01:00:00,1,24:00:00,100.0,2400.0,2016-03-12T00:00:00Z,2016-03-12T01:00:00+01:00,2016-03-13T00:00:00Z,2016-03-13T01:00:00+01:00
29.825,,,False,1,pm10,µg/m³,,raw,01:00:00,2016-03-13T00:00:00Z,2016-03-13T01:00:00+01:00,2016-03-13T01:00:00Z,2016-03-13T02:00:00+01:00,1,01:00:00,1,24:00:00,100.0,2400.0,2016-03-12T01:00:00Z,2016-03-12T02:00:00+01:00,2016-03-13T01:00:00Z,2016-03-13T02:00:00+01:00
28.875,,,False,1,pm10,µg/m³,,raw,01:00:00,2016-03-13T01:00:00Z,2016-03-13T02:00:00+01:00,2016-03-13T02:00:00Z,2016-03-13T03:00:00+01:00,1,01:00:00,1,24:00:00,100.0,2400.0,2016-03-12T02:00:00Z,2016-03-12T03:00:00+01:00,2016-03-13T02:00:00Z,2016-03-13T03:00:00+01:00
28.2625,,,False,1,pm10,µg/m³,,raw,01:00:00,2016-03-13T02:00:00Z,2016-03-13T03:00:00+01:00,2016-03-13T03:00:00Z,2016-03-13T04:00:00+01:00,1,01:00:00,1,24:00:00,100.0,2400.0,2016-03-12T03:00:00Z,2016-03-12T04:00:00+01:00,2016-03-13T03:00:00Z,2016-03-13T04:00:00+01:00
27.5625,,,False,1,pm10,µg/m³,,raw,01:00:00,2016-03-13T03:00:00Z,2016-03-13T04:00:00+01:00,2016-03-13T04:00:00Z,2016-03-13T05:00:00+01:00,1,01:00:00,1,24:00:00,100.0,2400.0,2016-03-12T04:00:00Z,2016-03-12T05:00:00+01:00,2016-03-13T04:00:00Z,2016-03-13T05:00:00+01:00
26.775,,,False,1,pm10,µg/m³,,raw,01:00:00,2016-03-13T04:00:00Z,2016-03-13T05:00:00+01:00,2016-03-13T05:00:00Z,2016-03-13T06:00:00+01:00,1,01:00:00,1,24:00:00,100.0,2400.0,2016-03-12T05:00:00Z,2016-03-12T06:00:00+01:00,2016-03-13T05:00:00Z,2016-03-13T06:00:00+01:00
26.375,,,False,1,pm10,µg/m³,,raw,01:00:00,2016-03-13T05:00:00Z,2016-03-13T06:00:00+01:00,2016-03-13T06:00:00Z,2016-03-13T07:00:00+01:00,1,01:00:00,1,24:00:00,100.0,2400.0,2016-03-12T06:00:00Z,2016-03-12T07:00:00+01:00,2016-03-13T06:00:00Z,2016-03-13T07:00:00+01:00
25.9708333333333,,,False,1,pm10,µg/m³,,raw,01:00:00,2016-03-13T06:00:00Z,2016-03-13T07:00:00+01:00,2016-03-13T07:00:00Z,2016-03-13T08:00:00+01:00,1,01:00:00,1,24:00:00,100.0,2400.0,2016-03-12T07:00:00Z,2016-03-12T08:00:00+01:00,2016-03-13T07:00:00Z,2016-03-13T08:00:00+01:00
25.75,,,False,1,pm10,µg/m³,,raw,01:00:00,2016-03-13T07:00:00Z,2016-03-13T08:00:00+01:00,2016-03-13T08:00:00Z,2016-03-13T09:00:00+01:00,1,01:00:00,1,24:00:00,100.0,2400.0,2016-03-12T08:00:00Z,2016-03-12T09:00:00+01:00,2016-03-13T08:00:00Z,2016-03-13T09:00:00+01:00
25.525,,,False,1,pm10,µg/m³,,raw,01:00:00,2016-03-13T08:00:00Z,2016-03-13T09:00:00+01:00,2016-03-13T09:00:00Z,2016-03-13T10:00:00+01:00,1,01:00:00,1,24:00:00,100.0,2400.0,2016-03-12T09:00:00Z,2016-03-12T10:00:00+01:00,2016-03-13T09:00:00Z,2016-03-13T10:00:00+01:00
25.3521739130435,,,False,1,pm10,µg/m³,,raw,01:00:00,2016-03-13T09:00:00Z,2016-03-13T10:00:00+01:00,2016-03-13T10:00:00Z,2016-03-13T11:00:00+01:00,1,01:00:00,1,24:00:00,100.0,2400.0,2016-03-12T10:00:00Z,2016-03-12T11:00:00+01:00,2016-03-13T10:00:00Z,2016-03-13T11:00:00+01:00
24.6875,,,False,1,pm10,µg/m³,,raw,01:00:00,2016-03-13T10:00:00Z,2016-03-13T11:00:00+01:00,2016-03-13T11:00:00Z,2016-03-13T12:00:00+01:00,1,01:00:00,1,24:00:00,100.0,2400.0,2016-03-12T11:00:00Z,2016-03-12T12:00:00+01:00,2016-03-13T11:00:00Z,2016-03-13T12:00:00+01:00
24.0625,,,False,1,pm10,µg/m³,,raw,01:00:00,2016-03-13T11:00:00Z,2016-03-13T12:00:00+01:00,2016-03-13T12:00:00Z,2016-03-13T13:00:00+01:00,1,01:00:00,1,24:00:00,100.0,2400.0,2016-03-12T12:00:00Z,2016-03-12T13:00:00+01:00,2016-03-13T12:00:00Z,2016-03-13T13:00:00+01:00
23.5166666666667,,,False,1,pm10,µg/m³,,raw,01:00:00,2016-03-13T12:00:00Z,2016-03-13T13:00:00+01:00,2016-03-13T13:00:00Z,2016-03-13T14:00:00+01:00,1,01:00:00,1,24:00:00,100.0,2400.0,2016-03-12T13:00:00Z,2016-03-12T14:00:00+01:00,2016-03-13T13:00:00Z,2016-03-13T14:00:00+01:00
22.9208333333333,,,False,1,pm10,µg/m³,,raw,01:00:00,2016-03-13T13:00:00Z,2016-03-13T14:00:00+01:00,2016-03-13T14:00:00Z,2016-03-13T15:00:00+01:00,1,01:00:00,1,24:00:00,100.0,2400.0,2016-03-12T14:00:00Z,2016-03-12T15:00:00+01:00,2016-03-13T14:00:00Z,2016-03-13T15:00:00+01:00
22.4125,,,False,1,pm10,µg/m³,,raw,01:00:00,2016-03-13T14:00:00Z,2016-03-13T15:00:00+01:00,2016-03-13T15:00:00Z,2016-03-13T16:00:00+01:00,1,01:00:00,1,24:00:00,100.0,2400.0,2016-03-12T15:00:00Z,2016-03-12T16:00:00+01:00,2016-03-13T15:00:00Z,2016-03-13T16:00:00+01:00
22.2,,,False,1,pm10,µg/m³,,raw,01:00:00,2016-03-13T15:00:00Z,2016-03-13T16:00:00+01:00,2016-03-13T16:00:00Z,2016-03-13T17:00:00+01:00,1,01:00:00,1,24:00:00,100.0,2400.0,2016-03-12T16:00:00Z,2016-03-12T17:00:00+01:00,2016-03-13T16:00:00Z,2016-03-13T17:00:00+01:00
22.05,,,False,1,pm10,µg/m³,,raw,01:00:00,2016-03-13T16:00:00Z,2016-03-13T17:00:00+01:00,2016-03-13T17:00:00Z,2016-03-13T18:00:00+01:00,1,01:00:00,1,24:00:00,100.0,2400.0,2016-03-12T17:00:00Z,2016-03-12T18:00:00+01:00,2016-03-13T17:00:00Z,2016-03-13T18:00:00+01:00
21.9,,,False,1,pm10,µg/m³,,raw,01:00:00,2016-03-13T17:00:00Z,2016-03-13T18:00:00+01:00,2016-03-13T18:00:00Z,2016-03-13T19:00:00+01:00,1,01:00:00,1,24:00:00,100.0,2400.0,2016-03-12T18:00:00Z,2016-03-12T19:00:00+01:00,2016-03-13T18:00:00Z,2016-03-13T19:00:00+01:00
21.725,,,False,1,pm10,µg/m³,,raw,01:00:00,2016-03-13T18:00:00Z,2016-03-13T19:00:00+01:00,2016-03-13T19:00:00Z,2016-03-13T20:00:00+01:00,1,01:00:00,1,24:00:00,100.0,2400.0,2016-03-12T19:00:00Z,2016-03-12T20:00:00+01:00,2016-03-13T19:00:00Z,2016-03-13T20:00:00+01:00
21.8833333333333,,,False,1,pm10,µg/m³,,raw,01:00:00,2016-03-13T19:00:00Z,2016-03-13T20:00:00+01:00,2016-03-13T20:00:00Z,2016-03-13T21:00:00+01:00,1,01:00:00,1,24:00:00,100.0,2400.0,2016-03-12T20:00:00Z,2016-03-12T21:00:00+01:00,2016-03-13T20:00:00Z,2016-03-13T21:00:00+01:00
21.6916666666667,,,False,1,pm10,µg/m³,,raw,01:00:00,2016-03-13T20:00:00Z,2016-03-13T21:00:00+01:00,2016-03-13T21:00:00Z,2016-03-13T22:00:00+01:00,1,01:00:00,1,24:00:00,100.0,2400.0,2016-03-12T21:00:00Z,2016-03-12T22:00:00+01:00,2016-03-13T21:00:00Z,2016-03-13T22:00:00+01:00
21.5130434782609,,,False,1,pm10,µg/m³,,raw,01:00:00,2016-03-13T21:00:00Z,2016-03-13T22:00:00+01:00,2016-03-13T22:00:00Z,2016-03-13T23:00:00+01:00,1,01:00:00,1,24:00:00,100.0,2400.0,2016-03-12T22:00:00Z,2016-03-12T23:00:00+01:00,2016-03-13T22:00:00Z,2016-03-13T23:00:00+01:00
22.1625,,,False,1,pm10,µg/m³,,raw,01:00:00,2016-03-13T22:00:00Z,2016-03-13T23:00:00+01:00,2016-03-13T23:00:00Z,2016-03-14T00:00:00+01:00,1,01:00:00,1,24:00:00,100.0,2400.0,2016-03-12T23:00:00Z,2016-03-13T00:00:00+01:00,2016-03-13T23:00:00Z,2016-03-14T00:00:00+01:00
22.5916666666667,,,False,1,pm10,µg/m³,,raw,01:00:00,2016-03-13T23:00:00Z,2016-03-14T00:00:00+01:00,2016-03-14T00:00:00Z,2016-03-14T01:00:00+01:00,1,01:00:00,1,24:00:00,100.0,2400.0,2016-03-13T00:00:00Z,2016-03-13T01:00:00+01:00,2016-03-14T00:00:00Z,2016-03-14T01:00:00+01:00
22.495652173913,,,False,1,pm10,µg/m³,,raw,01:00:00,2016-03-14T00:00:00Z,2016-03-14T01:00:00+01:00,2016-03-14T01:00:00Z,2016-03-14T02:00:00+01:00,1,01:00:00,1,24:00:00,100.0,2400.0,2016-03-13T01:00:00Z,2016-03-13T02:00:00+01:00,2016-03-14T01:00:00Z,2016-03-14T02:00:00+01:00
23.2041666666667,,,False,1,pm10,µg/m³,,raw,01:00:00,2016-03-14T01:00:00Z,2016-03-14T02:00:00+01:00,2016-03-14T02:00:00Z,2016-03-14T03:00:00+01:00,1,01:00:00,1,24:00:00,100.0,2400.0,2016-03-13T02:00:00Z,2016-03-13T03:00:00+01:00,2016-03-14T02:00:00Z,2016-03-14T03:00:00+01:00
23.3458333333333,,,False,1,pm10,µg/m³,,raw,01:00:00,2016-03-14T02:00:00Z,2016-03-14T03:00:00+01:00,2016-03-14T03:00:00Z,2016-03-14T04:00:00+01:00,1,01:00:00,1,24:00:00,100.0,2400.0,2016-03-13T03:00:00Z,2016-03-13T04:00:00+01:00,2016-03-14T03:00:00Z,2016-03-14T04:00:00+01:00
23.4708333333333,,,False,1,pm10,µg/m³,,raw,01:00:00,2016-03-14T03:00:00Z,2016-03-14T04:00:00+01:00,2016-03-14T04:00:00Z,2016-03-14T05:00:00+01:00,1,01:00:00,1,24:00:00,100.0,2400.0,2016-03-13T04:00:00Z,2016-03-13T05:00:00+01:00,2016-03-14T04:00:00Z,2016-03-14T05:00:00+01:00
23.825,,,False,1,pm10,µg/m³,,raw,01:00:00,2016-03-14T04:00:00Z,2016-03-14T05:00:00+01:00,2016-03-14T05:00:00Z,2016-03-14T06:00:00+01:00,1,01:00:00,1,24:00:00,100.0,2400.0,2016-03-13T05:00:00Z,2016-03-13T06:00:00+01:00,2016-03-14T05:00:00Z,2016-03-14T06:00:00+01:00
23.9166666666667,,,False,1,pm10,µg/m³,,raw,01:00:00,2016-03-14T05:00:00Z,2016-03-14T06:00:00+01:00,2016-03-14T06:00:00Z,2016-03-14T07:00:00+01:00,1,01:00:00,1,24:00:00,100.0,2400.0,2016-03-13T06:00:00Z,2016-03-13T07:00:00+01:00,2016-03-14T06:00:00Z,2016-03-14T07:00:00+01:00
24.35,,,False,1,pm10,µg/m³,,raw,01:00:00,2016-03-14T06:00:00Z,2016-03-14T07:00:00+01:00,2016-03-14T07:00:00Z,2016-03-14T08:00:00+01:00,1,01:00:00,1,24:00:00,100.0,2400.0,2016-03-13T07:00:00Z,2016-03-13T08:00:00+01:00,2016-03-14T07:00:00Z,2016-03-14T08:00:00+01:00
24.6416666666667,,,False,1,pm10,µg/m³,,raw,01:00:00,2016-03-14T07:00:00Z,2016-03-14T08:00:00+01:00,2016-03-14T08:00:00Z,2016-03-14T09:00:00+01:00,1,01:00:00,1,24:00:00,100.0,2400.0,2016-03-13T08:00:00Z,2016-03-13T09:00:00+01:00,2016-03-14T08:00:00Z,2016-03-14T09:00:00+01:00
25.1041666666667,,,False,1,pm10,µg/m³,,raw,01:00:00,2016-03-14T08:00:00Z,2016-03-14T09:00:00+01:00,2016-03-14T09:00:00Z,2016-03-14T10:00:00+01:00,1,01:00:00,1,24:00:00,100.0,2400.0,2016-03-13T09:00:00Z,2016-03-13T10:00:00+01:00,2016-03-14T09:00:00Z,2016-03-14T10:00:00+01:00
25.5166666666667,,,False,1,pm10,µg/m³,,raw,01:00:00,2016-03-14T09:00:00Z,2016-03-14T10:00:00+01:00,2016-03-14T10:00:00Z,2016-03-14T11:00:00+01:00,1,01:00:00,1,24:00:00,100.0,2400.0,2016-03-13T10:00:00Z,2016-03-13T11:00:00+01:00,2016-03-14T10:00:00Z,2016-03-14T11:00:00+01:00
25.8625,,,False,1,pm10,µg/m³,,raw,01:00:00,2016-03-14T10:00:00Z,2016-03-14T11:00:00+01:00,2016-03-14T11:00:00Z,2016-03-14T12:00:00+01:00,1,01:00:00,1,24:00:00,100.0,2400.0,2016-03-13T11:00:00Z,2016-03-13T12:00:00+01:00,2016-03-14T11:00:00Z,2016-03-14T12:00:00+01:00
26.0833333333333,,,False,1,pm10,µg/m³,,raw,01:00:00,2016-03-14T11:00:00Z,2016-03-14T12:00:00+01:00,2016-03-14T12:00:00Z,2016-03-14T13:00:00+01:00,1,01:00:00,1,24:00:00,100.0,2400.0,2016-03-13T12:00:00Z,2016-03-13T13:00:00+01:00,2016-03-14T12:00:00Z,2016-03-14T13:00:00+01:00
26.325,,,False,1,pm10,µg/m³,,raw,01:00:00,2016-03-14T12:00:00Z,2016-03-14T13:00:00+01:00,2016-03-14T13:00:00Z,2016-03-14T14:00:00+01:00,1,01:00:00,1,24:00:00,100.0,2400.0,2016-03-13T13:00:00Z,2016-03-13T14:00:00+01:00,2016-03-14T13:00:00Z,2016-03-14T14:00:00+01:00
26.7125,,,False,1,pm10,µg/m³,,raw,01:00:00,2016-03-14T13:00:00Z,2016-03-14T14:00:00+01:00,2016-03-14T14:00:00Z,2016-03-14T15:00:00+01:00,1,01:00:00,1,24:00:00,100.0,2400.0,2016-03-13T14:00:00Z,2016-03-13T15:00:00+01:00,2016-03-14T14:00:00Z,2016-03-14T15:00:00+01:00
26.9541666666667,,,False,1,pm10,µg/m³,,raw,01:00:00,2016-03-14T14:00:00Z,2016-03-14T15:00:00+01:00,2016-03-14T15:00:00Z,2016-03-14T16:00:00+01:00,1,01:00:00,1,24:00:00,100.0,2400.0,2016-03-13T15:00:00Z,2016-03-13T16:00:00+01:00,2016-03-14T15:00:00Z,2016-03-14T16:00:00+01:00
27.404347826087,,,False,1,pm10,µg/m³,,raw,01:00:00,2016-03-14T15:00:00Z,2016-03-14T16:00:00+01:00,2016-03-14T16:00:00Z,2016-03-14T17:00:00+01:00,1,01:00:00,1,24:00:00,100.0,2400.0,2016-03-13T16:00:00Z,2016-03-13T17:00:00+01:00,2016-03-14T16:00:00Z,2016-03-14T17:00:00+01:00
27.3666666666667,,,False,1,pm10,µg/m³,,raw,01:00:00,2016-03-14T16:00:00Z,2016-03-14T17:00:00+01:00,2016-03-14T17:00:00Z,2016-03-14T18:00:00+01:00,1,01:00:00,1,24:00:00,100.0,2400.0,2016-03-13T17:00:00Z,2016-03-13T18:00:00+01:00,2016-03-14T17:00:00Z,2016-03-14T18:00:00+01:00
27.5375,,,False,1,pm10,µg/m³,,raw,01:00:00,2016-03-14T17:00:00Z,2016-03-14T18:00:00+01:00,2016-03-14T18:00:00Z,2016-03-14T19:00:00+01:00,1,01:00:00,1,24:00:00,100.0,2400.0,2016-03-13T18:00:00Z,2016-03-13T19:00:00+01:00,2016-03-14T18:00:00Z,2016-03-14T19:00:00+01:00
28.0208333333333,,,False,1,pm10,µg/m³,,raw,01:00:00,2016-03-14T18:00:00Z,2016-03-14T19:00:00+01:00,2016-03-14T19:00:00Z,2016-03-14T20:00:00+01:00,1,01:00:00,1,24:00:00,100.0,2400.0,2016-03-13T19:00:00Z,2016-03-13T20:00:00+01:00,2016-03-14T19:00:00Z,2016-03-14T20:00:00+01:00
27.9458333333333,,,False,1,pm10,µg/m³,,raw,01:00:00,2016-03-14T19:00:00Z,2016-03-14T20:00:00+01:00,2016-03-14T20:00:00Z,2016-03-14T21:00:00+01:00,1,01:00:00,1,24:00:00,100.0,2400.0,2016-03-13T20:00:00Z,2016-03-13T21:00:00+01:00,2016-03-14T20:00:00Z,2016-03-14T21:00:00+01:00
28.1833333333333,,,False,1,pm10,µg/m³,,raw,01:00:00,2016-03-14T20:00:00Z,2016-03-14T21:00:00+01:00,2016-03-14T21:00:00Z,2016-03-14T22:00:00+01:00,1,01:00:00,1,24:00:00,100.0,2400.0,2016-03-13T21:00:00Z,2016-03-13T22:00:00+01:00,2016-03-14T21:00:00Z,2016-03-14T22:00:00+01:00
28.1652173913043,,,False,1,pm10,µg/m³,,raw,01:00:00,2016-03-14T21:00:00Z,2016-03-14T22:00:00+01:00,2016-03-14T22:00:00Z,2016-03-14T23:00:00+01:00,1,01:00:00,1,24:00:00,100.0,2400.0,2016-03-13T22:00:00Z,2016-03-13T23:00:00+01:00,2016-03-14T22:00:00Z,2016-03-14T23:00:00+01:00
27.4083333333333,,,False,1,pm10,µg/m³,,raw,01:00:00,2016-03-14T22:00:00Z,2016-03-14T23:00:00+01:00,2016-03-14T23:00:00Z,2016-03-15T00:00:00+01:00,1,01:00:00,1,24:00:00,100.0,2400.0,2016-03-13T23:00:00Z,2016-03-14T00:00:00+01:00,2016-03-14T23:00:00Z,2016-03-15T00:00:00+01:00
26.9916666666667,,,False,1,pm10,µg/m³,,raw,01:00:00,2016-03-14T23:00:00Z,2016-03-15T00:00:00+01:00,2016-03-15T00:00:00Z,2016-03-15T01:00:00+01:00,1,01:00:00,1,24:00:00,100.0,2400.0,2016-03-14T00:00:00Z,2016-03-14T01:00:00+01:00,2016-03-15T00:00:00Z,2016-03-15T01:00:00+01:00
26.9833333333333,,,False,1,pm10,µg/m³,,raw,01:00:00,2016-03-15T00:00:00Z,2016-03-15T01:00:00+01:00,2016-03-15T01:00:00Z,2016-03-15T02:00:00+01:00,1,01:00:00,1,24:00:00,100.0,2400.0,2016-03-14T01:00:00Z,2016-03-14T02:00:00+01:00,2016-03-15T01:00:00Z,2016-03-15T02:00:00+01:00
27.1958333333333,,,False,1,pm10,µg/m³,,raw,01:00:00,2016-03-15T01:00:00Z,2016-03-15T02:00:00+01:00,2016-03-15T02:00:00Z,2016-03-15T03:00:00+01:00,1,01:00:00,1,24:00:00,100.0,2400.0,2016-03-14T02:00:00Z,2016-03-14T03:00:00+01:00,2016-03-15T02:00:00Z,2016-03-15T03:00:00+01:00
27.1916666666667,,,False,1,pm10,µg/m³,,raw,01:00:00,2016-03-15T02:00:00Z,2016-03-15T03:00:00+01:00,2016-03-15T03:00:00Z,2016-03-15T04:00:00+01:00,1,01:00:00,1,24:00:00,100.0,2400.0,2016-03-14T03:00:00Z,2016-03-14T04:00:00+01:00,2016-03-15T03:00:00Z,2016-03-15T04:00:00+01:00
27.3583333333333,,,False,1,pm10,µg/m³,,raw,01:00:00,2016-03-15T03:00:00Z,2016-03-15T04:00:00+01:00,2016-03-15T04:00:00Z,2016-03-15T05:00:00+01:00,1,01:00:00,1,24:00:00,100.0,2400.0,2016-03-14T04:00:00Z,2016-03-14T05:00:00+01:00,2016-03-15T04:00:00Z,2016-03-15T05:00:00+01:00
27.5,,,False,1,pm10,µg/m³,,raw,01:00:00,2016-03-15T04:00:00Z,2016-03-15T05:00:00+01:00,2016-03-15T05:00:00Z,2016-03-15T06:00:00+01:00,1,01:00:00,1,24:00:00,100.0,2400.0,2016-03-14T05:00:00Z,2016-03-14T06:00:00+01:00,2016-03-15T05:00:00Z,2016-03-15T06:00:00+01:00
27.65,,,False,1,pm10,µg/m³,,raw,01:00:00,2016-03-15T05:00:00Z,2016-03-15T06:00:00+01:00,2016-03-15T06:00:00Z,2016-03-15T07:00:00+01:00,1,01:00:00,1,24:00:00,100.0,2400.0,2016-03-14T06:00:00Z,2016-03-14T07:00:00+01:00,2016-03-15T06:00:00Z,2016-03-15T07:00:00+01:00
27.4434782608696,,,False,1,pm10,µg/m³,,raw,01:00:00,2016-03-15T06:00:00Z,2016-03-15T07:00:00+01:00,2016-03-15T07:00:00Z,2016-03-15T08:00:00+01:00,1,01:00:00,1,24:00:00,100.0,2400.0,2016-03-14T07:00:00Z,2016-03-14T08:00:00+01:00,2016-03-15T07:00:00Z,2016-03-15T08:00:00+01:00
27.175,,,False,1,pm10,µg/m³,,raw,01:00:00,2016-03-15T07:00:00Z,2016-03-15T08:00:00+01:00,2016-03-15T08:00:00Z,2016-03-15T09:00:00+01:00,1,01:00:00,1,24:00:00,100.0,2400.0,2016-03-14T08:00:00Z,2016-03-14T09:00:00+01:00,2016-03-15T08:00:00Z,2016-03-15T09:00:00+01:00
26.3666666666667,,,False,1,pm10,µg/m³,,raw,01:00:00,2016-03-15T08:00:00Z,2016-03-15T09:00:00+01:00,2016-03-15T09:00:00Z,2016-03-15T10:00:00+01:00,1,01:00:00,1,24:00:00,100.0,2400.0,2016-03-14T09:00:00Z,2016-03-14T10:00:00+01:00,2016-03-15T09:00:00Z,2016-03-15T10:00:00+01:00
25.4208333333333,,,False,1,pm10,µg/m³,,raw,01:00:00,2016-03-15T09:00:00Z,2016-03-15T10:00:00+01:00,2016-03-15T10:00:00Z,2016-03-15T11:00:00+01:00,1,01:00:00,1,24:00:00,100.0,2400.0,2016-03-14T10:00:00Z,2016-03-14T11:00:00+01:00,2016-03-15T10:00:00Z,2016-03-15T11:00:00+01:00
24.6083333333333,,,False,1,pm10,µg/m³,,raw,01:00:00,2016-03-15T10:00:00Z,2016-03-15T11:00:00+01:00,2016-03-15T11:00:00Z,2016-03-15T12:00:00+01:00,1,01:00:00,1,24:00:00,100.0,2400.0,2016-03-14T11:00:00Z,2016-03-14T12:00:00+01:00,2016-03-15T11:00:00Z,2016-03-15T12:00:00+01:00
24.1666666666667,,,False,1,pm10,µg/m³,,raw,01:00:00,2016-03-15T11:00:00Z,2016-03-15T12:00:00+01:00,2016-03-15T12:00:00Z,2016-03-15T13:00:00+01:00,1,01:00:00,1,24:00:00,100.0,2400.0,2016-03-14T12:00:00Z,2016-03-14T13:00:00+01:00,2016-03-15T12:00:00Z,2016-03-15T13:00:00+01:00
23.5125,,,False,1,pm10,µg/m³,,raw,01:00:00,2016-03-15T12:00:00Z,2016-03-15T13:00:00+01:00,2016-03-15T13:00:00Z,2016-03-15T14:00:00+01:00,1,01:00:00,1,24:00:00,100.0,2400.0,2016-03-14T13:00:00Z,2016-03-14T14:00:00+01:00,2016-03-15T13:00:00Z,2016-03-15T14:00:00+01:00
22.7458333333333,,,False,1,pm10,µg/m³,,raw,01:00:00,2016-03-15T13:00:00Z,2016-03-15T14:00:00+01:00,2016-03-15T14:00:00Z,2016-03-15T15:00:00+01:00,1,01:00:00,1,24:00:00,100.0,2400.0,2016-03-14T14:00:00Z,2016-03-14T15:00:00+01:00,2016-03-15T14:00:00Z,2016-03-15T15:00:00+01:00
22.1541666666667,,,False,1,pm10,µg/m³,,raw,01:00:00,2016-03-15T14:00:00Z,2016-03-15T15:00:00+01:00,2016-03-15T15:00:00Z,2016-03-15T16:00:00+01:00,1,01:00:00,1,24:00:00,100.0,2400.0,2016-03-14T15:00:00Z,2016-03-14T16:00:00+01:00,2016-03-15T15:00:00Z,2016-03-15T16:00:00+01:00
21.7291666666667,,,False,1,pm10,µg/m³,,raw,01:00:00,2016-03-15T15:00:00Z,2016-03-15T16:00:00+01:00,2016-03-15T16:00:00Z,2016-03-15T17:00:00+01:00,1,01:00:00,1,24:00:00,100.0,2400.0,2016-03-14T16:00:00Z,2016-03-14T17:00:00+01:00,2016-03-15T16:00:00Z,2016-03-15T17:00:00+01:00
21.125,,,False,1,pm10,µg/m³,,raw,01:00:00,2016-03-15T16:00:00Z,2016-03-15T17:00:00+01:00,2016-03-15T17:00:00Z,2016-03-15T18:00:00+01:00,1,01:00:00,1,24:00:00,100.0,2400.0,2016-03-14T17:00:00Z,2016-03-14T18:00:00+01:00,2016-03-15T17:00:00Z,2016-03-15T18:00:00+01:00
20.85,,,False,1,pm10,µg/m³,,raw,01:00:00,2016-03-15T17:00:00Z,2016-03-15T18:00:00+01:00,2016-03-15T18:00:00Z,2016-03-15T19:00:00+01:00,1,01:00:00,1,24:00:00,100.0,2400.0,2016-03-14T18:00:00Z,2016-03-14T19:00:00+01:00,2016-03-15T18:00:00Z,2016-03-15T19:00:00+01:00
20.6833333333333,,,False,1,pm10,µg/m³,,raw,01:00:00,2016-03-15T18:00:00Z,2016-03-15T19:00:00+01:00,2016-03-15T19:00:00Z,2016-03-15T20:00:00+01:00,1,01:00:00,1,24:00:00,100.0,2400.0,2016-03-14T19:00:00Z,2016-03-14T20:00:00+01:00,2016-03-15T19:00:00Z,2016-03-15T20:00:00+01:00
20.725,,,False,1,pm10,µg/m³,,raw,01:00:00,2016-03-15T19:00:00Z,2016-03-15T20:00:00+01:00,2016-03-15T20:00:00Z,2016-03-15T21:00:00+01:00,1,01:00:00,1,24:00:00,100.0,2400.0,2016-03-14T20:00:00Z,2016-03-14T21:00:00+01:00,2016-03-15T20:00:00Z,2016-03-15T21:00:00+01:00
20.5291666666667,,,False,1,pm10,µg/m³,,raw,01:00:00,2016-03-15T20:00:00Z,2016-03-15T21:00:00+01:00,2016-03-15T21:00:00Z,2016-03-15T22:00:00+01:00,1,01:00:00,1,24:00:00,100.0,2400.0,2016-03-14T21:00:00Z,2016-03-14T22:00:00+01:00,2016-03-15T21:00:00Z,2016-03-15T22:00:00+01:00
20.6086956521739,,,False,1,pm10,µg/m³,,raw,01:00:00,2016-03-15T21:00:00Z,2016-03-15T22:00:00+01:00,2016-03-15T22:00:00Z,2016-03-15T23:00:00+01:00,1,01:00:00,1,24:00:00,100.0,2400.0,2016-03-14T22:00:00Z,2016-03-14T23:00:00+01:00,2016-03-15T22:00:00Z,2016-03-15T23:00:00+01:00
20.6666666666667,,,False,1,pm10,µg/m³,,raw,01:00:00,2016-03-15T22:00:00Z,2016-03-15T23:00:00+01:00,2016-03-15T23:00:00Z,2016-03-16T00:00:00+01:00,1,01:00:00,1,24:00:00,100.0,2400.0,2016-03-14T23:00:00Z,2016-03-15T00:00:00+01:00,2016-03-15T23:00:00Z,2016-03-16T00:00:00+01:00
20.4291666666667,,,False,1,pm10,µg/m³,,raw,01:00:00,2016-03-15T23:00:00Z,2016-03-16T00:00:00+01:00,2016-03-16T00:00:00Z,2016-03-16T01:00:00+01:00,1,01:00:00,1,24:00:00,100.0,2400.0,2016-03-15T00:00:00Z,2016-03-15T01:00:00+01:00,2016-03-16T00:00:00Z,2016-03-16T01:00:00+01:00
19.7875,,,False,1,pm10,µg/m³,,raw,01:00:00,2016-03-16T00:00:00Z,2016-03-16T01:00:00+01:00,2016-03-16T01:00:00Z,2016-03-16T02:00:00+01:00,1,01:00:00,1,24:00:00,100.0,2400.0,2016-03-15T01:00:00Z,2016-03-15T02:00:00+01:00,2016-03-16T01:00:00Z,2016-03-16T02:00:00+01:00
19.3625,,,False,1,pm10,µg/m³,,raw,01:00:00,2016-03-16T01:00:00Z,2016-03-16T02:00:00+01:00,2016-03-16T02:00:00Z,2016-03-16T03:00:00+01:00,1,01:00:00,1,24:00:00,100.0,2400.0,2016-03-15T02:00:00Z,2016-03-15T03:00:00+01:00,2016-03-16T02:00:00Z,2016-03-16T03:00:00+01:00
18.8625,,,False,1,pm10,µg/m³,,raw,01:00:00,2016-03-16T02:00:00Z,2016-03-16T03:00:00+01:00,2016-03-16T03:00:00Z,2016-03-16T04:00:00+01:00,1,01:00:00,1,24:00:00,100.0,2400.0,2016-03-15T03:00:00Z,2016-03-15T04:00:00+01:00,2016-03-16T03:00:00Z,2016-03-16T04:00:00+01:00
18.4958333333333,,,False,1,pm10,µg/m³,,raw,01:00:00,2016-03-16T03:00:00Z,2016-03-16T04:00:00+01:00,2016-03-16T04:00:00Z,2016-03-16T05:00:00+01:00,1,01:00:00,1,24:00:00,100.0,2400.0,2016-03-15T04:00:00Z,2016-03-15T05:00:00+01:00,2016-03-16T04:00:00Z,2016-03-16T05:00:00+01:00
17.9083333333333,,,False,1,pm10,µg/m³,,raw,01:00:00,2016-03-16T04:00:00Z,2016-03-16T05:00:00+01:00,2016-03-16T05:00:00Z,2016-03-16T06:00:00+01:00,1,01:00:00,1,24:00:00,100.0,2400.0,2016-03-15T05:00:00Z,2016-03-15T06:00:00+01:00,2016-03-16T05:00:00Z,2016-03-16T06:00:00+01:00
17.475,,,False,1,pm10,µg/m³,,raw,01:00:00,2016-03-16T05:00:00Z,2016-03-16T06:00:00+01:00,2016-03-16T06:00:00Z,2016-03-16T07:00:00+01:00,1,01:00:00,1,24:00:00,100.0,2400.0,2016-03-15T06:00:00Z,2016-03-15T07:00:00+01:00,2016-03-16T06:00:00Z,2016-03-16T07:00:00+01:00
16.8583333333333,,,False,1,pm10,µg/m³,,raw,01:00:00,2016-03-16T06:00:00Z,2016-03-16T07:00:00+01:00,2016-03-16T07:00:00Z,2016-03-16T08:00:00+01:00,1,01:00:00,1,24:00:00,100.0,2400.0,2016-03-15T07:00:00Z,2016-03-15T08:00:00+01:00,2016-03-16T07:00:00Z,2016-03-16T08:00:00+01:00
16.7958333333333,,,False,1,pm10,µg/m³,,raw,01:00:00,2016-03-16T07:00:00Z,2016-03-16T08:00:00+01:00,2016-03-16T08:00:00Z,2016-03-16T09:00:00+01:00,1,01:00:00,1,24:00:00,100.0,2400.0,2016-03-15T08:00:00Z,2016-03-15T09:00:00+01:00,2016-03-16T08:00:00Z,2016-03-16T09:00:00+01:00
16.975,,,False,1,pm10,µg/m³,,raw,01:00:00,2016-03-16T08:00:00Z,2016-03-16T09:00:00+01:00,2016-03-16T09:00:00Z,2016-03-16T10:00:00+01:00,1,01:00:00,1,24:00:00,100.0,2400.0,2016-03-15T09:00:00Z,2016-03-15T10:00:00+01:00,2016-03-16T09:00:00Z,2016-03-16T10:00:00+01:00
17.0291666666667,,,False,1,pm10,µg/m³,,raw,01:00:00,2016-03-16T09:00:00Z,2016-03-16T10:00:00+01:00,2016-03-16T10:00:00Z,2016-03-16T11:00:00+01:00,1,01:00:00,1,24:00:00,100.0,2400.0,2016-03-15T10:00:00Z,2016-03-15T11:00:00+01:00,2016-03-16T10:00:00Z,2016-03-16T11:00:00+01:00
17.3791666666667,,,False,1,pm10,µg/m³,,raw,01:00:00,2016-03-16T10:00:00Z,2016-03-16T11:00:00+01:00,2016-03-16T11:00:00Z,2016-03-16T12:00:00+01:00,1,01:00:00,1,24:00:00,100.0,2400.0,2016-03-15T11:00:00Z,2016-03-15T12:00:00+01:00,2016-03-16T11:00:00Z,2016-03-16T12:00:00+01:00
17.4791666666667,,,False,1,pm10,µg/m³,,raw,01:00:00,2016-03-16T11:00:00Z,2016-03-16T12:00:00+01:00,2016-03-16T12:00:00Z,2016-03-16T13:00:00+01:00,1,01:00:00,1,24:00:00,100.0,2400.0,2016-03-15T12:00:00Z,2016-03-15T13:00:00+01:00,2016-03-16T12:00:00Z,2016-03-16T13:00:00+01:00
17.6739130434783,,,False,1,pm10,µg/m³,,raw,01:00:00,2016-03-16T12:00:00Z,2016-03-16T13:00:00+01:00,2016-03-16T13:00:00Z,2016-03-16T14:00:00+01:00,1,01:00:00,1,24:00:00,100.0,2400.0,2016-03-15T13:00:00Z,2016-03-15T14:00:00+01:00,2016-03-16T13:00:00Z,2016-03-16T14:00:00+01:00
18.4333333333333,,,False,1,pm10,µg/m³,,raw,01:00:00,2016-03-16T13:00:00Z,2016-03-16T14:00:00+01:00,2016-03-16T14:00:00Z,2016-03-16T15:00:00+01:00,1,01:00:00,1,24:00:00,100.0,2400.0,2016-03-15T14:00:00Z,2016-03-15T15:00:00+01:00,2016-03-16T14:00:00Z,2016-03-16T15:00:00+01:00
19.0625,,,False,1,pm10,µg/m³,,raw,01:00:00,2016-03-16T14:00:00Z,2016-03-16T15:00:00+01:00,2016-03-16T15:00:00Z,2016-03-16T16:00:00+01:00,1,01:00:00,1,24:00:00,100.0,2400.0,2016-03-15T15:00:00Z,2016-03-15T16:00:00+01:00,2016-03-16T15:00:00Z,2016-03-16T16:00:00+01:00
19.3166666666667,,,False,1,pm10,µg/m³,,raw,01:00:00,2016-03-16T15:00:00Z,2016-03-16T16:00:00+01:00,2016-03-16T16:00:00Z,2016-03-16T17:00:00+01:00,1,01:00:00,1,24:00:00,100.0,2400.0,2016-03-15T16:00:00Z,2016-03-15T17:00:00+01:00,2016-03-16T16:00:00Z,2016-03-16T17:00:00+01:00
19.7,,,False,1,pm10,µg/m³,,raw,01:00:00,2016-03-16T16:00:00Z,2016-03-16T17:00:00+01:00,2016-03-16T17:00:00Z,2016-03-16T18:00:00+01:00,1,01:00:00,1,24:00:00,100.0,2400.0,2016-03-15T17:00:00Z,2016-03-15T18:00:00+01:00,2016-03-16T17:00:00Z,2016-03-16T18:00:00+01:00
19.9541666666667,,,False,1,pm10,µg/m³,,raw,01:00:00,2016-03-16T17:00:00Z,2016-03-16T18:00:00+01:00,2016-03-16T18:00:00Z,2016-03-16T19:00:00+01:00,1,01:00:00,1,24:00:00,100.0,2400.0,2016-03-15T18:00:00Z,2016-03-15T19:00:00+01:00,2016-03-16T18:00:00Z,2016-03-16T19:00:00+01:00
19.6291666666667,,,False,1,pm10,µg/m³,,raw,01:00:00,2016-03-16T18:00:00Z,2016-03-16T19:00:00+01:00,2016-03-16T19:00:00Z,2016-03-16T20:00:00+01:00,1,01:00:00,1,24:00:00,100.0,2400.0,2016-03-15T19:00:00Z,2016-03-15T20:00:00+01:00,2016-03-16T19:00:00Z,2016-03-16T20:00:00+01:00
19.5083333333333,,,False,1,pm10,µg/m³,,raw,01:00:00,2016-03-16T19:00:00Z,2016-03-16T20:00:00+01:00,2016-03-16T20:00:00Z,2016-03-16T21:00:00+01:00,1,01:00:00,1,24:00:00,100.0,2400.0,2016-03-15T20:00:00Z,2016-03-15T21:00:00+01:00,2016-03-16T20:00:00Z,2016-03-16T21:00:00+01:00
19.4,,,False,1,pm10,µg/m³,,raw,01:00:00,2016-03-16T20:00:00Z,2016-03-16T21:00:00+01:00,2016-03-16T21:00:00Z,2016-03-16T22:00:00+01:00,1,01:00:00,1,24:00:00,100.0,2400.0,2016-03-15T21:00:00Z,2016-03-15T22:00:00+01:00,2016-03-16T21:00:00Z,2016-03-16T22:00:00+01:00
19.1260869565217,,,False,1,pm10,µg/m³,,raw,01:00:00,2016-03-16T21:00:00Z,2016-03-16T22:00:00+01:00,2016-03-16T22:00:00Z,2016-03-16T23:00:00+01:00,1,01:00:00,1,24:00:00,100.0,2400.0,2016-03-15T22:00:00Z,2016-03-15T23:00:00+01:00,2016-03-16T22:00:00Z,2016-03-16T23:00:00+01:00
19.0181818181818,,,False,1,pm10,µg/m³,,raw,01:00:00,2016-03-16T22:00:00Z,2016-03-16T23:00:00+01:00,2016-03-16T23:00:00Z,2016-03-17T00:00:00+01:00,1,01:00:00,1,24:00:00,100.0,2400.0,2016-03-15T23:00:00Z,2016-03-16T00:00:00+01:00,2016-03-16T23:00:00Z,2016-03-17T00:00:00+01:00
19.55,,,False,1,pm10,µg/m³,,raw,01:00:00,2016-03-16T23:00:00Z,2016-03-17T00:00:00+01:00,2016-03-17T00:00:00Z,2016-03-17T01:00:00+01:00,1,01:00:00,1,24:00:00,100.0,2400.0,2016-03-16T00:00:00Z,2016-03-16T01:00:00+01:00,2016-03-17T00:00:00Z,2016-03-17T01:00:00+01:00
20.025,,,False,1,pm10,µg/m³,,raw,01:00:00,2016-03-17T00:00:00Z,2016-03-17T01:00:00+01:00,2016-03-17T01:00:00Z,2016-03-17T02:00:00+01:00,1,01:00:00,1,24:00:00,100.0,2400.0,2016-03-16T01:00:00Z,2016-03-16T02:00:00+01:00,2016-03-17T01:00:00Z,2016-03-17T02:00:00+01:00
20.1708333333333,,,False,1,pm10,µg/m³,,raw,01:00:00,2016-03-17T01:00:00Z,2016-03-17T02:00:00+01:00,2016-03-17T02:00:00Z,2016-03-17T03:00:00+01:00,1,01:00:00,1,24:00:00,100.0,2400.0,2016-03-16T02:00:00Z,2016-03-16T03:00:00+01:00,2016-03-17T02:00:00Z,2016-03-17T03:00:00+01:00
20.6125,,,False,1,pm10,µg/m³,,raw,01:00:00,2016-03-17T02:00:00Z,2016-03-17T03:00:00+01:00,2016-03-17T03:00:00Z,2016-03-17T04:00:00+01:00,1,01:00:00,1,24:00:00,100.0,2400.0,2016-03-16T03:00:00Z,2016-03-16T04:00:00+01:00,2016-03-17T03:00:00Z,2016-03-17T04:00:00+01:00
20.6782608695652,,,False,1,pm10,µg/m³,,raw,01:00:00,2016-03-17T03:00:00Z,2016-03-17T04:00:00+01:00,2016-03-17T04:00:00Z,2016-03-17T05:00:00+01:00,1,01:00:00,1,24:00:00,100.0,2400.0,2016-03-16T04:00:00Z,2016-03-16T05:00:00+01:00,2016-03-17T04:00:00Z,2016-03-17T05:00:00+01:00
21.7458333333333,,,False,1,pm10,µg/m³,,raw,01:00:00,2016-03-17T04:00:00Z,2016-03-17T05:00:00+01:00,2016-03-17T05:00:00Z,2016-03-17T06:00:00+01:00,1,01:00:00,1,24:00:00,100.0,2400.0,2016-03-16T05:00:00Z,2016-03-16T06:00:00+01:00,2016-03-17T05:00:00Z,2016-03-17T06:00:00+01:00
22.0666666666667,,,False,1,pm10,µg/m³,,raw,01:00:00,2016-03-17T05:00:00Z,2016-03-17T06:00:00+01:00,2016-03-17T06:00:00Z,2016-03-17T07:00:00+01:00,1,01:00:00,1,24:00:00,100.0,2400.0,2016-03-16T06:00:00Z,2016-03-16T07:00:00+01:00,2016-03-17T06:00:00Z,2016-03-17T07:00:00+01:00
22.7875,,,False,1,pm10,µg/m³,,raw,01:00:00,2016-03-17T06:00:00Z,2016-03-17T07:00:00+01:00,2016-03-17T07:00:00Z,2016-03-17T08:00:00+01:00,1,01:00:00,1,24:00:00,100.0,2400.0,2016-03-16T07:00:00Z,2016-03-16T08:00:00+01:00,2016-03-17T07:00:00Z,2016-03-17T08:00:00+01:00
23.3625,,,False,1,pm10,µg/m³,,raw,01:00:00,2016-03-17T07:00:00Z,2016-03-17T08:00:00+01:00,2016-03-17T08:00:00Z,2016-03-17T09:00:00+01:00,1,01:00:00,1,24:00:00,100.0,2400.0,2016-03-16T08:00:00Z,2016-03-16T09:00:00+01:00,2016-03-17T08:00:00Z,2016-03-17T09:00:00+01:00
23.7434782608696,,,False,1,pm10,µg/m³,,raw,01:00:00,2016-03-17T08:00:00Z,2016-03-17T09:00:00+01:00,2016-03-17T09:00:00Z,2016-03-17T10:00:00+01:00,1,01:00:00,1,24:00:00,100.0,2400.0,2016-03-16T09:00:00Z,2016-03-16T10:00:00+01:00,2016-03-17T09:00:00Z,2016-03-17T10:00:00+01:00
24.4304347826087,,,False,1,pm10,µg/m³,,raw,01:00:00,2016-03-17T09:00:00Z,2016-03-17T10:00:00+01:00,2016-03-17T10:00:00Z,2016-03-17T11:00:00+01:00,1,01:00:00,1,24:00:00,100.0,2400.0,2016-03-16T10:00:00Z,2016-03-16T11:00:00+01:00,2016-03-17T10:00:00Z,2016-03-17T11:00:00+01:00
24.8739130434783,,,False,1,pm10,µg/m³,,raw,01:00:00,2016-03-17T10:00:00Z,2016-03-17T11:00:00+01:00,2016-03-17T11:00:00Z,2016-03-17T12:00:00+01:00,1,01:00:00,1,24:00:00,100.0,2400.0,2016-03-16T11:00:00Z,2016-03-16T12:00:00+01:00,2016-03-17T11:00:00Z,2016-03-17T12:00:00+01:00
25.2521739130435,,,False,1,pm10,µg/m³,,raw,01:00:00,2016-03-17T11:00:00Z,2016-03-17T12:00:00+01:00,2016-03-17T12:00:00Z,2016-03-17T13:00:00+01:00,1,01:00:00,1,24:00:00,100.0,2400.0,2016-03-16T12:00:00Z,2016-03-16T13:00:00+01:00,2016-03-17T12:00:00Z,2016-03-17T13:00:00+01:00
25.2565217391304,,,False,1,pm10,µg/m³,,raw,01:00:00,2016-03-17T12:00:00Z,2016-03-17T13:00:00+01:00,2016-03-17T13:00:00Z,2016-03-17T14:00:00+01:00,1,01:00:00,1,24:00:00,100.0,2400.0,2016-03-16T13:00:00Z,2016-03-16T14:00:00+01:00,2016-03-17T13:00:00Z,2016-03-17T14:00:00+01:00
25.2826086956522,,,False,1,pm10,µg/m³,,raw,01:00:00,2016-03-17T13:00:00Z,2016-03-17T14:00:00+01:00,2016-03-17T14:00:00Z,2016-03-17T15:00:00+01:00,1,01:00:00,1,24:00:00,100.0,2400.0,2016-03-16T14:00:00Z,2016-03-16T15:00:00+01:00,2016-03-17T14:00:00Z,2016-03-17T15:00:00+01:00
25.2478260869565,,,False,1,pm10,µg/m³,,raw,01:00:00,2016-03-17T14:00:00Z,2016-03-17T15:00:00+01:00,2016-03-17T15:00:00Z,2016-03-17T16:00:00+01:00,1,01:00:00,1,24:00:00,100.0,2400.0,2016-03-16T15:00:00Z,2016-03-16T16:00:00+01:00,2016-03-17T15:00:00Z,2016-03-17T16:00:00+01:00
25.4,,,False,1,pm10,µg/m³,,raw,01:00:00,2016-03-17T15:00:00Z,2016-03-17T16:00:00+01:00,2016-03-17T16:00:00Z,2016-03-17T17:00:00+01:00,1,01:00:00,1,24:00:00,100.0,2400.0,2016-03-16T16:00:00Z,2016-03-16T17:00:00+01:00,2016-03-17T16:00:00Z,2016-03-17T17:00:00+01:00
25.9782608695652,,,False,1,pm10,µg/m³,,raw,01:00:00,2016-03-17T16:00:00Z,2016-03-17T17:00:00+01:00,2016-03-17T17:00:00Z,2016-03-17T18:00:00+01:00,1,01:00:00,1,24:00:00,100.0,2400.0,2016-03-16T17:00:00Z,2016-03-16T18:00:00+01:00,2016-03-17T17:00:00Z,2016-03-17T18:00:00+01:00
26.7826086956522,,,False,1,pm10,µg/m³,,raw,01:00:00,2016-03-17T17:00:00Z,2016-03-17T18:00:00+01:00,2016-03-17T18:00:00Z,2016-03-17T19:00:00+01:00,1,01:00:00,1,24:00:00,100.0,2400.0,2016-03-16T18:00:00Z,2016-03-16T19:00:00+01:00,2016-03-17T18:00:00Z,2016-03-17T19:00:00+01:00
27.15,,,False,1,pm10,µg/m³,,raw,01:00:00,2016-03-17T18:00:00Z,2016-03-17T19:00:00+01:00,2016-03-17T19:00:00Z,2016-03-17T20:00:00+01:00,1,01:00:00,1,24:00:00,100.0,2400.0,2016-03-16T19:00:00Z,2016-03-16T20:00:00+01:00,2016-03-17T19:00:00Z,2016-03-17T20:00:00+01:00
29.4,,,False,1,pm10,µg/m³,,raw,01:00:00,2016-03-17T19:00:00Z,2016-03-17T20:00:00+01:00,2016-03-17T20:00:00Z,2016-03-17T21:00:00+01:00,1,01:00:00,1,24:00:00,100.0,2400.0,2016-03-16T20:00:00Z,2016-03-16T21:00:00+01:00,2016-03-17T20:00:00Z,2016-03-17T21:00:00+01:00
29.6565217391304,,,False,1,pm10,µg/m³,,raw,01:00:00,2016-03-17T20:00:00Z,2016-03-17T21:00:00+01:00,2016-03-17T21:00:00Z,2016-03-17T22:00:00+01:00,1,01:00:00,1,24:00:00,100.0,2400.0,2016-03-16T21:00:00Z,2016-03-16T22:00:00+01:00,2016-03-17T21:00:00Z,2016-03-17T22:00:00+01:00
29.9318181818182,,,False,1,pm10,µg/m³,,raw,01:00:00,2016-03-17T21:00:00Z,2016-03-17T22:00:00+01:00,2016-03-17T22:00:00Z,2016-03-17T23:00:00+01:00,1,01:00:00,1,24:00:00,100.0,2400.0,2016-03-16T22:00:00Z,2016-03-16T23:00:00+01:00,2016-03-17T22:00:00Z,2016-03-17T23:00:00+01:00
30.1428571428571,,,False,1,pm10,µg/m³,,raw,01:00:00,2016-03-17T22:00:00Z,2016-03-17T23:00:00+01:00,2016-03-17T23:00:00Z,2016-03-18T00:00:00+01:00,1,01:00:00,1,24:00:00,100.0,2400.0,2016-03-16T23:00:00Z,2016-03-17T00:00:00+01:00,2016-03-17T23:00:00Z,2016-03-18T00:00:00+01:00
29.8260869565217,,,False,1,pm10,µg/m³,,raw,01:00:00,2016-03-17T23:00:00Z,2016-03-18T00:00:00+01:00,2016-03-18T00:00:00Z,2016-03-18T01:00:00+01:00,1,01:00:00,1,24:00:00,100.0,2400.0,2016-03-17T00:00:00Z,2016-03-17T01:00:00+01:00,2016-03-18T00:00:00Z,2016-03-18T01:00:00+01:00
29.4,,,False,1,pm10,µg/m³,,raw,01:00:00,2016-03-18T00:00:00Z,2016-03-18T01:00:00+01:00,2016-03-18T01:00:00Z,2016-03-18T02:00:00+01:00,1,01:00:00,1,24:00:00,100.0,2400.0,2016-03-17T01:00:00Z,2016-03-17T02:00:00+01:00,2016-03-18T01:00:00Z,2016-03-18T02:00:00+01:00
29.2173913043478,,,False,1,pm10,µg/m³,,raw,01:00:00,2016-03-18T01:00:00Z,2016-03-18T02:00:00+01:00,2016-03-18T02:00:00Z,2016-03-18T03:00:00+01:00,1,01:00:00,1,24:00:00,100.0,2400.0,2016-03-17T02:00:00Z,2016-03-17T03:00:00+01:00,2016-03-18T02:00:00Z,2016-03-18T03:00:00+01:00
28.5608695652174,,,False,1,pm10,µg/m³,,raw,01:00:00,2016-03-18T02:00:00Z,2016-03-18T03:00:00+01:00,2016-03-18T03:00:00Z,2016-03-18T04:00:00+01:00,1,01:00:00,1,24:00:00,100.0,2400.0,2016-03-17T03:00:00Z,2016-03-17T04:00:00+01:00,2016-03-18T03:00:00Z,2016-03-18T04:00:00+01:00
27.5173913043478,,,False,1,pm10,µg/m³,,raw,01:00:00,2016-03-18T03:00:00Z,2016-03-18T04:00:00+01:00,2016-03-18T04:00:00Z,2016-03-18T05:00:00+01:00,1,01:00:00,1,24:00:00,100.0,2400.0,2016-03-17T04:00:00Z,2016-03-17T05:00:00+01:00,2016-03-18T04:00:00Z,2016-03-18T05:00:00+01:00
26.2739130434783,,,False,1,pm10,µg/m³,,raw,01:00:00,2016-03-18T04:00:00Z,2016-03-18T05:00:00+01:00,2016-03-18T05:00:00Z,2016-03-18T06:00:00+01:00,1,01:00:00,1,24:00:00,100.0,2400.0,2016-03-17T05:00:00Z,2016-03-17T06:00:00+01:00,2016-03-18T05:00:00Z,2016-03-18T06:00:00+01:00
25.2652173913043,,,False,1,pm10,µg/m³,,raw,01:00:00,2016-03-18T05:00:00Z,2016-03-18T06:00:00+01:00,2016-03-18T06:00:00Z,2016-03-18T07:00:00+01:00,1,01:00:00,1,24:00:00,100.0,2400.0,2016-03-17T06:00:00Z,2016-03-17T07:00:00+01:00,2016-03-18T06:00:00Z,2016-03-18T07:00:00+01:00
24.5304347826087,,,False,1,pm10,µg/m³,,raw,01:00:00,2016-03-18T06:00:00Z,2016-03-18T07:00:00+01:00,2016-03-18T07:00:00Z,2016-03-18T08:00:00+01:00,1,01:00:00,1,24:00:00,100.0,2400.0,2016-03-17T07:00:00Z,2016-03-17T08:00:00+01:00,2016-03-18T07:00:00Z,2016-03-18T08:00:00+01:00
24.104347826087,,,False,1,pm10,µg/m³,,raw,01:00:00,2016-03-18T07:00:00Z,2016-03-18T08:00:00+01:00,2016-03-18T08:00:00Z,2016-03-18T09:00:00+01:00,1,01:00:00,1,24:00:00,100.0,2400.0,2016-03-17T08:00:00Z,2016-03-17T09:00:00+01:00,2016-03-18T08:00:00Z,2016-03-18T09:00:00+01:00
23.5791666666667,,,False,1,pm10,µg/m³,,raw,01:00:00,2016-03-18T08:00:00Z,2016-03-18T09:00:00+01:00,2016-03-18T09:00:00Z,2016-03-18T10:00:00+01:00,1,01:00:00,1,24:00:00,100.0,2400.0,2016-03-17T09:00:00Z,2016-03-17T10:00:00+01:00,2016-03-18T09:00:00Z,2016-03-18T10:00:00+01:00
23.404347826087,,,False,1,pm10,µg/m³,,raw,01:00:00,2016-03-18T09:00:00Z,2016-03-18T10:00:00+01:00,2016-03-18T10:00:00Z,2016-03-18T11:00:00+01:00,1,01:00:00,1,24:00:00,100.0,2400.0,2016-03-17T10:00:00Z,2016-03-17T11:00:00+01:00,2016-03-18T10:00:00Z,2016-03-18T11:00:00+01:00
22.2583333333333,,,False,1,pm10,µg/m³,,raw,01:00:00,2016-03-18T10:00:00Z,2016-03-18T11:00:00+01:00,2016-03-18T11:00:00Z,2016-03-18T12:00:00+01:00,1,01:00:00,1,24:00:00,100.0,2400.0,2016-03-17T11:00:00Z,2016-03-17T12:00:00+01:00,2016-03-18T11:00:00Z,2016-03-18T12:00:00+01:00
21.475,,,False,1,pm10,µg/m³,,raw,01:00:00,2016-03-18T11:00:00Z,2016-03-18T12:00:00+01:00,2016-03-18T12:00:00Z,2016-03-18T13:00:00+01:00,1,01:00:00,1,24:00:00,100.0,2400.0,2016-03-17T12:00:00Z,2016-03-17T13:00:00+01:00,2016-03-18T12:00:00Z,2016-03-18T13:00:00+01:00
21.1958333333333,,,False,1,pm10,µg/m³,,raw,01:00:00,2016-03-18T12:00:00Z,2016-03-18T13:00:00+01:00,2016-03-18T13:00:00Z,2016-03-18T14:00:00+01:00,1,01:00:00,1,24:00:00,100.0,2400.0,2016-03-17T13:00:00Z,2016-03-17T14:00:00+01:00,2016-03-18T13:00:00Z,2016-03-18T14:00:00+01:00
20.8291666666667,,,False,1,pm10,µg/m³,,raw,01:00:00,2016-03-18T13:00:00Z,2016-03-18T14:00:00+01:00,2016-03-18T14:00:00Z,2016-03-18T15:00:00+01:00,1,01:00:00,1,24:00:00,100.0,2400.0,2016-03-17T14:00:00Z,2016-03-17T15:00:00+01:00,2016-03-18T14:00:00Z,2016-03-18T15:00:00+01:00
20.125,,,False,1,pm10,µg/m³,,raw,01:00:00,2016-03-18T14:00:00Z,2016-03-18T15:00:00+01:00,2016-03-18T15:00:00Z,2016-03-18T16:00:00+01:00,1,01:00:00,1,24:00:00,100.0,2400.0,2016-03-17T15:00:00Z,2016-03-17T16:00:00+01:00,2016-03-18T15:00:00Z,2016-03-18T16:00:00+01:00
0.3,,,False,6,so2,µg/m³,,raw,01:00:00,2016-01-30T00:00:00Z,2016-01-30T01:00:00+01:00,2016-01-30T01:00:00Z,2016-01-30T02:00:00+01:00,1,01:00:00,1,01:00:00,100.0,100.0,2016-01-30T00:00:00Z,2016-01-30T01:00:00+01:00,2016-01-30T01:00:00Z,2016-01-30T02:00:00+01:00
0.2,,,False,6,so2,µg/m³,,raw,01:00:00,2016-01-30T01:00:00Z,2016-01-30T02:00:00+01:00,2016-01-30T02:00:00Z,2016-01-30T03:00:00+01:00,1,01:00:00,1,01:00:00,100.0,100.0,2016-01-30T01:00:00Z,2016-01-30T02:00:00+01:00,2016-01-30T02:00:00Z,2016-01-30T03:00:00+01:00
0.1,,,False,6,so2,µg/m³,,raw,01:00:00,2016-01-30T02:00:00Z,2016-01-30T03:00:00+01:00,2016-01-30T03:00:00Z,2016-01-30T04:00:00+01:00,1,01:00:00,1,01:00:00,100.0,100.0,2016-01-30T02:00:00Z,2016-01-30T03:00:00+01:00,2016-01-30T03:00:00Z,2016-01-30T04:00:00+01:00
0.3,,,False,6,so2,µg/m³,,raw,01:00:00,2016-01-30T03:00:00Z,2016-01-30T04:00:00+01:00,2016-01-30T04:00:00Z,2016-01-30T05:00:00+01:00,1,01:00:00,1,01:00:00,100.0,100.0,2016-01-30T03:00:00Z,2016-01-30T04:00:00+01:00,2016-01-30T04:00:00Z,2016-01-30T05:00:00+01:00
0.3,,,False,6,so2,µg/m³,,raw,01:00:00,2016-01-30T04:00:00Z,2016-01-30T05:00:00+01:00,2016-01-30T05:00:00Z,2016-01-30T06:00:00+01:00,1,01:00:00,1,01:00:00,100.0,100.0,2016-01-30T04:00:00Z,2016-01-30T05:00:00+01:00,2016-01-30T05:00:00Z,2016-01-30T06:00:00+01:00
0.2,,,False,6,so2,µg/m³,,raw,01:00:00,2016-01-30T05:00:00Z,2016-01-30T06:00:00+01:00,2016-01-30T06:00:00Z,2016-01-30T07:00:00+01:00,1,01:00:00,1,01:00:00,100.0,100.0,2016-01-30T05:00:00Z,2016-01-30T06:00:00+01:00,2016-01-30T06:00:00Z,2016-01-30T07:00:00+01:00
-999.0,,,False,6,so2,µg/m³,,raw,01:00:00,2016-01-30T06:00:00Z,2016-01-30T07:00:00+01:00,2016-01-30T07:00:00Z,2016-01-30T08:00:00+01:00,1,01:00:00,1,01:00:00,100.0,100.0,2016-01-30T06:00:00Z,2016-01-30T07:00:00+01:00,2016-01-30T07:00:00Z,2016-01-30T08:00:00+01:00
-999.0,,,False,6,so2,µg/m³,,raw,01:00:00,2016-01-30T07:00:00Z,2016-01-30T08:00:00+01:00,2016-01-30T08:00:00Z,2016-01-30T09:00:00+01:00,1,01:00:00,1,01:00:00,100.0,100.0,2016-01-30T07:00:00Z,2016-01-30T08:00:00+01:00,2016-01-30T08:00:00Z,2016-01-30T09:00:00+01:00
0.3,,,False,6,so2,µg/m³,,raw,01:00:00,2016-01-30T08:00:00Z,2016-01-30T09:00:00+01:00,2016-01-30T09:00:00Z,2016-01-30T10:00:00+01:00,1,01:00:00,1,01:00:00,100.0,100.0,2016-01-30T08:00:00Z,2016-01-30T09:00:00+01:00,2016-01-30T09:00:00Z,2016-01-30T10:00:00+01:00
0.1,,,False,6,so2,µg/m³,,raw,01:00:00,2016-01-30T09:00:00Z,2016-01-30T10:00:00+01:00,2016-01-30T10:00:00Z,2016-01-30T11:00:00+01:00,1,01:00:00,1,01:00:00,100.0,100.0,2016-01-30T09:00:00Z,2016-01-30T10:00:00+01:00,2016-01-30T10:00:00Z,2016-01-30T11:00:00+01:00
0.1,,,False,6,so2,µg/m³,,raw,01:00:00,2016-01-30T10:00:00Z,2016-01-30T11:00:00+01:00,2016-01-30T11:00:00Z,2016-01-30T12:00:00+01:00,1,01:00:00,1,01:00:00,100.0,100.0,2016-01-30T10:00:00Z,2016-01-30T11:00:00+01:00,2016-01-30T11:00:00Z,2016-01-30T12:00:00+01:00
0.2,,,False,6,so2,µg/m³,,raw,01:00:00,2016-01-30T11:00:00Z,2016-01-30T12:00:00+01:00,2016-01-30T12:00:00Z,2016-01-30T13:00:00+01:00,1,01:00:00,1,01:00:00,100.0,100.0,2016-01-30T11:00:00Z,2016-01-30T12:00:00+01:00,2016-01-30T12:00:00Z,2016-01-30T13:00:00+01:00
0.2,,,False,6,so2,µg/m³,,raw,01:00:00,2016-01-30T12:00:00Z,2016-01-30T13:00:00+01:00,2016-01-30T13:00:00Z,2016-01-30T14:00:00+01:00,1,01:00:00,1,01:00:00,100.0,100.0,2016-01-30T12:00:00Z,2016-01-30T13:00:00+01:00,2016-01-30T13:00:00Z,2016-01-30T14:00:00+01:00
0.6,,,False,6,so2,µg/m³,,raw,01:00:00,2016-01-30T13:00:00Z,2016-01-30T14:00:00+01:00,2016-01-30T14:00:00Z,2016-01-30T15:00:00+01:00,1,01:00:00,1,01:00:00,100.0,100.0,2016-01-30T13:00:00Z,2016-01-30T14:00:00+01:00,2016-01-30T14:00:00Z,2016-01-30T15:00:00+01:00
1.1,,,False,6,so2,µg/m³,,raw,01:00:00,2016-01-30T14:00:00Z,2016-01-30T15:00:00+01:00,2016-01-30T15:00:00Z,2016-01-30T16:00:00+01:00,1,01:00:00,1,01:00:00,100.0,100.0,2016-01-30T14:00:00Z,2016-01-30T15:00:00+01:00,2016-01-30T15:00:00Z,2016-01-30T16:00:00+01:00
1.0,,,False,6,so2,µg/m³,,raw,01:00:00,2016-01-30T15:00:00Z,2016-01-30T16:00:00+01:00,2016-01-30T16:00:00Z,2016-01-30T17:00:00+01:00,1,01:00:00,1,01:00:00,100.0,100.0,2016-01-30T15:00:00Z,2016-01-30T16:00:00+01:00,2016-01-30T16:00:00Z,2016-01-30T17:00:00+01:00
1.0,,,False,6,so2,µg/m³,,raw,01:00:00,2016-01-30T16:00:00Z,2016-01-30T17:00:00+01:00,2016-01-30T17:00:00Z,2016-01-30T18:00:00+01:00,1,01:00:00,1,01:00:00,100.0,100.0,2016-01-30T16:00:00Z,2016-01-30T17:00:00+01:00,2016-01-30T17:00:00Z,2016-01-30T18:00:00+01:00
1.2,,,False,6,so2,µg/m³,,raw,01:00:00,2016-01-30T17:00:00Z,2016-01-30T18:00:00+01:00,2016-01-30T18:00:00Z,2016-01-30T19:00:00+01:00,1,01:00:00,1,01:00:00,100.0,100.0,2016-01-30T17:00:00Z,2016-01-30T18:00:00+01:00,2016-01-30T18:00:00Z,2016-01-30T19:00:00+01:00
0.4,,,False,6,so2,µg/m³,,raw,01:00:00,2016-01-30T18:00:00Z,2016-01-30T19:00:00+01:00,2016-01-30T19:00:00Z,2016-01-30T20:00:00+01:00,1,01:00:00,1,01:00:00,100.0,100.0,2016-01-30T18:00:00Z,2016-01-30T19:00:00+01:00,2016-01-30T19:00:00Z,2016-01-30T20:00:00+01:00
0.5,,,False,6,so2,µg/m³,,raw,01:00:00,2016-01-30T19:00:00Z,2016-01-30T20:00:00+01:00,2016-01-30T20:00:00Z,2016-01-30T21:00:00+01:00,1,01:00:00,1,01:00:00,100.0,100.0,2016-01-30T19:00:00Z,2016-01-30T20:00:00+01:00,2016-01-30T20:00:00Z,2016-01-30T21:00:00+01:00
0.1,,,False,6,so2,µg/m³,,raw,01:00:00,2016-01-30T20:00:00Z,2016-01-30T21:00:00+01:00,2016-01-30T21:00:00Z,2016-01-30T22:00:00+01:00,1,01:00:00,1,01:00:00,100.0,100.0,2016-01-30T20:00:00Z,2016-01-30T21:00:00+01:00,2016-01-30T21:00:00Z,2016-01-30T22:00:00+01:00
-999.0,,,False,6,so2,µg/m³,,raw,01:00:00,2016-01-30T21:00:00Z,2016-01-30T22:00:00+01:00,2016-01-30T22:00:00Z,2016-01-30T23:00:00+01:00,1,01:00:00,1,01:00:00,100.0,100.0,2016-01-30T21:00:00Z,2016-01-30T22:00:00+01:00,2016-01-30T22:00:00Z,2016-01-30T23:00:00+01:00
-999.0,,,False,6,so2,µg/m³,,raw,01:00:00,2016-01-30T22:00:00Z,2016-01-30T23:00:00+01:00,2016-01-30T23:00:00Z,2016-01-31T00:00:00+01:00,1,01:00:00,1,01:00:00,100.0,100.0,2016-01-30T22:00:00Z,2016-01-30T23:00:00+01:00,2016-01-30T23:00:00Z,2016-01-31T00:00:00+01:00
0.1,,,False,6,so2,µg/m³,,raw,01:00:00,2016-01-30T23:00:00Z,2016-01-31T00:00:00+01:00,2016-01-31T00:00:00Z,2016-01-31T01:00:00+01:00,1,01:00:00,1,01:00:00,100.0,100.0,2016-01-30T23:00:00Z,2016-01-31T00:00:00+01:00,2016-01-31T00:00:00Z,2016-01-31T01:00:00+01:00
0.1,,,False,6,so2,µg/m³,,raw,01:00:00,2016-01-31T00:00:00Z,2016-01-31T01:00:00+01:00,2016-01-31T01:00:00Z,2016-01-31T02:00:00+01:00,1,01:00:00,1,01:00:00,100.0,100.0,2016-01-31T00:00:00Z,2016-01-31T01:00:00+01:00,2016-01-31T01:00:00Z,2016-01-31T02:00:00+01:00
0.2,,,False,6,so2,µg/m³,,raw,01:00:00,2016-01-31T01:00:00Z,2016-01-31T02:00:00+01:00,2016-01-31T02:00:00Z,2016-01-31T03:00:00+01:00,1,01:00:00,1,01:00:00,100.0,100.0,2016-01-31T01:00:00Z,2016-01-31T02:00:00+01:00,2016-01-31T02:00:00Z,2016-01-31T03:00:00+01:00
0.1,,,False,6,so2,µg/m³,,raw,01:00:00,2016-01-31T02:00:00Z,2016-01-31T03:00:00+01:00,2016-01-31T03:00:00Z,2016-01-31T04:00:00+01:00,1,01:00:00,1,01:00:00,100.0,100.0,2016-01-31T02:00:00Z,2016-01-31T03:00:00+01:00,2016-01-31T03:00:00Z,2016-01-31T04:00:00+01:00
0.2,,,False,6,so2,µg/m³,,raw,01:00:00,2016-01-31T03:00:00Z,2016-01-31T04:00:00+01:00,2016-01-31T04:00:00Z,2016-01-31T05:00:00+01:00,1,01:00:00,1,01:00:00,100.0,100.0,2016-01-31T03:00:00Z,2016-01-31T04:00:00+01:00,2016-01-31T04:00:00Z,2016-01-31T05:00:00+01:00
0.2,,,False,6,so2,µg/m³,,raw,01:00:00,2016-01-31T04:00:00Z,2016-01-31T05:00:00+01:00,2016-01-31T05:00:00Z,2016-01-31T06:00:00+01:00,1,01:00:00,1,01:00:00,100.0,100.0,2016-01-31T04:00:00Z,2016-01-31T05:00:00+01:00,2016-01-31T05:00:00Z,2016-01-31T06:00:00+01:00
0.2,,,False,6,so2,µg/m³,,raw,01:00:00,2016-01-31T05:00:00Z,2016-01-31T06:00:00+01:00,2016-01-31T06:00:00Z,2016-01-31T07:00:00+01:00,1,01:00:00,1,01:00:00,100.0,100.0,2016-01-31T05:00:00Z,2016-01-31T06:00:00+01:00,2016-01-31T06:00:00Z,2016-01-31T07:00:00+01:00
0.2,,,False,6,so2,µg/m³,,raw,01:00:00,2016-01-31T06:00:00Z,2016-01-31T07:00:00+01:00,2016-01-31T07:00:00Z,2016-01-31T08:00:00+01:00,1,01:00:00,1,01:00:00,100.0,100.0,2016-01-31T06:00:00Z,2016-01-31T07:00:00+01:00,2016-01-31T07:00:00Z,2016-01-31T08:00:00+01:00
0.1,,,False,6,so2,µg/m³,,raw,01:00:00,2016-01-31T07:00:00Z,2016-01-31T08:00:00+01:00,2016-01-31T08:00:00Z,2016-01-31T09:00:00+01:00,1,01:00:00,1,01:00:00,100.0,100.0,2016-01-31T07:00:00Z,2016-01-31T08:00:00+01:00,2016-01-31T08:00:00Z,2016-01-31T09:00:00+01:00
0.1,,,False,6,so2,µg/m³,,raw,01:00:00,2016-01-31T08:00:00Z,2016-01-31T09:00:00+01:00,2016-01-31T09:00:00Z,2016-01-31T10:00:00+01:00,1,01:00:00,1,01:00:00,100.0,100.0,2016-01-31T08:00:00Z,2016-01-31T09:00:00+01:00,2016-01-31T09:00:00Z,2016-01-31T10:00:00+01:00
0.2,,,False,6,so2,µg/m³,,raw,01:00:00,2016-01-31T09:00:00Z,2016-01-31T10:00:00+01:00,2016-01-31T10:00:00Z,2016-01-31T11:00:00+01:00,1,01:00:00,1,01:00:00,100.0,100.0,2016-01-31T09:00:00Z,2016-01-31T10:00:00+01:00,2016-01-31T10:00:00Z,2016-01-31T11:00:00+01:00
0.2,,,False,6,so2,µg/m³,,raw,01:00:00,2016-01-31T10:00:00Z,2016-01-31T11:00:00+01:00,2016-01-31T11:00:00Z,2016-01-31T12:00:00+01:00,1,01:00:00,1,01:00:00,100.0,100.0,2016-01-31T10:00:00Z,2016-01-31T11:00:00+01:00,2016-01-31T11:00:00Z,2016-01-31T12:00:00+01:00
0.2,,,False,6,so2,µg/m³,,raw,01:00:00,2016-01-31T11:00:00Z,2016-01-31T12:00:00+01:00,2016-01-31T12:00:00Z,2016-01-31T13:00:00+01:00,1,01:00:00,1,01:00:00,100.0,100.0,2016-01-31T11:00:00Z,2016-01-31T12:00:00+01:00,2016-01-31T12:00:00Z,2016-01-31T13:00:00+01:00
-999.0,,,False,6,so2,µg/m³,,raw,01:00:00,2016-01-31T12:00:00Z,2016-01-31T13:00:00+01:00,2016-01-31T13:00:00Z,2016-01-31T14:00:00+01:00,1,01:00:00,1,01:00:00,100.0,100.0,2016-01-31T12:00:00Z,2016-01-31T13:00:00+01:00,2016-01-31T13:00:00Z,2016-01-31T14:00:00+01:00
-999.0,,,False,6,so2,µg/m³,,raw,01:00:00,2016-01-31T13:00:00Z,2016-01-31T14:00:00+01:00,2016-01-31T14:00:00Z,2016-01-31T15:00:00+01:00,1,01:00:00,1,01:00:00,100.0,100.0,2016-01-31T13:00:00Z,2016-01-31T14:00:00+01:00,2016-01-31T14:00:00Z,2016-01-31T15:00:00+01:00
0.7,,,False,6,so2,µg/m³,,raw,01:00:00,2016-01-31T14:00:00Z,2016-01-31T15:00:00+01:00,2016-01-31T15:00:00Z,2016-01-31T16:00:00+01:00,1,01:00:00,1,01:00:00,100.0,100.0,2016-01-31T14:00:00Z,2016-01-31T15:00:00+01:00,2016-01-31T15:00:00Z,2016-01-31T16:00:00+01:00
0.6,,,False,6,so2,µg/m³,,raw,01:00:00,2016-01-31T15:00:00Z,2016-01-31T16:00:00+01:00,2016-01-31T16:00:00Z,2016-01-31T17:00:00+01:00,1,01:00:00,1,01:00:00,100.0,100.0,2016-01-31T15:00:00Z,2016-01-31T16:00:00+01:00,2016-01-31T16:00:00Z,2016-01-31T17:00:00+01:00
0.4,,,False,6,so2,µg/m³,,raw,01:00:00,2016-01-31T16:00:00Z,2016-01-31T17:00:00+01:00,2016-01-31T17:00:00Z,2016-01-31T18:00:00+01:00,1,01:00:00,1,01:00:00,100.0,100.0,2016-01-31T16:00:00Z,2016-01-31T17:00:00+01:00,2016-01-31T17:00:00Z,2016-01-31T18:00:00+01:00
0.2,,,False,6,so2,µg/m³,,raw,01:00:00,2016-01-31T17:00:00Z,2016-01-31T18:00:00+01:00,2016-01-31T18:00:00Z,2016-01-31T19:00:00+01:00,1,01:00:00,1,01:00:00,100.0,100.0,2016-01-31T17:00:00Z,2016-01-31T18:00:00+01:00,2016-01-31T18:00:00Z,2016-01-31T19:00:00+01:00
0.2,,,False,6,so2,µg/m³,,raw,01:00:00,2016-01-31T18:00:00Z,2016-01-31T19:00:00+01:00,2016-01-31T19:00:00Z,2016-01-31T20:00:00+01:00,1,01:00:00,1,01:00:00,100.0,100.0,2016-01-31T18:00:00Z,2016-01-31T19:00:00+01:00,2016-01-31T19:00:00Z,2016-01-31T20:00:00+01:00
0.3,,,False,6,so2,µg/m³,,raw,01:00:00,2016-01-31T19:00:00Z,2016-01-31T20:00:00+01:00,2016-01-31T20:00:00Z,2016-01-31T21:00:00+01:00,1,01:00:00,1,01:00:00,100.0,100.0,2016-01-31T19:00:00Z,2016-01-31T20:00:00+01:00,2016-01-31T20:00:00Z,2016-01-31T21:00:00+01:00
0.4,,,False,6,so2,µg/m³,,raw,01:00:00,2016-01-31T20:00:00Z,2016-01-31T21:00:00+01:00,2016-01-31T21:00:00Z,2016-01-31T22:00:00+01:00,1,01:00:00,1,01:00:00,100.0,100.0,2016-01-31T20:00:00Z,2016-01-31T21:00:00+01:00,2016-01-31T21:00:00Z,2016-01-31T22:00:00+01:00
0.6,,,False,6,so2,µg/m³,,raw,01:00:00,2016-01-31T21:00:00Z,2016-01-31T22:00:00+01:00,2016-01-31T22:00:00Z,2016-01-31T23:00:00+01:00,1,01:00:00,1,01:00:00,100.0,100.0,2016-01-31T21:00:00Z,2016-01-31T22:00:00+01:00,2016-01-31T22:00:00Z,2016-01-31T23:00:00+01:00
-999.0,,,False,6,so2,µg/m³,,raw,01:00:00,2016-01-31T22:00:00Z,2016-01-31T23:00:00+01:00,2016-01-31T23:00:00Z,2016-02-01T00:00:00+01:00,1,01:00:00,1,01:00:00,100.0,100.0,2016-01-31T22:00:00Z,2016-01-31T23:00:00+01:00,2016-01-31T23:00:00Z,2016-02-01T00:00:00+01:00
0.7,,,False,6,so2,µg/m³,,raw,01:00:00,2016-01-31T23:00:00Z,2016-02-01T00:00:00+01:00,2016-02-01T00:00:00Z,2016-02-01T01:00:00+01:00,1,01:00:00,1,01:00:00,100.0,100.0,2016-01-31T23:00:00Z,2016-02-01T00:00:00+01:00,2016-02-01T00:00:00Z,2016-02-01T01:00:00+01:00
0.4,,,False,6,so2,µg/m³,,raw,01:00:00,2016-02-01T00:00:00Z,2016-02-01T01:00:00+01:00,2016-02-01T01:00:00Z,2016-02-01T02:00:00+01:00,1,01:00:00,1,01:00:00,100.0,100.0,2016-02-01T00:00:00Z,2016-02-01T01:00:00+01:00,2016-02-01T01:00:00Z,2016-02-01T02:00:00+01:00
0.2,,,False,6,so2,µg/m³,,raw,01:00:00,2016-02-01T01:00:00Z,2016-02-01T02:00:00+01:00,2016-02-01T02:00:00Z,2016-02-01T03:00:00+01:00,1,01:00:00,1,01:00:00,100.0,100.0,2016-02-01T01:00:00Z,2016-02-01T02:00:00+01:00,2016-02-01T02:00:00Z,2016-02-01T03:00:00+01:00
0.3,,,False,6,so2,µg/m³,,raw,01:00:00,2016-02-01T02:00:00Z,2016-02-01T03:00:00+01:00,2016-02-01T03:00:00Z,2016-02-01T04:00:00+01:00,1,01:00:00,1,01:00:00,100.0,100.0,2016-02-01T02:00:00Z,2016-02-01T03:00:00+01:00,2016-02-01T03:00:00Z,2016-02-01T04:00:00+01:00
0.2,,,False,6,so2,µg/m³,,raw,01:00:00,2016-02-01T03:00:00Z,2016-02-01T04:00:00+01:00,2016-02-01T04:00:00Z,2016-02-01T05:00:00+01:00,1,01:00:00,1,01:00:00,100.0,100.0,2016-02-01T03:00:00Z,2016-02-01T04:00:00+01:00,2016-02-01T04:00:00Z,2016-02-01T05:00:00+01:00
0.2,,,False,6,so2,µg/m³,,raw,01:00:00,2016-02-01T04:00:00Z,2016-02-01T05:00:00+01:00,2016-02-01T05:00:00Z,2016-02-01T06:00:00+01:00,1,01:00:00,1,01:00:00,100.0,100.0,2016-02-01T04:00:00Z,2016-02-01T05:00:00+01:00,2016-02-01T05:00:00Z,2016-02-01T06:00:00+01:00
0.2,,,False,6,so2,µg/m³,,raw,01:00:00,2016-02-01T05:00:00Z,2016-02-01T06:00:00+01:00,2016-02-01T06:00:00Z,2016-02-01T07:00:00+01:00,1,01:00:00,1,01:00:00,100.0,100.0,2016-02-01T05:00:00Z,2016-02-01T06:00:00+01:00,2016-02-01T06:00:00Z,2016-02-01T07:00:00+01:00
0.2,,,False,6,so2,µg/m³,,raw,01:00:00,2016-02-01T06:00:00Z,2016-02-01T07:00:00+01:00,2016-02-01T07:00:00Z,2016-02-01T08:00:00+01:00,1,01:00:00,1,01:00:00,100.0,100.0,2016-02-01T06:00:00Z,2016-02-01T07:00:00+01:00,2016-02-01T07:00:00Z,2016-02-01T08:00:00+01:00
0.2,,,False,6,so2,µg/m³,,raw,01:00:00,2016-02-01T07:00:00Z,2016-02-01T08:00:00+01:00,2016-02-01T08:00:00Z,2016-02-01T09:00:00+01:00,1,01:00:00,1,01:00:00,100.0,100.0,2016-02-01T07:00:00Z,2016-02-01T08:00:00+01:00,2016-02-01T08:00:00Z,2016-02-01T09:00:00+01:00
0.3,,,False,6,so2,µg/m³,,raw,01:00:00,2016-02-01T08:00:00Z,2016-02-01T09:00:00+01:00,2016-02-01T09:00:00Z,2016-02-01T10:00:00+01:00,1,01:00:00,1,01:00:00,100.0,100.0,2016-02-01T08:00:00Z,2016-02-01T09:00:00+01:00,2016-02-01T09:00:00Z,2016-02-01T10:00:00+01:00
0.2,,,False,6,so2,µg/m³,,raw,01:00:00,2016-02-01T09:00:00Z,2016-02-01T10:00:00+01:00,2016-02-01T10:00:00Z,2016-02-01T11:00:00+01:00,1,01:00:00,1,01:00:00,100.0,100.0,2016-02-01T09:00:00Z,2016-02-01T10:00:00+01:00,2016-02-01T10:00:00Z,2016-02-01T11:00:00+01:00
-999.0,,,False,6,so2,µg/m³,,raw,01:00:00,2016-02-01T10:00:00Z,2016-02-01T11:00:00+01:00,2016-02-01T11:00:00Z,2016-02-01T12:00:00+01:00,1,01:00:00,1,01:00:00,100.0,100.0,2016-02-01T10:00:00Z,2016-02-01T11:00:00+01:00,2016-02-01T11:00:00Z,2016-02-01T12:00:00+01:00
-999.0,,,False,6,so2,µg/m³,,raw,01:00:00,2016-02-01T11:00:00Z,2016-02-01T12:00:00+01:00,2016-02-01T12:00:00Z,2016-02-01T13:00:00+01:00,1,01:00:00,1,01:00:00,100.0,100.0,2016-02-01T11:00:00Z,2016-02-01T12:00:00+01:00,2016-02-01T12:00:00Z,2016-02-01T13:00:00+01:00
0.1,,,False,6,so2,µg/m³,,raw,01:00:00,2016-02-01T12:00:00Z,2016-02-01T13:00:00+01:00,2016-02-01T13:00:00Z,2016-02-01T14:00:00+01:00,1,01:00:00,1,01:00:00,100.0,100.0,2016-02-01T12:00:00Z,2016-02-01T13:00:00+01:00,2016-02-01T13:00:00Z,2016-02-01T14:00:00+01:00
0.1,,,False,6,so2,µg/m³,,raw,01:00:00,2016-02-01T13:00:00Z,2016-02-01T14:00:00+01:00,2016-02-01T14:00:00Z,2016-02-01T15:00:00+01:00,1,01:00:00,1,01:00:00,100.0,100.0,2016-02-01T13:00:00Z,2016-02-01T14:00:00+01:00,2016-02-01T14:00:00Z,2016-02-01T15:00:00+01:00
0.1,,,False,6,so2,µg/m³,,raw,01:00:00,2016-02-01T14:00:00Z,2016-02-01T15:00:00+01:00,2016-02-01T15:00:00Z,2016-02-01T16:00:00+01:00,1,01:00:00,1,01:00:00,100.0,100.0,2016-02-01T14:00:00Z,2016-02-01T15:00:00+01:00,2016-02-01T15:00:00Z,2016-02-01T16:00:00+01:00
0.1,,,False,6,so2,µg/m³,,raw,01:00:00,2016-02-01T15:00:00Z,2016-02-01T16:00:00+01:00,2016-02-01T16:00:00Z,2016-02-01T17:00:00+01:00,1,01:00:00,1,01:00:00,100.0,100.0,2016-02-01T15:00:00Z,2016-02-01T16:00:00+01:00,2016-02-01T16:00:00Z,2016-02-01T17:00:00+01:00
0.5,,,False,6,so2,µg/m³,,raw,01:00:00,2016-02-01T16:00:00Z,2016-02-01T17:00:00+01:00,2016-02-01T17:00:00Z,2016-02-01T18:00:00+01:00,1,01:00:00,1,01:00:00,100.0,100.0,2016-02-01T16:00:00Z,2016-02-01T17:00:00+01:00,2016-02-01T17:00:00Z,2016-02-01T18:00:00+01:00
0.9,,,False,6,so2,µg/m³,,raw,01:00:00,2016-02-01T17:00:00Z,2016-02-01T18:00:00+01:00,2016-02-01T18:00:00Z,2016-02-01T19:00:00+01:00,1,01:00:00,1,01:00:00,100.0,100.0,2016-02-01T17:00:00Z,2016-02-01T18:00:00+01:00,2016-02-01T18:00:00Z,2016-02-01T19:00:00+01:00
0.9,,,False,6,so2,µg/m³,,raw,01:00:00,2016-02-01T18:00:00Z,2016-02-01T19:00:00+01:00,2016-02-01T19:00:00Z,2016-02-01T20:00:00+01:00,1,01:00:00,1,01:00:00,100.0,100.0,2016-02-01T18:00:00Z,2016-02-01T19:00:00+01:00,2016-02-01T19:00:00Z,2016-02-01T20:00:00+01:00
-999.0,,,False,6,so2,µg/m³,,raw,01:00:00,2016-02-01T19:00:00Z,2016-02-01T20:00:00+01:00,2016-02-01T20:00:00Z,2016-02-01T21:00:00+01:00,1,01:00:00,1,01:00:00,100.0,100.0,2016-02-01T19:00:00Z,2016-02-01T20:00:00+01:00,2016-02-01T20:00:00Z,2016-02-01T21:00:00+01:00
0.9,,,False,6,so2,µg/m³,,raw,01:00:00,2016-02-01T20:00:00Z,2016-02-01T21:00:00+01:00,2016-02-01T21:00:00Z,2016-02-01T22:00:00+01:00,1,01:00:00,1,01:00:00,100.0,100.0,2016-02-01T20:00:00Z,2016-02-01T21:00:00+01:00,2016-02-01T21:00:00Z,2016-02-01T22:00:00+01:00
0.2,,,False,6,so2,µg/m³,,raw,01:00:00,2016-02-01T21:00:00Z,2016-02-01T22:00:00+01:00,2016-02-01T22:00:00Z,2016-02-01T23:00:00+01:00,1,01:00:00,1,01:00:00,100.0,100.0,2016-02-01T21:00:00Z,2016-02-01T22:00:00+01:00,2016-02-01T22:00:00Z,2016-02-01T23:00:00+01:00
-999.0,,,False,6,so2,µg/m³,,raw,01:00:00,2016-02-01T22:00:00Z,2016-02-01T23:00:00+01:00,2016-02-01T23:00:00Z,2016-02-02T00:00:00+01:00,1,01:00:00,1,01:00:00,100.0,100.0,2016-02-01T22:00:00Z,2016-02-01T23:00:00+01:00,2016-02-01T23:00:00Z,2016-02-02T00:00:00+01:00
0.1,,,False,6,so2,µg/m³,,raw,01:00:00,2016-02-01T23:00:00Z,2016-02-02T00:00:00+01:00,2016-02-02T00:00:00Z,2016-02-02T01:00:00+01:00,1,01:00:00,1,01:00:00,100.0,100.0,2016-02-01T23:00:00Z,2016-02-02T00:00:00+01:00,2016-02-02T00:00:00Z,2016-02-02T01:00:00+01:00
0.1,,,False,6,so2,µg/m³,,raw,01:00:00,2016-02-02T00:00:00Z,2016-02-02T01:00:00+01:00,2016-02-02T01:00:00Z,2016-02-02T02:00:00+01:00,1,01:00:00,1,01:00:00,100.0,100.0,2016-02-02T00:00:00Z,2016-02-02T01:00:00+01:00,2016-02-02T01:00:00Z,2016-02-02T02:00:00+01:00
0.1,,,False,6,so2,µg/m³,,raw,01:00:00,2016-02-02T01:00:00Z,2016-02-02T02:00:00+01:00,2016-02-02T02:00:00Z,2016-02-02T03:00:00+01:00,1,01:00:00,1,01:00:00,100.0,100.0,2016-02-02T01:00:00Z,2016-02-02T02:00:00+01:00,2016-02-02T02:00:00Z,2016-02-02T03:00:00+01:00
0.1,,,False,6,so2,µg/m³,,raw,01:00:00,2016-02-02T02:00:00Z,2016-02-02T03:00:00+01:00,2016-02-02T03:00:00Z,2016-02-02T04:00:00+01:00,1,01:00:00,1,01:00:00,100.0,100.0,2016-02-02T02:00:00Z,2016-02-02T03:00:00+01:00,2016-02-02T03:00:00Z,2016-02-02T04:00:00+01:00
0.0,,,False,6,so2,µg/m³,,raw,01:00:00,2016-02-02T03:00:00Z,2016-02-02T04:00:00+01:00,2016-02-02T04:00:00Z,2016-02-02T05:00:00+01:00,1,01:00:00,1,01:00:00,100.0,100.0,2016-02-02T03:00:00Z,2016-02-02T04:00:00+01:00,2016-02-02T04:00:00Z,2016-02-02T05:00:00+01:00
0.0,,,False,6,so2,µg/m³,,raw,01:00:00,2016-02-02T04:00:00Z,2016-02-02T05:00:00+01:00,2016-02-02T05:00:00Z,2016-02-02T06:00:00+01:00,1,01:00:00,1,01:00:00,100.0,100.0,2016-02-02T04:00:00Z,2016-02-02T05:00:00+01:00,2016-02-02T05:00:00Z,2016-02-02T06:00:00+01:00
0.1,,,False,6,so2,µg/m³,,raw,01:00:00,2016-02-02T05:00:00Z,2016-02-02T06:00:00+01:00,2016-02-02T06:00:00Z,2016-02-02T07:00:00+01:00,1,01:00:00,1,01:00:00,100.0,100.0,2016-02-02T05:00:00Z,2016-02-02T06:00:00+01:00,2016-02-02T06:00:00Z,2016-02-02T07:00:00+01:00
0.0,,,False,6,so2,µg/m³,,raw,01:00:00,2016-02-02T06:00:00Z,2016-02-02T07:00:00+01:00,2016-02-02T07:00:00Z,2016-02-02T08:00:00+01:00,1,01:00:00,1,01:00:00,100.0,100.0,2016-02-02T06:00:00Z,2016-02-02T07:00:00+01:00,2016-02-02T07:00:00Z,2016-02-02T08:00:00+01:00
0.1,,,False,6,so2,µg/m³,,raw,01:00:00,2016-02-02T07:00:00Z,2016-02-02T08:00:00+01:00,2016-02-02T08:00:00Z,2016-02-02T09:00:00+01:00,1,01:00:00,1,01:00:00,100.0,100.0,2016-02-02T07:00:00Z,2016-02-02T08:00:00+01:00,2016-02-02T08:00:00Z,2016-02-02T09:00:00+01:00
0.1,,,False,6,so2,µg/m³,,raw,01:00:00,2016-02-02T08:00:00Z,2016-02-02T09:00:00+01:00,2016-02-02T09:00:00Z,2016-02-02T10:00:00+01:00,1,01:00:00,1,01:00:00,100.0,100.0,2016-02-02T08:00:00Z,2016-02-02T09:00:00+01:00,2016-02-02T09:00:00Z,2016-02-02T10:00:00+01:00
0.1,,,False,6,so2,µg/m³,,raw,01:00:00,2016-02-02T09:00:00Z,2016-02-02T10:00:00+01:00,2016-02-02T10:00:00Z,2016-02-02T11:00:00+01:00,1,01:00:00,1,01:00:00,100.0,100.0,2016-02-02T09:00:00Z,2016-02-02T10:00:00+01:00,2016-02-02T10:00:00Z,2016-02-02T11:00:00+01:00
-999.0,,,False,6,so2,µg/m³,,raw,01:00:00,2016-02-02T10:00:00Z,2016-02-02T11:00:00+01:00,2016-02-02T11:00:00Z,2016-02-02T12:00:00+01:00,1,01:00:00,1,01:00:00,100.0,100.0,2016-02-02T10:00:00Z,2016-02-02T11:00:00+01:00,2016-02-02T11:00:00Z,2016-02-02T12:00:00+01:00
0.1,,,False,6,so2,µg/m³,,raw,01:00:00,2016-02-02T11:00:00Z,2016-02-02T12:00:00+01:00,2016-02-02T12:00:00Z,2016-02-02T13:00:00+01:00,1,01:00:00,1,01:00:00,100.0,100.0,2016-02-02T11:00:00Z,2016-02-02T12:00:00+01:00,2016-02-02T12:00:00Z,2016-02-02T13:00:00+01:00
0.1,,,False,6,so2,µg/m³,,raw,01:00:00,2016-02-02T12:00:00Z,2016-02-02T13:00:00+01:00,2016-02-02T13:00:00Z,2016-02-02T14:00:00+01:00,1,01:00:00,1,01:00:00,100.0,100.0,2016-02-02T12:00:00Z,2016-02-02T13:00:00+01:00,2016-02-02T13:00:00Z,2016-02-02T14:00:00+01:00
0.1,,,False,6,so2,µg/m³,,raw,01:00:00,2016-02-02T13:00:00Z,2016-02-02T14:00:00+01:00,2016-02-02T14:00:00Z,2016-02-02T15:00:00+01:00,1,01:00:00,1,01:00:00,100.0,100.0,2016-02-02T13:00:00Z,2016-02-02T14:00:00+01:00,2016-02-02T14:00:00Z,2016-02-02T15:00:00+01:00
0.1,,,False,6,so2,µg/m³,,raw,01:00:00,2016-02-02T14:00:00Z,2016-02-02T15:00:00+01:00,2016-02-02T15:00:00Z,2016-02-02T16:00:00+01:00,1,01:00:00,1,01:00:00,100.0,100.0,2016-02-02T14:00:00Z,2016-02-02T15:00:00+01:00,2016-02-02T15:00:00Z,2016-02-02T16:00:00+01:00
0.1,,,False,6,so2,µg/m³,,raw,01:00:00,2016-02-02T15:00:00Z,2016-02-02T16:00:00+01:00,2016-02-02T16:00:00Z,2016-02-02T17:00:00+01:00,1,01:00:00,1,01:00:00,100.0,100.0,2016-02-02T15:00:00Z,2016-02-02T16:00:00+01:00,2016-02-02T16:00:00Z,2016-02-02T17:00:00+01:00
0.1,,,False,6,so2,µg/m³,,raw,01:00:00,2016-02-02T16:00:00Z,2016-02-02T17:00:00+01:00,2016-02-02T17:00:00Z,2016-02-02T18:00:00+01:00,1,01:00:00,1,01:00:00,100.0,100.0,2016-02-02T16:00:00Z,2016-02-02T17:00:00+01:00,2016-02-02T17:00:00Z,2016-02-02T18:00:00+01:00
0.1,,,False,6,so2,µg/m³,,raw,01:00:00,2016-02-02T17:00:00Z,2016-02-02T18:00:00+01:00,2016-02-02T18:00:00Z,2016-02-02T19:00:00+01:00,1,01:00:00,1,01:00:00,100.0,100.0,2016-02-02T17:00:00Z,2016-02-02T18:00:00+01:00,2016-02-02T18:00:00Z,2016-02-02T19:00:00+01:00
0.0,,,False,6,so2,µg/m³,,raw,01:00:00,2016-02-02T18:00:00Z,2016-02-02T19:00:00+01:00,2016-02-02T19:00:00Z,2016-02-02T20:00:00+01:00,1,01:00:00,1,01:00:00,100.0,100.0,2016-02-02T18:00:00Z,2016-02-02T19:00:00+01:00,2016-02-02T19:00:00Z,2016-02-02T20:00:00+01:00
0.1,,,False,6,so2,µg/m³,,raw,01:00:00,2016-02-02T19:00:00Z,2016-02-02T20:00:00+01:00,2016-02-02T20:00:00Z,2016-02-02T21:00:00+01:00,1,01:00:00,1,01:00:00,100.0,100.0,2016-02-02T19:00:00Z,2016-02-02T20:00:00+01:00,2016-02-02T20:00:00Z,2016-02-02T21:00:00+01:00
0.2,,,False,6,so2,µg/m³,,raw,01:00:00,2016-02-02T20:00:00Z,2016-02-02T21:00:00+01:00,2016-02-02T21:00:00Z,2016-02-02T22:00:00+01:00,1,01:00:00,1,01:00:00,100.0,100.0,2016-02-02T20:00:00Z,2016-02-02T21:00:00+01:00,2016-02-02T21:00:00Z,2016-02-02T22:00:00+01:00
0.4,,,False,6,so2,µg/m³,,raw,01:00:00,2016-02-02T21:00:00Z,2016-02-02T22:00:00+01:00,2016-02-02T22:00:00Z,2016-02-02T23:00:00+01:00,1,01:00:00,1,01:00:00,100.0,100.0,2016-02-02T21:00:00Z,2016-02-02T22:00:00+01:00,2016-02-02T22:00:00Z,2016-02-02T23:00:00+01:00
-999.0,,,False,6,so2,µg/m³,,raw,01:00:00,2016-02-02T22:00:00Z,2016-02-02T23:00:00+01:00,2016-02-02T23:00:00Z,2016-02-03T00:00:00+01:00,1,01:00:00,1,01:00:00,100.0,100.0,2016-02-02T22:00:00Z,2016-02-02T23:00:00+01:00,2016-02-02T23:00:00Z,2016-02-03T00:00:00+01:00
0.1,,,False,6,so2,µg/m³,,raw,01:00:00,2016-02-02T23:00:00Z,2016-02-03T00:00:00+01:00,2016-02-03T00:00:00Z,2016-02-03T01:00:00+01:00,1,01:00:00,1,01:00:00,100.0,100.0,2016-02-02T23:00:00Z,2016-02-03T00:00:00+01:00,2016-02-03T00:00:00Z,2016-02-03T01:00:00+01:00
0.1,,,False,6,so2,µg/m³,,raw,01:00:00,2016-02-03T00:00:00Z,2016-02-03T01:00:00+01:00,2016-02-03T01:00:00Z,2016-02-03T02:00:00+01:00,1,01:00:00,1,01:00:00,100.0,100.0,2016-02-03T00:00:00Z,2016-02-03T01:00:00+01:00,2016-02-03T01:00:00Z,2016-02-03T02:00:00+01:00
-999.0,,,False,6,so2,µg/m³,,raw,01:00:00,2016-02-03T01:00:00Z,2016-02-03T02:00:00+01:00,2016-02-03T02:00:00Z,2016-02-03T03:00:00+01:00,1,01:00:00,1,01:00:00,100.0,100.0,2016-02-03T01:00:00Z,2016-02-03T02:00:00+01:00,2016-02-03T02:00:00Z,2016-02-03T03:00:00+01:00
0.1,,,False,6,so2,µg/m³,,raw,01:00:00,2016-02-03T02:00:00Z,2016-02-03T03:00:00+01:00,2016-02-03T03:00:00Z,2016-02-03T04:00:00+01:00,1,01:00:00,1,01:00:00,100.0,100.0,2016-02-03T02:00:00Z,2016-02-03T03:00:00+01:00,2016-02-03T03:00:00Z,2016-02-03T04:00:00+01:00
0.1,,,False,6,so2,µg/m³,,raw,01:00:00,2016-02-03T03:00:00Z,2016-02-03T04:00:00+01:00,2016-02-03T04:00:00Z,2016-02-03T05:00:00+01:00,1,01:00:00,1,01:00:00,100.0,100.0,2016-02-03T03:00:00Z,2016-02-03T04:00:00+01:00,2016-02-03T04:00:00Z,2016-02-03T05:00:00+01:00
0.1,,,False,6,so2,µg/m³,,raw,01:00:00,2016-02-03T04:00:00Z,2016-02-03T05:00:00+01:00,2016-02-03T05:00:00Z,2016-02-03T06:00:00+01:00,1,01:00:00,1,01:00:00,100.0,100.0,2016-02-03T04:00:00Z,2016-02-03T05:00:00+01:00,2016-02-03T05:00:00Z,2016-02-03T06:00:00+01:00
0.6,,,False,6,so2,µg/m³,,raw,01:00:00,2016-02-03T05:00:00Z,2016-02-03T06:00:00+01:00,2016-02-03T06:00:00Z,2016-02-03T07:00:00+01:00,1,01:00:00,1,01:00:00,100.0,100.0,2016-02-03T05:00:00Z,2016-02-03T06:00:00+01:00,2016-02-03T06:00:00Z,2016-02-03T07:00:00+01:00
0.9,,,False,6,so2,µg/m³,,raw,01:00:00,2016-02-03T06:00:00Z,2016-02-03T07:00:00+01:00,2016-02-03T07:00:00Z,2016-02-03T08:00:00+01:00,1,01:00:00,1,01:00:00,100.0,100.0,2016-02-03T06:00:00Z,2016-02-03T07:00:00+01:00,2016-02-03T07:00:00Z,2016-02-03T08:00:00+01:00
1.7,,,False,6,so2,µg/m³,,raw,01:00:00,2016-02-03T07:00:00Z,2016-02-03T08:00:00+01:00,2016-02-03T08:00:00Z,2016-02-03T09:00:00+01:00,1,01:00:00,1,01:00:00,100.0,100.0,2016-02-03T07:00:00Z,2016-02-03T08:00:00+01:00,2016-02-03T08:00:00Z,2016-02-03T09:00:00+01:00
1.7,,,False,6,so2,µg/m³,,raw,01:00:00,2016-02-03T08:00:00Z,2016-02-03T09:00:00+01:00,2016-02-03T09:00:00Z,2016-02-03T10:00:00+01:00,1,01:00:00,1,01:00:00,100.0,100.0,2016-02-03T08:00:00Z,2016-02-03T09:00:00+01:00,2016-02-03T09:00:00Z,2016-02-03T10:00:00+01:00
0.8,,,False,6,so2,µg/m³,,raw,01:00:00,2016-02-03T09:00:00Z,2016-02-03T10:00:00+01:00,2016-02-03T10:00:00Z,2016-02-03T11:00:00+01:00,1,01:00:00,1,01:00:00,100.0,100.0,2016-02-03T09:00:00Z,2016-02-03T10:00:00+01:00,2016-02-03T10:00:00Z,2016-02-03T11:00:00+01:00
0.5,,,False,6,so2,µg/m³,,raw,01:00:00,2016-02-03T10:00:00Z,2016-02-03T11:00:00+01:00,2016-02-03T11:00:00Z,2016-02-03T12:00:00+01:00,1,01:00:00,1,01:00:00,100.0,100.0,2016-02-03T10:00:00Z,2016-02-03T11:00:00+01:00,2016-02-03T11:00:00Z,2016-02-03T12:00:00+01:00
0.3,,,False,6,so2,µg/m³,,raw,01:00:00,2016-02-03T11:00:00Z,2016-02-03T12:00:00+01:00,2016-02-03T12:00:00Z,2016-02-03T13:00:00+01:00,1,01:00:00,1,01:00:00,100.0,100.0,2016-02-03T11:00:00Z,2016-02-03T12:00:00+01:00,2016-02-03T12:00:00Z,2016-02-03T13:00:00+01:00
0.3,,,False,6,so2,µg/m³,,raw,01:00:00,2016-02-03T12:00:00Z,2016-02-03T13:00:00+01:00,2016-02-03T13:00:00Z,2016-02-03T14:00:00+01:00,1,01:00:00,1,01:00:00,100.0,100.0,2016-02-03T12:00:00Z,2016-02-03T13:00:00+01:00,2016-02-03T13:00:00Z,2016-02-03T14:00:00+01:00
0.7,,,False,6,so2,µg/m³,,raw,01:00:00,2016-02-03T13:00:00Z,2016-02-03T14:00:00+01:00,2016-02-03T14:00:00Z,2016-02-03T15:00:00+01:00,1,01:00:00,1,01:00:00,100.0,100.0,2016-02-03T13:00:00Z,2016-02-03T14:00:00+01:00,2016-02-03T14:00:00Z,2016-02-03T15:00:00+01:00
0.8,,,False,6,so2,µg/m³,,raw,01:00:00,2016-02-03T14:00:00Z,2016-02-03T15:00:00+01:00,2016-02-03T15:00:00Z,2016-02-03T16:00:00+01:00,1,01:00:00,1,01:00:00,100.0,100.0,2016-02-03T14:00:00Z,2016-02-03T15:00:00+01:00,2016-02-03T15:00:00Z,2016-02-03T16:00:00+01:00
0.7,,,False,6,so2,µg/m³,,raw,01:00:00,2016-02-03T15:00:00Z,2016-02-03T16:00:00+01:00,2016-02-03T16:00:00Z,2016-02-03T17:00:00+01:00,1,01:00:00,1,01:00:00,100.0,100.0,2016-02-03T15:00:00Z,2016-02-03T16:00:00+01:00,2016-02-03T16:00:00Z,2016-02-03T17:00:00+01:00
-999.0,,,False,6,so2,µg/m³,,raw,01:00:00,2016-02-03T16:00:00Z,2016-02-03T17:00:00+01:00,2016-02-03T17:00:00Z,2016-02-03T18:00:00+01:00,1,01:00:00,1,01:00:00,100.0,100.0,2016-02-03T16:00:00Z,2016-02-03T17:00:00+01:00,2016-02-03T17:00:00Z,2016-02-03T18:00:00+01:00
1.2,,,False,6,so2,µg/m³,,raw,01:00:00,2016-02-03T17:00:00Z,2016-02-03T18:00:00+01:00,2016-02-03T18:00:00Z,2016-02-03T19:00:00+01:00,1,01:00:00,1,01:00:00,100.0,100.0,2016-02-03T17:00:00Z,2016-02-03T18:00:00+01:00,2016-02-03T18:00:00Z,2016-02-03T19:00:00+01:00
2.1,,,False,6,so2,µg/m³,,raw,01:00:00,2016-02-03T18:00:00Z,2016-02-03T19:00:00+01:00,2016-02-03T19:00:00Z,2016-02-03T20:00:00+01:00,1,01:00:00,1,01:00:00,100.0,100.0,2016-02-03T18:00:00Z,2016-02-03T19:00:00+01:00,2016-02-03T19:00:00Z,2016-02-03T20:00:00+01:00
0.8,,,False,6,so2,µg/m³,,raw,01:00:00,2016-02-03T19:00:00Z,2016-02-03T20:00:00+01:00,2016-02-03T20:00:00Z,2016-02-03T21:00:00+01:00,1,01:00:00,1,01:00:00,100.0,100.0,2016-02-03T19:00:00Z,2016-02-03T20:00:00+01:00,2016-02-03T20:00:00Z,2016-02-03T21:00:00+01:00
0.7,,,False,6,so2,µg/m³,,raw,01:00:00,2016-02-03T20:00:00Z,2016-02-03T21:00:00+01:00,2016-02-03T21:00:00Z,2016-02-03T22:00:00+01:00,1,01:00:00,1,01:00:00,100.0,100.0,2016-02-03T20:00:00Z,2016-02-03T21:00:00+01:00,2016-02-03T21:00:00Z,2016-02-03T22:00:00+01:00
0.5,,,False,6,so2,µg/m³,,raw,01:00:00,2016-02-03T21:00:00Z,2016-02-03T22:00:00+01:00,2016-02-03T22:00:00Z,2016-02-03T23:00:00+01:00,1,01:00:00,1,01:00:00,100.0,100.0,2016-02-03T21:00:00Z,2016-02-03T22:00:00+01:00,2016-02-03T22:00:00Z,2016-02-03T23:00:00+01:00
-999.0,,,False,6,so2,µg/m³,,raw,01:00:00,2016-02-03T22:00:00Z,2016-02-03T23:00:00+01:00,2016-02-03T23:00:00Z,2016-02-04T00:00:00+01:00,1,01:00:00,1,01:00:00,100.0,100.0,2016-02-03T22:00:00Z,2016-02-03T23:00:00+01:00,2016-02-03T23:00:00Z,2016-02-04T00:00:00+01:00
0.8,,,False,6,so2,µg/m³,,raw,01:00:00,2016-02-03T23:00:00Z,2016-02-04T00:00:00+01:00,2016-02-04T00:00:00Z,2016-02-04T01:00:00+01:00,1,01:00:00,1,01:00:00,100.0,100.0,2016-02-03T23:00:00Z,2016-02-04T00:00:00+01:00,2016-02-04T00:00:00Z,2016-02-04T01:00:00+01:00
0.9,,,False,6,so2,µg/m³,,raw,01:00:00,2016-02-04T00:00:00Z,2016-02-04T01:00:00+01:00,2016-02-04T01:00:00Z,2016-02-04T02:00:00+01:00,1,01:00:00,1,01:00:00,100.0,100.0,2016-02-04T00:00:00Z,2016-02-04T01:00:00+01:00,2016-02-04T01:00:00Z,2016-02-04T02:00:00+01:00
0.3,,,False,6,so2,µg/m³,,raw,01:00:00,2016-02-04T01:00:00Z,2016-02-04T02:00:00+01:00,2016-02-04T02:00:00Z,2016-02-04T03:00:00+01:00,1,01:00:00,1,01:00:00,100.0,100.0,2016-02-04T01:00:00Z,2016-02-04T02:00:00+01:00,2016-02-04T02:00:00Z,2016-02-04T03:00:00+01:00
0.7,,,False,6,so2,µg/m³,,raw,01:00:00,2016-02-04T02:00:00Z,2016-02-04T03:00:00+01:00,2016-02-04T03:00:00Z,2016-02-04T04:00:00+01:00,1,01:00:00,1,01:00:00,100.0,100.0,2016-02-04T02:00:00Z,2016-02-04T03:00:00+01:00,2016-02-04T03:00:00Z,2016-02-04T04:00:00+01:00
1.1,,,False,6,so2,µg/m³,,raw,01:00:00,2016-02-04T03:00:00Z,2016-02-04T04:00:00+01:00,2016-02-04T04:00:00Z,2016-02-04T05:00:00+01:00,1,01:00:00,1,01:00:00,100.0,100.0,2016-02-04T03:00:00Z,2016-02-04T04:00:00+01:00,2016-02-04T04:00:00Z,2016-02-04T05:00:00+01:00
1.0,,,False,6,so2,µg/m³,,raw,01:00:00,2016-02-04T04:00:00Z,2016-02-04T05:00:00+01:00,2016-02-04T05:00:00Z,2016-02-04T06:00:00+01:00,1,01:00:00,1,01:00:00,100.0,100.0,2016-02-04T04:00:00Z,2016-02-04T05:00:00+01:00,2016-02-04T05:00:00Z,2016-02-04T06:00:00+01:00
0.6,,,False,6,so2,µg/m³,,raw,01:00:00,2016-02-04T05:00:00Z,2016-02-04T06:00:00+01:00,2016-02-04T06:00:00Z,2016-02-04T07:00:00+01:00,1,01:00:00,1,01:00:00,100.0,100.0,2016-02-04T05:00:00Z,2016-02-04T06:00:00+01:00,2016-02-04T06:00:00Z,2016-02-04T07:00:00+01:00
0.4,,,False,6,so2,µg/m³,,raw,01:00:00,2016-02-04T06:00:00Z,2016-02-04T07:00:00+01:00,2016-02-04T07:00:00Z,2016-02-04T08:00:00+01:00,1,01:00:00,1,01:00:00,100.0,100.0,2016-02-04T06:00:00Z,2016-02-04T07:00:00+01:00,2016-02-04T07:00:00Z,2016-02-04T08:00:00+01:00
-999.0,,,False,6,so2,µg/m³,,raw,01:00:00,2016-02-04T07:00:00Z,2016-02-04T08:00:00+01:00,2016-02-04T08:00:00Z,2016-02-04T09:00:00+01:00,1,01:00:00,1,01:00:00,100.0,100.0,2016-02-04T07:00:00Z,2016-02-04T08:00:00+01:00,2016-02-04T08:00:00Z,2016-02-04T09:00:00+01:00
0.1,,,False,6,so2,µg/m³,,raw,01:00:00,2016-02-04T08:00:00Z,2016-02-04T09:00:00+01:00,2016-02-04T09:00:00Z,2016-02-04T10:00:00+01:00,1,01:00:00,1,01:00:00,100.0,100.0,2016-02-04T08:00:00Z,2016-02-04T09:00:00+01:00,2016-02-04T09:00:00Z,2016-02-04T10:00:00+01:00
0.1,,,False,6,so2,µg/m³,,raw,01:00:00,2016-02-04T09:00:00Z,2016-02-04T10:00:00+01:00,2016-02-04T10:00:00Z,2016-02-04T11:00:00+01:00,1,01:00:00,1,01:00:00,100.0,100.0,2016-02-04T09:00:00Z,2016-02-04T10:00:00+01:00,2016-02-04T10:00:00Z,2016-02-04T11:00:00+01:00
0.3,,,False,6,so2,µg/m³,,raw,01:00:00,2016-02-04T10:00:00Z,2016-02-04T11:00:00+01:00,2016-02-04T11:00:00Z,2016-02-04T12:00:00+01:00,1,01:00:00,1,01:00:00,100.0,100.0,2016-02-04T10:00:00Z,2016-02-04T11:00:00+01:00,2016-02-04T11:00:00Z,2016-02-04T12:00:00+01:00
0.3,,,False,6,so2,µg/m³,,raw,01:00:00,2016-02-04T11:00:00Z,2016-02-04T12:00:00+01:00,2016-02-04T12:00:00Z,2016-02-04T13:00:00+01:00,1,01:00:00,1,01:00:00,100.0,100.0,2016-02-04T11:00:00Z,2016-02-04T12:00:00+01:00,2016-02-04T12:00:00Z,2016-02-04T13:00:00+01:00
1.3,,,False,6,so2,µg/m³,,raw,01:00:00,2016-02-04T12:00:00Z,2016-02-04T13:00:00+01:00,2016-02-04T13:00:00Z,2016-02-04T14:00:00+01:00,1,01:00:00,1,01:00:00,100.0,100.0,2016-02-04T12:00:00Z,2016-02-04T13:00:00+01:00,2016-02-04T13:00:00Z,2016-02-04T14:00:00+01:00
0.8,,,False,6,so2,µg/m³,,raw,01:00:00,2016-02-04T13:00:00Z,2016-02-04T14:00:00+01:00,2016-02-04T14:00:00Z,2016-02-04T15:00:00+01:00,1,01:00:00,1,01:00:00,100.0,100.0,2016-02-04T13:00:00Z,2016-02-04T14:00:00+01:00,2016-02-04T14:00:00Z,2016-02-04T15:00:00+01:00
0.5,,,False,6,so2,µg/m³,,raw,01:00:00,2016-02-04T14:00:00Z,2016-02-04T15:00:00+01:00,2016-02-04T15:00:00Z,2016-02-04T16:00:00+01:00,1,01:00:00,1,01:00:00,100.0,100.0,2016-02-04T14:00:00Z,2016-02-04T15:00:00+01:00,2016-02-04T15:00:00Z,2016-02-04T16:00:00+01:00
0.4,,,False,6,so2,µg/m³,,raw,01:00:00,2016-02-04T15:00:00Z,2016-02-04T16:00:00+01:00,2016-02-04T16:00:00Z,2016-02-04T17:00:00+01:00,1,01:00:00,1,01:00:00,100.0,100.0,2016-02-04T15:00:00Z,2016-02-04T16:00:00+01:00,2016-02-04T16:00:00Z,2016-02-04T17:00:00+01:00
0.5,,,False,6,so2,µg/m³,,raw,01:00:00,2016-02-04T16:00:00Z,2016-02-04T17:00:00+01:00,2016-02-04T17:00:00Z,2016-02-04T18:00:00+01:00,1,01:00:00,1,01:00:00,100.0,100.0,2016-02-04T16:00:00Z,2016-02-04T17:00:00+01:00,2016-02-04T17:00:00Z,2016-02-04T18:00:00+01:00
0.7,,,False,6,so2,µg/m³,,raw,01:00:00,2016-02-04T17:00:00Z,2016-02-04T18:00:00+01:00,2016-02-04T18:00:00Z,2016-02-04T19:00:00+01:00,1,01:00:00,1,01:00:00,100.0,100.0,2016-02-04T17:00:00Z,2016-02-04T18:00:00+01:00,2016-02-04T18:00:00Z,2016-02-04T19:00:00+01:00
1.2,,,False,6,so2,µg/m³,,raw,01:00:00,2016-02-04T18:00:00Z,2016-02-04T19:00:00+01:00,2016-02-04T19:00:00Z,2016-02-04T20:00:00+01:00,1,01:00:00,1,01:00:00,100.0,100.0,2016-02-04T18:00:00Z,2016-02-04T19:00:00+01:00,2016-02-04T19:00:00Z,2016-02-04T20:00:00+01:00
0.4,,,False,6,so2,µg/m³,,raw,01:00:00,2016-02-04T19:00:00Z,2016-02-04T20:00:00+01:00,2016-02-04T20:00:00Z,2016-02-04T21:00:00+01:00,1,01:00:00,1,01:00:00,100.0,100.0,2016-02-04T19:00:00Z,2016-02-04T20:00:00+01:00,2016-02-04T20:00:00Z,2016-02-04T21:00:00+01:00
0.5,,,False,6,so2,µg/m³,,raw,01:00:00,2016-02-04T20:00:00Z,2016-02-04T21:00:00+01:00,2016-02-04T21:00:00Z,2016-02-04T22:00:00+01:00,1,01:00:00,1,01:00:00,100.0,100.0,2016-02-04T20:00:00Z,2016-02-04T21:00:00+01:00,2016-02-04T21:00:00Z,2016-02-04T22:00:00+01:00
0.6,,,False,6,so2,µg/m³,,raw,01:00:00,2016-02-04T21:00:00Z,2016-02-04T22:00:00+01:00,2016-02-04T22:00:00Z,2016-02-04T23:00:00+01:00,1,01:00:00,1,01:00:00,100.0,100.0,2016-02-04T21:00:00Z,2016-02-04T22:00:00+01:00,2016-02-04T22:00:00Z,2016-02-04T23:00:00+01:00
-999.0,,,False,6,so2,µg/m³,,raw,01:00:00,2016-02-04T22:00:00Z,2016-02-04T23:00:00+01:00,2016-02-04T23:00:00Z,2016-02-05T00:00:00+01:00,1,01:00:00,1,01:00:00,100.0,100.0,2016-02-04T22:00:00Z,2016-02-04T23:00:00+01:00,2016-02-04T23:00:00Z,2016-02-05T00:00:00+01:00
0.8,,,False,6,so2,µg/m³,,raw,01:00:00,2016-02-04T23:00:00Z,2016-02-05T00:00:00+01:00,2016-02-05T00:00:00Z,2016-02-05T01:00:00+01:00,1,01:00:00,1,01:00:00,100.0,100.0,2016-02-04T23:00:00Z,2016-02-05T00:00:00+01:00,2016-02-05T00:00:00Z,2016-02-05T01:00:00+01:00
0.4,,,False,6,so2,µg/m³,,raw,01:00:00,2016-02-05T00:00:00Z,2016-02-05T01:00:00+01:00,2016-02-05T01:00:00Z,2016-02-05T02:00:00+01:00,1,01:00:00,1,01:00:00,100.0,100.0,2016-02-05T00:00:00Z,2016-02-05T01:00:00+01:00,2016-02-05T01:00:00Z,2016-02-05T02:00:00+01:00
0.3,,,False,6,so2,µg/m³,,raw,01:00:00,2016-02-05T01:00:00Z,2016-02-05T02:00:00+01:00,2016-02-05T02:00:00Z,2016-02-05T03:00:00+01:00,1,01:00:00,1,01:00:00,100.0,100.0,2016-02-05T01:00:00Z,2016-02-05T02:00:00+01:00,2016-02-05T02:00:00Z,2016-02-05T03:00:00+01:00
0.3,,,False,6,so2,µg/m³,,raw,01:00:00,2016-02-05T02:00:00Z,2016-02-05T03:00:00+01:00,2016-02-05T03:00:00Z,2016-02-05T04:00:00+01:00,1,01:00:00,1,01:00:00,100.0,100.0,2016-02-05T02:00:00Z,2016-02-05T03:00:00+01:00,2016-02-05T03:00:00Z,2016-02-05T04:00:00+01:00
0.7,,,False,6,so2,µg/m³,,raw,01:00:00,2016-02-05T03:00:00Z,2016-02-05T04:00:00+01:00,2016-02-05T04:00:00Z,2016-02-05T05:00:00+01:00,1,01:00:00,1,01:00:00,100.0,100.0,2016-02-05T03:00:00Z,2016-02-05T04:00:00+01:00,2016-02-05T04:00:00Z,2016-02-05T05:00:00+01:00
1.7,,,False,6,so2,µg/m³,,raw,01:00:00,2016-02-05T04:00:00Z,2016-02-05T05:00:00+01:00,2016-02-05T05:00:00Z,2016-02-05T06:00:00+01:00,1,01:00:00,1,01:00:00,100.0,100.0,2016-02-05T04:00:00Z,2016-02-05T05:00:00+01:00,2016-02-05T05:00:00Z,2016-02-05T06:00:00+01:00
4.7,,,False,6,so2,µg/m³,,raw,01:00:00,2016-02-05T05:00:00Z,2016-02-05T06:00:00+01:00,2016-02-05T06:00:00Z,2016-02-05T07:00:00+01:00,1,01:00:00,1,01:00:00,100.0,100.0,2016-02-05T05:00:00Z,2016-02-05T06:00:00+01:00,2016-02-05T06:00:00Z,2016-02-05T07:00:00+01:00
3.5,,,False,6,so2,µg/m³,,raw,01:00:00,2016-02-05T06:00:00Z,2016-02-05T07:00:00+01:00,2016-02-05T07:00:00Z,2016-02-05T08:00:00+01:00,1,01:00:00,1,01:00:00,100.0,100.0,2016-02-05T06:00:00Z,2016-02-05T07:00:00+01:00,2016-02-05T07:00:00Z,2016-02-05T08:00:00+01:00
2.8,,,False,6,so2,µg/m³,,raw,01:00:00,2016-02-05T07:00:00Z,2016-02-05T08:00:00+01:00,2016-02-05T08:00:00Z,2016-02-05T09:00:00+01:00,1,01:00:00,1,01:00:00,100.0,100.0,2016-02-05T07:00:00Z,2016-02-05T08:00:00+01:00,2016-02-05T08:00:00Z,2016-02-05T09:00:00+01:00
1.6,,,False,6,so2,µg/m³,,raw,01:00:00,2016-02-05T08:00:00Z,2016-02-05T09:00:00+01:00,2016-02-05T09:00:00Z,2016-02-05T10:00:00+01:00,1,01:00:00,1,01:00:00,100.0,100.0,2016-02-05T08:00:00Z,2016-02-05T09:00:00+01:00,2016-02-05T09:00:00Z,2016-02-05T10:00:00+01:00
0.9,,,False,6,so2,µg/m³,,raw,01:00:00,2016-02-05T09:00:00Z,2016-02-05T10:00:00+01:00,2016-02-05T10:00:00Z,2016-02-05T11:00:00+01:00,1,01:00:00,1,01:00:00,100.0,100.0,2016-02-05T09:00:00Z,2016-02-05T10:00:00+01:00,2016-02-05T10:00:00Z,2016-02-05T11:00:00+01:00
0.9,,,False,6,so2,µg/m³,,raw,01:00:00,2016-02-05T10:00:00Z,2016-02-05T11:00:00+01:00,2016-02-05T11:00:00Z,2016-02-05T12:00:00+01:00,1,01:00:00,1,01:00:00,100.0,100.0,2016-02-05T10:00:00Z,2016-02-05T11:00:00+01:00,2016-02-05T11:00:00Z,2016-02-05T12:00:00+01:00
0.6,,,False,6,so2,µg/m³,,raw,01:00:00,2016-02-05T11:00:00Z,2016-02-05T12:00:00+01:00,2016-02-05T12:00:00Z,2016-02-05T13:00:00+01:00,1,01:00:00,1,01:00:00,100.0,100.0,2016-02-05T11:00:00Z,2016-02-05T12:00:00+01:00,2016-02-05T12:00:00Z,2016-02-05T13:00:00+01:00
0.5,,,False,6,so2,µg/m³,,raw,01:00:00,2016-02-05T12:00:00Z,2016-02-05T13:00:00+01:00,2016-02-05T13:00:00Z,2016-02-05T14:00:00+01:00,1,01:00:00,1,01:00:00,100.0,100.0,2016-02-05T12:00:00Z,2016-02-05T13:00:00+01:00,2016-02-05T13:00:00Z,2016-02-05T14:00:00+01:00
-999.0,,,False,6,so2,µg/m³,,raw,01:00:00,2016-02-05T13:00:00Z,2016-02-05T14:00:00+01:00,2016-02-05T14:00:00Z,2016-02-05T15:00:00+01:00,1,01:00:00,1,01:00:00,100.0,100.0,2016-02-05T13:00:00Z,2016-02-05T14:00:00+01:00,2016-02-05T14:00:00Z,2016-02-05T15:00:00+01:00
0.6,,,False,6,so2,µg/m³,,raw,01:00:00,2016-02-05T14:00:00Z,2016-02-05T15:00:00+01:00,2016-02-05T15:00:00Z,2016-02-05T16:00:00+01:00,1,01:00:00,1,01:00:00,100.0,100.0,2016-02-05T14:00:00Z,2016-02-05T15:00:00+01:00,2016-02-05T15:00:00Z,2016-02-05T16:00:00+01:00
1.1,,,False,6,so2,µg/m³,,raw,01:00:00,2016-02-05T15:00:00Z,2016-02-05T16:00:00+01:00,2016-02-05T16:00:00Z,2016-02-05T17:00:00+01:00,1,01:00:00,1,01:00:00,100.0,100.0,2016-02-05T15:00:00Z,2016-02-05T16:00:00+01:00,2016-02-05T16:00:00Z,2016-02-05T17:00:00+01:00
0.8,,,False,6,so2,µg/m³,,raw,01:00:00,2016-02-05T16:00:00Z,2016-02-05T17:00:00+01:00,2016-02-05T17:00:00Z,2016-02-05T18:00:00+01:00,1,01:00:00,1,01:00:00,100.0,100.0,2016-02-05T16:00:00Z,2016-02-05T17:00:00+01:00,2016-02-05T17:00:00Z,2016-02-05T18:00:00+01:00
0.4,,,False,6,so2,µg/m³,,raw,01:00:00,2016-02-05T17:00:00Z,2016-02-05T18:00:00+01:00,2016-02-05T18:00:00Z,2016-02-05T19:00:00+01:00,1,01:00:00,1,01:00:00,100.0,100.0,2016-02-05T17:00:00Z,2016-02-05T18:00:00+01:00,2016-02-05T18:00:00Z,2016-02-05T19:00:00+01:00
0.7,,,False,6,so2,µg/m³,,raw,01:00:00,2016-02-05T18:00:00Z,2016-02-05T19:00:00+01:00,2016-02-05T19:00:00Z,2016-02-05T20:00:00+01:00,1,01:00:00,1,01:00:00,100.0,100.0,2016-02-05T18:00:00Z,2016-02-05T19:00:00+01:00,2016-02-05T19:00:00Z,2016-02-05T20:00:00+01:00
0.5,,,False,6,so2,µg/m³,,raw,01:00:00,2016-02-05T19:00:00Z,2016-02-05T20:00:00+01:00,2016-02-05T20:00:00Z,2016-02-05T21:00:00+01:00,1,01:00:00,1,01:00:00,100.0,100.0,2016-02-05T19:00:00Z,2016-02-05T20:00:00+01:00,2016-02-05T20:00:00Z,2016-02-05T21:00:00+01:00
1.2,,,False,6,so2,µg/m³,,raw,01:00:00,2016-02-05T20:00:00Z,2016-02-05T21:00:00+01:00,2016-02-05T21:00:00Z,2016-02-05T22:00:00+01:00,1,01:00:00,1,01:00:00,100.0,100.0,2016-02-05T20:00:00Z,2016-02-05T21:00:00+01:00,2016-02-05T21:00:00Z,2016-02-05T22:00:00+01:00
2.2,,,False,6,so2,µg/m³,,raw,01:00:00,2016-02-05T21:00:00Z,2016-02-05T22:00:00+01:00,2016-02-05T22:00:00Z,2016-02-05T23:00:00+01:00,1,01:00:00,1,01:00:00,100.0,100.0,2016-02-05T21:00:00Z,2016-02-05T22:00:00+01:00,2016-02-05T22:00:00Z,2016-02-05T23:00:00+01:00
-999.0,,,False,6,so2,µg/m³,,raw,01:00:00,2016-02-05T22:00:00Z,2016-02-05T23:00:00+01:00,2016-02-05T23:00:00Z,2016-02-06T00:00:00+01:00,1,01:00:00,1,01:00:00,100.0,100.0,2016-02-05T22:00:00Z,2016-02-05T23:00:00+01:00,2016-02-05T23:00:00Z,2016-02-06T00:00:00+01:00
0.9,,,False,6,so2,µg/m³,,raw,01:00:00,2016-02-05T23:00:00Z,2016-02-06T00:00:00+01:00,2016-02-06T00:00:00Z,2016-02-06T01:00:00+01:00,1,01:00:00,1,01:00:00,100.0,100.0,2016-02-05T23:00:00Z,2016-02-06T00:00:00+01:00,2016-02-06T00:00:00Z,2016-02-06T01:00:00+01:00
0.6,,,False,6,so2,µg/m³,,raw,01:00:00,2016-02-06T00:00:00Z,2016-02-06T01:00:00+01:00,2016-02-06T01:00:00Z,2016-02-06T02:00:00+01:00,1,01:00:00,1,01:00:00,100.0,100.0,2016-02-06T00:00:00Z,2016-02-06T01:00:00+01:00,2016-02-06T01:00:00Z,2016-02-06T02:00:00+01:00
0.7,,,False,6,so2,µg/m³,,raw,01:00:00,2016-02-06T01:00:00Z,2016-02-06T02:00:00+01:00,2016-02-06T02:00:00Z,2016-02-06T03:00:00+01:00,1,01:00:00,1,01:00:00,100.0,100.0,2016-02-06T01:00:00Z,2016-02-06T02:00:00+01:00,2016-02-06T02:00:00Z,2016-02-06T03:00:00+01:00
0.3,,,False,6,so2,µg/m³,,raw,01:00:00,2016-02-06T02:00:00Z,2016-02-06T03:00:00+01:00,2016-02-06T03:00:00Z,2016-02-06T04:00:00+01:00,1,01:00:00,1,01:00:00,100.0,100.0,2016-02-06T02:00:00Z,2016-02-06T03:00:00+01:00,2016-02-06T03:00:00Z,2016-02-06T04:00:00+01:00
0.3,,,False,6,so2,µg/m³,,raw,01:00:00,2016-02-06T03:00:00Z,2016-02-06T04:00:00+01:00,2016-02-06T04:00:00Z,2016-02-06T05:00:00+01:00,1,01:00:00,1,01:00:00,100.0,100.0,2016-02-06T03:00:00Z,2016-02-06T04:00:00+01:00,2016-02-06T04:00:00Z,2016-02-06T05:00:00+01:00
-999.0,,,False,6,so2,µg/m³,,raw,01:00:00,2016-02-06T04:00:00Z,2016-02-06T05:00:00+01:00,2016-02-06T05:00:00Z,2016-02-06T06:00:00+01:00,1,01:00:00,1,01:00:00,100.0,100.0,2016-02-06T04:00:00Z,2016-02-06T05:00:00+01:00,2016-02-06T05:00:00Z,2016-02-06T06:00:00+01:00
0.3,,,False,6,so2,µg/m³,,raw,01:00:00,2016-02-06T05:00:00Z,2016-02-06T06:00:00+01:00,2016-02-06T06:00:00Z,2016-02-06T07:00:00+01:00,1,01:00:00,1,01:00:00,100.0,100.0,2016-02-06T05:00:00Z,2016-02-06T06:00:00+01:00,2016-02-06T06:00:00Z,2016-02-06T07:00:00+01:00
0.5,,,False,6,so2,µg/m³,,raw,01:00:00,2016-02-06T06:00:00Z,2016-02-06T07:00:00+01:00,2016-02-06T07:00:00Z,2016-02-06T08:00:00+01:00,1,01:00:00,1,01:00:00,100.0,100.0,2016-02-06T06:00:00Z,2016-02-06T07:00:00+01:00,2016-02-06T07:00:00Z,2016-02-06T08:00:00+01:00
0.8,,,False,6,so2,µg/m³,,raw,01:00:00,2016-02-06T07:00:00Z,2016-02-06T08:00:00+01:00,2016-02-06T08:00:00Z,2016-02-06T09:00:00+01:00,1,01:00:00,1,01:00:00,100.0,100.0,2016-02-06T07:00:00Z,2016-02-06T08:00:00+01:00,2016-02-06T08:00:00Z,2016-02-06T09:00:00+01:00
0.9,,,False,6,so2,µg/m³,,raw,01:00:00,2016-02-06T08:00:00Z,2016-02-06T09:00:00+01:00,2016-02-06T09:00:00Z,2016-02-06T10:00:00+01:00,1,01:00:00,1,01:00:00,100.0,100.0,2016-02-06T08:00:00Z,2016-02-06T09:00:00+01:00,2016-02-06T09:00:00Z,2016-02-06T10:00:00+01:00
1.4,,,False,6,so2,µg/m³,,raw,01:00:00,2016-02-06T09:00:00Z,2016-02-06T10:00:00+01:00,2016-02-06T10:00:00Z,2016-02-06T11:00:00+01:00,1,01:00:00,1,01:00:00,100.0,100.0,2016-02-06T09:00:00Z,2016-02-06T10:00:00+01:00,2016-02-06T10:00:00Z,2016-02-06T11:00:00+01:00
1.7,,,False,6,so2,µg/m³,,raw,01:00:00,2016-02-06T10:00:00Z,2016-02-06T11:00:00+01:00,2016-02-06T11:00:00Z,2016-02-06T12:00:00+01:00,1,01:00:00,1,01:00:00,100.0,100.0,2016-02-06T10:00:00Z,2016-02-06T11:00:00+01:00,2016-02-06T11:00:00Z,2016-02-06T12:00:00+01:00
1.7,,,False,6,so2,µg/m³,,raw,01:00:00,2016-02-06T11:00:00Z,2016-02-06T12:00:00+01:00,2016-02-06T12:00:00Z,2016-02-06T13:00:00+01:00,1,01:00:00,1,01:00:00,100.0,100.0,2016-02-06T11:00:00Z,2016-02-06T12:00:00+01:00,2016-02-06T12:00:00Z,2016-02-06T13:00:00+01:00
1.3,,,False,6,so2,µg/m³,,raw,01:00:00,2016-02-06T12:00:00Z,2016-02-06T13:00:00+01:00,2016-02-06T13:00:00Z,2016-02-06T14:00:00+01:00,1,01:00:00,1,01:00:00,100.0,100.0,2016-02-06T12:00:00Z,2016-02-06T13:00:00+01:00,2016-02-06T13:00:00Z,2016-02-06T14:00:00+01:00
1.6,,,False,6,so2,µg/m³,,raw,01:00:00,2016-02-06T13:00:00Z,2016-02-06T14:00:00+01:00,2016-02-06T14:00:00Z,2016-02-06T15:00:00+01:00,1,01:00:00,1,01:00:00,100.0,100.0,2016-02-06T13:00:00Z,2016-02-06T14:00:00+01:00,2016-02-06T14:00:00Z,2016-02-06T15:00:00+01:00
1.3,,,False,6,so2,µg/m³,,raw,01:00:00,2016-02-06T14:00:00Z,2016-02-06T15:00:00+01:00,2016-02-06T15:00:00Z,2016-02-06T16:00:00+01:00,1,01:00:00,1,01:00:00,100.0,100.0,2016-02-06T14:00:00Z,2016-02-06T15:00:00+01:00,2016-02-06T15:00:00Z,2016-02-06T16:00:00+01:00
1.0,,,False,6,so2,µg/m³,,raw,01:00:00,2016-02-06T15:00:00Z,2016-02-06T16:00:00+01:00,2016-02-06T16:00:00Z,2016-02-06T17:00:00+01:00,1,01:00:00,1,01:00:00,100.0,100.0,2016-02-06T15:00:00Z,2016-02-06T16:00:00+01:00,2016-02-06T16:00:00Z,2016-02-06T17:00:00+01:00
0.7,,,False,6,so2,µg/m³,,raw,01:00:00,2016-02-06T16:00:00Z,2016-02-06T17:00:00+01:00,2016-02-06T17:00:00Z,2016-02-06T18:00:00+01:00,1,01:00:00,1,01:00:00,100.0,100.0,2016-02-06T16:00:00Z,2016-02-06T17:00:00+01:00,2016-02-06T17:00:00Z,2016-02-06T18:00:00+01:00
0.4,,,False,6,so2,µg/m³,,raw,01:00:00,2016-02-06T17:00:00Z,2016-02-06T18:00:00+01:00,2016-02-06T18:00:00Z,2016-02-06T19:00:00+01:00,1,01:00:00,1,01:00:00,100.0,100.0,2016-02-06T17:00:00Z,2016-02-06T18:00:00+01:00,2016-02-06T18:00:00Z,2016-02-06T19:00:00+01:00
0.4,,,False,6,so2,µg/m³,,raw,01:00:00,2016-02-06T18:00:00Z,2016-02-06T19:00:00+01:00,2016-02-06T19:00:00Z,2016-02-06T20:00:00+01:00,1,01:00:00,1,01:00:00,100.0,100.0,2016-02-06T18:00:00Z,2016-02-06T19:00:00+01:00,2016-02-06T19:00:00Z,2016-02-06T20:00:00+01:00
-999.0,,,False,6,so2,µg/m³,,raw,01:00:00,2016-02-06T19:00:00Z,2016-02-06T20:00:00+01:00,2016-02-06T20:00:00Z,2016-02-06T21:00:00+01:00,1,01:00:00,1,01:00:00,100.0,100.0,2016-02-06T19:00:00Z,2016-02-06T20:00:00+01:00,2016-02-06T20:00:00Z,2016-02-06T21:00:00+01:00
0.3,,,False,6,so2,µg/m³,,raw,01:00:00,2016-02-06T20:00:00Z,2016-02-06T21:00:00+01:00,2016-02-06T21:00:00Z,2016-02-06T22:00:00+01:00,1,01:00:00,1,01:00:00,100.0,100.0,2016-02-06T20:00:00Z,2016-02-06T21:00:00+01:00,2016-02-06T21:00:00Z,2016-02-06T22:00:00+01:00
0.3,,,False,6,so2,µg/m³,,raw,01:00:00,2016-02-06T21:00:00Z,2016-02-06T22:00:00+01:00,2016-02-06T22:00:00Z,2016-02-06T23:00:00+01:00,1,01:00:00,1,01:00:00,100.0,100.0,2016-02-06T21:00:00Z,2016-02-06T22:00:00+01:00,2016-02-06T22:00:00Z,2016-02-06T23:00:00+01:00
-999.0,,,False,6,so2,µg/m³,,raw,01:00:00,2016-02-06T22:00:00Z,2016-02-06T23:00:00+01:00,2016-02-06T23:00:00Z,2016-02-07T00:00:00+01:00,1,01:00:00,1,01:00:00,100.0,100.0,2016-02-06T22:00:00Z,2016-02-06T23:00:00+01:00,2016-02-06T23:00:00Z,2016-02-07T00:00:00+01:00
0.3,,,False,6,so2,µg/m³,,raw,01:00:00,2016-02-06T23:00:00Z,2016-02-07T00:00:00+01:00,2016-02-07T00:00:00Z,2016-02-07T01:00:00+01:00,1,01:00:00,1,01:00:00,100.0,100.0,2016-02-06T23:00:00Z,2016-02-07T00:00:00+01:00,2016-02-07T00:00:00Z,2016-02-07T01:00:00+01:00
0.4,,,False,6,so2,µg/m³,,raw,01:00:00,2016-02-07T00:00:00Z,2016-02-07T01:00:00+01:00,2016-02-07T01:00:00Z,2016-02-07T02:00:00+01:00,1,01:00:00,1,01:00:00,100.0,100.0,2016-02-07T00:00:00Z,2016-02-07T01:00:00+01:00,2016-02-07T01:00:00Z,2016-02-07T02:00:00+01:00
0.3,,,False,6,so2,µg/m³,,raw,01:00:00,2016-02-07T01:00:00Z,2016-02-07T02:00:00+01:00,2016-02-07T02:00:00Z,2016-02-07T03:00:00+01:00,1,01:00:00,1,01:00:00,100.0,100.0,2016-02-07T01:00:00Z,2016-02-07T02:00:00+01:00,2016-02-07T02:00:00Z,2016-02-07T03:00:00+01:00
0.3,,,False,6,so2,µg/m³,,raw,01:00:00,2016-02-07T02:00:00Z,2016-02-07T03:00:00+01:00,2016-02-07T03:00:00Z,2016-02-07T04:00:00+01:00,1,01:00:00,1,01:00:00,100.0,100.0,2016-02-07T02:00:00Z,2016-02-07T03:00:00+01:00,2016-02-07T03:00:00Z,2016-02-07T04:00:00+01:00
0.2,,,False,6,so2,µg/m³,,raw,01:00:00,2016-02-07T03:00:00Z,2016-02-07T04:00:00+01:00,2016-02-07T04:00:00Z,2016-02-07T05:00:00+01:00,1,01:00:00,1,01:00:00,100.0,100.0,2016-02-07T03:00:00Z,2016-02-07T04:00:00+01:00,2016-02-07T04:00:00Z,2016-02-07T05:00:00+01:00
0.5,,,False,6,so2,µg/m³,,raw,01:00:00,2016-02-07T04:00:00Z,2016-02-07T05:00:00+01:00,2016-02-07T05:00:00Z,2016-02-07T06:00:00+01:00,1,01:00:00,1,01:00:00,100.0,100.0,2016-02-07T04:00:00Z,2016-02-07T05:00:00+01:00,2016-02-07T05:00:00Z,2016-02-07T06:00:00+01:00
0.2,,,False,6,so2,µg/m³,,raw,01:00:00,2016-02-07T05:00:00Z,2016-02-07T06:00:00+01:00,2016-02-07T06:00:00Z,2016-02-07T07:00:00+01:00,1,01:00:00,1,01:00:00,100.0,100.0,2016-02-07T05:00:00Z,2016-02-07T06:00:00+01:00,2016-02-07T06:00:00Z,2016-02-07T07:00:00+01:00
0.1,,,False,6,so2,µg/m³,,raw,01:00:00,2016-02-07T06:00:00Z,2016-02-07T07:00:00+01:00,2016-02-07T07:00:00Z,2016-02-07T08:00:00+01:00,1,01:00:00,1,01:00:00,100.0,100.0,2016-02-07T06:00:00Z,2016-02-07T07:00:00+01:00,2016-02-07T07:00:00Z,2016-02-07T08:00:00+01:00
0.1,,,False,6,so2,µg/m³,,raw,01:00:00,2016-02-07T07:00:00Z,2016-02-07T08:00:00+01:00,2016-02-07T08:00:00Z,2016-02-07T09:00:00+01:00,1,01:00:00,1,01:00:00,100.0,100.0,2016-02-07T07:00:00Z,2016-02-07T08:00:00+01:00,2016-02-07T08:00:00Z,2016-02-07T09:00:00+01:00
0.3,,,False,6,so2,µg/m³,,raw,01:00:00,2016-02-07T08:00:00Z,2016-02-07T09:00:00+01:00,2016-02-07T09:00:00Z,2016-02-07T10:00:00+01:00,1,01:00:00,1,01:00:00,100.0,100.0,2016-02-07T08:00:00Z,2016-02-07T09:00:00+01:00,2016-02-07T09:00:00Z,2016-02-07T10:00:00+01:00
0.6,,,False,6,so2,µg/m³,,raw,01:00:00,2016-02-07T09:00:00Z,2016-02-07T10:00:00+01:00,2016-02-07T10:00:00Z,2016-02-07T11:00:00+01:00,1,01:00:00,1,01:00:00,100.0,100.0,2016-02-07T09:00:00Z,2016-02-07T10:00:00+01:00,2016-02-07T10:00:00Z,2016-02-07T11:00:00+01:00
-999.0,,,False,6,so2,µg/m³,,raw,01:00:00,2016-02-07T10:00:00Z,2016-02-07T11:00:00+01:00,2016-02-07T11:00:00Z,2016-02-07T12:00:00+01:00,1,01:00:00,1,01:00:00,100.0,100.0,2016-02-07T10:00:00Z,2016-02-07T11:00:00+01:00,2016-02-07T11:00:00Z,2016-02-07T12:00:00+01:00
1.7,,,False,6,so2,µg/m³,,raw,01:00:00,2016-02-07T11:00:00Z,2016-02-07T12:00:00+01:00,2016-02-07T12:00:00Z,2016-02-07T13:00:00+01:00,1,01:00:00,1,01:00:00,100.0,100.0,2016-02-07T11:00:00Z,2016-02-07T12:00:00+01:00,2016-02-07T12:00:00Z,2016-02-07T13:00:00+01:00
0.7,,,False,6,so2,µg/m³,,raw,01:00:00,2016-02-07T12:00:00Z,2016-02-07T13:00:00+01:00,2016-02-07T13:00:00Z,2016-02-07T14:00:00+01:00,1,01:00:00,1,01:00:00,100.0,100.0,2016-02-07T12:00:00Z,2016-02-07T13:00:00+01:00,2016-02-07T13:00:00Z,2016-02-07T14:00:00+01:00
0.4,,,False,6,so2,µg/m³,,raw,01:00:00,2016-02-07T13:00:00Z,2016-02-07T14:00:00+01:00,2016-02-07T14:00:00Z,2016-02-07T15:00:00+01:00,1,01:00:00,1,01:00:00,100.0,100.0,2016-02-07T13:00:00Z,2016-02-07T14:00:00+01:00,2016-02-07T14:00:00Z,2016-02-07T15:00:00+01:00
0.9,,,False,6,so2,µg/m³,,raw,01:00:00,2016-02-07T14:00:00Z,2016-02-07T15:00:00+01:00,2016-02-07T15:00:00Z,2016-02-07T16:00:00+01:00,1,01:00:00,1,01:00:00,100.0,100.0,2016-02-07T14:00:00Z,2016-02-07T15:00:00+01:00,2016-02-07T15:00:00Z,2016-02-07T16:00:00+01:00
1.0,,,False,6,so2,µg/m³,,raw,01:00:00,2016-02-07T15:00:00Z,2016-02-07T16:00:00+01:00,2016-02-07T16:00:00Z,2016-02-07T17:00:00+01:00,1,01:00:00,1,01:00:00,100.0,100.0,2016-02-07T15:00:00Z,2016-02-07T16:00:00+01:00,2016-02-07T16:00:00Z,2016-02-07T17:00:00+01:00
1.4,,,False,6,so2,µg/m³,,raw,01:00:00,2016-02-07T16:00:00Z,2016-02-07T17:00:00+01:00,2016-02-07T17:00:00Z,2016-02-07T18:00:00+01:00,1,01:00:00,1,01:00:00,100.0,100.0,2016-02-07T16:00:00Z,2016-02-07T17:00:00+01:00,2016-02-07T17:00:00Z,2016-02-07T18:00:00+01:00
1.6,,,False,6,so2,µg/m³,,raw,01:00:00,2016-02-07T17:00:00Z,2016-02-07T18:00:00+01:00,2016-02-07T18:00:00Z,2016-02-07T19:00:00+01:00,1,01:00:00,1,01:00:00,100.0,100.0,2016-02-07T17:00:00Z,2016-02-07T18:00:00+01:00,2016-02-07T18:00:00Z,2016-02-07T19:00:00+01:00
1.8,,,False,6,so2,µg/m³,,raw,01:00:00,2016-02-07T18:00:00Z,2016-02-07T19:00:00+01:00,2016-02-07T19:00:00Z,2016-02-07T20:00:00+01:00,1,01:00:00,1,01:00:00,100.0,100.0,2016-02-07T18:00:00Z,2016-02-07T19:00:00+01:00,2016-02-07T19:00:00Z,2016-02-07T20:00:00+01:00
0.6,,,False,6,so2,µg/m³,,raw,01:00:00,2016-02-07T19:00:00Z,2016-02-07T20:00:00+01:00,2016-02-07T20:00:00Z,2016-02-07T21:00:00+01:00,1,01:00:00,1,01:00:00,100.0,100.0,2016-02-07T19:00:00Z,2016-02-07T20:00:00+01:00,2016-02-07T20:00:00Z,2016-02-07T21:00:00+01:00
0.9,,,False,6,so2,µg/m³,,raw,01:00:00,2016-02-07T20:00:00Z,2016-02-07T21:00:00+01:00,2016-02-07T21:00:00Z,2016-02-07T22:00:00+01:00,1,01:00:00,1,01:00:00,100.0,100.0,2016-02-07T20:00:00Z,2016-02-07T21:00:00+01:00,2016-02-07T21:00:00Z,2016-02-07T22:00:00+01:00
0.8,,,False,6,so2,µg/m³,,raw,01:00:00,2016-02-07T21:00:00Z,2016-02-07T22:00:00+01:00,2016-02-07T22:00:00Z,2016-02-07T23:00:00+01:00,1,01:00:00,1,01:00:00,100.0,100.0,2016-02-07T21:00:00Z,2016-02-07T22:00:00+01:00,2016-02-07T22:00:00Z,2016-02-07T23:00:00+01:00
-999.0,,,False,6,so2,µg/m³,,raw,01:00:00,2016-02-07T22:00:00Z,2016-02-07T23:00:00+01:00,2016-02-07T23:00:00Z,2016-02-08T00:00:00+01:00,1,01:00:00,1,01:00:00,100.0,100.0,2016-02-07T22:00:00Z,2016-02-07T23:00:00+01:00,2016-02-07T23:00:00Z,2016-02-08T00:00:00+01:00
0.3,,,False,6,so2,µg/m³,,raw,01:00:00,2016-02-07T23:00:00Z,2016-02-08T00:00:00+01:00,2016-02-08T00:00:00Z,2016-02-08T01:00:00+01:00,1,01:00:00,1,01:00:00,100.0,100.0,2016-02-07T23:00:00Z,2016-02-08T00:00:00+01:00,2016-02-08T00:00:00Z,2016-02-08T01:00:00+01:00
0.5,,,False,6,so2,µg/m³,,raw,01:00:00,2016-02-08T00:00:00Z,2016-02-08T01:00:00+01:00,2016-02-08T01:00:00Z,2016-02-08T02:00:00+01:00,1,01:00:00,1,01:00:00,100.0,100.0,2016-02-08T00:00:00Z,2016-02-08T01:00:00+01:00,2016-02-08T01:00:00Z,2016-02-08T02:00:00+01:00
-999.0,,,False,6,so2,µg/m³,,raw,01:00:00,2016-02-08T01:00:00Z,2016-02-08T02:00:00+01:00,2016-02-08T02:00:00Z,2016-02-08T03:00:00+01:00,1,01:00:00,1,01:00:00,100.0,100.0,2016-02-08T01:00:00Z,2016-02-08T02:00:00+01:00,2016-02-08T02:00:00Z,2016-02-08T03:00:00+01:00
0.1,,,False,6,so2,µg/m³,,raw,01:00:00,2016-02-08T02:00:00Z,2016-02-08T03:00:00+01:00,2016-02-08T03:00:00Z,2016-02-08T04:00:00+01:00,1,01:00:00,1,01:00:00,100.0,100.0,2016-02-08T02:00:00Z,2016-02-08T03:00:00+01:00,2016-02-08T03:00:00Z,2016-02-08T04:00:00+01:00
0.1,,,False,6,so2,µg/m³,,raw,01:00:00,2016-02-08T03:00:00Z,2016-02-08T04:00:00+01:00,2016-02-08T04:00:00Z,2016-02-08T05:00:00+01:00,1,01:00:00,1,01:00:00,100.0,100.0,2016-02-08T03:00:00Z,2016-02-08T04:00:00+01:00,2016-02-08T04:00:00Z,2016-02-08T05:00:00+01:00
0.1,,,False,6,so2,µg/m³,,raw,01:00:00,2016-02-08T04:00:00Z,2016-02-08T05:00:00+01:00,2016-02-08T05:00:00Z,2016-02-08T06:00:00+01:00,1,01:00:00,1,01:00:00,100.0,100.0,2016-02-08T04:00:00Z,2016-02-08T05:00:00+01:00,2016-02-08T05:00:00Z,2016-02-08T06:00:00+01:00
0.1,,,False,6,so2,µg/m³,,raw,01:00:00,2016-02-08T05:00:00Z,2016-02-08T06:00:00+01:00,2016-02-08T06:00:00Z,2016-02-08T07:00:00+01:00,1,01:00:00,1,01:00:00,100.0,100.0,2016-02-08T05:00:00Z,2016-02-08T06:00:00+01:00,2016-02-08T06:00:00Z,2016-02-08T07:00:00+01:00
0.4,,,False,6,so2,µg/m³,,raw,01:00:00,2016-02-08T06:00:00Z,2016-02-08T07:00:00+01:00,2016-02-08T07:00:00Z,2016-02-08T08:00:00+01:00,1,01:00:00,1,01:00:00,100.0,100.0,2016-02-08T06:00:00Z,2016-02-08T07:00:00+01:00,2016-02-08T07:00:00Z,2016-02-08T08:00:00+01:00
0.4,,,False,6,so2,µg/m³,,raw,01:00:00,2016-02-08T07:00:00Z,2016-02-08T08:00:00+01:00,2016-02-08T08:00:00Z,2016-02-08T09:00:00+01:00,1,01:00:00,1,01:00:00,100.0,100.0,2016-02-08T07:00:00Z,2016-02-08T08:00:00+01:00,2016-02-08T08:00:00Z,2016-02-08T09:00:00+01:00
1.0,,,False,6,so2,µg/m³,,raw,01:00:00,2016-02-08T08:00:00Z,2016-02-08T09:00:00+01:00,2016-02-08T09:00:00Z,2016-02-08T10:00:00+01:00,1,01:00:00,1,01:00:00,100.0,100.0,2016-02-08T08:00:00Z,2016-02-08T09:00:00+01:00,2016-02-08T09:00:00Z,2016-02-08T10:00:00+01:00
1.0,,,False,6,so2,µg/m³,,raw,01:00:00,2016-02-08T09:00:00Z,2016-02-08T10:00:00+01:00,2016-02-08T10:00:00Z,2016-02-08T11:00:00+01:00,1,01:00:00,1,01:00:00,100.0,100.0,2016-02-08T09:00:00Z,2016-02-08T10:00:00+01:00,2016-02-08T10:00:00Z,2016-02-08T11:00:00+01:00
1.1,,,False,6,so2,µg/m³,,raw,01:00:00,2016-02-08T10:00:00Z,2016-02-08T11:00:00+01:00,2016-02-08T11:00:00Z,2016-02-08T12:00:00+01:00,1,01:00:00,1,01:00:00,100.0,100.0,2016-02-08T10:00:00Z,2016-02-08T11:00:00+01:00,2016-02-08T11:00:00Z,2016-02-08T12:00:00+01:00
0.8,,,False,6,so2,µg/m³,,raw,01:00:00,2016-02-08T11:00:00Z,2016-02-08T12:00:00+01:00,2016-02-08T12:00:00Z,2016-02-08T13:00:00+01:00,1,01:00:00,1,01:00:00,100.0,100.0,2016-02-08T11:00:00Z,2016-02-08T12:00:00+01:00,2016-02-08T12:00:00Z,2016-02-08T13:00:00+01:00
0.8,,,False,6,so2,µg/m³,,raw,01:00:00,2016-02-08T12:00:00Z,2016-02-08T13:00:00+01:00,2016-02-08T13:00:00Z,2016-02-08T14:00:00+01:00,1,01:00:00,1,01:00:00,100.0,100.0,2016-02-08T12:00:00Z,2016-02-08T13:00:00+01:00,2016-02-08T13:00:00Z,2016-02-08T14:00:00+01:00
0.6,,,False,6,so2,µg/m³,,raw,01:00:00,2016-02-08T13:00:00Z,2016-02-08T14:00:00+01:00,2016-02-08T14:00:00Z,2016-02-08T15:00:00+01:00,1,01:00:00,1,01:00:00,100.0,100.0,2016-02-08T13:00:00Z,2016-02-08T14:00:00+01:00,2016-02-08T14:00:00Z,2016-02-08T15:00:00+01:00
0.5,,,False,6,so2,µg/m³,,raw,01:00:00,2016-02-08T14:00:00Z,2016-02-08T15:00:00+01:00,2016-02-08T15:00:00Z,2016-02-08T16:00:00+01:00,1,01:00:00,1,01:00:00,100.0,100.0,2016-02-08T14:00:00Z,2016-02-08T15:00:00+01:00,2016-02-08T15:00:00Z,2016-02-08T16:00:00+01:00
0.7,,,False,6,so2,µg/m³,,raw,01:00:00,2016-02-08T15:00:00Z,2016-02-08T16:00:00+01:00,2016-02-08T16:00:00Z,2016-02-08T17:00:00+01:00,1,01:00:00,1,01:00:00,100.0,100.0,2016-02-08T15:00:00Z,2016-02-08T16:00:00+01:00,2016-02-08T16:00:00Z,2016-02-08T17:00:00+01:00
-999.0,,,False,6,so2,µg/m³,,raw,01:00:00,2016-02-08T16:00:00Z,2016-02-08T17:00:00+01:00,2016-02-08T17:00:00Z,2016-02-08T18:00:00+01:00,1,01:00:00,1,01:00:00,100.0,100.0,2016-02-08T16:00:00Z,2016-02-08T17:00:00+01:00,2016-02-08T17:00:00Z,2016-02-08T18:00:00+01:00
0.2,,,False,6,so2,µg/m³,,raw,01:00:00,2016-02-08T17:00:00Z,2016-02-08T18:00:00+01:00,2016-02-08T18:00:00Z,2016-02-08T19:00:00+01:00,1,01:00:00,1,01:00:00,100.0,100.0,2016-02-08T17:00:00Z,2016-02-08T18:00:00+01:00,2016-02-08T18:00:00Z,2016-02-08T19:00:00+01:00
0.0,,,False,6,so2,µg/m³,,raw,01:00:00,2016-02-08T18:00:00Z,2016-02-08T19:00:00+01:00,2016-02-08T19:00:00Z,2016-02-08T20:00:00+01:00,1,01:00:00,1,01:00:00,100.0,100.0,2016-02-08T18:00:00Z,2016-02-08T19:00:00+01:00,2016-02-08T19:00:00Z,2016-02-08T20:00:00+01:00
0.0,,,False,6,so2,µg/m³,,raw,01:00:00,2016-02-08T19:00:00Z,2016-02-08T20:00:00+01:00,2016-02-08T20:00:00Z,2016-02-08T21:00:00+01:00,1,01:00:00,1,01:00:00,100.0,100.0,2016-02-08T19:00:00Z,2016-02-08T20:00:00+01:00,2016-02-08T20:00:00Z,2016-02-08T21:00:00+01:00
0.0,,,False,6,so2,µg/m³,,raw,01:00:00,2016-02-08T20:00:00Z,2016-02-08T21:00:00+01:00,2016-02-08T21:00:00Z,2016-02-08T22:00:00+01:00,1,01:00:00,1,01:00:00,100.0,100.0,2016-02-08T20:00:00Z,2016-02-08T21:00:00+01:00,2016-02-08T21:00:00Z,2016-02-08T22:00:00+01:00
0.0,,,False,6,so2,µg/m³,,raw,01:00:00,2016-02-08T21:00:00Z,2016-02-08T22:00:00+01:00,2016-02-08T22:00:00Z,2016-02-08T23:00:00+01:00,1,01:00:00,1,01:00:00,100.0,100.0,2016-02-08T21:00:00Z,2016-02-08T22:00:00+01:00,2016-02-08T22:00:00Z,2016-02-08T23:00:00+01:00
-999.0,,,False,6,so2,µg/m³,,raw,01:00:00,2016-02-08T22:00:00Z,2016-02-08T23:00:00+01:00,2016-02-08T23:00:00Z,2016-02-09T00:00:00+01:00,1,01:00:00,1,01:00:00,100.0,100.0,2016-02-08T22:00:00Z,2016-02-08T23:00:00+01:00,2016-02-08T23:00:00Z,2016-02-09T00:00:00+01:00
-999.0,,,False,6,so2,µg/m³,,raw,01:00:00,2016-02-08T23:00:00Z,2016-02-09T00:00:00+01:00,2016-02-09T00:00:00Z,2016-02-09T01:00:00+01:00,1,01:00:00,1,01:00:00,100.0,100.0,2016-02-08T23:00:00Z,2016-02-09T00:00:00+01:00,2016-02-09T00:00:00Z,2016-02-09T01:00:00+01:00
0.0,,,False,6,so2,µg/m³,,raw,01:00:00,2016-02-09T00:00:00Z,2016-02-09T01:00:00+01:00,2016-02-09T01:00:00Z,2016-02-09T02:00:00+01:00,1,01:00:00,1,01:00:00,100.0,100.0,2016-02-09T00:00:00Z,2016-02-09T01:00:00+01:00,2016-02-09T01:00:00Z,2016-02-09T02:00:00+01:00
0.0,,,False,6,so2,µg/m³,,raw,01:00:00,2016-02-09T01:00:00Z,2016-02-09T02:00:00+01:00,2016-02-09T02:00:00Z,2016-02-09T03:00:00+01:00,1,01:00:00,1,01:00:00,100.0,100.0,2016-02-09T01:00:00Z,2016-02-09T02:00:00+01:00,2016-02-09T02:00:00Z,2016-02-09T03:00:00+01:00
0.0,,,False,6,so2,µg/m³,,raw,01:00:00,2016-02-09T02:00:00Z,2016-02-09T03:00:00+01:00,2016-02-09T03:00:00Z,2016-02-09T04:00:00+01:00,1,01:00:00,1,01:00:00,100.0,100.0,2016-02-09T02:00:00Z,2016-02-09T03:00:00+01:00,2016-02-09T03:00:00Z,2016-02-09T04:00:00+01:00
0.0,,,False,6,so2,µg/m³,,raw,01:00:00,2016-02-09T03:00:00Z,2016-02-09T04:00:00+01:00,2016-02-09T04:00:00Z,2016-02-09T05:00:00+01:00,1,01:00:00,1,01:00:00,100.0,100.0,2016-02-09T03:00:00Z,2016-02-09T04:00:00+01:00,2016-02-09T04:00:00Z,2016-02-09T05:00:00+01:00
0.0,,,False,6,so2,µg/m³,,raw,01:00:00,2016-02-09T04:00:00Z,2016-02-09T05:00:00+01:00,2016-02-09T05:00:00Z,2016-02-09T06:00:00+01:00,1,01:00:00,1,01:00:00,100.0,100.0,2016-02-09T04:00:00Z,2016-02-09T05:00:00+01:00,2016-02-09T05:00:00Z,2016-02-09T06:00:00+01:00
0.0,,,False,6,so2,µg/m³,,raw,01:00:00,2016-02-09T05:00:00Z,2016-02-09T06:00:00+01:00,2016-02-09T06:00:00Z,2016-02-09T07:00:00+01:00,1,01:00:00,1,01:00:00,100.0,100.0,2016-02-09T05:00:00Z,2016-02-09T06:00:00+01:00,2016-02-09T06:00:00Z,2016-02-09T07:00:00+01:00
0.2,,,False,6,so2,µg/m³,,raw,01:00:00,2016-02-09T06:00:00Z,2016-02-09T07:00:00+01:00,2016-02-09T07:00:00Z,2016-02-09T08:00:00+01:00,1,01:00:00,1,01:00:00,100.0,100.0,2016-02-09T06:00:00Z,2016-02-09T07:00:00+01:00,2016-02-09T07:00:00Z,2016-02-09T08:00:00+01:00
-999.0,,,False,6,so2,µg/m³,,raw,01:00:00,2016-02-09T07:00:00Z,2016-02-09T08:00:00+01:00,2016-02-09T08:00:00Z,2016-02-09T09:00:00+01:00,1,01:00:00,1,01:00:00,100.0,100.0,2016-02-09T07:00:00Z,2016-02-09T08:00:00+01:00,2016-02-09T08:00:00Z,2016-02-09T09:00:00+01:00
1.2,,,False,6,so2,µg/m³,,raw,01:00:00,2016-02-09T08:00:00Z,2016-02-09T09:00:00+01:00,2016-02-09T09:00:00Z,2016-02-09T10:00:00+01:00,1,01:00:00,1,01:00:00,100.0,100.0,2016-02-09T08:00:00Z,2016-02-09T09:00:00+01:00,2016-02-09T09:00:00Z,2016-02-09T10:00:00+01:00
1.5,,,False,6,so2,µg/m³,,raw,01:00:00,2016-02-09T09:00:00Z,2016-02-09T10:00:00+01:00,2016-02-09T10:00:00Z,2016-02-09T11:00:00+01:00,1,01:00:00,1,01:00:00,100.0,100.0,2016-02-09T09:00:00Z,2016-02-09T10:00:00+01:00,2016-02-09T10:00:00Z,2016-02-09T11:00:00+01:00
1.1,,,False,6,so2,µg/m³,,raw,01:00:00,2016-02-09T10:00:00Z,2016-02-09T11:00:00+01:00,2016-02-09T11:00:00Z,2016-02-09T12:00:00+01:00,1,01:00:00,1,01:00:00,100.0,100.0,2016-02-09T10:00:00Z,2016-02-09T11:00:00+01:00,2016-02-09T11:00:00Z,2016-02-09T12:00:00+01:00
0.8,,,False,6,so2,µg/m³,,raw,01:00:00,2016-02-09T11:00:00Z,2016-02-09T12:00:00+01:00,2016-02-09T12:00:00Z,2016-02-09T13:00:00+01:00,1,01:00:00,1,01:00:00,100.0,100.0,2016-02-09T11:00:00Z,2016-02-09T12:00:00+01:00,2016-02-09T12:00:00Z,2016-02-09T13:00:00+01:00
1.2,,,False,6,so2,µg/m³,,raw,01:00:00,2016-02-09T12:00:00Z,2016-02-09T13:00:00+01:00,2016-02-09T13:00:00Z,2016-02-09T14:00:00+01:00,1,01:00:00,1,01:00:00,100.0,100.0,2016-02-09T12:00:00Z,2016-02-09T13:00:00+01:00,2016-02-09T13:00:00Z,2016-02-09T14:00:00+01:00
0.5,,,False,6,so2,µg/m³,,raw,01:00:00,2016-02-09T13:00:00Z,2016-02-09T14:00:00+01:00,2016-02-09T14:00:00Z,2016-02-09T15:00:00+01:00,1,01:00:00,1,01:00:00,100.0,100.0,2016-02-09T13:00:00Z,2016-02-09T14:00:00+01:00,2016-02-09T14:00:00Z,2016-02-09T15:00:00+01:00
0.3,,,False,6,so2,µg/m³,,raw,01:00:00,2016-02-09T14:00:00Z,2016-02-09T15:00:00+01:00,2016-02-09T15:00:00Z,2016-02-09T16:00:00+01:00,1,01:00:00,1,01:00:00,100.0,100.0,2016-02-09T14:00:00Z,2016-02-09T15:00:00+01:00,2016-02-09T15:00:00Z,2016-02-09T16:00:00+01:00
0.5,,,False,6,so2,µg/m³,,raw,01:00:00,2016-02-09T15:00:00Z,2016-02-09T16:00:00+01:00,2016-02-09T16:00:00Z,2016-02-09T17:00:00+01:00,1,01:00:00,1,01:00:00,100.0,100.0,2016-02-09T15:00:00Z,2016-02-09T16:00:00+01:00,2016-02-09T16:00:00Z,2016-02-09T17:00:00+01:00
0.8,,,False,6,so2,µg/m³,,raw,01:00:00,2016-02-09T16:00:00Z,2016-02-09T17:00:00+01:00,2016-02-09T17:00:00Z,2016-02-09T18:00:00+01:00,1,01:00:00,1,01:00:00,100.0,100.0,2016-02-09T16:00:00Z,2016-02-09T17:00:00+01:00,2016-02-09T17:00:00Z,2016-02-09T18:00:00+01:00
0.5,,,False,6,so2,µg/m³,,raw,01:00:00,2016-02-09T17:00:00Z,2016-02-09T18:00:00+01:00,2016-02-09T18:00:00Z,2016-02-09T19:00:00+01:00,1,01:00:00,1,01:00:00,100.0,100.0,2016-02-09T17:00:00Z,2016-02-09T18:00:00+01:00,2016-02-09T18:00:00Z,2016-02-09T19:00:00+01:00
1.4,,,False,6,so2,µg/m³,,raw,01:00:00,2016-02-09T18:00:00Z,2016-02-09T19:00:00+01:00,2016-02-09T19:00:00Z,2016-02-09T20:00:00+01:00,1,01:00:00,1,01:00:00,100.0,100.0,2016-02-09T18:00:00Z,2016-02-09T19:00:00+01:00,2016-02-09T19:00:00Z,2016-02-09T20:00:00+01:00
0.9,,,False,6,so2,µg/m³,,raw,01:00:00,2016-02-09T19:00:00Z,2016-02-09T20:00:00+01:00,2016-02-09T20:00:00Z,2016-02-09T21:00:00+01:00,1,01:00:00,1,01:00:00,100.0,100.0,2016-02-09T19:00:00Z,2016-02-09T20:00:00+01:00,2016-02-09T20:00:00Z,2016-02-09T21:00:00+01:00
1.2,,,False,6,so2,µg/m³,,raw,01:00:00,2016-02-09T20:00:00Z,2016-02-09T21:00:00+01:00,2016-02-09T21:00:00Z,2016-02-09T22:00:00+01:00,1,01:00:00,1,01:00:00,100.0,100.0,2016-02-09T20:00:00Z,2016-02-09T21:00:00+01:00,2016-02-09T21:00:00Z,2016-02-09T22:00:00+01:00
0.4,,,False,6,so2,µg/m³,,raw,01:00:00,2016-02-09T21:00:00Z,2016-02-09T22:00:00+01:00,2016-02-09T22:00:00Z,2016-02-09T23:00:00+01:00,1,01:00:00,1,01:00:00,100.0,100.0,2016-02-09T21:00:00Z,2016-02-09T22:00:00+01:00,2016-02-09T22:00:00Z,2016-02-09T23:00:00+01:00
-999.0,,,False,6,so2,µg/m³,,raw,01:00:00,2016-02-09T22:00:00Z,2016-02-09T23:00:00+01:00,2016-02-09T23:00:00Z,2016-02-10T00:00:00+01:00,1,01:00:00,1,01:00:00,100.0,100.0,2016-02-09T22:00:00Z,2016-02-09T23:00:00+01:00,2016-02-09T23:00:00Z,2016-02-10T00:00:00+01:00
-999.0,,,False,6,so2,µg/m³,,raw,01:00:00,2016-02-09T23:00:00Z,2016-02-10T00:00:00+01:00,2016-02-10T00:00:00Z,2016-02-10T01:00:00+01:00,1,01:00:00,1,01:00:00,100.0,100.0,2016-02-09T23:00:00Z,2016-02-10T00:00:00+01:00,2016-02-10T00:00:00Z,2016-02-10T01:00:00+01:00
0.2,,,False,6,so2,µg/m³,,raw,01:00:00,2016-02-10T00:00:00Z,2016-02-10T01:00:00+01:00,2016-02-10T01:00:00Z,2016-02-10T02:00:00+01:00,1,01:00:00,1,01:00:00,100.0,100.0,2016-02-10T00:00:00Z,2016-02-10T01:00:00+01:00,2016-02-10T01:00:00Z,2016-02-10T02:00:00+01:00
0.2,,,False,6,so2,µg/m³,,raw,01:00:00,2016-02-10T01:00:00Z,2016-02-10T02:00:00+01:00,2016-02-10T02:00:00Z,2016-02-10T03:00:00+01:00,1,01:00:00,1,01:00:00,100.0,100.0,2016-02-10T01:00:00Z,2016-02-10T02:00:00+01:00,2016-02-10T02:00:00Z,2016-02-10T03:00:00+01:00
0.2,,,False,6,so2,µg/m³,,raw,01:00:00,2016-02-10T02:00:00Z,2016-02-10T03:00:00+01:00,2016-02-10T03:00:00Z,2016-02-10T04:00:00+01:00,1,01:00:00,1,01:00:00,100.0,100.0,2016-02-10T02:00:00Z,2016-02-10T03:00:00+01:00,2016-02-10T03:00:00Z,2016-02-10T04:00:00+01:00
0.3,,,False,6,so2,µg/m³,,raw,01:00:00,2016-02-10T03:00:00Z,2016-02-10T04:00:00+01:00,2016-02-10T04:00:00Z,2016-02-10T05:00:00+01:00,1,01:00:00,1,01:00:00,100.0,100.0,2016-02-10T03:00:00Z,2016-02-10T04:00:00+01:00,2016-02-10T04:00:00Z,2016-02-10T05:00:00+01:00
0.2,,,False,6,so2,µg/m³,,raw,01:00:00,2016-02-10T04:00:00Z,2016-02-10T05:00:00+01:00,2016-02-10T05:00:00Z,2016-02-10T06:00:00+01:00,1,01:00:00,1,01:00:00,100.0,100.0,2016-02-10T04:00:00Z,2016-02-10T05:00:00+01:00,2016-02-10T05:00:00Z,2016-02-10T06:00:00+01:00
0.2,,,False,6,so2,µg/m³,,raw,01:00:00,2016-02-10T05:00:00Z,2016-02-10T06:00:00+01:00,2016-02-10T06:00:00Z,2016-02-10T07:00:00+01:00,1,01:00:00,1,01:00:00,100.0,100.0,2016-02-10T05:00:00Z,2016-02-10T06:00:00+01:00,2016-02-10T06:00:00Z,2016-02-10T07:00:00+01:00
0.2,,,False,6,so2,µg/m³,,raw,01:00:00,2016-02-10T06:00:00Z,2016-02-10T07:00:00+01:00,2016-02-10T07:00:00Z,2016-02-10T08:00:00+01:00,1,01:00:00,1,01:00:00,100.0,100.0,2016-02-10T06:00:00Z,2016-02-10T07:00:00+01:00,2016-02-10T07:00:00Z,2016-02-10T08:00:00+01:00
0.3,,,False,6,so2,µg/m³,,raw,01:00:00,2016-02-10T07:00:00Z,2016-02-10T08:00:00+01:00,2016-02-10T08:00:00Z,2016-02-10T09:00:00+01:00,1,01:00:00,1,01:00:00,100.0,100.0,2016-02-10T07:00:00Z,2016-02-10T08:00:00+01:00,2016-02-10T08:00:00Z,2016-02-10T09:00:00+01:00
0.6,,,False,6,so2,µg/m³,,raw,01:00:00,2016-02-10T08:00:00Z,2016-02-10T09:00:00+01:00,2016-02-10T09:00:00Z,2016-02-10T10:00:00+01:00,1,01:00:00,1,01:00:00,100.0,100.0,2016-02-10T08:00:00Z,2016-02-10T09:00:00+01:00,2016-02-10T09:00:00Z,2016-02-10T10:00:00+01:00
0.6,,,False,6,so2,µg/m³,,raw,01:00:00,2016-02-10T09:00:00Z,2016-02-10T10:00:00+01:00,2016-02-10T10:00:00Z,2016-02-10T11:00:00+01:00,1,01:00:00,1,01:00:00,100.0,100.0,2016-02-10T09:00:00Z,2016-02-10T10:00:00+01:00,2016-02-10T10:00:00Z,2016-02-10T11:00:00+01:00
0.5,,,False,6,so2,µg/m³,,raw,01:00:00,2016-02-10T10:00:00Z,2016-02-10T11:00:00+01:00,2016-02-10T11:00:00Z,2016-02-10T12:00:00+01:00,1,01:00:00,1,01:00:00,100.0,100.0,2016-02-10T10:00:00Z,2016-02-10T11:00:00+01:00,2016-02-10T11:00:00Z,2016-02-10T12:00:00+01:00
0.7,,,False,6,so2,µg/m³,,raw,01:00:00,2016-02-10T11:00:00Z,2016-02-10T12:00:00+01:00,2016-02-10T12:00:00Z,2016-02-10T13:00:00+01:00,1,01:00:00,1,01:00:00,100.0,100.0,2016-02-10T11:00:00Z,2016-02-10T12:00:00+01:00,2016-02-10T12:00:00Z,2016-02-10T13:00:00+01:00
0.7,,,False,6,so2,µg/m³,,raw,01:00:00,2016-02-10T12:00:00Z,2016-02-10T13:00:00+01:00,2016-02-10T13:00:00Z,2016-02-10T14:00:00+01:00,1,01:00:00,1,01:00:00,100.0,100.0,2016-02-10T12:00:00Z,2016-02-10T13:00:00+01:00,2016-02-10T13:00:00Z,2016-02-10T14:00:00+01:00
-999.0,,,False,6,so2,µg/m³,,raw,01:00:00,2016-02-10T13:00:00Z,2016-02-10T14:00:00+01:00,2016-02-10T14:00:00Z,2016-02-10T15:00:00+01:00,1,01:00:00,1,01:00:00,100.0,100.0,2016-02-10T13:00:00Z,2016-02-10T14:00:00+01:00,2016-02-10T14:00:00Z,2016-02-10T15:00:00+01:00
0.8,,,False,6,so2,µg/m³,,raw,01:00:00,2016-02-10T14:00:00Z,2016-02-10T15:00:00+01:00,2016-02-10T15:00:00Z,2016-02-10T16:00:00+01:00,1,01:00:00,1,01:00:00,100.0,100.0,2016-02-10T14:00:00Z,2016-02-10T15:00:00+01:00,2016-02-10T15:00:00Z,2016-02-10T16:00:00+01:00
0.9,,,False,6,so2,µg/m³,,raw,01:00:00,2016-02-10T15:00:00Z,2016-02-10T16:00:00+01:00,2016-02-10T16:00:00Z,2016-02-10T17:00:00+01:00,1,01:00:00,1,01:00:00,100.0,100.0,2016-02-10T15:00:00Z,2016-02-10T16:00:00+01:00,2016-02-10T16:00:00Z,2016-02-10T17:00:00+01:00
1.1,,,False,6,so2,µg/m³,,raw,01:00:00,2016-02-10T16:00:00Z,2016-02-10T17:00:00+01:00,2016-02-10T17:00:00Z,2016-02-10T18:00:00+01:00,1,01:00:00,1,01:00:00,100.0,100.0,2016-02-10T16:00:00Z,2016-02-10T17:00:00+01:00,2016-02-10T17:00:00Z,2016-02-10T18:00:00+01:00
0.9,,,False,6,so2,µg/m³,,raw,01:00:00,2016-02-10T17:00:00Z,2016-02-10T18:00:00+01:00,2016-02-10T18:00:00Z,2016-02-10T19:00:00+01:00,1,01:00:00,1,01:00:00,100.0,100.0,2016-02-10T17:00:00Z,2016-02-10T18:00:00+01:00,2016-02-10T18:00:00Z,2016-02-10T19:00:00+01:00
0.7,,,False,6,so2,µg/m³,,raw,01:00:00,2016-02-10T18:00:00Z,2016-02-10T19:00:00+01:00,2016-02-10T19:00:00Z,2016-02-10T20:00:00+01:00,1,01:00:00,1,01:00:00,100.0,100.0,2016-02-10T18:00:00Z,2016-02-10T19:00:00+01:00,2016-02-10T19:00:00Z,2016-02-10T20:00:00+01:00
3.0,,,False,6,so2,µg/m³,,raw,01:00:00,2016-02-10T19:00:00Z,2016-02-10T20:00:00+01:00,2016-02-10T20:00:00Z,2016-02-10T21:00:00+01:00,1,01:00:00,1,01:00:00,100.0,100.0,2016-02-10T19:00:00Z,2016-02-10T20:00:00+01:00,2016-02-10T20:00:00Z,2016-02-10T21:00:00+01:00
2.3,,,False,6,so2,µg/m³,,raw,01:00:00,2016-02-10T20:00:00Z,2016-02-10T21:00:00+01:00,2016-02-10T21:00:00Z,2016-02-10T22:00:00+01:00,1,01:00:00,1,01:00:00,100.0,100.0,2016-02-10T20:00:00Z,2016-02-10T21:00:00+01:00,2016-02-10T21:00:00Z,2016-02-10T22:00:00+01:00
1.5,,,False,6,so2,µg/m³,,raw,01:00:00,2016-02-10T21:00:00Z,2016-02-10T22:00:00+01:00,2016-02-10T22:00:00Z,2016-02-10T23:00:00+01:00,1,01:00:00,1,01:00:00,100.0,100.0,2016-02-10T21:00:00Z,2016-02-10T22:00:00+01:00,2016-02-10T22:00:00Z,2016-02-10T23:00:00+01:00
-999.0,,,False,6,so2,µg/m³,,raw,01:00:00,2016-02-10T22:00:00Z,2016-02-10T23:00:00+01:00,2016-02-10T23:00:00Z,2016-02-11T00:00:00+01:00,1,01:00:00,1,01:00:00,100.0,100.0,2016-02-10T22:00:00Z,2016-02-10T23:00:00+01:00,2016-02-10T23:00:00Z,2016-02-11T00:00:00+01:00
1.3,,,False,6,so2,µg/m³,,raw,01:00:00,2016-02-10T23:00:00Z,2016-02-11T00:00:00+01:00,2016-02-11T00:00:00Z,2016-02-11T01:00:00+01:00,1,01:00:00,1,01:00:00,100.0,100.0,2016-02-10T23:00:00Z,2016-02-11T00:00:00+01:00,2016-02-11T00:00:00Z,2016-02-11T01:00:00+01:00
1.6,,,False,6,so2,µg/m³,,raw,01:00:00,2016-02-11T00:00:00Z,2016-02-11T01:00:00+01:00,2016-02-11T01:00:00Z,2016-02-11T02:00:00+01:00,1,01:00:00,1,01:00:00,100.0,100.0,2016-02-11T00:00:00Z,2016-02-11T01:00:00+01:00,2016-02-11T01:00:00Z,2016-02-11T02:00:00+01:00
0.7,,,False,6,so2,µg/m³,,raw,01:00:00,2016-02-11T01:00:00Z,2016-02-11T02:00:00+01:00,2016-02-11T02:00:00Z,2016-02-11T03:00:00+01:00,1,01:00:00,1,01:00:00,100.0,100.0,2016-02-11T01:00:00Z,2016-02-11T02:00:00+01:00,2016-02-11T02:00:00Z,2016-02-11T03:00:00+01:00
0.9,,,False,6,so2,µg/m³,,raw,01:00:00,2016-02-11T02:00:00Z,2016-02-11T03:00:00+01:00,2016-02-11T03:00:00Z,2016-02-11T04:00:00+01:00,1,01:00:00,1,01:00:00,100.0,100.0,2016-02-11T02:00:00Z,2016-02-11T03:00:00+01:00,2016-02-11T03:00:00Z,2016-02-11T04:00:00+01:00
1.4,,,False,6,so2,µg/m³,,raw,01:00:00,2016-02-11T03:00:00Z,2016-02-11T04:00:00+01:00,2016-02-11T04:00:00Z,2016-02-11T05:00:00+01:00,1,01:00:00,1,01:00:00,100.0,100.0,2016-02-11T03:00:00Z,2016-02-11T04:00:00+01:00,2016-02-11T04:00:00Z,2016-02-11T05:00:00+01:00
-999.0,,,False,6,so2,µg/m³,,raw,01:00:00,2016-02-11T04:00:00Z,2016-02-11T05:00:00+01:00,2016-02-11T05:00:00Z,2016-02-11T06:00:00+01:00,1,01:00:00,1,01:00:00,100.0,100.0,2016-02-11T04:00:00Z,2016-02-11T05:00:00+01:00,2016-02-11T05:00:00Z,2016-02-11T06:00:00+01:00
0.8,,,False,6,so2,µg/m³,,raw,01:00:00,2016-02-11T05:00:00Z,2016-02-11T06:00:00+01:00,2016-02-11T06:00:00Z,2016-02-11T07:00:00+01:00,1,01:00:00,1,01:00:00,100.0,100.0,2016-02-11T05:00:00Z,2016-02-11T06:00:00+01:00,2016-02-11T06:00:00Z,2016-02-11T07:00:00+01:00
0.7,,,False,6,so2,µg/m³,,raw,01:00:00,2016-02-11T06:00:00Z,2016-02-11T07:00:00+01:00,2016-02-11T07:00:00Z,2016-02-11T08:00:00+01:00,1,01:00:00,1,01:00:00,100.0,100.0,2016-02-11T06:00:00Z,2016-02-11T07:00:00+01:00,2016-02-11T07:00:00Z,2016-02-11T08:00:00+01:00
1.0,,,False,6,so2,µg/m³,,raw,01:00:00,2016-02-11T07:00:00Z,2016-02-11T08:00:00+01:00,2016-02-11T08:00:00Z,2016-02-11T09:00:00+01:00,1,01:00:00,1,01:00:00,100.0,100.0,2016-02-11T07:00:00Z,2016-02-11T08:00:00+01:00,2016-02-11T08:00:00Z,2016-02-11T09:00:00+01:00
1.7,,,False,6,so2,µg/m³,,raw,01:00:00,2016-02-11T08:00:00Z,2016-02-11T09:00:00+01:00,2016-02-11T09:00:00Z,2016-02-11T10:00:00+01:00,1,01:00:00,1,01:00:00,100.0,100.0,2016-02-11T08:00:00Z,2016-02-11T09:00:00+01:00,2016-02-11T09:00:00Z,2016-02-11T10:00:00+01:00
1.3,,,False,6,so2,µg/m³,,raw,01:00:00,2016-02-11T09:00:00Z,2016-02-11T10:00:00+01:00,2016-02-11T10:00:00Z,2016-02-11T11:00:00+01:00,1,01:00:00,1,01:00:00,100.0,100.0,2016-02-11T09:00:00Z,2016-02-11T10:00:00+01:00,2016-02-11T10:00:00Z,2016-02-11T11:00:00+01:00
1.2,,,False,6,so2,µg/m³,,raw,01:00:00,2016-02-11T10:00:00Z,2016-02-11T11:00:00+01:00,2016-02-11T11:00:00Z,2016-02-11T12:00:00+01:00,1,01:00:00,1,01:00:00,100.0,100.0,2016-02-11T10:00:00Z,2016-02-11T11:00:00+01:00,2016-02-11T11:00:00Z,2016-02-11T12:00:00+01:00
1.2,,,False,6,so2,µg/m³,,raw,01:00:00,2016-02-11T11:00:00Z,2016-02-11T12:00:00+01:00,2016-02-11T12:00:00Z,2016-02-11T13:00:00+01:00,1,01:00:00,1,01:00:00,100.0,100.0,2016-02-11T11:00:00Z,2016-02-11T12:00:00+01:00,2016-02-11T12:00:00Z,2016-02-11T13:00:00+01:00
0.7,,,False,6,so2,µg/m³,,raw,01:00:00,2016-02-11T12:00:00Z,2016-02-11T13:00:00+01:00,2016-02-11T13:00:00Z,2016-02-11T14:00:00+01:00,1,01:00:00,1,01:00:00,100.0,100.0,2016-02-11T12:00:00Z,2016-02-11T13:00:00+01:00,2016-02-11T13:00:00Z,2016-02-11T14:00:00+01:00
0.7,,,False,6,so2,µg/m³,,raw,01:00:00,2016-02-11T13:00:00Z,2016-02-11T14:00:00+01:00,2016-02-11T14:00:00Z,2016-02-11T15:00:00+01:00,1,01:00:00,1,01:00:00,100.0,100.0,2016-02-11T13:00:00Z,2016-02-11T14:00:00+01:00,2016-02-11T14:00:00Z,2016-02-11T15:00:00+01:00
0.7,,,False,6,so2,µg/m³,,raw,01:00:00,2016-02-11T14:00:00Z,2016-02-11T15:00:00+01:00,2016-02-11T15:00:00Z,2016-02-11T16:00:00+01:00,1,01:00:00,1,01:00:00,100.0,100.0,2016-02-11T14:00:00Z,2016-02-11T15:00:00+01:00,2016-02-11T15:00:00Z,2016-02-11T16:00:00+01:00
0.7,,,False,6,so2,µg/m³,,raw,01:00:00,2016-02-11T15:00:00Z,2016-02-11T16:00:00+01:00,2016-02-11T16:00:00Z,2016-02-11T17:00:00+01:00,1,01:00:00,1,01:00:00,100.0,100.0,2016-02-11T15:00:00Z,2016-02-11T16:00:00+01:00,2016-02-11T16:00:00Z,2016-02-11T17:00:00+01:00
0.5,,,False,6,so2,µg/m³,,raw,01:00:00,2016-02-11T16:00:00Z,2016-02-11T17:00:00+01:00,2016-02-11T17:00:00Z,2016-02-11T18:00:00+01:00,1,01:00:00,1,01:00:00,100.0,100.0,2016-02-11T16:00:00Z,2016-02-11T17:00:00+01:00,2016-02-11T17:00:00Z,2016-02-11T18:00:00+01:00
0.5,,,False,6,so2,µg/m³,,raw,01:00:00,2016-02-11T17:00:00Z,2016-02-11T18:00:00+01:00,2016-02-11T18:00:00Z,2016-02-11T19:00:00+01:00,1,01:00:00,1,01:00:00,100.0,100.0,2016-02-11T17:00:00Z,2016-02-11T18:00:00+01:00,2016-02-11T18:00:00Z,2016-02-11T19:00:00+01:00
0.5,,,False,6,so2,µg/m³,,raw,01:00:00,2016-02-11T18:00:00Z,2016-02-11T19:00:00+01:00,2016-02-11T19:00:00Z,2016-02-11T20:00:00+01:00,1,01:00:00,1,01:00:00,100.0,100.0,2016-02-11T18:00:00Z,2016-02-11T19:00:00+01:00,2016-02-11T19:00:00Z,2016-02-11T20:00:00+01:00
-999.0,,,False,6,so2,µg/m³,,raw,01:00:00,2016-02-11T19:00:00Z,2016-02-11T20:00:00+01:00,2016-02-11T20:00:00Z,2016-02-11T21:00:00+01:00,1,01:00:00,1,01:00:00,100.0,100.0,2016-02-11T19:00:00Z,2016-02-11T20:00:00+01:00,2016-02-11T20:00:00Z,2016-02-11T21:00:00+01:00
0.4,,,False,6,so2,µg/m³,,raw,01:00:00,2016-02-11T20:00:00Z,2016-02-11T21:00:00+01:00,2016-02-11T21:00:00Z,2016-02-11T22:00:00+01:00,1,01:00:00,1,01:00:00,100.0,100.0,2016-02-11T20:00:00Z,2016-02-11T21:00:00+01:00,2016-02-11T21:00:00Z,2016-02-11T22:00:00+01:00
0.8,,,False,6,so2,µg/m³,,raw,01:00:00,2016-02-11T21:00:00Z,2016-02-11T22:00:00+01:00,2016-02-11T22:00:00Z,2016-02-11T23:00:00+01:00,1,01:00:00,1,01:00:00,100.0,100.0,2016-02-11T21:00:00Z,2016-02-11T22:00:00+01:00,2016-02-11T22:00:00Z,2016-02-11T23:00:00+01:00
-999.0,,,False,6,so2,µg/m³,,raw,01:00:00,2016-02-11T22:00:00Z,2016-02-11T23:00:00+01:00,2016-02-11T23:00:00Z,2016-02-12T00:00:00+01:00,1,01:00:00,1,01:00:00,100.0,100.0,2016-02-11T22:00:00Z,2016-02-11T23:00:00+01:00,2016-02-11T23:00:00Z,2016-02-12T00:00:00+01:00
0.9,,,False,6,so2,µg/m³,,raw,01:00:00,2016-02-11T23:00:00Z,2016-02-12T00:00:00+01:00,2016-02-12T00:00:00Z,2016-02-12T01:00:00+01:00,1,01:00:00,1,01:00:00,100.0,100.0,2016-02-11T23:00:00Z,2016-02-12T00:00:00+01:00,2016-02-12T00:00:00Z,2016-02-12T01:00:00+01:00
1.0,,,False,6,so2,µg/m³,,raw,01:00:00,2016-02-12T00:00:00Z,2016-02-12T01:00:00+01:00,2016-02-12T01:00:00Z,2016-02-12T02:00:00+01:00,1,01:00:00,1,01:00:00,100.0,100.0,2016-02-12T00:00:00Z,2016-02-12T01:00:00+01:00,2016-02-12T01:00:00Z,2016-02-12T02:00:00+01:00
0.8,,,False,6,so2,µg/m³,,raw,01:00:00,2016-02-12T01:00:00Z,2016-02-12T02:00:00+01:00,2016-02-12T02:00:00Z,2016-02-12T03:00:00+01:00,1,01:00:00,1,01:00:00,100.0,100.0,2016-02-12T01:00:00Z,2016-02-12T02:00:00+01:00,2016-02-12T02:00:00Z,2016-02-12T03:00:00+01:00
0.6,,,False,6,so2,µg/m³,,raw,01:00:00,2016-02-12T02:00:00Z,2016-02-12T03:00:00+01:00,2016-02-12T03:00:00Z,2016-02-12T04:00:00+01:00,1,01:00:00,1,01:00:00,100.0,100.0,2016-02-12T02:00:00Z,2016-02-12T03:00:00+01:00,2016-02-12T03:00:00Z,2016-02-12T04:00:00+01:00
0.4,,,False,6,so2,µg/m³,,raw,01:00:00,2016-02-12T03:00:00Z,2016-02-12T04:00:00+01:00,2016-02-12T04:00:00Z,2016-02-12T05:00:00+01:00,1,01:00:00,1,01:00:00,100.0,100.0,2016-02-12T03:00:00Z,2016-02-12T04:00:00+01:00,2016-02-12T04:00:00Z,2016-02-12T05:00:00+01:00
0.4,,,False,6,so2,µg/m³,,raw,01:00:00,2016-02-12T04:00:00Z,2016-02-12T05:00:00+01:00,2016-02-12T05:00:00Z,2016-02-12T06:00:00+01:00,1,01:00:00,1,01:00:00,100.0,100.0,2016-02-12T04:00:00Z,2016-02-12T05:00:00+01:00,2016-02-12T05:00:00Z,2016-02-12T06:00:00+01:00
0.5,,,False,6,so2,µg/m³,,raw,01:00:00,2016-02-12T05:00:00Z,2016-02-12T06:00:00+01:00,2016-02-12T06:00:00Z,2016-02-12T07:00:00+01:00,1,01:00:00,1,01:00:00,100.0,100.0,2016-02-12T05:00:00Z,2016-02-12T06:00:00+01:00,2016-02-12T06:00:00Z,2016-02-12T07:00:00+01:00
1.2,,,False,6,so2,µg/m³,,raw,01:00:00,2016-02-12T06:00:00Z,2016-02-12T07:00:00+01:00,2016-02-12T07:00:00Z,2016-02-12T08:00:00+01:00,1,01:00:00,1,01:00:00,100.0,100.0,2016-02-12T06:00:00Z,2016-02-12T07:00:00+01:00,2016-02-12T07:00:00Z,2016-02-12T08:00:00+01:00
1.0,,,False,6,so2,µg/m³,,raw,01:00:00,2016-02-12T07:00:00Z,2016-02-12T08:00:00+01:00,2016-02-12T08:00:00Z,2016-02-12T09:00:00+01:00,1,01:00:00,1,01:00:00,100.0,100.0,2016-02-12T07:00:00Z,2016-02-12T08:00:00+01:00,2016-02-12T08:00:00Z,2016-02-12T09:00:00+01:00
1.1,,,False,6,so2,µg/m³,,raw,01:00:00,2016-02-12T08:00:00Z,2016-02-12T09:00:00+01:00,2016-02-12T09:00:00Z,2016-02-12T10:00:00+01:00,1,01:00:00,1,01:00:00,100.0,100.0,2016-02-12T08:00:00Z,2016-02-12T09:00:00+01:00,2016-02-12T09:00:00Z,2016-02-12T10:00:00+01:00
1.1,,,False,6,so2,µg/m³,,raw,01:00:00,2016-02-12T09:00:00Z,2016-02-12T10:00:00+01:00,2016-02-12T10:00:00Z,2016-02-12T11:00:00+01:00,1,01:00:00,1,01:00:00,100.0,100.0,2016-02-12T09:00:00Z,2016-02-12T10:00:00+01:00,2016-02-12T10:00:00Z,2016-02-12T11:00:00+01:00
-999.0,,,False,6,so2,µg/m³,,raw,01:00:00,2016-02-12T10:00:00Z,2016-02-12T11:00:00+01:00,2016-02-12T11:00:00Z,2016-02-12T12:00:00+01:00,1,01:00:00,1,01:00:00,100.0,100.0,2016-02-12T10:00:00Z,2016-02-12T11:00:00+01:00,2016-02-12T11:00:00Z,2016-02-12T12:00:00+01:00
0.9,,,False,6,so2,µg/m³,,raw,01:00:00,2016-02-12T11:00:00Z,2016-02-12T12:00:00+01:00,2016-02-12T12:00:00Z,2016-02-12T13:00:00+01:00,1,01:00:00,1,01:00:00,100.0,100.0,2016-02-12T11:00:00Z,2016-02-12T12:00:00+01:00,2016-02-12T12:00:00Z,2016-02-12T13:00:00+01:00
0.6,,,False,6,so2,µg/m³,,raw,01:00:00,2016-02-12T12:00:00Z,2016-02-12T13:00:00+01:00,2016-02-12T13:00:00Z,2016-02-12T14:00:00+01:00,1,01:00:00,1,01:00:00,100.0,100.0,2016-02-12T12:00:00Z,2016-02-12T13:00:00+01:00,2016-02-12T13:00:00Z,2016-02-12T14:00:00+01:00
0.6,,,False,6,so2,µg/m³,,raw,01:00:00,2016-02-12T13:00:00Z,2016-02-12T14:00:00+01:00,2016-02-12T14:00:00Z,2016-02-12T15:00:00+01:00,1,01:00:00,1,01:00:00,100.0,100.0,2016-02-12T13:00:00Z,2016-02-12T14:00:00+01:00,2016-02-12T14:00:00Z,2016-02-12T15:00:00+01:00
0.6,,,False,6,so2,µg/m³,,raw,01:00:00,2016-02-12T14:00:00Z,2016-02-12T15:00:00+01:00,2016-02-12T15:00:00Z,2016-02-12T16:00:00+01:00,1,01:00:00,1,01:00:00,100.0,100.0,2016-02-12T14:00:00Z,2016-02-12T15:00:00+01:00,2016-02-12T15:00:00Z,2016-02-12T16:00:00+01:00
0.4,,,False,6,so2,µg/m³,,raw,01:00:00,2016-02-12T15:00:00Z,2016-02-12T16:00:00+01:00,2016-02-12T16:00:00Z,2016-02-12T17:00:00+01:00,1,01:00:00,1,01:00:00,100.0,100.0,2016-02-12T15:00:00Z,2016-02-12T16:00:00+01:00,2016-02-12T16:00:00Z,2016-02-12T17:00:00+01:00
0.3,,,False,6,so2,µg/m³,,raw,01:00:00,2016-02-12T16:00:00Z,2016-02-12T17:00:00+01:00,2016-02-12T17:00:00Z,2016-02-12T18:00:00+01:00,1,01:00:00,1,01:00:00,100.0,100.0,2016-02-12T16:00:00Z,2016-02-12T17:00:00+01:00,2016-02-12T17:00:00Z,2016-02-12T18:00:00+01:00
0.2,,,False,6,so2,µg/m³,,raw,01:00:00,2016-02-12T17:00:00Z,2016-02-12T18:00:00+01:00,2016-02-12T18:00:00Z,2016-02-12T19:00:00+01:00,1,01:00:00,1,01:00:00,100.0,100.0,2016-02-12T17:00:00Z,2016-02-12T18:00:00+01:00,2016-02-12T18:00:00Z,2016-02-12T19:00:00+01:00
0.2,,,False,6,so2,µg/m³,,raw,01:00:00,2016-02-12T18:00:00Z,2016-02-12T19:00:00+01:00,2016-02-12T19:00:00Z,2016-02-12T20:00:00+01:00,1,01:00:00,1,01:00:00,100.0,100.0,2016-02-12T18:00:00Z,2016-02-12T19:00:00+01:00,2016-02-12T19:00:00Z,2016-02-12T20:00:00+01:00
0.3,,,False,6,so2,µg/m³,,raw,01:00:00,2016-02-12T19:00:00Z,2016-02-12T20:00:00+01:00,2016-02-12T20:00:00Z,2016-02-12T21:00:00+01:00,1,01:00:00,1,01:00:00,100.0,100.0,2016-02-12T19:00:00Z,2016-02-12T20:00:00+01:00,2016-02-12T20:00:00Z,2016-02-12T21:00:00+01:00
0.4,,,False,6,so2,µg/m³,,raw,01:00:00,2016-02-12T20:00:00Z,2016-02-12T21:00:00+01:00,2016-02-12T21:00:00Z,2016-02-12T22:00:00+01:00,1,01:00:00,1,01:00:00,100.0,100.0,2016-02-12T20:00:00Z,2016-02-12T21:00:00+01:00,2016-02-12T21:00:00Z,2016-02-12T22:00:00+01:00
0.7,,,False,6,so2,µg/m³,,raw,01:00:00,2016-02-12T21:00:00Z,2016-02-12T22:00:00+01:00,2016-02-12T22:00:00Z,2016-02-12T23:00:00+01:00,1,01:00:00,1,01:00:00,100.0,100.0,2016-02-12T21:00:00Z,2016-02-12T22:00:00+01:00,2016-02-12T22:00:00Z,2016-02-12T23:00:00+01:00
-999.0,,,False,6,so2,µg/m³,,raw,01:00:00,2016-02-12T22:00:00Z,2016-02-12T23:00:00+01:00,2016-02-12T23:00:00Z,2016-02-13T00:00:00+01:00,1,01:00:00,1,01:00:00,100.0,100.0,2016-02-12T22:00:00Z,2016-02-12T23:00:00+01:00,2016-02-12T23:00:00Z,2016-02-13T00:00:00+01:00
0.3,,,False,6,so2,µg/m³,,raw,01:00:00,2016-02-12T23:00:00Z,2016-02-13T00:00:00+01:00,2016-02-13T00:00:00Z,2016-02-13T01:00:00+01:00,1,01:00:00,1,01:00:00,100.0,100.0,2016-02-12T23:00:00Z,2016-02-13T00:00:00+01:00,2016-02-13T00:00:00Z,2016-02-13T01:00:00+01:00
0.3,,,False,6,so2,µg/m³,,raw,01:00:00,2016-02-13T00:00:00Z,2016-02-13T01:00:00+01:00,2016-02-13T01:00:00Z,2016-02-13T02:00:00+01:00,1,01:00:00,1,01:00:00,100.0,100.0,2016-02-13T00:00:00Z,2016-02-13T01:00:00+01:00,2016-02-13T01:00:00Z,2016-02-13T02:00:00+01:00
-999.0,,,False,6,so2,µg/m³,,raw,01:00:00,2016-02-13T01:00:00Z,2016-02-13T02:00:00+01:00,2016-02-13T02:00:00Z,2016-02-13T03:00:00+01:00,1,01:00:00,1,01:00:00,100.0,100.0,2016-02-13T01:00:00Z,2016-02-13T02:00:00+01:00,2016-02-13T02:00:00Z,2016-02-13T03:00:00+01:00
0.1,,,False,6,so2,µg/m³,,raw,01:00:00,2016-02-13T02:00:00Z,2016-02-13T03:00:00+01:00,2016-02-13T03:00:00Z,2016-02-13T04:00:00+01:00,1,01:00:00,1,01:00:00,100.0,100.0,2016-02-13T02:00:00Z,2016-02-13T03:00:00+01:00,2016-02-13T03:00:00Z,2016-02-13T04:00:00+01:00
0.1,,,False,6,so2,µg/m³,,raw,01:00:00,2016-02-13T03:00:00Z,2016-02-13T04:00:00+01:00,2016-02-13T04:00:00Z,2016-02-13T05:00:00+01:00,1,01:00:00,1,01:00:00,100.0,100.0,2016-02-13T03:00:00Z,2016-02-13T04:00:00+01:00,2016-02-13T04:00:00Z,2016-02-13T05:00:00+01:00
0.1,,,False,6,so2,µg/m³,,raw,01:00:00,2016-02-13T04:00:00Z,2016-02-13T05:00:00+01:00,2016-02-13T05:00:00Z,2016-02-13T06:00:00+01:00,1,01:00:00,1,01:00:00,100.0,100.0,2016-02-13T04:00:00Z,2016-02-13T05:00:00+01:00,2016-02-13T05:00:00Z,2016-02-13T06:00:00+01:00
0.1,,,False,6,so2,µg/m³,,raw,01:00:00,2016-02-13T05:00:00Z,2016-02-13T06:00:00+01:00,2016-02-13T06:00:00Z,2016-02-13T07:00:00+01:00,1,01:00:00,1,01:00:00,100.0,100.0,2016-02-13T05:00:00Z,2016-02-13T06:00:00+01:00,2016-02-13T06:00:00Z,2016-02-13T07:00:00+01:00
0.2,,,False,6,so2,µg/m³,,raw,01:00:00,2016-02-13T06:00:00Z,2016-02-13T07:00:00+01:00,2016-02-13T07:00:00Z,2016-02-13T08:00:00+01:00,1,01:00:00,1,01:00:00,100.0,100.0,2016-02-13T06:00:00Z,2016-02-13T07:00:00+01:00,2016-02-13T07:00:00Z,2016-02-13T08:00:00+01:00
0.1,,,False,6,so2,µg/m³,,raw,01:00:00,2016-02-13T07:00:00Z,2016-02-13T08:00:00+01:00,2016-02-13T08:00:00Z,2016-02-13T09:00:00+01:00,1,01:00:00,1,01:00:00,100.0,100.0,2016-02-13T07:00:00Z,2016-02-13T08:00:00+01:00,2016-02-13T08:00:00Z,2016-02-13T09:00:00+01:00
0.2,,,False,6,so2,µg/m³,,raw,01:00:00,2016-02-13T08:00:00Z,2016-02-13T09:00:00+01:00,2016-02-13T09:00:00Z,2016-02-13T10:00:00+01:00,1,01:00:00,1,01:00:00,100.0,100.0,2016-02-13T08:00:00Z,2016-02-13T09:00:00+01:00,2016-02-13T09:00:00Z,2016-02-13T10:00:00+01:00
0.3,,,False,6,so2,µg/m³,,raw,01:00:00,2016-02-13T09:00:00Z,2016-02-13T10:00:00+01:00,2016-02-13T10:00:00Z,2016-02-13T11:00:00+01:00,1,01:00:00,1,01:00:00,100.0,100.0,2016-02-13T09:00:00Z,2016-02-13T10:00:00+01:00,2016-02-13T10:00:00Z,2016-02-13T11:00:00+01:00
0.3,,,False,6,so2,µg/m³,,raw,01:00:00,2016-02-13T10:00:00Z,2016-02-13T11:00:00+01:00,2016-02-13T11:00:00Z,2016-02-13T12:00:00+01:00,1,01:00:00,1,01:00:00,100.0,100.0,2016-02-13T10:00:00Z,2016-02-13T11:00:00+01:00,2016-02-13T11:00:00Z,2016-02-13T12:00:00+01:00
0.3,,,False,6,so2,µg/m³,,raw,01:00:00,2016-02-13T11:00:00Z,2016-02-13T12:00:00+01:00,2016-02-13T12:00:00Z,2016-02-13T13:00:00+01:00,1,01:00:00,1,01:00:00,100.0,100.0,2016-02-13T11:00:00Z,2016-02-13T12:00:00+01:00,2016-02-13T12:00:00Z,2016-02-13T13:00:00+01:00
0.4,,,False,6,so2,µg/m³,,raw,01:00:00,2016-02-13T12:00:00Z,2016-02-13T13:00:00+01:00,2016-02-13T13:00:00Z,2016-02-13T14:00:00+01:00,1,01:00:00,1,01:00:00,100.0,100.0,2016-02-13T12:00:00Z,2016-02-13T13:00:00+01:00,2016-02-13T13:00:00Z,2016-02-13T14:00:00+01:00
0.3,,,False,6,so2,µg/m³,,raw,01:00:00,2016-02-13T13:00:00Z,2016-02-13T14:00:00+01:00,2016-02-13T14:00:00Z,2016-02-13T15:00:00+01:00,1,01:00:00,1,01:00:00,100.0,100.0,2016-02-13T13:00:00Z,2016-02-13T14:00:00+01:00,2016-02-13T14:00:00Z,2016-02-13T15:00:00+01:00
0.7,,,False,6,so2,µg/m³,,raw,01:00:00,2016-02-13T14:00:00Z,2016-02-13T15:00:00+01:00,2016-02-13T15:00:00Z,2016-02-13T16:00:00+01:00,1,01:00:00,1,01:00:00,100.0,100.0,2016-02-13T14:00:00Z,2016-02-13T15:00:00+01:00,2016-02-13T15:00:00Z,2016-02-13T16:00:00+01:00
0.4,,,False,6,so2,µg/m³,,raw,01:00:00,2016-02-13T15:00:00Z,2016-02-13T16:00:00+01:00,2016-02-13T16:00:00Z,2016-02-13T17:00:00+01:00,1,01:00:00,1,01:00:00,100.0,100.0,2016-02-13T15:00:00Z,2016-02-13T16:00:00+01:00,2016-02-13T16:00:00Z,2016-02-13T17:00:00+01:00
-999.0,,,False,6,so2,µg/m³,,raw,01:00:00,2016-02-13T16:00:00Z,2016-02-13T17:00:00+01:00,2016-02-13T17:00:00Z,2016-02-13T18:00:00+01:00,1,01:00:00,1,01:00:00,100.0,100.0,2016-02-13T16:00:00Z,2016-02-13T17:00:00+01:00,2016-02-13T17:00:00Z,2016-02-13T18:00:00+01:00
0.5,,,False,6,so2,µg/m³,,raw,01:00:00,2016-02-13T17:00:00Z,2016-02-13T18:00:00+01:00,2016-02-13T18:00:00Z,2016-02-13T19:00:00+01:00,1,01:00:00,1,01:00:00,100.0,100.0,2016-02-13T17:00:00Z,2016-02-13T18:00:00+01:00,2016-02-13T18:00:00Z,2016-02-13T19:00:00+01:00
0.6,,,False,6,so2,µg/m³,,raw,01:00:00,2016-02-13T18:00:00Z,2016-02-13T19:00:00+01:00,2016-02-13T19:00:00Z,2016-02-13T20:00:00+01:00,1,01:00:00,1,01:00:00,100.0,100.0,2016-02-13T18:00:00Z,2016-02-13T19:00:00+01:00,2016-02-13T19:00:00Z,2016-02-13T20:00:00+01:00
0.7,,,False,6,so2,µg/m³,,raw,01:00:00,2016-02-13T19:00:00Z,2016-02-13T20:00:00+01:00,2016-02-13T20:00:00Z,2016-02-13T21:00:00+01:00,1,01:00:00,1,01:00:00,100.0,100.0,2016-02-13T19:00:00Z,2016-02-13T20:00:00+01:00,2016-02-13T20:00:00Z,2016-02-13T21:00:00+01:00
0.6,,,False,6,so2,µg/m³,,raw,01:00:00,2016-02-13T20:00:00Z,2016-02-13T21:00:00+01:00,2016-02-13T21:00:00Z,2016-02-13T22:00:00+01:00,1,01:00:00,1,01:00:00,100.0,100.0,2016-02-13T20:00:00Z,2016-02-13T21:00:00+01:00,2016-02-13T21:00:00Z,2016-02-13T22:00:00+01:00
0.6,,,False,6,so2,µg/m³,,raw,01:00:00,2016-02-13T21:00:00Z,2016-02-13T22:00:00+01:00,2016-02-13T22:00:00Z,2016-02-13T23:00:00+01:00,1,01:00:00,1,01:00:00,100.0,100.0,2016-02-13T21:00:00Z,2016-02-13T22:00:00+01:00,2016-02-13T22:00:00Z,2016-02-13T23:00:00+01:00
-999.0,,,False,6,so2,µg/m³,,raw,01:00:00,2016-02-13T22:00:00Z,2016-02-13T23:00:00+01:00,2016-02-13T23:00:00Z,2016-02-14T00:00:00+01:00,1,01:00:00,1,01:00:00,100.0,100.0,2016-02-13T22:00:00Z,2016-02-13T23:00:00+01:00,2016-02-13T23:00:00Z,2016-02-14T00:00:00+01:00
0.6,,,False,6,so2,µg/m³,,raw,01:00:00,2016-02-13T23:00:00Z,2016-02-14T00:00:00+01:00,2016-02-14T00:00:00Z,2016-02-14T01:00:00+01:00,1,01:00:00,1,01:00:00,100.0,100.0,2016-02-13T23:00:00Z,2016-02-14T00:00:00+01:00,2016-02-14T00:00:00Z,2016-02-14T01:00:00+01:00
0.5,,,False,6,so2,µg/m³,,raw,01:00:00,2016-02-14T00:00:00Z,2016-02-14T01:00:00+01:00,2016-02-14T01:00:00Z,2016-02-14T02:00:00+01:00,1,01:00:00,1,01:00:00,100.0,100.0,2016-02-14T00:00:00Z,2016-02-14T01:00:00+01:00,2016-02-14T01:00:00Z,2016-02-14T02:00:00+01:00
0.5,,,False,6,so2,µg/m³,,raw,01:00:00,2016-02-14T01:00:00Z,2016-02-14T02:00:00+01:00,2016-02-14T02:00:00Z,2016-02-14T03:00:00+01:00,1,01:00:00,1,01:00:00,100.0,100.0,2016-02-14T01:00:00Z,2016-02-14T02:00:00+01:00,2016-02-14T02:00:00Z,2016-02-14T03:00:00+01:00
0.5,,,False,6,so2,µg/m³,,raw,01:00:00,2016-02-14T02:00:00Z,2016-02-14T03:00:00+01:00,2016-02-14T03:00:00Z,2016-02-14T04:00:00+01:00,1,01:00:00,1,01:00:00,100.0,100.0,2016-02-14T02:00:00Z,2016-02-14T03:00:00+01:00,2016-02-14T03:00:00Z,2016-02-14T04:00:00+01:00
0.5,,,False,6,so2,µg/m³,,raw,01:00:00,2016-02-14T03:00:00Z,2016-02-14T04:00:00+01:00,2016-02-14T04:00:00Z,2016-02-14T05:00:00+01:00,1,01:00:00,1,01:00:00,100.0,100.0,2016-02-14T03:00:00Z,2016-02-14T04:00:00+01:00,2016-02-14T04:00:00Z,2016-02-14T05:00:00+01:00
0.5,,,False,6,so2,µg/m³,,raw,01:00:00,2016-02-14T04:00:00Z,2016-02-14T05:00:00+01:00,2016-02-14T05:00:00Z,2016-02-14T06:00:00+01:00,1,01:00:00,1,01:00:00,100.0,100.0,2016-02-14T04:00:00Z,2016-02-14T05:00:00+01:00,2016-02-14T05:00:00Z,2016-02-14T06:00:00+01:00
0.6,,,False,6,so2,µg/m³,,raw,01:00:00,2016-02-14T05:00:00Z,2016-02-14T06:00:00+01:00,2016-02-14T06:00:00Z,2016-02-14T07:00:00+01:00,1,01:00:00,1,01:00:00,100.0,100.0,2016-02-14T05:00:00Z,2016-02-14T06:00:00+01:00,2016-02-14T06:00:00Z,2016-02-14T07:00:00+01:00
0.6,,,False,6,so2,µg/m³,,raw,01:00:00,2016-02-14T06:00:00Z,2016-02-14T07:00:00+01:00,2016-02-14T07:00:00Z,2016-02-14T08:00:00+01:00,1,01:00:00,1,01:00:00,100.0,100.0,2016-02-14T06:00:00Z,2016-02-14T07:00:00+01:00,2016-02-14T07:00:00Z,2016-02-14T08:00:00+01:00
-999.0,,,False,6,so2,µg/m³,,raw,01:00:00,2016-02-14T07:00:00Z,2016-02-14T08:00:00+01:00,2016-02-14T08:00:00Z,2016-02-14T09:00:00+01:00,1,01:00:00,1,01:00:00,100.0,100.0,2016-02-14T07:00:00Z,2016-02-14T08:00:00+01:00,2016-02-14T08:00:00Z,2016-02-14T09:00:00+01:00
0.7,,,False,6,so2,µg/m³,,raw,01:00:00,2016-02-14T08:00:00Z,2016-02-14T09:00:00+01:00,2016-02-14T09:00:00Z,2016-02-14T10:00:00+01:00,1,01:00:00,1,01:00:00,100.0,100.0,2016-02-14T08:00:00Z,2016-02-14T09:00:00+01:00,2016-02-14T09:00:00Z,2016-02-14T10:00:00+01:00
0.7,,,False,6,so2,µg/m³,,raw,01:00:00,2016-02-14T09:00:00Z,2016-02-14T10:00:00+01:00,2016-02-14T10:00:00Z,2016-02-14T11:00:00+01:00,1,01:00:00,1,01:00:00,100.0,100.0,2016-02-14T09:00:00Z,2016-02-14T10:00:00+01:00,2016-02-14T10:00:00Z,2016-02-14T11:00:00+01:00
0.8,,,False,6,so2,µg/m³,,raw,01:00:00,2016-02-14T10:00:00Z,2016-02-14T11:00:00+01:00,2016-02-14T11:00:00Z,2016-02-14T12:00:00+01:00,1,01:00:00,1,01:00:00,100.0,100.0,2016-02-14T10:00:00Z,2016-02-14T11:00:00+01:00,2016-02-14T11:00:00Z,2016-02-14T12:00:00+01:00
0.7,,,False,6,so2,µg/m³,,raw,01:00:00,2016-02-14T11:00:00Z,2016-02-14T12:00:00+01:00,2016-02-14T12:00:00Z,2016-02-14T13:00:00+01:00,1,01:00:00,1,01:00:00,100.0,100.0,2016-02-14T11:00:00Z,2016-02-14T12:00:00+01:00,2016-02-14T12:00:00Z,2016-02-14T13:00:00+01:00
0.5,,,False,6,so2,µg/m³,,raw,01:00:00,2016-02-14T12:00:00Z,2016-02-14T13:00:00+01:00,2016-02-14T13:00:00Z,2016-02-14T14:00:00+01:00,1,01:00:00,1,01:00:00,100.0,100.0,2016-02-14T12:00:00Z,2016-02-14T13:00:00+01:00,2016-02-14T13:00:00Z,2016-02-14T14:00:00+01:00
0.5,,,False,6,so2,µg/m³,,raw,01:00:00,2016-02-14T13:00:00Z,2016-02-14T14:00:00+01:00,2016-02-14T14:00:00Z,2016-02-14T15:00:00+01:00,1,01:00:00,1,01:00:00,100.0,100.0,2016-02-14T13:00:00Z,2016-02-14T14:00:00+01:00,2016-02-14T14:00:00Z,2016-02-14T15:00:00+01:00
0.7,,,False,6,so2,µg/m³,,raw,01:00:00,2016-02-14T14:00:00Z,2016-02-14T15:00:00+01:00,2016-02-14T15:00:00Z,2016-02-14T16:00:00+01:00,1,01:00:00,1,01:00:00,100.0,100.0,2016-02-14T14:00:00Z,2016-02-14T15:00:00+01:00,2016-02-14T15:00:00Z,2016-02-14T16:00:00+01:00
0.7,,,False,6,so2,µg/m³,,raw,01:00:00,2016-02-14T15:00:00Z,2016-02-14T16:00:00+01:00,2016-02-14T16:00:00Z,2016-02-14T17:00:00+01:00,1,01:00:00,1,01:00:00,100.0,100.0,2016-02-14T15:00:00Z,2016-02-14T16:00:00+01:00,2016-02-14T16:00:00Z,2016-02-14T17:00:00+01:00
0.8,,,False,6,so2,µg/m³,,raw,01:00:00,2016-02-14T16:00:00Z,2016-02-14T17:00:00+01:00,2016-02-14T17:00:00Z,2016-02-14T18:00:00+01:00,1,01:00:00,1,01:00:00,100.0,100.0,2016-02-14T16:00:00Z,2016-02-14T17:00:00+01:00,2016-02-14T17:00:00Z,2016-02-14T18:00:00+01:00
0.8,,,False,6,so2,µg/m³,,raw,01:00:00,2016-02-14T17:00:00Z,2016-02-14T18:00:00+01:00,2016-02-14T18:00:00Z,2016-02-14T19:00:00+01:00,1,01:00:00,1,01:00:00,100.0,100.0,2016-02-14T17:00:00Z,2016-02-14T18:00:00+01:00,2016-02-14T18:00:00Z,2016-02-14T19:00:00+01:00
0.8,,,False,6,so2,µg/m³,,raw,01:00:00,2016-02-14T18:00:00Z,2016-02-14T19:00:00+01:00,2016-02-14T19:00:00Z,2016-02-14T20:00:00+01:00,1,01:00:00,1,01:00:00,100.0,100.0,2016-02-14T18:00:00Z,2016-02-14T19:00:00+01:00,2016-02-14T19:00:00Z,2016-02-14T20:00:00+01:00
0.8,,,False,6,so2,µg/m³,,raw,01:00:00,2016-02-14T19:00:00Z,2016-02-14T20:00:00+01:00,2016-02-14T20:00:00Z,2016-02-14T21:00:00+01:00,1,01:00:00,1,01:00:00,100.0,100.0,2016-02-14T19:00:00Z,2016-02-14T20:00:00+01:00,2016-02-14T20:00:00Z,2016-02-14T21:00:00+01:00
1.1,,,False,6,so2,µg/m³,,raw,01:00:00,2016-02-14T20:00:00Z,2016-02-14T21:00:00+01:00,2016-02-14T21:00:00Z,2016-02-14T22:00:00+01:00,1,01:00:00,1,01:00:00,100.0,100.0,2016-02-14T20:00:00Z,2016-02-14T21:00:00+01:00,2016-02-14T21:00:00Z,2016-02-14T22:00:00+01:00
1.1,,,False,6,so2,µg/m³,,raw,01:00:00,2016-02-14T21:00:00Z,2016-02-14T22:00:00+01:00,2016-02-14T22:00:00Z,2016-02-14T23:00:00+01:00,1,01:00:00,1,01:00:00,100.0,100.0,2016-02-14T21:00:00Z,2016-02-14T22:00:00+01:00,2016-02-14T22:00:00Z,2016-02-14T23:00:00+01:00
-999.0,,,False,6,so2,µg/m³,,raw,01:00:00,2016-02-14T22:00:00Z,2016-02-14T23:00:00+01:00,2016-02-14T23:00:00Z,2016-02-15T00:00:00+01:00,1,01:00:00,1,01:00:00,100.0,100.0,2016-02-14T22:00:00Z,2016-02-14T23:00:00+01:00,2016-02-14T23:00:00Z,2016-02-15T00:00:00+01:00
0.7,,,False,6,so2,µg/m³,,raw,01:00:00,2016-02-14T23:00:00Z,2016-02-15T00:00:00+01:00,2016-02-15T00:00:00Z,2016-02-15T01:00:00+01:00,1,01:00:00,1,01:00:00,100.0,100.0,2016-02-14T23:00:00Z,2016-02-15T00:00:00+01:00,2016-02-15T00:00:00Z,2016-02-15T01:00:00+01:00
0.7,,,False,6,so2,µg/m³,,raw,01:00:00,2016-02-15T00:00:00Z,2016-02-15T01:00:00+01:00,2016-02-15T01:00:00Z,2016-02-15T02:00:00+01:00,1,01:00:00,1,01:00:00,100.0,100.0,2016-02-15T00:00:00Z,2016-02-15T01:00:00+01:00,2016-02-15T01:00:00Z,2016-02-15T02:00:00+01:00
0.8,,,False,6,so2,µg/m³,,raw,01:00:00,2016-02-15T01:00:00Z,2016-02-15T02:00:00+01:00,2016-02-15T02:00:00Z,2016-02-15T03:00:00+01:00,1,01:00:00,1,01:00:00,100.0,100.0,2016-02-15T01:00:00Z,2016-02-15T02:00:00+01:00,2016-02-15T02:00:00Z,2016-02-15T03:00:00+01:00
0.9,,,False,6,so2,µg/m³,,raw,01:00:00,2016-02-15T02:00:00Z,2016-02-15T03:00:00+01:00,2016-02-15T03:00:00Z,2016-02-15T04:00:00+01:00,1,01:00:00,1,01:00:00,100.0,100.0,2016-02-15T02:00:00Z,2016-02-15T03:00:00+01:00,2016-02-15T03:00:00Z,2016-02-15T04:00:00+01:00
2.5,,,False,6,so2,µg/m³,,raw,01:00:00,2016-02-15T03:00:00Z,2016-02-15T04:00:00+01:00,2016-02-15T04:00:00Z,2016-02-15T05:00:00+01:00,1,01:00:00,1,01:00:00,100.0,100.0,2016-02-15T03:00:00Z,2016-02-15T04:00:00+01:00,2016-02-15T04:00:00Z,2016-02-15T05:00:00+01:00
1.5,,,False,6,so2,µg/m³,,raw,01:00:00,2016-02-15T04:00:00Z,2016-02-15T05:00:00+01:00,2016-02-15T05:00:00Z,2016-02-15T06:00:00+01:00,1,01:00:00,1,01:00:00,100.0,100.0,2016-02-15T04:00:00Z,2016-02-15T05:00:00+01:00,2016-02-15T05:00:00Z,2016-02-15T06:00:00+01:00
2.1,,,False,6,so2,µg/m³,,raw,01:00:00,2016-02-15T05:00:00Z,2016-02-15T06:00:00+01:00,2016-02-15T06:00:00Z,2016-02-15T07:00:00+01:00,1,01:00:00,1,01:00:00,100.0,100.0,2016-02-15T05:00:00Z,2016-02-15T06:00:00+01:00,2016-02-15T06:00:00Z,2016-02-15T07:00:00+01:00
3.4,,,False,6,so2,µg/m³,,raw,01:00:00,2016-02-15T06:00:00Z,2016-02-15T07:00:00+01:00,2016-02-15T07:00:00Z,2016-02-15T08:00:00+01:00,1,01:00:00,1,01:00:00,100.0,100.0,2016-02-15T06:00:00Z,2016-02-15T07:00:00+01:00,2016-02-15T07:00:00Z,2016-02-15T08:00:00+01:00
4.3,,,False,6,so2,µg/m³,,raw,01:00:00,2016-02-15T07:00:00Z,2016-02-15T08:00:00+01:00,2016-02-15T08:00:00Z,2016-02-15T09:00:00+01:00,1,01:00:00,1,01:00:00,100.0,100.0,2016-02-15T07:00:00Z,2016-02-15T08:00:00+01:00,2016-02-15T08:00:00Z,2016-02-15T09:00:00+01:00
1.5,,,False,6,so2,µg/m³,,raw,01:00:00,2016-02-15T08:00:00Z,2016-02-15T09:00:00+01:00,2016-02-15T09:00:00Z,2016-02-15T10:00:00+01:00,1,01:00:00,1,01:00:00,100.0,100.0,2016-02-15T08:00:00Z,2016-02-15T09:00:00+01:00,2016-02-15T09:00:00Z,2016-02-15T10:00:00+01:00
1.4,,,False,6,so2,µg/m³,,raw,01:00:00,2016-02-15T09:00:00Z,2016-02-15T10:00:00+01:00,2016-02-15T10:00:00Z,2016-02-15T11:00:00+01:00,1,01:00:00,1,01:00:00,100.0,100.0,2016-02-15T09:00:00Z,2016-02-15T10:00:00+01:00,2016-02-15T10:00:00Z,2016-02-15T11:00:00+01:00
0.8,,,False,6,so2,µg/m³,,raw,01:00:00,2016-02-15T10:00:00Z,2016-02-15T11:00:00+01:00,2016-02-15T11:00:00Z,2016-02-15T12:00:00+01:00,1,01:00:00,1,01:00:00,100.0,100.0,2016-02-15T10:00:00Z,2016-02-15T11:00:00+01:00,2016-02-15T11:00:00Z,2016-02-15T12:00:00+01:00
1.0,,,False,6,so2,µg/m³,,raw,01:00:00,2016-02-15T11:00:00Z,2016-02-15T12:00:00+01:00,2016-02-15T12:00:00Z,2016-02-15T13:00:00+01:00,1,01:00:00,1,01:00:00,100.0,100.0,2016-02-15T11:00:00Z,2016-02-15T12:00:00+01:00,2016-02-15T12:00:00Z,2016-02-15T13:00:00+01:00
1.5,,,False,6,so2,µg/m³,,raw,01:00:00,2016-02-15T12:00:00Z,2016-02-15T13:00:00+01:00,2016-02-15T13:00:00Z,2016-02-15T14:00:00+01:00,1,01:00:00,1,01:00:00,100.0,100.0,2016-02-15T12:00:00Z,2016-02-15T13:00:00+01:00,2016-02-15T13:00:00Z,2016-02-15T14:00:00+01:00
-999.0,,,False,6,so2,µg/m³,,raw,01:00:00,2016-02-15T13:00:00Z,2016-02-15T14:00:00+01:00,2016-02-15T14:00:00Z,2016-02-15T15:00:00+01:00,1,01:00:00,1,01:00:00,100.0,100.0,2016-02-15T13:00:00Z,2016-02-15T14:00:00+01:00,2016-02-15T14:00:00Z,2016-02-15T15:00:00+01:00
1.8,,,False,6,so2,µg/m³,,raw,01:00:00,2016-02-15T14:00:00Z,2016-02-15T15:00:00+01:00,2016-02-15T15:00:00Z,2016-02-15T16:00:00+01:00,1,01:00:00,1,01:00:00,100.0,100.0,2016-02-15T14:00:00Z,2016-02-15T15:00:00+01:00,2016-02-15T15:00:00Z,2016-02-15T16:00:00+01:00
2.0,,,False,6,so2,µg/m³,,raw,01:00:00,2016-02-15T15:00:00Z,2016-02-15T16:00:00+01:00,2016-02-15T16:00:00Z,2016-02-15T17:00:00+01:00,1,01:00:00,1,01:00:00,100.0,100.0,2016-02-15T15:00:00Z,2016-02-15T16:00:00+01:00,2016-02-15T16:00:00Z,2016-02-15T17:00:00+01:00
1.7,,,False,6,so2,µg/m³,,raw,01:00:00,2016-02-15T16:00:00Z,2016-02-15T17:00:00+01:00,2016-02-15T17:00:00Z,2016-02-15T18:00:00+01:00,1,01:00:00,1,01:00:00,100.0,100.0,2016-02-15T16:00:00Z,2016-02-15T17:00:00+01:00,2016-02-15T17:00:00Z,2016-02-15T18:00:00+01:00
4.5,,,False,6,so2,µg/m³,,raw,01:00:00,2016-02-15T17:00:00Z,2016-02-15T18:00:00+01:00,2016-02-15T18:00:00Z,2016-02-15T19:00:00+01:00,1,01:00:00,1,01:00:00,100.0,100.0,2016-02-15T17:00:00Z,2016-02-15T18:00:00+01:00,2016-02-15T18:00:00Z,2016-02-15T19:00:00+01:00
3.9,,,False,6,so2,µg/m³,,raw,01:00:00,2016-02-15T18:00:00Z,2016-02-15T19:00:00+01:00,2016-02-15T19:00:00Z,2016-02-15T20:00:00+01:00,1,01:00:00,1,01:00:00,100.0,100.0,2016-02-15T18:00:00Z,2016-02-15T19:00:00+01:00,2016-02-15T19:00:00Z,2016-02-15T20:00:00+01:00
2.4,,,False,6,so2,µg/m³,,raw,01:00:00,2016-02-15T19:00:00Z,2016-02-15T20:00:00+01:00,2016-02-15T20:00:00Z,2016-02-15T21:00:00+01:00,1,01:00:00,1,01:00:00,100.0,100.0,2016-02-15T19:00:00Z,2016-02-15T20:00:00+01:00,2016-02-15T20:00:00Z,2016-02-15T21:00:00+01:00
2.2,,,False,6,so2,µg/m³,,raw,01:00:00,2016-02-15T20:00:00Z,2016-02-15T21:00:00+01:00,2016-02-15T21:00:00Z,2016-02-15T22:00:00+01:00,1,01:00:00,1,01:00:00,100.0,100.0,2016-02-15T20:00:00Z,2016-02-15T21:00:00+01:00,2016-02-15T21:00:00Z,2016-02-15T22:00:00+01:00
1.1,,,False,6,so2,µg/m³,,raw,01:00:00,2016-02-15T21:00:00Z,2016-02-15T22:00:00+01:00,2016-02-15T22:00:00Z,2016-02-15T23:00:00+01:00,1,01:00:00,1,01:00:00,100.0,100.0,2016-02-15T21:00:00Z,2016-02-15T22:00:00+01:00,2016-02-15T22:00:00Z,2016-02-15T23:00:00+01:00
-999.0,,,False,6,so2,µg/m³,,raw,01:00:00,2016-02-15T22:00:00Z,2016-02-15T23:00:00+01:00,2016-02-15T23:00:00Z,2016-02-16T00:00:00+01:00,1,01:00:00,1,01:00:00,100.0,100.0,2016-02-15T22:00:00Z,2016-02-15T23:00:00+01:00,2016-02-15T23:00:00Z,2016-02-16T00:00:00+01:00
1.5,,,False,6,so2,µg/m³,,raw,01:00:00,2016-02-15T23:00:00Z,2016-02-16T00:00:00+01:00,2016-02-16T00:00:00Z,2016-02-16T01:00:00+01:00,1,01:00:00,1,01:00:00,100.0,100.0,2016-02-15T23:00:00Z,2016-02-16T00:00:00+01:00,2016-02-16T00:00:00Z,2016-02-16T01:00:00+01:00
4.7,,,False,6,so2,µg/m³,,raw,01:00:00,2016-02-16T00:00:00Z,2016-02-16T01:00:00+01:00,2016-02-16T01:00:00Z,2016-02-16T02:00:00+01:00,1,01:00:00,1,01:00:00,100.0,100.0,2016-02-16T00:00:00Z,2016-02-16T01:00:00+01:00,2016-02-16T01:00:00Z,2016-02-16T02:00:00+01:00
1.4,,,False,6,so2,µg/m³,,raw,01:00:00,2016-02-16T01:00:00Z,2016-02-16T02:00:00+01:00,2016-02-16T02:00:00Z,2016-02-16T03:00:00+01:00,1,01:00:00,1,01:00:00,100.0,100.0,2016-02-16T01:00:00Z,2016-02-16T02:00:00+01:00,2016-02-16T02:00:00Z,2016-02-16T03:00:00+01:00
1.4,,,False,6,so2,µg/m³,,raw,01:00:00,2016-02-16T02:00:00Z,2016-02-16T03:00:00+01:00,2016-02-16T03:00:00Z,2016-02-16T04:00:00+01:00,1,01:00:00,1,01:00:00,100.0,100.0,2016-02-16T02:00:00Z,2016-02-16T03:00:00+01:00,2016-02-16T03:00:00Z,2016-02-16T04:00:00+01:00
1.2,,,False,6,so2,µg/m³,,raw,01:00:00,2016-02-16T03:00:00Z,2016-02-16T04:00:00+01:00,2016-02-16T04:00:00Z,2016-02-16T05:00:00+01:00,1,01:00:00,1,01:00:00,100.0,100.0,2016-02-16T03:00:00Z,2016-02-16T04:00:00+01:00,2016-02-16T04:00:00Z,2016-02-16T05:00:00+01:00
-999.0,,,False,6,so2,µg/m³,,raw,01:00:00,2016-02-16T04:00:00Z,2016-02-16T05:00:00+01:00,2016-02-16T05:00:00Z,2016-02-16T06:00:00+01:00,1,01:00:00,1,01:00:00,100.0,100.0,2016-02-16T04:00:00Z,2016-02-16T05:00:00+01:00,2016-02-16T05:00:00Z,2016-02-16T06:00:00+01:00
1.1,,,False,6,so2,µg/m³,,raw,01:00:00,2016-02-16T05:00:00Z,2016-02-16T06:00:00+01:00,2016-02-16T06:00:00Z,2016-02-16T07:00:00+01:00,1,01:00:00,1,01:00:00,100.0,100.0,2016-02-16T05:00:00Z,2016-02-16T06:00:00+01:00,2016-02-16T06:00:00Z,2016-02-16T07:00:00+01:00
1.8,,,False,6,so2,µg/m³,,raw,01:00:00,2016-02-16T06:00:00Z,2016-02-16T07:00:00+01:00,2016-02-16T07:00:00Z,2016-02-16T08:00:00+01:00,1,01:00:00,1,01:00:00,100.0,100.0,2016-02-16T06:00:00Z,2016-02-16T07:00:00+01:00,2016-02-16T07:00:00Z,2016-02-16T08:00:00+01:00
3.5,,,False,6,so2,µg/m³,,raw,01:00:00,2016-02-16T07:00:00Z,2016-02-16T08:00:00+01:00,2016-02-16T08:00:00Z,2016-02-16T09:00:00+01:00,1,01:00:00,1,01:00:00,100.0,100.0,2016-02-16T07:00:00Z,2016-02-16T08:00:00+01:00,2016-02-16T08:00:00Z,2016-02-16T09:00:00+01:00
6.5,,,False,6,so2,µg/m³,,raw,01:00:00,2016-02-16T08:00:00Z,2016-02-16T09:00:00+01:00,2016-02-16T09:00:00Z,2016-02-16T10:00:00+01:00,1,01:00:00,1,01:00:00,100.0,100.0,2016-02-16T08:00:00Z,2016-02-16T09:00:00+01:00,2016-02-16T09:00:00Z,2016-02-16T10:00:00+01:00
6.3,,,False,6,so2,µg/m³,,raw,01:00:00,2016-02-16T09:00:00Z,2016-02-16T10:00:00+01:00,2016-02-16T10:00:00Z,2016-02-16T11:00:00+01:00,1,01:00:00,1,01:00:00,100.0,100.0,2016-02-16T09:00:00Z,2016-02-16T10:00:00+01:00,2016-02-16T10:00:00Z,2016-02-16T11:00:00+01:00
2.7,,,False,6,so2,µg/m³,,raw,01:00:00,2016-02-16T10:00:00Z,2016-02-16T11:00:00+01:00,2016-02-16T11:00:00Z,2016-02-16T12:00:00+01:00,1,01:00:00,1,01:00:00,100.0,100.0,2016-02-16T10:00:00Z,2016-02-16T11:00:00+01:00,2016-02-16T11:00:00Z,2016-02-16T12:00:00+01:00
1.1,,,False,6,so2,µg/m³,,raw,01:00:00,2016-02-16T11:00:00Z,2016-02-16T12:00:00+01:00,2016-02-16T12:00:00Z,2016-02-16T13:00:00+01:00,1,01:00:00,1,01:00:00,100.0,100.0,2016-02-16T11:00:00Z,2016-02-16T12:00:00+01:00,2016-02-16T12:00:00Z,2016-02-16T13:00:00+01:00
0.5,,,False,6,so2,µg/m³,,raw,01:00:00,2016-02-16T12:00:00Z,2016-02-16T13:00:00+01:00,2016-02-16T13:00:00Z,2016-02-16T14:00:00+01:00,1,01:00:00,1,01:00:00,100.0,100.0,2016-02-16T12:00:00Z,2016-02-16T13:00:00+01:00,2016-02-16T13:00:00Z,2016-02-16T14:00:00+01:00
0.4,,,False,6,so2,µg/m³,,raw,01:00:00,2016-02-16T13:00:00Z,2016-02-16T14:00:00+01:00,2016-02-16T14:00:00Z,2016-02-16T15:00:00+01:00,1,01:00:00,1,01:00:00,100.0,100.0,2016-02-16T13:00:00Z,2016-02-16T14:00:00+01:00,2016-02-16T14:00:00Z,2016-02-16T15:00:00+01:00
0.4,,,False,6,so2,µg/m³,,raw,01:00:00,2016-02-16T14:00:00Z,2016-02-16T15:00:00+01:00,2016-02-16T15:00:00Z,2016-02-16T16:00:00+01:00,1,01:00:00,1,01:00:00,100.0,100.0,2016-02-16T14:00:00Z,2016-02-16T15:00:00+01:00,2016-02-16T15:00:00Z,2016-02-16T16:00:00+01:00
0.5,,,False,6,so2,µg/m³,,raw,01:00:00,2016-02-16T15:00:00Z,2016-02-16T16:00:00+01:00,2016-02-16T16:00:00Z,2016-02-16T17:00:00+01:00,1,01:00:00,1,01:00:00,100.0,100.0,2016-02-16T15:00:00Z,2016-02-16T16:00:00+01:00,2016-02-16T16:00:00Z,2016-02-16T17:00:00+01:00
0.5,,,False,6,so2,µg/m³,,raw,01:00:00,2016-02-16T16:00:00Z,2016-02-16T17:00:00+01:00,2016-02-16T17:00:00Z,2016-02-16T18:00:00+01:00,1,01:00:00,1,01:00:00,100.0,100.0,2016-02-16T16:00:00Z,2016-02-16T17:00:00+01:00,2016-02-16T17:00:00Z,2016-02-16T18:00:00+01:00
0.3,,,False,6,so2,µg/m³,,raw,01:00:00,2016-02-16T17:00:00Z,2016-02-16T18:00:00+01:00,2016-02-16T18:00:00Z,2016-02-16T19:00:00+01:00,1,01:00:00,1,01:00:00,100.0,100.0,2016-02-16T17:00:00Z,2016-02-16T18:00:00+01:00,2016-02-16T18:00:00Z,2016-02-16T19:00:00+01:00
0.7,,,False,6,so2,µg/m³,,raw,01:00:00,2016-02-16T18:00:00Z,2016-02-16T19:00:00+01:00,2016-02-16T19:00:00Z,2016-02-16T20:00:00+01:00,1,01:00:00,1,01:00:00,100.0,100.0,2016-02-16T18:00:00Z,2016-02-16T19:00:00+01:00,2016-02-16T19:00:00Z,2016-02-16T20:00:00+01:00
-999.0,,,False,6,so2,µg/m³,,raw,01:00:00,2016-02-16T19:00:00Z,2016-02-16T20:00:00+01:00,2016-02-16T20:00:00Z,2016-02-16T21:00:00+01:00,1,01:00:00,1,01:00:00,100.0,100.0,2016-02-16T19:00:00Z,2016-02-16T20:00:00+01:00,2016-02-16T20:00:00Z,2016-02-16T21:00:00+01:00
0.3,,,False,6,so2,µg/m³,,raw,01:00:00,2016-02-16T20:00:00Z,2016-02-16T21:00:00+01:00,2016-02-16T21:00:00Z,2016-02-16T22:00:00+01:00,1,01:00:00,1,01:00:00,100.0,100.0,2016-02-16T20:00:00Z,2016-02-16T21:00:00+01:00,2016-02-16T21:00:00Z,2016-02-16T22:00:00+01:00
0.3,,,False,6,so2,µg/m³,,raw,01:00:00,2016-02-16T21:00:00Z,2016-02-16T22:00:00+01:00,2016-02-16T22:00:00Z,2016-02-16T23:00:00+01:00,1,01:00:00,1,01:00:00,100.0,100.0,2016-02-16T21:00:00Z,2016-02-16T22:00:00+01:00,2016-02-16T22:00:00Z,2016-02-16T23:00:00+01:00
-999.0,,,False,6,so2,µg/m³,,raw,01:00:00,2016-02-16T22:00:00Z,2016-02-16T23:00:00+01:00,2016-02-16T23:00:00Z,2016-02-17T00:00:00+01:00,1,01:00:00,1,01:00:00,100.0,100.0,2016-02-16T22:00:00Z,2016-02-16T23:00:00+01:00,2016-02-16T23:00:00Z,2016-02-17T00:00:00+01:00
0.2,,,False,6,so2,µg/m³,,raw,01:00:00,2016-02-16T23:00:00Z,2016-02-17T00:00:00+01:00,2016-02-17T00:00:00Z,2016-02-17T01:00:00+01:00,1,01:00:00,1,01:00:00,100.0,100.0,2016-02-16T23:00:00Z,2016-02-17T00:00:00+01:00,2016-02-17T00:00:00Z,2016-02-17T01:00:00+01:00
0.3,,,False,6,so2,µg/m³,,raw,01:00:00,2016-02-17T00:00:00Z,2016-02-17T01:00:00+01:00,2016-02-17T01:00:00Z,2016-02-17T02:00:00+01:00,1,01:00:00,1,01:00:00,100.0,100.0,2016-02-17T00:00:00Z,2016-02-17T01:00:00+01:00,2016-02-17T01:00:00Z,2016-02-17T02:00:00+01:00
0.7,,,False,6,so2,µg/m³,,raw,01:00:00,2016-02-17T01:00:00Z,2016-02-17T02:00:00+01:00,2016-02-17T02:00:00Z,2016-02-17T03:00:00+01:00,1,01:00:00,1,01:00:00,100.0,100.0,2016-02-17T01:00:00Z,2016-02-17T02:00:00+01:00,2016-02-17T02:00:00Z,2016-02-17T03:00:00+01:00
1.2,,,False,6,so2,µg/m³,,raw,01:00:00,2016-02-17T02:00:00Z,2016-02-17T03:00:00+01:00,2016-02-17T03:00:00Z,2016-02-17T04:00:00+01:00,1,01:00:00,1,01:00:00,100.0,100.0,2016-02-17T02:00:00Z,2016-02-17T03:00:00+01:00,2016-02-17T03:00:00Z,2016-02-17T04:00:00+01:00
0.7,,,False,6,so2,µg/m³,,raw,01:00:00,2016-02-17T03:00:00Z,2016-02-17T04:00:00+01:00,2016-02-17T04:00:00Z,2016-02-17T05:00:00+01:00,1,01:00:00,1,01:00:00,100.0,100.0,2016-02-17T03:00:00Z,2016-02-17T04:00:00+01:00,2016-02-17T04:00:00Z,2016-02-17T05:00:00+01:00
0.6,,,False,6,so2,µg/m³,,raw,01:00:00,2016-02-17T04:00:00Z,2016-02-17T05:00:00+01:00,2016-02-17T05:00:00Z,2016-02-17T06:00:00+01:00,1,01:00:00,1,01:00:00,100.0,100.0,2016-02-17T04:00:00Z,2016-02-17T05:00:00+01:00,2016-02-17T05:00:00Z,2016-02-17T06:00:00+01:00
0.6,,,False,6,so2,µg/m³,,raw,01:00:00,2016-02-17T05:00:00Z,2016-02-17T06:00:00+01:00,2016-02-17T06:00:00Z,2016-02-17T07:00:00+01:00,1,01:00:00,1,01:00:00,100.0,100.0,2016-02-17T05:00:00Z,2016-02-17T06:00:00+01:00,2016-02-17T06:00:00Z,2016-02-17T07:00:00+01:00
0.7,,,False,6,so2,µg/m³,,raw,01:00:00,2016-02-17T06:00:00Z,2016-02-17T07:00:00+01:00,2016-02-17T07:00:00Z,2016-02-17T08:00:00+01:00,1,01:00:00,1,01:00:00,100.0,100.0,2016-02-17T06:00:00Z,2016-02-17T07:00:00+01:00,2016-02-17T07:00:00Z,2016-02-17T08:00:00+01:00
0.9,,,False,6,so2,µg/m³,,raw,01:00:00,2016-02-17T07:00:00Z,2016-02-17T08:00:00+01:00,2016-02-17T08:00:00Z,2016-02-17T09:00:00+01:00,1,01:00:00,1,01:00:00,100.0,100.0,2016-02-17T07:00:00Z,2016-02-17T08:00:00+01:00,2016-02-17T08:00:00Z,2016-02-17T09:00:00+01:00
1.3,,,False,6,so2,µg/m³,,raw,01:00:00,2016-02-17T08:00:00Z,2016-02-17T09:00:00+01:00,2016-02-17T09:00:00Z,2016-02-17T10:00:00+01:00,1,01:00:00,1,01:00:00,100.0,100.0,2016-02-17T08:00:00Z,2016-02-17T09:00:00+01:00,2016-02-17T09:00:00Z,2016-02-17T10:00:00+01:00
2.0,,,False,6,so2,µg/m³,,raw,01:00:00,2016-02-17T09:00:00Z,2016-02-17T10:00:00+01:00,2016-02-17T10:00:00Z,2016-02-17T11:00:00+01:00,1,01:00:00,1,01:00:00,100.0,100.0,2016-02-17T09:00:00Z,2016-02-17T10:00:00+01:00,2016-02-17T10:00:00Z,2016-02-17T11:00:00+01:00
-999.0,,,False,6,so2,µg/m³,,raw,01:00:00,2016-02-17T10:00:00Z,2016-02-17T11:00:00+01:00,2016-02-17T11:00:00Z,2016-02-17T12:00:00+01:00,1,01:00:00,1,01:00:00,100.0,100.0,2016-02-17T10:00:00Z,2016-02-17T11:00:00+01:00,2016-02-17T11:00:00Z,2016-02-17T12:00:00+01:00
2.1,,,False,6,so2,µg/m³,,raw,01:00:00,2016-02-17T11:00:00Z,2016-02-17T12:00:00+01:00,2016-02-17T12:00:00Z,2016-02-17T13:00:00+01:00,1,01:00:00,1,01:00:00,100.0,100.0,2016-02-17T11:00:00Z,2016-02-17T12:00:00+01:00,2016-02-17T12:00:00Z,2016-02-17T13:00:00+01:00
1.6,,,False,6,so2,µg/m³,,raw,01:00:00,2016-02-17T12:00:00Z,2016-02-17T13:00:00+01:00,2016-02-17T13:00:00Z,2016-02-17T14:00:00+01:00,1,01:00:00,1,01:00:00,100.0,100.0,2016-02-17T12:00:00Z,2016-02-17T13:00:00+01:00,2016-02-17T13:00:00Z,2016-02-17T14:00:00+01:00
1.3,,,False,6,so2,µg/m³,,raw,01:00:00,2016-02-17T13:00:00Z,2016-02-17T14:00:00+01:00,2016-02-17T14:00:00Z,2016-02-17T15:00:00+01:00,1,01:00:00,1,01:00:00,100.0,100.0,2016-02-17T13:00:00Z,2016-02-17T14:00:00+01:00,2016-02-17T14:00:00Z,2016-02-17T15:00:00+01:00
1.1,,,False,6,so2,µg/m³,,raw,01:00:00,2016-02-17T14:00:00Z,2016-02-17T15:00:00+01:00,2016-02-17T15:00:00Z,2016-02-17T16:00:00+01:00,1,01:00:00,1,01:00:00,100.0,100.0,2016-02-17T14:00:00Z,2016-02-17T15:00:00+01:00,2016-02-17T15:00:00Z,2016-02-17T16:00:00+01:00
1.3,,,False,6,so2,µg/m³,,raw,01:00:00,2016-02-17T15:00:00Z,2016-02-17T16:00:00+01:00,2016-02-17T16:00:00Z,2016-02-17T17:00:00+01:00,1,01:00:00,1,01:00:00,100.0,100.0,2016-02-17T15:00:00Z,2016-02-17T16:00:00+01:00,2016-02-17T16:00:00Z,2016-02-17T17:00:00+01:00
1.3,,,False,6,so2,µg/m³,,raw,01:00:00,2016-02-17T16:00:00Z,2016-02-17T17:00:00+01:00,2016-02-17T17:00:00Z,2016-02-17T18:00:00+01:00,1,01:00:00,1,01:00:00,100.0,100.0,2016-02-17T16:00:00Z,2016-02-17T17:00:00+01:00,2016-02-17T17:00:00Z,2016-02-17T18:00:00+01:00
0.9,,,False,6,so2,µg/m³,,raw,01:00:00,2016-02-17T17:00:00Z,2016-02-17T18:00:00+01:00,2016-02-17T18:00:00Z,2016-02-17T19:00:00+01:00,1,01:00:00,1,01:00:00,100.0,100.0,2016-02-17T17:00:00Z,2016-02-17T18:00:00+01:00,2016-02-17T18:00:00Z,2016-02-17T19:00:00+01:00
0.6,,,False,6,so2,µg/m³,,raw,01:00:00,2016-02-17T18:00:00Z,2016-02-17T19:00:00+01:00,2016-02-17T19:00:00Z,2016-02-17T20:00:00+01:00,1,01:00:00,1,01:00:00,100.0,100.0,2016-02-17T18:00:00Z,2016-02-17T19:00:00+01:00,2016-02-17T19:00:00Z,2016-02-17T20:00:00+01:00
0.5,,,False,6,so2,µg/m³,,raw,01:00:00,2016-02-17T19:00:00Z,2016-02-17T20:00:00+01:00,2016-02-17T20:00:00Z,2016-02-17T21:00:00+01:00,1,01:00:00,1,01:00:00,100.0,100.0,2016-02-17T19:00:00Z,2016-02-17T20:00:00+01:00,2016-02-17T20:00:00Z,2016-02-17T21:00:00+01:00
0.5,,,False,6,so2,µg/m³,,raw,01:00:00,2016-02-17T20:00:00Z,2016-02-17T21:00:00+01:00,2016-02-17T21:00:00Z,2016-02-17T22:00:00+01:00,1,01:00:00,1,01:00:00,100.0,100.0,2016-02-17T20:00:00Z,2016-02-17T21:00:00+01:00,2016-02-17T21:00:00Z,2016-02-17T22:00:00+01:00
0.6,,,False,6,so2,µg/m³,,raw,01:00:00,2016-02-17T21:00:00Z,2016-02-17T22:00:00+01:00,2016-02-17T22:00:00Z,2016-02-17T23:00:00+01:00,1,01:00:00,1,01:00:00,100.0,100.0,2016-02-17T21:00:00Z,2016-02-17T22:00:00+01:00,2016-02-17T22:00:00Z,2016-02-17T23:00:00+01:00
-999.0,,,False,6,so2,µg/m³,,raw,01:00:00,2016-02-17T22:00:00Z,2016-02-17T23:00:00+01:00,2016-02-17T23:00:00Z,2016-02-18T00:00:00+01:00,1,01:00:00,1,01:00:00,100.0,100.0,2016-02-17T22:00:00Z,2016-02-17T23:00:00+01:00,2016-02-17T23:00:00Z,2016-02-18T00:00:00+01:00
0.4,,,False,6,so2,µg/m³,,raw,01:00:00,2016-02-17T23:00:00Z,2016-02-18T00:00:00+01:00,2016-02-18T00:00:00Z,2016-02-18T01:00:00+01:00,1,01:00:00,1,01:00:00,100.0,100.0,2016-02-17T23:00:00Z,2016-02-18T00:00:00+01:00,2016-02-18T00:00:00Z,2016-02-18T01:00:00+01:00
0.4,,,False,6,so2,µg/m³,,raw,01:00:00,2016-02-18T00:00:00Z,2016-02-18T01:00:00+01:00,2016-02-18T01:00:00Z,2016-02-18T02:00:00+01:00,1,01:00:00,1,01:00:00,100.0,100.0,2016-02-18T00:00:00Z,2016-02-18T01:00:00+01:00,2016-02-18T01:00:00Z,2016-02-18T02:00:00+01:00
-999.0,,,False,6,so2,µg/m³,,raw,01:00:00,2016-02-18T01:00:00Z,2016-02-18T02:00:00+01:00,2016-02-18T02:00:00Z,2016-02-18T03:00:00+01:00,1,01:00:00,1,01:00:00,100.0,100.0,2016-02-18T01:00:00Z,2016-02-18T02:00:00+01:00,2016-02-18T02:00:00Z,2016-02-18T03:00:00+01:00
0.4,,,False,6,so2,µg/m³,,raw,01:00:00,2016-02-18T02:00:00Z,2016-02-18T03:00:00+01:00,2016-02-18T03:00:00Z,2016-02-18T04:00:00+01:00,1,01:00:00,1,01:00:00,100.0,100.0,2016-02-18T02:00:00Z,2016-02-18T03:00:00+01:00,2016-02-18T03:00:00Z,2016-02-18T04:00:00+01:00
0.3,,,False,6,so2,µg/m³,,raw,01:00:00,2016-02-18T03:00:00Z,2016-02-18T04:00:00+01:00,2016-02-18T04:00:00Z,2016-02-18T05:00:00+01:00,1,01:00:00,1,01:00:00,100.0,100.0,2016-02-18T03:00:00Z,2016-02-18T04:00:00+01:00,2016-02-18T04:00:00Z,2016-02-18T05:00:00+01:00
0.2,,,False,6,so2,µg/m³,,raw,01:00:00,2016-02-18T04:00:00Z,2016-02-18T05:00:00+01:00,2016-02-18T05:00:00Z,2016-02-18T06:00:00+01:00,1,01:00:00,1,01:00:00,100.0,100.0,2016-02-18T04:00:00Z,2016-02-18T05:00:00+01:00,2016-02-18T05:00:00Z,2016-02-18T06:00:00+01:00
0.2,,,False,6,so2,µg/m³,,raw,01:00:00,2016-02-18T05:00:00Z,2016-02-18T06:00:00+01:00,2016-02-18T06:00:00Z,2016-02-18T07:00:00+01:00,1,01:00:00,1,01:00:00,100.0,100.0,2016-02-18T05:00:00Z,2016-02-18T06:00:00+01:00,2016-02-18T06:00:00Z,2016-02-18T07:00:00+01:00
0.4,,,False,6,so2,µg/m³,,raw,01:00:00,2016-02-18T06:00:00Z,2016-02-18T07:00:00+01:00,2016-02-18T07:00:00Z,2016-02-18T08:00:00+01:00,1,01:00:00,1,01:00:00,100.0,100.0,2016-02-18T06:00:00Z,2016-02-18T07:00:00+01:00,2016-02-18T07:00:00Z,2016-02-18T08:00:00+01:00
0.8,,,False,6,so2,µg/m³,,raw,01:00:00,2016-02-18T07:00:00Z,2016-02-18T08:00:00+01:00,2016-02-18T08:00:00Z,2016-02-18T09:00:00+01:00,1,01:00:00,1,01:00:00,100.0,100.0,2016-02-18T07:00:00Z,2016-02-18T08:00:00+01:00,2016-02-18T08:00:00Z,2016-02-18T09:00:00+01:00
1.5,,,False,6,so2,µg/m³,,raw,01:00:00,2016-02-18T08:00:00Z,2016-02-18T09:00:00+01:00,2016-02-18T09:00:00Z,2016-02-18T10:00:00+01:00,1,01:00:00,1,01:00:00,100.0,100.0,2016-02-18T08:00:00Z,2016-02-18T09:00:00+01:00,2016-02-18T09:00:00Z,2016-02-18T10:00:00+01:00
1.3,,,False,6,so2,µg/m³,,raw,01:00:00,2016-02-18T09:00:00Z,2016-02-18T10:00:00+01:00,2016-02-18T10:00:00Z,2016-02-18T11:00:00+01:00,1,01:00:00,1,01:00:00,100.0,100.0,2016-02-18T09:00:00Z,2016-02-18T10:00:00+01:00,2016-02-18T10:00:00Z,2016-02-18T11:00:00+01:00
1.5,,,False,6,so2,µg/m³,,raw,01:00:00,2016-02-18T10:00:00Z,2016-02-18T11:00:00+01:00,2016-02-18T11:00:00Z,2016-02-18T12:00:00+01:00,1,01:00:00,1,01:00:00,100.0,100.0,2016-02-18T10:00:00Z,2016-02-18T11:00:00+01:00,2016-02-18T11:00:00Z,2016-02-18T12:00:00+01:00
1.5,,,False,6,so2,µg/m³,,raw,01:00:00,2016-02-18T11:00:00Z,2016-02-18T12:00:00+01:00,2016-02-18T12:00:00Z,2016-02-18T13:00:00+01:00,1,01:00:00,1,01:00:00,100.0,100.0,2016-02-18T11:00:00Z,2016-02-18T12:00:00+01:00,2016-02-18T12:00:00Z,2016-02-18T13:00:00+01:00
1.8,,,False,6,so2,µg/m³,,raw,01:00:00,2016-02-18T12:00:00Z,2016-02-18T13:00:00+01:00,2016-02-18T13:00:00Z,2016-02-18T14:00:00+01:00,1,01:00:00,1,01:00:00,100.0,100.0,2016-02-18T12:00:00Z,2016-02-18T13:00:00+01:00,2016-02-18T13:00:00Z,2016-02-18T14:00:00+01:00
2.0,,,False,6,so2,µg/m³,,raw,01:00:00,2016-02-18T13:00:00Z,2016-02-18T14:00:00+01:00,2016-02-18T14:00:00Z,2016-02-18T15:00:00+01:00,1,01:00:00,1,01:00:00,100.0,100.0,2016-02-18T13:00:00Z,2016-02-18T14:00:00+01:00,2016-02-18T14:00:00Z,2016-02-18T15:00:00+01:00
1.5,,,False,6,so2,µg/m³,,raw,01:00:00,2016-02-18T14:00:00Z,2016-02-18T15:00:00+01:00,2016-02-18T15:00:00Z,2016-02-18T16:00:00+01:00,1,01:00:00,1,01:00:00,100.0,100.0,2016-02-18T14:00:00Z,2016-02-18T15:00:00+01:00,2016-02-18T15:00:00Z,2016-02-18T16:00:00+01:00
1.1,,,False,6,so2,µg/m³,,raw,01:00:00,2016-02-18T15:00:00Z,2016-02-18T16:00:00+01:00,2016-02-18T16:00:00Z,2016-02-18T17:00:00+01:00,1,01:00:00,1,01:00:00,100.0,100.0,2016-02-18T15:00:00Z,2016-02-18T16:00:00+01:00,2016-02-18T16:00:00Z,2016-02-18T17:00:00+01:00
-999.0,,,False,6,so2,µg/m³,,raw,01:00:00,2016-02-18T16:00:00Z,2016-02-18T17:00:00+01:00,2016-02-18T17:00:00Z,2016-02-18T18:00:00+01:00,1,01:00:00,1,01:00:00,100.0,100.0,2016-02-18T16:00:00Z,2016-02-18T17:00:00+01:00,2016-02-18T17:00:00Z,2016-02-18T18:00:00+01:00
0.6,,,False,6,so2,µg/m³,,raw,01:00:00,2016-02-18T17:00:00Z,2016-02-18T18:00:00+01:00,2016-02-18T18:00:00Z,2016-02-18T19:00:00+01:00,1,01:00:00,1,01:00:00,100.0,100.0,2016-02-18T17:00:00Z,2016-02-18T18:00:00+01:00,2016-02-18T18:00:00Z,2016-02-18T19:00:00+01:00
0.6,,,False,6,so2,µg/m³,,raw,01:00:00,2016-02-18T18:00:00Z,2016-02-18T19:00:00+01:00,2016-02-18T19:00:00Z,2016-02-18T20:00:00+01:00,1,01:00:00,1,01:00:00,100.0,100.0,2016-02-18T18:00:00Z,2016-02-18T19:00:00+01:00,2016-02-18T19:00:00Z,2016-02-18T20:00:00+01:00
0.5,,,False,6,so2,µg/m³,,raw,01:00:00,2016-02-18T19:00:00Z,2016-02-18T20:00:00+01:00,2016-02-18T20:00:00Z,2016-02-18T21:00:00+01:00,1,01:00:00,1,01:00:00,100.0,100.0,2016-02-18T19:00:00Z,2016-02-18T20:00:00+01:00,2016-02-18T20:00:00Z,2016-02-18T21:00:00+01:00
0.5,,,False,6,so2,µg/m³,,raw,01:00:00,2016-02-18T20:00:00Z,2016-02-18T21:00:00+01:00,2016-02-18T21:00:00Z,2016-02-18T22:00:00+01:00,1,01:00:00,1,01:00:00,100.0,100.0,2016-02-18T20:00:00Z,2016-02-18T21:00:00+01:00,2016-02-18T21:00:00Z,2016-02-18T22:00:00+01:00
1.0,,,False,6,so2,µg/m³,,raw,01:00:00,2016-02-18T21:00:00Z,2016-02-18T22:00:00+01:00,2016-02-18T22:00:00Z,2016-02-18T23:00:00+01:00,1,01:00:00,1,01:00:00,100.0,100.0,2016-02-18T21:00:00Z,2016-02-18T22:00:00+01:00,2016-02-18T22:00:00Z,2016-02-18T23:00:00+01:00
-999.0,,,False,6,so2,µg/m³,,raw,01:00:00,2016-02-18T22:00:00Z,2016-02-18T23:00:00+01:00,2016-02-18T23:00:00Z,2016-02-19T00:00:00+01:00,1,01:00:00,1,01:00:00,100.0,100.0,2016-02-18T22:00:00Z,2016-02-18T23:00:00+01:00,2016-02-18T23:00:00Z,2016-02-19T00:00:00+01:00
-999.0,,,False,6,so2,µg/m³,,raw,01:00:00,2016-02-18T23:00:00Z,2016-02-19T00:00:00+01:00,2016-02-19T00:00:00Z,2016-02-19T01:00:00+01:00,1,01:00:00,1,01:00:00,100.0,100.0,2016-02-18T23:00:00Z,2016-02-19T00:00:00+01:00,2016-02-19T00:00:00Z,2016-02-19T01:00:00+01:00
0.8,,,False,6,so2,µg/m³,,raw,01:00:00,2016-02-19T00:00:00Z,2016-02-19T01:00:00+01:00,2016-02-19T01:00:00Z,2016-02-19T02:00:00+01:00,1,01:00:00,1,01:00:00,100.0,100.0,2016-02-19T00:00:00Z,2016-02-19T01:00:00+01:00,2016-02-19T01:00:00Z,2016-02-19T02:00:00+01:00
0.9,,,False,6,so2,µg/m³,,raw,01:00:00,2016-02-19T01:00:00Z,2016-02-19T02:00:00+01:00,2016-02-19T02:00:00Z,2016-02-19T03:00:00+01:00,1,01:00:00,1,01:00:00,100.0,100.0,2016-02-19T01:00:00Z,2016-02-19T02:00:00+01:00,2016-02-19T02:00:00Z,2016-02-19T03:00:00+01:00
0.9,,,False,6,so2,µg/m³,,raw,01:00:00,2016-02-19T02:00:00Z,2016-02-19T03:00:00+01:00,2016-02-19T03:00:00Z,2016-02-19T04:00:00+01:00,1,01:00:00,1,01:00:00,100.0,100.0,2016-02-19T02:00:00Z,2016-02-19T03:00:00+01:00,2016-02-19T03:00:00Z,2016-02-19T04:00:00+01:00
0.8,,,False,6,so2,µg/m³,,raw,01:00:00,2016-02-19T03:00:00Z,2016-02-19T04:00:00+01:00,2016-02-19T04:00:00Z,2016-02-19T05:00:00+01:00,1,01:00:00,1,01:00:00,100.0,100.0,2016-02-19T03:00:00Z,2016-02-19T04:00:00+01:00,2016-02-19T04:00:00Z,2016-02-19T05:00:00+01:00
0.8,,,False,6,so2,µg/m³,,raw,01:00:00,2016-02-19T04:00:00Z,2016-02-19T05:00:00+01:00,2016-02-19T05:00:00Z,2016-02-19T06:00:00+01:00,1,01:00:00,1,01:00:00,100.0,100.0,2016-02-19T04:00:00Z,2016-02-19T05:00:00+01:00,2016-02-19T05:00:00Z,2016-02-19T06:00:00+01:00
0.8,,,False,6,so2,µg/m³,,raw,01:00:00,2016-02-19T05:00:00Z,2016-02-19T06:00:00+01:00,2016-02-19T06:00:00Z,2016-02-19T07:00:00+01:00,1,01:00:00,1,01:00:00,100.0,100.0,2016-02-19T05:00:00Z,2016-02-19T06:00:00+01:00,2016-02-19T06:00:00Z,2016-02-19T07:00:00+01:00
1.1,,,False,6,so2,µg/m³,,raw,01:00:00,2016-02-19T06:00:00Z,2016-02-19T07:00:00+01:00,2016-02-19T07:00:00Z,2016-02-19T08:00:00+01:00,1,01:00:00,1,01:00:00,100.0,100.0,2016-02-19T06:00:00Z,2016-02-19T07:00:00+01:00,2016-02-19T07:00:00Z,2016-02-19T08:00:00+01:00
-999.0,,,False,6,so2,µg/m³,,raw,01:00:00,2016-02-19T07:00:00Z,2016-02-19T08:00:00+01:00,2016-02-19T08:00:00Z,2016-02-19T09:00:00+01:00,1,01:00:00,1,01:00:00,100.0,100.0,2016-02-19T07:00:00Z,2016-02-19T08:00:00+01:00,2016-02-19T08:00:00Z,2016-02-19T09:00:00+01:00
2.5,,,False,6,so2,µg/m³,,raw,01:00:00,2016-02-19T08:00:00Z,2016-02-19T09:00:00+01:00,2016-02-19T09:00:00Z,2016-02-19T10:00:00+01:00,1,01:00:00,1,01:00:00,100.0,100.0,2016-02-19T08:00:00Z,2016-02-19T09:00:00+01:00,2016-02-19T09:00:00Z,2016-02-19T10:00:00+01:00
2.8,,,False,6,so2,µg/m³,,raw,01:00:00,2016-02-19T09:00:00Z,2016-02-19T10:00:00+01:00,2016-02-19T10:00:00Z,2016-02-19T11:00:00+01:00,1,01:00:00,1,01:00:00,100.0,100.0,2016-02-19T09:00:00Z,2016-02-19T10:00:00+01:00,2016-02-19T10:00:00Z,2016-02-19T11:00:00+01:00
2.1,,,False,6,so2,µg/m³,,raw,01:00:00,2016-02-19T10:00:00Z,2016-02-19T11:00:00+01:00,2016-02-19T11:00:00Z,2016-02-19T12:00:00+01:00,1,01:00:00,1,01:00:00,100.0,100.0,2016-02-19T10:00:00Z,2016-02-19T11:00:00+01:00,2016-02-19T11:00:00Z,2016-02-19T12:00:00+01:00
1.5,,,False,6,so2,µg/m³,,raw,01:00:00,2016-02-19T11:00:00Z,2016-02-19T12:00:00+01:00,2016-02-19T12:00:00Z,2016-02-19T13:00:00+01:00,1,01:00:00,1,01:00:00,100.0,100.0,2016-02-19T11:00:00Z,2016-02-19T12:00:00+01:00,2016-02-19T12:00:00Z,2016-02-19T13:00:00+01:00
1.7,,,False,6,so2,µg/m³,,raw,01:00:00,2016-02-19T12:00:00Z,2016-02-19T13:00:00+01:00,2016-02-19T13:00:00Z,2016-02-19T14:00:00+01:00,1,01:00:00,1,01:00:00,100.0,100.0,2016-02-19T12:00:00Z,2016-02-19T13:00:00+01:00,2016-02-19T13:00:00Z,2016-02-19T14:00:00+01:00
2.2,,,False,6,so2,µg/m³,,raw,01:00:00,2016-02-19T13:00:00Z,2016-02-19T14:00:00+01:00,2016-02-19T14:00:00Z,2016-02-19T15:00:00+01:00,1,01:00:00,1,01:00:00,100.0,100.0,2016-02-19T13:00:00Z,2016-02-19T14:00:00+01:00,2016-02-19T14:00:00Z,2016-02-19T15:00:00+01:00
2.9,,,False,6,so2,µg/m³,,raw,01:00:00,2016-02-19T14:00:00Z,2016-02-19T15:00:00+01:00,2016-02-19T15:00:00Z,2016-02-19T16:00:00+01:00,1,01:00:00,1,01:00:00,100.0,100.0,2016-02-19T14:00:00Z,2016-02-19T15:00:00+01:00,2016-02-19T15:00:00Z,2016-02-19T16:00:00+01:00
2.8,,,False,6,so2,µg/m³,,raw,01:00:00,2016-02-19T15:00:00Z,2016-02-19T16:00:00+01:00,2016-02-19T16:00:00Z,2016-02-19T17:00:00+01:00,1,01:00:00,1,01:00:00,100.0,100.0,2016-02-19T15:00:00Z,2016-02-19T16:00:00+01:00,2016-02-19T16:00:00Z,2016-02-19T17:00:00+01:00
1.7,,,False,6,so2,µg/m³,,raw,01:00:00,2016-02-19T16:00:00Z,2016-02-19T17:00:00+01:00,2016-02-19T17:00:00Z,2016-02-19T18:00:00+01:00,1,01:00:00,1,01:00:00,100.0,100.0,2016-02-19T16:00:00Z,2016-02-19T17:00:00+01:00,2016-02-19T17:00:00Z,2016-02-19T18:00:00+01:00
1.2,,,False,6,so2,µg/m³,,raw,01:00:00,2016-02-19T17:00:00Z,2016-02-19T18:00:00+01:00,2016-02-19T18:00:00Z,2016-02-19T19:00:00+01:00,1,01:00:00,1,01:00:00,100.0,100.0,2016-02-19T17:00:00Z,2016-02-19T18:00:00+01:00,2016-02-19T18:00:00Z,2016-02-19T19:00:00+01:00
0.7,,,False,6,so2,µg/m³,,raw,01:00:00,2016-02-19T18:00:00Z,2016-02-19T19:00:00+01:00,2016-02-19T19:00:00Z,2016-02-19T20:00:00+01:00,1,01:00:00,1,01:00:00,100.0,100.0,2016-02-19T18:00:00Z,2016-02-19T19:00:00+01:00,2016-02-19T19:00:00Z,2016-02-19T20:00:00+01:00
0.7,,,False,6,so2,µg/m³,,raw,01:00:00,2016-02-19T19:00:00Z,2016-02-19T20:00:00+01:00,2016-02-19T20:00:00Z,2016-02-19T21:00:00+01:00,1,01:00:00,1,01:00:00,100.0,100.0,2016-02-19T19:00:00Z,2016-02-19T20:00:00+01:00,2016-02-19T20:00:00Z,2016-02-19T21:00:00+01:00
0.6,,,False,6,so2,µg/m³,,raw,01:00:00,2016-02-19T20:00:00Z,2016-02-19T21:00:00+01:00,2016-02-19T21:00:00Z,2016-02-19T22:00:00+01:00,1,01:00:00,1,01:00:00,100.0,100.0,2016-02-19T20:00:00Z,2016-02-19T21:00:00+01:00,2016-02-19T21:00:00Z,2016-02-19T22:00:00+01:00
0.7,,,False,6,so2,µg/m³,,raw,01:00:00,2016-02-19T21:00:00Z,2016-02-19T22:00:00+01:00,2016-02-19T22:00:00Z,2016-02-19T23:00:00+01:00,1,01:00:00,1,01:00:00,100.0,100.0,2016-02-19T21:00:00Z,2016-02-19T22:00:00+01:00,2016-02-19T22:00:00Z,2016-02-19T23:00:00+01:00
-999.0,,,False,6,so2,µg/m³,,raw,01:00:00,2016-02-19T22:00:00Z,2016-02-19T23:00:00+01:00,2016-02-19T23:00:00Z,2016-02-20T00:00:00+01:00,1,01:00:00,1,01:00:00,100.0,100.0,2016-02-19T22:00:00Z,2016-02-19T23:00:00+01:00,2016-02-19T23:00:00Z,2016-02-20T00:00:00+01:00
1.2,,,False,6,so2,µg/m³,,raw,01:00:00,2016-02-19T23:00:00Z,2016-02-20T00:00:00+01:00,2016-02-20T00:00:00Z,2016-02-20T01:00:00+01:00,1,01:00:00,1,01:00:00,100.0,100.0,2016-02-19T23:00:00Z,2016-02-20T00:00:00+01:00,2016-02-20T00:00:00Z,2016-02-20T01:00:00+01:00
1.1,,,False,6,so2,µg/m³,,raw,01:00:00,2016-02-20T00:00:00Z,2016-02-20T01:00:00+01:00,2016-02-20T01:00:00Z,2016-02-20T02:00:00+01:00,1,01:00:00,1,01:00:00,100.0,100.0,2016-02-20T00:00:00Z,2016-02-20T01:00:00+01:00,2016-02-20T01:00:00Z,2016-02-20T02:00:00+01:00
0.5,,,False,6,so2,µg/m³,,raw,01:00:00,2016-02-20T01:00:00Z,2016-02-20T02:00:00+01:00,2016-02-20T02:00:00Z,2016-02-20T03:00:00+01:00,1,01:00:00,1,01:00:00,100.0,100.0,2016-02-20T01:00:00Z,2016-02-20T02:00:00+01:00,2016-02-20T02:00:00Z,2016-02-20T03:00:00+01:00
0.4,,,False,6,so2,µg/m³,,raw,01:00:00,2016-02-20T02:00:00Z,2016-02-20T03:00:00+01:00,2016-02-20T03:00:00Z,2016-02-20T04:00:00+01:00,1,01:00:00,1,01:00:00,100.0,100.0,2016-02-20T02:00:00Z,2016-02-20T03:00:00+01:00,2016-02-20T03:00:00Z,2016-02-20T04:00:00+01:00
0.3,,,False,6,so2,µg/m³,,raw,01:00:00,2016-02-20T03:00:00Z,2016-02-20T04:00:00+01:00,2016-02-20T04:00:00Z,2016-02-20T05:00:00+01:00,1,01:00:00,1,01:00:00,100.0,100.0,2016-02-20T03:00:00Z,2016-02-20T04:00:00+01:00,2016-02-20T04:00:00Z,2016-02-20T05:00:00+01:00
0.3,,,False,6,so2,µg/m³,,raw,01:00:00,2016-02-20T04:00:00Z,2016-02-20T05:00:00+01:00,2016-02-20T05:00:00Z,2016-02-20T06:00:00+01:00,1,01:00:00,1,01:00:00,100.0,100.0,2016-02-20T04:00:00Z,2016-02-20T05:00:00+01:00,2016-02-20T05:00:00Z,2016-02-20T06:00:00+01:00
0.3,,,False,6,so2,µg/m³,,raw,01:00:00,2016-02-20T05:00:00Z,2016-02-20T06:00:00+01:00,2016-02-20T06:00:00Z,2016-02-20T07:00:00+01:00,1,01:00:00,1,01:00:00,100.0,100.0,2016-02-20T05:00:00Z,2016-02-20T06:00:00+01:00,2016-02-20T06:00:00Z,2016-02-20T07:00:00+01:00
0.3,,,False,6,so2,µg/m³,,raw,01:00:00,2016-02-20T06:00:00Z,2016-02-20T07:00:00+01:00,2016-02-20T07:00:00Z,2016-02-20T08:00:00+01:00,1,01:00:00,1,01:00:00,100.0,100.0,2016-02-20T06:00:00Z,2016-02-20T07:00:00+01:00,2016-02-20T07:00:00Z,2016-02-20T08:00:00+01:00
0.4,,,False,6,so2,µg/m³,,raw,01:00:00,2016-02-20T07:00:00Z,2016-02-20T08:00:00+01:00,2016-02-20T08:00:00Z,2016-02-20T09:00:00+01:00,1,01:00:00,1,01:00:00,100.0,100.0,2016-02-20T07:00:00Z,2016-02-20T08:00:00+01:00,2016-02-20T08:00:00Z,2016-02-20T09:00:00+01:00
0.4,,,False,6,so2,µg/m³,,raw,01:00:00,2016-02-20T08:00:00Z,2016-02-20T09:00:00+01:00,2016-02-20T09:00:00Z,2016-02-20T10:00:00+01:00,1,01:00:00,1,01:00:00,100.0,100.0,2016-02-20T08:00:00Z,2016-02-20T09:00:00+01:00,2016-02-20T09:00:00Z,2016-02-20T10:00:00+01:00
0.4,,,False,6,so2,µg/m³,,raw,01:00:00,2016-02-20T09:00:00Z,2016-02-20T10:00:00+01:00,2016-02-20T10:00:00Z,2016-02-20T11:00:00+01:00,1,01:00:00,1,01:00:00,100.0,100.0,2016-02-20T09:00:00Z,2016-02-20T10:00:00+01:00,2016-02-20T10:00:00Z,2016-02-20T11:00:00+01:00
0.4,,,False,6,so2,µg/m³,,raw,01:00:00,2016-02-20T10:00:00Z,2016-02-20T11:00:00+01:00,2016-02-20T11:00:00Z,2016-02-20T12:00:00+01:00,1,01:00:00,1,01:00:00,100.0,100.0,2016-02-20T10:00:00Z,2016-02-20T11:00:00+01:00,2016-02-20T11:00:00Z,2016-02-20T12:00:00+01:00
0.4,,,False,6,so2,µg/m³,,raw,01:00:00,2016-02-20T11:00:00Z,2016-02-20T12:00:00+01:00,2016-02-20T12:00:00Z,2016-02-20T13:00:00+01:00,1,01:00:00,1,01:00:00,100.0,100.0,2016-02-20T11:00:00Z,2016-02-20T12:00:00+01:00,2016-02-20T12:00:00Z,2016-02-20T13:00:00+01:00
0.3,,,False,6,so2,µg/m³,,raw,01:00:00,2016-02-20T12:00:00Z,2016-02-20T13:00:00+01:00,2016-02-20T13:00:00Z,2016-02-20T14:00:00+01:00,1,01:00:00,1,01:00:00,100.0,100.0,2016-02-20T12:00:00Z,2016-02-20T13:00:00+01:00,2016-02-20T13:00:00Z,2016-02-20T14:00:00+01:00
-999.0,,,False,6,so2,µg/m³,,raw,01:00:00,2016-02-20T13:00:00Z,2016-02-20T14:00:00+01:00,2016-02-20T14:00:00Z,2016-02-20T15:00:00+01:00,1,01:00:00,1,01:00:00,100.0,100.0,2016-02-20T13:00:00Z,2016-02-20T14:00:00+01:00,2016-02-20T14:00:00Z,2016-02-20T15:00:00+01:00
0.3,,,False,6,so2,µg/m³,,raw,01:00:00,2016-02-20T14:00:00Z,2016-02-20T15:00:00+01:00,2016-02-20T15:00:00Z,2016-02-20T16:00:00+01:00,1,01:00:00,1,01:00:00,100.0,100.0,2016-02-20T14:00:00Z,2016-02-20T15:00:00+01:00,2016-02-20T15:00:00Z,2016-02-20T16:00:00+01:00
0.2,,,False,6,so2,µg/m³,,raw,01:00:00,2016-02-20T15:00:00Z,2016-02-20T16:00:00+01:00,2016-02-20T16:00:00Z,2016-02-20T17:00:00+01:00,1,01:00:00,1,01:00:00,100.0,100.0,2016-02-20T15:00:00Z,2016-02-20T16:00:00+01:00,2016-02-20T16:00:00Z,2016-02-20T17:00:00+01:00
0.1,,,False,6,so2,µg/m³,,raw,01:00:00,2016-02-20T16:00:00Z,2016-02-20T17:00:00+01:00,2016-02-20T17:00:00Z,2016-02-20T18:00:00+01:00,1,01:00:00,1,01:00:00,100.0,100.0,2016-02-20T16:00:00Z,2016-02-20T17:00:00+01:00,2016-02-20T17:00:00Z,2016-02-20T18:00:00+01:00
0.1,,,False,6,so2,µg/m³,,raw,01:00:00,2016-02-20T17:00:00Z,2016-02-20T18:00:00+01:00,2016-02-20T18:00:00Z,2016-02-20T19:00:00+01:00,1,01:00:00,1,01:00:00,100.0,100.0,2016-02-20T17:00:00Z,2016-02-20T18:00:00+01:00,2016-02-20T18:00:00Z,2016-02-20T19:00:00+01:00
0.1,,,False,6,so2,µg/m³,,raw,01:00:00,2016-02-20T18:00:00Z,2016-02-20T19:00:00+01:00,2016-02-20T19:00:00Z,2016-02-20T20:00:00+01:00,1,01:00:00,1,01:00:00,100.0,100.0,2016-02-20T18:00:00Z,2016-02-20T19:00:00+01:00,2016-02-20T19:00:00Z,2016-02-20T20:00:00+01:00
0.1,,,False,6,so2,µg/m³,,raw,01:00:00,2016-02-20T19:00:00Z,2016-02-20T20:00:00+01:00,2016-02-20T20:00:00Z,2016-02-20T21:00:00+01:00,1,01:00:00,1,01:00:00,100.0,100.0,2016-02-20T19:00:00Z,2016-02-20T20:00:00+01:00,2016-02-20T20:00:00Z,2016-02-20T21:00:00+01:00
0.2,,,False,6,so2,µg/m³,,raw,01:00:00,2016-02-20T20:00:00Z,2016-02-20T21:00:00+01:00,2016-02-20T21:00:00Z,2016-02-20T22:00:00+01:00,1,01:00:00,1,01:00:00,100.0,100.0,2016-02-20T20:00:00Z,2016-02-20T21:00:00+01:00,2016-02-20T21:00:00Z,2016-02-20T22:00:00+01:00
0.2,,,False,6,so2,µg/m³,,raw,01:00:00,2016-02-20T21:00:00Z,2016-02-20T22:00:00+01:00,2016-02-20T22:00:00Z,2016-02-20T23:00:00+01:00,1,01:00:00,1,01:00:00,100.0,100.0,2016-02-20T21:00:00Z,2016-02-20T22:00:00+01:00,2016-02-20T22:00:00Z,2016-02-20T23:00:00+01:00
-999.0,,,False,6,so2,µg/m³,,raw,01:00:00,2016-02-20T22:00:00Z,2016-02-20T23:00:00+01:00,2016-02-20T23:00:00Z,2016-02-21T00:00:00+01:00,1,01:00:00,1,01:00:00,100.0,100.0,2016-02-20T22:00:00Z,2016-02-20T23:00:00+01:00,2016-02-20T23:00:00Z,2016-02-21T00:00:00+01:00
0.1,,,False,6,so2,µg/m³,,raw,01:00:00,2016-02-20T23:00:00Z,2016-02-21T00:00:00+01:00,2016-02-21T00:00:00Z,2016-02-21T01:00:00+01:00,1,01:00:00,1,01:00:00,100.0,100.0,2016-02-20T23:00:00Z,2016-02-21T00:00:00+01:00,2016-02-21T00:00:00Z,2016-02-21T01:00:00+01:00
0.2,,,False,6,so2,µg/m³,,raw,01:00:00,2016-02-21T00:00:00Z,2016-02-21T01:00:00+01:00,2016-02-21T01:00:00Z,2016-02-21T02:00:00+01:00,1,01:00:00,1,01:00:00,100.0,100.0,2016-02-21T00:00:00Z,2016-02-21T01:00:00+01:00,2016-02-21T01:00:00Z,2016-02-21T02:00:00+01:00
0.2,,,False,6,so2,µg/m³,,raw,01:00:00,2016-02-21T01:00:00Z,2016-02-21T02:00:00+01:00,2016-02-21T02:00:00Z,2016-02-21T03:00:00+01:00,1,01:00:00,1,01:00:00,100.0,100.0,2016-02-21T01:00:00Z,2016-02-21T02:00:00+01:00,2016-02-21T02:00:00Z,2016-02-21T03:00:00+01:00
0.1,,,False,6,so2,µg/m³,,raw,01:00:00,2016-02-21T02:00:00Z,2016-02-21T03:00:00+01:00,2016-02-21T03:00:00Z,2016-02-21T04:00:00+01:00,1,01:00:00,1,01:00:00,100.0,100.0,2016-02-21T02:00:00Z,2016-02-21T03:00:00+01:00,2016-02-21T03:00:00Z,2016-02-21T04:00:00+01:00
0.1,,,False,6,so2,µg/m³,,raw,01:00:00,2016-02-21T03:00:00Z,2016-02-21T04:00:00+01:00,2016-02-21T04:00:00Z,2016-02-21T05:00:00+01:00,1,01:00:00,1,01:00:00,100.0,100.0,2016-02-21T03:00:00Z,2016-02-21T04:00:00+01:00,2016-02-21T04:00:00Z,2016-02-21T05:00:00+01:00
-999.0,,,False,6,so2,µg/m³,,raw,01:00:00,2016-02-21T04:00:00Z,2016-02-21T05:00:00+01:00,2016-02-21T05:00:00Z,2016-02-21T06:00:00+01:00,1,01:00:00,1,01:00:00,100.0,100.0,2016-02-21T04:00:00Z,2016-02-21T05:00:00+01:00,2016-02-21T05:00:00Z,2016-02-21T06:00:00+01:00
0.1,,,False,6,so2,µg/m³,,raw,01:00:00,2016-02-21T05:00:00Z,2016-02-21T06:00:00+01:00,2016-02-21T06:00:00Z,2016-02-21T07:00:00+01:00,1,01:00:00,1,01:00:00,100.0,100.0,2016-02-21T05:00:00Z,2016-02-21T06:00:00+01:00,2016-02-21T06:00:00Z,2016-02-21T07:00:00+01:00
0.1,,,False,6,so2,µg/m³,,raw,01:00:00,2016-02-21T06:00:00Z,2016-02-21T07:00:00+01:00,2016-02-21T07:00:00Z,2016-02-21T08:00:00+01:00,1,01:00:00,1,01:00:00,100.0,100.0,2016-02-21T06:00:00Z,2016-02-21T07:00:00+01:00,2016-02-21T07:00:00Z,2016-02-21T08:00:00+01:00
0.1,,,False,6,so2,µg/m³,,raw,01:00:00,2016-02-21T07:00:00Z,2016-02-21T08:00:00+01:00,2016-02-21T08:00:00Z,2016-02-21T09:00:00+01:00,1,01:00:00,1,01:00:00,100.0,100.0,2016-02-21T07:00:00Z,2016-02-21T08:00:00+01:00,2016-02-21T08:00:00Z,2016-02-21T09:00:00+01:00
0.1,,,False,6,so2,µg/m³,,raw,01:00:00,2016-02-21T08:00:00Z,2016-02-21T09:00:00+01:00,2016-02-21T09:00:00Z,2016-02-21T10:00:00+01:00,1,01:00:00,1,01:00:00,100.0,100.0,2016-02-21T08:00:00Z,2016-02-21T09:00:00+01:00,2016-02-21T09:00:00Z,2016-02-21T10:00:00+01:00
0.1,,,False,6,so2,µg/m³,,raw,01:00:00,2016-02-21T09:00:00Z,2016-02-21T10:00:00+01:00,2016-02-21T10:00:00Z,2016-02-21T11:00:00+01:00,1,01:00:00,1,01:00:00,100.0,100.0,2016-02-21T09:00:00Z,2016-02-21T10:00:00+01:00,2016-02-21T10:00:00Z,2016-02-21T11:00:00+01:00
0.1,,,False,6,so2,µg/m³,,raw,01:00:00,2016-02-21T10:00:00Z,2016-02-21T11:00:00+01:00,2016-02-21T11:00:00Z,2016-02-21T12:00:00+01:00,1,01:00:00,1,01:00:00,100.0,100.0,2016-02-21T10:00:00Z,2016-02-21T11:00:00+01:00,2016-02-21T11:00:00Z,2016-02-21T12:00:00+01:00
0.1,,,False,6,so2,µg/m³,,raw,01:00:00,2016-02-21T11:00:00Z,2016-02-21T12:00:00+01:00,2016-02-21T12:00:00Z,2016-02-21T13:00:00+01:00,1,01:00:00,1,01:00:00,100.0,100.0,2016-02-21T11:00:00Z,2016-02-21T12:00:00+01:00,2016-02-21T12:00:00Z,2016-02-21T13:00:00+01:00
0.0,,,False,6,so2,µg/m³,,raw,01:00:00,2016-02-21T12:00:00Z,2016-02-21T13:00:00+01:00,2016-02-21T13:00:00Z,2016-02-21T14:00:00+01:00,1,01:00:00,1,01:00:00,100.0,100.0,2016-02-21T12:00:00Z,2016-02-21T13:00:00+01:00,2016-02-21T13:00:00Z,2016-02-21T14:00:00+01:00
0.1,,,False,6,so2,µg/m³,,raw,01:00:00,2016-02-21T13:00:00Z,2016-02-21T14:00:00+01:00,2016-02-21T14:00:00Z,2016-02-21T15:00:00+01:00,1,01:00:00,1,01:00:00,100.0,100.0,2016-02-21T13:00:00Z,2016-02-21T14:00:00+01:00,2016-02-21T14:00:00Z,2016-02-21T15:00:00+01:00
0.0,,,False,6,so2,µg/m³,,raw,01:00:00,2016-02-21T14:00:00Z,2016-02-21T15:00:00+01:00,2016-02-21T15:00:00Z,2016-02-21T16:00:00+01:00,1,01:00:00,1,01:00:00,100.0,100.0,2016-02-21T14:00:00Z,2016-02-21T15:00:00+01:00,2016-02-21T15:00:00Z,2016-02-21T16:00:00+01:00
0.0,,,False,6,so2,µg/m³,,raw,01:00:00,2016-02-21T15:00:00Z,2016-02-21T16:00:00+01:00,2016-02-21T16:00:00Z,2016-02-21T17:00:00+01:00,1,01:00:00,1,01:00:00,100.0,100.0,2016-02-21T15:00:00Z,2016-02-21T16:00:00+01:00,2016-02-21T16:00:00Z,2016-02-21T17:00:00+01:00
0.0,,,False,6,so2,µg/m³,,raw,01:00:00,2016-02-21T16:00:00Z,2016-02-21T17:00:00+01:00,2016-02-21T17:00:00Z,2016-02-21T18:00:00+01:00,1,01:00:00,1,01:00:00,100.0,100.0,2016-02-21T16:00:00Z,2016-02-21T17:00:00+01:00,2016-02-21T17:00:00Z,2016-02-21T18:00:00+01:00
0.0,,,False,6,so2,µg/m³,,raw,01:00:00,2016-02-21T17:00:00Z,2016-02-21T18:00:00+01:00,2016-02-21T18:00:00Z,2016-02-21T19:00:00+01:00,1,01:00:00,1,01:00:00,100.0,100.0,2016-02-21T17:00:00Z,2016-02-21T18:00:00+01:00,2016-02-21T18:00:00Z,2016-02-21T19:00:00+01:00
0.3,,,False,6,so2,µg/m³,,raw,01:00:00,2016-02-21T18:00:00Z,2016-02-21T19:00:00+01:00,2016-02-21T19:00:00Z,2016-02-21T20:00:00+01:00,1,01:00:00,1,01:00:00,100.0,100.0,2016-02-21T18:00:00Z,2016-02-21T19:00:00+01:00,2016-02-21T19:00:00Z,2016-02-21T20:00:00+01:00
-999.0,,,False,6,so2,µg/m³,,raw,01:00:00,2016-02-21T19:00:00Z,2016-02-21T20:00:00+01:00,2016-02-21T20:00:00Z,2016-02-21T21:00:00+01:00,1,01:00:00,1,01:00:00,100.0,100.0,2016-02-21T19:00:00Z,2016-02-21T20:00:00+01:00,2016-02-21T20:00:00Z,2016-02-21T21:00:00+01:00
0.1,,,False,6,so2,µg/m³,,raw,01:00:00,2016-02-21T20:00:00Z,2016-02-21T21:00:00+01:00,2016-02-21T21:00:00Z,2016-02-21T22:00:00+01:00,1,01:00:00,1,01:00:00,100.0,100.0,2016-02-21T20:00:00Z,2016-02-21T21:00:00+01:00,2016-02-21T21:00:00Z,2016-02-21T22:00:00+01:00
0.1,,,False,6,so2,µg/m³,,raw,01:00:00,2016-02-21T21:00:00Z,2016-02-21T22:00:00+01:00,2016-02-21T22:00:00Z,2016-02-21T23:00:00+01:00,1,01:00:00,1,01:00:00,100.0,100.0,2016-02-21T21:00:00Z,2016-02-21T22:00:00+01:00,2016-02-21T22:00:00Z,2016-02-21T23:00:00+01:00
-999.0,,,False,6,so2,µg/m³,,raw,01:00:00,2016-02-21T22:00:00Z,2016-02-21T23:00:00+01:00,2016-02-21T23:00:00Z,2016-02-22T00:00:00+01:00,1,01:00:00,1,01:00:00,100.0,100.0,2016-02-21T22:00:00Z,2016-02-21T23:00:00+01:00,2016-02-21T23:00:00Z,2016-02-22T00:00:00+01:00
-999.0,,,False,6,so2,µg/m³,,raw,01:00:00,2016-02-21T23:00:00Z,2016-02-22T00:00:00+01:00,2016-02-22T00:00:00Z,2016-02-22T01:00:00+01:00,1,01:00:00,1,01:00:00,100.0,100.0,2016-02-21T23:00:00Z,2016-02-22T00:00:00+01:00,2016-02-22T00:00:00Z,2016-02-22T01:00:00+01:00
0.1,,,False,6,so2,µg/m³,,raw,01:00:00,2016-02-22T00:00:00Z,2016-02-22T01:00:00+01:00,2016-02-22T01:00:00Z,2016-02-22T02:00:00+01:00,1,01:00:00,1,01:00:00,100.0,100.0,2016-02-22T00:00:00Z,2016-02-22T01:00:00+01:00,2016-02-22T01:00:00Z,2016-02-22T02:00:00+01:00
0.1,,,False,6,so2,µg/m³,,raw,01:00:00,2016-02-22T01:00:00Z,2016-02-22T02:00:00+01:00,2016-02-22T02:00:00Z,2016-02-22T03:00:00+01:00,1,01:00:00,1,01:00:00,100.0,100.0,2016-02-22T01:00:00Z,2016-02-22T02:00:00+01:00,2016-02-22T02:00:00Z,2016-02-22T03:00:00+01:00
0.1,,,False,6,so2,µg/m³,,raw,01:00:00,2016-02-22T02:00:00Z,2016-02-22T03:00:00+01:00,2016-02-22T03:00:00Z,2016-02-22T04:00:00+01:00,1,01:00:00,1,01:00:00,100.0,100.0,2016-02-22T02:00:00Z,2016-02-22T03:00:00+01:00,2016-02-22T03:00:00Z,2016-02-22T04:00:00+01:00
0.1,,,False,6,so2,µg/m³,,raw,01:00:00,2016-02-22T03:00:00Z,2016-02-22T04:00:00+01:00,2016-02-22T04:00:00Z,2016-02-22T05:00:00+01:00,1,01:00:00,1,01:00:00,100.0,100.0,2016-02-22T03:00:00Z,2016-02-22T04:00:00+01:00,2016-02-22T04:00:00Z,2016-02-22T05:00:00+01:00
0.2,,,False,6,so2,µg/m³,,raw,01:00:00,2016-02-22T04:00:00Z,2016-02-22T05:00:00+01:00,2016-02-22T05:00:00Z,2016-02-22T06:00:00+01:00,1,01:00:00,1,01:00:00,100.0,100.0,2016-02-22T04:00:00Z,2016-02-22T05:00:00+01:00,2016-02-22T05:00:00Z,2016-02-22T06:00:00+01:00
0.5,,,False,6,so2,µg/m³,,raw,01:00:00,2016-02-22T05:00:00Z,2016-02-22T06:00:00+01:00,2016-02-22T06:00:00Z,2016-02-22T07:00:00+01:00,1,01:00:00,1,01:00:00,100.0,100.0,2016-02-22T05:00:00Z,2016-02-22T06:00:00+01:00,2016-02-22T06:00:00Z,2016-02-22T07:00:00+01:00
0.6,,,False,6,so2,µg/m³,,raw,01:00:00,2016-02-22T06:00:00Z,2016-02-22T07:00:00+01:00,2016-02-22T07:00:00Z,2016-02-22T08:00:00+01:00,1,01:00:00,1,01:00:00,100.0,100.0,2016-02-22T06:00:00Z,2016-02-22T07:00:00+01:00,2016-02-22T07:00:00Z,2016-02-22T08:00:00+01:00
0.2,,,False,6,so2,µg/m³,,raw,01:00:00,2016-02-22T07:00:00Z,2016-02-22T08:00:00+01:00,2016-02-22T08:00:00Z,2016-02-22T09:00:00+01:00,1,01:00:00,1,01:00:00,100.0,100.0,2016-02-22T07:00:00Z,2016-02-22T08:00:00+01:00,2016-02-22T08:00:00Z,2016-02-22T09:00:00+01:00
0.3,,,False,6,so2,µg/m³,,raw,01:00:00,2016-02-22T11:00:00Z,2016-02-22T12:00:00+01:00,2016-02-22T12:00:00Z,2016-02-22T13:00:00+01:00,1,01:00:00,1,01:00:00,100.0,100.0,2016-02-22T11:00:00Z,2016-02-22T12:00:00+01:00,2016-02-22T12:00:00Z,2016-02-22T13:00:00+01:00
-999.0,,,False,6,so2,µg/m³,,raw,01:00:00,2016-02-22T12:00:00Z,2016-02-22T13:00:00+01:00,2016-02-22T13:00:00Z,2016-02-22T14:00:00+01:00,1,01:00:00,1,01:00:00,100.0,100.0,2016-02-22T12:00:00Z,2016-02-22T13:00:00+01:00,2016-02-22T13:00:00Z,2016-02-22T14:00:00+01:00
-999.0,,,False,6,so2,µg/m³,,raw,01:00:00,2016-02-22T13:00:00Z,2016-02-22T14:00:00+01:00,2016-02-22T14:00:00Z,2016-02-22T15:00:00+01:00,1,01:00:00,1,01:00:00,100.0,100.0,2016-02-22T13:00:00Z,2016-02-22T14:00:00+01:00,2016-02-22T14:00:00Z,2016-02-22T15:00:00+01:00
-999.0,,,False,6,so2,µg/m³,,raw,01:00:00,2016-02-22T14:00:00Z,2016-02-22T15:00:00+01:00,2016-02-22T15:00:00Z,2016-02-22T16:00:00+01:00,1,01:00:00,1,01:00:00,100.0,100.0,2016-02-22T14:00:00Z,2016-02-22T15:00:00+01:00,2016-02-22T15:00:00Z,2016-02-22T16:00:00+01:00
1.3,,,False,6,so2,µg/m³,,raw,01:00:00,2016-02-22T15:00:00Z,2016-02-22T16:00:00+01:00,2016-02-22T16:00:00Z,2016-02-22T17:00:00+01:00,1,01:00:00,1,01:00:00,100.0,100.0,2016-02-22T15:00:00Z,2016-02-22T16:00:00+01:00,2016-02-22T16:00:00Z,2016-02-22T17:00:00+01:00
0.7,,,False,6,so2,µg/m³,,raw,01:00:00,2016-02-22T16:00:00Z,2016-02-22T17:00:00+01:00,2016-02-22T17:00:00Z,2016-02-22T18:00:00+01:00,1,01:00:00,1,01:00:00,100.0,100.0,2016-02-22T16:00:00Z,2016-02-22T17:00:00+01:00,2016-02-22T17:00:00Z,2016-02-22T18:00:00+01:00
-999.0,,,False,6,so2,µg/m³,,raw,01:00:00,2016-02-22T17:00:00Z,2016-02-22T18:00:00+01:00,2016-02-22T18:00:00Z,2016-02-22T19:00:00+01:00,1,01:00:00,1,01:00:00,100.0,100.0,2016-02-22T17:00:00Z,2016-02-22T18:00:00+01:00,2016-02-22T18:00:00Z,2016-02-22T19:00:00+01:00
1.3,,,False,6,so2,µg/m³,,raw,01:00:00,2016-02-22T18:00:00Z,2016-02-22T19:00:00+01:00,2016-02-22T19:00:00Z,2016-02-22T20:00:00+01:00,1,01:00:00,1,01:00:00,100.0,100.0,2016-02-22T18:00:00Z,2016-02-22T19:00:00+01:00,2016-02-22T19:00:00Z,2016-02-22T20:00:00+01:00
1.7,,,False,6,so2,µg/m³,,raw,01:00:00,2016-02-22T19:00:00Z,2016-02-22T20:00:00+01:00,2016-02-22T20:00:00Z,2016-02-22T21:00:00+01:00,1,01:00:00,1,01:00:00,100.0,100.0,2016-02-22T19:00:00Z,2016-02-22T20:00:00+01:00,2016-02-22T20:00:00Z,2016-02-22T21:00:00+01:00
1.7,,,False,6,so2,µg/m³,,raw,01:00:00,2016-02-22T20:00:00Z,2016-02-22T21:00:00+01:00,2016-02-22T21:00:00Z,2016-02-22T22:00:00+01:00,1,01:00:00,1,01:00:00,100.0,100.0,2016-02-22T20:00:00Z,2016-02-22T21:00:00+01:00,2016-02-22T21:00:00Z,2016-02-22T22:00:00+01:00
1.8,,,False,6,so2,µg/m³,,raw,01:00:00,2016-02-22T21:00:00Z,2016-02-22T22:00:00+01:00,2016-02-22T22:00:00Z,2016-02-22T23:00:00+01:00,1,01:00:00,1,01:00:00,100.0,100.0,2016-02-22T21:00:00Z,2016-02-22T22:00:00+01:00,2016-02-22T22:00:00Z,2016-02-22T23:00:00+01:00
-999.0,,,False,6,so2,µg/m³,,raw,01:00:00,2016-02-22T22:00:00Z,2016-02-22T23:00:00+01:00,2016-02-22T23:00:00Z,2016-02-23T00:00:00+01:00,1,01:00:00,1,01:00:00,100.0,100.0,2016-02-22T22:00:00Z,2016-02-22T23:00:00+01:00,2016-02-22T23:00:00Z,2016-02-23T00:00:00+01:00
2.3,,,False,6,so2,µg/m³,,raw,01:00:00,2016-02-22T23:00:00Z,2016-02-23T00:00:00+01:00,2016-02-23T00:00:00Z,2016-02-23T01:00:00+01:00,1,01:00:00,1,01:00:00,100.0,100.0,2016-02-22T23:00:00Z,2016-02-23T00:00:00+01:00,2016-02-23T00:00:00Z,2016-02-23T01:00:00+01:00
0.8,,,False,6,so2,µg/m³,,raw,01:00:00,2016-02-23T00:00:00Z,2016-02-23T01:00:00+01:00,2016-02-23T01:00:00Z,2016-02-23T02:00:00+01:00,1,01:00:00,1,01:00:00,100.0,100.0,2016-02-23T00:00:00Z,2016-02-23T01:00:00+01:00,2016-02-23T01:00:00Z,2016-02-23T02:00:00+01:00
-999.0,,,False,6,so2,µg/m³,,raw,01:00:00,2016-02-23T01:00:00Z,2016-02-23T02:00:00+01:00,2016-02-23T02:00:00Z,2016-02-23T03:00:00+01:00,1,01:00:00,1,01:00:00,100.0,100.0,2016-02-23T01:00:00Z,2016-02-23T02:00:00+01:00,2016-02-23T02:00:00Z,2016-02-23T03:00:00+01:00
0.4,,,False,6,so2,µg/m³,,raw,01:00:00,2016-02-23T02:00:00Z,2016-02-23T03:00:00+01:00,2016-02-23T03:00:00Z,2016-02-23T04:00:00+01:00,1,01:00:00,1,01:00:00,100.0,100.0,2016-02-23T02:00:00Z,2016-02-23T03:00:00+01:00,2016-02-23T03:00:00Z,2016-02-23T04:00:00+01:00
0.2,,,False,6,so2,µg/m³,,raw,01:00:00,2016-02-23T03:00:00Z,2016-02-23T04:00:00+01:00,2016-02-23T04:00:00Z,2016-02-23T05:00:00+01:00,1,01:00:00,1,01:00:00,100.0,100.0,2016-02-23T03:00:00Z,2016-02-23T04:00:00+01:00,2016-02-23T04:00:00Z,2016-02-23T05:00:00+01:00
0.3,,,False,6,so2,µg/m³,,raw,01:00:00,2016-02-23T04:00:00Z,2016-02-23T05:00:00+01:00,2016-02-23T05:00:00Z,2016-02-23T06:00:00+01:00,1,01:00:00,1,01:00:00,100.0,100.0,2016-02-23T04:00:00Z,2016-02-23T05:00:00+01:00,2016-02-23T05:00:00Z,2016-02-23T06:00:00+01:00
0.7,,,False,6,so2,µg/m³,,raw,01:00:00,2016-02-23T05:00:00Z,2016-02-23T06:00:00+01:00,2016-02-23T06:00:00Z,2016-02-23T07:00:00+01:00,1,01:00:00,1,01:00:00,100.0,100.0,2016-02-23T05:00:00Z,2016-02-23T06:00:00+01:00,2016-02-23T06:00:00Z,2016-02-23T07:00:00+01:00
1.0,,,False,6,so2,µg/m³,,raw,01:00:00,2016-02-23T06:00:00Z,2016-02-23T07:00:00+01:00,2016-02-23T07:00:00Z,2016-02-23T08:00:00+01:00,1,01:00:00,1,01:00:00,100.0,100.0,2016-02-23T06:00:00Z,2016-02-23T07:00:00+01:00,2016-02-23T07:00:00Z,2016-02-23T08:00:00+01:00
2.0,,,False,6,so2,µg/m³,,raw,01:00:00,2016-02-23T07:00:00Z,2016-02-23T08:00:00+01:00,2016-02-23T08:00:00Z,2016-02-23T09:00:00+01:00,1,01:00:00,1,01:00:00,100.0,100.0,2016-02-23T07:00:00Z,2016-02-23T08:00:00+01:00,2016-02-23T08:00:00Z,2016-02-23T09:00:00+01:00
2.4,,,False,6,so2,µg/m³,,raw,01:00:00,2016-02-23T08:00:00Z,2016-02-23T09:00:00+01:00,2016-02-23T09:00:00Z,2016-02-23T10:00:00+01:00,1,01:00:00,1,01:00:00,100.0,100.0,2016-02-23T08:00:00Z,2016-02-23T09:00:00+01:00,2016-02-23T09:00:00Z,2016-02-23T10:00:00+01:00
2.4,,,False,6,so2,µg/m³,,raw,01:00:00,2016-02-23T09:00:00Z,2016-02-23T10:00:00+01:00,2016-02-23T10:00:00Z,2016-02-23T11:00:00+01:00,1,01:00:00,1,01:00:00,100.0,100.0,2016-02-23T09:00:00Z,2016-02-23T10:00:00+01:00,2016-02-23T10:00:00Z,2016-02-23T11:00:00+01:00
1.2,,,False,6,so2,µg/m³,,raw,01:00:00,2016-02-23T10:00:00Z,2016-02-23T11:00:00+01:00,2016-02-23T11:00:00Z,2016-02-23T12:00:00+01:00,1,01:00:00,1,01:00:00,100.0,100.0,2016-02-23T10:00:00Z,2016-02-23T11:00:00+01:00,2016-02-23T11:00:00Z,2016-02-23T12:00:00+01:00
1.1,,,False,6,so2,µg/m³,,raw,01:00:00,2016-02-23T11:00:00Z,2016-02-23T12:00:00+01:00,2016-02-23T12:00:00Z,2016-02-23T13:00:00+01:00,1,01:00:00,1,01:00:00,100.0,100.0,2016-02-23T11:00:00Z,2016-02-23T12:00:00+01:00,2016-02-23T12:00:00Z,2016-02-23T13:00:00+01:00
1.3,,,False,6,so2,µg/m³,,raw,01:00:00,2016-02-23T12:00:00Z,2016-02-23T13:00:00+01:00,2016-02-23T13:00:00Z,2016-02-23T14:00:00+01:00,1,01:00:00,1,01:00:00,100.0,100.0,2016-02-23T12:00:00Z,2016-02-23T13:00:00+01:00,2016-02-23T13:00:00Z,2016-02-23T14:00:00+01:00
1.6,,,False,6,so2,µg/m³,,raw,01:00:00,2016-02-23T13:00:00Z,2016-02-23T14:00:00+01:00,2016-02-23T14:00:00Z,2016-02-23T15:00:00+01:00,1,01:00:00,1,01:00:00,100.0,100.0,2016-02-23T13:00:00Z,2016-02-23T14:00:00+01:00,2016-02-23T14:00:00Z,2016-02-23T15:00:00+01:00
0.4,,,False,6,so2,µg/m³,,raw,01:00:00,2016-02-23T14:00:00Z,2016-02-23T15:00:00+01:00,2016-02-23T15:00:00Z,2016-02-23T16:00:00+01:00,1,01:00:00,1,01:00:00,100.0,100.0,2016-02-23T14:00:00Z,2016-02-23T15:00:00+01:00,2016-02-23T15:00:00Z,2016-02-23T16:00:00+01:00
0.6,,,False,6,so2,µg/m³,,raw,01:00:00,2016-02-23T15:00:00Z,2016-02-23T16:00:00+01:00,2016-02-23T16:00:00Z,2016-02-23T17:00:00+01:00,1,01:00:00,1,01:00:00,100.0,100.0,2016-02-23T15:00:00Z,2016-02-23T16:00:00+01:00,2016-02-23T16:00:00Z,2016-02-23T17:00:00+01:00
-999.0,,,False,6,so2,µg/m³,,raw,01:00:00,2016-02-23T16:00:00Z,2016-02-23T17:00:00+01:00,2016-02-23T17:00:00Z,2016-02-23T18:00:00+01:00,1,01:00:00,1,01:00:00,100.0,100.0,2016-02-23T16:00:00Z,2016-02-23T17:00:00+01:00,2016-02-23T17:00:00Z,2016-02-23T18:00:00+01:00
0.7,,,False,6,so2,µg/m³,,raw,01:00:00,2016-02-23T17:00:00Z,2016-02-23T18:00:00+01:00,2016-02-23T18:00:00Z,2016-02-23T19:00:00+01:00,1,01:00:00,1,01:00:00,100.0,100.0,2016-02-23T17:00:00Z,2016-02-23T18:00:00+01:00,2016-02-23T18:00:00Z,2016-02-23T19:00:00+01:00
0.5,,,False,6,so2,µg/m³,,raw,01:00:00,2016-02-23T18:00:00Z,2016-02-23T19:00:00+01:00,2016-02-23T19:00:00Z,2016-02-23T20:00:00+01:00,1,01:00:00,1,01:00:00,100.0,100.0,2016-02-23T18:00:00Z,2016-02-23T19:00:00+01:00,2016-02-23T19:00:00Z,2016-02-23T20:00:00+01:00
0.7,,,False,6,so2,µg/m³,,raw,01:00:00,2016-02-23T19:00:00Z,2016-02-23T20:00:00+01:00,2016-02-23T20:00:00Z,2016-02-23T21:00:00+01:00,1,01:00:00,1,01:00:00,100.0,100.0,2016-02-23T19:00:00Z,2016-02-23T20:00:00+01:00,2016-02-23T20:00:00Z,2016-02-23T21:00:00+01:00
0.3,,,False,6,so2,µg/m³,,raw,01:00:00,2016-02-23T20:00:00Z,2016-02-23T21:00:00+01:00,2016-02-23T21:00:00Z,2016-02-23T22:00:00+01:00,1,01:00:00,1,01:00:00,100.0,100.0,2016-02-23T20:00:00Z,2016-02-23T21:00:00+01:00,2016-02-23T21:00:00Z,2016-02-23T22:00:00+01:00
0.2,,,False,6,so2,µg/m³,,raw,01:00:00,2016-02-23T21:00:00Z,2016-02-23T22:00:00+01:00,2016-02-23T22:00:00Z,2016-02-23T23:00:00+01:00,1,01:00:00,1,01:00:00,100.0,100.0,2016-02-23T21:00:00Z,2016-02-23T22:00:00+01:00,2016-02-23T22:00:00Z,2016-02-23T23:00:00+01:00
-999.0,,,False,6,so2,µg/m³,,raw,01:00:00,2016-02-23T22:00:00Z,2016-02-23T23:00:00+01:00,2016-02-23T23:00:00Z,2016-02-24T00:00:00+01:00,1,01:00:00,1,01:00:00,100.0,100.0,2016-02-23T22:00:00Z,2016-02-23T23:00:00+01:00,2016-02-23T23:00:00Z,2016-02-24T00:00:00+01:00
0.1,,,False,6,so2,µg/m³,,raw,01:00:00,2016-02-23T23:00:00Z,2016-02-24T00:00:00+01:00,2016-02-24T00:00:00Z,2016-02-24T01:00:00+01:00,1,01:00:00,1,01:00:00,100.0,100.0,2016-02-23T23:00:00Z,2016-02-24T00:00:00+01:00,2016-02-24T00:00:00Z,2016-02-24T01:00:00+01:00
0.7,,,False,6,so2,µg/m³,,raw,01:00:00,2016-02-24T00:00:00Z,2016-02-24T01:00:00+01:00,2016-02-24T01:00:00Z,2016-02-24T02:00:00+01:00,1,01:00:00,1,01:00:00,100.0,100.0,2016-02-24T00:00:00Z,2016-02-24T01:00:00+01:00,2016-02-24T01:00:00Z,2016-02-24T02:00:00+01:00
0.6,,,False,6,so2,µg/m³,,raw,01:00:00,2016-02-24T01:00:00Z,2016-02-24T02:00:00+01:00,2016-02-24T02:00:00Z,2016-02-24T03:00:00+01:00,1,01:00:00,1,01:00:00,100.0,100.0,2016-02-24T01:00:00Z,2016-02-24T02:00:00+01:00,2016-02-24T02:00:00Z,2016-02-24T03:00:00+01:00
0.2,,,False,6,so2,µg/m³,,raw,01:00:00,2016-02-24T02:00:00Z,2016-02-24T03:00:00+01:00,2016-02-24T03:00:00Z,2016-02-24T04:00:00+01:00,1,01:00:00,1,01:00:00,100.0,100.0,2016-02-24T02:00:00Z,2016-02-24T03:00:00+01:00,2016-02-24T03:00:00Z,2016-02-24T04:00:00+01:00
0.1,,,False,6,so2,µg/m³,,raw,01:00:00,2016-02-24T03:00:00Z,2016-02-24T04:00:00+01:00,2016-02-24T04:00:00Z,2016-02-24T05:00:00+01:00,1,01:00:00,1,01:00:00,100.0,100.0,2016-02-24T03:00:00Z,2016-02-24T04:00:00+01:00,2016-02-24T04:00:00Z,2016-02-24T05:00:00+01:00
0.0,,,False,6,so2,µg/m³,,raw,01:00:00,2016-02-24T04:00:00Z,2016-02-24T05:00:00+01:00,2016-02-24T05:00:00Z,2016-02-24T06:00:00+01:00,1,01:00:00,1,01:00:00,100.0,100.0,2016-02-24T04:00:00Z,2016-02-24T05:00:00+01:00,2016-02-24T05:00:00Z,2016-02-24T06:00:00+01:00
0.0,,,False,6,so2,µg/m³,,raw,01:00:00,2016-02-24T05:00:00Z,2016-02-24T06:00:00+01:00,2016-02-24T06:00:00Z,2016-02-24T07:00:00+01:00,1,01:00:00,1,01:00:00,100.0,100.0,2016-02-24T05:00:00Z,2016-02-24T06:00:00+01:00,2016-02-24T06:00:00Z,2016-02-24T07:00:00+01:00
0.3,,,False,6,so2,µg/m³,,raw,01:00:00,2016-02-24T06:00:00Z,2016-02-24T07:00:00+01:00,2016-02-24T07:00:00Z,2016-02-24T08:00:00+01:00,1,01:00:00,1,01:00:00,100.0,100.0,2016-02-24T06:00:00Z,2016-02-24T07:00:00+01:00,2016-02-24T07:00:00Z,2016-02-24T08:00:00+01:00
-999.0,,,False,6,so2,µg/m³,,raw,01:00:00,2016-02-24T07:00:00Z,2016-02-24T08:00:00+01:00,2016-02-24T08:00:00Z,2016-02-24T09:00:00+01:00,1,01:00:00,1,01:00:00,100.0,100.0,2016-02-24T07:00:00Z,2016-02-24T08:00:00+01:00,2016-02-24T08:00:00Z,2016-02-24T09:00:00+01:00
1.5,,,False,6,so2,µg/m³,,raw,01:00:00,2016-02-24T08:00:00Z,2016-02-24T09:00:00+01:00,2016-02-24T09:00:00Z,2016-02-24T10:00:00+01:00,1,01:00:00,1,01:00:00,100.0,100.0,2016-02-24T08:00:00Z,2016-02-24T09:00:00+01:00,2016-02-24T09:00:00Z,2016-02-24T10:00:00+01:00
0.5,,,False,6,so2,µg/m³,,raw,01:00:00,2016-02-24T09:00:00Z,2016-02-24T10:00:00+01:00,2016-02-24T10:00:00Z,2016-02-24T11:00:00+01:00,1,01:00:00,1,01:00:00,100.0,100.0,2016-02-24T09:00:00Z,2016-02-24T10:00:00+01:00,2016-02-24T10:00:00Z,2016-02-24T11:00:00+01:00
1.0,,,False,6,so2,µg/m³,,raw,01:00:00,2016-02-24T10:00:00Z,2016-02-24T11:00:00+01:00,2016-02-24T11:00:00Z,2016-02-24T12:00:00+01:00,1,01:00:00,1,01:00:00,100.0,100.0,2016-02-24T10:00:00Z,2016-02-24T11:00:00+01:00,2016-02-24T11:00:00Z,2016-02-24T12:00:00+01:00
0.6,,,False,6,so2,µg/m³,,raw,01:00:00,2016-02-24T11:00:00Z,2016-02-24T12:00:00+01:00,2016-02-24T12:00:00Z,2016-02-24T13:00:00+01:00,1,01:00:00,1,01:00:00,100.0,100.0,2016-02-24T11:00:00Z,2016-02-24T12:00:00+01:00,2016-02-24T12:00:00Z,2016-02-24T13:00:00+01:00
0.4,,,False,6,so2,µg/m³,,raw,01:00:00,2016-02-24T12:00:00Z,2016-02-24T13:00:00+01:00,2016-02-24T13:00:00Z,2016-02-24T14:00:00+01:00,1,01:00:00,1,01:00:00,100.0,100.0,2016-02-24T12:00:00Z,2016-02-24T13:00:00+01:00,2016-02-24T13:00:00Z,2016-02-24T14:00:00+01:00
0.9,,,False,6,so2,µg/m³,,raw,01:00:00,2016-02-24T13:00:00Z,2016-02-24T14:00:00+01:00,2016-02-24T14:00:00Z,2016-02-24T15:00:00+01:00,1,01:00:00,1,01:00:00,100.0,100.0,2016-02-24T13:00:00Z,2016-02-24T14:00:00+01:00,2016-02-24T14:00:00Z,2016-02-24T15:00:00+01:00
0.4,,,False,6,so2,µg/m³,,raw,01:00:00,2016-02-24T14:00:00Z,2016-02-24T15:00:00+01:00,2016-02-24T15:00:00Z,2016-02-24T16:00:00+01:00,1,01:00:00,1,01:00:00,100.0,100.0,2016-02-24T14:00:00Z,2016-02-24T15:00:00+01:00,2016-02-24T15:00:00Z,2016-02-24T16:00:00+01:00
0.6,,,False,6,so2,µg/m³,,raw,01:00:00,2016-02-24T15:00:00Z,2016-02-24T16:00:00+01:00,2016-02-24T16:00:00Z,2016-02-24T17:00:00+01:00,1,01:00:00,1,01:00:00,100.0,100.0,2016-02-24T15:00:00Z,2016-02-24T16:00:00+01:00,2016-02-24T16:00:00Z,2016-02-24T17:00:00+01:00
5.3,,,False,6,so2,µg/m³,,raw,01:00:00,2016-02-24T16:00:00Z,2016-02-24T17:00:00+01:00,2016-02-24T17:00:00Z,2016-02-24T18:00:00+01:00,1,01:00:00,1,01:00:00,100.0,100.0,2016-02-24T16:00:00Z,2016-02-24T17:00:00+01:00,2016-02-24T17:00:00Z,2016-02-24T18:00:00+01:00
1.2,,,False,6,so2,µg/m³,,raw,01:00:00,2016-02-24T17:00:00Z,2016-02-24T18:00:00+01:00,2016-02-24T18:00:00Z,2016-02-24T19:00:00+01:00,1,01:00:00,1,01:00:00,100.0,100.0,2016-02-24T17:00:00Z,2016-02-24T18:00:00+01:00,2016-02-24T18:00:00Z,2016-02-24T19:00:00+01:00
0.4,,,False,6,so2,µg/m³,,raw,01:00:00,2016-02-24T18:00:00Z,2016-02-24T19:00:00+01:00,2016-02-24T19:00:00Z,2016-02-24T20:00:00+01:00,1,01:00:00,1,01:00:00,100.0,100.0,2016-02-24T18:00:00Z,2016-02-24T19:00:00+01:00,2016-02-24T19:00:00Z,2016-02-24T20:00:00+01:00
0.7,,,False,6,so2,µg/m³,,raw,01:00:00,2016-02-24T19:00:00Z,2016-02-24T20:00:00+01:00,2016-02-24T20:00:00Z,2016-02-24T21:00:00+01:00,1,01:00:00,1,01:00:00,100.0,100.0,2016-02-24T19:00:00Z,2016-02-24T20:00:00+01:00,2016-02-24T20:00:00Z,2016-02-24T21:00:00+01:00
0.4,,,False,6,so2,µg/m³,,raw,01:00:00,2016-02-24T20:00:00Z,2016-02-24T21:00:00+01:00,2016-02-24T21:00:00Z,2016-02-24T22:00:00+01:00,1,01:00:00,1,01:00:00,100.0,100.0,2016-02-24T20:00:00Z,2016-02-24T21:00:00+01:00,2016-02-24T21:00:00Z,2016-02-24T22:00:00+01:00
0.2,,,False,6,so2,µg/m³,,raw,01:00:00,2016-02-24T21:00:00Z,2016-02-24T22:00:00+01:00,2016-02-24T22:00:00Z,2016-02-24T23:00:00+01:00,1,01:00:00,1,01:00:00,100.0,100.0,2016-02-24T21:00:00Z,2016-02-24T22:00:00+01:00,2016-02-24T22:00:00Z,2016-02-24T23:00:00+01:00
-999.0,,,False,6,so2,µg/m³,,raw,01:00:00,2016-02-24T22:00:00Z,2016-02-24T23:00:00+01:00,2016-02-24T23:00:00Z,2016-02-25T00:00:00+01:00,1,01:00:00,1,01:00:00,100.0,100.0,2016-02-24T22:00:00Z,2016-02-24T23:00:00+01:00,2016-02-24T23:00:00Z,2016-02-25T00:00:00+01:00
0.1,,,False,6,so2,µg/m³,,raw,01:00:00,2016-02-24T23:00:00Z,2016-02-25T00:00:00+01:00,2016-02-25T00:00:00Z,2016-02-25T01:00:00+01:00,1,01:00:00,1,01:00:00,100.0,100.0,2016-02-24T23:00:00Z,2016-02-25T00:00:00+01:00,2016-02-25T00:00:00Z,2016-02-25T01:00:00+01:00
0.3,,,False,6,so2,µg/m³,,raw,01:00:00,2016-02-25T00:00:00Z,2016-02-25T01:00:00+01:00,2016-02-25T01:00:00Z,2016-02-25T02:00:00+01:00,1,01:00:00,1,01:00:00,100.0,100.0,2016-02-25T00:00:00Z,2016-02-25T01:00:00+01:00,2016-02-25T01:00:00Z,2016-02-25T02:00:00+01:00
0.0,,,False,6,so2,µg/m³,,raw,01:00:00,2016-02-25T01:00:00Z,2016-02-25T02:00:00+01:00,2016-02-25T02:00:00Z,2016-02-25T03:00:00+01:00,1,01:00:00,1,01:00:00,100.0,100.0,2016-02-25T01:00:00Z,2016-02-25T02:00:00+01:00,2016-02-25T02:00:00Z,2016-02-25T03:00:00+01:00
0.0,,,False,6,so2,µg/m³,,raw,01:00:00,2016-02-25T02:00:00Z,2016-02-25T03:00:00+01:00,2016-02-25T03:00:00Z,2016-02-25T04:00:00+01:00,1,01:00:00,1,01:00:00,100.0,100.0,2016-02-25T02:00:00Z,2016-02-25T03:00:00+01:00,2016-02-25T03:00:00Z,2016-02-25T04:00:00+01:00
0.1,,,False,6,so2,µg/m³,,raw,01:00:00,2016-02-25T03:00:00Z,2016-02-25T04:00:00+01:00,2016-02-25T04:00:00Z,2016-02-25T05:00:00+01:00,1,01:00:00,1,01:00:00,100.0,100.0,2016-02-25T03:00:00Z,2016-02-25T04:00:00+01:00,2016-02-25T04:00:00Z,2016-02-25T05:00:00+01:00
0.1,,,False,6,so2,µg/m³,,raw,01:00:00,2016-02-25T04:00:00Z,2016-02-25T05:00:00+01:00,2016-02-25T05:00:00Z,2016-02-25T06:00:00+01:00,1,01:00:00,1,01:00:00,100.0,100.0,2016-02-25T04:00:00Z,2016-02-25T05:00:00+01:00,2016-02-25T05:00:00Z,2016-02-25T06:00:00+01:00
0.1,,,False,6,so2,µg/m³,,raw,01:00:00,2016-02-25T05:00:00Z,2016-02-25T06:00:00+01:00,2016-02-25T06:00:00Z,2016-02-25T07:00:00+01:00,1,01:00:00,1,01:00:00,100.0,100.0,2016-02-25T05:00:00Z,2016-02-25T06:00:00+01:00,2016-02-25T06:00:00Z,2016-02-25T07:00:00+01:00
0.4,,,False,6,so2,µg/m³,,raw,01:00:00,2016-02-25T06:00:00Z,2016-02-25T07:00:00+01:00,2016-02-25T07:00:00Z,2016-02-25T08:00:00+01:00,1,01:00:00,1,01:00:00,100.0,100.0,2016-02-25T06:00:00Z,2016-02-25T07:00:00+01:00,2016-02-25T07:00:00Z,2016-02-25T08:00:00+01:00
0.9,,,False,6,so2,µg/m³,,raw,01:00:00,2016-02-25T07:00:00Z,2016-02-25T08:00:00+01:00,2016-02-25T08:00:00Z,2016-02-25T09:00:00+01:00,1,01:00:00,1,01:00:00,100.0,100.0,2016-02-25T07:00:00Z,2016-02-25T08:00:00+01:00,2016-02-25T08:00:00Z,2016-02-25T09:00:00+01:00
0.4,,,False,6,so2,µg/m³,,raw,01:00:00,2016-02-25T08:00:00Z,2016-02-25T09:00:00+01:00,2016-02-25T09:00:00Z,2016-02-25T10:00:00+01:00,1,01:00:00,1,01:00:00,100.0,100.0,2016-02-25T08:00:00Z,2016-02-25T09:00:00+01:00,2016-02-25T09:00:00Z,2016-02-25T10:00:00+01:00
0.4,,,False,6,so2,µg/m³,,raw,01:00:00,2016-02-25T09:00:00Z,2016-02-25T10:00:00+01:00,2016-02-25T10:00:00Z,2016-02-25T11:00:00+01:00,1,01:00:00,1,01:00:00,100.0,100.0,2016-02-25T09:00:00Z,2016-02-25T10:00:00+01:00,2016-02-25T10:00:00Z,2016-02-25T11:00:00+01:00
0.4,,,False,6,so2,µg/m³,,raw,01:00:00,2016-02-25T10:00:00Z,2016-02-25T11:00:00+01:00,2016-02-25T11:00:00Z,2016-02-25T12:00:00+01:00,1,01:00:00,1,01:00:00,100.0,100.0,2016-02-25T10:00:00Z,2016-02-25T11:00:00+01:00,2016-02-25T11:00:00Z,2016-02-25T12:00:00+01:00
0.9,,,False,6,so2,µg/m³,,raw,01:00:00,2016-02-25T11:00:00Z,2016-02-25T12:00:00+01:00,2016-02-25T12:00:00Z,2016-02-25T13:00:00+01:00,1,01:00:00,1,01:00:00,100.0,100.0,2016-02-25T11:00:00Z,2016-02-25T12:00:00+01:00,2016-02-25T12:00:00Z,2016-02-25T13:00:00+01:00
0.8,,,False,6,so2,µg/m³,,raw,01:00:00,2016-02-25T12:00:00Z,2016-02-25T13:00:00+01:00,2016-02-25T13:00:00Z,2016-02-25T14:00:00+01:00,1,01:00:00,1,01:00:00,100.0,100.0,2016-02-25T12:00:00Z,2016-02-25T13:00:00+01:00,2016-02-25T13:00:00Z,2016-02-25T14:00:00+01:00
-999.0,,,False,6,so2,µg/m³,,raw,01:00:00,2016-02-25T13:00:00Z,2016-02-25T14:00:00+01:00,2016-02-25T14:00:00Z,2016-02-25T15:00:00+01:00,1,01:00:00,1,01:00:00,100.0,100.0,2016-02-25T13:00:00Z,2016-02-25T14:00:00+01:00,2016-02-25T14:00:00Z,2016-02-25T15:00:00+01:00
3.6,,,False,6,so2,µg/m³,,raw,01:00:00,2016-02-25T14:00:00Z,2016-02-25T15:00:00+01:00,2016-02-25T15:00:00Z,2016-02-25T16:00:00+01:00,1,01:00:00,1,01:00:00,100.0,100.0,2016-02-25T14:00:00Z,2016-02-25T15:00:00+01:00,2016-02-25T15:00:00Z,2016-02-25T16:00:00+01:00
0.9,,,False,6,so2,µg/m³,,raw,01:00:00,2016-02-25T15:00:00Z,2016-02-25T16:00:00+01:00,2016-02-25T16:00:00Z,2016-02-25T17:00:00+01:00,1,01:00:00,1,01:00:00,100.0,100.0,2016-02-25T15:00:00Z,2016-02-25T16:00:00+01:00,2016-02-25T16:00:00Z,2016-02-25T17:00:00+01:00
2.9,,,False,6,so2,µg/m³,,raw,01:00:00,2016-02-25T16:00:00Z,2016-02-25T17:00:00+01:00,2016-02-25T17:00:00Z,2016-02-25T18:00:00+01:00,1,01:00:00,1,01:00:00,100.0,100.0,2016-02-25T16:00:00Z,2016-02-25T17:00:00+01:00,2016-02-25T17:00:00Z,2016-02-25T18:00:00+01:00
1.1,,,False,6,so2,µg/m³,,raw,01:00:00,2016-02-25T17:00:00Z,2016-02-25T18:00:00+01:00,2016-02-25T18:00:00Z,2016-02-25T19:00:00+01:00,1,01:00:00,1,01:00:00,100.0,100.0,2016-02-25T17:00:00Z,2016-02-25T18:00:00+01:00,2016-02-25T18:00:00Z,2016-02-25T19:00:00+01:00
1.0,,,False,6,so2,µg/m³,,raw,01:00:00,2016-02-25T18:00:00Z,2016-02-25T19:00:00+01:00,2016-02-25T19:00:00Z,2016-02-25T20:00:00+01:00,1,01:00:00,1,01:00:00,100.0,100.0,2016-02-25T18:00:00Z,2016-02-25T19:00:00+01:00,2016-02-25T19:00:00Z,2016-02-25T20:00:00+01:00
0.3,,,False,6,so2,µg/m³,,raw,01:00:00,2016-02-25T19:00:00Z,2016-02-25T20:00:00+01:00,2016-02-25T20:00:00Z,2016-02-25T21:00:00+01:00,1,01:00:00,1,01:00:00,100.0,100.0,2016-02-25T19:00:00Z,2016-02-25T20:00:00+01:00,2016-02-25T20:00:00Z,2016-02-25T21:00:00+01:00
0.9,,,False,6,so2,µg/m³,,raw,01:00:00,2016-02-25T20:00:00Z,2016-02-25T21:00:00+01:00,2016-02-25T21:00:00Z,2016-02-25T22:00:00+01:00,1,01:00:00,1,01:00:00,100.0,100.0,2016-02-25T20:00:00Z,2016-02-25T21:00:00+01:00,2016-02-25T21:00:00Z,2016-02-25T22:00:00+01:00
0.6,,,False,6,so2,µg/m³,,raw,01:00:00,2016-02-25T21:00:00Z,2016-02-25T22:00:00+01:00,2016-02-25T22:00:00Z,2016-02-25T23:00:00+01:00,1,01:00:00,1,01:00:00,100.0,100.0,2016-02-25T21:00:00Z,2016-02-25T22:00:00+01:00,2016-02-25T22:00:00Z,2016-02-25T23:00:00+01:00
-999.0,,,False,6,so2,µg/m³,,raw,01:00:00,2016-02-25T22:00:00Z,2016-02-25T23:00:00+01:00,2016-02-25T23:00:00Z,2016-02-26T00:00:00+01:00,1,01:00:00,1,01:00:00,100.0,100.0,2016-02-25T22:00:00Z,2016-02-25T23:00:00+01:00,2016-02-25T23:00:00Z,2016-02-26T00:00:00+01:00
0.7,,,False,6,so2,µg/m³,,raw,01:00:00,2016-02-25T23:00:00Z,2016-02-26T00:00:00+01:00,2016-02-26T00:00:00Z,2016-02-26T01:00:00+01:00,1,01:00:00,1,01:00:00,100.0,100.0,2016-02-25T23:00:00Z,2016-02-26T00:00:00+01:00,2016-02-26T00:00:00Z,2016-02-26T01:00:00+01:00
0.7,,,False,6,so2,µg/m³,,raw,01:00:00,2016-02-26T00:00:00Z,2016-02-26T01:00:00+01:00,2016-02-26T01:00:00Z,2016-02-26T02:00:00+01:00,1,01:00:00,1,01:00:00,100.0,100.0,2016-02-26T00:00:00Z,2016-02-26T01:00:00+01:00,2016-02-26T01:00:00Z,2016-02-26T02:00:00+01:00
0.4,,,False,6,so2,µg/m³,,raw,01:00:00,2016-02-26T01:00:00Z,2016-02-26T02:00:00+01:00,2016-02-26T02:00:00Z,2016-02-26T03:00:00+01:00,1,01:00:00,1,01:00:00,100.0,100.0,2016-02-26T01:00:00Z,2016-02-26T02:00:00+01:00,2016-02-26T02:00:00Z,2016-02-26T03:00:00+01:00
0.3,,,False,6,so2,µg/m³,,raw,01:00:00,2016-02-26T02:00:00Z,2016-02-26T03:00:00+01:00,2016-02-26T03:00:00Z,2016-02-26T04:00:00+01:00,1,01:00:00,1,01:00:00,100.0,100.0,2016-02-26T02:00:00Z,2016-02-26T03:00:00+01:00,2016-02-26T03:00:00Z,2016-02-26T04:00:00+01:00
0.3,,,False,6,so2,µg/m³,,raw,01:00:00,2016-02-26T03:00:00Z,2016-02-26T04:00:00+01:00,2016-02-26T04:00:00Z,2016-02-26T05:00:00+01:00,1,01:00:00,1,01:00:00,100.0,100.0,2016-02-26T03:00:00Z,2016-02-26T04:00:00+01:00,2016-02-26T04:00:00Z,2016-02-26T05:00:00+01:00
-999.0,,,False,6,so2,µg/m³,,raw,01:00:00,2016-02-26T04:00:00Z,2016-02-26T05:00:00+01:00,2016-02-26T05:00:00Z,2016-02-26T06:00:00+01:00,1,01:00:00,1,01:00:00,100.0,100.0,2016-02-26T04:00:00Z,2016-02-26T05:00:00+01:00,2016-02-26T05:00:00Z,2016-02-26T06:00:00+01:00
0.2,,,False,6,so2,µg/m³,,raw,01:00:00,2016-02-26T05:00:00Z,2016-02-26T06:00:00+01:00,2016-02-26T06:00:00Z,2016-02-26T07:00:00+01:00,1,01:00:00,1,01:00:00,100.0,100.0,2016-02-26T05:00:00Z,2016-02-26T06:00:00+01:00,2016-02-26T06:00:00Z,2016-02-26T07:00:00+01:00
0.2,,,False,6,so2,µg/m³,,raw,01:00:00,2016-02-26T06:00:00Z,2016-02-26T07:00:00+01:00,2016-02-26T07:00:00Z,2016-02-26T08:00:00+01:00,1,01:00:00,1,01:00:00,100.0,100.0,2016-02-26T06:00:00Z,2016-02-26T07:00:00+01:00,2016-02-26T07:00:00Z,2016-02-26T08:00:00+01:00
0.5,,,False,6,so2,µg/m³,,raw,01:00:00,2016-02-26T07:00:00Z,2016-02-26T08:00:00+01:00,2016-02-26T08:00:00Z,2016-02-26T09:00:00+01:00,1,01:00:00,1,01:00:00,100.0,100.0,2016-02-26T07:00:00Z,2016-02-26T08:00:00+01:00,2016-02-26T08:00:00Z,2016-02-26T09:00:00+01:00
1.0,,,False,6,so2,µg/m³,,raw,01:00:00,2016-02-26T08:00:00Z,2016-02-26T09:00:00+01:00,2016-02-26T09:00:00Z,2016-02-26T10:00:00+01:00,1,01:00:00,1,01:00:00,100.0,100.0,2016-02-26T08:00:00Z,2016-02-26T09:00:00+01:00,2016-02-26T09:00:00Z,2016-02-26T10:00:00+01:00
1.1,,,False,6,so2,µg/m³,,raw,01:00:00,2016-02-26T09:00:00Z,2016-02-26T10:00:00+01:00,2016-02-26T10:00:00Z,2016-02-26T11:00:00+01:00,1,01:00:00,1,01:00:00,100.0,100.0,2016-02-26T09:00:00Z,2016-02-26T10:00:00+01:00,2016-02-26T10:00:00Z,2016-02-26T11:00:00+01:00
1.2,,,False,6,so2,µg/m³,,raw,01:00:00,2016-02-26T10:00:00Z,2016-02-26T11:00:00+01:00,2016-02-26T11:00:00Z,2016-02-26T12:00:00+01:00,1,01:00:00,1,01:00:00,100.0,100.0,2016-02-26T10:00:00Z,2016-02-26T11:00:00+01:00,2016-02-26T11:00:00Z,2016-02-26T12:00:00+01:00
1.4,,,False,6,so2,µg/m³,,raw,01:00:00,2016-02-26T11:00:00Z,2016-02-26T12:00:00+01:00,2016-02-26T12:00:00Z,2016-02-26T13:00:00+01:00,1,01:00:00,1,01:00:00,100.0,100.0,2016-02-26T11:00:00Z,2016-02-26T12:00:00+01:00,2016-02-26T12:00:00Z,2016-02-26T13:00:00+01:00
1.5,,,False,6,so2,µg/m³,,raw,01:00:00,2016-02-26T12:00:00Z,2016-02-26T13:00:00+01:00,2016-02-26T13:00:00Z,2016-02-26T14:00:00+01:00,1,01:00:00,1,01:00:00,100.0,100.0,2016-02-26T12:00:00Z,2016-02-26T13:00:00+01:00,2016-02-26T13:00:00Z,2016-02-26T14:00:00+01:00
2.0,,,False,6,so2,µg/m³,,raw,01:00:00,2016-02-26T13:00:00Z,2016-02-26T14:00:00+01:00,2016-02-26T14:00:00Z,2016-02-26T15:00:00+01:00,1,01:00:00,1,01:00:00,100.0,100.0,2016-02-26T13:00:00Z,2016-02-26T14:00:00+01:00,2016-02-26T14:00:00Z,2016-02-26T15:00:00+01:00
1.3,,,False,6,so2,µg/m³,,raw,01:00:00,2016-02-26T14:00:00Z,2016-02-26T15:00:00+01:00,2016-02-26T15:00:00Z,2016-02-26T16:00:00+01:00,1,01:00:00,1,01:00:00,100.0,100.0,2016-02-26T14:00:00Z,2016-02-26T15:00:00+01:00,2016-02-26T15:00:00Z,2016-02-26T16:00:00+01:00
-999.0,,,False,6,so2,µg/m³,,raw,01:00:00,2016-02-26T15:00:00Z,2016-02-26T16:00:00+01:00,2016-02-26T16:00:00Z,2016-02-26T17:00:00+01:00,1,01:00:00,1,01:00:00,100.0,100.0,2016-02-26T15:00:00Z,2016-02-26T16:00:00+01:00,2016-02-26T16:00:00Z,2016-02-26T17:00:00+01:00
1.0,,,False,6,so2,µg/m³,,raw,01:00:00,2016-02-26T16:00:00Z,2016-02-26T17:00:00+01:00,2016-02-26T17:00:00Z,2016-02-26T18:00:00+01:00,1,01:00:00,1,01:00:00,100.0,100.0,2016-02-26T16:00:00Z,2016-02-26T17:00:00+01:00,2016-02-26T17:00:00Z,2016-02-26T18:00:00+01:00
1.2,,,False,6,so2,µg/m³,,raw,01:00:00,2016-02-26T17:00:00Z,2016-02-26T18:00:00+01:00,2016-02-26T18:00:00Z,2016-02-26T19:00:00+01:00,1,01:00:00,1,01:00:00,100.0,100.0,2016-02-26T17:00:00Z,2016-02-26T18:00:00+01:00,2016-02-26T18:00:00Z,2016-02-26T19:00:00+01:00
1.0,,,False,6,so2,µg/m³,,raw,01:00:00,2016-02-26T18:00:00Z,2016-02-26T19:00:00+01:00,2016-02-26T19:00:00Z,2016-02-26T20:00:00+01:00,1,01:00:00,1,01:00:00,100.0,100.0,2016-02-26T18:00:00Z,2016-02-26T19:00:00+01:00,2016-02-26T19:00:00Z,2016-02-26T20:00:00+01:00
-999.0,,,False,6,so2,µg/m³,,raw,01:00:00,2016-02-26T19:00:00Z,2016-02-26T20:00:00+01:00,2016-02-26T20:00:00Z,2016-02-26T21:00:00+01:00,1,01:00:00,1,01:00:00,100.0,100.0,2016-02-26T19:00:00Z,2016-02-26T20:00:00+01:00,2016-02-26T20:00:00Z,2016-02-26T21:00:00+01:00
0.7,,,False,6,so2,µg/m³,,raw,01:00:00,2016-02-26T20:00:00Z,2016-02-26T21:00:00+01:00,2016-02-26T21:00:00Z,2016-02-26T22:00:00+01:00,1,01:00:00,1,01:00:00,100.0,100.0,2016-02-26T20:00:00Z,2016-02-26T21:00:00+01:00,2016-02-26T21:00:00Z,2016-02-26T22:00:00+01:00
1.0,,,False,6,so2,µg/m³,,raw,01:00:00,2016-02-26T21:00:00Z,2016-02-26T22:00:00+01:00,2016-02-26T22:00:00Z,2016-02-26T23:00:00+01:00,1,01:00:00,1,01:00:00,100.0,100.0,2016-02-26T21:00:00Z,2016-02-26T22:00:00+01:00,2016-02-26T22:00:00Z,2016-02-26T23:00:00+01:00
-999.0,,,False,6,so2,µg/m³,,raw,01:00:00,2016-02-26T22:00:00Z,2016-02-26T23:00:00+01:00,2016-02-26T23:00:00Z,2016-02-27T00:00:00+01:00,1,01:00:00,1,01:00:00,100.0,100.0,2016-02-26T22:00:00Z,2016-02-26T23:00:00+01:00,2016-02-26T23:00:00Z,2016-02-27T00:00:00+01:00
0.8,,,False,6,so2,µg/m³,,raw,01:00:00,2016-02-26T23:00:00Z,2016-02-27T00:00:00+01:00,2016-02-27T00:00:00Z,2016-02-27T01:00:00+01:00,1,01:00:00,1,01:00:00,100.0,100.0,2016-02-26T23:00:00Z,2016-02-27T00:00:00+01:00,2016-02-27T00:00:00Z,2016-02-27T01:00:00+01:00
0.8,,,False,6,so2,µg/m³,,raw,01:00:00,2016-02-27T00:00:00Z,2016-02-27T01:00:00+01:00,2016-02-27T01:00:00Z,2016-02-27T02:00:00+01:00,1,01:00:00,1,01:00:00,100.0,100.0,2016-02-27T00:00:00Z,2016-02-27T01:00:00+01:00,2016-02-27T01:00:00Z,2016-02-27T02:00:00+01:00
0.6,,,False,6,so2,µg/m³,,raw,01:00:00,2016-02-27T01:00:00Z,2016-02-27T02:00:00+01:00,2016-02-27T02:00:00Z,2016-02-27T03:00:00+01:00,1,01:00:00,1,01:00:00,100.0,100.0,2016-02-27T01:00:00Z,2016-02-27T02:00:00+01:00,2016-02-27T02:00:00Z,2016-02-27T03:00:00+01:00
0.9,,,False,6,so2,µg/m³,,raw,01:00:00,2016-02-27T02:00:00Z,2016-02-27T03:00:00+01:00,2016-02-27T03:00:00Z,2016-02-27T04:00:00+01:00,1,01:00:00,1,01:00:00,100.0,100.0,2016-02-27T02:00:00Z,2016-02-27T03:00:00+01:00,2016-02-27T03:00:00Z,2016-02-27T04:00:00+01:00
1.0,,,False,6,so2,µg/m³,,raw,01:00:00,2016-02-27T03:00:00Z,2016-02-27T04:00:00+01:00,2016-02-27T04:00:00Z,2016-02-27T05:00:00+01:00,1,01:00:00,1,01:00:00,100.0,100.0,2016-02-27T03:00:00Z,2016-02-27T04:00:00+01:00,2016-02-27T04:00:00Z,2016-02-27T05:00:00+01:00
0.6,,,False,6,so2,µg/m³,,raw,01:00:00,2016-02-27T04:00:00Z,2016-02-27T05:00:00+01:00,2016-02-27T05:00:00Z,2016-02-27T06:00:00+01:00,1,01:00:00,1,01:00:00,100.0,100.0,2016-02-27T04:00:00Z,2016-02-27T05:00:00+01:00,2016-02-27T05:00:00Z,2016-02-27T06:00:00+01:00
0.7,,,False,6,so2,µg/m³,,raw,01:00:00,2016-02-27T05:00:00Z,2016-02-27T06:00:00+01:00,2016-02-27T06:00:00Z,2016-02-27T07:00:00+01:00,1,01:00:00,1,01:00:00,100.0,100.0,2016-02-27T05:00:00Z,2016-02-27T06:00:00+01:00,2016-02-27T06:00:00Z,2016-02-27T07:00:00+01:00
0.6,,,False,6,so2,µg/m³,,raw,01:00:00,2016-02-27T06:00:00Z,2016-02-27T07:00:00+01:00,2016-02-27T07:00:00Z,2016-02-27T08:00:00+01:00,1,01:00:00,1,01:00:00,100.0,100.0,2016-02-27T06:00:00Z,2016-02-27T07:00:00+01:00,2016-02-27T07:00:00Z,2016-02-27T08:00:00+01:00
0.4,,,False,6,so2,µg/m³,,raw,01:00:00,2016-02-27T07:00:00Z,2016-02-27T08:00:00+01:00,2016-02-27T08:00:00Z,2016-02-27T09:00:00+01:00,1,01:00:00,1,01:00:00,100.0,100.0,2016-02-27T07:00:00Z,2016-02-27T08:00:00+01:00,2016-02-27T08:00:00Z,2016-02-27T09:00:00+01:00
0.8,,,False,6,so2,µg/m³,,raw,01:00:00,2016-02-27T08:00:00Z,2016-02-27T09:00:00+01:00,2016-02-27T09:00:00Z,2016-02-27T10:00:00+01:00,1,01:00:00,1,01:00:00,100.0,100.0,2016-02-27T08:00:00Z,2016-02-27T09:00:00+01:00,2016-02-27T09:00:00Z,2016-02-27T10:00:00+01:00
1.2,,,False,6,so2,µg/m³,,raw,01:00:00,2016-02-27T09:00:00Z,2016-02-27T10:00:00+01:00,2016-02-27T10:00:00Z,2016-02-27T11:00:00+01:00,1,01:00:00,1,01:00:00,100.0,100.0,2016-02-27T09:00:00Z,2016-02-27T10:00:00+01:00,2016-02-27T10:00:00Z,2016-02-27T11:00:00+01:00
-999.0,,,False,6,so2,µg/m³,,raw,01:00:00,2016-02-27T10:00:00Z,2016-02-27T11:00:00+01:00,2016-02-27T11:00:00Z,2016-02-27T12:00:00+01:00,1,01:00:00,1,01:00:00,100.0,100.0,2016-02-27T10:00:00Z,2016-02-27T11:00:00+01:00,2016-02-27T11:00:00Z,2016-02-27T12:00:00+01:00
1.1,,,False,6,so2,µg/m³,,raw,01:00:00,2016-02-27T11:00:00Z,2016-02-27T12:00:00+01:00,2016-02-27T12:00:00Z,2016-02-27T13:00:00+01:00,1,01:00:00,1,01:00:00,100.0,100.0,2016-02-27T11:00:00Z,2016-02-27T12:00:00+01:00,2016-02-27T12:00:00Z,2016-02-27T13:00:00+01:00
0.9,,,False,6,so2,µg/m³,,raw,01:00:00,2016-02-27T12:00:00Z,2016-02-27T13:00:00+01:00,2016-02-27T13:00:00Z,2016-02-27T14:00:00+01:00,1,01:00:00,1,01:00:00,100.0,100.0,2016-02-27T12:00:00Z,2016-02-27T13:00:00+01:00,2016-02-27T13:00:00Z,2016-02-27T14:00:00+01:00
0.9,,,False,6,so2,µg/m³,,raw,01:00:00,2016-02-27T13:00:00Z,2016-02-27T14:00:00+01:00,2016-02-27T14:00:00Z,2016-02-27T15:00:00+01:00,1,01:00:00,1,01:00:00,100.0,100.0,2016-02-27T13:00:00Z,2016-02-27T14:00:00+01:00,2016-02-27T14:00:00Z,2016-02-27T15:00:00+01:00
0.7,,,False,6,so2,µg/m³,,raw,01:00:00,2016-02-27T14:00:00Z,2016-02-27T15:00:00+01:00,2016-02-27T15:00:00Z,2016-02-27T16:00:00+01:00,1,01:00:00,1,01:00:00,100.0,100.0,2016-02-27T14:00:00Z,2016-02-27T15:00:00+01:00,2016-02-27T15:00:00Z,2016-02-27T16:00:00+01:00
0.5,,,False,6,so2,µg/m³,,raw,01:00:00,2016-02-27T15:00:00Z,2016-02-27T16:00:00+01:00,2016-02-27T16:00:00Z,2016-02-27T17:00:00+01:00,1,01:00:00,1,01:00:00,100.0,100.0,2016-02-27T15:00:00Z,2016-02-27T16:00:00+01:00,2016-02-27T16:00:00Z,2016-02-27T17:00:00+01:00
0.5,,,False,6,so2,µg/m³,,raw,01:00:00,2016-02-27T16:00:00Z,2016-02-27T17:00:00+01:00,2016-02-27T17:00:00Z,2016-02-27T18:00:00+01:00,1,01:00:00,1,01:00:00,100.0,100.0,2016-02-27T16:00:00Z,2016-02-27T17:00:00+01:00,2016-02-27T17:00:00Z,2016-02-27T18:00:00+01:00
0.5,,,False,6,so2,µg/m³,,raw,01:00:00,2016-02-27T17:00:00Z,2016-02-27T18:00:00+01:00,2016-02-27T18:00:00Z,2016-02-27T19:00:00+01:00,1,01:00:00,1,01:00:00,100.0,100.0,2016-02-27T17:00:00Z,2016-02-27T18:00:00+01:00,2016-02-27T18:00:00Z,2016-02-27T19:00:00+01:00
0.4,,,False,6,so2,µg/m³,,raw,01:00:00,2016-02-27T18:00:00Z,2016-02-27T19:00:00+01:00,2016-02-27T19:00:00Z,2016-02-27T20:00:00+01:00,1,01:00:00,1,01:00:00,100.0,100.0,2016-02-27T18:00:00Z,2016-02-27T19:00:00+01:00,2016-02-27T19:00:00Z,2016-02-27T20:00:00+01:00
0.4,,,False,6,so2,µg/m³,,raw,01:00:00,2016-02-27T19:00:00Z,2016-02-27T20:00:00+01:00,2016-02-27T20:00:00Z,2016-02-27T21:00:00+01:00,1,01:00:00,1,01:00:00,100.0,100.0,2016-02-27T19:00:00Z,2016-02-27T20:00:00+01:00,2016-02-27T20:00:00Z,2016-02-27T21:00:00+01:00
0.8,,,False,6,so2,µg/m³,,raw,01:00:00,2016-02-27T20:00:00Z,2016-02-27T21:00:00+01:00,2016-02-27T21:00:00Z,2016-02-27T22:00:00+01:00,1,01:00:00,1,01:00:00,100.0,100.0,2016-02-27T20:00:00Z,2016-02-27T21:00:00+01:00,2016-02-27T21:00:00Z,2016-02-27T22:00:00+01:00
-999.0,,,False,6,so2,µg/m³,,raw,01:00:00,2016-02-27T21:00:00Z,2016-02-27T22:00:00+01:00,2016-02-27T22:00:00Z,2016-02-27T23:00:00+01:00,1,01:00:00,1,01:00:00,100.0,100.0,2016-02-27T21:00:00Z,2016-02-27T22:00:00+01:00,2016-02-27T22:00:00Z,2016-02-27T23:00:00+01:00
0.5,,,False,6,so2,µg/m³,,raw,01:00:00,2016-02-27T22:00:00Z,2016-02-27T23:00:00+01:00,2016-02-27T23:00:00Z,2016-02-28T00:00:00+01:00,1,01:00:00,1,01:00:00,100.0,100.0,2016-02-27T22:00:00Z,2016-02-27T23:00:00+01:00,2016-02-27T23:00:00Z,2016-02-28T00:00:00+01:00
0.4,,,False,6,so2,µg/m³,,raw,01:00:00,2016-02-27T23:00:00Z,2016-02-28T00:00:00+01:00,2016-02-28T00:00:00Z,2016-02-28T01:00:00+01:00,1,01:00:00,1,01:00:00,100.0,100.0,2016-02-27T23:00:00Z,2016-02-28T00:00:00+01:00,2016-02-28T00:00:00Z,2016-02-28T01:00:00+01:00
0.9,,,False,6,so2,µg/m³,,raw,01:00:00,2016-02-29T00:00:00Z,2016-02-29T01:00:00+01:00,2016-02-29T01:00:00Z,2016-02-29T02:00:00+01:00,1,01:00:00,1,01:00:00,100.0,100.0,2016-02-29T00:00:00Z,2016-02-29T01:00:00+01:00,2016-02-29T01:00:00Z,2016-02-29T02:00:00+01:00
0.4,,,False,6,so2,µg/m³,,raw,01:00:00,2016-02-29T01:00:00Z,2016-02-29T02:00:00+01:00,2016-02-29T02:00:00Z,2016-02-29T03:00:00+01:00,1,01:00:00,1,01:00:00,100.0,100.0,2016-02-29T01:00:00Z,2016-02-29T02:00:00+01:00,2016-02-29T02:00:00Z,2016-02-29T03:00:00+01:00
0.4,,,False,6,so2,µg/m³,,raw,01:00:00,2016-02-29T02:00:00Z,2016-02-29T03:00:00+01:00,2016-02-29T03:00:00Z,2016-02-29T04:00:00+01:00,1,01:00:00,1,01:00:00,100.0,100.0,2016-02-29T02:00:00Z,2016-02-29T03:00:00+01:00,2016-02-29T03:00:00Z,2016-02-29T04:00:00+01:00
0.3,,,False,6,so2,µg/m³,,raw,01:00:00,2016-02-29T03:00:00Z,2016-02-29T04:00:00+01:00,2016-02-29T04:00:00Z,2016-02-29T05:00:00+01:00,1,01:00:00,1,01:00:00,100.0,100.0,2016-02-29T03:00:00Z,2016-02-29T04:00:00+01:00,2016-02-29T04:00:00Z,2016-02-29T05:00:00+01:00
0.4,,,False,6,so2,µg/m³,,raw,01:00:00,2016-02-29T04:00:00Z,2016-02-29T05:00:00+01:00,2016-02-29T05:00:00Z,2016-02-29T06:00:00+01:00,1,01:00:00,1,01:00:00,100.0,100.0,2016-02-29T04:00:00Z,2016-02-29T05:00:00+01:00,2016-02-29T05:00:00Z,2016-02-29T06:00:00+01:00
1.3,,,False,6,so2,µg/m³,,raw,01:00:00,2016-02-29T05:00:00Z,2016-02-29T06:00:00+01:00,2016-02-29T06:00:00Z,2016-02-29T07:00:00+01:00,1,01:00:00,1,01:00:00,100.0,100.0,2016-02-29T05:00:00Z,2016-02-29T06:00:00+01:00,2016-02-29T06:00:00Z,2016-02-29T07:00:00+01:00
-999.0,,,False,6,so2,µg/m³,,raw,01:00:00,2016-02-29T06:00:00Z,2016-02-29T07:00:00+01:00,2016-02-29T07:00:00Z,2016-02-29T08:00:00+01:00,1,01:00:00,1,01:00:00,100.0,100.0,2016-02-29T06:00:00Z,2016-02-29T07:00:00+01:00,2016-02-29T07:00:00Z,2016-02-29T08:00:00+01:00
1.1,,,False,6,so2,µg/m³,,raw,01:00:00,2016-02-29T07:00:00Z,2016-02-29T08:00:00+01:00,2016-02-29T08:00:00Z,2016-02-29T09:00:00+01:00,1,01:00:00,1,01:00:00,100.0,100.0,2016-02-29T07:00:00Z,2016-02-29T08:00:00+01:00,2016-02-29T08:00:00Z,2016-02-29T09:00:00+01:00
1.3,,,False,6,so2,µg/m³,,raw,01:00:00,2016-02-29T08:00:00Z,2016-02-29T09:00:00+01:00,2016-02-29T09:00:00Z,2016-02-29T10:00:00+01:00,1,01:00:00,1,01:00:00,100.0,100.0,2016-02-29T08:00:00Z,2016-02-29T09:00:00+01:00,2016-02-29T09:00:00Z,2016-02-29T10:00:00+01:00
1.0,,,False,6,so2,µg/m³,,raw,01:00:00,2016-02-29T09:00:00Z,2016-02-29T10:00:00+01:00,2016-02-29T10:00:00Z,2016-02-29T11:00:00+01:00,1,01:00:00,1,01:00:00,100.0,100.0,2016-02-29T09:00:00Z,2016-02-29T10:00:00+01:00,2016-02-29T10:00:00Z,2016-02-29T11:00:00+01:00
0.9,,,False,6,so2,µg/m³,,raw,01:00:00,2016-02-29T10:00:00Z,2016-02-29T11:00:00+01:00,2016-02-29T11:00:00Z,2016-02-29T12:00:00+01:00,1,01:00:00,1,01:00:00,100.0,100.0,2016-02-29T10:00:00Z,2016-02-29T11:00:00+01:00,2016-02-29T11:00:00Z,2016-02-29T12:00:00+01:00
0.9,,,False,6,so2,µg/m³,,raw,01:00:00,2016-02-29T11:00:00Z,2016-02-29T12:00:00+01:00,2016-02-29T12:00:00Z,2016-02-29T13:00:00+01:00,1,01:00:00,1,01:00:00,100.0,100.0,2016-02-29T11:00:00Z,2016-02-29T12:00:00+01:00,2016-02-29T12:00:00Z,2016-02-29T13:00:00+01:00
0.7,,,False,6,so2,µg/m³,,raw,01:00:00,2016-02-29T12:00:00Z,2016-02-29T13:00:00+01:00,2016-02-29T13:00:00Z,2016-02-29T14:00:00+01:00,1,01:00:00,1,01:00:00,100.0,100.0,2016-02-29T12:00:00Z,2016-02-29T13:00:00+01:00,2016-02-29T13:00:00Z,2016-02-29T14:00:00+01:00
0.6,,,False,6,so2,µg/m³,,raw,01:00:00,2016-02-29T13:00:00Z,2016-02-29T14:00:00+01:00,2016-02-29T14:00:00Z,2016-02-29T15:00:00+01:00,1,01:00:00,1,01:00:00,100.0,100.0,2016-02-29T13:00:00Z,2016-02-29T14:00:00+01:00,2016-02-29T14:00:00Z,2016-02-29T15:00:00+01:00
0.6,,,False,6,so2,µg/m³,,raw,01:00:00,2016-02-29T14:00:00Z,2016-02-29T15:00:00+01:00,2016-02-29T15:00:00Z,2016-02-29T16:00:00+01:00,1,01:00:00,1,01:00:00,100.0,100.0,2016-02-29T14:00:00Z,2016-02-29T15:00:00+01:00,2016-02-29T15:00:00Z,2016-02-29T16:00:00+01:00
0.5,,,False,6,so2,µg/m³,,raw,01:00:00,2016-02-29T15:00:00Z,2016-02-29T16:00:00+01:00,2016-02-29T16:00:00Z,2016-02-29T17:00:00+01:00,1,01:00:00,1,01:00:00,100.0,100.0,2016-02-29T15:00:00Z,2016-02-29T16:00:00+01:00,2016-02-29T16:00:00Z,2016-02-29T17:00:00+01:00
0.7,,,False,6,so2,µg/m³,,raw,01:00:00,2016-02-29T16:00:00Z,2016-02-29T17:00:00+01:00,2016-02-29T17:00:00Z,2016-02-29T18:00:00+01:00,1,01:00:00,1,01:00:00,100.0,100.0,2016-02-29T16:00:00Z,2016-02-29T17:00:00+01:00,2016-02-29T17:00:00Z,2016-02-29T18:00:00+01:00
2.0,,,False,6,so2,µg/m³,,raw,01:00:00,2016-02-29T17:00:00Z,2016-02-29T18:00:00+01:00,2016-02-29T18:00:00Z,2016-02-29T19:00:00+01:00,1,01:00:00,1,01:00:00,100.0,100.0,2016-02-29T17:00:00Z,2016-02-29T18:00:00+01:00,2016-02-29T18:00:00Z,2016-02-29T19:00:00+01:00
1.8,,,False,6,so2,µg/m³,,raw,01:00:00,2016-02-29T18:00:00Z,2016-02-29T19:00:00+01:00,2016-02-29T19:00:00Z,2016-02-29T20:00:00+01:00,1,01:00:00,1,01:00:00,100.0,100.0,2016-02-29T18:00:00Z,2016-02-29T19:00:00+01:00,2016-02-29T19:00:00Z,2016-02-29T20:00:00+01:00
1.5,,,False,6,so2,µg/m³,,raw,01:00:00,2016-02-29T19:00:00Z,2016-02-29T20:00:00+01:00,2016-02-29T20:00:00Z,2016-02-29T21:00:00+01:00,1,01:00:00,1,01:00:00,100.0,100.0,2016-02-29T19:00:00Z,2016-02-29T20:00:00+01:00,2016-02-29T20:00:00Z,2016-02-29T21:00:00+01:00
0.6,,,False,6,so2,µg/m³,,raw,01:00:00,2016-02-29T20:00:00Z,2016-02-29T21:00:00+01:00,2016-02-29T21:00:00Z,2016-02-29T22:00:00+01:00,1,01:00:00,1,01:00:00,100.0,100.0,2016-02-29T20:00:00Z,2016-02-29T21:00:00+01:00,2016-02-29T21:00:00Z,2016-02-29T22:00:00+01:00
-999.0,,,False,6,so2,µg/m³,,raw,01:00:00,2016-02-29T21:00:00Z,2016-02-29T22:00:00+01:00,2016-02-29T22:00:00Z,2016-02-29T23:00:00+01:00,1,01:00:00,1,01:00:00,100.0,100.0,2016-02-29T21:00:00Z,2016-02-29T22:00:00+01:00,2016-02-29T22:00:00Z,2016-02-29T23:00:00+01:00
1.1,,,False,6,so2,µg/m³,,raw,01:00:00,2016-03-06T18:00:00Z,2016-03-06T19:00:00+01:00,2016-03-06T19:00:00Z,2016-03-06T20:00:00+01:00,1,01:00:00,1,01:00:00,100.0,100.0,2016-03-06T18:00:00Z,2016-03-06T19:00:00+01:00,2016-03-06T19:00:00Z,2016-03-06T20:00:00+01:00
0.6,,,False,6,so2,µg/m³,,raw,01:00:00,2016-03-06T19:00:00Z,2016-03-06T20:00:00+01:00,2016-03-06T20:00:00Z,2016-03-06T21:00:00+01:00,1,01:00:00,1,01:00:00,100.0,100.0,2016-03-06T19:00:00Z,2016-03-06T20:00:00+01:00,2016-03-06T20:00:00Z,2016-03-06T21:00:00+01:00
1.0,,,False,6,so2,µg/m³,,raw,01:00:00,2016-03-06T20:00:00Z,2016-03-06T21:00:00+01:00,2016-03-06T21:00:00Z,2016-03-06T22:00:00+01:00,1,01:00:00,1,01:00:00,100.0,100.0,2016-03-06T20:00:00Z,2016-03-06T21:00:00+01:00,2016-03-06T21:00:00Z,2016-03-06T22:00:00+01:00
-999.0,,,False,6,so2,µg/m³,,raw,01:00:00,2016-03-06T21:00:00Z,2016-03-06T22:00:00+01:00,2016-03-06T22:00:00Z,2016-03-06T23:00:00+01:00,1,01:00:00,1,01:00:00,100.0,100.0,2016-03-06T21:00:00Z,2016-03-06T22:00:00+01:00,2016-03-06T22:00:00Z,2016-03-06T23:00:00+01:00
0.6,,,False,6,so2,µg/m³,,raw,01:00:00,2016-03-06T22:00:00Z,2016-03-06T23:00:00+01:00,2016-03-06T23:00:00Z,2016-03-07T00:00:00+01:00,1,01:00:00,1,01:00:00,100.0,100.0,2016-03-06T22:00:00Z,2016-03-06T23:00:00+01:00,2016-03-06T23:00:00Z,2016-03-07T00:00:00+01:00
0.7,,,False,6,so2,µg/m³,,raw,01:00:00,2016-03-06T23:00:00Z,2016-03-07T00:00:00+01:00,2016-03-07T00:00:00Z,2016-03-07T01:00:00+01:00,1,01:00:00,1,01:00:00,100.0,100.0,2016-03-06T23:00:00Z,2016-03-07T00:00:00+01:00,2016-03-07T00:00:00Z,2016-03-07T01:00:00+01:00
1.1,,,False,6,so2,µg/m³,,raw,01:00:00,2016-03-07T00:00:00Z,2016-03-07T01:00:00+01:00,2016-03-07T01:00:00Z,2016-03-07T02:00:00+01:00,1,01:00:00,1,01:00:00,100.0,100.0,2016-03-07T00:00:00Z,2016-03-07T01:00:00+01:00,2016-03-07T01:00:00Z,2016-03-07T02:00:00+01:00
1.3,,,False,6,so2,µg/m³,,raw,01:00:00,2016-03-07T01:00:00Z,2016-03-07T02:00:00+01:00,2016-03-07T02:00:00Z,2016-03-07T03:00:00+01:00,1,01:00:00,1,01:00:00,100.0,100.0,2016-03-07T01:00:00Z,2016-03-07T02:00:00+01:00,2016-03-07T02:00:00Z,2016-03-07T03:00:00+01:00
0.5,,,False,6,so2,µg/m³,,raw,01:00:00,2016-03-07T02:00:00Z,2016-03-07T03:00:00+01:00,2016-03-07T03:00:00Z,2016-03-07T04:00:00+01:00,1,01:00:00,1,01:00:00,100.0,100.0,2016-03-07T02:00:00Z,2016-03-07T03:00:00+01:00,2016-03-07T03:00:00Z,2016-03-07T04:00:00+01:00
-999.0,,,False,6,so2,µg/m³,,raw,01:00:00,2016-03-07T03:00:00Z,2016-03-07T04:00:00+01:00,2016-03-07T04:00:00Z,2016-03-07T05:00:00+01:00,1,01:00:00,1,01:00:00,100.0,100.0,2016-03-07T03:00:00Z,2016-03-07T04:00:00+01:00,2016-03-07T04:00:00Z,2016-03-07T05:00:00+01:00
0.3,,,False,6,so2,µg/m³,,raw,01:00:00,2016-03-07T04:00:00Z,2016-03-07T05:00:00+01:00,2016-03-07T05:00:00Z,2016-03-07T06:00:00+01:00,1,01:00:00,1,01:00:00,100.0,100.0,2016-03-07T04:00:00Z,2016-03-07T05:00:00+01:00,2016-03-07T05:00:00Z,2016-03-07T06:00:00+01:00
0.3,,,False,6,so2,µg/m³,,raw,01:00:00,2016-03-07T05:00:00Z,2016-03-07T06:00:00+01:00,2016-03-07T06:00:00Z,2016-03-07T07:00:00+01:00,1,01:00:00,1,01:00:00,100.0,100.0,2016-03-07T05:00:00Z,2016-03-07T06:00:00+01:00,2016-03-07T06:00:00Z,2016-03-07T07:00:00+01:00
0.5,,,False,6,so2,µg/m³,,raw,01:00:00,2016-03-07T06:00:00Z,2016-03-07T07:00:00+01:00,2016-03-07T07:00:00Z,2016-03-07T08:00:00+01:00,1,01:00:00,1,01:00:00,100.0,100.0,2016-03-07T06:00:00Z,2016-03-07T07:00:00+01:00,2016-03-07T07:00:00Z,2016-03-07T08:00:00+01:00
0.7,,,False,6,so2,µg/m³,,raw,01:00:00,2016-03-07T07:00:00Z,2016-03-07T08:00:00+01:00,2016-03-07T08:00:00Z,2016-03-07T09:00:00+01:00,1,01:00:00,1,01:00:00,100.0,100.0,2016-03-07T07:00:00Z,2016-03-07T08:00:00+01:00,2016-03-07T08:00:00Z,2016-03-07T09:00:00+01:00
0.9,,,False,6,so2,µg/m³,,raw,01:00:00,2016-03-07T08:00:00Z,2016-03-07T09:00:00+01:00,2016-03-07T09:00:00Z,2016-03-07T10:00:00+01:00,1,01:00:00,1,01:00:00,100.0,100.0,2016-03-07T08:00:00Z,2016-03-07T09:00:00+01:00,2016-03-07T09:00:00Z,2016-03-07T10:00:00+01:00
0.8,,,False,6,so2,µg/m³,,raw,01:00:00,2016-03-07T09:00:00Z,2016-03-07T10:00:00+01:00,2016-03-07T10:00:00Z,2016-03-07T11:00:00+01:00,1,01:00:00,1,01:00:00,100.0,100.0,2016-03-07T09:00:00Z,2016-03-07T10:00:00+01:00,2016-03-07T10:00:00Z,2016-03-07T11:00:00+01:00
0.9,,,False,6,so2,µg/m³,,raw,01:00:00,2016-03-07T10:00:00Z,2016-03-07T11:00:00+01:00,2016-03-07T11:00:00Z,2016-03-07T12:00:00+01:00,1,01:00:00,1,01:00:00,100.0,100.0,2016-03-07T10:00:00Z,2016-03-07T11:00:00+01:00,2016-03-07T11:00:00Z,2016-03-07T12:00:00+01:00
2.3,,,False,6,so2,µg/m³,,raw,01:00:00,2016-03-07T11:00:00Z,2016-03-07T12:00:00+01:00,2016-03-07T12:00:00Z,2016-03-07T13:00:00+01:00,1,01:00:00,1,01:00:00,100.0,100.0,2016-03-07T11:00:00Z,2016-03-07T12:00:00+01:00,2016-03-07T12:00:00Z,2016-03-07T13:00:00+01:00
1.2,,,False,6,so2,µg/m³,,raw,01:00:00,2016-03-07T12:00:00Z,2016-03-07T13:00:00+01:00,2016-03-07T13:00:00Z,2016-03-07T14:00:00+01:00,1,01:00:00,1,01:00:00,100.0,100.0,2016-03-07T12:00:00Z,2016-03-07T13:00:00+01:00,2016-03-07T13:00:00Z,2016-03-07T14:00:00+01:00
0.9,,,False,6,so2,µg/m³,,raw,01:00:00,2016-03-07T13:00:00Z,2016-03-07T14:00:00+01:00,2016-03-07T14:00:00Z,2016-03-07T15:00:00+01:00,1,01:00:00,1,01:00:00,100.0,100.0,2016-03-07T13:00:00Z,2016-03-07T14:00:00+01:00,2016-03-07T14:00:00Z,2016-03-07T15:00:00+01:00
0.7,,,False,6,so2,µg/m³,,raw,01:00:00,2016-03-07T14:00:00Z,2016-03-07T15:00:00+01:00,2016-03-07T15:00:00Z,2016-03-07T16:00:00+01:00,1,01:00:00,1,01:00:00,100.0,100.0,2016-03-07T14:00:00Z,2016-03-07T15:00:00+01:00,2016-03-07T15:00:00Z,2016-03-07T16:00:00+01:00
2.3,,,False,6,so2,µg/m³,,raw,01:00:00,2016-03-07T15:00:00Z,2016-03-07T16:00:00+01:00,2016-03-07T16:00:00Z,2016-03-07T17:00:00+01:00,1,01:00:00,1,01:00:00,100.0,100.0,2016-03-07T15:00:00Z,2016-03-07T16:00:00+01:00,2016-03-07T16:00:00Z,2016-03-07T17:00:00+01:00
6.6,,,False,6,so2,µg/m³,,raw,01:00:00,2016-03-07T16:00:00Z,2016-03-07T17:00:00+01:00,2016-03-07T17:00:00Z,2016-03-07T18:00:00+01:00,1,01:00:00,1,01:00:00,100.0,100.0,2016-03-07T16:00:00Z,2016-03-07T17:00:00+01:00,2016-03-07T17:00:00Z,2016-03-07T18:00:00+01:00
1.4,,,False,6,so2,µg/m³,,raw,01:00:00,2016-03-07T17:00:00Z,2016-03-07T18:00:00+01:00,2016-03-07T18:00:00Z,2016-03-07T19:00:00+01:00,1,01:00:00,1,01:00:00,100.0,100.0,2016-03-07T17:00:00Z,2016-03-07T18:00:00+01:00,2016-03-07T18:00:00Z,2016-03-07T19:00:00+01:00
-999.0,,,False,6,so2,µg/m³,,raw,01:00:00,2016-03-07T18:00:00Z,2016-03-07T19:00:00+01:00,2016-03-07T19:00:00Z,2016-03-07T20:00:00+01:00,1,01:00:00,1,01:00:00,100.0,100.0,2016-03-07T18:00:00Z,2016-03-07T19:00:00+01:00,2016-03-07T19:00:00Z,2016-03-07T20:00:00+01:00
0.8,,,False,6,so2,µg/m³,,raw,01:00:00,2016-03-07T19:00:00Z,2016-03-07T20:00:00+01:00,2016-03-07T20:00:00Z,2016-03-07T21:00:00+01:00,1,01:00:00,1,01:00:00,100.0,100.0,2016-03-07T19:00:00Z,2016-03-07T20:00:00+01:00,2016-03-07T20:00:00Z,2016-03-07T21:00:00+01:00
1.1,,,False,6,so2,µg/m³,,raw,01:00:00,2016-03-07T20:00:00Z,2016-03-07T21:00:00+01:00,2016-03-07T21:00:00Z,2016-03-07T22:00:00+01:00,1,01:00:00,1,01:00:00,100.0,100.0,2016-03-07T20:00:00Z,2016-03-07T21:00:00+01:00,2016-03-07T21:00:00Z,2016-03-07T22:00:00+01:00
-999.0,,,False,6,so2,µg/m³,,raw,01:00:00,2016-03-07T21:00:00Z,2016-03-07T22:00:00+01:00,2016-03-07T22:00:00Z,2016-03-07T23:00:00+01:00,1,01:00:00,1,01:00:00,100.0,100.0,2016-03-07T21:00:00Z,2016-03-07T22:00:00+01:00,2016-03-07T22:00:00Z,2016-03-07T23:00:00+01:00
0.6,,,False,6,so2,µg/m³,,raw,01:00:00,2016-03-07T22:00:00Z,2016-03-07T23:00:00+01:00,2016-03-07T23:00:00Z,2016-03-08T00:00:00+01:00,1,01:00:00,1,01:00:00,100.0,100.0,2016-03-07T22:00:00Z,2016-03-07T23:00:00+01:00,2016-03-07T23:00:00Z,2016-03-08T00:00:00+01:00
0.6,,,False,6,so2,µg/m³,,raw,01:00:00,2016-03-07T23:00:00Z,2016-03-08T00:00:00+01:00,2016-03-08T00:00:00Z,2016-03-08T01:00:00+01:00,1,01:00:00,1,01:00:00,100.0,100.0,2016-03-07T23:00:00Z,2016-03-08T00:00:00+01:00,2016-03-08T00:00:00Z,2016-03-08T01:00:00+01:00
0.6,,,False,6,so2,µg/m³,,raw,01:00:00,2016-03-08T00:00:00Z,2016-03-08T01:00:00+01:00,2016-03-08T01:00:00Z,2016-03-08T02:00:00+01:00,1,01:00:00,1,01:00:00,100.0,100.0,2016-03-08T00:00:00Z,2016-03-08T01:00:00+01:00,2016-03-08T01:00:00Z,2016-03-08T02:00:00+01:00
0.8,,,False,6,so2,µg/m³,,raw,01:00:00,2016-03-08T01:00:00Z,2016-03-08T02:00:00+01:00,2016-03-08T02:00:00Z,2016-03-08T03:00:00+01:00,1,01:00:00,1,01:00:00,100.0,100.0,2016-03-08T01:00:00Z,2016-03-08T02:00:00+01:00,2016-03-08T02:00:00Z,2016-03-08T03:00:00+01:00
0.4,,,False,6,so2,µg/m³,,raw,01:00:00,2016-03-08T02:00:00Z,2016-03-08T03:00:00+01:00,2016-03-08T03:00:00Z,2016-03-08T04:00:00+01:00,1,01:00:00,1,01:00:00,100.0,100.0,2016-03-08T02:00:00Z,2016-03-08T03:00:00+01:00,2016-03-08T03:00:00Z,2016-03-08T04:00:00+01:00
0.5,,,False,6,so2,µg/m³,,raw,01:00:00,2016-03-08T03:00:00Z,2016-03-08T04:00:00+01:00,2016-03-08T04:00:00Z,2016-03-08T05:00:00+01:00,1,01:00:00,1,01:00:00,100.0,100.0,2016-03-08T03:00:00Z,2016-03-08T04:00:00+01:00,2016-03-08T04:00:00Z,2016-03-08T05:00:00+01:00
0.3,,,False,6,so2,µg/m³,,raw,01:00:00,2016-03-08T04:00:00Z,2016-03-08T05:00:00+01:00,2016-03-08T05:00:00Z,2016-03-08T06:00:00+01:00,1,01:00:00,1,01:00:00,100.0,100.0,2016-03-08T04:00:00Z,2016-03-08T05:00:00+01:00,2016-03-08T05:00:00Z,2016-03-08T06:00:00+01:00
0.6,,,False,6,so2,µg/m³,,raw,01:00:00,2016-03-08T05:00:00Z,2016-03-08T06:00:00+01:00,2016-03-08T06:00:00Z,2016-03-08T07:00:00+01:00,1,01:00:00,1,01:00:00,100.0,100.0,2016-03-08T05:00:00Z,2016-03-08T06:00:00+01:00,2016-03-08T06:00:00Z,2016-03-08T07:00:00+01:00
1.1,,,False,6,so2,µg/m³,,raw,01:00:00,2016-03-08T06:00:00Z,2016-03-08T07:00:00+01:00,2016-03-08T07:00:00Z,2016-03-08T08:00:00+01:00,1,01:00:00,1,01:00:00,100.0,100.0,2016-03-08T06:00:00Z,2016-03-08T07:00:00+01:00,2016-03-08T07:00:00Z,2016-03-08T08:00:00+01:00
1.1,,,False,6,so2,µg/m³,,raw,01:00:00,2016-03-08T07:00:00Z,2016-03-08T08:00:00+01:00,2016-03-08T08:00:00Z,2016-03-08T09:00:00+01:00,1,01:00:00,1,01:00:00,100.0,100.0,2016-03-08T07:00:00Z,2016-03-08T08:00:00+01:00,2016-03-08T08:00:00Z,2016-03-08T09:00:00+01:00
0.8,,,False,6,so2,µg/m³,,raw,01:00:00,2016-03-08T08:00:00Z,2016-03-08T09:00:00+01:00,2016-03-08T09:00:00Z,2016-03-08T10:00:00+01:00,1,01:00:00,1,01:00:00,100.0,100.0,2016-03-08T08:00:00Z,2016-03-08T09:00:00+01:00,2016-03-08T09:00:00Z,2016-03-08T10:00:00+01:00
-999.0,,,False,6,so2,µg/m³,,raw,01:00:00,2016-03-08T09:00:00Z,2016-03-08T10:00:00+01:00,2016-03-08T10:00:00Z,2016-03-08T11:00:00+01:00,1,01:00:00,1,01:00:00,100.0,100.0,2016-03-08T09:00:00Z,2016-03-08T10:00:00+01:00,2016-03-08T10:00:00Z,2016-03-08T11:00:00+01:00
0.6,,,False,6,so2,µg/m³,,raw,01:00:00,2016-03-08T10:00:00Z,2016-03-08T11:00:00+01:00,2016-03-08T11:00:00Z,2016-03-08T12:00:00+01:00,1,01:00:00,1,01:00:00,100.0,100.0,2016-03-08T10:00:00Z,2016-03-08T11:00:00+01:00,2016-03-08T11:00:00Z,2016-03-08T12:00:00+01:00
0.8,,,False,6,so2,µg/m³,,raw,01:00:00,2016-03-08T11:00:00Z,2016-03-08T12:00:00+01:00,2016-03-08T12:00:00Z,2016-03-08T13:00:00+01:00,1,01:00:00,1,01:00:00,100.0,100.0,2016-03-08T11:00:00Z,2016-03-08T12:00:00+01:00,2016-03-08T12:00:00Z,2016-03-08T13:00:00+01:00
0.3,,,False,6,so2,µg/m³,,raw,01:00:00,2016-03-08T12:00:00Z,2016-03-08T13:00:00+01:00,2016-03-08T13:00:00Z,2016-03-08T14:00:00+01:00,1,01:00:00,1,01:00:00,100.0,100.0,2016-03-08T12:00:00Z,2016-03-08T13:00:00+01:00,2016-03-08T13:00:00Z,2016-03-08T14:00:00+01:00
0.4,,,False,6,so2,µg/m³,,raw,01:00:00,2016-03-08T13:00:00Z,2016-03-08T14:00:00+01:00,2016-03-08T14:00:00Z,2016-03-08T15:00:00+01:00,1,01:00:00,1,01:00:00,100.0,100.0,2016-03-08T13:00:00Z,2016-03-08T14:00:00+01:00,2016-03-08T14:00:00Z,2016-03-08T15:00:00+01:00
0.5,,,False,6,so2,µg/m³,,raw,01:00:00,2016-03-08T14:00:00Z,2016-03-08T15:00:00+01:00,2016-03-08T15:00:00Z,2016-03-08T16:00:00+01:00,1,01:00:00,1,01:00:00,100.0,100.0,2016-03-08T14:00:00Z,2016-03-08T15:00:00+01:00,2016-03-08T15:00:00Z,2016-03-08T16:00:00+01:00
0.3,,,False,6,so2,µg/m³,,raw,01:00:00,2016-03-08T15:00:00Z,2016-03-08T16:00:00+01:00,2016-03-08T16:00:00Z,2016-03-08T17:00:00+01:00,1,01:00:00,1,01:00:00,100.0,100.0,2016-03-08T15:00:00Z,2016-03-08T16:00:00+01:00,2016-03-08T16:00:00Z,2016-03-08T17:00:00+01:00
0.3,,,False,6,so2,µg/m³,,raw,01:00:00,2016-03-08T16:00:00Z,2016-03-08T17:00:00+01:00,2016-03-08T17:00:00Z,2016-03-08T18:00:00+01:00,1,01:00:00,1,01:00:00,100.0,100.0,2016-03-08T16:00:00Z,2016-03-08T17:00:00+01:00,2016-03-08T17:00:00Z,2016-03-08T18:00:00+01:00
0.5,,,False,6,so2,µg/m³,,raw,01:00:00,2016-03-08T17:00:00Z,2016-03-08T18:00:00+01:00,2016-03-08T18:00:00Z,2016-03-08T19:00:00+01:00,1,01:00:00,1,01:00:00,100.0,100.0,2016-03-08T17:00:00Z,2016-03-08T18:00:00+01:00,2016-03-08T18:00:00Z,2016-03-08T19:00:00+01:00
1.1,,,False,6,so2,µg/m³,,raw,01:00:00,2016-03-08T18:00:00Z,2016-03-08T19:00:00+01:00,2016-03-08T19:00:00Z,2016-03-08T20:00:00+01:00,1,01:00:00,1,01:00:00,100.0,100.0,2016-03-08T18:00:00Z,2016-03-08T19:00:00+01:00,2016-03-08T19:00:00Z,2016-03-08T20:00:00+01:00
1.0,,,False,6,so2,µg/m³,,raw,01:00:00,2016-03-08T19:00:00Z,2016-03-08T20:00:00+01:00,2016-03-08T20:00:00Z,2016-03-08T21:00:00+01:00,1,01:00:00,1,01:00:00,100.0,100.0,2016-03-08T19:00:00Z,2016-03-08T20:00:00+01:00,2016-03-08T20:00:00Z,2016-03-08T21:00:00+01:00
0.6,,,False,6,so2,µg/m³,,raw,01:00:00,2016-03-08T20:00:00Z,2016-03-08T21:00:00+01:00,2016-03-08T21:00:00Z,2016-03-08T22:00:00+01:00,1,01:00:00,1,01:00:00,100.0,100.0,2016-03-08T20:00:00Z,2016-03-08T21:00:00+01:00,2016-03-08T21:00:00Z,2016-03-08T22:00:00+01:00
-999.0,,,False,6,so2,µg/m³,,raw,01:00:00,2016-03-08T21:00:00Z,2016-03-08T22:00:00+01:00,2016-03-08T22:00:00Z,2016-03-08T23:00:00+01:00,1,01:00:00,1,01:00:00,100.0,100.0,2016-03-08T21:00:00Z,2016-03-08T22:00:00+01:00,2016-03-08T22:00:00Z,2016-03-08T23:00:00+01:00
0.7,,,False,6,so2,µg/m³,,raw,01:00:00,2016-03-08T22:00:00Z,2016-03-08T23:00:00+01:00,2016-03-08T23:00:00Z,2016-03-09T00:00:00+01:00,1,01:00:00,1,01:00:00,100.0,100.0,2016-03-08T22:00:00Z,2016-03-08T23:00:00+01:00,2016-03-08T23:00:00Z,2016-03-09T00:00:00+01:00
0.8,,,False,6,so2,µg/m³,,raw,01:00:00,2016-03-08T23:00:00Z,2016-03-09T00:00:00+01:00,2016-03-09T00:00:00Z,2016-03-09T01:00:00+01:00,1,01:00:00,1,01:00:00,100.0,100.0,2016-03-08T23:00:00Z,2016-03-09T00:00:00+01:00,2016-03-09T00:00:00Z,2016-03-09T01:00:00+01:00
-999.0,,,False,6,so2,µg/m³,,raw,01:00:00,2016-03-09T00:00:00Z,2016-03-09T01:00:00+01:00,2016-03-09T01:00:00Z,2016-03-09T02:00:00+01:00,1,01:00:00,1,01:00:00,100.0,100.0,2016-03-09T00:00:00Z,2016-03-09T01:00:00+01:00,2016-03-09T01:00:00Z,2016-03-09T02:00:00+01:00
0.9,,,False,6,so2,µg/m³,,raw,01:00:00,2016-03-09T01:00:00Z,2016-03-09T02:00:00+01:00,2016-03-09T02:00:00Z,2016-03-09T03:00:00+01:00,1,01:00:00,1,01:00:00,100.0,100.0,2016-03-09T01:00:00Z,2016-03-09T02:00:00+01:00,2016-03-09T02:00:00Z,2016-03-09T03:00:00+01:00
0.8,,,False,6,so2,µg/m³,,raw,01:00:00,2016-03-09T02:00:00Z,2016-03-09T03:00:00+01:00,2016-03-09T03:00:00Z,2016-03-09T04:00:00+01:00,1,01:00:00,1,01:00:00,100.0,100.0,2016-03-09T02:00:00Z,2016-03-09T03:00:00+01:00,2016-03-09T03:00:00Z,2016-03-09T04:00:00+01:00
0.8,,,False,6,so2,µg/m³,,raw,01:00:00,2016-03-09T03:00:00Z,2016-03-09T04:00:00+01:00,2016-03-09T04:00:00Z,2016-03-09T05:00:00+01:00,1,01:00:00,1,01:00:00,100.0,100.0,2016-03-09T03:00:00Z,2016-03-09T04:00:00+01:00,2016-03-09T04:00:00Z,2016-03-09T05:00:00+01:00
0.7,,,False,6,so2,µg/m³,,raw,01:00:00,2016-03-09T04:00:00Z,2016-03-09T05:00:00+01:00,2016-03-09T05:00:00Z,2016-03-09T06:00:00+01:00,1,01:00:00,1,01:00:00,100.0,100.0,2016-03-09T04:00:00Z,2016-03-09T05:00:00+01:00,2016-03-09T05:00:00Z,2016-03-09T06:00:00+01:00
0.6,,,False,6,so2,µg/m³,,raw,01:00:00,2016-03-09T05:00:00Z,2016-03-09T06:00:00+01:00,2016-03-09T06:00:00Z,2016-03-09T07:00:00+01:00,1,01:00:00,1,01:00:00,100.0,100.0,2016-03-09T05:00:00Z,2016-03-09T06:00:00+01:00,2016-03-09T06:00:00Z,2016-03-09T07:00:00+01:00
0.5,,,False,6,so2,µg/m³,,raw,01:00:00,2016-03-09T06:00:00Z,2016-03-09T07:00:00+01:00,2016-03-09T07:00:00Z,2016-03-09T08:00:00+01:00,1,01:00:00,1,01:00:00,100.0,100.0,2016-03-09T06:00:00Z,2016-03-09T07:00:00+01:00,2016-03-09T07:00:00Z,2016-03-09T08:00:00+01:00
0.5,,,False,6,so2,µg/m³,,raw,01:00:00,2016-03-09T07:00:00Z,2016-03-09T08:00:00+01:00,2016-03-09T08:00:00Z,2016-03-09T09:00:00+01:00,1,01:00:00,1,01:00:00,100.0,100.0,2016-03-09T07:00:00Z,2016-03-09T08:00:00+01:00,2016-03-09T08:00:00Z,2016-03-09T09:00:00+01:00
0.5,,,False,6,so2,µg/m³,,raw,01:00:00,2016-03-09T08:00:00Z,2016-03-09T09:00:00+01:00,2016-03-09T09:00:00Z,2016-03-09T10:00:00+01:00,1,01:00:00,1,01:00:00,100.0,100.0,2016-03-09T08:00:00Z,2016-03-09T09:00:00+01:00,2016-03-09T09:00:00Z,2016-03-09T10:00:00+01:00
0.5,,,False,6,so2,µg/m³,,raw,01:00:00,2016-03-09T09:00:00Z,2016-03-09T10:00:00+01:00,2016-03-09T10:00:00Z,2016-03-09T11:00:00+01:00,1,01:00:00,1,01:00:00,100.0,100.0,2016-03-09T09:00:00Z,2016-03-09T10:00:00+01:00,2016-03-09T10:00:00Z,2016-03-09T11:00:00+01:00
0.6,,,False,6,so2,µg/m³,,raw,01:00:00,2016-03-09T10:00:00Z,2016-03-09T11:00:00+01:00,2016-03-09T11:00:00Z,2016-03-09T12:00:00+01:00,1,01:00:00,1,01:00:00,100.0,100.0,2016-03-09T10:00:00Z,2016-03-09T11:00:00+01:00,2016-03-09T11:00:00Z,2016-03-09T12:00:00+01:00
-999.0,,,False,6,so2,µg/m³,,raw,01:00:00,2016-03-09T11:00:00Z,2016-03-09T12:00:00+01:00,2016-03-09T12:00:00Z,2016-03-09T13:00:00+01:00,1,01:00:00,1,01:00:00,100.0,100.0,2016-03-09T11:00:00Z,2016-03-09T12:00:00+01:00,2016-03-09T12:00:00Z,2016-03-09T13:00:00+01:00
1.1,,,False,6,so2,µg/m³,,raw,01:00:00,2016-03-09T12:00:00Z,2016-03-09T13:00:00+01:00,2016-03-09T13:00:00Z,2016-03-09T14:00:00+01:00,1,01:00:00,1,01:00:00,100.0,100.0,2016-03-09T12:00:00Z,2016-03-09T13:00:00+01:00,2016-03-09T13:00:00Z,2016-03-09T14:00:00+01:00
0.8,,,False,6,so2,µg/m³,,raw,01:00:00,2016-03-09T13:00:00Z,2016-03-09T14:00:00+01:00,2016-03-09T14:00:00Z,2016-03-09T15:00:00+01:00,1,01:00:00,1,01:00:00,100.0,100.0,2016-03-09T13:00:00Z,2016-03-09T14:00:00+01:00,2016-03-09T14:00:00Z,2016-03-09T15:00:00+01:00
1.4,,,False,6,so2,µg/m³,,raw,01:00:00,2016-03-09T14:00:00Z,2016-03-09T15:00:00+01:00,2016-03-09T15:00:00Z,2016-03-09T16:00:00+01:00,1,01:00:00,1,01:00:00,100.0,100.0,2016-03-09T14:00:00Z,2016-03-09T15:00:00+01:00,2016-03-09T15:00:00Z,2016-03-09T16:00:00+01:00
-999.0,,,False,6,so2,µg/m³,,raw,01:00:00,2016-03-09T15:00:00Z,2016-03-09T16:00:00+01:00,2016-03-09T16:00:00Z,2016-03-09T17:00:00+01:00,1,01:00:00,1,01:00:00,100.0,100.0,2016-03-09T15:00:00Z,2016-03-09T16:00:00+01:00,2016-03-09T16:00:00Z,2016-03-09T17:00:00+01:00
1.4,,,False,6,so2,µg/m³,,raw,01:00:00,2016-03-09T16:00:00Z,2016-03-09T17:00:00+01:00,2016-03-09T17:00:00Z,2016-03-09T18:00:00+01:00,1,01:00:00,1,01:00:00,100.0,100.0,2016-03-09T16:00:00Z,2016-03-09T17:00:00+01:00,2016-03-09T17:00:00Z,2016-03-09T18:00:00+01:00
1.1,,,False,6,so2,µg/m³,,raw,01:00:00,2016-03-09T17:00:00Z,2016-03-09T18:00:00+01:00,2016-03-09T18:00:00Z,2016-03-09T19:00:00+01:00,1,01:00:00,1,01:00:00,100.0,100.0,2016-03-09T17:00:00Z,2016-03-09T18:00:00+01:00,2016-03-09T18:00:00Z,2016-03-09T19:00:00+01:00
2.4,,,False,6,so2,µg/m³,,raw,01:00:00,2016-03-09T18:00:00Z,2016-03-09T19:00:00+01:00,2016-03-09T19:00:00Z,2016-03-09T20:00:00+01:00,1,01:00:00,1,01:00:00,100.0,100.0,2016-03-09T18:00:00Z,2016-03-09T19:00:00+01:00,2016-03-09T19:00:00Z,2016-03-09T20:00:00+01:00
2.7,,,False,6,so2,µg/m³,,raw,01:00:00,2016-03-09T19:00:00Z,2016-03-09T20:00:00+01:00,2016-03-09T20:00:00Z,2016-03-09T21:00:00+01:00,1,01:00:00,1,01:00:00,100.0,100.0,2016-03-09T19:00:00Z,2016-03-09T20:00:00+01:00,2016-03-09T20:00:00Z,2016-03-09T21:00:00+01:00
2.0,,,False,6,so2,µg/m³,,raw,01:00:00,2016-03-09T20:00:00Z,2016-03-09T21:00:00+01:00,2016-03-09T21:00:00Z,2016-03-09T22:00:00+01:00,1,01:00:00,1,01:00:00,100.0,100.0,2016-03-09T20:00:00Z,2016-03-09T21:00:00+01:00,2016-03-09T21:00:00Z,2016-03-09T22:00:00+01:00
-999.0,,,False,6,so2,µg/m³,,raw,01:00:00,2016-03-09T21:00:00Z,2016-03-09T22:00:00+01:00,2016-03-09T22:00:00Z,2016-03-09T23:00:00+01:00,1,01:00:00,1,01:00:00,100.0,100.0,2016-03-09T21:00:00Z,2016-03-09T22:00:00+01:00,2016-03-09T22:00:00Z,2016-03-09T23:00:00+01:00
1.4,,,False,6,so2,µg/m³,,raw,01:00:00,2016-03-09T22:00:00Z,2016-03-09T23:00:00+01:00,2016-03-09T23:00:00Z,2016-03-10T00:00:00+01:00,1,01:00:00,1,01:00:00,100.0,100.0,2016-03-09T22:00:00Z,2016-03-09T23:00:00+01:00,2016-03-09T23:00:00Z,2016-03-10T00:00:00+01:00
1.5,,,False,6,so2,µg/m³,,raw,01:00:00,2016-03-09T23:00:00Z,2016-03-10T00:00:00+01:00,2016-03-10T00:00:00Z,2016-03-10T01:00:00+01:00,1,01:00:00,1,01:00:00,100.0,100.0,2016-03-09T23:00:00Z,2016-03-10T00:00:00+01:00,2016-03-10T00:00:00Z,2016-03-10T01:00:00+01:00
1.9,,,False,6,so2,µg/m³,,raw,01:00:00,2016-03-10T00:00:00Z,2016-03-10T01:00:00+01:00,2016-03-10T01:00:00Z,2016-03-10T02:00:00+01:00,1,01:00:00,1,01:00:00,100.0,100.0,2016-03-10T00:00:00Z,2016-03-10T01:00:00+01:00,2016-03-10T01:00:00Z,2016-03-10T02:00:00+01:00
0.9,,,False,6,so2,µg/m³,,raw,01:00:00,2016-03-10T01:00:00Z,2016-03-10T02:00:00+01:00,2016-03-10T02:00:00Z,2016-03-10T03:00:00+01:00,1,01:00:00,1,01:00:00,100.0,100.0,2016-03-10T01:00:00Z,2016-03-10T02:00:00+01:00,2016-03-10T02:00:00Z,2016-03-10T03:00:00+01:00
0.6,,,False,6,so2,µg/m³,,raw,01:00:00,2016-03-10T02:00:00Z,2016-03-10T03:00:00+01:00,2016-03-10T03:00:00Z,2016-03-10T04:00:00+01:00,1,01:00:00,1,01:00:00,100.0,100.0,2016-03-10T02:00:00Z,2016-03-10T03:00:00+01:00,2016-03-10T03:00:00Z,2016-03-10T04:00:00+01:00
0.4,,,False,6,so2,µg/m³,,raw,01:00:00,2016-03-10T03:00:00Z,2016-03-10T04:00:00+01:00,2016-03-10T04:00:00Z,2016-03-10T05:00:00+01:00,1,01:00:00,1,01:00:00,100.0,100.0,2016-03-10T03:00:00Z,2016-03-10T04:00:00+01:00,2016-03-10T04:00:00Z,2016-03-10T05:00:00+01:00
0.3,,,False,6,so2,µg/m³,,raw,01:00:00,2016-03-10T04:00:00Z,2016-03-10T05:00:00+01:00,2016-03-10T05:00:00Z,2016-03-10T06:00:00+01:00,1,01:00:00,1,01:00:00,100.0,100.0,2016-03-10T04:00:00Z,2016-03-10T05:00:00+01:00,2016-03-10T05:00:00Z,2016-03-10T06:00:00+01:00
0.5,,,False,6,so2,µg/m³,,raw,01:00:00,2016-03-10T05:00:00Z,2016-03-10T06:00:00+01:00,2016-03-10T06:00:00Z,2016-03-10T07:00:00+01:00,1,01:00:00,1,01:00:00,100.0,100.0,2016-03-10T05:00:00Z,2016-03-10T06:00:00+01:00,2016-03-10T06:00:00Z,2016-03-10T07:00:00+01:00
-999.0,,,False,6,so2,µg/m³,,raw,01:00:00,2016-03-10T06:00:00Z,2016-03-10T07:00:00+01:00,2016-03-10T07:00:00Z,2016-03-10T08:00:00+01:00,1,01:00:00,1,01:00:00,100.0,100.0,2016-03-10T06:00:00Z,2016-03-10T07:00:00+01:00,2016-03-10T07:00:00Z,2016-03-10T08:00:00+01:00
1.5,,,False,6,so2,µg/m³,,raw,01:00:00,2016-03-10T07:00:00Z,2016-03-10T08:00:00+01:00,2016-03-10T08:00:00Z,2016-03-10T09:00:00+01:00,1,01:00:00,1,01:00:00,100.0,100.0,2016-03-10T07:00:00Z,2016-03-10T08:00:00+01:00,2016-03-10T08:00:00Z,2016-03-10T09:00:00+01:00
2.0,,,False,6,so2,µg/m³,,raw,01:00:00,2016-03-10T08:00:00Z,2016-03-10T09:00:00+01:00,2016-03-10T09:00:00Z,2016-03-10T10:00:00+01:00,1,01:00:00,1,01:00:00,100.0,100.0,2016-03-10T08:00:00Z,2016-03-10T09:00:00+01:00,2016-03-10T09:00:00Z,2016-03-10T10:00:00+01:00
1.9,,,False,6,so2,µg/m³,,raw,01:00:00,2016-03-10T09:00:00Z,2016-03-10T10:00:00+01:00,2016-03-10T10:00:00Z,2016-03-10T11:00:00+01:00,1,01:00:00,1,01:00:00,100.0,100.0,2016-03-10T09:00:00Z,2016-03-10T10:00:00+01:00,2016-03-10T10:00:00Z,2016-03-10T11:00:00+01:00
2.8,,,False,6,so2,µg/m³,,raw,01:00:00,2016-03-10T10:00:00Z,2016-03-10T11:00:00+01:00,2016-03-10T11:00:00Z,2016-03-10T12:00:00+01:00,1,01:00:00,1,01:00:00,100.0,100.0,2016-03-10T10:00:00Z,2016-03-10T11:00:00+01:00,2016-03-10T11:00:00Z,2016-03-10T12:00:00+01:00
3.3,,,False,6,so2,µg/m³,,raw,01:00:00,2016-03-10T11:00:00Z,2016-03-10T12:00:00+01:00,2016-03-10T12:00:00Z,2016-03-10T13:00:00+01:00,1,01:00:00,1,01:00:00,100.0,100.0,2016-03-10T11:00:00Z,2016-03-10T12:00:00+01:00,2016-03-10T12:00:00Z,2016-03-10T13:00:00+01:00
3.1,,,False,6,so2,µg/m³,,raw,01:00:00,2016-03-10T12:00:00Z,2016-03-10T13:00:00+01:00,2016-03-10T13:00:00Z,2016-03-10T14:00:00+01:00,1,01:00:00,1,01:00:00,100.0,100.0,2016-03-10T12:00:00Z,2016-03-10T13:00:00+01:00,2016-03-10T13:00:00Z,2016-03-10T14:00:00+01:00
2.4,,,False,6,so2,µg/m³,,raw,01:00:00,2016-03-10T13:00:00Z,2016-03-10T14:00:00+01:00,2016-03-10T14:00:00Z,2016-03-10T15:00:00+01:00,1,01:00:00,1,01:00:00,100.0,100.0,2016-03-10T13:00:00Z,2016-03-10T14:00:00+01:00,2016-03-10T14:00:00Z,2016-03-10T15:00:00+01:00
1.8,,,False,6,so2,µg/m³,,raw,01:00:00,2016-03-10T14:00:00Z,2016-03-10T15:00:00+01:00,2016-03-10T15:00:00Z,2016-03-10T16:00:00+01:00,1,01:00:00,1,01:00:00,100.0,100.0,2016-03-10T14:00:00Z,2016-03-10T15:00:00+01:00,2016-03-10T15:00:00Z,2016-03-10T16:00:00+01:00
1.0,,,False,6,so2,µg/m³,,raw,01:00:00,2016-03-10T15:00:00Z,2016-03-10T16:00:00+01:00,2016-03-10T16:00:00Z,2016-03-10T17:00:00+01:00,1,01:00:00,1,01:00:00,100.0,100.0,2016-03-10T15:00:00Z,2016-03-10T16:00:00+01:00,2016-03-10T16:00:00Z,2016-03-10T17:00:00+01:00
0.8,,,False,6,so2,µg/m³,,raw,01:00:00,2016-03-10T16:00:00Z,2016-03-10T17:00:00+01:00,2016-03-10T17:00:00Z,2016-03-10T18:00:00+01:00,1,01:00:00,1,01:00:00,100.0,100.0,2016-03-10T16:00:00Z,2016-03-10T17:00:00+01:00,2016-03-10T17:00:00Z,2016-03-10T18:00:00+01:00
0.6,,,False,6,so2,µg/m³,,raw,01:00:00,2016-03-10T17:00:00Z,2016-03-10T18:00:00+01:00,2016-03-10T18:00:00Z,2016-03-10T19:00:00+01:00,1,01:00:00,1,01:00:00,100.0,100.0,2016-03-10T17:00:00Z,2016-03-10T18:00:00+01:00,2016-03-10T18:00:00Z,2016-03-10T19:00:00+01:00
0.5,,,False,6,so2,µg/m³,,raw,01:00:00,2016-03-10T18:00:00Z,2016-03-10T19:00:00+01:00,2016-03-10T19:00:00Z,2016-03-10T20:00:00+01:00,1,01:00:00,1,01:00:00,100.0,100.0,2016-03-10T18:00:00Z,2016-03-10T19:00:00+01:00,2016-03-10T19:00:00Z,2016-03-10T20:00:00+01:00
0.4,,,False,6,so2,µg/m³,,raw,01:00:00,2016-03-10T19:00:00Z,2016-03-10T20:00:00+01:00,2016-03-10T20:00:00Z,2016-03-10T21:00:00+01:00,1,01:00:00,1,01:00:00,100.0,100.0,2016-03-10T19:00:00Z,2016-03-10T20:00:00+01:00,2016-03-10T20:00:00Z,2016-03-10T21:00:00+01:00
0.4,,,False,6,so2,µg/m³,,raw,01:00:00,2016-03-10T20:00:00Z,2016-03-10T21:00:00+01:00,2016-03-10T21:00:00Z,2016-03-10T22:00:00+01:00,1,01:00:00,1,01:00:00,100.0,100.0,2016-03-10T20:00:00Z,2016-03-10T21:00:00+01:00,2016-03-10T21:00:00Z,2016-03-10T22:00:00+01:00
-999.0,,,False,6,so2,µg/m³,,raw,01:00:00,2016-03-10T21:00:00Z,2016-03-10T22:00:00+01:00,2016-03-10T22:00:00Z,2016-03-10T23:00:00+01:00,1,01:00:00,1,01:00:00,100.0,100.0,2016-03-10T21:00:00Z,2016-03-10T22:00:00+01:00,2016-03-10T22:00:00Z,2016-03-10T23:00:00+01:00
0.3,,,False,6,so2,µg/m³,,raw,01:00:00,2016-03-10T22:00:00Z,2016-03-10T23:00:00+01:00,2016-03-10T23:00:00Z,2016-03-11T00:00:00+01:00,1,01:00:00,1,01:00:00,100.0,100.0,2016-03-10T22:00:00Z,2016-03-10T23:00:00+01:00,2016-03-10T23:00:00Z,2016-03-11T00:00:00+01:00
0.3,,,False,6,so2,µg/m³,,raw,01:00:00,2016-03-10T23:00:00Z,2016-03-11T00:00:00+01:00,2016-03-11T00:00:00Z,2016-03-11T01:00:00+01:00,1,01:00:00,1,01:00:00,100.0,100.0,2016-03-10T23:00:00Z,2016-03-11T00:00:00+01:00,2016-03-11T00:00:00Z,2016-03-11T01:00:00+01:00
0.3,,,False,6,so2,µg/m³,,raw,01:00:00,2016-03-11T00:00:00Z,2016-03-11T01:00:00+01:00,2016-03-11T01:00:00Z,2016-03-11T02:00:00+01:00,1,01:00:00,1,01:00:00,100.0,100.0,2016-03-11T00:00:00Z,2016-03-11T01:00:00+01:00,2016-03-11T01:00:00Z,2016-03-11T02:00:00+01:00
0.3,,,False,6,so2,µg/m³,,raw,01:00:00,2016-03-11T01:00:00Z,2016-03-11T02:00:00+01:00,2016-03-11T02:00:00Z,2016-03-11T03:00:00+01:00,1,01:00:00,1,01:00:00,100.0,100.0,2016-03-11T01:00:00Z,2016-03-11T02:00:00+01:00,2016-03-11T02:00:00Z,2016-03-11T03:00:00+01:00
0.4,,,False,6,so2,µg/m³,,raw,01:00:00,2016-03-11T02:00:00Z,2016-03-11T03:00:00+01:00,2016-03-11T03:00:00Z,2016-03-11T04:00:00+01:00,1,01:00:00,1,01:00:00,100.0,100.0,2016-03-11T02:00:00Z,2016-03-11T03:00:00+01:00,2016-03-11T03:00:00Z,2016-03-11T04:00:00+01:00
0.2,,,False,6,so2,µg/m³,,raw,01:00:00,2016-03-11T03:00:00Z,2016-03-11T04:00:00+01:00,2016-03-11T04:00:00Z,2016-03-11T05:00:00+01:00,1,01:00:00,1,01:00:00,100.0,100.0,2016-03-11T03:00:00Z,2016-03-11T04:00:00+01:00,2016-03-11T04:00:00Z,2016-03-11T05:00:00+01:00
0.2,,,False,6,so2,µg/m³,,raw,01:00:00,2016-03-11T04:00:00Z,2016-03-11T05:00:00+01:00,2016-03-11T05:00:00Z,2016-03-11T06:00:00+01:00,1,01:00:00,1,01:00:00,100.0,100.0,2016-03-11T04:00:00Z,2016-03-11T05:00:00+01:00,2016-03-11T05:00:00Z,2016-03-11T06:00:00+01:00
0.4,,,False,6,so2,µg/m³,,raw,01:00:00,2016-03-11T05:00:00Z,2016-03-11T06:00:00+01:00,2016-03-11T06:00:00Z,2016-03-11T07:00:00+01:00,1,01:00:00,1,01:00:00,100.0,100.0,2016-03-11T05:00:00Z,2016-03-11T06:00:00+01:00,2016-03-11T06:00:00Z,2016-03-11T07:00:00+01:00
0.7,,,False,6,so2,µg/m³,,raw,01:00:00,2016-03-11T06:00:00Z,2016-03-11T07:00:00+01:00,2016-03-11T07:00:00Z,2016-03-11T08:00:00+01:00,1,01:00:00,1,01:00:00,100.0,100.0,2016-03-11T06:00:00Z,2016-03-11T07:00:00+01:00,2016-03-11T07:00:00Z,2016-03-11T08:00:00+01:00
0.6,,,False,6,so2,µg/m³,,raw,01:00:00,2016-03-11T07:00:00Z,2016-03-11T08:00:00+01:00,2016-03-11T08:00:00Z,2016-03-11T09:00:00+01:00,1,01:00:00,1,01:00:00,100.0,100.0,2016-03-11T07:00:00Z,2016-03-11T08:00:00+01:00,2016-03-11T08:00:00Z,2016-03-11T09:00:00+01:00
0.4,,,False,6,so2,µg/m³,,raw,01:00:00,2016-03-11T08:00:00Z,2016-03-11T09:00:00+01:00,2016-03-11T09:00:00Z,2016-03-11T10:00:00+01:00,1,01:00:00,1,01:00:00,100.0,100.0,2016-03-11T08:00:00Z,2016-03-11T09:00:00+01:00,2016-03-11T09:00:00Z,2016-03-11T10:00:00+01:00
0.3,,,False,6,so2,µg/m³,,raw,01:00:00,2016-03-11T09:00:00Z,2016-03-11T10:00:00+01:00,2016-03-11T10:00:00Z,2016-03-11T11:00:00+01:00,1,01:00:00,1,01:00:00,100.0,100.0,2016-03-11T09:00:00Z,2016-03-11T10:00:00+01:00,2016-03-11T10:00:00Z,2016-03-11T11:00:00+01:00
0.3,,,False,6,so2,µg/m³,,raw,01:00:00,2016-03-11T10:00:00Z,2016-03-11T11:00:00+01:00,2016-03-11T11:00:00Z,2016-03-11T12:00:00+01:00,1,01:00:00,1,01:00:00,100.0,100.0,2016-03-11T10:00:00Z,2016-03-11T11:00:00+01:00,2016-03-11T11:00:00Z,2016-03-11T12:00:00+01:00
-999.0,,,False,6,so2,µg/m³,,raw,01:00:00,2016-03-11T11:00:00Z,2016-03-11T12:00:00+01:00,2016-03-11T12:00:00Z,2016-03-11T13:00:00+01:00,1,01:00:00,1,01:00:00,100.0,100.0,2016-03-11T11:00:00Z,2016-03-11T12:00:00+01:00,2016-03-11T12:00:00Z,2016-03-11T13:00:00+01:00
-999.0,,,False,6,so2,µg/m³,,raw,01:00:00,2016-03-11T12:00:00Z,2016-03-11T13:00:00+01:00,2016-03-11T13:00:00Z,2016-03-11T14:00:00+01:00,1,01:00:00,1,01:00:00,100.0,100.0,2016-03-11T12:00:00Z,2016-03-11T13:00:00+01:00,2016-03-11T13:00:00Z,2016-03-11T14:00:00+01:00
0.3,,,False,6,so2,µg/m³,,raw,01:00:00,2016-03-11T13:00:00Z,2016-03-11T14:00:00+01:00,2016-03-11T14:00:00Z,2016-03-11T15:00:00+01:00,1,01:00:00,1,01:00:00,100.0,100.0,2016-03-11T13:00:00Z,2016-03-11T14:00:00+01:00,2016-03-11T14:00:00Z,2016-03-11T15:00:00+01:00
0.3,,,False,6,so2,µg/m³,,raw,01:00:00,2016-03-11T14:00:00Z,2016-03-11T15:00:00+01:00,2016-03-11T15:00:00Z,2016-03-11T16:00:00+01:00,1,01:00:00,1,01:00:00,100.0,100.0,2016-03-11T14:00:00Z,2016-03-11T15:00:00+01:00,2016-03-11T15:00:00Z,2016-03-11T16:00:00+01:00
0.2,,,False,6,so2,µg/m³,,raw,01:00:00,2016-03-11T15:00:00Z,2016-03-11T16:00:00+01:00,2016-03-11T16:00:00Z,2016-03-11T17:00:00+01:00,1,01:00:00,1,01:00:00,100.0,100.0,2016-03-11T15:00:00Z,2016-03-11T16:00:00+01:00,2016-03-11T16:00:00Z,2016-03-11T17:00:00+01:00
0.1,,,False,6,so2,µg/m³,,raw,01:00:00,2016-03-11T16:00:00Z,2016-03-11T17:00:00+01:00,2016-03-11T17:00:00Z,2016-03-11T18:00:00+01:00,1,01:00:00,1,01:00:00,100.0,100.0,2016-03-11T16:00:00Z,2016-03-11T17:00:00+01:00,2016-03-11T17:00:00Z,2016-03-11T18:00:00+01:00
0.1,,,False,6,so2,µg/m³,,raw,01:00:00,2016-03-11T17:00:00Z,2016-03-11T18:00:00+01:00,2016-03-11T18:00:00Z,2016-03-11T19:00:00+01:00,1,01:00:00,1,01:00:00,100.0,100.0,2016-03-11T17:00:00Z,2016-03-11T18:00:00+01:00,2016-03-11T18:00:00Z,2016-03-11T19:00:00+01:00
0.1,,,False,6,so2,µg/m³,,raw,01:00:00,2016-03-11T18:00:00Z,2016-03-11T19:00:00+01:00,2016-03-11T19:00:00Z,2016-03-11T20:00:00+01:00,1,01:00:00,1,01:00:00,100.0,100.0,2016-03-11T18:00:00Z,2016-03-11T19:00:00+01:00,2016-03-11T19:00:00Z,2016-03-11T20:00:00+01:00
0.1,,,False,6,so2,µg/m³,,raw,01:00:00,2016-03-11T19:00:00Z,2016-03-11T20:00:00+01:00,2016-03-11T20:00:00Z,2016-03-11T21:00:00+01:00,1,01:00:00,1,01:00:00,100.0,100.0,2016-03-11T19:00:00Z,2016-03-11T20:00:00+01:00,2016-03-11T20:00:00Z,2016-03-11T21:00:00+01:00
0.1,,,False,6,so2,µg/m³,,raw,01:00:00,2016-03-11T20:00:00Z,2016-03-11T21:00:00+01:00,2016-03-11T21:00:00Z,2016-03-11T22:00:00+01:00,1,01:00:00,1,01:00:00,100.0,100.0,2016-03-11T20:00:00Z,2016-03-11T21:00:00+01:00,2016-03-11T21:00:00Z,2016-03-11T22:00:00+01:00
-999.0,,,False,6,so2,µg/m³,,raw,01:00:00,2016-03-11T21:00:00Z,2016-03-11T22:00:00+01:00,2016-03-11T22:00:00Z,2016-03-11T23:00:00+01:00,1,01:00:00,1,01:00:00,100.0,100.0,2016-03-11T21:00:00Z,2016-03-11T22:00:00+01:00,2016-03-11T22:00:00Z,2016-03-11T23:00:00+01:00
0.1,,,False,6,so2,µg/m³,,raw,01:00:00,2016-03-11T22:00:00Z,2016-03-11T23:00:00+01:00,2016-03-11T23:00:00Z,2016-03-12T00:00:00+01:00,1,01:00:00,1,01:00:00,100.0,100.0,2016-03-11T22:00:00Z,2016-03-11T23:00:00+01:00,2016-03-11T23:00:00Z,2016-03-12T00:00:00+01:00
0.1,,,False,6,so2,µg/m³,,raw,01:00:00,2016-03-11T23:00:00Z,2016-03-12T00:00:00+01:00,2016-03-12T00:00:00Z,2016-03-12T01:00:00+01:00,1,01:00:00,1,01:00:00,100.0,100.0,2016-03-11T23:00:00Z,2016-03-12T00:00:00+01:00,2016-03-12T00:00:00Z,2016-03-12T01:00:00+01:00
0.1,,,False,6,so2,µg/m³,,raw,01:00:00,2016-03-12T00:00:00Z,2016-03-12T01:00:00+01:00,2016-03-12T01:00:00Z,2016-03-12T02:00:00+01:00,1,01:00:00,1,01:00:00,100.0,100.0,2016-03-12T00:00:00Z,2016-03-12T01:00:00+01:00,2016-03-12T01:00:00Z,2016-03-12T02:00:00+01:00
0.1,,,False,6,so2,µg/m³,,raw,01:00:00,2016-03-12T01:00:00Z,2016-03-12T02:00:00+01:00,2016-03-12T02:00:00Z,2016-03-12T03:00:00+01:00,1,01:00:00,1,01:00:00,100.0,100.0,2016-03-12T01:00:00Z,2016-03-12T02:00:00+01:00,2016-03-12T02:00:00Z,2016-03-12T03:00:00+01:00
0.0,,,False,6,so2,µg/m³,,raw,01:00:00,2016-03-12T02:00:00Z,2016-03-12T03:00:00+01:00,2016-03-12T03:00:00Z,2016-03-12T04:00:00+01:00,1,01:00:00,1,01:00:00,100.0,100.0,2016-03-12T02:00:00Z,2016-03-12T03:00:00+01:00,2016-03-12T03:00:00Z,2016-03-12T04:00:00+01:00
-999.0,,,False,6,so2,µg/m³,,raw,01:00:00,2016-03-12T03:00:00Z,2016-03-12T04:00:00+01:00,2016-03-12T04:00:00Z,2016-03-12T05:00:00+01:00,1,01:00:00,1,01:00:00,100.0,100.0,2016-03-12T03:00:00Z,2016-03-12T04:00:00+01:00,2016-03-12T04:00:00Z,2016-03-12T05:00:00+01:00
0.1,,,False,6,so2,µg/m³,,raw,01:00:00,2016-03-12T04:00:00Z,2016-03-12T05:00:00+01:00,2016-03-12T05:00:00Z,2016-03-12T06:00:00+01:00,1,01:00:00,1,01:00:00,100.0,100.0,2016-03-12T04:00:00Z,2016-03-12T05:00:00+01:00,2016-03-12T05:00:00Z,2016-03-12T06:00:00+01:00
0.1,,,False,6,so2,µg/m³,,raw,01:00:00,2016-03-12T05:00:00Z,2016-03-12T06:00:00+01:00,2016-03-12T06:00:00Z,2016-03-12T07:00:00+01:00,1,01:00:00,1,01:00:00,100.0,100.0,2016-03-12T05:00:00Z,2016-03-12T06:00:00+01:00,2016-03-12T06:00:00Z,2016-03-12T07:00:00+01:00
0.1,,,False,6,so2,µg/m³,,raw,01:00:00,2016-03-12T06:00:00Z,2016-03-12T07:00:00+01:00,2016-03-12T07:00:00Z,2016-03-12T08:00:00+01:00,1,01:00:00,1,01:00:00,100.0,100.0,2016-03-12T06:00:00Z,2016-03-12T07:00:00+01:00,2016-03-12T07:00:00Z,2016-03-12T08:00:00+01:00
0.1,,,False,6,so2,µg/m³,,raw,01:00:00,2016-03-12T07:00:00Z,2016-03-12T08:00:00+01:00,2016-03-12T08:00:00Z,2016-03-12T09:00:00+01:00,1,01:00:00,1,01:00:00,100.0,100.0,2016-03-12T07:00:00Z,2016-03-12T08:00:00+01:00,2016-03-12T08:00:00Z,2016-03-12T09:00:00+01:00
0.2,,,False,6,so2,µg/m³,,raw,01:00:00,2016-03-12T08:00:00Z,2016-03-12T09:00:00+01:00,2016-03-12T09:00:00Z,2016-03-12T10:00:00+01:00,1,01:00:00,1,01:00:00,100.0,100.0,2016-03-12T08:00:00Z,2016-03-12T09:00:00+01:00,2016-03-12T09:00:00Z,2016-03-12T10:00:00+01:00
0.4,,,False,6,so2,µg/m³,,raw,01:00:00,2016-03-12T09:00:00Z,2016-03-12T10:00:00+01:00,2016-03-12T10:00:00Z,2016-03-12T11:00:00+01:00,1,01:00:00,1,01:00:00,100.0,100.0,2016-03-12T09:00:00Z,2016-03-12T10:00:00+01:00,2016-03-12T10:00:00Z,2016-03-12T11:00:00+01:00
1.4,,,False,6,so2,µg/m³,,raw,01:00:00,2016-03-12T10:00:00Z,2016-03-12T11:00:00+01:00,2016-03-12T11:00:00Z,2016-03-12T12:00:00+01:00,1,01:00:00,1,01:00:00,100.0,100.0,2016-03-12T10:00:00Z,2016-03-12T11:00:00+01:00,2016-03-12T11:00:00Z,2016-03-12T12:00:00+01:00
1.8,,,False,6,so2,µg/m³,,raw,01:00:00,2016-03-12T11:00:00Z,2016-03-12T12:00:00+01:00,2016-03-12T12:00:00Z,2016-03-12T13:00:00+01:00,1,01:00:00,1,01:00:00,100.0,100.0,2016-03-12T11:00:00Z,2016-03-12T12:00:00+01:00,2016-03-12T12:00:00Z,2016-03-12T13:00:00+01:00
2.6,,,False,6,so2,µg/m³,,raw,01:00:00,2016-03-12T12:00:00Z,2016-03-12T13:00:00+01:00,2016-03-12T13:00:00Z,2016-03-12T14:00:00+01:00,1,01:00:00,1,01:00:00,100.0,100.0,2016-03-12T12:00:00Z,2016-03-12T13:00:00+01:00,2016-03-12T13:00:00Z,2016-03-12T14:00:00+01:00
2.1,,,False,6,so2,µg/m³,,raw,01:00:00,2016-03-12T13:00:00Z,2016-03-12T14:00:00+01:00,2016-03-12T14:00:00Z,2016-03-12T15:00:00+01:00,1,01:00:00,1,01:00:00,100.0,100.0,2016-03-12T13:00:00Z,2016-03-12T14:00:00+01:00,2016-03-12T14:00:00Z,2016-03-12T15:00:00+01:00
2.0,,,False,6,so2,µg/m³,,raw,01:00:00,2016-03-12T14:00:00Z,2016-03-12T15:00:00+01:00,2016-03-12T15:00:00Z,2016-03-12T16:00:00+01:00,1,01:00:00,1,01:00:00,100.0,100.0,2016-03-12T14:00:00Z,2016-03-12T15:00:00+01:00,2016-03-12T15:00:00Z,2016-03-12T16:00:00+01:00
1.2,,,False,6,so2,µg/m³,,raw,01:00:00,2016-03-12T15:00:00Z,2016-03-12T16:00:00+01:00,2016-03-12T16:00:00Z,2016-03-12T17:00:00+01:00,1,01:00:00,1,01:00:00,100.0,100.0,2016-03-12T15:00:00Z,2016-03-12T16:00:00+01:00,2016-03-12T16:00:00Z,2016-03-12T17:00:00+01:00
0.5,,,False,6,so2,µg/m³,,raw,01:00:00,2016-03-12T16:00:00Z,2016-03-12T17:00:00+01:00,2016-03-12T17:00:00Z,2016-03-12T18:00:00+01:00,1,01:00:00,1,01:00:00,100.0,100.0,2016-03-12T16:00:00Z,2016-03-12T17:00:00+01:00,2016-03-12T17:00:00Z,2016-03-12T18:00:00+01:00
0.3,,,False,6,so2,µg/m³,,raw,01:00:00,2016-03-12T17:00:00Z,2016-03-12T18:00:00+01:00,2016-03-12T18:00:00Z,2016-03-12T19:00:00+01:00,1,01:00:00,1,01:00:00,100.0,100.0,2016-03-12T17:00:00Z,2016-03-12T18:00:00+01:00,2016-03-12T18:00:00Z,2016-03-12T19:00:00+01:00
-999.0,,,False,6,so2,µg/m³,,raw,01:00:00,2016-03-12T18:00:00Z,2016-03-12T19:00:00+01:00,2016-03-12T19:00:00Z,2016-03-12T20:00:00+01:00,1,01:00:00,1,01:00:00,100.0,100.0,2016-03-12T18:00:00Z,2016-03-12T19:00:00+01:00,2016-03-12T19:00:00Z,2016-03-12T20:00:00+01:00
0.1,,,False,6,so2,µg/m³,,raw,01:00:00,2016-03-12T19:00:00Z,2016-03-12T20:00:00+01:00,2016-03-12T20:00:00Z,2016-03-12T21:00:00+01:00,1,01:00:00,1,01:00:00,100.0,100.0,2016-03-12T19:00:00Z,2016-03-12T20:00:00+01:00,2016-03-12T20:00:00Z,2016-03-12T21:00:00+01:00
0.1,,,False,6,so2,µg/m³,,raw,01:00:00,2016-03-12T20:00:00Z,2016-03-12T21:00:00+01:00,2016-03-12T21:00:00Z,2016-03-12T22:00:00+01:00,1,01:00:00,1,01:00:00,100.0,100.0,2016-03-12T20:00:00Z,2016-03-12T21:00:00+01:00,2016-03-12T21:00:00Z,2016-03-12T22:00:00+01:00
-999.0,,,False,6,so2,µg/m³,,raw,01:00:00,2016-03-12T21:00:00Z,2016-03-12T22:00:00+01:00,2016-03-12T22:00:00Z,2016-03-12T23:00:00+01:00,1,01:00:00,1,01:00:00,100.0,100.0,2016-03-12T21:00:00Z,2016-03-12T22:00:00+01:00,2016-03-12T22:00:00Z,2016-03-12T23:00:00+01:00
0.1,,,False,6,so2,µg/m³,,raw,01:00:00,2016-03-12T22:00:00Z,2016-03-12T23:00:00+01:00,2016-03-12T23:00:00Z,2016-03-13T00:00:00+01:00,1,01:00:00,1,01:00:00,100.0,100.0,2016-03-12T22:00:00Z,2016-03-12T23:00:00+01:00,2016-03-12T23:00:00Z,2016-03-13T00:00:00+01:00
0.1,,,False,6,so2,µg/m³,,raw,01:00:00,2016-03-12T23:00:00Z,2016-03-13T00:00:00+01:00,2016-03-13T00:00:00Z,2016-03-13T01:00:00+01:00,1,01:00:00,1,01:00:00,100.0,100.0,2016-03-12T23:00:00Z,2016-03-13T00:00:00+01:00,2016-03-13T00:00:00Z,2016-03-13T01:00:00+01:00
0.1,,,False,6,so2,µg/m³,,raw,01:00:00,2016-03-13T00:00:00Z,2016-03-13T01:00:00+01:00,2016-03-13T01:00:00Z,2016-03-13T02:00:00+01:00,1,01:00:00,1,01:00:00,100.0,100.0,2016-03-13T00:00:00Z,2016-03-13T01:00:00+01:00,2016-03-13T01:00:00Z,2016-03-13T02:00:00+01:00
0.1,,,False,6,so2,µg/m³,,raw,01:00:00,2016-03-13T01:00:00Z,2016-03-13T02:00:00+01:00,2016-03-13T02:00:00Z,2016-03-13T03:00:00+01:00,1,01:00:00,1,01:00:00,100.0,100.0,2016-03-13T01:00:00Z,2016-03-13T02:00:00+01:00,2016-03-13T02:00:00Z,2016-03-13T03:00:00+01:00
0.1,,,False,6,so2,µg/m³,,raw,01:00:00,2016-03-13T02:00:00Z,2016-03-13T03:00:00+01:00,2016-03-13T03:00:00Z,2016-03-13T04:00:00+01:00,1,01:00:00,1,01:00:00,100.0,100.0,2016-03-13T02:00:00Z,2016-03-13T03:00:00+01:00,2016-03-13T03:00:00Z,2016-03-13T04:00:00+01:00
0.3,,,False,6,so2,µg/m³,,raw,01:00:00,2016-03-13T03:00:00Z,2016-03-13T04:00:00+01:00,2016-03-13T04:00:00Z,2016-03-13T05:00:00+01:00,1,01:00:00,1,01:00:00,100.0,100.0,2016-03-13T03:00:00Z,2016-03-13T04:00:00+01:00,2016-03-13T04:00:00Z,2016-03-13T05:00:00+01:00
0.1,,,False,6,so2,µg/m³,,raw,01:00:00,2016-03-13T04:00:00Z,2016-03-13T05:00:00+01:00,2016-03-13T05:00:00Z,2016-03-13T06:00:00+01:00,1,01:00:00,1,01:00:00,100.0,100.0,2016-03-13T04:00:00Z,2016-03-13T05:00:00+01:00,2016-03-13T05:00:00Z,2016-03-13T06:00:00+01:00
0.1,,,False,6,so2,µg/m³,,raw,01:00:00,2016-03-13T05:00:00Z,2016-03-13T06:00:00+01:00,2016-03-13T06:00:00Z,2016-03-13T07:00:00+01:00,1,01:00:00,1,01:00:00,100.0,100.0,2016-03-13T05:00:00Z,2016-03-13T06:00:00+01:00,2016-03-13T06:00:00Z,2016-03-13T07:00:00+01:00
0.2,,,False,6,so2,µg/m³,,raw,01:00:00,2016-03-13T06:00:00Z,2016-03-13T07:00:00+01:00,2016-03-13T07:00:00Z,2016-03-13T08:00:00+01:00,1,01:00:00,1,01:00:00,100.0,100.0,2016-03-13T06:00:00Z,2016-03-13T07:00:00+01:00,2016-03-13T07:00:00Z,2016-03-13T08:00:00+01:00
0.2,,,False,6,so2,µg/m³,,raw,01:00:00,2016-03-13T07:00:00Z,2016-03-13T08:00:00+01:00,2016-03-13T08:00:00Z,2016-03-13T09:00:00+01:00,1,01:00:00,1,01:00:00,100.0,100.0,2016-03-13T07:00:00Z,2016-03-13T08:00:00+01:00,2016-03-13T08:00:00Z,2016-03-13T09:00:00+01:00
0.3,,,False,6,so2,µg/m³,,raw,01:00:00,2016-03-13T08:00:00Z,2016-03-13T09:00:00+01:00,2016-03-13T09:00:00Z,2016-03-13T10:00:00+01:00,1,01:00:00,1,01:00:00,100.0,100.0,2016-03-13T08:00:00Z,2016-03-13T09:00:00+01:00,2016-03-13T09:00:00Z,2016-03-13T10:00:00+01:00
-999.0,,,False,6,so2,µg/m³,,raw,01:00:00,2016-03-13T09:00:00Z,2016-03-13T10:00:00+01:00,2016-03-13T10:00:00Z,2016-03-13T11:00:00+01:00,1,01:00:00,1,01:00:00,100.0,100.0,2016-03-13T09:00:00Z,2016-03-13T10:00:00+01:00,2016-03-13T10:00:00Z,2016-03-13T11:00:00+01:00
0.3,,,False,6,so2,µg/m³,,raw,01:00:00,2016-03-13T10:00:00Z,2016-03-13T11:00:00+01:00,2016-03-13T11:00:00Z,2016-03-13T12:00:00+01:00,1,01:00:00,1,01:00:00,100.0,100.0,2016-03-13T10:00:00Z,2016-03-13T11:00:00+01:00,2016-03-13T11:00:00Z,2016-03-13T12:00:00+01:00
0.3,,,False,6,so2,µg/m³,,raw,01:00:00,2016-03-13T11:00:00Z,2016-03-13T12:00:00+01:00,2016-03-13T12:00:00Z,2016-03-13T13:00:00+01:00,1,01:00:00,1,01:00:00,100.0,100.0,2016-03-13T11:00:00Z,2016-03-13T12:00:00+01:00,2016-03-13T12:00:00Z,2016-03-13T13:00:00+01:00
0.3,,,False,6,so2,µg/m³,,raw,01:00:00,2016-03-13T12:00:00Z,2016-03-13T13:00:00+01:00,2016-03-13T13:00:00Z,2016-03-13T14:00:00+01:00,1,01:00:00,1,01:00:00,100.0,100.0,2016-03-13T12:00:00Z,2016-03-13T13:00:00+01:00,2016-03-13T13:00:00Z,2016-03-13T14:00:00+01:00
0.3,,,False,6,so2,µg/m³,,raw,01:00:00,2016-03-13T13:00:00Z,2016-03-13T14:00:00+01:00,2016-03-13T14:00:00Z,2016-03-13T15:00:00+01:00,1,01:00:00,1,01:00:00,100.0,100.0,2016-03-13T13:00:00Z,2016-03-13T14:00:00+01:00,2016-03-13T14:00:00Z,2016-03-13T15:00:00+01:00
0.3,,,False,6,so2,µg/m³,,raw,01:00:00,2016-03-13T14:00:00Z,2016-03-13T15:00:00+01:00,2016-03-13T15:00:00Z,2016-03-13T16:00:00+01:00,1,01:00:00,1,01:00:00,100.0,100.0,2016-03-13T14:00:00Z,2016-03-13T15:00:00+01:00,2016-03-13T15:00:00Z,2016-03-13T16:00:00+01:00
0.3,,,False,6,so2,µg/m³,,raw,01:00:00,2016-03-13T15:00:00Z,2016-03-13T16:00:00+01:00,2016-03-13T16:00:00Z,2016-03-13T17:00:00+01:00,1,01:00:00,1,01:00:00,100.0,100.0,2016-03-13T15:00:00Z,2016-03-13T16:00:00+01:00,2016-03-13T16:00:00Z,2016-03-13T17:00:00+01:00
0.3,,,False,6,so2,µg/m³,,raw,01:00:00,2016-03-13T16:00:00Z,2016-03-13T17:00:00+01:00,2016-03-13T17:00:00Z,2016-03-13T18:00:00+01:00,1,01:00:00,1,01:00:00,100.0,100.0,2016-03-13T16:00:00Z,2016-03-13T17:00:00+01:00,2016-03-13T17:00:00Z,2016-03-13T18:00:00+01:00
0.2,,,False,6,so2,µg/m³,,raw,01:00:00,2016-03-13T17:00:00Z,2016-03-13T18:00:00+01:00,2016-03-13T18:00:00Z,2016-03-13T19:00:00+01:00,1,01:00:00,1,01:00:00,100.0,100.0,2016-03-13T17:00:00Z,2016-03-13T18:00:00+01:00,2016-03-13T18:00:00Z,2016-03-13T19:00:00+01:00
0.1,,,False,6,so2,µg/m³,,raw,01:00:00,2016-03-13T18:00:00Z,2016-03-13T19:00:00+01:00,2016-03-13T19:00:00Z,2016-03-13T20:00:00+01:00,1,01:00:00,1,01:00:00,100.0,100.0,2016-03-13T18:00:00Z,2016-03-13T19:00:00+01:00,2016-03-13T19:00:00Z,2016-03-13T20:00:00+01:00
0.1,,,False,6,so2,µg/m³,,raw,01:00:00,2016-03-13T19:00:00Z,2016-03-13T20:00:00+01:00,2016-03-13T20:00:00Z,2016-03-13T21:00:00+01:00,1,01:00:00,1,01:00:00,100.0,100.0,2016-03-13T19:00:00Z,2016-03-13T20:00:00+01:00,2016-03-13T20:00:00Z,2016-03-13T21:00:00+01:00
0.1,,,False,6,so2,µg/m³,,raw,01:00:00,2016-03-13T20:00:00Z,2016-03-13T21:00:00+01:00,2016-03-13T21:00:00Z,2016-03-13T22:00:00+01:00,1,01:00:00,1,01:00:00,100.0,100.0,2016-03-13T20:00:00Z,2016-03-13T21:00:00+01:00,2016-03-13T21:00:00Z,2016-03-13T22:00:00+01:00
-999.0,,,False,6,so2,µg/m³,,raw,01:00:00,2016-03-13T21:00:00Z,2016-03-13T22:00:00+01:00,2016-03-13T22:00:00Z,2016-03-13T23:00:00+01:00,1,01:00:00,1,01:00:00,100.0,100.0,2016-03-13T21:00:00Z,2016-03-13T22:00:00+01:00,2016-03-13T22:00:00Z,2016-03-13T23:00:00+01:00
0.1,,,False,6,so2,µg/m³,,raw,01:00:00,2016-03-13T22:00:00Z,2016-03-13T23:00:00+01:00,2016-03-13T23:00:00Z,2016-03-14T00:00:00+01:00,1,01:00:00,1,01:00:00,100.0,100.0,2016-03-13T22:00:00Z,2016-03-13T23:00:00+01:00,2016-03-13T23:00:00Z,2016-03-14T00:00:00+01:00
0.1,,,False,6,so2,µg/m³,,raw,01:00:00,2016-03-13T23:00:00Z,2016-03-14T00:00:00+01:00,2016-03-14T00:00:00Z,2016-03-14T01:00:00+01:00,1,01:00:00,1,01:00:00,100.0,100.0,2016-03-13T23:00:00Z,2016-03-14T00:00:00+01:00,2016-03-14T00:00:00Z,2016-03-14T01:00:00+01:00
-999.0,,,False,6,so2,µg/m³,,raw,01:00:00,2016-03-14T00:00:00Z,2016-03-14T01:00:00+01:00,2016-03-14T01:00:00Z,2016-03-14T02:00:00+01:00,1,01:00:00,1,01:00:00,100.0,100.0,2016-03-14T00:00:00Z,2016-03-14T01:00:00+01:00,2016-03-14T01:00:00Z,2016-03-14T02:00:00+01:00
0.1,,,False,6,so2,µg/m³,,raw,01:00:00,2016-03-14T01:00:00Z,2016-03-14T02:00:00+01:00,2016-03-14T02:00:00Z,2016-03-14T03:00:00+01:00,1,01:00:00,1,01:00:00,100.0,100.0,2016-03-14T01:00:00Z,2016-03-14T02:00:00+01:00,2016-03-14T02:00:00Z,2016-03-14T03:00:00+01:00
0.1,,,False,6,so2,µg/m³,,raw,01:00:00,2016-03-14T02:00:00Z,2016-03-14T03:00:00+01:00,2016-03-14T03:00:00Z,2016-03-14T04:00:00+01:00,1,01:00:00,1,01:00:00,100.0,100.0,2016-03-14T02:00:00Z,2016-03-14T03:00:00+01:00,2016-03-14T03:00:00Z,2016-03-14T04:00:00+01:00
0.1,,,False,6,so2,µg/m³,,raw,01:00:00,2016-03-14T03:00:00Z,2016-03-14T04:00:00+01:00,2016-03-14T04:00:00Z,2016-03-14T05:00:00+01:00,1,01:00:00,1,01:00:00,100.0,100.0,2016-03-14T03:00:00Z,2016-03-14T04:00:00+01:00,2016-03-14T04:00:00Z,2016-03-14T05:00:00+01:00
0.1,,,False,6,so2,µg/m³,,raw,01:00:00,2016-03-14T04:00:00Z,2016-03-14T05:00:00+01:00,2016-03-14T05:00:00Z,2016-03-14T06:00:00+01:00,1,01:00:00,1,01:00:00,100.0,100.0,2016-03-14T04:00:00Z,2016-03-14T05:00:00+01:00,2016-03-14T05:00:00Z,2016-03-14T06:00:00+01:00
0.1,,,False,6,so2,µg/m³,,raw,01:00:00,2016-03-14T05:00:00Z,2016-03-14T06:00:00+01:00,2016-03-14T06:00:00Z,2016-03-14T07:00:00+01:00,1,01:00:00,1,01:00:00,100.0,100.0,2016-03-14T05:00:00Z,2016-03-14T06:00:00+01:00,2016-03-14T06:00:00Z,2016-03-14T07:00:00+01:00
0.2,,,False,6,so2,µg/m³,,raw,01:00:00,2016-03-14T06:00:00Z,2016-03-14T07:00:00+01:00,2016-03-14T07:00:00Z,2016-03-14T08:00:00+01:00,1,01:00:00,1,01:00:00,100.0,100.0,2016-03-14T06:00:00Z,2016-03-14T07:00:00+01:00,2016-03-14T07:00:00Z,2016-03-14T08:00:00+01:00
0.3,,,False,6,so2,µg/m³,,raw,01:00:00,2016-03-14T07:00:00Z,2016-03-14T08:00:00+01:00,2016-03-14T08:00:00Z,2016-03-14T09:00:00+01:00,1,01:00:00,1,01:00:00,100.0,100.0,2016-03-14T07:00:00Z,2016-03-14T08:00:00+01:00,2016-03-14T08:00:00Z,2016-03-14T09:00:00+01:00
0.3,,,False,6,so2,µg/m³,,raw,01:00:00,2016-03-14T08:00:00Z,2016-03-14T09:00:00+01:00,2016-03-14T09:00:00Z,2016-03-14T10:00:00+01:00,1,01:00:00,1,01:00:00,100.0,100.0,2016-03-14T08:00:00Z,2016-03-14T09:00:00+01:00,2016-03-14T09:00:00Z,2016-03-14T10:00:00+01:00
0.4,,,False,6,so2,µg/m³,,raw,01:00:00,2016-03-14T09:00:00Z,2016-03-14T10:00:00+01:00,2016-03-14T10:00:00Z,2016-03-14T11:00:00+01:00,1,01:00:00,1,01:00:00,100.0,100.0,2016-03-14T09:00:00Z,2016-03-14T10:00:00+01:00,2016-03-14T10:00:00Z,2016-03-14T11:00:00+01:00
0.4,,,False,6,so2,µg/m³,,raw,01:00:00,2016-03-14T10:00:00Z,2016-03-14T11:00:00+01:00,2016-03-14T11:00:00Z,2016-03-14T12:00:00+01:00,1,01:00:00,1,01:00:00,100.0,100.0,2016-03-14T10:00:00Z,2016-03-14T11:00:00+01:00,2016-03-14T11:00:00Z,2016-03-14T12:00:00+01:00
0.8,,,False,6,so2,µg/m³,,raw,01:00:00,2016-03-14T11:00:00Z,2016-03-14T12:00:00+01:00,2016-03-14T12:00:00Z,2016-03-14T13:00:00+01:00,1,01:00:00,1,01:00:00,100.0,100.0,2016-03-14T11:00:00Z,2016-03-14T12:00:00+01:00,2016-03-14T12:00:00Z,2016-03-14T13:00:00+01:00
0.6,,,False,6,so2,µg/m³,,raw,01:00:00,2016-03-14T12:00:00Z,2016-03-14T13:00:00+01:00,2016-03-14T13:00:00Z,2016-03-14T14:00:00+01:00,1,01:00:00,1,01:00:00,100.0,100.0,2016-03-14T12:00:00Z,2016-03-14T13:00:00+01:00,2016-03-14T13:00:00Z,2016-03-14T14:00:00+01:00
0.5,,,False,6,so2,µg/m³,,raw,01:00:00,2016-03-14T13:00:00Z,2016-03-14T14:00:00+01:00,2016-03-14T14:00:00Z,2016-03-14T15:00:00+01:00,1,01:00:00,1,01:00:00,100.0,100.0,2016-03-14T13:00:00Z,2016-03-14T14:00:00+01:00,2016-03-14T14:00:00Z,2016-03-14T15:00:00+01:00
0.4,,,False,6,so2,µg/m³,,raw,01:00:00,2016-03-14T14:00:00Z,2016-03-14T15:00:00+01:00,2016-03-14T15:00:00Z,2016-03-14T16:00:00+01:00,1,01:00:00,1,01:00:00,100.0,100.0,2016-03-14T14:00:00Z,2016-03-14T15:00:00+01:00,2016-03-14T15:00:00Z,2016-03-14T16:00:00+01:00
-999.0,,,False,6,so2,µg/m³,,raw,01:00:00,2016-03-14T15:00:00Z,2016-03-14T16:00:00+01:00,2016-03-14T16:00:00Z,2016-03-14T17:00:00+01:00,1,01:00:00,1,01:00:00,100.0,100.0,2016-03-14T15:00:00Z,2016-03-14T16:00:00+01:00,2016-03-14T16:00:00Z,2016-03-14T17:00:00+01:00
0.6,,,False,6,so2,µg/m³,,raw,01:00:00,2016-03-14T16:00:00Z,2016-03-14T17:00:00+01:00,2016-03-14T17:00:00Z,2016-03-14T18:00:00+01:00,1,01:00:00,1,01:00:00,100.0,100.0,2016-03-14T16:00:00Z,2016-03-14T17:00:00+01:00,2016-03-14T17:00:00Z,2016-03-14T18:00:00+01:00
0.6,,,False,6,so2,µg/m³,,raw,01:00:00,2016-03-14T17:00:00Z,2016-03-14T18:00:00+01:00,2016-03-14T18:00:00Z,2016-03-14T19:00:00+01:00,1,01:00:00,1,01:00:00,100.0,100.0,2016-03-14T17:00:00Z,2016-03-14T18:00:00+01:00,2016-03-14T18:00:00Z,2016-03-14T19:00:00+01:00
0.4,,,False,6,so2,µg/m³,,raw,01:00:00,2016-03-14T18:00:00Z,2016-03-14T19:00:00+01:00,2016-03-14T19:00:00Z,2016-03-14T20:00:00+01:00,1,01:00:00,1,01:00:00,100.0,100.0,2016-03-14T18:00:00Z,2016-03-14T19:00:00+01:00,2016-03-14T19:00:00Z,2016-03-14T20:00:00+01:00
0.3,,,False,6,so2,µg/m³,,raw,01:00:00,2016-03-14T19:00:00Z,2016-03-14T20:00:00+01:00,2016-03-14T20:00:00Z,2016-03-14T21:00:00+01:00,1,01:00:00,1,01:00:00,100.0,100.0,2016-03-14T19:00:00Z,2016-03-14T20:00:00+01:00,2016-03-14T20:00:00Z,2016-03-14T21:00:00+01:00
0.2,,,False,6,so2,µg/m³,,raw,01:00:00,2016-03-14T20:00:00Z,2016-03-14T21:00:00+01:00,2016-03-14T21:00:00Z,2016-03-14T22:00:00+01:00,1,01:00:00,1,01:00:00,100.0,100.0,2016-03-14T20:00:00Z,2016-03-14T21:00:00+01:00,2016-03-14T21:00:00Z,2016-03-14T22:00:00+01:00
-999.0,,,False,6,so2,µg/m³,,raw,01:00:00,2016-03-14T21:00:00Z,2016-03-14T22:00:00+01:00,2016-03-14T22:00:00Z,2016-03-14T23:00:00+01:00,1,01:00:00,1,01:00:00,100.0,100.0,2016-03-14T21:00:00Z,2016-03-14T22:00:00+01:00,2016-03-14T22:00:00Z,2016-03-14T23:00:00+01:00
0.1,,,False,6,so2,µg/m³,,raw,01:00:00,2016-03-14T22:00:00Z,2016-03-14T23:00:00+01:00,2016-03-14T23:00:00Z,2016-03-15T00:00:00+01:00,1,01:00:00,1,01:00:00,100.0,100.0,2016-03-14T22:00:00Z,2016-03-14T23:00:00+01:00,2016-03-14T23:00:00Z,2016-03-15T00:00:00+01:00
0.2,,,False,6,so2,µg/m³,,raw,01:00:00,2016-03-14T23:00:00Z,2016-03-15T00:00:00+01:00,2016-03-15T00:00:00Z,2016-03-15T01:00:00+01:00,1,01:00:00,1,01:00:00,100.0,100.0,2016-03-14T23:00:00Z,2016-03-15T00:00:00+01:00,2016-03-15T00:00:00Z,2016-03-15T01:00:00+01:00
0.2,,,False,6,so2,µg/m³,,raw,01:00:00,2016-03-15T00:00:00Z,2016-03-15T01:00:00+01:00,2016-03-15T01:00:00Z,2016-03-15T02:00:00+01:00,1,01:00:00,1,01:00:00,100.0,100.0,2016-03-15T00:00:00Z,2016-03-15T01:00:00+01:00,2016-03-15T01:00:00Z,2016-03-15T02:00:00+01:00
0.1,,,False,6,so2,µg/m³,,raw,01:00:00,2016-03-15T01:00:00Z,2016-03-15T02:00:00+01:00,2016-03-15T02:00:00Z,2016-03-15T03:00:00+01:00,1,01:00:00,1,01:00:00,100.0,100.0,2016-03-15T01:00:00Z,2016-03-15T02:00:00+01:00,2016-03-15T02:00:00Z,2016-03-15T03:00:00+01:00
0.2,,,False,6,so2,µg/m³,,raw,01:00:00,2016-03-15T02:00:00Z,2016-03-15T03:00:00+01:00,2016-03-15T03:00:00Z,2016-03-15T04:00:00+01:00,1,01:00:00,1,01:00:00,100.0,100.0,2016-03-15T02:00:00Z,2016-03-15T03:00:00+01:00,2016-03-15T03:00:00Z,2016-03-15T04:00:00+01:00
0.2,,,False,6,so2,µg/m³,,raw,01:00:00,2016-03-15T03:00:00Z,2016-03-15T04:00:00+01:00,2016-03-15T04:00:00Z,2016-03-15T05:00:00+01:00,1,01:00:00,1,01:00:00,100.0,100.0,2016-03-15T03:00:00Z,2016-03-15T04:00:00+01:00,2016-03-15T04:00:00Z,2016-03-15T05:00:00+01:00
0.4,,,False,6,so2,µg/m³,,raw,01:00:00,2016-03-15T04:00:00Z,2016-03-15T05:00:00+01:00,2016-03-15T05:00:00Z,2016-03-15T06:00:00+01:00,1,01:00:00,1,01:00:00,100.0,100.0,2016-03-15T04:00:00Z,2016-03-15T05:00:00+01:00,2016-03-15T05:00:00Z,2016-03-15T06:00:00+01:00
0.3,,,False,6,so2,µg/m³,,raw,01:00:00,2016-03-15T05:00:00Z,2016-03-15T06:00:00+01:00,2016-03-15T06:00:00Z,2016-03-15T07:00:00+01:00,1,01:00:00,1,01:00:00,100.0,100.0,2016-03-15T05:00:00Z,2016-03-15T06:00:00+01:00,2016-03-15T06:00:00Z,2016-03-15T07:00:00+01:00
-999.0,,,False,6,so2,µg/m³,,raw,01:00:00,2016-03-15T06:00:00Z,2016-03-15T07:00:00+01:00,2016-03-15T07:00:00Z,2016-03-15T08:00:00+01:00,1,01:00:00,1,01:00:00,100.0,100.0,2016-03-15T06:00:00Z,2016-03-15T07:00:00+01:00,2016-03-15T07:00:00Z,2016-03-15T08:00:00+01:00
0.3,,,False,6,so2,µg/m³,,raw,01:00:00,2016-03-15T07:00:00Z,2016-03-15T08:00:00+01:00,2016-03-15T08:00:00Z,2016-03-15T09:00:00+01:00,1,01:00:00,1,01:00:00,100.0,100.0,2016-03-15T07:00:00Z,2016-03-15T08:00:00+01:00,2016-03-15T08:00:00Z,2016-03-15T09:00:00+01:00
0.3,,,False,6,so2,µg/m³,,raw,01:00:00,2016-03-15T08:00:00Z,2016-03-15T09:00:00+01:00,2016-03-15T09:00:00Z,2016-03-15T10:00:00+01:00,1,01:00:00,1,01:00:00,100.0,100.0,2016-03-15T08:00:00Z,2016-03-15T09:00:00+01:00,2016-03-15T09:00:00Z,2016-03-15T10:00:00+01:00
0.3,,,False,6,so2,µg/m³,,raw,01:00:00,2016-03-15T09:00:00Z,2016-03-15T10:00:00+01:00,2016-03-15T10:00:00Z,2016-03-15T11:00:00+01:00,1,01:00:00,1,01:00:00,100.0,100.0,2016-03-15T09:00:00Z,2016-03-15T10:00:00+01:00,2016-03-15T10:00:00Z,2016-03-15T11:00:00+01:00
0.3,,,False,6,so2,µg/m³,,raw,01:00:00,2016-03-15T10:00:00Z,2016-03-15T11:00:00+01:00,2016-03-15T11:00:00Z,2016-03-15T12:00:00+01:00,1,01:00:00,1,01:00:00,100.0,100.0,2016-03-15T10:00:00Z,2016-03-15T11:00:00+01:00,2016-03-15T11:00:00Z,2016-03-15T12:00:00+01:00
0.3,,,False,6,so2,µg/m³,,raw,01:00:00,2016-03-15T11:00:00Z,2016-03-15T12:00:00+01:00,2016-03-15T12:00:00Z,2016-03-15T13:00:00+01:00,1,01:00:00,1,01:00:00,100.0,100.0,2016-03-15T11:00:00Z,2016-03-15T12:00:00+01:00,2016-03-15T12:00:00Z,2016-03-15T13:00:00+01:00
0.3,,,False,6,so2,µg/m³,,raw,01:00:00,2016-03-15T12:00:00Z,2016-03-15T13:00:00+01:00,2016-03-15T13:00:00Z,2016-03-15T14:00:00+01:00,1,01:00:00,1,01:00:00,100.0,100.0,2016-03-15T12:00:00Z,2016-03-15T13:00:00+01:00,2016-03-15T13:00:00Z,2016-03-15T14:00:00+01:00
0.2,,,False,6,so2,µg/m³,,raw,01:00:00,2016-03-15T13:00:00Z,2016-03-15T14:00:00+01:00,2016-03-15T14:00:00Z,2016-03-15T15:00:00+01:00,1,01:00:00,1,01:00:00,100.0,100.0,2016-03-15T13:00:00Z,2016-03-15T14:00:00+01:00,2016-03-15T14:00:00Z,2016-03-15T15:00:00+01:00
0.2,,,False,6,so2,µg/m³,,raw,01:00:00,2016-03-15T14:00:00Z,2016-03-15T15:00:00+01:00,2016-03-15T15:00:00Z,2016-03-15T16:00:00+01:00,1,01:00:00,1,01:00:00,100.0,100.0,2016-03-15T14:00:00Z,2016-03-15T15:00:00+01:00,2016-03-15T15:00:00Z,2016-03-15T16:00:00+01:00
0.2,,,False,6,so2,µg/m³,,raw,01:00:00,2016-03-15T15:00:00Z,2016-03-15T16:00:00+01:00,2016-03-15T16:00:00Z,2016-03-15T17:00:00+01:00,1,01:00:00,1,01:00:00,100.0,100.0,2016-03-15T15:00:00Z,2016-03-15T16:00:00+01:00,2016-03-15T16:00:00Z,2016-03-15T17:00:00+01:00
0.2,,,False,6,so2,µg/m³,,raw,01:00:00,2016-03-15T16:00:00Z,2016-03-15T17:00:00+01:00,2016-03-15T17:00:00Z,2016-03-15T18:00:00+01:00,1,01:00:00,1,01:00:00,100.0,100.0,2016-03-15T16:00:00Z,2016-03-15T17:00:00+01:00,2016-03-15T17:00:00Z,2016-03-15T18:00:00+01:00
0.1,,,False,6,so2,µg/m³,,raw,01:00:00,2016-03-15T17:00:00Z,2016-03-15T18:00:00+01:00,2016-03-15T18:00:00Z,2016-03-15T19:00:00+01:00,1,01:00:00,1,01:00:00,100.0,100.0,2016-03-15T17:00:00Z,2016-03-15T18:00:00+01:00,2016-03-15T18:00:00Z,2016-03-15T19:00:00+01:00
0.2,,,False,6,so2,µg/m³,,raw,01:00:00,2016-03-15T18:00:00Z,2016-03-15T19:00:00+01:00,2016-03-15T19:00:00Z,2016-03-15T20:00:00+01:00,1,01:00:00,1,01:00:00,100.0,100.0,2016-03-15T18:00:00Z,2016-03-15T19:00:00+01:00,2016-03-15T19:00:00Z,2016-03-15T20:00:00+01:00
0.1,,,False,6,so2,µg/m³,,raw,01:00:00,2016-03-15T19:00:00Z,2016-03-15T20:00:00+01:00,2016-03-15T20:00:00Z,2016-03-15T21:00:00+01:00,1,01:00:00,1,01:00:00,100.0,100.0,2016-03-15T19:00:00Z,2016-03-15T20:00:00+01:00,2016-03-15T20:00:00Z,2016-03-15T21:00:00+01:00
0.1,,,False,6,so2,µg/m³,,raw,01:00:00,2016-03-15T20:00:00Z,2016-03-15T21:00:00+01:00,2016-03-15T21:00:00Z,2016-03-15T22:00:00+01:00,1,01:00:00,1,01:00:00,100.0,100.0,2016-03-15T20:00:00Z,2016-03-15T21:00:00+01:00,2016-03-15T21:00:00Z,2016-03-15T22:00:00+01:00
-999.0,,,False,6,so2,µg/m³,,raw,01:00:00,2016-03-15T21:00:00Z,2016-03-15T22:00:00+01:00,2016-03-15T22:00:00Z,2016-03-15T23:00:00+01:00,1,01:00:00,1,01:00:00,100.0,100.0,2016-03-15T21:00:00Z,2016-03-15T22:00:00+01:00,2016-03-15T22:00:00Z,2016-03-15T23:00:00+01:00
0.1,,,False,6,so2,µg/m³,,raw,01:00:00,2016-03-15T22:00:00Z,2016-03-15T23:00:00+01:00,2016-03-15T23:00:00Z,2016-03-16T00:00:00+01:00,1,01:00:00,1,01:00:00,100.0,100.0,2016-03-15T22:00:00Z,2016-03-15T23:00:00+01:00,2016-03-15T23:00:00Z,2016-03-16T00:00:00+01:00
0.1,,,False,6,so2,µg/m³,,raw,01:00:00,2016-03-15T23:00:00Z,2016-03-16T00:00:00+01:00,2016-03-16T00:00:00Z,2016-03-16T01:00:00+01:00,1,01:00:00,1,01:00:00,100.0,100.0,2016-03-15T23:00:00Z,2016-03-16T00:00:00+01:00,2016-03-16T00:00:00Z,2016-03-16T01:00:00+01:00
0.0,,,False,6,so2,µg/m³,,raw,01:00:00,2016-03-16T00:00:00Z,2016-03-16T01:00:00+01:00,2016-03-16T01:00:00Z,2016-03-16T02:00:00+01:00,1,01:00:00,1,01:00:00,100.0,100.0,2016-03-16T00:00:00Z,2016-03-16T01:00:00+01:00,2016-03-16T01:00:00Z,2016-03-16T02:00:00+01:00
0.0,,,False,6,so2,µg/m³,,raw,01:00:00,2016-03-16T01:00:00Z,2016-03-16T02:00:00+01:00,2016-03-16T02:00:00Z,2016-03-16T03:00:00+01:00,1,01:00:00,1,01:00:00,100.0,100.0,2016-03-16T01:00:00Z,2016-03-16T02:00:00+01:00,2016-03-16T02:00:00Z,2016-03-16T03:00:00+01:00
0.0,,,False,6,so2,µg/m³,,raw,01:00:00,2016-03-16T02:00:00Z,2016-03-16T03:00:00+01:00,2016-03-16T03:00:00Z,2016-03-16T04:00:00+01:00,1,01:00:00,1,01:00:00,100.0,100.0,2016-03-16T02:00:00Z,2016-03-16T03:00:00+01:00,2016-03-16T03:00:00Z,2016-03-16T04:00:00+01:00
0.0,,,False,6,so2,µg/m³,,raw,01:00:00,2016-03-16T03:00:00Z,2016-03-16T04:00:00+01:00,2016-03-16T04:00:00Z,2016-03-16T05:00:00+01:00,1,01:00:00,1,01:00:00,100.0,100.0,2016-03-16T03:00:00Z,2016-03-16T04:00:00+01:00,2016-03-16T04:00:00Z,2016-03-16T05:00:00+01:00
0.0,,,False,6,so2,µg/m³,,raw,01:00:00,2016-03-16T04:00:00Z,2016-03-16T05:00:00+01:00,2016-03-16T05:00:00Z,2016-03-16T06:00:00+01:00,1,01:00:00,1,01:00:00,100.0,100.0,2016-03-16T04:00:00Z,2016-03-16T05:00:00+01:00,2016-03-16T05:00:00Z,2016-03-16T06:00:00+01:00
0.1,,,False,6,so2,µg/m³,,raw,01:00:00,2016-03-16T05:00:00Z,2016-03-16T06:00:00+01:00,2016-03-16T06:00:00Z,2016-03-16T07:00:00+01:00,1,01:00:00,1,01:00:00,100.0,100.0,2016-03-16T05:00:00Z,2016-03-16T06:00:00+01:00,2016-03-16T06:00:00Z,2016-03-16T07:00:00+01:00
0.1,,,False,6,so2,µg/m³,,raw,01:00:00,2016-03-16T06:00:00Z,2016-03-16T07:00:00+01:00,2016-03-16T07:00:00Z,2016-03-16T08:00:00+01:00,1,01:00:00,1,01:00:00,100.0,100.0,2016-03-16T06:00:00Z,2016-03-16T07:00:00+01:00,2016-03-16T07:00:00Z,2016-03-16T08:00:00+01:00
0.2,,,False,6,so2,µg/m³,,raw,01:00:00,2016-03-16T07:00:00Z,2016-03-16T08:00:00+01:00,2016-03-16T08:00:00Z,2016-03-16T09:00:00+01:00,1,01:00:00,1,01:00:00,100.0,100.0,2016-03-16T07:00:00Z,2016-03-16T08:00:00+01:00,2016-03-16T08:00:00Z,2016-03-16T09:00:00+01:00
0.3,,,False,6,so2,µg/m³,,raw,01:00:00,2016-03-16T08:00:00Z,2016-03-16T09:00:00+01:00,2016-03-16T09:00:00Z,2016-03-16T10:00:00+01:00,1,01:00:00,1,01:00:00,100.0,100.0,2016-03-16T08:00:00Z,2016-03-16T09:00:00+01:00,2016-03-16T09:00:00Z,2016-03-16T10:00:00+01:00
0.4,,,False,6,so2,µg/m³,,raw,01:00:00,2016-03-16T09:00:00Z,2016-03-16T10:00:00+01:00,2016-03-16T10:00:00Z,2016-03-16T11:00:00+01:00,1,01:00:00,1,01:00:00,100.0,100.0,2016-03-16T09:00:00Z,2016-03-16T10:00:00+01:00,2016-03-16T10:00:00Z,2016-03-16T11:00:00+01:00
0.4,,,False,6,so2,µg/m³,,raw,01:00:00,2016-03-16T10:00:00Z,2016-03-16T11:00:00+01:00,2016-03-16T11:00:00Z,2016-03-16T12:00:00+01:00,1,01:00:00,1,01:00:00,100.0,100.0,2016-03-16T10:00:00Z,2016-03-16T11:00:00+01:00,2016-03-16T11:00:00Z,2016-03-16T12:00:00+01:00
0.4,,,False,6,so2,µg/m³,,raw,01:00:00,2016-03-16T11:00:00Z,2016-03-16T12:00:00+01:00,2016-03-16T12:00:00Z,2016-03-16T13:00:00+01:00,1,01:00:00,1,01:00:00,100.0,100.0,2016-03-16T11:00:00Z,2016-03-16T12:00:00+01:00,2016-03-16T12:00:00Z,2016-03-16T13:00:00+01:00
-999.0,,,False,6,so2,µg/m³,,raw,01:00:00,2016-03-16T12:00:00Z,2016-03-16T13:00:00+01:00,2016-03-16T13:00:00Z,2016-03-16T14:00:00+01:00,1,01:00:00,1,01:00:00,100.0,100.0,2016-03-16T12:00:00Z,2016-03-16T13:00:00+01:00,2016-03-16T13:00:00Z,2016-03-16T14:00:00+01:00
0.3,,,False,6,so2,µg/m³,,raw,01:00:00,2016-03-16T13:00:00Z,2016-03-16T14:00:00+01:00,2016-03-16T14:00:00Z,2016-03-16T15:00:00+01:00,1,01:00:00,1,01:00:00,100.0,100.0,2016-03-16T13:00:00Z,2016-03-16T14:00:00+01:00,2016-03-16T14:00:00Z,2016-03-16T15:00:00+01:00
0.3,,,False,6,so2,µg/m³,,raw,01:00:00,2016-03-16T14:00:00Z,2016-03-16T15:00:00+01:00,2016-03-16T15:00:00Z,2016-03-16T16:00:00+01:00,1,01:00:00,1,01:00:00,100.0,100.0,2016-03-16T14:00:00Z,2016-03-16T15:00:00+01:00,2016-03-16T15:00:00Z,2016-03-16T16:00:00+01:00
0.4,,,False,6,so2,µg/m³,,raw,01:00:00,2016-03-16T15:00:00Z,2016-03-16T16:00:00+01:00,2016-03-16T16:00:00Z,2016-03-16T17:00:00+01:00,1,01:00:00,1,01:00:00,100.0,100.0,2016-03-16T15:00:00Z,2016-03-16T16:00:00+01:00,2016-03-16T16:00:00Z,2016-03-16T17:00:00+01:00
0.3,,,False,6,so2,µg/m³,,raw,01:00:00,2016-03-16T16:00:00Z,2016-03-16T17:00:00+01:00,2016-03-16T17:00:00Z,2016-03-16T18:00:00+01:00,1,01:00:00,1,01:00:00,100.0,100.0,2016-03-16T16:00:00Z,2016-03-16T17:00:00+01:00,2016-03-16T17:00:00Z,2016-03-16T18:00:00+01:00
0.2,,,False,6,so2,µg/m³,,raw,01:00:00,2016-03-16T17:00:00Z,2016-03-16T18:00:00+01:00,2016-03-16T18:00:00Z,2016-03-16T19:00:00+01:00,1,01:00:00,1,01:00:00,100.0,100.0,2016-03-16T17:00:00Z,2016-03-16T18:00:00+01:00,2016-03-16T18:00:00Z,2016-03-16T19:00:00+01:00
0.2,,,False,6,so2,µg/m³,,raw,01:00:00,2016-03-16T18:00:00Z,2016-03-16T19:00:00+01:00,2016-03-16T19:00:00Z,2016-03-16T20:00:00+01:00,1,01:00:00,1,01:00:00,100.0,100.0,2016-03-16T18:00:00Z,2016-03-16T19:00:00+01:00,2016-03-16T19:00:00Z,2016-03-16T20:00:00+01:00
0.1,,,False,6,so2,µg/m³,,raw,01:00:00,2016-03-16T19:00:00Z,2016-03-16T20:00:00+01:00,2016-03-16T20:00:00Z,2016-03-16T21:00:00+01:00,1,01:00:00,1,01:00:00,100.0,100.0,2016-03-16T19:00:00Z,2016-03-16T20:00:00+01:00,2016-03-16T20:00:00Z,2016-03-16T21:00:00+01:00
0.1,,,False,6,so2,µg/m³,,raw,01:00:00,2016-03-16T20:00:00Z,2016-03-16T21:00:00+01:00,2016-03-16T21:00:00Z,2016-03-16T22:00:00+01:00,1,01:00:00,1,01:00:00,100.0,100.0,2016-03-16T20:00:00Z,2016-03-16T21:00:00+01:00,2016-03-16T21:00:00Z,2016-03-16T22:00:00+01:00
-999.0,,,False,6,so2,µg/m³,,raw,01:00:00,2016-03-16T21:00:00Z,2016-03-16T22:00:00+01:00,2016-03-16T22:00:00Z,2016-03-16T23:00:00+01:00,1,01:00:00,1,01:00:00,100.0,100.0,2016-03-16T21:00:00Z,2016-03-16T22:00:00+01:00,2016-03-16T22:00:00Z,2016-03-16T23:00:00+01:00
-999.0,,,False,6,so2,µg/m³,,raw,01:00:00,2016-03-16T22:00:00Z,2016-03-16T23:00:00+01:00,2016-03-16T23:00:00Z,2016-03-17T00:00:00+01:00,1,01:00:00,1,01:00:00,100.0,100.0,2016-03-16T22:00:00Z,2016-03-16T23:00:00+01:00,2016-03-16T23:00:00Z,2016-03-17T00:00:00+01:00
0.0,,,False,6,so2,µg/m³,,raw,01:00:00,2016-03-16T23:00:00Z,2016-03-17T00:00:00+01:00,2016-03-17T00:00:00Z,2016-03-17T01:00:00+01:00,1,01:00:00,1,01:00:00,100.0,100.0,2016-03-16T23:00:00Z,2016-03-17T00:00:00+01:00,2016-03-17T00:00:00Z,2016-03-17T01:00:00+01:00
0.0,,,False,6,so2,µg/m³,,raw,01:00:00,2016-03-17T00:00:00Z,2016-03-17T01:00:00+01:00,2016-03-17T01:00:00Z,2016-03-17T02:00:00+01:00,1,01:00:00,1,01:00:00,100.0,100.0,2016-03-17T00:00:00Z,2016-03-17T01:00:00+01:00,2016-03-17T01:00:00Z,2016-03-17T02:00:00+01:00
0.0,,,False,6,so2,µg/m³,,raw,01:00:00,2016-03-17T01:00:00Z,2016-03-17T02:00:00+01:00,2016-03-17T02:00:00Z,2016-03-17T03:00:00+01:00,1,01:00:00,1,01:00:00,100.0,100.0,2016-03-17T01:00:00Z,2016-03-17T02:00:00+01:00,2016-03-17T02:00:00Z,2016-03-17T03:00:00+01:00
0.0,,,False,6,so2,µg/m³,,raw,01:00:00,2016-03-17T02:00:00Z,2016-03-17T03:00:00+01:00,2016-03-17T03:00:00Z,2016-03-17T04:00:00+01:00,1,01:00:00,1,01:00:00,100.0,100.0,2016-03-17T02:00:00Z,2016-03-17T03:00:00+01:00,2016-03-17T03:00:00Z,2016-03-17T04:00:00+01:00
-999.0,,,False,6,so2,µg/m³,,raw,01:00:00,2016-03-17T03:00:00Z,2016-03-17T04:00:00+01:00,2016-03-17T04:00:00Z,2016-03-17T05:00:00+01:00,1,01:00:00,1,01:00:00,100.0,100.0,2016-03-17T03:00:00Z,2016-03-17T04:00:00+01:00,2016-03-17T04:00:00Z,2016-03-17T05:00:00+01:00
0.0,,,False,6,so2,µg/m³,,raw,01:00:00,2016-03-17T04:00:00Z,2016-03-17T05:00:00+01:00,2016-03-17T05:00:00Z,2016-03-17T06:00:00+01:00,1,01:00:00,1,01:00:00,100.0,100.0,2016-03-17T04:00:00Z,2016-03-17T05:00:00+01:00,2016-03-17T05:00:00Z,2016-03-17T06:00:00+01:00
0.4,,,False,6,so2,µg/m³,,raw,01:00:00,2016-03-17T05:00:00Z,2016-03-17T06:00:00+01:00,2016-03-17T06:00:00Z,2016-03-17T07:00:00+01:00,1,01:00:00,1,01:00:00,100.0,100.0,2016-03-17T05:00:00Z,2016-03-17T06:00:00+01:00,2016-03-17T06:00:00Z,2016-03-17T07:00:00+01:00
0.5,,,False,6,so2,µg/m³,,raw,01:00:00,2016-03-17T06:00:00Z,2016-03-17T07:00:00+01:00,2016-03-17T07:00:00Z,2016-03-17T08:00:00+01:00,1,01:00:00,1,01:00:00,100.0,100.0,2016-03-17T06:00:00Z,2016-03-17T07:00:00+01:00,2016-03-17T07:00:00Z,2016-03-17T08:00:00+01:00
0.6,,,False,6,so2,µg/m³,,raw,01:00:00,2016-03-17T07:00:00Z,2016-03-17T08:00:00+01:00,2016-03-17T08:00:00Z,2016-03-17T09:00:00+01:00,1,01:00:00,1,01:00:00,100.0,100.0,2016-03-17T07:00:00Z,2016-03-17T08:00:00+01:00,2016-03-17T08:00:00Z,2016-03-17T09:00:00+01:00
-999.0,,,False,6,so2,µg/m³,,raw,01:00:00,2016-03-17T08:00:00Z,2016-03-17T09:00:00+01:00,2016-03-17T09:00:00Z,2016-03-17T10:00:00+01:00,1,01:00:00,1,01:00:00,100.0,100.0,2016-03-17T08:00:00Z,2016-03-17T09:00:00+01:00,2016-03-17T09:00:00Z,2016-03-17T10:00:00+01:00
1.4,,,False,6,so2,µg/m³,,raw,01:00:00,2016-03-17T09:00:00Z,2016-03-17T10:00:00+01:00,2016-03-17T10:00:00Z,2016-03-17T11:00:00+01:00,1,01:00:00,1,01:00:00,100.0,100.0,2016-03-17T09:00:00Z,2016-03-17T10:00:00+01:00,2016-03-17T10:00:00Z,2016-03-17T11:00:00+01:00
2.5,,,False,6,so2,µg/m³,,raw,01:00:00,2016-03-17T10:00:00Z,2016-03-17T11:00:00+01:00,2016-03-17T11:00:00Z,2016-03-17T12:00:00+01:00,1,01:00:00,1,01:00:00,100.0,100.0,2016-03-17T10:00:00Z,2016-03-17T11:00:00+01:00,2016-03-17T11:00:00Z,2016-03-17T12:00:00+01:00
2.6,,,False,6,so2,µg/m³,,raw,01:00:00,2016-03-17T11:00:00Z,2016-03-17T12:00:00+01:00,2016-03-17T12:00:00Z,2016-03-17T13:00:00+01:00,1,01:00:00,1,01:00:00,100.0,100.0,2016-03-17T11:00:00Z,2016-03-17T12:00:00+01:00,2016-03-17T12:00:00Z,2016-03-17T13:00:00+01:00
1.2,,,False,6,so2,µg/m³,,raw,01:00:00,2016-03-17T12:00:00Z,2016-03-17T13:00:00+01:00,2016-03-17T13:00:00Z,2016-03-17T14:00:00+01:00,1,01:00:00,1,01:00:00,100.0,100.0,2016-03-17T12:00:00Z,2016-03-17T13:00:00+01:00,2016-03-17T13:00:00Z,2016-03-17T14:00:00+01:00
1.0,,,False,6,so2,µg/m³,,raw,01:00:00,2016-03-17T13:00:00Z,2016-03-17T14:00:00+01:00,2016-03-17T14:00:00Z,2016-03-17T15:00:00+01:00,1,01:00:00,1,01:00:00,100.0,100.0,2016-03-17T13:00:00Z,2016-03-17T14:00:00+01:00,2016-03-17T14:00:00Z,2016-03-17T15:00:00+01:00
1.0,,,False,6,so2,µg/m³,,raw,01:00:00,2016-03-17T14:00:00Z,2016-03-17T15:00:00+01:00,2016-03-17T15:00:00Z,2016-03-17T16:00:00+01:00,1,01:00:00,1,01:00:00,100.0,100.0,2016-03-17T14:00:00Z,2016-03-17T15:00:00+01:00,2016-03-17T15:00:00Z,2016-03-17T16:00:00+01:00
1.2,,,False,6,so2,µg/m³,,raw,01:00:00,2016-03-17T15:00:00Z,2016-03-17T16:00:00+01:00,2016-03-17T16:00:00Z,2016-03-17T17:00:00+01:00,1,01:00:00,1,01:00:00,100.0,100.0,2016-03-17T15:00:00Z,2016-03-17T16:00:00+01:00,2016-03-17T16:00:00Z,2016-03-17T17:00:00+01:00
2.1,,,False,6,so2,µg/m³,,raw,01:00:00,2016-03-17T16:00:00Z,2016-03-17T17:00:00+01:00,2016-03-17T17:00:00Z,2016-03-17T18:00:00+01:00,1,01:00:00,1,01:00:00,100.0,100.0,2016-03-17T16:00:00Z,2016-03-17T17:00:00+01:00,2016-03-17T17:00:00Z,2016-03-17T18:00:00+01:00
2.2,,,False,6,so2,µg/m³,,raw,01:00:00,2016-03-17T17:00:00Z,2016-03-17T18:00:00+01:00,2016-03-17T18:00:00Z,2016-03-17T19:00:00+01:00,1,01:00:00,1,01:00:00,100.0,100.0,2016-03-17T17:00:00Z,2016-03-17T18:00:00+01:00,2016-03-17T18:00:00Z,2016-03-17T19:00:00+01:00
-999.0,,,False,6,so2,µg/m³,,raw,01:00:00,2016-03-17T18:00:00Z,2016-03-17T19:00:00+01:00,2016-03-17T19:00:00Z,2016-03-17T20:00:00+01:00,1,01:00:00,1,01:00:00,100.0,100.0,2016-03-17T18:00:00Z,2016-03-17T19:00:00+01:00,2016-03-17T19:00:00Z,2016-03-17T20:00:00+01:00
1.4,,,False,6,so2,µg/m³,,raw,01:00:00,2016-03-17T19:00:00Z,2016-03-17T20:00:00+01:00,2016-03-17T20:00:00Z,2016-03-17T21:00:00+01:00,1,01:00:00,1,01:00:00,100.0,100.0,2016-03-17T19:00:00Z,2016-03-17T20:00:00+01:00,2016-03-17T20:00:00Z,2016-03-17T21:00:00+01:00
0.6,,,False,6,so2,µg/m³,,raw,01:00:00,2016-03-17T20:00:00Z,2016-03-17T21:00:00+01:00,2016-03-17T21:00:00Z,2016-03-17T22:00:00+01:00,1,01:00:00,1,01:00:00,100.0,100.0,2016-03-17T20:00:00Z,2016-03-17T21:00:00+01:00,2016-03-17T21:00:00Z,2016-03-17T22:00:00+01:00
-999.0,,,False,6,so2,µg/m³,,raw,01:00:00,2016-03-17T21:00:00Z,2016-03-17T22:00:00+01:00,2016-03-17T22:00:00Z,2016-03-17T23:00:00+01:00,1,01:00:00,1,01:00:00,100.0,100.0,2016-03-17T21:00:00Z,2016-03-17T22:00:00+01:00,2016-03-17T22:00:00Z,2016-03-17T23:00:00+01:00
-999.0,,,False,6,so2,µg/m³,,raw,01:00:00,2016-03-17T22:00:00Z,2016-03-17T23:00:00+01:00,2016-03-17T23:00:00Z,2016-03-18T00:00:00+01:00,1,01:00:00,1,01:00:00,100.0,100.0,2016-03-17T22:00:00Z,2016-03-17T23:00:00+01:00,2016-03-17T23:00:00Z,2016-03-18T00:00:00+01:00
0.7,,,False,6,so2,µg/m³,,raw,01:00:00,2016-03-17T23:00:00Z,2016-03-18T00:00:00+01:00,2016-03-18T00:00:00Z,2016-03-18T01:00:00+01:00,1,01:00:00,1,01:00:00,100.0,100.0,2016-03-17T23:00:00Z,2016-03-18T00:00:00+01:00,2016-03-18T00:00:00Z,2016-03-18T01:00:00+01:00
0.7,,,False,6,so2,µg/m³,,raw,01:00:00,2016-03-18T00:00:00Z,2016-03-18T01:00:00+01:00,2016-03-18T01:00:00Z,2016-03-18T02:00:00+01:00,1,01:00:00,1,01:00:00,100.0,100.0,2016-03-18T00:00:00Z,2016-03-18T01:00:00+01:00,2016-03-18T01:00:00Z,2016-03-18T02:00:00+01:00
0.6,,,False,6,so2,µg/m³,,raw,01:00:00,2016-03-18T01:00:00Z,2016-03-18T02:00:00+01:00,2016-03-18T02:00:00Z,2016-03-18T03:00:00+01:00,1,01:00:00,1,01:00:00,100.0,100.0,2016-03-18T01:00:00Z,2016-03-18T02:00:00+01:00,2016-03-18T02:00:00Z,2016-03-18T03:00:00+01:00
0.5,,,False,6,so2,µg/m³,,raw,01:00:00,2016-03-18T02:00:00Z,2016-03-18T03:00:00+01:00,2016-03-18T03:00:00Z,2016-03-18T04:00:00+01:00,1,01:00:00,1,01:00:00,100.0,100.0,2016-03-18T02:00:00Z,2016-03-18T03:00:00+01:00,2016-03-18T03:00:00Z,2016-03-18T04:00:00+01:00
0.5,,,False,6,so2,µg/m³,,raw,01:00:00,2016-03-18T03:00:00Z,2016-03-18T04:00:00+01:00,2016-03-18T04:00:00Z,2016-03-18T05:00:00+01:00,1,01:00:00,1,01:00:00,100.0,100.0,2016-03-18T03:00:00Z,2016-03-18T04:00:00+01:00,2016-03-18T04:00:00Z,2016-03-18T05:00:00+01:00
0.4,,,False,6,so2,µg/m³,,raw,01:00:00,2016-03-18T04:00:00Z,2016-03-18T05:00:00+01:00,2016-03-18T05:00:00Z,2016-03-18T06:00:00+01:00,1,01:00:00,1,01:00:00,100.0,100.0,2016-03-18T04:00:00Z,2016-03-18T05:00:00+01:00,2016-03-18T05:00:00Z,2016-03-18T06:00:00+01:00
0.4,,,False,6,so2,µg/m³,,raw,01:00:00,2016-03-18T05:00:00Z,2016-03-18T06:00:00+01:00,2016-03-18T06:00:00Z,2016-03-18T07:00:00+01:00,1,01:00:00,1,01:00:00,100.0,100.0,2016-03-18T05:00:00Z,2016-03-18T06:00:00+01:00,2016-03-18T06:00:00Z,2016-03-18T07:00:00+01:00
0.5,,,False,6,so2,µg/m³,,raw,01:00:00,2016-03-18T06:00:00Z,2016-03-18T07:00:00+01:00,2016-03-18T07:00:00Z,2016-03-18T08:00:00+01:00,1,01:00:00,1,01:00:00,100.0,100.0,2016-03-18T06:00:00Z,2016-03-18T07:00:00+01:00,2016-03-18T07:00:00Z,2016-03-18T08:00:00+01:00
0.5,,,False,6,so2,µg/m³,,raw,01:00:00,2016-03-18T07:00:00Z,2016-03-18T08:00:00+01:00,2016-03-18T08:00:00Z,2016-03-18T09:00:00+01:00,1,01:00:00,1,01:00:00,100.0,100.0,2016-03-18T07:00:00Z,2016-03-18T08:00:00+01:00,2016-03-18T08:00:00Z,2016-03-18T09:00:00+01:00
0.5,,,False,6,so2,µg/m³,,raw,01:00:00,2016-03-18T08:00:00Z,2016-03-18T09:00:00+01:00,2016-03-18T09:00:00Z,2016-03-18T10:00:00+01:00,1,01:00:00,1,01:00:00,100.0,100.0,2016-03-18T08:00:00Z,2016-03-18T09:00:00+01:00,2016-03-18T09:00:00Z,2016-03-18T10:00:00+01:00
-999.0,,,False,6,so2,µg/m³,,raw,01:00:00,2016-03-18T09:00:00Z,2016-03-18T10:00:00+01:00,2016-03-18T10:00:00Z,2016-03-18T11:00:00+01:00,1,01:00:00,1,01:00:00,100.0,100.0,2016-03-18T09:00:00Z,2016-03-18T10:00:00+01:00,2016-03-18T10:00:00Z,2016-03-18T11:00:00+01:00
0.7,,,False,6,so2,µg/m³,,raw,01:00:00,2016-03-18T10:00:00Z,2016-03-18T11:00:00+01:00,2016-03-18T11:00:00Z,2016-03-18T12:00:00+01:00,1,01:00:00,1,01:00:00,100.0,100.0,2016-03-18T10:00:00Z,2016-03-18T11:00:00+01:00,2016-03-18T11:00:00Z,2016-03-18T12:00:00+01:00
0.6,,,False,6,so2,µg/m³,,raw,01:00:00,2016-03-18T11:00:00Z,2016-03-18T12:00:00+01:00,2016-03-18T12:00:00Z,2016-03-18T13:00:00+01:00,1,01:00:00,1,01:00:00,100.0,100.0,2016-03-18T11:00:00Z,2016-03-18T12:00:00+01:00,2016-03-18T12:00:00Z,2016-03-18T13:00:00+01:00
0.8,,,False,6,so2,µg/m³,,raw,01:00:00,2016-03-18T12:00:00Z,2016-03-18T13:00:00+01:00,2016-03-18T13:00:00Z,2016-03-18T14:00:00+01:00,1,01:00:00,1,01:00:00,100.0,100.0,2016-03-18T12:00:00Z,2016-03-18T13:00:00+01:00,2016-03-18T13:00:00Z,2016-03-18T14:00:00+01:00
0.7,,,False,6,so2,µg/m³,,raw,01:00:00,2016-03-18T13:00:00Z,2016-03-18T14:00:00+01:00,2016-03-18T14:00:00Z,2016-03-18T15:00:00+01:00,1,01:00:00,1,01:00:00,100.0,100.0,2016-03-18T13:00:00Z,2016-03-18T14:00:00+01:00,2016-03-18T14:00:00Z,2016-03-18T15:00:00+01:00
0.5,,,False,6,so2,µg/m³,,raw,01:00:00,2016-03-18T14:00:00Z,2016-03-18T15:00:00+01:00,2016-03-18T15:00:00Z,2016-03-18T16:00:00+01:00,1,01:00:00,1,01:00:00,100.0,100.0,2016-03-18T14:00:00Z,2016-03-18T15:00:00+01:00,2016-03-18T15:00:00Z,2016-03-18T16:00:00+01:00
7.38333333333333,,,False,2,pm25,µg/m³,,raw,01:00:00,2016-01-30T00:00:00Z,2016-01-30T01:00:00+01:00,2016-01-30T01:00:00Z,2016-01-30T02:00:00+01:00,1,01:00:00,1,24:00:00,100.0,2400.0,2016-01-29T01:00:00Z,2016-01-29T02:00:00+01:00,2016-01-30T01:00:00Z,2016-01-30T02:00:00+01:00
7.31666666666667,,,False,2,pm25,µg/m³,,raw,01:00:00,2016-01-30T01:00:00Z,2016-01-30T02:00:00+01:00,2016-01-30T02:00:00Z,2016-01-30T03:00:00+01:00,1,01:00:00,1,24:00:00,100.0,2400.0,2016-01-29T02:00:00Z,2016-01-29T03:00:00+01:00,2016-01-30T02:00:00Z,2016-01-30T03:00:00+01:00
7.25416666666667,,,False,2,pm25,µg/m³,,raw,01:00:00,2016-01-30T02:00:00Z,2016-01-30T03:00:00+01:00,2016-01-30T03:00:00Z,2016-01-30T04:00:00+01:00,1,01:00:00,1,24:00:00,100.0,2400.0,2016-01-29T03:00:00Z,2016-01-29T04:00:00+01:00,2016-01-30T03:00:00Z,2016-01-30T04:00:00+01:00
7.19166666666667,,,False,2,pm25,µg/m³,,raw,01:00:00,2016-01-30T03:00:00Z,2016-01-30T04:00:00+01:00,2016-01-30T04:00:00Z,2016-01-30T05:00:00+01:00,1,01:00:00,1,24:00:00,100.0,2400.0,2016-01-29T04:00:00Z,2016-01-29T05:00:00+01:00,2016-01-30T04:00:00Z,2016-01-30T05:00:00+01:00
7.10416666666667,,,False,2,pm25,µg/m³,,raw,01:00:00,2016-01-30T04:00:00Z,2016-01-30T05:00:00+01:00,2016-01-30T05:00:00Z,2016-01-30T06:00:00+01:00,1,01:00:00,1,24:00:00,100.0,2400.0,2016-01-29T05:00:00Z,2016-01-29T06:00:00+01:00,2016-01-30T05:00:00Z,2016-01-30T06:00:00+01:00
7.00416666666667,,,False,2,pm25,µg/m³,,raw,01:00:00,2016-01-30T05:00:00Z,2016-01-30T06:00:00+01:00,2016-01-30T06:00:00Z,2016-01-30T07:00:00+01:00,1,01:00:00,1,24:00:00,100.0,2400.0,2016-01-29T06:00:00Z,2016-01-29T07:00:00+01:00,2016-01-30T06:00:00Z,2016-01-30T07:00:00+01:00
6.93478260869565,,,False,2,pm25,µg/m³,,raw,01:00:00,2016-01-30T06:00:00Z,2016-01-30T07:00:00+01:00,2016-01-30T07:00:00Z,2016-01-30T08:00:00+01:00,1,01:00:00,1,24:00:00,100.0,2400.0,2016-01-29T07:00:00Z,2016-01-29T08:00:00+01:00,2016-01-30T07:00:00Z,2016-01-30T08:00:00+01:00
6.9,,,False,2,pm25,µg/m³,,raw,01:00:00,2016-01-30T07:00:00Z,2016-01-30T08:00:00+01:00,2016-01-30T08:00:00Z,2016-01-30T09:00:00+01:00,1,01:00:00,1,24:00:00,100.0,2400.0,2016-01-29T08:00:00Z,2016-01-29T09:00:00+01:00,2016-01-30T08:00:00Z,2016-01-30T09:00:00+01:00
5.95416666666667,,,False,2,pm25,µg/m³,,raw,01:00:00,2016-01-30T08:00:00Z,2016-01-30T09:00:00+01:00,2016-01-30T09:00:00Z,2016-01-30T10:00:00+01:00,1,01:00:00,1,24:00:00,100.0,2400.0,2016-01-29T09:00:00Z,2016-01-29T10:00:00+01:00,2016-01-30T09:00:00Z,2016-01-30T10:00:00+01:00
5.52083333333333,,,False,2,pm25,µg/m³,,raw,01:00:00,2016-01-30T09:00:00Z,2016-01-30T10:00:00+01:00,2016-01-30T10:00:00Z,2016-01-30T11:00:00+01:00,1,01:00:00,1,24:00:00,100.0,2400.0,2016-01-29T10:00:00Z,2016-01-29T11:00:00+01:00,2016-01-30T10:00:00Z,2016-01-30T11:00:00+01:00
5.24583333333333,,,False,2,pm25,µg/m³,,raw,01:00:00,2016-01-30T10:00:00Z,2016-01-30T11:00:00+01:00,2016-01-30T11:00:00Z,2016-01-30T12:00:00+01:00,1,01:00:00,1,24:00:00,100.0,2400.0,2016-01-29T11:00:00Z,2016-01-29T12:00:00+01:00,2016-01-30T11:00:00Z,2016-01-30T12:00:00+01:00
5.02083333333333,,,False,2,pm25,µg/m³,,raw,01:00:00,2016-01-30T11:00:00Z,2016-01-30T12:00:00+01:00,2016-01-30T12:00:00Z,2016-01-30T13:00:00+01:00,1,01:00:00,1,24:00:00,100.0,2400.0,2016-01-29T12:00:00Z,2016-01-29T13:00:00+01:00,2016-01-30T12:00:00Z,2016-01-30T13:00:00+01:00
4.87083333333333,,,False,2,pm25,µg/m³,,raw,01:00:00,2016-01-30T12:00:00Z,2016-01-30T13:00:00+01:00,2016-01-30T13:00:00Z,2016-01-30T14:00:00+01:00,1,01:00:00,1,24:00:00,100.0,2400.0,2016-01-29T13:00:00Z,2016-01-29T14:00:00+01:00,2016-01-30T13:00:00Z,2016-01-30T14:00:00+01:00
4.8375,,,False,2,pm25,µg/m³,,raw,01:00:00,2016-01-30T13:00:00Z,2016-01-30T14:00:00+01:00,2016-01-30T14:00:00Z,2016-01-30T15:00:00+01:00,1,01:00:00,1,24:00:00,100.0,2400.0,2016-01-29T14:00:00Z,2016-01-29T15:00:00+01:00,2016-01-30T14:00:00Z,2016-01-30T15:00:00+01:00
4.825,,,False,2,pm25,µg/m³,,raw,01:00:00,2016-01-30T14:00:00Z,2016-01-30T15:00:00+01:00,2016-01-30T15:00:00Z,2016-01-30T16:00:00+01:00,1,01:00:00,1,24:00:00,100.0,2400.0,2016-01-29T15:00:00Z,2016-01-29T16:00:00+01:00,2016-01-30T15:00:00Z,2016-01-30T16:00:00+01:00
4.83333333333333,,,False,2,pm25,µg/m³,,raw,01:00:00,2016-01-30T15:00:00Z,2016-01-30T16:00:00+01:00,2016-01-30T16:00:00Z,2016-01-30T17:00:00+01:00,1,01:00:00,1,24:00:00,100.0,2400.0,2016-01-29T16:00:00Z,2016-01-29T17:00:00+01:00,2016-01-30T16:00:00Z,2016-01-30T17:00:00+01:00
4.75833333333333,,,False,2,pm25,µg/m³,,raw,01:00:00,2016-01-30T16:00:00Z,2016-01-30T17:00:00+01:00,2016-01-30T17:00:00Z,2016-01-30T18:00:00+01:00,1,01:00:00,1,24:00:00,100.0,2400.0,2016-01-29T17:00:00Z,2016-01-29T18:00:00+01:00,2016-01-30T17:00:00Z,2016-01-30T18:00:00+01:00
4.6,,,False,2,pm25,µg/m³,,raw,01:00:00,2016-01-30T17:00:00Z,2016-01-30T18:00:00+01:00,2016-01-30T18:00:00Z,2016-01-30T19:00:00+01:00,1,01:00:00,1,24:00:00,100.0,2400.0,2016-01-29T18:00:00Z,2016-01-29T19:00:00+01:00,2016-01-30T18:00:00Z,2016-01-30T19:00:00+01:00
4.46666666666667,,,False,2,pm25,µg/m³,,raw,01:00:00,2016-01-30T18:00:00Z,2016-01-30T19:00:00+01:00,2016-01-30T19:00:00Z,2016-01-30T20:00:00+01:00,1,01:00:00,1,24:00:00,100.0,2400.0,2016-01-29T19:00:00Z,2016-01-29T20:00:00+01:00,2016-01-30T19:00:00Z,2016-01-30T20:00:00+01:00
4.4,,,False,2,pm25,µg/m³,,raw,01:00:00,2016-01-30T19:00:00Z,2016-01-30T20:00:00+01:00,2016-01-30T20:00:00Z,2016-01-30T21:00:00+01:00,1,01:00:00,1,24:00:00,100.0,2400.0,2016-01-29T20:00:00Z,2016-01-29T21:00:00+01:00,2016-01-30T20:00:00Z,2016-01-30T21:00:00+01:00
4.44583333333333,,,False,2,pm25,µg/m³,,raw,01:00:00,2016-01-30T20:00:00Z,2016-01-30T21:00:00+01:00,2016-01-30T21:00:00Z,2016-01-30T22:00:00+01:00,1,01:00:00,1,24:00:00,100.0,2400.0,2016-01-29T21:00:00Z,2016-01-29T22:00:00+01:00,2016-01-30T21:00:00Z,2016-01-30T22:00:00+01:00
4.39130434782609,,,False,2,pm25,µg/m³,,raw,01:00:00,2016-01-30T21:00:00Z,2016-01-30T22:00:00+01:00,2016-01-30T22:00:00Z,2016-01-30T23:00:00+01:00,1,01:00:00,1,24:00:00,100.0,2400.0,2016-01-29T22:00:00Z,2016-01-29T23:00:00+01:00,2016-01-30T22:00:00Z,2016-01-30T23:00:00+01:00
4.29545454545455,,,False,2,pm25,µg/m³,,raw,01:00:00,2016-01-30T22:00:00Z,2016-01-30T23:00:00+01:00,2016-01-30T23:00:00Z,2016-01-31T00:00:00+01:00,1,01:00:00,1,24:00:00,100.0,2400.0,2016-01-29T23:00:00Z,2016-01-30T00:00:00+01:00,2016-01-30T23:00:00Z,2016-01-31T00:00:00+01:00
3.94583333333333,,,False,2,pm25,µg/m³,,raw,01:00:00,2016-01-30T23:00:00Z,2016-01-31T00:00:00+01:00,2016-01-31T00:00:00Z,2016-01-31T01:00:00+01:00,1,01:00:00,1,24:00:00,100.0,2400.0,2016-01-30T00:00:00Z,2016-01-30T01:00:00+01:00,2016-01-31T00:00:00Z,2016-01-31T01:00:00+01:00
3.75,,,False,2,pm25,µg/m³,,raw,01:00:00,2016-01-31T00:00:00Z,2016-01-31T01:00:00+01:00,2016-01-31T01:00:00Z,2016-01-31T02:00:00+01:00,1,01:00:00,1,24:00:00,100.0,2400.0,2016-01-30T01:00:00Z,2016-01-30T02:00:00+01:00,2016-01-31T01:00:00Z,2016-01-31T02:00:00+01:00
3.7,,,False,2,pm25,µg/m³,,raw,01:00:00,2016-01-31T01:00:00Z,2016-01-31T02:00:00+01:00,2016-01-31T02:00:00Z,2016-01-31T03:00:00+01:00,1,01:00:00,1,24:00:00,100.0,2400.0,2016-01-30T02:00:00Z,2016-01-30T03:00:00+01:00,2016-01-31T02:00:00Z,2016-01-31T03:00:00+01:00
3.71666666666667,,,False,2,pm25,µg/m³,,raw,01:00:00,2016-01-31T02:00:00Z,2016-01-31T03:00:00+01:00,2016-01-31T03:00:00Z,2016-01-31T04:00:00+01:00,1,01:00:00,1,24:00:00,100.0,2400.0,2016-01-30T03:00:00Z,2016-01-30T04:00:00+01:00,2016-01-31T03:00:00Z,2016-01-31T04:00:00+01:00
3.72916666666667,,,False,2,pm25,µg/m³,,raw,01:00:00,2016-01-31T03:00:00Z,2016-01-31T04:00:00+01:00,2016-01-31T04:00:00Z,2016-01-31T05:00:00+01:00,1,01:00:00,1,24:00:00,100.0,2400.0,2016-01-30T04:00:00Z,2016-01-30T05:00:00+01:00,2016-01-31T04:00:00Z,2016-01-31T05:00:00+01:00
3.825,,,False,2,pm25,µg/m³,,raw,01:00:00,2016-01-31T04:00:00Z,2016-01-31T05:00:00+01:00,2016-01-31T05:00:00Z,2016-01-31T06:00:00+01:00,1,01:00:00,1,24:00:00,100.0,2400.0,2016-01-30T05:00:00Z,2016-01-30T06:00:00+01:00,2016-01-31T05:00:00Z,2016-01-31T06:00:00+01:00
4.05833333333333,,,False,2,pm25,µg/m³,,raw,01:00:00,2016-01-31T05:00:00Z,2016-01-31T06:00:00+01:00,2016-01-31T06:00:00Z,2016-01-31T07:00:00+01:00,1,01:00:00,1,24:00:00,100.0,2400.0,2016-01-30T06:00:00Z,2016-01-30T07:00:00+01:00,2016-01-31T06:00:00Z,2016-01-31T07:00:00+01:00
4.37916666666667,,,False,2,pm25,µg/m³,,raw,01:00:00,2016-01-31T06:00:00Z,2016-01-31T07:00:00+01:00,2016-01-31T07:00:00Z,2016-01-31T08:00:00+01:00,1,01:00:00,1,24:00:00,100.0,2400.0,2016-01-30T07:00:00Z,2016-01-30T08:00:00+01:00,2016-01-31T07:00:00Z,2016-01-31T08:00:00+01:00
4.58333333333333,,,False,2,pm25,µg/m³,,raw,01:00:00,2016-01-31T07:00:00Z,2016-01-31T08:00:00+01:00,2016-01-31T08:00:00Z,2016-01-31T09:00:00+01:00,1,01:00:00,1,24:00:00,100.0,2400.0,2016-01-30T08:00:00Z,2016-01-30T09:00:00+01:00,2016-01-31T08:00:00Z,2016-01-31T09:00:00+01:00
4.74166666666667,,,False,2,pm25,µg/m³,,raw,01:00:00,2016-01-31T08:00:00Z,2016-01-31T09:00:00+01:00,2016-01-31T09:00:00Z,2016-01-31T10:00:00+01:00,1,01:00:00,1,24:00:00,100.0,2400.0,2016-01-30T09:00:00Z,2016-01-30T10:00:00+01:00,2016-01-31T09:00:00Z,2016-01-31T10:00:00+01:00
4.9,,,False,2,pm25,µg/m³,,raw,01:00:00,2016-01-31T09:00:00Z,2016-01-31T10:00:00+01:00,2016-01-31T10:00:00Z,2016-01-31T11:00:00+01:00,1,01:00:00,1,24:00:00,100.0,2400.0,2016-01-30T10:00:00Z,2016-01-30T11:00:00+01:00,2016-01-31T10:00:00Z,2016-01-31T11:00:00+01:00
5.14166666666667,,,False,2,pm25,µg/m³,,raw,01:00:00,2016-01-31T10:00:00Z,2016-01-31T11:00:00+01:00,2016-01-31T11:00:00Z,2016-01-31T12:00:00+01:00,1,01:00:00,1,24:00:00,100.0,2400.0,2016-01-30T11:00:00Z,2016-01-30T12:00:00+01:00,2016-01-31T11:00:00Z,2016-01-31T12:00:00+01:00
5.3875,,,False,2,pm25,µg/m³,,raw,01:00:00,2016-01-31T11:00:00Z,2016-01-31T12:00:00+01:00,2016-01-31T12:00:00Z,2016-01-31T13:00:00+01:00,1,01:00:00,1,24:00:00,100.0,2400.0,2016-01-30T12:00:00Z,2016-01-30T13:00:00+01:00,2016-01-31T12:00:00Z,2016-01-31T13:00:00+01:00
5.47826086956522,,,False,2,pm25,µg/m³,,raw,01:00:00,2016-01-31T12:00:00Z,2016-01-31T13:00:00+01:00,2016-01-31T13:00:00Z,2016-01-31T14:00:00+01:00,1,01:00:00,1,24:00:00,100.0,2400.0,2016-01-30T13:00:00Z,2016-01-30T14:00:00+01:00,2016-01-31T13:00:00Z,2016-01-31T14:00:00+01:00
5.48636363636364,,,False,2,pm25,µg/m³,,raw,01:00:00,2016-01-31T13:00:00Z,2016-01-31T14:00:00+01:00,2016-01-31T14:00:00Z,2016-01-31T15:00:00+01:00,1,01:00:00,1,24:00:00,100.0,2400.0,2016-01-30T14:00:00Z,2016-01-30T15:00:00+01:00,2016-01-31T14:00:00Z,2016-01-31T15:00:00+01:00
5.53333333333333,,,False,2,pm25,µg/m³,,raw,01:00:00,2016-01-31T14:00:00Z,2016-01-31T15:00:00+01:00,2016-01-31T15:00:00Z,2016-01-31T16:00:00+01:00,1,01:00:00,1,24:00:00,100.0,2400.0,2016-01-30T15:00:00Z,2016-01-30T16:00:00+01:00,2016-01-31T15:00:00Z,2016-01-31T16:00:00+01:00
5.62916666666667,,,False,2,pm25,µg/m³,,raw,01:00:00,2016-01-31T15:00:00Z,2016-01-31T16:00:00+01:00,2016-01-31T16:00:00Z,2016-01-31T17:00:00+01:00,1,01:00:00,1,24:00:00,100.0,2400.0,2016-01-30T16:00:00Z,2016-01-30T17:00:00+01:00,2016-01-31T16:00:00Z,2016-01-31T17:00:00+01:00
5.675,,,False,2,pm25,µg/m³,,raw,01:00:00,2016-01-31T16:00:00Z,2016-01-31T17:00:00+01:00,2016-01-31T17:00:00Z,2016-01-31T18:00:00+01:00,1,01:00:00,1,24:00:00,100.0,2400.0,2016-01-30T17:00:00Z,2016-01-30T18:00:00+01:00,2016-01-31T17:00:00Z,2016-01-31T18:00:00+01:00
5.82916666666667,,,False,2,pm25,µg/m³,,raw,01:00:00,2016-01-31T17:00:00Z,2016-01-31T18:00:00+01:00,2016-01-31T18:00:00Z,2016-01-31T19:00:00+01:00,1,01:00:00,1,24:00:00,100.0,2400.0,2016-01-30T18:00:00Z,2016-01-30T19:00:00+01:00,2016-01-31T18:00:00Z,2016-01-31T19:00:00+01:00
6.05416666666667,,,False,2,pm25,µg/m³,,raw,01:00:00,2016-01-31T18:00:00Z,2016-01-31T19:00:00+01:00,2016-01-31T19:00:00Z,2016-01-31T20:00:00+01:00,1,01:00:00,1,24:00:00,100.0,2400.0,2016-01-30T19:00:00Z,2016-01-30T20:00:00+01:00,2016-01-31T19:00:00Z,2016-01-31T20:00:00+01:00
6.06666666666667,,,False,2,pm25,µg/m³,,raw,01:00:00,2016-01-31T19:00:00Z,2016-01-31T20:00:00+01:00,2016-01-31T20:00:00Z,2016-01-31T21:00:00+01:00,1,01:00:00,1,24:00:00,100.0,2400.0,2016-01-30T20:00:00Z,2016-01-30T21:00:00+01:00,2016-01-31T20:00:00Z,2016-01-31T21:00:00+01:00
5.9375,,,False,2,pm25,µg/m³,,raw,01:00:00,2016-01-31T20:00:00Z,2016-01-31T21:00:00+01:00,2016-01-31T21:00:00Z,2016-01-31T22:00:00+01:00,1,01:00:00,1,24:00:00,100.0,2400.0,2016-01-30T21:00:00Z,2016-01-30T22:00:00+01:00,2016-01-31T21:00:00Z,2016-01-31T22:00:00+01:00
5.85,,,False,2,pm25,µg/m³,,raw,01:00:00,2016-01-31T21:00:00Z,2016-01-31T22:00:00+01:00,2016-01-31T22:00:00Z,2016-01-31T23:00:00+01:00,1,01:00:00,1,24:00:00,100.0,2400.0,2016-01-30T22:00:00Z,2016-01-30T23:00:00+01:00,2016-01-31T22:00:00Z,2016-01-31T23:00:00+01:00
6.05217391304348,,,False,2,pm25,µg/m³,,raw,01:00:00,2016-01-31T22:00:00Z,2016-01-31T23:00:00+01:00,2016-01-31T23:00:00Z,2016-02-01T00:00:00+01:00,1,01:00:00,1,24:00:00,100.0,2400.0,2016-01-30T23:00:00Z,2016-01-31T00:00:00+01:00,2016-01-31T23:00:00Z,2016-02-01T00:00:00+01:00
5.95416666666667,,,False,2,pm25,µg/m³,,raw,01:00:00,2016-01-31T23:00:00Z,2016-02-01T00:00:00+01:00,2016-02-01T00:00:00Z,2016-02-01T01:00:00+01:00,1,01:00:00,1,24:00:00,100.0,2400.0,2016-01-31T00:00:00Z,2016-01-31T01:00:00+01:00,2016-02-01T00:00:00Z,2016-02-01T01:00:00+01:00
6.04166666666667,,,False,2,pm25,µg/m³,,raw,01:00:00,2016-02-01T00:00:00Z,2016-02-01T01:00:00+01:00,2016-02-01T01:00:00Z,2016-02-01T02:00:00+01:00,1,01:00:00,1,24:00:00,100.0,2400.0,2016-01-31T01:00:00Z,2016-01-31T02:00:00+01:00,2016-02-01T01:00:00Z,2016-02-01T02:00:00+01:00
5.96666666666667,,,False,2,pm25,µg/m³,,raw,01:00:00,2016-02-01T01:00:00Z,2016-02-01T02:00:00+01:00,2016-02-01T02:00:00Z,2016-02-01T03:00:00+01:00,1,01:00:00,1,24:00:00,100.0,2400.0,2016-01-31T02:00:00Z,2016-01-31T03:00:00+01:00,2016-02-01T02:00:00Z,2016-02-01T03:00:00+01:00
5.725,,,False,2,pm25,µg/m³,,raw,01:00:00,2016-02-01T02:00:00Z,2016-02-01T03:00:00+01:00,2016-02-01T03:00:00Z,2016-02-01T04:00:00+01:00,1,01:00:00,1,24:00:00,100.0,2400.0,2016-01-31T03:00:00Z,2016-01-31T04:00:00+01:00,2016-02-01T03:00:00Z,2016-02-01T04:00:00+01:00
5.49166666666667,,,False,2,pm25,µg/m³,,raw,01:00:00,2016-02-01T03:00:00Z,2016-02-01T04:00:00+01:00,2016-02-01T04:00:00Z,2016-02-01T05:00:00+01:00,1,01:00:00,1,24:00:00,100.0,2400.0,2016-01-31T04:00:00Z,2016-01-31T05:00:00+01:00,2016-02-01T04:00:00Z,2016-02-01T05:00:00+01:00
5.27916666666667,,,False,2,pm25,µg/m³,,raw,01:00:00,2016-02-01T04:00:00Z,2016-02-01T05:00:00+01:00,2016-02-01T05:00:00Z,2016-02-01T06:00:00+01:00,1,01:00:00,1,24:00:00,100.0,2400.0,2016-01-31T05:00:00Z,2016-01-31T06:00:00+01:00,2016-02-01T05:00:00Z,2016-02-01T06:00:00+01:00
5.06666666666667,,,False,2,pm25,µg/m³,,raw,01:00:00,2016-02-01T05:00:00Z,2016-02-01T06:00:00+01:00,2016-02-01T06:00:00Z,2016-02-01T07:00:00+01:00,1,01:00:00,1,24:00:00,100.0,2400.0,2016-01-31T06:00:00Z,2016-01-31T07:00:00+01:00,2016-02-01T06:00:00Z,2016-02-01T07:00:00+01:00
5.025,,,False,2,pm25,µg/m³,,raw,01:00:00,2016-02-01T06:00:00Z,2016-02-01T07:00:00+01:00,2016-02-01T07:00:00Z,2016-02-01T08:00:00+01:00,1,01:00:00,1,24:00:00,100.0,2400.0,2016-01-31T07:00:00Z,2016-01-31T08:00:00+01:00,2016-02-01T07:00:00Z,2016-02-01T08:00:00+01:00
5.17916666666667,,,False,2,pm25,µg/m³,,raw,01:00:00,2016-02-01T07:00:00Z,2016-02-01T08:00:00+01:00,2016-02-01T08:00:00Z,2016-02-01T09:00:00+01:00,1,01:00:00,1,24:00:00,100.0,2400.0,2016-01-31T08:00:00Z,2016-01-31T09:00:00+01:00,2016-02-01T08:00:00Z,2016-02-01T09:00:00+01:00
5.27083333333333,,,False,2,pm25,µg/m³,,raw,01:00:00,2016-02-01T08:00:00Z,2016-02-01T09:00:00+01:00,2016-02-01T09:00:00Z,2016-02-01T10:00:00+01:00,1,01:00:00,1,24:00:00,100.0,2400.0,2016-01-31T09:00:00Z,2016-01-31T10:00:00+01:00,2016-02-01T09:00:00Z,2016-02-01T10:00:00+01:00
5.27916666666667,,,False,2,pm25,µg/m³,,raw,01:00:00,2016-02-01T09:00:00Z,2016-02-01T10:00:00+01:00,2016-02-01T10:00:00Z,2016-02-01T11:00:00+01:00,1,01:00:00,1,24:00:00,100.0,2400.0,2016-01-31T10:00:00Z,2016-01-31T11:00:00+01:00,2016-02-01T10:00:00Z,2016-02-01T11:00:00+01:00
5.19130434782609,,,False,2,pm25,µg/m³,,raw,01:00:00,2016-02-01T10:00:00Z,2016-02-01T11:00:00+01:00,2016-02-01T11:00:00Z,2016-02-01T12:00:00+01:00,1,01:00:00,1,24:00:00,100.0,2400.0,2016-01-31T11:00:00Z,2016-01-31T12:00:00+01:00,2016-02-01T11:00:00Z,2016-02-01T12:00:00+01:00
5.07272727272727,,,False,2,pm25,µg/m³,,raw,01:00:00,2016-02-01T11:00:00Z,2016-02-01T12:00:00+01:00,2016-02-01T12:00:00Z,2016-02-01T13:00:00+01:00,1,01:00:00,1,24:00:00,100.0,2400.0,2016-01-31T12:00:00Z,2016-01-31T13:00:00+01:00,2016-02-01T12:00:00Z,2016-02-01T13:00:00+01:00
5.5125,,,False,2,pm25,µg/m³,,raw,01:00:00,2016-02-01T12:00:00Z,2016-02-01T13:00:00+01:00,2016-02-01T13:00:00Z,2016-02-01T14:00:00+01:00,1,01:00:00,1,24:00:00,100.0,2400.0,2016-01-31T13:00:00Z,2016-01-31T14:00:00+01:00,2016-02-01T13:00:00Z,2016-02-01T14:00:00+01:00
5.60416666666667,,,False,2,pm25,µg/m³,,raw,01:00:00,2016-02-01T13:00:00Z,2016-02-01T14:00:00+01:00,2016-02-01T14:00:00Z,2016-02-01T15:00:00+01:00,1,01:00:00,1,24:00:00,100.0,2400.0,2016-01-31T14:00:00Z,2016-01-31T15:00:00+01:00,2016-02-01T14:00:00Z,2016-02-01T15:00:00+01:00
5.59583333333333,,,False,2,pm25,µg/m³,,raw,01:00:00,2016-02-01T14:00:00Z,2016-02-01T15:00:00+01:00,2016-02-01T15:00:00Z,2016-02-01T16:00:00+01:00,1,01:00:00,1,24:00:00,100.0,2400.0,2016-01-31T15:00:00Z,2016-01-31T16:00:00+01:00,2016-02-01T15:00:00Z,2016-02-01T16:00:00+01:00
5.49583333333333,,,False,2,pm25,µg/m³,,raw,01:00:00,2016-02-01T15:00:00Z,2016-02-01T16:00:00+01:00,2016-02-01T16:00:00Z,2016-02-01T17:00:00+01:00,1,01:00:00,1,24:00:00,100.0,2400.0,2016-01-31T16:00:00Z,2016-01-31T17:00:00+01:00,2016-02-01T16:00:00Z,2016-02-01T17:00:00+01:00
5.4125,,,False,2,pm25,µg/m³,,raw,01:00:00,2016-02-01T16:00:00Z,2016-02-01T17:00:00+01:00,2016-02-01T17:00:00Z,2016-02-01T18:00:00+01:00,1,01:00:00,1,24:00:00,100.0,2400.0,2016-01-31T17:00:00Z,2016-01-31T18:00:00+01:00,2016-02-01T17:00:00Z,2016-02-01T18:00:00+01:00
5.26666666666667,,,False,2,pm25,µg/m³,,raw,01:00:00,2016-02-01T17:00:00Z,2016-02-01T18:00:00+01:00,2016-02-01T18:00:00Z,2016-02-01T19:00:00+01:00,1,01:00:00,1,24:00:00,100.0,2400.0,2016-01-31T18:00:00Z,2016-01-31T19:00:00+01:00,2016-02-01T18:00:00Z,2016-02-01T19:00:00+01:00
4.9875,,,False,2,pm25,µg/m³,,raw,01:00:00,2016-02-01T18:00:00Z,2016-02-01T19:00:00+01:00,2016-02-01T19:00:00Z,2016-02-01T20:00:00+01:00,1,01:00:00,1,24:00:00,100.0,2400.0,2016-01-31T19:00:00Z,2016-01-31T20:00:00+01:00,2016-02-01T19:00:00Z,2016-02-01T20:00:00+01:00
4.94347826086956,,,False,2,pm25,µg/m³,,raw,01:00:00,2016-02-01T19:00:00Z,2016-02-01T20:00:00+01:00,2016-02-01T20:00:00Z,2016-02-01T21:00:00+01:00,1,01:00:00,1,24:00:00,100.0,2400.0,2016-01-31T20:00:00Z,2016-01-31T21:00:00+01:00,2016-02-01T20:00:00Z,2016-02-01T21:00:00+01:00
5.20833333333333,,,False,2,pm25,µg/m³,,raw,01:00:00,2016-02-01T20:00:00Z,2016-02-01T21:00:00+01:00,2016-02-01T21:00:00Z,2016-02-01T22:00:00+01:00,1,01:00:00,1,24:00:00,100.0,2400.0,2016-01-31T21:00:00Z,2016-01-31T22:00:00+01:00,2016-02-01T21:00:00Z,2016-02-01T22:00:00+01:00
5.40833333333333,,,False,2,pm25,µg/m³,,raw,01:00:00,2016-02-01T21:00:00Z,2016-02-01T22:00:00+01:00,2016-02-01T22:00:00Z,2016-02-01T23:00:00+01:00,1,01:00:00,1,24:00:00,100.0,2400.0,2016-01-31T22:00:00Z,2016-01-31T23:00:00+01:00,2016-02-01T22:00:00Z,2016-02-01T23:00:00+01:00
5.5695652173913,,,False,2,pm25,µg/m³,,raw,01:00:00,2016-02-01T22:00:00Z,2016-02-01T23:00:00+01:00,2016-02-01T23:00:00Z,2016-02-02T00:00:00+01:00,1,01:00:00,1,24:00:00,100.0,2400.0,2016-01-31T23:00:00Z,2016-02-01T00:00:00+01:00,2016-02-01T23:00:00Z,2016-02-02T00:00:00+01:00
6.2375,,,False,2,pm25,µg/m³,,raw,01:00:00,2016-02-01T23:00:00Z,2016-02-02T00:00:00+01:00,2016-02-02T00:00:00Z,2016-02-02T01:00:00+01:00,1,01:00:00,1,24:00:00,100.0,2400.0,2016-02-01T00:00:00Z,2016-02-01T01:00:00+01:00,2016-02-02T00:00:00Z,2016-02-02T01:00:00+01:00
6.5375,,,False,2,pm25,µg/m³,,raw,01:00:00,2016-02-02T00:00:00Z,2016-02-02T01:00:00+01:00,2016-02-02T01:00:00Z,2016-02-02T02:00:00+01:00,1,01:00:00,1,24:00:00,100.0,2400.0,2016-02-01T01:00:00Z,2016-02-01T02:00:00+01:00,2016-02-02T01:00:00Z,2016-02-02T02:00:00+01:00
6.79166666666667,,,False,2,pm25,µg/m³,,raw,01:00:00,2016-02-02T01:00:00Z,2016-02-02T02:00:00+01:00,2016-02-02T02:00:00Z,2016-02-02T03:00:00+01:00,1,01:00:00,1,24:00:00,100.0,2400.0,2016-02-01T02:00:00Z,2016-02-01T03:00:00+01:00,2016-02-02T02:00:00Z,2016-02-02T03:00:00+01:00
7.44166666666667,,,False,2,pm25,µg/m³,,raw,01:00:00,2016-02-02T02:00:00Z,2016-02-02T03:00:00+01:00,2016-02-02T03:00:00Z,2016-02-02T04:00:00+01:00,1,01:00:00,1,24:00:00,100.0,2400.0,2016-02-01T03:00:00Z,2016-02-01T04:00:00+01:00,2016-02-02T03:00:00Z,2016-02-02T04:00:00+01:00
7.75416666666667,,,False,2,pm25,µg/m³,,raw,01:00:00,2016-02-02T03:00:00Z,2016-02-02T04:00:00+01:00,2016-02-02T04:00:00Z,2016-02-02T05:00:00+01:00,1,01:00:00,1,24:00:00,100.0,2400.0,2016-02-01T04:00:00Z,2016-02-01T05:00:00+01:00,2016-02-02T04:00:00Z,2016-02-02T05:00:00+01:00
7.99583333333333,,,False,2,pm25,µg/m³,,raw,01:00:00,2016-02-02T04:00:00Z,2016-02-02T05:00:00+01:00,2016-02-02T05:00:00Z,2016-02-02T06:00:00+01:00,1,01:00:00,1,24:00:00,100.0,2400.0,2016-02-01T05:00:00Z,2016-02-01T06:00:00+01:00,2016-02-02T05:00:00Z,2016-02-02T06:00:00+01:00
8.20416666666667,,,False,2,pm25,µg/m³,,raw,01:00:00,2016-02-02T05:00:00Z,2016-02-02T06:00:00+01:00,2016-02-02T06:00:00Z,2016-02-02T07:00:00+01:00,1,01:00:00,1,24:00:00,100.0,2400.0,2016-02-01T06:00:00Z,2016-02-01T07:00:00+01:00,2016-02-02T06:00:00Z,2016-02-02T07:00:00+01:00
8.2625,,,False,2,pm25,µg/m³,,raw,01:00:00,2016-02-02T06:00:00Z,2016-02-02T07:00:00+01:00,2016-02-02T07:00:00Z,2016-02-02T08:00:00+01:00,1,01:00:00,1,24:00:00,100.0,2400.0,2016-02-01T07:00:00Z,2016-02-01T08:00:00+01:00,2016-02-02T07:00:00Z,2016-02-02T08:00:00+01:00
8.25833333333333,,,False,2,pm25,µg/m³,,raw,01:00:00,2016-02-02T07:00:00Z,2016-02-02T08:00:00+01:00,2016-02-02T08:00:00Z,2016-02-02T09:00:00+01:00,1,01:00:00,1,24:00:00,100.0,2400.0,2016-02-01T08:00:00Z,2016-02-01T09:00:00+01:00,2016-02-02T08:00:00Z,2016-02-02T09:00:00+01:00
8.475,,,False,2,pm25,µg/m³,,raw,01:00:00,2016-02-02T08:00:00Z,2016-02-02T09:00:00+01:00,2016-02-02T09:00:00Z,2016-02-02T10:00:00+01:00,1,01:00:00,1,24:00:00,100.0,2400.0,2016-02-01T09:00:00Z,2016-02-01T10:00:00+01:00,2016-02-02T09:00:00Z,2016-02-02T10:00:00+01:00
8.76666666666667,,,False,2,pm25,µg/m³,,raw,01:00:00,2016-02-02T09:00:00Z,2016-02-02T10:00:00+01:00,2016-02-02T10:00:00Z,2016-02-02T11:00:00+01:00,1,01:00:00,1,24:00:00,100.0,2400.0,2016-02-01T10:00:00Z,2016-02-01T11:00:00+01:00,2016-02-02T10:00:00Z,2016-02-02T11:00:00+01:00
8.89130434782609,,,False,2,pm25,µg/m³,,raw,01:00:00,2016-02-02T10:00:00Z,2016-02-02T11:00:00+01:00,2016-02-02T11:00:00Z,2016-02-02T12:00:00+01:00,1,01:00:00,1,24:00:00,100.0,2400.0,2016-02-01T11:00:00Z,2016-02-01T12:00:00+01:00,2016-02-02T11:00:00Z,2016-02-02T12:00:00+01:00
8.9125,,,False,2,pm25,µg/m³,,raw,01:00:00,2016-02-02T11:00:00Z,2016-02-02T12:00:00+01:00,2016-02-02T12:00:00Z,2016-02-02T13:00:00+01:00,1,01:00:00,1,24:00:00,100.0,2400.0,2016-02-01T12:00:00Z,2016-02-01T13:00:00+01:00,2016-02-02T12:00:00Z,2016-02-02T13:00:00+01:00
8.80416666666667,,,False,2,pm25,µg/m³,,raw,01:00:00,2016-02-02T12:00:00Z,2016-02-02T13:00:00+01:00,2016-02-02T13:00:00Z,2016-02-02T14:00:00+01:00,1,01:00:00,1,24:00:00,100.0,2400.0,2016-02-01T13:00:00Z,2016-02-01T14:00:00+01:00,2016-02-02T13:00:00Z,2016-02-02T14:00:00+01:00
8.6875,,,False,2,pm25,µg/m³,,raw,01:00:00,2016-02-02T13:00:00Z,2016-02-02T14:00:00+01:00,2016-02-02T14:00:00Z,2016-02-02T15:00:00+01:00,1,01:00:00,1,24:00:00,100.0,2400.0,2016-02-01T14:00:00Z,2016-02-01T15:00:00+01:00,2016-02-02T14:00:00Z,2016-02-02T15:00:00+01:00
8.675,,,False,2,pm25,µg/m³,,raw,01:00:00,2016-02-02T14:00:00Z,2016-02-02T15:00:00+01:00,2016-02-02T15:00:00Z,2016-02-02T16:00:00+01:00,1,01:00:00,1,24:00:00,100.0,2400.0,2016-02-01T15:00:00Z,2016-02-01T16:00:00+01:00,2016-02-02T15:00:00Z,2016-02-02T16:00:00+01:00
8.64166666666667,,,False,2,pm25,µg/m³,,raw,01:00:00,2016-02-02T15:00:00Z,2016-02-02T16:00:00+01:00,2016-02-02T16:00:00Z,2016-02-02T17:00:00+01:00,1,01:00:00,1,24:00:00,100.0,2400.0,2016-02-01T16:00:00Z,2016-02-01T17:00:00+01:00,2016-02-02T16:00:00Z,2016-02-02T17:00:00+01:00
8.625,,,False,2,pm25,µg/m³,,raw,01:00:00,2016-02-02T16:00:00Z,2016-02-02T17:00:00+01:00,2016-02-02T17:00:00Z,2016-02-02T18:00:00+01:00,1,01:00:00,1,24:00:00,100.0,2400.0,2016-02-01T17:00:00Z,2016-02-01T18:00:00+01:00,2016-02-02T17:00:00Z,2016-02-02T18:00:00+01:00
8.70416666666667,,,False,2,pm25,µg/m³,,raw,01:00:00,2016-02-02T17:00:00Z,2016-02-02T18:00:00+01:00,2016-02-02T18:00:00Z,2016-02-02T19:00:00+01:00,1,01:00:00,1,24:00:00,100.0,2400.0,2016-02-01T18:00:00Z,2016-02-01T19:00:00+01:00,2016-02-02T18:00:00Z,2016-02-02T19:00:00+01:00
8.84166666666667,,,False,2,pm25,µg/m³,,raw,01:00:00,2016-02-02T18:00:00Z,2016-02-02T19:00:00+01:00,2016-02-02T19:00:00Z,2016-02-02T20:00:00+01:00,1,01:00:00,1,24:00:00,100.0,2400.0,2016-02-01T19:00:00Z,2016-02-01T20:00:00+01:00,2016-02-02T19:00:00Z,2016-02-02T20:00:00+01:00
8.88333333333333,,,False,2,pm25,µg/m³,,raw,01:00:00,2016-02-02T19:00:00Z,2016-02-02T20:00:00+01:00,2016-02-02T20:00:00Z,2016-02-02T21:00:00+01:00,1,01:00:00,1,24:00:00,100.0,2400.0,2016-02-01T20:00:00Z,2016-02-01T21:00:00+01:00,2016-02-02T20:00:00Z,2016-02-02T21:00:00+01:00
8.7375,,,False,2,pm25,µg/m³,,raw,01:00:00,2016-02-02T20:00:00Z,2016-02-02T21:00:00+01:00,2016-02-02T21:00:00Z,2016-02-02T22:00:00+01:00,1,01:00:00,1,24:00:00,100.0,2400.0,2016-02-01T21:00:00Z,2016-02-01T22:00:00+01:00,2016-02-02T21:00:00Z,2016-02-02T22:00:00+01:00
8.49583333333333,,,False,2,pm25,µg/m³,,raw,01:00:00,2016-02-02T21:00:00Z,2016-02-02T22:00:00+01:00,2016-02-02T22:00:00Z,2016-02-02T23:00:00+01:00,1,01:00:00,1,24:00:00,100.0,2400.0,2016-02-01T22:00:00Z,2016-02-01T23:00:00+01:00,2016-02-02T22:00:00Z,2016-02-02T23:00:00+01:00
8.4,,,False,2,pm25,µg/m³,,raw,01:00:00,2016-02-02T22:00:00Z,2016-02-02T23:00:00+01:00,2016-02-02T23:00:00Z,2016-02-03T00:00:00+01:00,1,01:00:00,1,24:00:00,100.0,2400.0,2016-02-01T23:00:00Z,2016-02-02T00:00:00+01:00,2016-02-02T23:00:00Z,2016-02-03T00:00:00+01:00
7.86666666666667,,,False,2,pm25,µg/m³,,raw,01:00:00,2016-02-02T23:00:00Z,2016-02-03T00:00:00+01:00,2016-02-03T00:00:00Z,2016-02-03T01:00:00+01:00,1,01:00:00,1,24:00:00,100.0,2400.0,2016-02-02T00:00:00Z,2016-02-02T01:00:00+01:00,2016-02-03T00:00:00Z,2016-02-03T01:00:00+01:00
7.6375,,,False,2,pm25,µg/m³,,raw,01:00:00,2016-02-03T00:00:00Z,2016-02-03T01:00:00+01:00,2016-02-03T01:00:00Z,2016-02-03T02:00:00+01:00,1,01:00:00,1,24:00:00,100.0,2400.0,2016-02-02T01:00:00Z,2016-02-02T02:00:00+01:00,2016-02-03T01:00:00Z,2016-02-03T02:00:00+01:00
7.5695652173913,,,False,2,pm25,µg/m³,,raw,01:00:00,2016-02-03T01:00:00Z,2016-02-03T02:00:00+01:00,2016-02-03T02:00:00Z,2016-02-03T03:00:00+01:00,1,01:00:00,1,24:00:00,100.0,2400.0,2016-02-02T02:00:00Z,2016-02-02T03:00:00+01:00,2016-02-03T02:00:00Z,2016-02-03T03:00:00+01:00
7.04166666666667,,,False,2,pm25,µg/m³,,raw,01:00:00,2016-02-03T02:00:00Z,2016-02-03T03:00:00+01:00,2016-02-03T03:00:00Z,2016-02-03T04:00:00+01:00,1,01:00:00,1,24:00:00,100.0,2400.0,2016-02-02T03:00:00Z,2016-02-02T04:00:00+01:00,2016-02-03T03:00:00Z,2016-02-03T04:00:00+01:00
7.00833333333333,,,False,2,pm25,µg/m³,,raw,01:00:00,2016-02-03T03:00:00Z,2016-02-03T04:00:00+01:00,2016-02-03T04:00:00Z,2016-02-03T05:00:00+01:00,1,01:00:00,1,24:00:00,100.0,2400.0,2016-02-02T04:00:00Z,2016-02-02T05:00:00+01:00,2016-02-03T04:00:00Z,2016-02-03T05:00:00+01:00
7.05,,,False,2,pm25,µg/m³,,raw,01:00:00,2016-02-03T04:00:00Z,2016-02-03T05:00:00+01:00,2016-02-03T05:00:00Z,2016-02-03T06:00:00+01:00,1,01:00:00,1,24:00:00,100.0,2400.0,2016-02-02T05:00:00Z,2016-02-02T06:00:00+01:00,2016-02-03T05:00:00Z,2016-02-03T06:00:00+01:00
7.09166666666667,,,False,2,pm25,µg/m³,,raw,01:00:00,2016-02-03T05:00:00Z,2016-02-03T06:00:00+01:00,2016-02-03T06:00:00Z,2016-02-03T07:00:00+01:00,1,01:00:00,1,24:00:00,100.0,2400.0,2016-02-02T06:00:00Z,2016-02-02T07:00:00+01:00,2016-02-03T06:00:00Z,2016-02-03T07:00:00+01:00
7.17083333333333,,,False,2,pm25,µg/m³,,raw,01:00:00,2016-02-03T06:00:00Z,2016-02-03T07:00:00+01:00,2016-02-03T07:00:00Z,2016-02-03T08:00:00+01:00,1,01:00:00,1,24:00:00,100.0,2400.0,2016-02-02T07:00:00Z,2016-02-02T08:00:00+01:00,2016-02-03T07:00:00Z,2016-02-03T08:00:00+01:00
7.32916666666667,,,False,2,pm25,µg/m³,,raw,01:00:00,2016-02-03T07:00:00Z,2016-02-03T08:00:00+01:00,2016-02-03T08:00:00Z,2016-02-03T09:00:00+01:00,1,01:00:00,1,24:00:00,100.0,2400.0,2016-02-02T08:00:00Z,2016-02-02T09:00:00+01:00,2016-02-03T08:00:00Z,2016-02-03T09:00:00+01:00
7.33333333333333,,,False,2,pm25,µg/m³,,raw,01:00:00,2016-02-03T08:00:00Z,2016-02-03T09:00:00+01:00,2016-02-03T09:00:00Z,2016-02-03T10:00:00+01:00,1,01:00:00,1,24:00:00,100.0,2400.0,2016-02-02T09:00:00Z,2016-02-02T10:00:00+01:00,2016-02-03T09:00:00Z,2016-02-03T10:00:00+01:00
7.19166666666667,,,False,2,pm25,µg/m³,,raw,01:00:00,2016-02-03T09:00:00Z,2016-02-03T10:00:00+01:00,2016-02-03T10:00:00Z,2016-02-03T11:00:00+01:00,1,01:00:00,1,24:00:00,100.0,2400.0,2016-02-02T10:00:00Z,2016-02-02T11:00:00+01:00,2016-02-03T10:00:00Z,2016-02-03T11:00:00+01:00
7.18333333333333,,,False,2,pm25,µg/m³,,raw,01:00:00,2016-02-03T10:00:00Z,2016-02-03T11:00:00+01:00,2016-02-03T11:00:00Z,2016-02-03T12:00:00+01:00,1,01:00:00,1,24:00:00,100.0,2400.0,2016-02-02T11:00:00Z,2016-02-02T12:00:00+01:00,2016-02-03T11:00:00Z,2016-02-03T12:00:00+01:00
7.16666666666667,,,False,2,pm25,µg/m³,,raw,01:00:00,2016-02-03T11:00:00Z,2016-02-03T12:00:00+01:00,2016-02-03T12:00:00Z,2016-02-03T13:00:00+01:00,1,01:00:00,1,24:00:00,100.0,2400.0,2016-02-02T12:00:00Z,2016-02-02T13:00:00+01:00,2016-02-03T12:00:00Z,2016-02-03T13:00:00+01:00
7.15833333333333,,,False,2,pm25,µg/m³,,raw,01:00:00,2016-02-03T12:00:00Z,2016-02-03T13:00:00+01:00,2016-02-03T13:00:00Z,2016-02-03T14:00:00+01:00,1,01:00:00,1,24:00:00,100.0,2400.0,2016-02-02T13:00:00Z,2016-02-02T14:00:00+01:00,2016-02-03T13:00:00Z,2016-02-03T14:00:00+01:00
7.23478260869565,,,False,2,pm25,µg/m³,,raw,01:00:00,2016-02-03T13:00:00Z,2016-02-03T14:00:00+01:00,2016-02-03T14:00:00Z,2016-02-03T15:00:00+01:00,1,01:00:00,1,24:00:00,100.0,2400.0,2016-02-02T14:00:00Z,2016-02-02T15:00:00+01:00,2016-02-03T14:00:00Z,2016-02-03T15:00:00+01:00
7.21304347826087,,,False,2,pm25,µg/m³,,raw,01:00:00,2016-02-03T14:00:00Z,2016-02-03T15:00:00+01:00,2016-02-03T15:00:00Z,2016-02-03T16:00:00+01:00,1,01:00:00,1,24:00:00,100.0,2400.0,2016-02-02T15:00:00Z,2016-02-02T16:00:00+01:00,2016-02-03T15:00:00Z,2016-02-03T16:00:00+01:00
7.22173913043478,,,False,2,pm25,µg/m³,,raw,01:00:00,2016-02-03T15:00:00Z,2016-02-03T16:00:00+01:00,2016-02-03T16:00:00Z,2016-02-03T17:00:00+01:00,1,01:00:00,1,24:00:00,100.0,2400.0,2016-02-02T16:00:00Z,2016-02-02T17:00:00+01:00,2016-02-03T16:00:00Z,2016-02-03T17:00:00+01:00
7.27727272727273,,,False,2,pm25,µg/m³,,raw,01:00:00,2016-02-03T16:00:00Z,2016-02-03T17:00:00+01:00,2016-02-03T17:00:00Z,2016-02-03T18:00:00+01:00,1,01:00:00,1,24:00:00,100.0,2400.0,2016-02-02T17:00:00Z,2016-02-02T18:00:00+01:00,2016-02-03T17:00:00Z,2016-02-03T18:00:00+01:00
7.4,,,False,2,pm25,µg/m³,,raw,01:00:00,2016-02-03T17:00:00Z,2016-02-03T18:00:00+01:00,2016-02-03T18:00:00Z,2016-02-03T19:00:00+01:00,1,01:00:00,1,24:00:00,100.0,2400.0,2016-02-02T18:00:00Z,2016-02-02T19:00:00+01:00,2016-02-03T18:00:00Z,2016-02-03T19:00:00+01:00
7.51304347826087,,,False,2,pm25,µg/m³,,raw,01:00:00,2016-02-03T18:00:00Z,2016-02-03T19:00:00+01:00,2016-02-03T19:00:00Z,2016-02-03T20:00:00+01:00,1,01:00:00,1,24:00:00,100.0,2400.0,2016-02-02T19:00:00Z,2016-02-02T20:00:00+01:00,2016-02-03T19:00:00Z,2016-02-03T20:00:00+01:00
7.58260869565217,,,False,2,pm25,µg/m³,,raw,01:00:00,2016-02-03T19:00:00Z,2016-02-03T20:00:00+01:00,2016-02-03T20:00:00Z,2016-02-03T21:00:00+01:00,1,01:00:00,1,24:00:00,100.0,2400.0,2016-02-02T20:00:00Z,2016-02-02T21:00:00+01:00,2016-02-03T20:00:00Z,2016-02-03T21:00:00+01:00
7.62173913043478,,,False,2,pm25,µg/m³,,raw,01:00:00,2016-02-03T20:00:00Z,2016-02-03T21:00:00+01:00,2016-02-03T21:00:00Z,2016-02-03T22:00:00+01:00,1,01:00:00,1,24:00:00,100.0,2400.0,2016-02-02T21:00:00Z,2016-02-02T22:00:00+01:00,2016-02-03T21:00:00Z,2016-02-03T22:00:00+01:00
7.9,,,False,2,pm25,µg/m³,,raw,01:00:00,2016-02-03T21:00:00Z,2016-02-03T22:00:00+01:00,2016-02-03T22:00:00Z,2016-02-03T23:00:00+01:00,1,01:00:00,1,24:00:00,100.0,2400.0,2016-02-02T22:00:00Z,2016-02-02T23:00:00+01:00,2016-02-03T22:00:00Z,2016-02-03T23:00:00+01:00
8.14090909090909,,,False,2,pm25,µg/m³,,raw,01:00:00,2016-02-03T22:00:00Z,2016-02-03T23:00:00+01:00,2016-02-03T23:00:00Z,2016-02-04T00:00:00+01:00,1,01:00:00,1,24:00:00,100.0,2400.0,2016-02-02T23:00:00Z,2016-02-03T00:00:00+01:00,2016-02-03T23:00:00Z,2016-02-04T00:00:00+01:00
8.45217391304348,,,False,2,pm25,µg/m³,,raw,01:00:00,2016-02-03T23:00:00Z,2016-02-04T00:00:00+01:00,2016-02-04T00:00:00Z,2016-02-04T01:00:00+01:00,1,01:00:00,1,24:00:00,100.0,2400.0,2016-02-03T00:00:00Z,2016-02-03T01:00:00+01:00,2016-02-04T00:00:00Z,2016-02-04T01:00:00+01:00
8.53478260869565,,,False,2,pm25,µg/m³,,raw,01:00:00,2016-02-04T00:00:00Z,2016-02-04T01:00:00+01:00,2016-02-04T01:00:00Z,2016-02-04T02:00:00+01:00,1,01:00:00,1,24:00:00,100.0,2400.0,2016-02-03T01:00:00Z,2016-02-03T02:00:00+01:00,2016-02-04T01:00:00Z,2016-02-04T02:00:00+01:00
8.69130434782609,,,False,2,pm25,µg/m³,,raw,01:00:00,2016-02-04T01:00:00Z,2016-02-04T02:00:00+01:00,2016-02-04T02:00:00Z,2016-02-04T03:00:00+01:00,1,01:00:00,1,24:00:00,100.0,2400.0,2016-02-03T02:00:00Z,2016-02-03T03:00:00+01:00,2016-02-04T02:00:00Z,2016-02-04T03:00:00+01:00
8.77391304347826,,,False,2,pm25,µg/m³,,raw,01:00:00,2016-02-04T02:00:00Z,2016-02-04T03:00:00+01:00,2016-02-04T03:00:00Z,2016-02-04T04:00:00+01:00,1,01:00:00,1,24:00:00,100.0,2400.0,2016-02-03T03:00:00Z,2016-02-03T04:00:00+01:00,2016-02-04T03:00:00Z,2016-02-04T04:00:00+01:00
8.79130434782609,,,False,2,pm25,µg/m³,,raw,01:00:00,2016-02-04T03:00:00Z,2016-02-04T04:00:00+01:00,2016-02-04T04:00:00Z,2016-02-04T05:00:00+01:00,1,01:00:00,1,24:00:00,100.0,2400.0,2016-02-03T04:00:00Z,2016-02-03T05:00:00+01:00,2016-02-04T04:00:00Z,2016-02-04T05:00:00+01:00
9.03478260869565,,,False,2,pm25,µg/m³,,raw,01:00:00,2016-02-04T04:00:00Z,2016-02-04T05:00:00+01:00,2016-02-04T05:00:00Z,2016-02-04T06:00:00+01:00,1,01:00:00,1,24:00:00,100.0,2400.0,2016-02-03T05:00:00Z,2016-02-03T06:00:00+01:00,2016-02-04T05:00:00Z,2016-02-04T06:00:00+01:00
9.08260869565217,,,False,2,pm25,µg/m³,,raw,01:00:00,2016-02-04T05:00:00Z,2016-02-04T06:00:00+01:00,2016-02-04T06:00:00Z,2016-02-04T07:00:00+01:00,1,01:00:00,1,24:00:00,100.0,2400.0,2016-02-03T06:00:00Z,2016-02-03T07:00:00+01:00,2016-02-04T06:00:00Z,2016-02-04T07:00:00+01:00
9.10869565217391,,,False,2,pm25,µg/m³,,raw,01:00:00,2016-02-04T06:00:00Z,2016-02-04T07:00:00+01:00,2016-02-04T07:00:00Z,2016-02-04T08:00:00+01:00,1,01:00:00,1,24:00:00,100.0,2400.0,2016-02-03T07:00:00Z,2016-02-03T08:00:00+01:00,2016-02-04T07:00:00Z,2016-02-04T08:00:00+01:00
9.01363636363636,,,False,2,pm25,µg/m³,,raw,01:00:00,2016-02-04T07:00:00Z,2016-02-04T08:00:00+01:00,2016-02-04T08:00:00Z,2016-02-04T09:00:00+01:00,1,01:00:00,1,24:00:00,100.0,2400.0,2016-02-03T08:00:00Z,2016-02-03T09:00:00+01:00,2016-02-04T08:00:00Z,2016-02-04T09:00:00+01:00
8.77391304347826,,,False,2,pm25,µg/m³,,raw,01:00:00,2016-02-04T08:00:00Z,2016-02-04T09:00:00+01:00,2016-02-04T09:00:00Z,2016-02-04T10:00:00+01:00,1,01:00:00,1,24:00:00,100.0,2400.0,2016-02-03T09:00:00Z,2016-02-03T10:00:00+01:00,2016-02-04T09:00:00Z,2016-02-04T10:00:00+01:00
8.79565217391304,,,False,2,pm25,µg/m³,,raw,01:00:00,2016-02-04T09:00:00Z,2016-02-04T10:00:00+01:00,2016-02-04T10:00:00Z,2016-02-04T11:00:00+01:00,1,01:00:00,1,24:00:00,100.0,2400.0,2016-02-03T10:00:00Z,2016-02-03T11:00:00+01:00,2016-02-04T10:00:00Z,2016-02-04T11:00:00+01:00
8.77826086956522,,,False,2,pm25,µg/m³,,raw,01:00:00,2016-02-04T10:00:00Z,2016-02-04T11:00:00+01:00,2016-02-04T11:00:00Z,2016-02-04T12:00:00+01:00,1,01:00:00,1,24:00:00,100.0,2400.0,2016-02-03T11:00:00Z,2016-02-03T12:00:00+01:00,2016-02-04T11:00:00Z,2016-02-04T12:00:00+01:00
8.68695652173913,,,False,2,pm25,µg/m³,,raw,01:00:00,2016-02-04T11:00:00Z,2016-02-04T12:00:00+01:00,2016-02-04T12:00:00Z,2016-02-04T13:00:00+01:00,1,01:00:00,1,24:00:00,100.0,2400.0,2016-02-03T12:00:00Z,2016-02-03T13:00:00+01:00,2016-02-04T12:00:00Z,2016-02-04T13:00:00+01:00
8.69130434782609,,,False,2,pm25,µg/m³,,raw,01:00:00,2016-02-04T12:00:00Z,2016-02-04T13:00:00+01:00,2016-02-04T13:00:00Z,2016-02-04T14:00:00+01:00,1,01:00:00,1,24:00:00,100.0,2400.0,2016-02-03T13:00:00Z,2016-02-03T14:00:00+01:00,2016-02-04T13:00:00Z,2016-02-04T14:00:00+01:00
8.65833333333333,,,False,2,pm25,µg/m³,,raw,01:00:00,2016-02-04T13:00:00Z,2016-02-04T14:00:00+01:00,2016-02-04T14:00:00Z,2016-02-04T15:00:00+01:00,1,01:00:00,1,24:00:00,100.0,2400.0,2016-02-03T14:00:00Z,2016-02-03T15:00:00+01:00,2016-02-04T14:00:00Z,2016-02-04T15:00:00+01:00
8.72916666666667,,,False,2,pm25,µg/m³,,raw,01:00:00,2016-02-04T14:00:00Z,2016-02-04T15:00:00+01:00,2016-02-04T15:00:00Z,2016-02-04T16:00:00+01:00,1,01:00:00,1,24:00:00,100.0,2400.0,2016-02-03T15:00:00Z,2016-02-03T16:00:00+01:00,2016-02-04T15:00:00Z,2016-02-04T16:00:00+01:00
8.67083333333333,,,False,2,pm25,µg/m³,,raw,01:00:00,2016-02-04T15:00:00Z,2016-02-04T16:00:00+01:00,2016-02-04T16:00:00Z,2016-02-04T17:00:00+01:00,1,01:00:00,1,24:00:00,100.0,2400.0,2016-02-03T16:00:00Z,2016-02-03T17:00:00+01:00,2016-02-04T16:00:00Z,2016-02-04T17:00:00+01:00
8.56666666666667,,,False,2,pm25,µg/m³,,raw,01:00:00,2016-02-04T16:00:00Z,2016-02-04T17:00:00+01:00,2016-02-04T17:00:00Z,2016-02-04T18:00:00+01:00,1,01:00:00,1,24:00:00,100.0,2400.0,2016-02-03T17:00:00Z,2016-02-03T18:00:00+01:00,2016-02-04T17:00:00Z,2016-02-04T18:00:00+01:00
8.525,,,False,2,pm25,µg/m³,,raw,01:00:00,2016-02-04T17:00:00Z,2016-02-04T18:00:00+01:00,2016-02-04T18:00:00Z,2016-02-04T19:00:00+01:00,1,01:00:00,1,24:00:00,100.0,2400.0,2016-02-03T18:00:00Z,2016-02-03T19:00:00+01:00,2016-02-04T18:00:00Z,2016-02-04T19:00:00+01:00
9.025,,,False,2,pm25,µg/m³,,raw,01:00:00,2016-02-04T18:00:00Z,2016-02-04T19:00:00+01:00,2016-02-04T19:00:00Z,2016-02-04T20:00:00+01:00,1,01:00:00,1,24:00:00,100.0,2400.0,2016-02-03T19:00:00Z,2016-02-03T20:00:00+01:00,2016-02-04T19:00:00Z,2016-02-04T20:00:00+01:00
8.94166666666667,,,False,2,pm25,µg/m³,,raw,01:00:00,2016-02-04T19:00:00Z,2016-02-04T20:00:00+01:00,2016-02-04T20:00:00Z,2016-02-04T21:00:00+01:00,1,01:00:00,1,24:00:00,100.0,2400.0,2016-02-03T20:00:00Z,2016-02-03T21:00:00+01:00,2016-02-04T20:00:00Z,2016-02-04T21:00:00+01:00
9.07916666666667,,,False,2,pm25,µg/m³,,raw,01:00:00,2016-02-04T20:00:00Z,2016-02-04T21:00:00+01:00,2016-02-04T21:00:00Z,2016-02-04T22:00:00+01:00,1,01:00:00,1,24:00:00,100.0,2400.0,2016-02-03T21:00:00Z,2016-02-03T22:00:00+01:00,2016-02-04T21:00:00Z,2016-02-04T22:00:00+01:00
9.33333333333333,,,False,2,pm25,µg/m³,,raw,01:00:00,2016-02-04T21:00:00Z,2016-02-04T22:00:00+01:00,2016-02-04T22:00:00Z,2016-02-04T23:00:00+01:00,1,01:00:00,1,24:00:00,100.0,2400.0,2016-02-03T22:00:00Z,2016-02-03T23:00:00+01:00,2016-02-04T22:00:00Z,2016-02-04T23:00:00+01:00
9.22173913043478,,,False,2,pm25,µg/m³,,raw,01:00:00,2016-02-04T22:00:00Z,2016-02-04T23:00:00+01:00,2016-02-04T23:00:00Z,2016-02-05T00:00:00+01:00,1,01:00:00,1,24:00:00,100.0,2400.0,2016-02-03T23:00:00Z,2016-02-04T00:00:00+01:00,2016-02-04T23:00:00Z,2016-02-05T00:00:00+01:00
9.4625,,,False,2,pm25,µg/m³,,raw,01:00:00,2016-02-04T23:00:00Z,2016-02-05T00:00:00+01:00,2016-02-05T00:00:00Z,2016-02-05T01:00:00+01:00,1,01:00:00,1,24:00:00,100.0,2400.0,2016-02-04T00:00:00Z,2016-02-04T01:00:00+01:00,2016-02-05T00:00:00Z,2016-02-05T01:00:00+01:00
9.63333333333333,,,False,2,pm25,µg/m³,,raw,01:00:00,2016-02-05T00:00:00Z,2016-02-05T01:00:00+01:00,2016-02-05T01:00:00Z,2016-02-05T02:00:00+01:00,1,01:00:00,1,24:00:00,100.0,2400.0,2016-02-04T01:00:00Z,2016-02-04T02:00:00+01:00,2016-02-05T01:00:00Z,2016-02-05T02:00:00+01:00
9.7625,,,False,2,pm25,µg/m³,,raw,01:00:00,2016-02-05T01:00:00Z,2016-02-05T02:00:00+01:00,2016-02-05T02:00:00Z,2016-02-05T03:00:00+01:00,1,01:00:00,1,24:00:00,100.0,2400.0,2016-02-04T02:00:00Z,2016-02-04T03:00:00+01:00,2016-02-05T02:00:00Z,2016-02-05T03:00:00+01:00
9.825,,,False,2,pm25,µg/m³,,raw,01:00:00,2016-02-05T02:00:00Z,2016-02-05T03:00:00+01:00,2016-02-05T03:00:00Z,2016-02-05T04:00:00+01:00,1,01:00:00,1,24:00:00,100.0,2400.0,2016-02-04T03:00:00Z,2016-02-04T04:00:00+01:00,2016-02-05T03:00:00Z,2016-02-05T04:00:00+01:00
9.82916666666667,,,False,2,pm25,µg/m³,,raw,01:00:00,2016-02-05T03:00:00Z,2016-02-05T04:00:00+01:00,2016-02-05T04:00:00Z,2016-02-05T05:00:00+01:00,1,01:00:00,1,24:00:00,100.0,2400.0,2016-02-04T04:00:00Z,2016-02-04T05:00:00+01:00,2016-02-05T04:00:00Z,2016-02-05T05:00:00+01:00
9.525,,,False,2,pm25,µg/m³,,raw,01:00:00,2016-02-05T04:00:00Z,2016-02-05T05:00:00+01:00,2016-02-05T05:00:00Z,2016-02-05T06:00:00+01:00,1,01:00:00,1,24:00:00,100.0,2400.0,2016-02-04T05:00:00Z,2016-02-04T06:00:00+01:00,2016-02-05T05:00:00Z,2016-02-05T06:00:00+01:00
9.71666666666667,,,False,2,pm25,µg/m³,,raw,01:00:00,2016-02-05T05:00:00Z,2016-02-05T06:00:00+01:00,2016-02-05T06:00:00Z,2016-02-05T07:00:00+01:00,1,01:00:00,1,24:00:00,100.0,2400.0,2016-02-04T06:00:00Z,2016-02-04T07:00:00+01:00,2016-02-05T06:00:00Z,2016-02-05T07:00:00+01:00
9.87916666666667,,,False,2,pm25,µg/m³,,raw,01:00:00,2016-02-05T06:00:00Z,2016-02-05T07:00:00+01:00,2016-02-05T07:00:00Z,2016-02-05T08:00:00+01:00,1,01:00:00,1,24:00:00,100.0,2400.0,2016-02-04T07:00:00Z,2016-02-04T08:00:00+01:00,2016-02-05T07:00:00Z,2016-02-05T08:00:00+01:00
10.3708333333333,,,False,2,pm25,µg/m³,,raw,01:00:00,2016-02-05T07:00:00Z,2016-02-05T08:00:00+01:00,2016-02-05T08:00:00Z,2016-02-05T09:00:00+01:00,1,01:00:00,1,24:00:00,100.0,2400.0,2016-02-04T08:00:00Z,2016-02-04T09:00:00+01:00,2016-02-05T08:00:00Z,2016-02-05T09:00:00+01:00
10.7,,,False,2,pm25,µg/m³,,raw,01:00:00,2016-02-05T08:00:00Z,2016-02-05T09:00:00+01:00,2016-02-05T09:00:00Z,2016-02-05T10:00:00+01:00,1,01:00:00,1,24:00:00,100.0,2400.0,2016-02-04T09:00:00Z,2016-02-04T10:00:00+01:00,2016-02-05T09:00:00Z,2016-02-05T10:00:00+01:00
10.9291666666667,,,False,2,pm25,µg/m³,,raw,01:00:00,2016-02-05T09:00:00Z,2016-02-05T10:00:00+01:00,2016-02-05T10:00:00Z,2016-02-05T11:00:00+01:00,1,01:00:00,1,24:00:00,100.0,2400.0,2016-02-04T10:00:00Z,2016-02-04T11:00:00+01:00,2016-02-05T10:00:00Z,2016-02-05T11:00:00+01:00
11.1208333333333,,,False,2,pm25,µg/m³,,raw,01:00:00,2016-02-05T10:00:00Z,2016-02-05T11:00:00+01:00,2016-02-05T11:00:00Z,2016-02-05T12:00:00+01:00,1,01:00:00,1,24:00:00,100.0,2400.0,2016-02-04T11:00:00Z,2016-02-04T12:00:00+01:00,2016-02-05T11:00:00Z,2016-02-05T12:00:00+01:00
11.1791666666667,,,False,2,pm25,µg/m³,,raw,01:00:00,2016-02-05T11:00:00Z,2016-02-05T12:00:00+01:00,2016-02-05T12:00:00Z,2016-02-05T13:00:00+01:00,1,01:00:00,1,24:00:00,100.0,2400.0,2016-02-04T12:00:00Z,2016-02-04T13:00:00+01:00,2016-02-05T12:00:00Z,2016-02-05T13:00:00+01:00
11.1625,,,False,2,pm25,µg/m³,,raw,01:00:00,2016-02-05T12:00:00Z,2016-02-05T13:00:00+01:00,2016-02-05T13:00:00Z,2016-02-05T14:00:00+01:00,1,01:00:00,1,24:00:00,100.0,2400.0,2016-02-04T13:00:00Z,2016-02-04T14:00:00+01:00,2016-02-05T13:00:00Z,2016-02-05T14:00:00+01:00
11.304347826087,,,False,2,pm25,µg/m³,,raw,01:00:00,2016-02-05T13:00:00Z,2016-02-05T14:00:00+01:00,2016-02-05T14:00:00Z,2016-02-05T15:00:00+01:00,1,01:00:00,1,24:00:00,100.0,2400.0,2016-02-04T14:00:00Z,2016-02-04T15:00:00+01:00,2016-02-05T14:00:00Z,2016-02-05T15:00:00+01:00
11.1125,,,False,2,pm25,µg/m³,,raw,01:00:00,2016-02-05T14:00:00Z,2016-02-05T15:00:00+01:00,2016-02-05T15:00:00Z,2016-02-05T16:00:00+01:00,1,01:00:00,1,24:00:00,100.0,2400.0,2016-02-04T15:00:00Z,2016-02-04T16:00:00+01:00,2016-02-05T15:00:00Z,2016-02-05T16:00:00+01:00
11.1666666666667,,,False,2,pm25,µg/m³,,raw,01:00:00,2016-02-05T15:00:00Z,2016-02-05T16:00:00+01:00,2016-02-05T16:00:00Z,2016-02-05T17:00:00+01:00,1,01:00:00,1,24:00:00,100.0,2400.0,2016-02-04T16:00:00Z,2016-02-04T17:00:00+01:00,2016-02-05T16:00:00Z,2016-02-05T17:00:00+01:00
11.1458333333333,,,False,2,pm25,µg/m³,,raw,01:00:00,2016-02-05T16:00:00Z,2016-02-05T17:00:00+01:00,2016-02-05T17:00:00Z,2016-02-05T18:00:00+01:00,1,01:00:00,1,24:00:00,100.0,2400.0,2016-02-04T17:00:00Z,2016-02-04T18:00:00+01:00,2016-02-05T17:00:00Z,2016-02-05T18:00:00+01:00
11.0041666666667,,,False,2,pm25,µg/m³,,raw,01:00:00,2016-02-05T17:00:00Z,2016-02-05T18:00:00+01:00,2016-02-05T18:00:00Z,2016-02-05T19:00:00+01:00,1,01:00:00,1,24:00:00,100.0,2400.0,2016-02-04T18:00:00Z,2016-02-04T19:00:00+01:00,2016-02-05T18:00:00Z,2016-02-05T19:00:00+01:00
10.3,,,False,2,pm25,µg/m³,,raw,01:00:00,2016-02-05T18:00:00Z,2016-02-05T19:00:00+01:00,2016-02-05T19:00:00Z,2016-02-05T20:00:00+01:00,1,01:00:00,1,24:00:00,100.0,2400.0,2016-02-04T19:00:00Z,2016-02-04T20:00:00+01:00,2016-02-05T19:00:00Z,2016-02-05T20:00:00+01:00
10.275,,,False,2,pm25,µg/m³,,raw,01:00:00,2016-02-05T19:00:00Z,2016-02-05T20:00:00+01:00,2016-02-05T20:00:00Z,2016-02-05T21:00:00+01:00,1,01:00:00,1,24:00:00,100.0,2400.0,2016-02-04T20:00:00Z,2016-02-04T21:00:00+01:00,2016-02-05T20:00:00Z,2016-02-05T21:00:00+01:00
10.2125,,,False,2,pm25,µg/m³,,raw,01:00:00,2016-02-05T20:00:00Z,2016-02-05T21:00:00+01:00,2016-02-05T21:00:00Z,2016-02-05T22:00:00+01:00,1,01:00:00,1,24:00:00,100.0,2400.0,2016-02-04T21:00:00Z,2016-02-04T22:00:00+01:00,2016-02-05T21:00:00Z,2016-02-05T22:00:00+01:00
9.97083333333333,,,False,2,pm25,µg/m³,,raw,01:00:00,2016-02-05T21:00:00Z,2016-02-05T22:00:00+01:00,2016-02-05T22:00:00Z,2016-02-05T23:00:00+01:00,1,01:00:00,1,24:00:00,100.0,2400.0,2016-02-04T22:00:00Z,2016-02-04T23:00:00+01:00,2016-02-05T22:00:00Z,2016-02-05T23:00:00+01:00
9.85652173913043,,,False,2,pm25,µg/m³,,raw,01:00:00,2016-02-05T22:00:00Z,2016-02-05T23:00:00+01:00,2016-02-05T23:00:00Z,2016-02-06T00:00:00+01:00,1,01:00:00,1,24:00:00,100.0,2400.0,2016-02-04T23:00:00Z,2016-02-05T00:00:00+01:00,2016-02-05T23:00:00Z,2016-02-06T00:00:00+01:00
9.57083333333333,,,False,2,pm25,µg/m³,,raw,01:00:00,2016-02-05T23:00:00Z,2016-02-06T00:00:00+01:00,2016-02-06T00:00:00Z,2016-02-06T01:00:00+01:00,1,01:00:00,1,24:00:00,100.0,2400.0,2016-02-05T00:00:00Z,2016-02-05T01:00:00+01:00,2016-02-06T00:00:00Z,2016-02-06T01:00:00+01:00
9.52083333333333,,,False,2,pm25,µg/m³,,raw,01:00:00,2016-02-06T00:00:00Z,2016-02-06T01:00:00+01:00,2016-02-06T01:00:00Z,2016-02-06T02:00:00+01:00,1,01:00:00,1,24:00:00,100.0,2400.0,2016-02-05T01:00:00Z,2016-02-05T02:00:00+01:00,2016-02-06T01:00:00Z,2016-02-06T02:00:00+01:00
9.1875,,,False,2,pm25,µg/m³,,raw,01:00:00,2016-02-06T01:00:00Z,2016-02-06T02:00:00+01:00,2016-02-06T02:00:00Z,2016-02-06T03:00:00+01:00,1,01:00:00,1,24:00:00,100.0,2400.0,2016-02-05T02:00:00Z,2016-02-05T03:00:00+01:00,2016-02-06T02:00:00Z,2016-02-06T03:00:00+01:00
8.94166666666667,,,False,2,pm25,µg/m³,,raw,01:00:00,2016-02-06T02:00:00Z,2016-02-06T03:00:00+01:00,2016-02-06T03:00:00Z,2016-02-06T04:00:00+01:00,1,01:00:00,1,24:00:00,100.0,2400.0,2016-02-05T03:00:00Z,2016-02-05T04:00:00+01:00,2016-02-06T03:00:00Z,2016-02-06T04:00:00+01:00
8.9625,,,False,2,pm25,µg/m³,,raw,01:00:00,2016-02-06T03:00:00Z,2016-02-06T04:00:00+01:00,2016-02-06T04:00:00Z,2016-02-06T05:00:00+01:00,1,01:00:00,1,24:00:00,100.0,2400.0,2016-02-05T04:00:00Z,2016-02-05T05:00:00+01:00,2016-02-06T04:00:00Z,2016-02-06T05:00:00+01:00
9.0,,,False,2,pm25,µg/m³,,raw,01:00:00,2016-02-06T04:00:00Z,2016-02-06T05:00:00+01:00,2016-02-06T05:00:00Z,2016-02-06T06:00:00+01:00,1,01:00:00,1,24:00:00,100.0,2400.0,2016-02-05T05:00:00Z,2016-02-05T06:00:00+01:00,2016-02-06T05:00:00Z,2016-02-06T06:00:00+01:00
8.525,,,False,2,pm25,µg/m³,,raw,01:00:00,2016-02-06T05:00:00Z,2016-02-06T06:00:00+01:00,2016-02-06T06:00:00Z,2016-02-06T07:00:00+01:00,1,01:00:00,1,24:00:00,100.0,2400.0,2016-02-05T06:00:00Z,2016-02-05T07:00:00+01:00,2016-02-06T06:00:00Z,2016-02-06T07:00:00+01:00
8.35833333333333,,,False,2,pm25,µg/m³,,raw,01:00:00,2016-02-06T06:00:00Z,2016-02-06T07:00:00+01:00,2016-02-06T07:00:00Z,2016-02-06T08:00:00+01:00,1,01:00:00,1,24:00:00,100.0,2400.0,2016-02-05T07:00:00Z,2016-02-05T08:00:00+01:00,2016-02-06T07:00:00Z,2016-02-06T08:00:00+01:00
7.74583333333333,,,False,2,pm25,µg/m³,,raw,01:00:00,2016-02-06T07:00:00Z,2016-02-06T08:00:00+01:00,2016-02-06T08:00:00Z,2016-02-06T09:00:00+01:00,1,01:00:00,1,24:00:00,100.0,2400.0,2016-02-05T08:00:00Z,2016-02-05T09:00:00+01:00,2016-02-06T08:00:00Z,2016-02-06T09:00:00+01:00
7.39583333333333,,,False,2,pm25,µg/m³,,raw,01:00:00,2016-02-06T08:00:00Z,2016-02-06T09:00:00+01:00,2016-02-06T09:00:00Z,2016-02-06T10:00:00+01:00,1,01:00:00,1,24:00:00,100.0,2400.0,2016-02-05T09:00:00Z,2016-02-05T10:00:00+01:00,2016-02-06T09:00:00Z,2016-02-06T10:00:00+01:00
7.24166666666667,,,False,2,pm25,µg/m³,,raw,01:00:00,2016-02-06T09:00:00Z,2016-02-06T10:00:00+01:00,2016-02-06T10:00:00Z,2016-02-06T11:00:00+01:00,1,01:00:00,1,24:00:00,100.0,2400.0,2016-02-05T10:00:00Z,2016-02-05T11:00:00+01:00,2016-02-06T10:00:00Z,2016-02-06T11:00:00+01:00
7.1125,,,False,2,pm25,µg/m³,,raw,01:00:00,2016-02-06T10:00:00Z,2016-02-06T11:00:00+01:00,2016-02-06T11:00:00Z,2016-02-06T12:00:00+01:00,1,01:00:00,1,24:00:00,100.0,2400.0,2016-02-05T11:00:00Z,2016-02-05T12:00:00+01:00,2016-02-06T11:00:00Z,2016-02-06T12:00:00+01:00
7.175,,,False,2,pm25,µg/m³,,raw,01:00:00,2016-02-06T11:00:00Z,2016-02-06T12:00:00+01:00,2016-02-06T12:00:00Z,2016-02-06T13:00:00+01:00,1,01:00:00,1,24:00:00,100.0,2400.0,2016-02-05T12:00:00Z,2016-02-05T13:00:00+01:00,2016-02-06T12:00:00Z,2016-02-06T13:00:00+01:00
7.37083333333333,,,False,2,pm25,µg/m³,,raw,01:00:00,2016-02-06T12:00:00Z,2016-02-06T13:00:00+01:00,2016-02-06T13:00:00Z,2016-02-06T14:00:00+01:00,1,01:00:00,1,24:00:00,100.0,2400.0,2016-02-05T13:00:00Z,2016-02-05T14:00:00+01:00,2016-02-06T13:00:00Z,2016-02-06T14:00:00+01:00
7.57083333333333,,,False,2,pm25,µg/m³,,raw,01:00:00,2016-02-06T13:00:00Z,2016-02-06T14:00:00+01:00,2016-02-06T14:00:00Z,2016-02-06T15:00:00+01:00,1,01:00:00,1,24:00:00,100.0,2400.0,2016-02-05T14:00:00Z,2016-02-05T15:00:00+01:00,2016-02-06T14:00:00Z,2016-02-06T15:00:00+01:00
7.67083333333333,,,False,2,pm25,µg/m³,,raw,01:00:00,2016-02-06T14:00:00Z,2016-02-06T15:00:00+01:00,2016-02-06T15:00:00Z,2016-02-06T16:00:00+01:00,1,01:00:00,1,24:00:00,100.0,2400.0,2016-02-05T15:00:00Z,2016-02-05T16:00:00+01:00,2016-02-06T15:00:00Z,2016-02-06T16:00:00+01:00
7.68333333333333,,,False,2,pm25,µg/m³,,raw,01:00:00,2016-02-06T15:00:00Z,2016-02-06T16:00:00+01:00,2016-02-06T16:00:00Z,2016-02-06T17:00:00+01:00,1,01:00:00,1,24:00:00,100.0,2400.0,2016-02-05T16:00:00Z,2016-02-05T17:00:00+01:00,2016-02-06T16:00:00Z,2016-02-06T17:00:00+01:00
7.75833333333333,,,False,2,pm25,µg/m³,,raw,01:00:00,2016-02-06T16:00:00Z,2016-02-06T17:00:00+01:00,2016-02-06T17:00:00Z,2016-02-06T18:00:00+01:00,1,01:00:00,1,24:00:00,100.0,2400.0,2016-02-05T17:00:00Z,2016-02-05T18:00:00+01:00,2016-02-06T17:00:00Z,2016-02-06T18:00:00+01:00
8.0125,,,False,2,pm25,µg/m³,,raw,01:00:00,2016-02-06T17:00:00Z,2016-02-06T18:00:00+01:00,2016-02-06T18:00:00Z,2016-02-06T19:00:00+01:00,1,01:00:00,1,24:00:00,100.0,2400.0,2016-02-05T18:00:00Z,2016-02-05T19:00:00+01:00,2016-02-06T18:00:00Z,2016-02-06T19:00:00+01:00
8.23333333333333,,,False,2,pm25,µg/m³,,raw,01:00:00,2016-02-06T18:00:00Z,2016-02-06T19:00:00+01:00,2016-02-06T19:00:00Z,2016-02-06T20:00:00+01:00,1,01:00:00,1,24:00:00,100.0,2400.0,2016-02-05T19:00:00Z,2016-02-05T20:00:00+01:00,2016-02-06T19:00:00Z,2016-02-06T20:00:00+01:00
8.3304347826087,,,False,2,pm25,µg/m³,,raw,01:00:00,2016-02-06T19:00:00Z,2016-02-06T20:00:00+01:00,2016-02-06T20:00:00Z,2016-02-06T21:00:00+01:00,1,01:00:00,1,24:00:00,100.0,2400.0,2016-02-05T20:00:00Z,2016-02-05T21:00:00+01:00,2016-02-06T20:00:00Z,2016-02-06T21:00:00+01:00
8.62916666666667,,,False,2,pm25,µg/m³,,raw,01:00:00,2016-02-06T20:00:00Z,2016-02-06T21:00:00+01:00,2016-02-06T21:00:00Z,2016-02-06T22:00:00+01:00,1,01:00:00,1,24:00:00,100.0,2400.0,2016-02-05T21:00:00Z,2016-02-05T22:00:00+01:00,2016-02-06T21:00:00Z,2016-02-06T22:00:00+01:00
8.7125,,,False,2,pm25,µg/m³,,raw,01:00:00,2016-02-06T21:00:00Z,2016-02-06T22:00:00+01:00,2016-02-06T22:00:00Z,2016-02-06T23:00:00+01:00,1,01:00:00,1,24:00:00,100.0,2400.0,2016-02-05T22:00:00Z,2016-02-05T23:00:00+01:00,2016-02-06T22:00:00Z,2016-02-06T23:00:00+01:00
8.83478260869565,,,False,2,pm25,µg/m³,,raw,01:00:00,2016-02-06T22:00:00Z,2016-02-06T23:00:00+01:00,2016-02-06T23:00:00Z,2016-02-07T00:00:00+01:00,1,01:00:00,1,24:00:00,100.0,2400.0,2016-02-05T23:00:00Z,2016-02-06T00:00:00+01:00,2016-02-06T23:00:00Z,2016-02-07T00:00:00+01:00
8.88333333333333,,,False,2,pm25,µg/m³,,raw,01:00:00,2016-02-06T23:00:00Z,2016-02-07T00:00:00+01:00,2016-02-07T00:00:00Z,2016-02-07T01:00:00+01:00,1,01:00:00,1,24:00:00,100.0,2400.0,2016-02-06T00:00:00Z,2016-02-06T01:00:00+01:00,2016-02-07T00:00:00Z,2016-02-07T01:00:00+01:00
8.93333333333333,,,False,2,pm25,µg/m³,,raw,01:00:00,2016-02-07T00:00:00Z,2016-02-07T01:00:00+01:00,2016-02-07T01:00:00Z,2016-02-07T02:00:00+01:00,1,01:00:00,1,24:00:00,100.0,2400.0,2016-02-06T01:00:00Z,2016-02-06T02:00:00+01:00,2016-02-07T01:00:00Z,2016-02-07T02:00:00+01:00
9.1875,,,False,2,pm25,µg/m³,,raw,01:00:00,2016-02-07T01:00:00Z,2016-02-07T02:00:00+01:00,2016-02-07T02:00:00Z,2016-02-07T03:00:00+01:00,1,01:00:00,1,24:00:00,100.0,2400.0,2016-02-06T02:00:00Z,2016-02-06T03:00:00+01:00,2016-02-07T02:00:00Z,2016-02-07T03:00:00+01:00
9.24583333333333,,,False,2,pm25,µg/m³,,raw,01:00:00,2016-02-07T02:00:00Z,2016-02-07T03:00:00+01:00,2016-02-07T03:00:00Z,2016-02-07T04:00:00+01:00,1,01:00:00,1,24:00:00,100.0,2400.0,2016-02-06T03:00:00Z,2016-02-06T04:00:00+01:00,2016-02-07T03:00:00Z,2016-02-07T04:00:00+01:00
9.10833333333333,,,False,2,pm25,µg/m³,,raw,01:00:00,2016-02-07T03:00:00Z,2016-02-07T04:00:00+01:00,2016-02-07T04:00:00Z,2016-02-07T05:00:00+01:00,1,01:00:00,1,24:00:00,100.0,2400.0,2016-02-06T04:00:00Z,2016-02-06T05:00:00+01:00,2016-02-07T04:00:00Z,2016-02-07T05:00:00+01:00
9.17916666666667,,,False,2,pm25,µg/m³,,raw,01:00:00,2016-02-07T04:00:00Z,2016-02-07T05:00:00+01:00,2016-02-07T05:00:00Z,2016-02-07T06:00:00+01:00,1,01:00:00,1,24:00:00,100.0,2400.0,2016-02-06T05:00:00Z,2016-02-06T06:00:00+01:00,2016-02-07T05:00:00Z,2016-02-07T06:00:00+01:00
9.14166666666667,,,False,2,pm25,µg/m³,,raw,01:00:00,2016-02-07T05:00:00Z,2016-02-07T06:00:00+01:00,2016-02-07T06:00:00Z,2016-02-07T07:00:00+01:00,1,01:00:00,1,24:00:00,100.0,2400.0,2016-02-06T06:00:00Z,2016-02-06T07:00:00+01:00,2016-02-07T06:00:00Z,2016-02-07T07:00:00+01:00
8.83333333333333,,,False,2,pm25,µg/m³,,raw,01:00:00,2016-02-07T06:00:00Z,2016-02-07T07:00:00+01:00,2016-02-07T07:00:00Z,2016-02-07T08:00:00+01:00,1,01:00:00,1,24:00:00,100.0,2400.0,2016-02-06T07:00:00Z,2016-02-06T08:00:00+01:00,2016-02-07T07:00:00Z,2016-02-07T08:00:00+01:00
8.65833333333333,,,False,2,pm25,µg/m³,,raw,01:00:00,2016-02-07T07:00:00Z,2016-02-07T08:00:00+01:00,2016-02-07T08:00:00Z,2016-02-07T09:00:00+01:00,1,01:00:00,1,24:00:00,100.0,2400.0,2016-02-06T08:00:00Z,2016-02-06T09:00:00+01:00,2016-02-07T08:00:00Z,2016-02-07T09:00:00+01:00
8.54166666666667,,,False,2,pm25,µg/m³,,raw,01:00:00,2016-02-07T08:00:00Z,2016-02-07T09:00:00+01:00,2016-02-07T09:00:00Z,2016-02-07T10:00:00+01:00,1,01:00:00,1,24:00:00,100.0,2400.0,2016-02-06T09:00:00Z,2016-02-06T10:00:00+01:00,2016-02-07T09:00:00Z,2016-02-07T10:00:00+01:00
8.36666666666667,,,False,2,pm25,µg/m³,,raw,01:00:00,2016-02-07T09:00:00Z,2016-02-07T10:00:00+01:00,2016-02-07T10:00:00Z,2016-02-07T11:00:00+01:00,1,01:00:00,1,24:00:00,100.0,2400.0,2016-02-06T10:00:00Z,2016-02-06T11:00:00+01:00,2016-02-07T10:00:00Z,2016-02-07T11:00:00+01:00
8.30434782608696,,,False,2,pm25,µg/m³,,raw,01:00:00,2016-02-07T10:00:00Z,2016-02-07T11:00:00+01:00,2016-02-07T11:00:00Z,2016-02-07T12:00:00+01:00,1,01:00:00,1,24:00:00,100.0,2400.0,2016-02-06T11:00:00Z,2016-02-06T12:00:00+01:00,2016-02-07T11:00:00Z,2016-02-07T12:00:00+01:00
7.76666666666667,,,False,2,pm25,µg/m³,,raw,01:00:00,2016-02-07T11:00:00Z,2016-02-07T12:00:00+01:00,2016-02-07T12:00:00Z,2016-02-07T13:00:00+01:00,1,01:00:00,1,24:00:00,100.0,2400.0,2016-02-06T12:00:00Z,2016-02-06T13:00:00+01:00,2016-02-07T12:00:00Z,2016-02-07T13:00:00+01:00
7.42916666666667,,,False,2,pm25,µg/m³,,raw,01:00:00,2016-02-07T12:00:00Z,2016-02-07T13:00:00+01:00,2016-02-07T13:00:00Z,2016-02-07T14:00:00+01:00,1,01:00:00,1,24:00:00,100.0,2400.0,2016-02-06T13:00:00Z,2016-02-06T14:00:00+01:00,2016-02-07T13:00:00Z,2016-02-07T14:00:00+01:00
7.14583333333333,,,False,2,pm25,µg/m³,,raw,01:00:00,2016-02-07T13:00:00Z,2016-02-07T14:00:00+01:00,2016-02-07T14:00:00Z,2016-02-07T15:00:00+01:00,1,01:00:00,1,24:00:00,100.0,2400.0,2016-02-06T14:00:00Z,2016-02-06T15:00:00+01:00,2016-02-07T14:00:00Z,2016-02-07T15:00:00+01:00
6.89583333333333,,,False,2,pm25,µg/m³,,raw,01:00:00,2016-02-07T14:00:00Z,2016-02-07T15:00:00+01:00,2016-02-07T15:00:00Z,2016-02-07T16:00:00+01:00,1,01:00:00,1,24:00:00,100.0,2400.0,2016-02-06T15:00:00Z,2016-02-06T16:00:00+01:00,2016-02-07T15:00:00Z,2016-02-07T16:00:00+01:00
6.79166666666667,,,False,2,pm25,µg/m³,,raw,01:00:00,2016-02-07T15:00:00Z,2016-02-07T16:00:00+01:00,2016-02-07T16:00:00Z,2016-02-07T17:00:00+01:00,1,01:00:00,1,24:00:00,100.0,2400.0,2016-02-06T16:00:00Z,2016-02-06T17:00:00+01:00,2016-02-07T16:00:00Z,2016-02-07T17:00:00+01:00
6.69583333333333,,,False,2,pm25,µg/m³,,raw,01:00:00,2016-02-07T16:00:00Z,2016-02-07T17:00:00+01:00,2016-02-07T17:00:00Z,2016-02-07T18:00:00+01:00,1,01:00:00,1,24:00:00,100.0,2400.0,2016-02-06T17:00:00Z,2016-02-06T18:00:00+01:00,2016-02-07T17:00:00Z,2016-02-07T18:00:00+01:00
6.47916666666667,,,False,2,pm25,µg/m³,,raw,01:00:00,2016-02-07T17:00:00Z,2016-02-07T18:00:00+01:00,2016-02-07T18:00:00Z,2016-02-07T19:00:00+01:00,1,01:00:00,1,24:00:00,100.0,2400.0,2016-02-06T18:00:00Z,2016-02-06T19:00:00+01:00,2016-02-07T18:00:00Z,2016-02-07T19:00:00+01:00
6.2625,,,False,2,pm25,µg/m³,,raw,01:00:00,2016-02-07T18:00:00Z,2016-02-07T19:00:00+01:00,2016-02-07T19:00:00Z,2016-02-07T20:00:00+01:00,1,01:00:00,1,24:00:00,100.0,2400.0,2016-02-06T19:00:00Z,2016-02-06T20:00:00+01:00,2016-02-07T19:00:00Z,2016-02-07T20:00:00+01:00
5.9875,,,False,2,pm25,µg/m³,,raw,01:00:00,2016-02-07T19:00:00Z,2016-02-07T20:00:00+01:00,2016-02-07T20:00:00Z,2016-02-07T21:00:00+01:00,1,01:00:00,1,24:00:00,100.0,2400.0,2016-02-06T20:00:00Z,2016-02-06T21:00:00+01:00,2016-02-07T20:00:00Z,2016-02-07T21:00:00+01:00
5.6375,,,False,2,pm25,µg/m³,,raw,01:00:00,2016-02-07T20:00:00Z,2016-02-07T21:00:00+01:00,2016-02-07T21:00:00Z,2016-02-07T22:00:00+01:00,1,01:00:00,1,24:00:00,100.0,2400.0,2016-02-06T21:00:00Z,2016-02-06T22:00:00+01:00,2016-02-07T21:00:00Z,2016-02-07T22:00:00+01:00
5.375,,,False,2,pm25,µg/m³,,raw,01:00:00,2016-02-07T21:00:00Z,2016-02-07T22:00:00+01:00,2016-02-07T22:00:00Z,2016-02-07T23:00:00+01:00,1,01:00:00,1,24:00:00,100.0,2400.0,2016-02-06T22:00:00Z,2016-02-06T23:00:00+01:00,2016-02-07T22:00:00Z,2016-02-07T23:00:00+01:00
5.17826086956522,,,False,2,pm25,µg/m³,,raw,01:00:00,2016-02-07T22:00:00Z,2016-02-07T23:00:00+01:00,2016-02-07T23:00:00Z,2016-02-08T00:00:00+01:00,1,01:00:00,1,24:00:00,100.0,2400.0,2016-02-06T23:00:00Z,2016-02-07T00:00:00+01:00,2016-02-07T23:00:00Z,2016-02-08T00:00:00+01:00
4.89583333333333,,,False,2,pm25,µg/m³,,raw,01:00:00,2016-02-07T23:00:00Z,2016-02-08T00:00:00+01:00,2016-02-08T00:00:00Z,2016-02-08T01:00:00+01:00,1,01:00:00,1,24:00:00,100.0,2400.0,2016-02-07T00:00:00Z,2016-02-07T01:00:00+01:00,2016-02-08T00:00:00Z,2016-02-08T01:00:00+01:00
4.63333333333333,,,False,2,pm25,µg/m³,,raw,01:00:00,2016-02-08T00:00:00Z,2016-02-08T01:00:00+01:00,2016-02-08T01:00:00Z,2016-02-08T02:00:00+01:00,1,01:00:00,1,24:00:00,100.0,2400.0,2016-02-07T01:00:00Z,2016-02-07T02:00:00+01:00,2016-02-08T01:00:00Z,2016-02-08T02:00:00+01:00
4.42173913043478,,,False,2,pm25,µg/m³,,raw,01:00:00,2016-02-08T01:00:00Z,2016-02-08T02:00:00+01:00,2016-02-08T02:00:00Z,2016-02-08T03:00:00+01:00,1,01:00:00,1,24:00:00,100.0,2400.0,2016-02-07T02:00:00Z,2016-02-07T03:00:00+01:00,2016-02-08T02:00:00Z,2016-02-08T03:00:00+01:00
4.0625,,,False,2,pm25,µg/m³,,raw,01:00:00,2016-02-08T02:00:00Z,2016-02-08T03:00:00+01:00,2016-02-08T03:00:00Z,2016-02-08T04:00:00+01:00,1,01:00:00,1,24:00:00,100.0,2400.0,2016-02-07T03:00:00Z,2016-02-07T04:00:00+01:00,2016-02-08T03:00:00Z,2016-02-08T04:00:00+01:00
3.78333333333333,,,False,2,pm25,µg/m³,,raw,01:00:00,2016-02-08T03:00:00Z,2016-02-08T04:00:00+01:00,2016-02-08T04:00:00Z,2016-02-08T05:00:00+01:00,1,01:00:00,1,24:00:00,100.0,2400.0,2016-02-07T04:00:00Z,2016-02-07T05:00:00+01:00,2016-02-08T04:00:00Z,2016-02-08T05:00:00+01:00
3.52916666666667,,,False,2,pm25,µg/m³,,raw,01:00:00,2016-02-08T04:00:00Z,2016-02-08T05:00:00+01:00,2016-02-08T05:00:00Z,2016-02-08T06:00:00+01:00,1,01:00:00,1,24:00:00,100.0,2400.0,2016-02-07T05:00:00Z,2016-02-07T06:00:00+01:00,2016-02-08T05:00:00Z,2016-02-08T06:00:00+01:00
3.4,,,False,2,pm25,µg/m³,,raw,01:00:00,2016-02-08T05:00:00Z,2016-02-08T06:00:00+01:00,2016-02-08T06:00:00Z,2016-02-08T07:00:00+01:00,1,01:00:00,1,24:00:00,100.0,2400.0,2016-02-07T06:00:00Z,2016-02-07T07:00:00+01:00,2016-02-08T06:00:00Z,2016-02-08T07:00:00+01:00
3.40416666666667,,,False,2,pm25,µg/m³,,raw,01:00:00,2016-02-08T06:00:00Z,2016-02-08T07:00:00+01:00,2016-02-08T07:00:00Z,2016-02-08T08:00:00+01:00,1,01:00:00,1,24:00:00,100.0,2400.0,2016-02-07T07:00:00Z,2016-02-07T08:00:00+01:00,2016-02-08T07:00:00Z,2016-02-08T08:00:00+01:00
3.41666666666667,,,False,2,pm25,µg/m³,,raw,01:00:00,2016-02-08T07:00:00Z,2016-02-08T08:00:00+01:00,2016-02-08T08:00:00Z,2016-02-08T09:00:00+01:00,1,01:00:00,1,24:00:00,100.0,2400.0,2016-02-07T08:00:00Z,2016-02-07T09:00:00+01:00,2016-02-08T08:00:00Z,2016-02-08T09:00:00+01:00
3.42916666666667,,,False,2,pm25,µg/m³,,raw,01:00:00,2016-02-08T08:00:00Z,2016-02-08T09:00:00+01:00,2016-02-08T09:00:00Z,2016-02-08T10:00:00+01:00,1,01:00:00,1,24:00:00,100.0,2400.0,2016-02-07T09:00:00Z,2016-02-07T10:00:00+01:00,2016-02-08T09:00:00Z,2016-02-08T10:00:00+01:00
3.475,,,False,2,pm25,µg/m³,,raw,01:00:00,2016-02-08T09:00:00Z,2016-02-08T10:00:00+01:00,2016-02-08T10:00:00Z,2016-02-08T11:00:00+01:00,1,01:00:00,1,24:00:00,100.0,2400.0,2016-02-07T10:00:00Z,2016-02-07T11:00:00+01:00,2016-02-08T10:00:00Z,2016-02-08T11:00:00+01:00
3.625,,,False,2,pm25,µg/m³,,raw,01:00:00,2016-02-08T10:00:00Z,2016-02-08T11:00:00+01:00,2016-02-08T11:00:00Z,2016-02-08T12:00:00+01:00,1,01:00:00,1,24:00:00,100.0,2400.0,2016-02-07T11:00:00Z,2016-02-07T12:00:00+01:00,2016-02-08T11:00:00Z,2016-02-08T12:00:00+01:00
3.89166666666667,,,False,2,pm25,µg/m³,,raw,01:00:00,2016-02-08T11:00:00Z,2016-02-08T12:00:00+01:00,2016-02-08T12:00:00Z,2016-02-08T13:00:00+01:00,1,01:00:00,1,24:00:00,100.0,2400.0,2016-02-07T12:00:00Z,2016-02-07T13:00:00+01:00,2016-02-08T12:00:00Z,2016-02-08T13:00:00+01:00
4.04583333333333,,,False,2,pm25,µg/m³,,raw,01:00:00,2016-02-08T12:00:00Z,2016-02-08T13:00:00+01:00,2016-02-08T13:00:00Z,2016-02-08T14:00:00+01:00,1,01:00:00,1,24:00:00,100.0,2400.0,2016-02-07T13:00:00Z,2016-02-07T14:00:00+01:00,2016-02-08T13:00:00Z,2016-02-08T14:00:00+01:00
4.16666666666667,,,False,2,pm25,µg/m³,,raw,01:00:00,2016-02-08T13:00:00Z,2016-02-08T14:00:00+01:00,2016-02-08T14:00:00Z,2016-02-08T15:00:00+01:00,1,01:00:00,1,24:00:00,100.0,2400.0,2016-02-07T14:00:00Z,2016-02-07T15:00:00+01:00,2016-02-08T14:00:00Z,2016-02-08T15:00:00+01:00
4.44166666666667,,,False,2,pm25,µg/m³,,raw,01:00:00,2016-02-08T14:00:00Z,2016-02-08T15:00:00+01:00,2016-02-08T15:00:00Z,2016-02-08T16:00:00+01:00,1,01:00:00,1,24:00:00,100.0,2400.0,2016-02-07T15:00:00Z,2016-02-07T16:00:00+01:00,2016-02-08T15:00:00Z,2016-02-08T16:00:00+01:00
4.8375,,,False,2,pm25,µg/m³,,raw,01:00:00,2016-02-08T15:00:00Z,2016-02-08T16:00:00+01:00,2016-02-08T16:00:00Z,2016-02-08T17:00:00+01:00,1,01:00:00,1,24:00:00,100.0,2400.0,2016-02-07T16:00:00Z,2016-02-07T17:00:00+01:00,2016-02-08T16:00:00Z,2016-02-08T17:00:00+01:00
4.8304347826087,,,False,2,pm25,µg/m³,,raw,01:00:00,2016-02-08T16:00:00Z,2016-02-08T17:00:00+01:00,2016-02-08T17:00:00Z,2016-02-08T18:00:00+01:00,1,01:00:00,1,24:00:00,100.0,2400.0,2016-02-07T17:00:00Z,2016-02-07T18:00:00+01:00,2016-02-08T17:00:00Z,2016-02-08T18:00:00+01:00
5.6,,,False,2,pm25,µg/m³,,raw,01:00:00,2016-02-08T17:00:00Z,2016-02-08T18:00:00+01:00,2016-02-08T18:00:00Z,2016-02-08T19:00:00+01:00,1,01:00:00,1,24:00:00,100.0,2400.0,2016-02-07T18:00:00Z,2016-02-07T19:00:00+01:00,2016-02-08T18:00:00Z,2016-02-08T19:00:00+01:00
5.97083333333333,,,False,2,pm25,µg/m³,,raw,01:00:00,2016-02-08T18:00:00Z,2016-02-08T19:00:00+01:00,2016-02-08T19:00:00Z,2016-02-08T20:00:00+01:00,1,01:00:00,1,24:00:00,100.0,2400.0,2016-02-07T19:00:00Z,2016-02-07T20:00:00+01:00,2016-02-08T19:00:00Z,2016-02-08T20:00:00+01:00
6.21666666666667,,,False,2,pm25,µg/m³,,raw,01:00:00,2016-02-08T19:00:00Z,2016-02-08T20:00:00+01:00,2016-02-08T20:00:00Z,2016-02-08T21:00:00+01:00,1,01:00:00,1,24:00:00,100.0,2400.0,2016-02-07T20:00:00Z,2016-02-07T21:00:00+01:00,2016-02-08T20:00:00Z,2016-02-08T21:00:00+01:00
6.43333333333333,,,False,2,pm25,µg/m³,,raw,01:00:00,2016-02-08T20:00:00Z,2016-02-08T21:00:00+01:00,2016-02-08T21:00:00Z,2016-02-08T22:00:00+01:00,1,01:00:00,1,24:00:00,100.0,2400.0,2016-02-07T21:00:00Z,2016-02-07T22:00:00+01:00,2016-02-08T21:00:00Z,2016-02-08T22:00:00+01:00
6.475,,,False,2,pm25,µg/m³,,raw,01:00:00,2016-02-08T21:00:00Z,2016-02-08T22:00:00+01:00,2016-02-08T22:00:00Z,2016-02-08T23:00:00+01:00,1,01:00:00,1,24:00:00,100.0,2400.0,2016-02-07T22:00:00Z,2016-02-07T23:00:00+01:00,2016-02-08T22:00:00Z,2016-02-08T23:00:00+01:00
6.58260869565217,,,False,2,pm25,µg/m³,,raw,01:00:00,2016-02-08T22:00:00Z,2016-02-08T23:00:00+01:00,2016-02-08T23:00:00Z,2016-02-09T00:00:00+01:00,1,01:00:00,1,24:00:00,100.0,2400.0,2016-02-07T23:00:00Z,2016-02-08T00:00:00+01:00,2016-02-08T23:00:00Z,2016-02-09T00:00:00+01:00
6.77272727272727,,,False,2,pm25,µg/m³,,raw,01:00:00,2016-02-08T23:00:00Z,2016-02-09T00:00:00+01:00,2016-02-09T00:00:00Z,2016-02-09T01:00:00+01:00,1,01:00:00,1,24:00:00,100.0,2400.0,2016-02-08T00:00:00Z,2016-02-08T01:00:00+01:00,2016-02-09T00:00:00Z,2016-02-09T01:00:00+01:00
6.7875,,,False,2,pm25,µg/m³,,raw,01:00:00,2016-02-09T00:00:00Z,2016-02-09T01:00:00+01:00,2016-02-09T01:00:00Z,2016-02-09T02:00:00+01:00,1,01:00:00,1,24:00:00,100.0,2400.0,2016-02-08T01:00:00Z,2016-02-08T02:00:00+01:00,2016-02-09T01:00:00Z,2016-02-09T02:00:00+01:00
7.125,,,False,2,pm25,µg/m³,,raw,01:00:00,2016-02-09T01:00:00Z,2016-02-09T02:00:00+01:00,2016-02-09T02:00:00Z,2016-02-09T03:00:00+01:00,1,01:00:00,1,24:00:00,100.0,2400.0,2016-02-08T02:00:00Z,2016-02-08T03:00:00+01:00,2016-02-09T02:00:00Z,2016-02-09T03:00:00+01:00
7.50833333333333,,,False,2,pm25,µg/m³,,raw,01:00:00,2016-02-09T02:00:00Z,2016-02-09T03:00:00+01:00,2016-02-09T03:00:00Z,2016-02-09T04:00:00+01:00,1,01:00:00,1,24:00:00,100.0,2400.0,2016-02-08T03:00:00Z,2016-02-08T04:00:00+01:00,2016-02-09T03:00:00Z,2016-02-09T04:00:00+01:00
8.0,,,False,2,pm25,µg/m³,,raw,01:00:00,2016-02-09T03:00:00Z,2016-02-09T04:00:00+01:00,2016-02-09T04:00:00Z,2016-02-09T05:00:00+01:00,1,01:00:00,1,24:00:00,100.0,2400.0,2016-02-08T04:00:00Z,2016-02-08T05:00:00+01:00,2016-02-09T04:00:00Z,2016-02-09T05:00:00+01:00
8.45833333333333,,,False,2,pm25,µg/m³,,raw,01:00:00,2016-02-09T04:00:00Z,2016-02-09T05:00:00+01:00,2016-02-09T05:00:00Z,2016-02-09T06:00:00+01:00,1,01:00:00,1,24:00:00,100.0,2400.0,2016-02-08T05:00:00Z,2016-02-08T06:00:00+01:00,2016-02-09T05:00:00Z,2016-02-09T06:00:00+01:00
8.85,,,False,2,pm25,µg/m³,,raw,01:00:00,2016-02-09T05:00:00Z,2016-02-09T06:00:00+01:00,2016-02-09T06:00:00Z,2016-02-09T07:00:00+01:00,1,01:00:00,1,24:00:00,100.0,2400.0,2016-02-08T06:00:00Z,2016-02-08T07:00:00+01:00,2016-02-09T06:00:00Z,2016-02-09T07:00:00+01:00
9.14166666666667,,,False,2,pm25,µg/m³,,raw,01:00:00,2016-02-09T06:00:00Z,2016-02-09T07:00:00+01:00,2016-02-09T07:00:00Z,2016-02-09T08:00:00+01:00,1,01:00:00,1,24:00:00,100.0,2400.0,2016-02-08T07:00:00Z,2016-02-08T08:00:00+01:00,2016-02-09T07:00:00Z,2016-02-09T08:00:00+01:00
9.48695652173913,,,False,2,pm25,µg/m³,,raw,01:00:00,2016-02-09T07:00:00Z,2016-02-09T08:00:00+01:00,2016-02-09T08:00:00Z,2016-02-09T09:00:00+01:00,1,01:00:00,1,24:00:00,100.0,2400.0,2016-02-08T08:00:00Z,2016-02-08T09:00:00+01:00,2016-02-09T08:00:00Z,2016-02-09T09:00:00+01:00
9.60833333333333,,,False,2,pm25,µg/m³,,raw,01:00:00,2016-02-09T08:00:00Z,2016-02-09T09:00:00+01:00,2016-02-09T09:00:00Z,2016-02-09T10:00:00+01:00,1,01:00:00,1,24:00:00,100.0,2400.0,2016-02-08T09:00:00Z,2016-02-08T10:00:00+01:00,2016-02-09T09:00:00Z,2016-02-09T10:00:00+01:00
9.71666666666667,,,False,2,pm25,µg/m³,,raw,01:00:00,2016-02-09T09:00:00Z,2016-02-09T10:00:00+01:00,2016-02-09T10:00:00Z,2016-02-09T11:00:00+01:00,1,01:00:00,1,24:00:00,100.0,2400.0,2016-02-08T10:00:00Z,2016-02-08T11:00:00+01:00,2016-02-09T10:00:00Z,2016-02-09T11:00:00+01:00
10.1,,,False,2,pm25,µg/m³,,raw,01:00:00,2016-02-09T10:00:00Z,2016-02-09T11:00:00+01:00,2016-02-09T11:00:00Z,2016-02-09T12:00:00+01:00,1,01:00:00,1,24:00:00,100.0,2400.0,2016-02-08T11:00:00Z,2016-02-08T12:00:00+01:00,2016-02-09T11:00:00Z,2016-02-09T12:00:00+01:00
10.1791666666667,,,False,2,pm25,µg/m³,,raw,01:00:00,2016-02-09T11:00:00Z,2016-02-09T12:00:00+01:00,2016-02-09T12:00:00Z,2016-02-09T13:00:00+01:00,1,01:00:00,1,24:00:00,100.0,2400.0,2016-02-08T12:00:00Z,2016-02-08T13:00:00+01:00,2016-02-09T12:00:00Z,2016-02-09T13:00:00+01:00
10.2583333333333,,,False,2,pm25,µg/m³,,raw,01:00:00,2016-02-09T12:00:00Z,2016-02-09T13:00:00+01:00,2016-02-09T13:00:00Z,2016-02-09T14:00:00+01:00,1,01:00:00,1,24:00:00,100.0,2400.0,2016-02-08T13:00:00Z,2016-02-08T14:00:00+01:00,2016-02-09T13:00:00Z,2016-02-09T14:00:00+01:00
10.2833333333333,,,False,2,pm25,µg/m³,,raw,01:00:00,2016-02-09T13:00:00Z,2016-02-09T14:00:00+01:00,2016-02-09T14:00:00Z,2016-02-09T15:00:00+01:00,1,01:00:00,1,24:00:00,100.0,2400.0,2016-02-08T14:00:00Z,2016-02-08T15:00:00+01:00,2016-02-09T14:00:00Z,2016-02-09T15:00:00+01:00
10.0791666666667,,,False,2,pm25,µg/m³,,raw,01:00:00,2016-02-09T14:00:00Z,2016-02-09T15:00:00+01:00,2016-02-09T15:00:00Z,2016-02-09T16:00:00+01:00,1,01:00:00,1,24:00:00,100.0,2400.0,2016-02-08T15:00:00Z,2016-02-08T16:00:00+01:00,2016-02-09T15:00:00Z,2016-02-09T16:00:00+01:00
9.64583333333333,,,False,2,pm25,µg/m³,,raw,01:00:00,2016-02-09T15:00:00Z,2016-02-09T16:00:00+01:00,2016-02-09T16:00:00Z,2016-02-09T17:00:00+01:00,1,01:00:00,1,24:00:00,100.0,2400.0,2016-02-08T16:00:00Z,2016-02-08T17:00:00+01:00,2016-02-09T16:00:00Z,2016-02-09T17:00:00+01:00
9.24166666666667,,,False,2,pm25,µg/m³,,raw,01:00:00,2016-02-09T16:00:00Z,2016-02-09T17:00:00+01:00,2016-02-09T17:00:00Z,2016-02-09T18:00:00+01:00,1,01:00:00,1,24:00:00,100.0,2400.0,2016-02-08T17:00:00Z,2016-02-08T18:00:00+01:00,2016-02-09T17:00:00Z,2016-02-09T18:00:00+01:00
8.89166666666667,,,False,2,pm25,µg/m³,,raw,01:00:00,2016-02-09T17:00:00Z,2016-02-09T18:00:00+01:00,2016-02-09T18:00:00Z,2016-02-09T19:00:00+01:00,1,01:00:00,1,24:00:00,100.0,2400.0,2016-02-08T18:00:00Z,2016-02-08T19:00:00+01:00,2016-02-09T18:00:00Z,2016-02-09T19:00:00+01:00
8.44166666666667,,,False,2,pm25,µg/m³,,raw,01:00:00,2016-02-09T18:00:00Z,2016-02-09T19:00:00+01:00,2016-02-09T19:00:00Z,2016-02-09T20:00:00+01:00,1,01:00:00,1,24:00:00,100.0,2400.0,2016-02-08T19:00:00Z,2016-02-08T20:00:00+01:00,2016-02-09T19:00:00Z,2016-02-09T20:00:00+01:00
8.125,,,False,2,pm25,µg/m³,,raw,01:00:00,2016-02-09T19:00:00Z,2016-02-09T20:00:00+01:00,2016-02-09T20:00:00Z,2016-02-09T21:00:00+01:00,1,01:00:00,1,24:00:00,100.0,2400.0,2016-02-08T20:00:00Z,2016-02-08T21:00:00+01:00,2016-02-09T20:00:00Z,2016-02-09T21:00:00+01:00
8.0,,,False,2,pm25,µg/m³,,raw,01:00:00,2016-02-09T20:00:00Z,2016-02-09T21:00:00+01:00,2016-02-09T21:00:00Z,2016-02-09T22:00:00+01:00,1,01:00:00,1,24:00:00,100.0,2400.0,2016-02-08T21:00:00Z,2016-02-08T22:00:00+01:00,2016-02-09T21:00:00Z,2016-02-09T22:00:00+01:00
8.10416666666667,,,False,2,pm25,µg/m³,,raw,01:00:00,2016-02-09T21:00:00Z,2016-02-09T22:00:00+01:00,2016-02-09T22:00:00Z,2016-02-09T23:00:00+01:00,1,01:00:00,1,24:00:00,100.0,2400.0,2016-02-08T22:00:00Z,2016-02-08T23:00:00+01:00,2016-02-09T22:00:00Z,2016-02-09T23:00:00+01:00
8.22608695652174,,,False,2,pm25,µg/m³,,raw,01:00:00,2016-02-09T22:00:00Z,2016-02-09T23:00:00+01:00,2016-02-09T23:00:00Z,2016-02-10T00:00:00+01:00,1,01:00:00,1,24:00:00,100.0,2400.0,2016-02-08T23:00:00Z,2016-02-09T00:00:00+01:00,2016-02-09T23:00:00Z,2016-02-10T00:00:00+01:00
8.40454545454545,,,False,2,pm25,µg/m³,,raw,01:00:00,2016-02-09T23:00:00Z,2016-02-10T00:00:00+01:00,2016-02-10T00:00:00Z,2016-02-10T01:00:00+01:00,1,01:00:00,1,24:00:00,100.0,2400.0,2016-02-09T00:00:00Z,2016-02-09T01:00:00+01:00,2016-02-10T00:00:00Z,2016-02-10T01:00:00+01:00
7.64583333333333,,,False,2,pm25,µg/m³,,raw,01:00:00,2016-02-10T00:00:00Z,2016-02-10T01:00:00+01:00,2016-02-10T01:00:00Z,2016-02-10T02:00:00+01:00,1,01:00:00,1,24:00:00,100.0,2400.0,2016-02-09T01:00:00Z,2016-02-09T02:00:00+01:00,2016-02-10T01:00:00Z,2016-02-10T02:00:00+01:00
7.44583333333333,,,False,2,pm25,µg/m³,,raw,01:00:00,2016-02-10T01:00:00Z,2016-02-10T02:00:00+01:00,2016-02-10T02:00:00Z,2016-02-10T03:00:00+01:00,1,01:00:00,1,24:00:00,100.0,2400.0,2016-02-09T02:00:00Z,2016-02-09T03:00:00+01:00,2016-02-10T02:00:00Z,2016-02-10T03:00:00+01:00
7.2625,,,False,2,pm25,µg/m³,,raw,01:00:00,2016-02-10T02:00:00Z,2016-02-10T03:00:00+01:00,2016-02-10T03:00:00Z,2016-02-10T04:00:00+01:00,1,01:00:00,1,24:00:00,100.0,2400.0,2016-02-09T03:00:00Z,2016-02-09T04:00:00+01:00,2016-02-10T03:00:00Z,2016-02-10T04:00:00+01:00
7.0,,,False,2,pm25,µg/m³,,raw,01:00:00,2016-02-10T03:00:00Z,2016-02-10T04:00:00+01:00,2016-02-10T04:00:00Z,2016-02-10T05:00:00+01:00,1,01:00:00,1,24:00:00,100.0,2400.0,2016-02-09T04:00:00Z,2016-02-09T05:00:00+01:00,2016-02-10T04:00:00Z,2016-02-10T05:00:00+01:00
6.625,,,False,2,pm25,µg/m³,,raw,01:00:00,2016-02-10T04:00:00Z,2016-02-10T05:00:00+01:00,2016-02-10T05:00:00Z,2016-02-10T06:00:00+01:00,1,01:00:00,1,24:00:00,100.0,2400.0,2016-02-09T05:00:00Z,2016-02-09T06:00:00+01:00,2016-02-10T05:00:00Z,2016-02-10T06:00:00+01:00
6.25,,,False,2,pm25,µg/m³,,raw,01:00:00,2016-02-10T05:00:00Z,2016-02-10T06:00:00+01:00,2016-02-10T06:00:00Z,2016-02-10T07:00:00+01:00,1,01:00:00,1,24:00:00,100.0,2400.0,2016-02-09T06:00:00Z,2016-02-09T07:00:00+01:00,2016-02-10T06:00:00Z,2016-02-10T07:00:00+01:00
6.04583333333333,,,False,2,pm25,µg/m³,,raw,01:00:00,2016-02-10T06:00:00Z,2016-02-10T07:00:00+01:00,2016-02-10T07:00:00Z,2016-02-10T08:00:00+01:00,1,01:00:00,1,24:00:00,100.0,2400.0,2016-02-09T07:00:00Z,2016-02-09T08:00:00+01:00,2016-02-10T07:00:00Z,2016-02-10T08:00:00+01:00
5.84583333333333,,,False,2,pm25,µg/m³,,raw,01:00:00,2016-02-10T07:00:00Z,2016-02-10T08:00:00+01:00,2016-02-10T08:00:00Z,2016-02-10T09:00:00+01:00,1,01:00:00,1,24:00:00,100.0,2400.0,2016-02-09T08:00:00Z,2016-02-09T09:00:00+01:00,2016-02-10T08:00:00Z,2016-02-10T09:00:00+01:00
5.84583333333333,,,False,2,pm25,µg/m³,,raw,01:00:00,2016-02-10T08:00:00Z,2016-02-10T09:00:00+01:00,2016-02-10T09:00:00Z,2016-02-10T10:00:00+01:00,1,01:00:00,1,24:00:00,100.0,2400.0,2016-02-09T09:00:00Z,2016-02-09T10:00:00+01:00,2016-02-10T09:00:00Z,2016-02-10T10:00:00+01:00
5.74583333333333,,,False,2,pm25,µg/m³,,raw,01:00:00,2016-02-10T09:00:00Z,2016-02-10T10:00:00+01:00,2016-02-10T10:00:00Z,2016-02-10T11:00:00+01:00,1,01:00:00,1,24:00:00,100.0,2400.0,2016-02-09T10:00:00Z,2016-02-09T11:00:00+01:00,2016-02-10T10:00:00Z,2016-02-10T11:00:00+01:00
5.30833333333333,,,False,2,pm25,µg/m³,,raw,01:00:00,2016-02-10T10:00:00Z,2016-02-10T11:00:00+01:00,2016-02-10T11:00:00Z,2016-02-10T12:00:00+01:00,1,01:00:00,1,24:00:00,100.0,2400.0,2016-02-09T11:00:00Z,2016-02-09T12:00:00+01:00,2016-02-10T11:00:00Z,2016-02-10T12:00:00+01:00
5.2625,,,False,2,pm25,µg/m³,,raw,01:00:00,2016-02-10T11:00:00Z,2016-02-10T12:00:00+01:00,2016-02-10T12:00:00Z,2016-02-10T13:00:00+01:00,1,01:00:00,1,24:00:00,100.0,2400.0,2016-02-09T12:00:00Z,2016-02-09T13:00:00+01:00,2016-02-10T12:00:00Z,2016-02-10T13:00:00+01:00
5.24166666666667,,,False,2,pm25,µg/m³,,raw,01:00:00,2016-02-10T12:00:00Z,2016-02-10T13:00:00+01:00,2016-02-10T13:00:00Z,2016-02-10T14:00:00+01:00,1,01:00:00,1,24:00:00,100.0,2400.0,2016-02-09T13:00:00Z,2016-02-09T14:00:00+01:00,2016-02-10T13:00:00Z,2016-02-10T14:00:00+01:00
5.07826086956522,,,False,2,pm25,µg/m³,,raw,01:00:00,2016-02-10T13:00:00Z,2016-02-10T14:00:00+01:00,2016-02-10T14:00:00Z,2016-02-10T15:00:00+01:00,1,01:00:00,1,24:00:00,100.0,2400.0,2016-02-09T14:00:00Z,2016-02-09T15:00:00+01:00,2016-02-10T14:00:00Z,2016-02-10T15:00:00+01:00
5.2,,,False,2,pm25,µg/m³,,raw,01:00:00,2016-02-10T14:00:00Z,2016-02-10T15:00:00+01:00,2016-02-10T15:00:00Z,2016-02-10T16:00:00+01:00,1,01:00:00,1,24:00:00,100.0,2400.0,2016-02-09T15:00:00Z,2016-02-09T16:00:00+01:00,2016-02-10T15:00:00Z,2016-02-10T16:00:00+01:00
5.15,,,False,2,pm25,µg/m³,,raw,01:00:00,2016-02-10T15:00:00Z,2016-02-10T16:00:00+01:00,2016-02-10T16:00:00Z,2016-02-10T17:00:00+01:00,1,01:00:00,1,24:00:00,100.0,2400.0,2016-02-09T16:00:00Z,2016-02-09T17:00:00+01:00,2016-02-10T16:00:00Z,2016-02-10T17:00:00+01:00
5.13333333333333,,,False,2,pm25,µg/m³,,raw,01:00:00,2016-02-10T16:00:00Z,2016-02-10T17:00:00+01:00,2016-02-10T17:00:00Z,2016-02-10T18:00:00+01:00,1,01:00:00,1,24:00:00,100.0,2400.0,2016-02-09T17:00:00Z,2016-02-09T18:00:00+01:00,2016-02-10T17:00:00Z,2016-02-10T18:00:00+01:00
5.27083333333333,,,False,2,pm25,µg/m³,,raw,01:00:00,2016-02-10T17:00:00Z,2016-02-10T18:00:00+01:00,2016-02-10T18:00:00Z,2016-02-10T19:00:00+01:00,1,01:00:00,1,24:00:00,100.0,2400.0,2016-02-09T18:00:00Z,2016-02-09T19:00:00+01:00,2016-02-10T18:00:00Z,2016-02-10T19:00:00+01:00
5.425,,,False,2,pm25,µg/m³,,raw,01:00:00,2016-02-10T18:00:00Z,2016-02-10T19:00:00+01:00,2016-02-10T19:00:00Z,2016-02-10T20:00:00+01:00,1,01:00:00,1,24:00:00,100.0,2400.0,2016-02-09T19:00:00Z,2016-02-09T20:00:00+01:00,2016-02-10T19:00:00Z,2016-02-10T20:00:00+01:00
5.55,,,False,2,pm25,µg/m³,,raw,01:00:00,2016-02-10T19:00:00Z,2016-02-10T20:00:00+01:00,2016-02-10T20:00:00Z,2016-02-10T21:00:00+01:00,1,01:00:00,1,24:00:00,100.0,2400.0,2016-02-09T20:00:00Z,2016-02-09T21:00:00+01:00,2016-02-10T20:00:00Z,2016-02-10T21:00:00+01:00
5.6,,,False,2,pm25,µg/m³,,raw,01:00:00,2016-02-10T20:00:00Z,2016-02-10T21:00:00+01:00,2016-02-10T21:00:00Z,2016-02-10T22:00:00+01:00,1,01:00:00,1,24:00:00,100.0,2400.0,2016-02-09T21:00:00Z,2016-02-09T22:00:00+01:00,2016-02-10T21:00:00Z,2016-02-10T22:00:00+01:00
5.53333333333333,,,False,2,pm25,µg/m³,,raw,01:00:00,2016-02-10T21:00:00Z,2016-02-10T22:00:00+01:00,2016-02-10T22:00:00Z,2016-02-10T23:00:00+01:00,1,01:00:00,1,24:00:00,100.0,2400.0,2016-02-09T22:00:00Z,2016-02-09T23:00:00+01:00,2016-02-10T22:00:00Z,2016-02-10T23:00:00+01:00
5.62608695652174,,,False,2,pm25,µg/m³,,raw,01:00:00,2016-02-10T22:00:00Z,2016-02-10T23:00:00+01:00,2016-02-10T23:00:00Z,2016-02-11T00:00:00+01:00,1,01:00:00,1,24:00:00,100.0,2400.0,2016-02-09T23:00:00Z,2016-02-10T00:00:00+01:00,2016-02-10T23:00:00Z,2016-02-11T00:00:00+01:00
5.83333333333333,,,False,2,pm25,µg/m³,,raw,01:00:00,2016-02-10T23:00:00Z,2016-02-11T00:00:00+01:00,2016-02-11T00:00:00Z,2016-02-11T01:00:00+01:00,1,01:00:00,1,24:00:00,100.0,2400.0,2016-02-10T00:00:00Z,2016-02-10T01:00:00+01:00,2016-02-11T00:00:00Z,2016-02-11T01:00:00+01:00
5.91666666666667,,,False,2,pm25,µg/m³,,raw,01:00:00,2016-02-11T00:00:00Z,2016-02-11T01:00:00+01:00,2016-02-11T01:00:00Z,2016-02-11T02:00:00+01:00,1,01:00:00,1,24:00:00,100.0,2400.0,2016-02-10T01:00:00Z,2016-02-10T02:00:00+01:00,2016-02-11T01:00:00Z,2016-02-11T02:00:00+01:00
5.95,,,False,2,pm25,µg/m³,,raw,01:00:00,2016-02-11T01:00:00Z,2016-02-11T02:00:00+01:00,2016-02-11T02:00:00Z,2016-02-11T03:00:00+01:00,1,01:00:00,1,24:00:00,100.0,2400.0,2016-02-10T02:00:00Z,2016-02-10T03:00:00+01:00,2016-02-11T02:00:00Z,2016-02-11T03:00:00+01:00
6.1,,,False,2,pm25,µg/m³,,raw,01:00:00,2016-02-11T02:00:00Z,2016-02-11T03:00:00+01:00,2016-02-11T03:00:00Z,2016-02-11T04:00:00+01:00,1,01:00:00,1,24:00:00,100.0,2400.0,2016-02-10T03:00:00Z,2016-02-10T04:00:00+01:00,2016-02-11T03:00:00Z,2016-02-11T04:00:00+01:00
6.25416666666667,,,False,2,pm25,µg/m³,,raw,01:00:00,2016-02-11T03:00:00Z,2016-02-11T04:00:00+01:00,2016-02-11T04:00:00Z,2016-02-11T05:00:00+01:00,1,01:00:00,1,24:00:00,100.0,2400.0,2016-02-10T04:00:00Z,2016-02-10T05:00:00+01:00,2016-02-11T04:00:00Z,2016-02-11T05:00:00+01:00
6.37391304347826,,,False,2,pm25,µg/m³,,raw,01:00:00,2016-02-11T04:00:00Z,2016-02-11T05:00:00+01:00,2016-02-11T05:00:00Z,2016-02-11T06:00:00+01:00,1,01:00:00,1,24:00:00,100.0,2400.0,2016-02-10T05:00:00Z,2016-02-10T06:00:00+01:00,2016-02-11T05:00:00Z,2016-02-11T06:00:00+01:00
6.76666666666667,,,False,2,pm25,µg/m³,,raw,01:00:00,2016-02-11T05:00:00Z,2016-02-11T06:00:00+01:00,2016-02-11T06:00:00Z,2016-02-11T07:00:00+01:00,1,01:00:00,1,24:00:00,100.0,2400.0,2016-02-10T06:00:00Z,2016-02-10T07:00:00+01:00,2016-02-11T06:00:00Z,2016-02-11T07:00:00+01:00
6.84166666666667,,,False,2,pm25,µg/m³,,raw,01:00:00,2016-02-11T06:00:00Z,2016-02-11T07:00:00+01:00,2016-02-11T07:00:00Z,2016-02-11T08:00:00+01:00,1,01:00:00,1,24:00:00,100.0,2400.0,2016-02-10T07:00:00Z,2016-02-10T08:00:00+01:00,2016-02-11T07:00:00Z,2016-02-11T08:00:00+01:00
7.35833333333333,,,False,2,pm25,µg/m³,,raw,01:00:00,2016-02-11T07:00:00Z,2016-02-11T08:00:00+01:00,2016-02-11T08:00:00Z,2016-02-11T09:00:00+01:00,1,01:00:00,1,24:00:00,100.0,2400.0,2016-02-10T08:00:00Z,2016-02-10T09:00:00+01:00,2016-02-11T08:00:00Z,2016-02-11T09:00:00+01:00
7.44166666666667,,,False,2,pm25,µg/m³,,raw,01:00:00,2016-02-11T08:00:00Z,2016-02-11T09:00:00+01:00,2016-02-11T09:00:00Z,2016-02-11T10:00:00+01:00,1,01:00:00,1,24:00:00,100.0,2400.0,2016-02-10T09:00:00Z,2016-02-10T10:00:00+01:00,2016-02-11T09:00:00Z,2016-02-11T10:00:00+01:00
7.47083333333333,,,False,2,pm25,µg/m³,,raw,01:00:00,2016-02-11T09:00:00Z,2016-02-11T10:00:00+01:00,2016-02-11T10:00:00Z,2016-02-11T11:00:00+01:00,1,01:00:00,1,24:00:00,100.0,2400.0,2016-02-10T10:00:00Z,2016-02-10T11:00:00+01:00,2016-02-11T10:00:00Z,2016-02-11T11:00:00+01:00
7.52916666666667,,,False,2,pm25,µg/m³,,raw,01:00:00,2016-02-11T10:00:00Z,2016-02-11T11:00:00+01:00,2016-02-11T11:00:00Z,2016-02-11T12:00:00+01:00,1,01:00:00,1,24:00:00,100.0,2400.0,2016-02-10T11:00:00Z,2016-02-10T12:00:00+01:00,2016-02-11T11:00:00Z,2016-02-11T12:00:00+01:00
7.62083333333333,,,False,2,pm25,µg/m³,,raw,01:00:00,2016-02-11T11:00:00Z,2016-02-11T12:00:00+01:00,2016-02-11T12:00:00Z,2016-02-11T13:00:00+01:00,1,01:00:00,1,24:00:00,100.0,2400.0,2016-02-10T12:00:00Z,2016-02-10T13:00:00+01:00,2016-02-11T12:00:00Z,2016-02-11T13:00:00+01:00
7.92916666666667,,,False,2,pm25,µg/m³,,raw,01:00:00,2016-02-11T12:00:00Z,2016-02-11T13:00:00+01:00,2016-02-11T13:00:00Z,2016-02-11T14:00:00+01:00,1,01:00:00,1,24:00:00,100.0,2400.0,2016-02-10T13:00:00Z,2016-02-10T14:00:00+01:00,2016-02-11T13:00:00Z,2016-02-11T14:00:00+01:00
7.98333333333333,,,False,2,pm25,µg/m³,,raw,01:00:00,2016-02-11T13:00:00Z,2016-02-11T14:00:00+01:00,2016-02-11T14:00:00Z,2016-02-11T15:00:00+01:00,1,01:00:00,1,24:00:00,100.0,2400.0,2016-02-10T14:00:00Z,2016-02-10T15:00:00+01:00,2016-02-11T14:00:00Z,2016-02-11T15:00:00+01:00
8.16666666666667,,,False,2,pm25,µg/m³,,raw,01:00:00,2016-02-11T14:00:00Z,2016-02-11T15:00:00+01:00,2016-02-11T15:00:00Z,2016-02-11T16:00:00+01:00,1,01:00:00,1,24:00:00,100.0,2400.0,2016-02-10T15:00:00Z,2016-02-10T16:00:00+01:00,2016-02-11T15:00:00Z,2016-02-11T16:00:00+01:00
8.33333333333333,,,False,2,pm25,µg/m³,,raw,01:00:00,2016-02-11T15:00:00Z,2016-02-11T16:00:00+01:00,2016-02-11T16:00:00Z,2016-02-11T17:00:00+01:00,1,01:00:00,1,24:00:00,100.0,2400.0,2016-02-10T16:00:00Z,2016-02-10T17:00:00+01:00,2016-02-11T16:00:00Z,2016-02-11T17:00:00+01:00
8.35416666666667,,,False,2,pm25,µg/m³,,raw,01:00:00,2016-02-11T16:00:00Z,2016-02-11T17:00:00+01:00,2016-02-11T17:00:00Z,2016-02-11T18:00:00+01:00,1,01:00:00,1,24:00:00,100.0,2400.0,2016-02-10T17:00:00Z,2016-02-10T18:00:00+01:00,2016-02-11T17:00:00Z,2016-02-11T18:00:00+01:00
8.17916666666667,,,False,2,pm25,µg/m³,,raw,01:00:00,2016-02-11T17:00:00Z,2016-02-11T18:00:00+01:00,2016-02-11T18:00:00Z,2016-02-11T19:00:00+01:00,1,01:00:00,1,24:00:00,100.0,2400.0,2016-02-10T18:00:00Z,2016-02-10T19:00:00+01:00,2016-02-11T18:00:00Z,2016-02-11T19:00:00+01:00
8.13333333333333,,,False,2,pm25,µg/m³,,raw,01:00:00,2016-02-11T18:00:00Z,2016-02-11T19:00:00+01:00,2016-02-11T19:00:00Z,2016-02-11T20:00:00+01:00,1,01:00:00,1,24:00:00,100.0,2400.0,2016-02-10T19:00:00Z,2016-02-10T20:00:00+01:00,2016-02-11T19:00:00Z,2016-02-11T20:00:00+01:00
8.22608695652174,,,False,2,pm25,µg/m³,,raw,01:00:00,2016-02-11T19:00:00Z,2016-02-11T20:00:00+01:00,2016-02-11T20:00:00Z,2016-02-11T21:00:00+01:00,1,01:00:00,1,24:00:00,100.0,2400.0,2016-02-10T20:00:00Z,2016-02-10T21:00:00+01:00,2016-02-11T20:00:00Z,2016-02-11T21:00:00+01:00
7.78333333333333,,,False,2,pm25,µg/m³,,raw,01:00:00,2016-02-11T20:00:00Z,2016-02-11T21:00:00+01:00,2016-02-11T21:00:00Z,2016-02-11T22:00:00+01:00,1,01:00:00,1,24:00:00,100.0,2400.0,2016-02-10T21:00:00Z,2016-02-10T22:00:00+01:00,2016-02-11T21:00:00Z,2016-02-11T22:00:00+01:00
7.73333333333333,,,False,2,pm25,µg/m³,,raw,01:00:00,2016-02-11T21:00:00Z,2016-02-11T22:00:00+01:00,2016-02-11T22:00:00Z,2016-02-11T23:00:00+01:00,1,01:00:00,1,24:00:00,100.0,2400.0,2016-02-10T22:00:00Z,2016-02-10T23:00:00+01:00,2016-02-11T22:00:00Z,2016-02-11T23:00:00+01:00
7.82173913043478,,,False,2,pm25,µg/m³,,raw,01:00:00,2016-02-11T22:00:00Z,2016-02-11T23:00:00+01:00,2016-02-11T23:00:00Z,2016-02-12T00:00:00+01:00,1,01:00:00,1,24:00:00,100.0,2400.0,2016-02-10T23:00:00Z,2016-02-11T00:00:00+01:00,2016-02-11T23:00:00Z,2016-02-12T00:00:00+01:00
8.30416666666667,,,False,2,pm25,µg/m³,,raw,01:00:00,2016-02-11T23:00:00Z,2016-02-12T00:00:00+01:00,2016-02-12T00:00:00Z,2016-02-12T01:00:00+01:00,1,01:00:00,1,24:00:00,100.0,2400.0,2016-02-11T00:00:00Z,2016-02-11T01:00:00+01:00,2016-02-12T00:00:00Z,2016-02-12T01:00:00+01:00
8.775,,,False,2,pm25,µg/m³,,raw,01:00:00,2016-02-12T00:00:00Z,2016-02-12T01:00:00+01:00,2016-02-12T01:00:00Z,2016-02-12T02:00:00+01:00,1,01:00:00,1,24:00:00,100.0,2400.0,2016-02-11T01:00:00Z,2016-02-11T02:00:00+01:00,2016-02-12T01:00:00Z,2016-02-12T02:00:00+01:00
9.45,,,False,2,pm25,µg/m³,,raw,01:00:00,2016-02-12T01:00:00Z,2016-02-12T02:00:00+01:00,2016-02-12T02:00:00Z,2016-02-12T03:00:00+01:00,1,01:00:00,1,24:00:00,100.0,2400.0,2016-02-11T02:00:00Z,2016-02-11T03:00:00+01:00,2016-02-12T02:00:00Z,2016-02-12T03:00:00+01:00
10.225,,,False,2,pm25,µg/m³,,raw,01:00:00,2016-02-12T02:00:00Z,2016-02-12T03:00:00+01:00,2016-02-12T03:00:00Z,2016-02-12T04:00:00+01:00,1,01:00:00,1,24:00:00,100.0,2400.0,2016-02-11T03:00:00Z,2016-02-11T04:00:00+01:00,2016-02-12T03:00:00Z,2016-02-12T04:00:00+01:00
10.9208333333333,,,False,2,pm25,µg/m³,,raw,01:00:00,2016-02-12T03:00:00Z,2016-02-12T04:00:00+01:00,2016-02-12T04:00:00Z,2016-02-12T05:00:00+01:00,1,01:00:00,1,24:00:00,100.0,2400.0,2016-02-11T04:00:00Z,2016-02-11T05:00:00+01:00,2016-02-12T04:00:00Z,2016-02-12T05:00:00+01:00
11.5875,,,False,2,pm25,µg/m³,,raw,01:00:00,2016-02-12T04:00:00Z,2016-02-12T05:00:00+01:00,2016-02-12T05:00:00Z,2016-02-12T06:00:00+01:00,1,01:00:00,1,24:00:00,100.0,2400.0,2016-02-11T05:00:00Z,2016-02-11T06:00:00+01:00,2016-02-12T05:00:00Z,2016-02-12T06:00:00+01:00
12.275,,,False,2,pm25,µg/m³,,raw,01:00:00,2016-02-12T05:00:00Z,2016-02-12T06:00:00+01:00,2016-02-12T06:00:00Z,2016-02-12T07:00:00+01:00,1,01:00:00,1,24:00:00,100.0,2400.0,2016-02-11T06:00:00Z,2016-02-11T07:00:00+01:00,2016-02-12T06:00:00Z,2016-02-12T07:00:00+01:00
13.3791666666667,,,False,2,pm25,µg/m³,,raw,01:00:00,2016-02-12T06:00:00Z,2016-02-12T07:00:00+01:00,2016-02-12T07:00:00Z,2016-02-12T08:00:00+01:00,1,01:00:00,1,24:00:00,100.0,2400.0,2016-02-11T07:00:00Z,2016-02-11T08:00:00+01:00,2016-02-12T07:00:00Z,2016-02-12T08:00:00+01:00
14.0708333333333,,,False,2,pm25,µg/m³,,raw,01:00:00,2016-02-12T07:00:00Z,2016-02-12T08:00:00+01:00,2016-02-12T08:00:00Z,2016-02-12T09:00:00+01:00,1,01:00:00,1,24:00:00,100.0,2400.0,2016-02-11T08:00:00Z,2016-02-11T09:00:00+01:00,2016-02-12T08:00:00Z,2016-02-12T09:00:00+01:00
15.0041666666667,,,False,2,pm25,µg/m³,,raw,01:00:00,2016-02-12T08:00:00Z,2016-02-12T09:00:00+01:00,2016-02-12T09:00:00Z,2016-02-12T10:00:00+01:00,1,01:00:00,1,24:00:00,100.0,2400.0,2016-02-11T09:00:00Z,2016-02-11T10:00:00+01:00,2016-02-12T09:00:00Z,2016-02-12T10:00:00+01:00
16.0208333333333,,,False,2,pm25,µg/m³,,raw,01:00:00,2016-02-12T09:00:00Z,2016-02-12T10:00:00+01:00,2016-02-12T10:00:00Z,2016-02-12T11:00:00+01:00,1,01:00:00,1,24:00:00,100.0,2400.0,2016-02-11T10:00:00Z,2016-02-11T11:00:00+01:00,2016-02-12T10:00:00Z,2016-02-12T11:00:00+01:00
16.3652173913043,,,False,2,pm25,µg/m³,,raw,01:00:00,2016-02-12T10:00:00Z,2016-02-12T11:00:00+01:00,2016-02-12T11:00:00Z,2016-02-12T12:00:00+01:00,1,01:00:00,1,24:00:00,100.0,2400.0,2016-02-11T11:00:00Z,2016-02-11T12:00:00+01:00,2016-02-12T11:00:00Z,2016-02-12T12:00:00+01:00
17.4375,,,False,2,pm25,µg/m³,,raw,01:00:00,2016-02-12T11:00:00Z,2016-02-12T12:00:00+01:00,2016-02-12T12:00:00Z,2016-02-12T13:00:00+01:00,1,01:00:00,1,24:00:00,100.0,2400.0,2016-02-11T12:00:00Z,2016-02-11T13:00:00+01:00,2016-02-12T12:00:00Z,2016-02-12T13:00:00+01:00
17.7375,,,False,2,pm25,µg/m³,,raw,01:00:00,2016-02-12T12:00:00Z,2016-02-12T13:00:00+01:00,2016-02-12T13:00:00Z,2016-02-12T14:00:00+01:00,1,01:00:00,1,24:00:00,100.0,2400.0,2016-02-11T13:00:00Z,2016-02-11T14:00:00+01:00,2016-02-12T13:00:00Z,2016-02-12T14:00:00+01:00
18.3041666666667,,,False,2,pm25,µg/m³,,raw,01:00:00,2016-02-12T13:00:00Z,2016-02-12T14:00:00+01:00,2016-02-12T14:00:00Z,2016-02-12T15:00:00+01:00,1,01:00:00,1,24:00:00,100.0,2400.0,2016-02-11T14:00:00Z,2016-02-11T15:00:00+01:00,2016-02-12T14:00:00Z,2016-02-12T15:00:00+01:00
18.8375,,,False,2,pm25,µg/m³,,raw,01:00:00,2016-02-12T14:00:00Z,2016-02-12T15:00:00+01:00,2016-02-12T15:00:00Z,2016-02-12T16:00:00+01:00,1,01:00:00,1,24:00:00,100.0,2400.0,2016-02-11T15:00:00Z,2016-02-11T16:00:00+01:00,2016-02-12T15:00:00Z,2016-02-12T16:00:00+01:00
19.3416666666667,,,False,2,pm25,µg/m³,,raw,01:00:00,2016-02-12T15:00:00Z,2016-02-12T16:00:00+01:00,2016-02-12T16:00:00Z,2016-02-12T17:00:00+01:00,1,01:00:00,1,24:00:00,100.0,2400.0,2016-02-11T16:00:00Z,2016-02-11T17:00:00+01:00,2016-02-12T16:00:00Z,2016-02-12T17:00:00+01:00
19.8666666666667,,,False,2,pm25,µg/m³,,raw,01:00:00,2016-02-12T16:00:00Z,2016-02-12T17:00:00+01:00,2016-02-12T17:00:00Z,2016-02-12T18:00:00+01:00,1,01:00:00,1,24:00:00,100.0,2400.0,2016-02-11T17:00:00Z,2016-02-11T18:00:00+01:00,2016-02-12T17:00:00Z,2016-02-12T18:00:00+01:00
20.5875,,,False,2,pm25,µg/m³,,raw,01:00:00,2016-02-12T17:00:00Z,2016-02-12T18:00:00+01:00,2016-02-12T18:00:00Z,2016-02-12T19:00:00+01:00,1,01:00:00,1,24:00:00,100.0,2400.0,2016-02-11T18:00:00Z,2016-02-11T19:00:00+01:00,2016-02-12T18:00:00Z,2016-02-12T19:00:00+01:00
21.0541666666667,,,False,2,pm25,µg/m³,,raw,01:00:00,2016-02-12T18:00:00Z,2016-02-12T19:00:00+01:00,2016-02-12T19:00:00Z,2016-02-12T20:00:00+01:00,1,01:00:00,1,24:00:00,100.0,2400.0,2016-02-11T19:00:00Z,2016-02-11T20:00:00+01:00,2016-02-12T19:00:00Z,2016-02-12T20:00:00+01:00
21.6416666666667,,,False,2,pm25,µg/m³,,raw,01:00:00,2016-02-12T19:00:00Z,2016-02-12T20:00:00+01:00,2016-02-12T20:00:00Z,2016-02-12T21:00:00+01:00,1,01:00:00,1,24:00:00,100.0,2400.0,2016-02-11T20:00:00Z,2016-02-11T21:00:00+01:00,2016-02-12T20:00:00Z,2016-02-12T21:00:00+01:00
22.575,,,False,2,pm25,µg/m³,,raw,01:00:00,2016-02-12T20:00:00Z,2016-02-12T21:00:00+01:00,2016-02-12T21:00:00Z,2016-02-12T22:00:00+01:00,1,01:00:00,1,24:00:00,100.0,2400.0,2016-02-11T21:00:00Z,2016-02-11T22:00:00+01:00,2016-02-12T21:00:00Z,2016-02-12T22:00:00+01:00
23.3083333333333,,,False,2,pm25,µg/m³,,raw,01:00:00,2016-02-12T21:00:00Z,2016-02-12T22:00:00+01:00,2016-02-12T22:00:00Z,2016-02-12T23:00:00+01:00,1,01:00:00,1,24:00:00,100.0,2400.0,2016-02-11T22:00:00Z,2016-02-11T23:00:00+01:00,2016-02-12T22:00:00Z,2016-02-12T23:00:00+01:00
23.8217391304348,,,False,2,pm25,µg/m³,,raw,01:00:00,2016-02-12T22:00:00Z,2016-02-12T23:00:00+01:00,2016-02-12T23:00:00Z,2016-02-13T00:00:00+01:00,1,01:00:00,1,24:00:00,100.0,2400.0,2016-02-11T23:00:00Z,2016-02-12T00:00:00+01:00,2016-02-12T23:00:00Z,2016-02-13T00:00:00+01:00
24.1833333333333,,,False,2,pm25,µg/m³,,raw,01:00:00,2016-02-12T23:00:00Z,2016-02-13T00:00:00+01:00,2016-02-13T00:00:00Z,2016-02-13T01:00:00+01:00,1,01:00:00,1,24:00:00,100.0,2400.0,2016-02-12T00:00:00Z,2016-02-12T01:00:00+01:00,2016-02-13T00:00:00Z,2016-02-13T01:00:00+01:00
24.5083333333333,,,False,2,pm25,µg/m³,,raw,01:00:00,2016-02-13T00:00:00Z,2016-02-13T01:00:00+01:00,2016-02-13T01:00:00Z,2016-02-13T02:00:00+01:00,1,01:00:00,1,24:00:00,100.0,2400.0,2016-02-12T01:00:00Z,2016-02-12T02:00:00+01:00,2016-02-13T01:00:00Z,2016-02-13T02:00:00+01:00
24.5913043478261,,,False,2,pm25,µg/m³,,raw,01:00:00,2016-02-13T01:00:00Z,2016-02-13T02:00:00+01:00,2016-02-13T02:00:00Z,2016-02-13T03:00:00+01:00,1,01:00:00,1,24:00:00,100.0,2400.0,2016-02-12T02:00:00Z,2016-02-12T03:00:00+01:00,2016-02-13T02:00:00Z,2016-02-13T03:00:00+01:00
24.8041666666667,,,False,2,pm25,µg/m³,,raw,01:00:00,2016-02-13T02:00:00Z,2016-02-13T03:00:00+01:00,2016-02-13T03:00:00Z,2016-02-13T04:00:00+01:00,1,01:00:00,1,24:00:00,100.0,2400.0,2016-02-12T03:00:00Z,2016-02-12T04:00:00+01:00,2016-02-13T03:00:00Z,2016-02-13T04:00:00+01:00
25.1416666666667,,,False,2,pm25,µg/m³,,raw,01:00:00,2016-02-13T03:00:00Z,2016-02-13T04:00:00+01:00,2016-02-13T04:00:00Z,2016-02-13T05:00:00+01:00,1,01:00:00,1,24:00:00,100.0,2400.0,2016-02-12T04:00:00Z,2016-02-12T05:00:00+01:00,2016-02-13T04:00:00Z,2016-02-13T05:00:00+01:00
25.2791666666667,,,False,2,pm25,µg/m³,,raw,01:00:00,2016-02-13T04:00:00Z,2016-02-13T05:00:00+01:00,2016-02-13T05:00:00Z,2016-02-13T06:00:00+01:00,1,01:00:00,1,24:00:00,100.0,2400.0,2016-02-12T05:00:00Z,2016-02-12T06:00:00+01:00,2016-02-13T05:00:00Z,2016-02-13T06:00:00+01:00
25.3875,,,False,2,pm25,µg/m³,,raw,01:00:00,2016-02-13T05:00:00Z,2016-02-13T06:00:00+01:00,2016-02-13T06:00:00Z,2016-02-13T07:00:00+01:00,1,01:00:00,1,24:00:00,100.0,2400.0,2016-02-12T06:00:00Z,2016-02-12T07:00:00+01:00,2016-02-13T06:00:00Z,2016-02-13T07:00:00+01:00
25.15,,,False,2,pm25,µg/m³,,raw,01:00:00,2016-02-13T06:00:00Z,2016-02-13T07:00:00+01:00,2016-02-13T07:00:00Z,2016-02-13T08:00:00+01:00,1,01:00:00,1,24:00:00,100.0,2400.0,2016-02-12T07:00:00Z,2016-02-12T08:00:00+01:00,2016-02-13T07:00:00Z,2016-02-13T08:00:00+01:00
25.0125,,,False,2,pm25,µg/m³,,raw,01:00:00,2016-02-13T07:00:00Z,2016-02-13T08:00:00+01:00,2016-02-13T08:00:00Z,2016-02-13T09:00:00+01:00,1,01:00:00,1,24:00:00,100.0,2400.0,2016-02-12T08:00:00Z,2016-02-12T09:00:00+01:00,2016-02-13T08:00:00Z,2016-02-13T09:00:00+01:00
24.9958333333333,,,False,2,pm25,µg/m³,,raw,01:00:00,2016-02-13T08:00:00Z,2016-02-13T09:00:00+01:00,2016-02-13T09:00:00Z,2016-02-13T10:00:00+01:00,1,01:00:00,1,24:00:00,100.0,2400.0,2016-02-12T09:00:00Z,2016-02-12T10:00:00+01:00,2016-02-13T09:00:00Z,2016-02-13T10:00:00+01:00
25.0041666666667,,,False,2,pm25,µg/m³,,raw,01:00:00,2016-02-13T09:00:00Z,2016-02-13T10:00:00+01:00,2016-02-13T10:00:00Z,2016-02-13T11:00:00+01:00,1,01:00:00,1,24:00:00,100.0,2400.0,2016-02-12T10:00:00Z,2016-02-12T11:00:00+01:00,2016-02-13T10:00:00Z,2016-02-13T11:00:00+01:00
25.2208333333333,,,False,2,pm25,µg/m³,,raw,01:00:00,2016-02-13T10:00:00Z,2016-02-13T11:00:00+01:00,2016-02-13T11:00:00Z,2016-02-13T12:00:00+01:00,1,01:00:00,1,24:00:00,100.0,2400.0,2016-02-12T11:00:00Z,2016-02-12T12:00:00+01:00,2016-02-13T11:00:00Z,2016-02-13T12:00:00+01:00
25.6833333333333,,,False,2,pm25,µg/m³,,raw,01:00:00,2016-02-13T11:00:00Z,2016-02-13T12:00:00+01:00,2016-02-13T12:00:00Z,2016-02-13T13:00:00+01:00,1,01:00:00,1,24:00:00,100.0,2400.0,2016-02-12T12:00:00Z,2016-02-12T13:00:00+01:00,2016-02-13T12:00:00Z,2016-02-13T13:00:00+01:00
26.1958333333333,,,False,2,pm25,µg/m³,,raw,01:00:00,2016-02-13T12:00:00Z,2016-02-13T13:00:00+01:00,2016-02-13T13:00:00Z,2016-02-13T14:00:00+01:00,1,01:00:00,1,24:00:00,100.0,2400.0,2016-02-12T13:00:00Z,2016-02-12T14:00:00+01:00,2016-02-13T13:00:00Z,2016-02-13T14:00:00+01:00
26.5333333333333,,,False,2,pm25,µg/m³,,raw,01:00:00,2016-02-13T13:00:00Z,2016-02-13T14:00:00+01:00,2016-02-13T14:00:00Z,2016-02-13T15:00:00+01:00,1,01:00:00,1,24:00:00,100.0,2400.0,2016-02-12T14:00:00Z,2016-02-12T15:00:00+01:00,2016-02-13T14:00:00Z,2016-02-13T15:00:00+01:00
26.8291666666667,,,False,2,pm25,µg/m³,,raw,01:00:00,2016-02-13T14:00:00Z,2016-02-13T15:00:00+01:00,2016-02-13T15:00:00Z,2016-02-13T16:00:00+01:00,1,01:00:00,1,24:00:00,100.0,2400.0,2016-02-12T15:00:00Z,2016-02-12T16:00:00+01:00,2016-02-13T15:00:00Z,2016-02-13T16:00:00+01:00
27.1875,,,False,2,pm25,µg/m³,,raw,01:00:00,2016-02-13T15:00:00Z,2016-02-13T16:00:00+01:00,2016-02-13T16:00:00Z,2016-02-13T17:00:00+01:00,1,01:00:00,1,24:00:00,100.0,2400.0,2016-02-12T16:00:00Z,2016-02-12T17:00:00+01:00,2016-02-13T16:00:00Z,2016-02-13T17:00:00+01:00
27.595652173913,,,False,2,pm25,µg/m³,,raw,01:00:00,2016-02-13T16:00:00Z,2016-02-13T17:00:00+01:00,2016-02-13T17:00:00Z,2016-02-13T18:00:00+01:00,1,01:00:00,1,24:00:00,100.0,2400.0,2016-02-12T17:00:00Z,2016-02-12T18:00:00+01:00,2016-02-13T17:00:00Z,2016-02-13T18:00:00+01:00
27.7458333333333,,,False,2,pm25,µg/m³,,raw,01:00:00,2016-02-13T17:00:00Z,2016-02-13T18:00:00+01:00,2016-02-13T18:00:00Z,2016-02-13T19:00:00+01:00,1,01:00:00,1,24:00:00,100.0,2400.0,2016-02-12T18:00:00Z,2016-02-12T19:00:00+01:00,2016-02-13T18:00:00Z,2016-02-13T19:00:00+01:00
28.3458333333333,,,False,2,pm25,µg/m³,,raw,01:00:00,2016-02-13T18:00:00Z,2016-02-13T19:00:00+01:00,2016-02-13T19:00:00Z,2016-02-13T20:00:00+01:00,1,01:00:00,1,24:00:00,100.0,2400.0,2016-02-12T19:00:00Z,2016-02-12T20:00:00+01:00,2016-02-13T19:00:00Z,2016-02-13T20:00:00+01:00
28.6833333333333,,,False,2,pm25,µg/m³,,raw,01:00:00,2016-02-13T19:00:00Z,2016-02-13T20:00:00+01:00,2016-02-13T20:00:00Z,2016-02-13T21:00:00+01:00,1,01:00:00,1,24:00:00,100.0,2400.0,2016-02-12T20:00:00Z,2016-02-12T21:00:00+01:00,2016-02-13T20:00:00Z,2016-02-13T21:00:00+01:00
29.0833333333333,,,False,2,pm25,µg/m³,,raw,01:00:00,2016-02-13T20:00:00Z,2016-02-13T21:00:00+01:00,2016-02-13T21:00:00Z,2016-02-13T22:00:00+01:00,1,01:00:00,1,24:00:00,100.0,2400.0,2016-02-12T21:00:00Z,2016-02-12T22:00:00+01:00,2016-02-13T21:00:00Z,2016-02-13T22:00:00+01:00
29.2708333333333,,,False,2,pm25,µg/m³,,raw,01:00:00,2016-02-13T21:00:00Z,2016-02-13T22:00:00+01:00,2016-02-13T22:00:00Z,2016-02-13T23:00:00+01:00,1,01:00:00,1,24:00:00,100.0,2400.0,2016-02-12T22:00:00Z,2016-02-12T23:00:00+01:00,2016-02-13T22:00:00Z,2016-02-13T23:00:00+01:00
29.5391304347826,,,False,2,pm25,µg/m³,,raw,01:00:00,2016-02-13T22:00:00Z,2016-02-13T23:00:00+01:00,2016-02-13T23:00:00Z,2016-02-14T00:00:00+01:00,1,01:00:00,1,24:00:00,100.0,2400.0,2016-02-12T23:00:00Z,2016-02-13T00:00:00+01:00,2016-02-13T23:00:00Z,2016-02-14T00:00:00+01:00
29.7416666666667,,,False,2,pm25,µg/m³,,raw,01:00:00,2016-02-13T23:00:00Z,2016-02-14T00:00:00+01:00,2016-02-14T00:00:00Z,2016-02-14T01:00:00+01:00,1,01:00:00,1,24:00:00,100.0,2400.0,2016-02-13T00:00:00Z,2016-02-13T01:00:00+01:00,2016-02-14T00:00:00Z,2016-02-14T01:00:00+01:00
30.1625,,,False,2,pm25,µg/m³,,raw,01:00:00,2016-02-14T00:00:00Z,2016-02-14T01:00:00+01:00,2016-02-14T01:00:00Z,2016-02-14T02:00:00+01:00,1,01:00:00,1,24:00:00,100.0,2400.0,2016-02-13T01:00:00Z,2016-02-13T02:00:00+01:00,2016-02-14T01:00:00Z,2016-02-14T02:00:00+01:00
30.5,,,False,2,pm25,µg/m³,,raw,01:00:00,2016-02-14T01:00:00Z,2016-02-14T02:00:00+01:00,2016-02-14T02:00:00Z,2016-02-14T03:00:00+01:00,1,01:00:00,1,24:00:00,100.0,2400.0,2016-02-13T02:00:00Z,2016-02-13T03:00:00+01:00,2016-02-14T02:00:00Z,2016-02-14T03:00:00+01:00
30.5666666666667,,,False,2,pm25,µg/m³,,raw,01:00:00,2016-02-14T02:00:00Z,2016-02-14T03:00:00+01:00,2016-02-14T03:00:00Z,2016-02-14T04:00:00+01:00,1,01:00:00,1,24:00:00,100.0,2400.0,2016-02-13T03:00:00Z,2016-02-13T04:00:00+01:00,2016-02-14T03:00:00Z,2016-02-14T04:00:00+01:00
30.3916666666667,,,False,2,pm25,µg/m³,,raw,01:00:00,2016-02-14T03:00:00Z,2016-02-14T04:00:00+01:00,2016-02-14T04:00:00Z,2016-02-14T05:00:00+01:00,1,01:00:00,1,24:00:00,100.0,2400.0,2016-02-13T04:00:00Z,2016-02-13T05:00:00+01:00,2016-02-14T04:00:00Z,2016-02-14T05:00:00+01:00
30.3625,,,False,2,pm25,µg/m³,,raw,01:00:00,2016-02-14T04:00:00Z,2016-02-14T05:00:00+01:00,2016-02-14T05:00:00Z,2016-02-14T06:00:00+01:00,1,01:00:00,1,24:00:00,100.0,2400.0,2016-02-13T05:00:00Z,2016-02-13T06:00:00+01:00,2016-02-14T05:00:00Z,2016-02-14T06:00:00+01:00
30.3083333333333,,,False,2,pm25,µg/m³,,raw,01:00:00,2016-02-14T05:00:00Z,2016-02-14T06:00:00+01:00,2016-02-14T06:00:00Z,2016-02-14T07:00:00+01:00,1,01:00:00,1,24:00:00,100.0,2400.0,2016-02-13T06:00:00Z,2016-02-13T07:00:00+01:00,2016-02-14T06:00:00Z,2016-02-14T07:00:00+01:00
30.1291666666667,,,False,2,pm25,µg/m³,,raw,01:00:00,2016-02-14T06:00:00Z,2016-02-14T07:00:00+01:00,2016-02-14T07:00:00Z,2016-02-14T08:00:00+01:00,1,01:00:00,1,24:00:00,100.0,2400.0,2016-02-13T07:00:00Z,2016-02-13T08:00:00+01:00,2016-02-14T07:00:00Z,2016-02-14T08:00:00+01:00
30.1826086956522,,,False,2,pm25,µg/m³,,raw,01:00:00,2016-02-14T07:00:00Z,2016-02-14T08:00:00+01:00,2016-02-14T08:00:00Z,2016-02-14T09:00:00+01:00,1,01:00:00,1,24:00:00,100.0,2400.0,2016-02-13T08:00:00Z,2016-02-13T09:00:00+01:00,2016-02-14T08:00:00Z,2016-02-14T09:00:00+01:00
29.8,,,False,2,pm25,µg/m³,,raw,01:00:00,2016-02-14T08:00:00Z,2016-02-14T09:00:00+01:00,2016-02-14T09:00:00Z,2016-02-14T10:00:00+01:00,1,01:00:00,1,24:00:00,100.0,2400.0,2016-02-13T09:00:00Z,2016-02-13T10:00:00+01:00,2016-02-14T09:00:00Z,2016-02-14T10:00:00+01:00
29.2958333333333,,,False,2,pm25,µg/m³,,raw,01:00:00,2016-02-14T09:00:00Z,2016-02-14T10:00:00+01:00,2016-02-14T10:00:00Z,2016-02-14T11:00:00+01:00,1,01:00:00,1,24:00:00,100.0,2400.0,2016-02-13T10:00:00Z,2016-02-13T11:00:00+01:00,2016-02-14T10:00:00Z,2016-02-14T11:00:00+01:00
29.0625,,,False,2,pm25,µg/m³,,raw,01:00:00,2016-02-14T10:00:00Z,2016-02-14T11:00:00+01:00,2016-02-14T11:00:00Z,2016-02-14T12:00:00+01:00,1,01:00:00,1,24:00:00,100.0,2400.0,2016-02-13T11:00:00Z,2016-02-13T12:00:00+01:00,2016-02-14T11:00:00Z,2016-02-14T12:00:00+01:00
28.6291666666667,,,False,2,pm25,µg/m³,,raw,01:00:00,2016-02-14T11:00:00Z,2016-02-14T12:00:00+01:00,2016-02-14T12:00:00Z,2016-02-14T13:00:00+01:00,1,01:00:00,1,24:00:00,100.0,2400.0,2016-02-13T12:00:00Z,2016-02-13T13:00:00+01:00,2016-02-14T12:00:00Z,2016-02-14T13:00:00+01:00
27.9,,,False,2,pm25,µg/m³,,raw,01:00:00,2016-02-14T12:00:00Z,2016-02-14T13:00:00+01:00,2016-02-14T13:00:00Z,2016-02-14T14:00:00+01:00,1,01:00:00,1,24:00:00,100.0,2400.0,2016-02-13T13:00:00Z,2016-02-13T14:00:00+01:00,2016-02-14T13:00:00Z,2016-02-14T14:00:00+01:00
27.15,,,False,2,pm25,µg/m³,,raw,01:00:00,2016-02-14T13:00:00Z,2016-02-14T14:00:00+01:00,2016-02-14T14:00:00Z,2016-02-14T15:00:00+01:00,1,01:00:00,1,24:00:00,100.0,2400.0,2016-02-13T14:00:00Z,2016-02-13T15:00:00+01:00,2016-02-14T14:00:00Z,2016-02-14T15:00:00+01:00
26.6291666666667,,,False,2,pm25,µg/m³,,raw,01:00:00,2016-02-14T14:00:00Z,2016-02-14T15:00:00+01:00,2016-02-14T15:00:00Z,2016-02-14T16:00:00+01:00,1,01:00:00,1,24:00:00,100.0,2400.0,2016-02-13T15:00:00Z,2016-02-13T16:00:00+01:00,2016-02-14T15:00:00Z,2016-02-14T16:00:00+01:00
25.9916666666667,,,False,2,pm25,µg/m³,,raw,01:00:00,2016-02-14T15:00:00Z,2016-02-14T16:00:00+01:00,2016-02-14T16:00:00Z,2016-02-14T17:00:00+01:00,1,01:00:00,1,24:00:00,100.0,2400.0,2016-02-13T16:00:00Z,2016-02-13T17:00:00+01:00,2016-02-14T16:00:00Z,2016-02-14T17:00:00+01:00
25.3875,,,False,2,pm25,µg/m³,,raw,01:00:00,2016-02-14T16:00:00Z,2016-02-14T17:00:00+01:00,2016-02-14T17:00:00Z,2016-02-14T18:00:00+01:00,1,01:00:00,1,24:00:00,100.0,2400.0,2016-02-13T17:00:00Z,2016-02-13T18:00:00+01:00,2016-02-14T17:00:00Z,2016-02-14T18:00:00+01:00
24.7875,,,False,2,pm25,µg/m³,,raw,01:00:00,2016-02-14T17:00:00Z,2016-02-14T18:00:00+01:00,2016-02-14T18:00:00Z,2016-02-14T19:00:00+01:00,1,01:00:00,1,24:00:00,100.0,2400.0,2016-02-13T18:00:00Z,2016-02-13T19:00:00+01:00,2016-02-14T18:00:00Z,2016-02-14T19:00:00+01:00
24.1416666666667,,,False,2,pm25,µg/m³,,raw,01:00:00,2016-02-14T18:00:00Z,2016-02-14T19:00:00+01:00,2016-02-14T19:00:00Z,2016-02-14T20:00:00+01:00,1,01:00:00,1,24:00:00,100.0,2400.0,2016-02-13T19:00:00Z,2016-02-13T20:00:00+01:00,2016-02-14T19:00:00Z,2016-02-14T20:00:00+01:00
23.7,,,False,2,pm25,µg/m³,,raw,01:00:00,2016-02-14T19:00:00Z,2016-02-14T20:00:00+01:00,2016-02-14T20:00:00Z,2016-02-14T21:00:00+01:00,1,01:00:00,1,24:00:00,100.0,2400.0,2016-02-13T20:00:00Z,2016-02-13T21:00:00+01:00,2016-02-14T20:00:00Z,2016-02-14T21:00:00+01:00
23.2958333333333,,,False,2,pm25,µg/m³,,raw,01:00:00,2016-02-14T20:00:00Z,2016-02-14T21:00:00+01:00,2016-02-14T21:00:00Z,2016-02-14T22:00:00+01:00,1,01:00:00,1,24:00:00,100.0,2400.0,2016-02-13T21:00:00Z,2016-02-13T22:00:00+01:00,2016-02-14T21:00:00Z,2016-02-14T22:00:00+01:00
22.7666666666667,,,False,2,pm25,µg/m³,,raw,01:00:00,2016-02-14T21:00:00Z,2016-02-14T22:00:00+01:00,2016-02-14T22:00:00Z,2016-02-14T23:00:00+01:00,1,01:00:00,1,24:00:00,100.0,2400.0,2016-02-13T22:00:00Z,2016-02-13T23:00:00+01:00,2016-02-14T22:00:00Z,2016-02-14T23:00:00+01:00
22.5260869565217,,,False,2,pm25,µg/m³,,raw,01:00:00,2016-02-14T22:00:00Z,2016-02-14T23:00:00+01:00,2016-02-14T23:00:00Z,2016-02-15T00:00:00+01:00,1,01:00:00,1,24:00:00,100.0,2400.0,2016-02-13T23:00:00Z,2016-02-14T00:00:00+01:00,2016-02-14T23:00:00Z,2016-02-15T00:00:00+01:00
21.7666666666667,,,False,2,pm25,µg/m³,,raw,01:00:00,2016-02-14T23:00:00Z,2016-02-15T00:00:00+01:00,2016-02-15T00:00:00Z,2016-02-15T01:00:00+01:00,1,01:00:00,1,24:00:00,100.0,2400.0,2016-02-14T00:00:00Z,2016-02-14T01:00:00+01:00,2016-02-15T00:00:00Z,2016-02-15T01:00:00+01:00
20.9083333333333,,,False,2,pm25,µg/m³,,raw,01:00:00,2016-02-15T00:00:00Z,2016-02-15T01:00:00+01:00,2016-02-15T01:00:00Z,2016-02-15T02:00:00+01:00,1,01:00:00,1,24:00:00,100.0,2400.0,2016-02-14T01:00:00Z,2016-02-14T02:00:00+01:00,2016-02-15T01:00:00Z,2016-02-15T02:00:00+01:00
20.1875,,,False,2,pm25,µg/m³,,raw,01:00:00,2016-02-15T01:00:00Z,2016-02-15T02:00:00+01:00,2016-02-15T02:00:00Z,2016-02-15T03:00:00+01:00,1,01:00:00,1,24:00:00,100.0,2400.0,2016-02-14T02:00:00Z,2016-02-14T03:00:00+01:00,2016-02-15T02:00:00Z,2016-02-15T03:00:00+01:00
19.2625,,,False,2,pm25,µg/m³,,raw,01:00:00,2016-02-15T02:00:00Z,2016-02-15T03:00:00+01:00,2016-02-15T03:00:00Z,2016-02-15T04:00:00+01:00,1,01:00:00,1,24:00:00,100.0,2400.0,2016-02-14T03:00:00Z,2016-02-14T04:00:00+01:00,2016-02-15T03:00:00Z,2016-02-15T04:00:00+01:00
18.7458333333333,,,False,2,pm25,µg/m³,,raw,01:00:00,2016-02-15T03:00:00Z,2016-02-15T04:00:00+01:00,2016-02-15T04:00:00Z,2016-02-15T05:00:00+01:00,1,01:00:00,1,24:00:00,100.0,2400.0,2016-02-14T04:00:00Z,2016-02-14T05:00:00+01:00,2016-02-15T04:00:00Z,2016-02-15T05:00:00+01:00
17.8291666666667,,,False,2,pm25,µg/m³,,raw,01:00:00,2016-02-15T04:00:00Z,2016-02-15T05:00:00+01:00,2016-02-15T05:00:00Z,2016-02-15T06:00:00+01:00,1,01:00:00,1,24:00:00,100.0,2400.0,2016-02-14T05:00:00Z,2016-02-14T06:00:00+01:00,2016-02-15T05:00:00Z,2016-02-15T06:00:00+01:00
17.0166666666667,,,False,2,pm25,µg/m³,,raw,01:00:00,2016-02-15T05:00:00Z,2016-02-15T06:00:00+01:00,2016-02-15T06:00:00Z,2016-02-15T07:00:00+01:00,1,01:00:00,1,24:00:00,100.0,2400.0,2016-02-14T06:00:00Z,2016-02-14T07:00:00+01:00,2016-02-15T06:00:00Z,2016-02-15T07:00:00+01:00
16.5166666666667,,,False,2,pm25,µg/m³,,raw,01:00:00,2016-02-15T06:00:00Z,2016-02-15T07:00:00+01:00,2016-02-15T07:00:00Z,2016-02-15T08:00:00+01:00,1,01:00:00,1,24:00:00,100.0,2400.0,2016-02-14T07:00:00Z,2016-02-14T08:00:00+01:00,2016-02-15T07:00:00Z,2016-02-15T08:00:00+01:00
16.05,,,False,2,pm25,µg/m³,,raw,01:00:00,2016-02-15T07:00:00Z,2016-02-15T08:00:00+01:00,2016-02-15T08:00:00Z,2016-02-15T09:00:00+01:00,1,01:00:00,1,24:00:00,100.0,2400.0,2016-02-14T08:00:00Z,2016-02-14T09:00:00+01:00,2016-02-15T08:00:00Z,2016-02-15T09:00:00+01:00
15.3458333333333,,,False,2,pm25,µg/m³,,raw,01:00:00,2016-02-15T08:00:00Z,2016-02-15T09:00:00+01:00,2016-02-15T09:00:00Z,2016-02-15T10:00:00+01:00,1,01:00:00,1,24:00:00,100.0,2400.0,2016-02-14T09:00:00Z,2016-02-14T10:00:00+01:00,2016-02-15T09:00:00Z,2016-02-15T10:00:00+01:00
14.8625,,,False,2,pm25,µg/m³,,raw,01:00:00,2016-02-15T09:00:00Z,2016-02-15T10:00:00+01:00,2016-02-15T10:00:00Z,2016-02-15T11:00:00+01:00,1,01:00:00,1,24:00:00,100.0,2400.0,2016-02-14T10:00:00Z,2016-02-14T11:00:00+01:00,2016-02-15T10:00:00Z,2016-02-15T11:00:00+01:00
14.2125,,,False,2,pm25,µg/m³,,raw,01:00:00,2016-02-15T10:00:00Z,2016-02-15T11:00:00+01:00,2016-02-15T11:00:00Z,2016-02-15T12:00:00+01:00,1,01:00:00,1,24:00:00,100.0,2400.0,2016-02-14T11:00:00Z,2016-02-14T12:00:00+01:00,2016-02-15T11:00:00Z,2016-02-15T12:00:00+01:00
13.4708333333333,,,False,2,pm25,µg/m³,,raw,01:00:00,2016-02-15T11:00:00Z,2016-02-15T12:00:00+01:00,2016-02-15T12:00:00Z,2016-02-15T13:00:00+01:00,1,01:00:00,1,24:00:00,100.0,2400.0,2016-02-14T12:00:00Z,2016-02-14T13:00:00+01:00,2016-02-15T12:00:00Z,2016-02-15T13:00:00+01:00
12.9708333333333,,,False,2,pm25,µg/m³,,raw,01:00:00,2016-02-15T12:00:00Z,2016-02-15T13:00:00+01:00,2016-02-15T13:00:00Z,2016-02-15T14:00:00+01:00,1,01:00:00,1,24:00:00,100.0,2400.0,2016-02-14T13:00:00Z,2016-02-14T14:00:00+01:00,2016-02-15T13:00:00Z,2016-02-15T14:00:00+01:00
12.9521739130435,,,False,2,pm25,µg/m³,,raw,01:00:00,2016-02-15T13:00:00Z,2016-02-15T14:00:00+01:00,2016-02-15T14:00:00Z,2016-02-15T15:00:00+01:00,1,01:00:00,1,24:00:00,100.0,2400.0,2016-02-14T14:00:00Z,2016-02-14T15:00:00+01:00,2016-02-15T14:00:00Z,2016-02-15T15:00:00+01:00
12.3208333333333,,,False,2,pm25,µg/m³,,raw,01:00:00,2016-02-15T14:00:00Z,2016-02-15T15:00:00+01:00,2016-02-15T15:00:00Z,2016-02-15T16:00:00+01:00,1,01:00:00,1,24:00:00,100.0,2400.0,2016-02-14T15:00:00Z,2016-02-14T16:00:00+01:00,2016-02-15T15:00:00Z,2016-02-15T16:00:00+01:00
12.1875,,,False,2,pm25,µg/m³,,raw,01:00:00,2016-02-15T15:00:00Z,2016-02-15T16:00:00+01:00,2016-02-15T16:00:00Z,2016-02-15T17:00:00+01:00,1,01:00:00,1,24:00:00,100.0,2400.0,2016-02-14T16:00:00Z,2016-02-14T17:00:00+01:00,2016-02-15T16:00:00Z,2016-02-15T17:00:00+01:00
12.15,,,False,2,pm25,µg/m³,,raw,01:00:00,2016-02-15T16:00:00Z,2016-02-15T17:00:00+01:00,2016-02-15T17:00:00Z,2016-02-15T18:00:00+01:00,1,01:00:00,1,24:00:00,100.0,2400.0,2016-02-14T17:00:00Z,2016-02-14T18:00:00+01:00,2016-02-15T17:00:00Z,2016-02-15T18:00:00+01:00
12.2583333333333,,,False,2,pm25,µg/m³,,raw,01:00:00,2016-02-15T17:00:00Z,2016-02-15T18:00:00+01:00,2016-02-15T18:00:00Z,2016-02-15T19:00:00+01:00,1,01:00:00,1,24:00:00,100.0,2400.0,2016-02-14T18:00:00Z,2016-02-14T19:00:00+01:00,2016-02-15T18:00:00Z,2016-02-15T19:00:00+01:00
12.2708333333333,,,False,2,pm25,µg/m³,,raw,01:00:00,2016-02-15T18:00:00Z,2016-02-15T19:00:00+01:00,2016-02-15T19:00:00Z,2016-02-15T20:00:00+01:00,1,01:00:00,1,24:00:00,100.0,2400.0,2016-02-14T19:00:00Z,2016-02-14T20:00:00+01:00,2016-02-15T19:00:00Z,2016-02-15T20:00:00+01:00
12.0208333333333,,,False,2,pm25,µg/m³,,raw,01:00:00,2016-02-15T19:00:00Z,2016-02-15T20:00:00+01:00,2016-02-15T20:00:00Z,2016-02-15T21:00:00+01:00,1,01:00:00,1,24:00:00,100.0,2400.0,2016-02-14T20:00:00Z,2016-02-14T21:00:00+01:00,2016-02-15T20:00:00Z,2016-02-15T21:00:00+01:00
12.0125,,,False,2,pm25,µg/m³,,raw,01:00:00,2016-02-15T20:00:00Z,2016-02-15T21:00:00+01:00,2016-02-15T21:00:00Z,2016-02-15T22:00:00+01:00,1,01:00:00,1,24:00:00,100.0,2400.0,2016-02-14T21:00:00Z,2016-02-14T22:00:00+01:00,2016-02-15T21:00:00Z,2016-02-15T22:00:00+01:00
11.8916666666667,,,False,2,pm25,µg/m³,,raw,01:00:00,2016-02-15T21:00:00Z,2016-02-15T22:00:00+01:00,2016-02-15T22:00:00Z,2016-02-15T23:00:00+01:00,1,01:00:00,1,24:00:00,100.0,2400.0,2016-02-14T22:00:00Z,2016-02-14T23:00:00+01:00,2016-02-15T22:00:00Z,2016-02-15T23:00:00+01:00
11.6434782608696,,,False,2,pm25,µg/m³,,raw,01:00:00,2016-02-15T22:00:00Z,2016-02-15T23:00:00+01:00,2016-02-15T23:00:00Z,2016-02-16T00:00:00+01:00,1,01:00:00,1,24:00:00,100.0,2400.0,2016-02-14T23:00:00Z,2016-02-15T00:00:00+01:00,2016-02-15T23:00:00Z,2016-02-16T00:00:00+01:00
11.6916666666667,,,False,2,pm25,µg/m³,,raw,01:00:00,2016-02-15T23:00:00Z,2016-02-16T00:00:00+01:00,2016-02-16T00:00:00Z,2016-02-16T01:00:00+01:00,1,01:00:00,1,24:00:00,100.0,2400.0,2016-02-15T00:00:00Z,2016-02-15T01:00:00+01:00,2016-02-16T00:00:00Z,2016-02-16T01:00:00+01:00
12.1,,,False,2,pm25,µg/m³,,raw,01:00:00,2016-02-16T00:00:00Z,2016-02-16T01:00:00+01:00,2016-02-16T01:00:00Z,2016-02-16T02:00:00+01:00,1,01:00:00,1,24:00:00,100.0,2400.0,2016-02-15T01:00:00Z,2016-02-15T02:00:00+01:00,2016-02-16T01:00:00Z,2016-02-16T02:00:00+01:00
11.9333333333333,,,False,2,pm25,µg/m³,,raw,01:00:00,2016-02-16T01:00:00Z,2016-02-16T02:00:00+01:00,2016-02-16T02:00:00Z,2016-02-16T03:00:00+01:00,1,01:00:00,1,24:00:00,100.0,2400.0,2016-02-15T02:00:00Z,2016-02-15T03:00:00+01:00,2016-02-16T02:00:00Z,2016-02-16T03:00:00+01:00
11.9291666666667,,,False,2,pm25,µg/m³,,raw,01:00:00,2016-02-16T02:00:00Z,2016-02-16T03:00:00+01:00,2016-02-16T03:00:00Z,2016-02-16T04:00:00+01:00,1,01:00:00,1,24:00:00,100.0,2400.0,2016-02-15T03:00:00Z,2016-02-15T04:00:00+01:00,2016-02-16T03:00:00Z,2016-02-16T04:00:00+01:00
12.325,,,False,2,pm25,µg/m³,,raw,01:00:00,2016-02-16T03:00:00Z,2016-02-16T04:00:00+01:00,2016-02-16T04:00:00Z,2016-02-16T05:00:00+01:00,1,01:00:00,1,24:00:00,100.0,2400.0,2016-02-15T04:00:00Z,2016-02-15T05:00:00+01:00,2016-02-16T04:00:00Z,2016-02-16T05:00:00+01:00
12.6086956521739,,,False,2,pm25,µg/m³,,raw,01:00:00,2016-02-16T04:00:00Z,2016-02-16T05:00:00+01:00,2016-02-16T05:00:00Z,2016-02-16T06:00:00+01:00,1,01:00:00,1,24:00:00,100.0,2400.0,2016-02-15T05:00:00Z,2016-02-15T06:00:00+01:00,2016-02-16T05:00:00Z,2016-02-16T06:00:00+01:00
12.8375,,,False,2,pm25,µg/m³,,raw,01:00:00,2016-02-16T05:00:00Z,2016-02-16T06:00:00+01:00,2016-02-16T06:00:00Z,2016-02-16T07:00:00+01:00,1,01:00:00,1,24:00:00,100.0,2400.0,2016-02-15T06:00:00Z,2016-02-15T07:00:00+01:00,2016-02-16T06:00:00Z,2016-02-16T07:00:00+01:00
13.1125,,,False,2,pm25,µg/m³,,raw,01:00:00,2016-02-16T06:00:00Z,2016-02-16T07:00:00+01:00,2016-02-16T07:00:00Z,2016-02-16T08:00:00+01:00,1,01:00:00,1,24:00:00,100.0,2400.0,2016-02-15T07:00:00Z,2016-02-15T08:00:00+01:00,2016-02-16T07:00:00Z,2016-02-16T08:00:00+01:00
13.4083333333333,,,False,2,pm25,µg/m³,,raw,01:00:00,2016-02-16T07:00:00Z,2016-02-16T08:00:00+01:00,2016-02-16T08:00:00Z,2016-02-16T09:00:00+01:00,1,01:00:00,1,24:00:00,100.0,2400.0,2016-02-15T08:00:00Z,2016-02-15T09:00:00+01:00,2016-02-16T08:00:00Z,2016-02-16T09:00:00+01:00
14.2958333333333,,,False,2,pm25,µg/m³,,raw,01:00:00,2016-02-16T08:00:00Z,2016-02-16T09:00:00+01:00,2016-02-16T09:00:00Z,2016-02-16T10:00:00+01:00,1,01:00:00,1,24:00:00,100.0,2400.0,2016-02-15T09:00:00Z,2016-02-15T10:00:00+01:00,2016-02-16T09:00:00Z,2016-02-16T10:00:00+01:00
15.1583333333333,,,False,2,pm25,µg/m³,,raw,01:00:00,2016-02-16T09:00:00Z,2016-02-16T10:00:00+01:00,2016-02-16T10:00:00Z,2016-02-16T11:00:00+01:00,1,01:00:00,1,24:00:00,100.0,2400.0,2016-02-15T10:00:00Z,2016-02-15T11:00:00+01:00,2016-02-16T10:00:00Z,2016-02-16T11:00:00+01:00
15.5541666666667,,,False,2,pm25,µg/m³,,raw,01:00:00,2016-02-16T10:00:00Z,2016-02-16T11:00:00+01:00,2016-02-16T11:00:00Z,2016-02-16T12:00:00+01:00,1,01:00:00,1,24:00:00,100.0,2400.0,2016-02-15T11:00:00Z,2016-02-15T12:00:00+01:00,2016-02-16T11:00:00Z,2016-02-16T12:00:00+01:00
15.675,,,False,2,pm25,µg/m³,,raw,01:00:00,2016-02-16T11:00:00Z,2016-02-16T12:00:00+01:00,2016-02-16T12:00:00Z,2016-02-16T13:00:00+01:00,1,01:00:00,1,24:00:00,100.0,2400.0,2016-02-15T12:00:00Z,2016-02-15T13:00:00+01:00,2016-02-16T12:00:00Z,2016-02-16T13:00:00+01:00
15.7416666666667,,,False,2,pm25,µg/m³,,raw,01:00:00,2016-02-16T12:00:00Z,2016-02-16T13:00:00+01:00,2016-02-16T13:00:00Z,2016-02-16T14:00:00+01:00,1,01:00:00,1,24:00:00,100.0,2400.0,2016-02-15T13:00:00Z,2016-02-15T14:00:00+01:00,2016-02-16T13:00:00Z,2016-02-16T14:00:00+01:00
16.1958333333333,,,False,2,pm25,µg/m³,,raw,01:00:00,2016-02-16T13:00:00Z,2016-02-16T14:00:00+01:00,2016-02-16T14:00:00Z,2016-02-16T15:00:00+01:00,1,01:00:00,1,24:00:00,100.0,2400.0,2016-02-15T14:00:00Z,2016-02-15T15:00:00+01:00,2016-02-16T14:00:00Z,2016-02-16T15:00:00+01:00
16.3916666666667,,,False,2,pm25,µg/m³,,raw,01:00:00,2016-02-16T14:00:00Z,2016-02-16T15:00:00+01:00,2016-02-16T15:00:00Z,2016-02-16T16:00:00+01:00,1,01:00:00,1,24:00:00,100.0,2400.0,2016-02-15T15:00:00Z,2016-02-15T16:00:00+01:00,2016-02-16T15:00:00Z,2016-02-16T16:00:00+01:00
16.5125,,,False,2,pm25,µg/m³,,raw,01:00:00,2016-02-16T15:00:00Z,2016-02-16T16:00:00+01:00,2016-02-16T16:00:00Z,2016-02-16T17:00:00+01:00,1,01:00:00,1,24:00:00,100.0,2400.0,2016-02-15T16:00:00Z,2016-02-15T17:00:00+01:00,2016-02-16T16:00:00Z,2016-02-16T17:00:00+01:00
16.4875,,,False,2,pm25,µg/m³,,raw,01:00:00,2016-02-16T16:00:00Z,2016-02-16T17:00:00+01:00,2016-02-16T17:00:00Z,2016-02-16T18:00:00+01:00,1,01:00:00,1,24:00:00,100.0,2400.0,2016-02-15T17:00:00Z,2016-02-15T18:00:00+01:00,2016-02-16T17:00:00Z,2016-02-16T18:00:00+01:00
16.2,,,False,2,pm25,µg/m³,,raw,01:00:00,2016-02-16T17:00:00Z,2016-02-16T18:00:00+01:00,2016-02-16T18:00:00Z,2016-02-16T19:00:00+01:00,1,01:00:00,1,24:00:00,100.0,2400.0,2016-02-15T18:00:00Z,2016-02-15T19:00:00+01:00,2016-02-16T18:00:00Z,2016-02-16T19:00:00+01:00
15.8791666666667,,,False,2,pm25,µg/m³,,raw,01:00:00,2016-02-16T18:00:00Z,2016-02-16T19:00:00+01:00,2016-02-16T19:00:00Z,2016-02-16T20:00:00+01:00,1,01:00:00,1,24:00:00,100.0,2400.0,2016-02-15T19:00:00Z,2016-02-15T20:00:00+01:00,2016-02-16T19:00:00Z,2016-02-16T20:00:00+01:00
16.1304347826087,,,False,2,pm25,µg/m³,,raw,01:00:00,2016-02-16T19:00:00Z,2016-02-16T20:00:00+01:00,2016-02-16T20:00:00Z,2016-02-16T21:00:00+01:00,1,01:00:00,1,24:00:00,100.0,2400.0,2016-02-15T20:00:00Z,2016-02-15T21:00:00+01:00,2016-02-16T20:00:00Z,2016-02-16T21:00:00+01:00
15.25,,,False,2,pm25,µg/m³,,raw,01:00:00,2016-02-16T20:00:00Z,2016-02-16T21:00:00+01:00,2016-02-16T21:00:00Z,2016-02-16T22:00:00+01:00,1,01:00:00,1,24:00:00,100.0,2400.0,2016-02-15T21:00:00Z,2016-02-15T22:00:00+01:00,2016-02-16T21:00:00Z,2016-02-16T22:00:00+01:00
15.1333333333333,,,False,2,pm25,µg/m³,,raw,01:00:00,2016-02-16T21:00:00Z,2016-02-16T22:00:00+01:00,2016-02-16T22:00:00Z,2016-02-16T23:00:00+01:00,1,01:00:00,1,24:00:00,100.0,2400.0,2016-02-15T22:00:00Z,2016-02-15T23:00:00+01:00,2016-02-16T22:00:00Z,2016-02-16T23:00:00+01:00
15.2521739130435,,,False,2,pm25,µg/m³,,raw,01:00:00,2016-02-16T22:00:00Z,2016-02-16T23:00:00+01:00,2016-02-16T23:00:00Z,2016-02-17T00:00:00+01:00,1,01:00:00,1,24:00:00,100.0,2400.0,2016-02-15T23:00:00Z,2016-02-16T00:00:00+01:00,2016-02-16T23:00:00Z,2016-02-17T00:00:00+01:00
15.0958333333333,,,False,2,pm25,µg/m³,,raw,01:00:00,2016-02-16T23:00:00Z,2016-02-17T00:00:00+01:00,2016-02-17T00:00:00Z,2016-02-17T01:00:00+01:00,1,01:00:00,1,24:00:00,100.0,2400.0,2016-02-16T00:00:00Z,2016-02-16T01:00:00+01:00,2016-02-17T00:00:00Z,2016-02-17T01:00:00+01:00
15.1958333333333,,,False,2,pm25,µg/m³,,raw,01:00:00,2016-02-17T00:00:00Z,2016-02-17T01:00:00+01:00,2016-02-17T01:00:00Z,2016-02-17T02:00:00+01:00,1,01:00:00,1,24:00:00,100.0,2400.0,2016-02-16T01:00:00Z,2016-02-16T02:00:00+01:00,2016-02-17T01:00:00Z,2016-02-17T02:00:00+01:00
15.7875,,,False,2,pm25,µg/m³,,raw,01:00:00,2016-02-17T01:00:00Z,2016-02-17T02:00:00+01:00,2016-02-17T02:00:00Z,2016-02-17T03:00:00+01:00,1,01:00:00,1,24:00:00,100.0,2400.0,2016-02-16T02:00:00Z,2016-02-16T03:00:00+01:00,2016-02-17T02:00:00Z,2016-02-17T03:00:00+01:00
16.4708333333333,,,False,2,pm25,µg/m³,,raw,01:00:00,2016-02-17T02:00:00Z,2016-02-17T03:00:00+01:00,2016-02-17T03:00:00Z,2016-02-17T04:00:00+01:00,1,01:00:00,1,24:00:00,100.0,2400.0,2016-02-16T03:00:00Z,2016-02-16T04:00:00+01:00,2016-02-17T03:00:00Z,2016-02-17T04:00:00+01:00
16.5416666666667,,,False,2,pm25,µg/m³,,raw,01:00:00,2016-02-17T03:00:00Z,2016-02-17T04:00:00+01:00,2016-02-17T04:00:00Z,2016-02-17T05:00:00+01:00,1,01:00:00,1,24:00:00,100.0,2400.0,2016-02-16T04:00:00Z,2016-02-16T05:00:00+01:00,2016-02-17T04:00:00Z,2016-02-17T05:00:00+01:00
17.125,,,False,2,pm25,µg/m³,,raw,01:00:00,2016-02-17T04:00:00Z,2016-02-17T05:00:00+01:00,2016-02-17T05:00:00Z,2016-02-17T06:00:00+01:00,1,01:00:00,1,24:00:00,100.0,2400.0,2016-02-16T05:00:00Z,2016-02-16T06:00:00+01:00,2016-02-17T05:00:00Z,2016-02-17T06:00:00+01:00
17.7875,,,False,2,pm25,µg/m³,,raw,01:00:00,2016-02-17T05:00:00Z,2016-02-17T06:00:00+01:00,2016-02-17T06:00:00Z,2016-02-17T07:00:00+01:00,1,01:00:00,1,24:00:00,100.0,2400.0,2016-02-16T06:00:00Z,2016-02-16T07:00:00+01:00,2016-02-17T06:00:00Z,2016-02-17T07:00:00+01:00
18.1708333333333,,,False,2,pm25,µg/m³,,raw,01:00:00,2016-02-17T06:00:00Z,2016-02-17T07:00:00+01:00,2016-02-17T07:00:00Z,2016-02-17T08:00:00+01:00,1,01:00:00,1,24:00:00,100.0,2400.0,2016-02-16T07:00:00Z,2016-02-16T08:00:00+01:00,2016-02-17T07:00:00Z,2016-02-17T08:00:00+01:00
18.4125,,,False,2,pm25,µg/m³,,raw,01:00:00,2016-02-17T07:00:00Z,2016-02-17T08:00:00+01:00,2016-02-17T08:00:00Z,2016-02-17T09:00:00+01:00,1,01:00:00,1,24:00:00,100.0,2400.0,2016-02-16T08:00:00Z,2016-02-16T09:00:00+01:00,2016-02-17T08:00:00Z,2016-02-17T09:00:00+01:00
18.45,,,False,2,pm25,µg/m³,,raw,01:00:00,2016-02-17T08:00:00Z,2016-02-17T09:00:00+01:00,2016-02-17T09:00:00Z,2016-02-17T10:00:00+01:00,1,01:00:00,1,24:00:00,100.0,2400.0,2016-02-16T09:00:00Z,2016-02-16T10:00:00+01:00,2016-02-17T09:00:00Z,2016-02-17T10:00:00+01:00
18.7625,,,False,2,pm25,µg/m³,,raw,01:00:00,2016-02-17T09:00:00Z,2016-02-17T10:00:00+01:00,2016-02-17T10:00:00Z,2016-02-17T11:00:00+01:00,1,01:00:00,1,24:00:00,100.0,2400.0,2016-02-16T10:00:00Z,2016-02-16T11:00:00+01:00,2016-02-17T10:00:00Z,2016-02-17T11:00:00+01:00
18.7,,,False,2,pm25,µg/m³,,raw,01:00:00,2016-02-17T10:00:00Z,2016-02-17T11:00:00+01:00,2016-02-17T11:00:00Z,2016-02-17T12:00:00+01:00,1,01:00:00,1,24:00:00,100.0,2400.0,2016-02-16T11:00:00Z,2016-02-16T12:00:00+01:00,2016-02-17T11:00:00Z,2016-02-17T12:00:00+01:00
20.4291666666667,,,False,2,pm25,µg/m³,,raw,01:00:00,2016-02-17T11:00:00Z,2016-02-17T12:00:00+01:00,2016-02-17T12:00:00Z,2016-02-17T13:00:00+01:00,1,01:00:00,1,24:00:00,100.0,2400.0,2016-02-16T12:00:00Z,2016-02-16T13:00:00+01:00,2016-02-17T12:00:00Z,2016-02-17T13:00:00+01:00
21.3958333333333,,,False,2,pm25,µg/m³,,raw,01:00:00,2016-02-17T12:00:00Z,2016-02-17T13:00:00+01:00,2016-02-17T13:00:00Z,2016-02-17T14:00:00+01:00,1,01:00:00,1,24:00:00,100.0,2400.0,2016-02-16T13:00:00Z,2016-02-16T14:00:00+01:00,2016-02-17T13:00:00Z,2016-02-17T14:00:00+01:00
21.6833333333333,,,False,2,pm25,µg/m³,,raw,01:00:00,2016-02-17T13:00:00Z,2016-02-17T14:00:00+01:00,2016-02-17T14:00:00Z,2016-02-17T15:00:00+01:00,1,01:00:00,1,24:00:00,100.0,2400.0,2016-02-16T14:00:00Z,2016-02-16T15:00:00+01:00,2016-02-17T14:00:00Z,2016-02-17T15:00:00+01:00
22.0708333333333,,,False,2,pm25,µg/m³,,raw,01:00:00,2016-02-17T14:00:00Z,2016-02-17T15:00:00+01:00,2016-02-17T15:00:00Z,2016-02-17T16:00:00+01:00,1,01:00:00,1,24:00:00,100.0,2400.0,2016-02-16T15:00:00Z,2016-02-16T16:00:00+01:00,2016-02-17T15:00:00Z,2016-02-17T16:00:00+01:00
22.3875,,,False,2,pm25,µg/m³,,raw,01:00:00,2016-02-17T15:00:00Z,2016-02-17T16:00:00+01:00,2016-02-17T16:00:00Z,2016-02-17T17:00:00+01:00,1,01:00:00,1,24:00:00,100.0,2400.0,2016-02-16T16:00:00Z,2016-02-16T17:00:00+01:00,2016-02-17T16:00:00Z,2016-02-17T17:00:00+01:00
22.9,,,False,2,pm25,µg/m³,,raw,01:00:00,2016-02-17T16:00:00Z,2016-02-17T17:00:00+01:00,2016-02-17T17:00:00Z,2016-02-17T18:00:00+01:00,1,01:00:00,1,24:00:00,100.0,2400.0,2016-02-16T17:00:00Z,2016-02-16T18:00:00+01:00,2016-02-17T17:00:00Z,2016-02-17T18:00:00+01:00
23.6833333333333,,,False,2,pm25,µg/m³,,raw,01:00:00,2016-02-17T17:00:00Z,2016-02-17T18:00:00+01:00,2016-02-17T18:00:00Z,2016-02-17T19:00:00+01:00,1,01:00:00,1,24:00:00,100.0,2400.0,2016-02-16T18:00:00Z,2016-02-16T19:00:00+01:00,2016-02-17T18:00:00Z,2016-02-17T19:00:00+01:00
24.5125,,,False,2,pm25,µg/m³,,raw,01:00:00,2016-02-17T18:00:00Z,2016-02-17T19:00:00+01:00,2016-02-17T19:00:00Z,2016-02-17T20:00:00+01:00,1,01:00:00,1,24:00:00,100.0,2400.0,2016-02-16T19:00:00Z,2016-02-16T20:00:00+01:00,2016-02-17T19:00:00Z,2016-02-17T20:00:00+01:00
25.5458333333333,,,False,2,pm25,µg/m³,,raw,01:00:00,2016-02-17T19:00:00Z,2016-02-17T20:00:00+01:00,2016-02-17T20:00:00Z,2016-02-17T21:00:00+01:00,1,01:00:00,1,24:00:00,100.0,2400.0,2016-02-16T20:00:00Z,2016-02-16T21:00:00+01:00,2016-02-17T20:00:00Z,2016-02-17T21:00:00+01:00
26.5875,,,False,2,pm25,µg/m³,,raw,01:00:00,2016-02-17T20:00:00Z,2016-02-17T21:00:00+01:00,2016-02-17T21:00:00Z,2016-02-17T22:00:00+01:00,1,01:00:00,1,24:00:00,100.0,2400.0,2016-02-16T21:00:00Z,2016-02-16T22:00:00+01:00,2016-02-17T21:00:00Z,2016-02-17T22:00:00+01:00
27.575,,,False,2,pm25,µg/m³,,raw,01:00:00,2016-02-17T21:00:00Z,2016-02-17T22:00:00+01:00,2016-02-17T22:00:00Z,2016-02-17T23:00:00+01:00,1,01:00:00,1,24:00:00,100.0,2400.0,2016-02-16T22:00:00Z,2016-02-16T23:00:00+01:00,2016-02-17T22:00:00Z,2016-02-17T23:00:00+01:00
28.2434782608696,,,False,2,pm25,µg/m³,,raw,01:00:00,2016-02-17T22:00:00Z,2016-02-17T23:00:00+01:00,2016-02-17T23:00:00Z,2016-02-18T00:00:00+01:00,1,01:00:00,1,24:00:00,100.0,2400.0,2016-02-16T23:00:00Z,2016-02-17T00:00:00+01:00,2016-02-17T23:00:00Z,2016-02-18T00:00:00+01:00
29.0916666666667,,,False,2,pm25,µg/m³,,raw,01:00:00,2016-02-17T23:00:00Z,2016-02-18T00:00:00+01:00,2016-02-18T00:00:00Z,2016-02-18T01:00:00+01:00,1,01:00:00,1,24:00:00,100.0,2400.0,2016-02-17T00:00:00Z,2016-02-17T01:00:00+01:00,2016-02-18T00:00:00Z,2016-02-18T01:00:00+01:00
29.2416666666667,,,False,2,pm25,µg/m³,,raw,01:00:00,2016-02-18T00:00:00Z,2016-02-18T01:00:00+01:00,2016-02-18T01:00:00Z,2016-02-18T02:00:00+01:00,1,01:00:00,1,24:00:00,100.0,2400.0,2016-02-17T01:00:00Z,2016-02-17T02:00:00+01:00,2016-02-18T01:00:00Z,2016-02-18T02:00:00+01:00
29.4391304347826,,,False,2,pm25,µg/m³,,raw,01:00:00,2016-02-18T01:00:00Z,2016-02-18T02:00:00+01:00,2016-02-18T02:00:00Z,2016-02-18T03:00:00+01:00,1,01:00:00,1,24:00:00,100.0,2400.0,2016-02-17T02:00:00Z,2016-02-17T03:00:00+01:00,2016-02-18T02:00:00Z,2016-02-18T03:00:00+01:00
29.7375,,,False,2,pm25,µg/m³,,raw,01:00:00,2016-02-18T02:00:00Z,2016-02-18T03:00:00+01:00,2016-02-18T03:00:00Z,2016-02-18T04:00:00+01:00,1,01:00:00,1,24:00:00,100.0,2400.0,2016-02-17T03:00:00Z,2016-02-17T04:00:00+01:00,2016-02-18T03:00:00Z,2016-02-18T04:00:00+01:00
29.8416666666667,,,False,2,pm25,µg/m³,,raw,01:00:00,2016-02-18T03:00:00Z,2016-02-18T04:00:00+01:00,2016-02-18T04:00:00Z,2016-02-18T05:00:00+01:00,1,01:00:00,1,24:00:00,100.0,2400.0,2016-02-17T04:00:00Z,2016-02-17T05:00:00+01:00,2016-02-18T04:00:00Z,2016-02-18T05:00:00+01:00
30.1083333333333,,,False,2,pm25,µg/m³,,raw,01:00:00,2016-02-18T04:00:00Z,2016-02-18T05:00:00+01:00,2016-02-18T05:00:00Z,2016-02-18T06:00:00+01:00,1,01:00:00,1,24:00:00,100.0,2400.0,2016-02-17T05:00:00Z,2016-02-17T06:00:00+01:00,2016-02-18T05:00:00Z,2016-02-18T06:00:00+01:00
30.6083333333333,,,False,2,pm25,µg/m³,,raw,01:00:00,2016-02-18T05:00:00Z,2016-02-18T06:00:00+01:00,2016-02-18T06:00:00Z,2016-02-18T07:00:00+01:00,1,01:00:00,1,24:00:00,100.0,2400.0,2016-02-17T06:00:00Z,2016-02-17T07:00:00+01:00,2016-02-18T06:00:00Z,2016-02-18T07:00:00+01:00
31.2083333333333,,,False,2,pm25,µg/m³,,raw,01:00:00,2016-02-18T06:00:00Z,2016-02-18T07:00:00+01:00,2016-02-18T07:00:00Z,2016-02-18T08:00:00+01:00,1,01:00:00,1,24:00:00,100.0,2400.0,2016-02-17T07:00:00Z,2016-02-17T08:00:00+01:00,2016-02-18T07:00:00Z,2016-02-18T08:00:00+01:00
31.4875,,,False,2,pm25,µg/m³,,raw,01:00:00,2016-02-18T07:00:00Z,2016-02-18T08:00:00+01:00,2016-02-18T08:00:00Z,2016-02-18T09:00:00+01:00,1,01:00:00,1,24:00:00,100.0,2400.0,2016-02-17T08:00:00Z,2016-02-17T09:00:00+01:00,2016-02-18T08:00:00Z,2016-02-18T09:00:00+01:00
31.7375,,,False,2,pm25,µg/m³,,raw,01:00:00,2016-02-18T08:00:00Z,2016-02-18T09:00:00+01:00,2016-02-18T09:00:00Z,2016-02-18T10:00:00+01:00,1,01:00:00,1,24:00:00,100.0,2400.0,2016-02-17T09:00:00Z,2016-02-17T10:00:00+01:00,2016-02-18T09:00:00Z,2016-02-18T10:00:00+01:00
31.8166666666667,,,False,2,pm25,µg/m³,,raw,01:00:00,2016-02-18T09:00:00Z,2016-02-18T10:00:00+01:00,2016-02-18T10:00:00Z,2016-02-18T11:00:00+01:00,1,01:00:00,1,24:00:00,100.0,2400.0,2016-02-17T10:00:00Z,2016-02-17T11:00:00+01:00,2016-02-18T10:00:00Z,2016-02-18T11:00:00+01:00
31.4916666666667,,,False,2,pm25,µg/m³,,raw,01:00:00,2016-02-18T10:00:00Z,2016-02-18T11:00:00+01:00,2016-02-18T11:00:00Z,2016-02-18T12:00:00+01:00,1,01:00:00,1,24:00:00,100.0,2400.0,2016-02-17T11:00:00Z,2016-02-17T12:00:00+01:00,2016-02-18T11:00:00Z,2016-02-18T12:00:00+01:00
31.7208333333333,,,False,2,pm25,µg/m³,,raw,01:00:00,2016-02-18T11:00:00Z,2016-02-18T12:00:00+01:00,2016-02-18T12:00:00Z,2016-02-18T13:00:00+01:00,1,01:00:00,1,24:00:00,100.0,2400.0,2016-02-17T12:00:00Z,2016-02-17T13:00:00+01:00,2016-02-18T12:00:00Z,2016-02-18T13:00:00+01:00
31.6416666666667,,,False,2,pm25,µg/m³,,raw,01:00:00,2016-02-18T12:00:00Z,2016-02-18T13:00:00+01:00,2016-02-18T13:00:00Z,2016-02-18T14:00:00+01:00,1,01:00:00,1,24:00:00,100.0,2400.0,2016-02-17T13:00:00Z,2016-02-17T14:00:00+01:00,2016-02-18T13:00:00Z,2016-02-18T14:00:00+01:00
31.8541666666667,,,False,2,pm25,µg/m³,,raw,01:00:00,2016-02-18T13:00:00Z,2016-02-18T14:00:00+01:00,2016-02-18T14:00:00Z,2016-02-18T15:00:00+01:00,1,01:00:00,1,24:00:00,100.0,2400.0,2016-02-17T14:00:00Z,2016-02-17T15:00:00+01:00,2016-02-18T14:00:00Z,2016-02-18T15:00:00+01:00
32.65,,,False,2,pm25,µg/m³,,raw,01:00:00,2016-02-18T14:00:00Z,2016-02-18T15:00:00+01:00,2016-02-18T15:00:00Z,2016-02-18T16:00:00+01:00,1,01:00:00,1,24:00:00,100.0,2400.0,2016-02-17T15:00:00Z,2016-02-17T16:00:00+01:00,2016-02-18T15:00:00Z,2016-02-18T16:00:00+01:00
33.2791666666667,,,False,2,pm25,µg/m³,,raw,01:00:00,2016-02-18T15:00:00Z,2016-02-18T16:00:00+01:00,2016-02-18T16:00:00Z,2016-02-18T17:00:00+01:00,1,01:00:00,1,24:00:00,100.0,2400.0,2016-02-17T16:00:00Z,2016-02-17T17:00:00+01:00,2016-02-18T16:00:00Z,2016-02-18T17:00:00+01:00
33.7565217391304,,,False,2,pm25,µg/m³,,raw,01:00:00,2016-02-18T16:00:00Z,2016-02-18T17:00:00+01:00,2016-02-18T17:00:00Z,2016-02-18T18:00:00+01:00,1,01:00:00,1,24:00:00,100.0,2400.0,2016-02-17T17:00:00Z,2016-02-17T18:00:00+01:00,2016-02-18T17:00:00Z,2016-02-18T18:00:00+01:00
33.5375,,,False,2,pm25,µg/m³,,raw,01:00:00,2016-02-18T17:00:00Z,2016-02-18T18:00:00+01:00,2016-02-18T18:00:00Z,2016-02-18T19:00:00+01:00,1,01:00:00,1,24:00:00,100.0,2400.0,2016-02-17T18:00:00Z,2016-02-17T19:00:00+01:00,2016-02-18T18:00:00Z,2016-02-18T19:00:00+01:00
33.4875,,,False,2,pm25,µg/m³,,raw,01:00:00,2016-02-18T18:00:00Z,2016-02-18T19:00:00+01:00,2016-02-18T19:00:00Z,2016-02-18T20:00:00+01:00,1,01:00:00,1,24:00:00,100.0,2400.0,2016-02-17T19:00:00Z,2016-02-17T20:00:00+01:00,2016-02-18T19:00:00Z,2016-02-18T20:00:00+01:00
33.1208333333333,,,False,2,pm25,µg/m³,,raw,01:00:00,2016-02-18T19:00:00Z,2016-02-18T20:00:00+01:00,2016-02-18T20:00:00Z,2016-02-18T21:00:00+01:00,1,01:00:00,1,24:00:00,100.0,2400.0,2016-02-17T20:00:00Z,2016-02-17T21:00:00+01:00,2016-02-18T20:00:00Z,2016-02-18T21:00:00+01:00
32.7833333333333,,,False,2,pm25,µg/m³,,raw,01:00:00,2016-02-18T20:00:00Z,2016-02-18T21:00:00+01:00,2016-02-18T21:00:00Z,2016-02-18T22:00:00+01:00,1,01:00:00,1,24:00:00,100.0,2400.0,2016-02-17T21:00:00Z,2016-02-17T22:00:00+01:00,2016-02-18T21:00:00Z,2016-02-18T22:00:00+01:00
32.5791666666667,,,False,2,pm25,µg/m³,,raw,01:00:00,2016-02-18T21:00:00Z,2016-02-18T22:00:00+01:00,2016-02-18T22:00:00Z,2016-02-18T23:00:00+01:00,1,01:00:00,1,24:00:00,100.0,2400.0,2016-02-17T22:00:00Z,2016-02-17T23:00:00+01:00,2016-02-18T22:00:00Z,2016-02-18T23:00:00+01:00
32.7565217391304,,,False,2,pm25,µg/m³,,raw,01:00:00,2016-02-18T22:00:00Z,2016-02-18T23:00:00+01:00,2016-02-18T23:00:00Z,2016-02-19T00:00:00+01:00,1,01:00:00,1,24:00:00,100.0,2400.0,2016-02-17T23:00:00Z,2016-02-18T00:00:00+01:00,2016-02-18T23:00:00Z,2016-02-19T00:00:00+01:00
32.6636363636364,,,False,2,pm25,µg/m³,,raw,01:00:00,2016-02-18T23:00:00Z,2016-02-19T00:00:00+01:00,2016-02-19T00:00:00Z,2016-02-19T01:00:00+01:00,1,01:00:00,1,24:00:00,100.0,2400.0,2016-02-18T00:00:00Z,2016-02-18T01:00:00+01:00,2016-02-19T00:00:00Z,2016-02-19T01:00:00+01:00
32.3916666666667,,,False,2,pm25,µg/m³,,raw,01:00:00,2016-02-19T00:00:00Z,2016-02-19T01:00:00+01:00,2016-02-19T01:00:00Z,2016-02-19T02:00:00+01:00,1,01:00:00,1,24:00:00,100.0,2400.0,2016-02-18T01:00:00Z,2016-02-18T02:00:00+01:00,2016-02-19T01:00:00Z,2016-02-19T02:00:00+01:00
32.0125,,,False,2,pm25,µg/m³,,raw,01:00:00,2016-02-19T01:00:00Z,2016-02-19T02:00:00+01:00,2016-02-19T02:00:00Z,2016-02-19T03:00:00+01:00,1,01:00:00,1,24:00:00,100.0,2400.0,2016-02-18T02:00:00Z,2016-02-18T03:00:00+01:00,2016-02-19T02:00:00Z,2016-02-19T03:00:00+01:00
31.9583333333333,,,False,2,pm25,µg/m³,,raw,01:00:00,2016-02-19T02:00:00Z,2016-02-19T03:00:00+01:00,2016-02-19T03:00:00Z,2016-02-19T04:00:00+01:00,1,01:00:00,1,24:00:00,100.0,2400.0,2016-02-18T03:00:00Z,2016-02-18T04:00:00+01:00,2016-02-19T03:00:00Z,2016-02-19T04:00:00+01:00
31.85,,,False,2,pm25,µg/m³,,raw,01:00:00,2016-02-19T03:00:00Z,2016-02-19T04:00:00+01:00,2016-02-19T04:00:00Z,2016-02-19T05:00:00+01:00,1,01:00:00,1,24:00:00,100.0,2400.0,2016-02-18T04:00:00Z,2016-02-18T05:00:00+01:00,2016-02-19T04:00:00Z,2016-02-19T05:00:00+01:00
31.5916666666667,,,False,2,pm25,µg/m³,,raw,01:00:00,2016-02-19T04:00:00Z,2016-02-19T05:00:00+01:00,2016-02-19T05:00:00Z,2016-02-19T06:00:00+01:00,1,01:00:00,1,24:00:00,100.0,2400.0,2016-02-18T05:00:00Z,2016-02-18T06:00:00+01:00,2016-02-19T05:00:00Z,2016-02-19T06:00:00+01:00
31.15,,,False,2,pm25,µg/m³,,raw,01:00:00,2016-02-19T05:00:00Z,2016-02-19T06:00:00+01:00,2016-02-19T06:00:00Z,2016-02-19T07:00:00+01:00,1,01:00:00,1,24:00:00,100.0,2400.0,2016-02-18T06:00:00Z,2016-02-18T07:00:00+01:00,2016-02-19T06:00:00Z,2016-02-19T07:00:00+01:00
30.375,,,False,2,pm25,µg/m³,,raw,01:00:00,2016-02-19T06:00:00Z,2016-02-19T07:00:00+01:00,2016-02-19T07:00:00Z,2016-02-19T08:00:00+01:00,1,01:00:00,1,24:00:00,100.0,2400.0,2016-02-18T07:00:00Z,2016-02-18T08:00:00+01:00,2016-02-19T07:00:00Z,2016-02-19T08:00:00+01:00
30.1782608695652,,,False,2,pm25,µg/m³,,raw,01:00:00,2016-02-19T07:00:00Z,2016-02-19T08:00:00+01:00,2016-02-19T08:00:00Z,2016-02-19T09:00:00+01:00,1,01:00:00,1,24:00:00,100.0,2400.0,2016-02-18T08:00:00Z,2016-02-18T09:00:00+01:00,2016-02-19T08:00:00Z,2016-02-19T09:00:00+01:00
29.3791666666667,,,False,2,pm25,µg/m³,,raw,01:00:00,2016-02-19T08:00:00Z,2016-02-19T09:00:00+01:00,2016-02-19T09:00:00Z,2016-02-19T10:00:00+01:00,1,01:00:00,1,24:00:00,100.0,2400.0,2016-02-18T09:00:00Z,2016-02-18T10:00:00+01:00,2016-02-19T09:00:00Z,2016-02-19T10:00:00+01:00
28.9083333333333,,,False,2,pm25,µg/m³,,raw,01:00:00,2016-02-19T09:00:00Z,2016-02-19T10:00:00+01:00,2016-02-19T10:00:00Z,2016-02-19T11:00:00+01:00,1,01:00:00,1,24:00:00,100.0,2400.0,2016-02-18T10:00:00Z,2016-02-18T11:00:00+01:00,2016-02-19T10:00:00Z,2016-02-19T11:00:00+01:00
28.3708333333333,,,False,2,pm25,µg/m³,,raw,01:00:00,2016-02-19T10:00:00Z,2016-02-19T11:00:00+01:00,2016-02-19T11:00:00Z,2016-02-19T12:00:00+01:00,1,01:00:00,1,24:00:00,100.0,2400.0,2016-02-18T11:00:00Z,2016-02-18T12:00:00+01:00,2016-02-19T11:00:00Z,2016-02-19T12:00:00+01:00
27.5333333333333,,,False,2,pm25,µg/m³,,raw,01:00:00,2016-02-19T11:00:00Z,2016-02-19T12:00:00+01:00,2016-02-19T12:00:00Z,2016-02-19T13:00:00+01:00,1,01:00:00,1,24:00:00,100.0,2400.0,2016-02-18T12:00:00Z,2016-02-18T13:00:00+01:00,2016-02-19T12:00:00Z,2016-02-19T13:00:00+01:00
26.8291666666667,,,False,2,pm25,µg/m³,,raw,01:00:00,2016-02-19T12:00:00Z,2016-02-19T13:00:00+01:00,2016-02-19T13:00:00Z,2016-02-19T14:00:00+01:00,1,01:00:00,1,24:00:00,100.0,2400.0,2016-02-18T13:00:00Z,2016-02-18T14:00:00+01:00,2016-02-19T13:00:00Z,2016-02-19T14:00:00+01:00
26.0541666666667,,,False,2,pm25,µg/m³,,raw,01:00:00,2016-02-19T13:00:00Z,2016-02-19T14:00:00+01:00,2016-02-19T14:00:00Z,2016-02-19T15:00:00+01:00,1,01:00:00,1,24:00:00,100.0,2400.0,2016-02-18T14:00:00Z,2016-02-18T15:00:00+01:00,2016-02-19T14:00:00Z,2016-02-19T15:00:00+01:00
24.85,,,False,2,pm25,µg/m³,,raw,01:00:00,2016-02-19T14:00:00Z,2016-02-19T15:00:00+01:00,2016-02-19T15:00:00Z,2016-02-19T16:00:00+01:00,1,01:00:00,1,24:00:00,100.0,2400.0,2016-02-18T15:00:00Z,2016-02-18T16:00:00+01:00,2016-02-19T15:00:00Z,2016-02-19T16:00:00+01:00
23.7416666666667,,,False,2,pm25,µg/m³,,raw,01:00:00,2016-02-19T15:00:00Z,2016-02-19T16:00:00+01:00,2016-02-19T16:00:00Z,2016-02-19T17:00:00+01:00,1,01:00:00,1,24:00:00,100.0,2400.0,2016-02-18T16:00:00Z,2016-02-18T17:00:00+01:00,2016-02-19T16:00:00Z,2016-02-19T17:00:00+01:00
22.875,,,False,2,pm25,µg/m³,,raw,01:00:00,2016-02-19T16:00:00Z,2016-02-19T17:00:00+01:00,2016-02-19T17:00:00Z,2016-02-19T18:00:00+01:00,1,01:00:00,1,24:00:00,100.0,2400.0,2016-02-18T17:00:00Z,2016-02-18T18:00:00+01:00,2016-02-19T17:00:00Z,2016-02-19T18:00:00+01:00
22.2166666666667,,,False,2,pm25,µg/m³,,raw,01:00:00,2016-02-19T17:00:00Z,2016-02-19T18:00:00+01:00,2016-02-19T18:00:00Z,2016-02-19T19:00:00+01:00,1,01:00:00,1,24:00:00,100.0,2400.0,2016-02-18T18:00:00Z,2016-02-18T19:00:00+01:00,2016-02-19T18:00:00Z,2016-02-19T19:00:00+01:00
21.3916666666667,,,False,2,pm25,µg/m³,,raw,01:00:00,2016-02-19T18:00:00Z,2016-02-19T19:00:00+01:00,2016-02-19T19:00:00Z,2016-02-19T20:00:00+01:00,1,01:00:00,1,24:00:00,100.0,2400.0,2016-02-18T19:00:00Z,2016-02-18T20:00:00+01:00,2016-02-19T19:00:00Z,2016-02-19T20:00:00+01:00
20.6625,,,False,2,pm25,µg/m³,,raw,01:00:00,2016-02-19T19:00:00Z,2016-02-19T20:00:00+01:00,2016-02-19T20:00:00Z,2016-02-19T21:00:00+01:00,1,01:00:00,1,24:00:00,100.0,2400.0,2016-02-18T20:00:00Z,2016-02-18T21:00:00+01:00,2016-02-19T20:00:00Z,2016-02-19T21:00:00+01:00
20.4875,,,False,2,pm25,µg/m³,,raw,01:00:00,2016-02-19T20:00:00Z,2016-02-19T21:00:00+01:00,2016-02-19T21:00:00Z,2016-02-19T22:00:00+01:00,1,01:00:00,1,24:00:00,100.0,2400.0,2016-02-18T21:00:00Z,2016-02-18T22:00:00+01:00,2016-02-19T21:00:00Z,2016-02-19T22:00:00+01:00
19.7958333333333,,,False,2,pm25,µg/m³,,raw,01:00:00,2016-02-19T21:00:00Z,2016-02-19T22:00:00+01:00,2016-02-19T22:00:00Z,2016-02-19T23:00:00+01:00,1,01:00:00,1,24:00:00,100.0,2400.0,2016-02-18T22:00:00Z,2016-02-18T23:00:00+01:00,2016-02-19T22:00:00Z,2016-02-19T23:00:00+01:00
19.4565217391304,,,False,2,pm25,µg/m³,,raw,01:00:00,2016-02-19T22:00:00Z,2016-02-19T23:00:00+01:00,2016-02-19T23:00:00Z,2016-02-20T00:00:00+01:00,1,01:00:00,1,24:00:00,100.0,2400.0,2016-02-18T23:00:00Z,2016-02-19T00:00:00+01:00,2016-02-19T23:00:00Z,2016-02-20T00:00:00+01:00
18.3458333333333,,,False,2,pm25,µg/m³,,raw,01:00:00,2016-02-19T23:00:00Z,2016-02-20T00:00:00+01:00,2016-02-20T00:00:00Z,2016-02-20T01:00:00+01:00,1,01:00:00,1,24:00:00,100.0,2400.0,2016-02-19T00:00:00Z,2016-02-19T01:00:00+01:00,2016-02-20T00:00:00Z,2016-02-20T01:00:00+01:00
17.5458333333333,,,False,2,pm25,µg/m³,,raw,01:00:00,2016-02-20T00:00:00Z,2016-02-20T01:00:00+01:00,2016-02-20T01:00:00Z,2016-02-20T02:00:00+01:00,1,01:00:00,1,24:00:00,100.0,2400.0,2016-02-19T01:00:00Z,2016-02-19T02:00:00+01:00,2016-02-20T01:00:00Z,2016-02-20T02:00:00+01:00
16.9833333333333,,,False,2,pm25,µg/m³,,raw,01:00:00,2016-02-20T01:00:00Z,2016-02-20T02:00:00+01:00,2016-02-20T02:00:00Z,2016-02-20T03:00:00+01:00,1,01:00:00,1,24:00:00,100.0,2400.0,2016-02-19T02:00:00Z,2016-02-19T03:00:00+01:00,2016-02-20T02:00:00Z,2016-02-20T03:00:00+01:00
16.1416666666667,,,False,2,pm25,µg/m³,,raw,01:00:00,2016-02-20T02:00:00Z,2016-02-20T03:00:00+01:00,2016-02-20T03:00:00Z,2016-02-20T04:00:00+01:00,1,01:00:00,1,24:00:00,100.0,2400.0,2016-02-19T03:00:00Z,2016-02-19T04:00:00+01:00,2016-02-20T03:00:00Z,2016-02-20T04:00:00+01:00
15.4166666666667,,,False,2,pm25,µg/m³,,raw,01:00:00,2016-02-20T03:00:00Z,2016-02-20T04:00:00+01:00,2016-02-20T04:00:00Z,2016-02-20T05:00:00+01:00,1,01:00:00,1,24:00:00,100.0,2400.0,2016-02-19T04:00:00Z,2016-02-19T05:00:00+01:00,2016-02-20T04:00:00Z,2016-02-20T05:00:00+01:00
14.6666666666667,,,False,2,pm25,µg/m³,,raw,01:00:00,2016-02-20T04:00:00Z,2016-02-20T05:00:00+01:00,2016-02-20T05:00:00Z,2016-02-20T06:00:00+01:00,1,01:00:00,1,24:00:00,100.0,2400.0,2016-02-19T05:00:00Z,2016-02-19T06:00:00+01:00,2016-02-20T05:00:00Z,2016-02-20T06:00:00+01:00
13.8625,,,False,2,pm25,µg/m³,,raw,01:00:00,2016-02-20T05:00:00Z,2016-02-20T06:00:00+01:00,2016-02-20T06:00:00Z,2016-02-20T07:00:00+01:00,1,01:00:00,1,24:00:00,100.0,2400.0,2016-02-19T06:00:00Z,2016-02-19T07:00:00+01:00,2016-02-20T06:00:00Z,2016-02-20T07:00:00+01:00
13.2125,,,False,2,pm25,µg/m³,,raw,01:00:00,2016-02-20T06:00:00Z,2016-02-20T07:00:00+01:00,2016-02-20T07:00:00Z,2016-02-20T08:00:00+01:00,1,01:00:00,1,24:00:00,100.0,2400.0,2016-02-19T07:00:00Z,2016-02-19T08:00:00+01:00,2016-02-20T07:00:00Z,2016-02-20T08:00:00+01:00
12.2583333333333,,,False,2,pm25,µg/m³,,raw,01:00:00,2016-02-20T07:00:00Z,2016-02-20T08:00:00+01:00,2016-02-20T08:00:00Z,2016-02-20T09:00:00+01:00,1,01:00:00,1,24:00:00,100.0,2400.0,2016-02-19T08:00:00Z,2016-02-19T09:00:00+01:00,2016-02-20T08:00:00Z,2016-02-20T09:00:00+01:00
11.575,,,False,2,pm25,µg/m³,,raw,01:00:00,2016-02-20T08:00:00Z,2016-02-20T09:00:00+01:00,2016-02-20T09:00:00Z,2016-02-20T10:00:00+01:00,1,01:00:00,1,24:00:00,100.0,2400.0,2016-02-19T09:00:00Z,2016-02-19T10:00:00+01:00,2016-02-20T09:00:00Z,2016-02-20T10:00:00+01:00
10.6208333333333,,,False,2,pm25,µg/m³,,raw,01:00:00,2016-02-20T09:00:00Z,2016-02-20T10:00:00+01:00,2016-02-20T10:00:00Z,2016-02-20T11:00:00+01:00,1,01:00:00,1,24:00:00,100.0,2400.0,2016-02-19T10:00:00Z,2016-02-19T11:00:00+01:00,2016-02-20T10:00:00Z,2016-02-20T11:00:00+01:00
9.8625,,,False,2,pm25,µg/m³,,raw,01:00:00,2016-02-20T10:00:00Z,2016-02-20T11:00:00+01:00,2016-02-20T11:00:00Z,2016-02-20T12:00:00+01:00,1,01:00:00,1,24:00:00,100.0,2400.0,2016-02-19T11:00:00Z,2016-02-19T12:00:00+01:00,2016-02-20T11:00:00Z,2016-02-20T12:00:00+01:00
9.4625,,,False,2,pm25,µg/m³,,raw,01:00:00,2016-02-20T11:00:00Z,2016-02-20T12:00:00+01:00,2016-02-20T12:00:00Z,2016-02-20T13:00:00+01:00,1,01:00:00,1,24:00:00,100.0,2400.0,2016-02-19T12:00:00Z,2016-02-19T13:00:00+01:00,2016-02-20T12:00:00Z,2016-02-20T13:00:00+01:00
9.14166666666667,,,False,2,pm25,µg/m³,,raw,01:00:00,2016-02-20T12:00:00Z,2016-02-20T13:00:00+01:00,2016-02-20T13:00:00Z,2016-02-20T14:00:00+01:00,1,01:00:00,1,24:00:00,100.0,2400.0,2016-02-19T13:00:00Z,2016-02-19T14:00:00+01:00,2016-02-20T13:00:00Z,2016-02-20T14:00:00+01:00
9.00434782608696,,,False,2,pm25,µg/m³,,raw,01:00:00,2016-02-20T13:00:00Z,2016-02-20T14:00:00+01:00,2016-02-20T14:00:00Z,2016-02-20T15:00:00+01:00,1,01:00:00,1,24:00:00,100.0,2400.0,2016-02-19T14:00:00Z,2016-02-19T15:00:00+01:00,2016-02-20T14:00:00Z,2016-02-20T15:00:00+01:00
8.725,,,False,2,pm25,µg/m³,,raw,01:00:00,2016-02-20T14:00:00Z,2016-02-20T15:00:00+01:00,2016-02-20T15:00:00Z,2016-02-20T16:00:00+01:00,1,01:00:00,1,24:00:00,100.0,2400.0,2016-02-19T15:00:00Z,2016-02-19T16:00:00+01:00,2016-02-20T15:00:00Z,2016-02-20T16:00:00+01:00
8.68333333333333,,,False,2,pm25,µg/m³,,raw,01:00:00,2016-02-20T15:00:00Z,2016-02-20T16:00:00+01:00,2016-02-20T16:00:00Z,2016-02-20T17:00:00+01:00,1,01:00:00,1,24:00:00,100.0,2400.0,2016-02-19T16:00:00Z,2016-02-19T17:00:00+01:00,2016-02-20T16:00:00Z,2016-02-20T17:00:00+01:00
8.475,,,False,2,pm25,µg/m³,,raw,01:00:00,2016-02-20T16:00:00Z,2016-02-20T17:00:00+01:00,2016-02-20T17:00:00Z,2016-02-20T18:00:00+01:00,1,01:00:00,1,24:00:00,100.0,2400.0,2016-02-19T17:00:00Z,2016-02-19T18:00:00+01:00,2016-02-20T17:00:00Z,2016-02-20T18:00:00+01:00
8.25416666666667,,,False,2,pm25,µg/m³,,raw,01:00:00,2016-02-20T17:00:00Z,2016-02-20T18:00:00+01:00,2016-02-20T18:00:00Z,2016-02-20T19:00:00+01:00,1,01:00:00,1,24:00:00,100.0,2400.0,2016-02-19T18:00:00Z,2016-02-19T19:00:00+01:00,2016-02-20T18:00:00Z,2016-02-20T19:00:00+01:00
8.17083333333333,,,False,2,pm25,µg/m³,,raw,01:00:00,2016-02-20T18:00:00Z,2016-02-20T19:00:00+01:00,2016-02-20T19:00:00Z,2016-02-20T20:00:00+01:00,1,01:00:00,1,24:00:00,100.0,2400.0,2016-02-19T19:00:00Z,2016-02-19T20:00:00+01:00,2016-02-20T19:00:00Z,2016-02-20T20:00:00+01:00
8.0625,,,False,2,pm25,µg/m³,,raw,01:00:00,2016-02-20T19:00:00Z,2016-02-20T20:00:00+01:00,2016-02-20T20:00:00Z,2016-02-20T21:00:00+01:00,1,01:00:00,1,24:00:00,100.0,2400.0,2016-02-19T20:00:00Z,2016-02-19T21:00:00+01:00,2016-02-20T20:00:00Z,2016-02-20T21:00:00+01:00
7.47083333333333,,,False,2,pm25,µg/m³,,raw,01:00:00,2016-02-20T20:00:00Z,2016-02-20T21:00:00+01:00,2016-02-20T21:00:00Z,2016-02-20T22:00:00+01:00,1,01:00:00,1,24:00:00,100.0,2400.0,2016-02-19T21:00:00Z,2016-02-19T22:00:00+01:00,2016-02-20T21:00:00Z,2016-02-20T22:00:00+01:00
7.29583333333333,,,False,2,pm25,µg/m³,,raw,01:00:00,2016-02-20T21:00:00Z,2016-02-20T22:00:00+01:00,2016-02-20T22:00:00Z,2016-02-20T23:00:00+01:00,1,01:00:00,1,24:00:00,100.0,2400.0,2016-02-19T22:00:00Z,2016-02-19T23:00:00+01:00,2016-02-20T22:00:00Z,2016-02-20T23:00:00+01:00
7.1,,,False,2,pm25,µg/m³,,raw,01:00:00,2016-02-20T22:00:00Z,2016-02-20T23:00:00+01:00,2016-02-20T23:00:00Z,2016-02-21T00:00:00+01:00,1,01:00:00,1,24:00:00,100.0,2400.0,2016-02-19T23:00:00Z,2016-02-20T00:00:00+01:00,2016-02-20T23:00:00Z,2016-02-21T00:00:00+01:00
6.8375,,,False,2,pm25,µg/m³,,raw,01:00:00,2016-02-20T23:00:00Z,2016-02-21T00:00:00+01:00,2016-02-21T00:00:00Z,2016-02-21T01:00:00+01:00,1,01:00:00,1,24:00:00,100.0,2400.0,2016-02-20T00:00:00Z,2016-02-20T01:00:00+01:00,2016-02-21T00:00:00Z,2016-02-21T01:00:00+01:00
6.46666666666667,,,False,2,pm25,µg/m³,,raw,01:00:00,2016-02-21T00:00:00Z,2016-02-21T01:00:00+01:00,2016-02-21T01:00:00Z,2016-02-21T02:00:00+01:00,1,01:00:00,1,24:00:00,100.0,2400.0,2016-02-20T01:00:00Z,2016-02-20T02:00:00+01:00,2016-02-21T01:00:00Z,2016-02-21T02:00:00+01:00
6.04166666666667,,,False,2,pm25,µg/m³,,raw,01:00:00,2016-02-21T01:00:00Z,2016-02-21T02:00:00+01:00,2016-02-21T02:00:00Z,2016-02-21T03:00:00+01:00,1,01:00:00,1,24:00:00,100.0,2400.0,2016-02-20T02:00:00Z,2016-02-20T03:00:00+01:00,2016-02-21T02:00:00Z,2016-02-21T03:00:00+01:00
5.67083333333333,,,False,2,pm25,µg/m³,,raw,01:00:00,2016-02-21T02:00:00Z,2016-02-21T03:00:00+01:00,2016-02-21T03:00:00Z,2016-02-21T04:00:00+01:00,1,01:00:00,1,24:00:00,100.0,2400.0,2016-02-20T03:00:00Z,2016-02-20T04:00:00+01:00,2016-02-21T03:00:00Z,2016-02-21T04:00:00+01:00
5.34583333333333,,,False,2,pm25,µg/m³,,raw,01:00:00,2016-02-21T03:00:00Z,2016-02-21T04:00:00+01:00,2016-02-21T04:00:00Z,2016-02-21T05:00:00+01:00,1,01:00:00,1,24:00:00,100.0,2400.0,2016-02-20T04:00:00Z,2016-02-20T05:00:00+01:00,2016-02-21T04:00:00Z,2016-02-21T05:00:00+01:00
5.10869565217391,,,False,2,pm25,µg/m³,,raw,01:00:00,2016-02-21T04:00:00Z,2016-02-21T05:00:00+01:00,2016-02-21T05:00:00Z,2016-02-21T06:00:00+01:00,1,01:00:00,1,24:00:00,100.0,2400.0,2016-02-20T05:00:00Z,2016-02-20T06:00:00+01:00,2016-02-21T05:00:00Z,2016-02-21T06:00:00+01:00
4.60416666666667,,,False,2,pm25,µg/m³,,raw,01:00:00,2016-02-21T05:00:00Z,2016-02-21T06:00:00+01:00,2016-02-21T06:00:00Z,2016-02-21T07:00:00+01:00,1,01:00:00,1,24:00:00,100.0,2400.0,2016-02-20T06:00:00Z,2016-02-20T07:00:00+01:00,2016-02-21T06:00:00Z,2016-02-21T07:00:00+01:00
4.3,,,False,2,pm25,µg/m³,,raw,01:00:00,2016-02-21T06:00:00Z,2016-02-21T07:00:00+01:00,2016-02-21T07:00:00Z,2016-02-21T08:00:00+01:00,1,01:00:00,1,24:00:00,100.0,2400.0,2016-02-20T07:00:00Z,2016-02-20T08:00:00+01:00,2016-02-21T07:00:00Z,2016-02-21T08:00:00+01:00
4.21666666666667,,,False,2,pm25,µg/m³,,raw,01:00:00,2016-02-21T07:00:00Z,2016-02-21T08:00:00+01:00,2016-02-21T08:00:00Z,2016-02-21T09:00:00+01:00,1,01:00:00,1,24:00:00,100.0,2400.0,2016-02-20T08:00:00Z,2016-02-20T09:00:00+01:00,2016-02-21T08:00:00Z,2016-02-21T09:00:00+01:00
4.20416666666667,,,False,2,pm25,µg/m³,,raw,01:00:00,2016-02-21T08:00:00Z,2016-02-21T09:00:00+01:00,2016-02-21T09:00:00Z,2016-02-21T10:00:00+01:00,1,01:00:00,1,24:00:00,100.0,2400.0,2016-02-20T09:00:00Z,2016-02-20T10:00:00+01:00,2016-02-21T09:00:00Z,2016-02-21T10:00:00+01:00
4.0375,,,False,2,pm25,µg/m³,,raw,01:00:00,2016-02-21T09:00:00Z,2016-02-21T10:00:00+01:00,2016-02-21T10:00:00Z,2016-02-21T11:00:00+01:00,1,01:00:00,1,24:00:00,100.0,2400.0,2016-02-20T10:00:00Z,2016-02-20T11:00:00+01:00,2016-02-21T10:00:00Z,2016-02-21T11:00:00+01:00
3.89583333333333,,,False,2,pm25,µg/m³,,raw,01:00:00,2016-02-21T10:00:00Z,2016-02-21T11:00:00+01:00,2016-02-21T11:00:00Z,2016-02-21T12:00:00+01:00,1,01:00:00,1,24:00:00,100.0,2400.0,2016-02-20T11:00:00Z,2016-02-20T12:00:00+01:00,2016-02-21T11:00:00Z,2016-02-21T12:00:00+01:00
3.93333333333333,,,False,2,pm25,µg/m³,,raw,01:00:00,2016-02-21T11:00:00Z,2016-02-21T12:00:00+01:00,2016-02-21T12:00:00Z,2016-02-21T13:00:00+01:00,1,01:00:00,1,24:00:00,100.0,2400.0,2016-02-20T12:00:00Z,2016-02-20T13:00:00+01:00,2016-02-21T12:00:00Z,2016-02-21T13:00:00+01:00
4.0,,,False,2,pm25,µg/m³,,raw,01:00:00,2016-02-21T12:00:00Z,2016-02-21T13:00:00+01:00,2016-02-21T13:00:00Z,2016-02-21T14:00:00+01:00,1,01:00:00,1,24:00:00,100.0,2400.0,2016-02-20T13:00:00Z,2016-02-20T14:00:00+01:00,2016-02-21T13:00:00Z,2016-02-21T14:00:00+01:00
3.99583333333333,,,False,2,pm25,µg/m³,,raw,01:00:00,2016-02-21T13:00:00Z,2016-02-21T14:00:00+01:00,2016-02-21T14:00:00Z,2016-02-21T15:00:00+01:00,1,01:00:00,1,24:00:00,100.0,2400.0,2016-02-20T14:00:00Z,2016-02-20T15:00:00+01:00,2016-02-21T14:00:00Z,2016-02-21T15:00:00+01:00
3.94583333333333,,,False,2,pm25,µg/m³,,raw,01:00:00,2016-02-21T14:00:00Z,2016-02-21T15:00:00+01:00,2016-02-21T15:00:00Z,2016-02-21T16:00:00+01:00,1,01:00:00,1,24:00:00,100.0,2400.0,2016-02-20T15:00:00Z,2016-02-20T16:00:00+01:00,2016-02-21T15:00:00Z,2016-02-21T16:00:00+01:00
3.84583333333333,,,False,2,pm25,µg/m³,,raw,01:00:00,2016-02-21T15:00:00Z,2016-02-21T16:00:00+01:00,2016-02-21T16:00:00Z,2016-02-21T17:00:00+01:00,1,01:00:00,1,24:00:00,100.0,2400.0,2016-02-20T16:00:00Z,2016-02-20T17:00:00+01:00,2016-02-21T16:00:00Z,2016-02-21T17:00:00+01:00
3.93333333333333,,,False,2,pm25,µg/m³,,raw,01:00:00,2016-02-21T16:00:00Z,2016-02-21T17:00:00+01:00,2016-02-21T17:00:00Z,2016-02-21T18:00:00+01:00,1,01:00:00,1,24:00:00,100.0,2400.0,2016-02-20T17:00:00Z,2016-02-20T18:00:00+01:00,2016-02-21T17:00:00Z,2016-02-21T18:00:00+01:00
3.9125,,,False,2,pm25,µg/m³,,raw,01:00:00,2016-02-21T17:00:00Z,2016-02-21T18:00:00+01:00,2016-02-21T18:00:00Z,2016-02-21T19:00:00+01:00,1,01:00:00,1,24:00:00,100.0,2400.0,2016-02-20T18:00:00Z,2016-02-20T19:00:00+01:00,2016-02-21T18:00:00Z,2016-02-21T19:00:00+01:00
3.79583333333333,,,False,2,pm25,µg/m³,,raw,01:00:00,2016-02-21T18:00:00Z,2016-02-21T19:00:00+01:00,2016-02-21T19:00:00Z,2016-02-21T20:00:00+01:00,1,01:00:00,1,24:00:00,100.0,2400.0,2016-02-20T19:00:00Z,2016-02-20T20:00:00+01:00,2016-02-21T19:00:00Z,2016-02-21T20:00:00+01:00
3.74782608695652,,,False,2,pm25,µg/m³,,raw,01:00:00,2016-02-21T19:00:00Z,2016-02-21T20:00:00+01:00,2016-02-21T20:00:00Z,2016-02-21T21:00:00+01:00,1,01:00:00,1,24:00:00,100.0,2400.0,2016-02-20T20:00:00Z,2016-02-20T21:00:00+01:00,2016-02-21T20:00:00Z,2016-02-21T21:00:00+01:00
3.5375,,,False,2,pm25,µg/m³,,raw,01:00:00,2016-02-21T20:00:00Z,2016-02-21T21:00:00+01:00,2016-02-21T21:00:00Z,2016-02-21T22:00:00+01:00,1,01:00:00,1,24:00:00,100.0,2400.0,2016-02-20T21:00:00Z,2016-02-20T22:00:00+01:00,2016-02-21T21:00:00Z,2016-02-21T22:00:00+01:00
3.39166666666667,,,False,2,pm25,µg/m³,,raw,01:00:00,2016-02-21T21:00:00Z,2016-02-21T22:00:00+01:00,2016-02-21T22:00:00Z,2016-02-21T23:00:00+01:00,1,01:00:00,1,24:00:00,100.0,2400.0,2016-02-20T22:00:00Z,2016-02-20T23:00:00+01:00,2016-02-21T22:00:00Z,2016-02-21T23:00:00+01:00
3.22173913043478,,,False,2,pm25,µg/m³,,raw,01:00:00,2016-02-21T22:00:00Z,2016-02-21T23:00:00+01:00,2016-02-21T23:00:00Z,2016-02-22T00:00:00+01:00,1,01:00:00,1,24:00:00,100.0,2400.0,2016-02-20T23:00:00Z,2016-02-21T00:00:00+01:00,2016-02-21T23:00:00Z,2016-02-22T00:00:00+01:00
3.12727272727273,,,False,2,pm25,µg/m³,,raw,01:00:00,2016-02-21T23:00:00Z,2016-02-22T00:00:00+01:00,2016-02-22T00:00:00Z,2016-02-22T01:00:00+01:00,1,01:00:00,1,24:00:00,100.0,2400.0,2016-02-21T00:00:00Z,2016-02-21T01:00:00+01:00,2016-02-22T00:00:00Z,2016-02-22T01:00:00+01:00
3.80833333333333,,,False,2,pm25,µg/m³,,raw,01:00:00,2016-02-22T00:00:00Z,2016-02-22T01:00:00+01:00,2016-02-22T01:00:00Z,2016-02-22T02:00:00+01:00,1,01:00:00,1,24:00:00,100.0,2400.0,2016-02-21T01:00:00Z,2016-02-21T02:00:00+01:00,2016-02-22T01:00:00Z,2016-02-22T02:00:00+01:00
4.26666666666667,,,False,2,pm25,µg/m³,,raw,01:00:00,2016-02-22T01:00:00Z,2016-02-22T02:00:00+01:00,2016-02-22T02:00:00Z,2016-02-22T03:00:00+01:00,1,01:00:00,1,24:00:00,100.0,2400.0,2016-02-21T02:00:00Z,2016-02-21T03:00:00+01:00,2016-02-22T02:00:00Z,2016-02-22T03:00:00+01:00
4.69166666666667,,,False,2,pm25,µg/m³,,raw,01:00:00,2016-02-22T02:00:00Z,2016-02-22T03:00:00+01:00,2016-02-22T03:00:00Z,2016-02-22T04:00:00+01:00,1,01:00:00,1,24:00:00,100.0,2400.0,2016-02-21T03:00:00Z,2016-02-21T04:00:00+01:00,2016-02-22T03:00:00Z,2016-02-22T04:00:00+01:00
4.96666666666667,,,False,2,pm25,µg/m³,,raw,01:00:00,2016-02-22T03:00:00Z,2016-02-22T04:00:00+01:00,2016-02-22T04:00:00Z,2016-02-22T05:00:00+01:00,1,01:00:00,1,24:00:00,100.0,2400.0,2016-02-21T04:00:00Z,2016-02-21T05:00:00+01:00,2016-02-22T04:00:00Z,2016-02-22T05:00:00+01:00
5.10416666666667,,,False,2,pm25,µg/m³,,raw,01:00:00,2016-02-22T04:00:00Z,2016-02-22T05:00:00+01:00,2016-02-22T05:00:00Z,2016-02-22T06:00:00+01:00,1,01:00:00,1,24:00:00,100.0,2400.0,2016-02-21T05:00:00Z,2016-02-21T06:00:00+01:00,2016-02-22T05:00:00Z,2016-02-22T06:00:00+01:00
5.125,,,False,2,pm25,µg/m³,,raw,01:00:00,2016-02-22T05:00:00Z,2016-02-22T06:00:00+01:00,2016-02-22T06:00:00Z,2016-02-22T07:00:00+01:00,1,01:00:00,1,24:00:00,100.0,2400.0,2016-02-21T06:00:00Z,2016-02-21T07:00:00+01:00,2016-02-22T06:00:00Z,2016-02-22T07:00:00+01:00
5.25416666666667,,,False,2,pm25,µg/m³,,raw,01:00:00,2016-02-22T06:00:00Z,2016-02-22T07:00:00+01:00,2016-02-22T07:00:00Z,2016-02-22T08:00:00+01:00,1,01:00:00,1,24:00:00,100.0,2400.0,2016-02-21T07:00:00Z,2016-02-21T08:00:00+01:00,2016-02-22T07:00:00Z,2016-02-22T08:00:00+01:00
5.37916666666667,,,False,2,pm25,µg/m³,,raw,01:00:00,2016-02-22T07:00:00Z,2016-02-22T08:00:00+01:00,2016-02-22T08:00:00Z,2016-02-22T09:00:00+01:00,1,01:00:00,1,24:00:00,100.0,2400.0,2016-02-21T08:00:00Z,2016-02-21T09:00:00+01:00,2016-02-22T08:00:00Z,2016-02-22T09:00:00+01:00
5.725,,,False,2,pm25,µg/m³,,raw,01:00:00,2016-02-22T11:00:00Z,2016-02-22T12:00:00+01:00,2016-02-22T12:00:00Z,2016-02-22T13:00:00+01:00,1,01:00:00,1,24:00:00,100.0,2400.0,2016-02-21T12:00:00Z,2016-02-21T13:00:00+01:00,2016-02-22T12:00:00Z,2016-02-22T13:00:00+01:00
5.66521739130435,,,False,2,pm25,µg/m³,,raw,01:00:00,2016-02-22T12:00:00Z,2016-02-22T13:00:00+01:00,2016-02-22T13:00:00Z,2016-02-22T14:00:00+01:00,1,01:00:00,1,24:00:00,100.0,2400.0,2016-02-21T13:00:00Z,2016-02-21T14:00:00+01:00,2016-02-22T13:00:00Z,2016-02-22T14:00:00+01:00
5.69565217391304,,,False,2,pm25,µg/m³,,raw,01:00:00,2016-02-22T13:00:00Z,2016-02-22T14:00:00+01:00,2016-02-22T14:00:00Z,2016-02-22T15:00:00+01:00,1,01:00:00,1,24:00:00,100.0,2400.0,2016-02-21T14:00:00Z,2016-02-21T15:00:00+01:00,2016-02-22T14:00:00Z,2016-02-22T15:00:00+01:00
5.68695652173913,,,False,2,pm25,µg/m³,,raw,01:00:00,2016-02-22T14:00:00Z,2016-02-22T15:00:00+01:00,2016-02-22T15:00:00Z,2016-02-22T16:00:00+01:00,1,01:00:00,1,24:00:00,100.0,2400.0,2016-02-21T15:00:00Z,2016-02-21T16:00:00+01:00,2016-02-22T15:00:00Z,2016-02-22T16:00:00+01:00
6.075,,,False,2,pm25,µg/m³,,raw,01:00:00,2016-02-22T15:00:00Z,2016-02-22T16:00:00+01:00,2016-02-22T16:00:00Z,2016-02-22T17:00:00+01:00,1,01:00:00,1,24:00:00,100.0,2400.0,2016-02-21T16:00:00Z,2016-02-21T17:00:00+01:00,2016-02-22T16:00:00Z,2016-02-22T17:00:00+01:00
6.21666666666667,,,False,2,pm25,µg/m³,,raw,01:00:00,2016-02-22T16:00:00Z,2016-02-22T17:00:00+01:00,2016-02-22T17:00:00Z,2016-02-22T18:00:00+01:00,1,01:00:00,1,24:00:00,100.0,2400.0,2016-02-21T17:00:00Z,2016-02-21T18:00:00+01:00,2016-02-22T17:00:00Z,2016-02-22T18:00:00+01:00
6.29565217391304,,,False,2,pm25,µg/m³,,raw,01:00:00,2016-02-22T17:00:00Z,2016-02-22T18:00:00+01:00,2016-02-22T18:00:00Z,2016-02-22T19:00:00+01:00,1,01:00:00,1,24:00:00,100.0,2400.0,2016-02-21T18:00:00Z,2016-02-21T19:00:00+01:00,2016-02-22T18:00:00Z,2016-02-22T19:00:00+01:00
6.7875,,,False,2,pm25,µg/m³,,raw,01:00:00,2016-02-22T18:00:00Z,2016-02-22T19:00:00+01:00,2016-02-22T19:00:00Z,2016-02-22T20:00:00+01:00,1,01:00:00,1,24:00:00,100.0,2400.0,2016-02-21T19:00:00Z,2016-02-21T20:00:00+01:00,2016-02-22T19:00:00Z,2016-02-22T20:00:00+01:00
7.0,,,False,2,pm25,µg/m³,,raw,01:00:00,2016-02-22T19:00:00Z,2016-02-22T20:00:00+01:00,2016-02-22T20:00:00Z,2016-02-22T21:00:00+01:00,1,01:00:00,1,24:00:00,100.0,2400.0,2016-02-21T20:00:00Z,2016-02-21T21:00:00+01:00,2016-02-22T20:00:00Z,2016-02-22T21:00:00+01:00
7.24166666666667,,,False,2,pm25,µg/m³,,raw,01:00:00,2016-02-22T20:00:00Z,2016-02-22T21:00:00+01:00,2016-02-22T21:00:00Z,2016-02-22T22:00:00+01:00,1,01:00:00,1,24:00:00,100.0,2400.0,2016-02-21T21:00:00Z,2016-02-21T22:00:00+01:00,2016-02-22T21:00:00Z,2016-02-22T22:00:00+01:00
7.39583333333333,,,False,2,pm25,µg/m³,,raw,01:00:00,2016-02-22T21:00:00Z,2016-02-22T22:00:00+01:00,2016-02-22T22:00:00Z,2016-02-22T23:00:00+01:00,1,01:00:00,1,24:00:00,100.0,2400.0,2016-02-21T22:00:00Z,2016-02-21T23:00:00+01:00,2016-02-22T22:00:00Z,2016-02-22T23:00:00+01:00
7.34782608695652,,,False,2,pm25,µg/m³,,raw,01:00:00,2016-02-22T22:00:00Z,2016-02-22T23:00:00+01:00,2016-02-22T23:00:00Z,2016-02-23T00:00:00+01:00,1,01:00:00,1,24:00:00,100.0,2400.0,2016-02-21T23:00:00Z,2016-02-22T00:00:00+01:00,2016-02-22T23:00:00Z,2016-02-23T00:00:00+01:00
7.27916666666667,,,False,2,pm25,µg/m³,,raw,01:00:00,2016-02-22T23:00:00Z,2016-02-23T00:00:00+01:00,2016-02-23T00:00:00Z,2016-02-23T01:00:00+01:00,1,01:00:00,1,24:00:00,100.0,2400.0,2016-02-22T00:00:00Z,2016-02-22T01:00:00+01:00,2016-02-23T00:00:00Z,2016-02-23T01:00:00+01:00
7.01666666666667,,,False,2,pm25,µg/m³,,raw,01:00:00,2016-02-23T00:00:00Z,2016-02-23T01:00:00+01:00,2016-02-23T01:00:00Z,2016-02-23T02:00:00+01:00,1,01:00:00,1,24:00:00,100.0,2400.0,2016-02-22T01:00:00Z,2016-02-22T02:00:00+01:00,2016-02-23T01:00:00Z,2016-02-23T02:00:00+01:00
6.8304347826087,,,False,2,pm25,µg/m³,,raw,01:00:00,2016-02-23T01:00:00Z,2016-02-23T02:00:00+01:00,2016-02-23T02:00:00Z,2016-02-23T03:00:00+01:00,1,01:00:00,1,24:00:00,100.0,2400.0,2016-02-22T02:00:00Z,2016-02-22T03:00:00+01:00,2016-02-23T02:00:00Z,2016-02-23T03:00:00+01:00
6.10833333333333,,,False,2,pm25,µg/m³,,raw,01:00:00,2016-02-23T02:00:00Z,2016-02-23T03:00:00+01:00,2016-02-23T03:00:00Z,2016-02-23T04:00:00+01:00,1,01:00:00,1,24:00:00,100.0,2400.0,2016-02-22T03:00:00Z,2016-02-22T04:00:00+01:00,2016-02-23T03:00:00Z,2016-02-23T04:00:00+01:00
5.74583333333333,,,False,2,pm25,µg/m³,,raw,01:00:00,2016-02-23T03:00:00Z,2016-02-23T04:00:00+01:00,2016-02-23T04:00:00Z,2016-02-23T05:00:00+01:00,1,01:00:00,1,24:00:00,100.0,2400.0,2016-02-22T04:00:00Z,2016-02-22T05:00:00+01:00,2016-02-23T04:00:00Z,2016-02-23T05:00:00+01:00
5.75,,,False,2,pm25,µg/m³,,raw,01:00:00,2016-02-23T04:00:00Z,2016-02-23T05:00:00+01:00,2016-02-23T05:00:00Z,2016-02-23T06:00:00+01:00,1,01:00:00,1,24:00:00,100.0,2400.0,2016-02-22T05:00:00Z,2016-02-22T06:00:00+01:00,2016-02-23T05:00:00Z,2016-02-23T06:00:00+01:00
5.9875,,,False,2,pm25,µg/m³,,raw,01:00:00,2016-02-23T05:00:00Z,2016-02-23T06:00:00+01:00,2016-02-23T06:00:00Z,2016-02-23T07:00:00+01:00,1,01:00:00,1,24:00:00,100.0,2400.0,2016-02-22T06:00:00Z,2016-02-22T07:00:00+01:00,2016-02-23T06:00:00Z,2016-02-23T07:00:00+01:00
6.18333333333333,,,False,2,pm25,µg/m³,,raw,01:00:00,2016-02-23T06:00:00Z,2016-02-23T07:00:00+01:00,2016-02-23T07:00:00Z,2016-02-23T08:00:00+01:00,1,01:00:00,1,24:00:00,100.0,2400.0,2016-02-22T07:00:00Z,2016-02-22T08:00:00+01:00,2016-02-23T07:00:00Z,2016-02-23T08:00:00+01:00
6.40833333333333,,,False,2,pm25,µg/m³,,raw,01:00:00,2016-02-23T07:00:00Z,2016-02-23T08:00:00+01:00,2016-02-23T08:00:00Z,2016-02-23T09:00:00+01:00,1,01:00:00,1,24:00:00,100.0,2400.0,2016-02-22T08:00:00Z,2016-02-22T09:00:00+01:00,2016-02-23T08:00:00Z,2016-02-23T09:00:00+01:00
6.73333333333333,,,False,2,pm25,µg/m³,,raw,01:00:00,2016-02-23T08:00:00Z,2016-02-23T09:00:00+01:00,2016-02-23T09:00:00Z,2016-02-23T10:00:00+01:00,1,01:00:00,1,24:00:00,100.0,2400.0,2016-02-22T09:00:00Z,2016-02-22T10:00:00+01:00,2016-02-23T09:00:00Z,2016-02-23T10:00:00+01:00
6.975,,,False,2,pm25,µg/m³,,raw,01:00:00,2016-02-23T09:00:00Z,2016-02-23T10:00:00+01:00,2016-02-23T10:00:00Z,2016-02-23T11:00:00+01:00,1,01:00:00,1,24:00:00,100.0,2400.0,2016-02-22T10:00:00Z,2016-02-22T11:00:00+01:00,2016-02-23T10:00:00Z,2016-02-23T11:00:00+01:00
7.2125,,,False,2,pm25,µg/m³,,raw,01:00:00,2016-02-23T10:00:00Z,2016-02-23T11:00:00+01:00,2016-02-23T11:00:00Z,2016-02-23T12:00:00+01:00,1,01:00:00,1,24:00:00,100.0,2400.0,2016-02-22T11:00:00Z,2016-02-22T12:00:00+01:00,2016-02-23T11:00:00Z,2016-02-23T12:00:00+01:00
7.3875,,,False,2,pm25,µg/m³,,raw,01:00:00,2016-02-23T11:00:00Z,2016-02-23T12:00:00+01:00,2016-02-23T12:00:00Z,2016-02-23T13:00:00+01:00,1,01:00:00,1,24:00:00,100.0,2400.0,2016-02-22T12:00:00Z,2016-02-22T13:00:00+01:00,2016-02-23T12:00:00Z,2016-02-23T13:00:00+01:00
7.35833333333333,,,False,2,pm25,µg/m³,,raw,01:00:00,2016-02-23T12:00:00Z,2016-02-23T13:00:00+01:00,2016-02-23T13:00:00Z,2016-02-23T14:00:00+01:00,1,01:00:00,1,24:00:00,100.0,2400.0,2016-02-22T13:00:00Z,2016-02-22T14:00:00+01:00,2016-02-23T13:00:00Z,2016-02-23T14:00:00+01:00
7.42916666666667,,,False,2,pm25,µg/m³,,raw,01:00:00,2016-02-23T13:00:00Z,2016-02-23T14:00:00+01:00,2016-02-23T14:00:00Z,2016-02-23T15:00:00+01:00,1,01:00:00,1,24:00:00,100.0,2400.0,2016-02-22T14:00:00Z,2016-02-22T15:00:00+01:00,2016-02-23T14:00:00Z,2016-02-23T15:00:00+01:00
7.49166666666667,,,False,2,pm25,µg/m³,,raw,01:00:00,2016-02-23T14:00:00Z,2016-02-23T15:00:00+01:00,2016-02-23T15:00:00Z,2016-02-23T16:00:00+01:00,1,01:00:00,1,24:00:00,100.0,2400.0,2016-02-22T15:00:00Z,2016-02-22T16:00:00+01:00,2016-02-23T15:00:00Z,2016-02-23T16:00:00+01:00
7.40416666666667,,,False,2,pm25,µg/m³,,raw,01:00:00,2016-02-23T15:00:00Z,2016-02-23T16:00:00+01:00,2016-02-23T16:00:00Z,2016-02-23T17:00:00+01:00,1,01:00:00,1,24:00:00,100.0,2400.0,2016-02-22T16:00:00Z,2016-02-22T17:00:00+01:00,2016-02-23T16:00:00Z,2016-02-23T17:00:00+01:00
7.33913043478261,,,False,2,pm25,µg/m³,,raw,01:00:00,2016-02-23T16:00:00Z,2016-02-23T17:00:00+01:00,2016-02-23T17:00:00Z,2016-02-23T18:00:00+01:00,1,01:00:00,1,24:00:00,100.0,2400.0,2016-02-22T17:00:00Z,2016-02-22T18:00:00+01:00,2016-02-23T17:00:00Z,2016-02-23T18:00:00+01:00
6.7875,,,False,2,pm25,µg/m³,,raw,01:00:00,2016-02-23T17:00:00Z,2016-02-23T18:00:00+01:00,2016-02-23T18:00:00Z,2016-02-23T19:00:00+01:00,1,01:00:00,1,24:00:00,100.0,2400.0,2016-02-22T18:00:00Z,2016-02-22T19:00:00+01:00,2016-02-23T18:00:00Z,2016-02-23T19:00:00+01:00
6.4625,,,False,2,pm25,µg/m³,,raw,01:00:00,2016-02-23T18:00:00Z,2016-02-23T19:00:00+01:00,2016-02-23T19:00:00Z,2016-02-23T20:00:00+01:00,1,01:00:00,1,24:00:00,100.0,2400.0,2016-02-22T19:00:00Z,2016-02-22T20:00:00+01:00,2016-02-23T19:00:00Z,2016-02-23T20:00:00+01:00
6.4125,,,False,2,pm25,µg/m³,,raw,01:00:00,2016-02-23T19:00:00Z,2016-02-23T20:00:00+01:00,2016-02-23T20:00:00Z,2016-02-23T21:00:00+01:00,1,01:00:00,1,24:00:00,100.0,2400.0,2016-02-22T20:00:00Z,2016-02-22T21:00:00+01:00,2016-02-23T20:00:00Z,2016-02-23T21:00:00+01:00
6.43333333333333,,,False,2,pm25,µg/m³,,raw,01:00:00,2016-02-23T20:00:00Z,2016-02-23T21:00:00+01:00,2016-02-23T21:00:00Z,2016-02-23T22:00:00+01:00,1,01:00:00,1,24:00:00,100.0,2400.0,2016-02-22T21:00:00Z,2016-02-22T22:00:00+01:00,2016-02-23T21:00:00Z,2016-02-23T22:00:00+01:00
6.525,,,False,2,pm25,µg/m³,,raw,01:00:00,2016-02-23T21:00:00Z,2016-02-23T22:00:00+01:00,2016-02-23T22:00:00Z,2016-02-23T23:00:00+01:00,1,01:00:00,1,24:00:00,100.0,2400.0,2016-02-22T22:00:00Z,2016-02-22T23:00:00+01:00,2016-02-23T22:00:00Z,2016-02-23T23:00:00+01:00
6.47391304347826,,,False,2,pm25,µg/m³,,raw,01:00:00,2016-02-23T22:00:00Z,2016-02-23T23:00:00+01:00,2016-02-23T23:00:00Z,2016-02-24T00:00:00+01:00,1,01:00:00,1,24:00:00,100.0,2400.0,2016-02-22T23:00:00Z,2016-02-23T00:00:00+01:00,2016-02-23T23:00:00Z,2016-02-24T00:00:00+01:00
6.82916666666667,,,False,2,pm25,µg/m³,,raw,01:00:00,2016-02-23T23:00:00Z,2016-02-24T00:00:00+01:00,2016-02-24T00:00:00Z,2016-02-24T01:00:00+01:00,1,01:00:00,1,24:00:00,100.0,2400.0,2016-02-23T00:00:00Z,2016-02-23T01:00:00+01:00,2016-02-24T00:00:00Z,2016-02-24T01:00:00+01:00
7.08333333333333,,,False,2,pm25,µg/m³,,raw,01:00:00,2016-02-24T00:00:00Z,2016-02-24T01:00:00+01:00,2016-02-24T01:00:00Z,2016-02-24T02:00:00+01:00,1,01:00:00,1,24:00:00,100.0,2400.0,2016-02-23T01:00:00Z,2016-02-23T02:00:00+01:00,2016-02-24T01:00:00Z,2016-02-24T02:00:00+01:00
7.37916666666667,,,False,2,pm25,µg/m³,,raw,01:00:00,2016-02-24T01:00:00Z,2016-02-24T02:00:00+01:00,2016-02-24T02:00:00Z,2016-02-24T03:00:00+01:00,1,01:00:00,1,24:00:00,100.0,2400.0,2016-02-23T02:00:00Z,2016-02-23T03:00:00+01:00,2016-02-24T02:00:00Z,2016-02-24T03:00:00+01:00
7.77916666666667,,,False,2,pm25,µg/m³,,raw,01:00:00,2016-02-24T02:00:00Z,2016-02-24T03:00:00+01:00,2016-02-24T03:00:00Z,2016-02-24T04:00:00+01:00,1,01:00:00,1,24:00:00,100.0,2400.0,2016-02-23T03:00:00Z,2016-02-23T04:00:00+01:00,2016-02-24T03:00:00Z,2016-02-24T04:00:00+01:00
8.06666666666667,,,False,2,pm25,µg/m³,,raw,01:00:00,2016-02-24T03:00:00Z,2016-02-24T04:00:00+01:00,2016-02-24T04:00:00Z,2016-02-24T05:00:00+01:00,1,01:00:00,1,24:00:00,100.0,2400.0,2016-02-23T04:00:00Z,2016-02-23T05:00:00+01:00,2016-02-24T04:00:00Z,2016-02-24T05:00:00+01:00
8.14166666666667,,,False,2,pm25,µg/m³,,raw,01:00:00,2016-02-24T04:00:00Z,2016-02-24T05:00:00+01:00,2016-02-24T05:00:00Z,2016-02-24T06:00:00+01:00,1,01:00:00,1,24:00:00,100.0,2400.0,2016-02-23T05:00:00Z,2016-02-23T06:00:00+01:00,2016-02-24T05:00:00Z,2016-02-24T06:00:00+01:00
8.24166666666667,,,False,2,pm25,µg/m³,,raw,01:00:00,2016-02-24T05:00:00Z,2016-02-24T06:00:00+01:00,2016-02-24T06:00:00Z,2016-02-24T07:00:00+01:00,1,01:00:00,1,24:00:00,100.0,2400.0,2016-02-23T06:00:00Z,2016-02-23T07:00:00+01:00,2016-02-24T06:00:00Z,2016-02-24T07:00:00+01:00
8.3875,,,False,2,pm25,µg/m³,,raw,01:00:00,2016-02-24T06:00:00Z,2016-02-24T07:00:00+01:00,2016-02-24T07:00:00Z,2016-02-24T08:00:00+01:00,1,01:00:00,1,24:00:00,100.0,2400.0,2016-02-23T07:00:00Z,2016-02-23T08:00:00+01:00,2016-02-24T07:00:00Z,2016-02-24T08:00:00+01:00
8.27826086956522,,,False,2,pm25,µg/m³,,raw,01:00:00,2016-02-24T07:00:00Z,2016-02-24T08:00:00+01:00,2016-02-24T08:00:00Z,2016-02-24T09:00:00+01:00,1,01:00:00,1,24:00:00,100.0,2400.0,2016-02-23T08:00:00Z,2016-02-23T09:00:00+01:00,2016-02-24T08:00:00Z,2016-02-24T09:00:00+01:00
8.36666666666667,,,False,2,pm25,µg/m³,,raw,01:00:00,2016-02-24T08:00:00Z,2016-02-24T09:00:00+01:00,2016-02-24T09:00:00Z,2016-02-24T10:00:00+01:00,1,01:00:00,1,24:00:00,100.0,2400.0,2016-02-23T09:00:00Z,2016-02-23T10:00:00+01:00,2016-02-24T09:00:00Z,2016-02-24T10:00:00+01:00
8.425,,,False,2,pm25,µg/m³,,raw,01:00:00,2016-02-24T09:00:00Z,2016-02-24T10:00:00+01:00,2016-02-24T10:00:00Z,2016-02-24T11:00:00+01:00,1,01:00:00,1,24:00:00,100.0,2400.0,2016-02-23T10:00:00Z,2016-02-23T11:00:00+01:00,2016-02-24T10:00:00Z,2016-02-24T11:00:00+01:00
8.67916666666667,,,False,2,pm25,µg/m³,,raw,01:00:00,2016-02-24T10:00:00Z,2016-02-24T11:00:00+01:00,2016-02-24T11:00:00Z,2016-02-24T12:00:00+01:00,1,01:00:00,1,24:00:00,100.0,2400.0,2016-02-23T11:00:00Z,2016-02-23T12:00:00+01:00,2016-02-24T11:00:00Z,2016-02-24T12:00:00+01:00
8.77916666666667,,,False,2,pm25,µg/m³,,raw,01:00:00,2016-02-24T11:00:00Z,2016-02-24T12:00:00+01:00,2016-02-24T12:00:00Z,2016-02-24T13:00:00+01:00,1,01:00:00,1,24:00:00,100.0,2400.0,2016-02-23T12:00:00Z,2016-02-23T13:00:00+01:00,2016-02-24T12:00:00Z,2016-02-24T13:00:00+01:00
9.0875,,,False,2,pm25,µg/m³,,raw,01:00:00,2016-02-24T12:00:00Z,2016-02-24T13:00:00+01:00,2016-02-24T13:00:00Z,2016-02-24T14:00:00+01:00,1,01:00:00,1,24:00:00,100.0,2400.0,2016-02-23T13:00:00Z,2016-02-23T14:00:00+01:00,2016-02-24T13:00:00Z,2016-02-24T14:00:00+01:00
9.175,,,False,2,pm25,µg/m³,,raw,01:00:00,2016-02-24T13:00:00Z,2016-02-24T14:00:00+01:00,2016-02-24T14:00:00Z,2016-02-24T15:00:00+01:00,1,01:00:00,1,24:00:00,100.0,2400.0,2016-02-23T14:00:00Z,2016-02-23T15:00:00+01:00,2016-02-24T14:00:00Z,2016-02-24T15:00:00+01:00
9.00416666666667,,,False,2,pm25,µg/m³,,raw,01:00:00,2016-02-24T14:00:00Z,2016-02-24T15:00:00+01:00,2016-02-24T15:00:00Z,2016-02-24T16:00:00+01:00,1,01:00:00,1,24:00:00,100.0,2400.0,2016-02-23T15:00:00Z,2016-02-23T16:00:00+01:00,2016-02-24T15:00:00Z,2016-02-24T16:00:00+01:00
8.93333333333333,,,False,2,pm25,µg/m³,,raw,01:00:00,2016-02-24T15:00:00Z,2016-02-24T16:00:00+01:00,2016-02-24T16:00:00Z,2016-02-24T17:00:00+01:00,1,01:00:00,1,24:00:00,100.0,2400.0,2016-02-23T16:00:00Z,2016-02-23T17:00:00+01:00,2016-02-24T16:00:00Z,2016-02-24T17:00:00+01:00
9.12083333333333,,,False,2,pm25,µg/m³,,raw,01:00:00,2016-02-24T16:00:00Z,2016-02-24T17:00:00+01:00,2016-02-24T17:00:00Z,2016-02-24T18:00:00+01:00,1,01:00:00,1,24:00:00,100.0,2400.0,2016-02-23T17:00:00Z,2016-02-23T18:00:00+01:00,2016-02-24T17:00:00Z,2016-02-24T18:00:00+01:00
9.57083333333333,,,False,2,pm25,µg/m³,,raw,01:00:00,2016-02-24T17:00:00Z,2016-02-24T18:00:00+01:00,2016-02-24T18:00:00Z,2016-02-24T19:00:00+01:00,1,01:00:00,1,24:00:00,100.0,2400.0,2016-02-23T18:00:00Z,2016-02-23T19:00:00+01:00,2016-02-24T18:00:00Z,2016-02-24T19:00:00+01:00
9.94583333333333,,,False,2,pm25,µg/m³,,raw,01:00:00,2016-02-24T18:00:00Z,2016-02-24T19:00:00+01:00,2016-02-24T19:00:00Z,2016-02-24T20:00:00+01:00,1,01:00:00,1,24:00:00,100.0,2400.0,2016-02-23T19:00:00Z,2016-02-23T20:00:00+01:00,2016-02-24T19:00:00Z,2016-02-24T20:00:00+01:00
10.3916666666667,,,False,2,pm25,µg/m³,,raw,01:00:00,2016-02-24T19:00:00Z,2016-02-24T20:00:00+01:00,2016-02-24T20:00:00Z,2016-02-24T21:00:00+01:00,1,01:00:00,1,24:00:00,100.0,2400.0,2016-02-23T20:00:00Z,2016-02-23T21:00:00+01:00,2016-02-24T20:00:00Z,2016-02-24T21:00:00+01:00
10.4958333333333,,,False,2,pm25,µg/m³,,raw,01:00:00,2016-02-24T20:00:00Z,2016-02-24T21:00:00+01:00,2016-02-24T21:00:00Z,2016-02-24T22:00:00+01:00,1,01:00:00,1,24:00:00,100.0,2400.0,2016-02-23T21:00:00Z,2016-02-23T22:00:00+01:00,2016-02-24T21:00:00Z,2016-02-24T22:00:00+01:00
10.4625,,,False,2,pm25,µg/m³,,raw,01:00:00,2016-02-24T21:00:00Z,2016-02-24T22:00:00+01:00,2016-02-24T22:00:00Z,2016-02-24T23:00:00+01:00,1,01:00:00,1,24:00:00,100.0,2400.0,2016-02-23T22:00:00Z,2016-02-23T23:00:00+01:00,2016-02-24T22:00:00Z,2016-02-24T23:00:00+01:00
10.4304347826087,,,False,2,pm25,µg/m³,,raw,01:00:00,2016-02-24T22:00:00Z,2016-02-24T23:00:00+01:00,2016-02-24T23:00:00Z,2016-02-25T00:00:00+01:00,1,01:00:00,1,24:00:00,100.0,2400.0,2016-02-23T23:00:00Z,2016-02-24T00:00:00+01:00,2016-02-24T23:00:00Z,2016-02-25T00:00:00+01:00
10.275,,,False,2,pm25,µg/m³,,raw,01:00:00,2016-02-24T23:00:00Z,2016-02-25T00:00:00+01:00,2016-02-25T00:00:00Z,2016-02-25T01:00:00+01:00,1,01:00:00,1,24:00:00,100.0,2400.0,2016-02-24T00:00:00Z,2016-02-24T01:00:00+01:00,2016-02-25T00:00:00Z,2016-02-25T01:00:00+01:00
10.2041666666667,,,False,2,pm25,µg/m³,,raw,01:00:00,2016-02-25T00:00:00Z,2016-02-25T01:00:00+01:00,2016-02-25T01:00:00Z,2016-02-25T02:00:00+01:00,1,01:00:00,1,24:00:00,100.0,2400.0,2016-02-24T01:00:00Z,2016-02-24T02:00:00+01:00,2016-02-25T01:00:00Z,2016-02-25T02:00:00+01:00
9.98333333333333,,,False,2,pm25,µg/m³,,raw,01:00:00,2016-02-25T01:00:00Z,2016-02-25T02:00:00+01:00,2016-02-25T02:00:00Z,2016-02-25T03:00:00+01:00,1,01:00:00,1,24:00:00,100.0,2400.0,2016-02-24T02:00:00Z,2016-02-24T03:00:00+01:00,2016-02-25T02:00:00Z,2016-02-25T03:00:00+01:00
9.83333333333333,,,False,2,pm25,µg/m³,,raw,01:00:00,2016-02-25T02:00:00Z,2016-02-25T03:00:00+01:00,2016-02-25T03:00:00Z,2016-02-25T04:00:00+01:00,1,01:00:00,1,24:00:00,100.0,2400.0,2016-02-24T03:00:00Z,2016-02-24T04:00:00+01:00,2016-02-25T03:00:00Z,2016-02-25T04:00:00+01:00
9.77083333333333,,,False,2,pm25,µg/m³,,raw,01:00:00,2016-02-25T03:00:00Z,2016-02-25T04:00:00+01:00,2016-02-25T04:00:00Z,2016-02-25T05:00:00+01:00,1,01:00:00,1,24:00:00,100.0,2400.0,2016-02-24T04:00:00Z,2016-02-24T05:00:00+01:00,2016-02-25T04:00:00Z,2016-02-25T05:00:00+01:00
9.7125,,,False,2,pm25,µg/m³,,raw,01:00:00,2016-02-25T04:00:00Z,2016-02-25T05:00:00+01:00,2016-02-25T05:00:00Z,2016-02-25T06:00:00+01:00,1,01:00:00,1,24:00:00,100.0,2400.0,2016-02-24T05:00:00Z,2016-02-24T06:00:00+01:00,2016-02-25T05:00:00Z,2016-02-25T06:00:00+01:00
9.6375,,,False,2,pm25,µg/m³,,raw,01:00:00,2016-02-25T05:00:00Z,2016-02-25T06:00:00+01:00,2016-02-25T06:00:00Z,2016-02-25T07:00:00+01:00,1,01:00:00,1,24:00:00,100.0,2400.0,2016-02-24T06:00:00Z,2016-02-24T07:00:00+01:00,2016-02-25T06:00:00Z,2016-02-25T07:00:00+01:00
9.47916666666667,,,False,2,pm25,µg/m³,,raw,01:00:00,2016-02-25T06:00:00Z,2016-02-25T07:00:00+01:00,2016-02-25T07:00:00Z,2016-02-25T08:00:00+01:00,1,01:00:00,1,24:00:00,100.0,2400.0,2016-02-24T07:00:00Z,2016-02-24T08:00:00+01:00,2016-02-25T07:00:00Z,2016-02-25T08:00:00+01:00
9.79583333333333,,,False,2,pm25,µg/m³,,raw,01:00:00,2016-02-25T07:00:00Z,2016-02-25T08:00:00+01:00,2016-02-25T08:00:00Z,2016-02-25T09:00:00+01:00,1,01:00:00,1,24:00:00,100.0,2400.0,2016-02-24T08:00:00Z,2016-02-24T09:00:00+01:00,2016-02-25T08:00:00Z,2016-02-25T09:00:00+01:00
9.4875,,,False,2,pm25,µg/m³,,raw,01:00:00,2016-02-25T08:00:00Z,2016-02-25T09:00:00+01:00,2016-02-25T09:00:00Z,2016-02-25T10:00:00+01:00,1,01:00:00,1,24:00:00,100.0,2400.0,2016-02-24T09:00:00Z,2016-02-24T10:00:00+01:00,2016-02-25T09:00:00Z,2016-02-25T10:00:00+01:00
9.30833333333333,,,False,2,pm25,µg/m³,,raw,01:00:00,2016-02-25T09:00:00Z,2016-02-25T10:00:00+01:00,2016-02-25T10:00:00Z,2016-02-25T11:00:00+01:00,1,01:00:00,1,24:00:00,100.0,2400.0,2016-02-24T10:00:00Z,2016-02-24T11:00:00+01:00,2016-02-25T10:00:00Z,2016-02-25T11:00:00+01:00
8.92083333333333,,,False,2,pm25,µg/m³,,raw,01:00:00,2016-02-25T10:00:00Z,2016-02-25T11:00:00+01:00,2016-02-25T11:00:00Z,2016-02-25T12:00:00+01:00,1,01:00:00,1,24:00:00,100.0,2400.0,2016-02-24T11:00:00Z,2016-02-24T12:00:00+01:00,2016-02-25T11:00:00Z,2016-02-25T12:00:00+01:00
9.23333333333333,,,False,2,pm25,µg/m³,,raw,01:00:00,2016-02-25T11:00:00Z,2016-02-25T12:00:00+01:00,2016-02-25T12:00:00Z,2016-02-25T13:00:00+01:00,1,01:00:00,1,24:00:00,100.0,2400.0,2016-02-24T12:00:00Z,2016-02-24T13:00:00+01:00,2016-02-25T12:00:00Z,2016-02-25T13:00:00+01:00
9.05416666666667,,,False,2,pm25,µg/m³,,raw,01:00:00,2016-02-25T12:00:00Z,2016-02-25T13:00:00+01:00,2016-02-25T13:00:00Z,2016-02-25T14:00:00+01:00,1,01:00:00,1,24:00:00,100.0,2400.0,2016-02-24T13:00:00Z,2016-02-24T14:00:00+01:00,2016-02-25T13:00:00Z,2016-02-25T14:00:00+01:00
9.02608695652174,,,False,2,pm25,µg/m³,,raw,01:00:00,2016-02-25T13:00:00Z,2016-02-25T14:00:00+01:00,2016-02-25T14:00:00Z,2016-02-25T15:00:00+01:00,1,01:00:00,1,24:00:00,100.0,2400.0,2016-02-24T14:00:00Z,2016-02-24T15:00:00+01:00,2016-02-25T14:00:00Z,2016-02-25T15:00:00+01:00
8.99166666666667,,,False,2,pm25,µg/m³,,raw,01:00:00,2016-02-25T14:00:00Z,2016-02-25T15:00:00+01:00,2016-02-25T15:00:00Z,2016-02-25T16:00:00+01:00,1,01:00:00,1,24:00:00,100.0,2400.0,2016-02-24T15:00:00Z,2016-02-24T16:00:00+01:00,2016-02-25T15:00:00Z,2016-02-25T16:00:00+01:00
9.075,,,False,2,pm25,µg/m³,,raw,01:00:00,2016-02-25T15:00:00Z,2016-02-25T16:00:00+01:00,2016-02-25T16:00:00Z,2016-02-25T17:00:00+01:00,1,01:00:00,1,24:00:00,100.0,2400.0,2016-02-24T16:00:00Z,2016-02-24T17:00:00+01:00,2016-02-25T16:00:00Z,2016-02-25T17:00:00+01:00
8.9875,,,False,2,pm25,µg/m³,,raw,01:00:00,2016-02-25T16:00:00Z,2016-02-25T17:00:00+01:00,2016-02-25T17:00:00Z,2016-02-25T18:00:00+01:00,1,01:00:00,1,24:00:00,100.0,2400.0,2016-02-24T17:00:00Z,2016-02-24T18:00:00+01:00,2016-02-25T17:00:00Z,2016-02-25T18:00:00+01:00
8.72916666666667,,,False,2,pm25,µg/m³,,raw,01:00:00,2016-02-25T17:00:00Z,2016-02-25T18:00:00+01:00,2016-02-25T18:00:00Z,2016-02-25T19:00:00+01:00,1,01:00:00,1,24:00:00,100.0,2400.0,2016-02-24T18:00:00Z,2016-02-24T19:00:00+01:00,2016-02-25T18:00:00Z,2016-02-25T19:00:00+01:00
8.4875,,,False,2,pm25,µg/m³,,raw,01:00:00,2016-02-25T18:00:00Z,2016-02-25T19:00:00+01:00,2016-02-25T19:00:00Z,2016-02-25T20:00:00+01:00,1,01:00:00,1,24:00:00,100.0,2400.0,2016-02-24T19:00:00Z,2016-02-24T20:00:00+01:00,2016-02-25T19:00:00Z,2016-02-25T20:00:00+01:00
8.1,,,False,2,pm25,µg/m³,,raw,01:00:00,2016-02-25T19:00:00Z,2016-02-25T20:00:00+01:00,2016-02-25T20:00:00Z,2016-02-25T21:00:00+01:00,1,01:00:00,1,24:00:00,100.0,2400.0,2016-02-24T20:00:00Z,2016-02-24T21:00:00+01:00,2016-02-25T20:00:00Z,2016-02-25T21:00:00+01:00
7.89166666666667,,,False,2,pm25,µg/m³,,raw,01:00:00,2016-02-25T20:00:00Z,2016-02-25T21:00:00+01:00,2016-02-25T21:00:00Z,2016-02-25T22:00:00+01:00,1,01:00:00,1,24:00:00,100.0,2400.0,2016-02-24T21:00:00Z,2016-02-24T22:00:00+01:00,2016-02-25T21:00:00Z,2016-02-25T22:00:00+01:00
7.65,,,False,2,pm25,µg/m³,,raw,01:00:00,2016-02-25T21:00:00Z,2016-02-25T22:00:00+01:00,2016-02-25T22:00:00Z,2016-02-25T23:00:00+01:00,1,01:00:00,1,24:00:00,100.0,2400.0,2016-02-24T22:00:00Z,2016-02-24T23:00:00+01:00,2016-02-25T22:00:00Z,2016-02-25T23:00:00+01:00
7.65217391304348,,,False,2,pm25,µg/m³,,raw,01:00:00,2016-02-25T22:00:00Z,2016-02-25T23:00:00+01:00,2016-02-25T23:00:00Z,2016-02-26T00:00:00+01:00,1,01:00:00,1,24:00:00,100.0,2400.0,2016-02-24T23:00:00Z,2016-02-25T00:00:00+01:00,2016-02-25T23:00:00Z,2016-02-26T00:00:00+01:00
7.39166666666667,,,False,2,pm25,µg/m³,,raw,01:00:00,2016-02-25T23:00:00Z,2016-02-26T00:00:00+01:00,2016-02-26T00:00:00Z,2016-02-26T01:00:00+01:00,1,01:00:00,1,24:00:00,100.0,2400.0,2016-02-25T00:00:00Z,2016-02-25T01:00:00+01:00,2016-02-26T00:00:00Z,2016-02-26T01:00:00+01:00
7.35,,,False,2,pm25,µg/m³,,raw,01:00:00,2016-02-26T00:00:00Z,2016-02-26T01:00:00+01:00,2016-02-26T01:00:00Z,2016-02-26T02:00:00+01:00,1,01:00:00,1,24:00:00,100.0,2400.0,2016-02-25T01:00:00Z,2016-02-25T02:00:00+01:00,2016-02-26T01:00:00Z,2016-02-26T02:00:00+01:00
7.60416666666667,,,False,2,pm25,µg/m³,,raw,01:00:00,2016-02-26T01:00:00Z,2016-02-26T02:00:00+01:00,2016-02-26T02:00:00Z,2016-02-26T03:00:00+01:00,1,01:00:00,1,24:00:00,100.0,2400.0,2016-02-25T02:00:00Z,2016-02-25T03:00:00+01:00,2016-02-26T02:00:00Z,2016-02-26T03:00:00+01:00
7.73333333333333,,,False,2,pm25,µg/m³,,raw,01:00:00,2016-02-26T02:00:00Z,2016-02-26T03:00:00+01:00,2016-02-26T03:00:00Z,2016-02-26T04:00:00+01:00,1,01:00:00,1,24:00:00,100.0,2400.0,2016-02-25T03:00:00Z,2016-02-25T04:00:00+01:00,2016-02-26T03:00:00Z,2016-02-26T04:00:00+01:00
7.73333333333333,,,False,2,pm25,µg/m³,,raw,01:00:00,2016-02-26T03:00:00Z,2016-02-26T04:00:00+01:00,2016-02-26T04:00:00Z,2016-02-26T05:00:00+01:00,1,01:00:00,1,24:00:00,100.0,2400.0,2016-02-25T04:00:00Z,2016-02-25T05:00:00+01:00,2016-02-26T04:00:00Z,2016-02-26T05:00:00+01:00
7.8304347826087,,,False,2,pm25,µg/m³,,raw,01:00:00,2016-02-26T04:00:00Z,2016-02-26T05:00:00+01:00,2016-02-26T05:00:00Z,2016-02-26T06:00:00+01:00,1,01:00:00,1,24:00:00,100.0,2400.0,2016-02-25T05:00:00Z,2016-02-25T06:00:00+01:00,2016-02-26T05:00:00Z,2016-02-26T06:00:00+01:00
7.675,,,False,2,pm25,µg/m³,,raw,01:00:00,2016-02-26T05:00:00Z,2016-02-26T06:00:00+01:00,2016-02-26T06:00:00Z,2016-02-26T07:00:00+01:00,1,01:00:00,1,24:00:00,100.0,2400.0,2016-02-25T06:00:00Z,2016-02-25T07:00:00+01:00,2016-02-26T06:00:00Z,2016-02-26T07:00:00+01:00
7.7375,,,False,2,pm25,µg/m³,,raw,01:00:00,2016-02-26T06:00:00Z,2016-02-26T07:00:00+01:00,2016-02-26T07:00:00Z,2016-02-26T08:00:00+01:00,1,01:00:00,1,24:00:00,100.0,2400.0,2016-02-25T07:00:00Z,2016-02-25T08:00:00+01:00,2016-02-26T07:00:00Z,2016-02-26T08:00:00+01:00
7.51666666666667,,,False,2,pm25,µg/m³,,raw,01:00:00,2016-02-26T07:00:00Z,2016-02-26T08:00:00+01:00,2016-02-26T08:00:00Z,2016-02-26T09:00:00+01:00,1,01:00:00,1,24:00:00,100.0,2400.0,2016-02-25T08:00:00Z,2016-02-25T09:00:00+01:00,2016-02-26T08:00:00Z,2016-02-26T09:00:00+01:00
7.81666666666667,,,False,2,pm25,µg/m³,,raw,01:00:00,2016-02-26T08:00:00Z,2016-02-26T09:00:00+01:00,2016-02-26T09:00:00Z,2016-02-26T10:00:00+01:00,1,01:00:00,1,24:00:00,100.0,2400.0,2016-02-25T09:00:00Z,2016-02-25T10:00:00+01:00,2016-02-26T09:00:00Z,2016-02-26T10:00:00+01:00
8.1875,,,False,2,pm25,µg/m³,,raw,01:00:00,2016-02-26T09:00:00Z,2016-02-26T10:00:00+01:00,2016-02-26T10:00:00Z,2016-02-26T11:00:00+01:00,1,01:00:00,1,24:00:00,100.0,2400.0,2016-02-25T10:00:00Z,2016-02-25T11:00:00+01:00,2016-02-26T10:00:00Z,2016-02-26T11:00:00+01:00
8.8,,,False,2,pm25,µg/m³,,raw,01:00:00,2016-02-26T10:00:00Z,2016-02-26T11:00:00+01:00,2016-02-26T11:00:00Z,2016-02-26T12:00:00+01:00,1,01:00:00,1,24:00:00,100.0,2400.0,2016-02-25T11:00:00Z,2016-02-25T12:00:00+01:00,2016-02-26T11:00:00Z,2016-02-26T12:00:00+01:00
9.0,,,False,2,pm25,µg/m³,,raw,01:00:00,2016-02-26T11:00:00Z,2016-02-26T12:00:00+01:00,2016-02-26T12:00:00Z,2016-02-26T13:00:00+01:00,1,01:00:00,1,24:00:00,100.0,2400.0,2016-02-25T12:00:00Z,2016-02-25T13:00:00+01:00,2016-02-26T12:00:00Z,2016-02-26T13:00:00+01:00
9.62083333333333,,,False,2,pm25,µg/m³,,raw,01:00:00,2016-02-26T12:00:00Z,2016-02-26T13:00:00+01:00,2016-02-26T13:00:00Z,2016-02-26T14:00:00+01:00,1,01:00:00,1,24:00:00,100.0,2400.0,2016-02-25T13:00:00Z,2016-02-25T14:00:00+01:00,2016-02-26T13:00:00Z,2016-02-26T14:00:00+01:00
10.1125,,,False,2,pm25,µg/m³,,raw,01:00:00,2016-02-26T13:00:00Z,2016-02-26T14:00:00+01:00,2016-02-26T14:00:00Z,2016-02-26T15:00:00+01:00,1,01:00:00,1,24:00:00,100.0,2400.0,2016-02-25T14:00:00Z,2016-02-25T15:00:00+01:00,2016-02-26T14:00:00Z,2016-02-26T15:00:00+01:00
10.3083333333333,,,False,2,pm25,µg/m³,,raw,01:00:00,2016-02-26T14:00:00Z,2016-02-26T15:00:00+01:00,2016-02-26T15:00:00Z,2016-02-26T16:00:00+01:00,1,01:00:00,1,24:00:00,100.0,2400.0,2016-02-25T15:00:00Z,2016-02-25T16:00:00+01:00,2016-02-26T15:00:00Z,2016-02-26T16:00:00+01:00
10.3478260869565,,,False,2,pm25,µg/m³,,raw,01:00:00,2016-02-26T15:00:00Z,2016-02-26T16:00:00+01:00,2016-02-26T16:00:00Z,2016-02-26T17:00:00+01:00,1,01:00:00,1,24:00:00,100.0,2400.0,2016-02-25T16:00:00Z,2016-02-25T17:00:00+01:00,2016-02-26T16:00:00Z,2016-02-26T17:00:00+01:00
11.3375,,,False,2,pm25,µg/m³,,raw,01:00:00,2016-02-26T16:00:00Z,2016-02-26T17:00:00+01:00,2016-02-26T17:00:00Z,2016-02-26T18:00:00+01:00,1,01:00:00,1,24:00:00,100.0,2400.0,2016-02-25T17:00:00Z,2016-02-25T18:00:00+01:00,2016-02-26T17:00:00Z,2016-02-26T18:00:00+01:00
11.9208333333333,,,False,2,pm25,µg/m³,,raw,01:00:00,2016-02-26T17:00:00Z,2016-02-26T18:00:00+01:00,2016-02-26T18:00:00Z,2016-02-26T19:00:00+01:00,1,01:00:00,1,24:00:00,100.0,2400.0,2016-02-25T18:00:00Z,2016-02-25T19:00:00+01:00,2016-02-26T18:00:00Z,2016-02-26T19:00:00+01:00
12.8666666666667,,,False,2,pm25,µg/m³,,raw,01:00:00,2016-02-26T18:00:00Z,2016-02-26T19:00:00+01:00,2016-02-26T19:00:00Z,2016-02-26T20:00:00+01:00,1,01:00:00,1,24:00:00,100.0,2400.0,2016-02-25T19:00:00Z,2016-02-25T20:00:00+01:00,2016-02-26T19:00:00Z,2016-02-26T20:00:00+01:00
13.0478260869565,,,False,2,pm25,µg/m³,,raw,01:00:00,2016-02-26T19:00:00Z,2016-02-26T20:00:00+01:00,2016-02-26T20:00:00Z,2016-02-26T21:00:00+01:00,1,01:00:00,1,24:00:00,100.0,2400.0,2016-02-25T20:00:00Z,2016-02-25T21:00:00+01:00,2016-02-26T20:00:00Z,2016-02-26T21:00:00+01:00
14.8541666666667,,,False,2,pm25,µg/m³,,raw,01:00:00,2016-02-26T20:00:00Z,2016-02-26T21:00:00+01:00,2016-02-26T21:00:00Z,2016-02-26T22:00:00+01:00,1,01:00:00,1,24:00:00,100.0,2400.0,2016-02-25T21:00:00Z,2016-02-25T22:00:00+01:00,2016-02-26T21:00:00Z,2016-02-26T22:00:00+01:00
16.0333333333333,,,False,2,pm25,µg/m³,,raw,01:00:00,2016-02-26T21:00:00Z,2016-02-26T22:00:00+01:00,2016-02-26T22:00:00Z,2016-02-26T23:00:00+01:00,1,01:00:00,1,24:00:00,100.0,2400.0,2016-02-25T22:00:00Z,2016-02-25T23:00:00+01:00,2016-02-26T22:00:00Z,2016-02-26T23:00:00+01:00
16.5086956521739,,,False,2,pm25,µg/m³,,raw,01:00:00,2016-02-26T22:00:00Z,2016-02-26T23:00:00+01:00,2016-02-26T23:00:00Z,2016-02-27T00:00:00+01:00,1,01:00:00,1,24:00:00,100.0,2400.0,2016-02-25T23:00:00Z,2016-02-26T00:00:00+01:00,2016-02-26T23:00:00Z,2016-02-27T00:00:00+01:00
17.8708333333333,,,False,2,pm25,µg/m³,,raw,01:00:00,2016-02-26T23:00:00Z,2016-02-27T00:00:00+01:00,2016-02-27T00:00:00Z,2016-02-27T01:00:00+01:00,1,01:00:00,1,24:00:00,100.0,2400.0,2016-02-26T00:00:00Z,2016-02-26T01:00:00+01:00,2016-02-27T00:00:00Z,2016-02-27T01:00:00+01:00
19.0125,,,False,2,pm25,µg/m³,,raw,01:00:00,2016-02-27T00:00:00Z,2016-02-27T01:00:00+01:00,2016-02-27T01:00:00Z,2016-02-27T02:00:00+01:00,1,01:00:00,1,24:00:00,100.0,2400.0,2016-02-26T01:00:00Z,2016-02-26T02:00:00+01:00,2016-02-27T01:00:00Z,2016-02-27T02:00:00+01:00
19.7958333333333,,,False,2,pm25,µg/m³,,raw,01:00:00,2016-02-27T01:00:00Z,2016-02-27T02:00:00+01:00,2016-02-27T02:00:00Z,2016-02-27T03:00:00+01:00,1,01:00:00,1,24:00:00,100.0,2400.0,2016-02-26T02:00:00Z,2016-02-26T03:00:00+01:00,2016-02-27T02:00:00Z,2016-02-27T03:00:00+01:00
20.4583333333333,,,False,2,pm25,µg/m³,,raw,01:00:00,2016-02-27T02:00:00Z,2016-02-27T03:00:00+01:00,2016-02-27T03:00:00Z,2016-02-27T04:00:00+01:00,1,01:00:00,1,24:00:00,100.0,2400.0,2016-02-26T03:00:00Z,2016-02-26T04:00:00+01:00,2016-02-27T03:00:00Z,2016-02-27T04:00:00+01:00
21.45,,,False,2,pm25,µg/m³,,raw,01:00:00,2016-02-27T03:00:00Z,2016-02-27T04:00:00+01:00,2016-02-27T04:00:00Z,2016-02-27T05:00:00+01:00,1,01:00:00,1,24:00:00,100.0,2400.0,2016-02-26T04:00:00Z,2016-02-26T05:00:00+01:00,2016-02-27T04:00:00Z,2016-02-27T05:00:00+01:00
22.5458333333333,,,False,2,pm25,µg/m³,,raw,01:00:00,2016-02-27T04:00:00Z,2016-02-27T05:00:00+01:00,2016-02-27T05:00:00Z,2016-02-27T06:00:00+01:00,1,01:00:00,1,24:00:00,100.0,2400.0,2016-02-26T05:00:00Z,2016-02-26T06:00:00+01:00,2016-02-27T05:00:00Z,2016-02-27T06:00:00+01:00
23.75,,,False,2,pm25,µg/m³,,raw,01:00:00,2016-02-27T05:00:00Z,2016-02-27T06:00:00+01:00,2016-02-27T06:00:00Z,2016-02-27T07:00:00+01:00,1,01:00:00,1,24:00:00,100.0,2400.0,2016-02-26T06:00:00Z,2016-02-26T07:00:00+01:00,2016-02-27T06:00:00Z,2016-02-27T07:00:00+01:00
24.8041666666667,,,False,2,pm25,µg/m³,,raw,01:00:00,2016-02-27T06:00:00Z,2016-02-27T07:00:00+01:00,2016-02-27T07:00:00Z,2016-02-27T08:00:00+01:00,1,01:00:00,1,24:00:00,100.0,2400.0,2016-02-26T07:00:00Z,2016-02-26T08:00:00+01:00,2016-02-27T07:00:00Z,2016-02-27T08:00:00+01:00
25.8833333333333,,,False,2,pm25,µg/m³,,raw,01:00:00,2016-02-27T07:00:00Z,2016-02-27T08:00:00+01:00,2016-02-27T08:00:00Z,2016-02-27T09:00:00+01:00,1,01:00:00,1,24:00:00,100.0,2400.0,2016-02-26T08:00:00Z,2016-02-26T09:00:00+01:00,2016-02-27T08:00:00Z,2016-02-27T09:00:00+01:00
26.65,,,False,2,pm25,µg/m³,,raw,01:00:00,2016-02-27T08:00:00Z,2016-02-27T09:00:00+01:00,2016-02-27T09:00:00Z,2016-02-27T10:00:00+01:00,1,01:00:00,1,24:00:00,100.0,2400.0,2016-02-26T09:00:00Z,2016-02-26T10:00:00+01:00,2016-02-27T09:00:00Z,2016-02-27T10:00:00+01:00
27.3333333333333,,,False,2,pm25,µg/m³,,raw,01:00:00,2016-02-27T09:00:00Z,2016-02-27T10:00:00+01:00,2016-02-27T10:00:00Z,2016-02-27T11:00:00+01:00,1,01:00:00,1,24:00:00,100.0,2400.0,2016-02-26T10:00:00Z,2016-02-26T11:00:00+01:00,2016-02-27T10:00:00Z,2016-02-27T11:00:00+01:00
27.5173913043478,,,False,2,pm25,µg/m³,,raw,01:00:00,2016-02-27T10:00:00Z,2016-02-27T11:00:00+01:00,2016-02-27T11:00:00Z,2016-02-27T12:00:00+01:00,1,01:00:00,1,24:00:00,100.0,2400.0,2016-02-26T11:00:00Z,2016-02-26T12:00:00+01:00,2016-02-27T11:00:00Z,2016-02-27T12:00:00+01:00
27.9875,,,False,2,pm25,µg/m³,,raw,01:00:00,2016-02-27T11:00:00Z,2016-02-27T12:00:00+01:00,2016-02-27T12:00:00Z,2016-02-27T13:00:00+01:00,1,01:00:00,1,24:00:00,100.0,2400.0,2016-02-26T12:00:00Z,2016-02-26T13:00:00+01:00,2016-02-27T12:00:00Z,2016-02-27T13:00:00+01:00
27.975,,,False,2,pm25,µg/m³,,raw,01:00:00,2016-02-27T12:00:00Z,2016-02-27T13:00:00+01:00,2016-02-27T13:00:00Z,2016-02-27T14:00:00+01:00,1,01:00:00,1,24:00:00,100.0,2400.0,2016-02-26T13:00:00Z,2016-02-26T14:00:00+01:00,2016-02-27T13:00:00Z,2016-02-27T14:00:00+01:00
27.8958333333333,,,False,2,pm25,µg/m³,,raw,01:00:00,2016-02-27T13:00:00Z,2016-02-27T14:00:00+01:00,2016-02-27T14:00:00Z,2016-02-27T15:00:00+01:00,1,01:00:00,1,24:00:00,100.0,2400.0,2016-02-26T14:00:00Z,2016-02-26T15:00:00+01:00,2016-02-27T14:00:00Z,2016-02-27T15:00:00+01:00
27.9458333333333,,,False,2,pm25,µg/m³,,raw,01:00:00,2016-02-27T14:00:00Z,2016-02-27T15:00:00+01:00,2016-02-27T15:00:00Z,2016-02-27T16:00:00+01:00,1,01:00:00,1,24:00:00,100.0,2400.0,2016-02-26T15:00:00Z,2016-02-26T16:00:00+01:00,2016-02-27T15:00:00Z,2016-02-27T16:00:00+01:00
27.6791666666667,,,False,2,pm25,µg/m³,,raw,01:00:00,2016-02-27T15:00:00Z,2016-02-27T16:00:00+01:00,2016-02-27T16:00:00Z,2016-02-27T17:00:00+01:00,1,01:00:00,1,24:00:00,100.0,2400.0,2016-02-26T16:00:00Z,2016-02-26T17:00:00+01:00,2016-02-27T16:00:00Z,2016-02-27T17:00:00+01:00
27.4875,,,False,2,pm25,µg/m³,,raw,01:00:00,2016-02-27T16:00:00Z,2016-02-27T17:00:00+01:00,2016-02-27T17:00:00Z,2016-02-27T18:00:00+01:00,1,01:00:00,1,24:00:00,100.0,2400.0,2016-02-26T17:00:00Z,2016-02-26T18:00:00+01:00,2016-02-27T17:00:00Z,2016-02-27T18:00:00+01:00
26.4791666666667,,,False,2,pm25,µg/m³,,raw,01:00:00,2016-02-27T17:00:00Z,2016-02-27T18:00:00+01:00,2016-02-27T18:00:00Z,2016-02-27T19:00:00+01:00,1,01:00:00,1,24:00:00,100.0,2400.0,2016-02-26T18:00:00Z,2016-02-26T19:00:00+01:00,2016-02-27T18:00:00Z,2016-02-27T19:00:00+01:00
25.6333333333333,,,False,2,pm25,µg/m³,,raw,01:00:00,2016-02-27T18:00:00Z,2016-02-27T19:00:00+01:00,2016-02-27T19:00:00Z,2016-02-27T20:00:00+01:00,1,01:00:00,1,24:00:00,100.0,2400.0,2016-02-26T19:00:00Z,2016-02-26T20:00:00+01:00,2016-02-27T19:00:00Z,2016-02-27T20:00:00+01:00
24.7875,,,False,2,pm25,µg/m³,,raw,01:00:00,2016-02-27T19:00:00Z,2016-02-27T20:00:00+01:00,2016-02-27T20:00:00Z,2016-02-27T21:00:00+01:00,1,01:00:00,1,24:00:00,100.0,2400.0,2016-02-26T20:00:00Z,2016-02-26T21:00:00+01:00,2016-02-27T20:00:00Z,2016-02-27T21:00:00+01:00
23.8375,,,False,2,pm25,µg/m³,,raw,01:00:00,2016-02-27T20:00:00Z,2016-02-27T21:00:00+01:00,2016-02-27T21:00:00Z,2016-02-27T22:00:00+01:00,1,01:00:00,1,24:00:00,100.0,2400.0,2016-02-26T21:00:00Z,2016-02-26T22:00:00+01:00,2016-02-27T21:00:00Z,2016-02-27T22:00:00+01:00
23.7086956521739,,,False,2,pm25,µg/m³,,raw,01:00:00,2016-02-27T21:00:00Z,2016-02-27T22:00:00+01:00,2016-02-27T22:00:00Z,2016-02-27T23:00:00+01:00,1,01:00:00,1,24:00:00,100.0,2400.0,2016-02-26T22:00:00Z,2016-02-26T23:00:00+01:00,2016-02-27T22:00:00Z,2016-02-27T23:00:00+01:00
22.7875,,,False,2,pm25,µg/m³,,raw,01:00:00,2016-02-27T22:00:00Z,2016-02-27T23:00:00+01:00,2016-02-27T23:00:00Z,2016-02-28T00:00:00+01:00,1,01:00:00,1,24:00:00,100.0,2400.0,2016-02-26T23:00:00Z,2016-02-27T00:00:00+01:00,2016-02-27T23:00:00Z,2016-02-28T00:00:00+01:00
22.2666666666667,,,False,2,pm25,µg/m³,,raw,01:00:00,2016-02-27T23:00:00Z,2016-02-28T00:00:00+01:00,2016-02-28T00:00:00Z,2016-02-28T01:00:00+01:00,1,01:00:00,1,24:00:00,100.0,2400.0,2016-02-27T00:00:00Z,2016-02-27T01:00:00+01:00,2016-02-28T00:00:00Z,2016-02-28T01:00:00+01:00
13.5458333333333,,,False,2,pm25,µg/m³,,raw,01:00:00,2016-02-29T00:00:00Z,2016-02-29T01:00:00+01:00,2016-02-29T01:00:00Z,2016-02-29T02:00:00+01:00,1,01:00:00,1,24:00:00,100.0,2400.0,2016-02-28T01:00:00Z,2016-02-28T02:00:00+01:00,2016-02-29T01:00:00Z,2016-02-29T02:00:00+01:00
12.8708333333333,,,False,2,pm25,µg/m³,,raw,01:00:00,2016-02-29T01:00:00Z,2016-02-29T02:00:00+01:00,2016-02-29T02:00:00Z,2016-02-29T03:00:00+01:00,1,01:00:00,1,24:00:00,100.0,2400.0,2016-02-28T02:00:00Z,2016-02-28T03:00:00+01:00,2016-02-29T02:00:00Z,2016-02-29T03:00:00+01:00
12.3708333333333,,,False,2,pm25,µg/m³,,raw,01:00:00,2016-02-29T02:00:00Z,2016-02-29T03:00:00+01:00,2016-02-29T03:00:00Z,2016-02-29T04:00:00+01:00,1,01:00:00,1,24:00:00,100.0,2400.0,2016-02-28T03:00:00Z,2016-02-28T04:00:00+01:00,2016-02-29T03:00:00Z,2016-02-29T04:00:00+01:00
11.5916666666667,,,False,2,pm25,µg/m³,,raw,01:00:00,2016-02-29T03:00:00Z,2016-02-29T04:00:00+01:00,2016-02-29T04:00:00Z,2016-02-29T05:00:00+01:00,1,01:00:00,1,24:00:00,100.0,2400.0,2016-02-28T04:00:00Z,2016-02-28T05:00:00+01:00,2016-02-29T04:00:00Z,2016-02-29T05:00:00+01:00
11.1916666666667,,,False,2,pm25,µg/m³,,raw,01:00:00,2016-02-29T04:00:00Z,2016-02-29T05:00:00+01:00,2016-02-29T05:00:00Z,2016-02-29T06:00:00+01:00,1,01:00:00,1,24:00:00,100.0,2400.0,2016-02-28T05:00:00Z,2016-02-28T06:00:00+01:00,2016-02-29T05:00:00Z,2016-02-29T06:00:00+01:00
10.6208333333333,,,False,2,pm25,µg/m³,,raw,01:00:00,2016-02-29T05:00:00Z,2016-02-29T06:00:00+01:00,2016-02-29T06:00:00Z,2016-02-29T07:00:00+01:00,1,01:00:00,1,24:00:00,100.0,2400.0,2016-02-28T06:00:00Z,2016-02-28T07:00:00+01:00,2016-02-29T06:00:00Z,2016-02-29T07:00:00+01:00
9.96521739130435,,,False,2,pm25,µg/m³,,raw,01:00:00,2016-02-29T06:00:00Z,2016-02-29T07:00:00+01:00,2016-02-29T07:00:00Z,2016-02-29T08:00:00+01:00,1,01:00:00,1,24:00:00,100.0,2400.0,2016-02-28T07:00:00Z,2016-02-28T08:00:00+01:00,2016-02-29T07:00:00Z,2016-02-29T08:00:00+01:00
9.3,,,False,2,pm25,µg/m³,,raw,01:00:00,2016-02-29T07:00:00Z,2016-02-29T08:00:00+01:00,2016-02-29T08:00:00Z,2016-02-29T09:00:00+01:00,1,01:00:00,1,24:00:00,100.0,2400.0,2016-02-28T08:00:00Z,2016-02-28T09:00:00+01:00,2016-02-29T08:00:00Z,2016-02-29T09:00:00+01:00
9.02916666666667,,,False,2,pm25,µg/m³,,raw,01:00:00,2016-02-29T08:00:00Z,2016-02-29T09:00:00+01:00,2016-02-29T09:00:00Z,2016-02-29T10:00:00+01:00,1,01:00:00,1,24:00:00,100.0,2400.0,2016-02-28T09:00:00Z,2016-02-28T10:00:00+01:00,2016-02-29T09:00:00Z,2016-02-29T10:00:00+01:00
8.65,,,False,2,pm25,µg/m³,,raw,01:00:00,2016-02-29T09:00:00Z,2016-02-29T10:00:00+01:00,2016-02-29T10:00:00Z,2016-02-29T11:00:00+01:00,1,01:00:00,1,24:00:00,100.0,2400.0,2016-02-28T10:00:00Z,2016-02-28T11:00:00+01:00,2016-02-29T10:00:00Z,2016-02-29T11:00:00+01:00
8.39583333333333,,,False,2,pm25,µg/m³,,raw,01:00:00,2016-02-29T10:00:00Z,2016-02-29T11:00:00+01:00,2016-02-29T11:00:00Z,2016-02-29T12:00:00+01:00,1,01:00:00,1,24:00:00,100.0,2400.0,2016-02-28T11:00:00Z,2016-02-28T12:00:00+01:00,2016-02-29T11:00:00Z,2016-02-29T12:00:00+01:00
8.29583333333333,,,False,2,pm25,µg/m³,,raw,01:00:00,2016-02-29T11:00:00Z,2016-02-29T12:00:00+01:00,2016-02-29T12:00:00Z,2016-02-29T13:00:00+01:00,1,01:00:00,1,24:00:00,100.0,2400.0,2016-02-28T12:00:00Z,2016-02-28T13:00:00+01:00,2016-02-29T12:00:00Z,2016-02-29T13:00:00+01:00
7.88333333333333,,,False,2,pm25,µg/m³,,raw,01:00:00,2016-02-29T12:00:00Z,2016-02-29T13:00:00+01:00,2016-02-29T13:00:00Z,2016-02-29T14:00:00+01:00,1,01:00:00,1,24:00:00,100.0,2400.0,2016-02-28T13:00:00Z,2016-02-28T14:00:00+01:00,2016-02-29T13:00:00Z,2016-02-29T14:00:00+01:00
8.0375,,,False,2,pm25,µg/m³,,raw,01:00:00,2016-02-29T13:00:00Z,2016-02-29T14:00:00+01:00,2016-02-29T14:00:00Z,2016-02-29T15:00:00+01:00,1,01:00:00,1,24:00:00,100.0,2400.0,2016-02-28T14:00:00Z,2016-02-28T15:00:00+01:00,2016-02-29T14:00:00Z,2016-02-29T15:00:00+01:00
8.28333333333333,,,False,2,pm25,µg/m³,,raw,01:00:00,2016-02-29T14:00:00Z,2016-02-29T15:00:00+01:00,2016-02-29T15:00:00Z,2016-02-29T16:00:00+01:00,1,01:00:00,1,24:00:00,100.0,2400.0,2016-02-28T15:00:00Z,2016-02-28T16:00:00+01:00,2016-02-29T15:00:00Z,2016-02-29T16:00:00+01:00
8.8,,,False,2,pm25,µg/m³,,raw,01:00:00,2016-02-29T15:00:00Z,2016-02-29T16:00:00+01:00,2016-02-29T16:00:00Z,2016-02-29T17:00:00+01:00,1,01:00:00,1,24:00:00,100.0,2400.0,2016-02-28T16:00:00Z,2016-02-28T17:00:00+01:00,2016-02-29T16:00:00Z,2016-02-29T17:00:00+01:00
9.22916666666667,,,False,2,pm25,µg/m³,,raw,01:00:00,2016-02-29T16:00:00Z,2016-02-29T17:00:00+01:00,2016-02-29T17:00:00Z,2016-02-29T18:00:00+01:00,1,01:00:00,1,24:00:00,100.0,2400.0,2016-02-28T17:00:00Z,2016-02-28T18:00:00+01:00,2016-02-29T17:00:00Z,2016-02-29T18:00:00+01:00
10.0416666666667,,,False,2,pm25,µg/m³,,raw,01:00:00,2016-02-29T17:00:00Z,2016-02-29T18:00:00+01:00,2016-02-29T18:00:00Z,2016-02-29T19:00:00+01:00,1,01:00:00,1,24:00:00,100.0,2400.0,2016-02-28T18:00:00Z,2016-02-28T19:00:00+01:00,2016-02-29T18:00:00Z,2016-02-29T19:00:00+01:00
10.8,,,False,2,pm25,µg/m³,,raw,01:00:00,2016-02-29T18:00:00Z,2016-02-29T19:00:00+01:00,2016-02-29T19:00:00Z,2016-02-29T20:00:00+01:00,1,01:00:00,1,24:00:00,100.0,2400.0,2016-02-28T19:00:00Z,2016-02-28T20:00:00+01:00,2016-02-29T19:00:00Z,2016-02-29T20:00:00+01:00
11.3416666666667,,,False,2,pm25,µg/m³,,raw,01:00:00,2016-02-29T19:00:00Z,2016-02-29T20:00:00+01:00,2016-02-29T20:00:00Z,2016-02-29T21:00:00+01:00,1,01:00:00,1,24:00:00,100.0,2400.0,2016-02-28T20:00:00Z,2016-02-28T21:00:00+01:00,2016-02-29T20:00:00Z,2016-02-29T21:00:00+01:00
11.6541666666667,,,False,2,pm25,µg/m³,,raw,01:00:00,2016-02-29T20:00:00Z,2016-02-29T21:00:00+01:00,2016-02-29T21:00:00Z,2016-02-29T22:00:00+01:00,1,01:00:00,1,24:00:00,100.0,2400.0,2016-02-28T21:00:00Z,2016-02-28T22:00:00+01:00,2016-02-29T21:00:00Z,2016-02-29T22:00:00+01:00
11.8565217391304,,,False,2,pm25,µg/m³,,raw,01:00:00,2016-02-29T21:00:00Z,2016-02-29T22:00:00+01:00,2016-02-29T22:00:00Z,2016-02-29T23:00:00+01:00,1,01:00:00,1,24:00:00,100.0,2400.0,2016-02-28T22:00:00Z,2016-02-28T23:00:00+01:00,2016-02-29T22:00:00Z,2016-02-29T23:00:00+01:00
25.55,,,False,2,pm25,µg/m³,,raw,01:00:00,2016-03-06T18:00:00Z,2016-03-06T19:00:00+01:00,2016-03-06T19:00:00Z,2016-03-06T20:00:00+01:00,1,01:00:00,1,24:00:00,100.0,2400.0,2016-03-05T19:00:00Z,2016-03-05T20:00:00+01:00,2016-03-06T19:00:00Z,2016-03-06T20:00:00+01:00
24.6958333333333,,,False,2,pm25,µg/m³,,raw,01:00:00,2016-03-06T19:00:00Z,2016-03-06T20:00:00+01:00,2016-03-06T20:00:00Z,2016-03-06T21:00:00+01:00,1,01:00:00,1,24:00:00,100.0,2400.0,2016-03-05T20:00:00Z,2016-03-05T21:00:00+01:00,2016-03-06T20:00:00Z,2016-03-06T21:00:00+01:00
24.1375,,,False,2,pm25,µg/m³,,raw,01:00:00,2016-03-06T20:00:00Z,2016-03-06T21:00:00+01:00,2016-03-06T21:00:00Z,2016-03-06T22:00:00+01:00,1,01:00:00,1,24:00:00,100.0,2400.0,2016-03-05T21:00:00Z,2016-03-05T22:00:00+01:00,2016-03-06T21:00:00Z,2016-03-06T22:00:00+01:00
24.4652173913043,,,False,2,pm25,µg/m³,,raw,01:00:00,2016-03-06T21:00:00Z,2016-03-06T22:00:00+01:00,2016-03-06T22:00:00Z,2016-03-06T23:00:00+01:00,1,01:00:00,1,24:00:00,100.0,2400.0,2016-03-05T22:00:00Z,2016-03-05T23:00:00+01:00,2016-03-06T22:00:00Z,2016-03-06T23:00:00+01:00
23.2166666666667,,,False,2,pm25,µg/m³,,raw,01:00:00,2016-03-06T22:00:00Z,2016-03-06T23:00:00+01:00,2016-03-06T23:00:00Z,2016-03-07T00:00:00+01:00,1,01:00:00,1,24:00:00,100.0,2400.0,2016-03-05T23:00:00Z,2016-03-06T00:00:00+01:00,2016-03-06T23:00:00Z,2016-03-07T00:00:00+01:00
22.3916666666667,,,False,2,pm25,µg/m³,,raw,01:00:00,2016-03-06T23:00:00Z,2016-03-07T00:00:00+01:00,2016-03-07T00:00:00Z,2016-03-07T01:00:00+01:00,1,01:00:00,1,24:00:00,100.0,2400.0,2016-03-06T00:00:00Z,2016-03-06T01:00:00+01:00,2016-03-07T00:00:00Z,2016-03-07T01:00:00+01:00
21.625,,,False,2,pm25,µg/m³,,raw,01:00:00,2016-03-07T00:00:00Z,2016-03-07T01:00:00+01:00,2016-03-07T01:00:00Z,2016-03-07T02:00:00+01:00,1,01:00:00,1,24:00:00,100.0,2400.0,2016-03-06T01:00:00Z,2016-03-06T02:00:00+01:00,2016-03-07T01:00:00Z,2016-03-07T02:00:00+01:00
20.8375,,,False,2,pm25,µg/m³,,raw,01:00:00,2016-03-07T01:00:00Z,2016-03-07T02:00:00+01:00,2016-03-07T02:00:00Z,2016-03-07T03:00:00+01:00,1,01:00:00,1,24:00:00,100.0,2400.0,2016-03-06T02:00:00Z,2016-03-06T03:00:00+01:00,2016-03-07T02:00:00Z,2016-03-07T03:00:00+01:00
20.1,,,False,2,pm25,µg/m³,,raw,01:00:00,2016-03-07T02:00:00Z,2016-03-07T03:00:00+01:00,2016-03-07T03:00:00Z,2016-03-07T04:00:00+01:00,1,01:00:00,1,24:00:00,100.0,2400.0,2016-03-06T03:00:00Z,2016-03-06T04:00:00+01:00,2016-03-07T03:00:00Z,2016-03-07T04:00:00+01:00
19.7521739130435,,,False,2,pm25,µg/m³,,raw,01:00:00,2016-03-07T03:00:00Z,2016-03-07T04:00:00+01:00,2016-03-07T04:00:00Z,2016-03-07T05:00:00+01:00,1,01:00:00,1,24:00:00,100.0,2400.0,2016-03-06T04:00:00Z,2016-03-06T05:00:00+01:00,2016-03-07T04:00:00Z,2016-03-07T05:00:00+01:00
18.55,,,False,2,pm25,µg/m³,,raw,01:00:00,2016-03-07T04:00:00Z,2016-03-07T05:00:00+01:00,2016-03-07T05:00:00Z,2016-03-07T06:00:00+01:00,1,01:00:00,1,24:00:00,100.0,2400.0,2016-03-06T05:00:00Z,2016-03-06T06:00:00+01:00,2016-03-07T05:00:00Z,2016-03-07T06:00:00+01:00
17.4666666666667,,,False,2,pm25,µg/m³,,raw,01:00:00,2016-03-07T05:00:00Z,2016-03-07T06:00:00+01:00,2016-03-07T06:00:00Z,2016-03-07T07:00:00+01:00,1,01:00:00,1,24:00:00,100.0,2400.0,2016-03-06T06:00:00Z,2016-03-06T07:00:00+01:00,2016-03-07T06:00:00Z,2016-03-07T07:00:00+01:00
16.5166666666667,,,False,2,pm25,µg/m³,,raw,01:00:00,2016-03-07T06:00:00Z,2016-03-07T07:00:00+01:00,2016-03-07T07:00:00Z,2016-03-07T08:00:00+01:00,1,01:00:00,1,24:00:00,100.0,2400.0,2016-03-06T07:00:00Z,2016-03-06T08:00:00+01:00,2016-03-07T07:00:00Z,2016-03-07T08:00:00+01:00
15.4958333333333,,,False,2,pm25,µg/m³,,raw,01:00:00,2016-03-07T07:00:00Z,2016-03-07T08:00:00+01:00,2016-03-07T08:00:00Z,2016-03-07T09:00:00+01:00,1,01:00:00,1,24:00:00,100.0,2400.0,2016-03-06T08:00:00Z,2016-03-06T09:00:00+01:00,2016-03-07T08:00:00Z,2016-03-07T09:00:00+01:00
14.2458333333333,,,False,2,pm25,µg/m³,,raw,01:00:00,2016-03-07T08:00:00Z,2016-03-07T09:00:00+01:00,2016-03-07T09:00:00Z,2016-03-07T10:00:00+01:00,1,01:00:00,1,24:00:00,100.0,2400.0,2016-03-06T09:00:00Z,2016-03-06T10:00:00+01:00,2016-03-07T09:00:00Z,2016-03-07T10:00:00+01:00
12.8875,,,False,2,pm25,µg/m³,,raw,01:00:00,2016-03-07T09:00:00Z,2016-03-07T10:00:00+01:00,2016-03-07T10:00:00Z,2016-03-07T11:00:00+01:00,1,01:00:00,1,24:00:00,100.0,2400.0,2016-03-06T10:00:00Z,2016-03-06T11:00:00+01:00,2016-03-07T10:00:00Z,2016-03-07T11:00:00+01:00
11.3125,,,False,2,pm25,µg/m³,,raw,01:00:00,2016-03-07T10:00:00Z,2016-03-07T11:00:00+01:00,2016-03-07T11:00:00Z,2016-03-07T12:00:00+01:00,1,01:00:00,1,24:00:00,100.0,2400.0,2016-03-06T11:00:00Z,2016-03-06T12:00:00+01:00,2016-03-07T11:00:00Z,2016-03-07T12:00:00+01:00
9.77916666666667,,,False,2,pm25,µg/m³,,raw,01:00:00,2016-03-07T11:00:00Z,2016-03-07T12:00:00+01:00,2016-03-07T12:00:00Z,2016-03-07T13:00:00+01:00,1,01:00:00,1,24:00:00,100.0,2400.0,2016-03-06T12:00:00Z,2016-03-06T13:00:00+01:00,2016-03-07T12:00:00Z,2016-03-07T13:00:00+01:00
8.6625,,,False,2,pm25,µg/m³,,raw,01:00:00,2016-03-07T12:00:00Z,2016-03-07T13:00:00+01:00,2016-03-07T13:00:00Z,2016-03-07T14:00:00+01:00,1,01:00:00,1,24:00:00,100.0,2400.0,2016-03-06T13:00:00Z,2016-03-06T14:00:00+01:00,2016-03-07T13:00:00Z,2016-03-07T14:00:00+01:00
7.96666666666667,,,False,2,pm25,µg/m³,,raw,01:00:00,2016-03-07T13:00:00Z,2016-03-07T14:00:00+01:00,2016-03-07T14:00:00Z,2016-03-07T15:00:00+01:00,1,01:00:00,1,24:00:00,100.0,2400.0,2016-03-06T14:00:00Z,2016-03-06T15:00:00+01:00,2016-03-07T14:00:00Z,2016-03-07T15:00:00+01:00
7.97916666666667,,,False,2,pm25,µg/m³,,raw,01:00:00,2016-03-07T14:00:00Z,2016-03-07T15:00:00+01:00,2016-03-07T15:00:00Z,2016-03-07T16:00:00+01:00,1,01:00:00,1,24:00:00,100.0,2400.0,2016-03-06T15:00:00Z,2016-03-06T16:00:00+01:00,2016-03-07T15:00:00Z,2016-03-07T16:00:00+01:00
7.64583333333333,,,False,2,pm25,µg/m³,,raw,01:00:00,2016-03-07T15:00:00Z,2016-03-07T16:00:00+01:00,2016-03-07T16:00:00Z,2016-03-07T17:00:00+01:00,1,01:00:00,1,24:00:00,100.0,2400.0,2016-03-06T16:00:00Z,2016-03-06T17:00:00+01:00,2016-03-07T16:00:00Z,2016-03-07T17:00:00+01:00
7.57083333333333,,,False,2,pm25,µg/m³,,raw,01:00:00,2016-03-07T16:00:00Z,2016-03-07T17:00:00+01:00,2016-03-07T17:00:00Z,2016-03-07T18:00:00+01:00,1,01:00:00,1,24:00:00,100.0,2400.0,2016-03-06T17:00:00Z,2016-03-06T18:00:00+01:00,2016-03-07T17:00:00Z,2016-03-07T18:00:00+01:00
7.43333333333333,,,False,2,pm25,µg/m³,,raw,01:00:00,2016-03-07T17:00:00Z,2016-03-07T18:00:00+01:00,2016-03-07T18:00:00Z,2016-03-07T19:00:00+01:00,1,01:00:00,1,24:00:00,100.0,2400.0,2016-03-06T18:00:00Z,2016-03-06T19:00:00+01:00,2016-03-07T18:00:00Z,2016-03-07T19:00:00+01:00
7.76086956521739,,,False,2,pm25,µg/m³,,raw,01:00:00,2016-03-07T18:00:00Z,2016-03-07T19:00:00+01:00,2016-03-07T19:00:00Z,2016-03-07T20:00:00+01:00,1,01:00:00,1,24:00:00,100.0,2400.0,2016-03-06T19:00:00Z,2016-03-06T20:00:00+01:00,2016-03-07T19:00:00Z,2016-03-07T20:00:00+01:00
7.7875,,,False,2,pm25,µg/m³,,raw,01:00:00,2016-03-07T19:00:00Z,2016-03-07T20:00:00+01:00,2016-03-07T20:00:00Z,2016-03-07T21:00:00+01:00,1,01:00:00,1,24:00:00,100.0,2400.0,2016-03-06T20:00:00Z,2016-03-06T21:00:00+01:00,2016-03-07T20:00:00Z,2016-03-07T21:00:00+01:00
8.0625,,,False,2,pm25,µg/m³,,raw,01:00:00,2016-03-07T20:00:00Z,2016-03-07T21:00:00+01:00,2016-03-07T21:00:00Z,2016-03-07T22:00:00+01:00,1,01:00:00,1,24:00:00,100.0,2400.0,2016-03-06T21:00:00Z,2016-03-06T22:00:00+01:00,2016-03-07T21:00:00Z,2016-03-07T22:00:00+01:00
8.07826086956522,,,False,2,pm25,µg/m³,,raw,01:00:00,2016-03-07T21:00:00Z,2016-03-07T22:00:00+01:00,2016-03-07T22:00:00Z,2016-03-07T23:00:00+01:00,1,01:00:00,1,24:00:00,100.0,2400.0,2016-03-06T22:00:00Z,2016-03-06T23:00:00+01:00,2016-03-07T22:00:00Z,2016-03-07T23:00:00+01:00
8.60416666666667,,,False,2,pm25,µg/m³,,raw,01:00:00,2016-03-07T22:00:00Z,2016-03-07T23:00:00+01:00,2016-03-07T23:00:00Z,2016-03-08T00:00:00+01:00,1,01:00:00,1,24:00:00,100.0,2400.0,2016-03-06T23:00:00Z,2016-03-07T00:00:00+01:00,2016-03-07T23:00:00Z,2016-03-08T00:00:00+01:00
8.80833333333333,,,False,2,pm25,µg/m³,,raw,01:00:00,2016-03-07T23:00:00Z,2016-03-08T00:00:00+01:00,2016-03-08T00:00:00Z,2016-03-08T01:00:00+01:00,1,01:00:00,1,24:00:00,100.0,2400.0,2016-03-07T00:00:00Z,2016-03-07T01:00:00+01:00,2016-03-08T00:00:00Z,2016-03-08T01:00:00+01:00
8.92083333333333,,,False,2,pm25,µg/m³,,raw,01:00:00,2016-03-08T00:00:00Z,2016-03-08T01:00:00+01:00,2016-03-08T01:00:00Z,2016-03-08T02:00:00+01:00,1,01:00:00,1,24:00:00,100.0,2400.0,2016-03-07T01:00:00Z,2016-03-07T02:00:00+01:00,2016-03-08T01:00:00Z,2016-03-08T02:00:00+01:00
9.075,,,False,2,pm25,µg/m³,,raw,01:00:00,2016-03-08T01:00:00Z,2016-03-08T02:00:00+01:00,2016-03-08T02:00:00Z,2016-03-08T03:00:00+01:00,1,01:00:00,1,24:00:00,100.0,2400.0,2016-03-07T02:00:00Z,2016-03-07T03:00:00+01:00,2016-03-08T02:00:00Z,2016-03-08T03:00:00+01:00
9.25833333333333,,,False,2,pm25,µg/m³,,raw,01:00:00,2016-03-08T02:00:00Z,2016-03-08T03:00:00+01:00,2016-03-08T03:00:00Z,2016-03-08T04:00:00+01:00,1,01:00:00,1,24:00:00,100.0,2400.0,2016-03-07T03:00:00Z,2016-03-07T04:00:00+01:00,2016-03-08T03:00:00Z,2016-03-08T04:00:00+01:00
9.51666666666667,,,False,2,pm25,µg/m³,,raw,01:00:00,2016-03-08T03:00:00Z,2016-03-08T04:00:00+01:00,2016-03-08T04:00:00Z,2016-03-08T05:00:00+01:00,1,01:00:00,1,24:00:00,100.0,2400.0,2016-03-07T04:00:00Z,2016-03-07T05:00:00+01:00,2016-03-08T04:00:00Z,2016-03-08T05:00:00+01:00
9.31666666666667,,,False,2,pm25,µg/m³,,raw,01:00:00,2016-03-08T04:00:00Z,2016-03-08T05:00:00+01:00,2016-03-08T05:00:00Z,2016-03-08T06:00:00+01:00,1,01:00:00,1,24:00:00,100.0,2400.0,2016-03-07T05:00:00Z,2016-03-07T06:00:00+01:00,2016-03-08T05:00:00Z,2016-03-08T06:00:00+01:00
9.21666666666667,,,False,2,pm25,µg/m³,,raw,01:00:00,2016-03-08T05:00:00Z,2016-03-08T06:00:00+01:00,2016-03-08T06:00:00Z,2016-03-08T07:00:00+01:00,1,01:00:00,1,24:00:00,100.0,2400.0,2016-03-07T06:00:00Z,2016-03-07T07:00:00+01:00,2016-03-08T06:00:00Z,2016-03-08T07:00:00+01:00
9.1375,,,False,2,pm25,µg/m³,,raw,01:00:00,2016-03-08T06:00:00Z,2016-03-08T07:00:00+01:00,2016-03-08T07:00:00Z,2016-03-08T08:00:00+01:00,1,01:00:00,1,24:00:00,100.0,2400.0,2016-03-07T07:00:00Z,2016-03-07T08:00:00+01:00,2016-03-08T07:00:00Z,2016-03-08T08:00:00+01:00
9.22083333333333,,,False,2,pm25,µg/m³,,raw,01:00:00,2016-03-08T07:00:00Z,2016-03-08T08:00:00+01:00,2016-03-08T08:00:00Z,2016-03-08T09:00:00+01:00,1,01:00:00,1,24:00:00,100.0,2400.0,2016-03-07T08:00:00Z,2016-03-07T09:00:00+01:00,2016-03-08T08:00:00Z,2016-03-08T09:00:00+01:00
9.27083333333333,,,False,2,pm25,µg/m³,,raw,01:00:00,2016-03-08T08:00:00Z,2016-03-08T09:00:00+01:00,2016-03-08T09:00:00Z,2016-03-08T10:00:00+01:00,1,01:00:00,1,24:00:00,100.0,2400.0,2016-03-07T09:00:00Z,2016-03-07T10:00:00+01:00,2016-03-08T09:00:00Z,2016-03-08T10:00:00+01:00
9.4,,,False,2,pm25,µg/m³,,raw,01:00:00,2016-03-08T09:00:00Z,2016-03-08T10:00:00+01:00,2016-03-08T10:00:00Z,2016-03-08T11:00:00+01:00,1,01:00:00,1,24:00:00,100.0,2400.0,2016-03-07T10:00:00Z,2016-03-07T11:00:00+01:00,2016-03-08T10:00:00Z,2016-03-08T11:00:00+01:00
9.93333333333333,,,False,2,pm25,µg/m³,,raw,01:00:00,2016-03-08T10:00:00Z,2016-03-08T11:00:00+01:00,2016-03-08T11:00:00Z,2016-03-08T12:00:00+01:00,1,01:00:00,1,24:00:00,100.0,2400.0,2016-03-07T11:00:00Z,2016-03-07T12:00:00+01:00,2016-03-08T11:00:00Z,2016-03-08T12:00:00+01:00
9.94583333333333,,,False,2,pm25,µg/m³,,raw,01:00:00,2016-03-08T11:00:00Z,2016-03-08T12:00:00+01:00,2016-03-08T12:00:00Z,2016-03-08T13:00:00+01:00,1,01:00:00,1,24:00:00,100.0,2400.0,2016-03-07T12:00:00Z,2016-03-07T13:00:00+01:00,2016-03-08T12:00:00Z,2016-03-08T13:00:00+01:00
9.77916666666667,,,False,2,pm25,µg/m³,,raw,01:00:00,2016-03-08T12:00:00Z,2016-03-08T13:00:00+01:00,2016-03-08T13:00:00Z,2016-03-08T14:00:00+01:00,1,01:00:00,1,24:00:00,100.0,2400.0,2016-03-07T13:00:00Z,2016-03-07T14:00:00+01:00,2016-03-08T13:00:00Z,2016-03-08T14:00:00+01:00
9.5,,,False,2,pm25,µg/m³,,raw,01:00:00,2016-03-08T13:00:00Z,2016-03-08T14:00:00+01:00,2016-03-08T14:00:00Z,2016-03-08T15:00:00+01:00,1,01:00:00,1,24:00:00,100.0,2400.0,2016-03-07T14:00:00Z,2016-03-07T15:00:00+01:00,2016-03-08T14:00:00Z,2016-03-08T15:00:00+01:00
9.3625,,,False,2,pm25,µg/m³,,raw,01:00:00,2016-03-08T14:00:00Z,2016-03-08T15:00:00+01:00,2016-03-08T15:00:00Z,2016-03-08T16:00:00+01:00,1,01:00:00,1,24:00:00,100.0,2400.0,2016-03-07T15:00:00Z,2016-03-07T16:00:00+01:00,2016-03-08T15:00:00Z,2016-03-08T16:00:00+01:00
9.3125,,,False,2,pm25,µg/m³,,raw,01:00:00,2016-03-08T15:00:00Z,2016-03-08T16:00:00+01:00,2016-03-08T16:00:00Z,2016-03-08T17:00:00+01:00,1,01:00:00,1,24:00:00,100.0,2400.0,2016-03-07T16:00:00Z,2016-03-07T17:00:00+01:00,2016-03-08T16:00:00Z,2016-03-08T17:00:00+01:00
9.14583333333333,,,False,2,pm25,µg/m³,,raw,01:00:00,2016-03-08T16:00:00Z,2016-03-08T17:00:00+01:00,2016-03-08T17:00:00Z,2016-03-08T18:00:00+01:00,1,01:00:00,1,24:00:00,100.0,2400.0,2016-03-07T17:00:00Z,2016-03-07T18:00:00+01:00,2016-03-08T17:00:00Z,2016-03-08T18:00:00+01:00
9.10416666666667,,,False,2,pm25,µg/m³,,raw,01:00:00,2016-03-08T17:00:00Z,2016-03-08T18:00:00+01:00,2016-03-08T18:00:00Z,2016-03-08T19:00:00+01:00,1,01:00:00,1,24:00:00,100.0,2400.0,2016-03-07T18:00:00Z,2016-03-07T19:00:00+01:00,2016-03-08T18:00:00Z,2016-03-08T19:00:00+01:00
9.23333333333333,,,False,2,pm25,µg/m³,,raw,01:00:00,2016-03-08T18:00:00Z,2016-03-08T19:00:00+01:00,2016-03-08T19:00:00Z,2016-03-08T20:00:00+01:00,1,01:00:00,1,24:00:00,100.0,2400.0,2016-03-07T19:00:00Z,2016-03-07T20:00:00+01:00,2016-03-08T19:00:00Z,2016-03-08T20:00:00+01:00
9.15416666666667,,,False,2,pm25,µg/m³,,raw,01:00:00,2016-03-08T19:00:00Z,2016-03-08T20:00:00+01:00,2016-03-08T20:00:00Z,2016-03-08T21:00:00+01:00,1,01:00:00,1,24:00:00,100.0,2400.0,2016-03-07T20:00:00Z,2016-03-07T21:00:00+01:00,2016-03-08T20:00:00Z,2016-03-08T21:00:00+01:00
8.73333333333333,,,False,2,pm25,µg/m³,,raw,01:00:00,2016-03-08T20:00:00Z,2016-03-08T21:00:00+01:00,2016-03-08T21:00:00Z,2016-03-08T22:00:00+01:00,1,01:00:00,1,24:00:00,100.0,2400.0,2016-03-07T21:00:00Z,2016-03-07T22:00:00+01:00,2016-03-08T21:00:00Z,2016-03-08T22:00:00+01:00
8.71304347826087,,,False,2,pm25,µg/m³,,raw,01:00:00,2016-03-08T21:00:00Z,2016-03-08T22:00:00+01:00,2016-03-08T22:00:00Z,2016-03-08T23:00:00+01:00,1,01:00:00,1,24:00:00,100.0,2400.0,2016-03-07T22:00:00Z,2016-03-07T23:00:00+01:00,2016-03-08T22:00:00Z,2016-03-08T23:00:00+01:00
8.84583333333333,,,False,2,pm25,µg/m³,,raw,01:00:00,2016-03-08T22:00:00Z,2016-03-08T23:00:00+01:00,2016-03-08T23:00:00Z,2016-03-09T00:00:00+01:00,1,01:00:00,1,24:00:00,100.0,2400.0,2016-03-07T23:00:00Z,2016-03-08T00:00:00+01:00,2016-03-08T23:00:00Z,2016-03-09T00:00:00+01:00
9.10833333333333,,,False,2,pm25,µg/m³,,raw,01:00:00,2016-03-08T23:00:00Z,2016-03-09T00:00:00+01:00,2016-03-09T00:00:00Z,2016-03-09T01:00:00+01:00,1,01:00:00,1,24:00:00,100.0,2400.0,2016-03-08T00:00:00Z,2016-03-08T01:00:00+01:00,2016-03-09T00:00:00Z,2016-03-09T01:00:00+01:00
9.01739130434783,,,False,2,pm25,µg/m³,,raw,01:00:00,2016-03-09T00:00:00Z,2016-03-09T01:00:00+01:00,2016-03-09T01:00:00Z,2016-03-09T02:00:00+01:00,1,01:00:00,1,24:00:00,100.0,2400.0,2016-03-08T01:00:00Z,2016-03-08T02:00:00+01:00,2016-03-09T01:00:00Z,2016-03-09T02:00:00+01:00
9.83333333333333,,,False,2,pm25,µg/m³,,raw,01:00:00,2016-03-09T01:00:00Z,2016-03-09T02:00:00+01:00,2016-03-09T02:00:00Z,2016-03-09T03:00:00+01:00,1,01:00:00,1,24:00:00,100.0,2400.0,2016-03-08T02:00:00Z,2016-03-08T03:00:00+01:00,2016-03-09T02:00:00Z,2016-03-09T03:00:00+01:00
10.2458333333333,,,False,2,pm25,µg/m³,,raw,01:00:00,2016-03-09T02:00:00Z,2016-03-09T03:00:00+01:00,2016-03-09T03:00:00Z,2016-03-09T04:00:00+01:00,1,01:00:00,1,24:00:00,100.0,2400.0,2016-03-08T03:00:00Z,2016-03-08T04:00:00+01:00,2016-03-09T03:00:00Z,2016-03-09T04:00:00+01:00
10.6458333333333,,,False,2,pm25,µg/m³,,raw,01:00:00,2016-03-09T03:00:00Z,2016-03-09T04:00:00+01:00,2016-03-09T04:00:00Z,2016-03-09T05:00:00+01:00,1,01:00:00,1,24:00:00,100.0,2400.0,2016-03-08T04:00:00Z,2016-03-08T05:00:00+01:00,2016-03-09T04:00:00Z,2016-03-09T05:00:00+01:00
10.9916666666667,,,False,2,pm25,µg/m³,,raw,01:00:00,2016-03-09T04:00:00Z,2016-03-09T05:00:00+01:00,2016-03-09T05:00:00Z,2016-03-09T06:00:00+01:00,1,01:00:00,1,24:00:00,100.0,2400.0,2016-03-08T05:00:00Z,2016-03-08T06:00:00+01:00,2016-03-09T05:00:00Z,2016-03-09T06:00:00+01:00
11.5666666666667,,,False,2,pm25,µg/m³,,raw,01:00:00,2016-03-09T05:00:00Z,2016-03-09T06:00:00+01:00,2016-03-09T06:00:00Z,2016-03-09T07:00:00+01:00,1,01:00:00,1,24:00:00,100.0,2400.0,2016-03-08T06:00:00Z,2016-03-08T07:00:00+01:00,2016-03-09T06:00:00Z,2016-03-09T07:00:00+01:00
12.0083333333333,,,False,2,pm25,µg/m³,,raw,01:00:00,2016-03-09T06:00:00Z,2016-03-09T07:00:00+01:00,2016-03-09T07:00:00Z,2016-03-09T08:00:00+01:00,1,01:00:00,1,24:00:00,100.0,2400.0,2016-03-08T07:00:00Z,2016-03-08T08:00:00+01:00,2016-03-09T07:00:00Z,2016-03-09T08:00:00+01:00
12.2166666666667,,,False,2,pm25,µg/m³,,raw,01:00:00,2016-03-09T07:00:00Z,2016-03-09T08:00:00+01:00,2016-03-09T08:00:00Z,2016-03-09T09:00:00+01:00,1,01:00:00,1,24:00:00,100.0,2400.0,2016-03-08T08:00:00Z,2016-03-08T09:00:00+01:00,2016-03-09T08:00:00Z,2016-03-09T09:00:00+01:00
12.5375,,,False,2,pm25,µg/m³,,raw,01:00:00,2016-03-09T08:00:00Z,2016-03-09T09:00:00+01:00,2016-03-09T09:00:00Z,2016-03-09T10:00:00+01:00,1,01:00:00,1,24:00:00,100.0,2400.0,2016-03-08T09:00:00Z,2016-03-08T10:00:00+01:00,2016-03-09T09:00:00Z,2016-03-09T10:00:00+01:00
12.9375,,,False,2,pm25,µg/m³,,raw,01:00:00,2016-03-09T09:00:00Z,2016-03-09T10:00:00+01:00,2016-03-09T10:00:00Z,2016-03-09T11:00:00+01:00,1,01:00:00,1,24:00:00,100.0,2400.0,2016-03-08T10:00:00Z,2016-03-08T11:00:00+01:00,2016-03-09T10:00:00Z,2016-03-09T11:00:00+01:00
12.6875,,,False,2,pm25,µg/m³,,raw,01:00:00,2016-03-09T10:00:00Z,2016-03-09T11:00:00+01:00,2016-03-09T11:00:00Z,2016-03-09T12:00:00+01:00,1,01:00:00,1,24:00:00,100.0,2400.0,2016-03-08T11:00:00Z,2016-03-08T12:00:00+01:00,2016-03-09T11:00:00Z,2016-03-09T12:00:00+01:00
12.904347826087,,,False,2,pm25,µg/m³,,raw,01:00:00,2016-03-09T11:00:00Z,2016-03-09T12:00:00+01:00,2016-03-09T12:00:00Z,2016-03-09T13:00:00+01:00,1,01:00:00,1,24:00:00,100.0,2400.0,2016-03-08T12:00:00Z,2016-03-08T13:00:00+01:00,2016-03-09T12:00:00Z,2016-03-09T13:00:00+01:00
13.2625,,,False,2,pm25,µg/m³,,raw,01:00:00,2016-03-09T12:00:00Z,2016-03-09T13:00:00+01:00,2016-03-09T13:00:00Z,2016-03-09T14:00:00+01:00,1,01:00:00,1,24:00:00,100.0,2400.0,2016-03-08T13:00:00Z,2016-03-08T14:00:00+01:00,2016-03-09T13:00:00Z,2016-03-09T14:00:00+01:00
13.4791666666667,,,False,2,pm25,µg/m³,,raw,01:00:00,2016-03-09T13:00:00Z,2016-03-09T14:00:00+01:00,2016-03-09T14:00:00Z,2016-03-09T15:00:00+01:00,1,01:00:00,1,24:00:00,100.0,2400.0,2016-03-08T14:00:00Z,2016-03-08T15:00:00+01:00,2016-03-09T14:00:00Z,2016-03-09T15:00:00+01:00
13.6416666666667,,,False,2,pm25,µg/m³,,raw,01:00:00,2016-03-09T14:00:00Z,2016-03-09T15:00:00+01:00,2016-03-09T15:00:00Z,2016-03-09T16:00:00+01:00,1,01:00:00,1,24:00:00,100.0,2400.0,2016-03-08T15:00:00Z,2016-03-08T16:00:00+01:00,2016-03-09T15:00:00Z,2016-03-09T16:00:00+01:00
13.9826086956522,,,False,2,pm25,µg/m³,,raw,01:00:00,2016-03-09T15:00:00Z,2016-03-09T16:00:00+01:00,2016-03-09T16:00:00Z,2016-03-09T17:00:00+01:00,1,01:00:00,1,24:00:00,100.0,2400.0,2016-03-08T16:00:00Z,2016-03-08T17:00:00+01:00,2016-03-09T16:00:00Z,2016-03-09T17:00:00+01:00
14.575,,,False,2,pm25,µg/m³,,raw,01:00:00,2016-03-09T16:00:00Z,2016-03-09T17:00:00+01:00,2016-03-09T17:00:00Z,2016-03-09T18:00:00+01:00,1,01:00:00,1,24:00:00,100.0,2400.0,2016-03-08T17:00:00Z,2016-03-08T18:00:00+01:00,2016-03-09T17:00:00Z,2016-03-09T18:00:00+01:00
15.05,,,False,2,pm25,µg/m³,,raw,01:00:00,2016-03-09T17:00:00Z,2016-03-09T18:00:00+01:00,2016-03-09T18:00:00Z,2016-03-09T19:00:00+01:00,1,01:00:00,1,24:00:00,100.0,2400.0,2016-03-08T18:00:00Z,2016-03-08T19:00:00+01:00,2016-03-09T18:00:00Z,2016-03-09T19:00:00+01:00
15.4875,,,False,2,pm25,µg/m³,,raw,01:00:00,2016-03-09T18:00:00Z,2016-03-09T19:00:00+01:00,2016-03-09T19:00:00Z,2016-03-09T20:00:00+01:00,1,01:00:00,1,24:00:00,100.0,2400.0,2016-03-08T19:00:00Z,2016-03-08T20:00:00+01:00,2016-03-09T19:00:00Z,2016-03-09T20:00:00+01:00
16.2708333333333,,,False,2,pm25,µg/m³,,raw,01:00:00,2016-03-09T19:00:00Z,2016-03-09T20:00:00+01:00,2016-03-09T20:00:00Z,2016-03-09T21:00:00+01:00,1,01:00:00,1,24:00:00,100.0,2400.0,2016-03-08T20:00:00Z,2016-03-08T21:00:00+01:00,2016-03-09T20:00:00Z,2016-03-09T21:00:00+01:00
16.9875,,,False,2,pm25,µg/m³,,raw,01:00:00,2016-03-09T20:00:00Z,2016-03-09T21:00:00+01:00,2016-03-09T21:00:00Z,2016-03-09T22:00:00+01:00,1,01:00:00,1,24:00:00,100.0,2400.0,2016-03-08T21:00:00Z,2016-03-08T22:00:00+01:00,2016-03-09T21:00:00Z,2016-03-09T22:00:00+01:00
17.3826086956522,,,False,2,pm25,µg/m³,,raw,01:00:00,2016-03-09T21:00:00Z,2016-03-09T22:00:00+01:00,2016-03-09T22:00:00Z,2016-03-09T23:00:00+01:00,1,01:00:00,1,24:00:00,100.0,2400.0,2016-03-08T22:00:00Z,2016-03-08T23:00:00+01:00,2016-03-09T22:00:00Z,2016-03-09T23:00:00+01:00
17.4666666666667,,,False,2,pm25,µg/m³,,raw,01:00:00,2016-03-09T22:00:00Z,2016-03-09T23:00:00+01:00,2016-03-09T23:00:00Z,2016-03-10T00:00:00+01:00,1,01:00:00,1,24:00:00,100.0,2400.0,2016-03-08T23:00:00Z,2016-03-09T00:00:00+01:00,2016-03-09T23:00:00Z,2016-03-10T00:00:00+01:00
17.3375,,,False,2,pm25,µg/m³,,raw,01:00:00,2016-03-09T23:00:00Z,2016-03-10T00:00:00+01:00,2016-03-10T00:00:00Z,2016-03-10T01:00:00+01:00,1,01:00:00,1,24:00:00,100.0,2400.0,2016-03-09T00:00:00Z,2016-03-09T01:00:00+01:00,2016-03-10T00:00:00Z,2016-03-10T01:00:00+01:00
17.3791666666667,,,False,2,pm25,µg/m³,,raw,01:00:00,2016-03-10T00:00:00Z,2016-03-10T01:00:00+01:00,2016-03-10T01:00:00Z,2016-03-10T02:00:00+01:00,1,01:00:00,1,24:00:00,100.0,2400.0,2016-03-09T01:00:00Z,2016-03-09T02:00:00+01:00,2016-03-10T01:00:00Z,2016-03-10T02:00:00+01:00
17.6041666666667,,,False,2,pm25,µg/m³,,raw,01:00:00,2016-03-10T01:00:00Z,2016-03-10T02:00:00+01:00,2016-03-10T02:00:00Z,2016-03-10T03:00:00+01:00,1,01:00:00,1,24:00:00,100.0,2400.0,2016-03-09T02:00:00Z,2016-03-09T03:00:00+01:00,2016-03-10T02:00:00Z,2016-03-10T03:00:00+01:00
17.8583333333333,,,False,2,pm25,µg/m³,,raw,01:00:00,2016-03-10T02:00:00Z,2016-03-10T03:00:00+01:00,2016-03-10T03:00:00Z,2016-03-10T04:00:00+01:00,1,01:00:00,1,24:00:00,100.0,2400.0,2016-03-09T03:00:00Z,2016-03-09T04:00:00+01:00,2016-03-10T03:00:00Z,2016-03-10T04:00:00+01:00
18.25,,,False,2,pm25,µg/m³,,raw,01:00:00,2016-03-10T03:00:00Z,2016-03-10T04:00:00+01:00,2016-03-10T04:00:00Z,2016-03-10T05:00:00+01:00,1,01:00:00,1,24:00:00,100.0,2400.0,2016-03-09T04:00:00Z,2016-03-09T05:00:00+01:00,2016-03-10T04:00:00Z,2016-03-10T05:00:00+01:00
18.7333333333333,,,False,2,pm25,µg/m³,,raw,01:00:00,2016-03-10T04:00:00Z,2016-03-10T05:00:00+01:00,2016-03-10T05:00:00Z,2016-03-10T06:00:00+01:00,1,01:00:00,1,24:00:00,100.0,2400.0,2016-03-09T05:00:00Z,2016-03-09T06:00:00+01:00,2016-03-10T05:00:00Z,2016-03-10T06:00:00+01:00
19.4166666666667,,,False,2,pm25,µg/m³,,raw,01:00:00,2016-03-10T05:00:00Z,2016-03-10T06:00:00+01:00,2016-03-10T06:00:00Z,2016-03-10T07:00:00+01:00,1,01:00:00,1,24:00:00,100.0,2400.0,2016-03-09T06:00:00Z,2016-03-09T07:00:00+01:00,2016-03-10T06:00:00Z,2016-03-10T07:00:00+01:00
19.3565217391304,,,False,2,pm25,µg/m³,,raw,01:00:00,2016-03-10T06:00:00Z,2016-03-10T07:00:00+01:00,2016-03-10T07:00:00Z,2016-03-10T08:00:00+01:00,1,01:00:00,1,24:00:00,100.0,2400.0,2016-03-09T07:00:00Z,2016-03-09T08:00:00+01:00,2016-03-10T07:00:00Z,2016-03-10T08:00:00+01:00
21.1791666666667,,,False,2,pm25,µg/m³,,raw,01:00:00,2016-03-10T07:00:00Z,2016-03-10T08:00:00+01:00,2016-03-10T08:00:00Z,2016-03-10T09:00:00+01:00,1,01:00:00,1,24:00:00,100.0,2400.0,2016-03-09T08:00:00Z,2016-03-09T09:00:00+01:00,2016-03-10T08:00:00Z,2016-03-10T09:00:00+01:00
22.3166666666667,,,False,2,pm25,µg/m³,,raw,01:00:00,2016-03-10T08:00:00Z,2016-03-10T09:00:00+01:00,2016-03-10T09:00:00Z,2016-03-10T10:00:00+01:00,1,01:00:00,1,24:00:00,100.0,2400.0,2016-03-09T09:00:00Z,2016-03-09T10:00:00+01:00,2016-03-10T09:00:00Z,2016-03-10T10:00:00+01:00
23.5416666666667,,,False,2,pm25,µg/m³,,raw,01:00:00,2016-03-10T09:00:00Z,2016-03-10T10:00:00+01:00,2016-03-10T10:00:00Z,2016-03-10T11:00:00+01:00,1,01:00:00,1,24:00:00,100.0,2400.0,2016-03-09T10:00:00Z,2016-03-09T11:00:00+01:00,2016-03-10T10:00:00Z,2016-03-10T11:00:00+01:00
24.9041666666667,,,False,2,pm25,µg/m³,,raw,01:00:00,2016-03-10T10:00:00Z,2016-03-10T11:00:00+01:00,2016-03-10T11:00:00Z,2016-03-10T12:00:00+01:00,1,01:00:00,1,24:00:00,100.0,2400.0,2016-03-09T11:00:00Z,2016-03-09T12:00:00+01:00,2016-03-10T11:00:00Z,2016-03-10T12:00:00+01:00
25.975,,,False,2,pm25,µg/m³,,raw,01:00:00,2016-03-10T11:00:00Z,2016-03-10T12:00:00+01:00,2016-03-10T12:00:00Z,2016-03-10T13:00:00+01:00,1,01:00:00,1,24:00:00,100.0,2400.0,2016-03-09T12:00:00Z,2016-03-09T13:00:00+01:00,2016-03-10T12:00:00Z,2016-03-10T13:00:00+01:00
27.1791666666667,,,False,2,pm25,µg/m³,,raw,01:00:00,2016-03-10T12:00:00Z,2016-03-10T13:00:00+01:00,2016-03-10T13:00:00Z,2016-03-10T14:00:00+01:00,1,01:00:00,1,24:00:00,100.0,2400.0,2016-03-09T13:00:00Z,2016-03-09T14:00:00+01:00,2016-03-10T13:00:00Z,2016-03-10T14:00:00+01:00
28.35,,,False,2,pm25,µg/m³,,raw,01:00:00,2016-03-10T13:00:00Z,2016-03-10T14:00:00+01:00,2016-03-10T14:00:00Z,2016-03-10T15:00:00+01:00,1,01:00:00,1,24:00:00,100.0,2400.0,2016-03-09T14:00:00Z,2016-03-09T15:00:00+01:00,2016-03-10T14:00:00Z,2016-03-10T15:00:00+01:00
29.6333333333333,,,False,2,pm25,µg/m³,,raw,01:00:00,2016-03-10T14:00:00Z,2016-03-10T15:00:00+01:00,2016-03-10T15:00:00Z,2016-03-10T16:00:00+01:00,1,01:00:00,1,24:00:00,100.0,2400.0,2016-03-09T15:00:00Z,2016-03-09T16:00:00+01:00,2016-03-10T15:00:00Z,2016-03-10T16:00:00+01:00
30.5333333333333,,,False,2,pm25,µg/m³,,raw,01:00:00,2016-03-10T15:00:00Z,2016-03-10T16:00:00+01:00,2016-03-10T16:00:00Z,2016-03-10T17:00:00+01:00,1,01:00:00,1,24:00:00,100.0,2400.0,2016-03-09T16:00:00Z,2016-03-09T17:00:00+01:00,2016-03-10T16:00:00Z,2016-03-10T17:00:00+01:00
31.2375,,,False,2,pm25,µg/m³,,raw,01:00:00,2016-03-10T16:00:00Z,2016-03-10T17:00:00+01:00,2016-03-10T17:00:00Z,2016-03-10T18:00:00+01:00,1,01:00:00,1,24:00:00,100.0,2400.0,2016-03-09T17:00:00Z,2016-03-09T18:00:00+01:00,2016-03-10T17:00:00Z,2016-03-10T18:00:00+01:00
32.0083333333333,,,False,2,pm25,µg/m³,,raw,01:00:00,2016-03-10T17:00:00Z,2016-03-10T18:00:00+01:00,2016-03-10T18:00:00Z,2016-03-10T19:00:00+01:00,1,01:00:00,1,24:00:00,100.0,2400.0,2016-03-09T18:00:00Z,2016-03-09T19:00:00+01:00,2016-03-10T18:00:00Z,2016-03-10T19:00:00+01:00
32.8666666666667,,,False,2,pm25,µg/m³,,raw,01:00:00,2016-03-10T18:00:00Z,2016-03-10T19:00:00+01:00,2016-03-10T19:00:00Z,2016-03-10T20:00:00+01:00,1,01:00:00,1,24:00:00,100.0,2400.0,2016-03-09T19:00:00Z,2016-03-09T20:00:00+01:00,2016-03-10T19:00:00Z,2016-03-10T20:00:00+01:00
33.4583333333333,,,False,2,pm25,µg/m³,,raw,01:00:00,2016-03-10T19:00:00Z,2016-03-10T20:00:00+01:00,2016-03-10T20:00:00Z,2016-03-10T21:00:00+01:00,1,01:00:00,1,24:00:00,100.0,2400.0,2016-03-09T20:00:00Z,2016-03-09T21:00:00+01:00,2016-03-10T20:00:00Z,2016-03-10T21:00:00+01:00
34.1916666666667,,,False,2,pm25,µg/m³,,raw,01:00:00,2016-03-10T20:00:00Z,2016-03-10T21:00:00+01:00,2016-03-10T21:00:00Z,2016-03-10T22:00:00+01:00,1,01:00:00,1,24:00:00,100.0,2400.0,2016-03-09T21:00:00Z,2016-03-09T22:00:00+01:00,2016-03-10T21:00:00Z,2016-03-10T22:00:00+01:00
34.5826086956522,,,False,2,pm25,µg/m³,,raw,01:00:00,2016-03-10T21:00:00Z,2016-03-10T22:00:00+01:00,2016-03-10T22:00:00Z,2016-03-10T23:00:00+01:00,1,01:00:00,1,24:00:00,100.0,2400.0,2016-03-09T22:00:00Z,2016-03-09T23:00:00+01:00,2016-03-10T22:00:00Z,2016-03-10T23:00:00+01:00
36.2583333333333,,,False,2,pm25,µg/m³,,raw,01:00:00,2016-03-10T22:00:00Z,2016-03-10T23:00:00+01:00,2016-03-10T23:00:00Z,2016-03-11T00:00:00+01:00,1,01:00:00,1,24:00:00,100.0,2400.0,2016-03-09T23:00:00Z,2016-03-10T00:00:00+01:00,2016-03-10T23:00:00Z,2016-03-11T00:00:00+01:00
37.8125,,,False,2,pm25,µg/m³,,raw,01:00:00,2016-03-10T23:00:00Z,2016-03-11T00:00:00+01:00,2016-03-11T00:00:00Z,2016-03-11T01:00:00+01:00,1,01:00:00,1,24:00:00,100.0,2400.0,2016-03-10T00:00:00Z,2016-03-10T01:00:00+01:00,2016-03-11T00:00:00Z,2016-03-11T01:00:00+01:00
39.2458333333333,,,False,2,pm25,µg/m³,,raw,01:00:00,2016-03-11T00:00:00Z,2016-03-11T01:00:00+01:00,2016-03-11T01:00:00Z,2016-03-11T02:00:00+01:00,1,01:00:00,1,24:00:00,100.0,2400.0,2016-03-10T01:00:00Z,2016-03-10T02:00:00+01:00,2016-03-11T01:00:00Z,2016-03-11T02:00:00+01:00
40.3333333333333,,,False,2,pm25,µg/m³,,raw,01:00:00,2016-03-11T01:00:00Z,2016-03-11T02:00:00+01:00,2016-03-11T02:00:00Z,2016-03-11T03:00:00+01:00,1,01:00:00,1,24:00:00,100.0,2400.0,2016-03-10T02:00:00Z,2016-03-10T03:00:00+01:00,2016-03-11T02:00:00Z,2016-03-11T03:00:00+01:00
41.6958333333333,,,False,2,pm25,µg/m³,,raw,01:00:00,2016-03-11T02:00:00Z,2016-03-11T03:00:00+01:00,2016-03-11T03:00:00Z,2016-03-11T04:00:00+01:00,1,01:00:00,1,24:00:00,100.0,2400.0,2016-03-10T03:00:00Z,2016-03-10T04:00:00+01:00,2016-03-11T03:00:00Z,2016-03-11T04:00:00+01:00
42.6458333333333,,,False,2,pm25,µg/m³,,raw,01:00:00,2016-03-11T03:00:00Z,2016-03-11T04:00:00+01:00,2016-03-11T04:00:00Z,2016-03-11T05:00:00+01:00,1,01:00:00,1,24:00:00,100.0,2400.0,2016-03-10T04:00:00Z,2016-03-10T05:00:00+01:00,2016-03-11T04:00:00Z,2016-03-11T05:00:00+01:00
43.775,,,False,2,pm25,µg/m³,,raw,01:00:00,2016-03-11T04:00:00Z,2016-03-11T05:00:00+01:00,2016-03-11T05:00:00Z,2016-03-11T06:00:00+01:00,1,01:00:00,1,24:00:00,100.0,2400.0,2016-03-10T05:00:00Z,2016-03-10T06:00:00+01:00,2016-03-11T05:00:00Z,2016-03-11T06:00:00+01:00
44.3666666666667,,,False,2,pm25,µg/m³,,raw,01:00:00,2016-03-11T05:00:00Z,2016-03-11T06:00:00+01:00,2016-03-11T06:00:00Z,2016-03-11T07:00:00+01:00,1,01:00:00,1,24:00:00,100.0,2400.0,2016-03-10T06:00:00Z,2016-03-10T07:00:00+01:00,2016-03-11T06:00:00Z,2016-03-11T07:00:00+01:00
45.0166666666667,,,False,2,pm25,µg/m³,,raw,01:00:00,2016-03-11T06:00:00Z,2016-03-11T07:00:00+01:00,2016-03-11T07:00:00Z,2016-03-11T08:00:00+01:00,1,01:00:00,1,24:00:00,100.0,2400.0,2016-03-10T07:00:00Z,2016-03-10T08:00:00+01:00,2016-03-11T07:00:00Z,2016-03-11T08:00:00+01:00
45.5625,,,False,2,pm25,µg/m³,,raw,01:00:00,2016-03-11T07:00:00Z,2016-03-11T08:00:00+01:00,2016-03-11T08:00:00Z,2016-03-11T09:00:00+01:00,1,01:00:00,1,24:00:00,100.0,2400.0,2016-03-10T08:00:00Z,2016-03-10T09:00:00+01:00,2016-03-11T08:00:00Z,2016-03-11T09:00:00+01:00
45.35,,,False,2,pm25,µg/m³,,raw,01:00:00,2016-03-11T08:00:00Z,2016-03-11T09:00:00+01:00,2016-03-11T09:00:00Z,2016-03-11T10:00:00+01:00,1,01:00:00,1,24:00:00,100.0,2400.0,2016-03-10T09:00:00Z,2016-03-10T10:00:00+01:00,2016-03-11T09:00:00Z,2016-03-11T10:00:00+01:00
45.1833333333333,,,False,2,pm25,µg/m³,,raw,01:00:00,2016-03-11T09:00:00Z,2016-03-11T10:00:00+01:00,2016-03-11T10:00:00Z,2016-03-11T11:00:00+01:00,1,01:00:00,1,24:00:00,100.0,2400.0,2016-03-10T10:00:00Z,2016-03-10T11:00:00+01:00,2016-03-11T10:00:00Z,2016-03-11T11:00:00+01:00
44.6416666666667,,,False,2,pm25,µg/m³,,raw,01:00:00,2016-03-11T10:00:00Z,2016-03-11T11:00:00+01:00,2016-03-11T11:00:00Z,2016-03-11T12:00:00+01:00,1,01:00:00,1,24:00:00,100.0,2400.0,2016-03-10T11:00:00Z,2016-03-10T12:00:00+01:00,2016-03-11T11:00:00Z,2016-03-11T12:00:00+01:00
44.7913043478261,,,False,2,pm25,µg/m³,,raw,01:00:00,2016-03-11T11:00:00Z,2016-03-11T12:00:00+01:00,2016-03-11T12:00:00Z,2016-03-11T13:00:00+01:00,1,01:00:00,1,24:00:00,100.0,2400.0,2016-03-10T12:00:00Z,2016-03-10T13:00:00+01:00,2016-03-11T12:00:00Z,2016-03-11T13:00:00+01:00
45.0227272727273,,,False,2,pm25,µg/m³,,raw,01:00:00,2016-03-11T12:00:00Z,2016-03-11T13:00:00+01:00,2016-03-11T13:00:00Z,2016-03-11T14:00:00+01:00,1,01:00:00,1,24:00:00,100.0,2400.0,2016-03-10T13:00:00Z,2016-03-10T14:00:00+01:00,2016-03-11T13:00:00Z,2016-03-11T14:00:00+01:00
45.2291666666667,,,False,2,pm25,µg/m³,,raw,01:00:00,2016-03-11T13:00:00Z,2016-03-11T14:00:00+01:00,2016-03-11T14:00:00Z,2016-03-11T15:00:00+01:00,1,01:00:00,1,24:00:00,100.0,2400.0,2016-03-10T14:00:00Z,2016-03-10T15:00:00+01:00,2016-03-11T14:00:00Z,2016-03-11T15:00:00+01:00
45.2,,,False,2,pm25,µg/m³,,raw,01:00:00,2016-03-11T14:00:00Z,2016-03-11T15:00:00+01:00,2016-03-11T15:00:00Z,2016-03-11T16:00:00+01:00,1,01:00:00,1,24:00:00,100.0,2400.0,2016-03-10T15:00:00Z,2016-03-10T16:00:00+01:00,2016-03-11T15:00:00Z,2016-03-11T16:00:00+01:00
45.3041666666667,,,False,2,pm25,µg/m³,,raw,01:00:00,2016-03-11T15:00:00Z,2016-03-11T16:00:00+01:00,2016-03-11T16:00:00Z,2016-03-11T17:00:00+01:00,1,01:00:00,1,24:00:00,100.0,2400.0,2016-03-10T16:00:00Z,2016-03-10T17:00:00+01:00,2016-03-11T16:00:00Z,2016-03-11T17:00:00+01:00
45.4041666666667,,,False,2,pm25,µg/m³,,raw,01:00:00,2016-03-11T16:00:00Z,2016-03-11T17:00:00+01:00,2016-03-11T17:00:00Z,2016-03-11T18:00:00+01:00,1,01:00:00,1,24:00:00,100.0,2400.0,2016-03-10T17:00:00Z,2016-03-10T18:00:00+01:00,2016-03-11T17:00:00Z,2016-03-11T18:00:00+01:00
45.6458333333333,,,False,2,pm25,µg/m³,,raw,01:00:00,2016-03-11T17:00:00Z,2016-03-11T18:00:00+01:00,2016-03-11T18:00:00Z,2016-03-11T19:00:00+01:00,1,01:00:00,1,24:00:00,100.0,2400.0,2016-03-10T18:00:00Z,2016-03-10T19:00:00+01:00,2016-03-11T18:00:00Z,2016-03-11T19:00:00+01:00
45.7666666666667,,,False,2,pm25,µg/m³,,raw,01:00:00,2016-03-11T18:00:00Z,2016-03-11T19:00:00+01:00,2016-03-11T19:00:00Z,2016-03-11T20:00:00+01:00,1,01:00:00,1,24:00:00,100.0,2400.0,2016-03-10T19:00:00Z,2016-03-10T20:00:00+01:00,2016-03-11T19:00:00Z,2016-03-11T20:00:00+01:00
45.5166666666667,,,False,2,pm25,µg/m³,,raw,01:00:00,2016-03-11T19:00:00Z,2016-03-11T20:00:00+01:00,2016-03-11T20:00:00Z,2016-03-11T21:00:00+01:00,1,01:00:00,1,24:00:00,100.0,2400.0,2016-03-10T20:00:00Z,2016-03-10T21:00:00+01:00,2016-03-11T20:00:00Z,2016-03-11T21:00:00+01:00
45.6833333333333,,,False,2,pm25,µg/m³,,raw,01:00:00,2016-03-11T20:00:00Z,2016-03-11T21:00:00+01:00,2016-03-11T21:00:00Z,2016-03-11T22:00:00+01:00,1,01:00:00,1,24:00:00,100.0,2400.0,2016-03-10T21:00:00Z,2016-03-10T22:00:00+01:00,2016-03-11T21:00:00Z,2016-03-11T22:00:00+01:00
45.8391304347826,,,False,2,pm25,µg/m³,,raw,01:00:00,2016-03-11T21:00:00Z,2016-03-11T22:00:00+01:00,2016-03-11T22:00:00Z,2016-03-11T23:00:00+01:00,1,01:00:00,1,24:00:00,100.0,2400.0,2016-03-10T22:00:00Z,2016-03-10T23:00:00+01:00,2016-03-11T22:00:00Z,2016-03-11T23:00:00+01:00
45.5416666666667,,,False,2,pm25,µg/m³,,raw,01:00:00,2016-03-11T22:00:00Z,2016-03-11T23:00:00+01:00,2016-03-11T23:00:00Z,2016-03-12T00:00:00+01:00,1,01:00:00,1,24:00:00,100.0,2400.0,2016-03-10T23:00:00Z,2016-03-11T00:00:00+01:00,2016-03-11T23:00:00Z,2016-03-12T00:00:00+01:00
45.4166666666667,,,False,2,pm25,µg/m³,,raw,01:00:00,2016-03-11T23:00:00Z,2016-03-12T00:00:00+01:00,2016-03-12T00:00:00Z,2016-03-12T01:00:00+01:00,1,01:00:00,1,24:00:00,100.0,2400.0,2016-03-11T00:00:00Z,2016-03-11T01:00:00+01:00,2016-03-12T00:00:00Z,2016-03-12T01:00:00+01:00
45.1708333333333,,,False,2,pm25,µg/m³,,raw,01:00:00,2016-03-12T00:00:00Z,2016-03-12T01:00:00+01:00,2016-03-12T01:00:00Z,2016-03-12T02:00:00+01:00,1,01:00:00,1,24:00:00,100.0,2400.0,2016-03-11T01:00:00Z,2016-03-11T02:00:00+01:00,2016-03-12T01:00:00Z,2016-03-12T02:00:00+01:00
44.4333333333333,,,False,2,pm25,µg/m³,,raw,01:00:00,2016-03-12T01:00:00Z,2016-03-12T02:00:00+01:00,2016-03-12T02:00:00Z,2016-03-12T03:00:00+01:00,1,01:00:00,1,24:00:00,100.0,2400.0,2016-03-11T02:00:00Z,2016-03-11T03:00:00+01:00,2016-03-12T02:00:00Z,2016-03-12T03:00:00+01:00
43.5791666666667,,,False,2,pm25,µg/m³,,raw,01:00:00,2016-03-12T02:00:00Z,2016-03-12T03:00:00+01:00,2016-03-12T03:00:00Z,2016-03-12T04:00:00+01:00,1,01:00:00,1,24:00:00,100.0,2400.0,2016-03-11T03:00:00Z,2016-03-11T04:00:00+01:00,2016-03-12T03:00:00Z,2016-03-12T04:00:00+01:00
43.1652173913043,,,False,2,pm25,µg/m³,,raw,01:00:00,2016-03-12T03:00:00Z,2016-03-12T04:00:00+01:00,2016-03-12T04:00:00Z,2016-03-12T05:00:00+01:00,1,01:00:00,1,24:00:00,100.0,2400.0,2016-03-11T04:00:00Z,2016-03-11T05:00:00+01:00,2016-03-12T04:00:00Z,2016-03-12T05:00:00+01:00
41.9916666666667,,,False,2,pm25,µg/m³,,raw,01:00:00,2016-03-12T04:00:00Z,2016-03-12T05:00:00+01:00,2016-03-12T05:00:00Z,2016-03-12T06:00:00+01:00,1,01:00:00,1,24:00:00,100.0,2400.0,2016-03-11T05:00:00Z,2016-03-11T06:00:00+01:00,2016-03-12T05:00:00Z,2016-03-12T06:00:00+01:00
41.2208333333333,,,False,2,pm25,µg/m³,,raw,01:00:00,2016-03-12T05:00:00Z,2016-03-12T06:00:00+01:00,2016-03-12T06:00:00Z,2016-03-12T07:00:00+01:00,1,01:00:00,1,24:00:00,100.0,2400.0,2016-03-11T06:00:00Z,2016-03-11T07:00:00+01:00,2016-03-12T06:00:00Z,2016-03-12T07:00:00+01:00
40.5291666666667,,,False,2,pm25,µg/m³,,raw,01:00:00,2016-03-12T06:00:00Z,2016-03-12T07:00:00+01:00,2016-03-12T07:00:00Z,2016-03-12T08:00:00+01:00,1,01:00:00,1,24:00:00,100.0,2400.0,2016-03-11T07:00:00Z,2016-03-11T08:00:00+01:00,2016-03-12T07:00:00Z,2016-03-12T08:00:00+01:00
39.3208333333333,,,False,2,pm25,µg/m³,,raw,01:00:00,2016-03-12T07:00:00Z,2016-03-12T08:00:00+01:00,2016-03-12T08:00:00Z,2016-03-12T09:00:00+01:00,1,01:00:00,1,24:00:00,100.0,2400.0,2016-03-11T08:00:00Z,2016-03-11T09:00:00+01:00,2016-03-12T08:00:00Z,2016-03-12T09:00:00+01:00
38.9791666666667,,,False,2,pm25,µg/m³,,raw,01:00:00,2016-03-12T08:00:00Z,2016-03-12T09:00:00+01:00,2016-03-12T09:00:00Z,2016-03-12T10:00:00+01:00,1,01:00:00,1,24:00:00,100.0,2400.0,2016-03-11T09:00:00Z,2016-03-11T10:00:00+01:00,2016-03-12T09:00:00Z,2016-03-12T10:00:00+01:00
39.1416666666667,,,False,2,pm25,µg/m³,,raw,01:00:00,2016-03-12T09:00:00Z,2016-03-12T10:00:00+01:00,2016-03-12T10:00:00Z,2016-03-12T11:00:00+01:00,1,01:00:00,1,24:00:00,100.0,2400.0,2016-03-11T10:00:00Z,2016-03-11T11:00:00+01:00,2016-03-12T10:00:00Z,2016-03-12T11:00:00+01:00
39.2416666666667,,,False,2,pm25,µg/m³,,raw,01:00:00,2016-03-12T10:00:00Z,2016-03-12T11:00:00+01:00,2016-03-12T11:00:00Z,2016-03-12T12:00:00+01:00,1,01:00:00,1,24:00:00,100.0,2400.0,2016-03-11T11:00:00Z,2016-03-11T12:00:00+01:00,2016-03-12T11:00:00Z,2016-03-12T12:00:00+01:00
38.9916666666667,,,False,2,pm25,µg/m³,,raw,01:00:00,2016-03-12T11:00:00Z,2016-03-12T12:00:00+01:00,2016-03-12T12:00:00Z,2016-03-12T13:00:00+01:00,1,01:00:00,1,24:00:00,100.0,2400.0,2016-03-11T12:00:00Z,2016-03-11T13:00:00+01:00,2016-03-12T12:00:00Z,2016-03-12T13:00:00+01:00
38.55,,,False,2,pm25,µg/m³,,raw,01:00:00,2016-03-12T12:00:00Z,2016-03-12T13:00:00+01:00,2016-03-12T13:00:00Z,2016-03-12T14:00:00+01:00,1,01:00:00,1,24:00:00,100.0,2400.0,2016-03-11T13:00:00Z,2016-03-11T14:00:00+01:00,2016-03-12T13:00:00Z,2016-03-12T14:00:00+01:00
37.875,,,False,2,pm25,µg/m³,,raw,01:00:00,2016-03-12T13:00:00Z,2016-03-12T14:00:00+01:00,2016-03-12T14:00:00Z,2016-03-12T15:00:00+01:00,1,01:00:00,1,24:00:00,100.0,2400.0,2016-03-11T14:00:00Z,2016-03-11T15:00:00+01:00,2016-03-12T14:00:00Z,2016-03-12T15:00:00+01:00
37.45,,,False,2,pm25,µg/m³,,raw,01:00:00,2016-03-12T14:00:00Z,2016-03-12T15:00:00+01:00,2016-03-12T15:00:00Z,2016-03-12T16:00:00+01:00,1,01:00:00,1,24:00:00,100.0,2400.0,2016-03-11T15:00:00Z,2016-03-11T16:00:00+01:00,2016-03-12T15:00:00Z,2016-03-12T16:00:00+01:00
36.9375,,,False,2,pm25,µg/m³,,raw,01:00:00,2016-03-12T15:00:00Z,2016-03-12T16:00:00+01:00,2016-03-12T16:00:00Z,2016-03-12T17:00:00+01:00,1,01:00:00,1,24:00:00,100.0,2400.0,2016-03-11T16:00:00Z,2016-03-11T17:00:00+01:00,2016-03-12T16:00:00Z,2016-03-12T17:00:00+01:00
36.0,,,False,2,pm25,µg/m³,,raw,01:00:00,2016-03-12T16:00:00Z,2016-03-12T17:00:00+01:00,2016-03-12T17:00:00Z,2016-03-12T18:00:00+01:00,1,01:00:00,1,24:00:00,100.0,2400.0,2016-03-11T17:00:00Z,2016-03-11T18:00:00+01:00,2016-03-12T17:00:00Z,2016-03-12T18:00:00+01:00
35.3833333333333,,,False,2,pm25,µg/m³,,raw,01:00:00,2016-03-12T17:00:00Z,2016-03-12T18:00:00+01:00,2016-03-12T18:00:00Z,2016-03-12T19:00:00+01:00,1,01:00:00,1,24:00:00,100.0,2400.0,2016-03-11T18:00:00Z,2016-03-11T19:00:00+01:00,2016-03-12T18:00:00Z,2016-03-12T19:00:00+01:00
35.2304347826087,,,False,2,pm25,µg/m³,,raw,01:00:00,2016-03-12T18:00:00Z,2016-03-12T19:00:00+01:00,2016-03-12T19:00:00Z,2016-03-12T20:00:00+01:00,1,01:00:00,1,24:00:00,100.0,2400.0,2016-03-11T19:00:00Z,2016-03-11T20:00:00+01:00,2016-03-12T19:00:00Z,2016-03-12T20:00:00+01:00
34.1,,,False,2,pm25,µg/m³,,raw,01:00:00,2016-03-12T19:00:00Z,2016-03-12T20:00:00+01:00,2016-03-12T20:00:00Z,2016-03-12T21:00:00+01:00,1,01:00:00,1,24:00:00,100.0,2400.0,2016-03-11T20:00:00Z,2016-03-11T21:00:00+01:00,2016-03-12T20:00:00Z,2016-03-12T21:00:00+01:00
33.1208333333333,,,False,2,pm25,µg/m³,,raw,01:00:00,2016-03-12T20:00:00Z,2016-03-12T21:00:00+01:00,2016-03-12T21:00:00Z,2016-03-12T22:00:00+01:00,1,01:00:00,1,24:00:00,100.0,2400.0,2016-03-11T21:00:00Z,2016-03-11T22:00:00+01:00,2016-03-12T21:00:00Z,2016-03-12T22:00:00+01:00
32.7913043478261,,,False,2,pm25,µg/m³,,raw,01:00:00,2016-03-12T21:00:00Z,2016-03-12T22:00:00+01:00,2016-03-12T22:00:00Z,2016-03-12T23:00:00+01:00,1,01:00:00,1,24:00:00,100.0,2400.0,2016-03-11T22:00:00Z,2016-03-11T23:00:00+01:00,2016-03-12T22:00:00Z,2016-03-12T23:00:00+01:00
31.8833333333333,,,False,2,pm25,µg/m³,,raw,01:00:00,2016-03-12T22:00:00Z,2016-03-12T23:00:00+01:00,2016-03-12T23:00:00Z,2016-03-13T00:00:00+01:00,1,01:00:00,1,24:00:00,100.0,2400.0,2016-03-11T23:00:00Z,2016-03-12T00:00:00+01:00,2016-03-12T23:00:00Z,2016-03-13T00:00:00+01:00
30.4291666666667,,,False,2,pm25,µg/m³,,raw,01:00:00,2016-03-12T23:00:00Z,2016-03-13T00:00:00+01:00,2016-03-13T00:00:00Z,2016-03-13T01:00:00+01:00,1,01:00:00,1,24:00:00,100.0,2400.0,2016-03-12T00:00:00Z,2016-03-12T01:00:00+01:00,2016-03-13T00:00:00Z,2016-03-13T01:00:00+01:00
29.1,,,False,2,pm25,µg/m³,,raw,01:00:00,2016-03-13T00:00:00Z,2016-03-13T01:00:00+01:00,2016-03-13T01:00:00Z,2016-03-13T02:00:00+01:00,1,01:00:00,1,24:00:00,100.0,2400.0,2016-03-12T01:00:00Z,2016-03-12T02:00:00+01:00,2016-03-13T01:00:00Z,2016-03-13T02:00:00+01:00
28.2625,,,False,2,pm25,µg/m³,,raw,01:00:00,2016-03-13T01:00:00Z,2016-03-13T02:00:00+01:00,2016-03-13T02:00:00Z,2016-03-13T03:00:00+01:00,1,01:00:00,1,24:00:00,100.0,2400.0,2016-03-12T02:00:00Z,2016-03-12T03:00:00+01:00,2016-03-13T02:00:00Z,2016-03-13T03:00:00+01:00
27.6875,,,False,2,pm25,µg/m³,,raw,01:00:00,2016-03-13T02:00:00Z,2016-03-13T03:00:00+01:00,2016-03-13T03:00:00Z,2016-03-13T04:00:00+01:00,1,01:00:00,1,24:00:00,100.0,2400.0,2016-03-12T03:00:00Z,2016-03-12T04:00:00+01:00,2016-03-13T03:00:00Z,2016-03-13T04:00:00+01:00
26.9875,,,False,2,pm25,µg/m³,,raw,01:00:00,2016-03-13T03:00:00Z,2016-03-13T04:00:00+01:00,2016-03-13T04:00:00Z,2016-03-13T05:00:00+01:00,1,01:00:00,1,24:00:00,100.0,2400.0,2016-03-12T04:00:00Z,2016-03-12T05:00:00+01:00,2016-03-13T04:00:00Z,2016-03-13T05:00:00+01:00
26.4125,,,False,2,pm25,µg/m³,,raw,01:00:00,2016-03-13T04:00:00Z,2016-03-13T05:00:00+01:00,2016-03-13T05:00:00Z,2016-03-13T06:00:00+01:00,1,01:00:00,1,24:00:00,100.0,2400.0,2016-03-12T05:00:00Z,2016-03-12T06:00:00+01:00,2016-03-13T05:00:00Z,2016-03-13T06:00:00+01:00
25.9416666666667,,,False,2,pm25,µg/m³,,raw,01:00:00,2016-03-13T05:00:00Z,2016-03-13T06:00:00+01:00,2016-03-13T06:00:00Z,2016-03-13T07:00:00+01:00,1,01:00:00,1,24:00:00,100.0,2400.0,2016-03-12T06:00:00Z,2016-03-12T07:00:00+01:00,2016-03-13T06:00:00Z,2016-03-13T07:00:00+01:00
25.3875,,,False,2,pm25,µg/m³,,raw,01:00:00,2016-03-13T06:00:00Z,2016-03-13T07:00:00+01:00,2016-03-13T07:00:00Z,2016-03-13T08:00:00+01:00,1,01:00:00,1,24:00:00,100.0,2400.0,2016-03-12T07:00:00Z,2016-03-12T08:00:00+01:00,2016-03-13T07:00:00Z,2016-03-13T08:00:00+01:00
25.0791666666667,,,False,2,pm25,µg/m³,,raw,01:00:00,2016-03-13T07:00:00Z,2016-03-13T08:00:00+01:00,2016-03-13T08:00:00Z,2016-03-13T09:00:00+01:00,1,01:00:00,1,24:00:00,100.0,2400.0,2016-03-12T08:00:00Z,2016-03-12T09:00:00+01:00,2016-03-13T08:00:00Z,2016-03-13T09:00:00+01:00
24.8791666666667,,,False,2,pm25,µg/m³,,raw,01:00:00,2016-03-13T08:00:00Z,2016-03-13T09:00:00+01:00,2016-03-13T09:00:00Z,2016-03-13T10:00:00+01:00,1,01:00:00,1,24:00:00,100.0,2400.0,2016-03-12T09:00:00Z,2016-03-12T10:00:00+01:00,2016-03-13T09:00:00Z,2016-03-13T10:00:00+01:00
23.9652173913043,,,False,2,pm25,µg/m³,,raw,01:00:00,2016-03-13T09:00:00Z,2016-03-13T10:00:00+01:00,2016-03-13T10:00:00Z,2016-03-13T11:00:00+01:00,1,01:00:00,1,24:00:00,100.0,2400.0,2016-03-12T10:00:00Z,2016-03-12T11:00:00+01:00,2016-03-13T10:00:00Z,2016-03-13T11:00:00+01:00
23.2833333333333,,,False,2,pm25,µg/m³,,raw,01:00:00,2016-03-13T10:00:00Z,2016-03-13T11:00:00+01:00,2016-03-13T11:00:00Z,2016-03-13T12:00:00+01:00,1,01:00:00,1,24:00:00,100.0,2400.0,2016-03-12T11:00:00Z,2016-03-12T12:00:00+01:00,2016-03-13T11:00:00Z,2016-03-13T12:00:00+01:00
23.2125,,,False,2,pm25,µg/m³,,raw,01:00:00,2016-03-13T11:00:00Z,2016-03-13T12:00:00+01:00,2016-03-13T12:00:00Z,2016-03-13T13:00:00+01:00,1,01:00:00,1,24:00:00,100.0,2400.0,2016-03-12T12:00:00Z,2016-03-12T13:00:00+01:00,2016-03-13T12:00:00Z,2016-03-13T13:00:00+01:00
22.6083333333333,,,False,2,pm25,µg/m³,,raw,01:00:00,2016-03-13T12:00:00Z,2016-03-13T13:00:00+01:00,2016-03-13T13:00:00Z,2016-03-13T14:00:00+01:00,1,01:00:00,1,24:00:00,100.0,2400.0,2016-03-12T13:00:00Z,2016-03-12T14:00:00+01:00,2016-03-13T13:00:00Z,2016-03-13T14:00:00+01:00
22.3,,,False,2,pm25,µg/m³,,raw,01:00:00,2016-03-13T13:00:00Z,2016-03-13T14:00:00+01:00,2016-03-13T14:00:00Z,2016-03-13T15:00:00+01:00,1,01:00:00,1,24:00:00,100.0,2400.0,2016-03-12T14:00:00Z,2016-03-12T15:00:00+01:00,2016-03-13T14:00:00Z,2016-03-13T15:00:00+01:00
21.8375,,,False,2,pm25,µg/m³,,raw,01:00:00,2016-03-13T14:00:00Z,2016-03-13T15:00:00+01:00,2016-03-13T15:00:00Z,2016-03-13T16:00:00+01:00,1,01:00:00,1,24:00:00,100.0,2400.0,2016-03-12T15:00:00Z,2016-03-12T16:00:00+01:00,2016-03-13T15:00:00Z,2016-03-13T16:00:00+01:00
21.4833333333333,,,False,2,pm25,µg/m³,,raw,01:00:00,2016-03-13T15:00:00Z,2016-03-13T16:00:00+01:00,2016-03-13T16:00:00Z,2016-03-13T17:00:00+01:00,1,01:00:00,1,24:00:00,100.0,2400.0,2016-03-12T16:00:00Z,2016-03-12T17:00:00+01:00,2016-03-13T16:00:00Z,2016-03-13T17:00:00+01:00
21.6041666666667,,,False,2,pm25,µg/m³,,raw,01:00:00,2016-03-13T16:00:00Z,2016-03-13T17:00:00+01:00,2016-03-13T17:00:00Z,2016-03-13T18:00:00+01:00,1,01:00:00,1,24:00:00,100.0,2400.0,2016-03-12T17:00:00Z,2016-03-12T18:00:00+01:00,2016-03-13T17:00:00Z,2016-03-13T18:00:00+01:00
21.4333333333333,,,False,2,pm25,µg/m³,,raw,01:00:00,2016-03-13T17:00:00Z,2016-03-13T18:00:00+01:00,2016-03-13T18:00:00Z,2016-03-13T19:00:00+01:00,1,01:00:00,1,24:00:00,100.0,2400.0,2016-03-12T18:00:00Z,2016-03-12T19:00:00+01:00,2016-03-13T18:00:00Z,2016-03-13T19:00:00+01:00
21.275,,,False,2,pm25,µg/m³,,raw,01:00:00,2016-03-13T18:00:00Z,2016-03-13T19:00:00+01:00,2016-03-13T19:00:00Z,2016-03-13T20:00:00+01:00,1,01:00:00,1,24:00:00,100.0,2400.0,2016-03-12T19:00:00Z,2016-03-12T20:00:00+01:00,2016-03-13T19:00:00Z,2016-03-13T20:00:00+01:00
21.3708333333333,,,False,2,pm25,µg/m³,,raw,01:00:00,2016-03-13T19:00:00Z,2016-03-13T20:00:00+01:00,2016-03-13T20:00:00Z,2016-03-13T21:00:00+01:00,1,01:00:00,1,24:00:00,100.0,2400.0,2016-03-12T20:00:00Z,2016-03-12T21:00:00+01:00,2016-03-13T20:00:00Z,2016-03-13T21:00:00+01:00
21.4083333333333,,,False,2,pm25,µg/m³,,raw,01:00:00,2016-03-13T20:00:00Z,2016-03-13T21:00:00+01:00,2016-03-13T21:00:00Z,2016-03-13T22:00:00+01:00,1,01:00:00,1,24:00:00,100.0,2400.0,2016-03-12T21:00:00Z,2016-03-12T22:00:00+01:00,2016-03-13T21:00:00Z,2016-03-13T22:00:00+01:00
21.1434782608696,,,False,2,pm25,µg/m³,,raw,01:00:00,2016-03-13T21:00:00Z,2016-03-13T22:00:00+01:00,2016-03-13T22:00:00Z,2016-03-13T23:00:00+01:00,1,01:00:00,1,24:00:00,100.0,2400.0,2016-03-12T22:00:00Z,2016-03-12T23:00:00+01:00,2016-03-13T22:00:00Z,2016-03-13T23:00:00+01:00
20.6791666666667,,,False,2,pm25,µg/m³,,raw,01:00:00,2016-03-13T22:00:00Z,2016-03-13T23:00:00+01:00,2016-03-13T23:00:00Z,2016-03-14T00:00:00+01:00,1,01:00:00,1,24:00:00,100.0,2400.0,2016-03-12T23:00:00Z,2016-03-13T00:00:00+01:00,2016-03-13T23:00:00Z,2016-03-14T00:00:00+01:00
21.2958333333333,,,False,2,pm25,µg/m³,,raw,01:00:00,2016-03-13T23:00:00Z,2016-03-14T00:00:00+01:00,2016-03-14T00:00:00Z,2016-03-14T01:00:00+01:00,1,01:00:00,1,24:00:00,100.0,2400.0,2016-03-13T00:00:00Z,2016-03-13T01:00:00+01:00,2016-03-14T00:00:00Z,2016-03-14T01:00:00+01:00
21.5565217391304,,,False,2,pm25,µg/m³,,raw,01:00:00,2016-03-14T00:00:00Z,2016-03-14T01:00:00+01:00,2016-03-14T01:00:00Z,2016-03-14T02:00:00+01:00,1,01:00:00,1,24:00:00,100.0,2400.0,2016-03-13T01:00:00Z,2016-03-13T02:00:00+01:00,2016-03-14T01:00:00Z,2016-03-14T02:00:00+01:00
22.4875,,,False,2,pm25,µg/m³,,raw,01:00:00,2016-03-14T01:00:00Z,2016-03-14T02:00:00+01:00,2016-03-14T02:00:00Z,2016-03-14T03:00:00+01:00,1,01:00:00,1,24:00:00,100.0,2400.0,2016-03-13T02:00:00Z,2016-03-13T03:00:00+01:00,2016-03-14T02:00:00Z,2016-03-14T03:00:00+01:00
22.6583333333333,,,False,2,pm25,µg/m³,,raw,01:00:00,2016-03-14T02:00:00Z,2016-03-14T03:00:00+01:00,2016-03-14T03:00:00Z,2016-03-14T04:00:00+01:00,1,01:00:00,1,24:00:00,100.0,2400.0,2016-03-13T03:00:00Z,2016-03-13T04:00:00+01:00,2016-03-14T03:00:00Z,2016-03-14T04:00:00+01:00
23.0041666666667,,,False,2,pm25,µg/m³,,raw,01:00:00,2016-03-14T03:00:00Z,2016-03-14T04:00:00+01:00,2016-03-14T04:00:00Z,2016-03-14T05:00:00+01:00,1,01:00:00,1,24:00:00,100.0,2400.0,2016-03-13T04:00:00Z,2016-03-13T05:00:00+01:00,2016-03-14T04:00:00Z,2016-03-14T05:00:00+01:00
23.325,,,False,2,pm25,µg/m³,,raw,01:00:00,2016-03-14T04:00:00Z,2016-03-14T05:00:00+01:00,2016-03-14T05:00:00Z,2016-03-14T06:00:00+01:00,1,01:00:00,1,24:00:00,100.0,2400.0,2016-03-13T05:00:00Z,2016-03-13T06:00:00+01:00,2016-03-14T05:00:00Z,2016-03-14T06:00:00+01:00
23.525,,,False,2,pm25,µg/m³,,raw,01:00:00,2016-03-14T05:00:00Z,2016-03-14T06:00:00+01:00,2016-03-14T06:00:00Z,2016-03-14T07:00:00+01:00,1,01:00:00,1,24:00:00,100.0,2400.0,2016-03-13T06:00:00Z,2016-03-13T07:00:00+01:00,2016-03-14T06:00:00Z,2016-03-14T07:00:00+01:00
23.725,,,False,2,pm25,µg/m³,,raw,01:00:00,2016-03-14T06:00:00Z,2016-03-14T07:00:00+01:00,2016-03-14T07:00:00Z,2016-03-14T08:00:00+01:00,1,01:00:00,1,24:00:00,100.0,2400.0,2016-03-13T07:00:00Z,2016-03-13T08:00:00+01:00,2016-03-14T07:00:00Z,2016-03-14T08:00:00+01:00
24.2833333333333,,,False,2,pm25,µg/m³,,raw,01:00:00,2016-03-14T07:00:00Z,2016-03-14T08:00:00+01:00,2016-03-14T08:00:00Z,2016-03-14T09:00:00+01:00,1,01:00:00,1,24:00:00,100.0,2400.0,2016-03-13T08:00:00Z,2016-03-13T09:00:00+01:00,2016-03-14T08:00:00Z,2016-03-14T09:00:00+01:00
24.4125,,,False,2,pm25,µg/m³,,raw,01:00:00,2016-03-14T08:00:00Z,2016-03-14T09:00:00+01:00,2016-03-14T09:00:00Z,2016-03-14T10:00:00+01:00,1,01:00:00,1,24:00:00,100.0,2400.0,2016-03-13T09:00:00Z,2016-03-13T10:00:00+01:00,2016-03-14T09:00:00Z,2016-03-14T10:00:00+01:00
24.5416666666667,,,False,2,pm25,µg/m³,,raw,01:00:00,2016-03-14T09:00:00Z,2016-03-14T10:00:00+01:00,2016-03-14T10:00:00Z,2016-03-14T11:00:00+01:00,1,01:00:00,1,24:00:00,100.0,2400.0,2016-03-13T10:00:00Z,2016-03-13T11:00:00+01:00,2016-03-14T10:00:00Z,2016-03-14T11:00:00+01:00
24.7166666666667,,,False,2,pm25,µg/m³,,raw,01:00:00,2016-03-14T10:00:00Z,2016-03-14T11:00:00+01:00,2016-03-14T11:00:00Z,2016-03-14T12:00:00+01:00,1,01:00:00,1,24:00:00,100.0,2400.0,2016-03-13T11:00:00Z,2016-03-13T12:00:00+01:00,2016-03-14T11:00:00Z,2016-03-14T12:00:00+01:00
24.8166666666667,,,False,2,pm25,µg/m³,,raw,01:00:00,2016-03-14T11:00:00Z,2016-03-14T12:00:00+01:00,2016-03-14T12:00:00Z,2016-03-14T13:00:00+01:00,1,01:00:00,1,24:00:00,100.0,2400.0,2016-03-13T12:00:00Z,2016-03-13T13:00:00+01:00,2016-03-14T12:00:00Z,2016-03-14T13:00:00+01:00
25.2291666666667,,,False,2,pm25,µg/m³,,raw,01:00:00,2016-03-14T12:00:00Z,2016-03-14T13:00:00+01:00,2016-03-14T13:00:00Z,2016-03-14T14:00:00+01:00,1,01:00:00,1,24:00:00,100.0,2400.0,2016-03-13T13:00:00Z,2016-03-13T14:00:00+01:00,2016-03-14T13:00:00Z,2016-03-14T14:00:00+01:00
25.35,,,False,2,pm25,µg/m³,,raw,01:00:00,2016-03-14T13:00:00Z,2016-03-14T14:00:00+01:00,2016-03-14T14:00:00Z,2016-03-14T15:00:00+01:00,1,01:00:00,1,24:00:00,100.0,2400.0,2016-03-13T14:00:00Z,2016-03-13T15:00:00+01:00,2016-03-14T14:00:00Z,2016-03-14T15:00:00+01:00
25.25,,,False,2,pm25,µg/m³,,raw,01:00:00,2016-03-14T14:00:00Z,2016-03-14T15:00:00+01:00,2016-03-14T15:00:00Z,2016-03-14T16:00:00+01:00,1,01:00:00,1,24:00:00,100.0,2400.0,2016-03-13T15:00:00Z,2016-03-13T16:00:00+01:00,2016-03-14T15:00:00Z,2016-03-14T16:00:00+01:00
25.5565217391304,,,False,2,pm25,µg/m³,,raw,01:00:00,2016-03-14T15:00:00Z,2016-03-14T16:00:00+01:00,2016-03-14T16:00:00Z,2016-03-14T17:00:00+01:00,1,01:00:00,1,24:00:00,100.0,2400.0,2016-03-13T16:00:00Z,2016-03-13T17:00:00+01:00,2016-03-14T16:00:00Z,2016-03-14T17:00:00+01:00
25.4875,,,False,2,pm25,µg/m³,,raw,01:00:00,2016-03-14T16:00:00Z,2016-03-14T17:00:00+01:00,2016-03-14T17:00:00Z,2016-03-14T18:00:00+01:00,1,01:00:00,1,24:00:00,100.0,2400.0,2016-03-13T17:00:00Z,2016-03-13T18:00:00+01:00,2016-03-14T17:00:00Z,2016-03-14T18:00:00+01:00
25.6333333333333,,,False,2,pm25,µg/m³,,raw,01:00:00,2016-03-14T17:00:00Z,2016-03-14T18:00:00+01:00,2016-03-14T18:00:00Z,2016-03-14T19:00:00+01:00,1,01:00:00,1,24:00:00,100.0,2400.0,2016-03-13T18:00:00Z,2016-03-13T19:00:00+01:00,2016-03-14T18:00:00Z,2016-03-14T19:00:00+01:00
25.9166666666667,,,False,2,pm25,µg/m³,,raw,01:00:00,2016-03-14T18:00:00Z,2016-03-14T19:00:00+01:00,2016-03-14T19:00:00Z,2016-03-14T20:00:00+01:00,1,01:00:00,1,24:00:00,100.0,2400.0,2016-03-13T19:00:00Z,2016-03-13T20:00:00+01:00,2016-03-14T19:00:00Z,2016-03-14T20:00:00+01:00
25.9291666666667,,,False,2,pm25,µg/m³,,raw,01:00:00,2016-03-14T19:00:00Z,2016-03-14T20:00:00+01:00,2016-03-14T20:00:00Z,2016-03-14T21:00:00+01:00,1,01:00:00,1,24:00:00,100.0,2400.0,2016-03-13T20:00:00Z,2016-03-13T21:00:00+01:00,2016-03-14T20:00:00Z,2016-03-14T21:00:00+01:00
25.9166666666667,,,False,2,pm25,µg/m³,,raw,01:00:00,2016-03-14T20:00:00Z,2016-03-14T21:00:00+01:00,2016-03-14T21:00:00Z,2016-03-14T22:00:00+01:00,1,01:00:00,1,24:00:00,100.0,2400.0,2016-03-13T21:00:00Z,2016-03-13T22:00:00+01:00,2016-03-14T21:00:00Z,2016-03-14T22:00:00+01:00
26.2608695652174,,,False,2,pm25,µg/m³,,raw,01:00:00,2016-03-14T21:00:00Z,2016-03-14T22:00:00+01:00,2016-03-14T22:00:00Z,2016-03-14T23:00:00+01:00,1,01:00:00,1,24:00:00,100.0,2400.0,2016-03-13T22:00:00Z,2016-03-13T23:00:00+01:00,2016-03-14T22:00:00Z,2016-03-14T23:00:00+01:00
26.2333333333333,,,False,2,pm25,µg/m³,,raw,01:00:00,2016-03-14T22:00:00Z,2016-03-14T23:00:00+01:00,2016-03-14T23:00:00Z,2016-03-15T00:00:00+01:00,1,01:00:00,1,24:00:00,100.0,2400.0,2016-03-13T23:00:00Z,2016-03-14T00:00:00+01:00,2016-03-14T23:00:00Z,2016-03-15T00:00:00+01:00
25.9708333333333,,,False,2,pm25,µg/m³,,raw,01:00:00,2016-03-14T23:00:00Z,2016-03-15T00:00:00+01:00,2016-03-15T00:00:00Z,2016-03-15T01:00:00+01:00,1,01:00:00,1,24:00:00,100.0,2400.0,2016-03-14T00:00:00Z,2016-03-14T01:00:00+01:00,2016-03-15T00:00:00Z,2016-03-15T01:00:00+01:00
25.8375,,,False,2,pm25,µg/m³,,raw,01:00:00,2016-03-15T00:00:00Z,2016-03-15T01:00:00+01:00,2016-03-15T01:00:00Z,2016-03-15T02:00:00+01:00,1,01:00:00,1,24:00:00,100.0,2400.0,2016-03-14T01:00:00Z,2016-03-14T02:00:00+01:00,2016-03-15T01:00:00Z,2016-03-15T02:00:00+01:00
25.675,,,False,2,pm25,µg/m³,,raw,01:00:00,2016-03-15T01:00:00Z,2016-03-15T02:00:00+01:00,2016-03-15T02:00:00Z,2016-03-15T03:00:00+01:00,1,01:00:00,1,24:00:00,100.0,2400.0,2016-03-14T02:00:00Z,2016-03-14T03:00:00+01:00,2016-03-15T02:00:00Z,2016-03-15T03:00:00+01:00
25.4541666666667,,,False,2,pm25,µg/m³,,raw,01:00:00,2016-03-15T02:00:00Z,2016-03-15T03:00:00+01:00,2016-03-15T03:00:00Z,2016-03-15T04:00:00+01:00,1,01:00:00,1,24:00:00,100.0,2400.0,2016-03-14T03:00:00Z,2016-03-14T04:00:00+01:00,2016-03-15T03:00:00Z,2016-03-15T04:00:00+01:00
25.1541666666667,,,False,2,pm25,µg/m³,,raw,01:00:00,2016-03-15T03:00:00Z,2016-03-15T04:00:00+01:00,2016-03-15T04:00:00Z,2016-03-15T05:00:00+01:00,1,01:00:00,1,24:00:00,100.0,2400.0,2016-03-14T04:00:00Z,2016-03-14T05:00:00+01:00,2016-03-15T04:00:00Z,2016-03-15T05:00:00+01:00
24.9791666666667,,,False,2,pm25,µg/m³,,raw,01:00:00,2016-03-15T04:00:00Z,2016-03-15T05:00:00+01:00,2016-03-15T05:00:00Z,2016-03-15T06:00:00+01:00,1,01:00:00,1,24:00:00,100.0,2400.0,2016-03-14T05:00:00Z,2016-03-14T06:00:00+01:00,2016-03-15T05:00:00Z,2016-03-15T06:00:00+01:00
24.8916666666667,,,False,2,pm25,µg/m³,,raw,01:00:00,2016-03-15T05:00:00Z,2016-03-15T06:00:00+01:00,2016-03-15T06:00:00Z,2016-03-15T07:00:00+01:00,1,01:00:00,1,24:00:00,100.0,2400.0,2016-03-14T06:00:00Z,2016-03-14T07:00:00+01:00,2016-03-15T06:00:00Z,2016-03-15T07:00:00+01:00
24.6869565217391,,,False,2,pm25,µg/m³,,raw,01:00:00,2016-03-15T06:00:00Z,2016-03-15T07:00:00+01:00,2016-03-15T07:00:00Z,2016-03-15T08:00:00+01:00,1,01:00:00,1,24:00:00,100.0,2400.0,2016-03-14T07:00:00Z,2016-03-14T08:00:00+01:00,2016-03-15T07:00:00Z,2016-03-15T08:00:00+01:00
24.2208333333333,,,False,2,pm25,µg/m³,,raw,01:00:00,2016-03-15T07:00:00Z,2016-03-15T08:00:00+01:00,2016-03-15T08:00:00Z,2016-03-15T09:00:00+01:00,1,01:00:00,1,24:00:00,100.0,2400.0,2016-03-14T08:00:00Z,2016-03-14T09:00:00+01:00,2016-03-15T08:00:00Z,2016-03-15T09:00:00+01:00
23.5541666666667,,,False,2,pm25,µg/m³,,raw,01:00:00,2016-03-15T08:00:00Z,2016-03-15T09:00:00+01:00,2016-03-15T09:00:00Z,2016-03-15T10:00:00+01:00,1,01:00:00,1,24:00:00,100.0,2400.0,2016-03-14T09:00:00Z,2016-03-14T10:00:00+01:00,2016-03-15T09:00:00Z,2016-03-15T10:00:00+01:00
22.8541666666667,,,False,2,pm25,µg/m³,,raw,01:00:00,2016-03-15T09:00:00Z,2016-03-15T10:00:00+01:00,2016-03-15T10:00:00Z,2016-03-15T11:00:00+01:00,1,01:00:00,1,24:00:00,100.0,2400.0,2016-03-14T10:00:00Z,2016-03-14T11:00:00+01:00,2016-03-15T10:00:00Z,2016-03-15T11:00:00+01:00
22.1416666666667,,,False,2,pm25,µg/m³,,raw,01:00:00,2016-03-15T10:00:00Z,2016-03-15T11:00:00+01:00,2016-03-15T11:00:00Z,2016-03-15T12:00:00+01:00,1,01:00:00,1,24:00:00,100.0,2400.0,2016-03-14T11:00:00Z,2016-03-14T12:00:00+01:00,2016-03-15T11:00:00Z,2016-03-15T12:00:00+01:00
21.175,,,False,2,pm25,µg/m³,,raw,01:00:00,2016-03-15T11:00:00Z,2016-03-15T12:00:00+01:00,2016-03-15T12:00:00Z,2016-03-15T13:00:00+01:00,1,01:00:00,1,24:00:00,100.0,2400.0,2016-03-14T12:00:00Z,2016-03-14T13:00:00+01:00,2016-03-15T12:00:00Z,2016-03-15T13:00:00+01:00
20.5666666666667,,,False,2,pm25,µg/m³,,raw,01:00:00,2016-03-15T12:00:00Z,2016-03-15T13:00:00+01:00,2016-03-15T13:00:00Z,2016-03-15T14:00:00+01:00,1,01:00:00,1,24:00:00,100.0,2400.0,2016-03-14T13:00:00Z,2016-03-14T14:00:00+01:00,2016-03-15T13:00:00Z,2016-03-15T14:00:00+01:00
19.8708333333333,,,False,2,pm25,µg/m³,,raw,01:00:00,2016-03-15T13:00:00Z,2016-03-15T14:00:00+01:00,2016-03-15T14:00:00Z,2016-03-15T15:00:00+01:00,1,01:00:00,1,24:00:00,100.0,2400.0,2016-03-14T14:00:00Z,2016-03-14T15:00:00+01:00,2016-03-15T14:00:00Z,2016-03-15T15:00:00+01:00
19.4833333333333,,,False,2,pm25,µg/m³,,raw,01:00:00,2016-03-15T14:00:00Z,2016-03-15T15:00:00+01:00,2016-03-15T15:00:00Z,2016-03-15T16:00:00+01:00,1,01:00:00,1,24:00:00,100.0,2400.0,2016-03-14T15:00:00Z,2016-03-14T16:00:00+01:00,2016-03-15T15:00:00Z,2016-03-15T16:00:00+01:00
18.9958333333333,,,False,2,pm25,µg/m³,,raw,01:00:00,2016-03-15T15:00:00Z,2016-03-15T16:00:00+01:00,2016-03-15T16:00:00Z,2016-03-15T17:00:00+01:00,1,01:00:00,1,24:00:00,100.0,2400.0,2016-03-14T16:00:00Z,2016-03-14T17:00:00+01:00,2016-03-15T16:00:00Z,2016-03-15T17:00:00+01:00
18.5875,,,False,2,pm25,µg/m³,,raw,01:00:00,2016-03-15T16:00:00Z,2016-03-15T17:00:00+01:00,2016-03-15T17:00:00Z,2016-03-15T18:00:00+01:00,1,01:00:00,1,24:00:00,100.0,2400.0,2016-03-14T17:00:00Z,2016-03-14T18:00:00+01:00,2016-03-15T17:00:00Z,2016-03-15T18:00:00+01:00
18.2875,,,False,2,pm25,µg/m³,,raw,01:00:00,2016-03-15T17:00:00Z,2016-03-15T18:00:00+01:00,2016-03-15T18:00:00Z,2016-03-15T19:00:00+01:00,1,01:00:00,1,24:00:00,100.0,2400.0,2016-03-14T18:00:00Z,2016-03-14T19:00:00+01:00,2016-03-15T18:00:00Z,2016-03-15T19:00:00+01:00
18.1291666666667,,,False,2,pm25,µg/m³,,raw,01:00:00,2016-03-15T18:00:00Z,2016-03-15T19:00:00+01:00,2016-03-15T19:00:00Z,2016-03-15T20:00:00+01:00,1,01:00:00,1,24:00:00,100.0,2400.0,2016-03-14T19:00:00Z,2016-03-14T20:00:00+01:00,2016-03-15T19:00:00Z,2016-03-15T20:00:00+01:00
17.9541666666667,,,False,2,pm25,µg/m³,,raw,01:00:00,2016-03-15T19:00:00Z,2016-03-15T20:00:00+01:00,2016-03-15T20:00:00Z,2016-03-15T21:00:00+01:00,1,01:00:00,1,24:00:00,100.0,2400.0,2016-03-14T20:00:00Z,2016-03-14T21:00:00+01:00,2016-03-15T20:00:00Z,2016-03-15T21:00:00+01:00
17.8125,,,False,2,pm25,µg/m³,,raw,01:00:00,2016-03-15T20:00:00Z,2016-03-15T21:00:00+01:00,2016-03-15T21:00:00Z,2016-03-15T22:00:00+01:00,1,01:00:00,1,24:00:00,100.0,2400.0,2016-03-14T21:00:00Z,2016-03-14T22:00:00+01:00,2016-03-15T21:00:00Z,2016-03-15T22:00:00+01:00
17.6304347826087,,,False,2,pm25,µg/m³,,raw,01:00:00,2016-03-15T21:00:00Z,2016-03-15T22:00:00+01:00,2016-03-15T22:00:00Z,2016-03-15T23:00:00+01:00,1,01:00:00,1,24:00:00,100.0,2400.0,2016-03-14T22:00:00Z,2016-03-14T23:00:00+01:00,2016-03-15T22:00:00Z,2016-03-15T23:00:00+01:00
17.4416666666667,,,False,2,pm25,µg/m³,,raw,01:00:00,2016-03-15T22:00:00Z,2016-03-15T23:00:00+01:00,2016-03-15T23:00:00Z,2016-03-16T00:00:00+01:00,1,01:00:00,1,24:00:00,100.0,2400.0,2016-03-14T23:00:00Z,2016-03-15T00:00:00+01:00,2016-03-15T23:00:00Z,2016-03-16T00:00:00+01:00
17.3125,,,False,2,pm25,µg/m³,,raw,01:00:00,2016-03-15T23:00:00Z,2016-03-16T00:00:00+01:00,2016-03-16T00:00:00Z,2016-03-16T01:00:00+01:00,1,01:00:00,1,24:00:00,100.0,2400.0,2016-03-15T00:00:00Z,2016-03-15T01:00:00+01:00,2016-03-16T00:00:00Z,2016-03-16T01:00:00+01:00
16.7666666666667,,,False,2,pm25,µg/m³,,raw,01:00:00,2016-03-16T00:00:00Z,2016-03-16T01:00:00+01:00,2016-03-16T01:00:00Z,2016-03-16T02:00:00+01:00,1,01:00:00,1,24:00:00,100.0,2400.0,2016-03-15T01:00:00Z,2016-03-15T02:00:00+01:00,2016-03-16T01:00:00Z,2016-03-16T02:00:00+01:00
16.1416666666667,,,False,2,pm25,µg/m³,,raw,01:00:00,2016-03-16T01:00:00Z,2016-03-16T02:00:00+01:00,2016-03-16T02:00:00Z,2016-03-16T03:00:00+01:00,1,01:00:00,1,24:00:00,100.0,2400.0,2016-03-15T02:00:00Z,2016-03-15T03:00:00+01:00,2016-03-16T02:00:00Z,2016-03-16T03:00:00+01:00
15.8083333333333,,,False,2,pm25,µg/m³,,raw,01:00:00,2016-03-16T02:00:00Z,2016-03-16T03:00:00+01:00,2016-03-16T03:00:00Z,2016-03-16T04:00:00+01:00,1,01:00:00,1,24:00:00,100.0,2400.0,2016-03-15T03:00:00Z,2016-03-15T04:00:00+01:00,2016-03-16T03:00:00Z,2016-03-16T04:00:00+01:00
15.6375,,,False,2,pm25,µg/m³,,raw,01:00:00,2016-03-16T03:00:00Z,2016-03-16T04:00:00+01:00,2016-03-16T04:00:00Z,2016-03-16T05:00:00+01:00,1,01:00:00,1,24:00:00,100.0,2400.0,2016-03-15T04:00:00Z,2016-03-15T05:00:00+01:00,2016-03-16T04:00:00Z,2016-03-16T05:00:00+01:00
15.375,,,False,2,pm25,µg/m³,,raw,01:00:00,2016-03-16T04:00:00Z,2016-03-16T05:00:00+01:00,2016-03-16T05:00:00Z,2016-03-16T06:00:00+01:00,1,01:00:00,1,24:00:00,100.0,2400.0,2016-03-15T05:00:00Z,2016-03-15T06:00:00+01:00,2016-03-16T05:00:00Z,2016-03-16T06:00:00+01:00
14.8791666666667,,,False,2,pm25,µg/m³,,raw,01:00:00,2016-03-16T05:00:00Z,2016-03-16T06:00:00+01:00,2016-03-16T06:00:00Z,2016-03-16T07:00:00+01:00,1,01:00:00,1,24:00:00,100.0,2400.0,2016-03-15T06:00:00Z,2016-03-15T07:00:00+01:00,2016-03-16T06:00:00Z,2016-03-16T07:00:00+01:00
14.1541666666667,,,False,2,pm25,µg/m³,,raw,01:00:00,2016-03-16T06:00:00Z,2016-03-16T07:00:00+01:00,2016-03-16T07:00:00Z,2016-03-16T08:00:00+01:00,1,01:00:00,1,24:00:00,100.0,2400.0,2016-03-15T07:00:00Z,2016-03-15T08:00:00+01:00,2016-03-16T07:00:00Z,2016-03-16T08:00:00+01:00
14.0625,,,False,2,pm25,µg/m³,,raw,01:00:00,2016-03-16T07:00:00Z,2016-03-16T08:00:00+01:00,2016-03-16T08:00:00Z,2016-03-16T09:00:00+01:00,1,01:00:00,1,24:00:00,100.0,2400.0,2016-03-15T08:00:00Z,2016-03-15T09:00:00+01:00,2016-03-16T08:00:00Z,2016-03-16T09:00:00+01:00
14.2291666666667,,,False,2,pm25,µg/m³,,raw,01:00:00,2016-03-16T08:00:00Z,2016-03-16T09:00:00+01:00,2016-03-16T09:00:00Z,2016-03-16T10:00:00+01:00,1,01:00:00,1,24:00:00,100.0,2400.0,2016-03-15T09:00:00Z,2016-03-15T10:00:00+01:00,2016-03-16T09:00:00Z,2016-03-16T10:00:00+01:00
14.9583333333333,,,False,2,pm25,µg/m³,,raw,01:00:00,2016-03-16T09:00:00Z,2016-03-16T10:00:00+01:00,2016-03-16T10:00:00Z,2016-03-16T11:00:00+01:00,1,01:00:00,1,24:00:00,100.0,2400.0,2016-03-15T10:00:00Z,2016-03-15T11:00:00+01:00,2016-03-16T10:00:00Z,2016-03-16T11:00:00+01:00
15.2666666666667,,,False,2,pm25,µg/m³,,raw,01:00:00,2016-03-16T10:00:00Z,2016-03-16T11:00:00+01:00,2016-03-16T11:00:00Z,2016-03-16T12:00:00+01:00,1,01:00:00,1,24:00:00,100.0,2400.0,2016-03-15T11:00:00Z,2016-03-15T12:00:00+01:00,2016-03-16T11:00:00Z,2016-03-16T12:00:00+01:00
15.325,,,False,2,pm25,µg/m³,,raw,01:00:00,2016-03-16T11:00:00Z,2016-03-16T12:00:00+01:00,2016-03-16T12:00:00Z,2016-03-16T13:00:00+01:00,1,01:00:00,1,24:00:00,100.0,2400.0,2016-03-15T12:00:00Z,2016-03-15T13:00:00+01:00,2016-03-16T12:00:00Z,2016-03-16T13:00:00+01:00
15.3130434782609,,,False,2,pm25,µg/m³,,raw,01:00:00,2016-03-16T12:00:00Z,2016-03-16T13:00:00+01:00,2016-03-16T13:00:00Z,2016-03-16T14:00:00+01:00,1,01:00:00,1,24:00:00,100.0,2400.0,2016-03-15T13:00:00Z,2016-03-15T14:00:00+01:00,2016-03-16T13:00:00Z,2016-03-16T14:00:00+01:00
15.7208333333333,,,False,2,pm25,µg/m³,,raw,01:00:00,2016-03-16T13:00:00Z,2016-03-16T14:00:00+01:00,2016-03-16T14:00:00Z,2016-03-16T15:00:00+01:00,1,01:00:00,1,24:00:00,100.0,2400.0,2016-03-15T14:00:00Z,2016-03-15T15:00:00+01:00,2016-03-16T14:00:00Z,2016-03-16T15:00:00+01:00
16.1041666666667,,,False,2,pm25,µg/m³,,raw,01:00:00,2016-03-16T14:00:00Z,2016-03-16T15:00:00+01:00,2016-03-16T15:00:00Z,2016-03-16T16:00:00+01:00,1,01:00:00,1,24:00:00,100.0,2400.0,2016-03-15T15:00:00Z,2016-03-15T16:00:00+01:00,2016-03-16T15:00:00Z,2016-03-16T16:00:00+01:00
16.3666666666667,,,False,2,pm25,µg/m³,,raw,01:00:00,2016-03-16T15:00:00Z,2016-03-16T16:00:00+01:00,2016-03-16T16:00:00Z,2016-03-16T17:00:00+01:00,1,01:00:00,1,24:00:00,100.0,2400.0,2016-03-15T16:00:00Z,2016-03-15T17:00:00+01:00,2016-03-16T16:00:00Z,2016-03-16T17:00:00+01:00
16.6166666666667,,,False,2,pm25,µg/m³,,raw,01:00:00,2016-03-16T16:00:00Z,2016-03-16T17:00:00+01:00,2016-03-16T17:00:00Z,2016-03-16T18:00:00+01:00,1,01:00:00,1,24:00:00,100.0,2400.0,2016-03-15T17:00:00Z,2016-03-15T18:00:00+01:00,2016-03-16T17:00:00Z,2016-03-16T18:00:00+01:00
16.625,,,False,2,pm25,µg/m³,,raw,01:00:00,2016-03-16T17:00:00Z,2016-03-16T18:00:00+01:00,2016-03-16T18:00:00Z,2016-03-16T19:00:00+01:00,1,01:00:00,1,24:00:00,100.0,2400.0,2016-03-15T18:00:00Z,2016-03-15T19:00:00+01:00,2016-03-16T18:00:00Z,2016-03-16T19:00:00+01:00
16.35,,,False,2,pm25,µg/m³,,raw,01:00:00,2016-03-16T18:00:00Z,2016-03-16T19:00:00+01:00,2016-03-16T19:00:00Z,2016-03-16T20:00:00+01:00,1,01:00:00,1,24:00:00,100.0,2400.0,2016-03-15T19:00:00Z,2016-03-15T20:00:00+01:00,2016-03-16T19:00:00Z,2016-03-16T20:00:00+01:00
16.3833333333333,,,False,2,pm25,µg/m³,,raw,01:00:00,2016-03-16T19:00:00Z,2016-03-16T20:00:00+01:00,2016-03-16T20:00:00Z,2016-03-16T21:00:00+01:00,1,01:00:00,1,24:00:00,100.0,2400.0,2016-03-15T20:00:00Z,2016-03-15T21:00:00+01:00,2016-03-16T20:00:00Z,2016-03-16T21:00:00+01:00
16.3958333333333,,,False,2,pm25,µg/m³,,raw,01:00:00,2016-03-16T20:00:00Z,2016-03-16T21:00:00+01:00,2016-03-16T21:00:00Z,2016-03-16T22:00:00+01:00,1,01:00:00,1,24:00:00,100.0,2400.0,2016-03-15T21:00:00Z,2016-03-15T22:00:00+01:00,2016-03-16T21:00:00Z,2016-03-16T22:00:00+01:00
16.4086956521739,,,False,2,pm25,µg/m³,,raw,01:00:00,2016-03-16T21:00:00Z,2016-03-16T22:00:00+01:00,2016-03-16T22:00:00Z,2016-03-16T23:00:00+01:00,1,01:00:00,1,24:00:00,100.0,2400.0,2016-03-15T22:00:00Z,2016-03-15T23:00:00+01:00,2016-03-16T22:00:00Z,2016-03-16T23:00:00+01:00
16.2090909090909,,,False,2,pm25,µg/m³,,raw,01:00:00,2016-03-16T22:00:00Z,2016-03-16T23:00:00+01:00,2016-03-16T23:00:00Z,2016-03-17T00:00:00+01:00,1,01:00:00,1,24:00:00,100.0,2400.0,2016-03-15T23:00:00Z,2016-03-16T00:00:00+01:00,2016-03-16T23:00:00Z,2016-03-17T00:00:00+01:00
16.8291666666667,,,False,2,pm25,µg/m³,,raw,01:00:00,2016-03-16T23:00:00Z,2016-03-17T00:00:00+01:00,2016-03-17T00:00:00Z,2016-03-17T01:00:00+01:00,1,01:00:00,1,24:00:00,100.0,2400.0,2016-03-16T00:00:00Z,2016-03-16T01:00:00+01:00,2016-03-17T00:00:00Z,2016-03-17T01:00:00+01:00
17.0291666666667,,,False,2,pm25,µg/m³,,raw,01:00:00,2016-03-17T00:00:00Z,2016-03-17T01:00:00+01:00,2016-03-17T01:00:00Z,2016-03-17T02:00:00+01:00,1,01:00:00,1,24:00:00,100.0,2400.0,2016-03-16T01:00:00Z,2016-03-16T02:00:00+01:00,2016-03-17T01:00:00Z,2016-03-17T02:00:00+01:00
17.45,,,False,2,pm25,µg/m³,,raw,01:00:00,2016-03-17T01:00:00Z,2016-03-17T02:00:00+01:00,2016-03-17T02:00:00Z,2016-03-17T03:00:00+01:00,1,01:00:00,1,24:00:00,100.0,2400.0,2016-03-16T02:00:00Z,2016-03-16T03:00:00+01:00,2016-03-17T02:00:00Z,2016-03-17T03:00:00+01:00
17.6125,,,False,2,pm25,µg/m³,,raw,01:00:00,2016-03-17T02:00:00Z,2016-03-17T03:00:00+01:00,2016-03-17T03:00:00Z,2016-03-17T04:00:00+01:00,1,01:00:00,1,24:00:00,100.0,2400.0,2016-03-16T03:00:00Z,2016-03-16T04:00:00+01:00,2016-03-17T03:00:00Z,2016-03-17T04:00:00+01:00
17.595652173913,,,False,2,pm25,µg/m³,,raw,01:00:00,2016-03-17T03:00:00Z,2016-03-17T04:00:00+01:00,2016-03-17T04:00:00Z,2016-03-17T05:00:00+01:00,1,01:00:00,1,24:00:00,100.0,2400.0,2016-03-16T04:00:00Z,2016-03-16T05:00:00+01:00,2016-03-17T04:00:00Z,2016-03-17T05:00:00+01:00
18.1041666666667,,,False,2,pm25,µg/m³,,raw,01:00:00,2016-03-17T04:00:00Z,2016-03-17T05:00:00+01:00,2016-03-17T05:00:00Z,2016-03-17T06:00:00+01:00,1,01:00:00,1,24:00:00,100.0,2400.0,2016-03-16T05:00:00Z,2016-03-16T06:00:00+01:00,2016-03-17T05:00:00Z,2016-03-17T06:00:00+01:00
18.7375,,,False,2,pm25,µg/m³,,raw,01:00:00,2016-03-17T05:00:00Z,2016-03-17T06:00:00+01:00,2016-03-17T06:00:00Z,2016-03-17T07:00:00+01:00,1,01:00:00,1,24:00:00,100.0,2400.0,2016-03-16T06:00:00Z,2016-03-16T07:00:00+01:00,2016-03-17T06:00:00Z,2016-03-17T07:00:00+01:00
19.625,,,False,2,pm25,µg/m³,,raw,01:00:00,2016-03-17T06:00:00Z,2016-03-17T07:00:00+01:00,2016-03-17T07:00:00Z,2016-03-17T08:00:00+01:00,1,01:00:00,1,24:00:00,100.0,2400.0,2016-03-16T07:00:00Z,2016-03-16T08:00:00+01:00,2016-03-17T07:00:00Z,2016-03-17T08:00:00+01:00
20.6208333333333,,,False,2,pm25,µg/m³,,raw,01:00:00,2016-03-17T07:00:00Z,2016-03-17T08:00:00+01:00,2016-03-17T08:00:00Z,2016-03-17T09:00:00+01:00,1,01:00:00,1,24:00:00,100.0,2400.0,2016-03-16T08:00:00Z,2016-03-16T09:00:00+01:00,2016-03-17T08:00:00Z,2016-03-17T09:00:00+01:00
20.8086956521739,,,False,2,pm25,µg/m³,,raw,01:00:00,2016-03-17T08:00:00Z,2016-03-17T09:00:00+01:00,2016-03-17T09:00:00Z,2016-03-17T10:00:00+01:00,1,01:00:00,1,24:00:00,100.0,2400.0,2016-03-16T09:00:00Z,2016-03-16T10:00:00+01:00,2016-03-17T09:00:00Z,2016-03-17T10:00:00+01:00
20.7391304347826,,,False,2,pm25,µg/m³,,raw,01:00:00,2016-03-17T09:00:00Z,2016-03-17T10:00:00+01:00,2016-03-17T10:00:00Z,2016-03-17T11:00:00+01:00,1,01:00:00,1,24:00:00,100.0,2400.0,2016-03-16T10:00:00Z,2016-03-16T11:00:00+01:00,2016-03-17T10:00:00Z,2016-03-17T11:00:00+01:00
21.1782608695652,,,False,2,pm25,µg/m³,,raw,01:00:00,2016-03-17T10:00:00Z,2016-03-17T11:00:00+01:00,2016-03-17T11:00:00Z,2016-03-17T12:00:00+01:00,1,01:00:00,1,24:00:00,100.0,2400.0,2016-03-16T11:00:00Z,2016-03-16T12:00:00+01:00,2016-03-17T11:00:00Z,2016-03-17T12:00:00+01:00
21.504347826087,,,False,2,pm25,µg/m³,,raw,01:00:00,2016-03-17T11:00:00Z,2016-03-17T12:00:00+01:00,2016-03-17T12:00:00Z,2016-03-17T13:00:00+01:00,1,01:00:00,1,24:00:00,100.0,2400.0,2016-03-16T12:00:00Z,2016-03-16T13:00:00+01:00,2016-03-17T12:00:00Z,2016-03-17T13:00:00+01:00
21.8652173913043,,,False,2,pm25,µg/m³,,raw,01:00:00,2016-03-17T12:00:00Z,2016-03-17T13:00:00+01:00,2016-03-17T13:00:00Z,2016-03-17T14:00:00+01:00,1,01:00:00,1,24:00:00,100.0,2400.0,2016-03-16T13:00:00Z,2016-03-16T14:00:00+01:00,2016-03-17T13:00:00Z,2016-03-17T14:00:00+01:00
21.9869565217391,,,False,2,pm25,µg/m³,,raw,01:00:00,2016-03-17T13:00:00Z,2016-03-17T14:00:00+01:00,2016-03-17T14:00:00Z,2016-03-17T15:00:00+01:00,1,01:00:00,1,24:00:00,100.0,2400.0,2016-03-16T14:00:00Z,2016-03-16T15:00:00+01:00,2016-03-17T14:00:00Z,2016-03-17T15:00:00+01:00
22.0086956521739,,,False,2,pm25,µg/m³,,raw,01:00:00,2016-03-17T14:00:00Z,2016-03-17T15:00:00+01:00,2016-03-17T15:00:00Z,2016-03-17T16:00:00+01:00,1,01:00:00,1,24:00:00,100.0,2400.0,2016-03-16T15:00:00Z,2016-03-16T16:00:00+01:00,2016-03-17T15:00:00Z,2016-03-17T16:00:00+01:00
22.004347826087,,,False,2,pm25,µg/m³,,raw,01:00:00,2016-03-17T15:00:00Z,2016-03-17T16:00:00+01:00,2016-03-17T16:00:00Z,2016-03-17T17:00:00+01:00,1,01:00:00,1,24:00:00,100.0,2400.0,2016-03-16T16:00:00Z,2016-03-16T17:00:00+01:00,2016-03-17T16:00:00Z,2016-03-17T17:00:00+01:00
22.4478260869565,,,False,2,pm25,µg/m³,,raw,01:00:00,2016-03-17T16:00:00Z,2016-03-17T17:00:00+01:00,2016-03-17T17:00:00Z,2016-03-17T18:00:00+01:00,1,01:00:00,1,24:00:00,100.0,2400.0,2016-03-16T17:00:00Z,2016-03-16T18:00:00+01:00,2016-03-17T17:00:00Z,2016-03-17T18:00:00+01:00
23.3565217391304,,,False,2,pm25,µg/m³,,raw,01:00:00,2016-03-17T17:00:00Z,2016-03-17T18:00:00+01:00,2016-03-17T18:00:00Z,2016-03-17T19:00:00+01:00,1,01:00:00,1,24:00:00,100.0,2400.0,2016-03-16T18:00:00Z,2016-03-16T19:00:00+01:00,2016-03-17T18:00:00Z,2016-03-17T19:00:00+01:00
23.7636363636364,,,False,2,pm25,µg/m³,,raw,01:00:00,2016-03-17T18:00:00Z,2016-03-17T19:00:00+01:00,2016-03-17T19:00:00Z,2016-03-17T20:00:00+01:00,1,01:00:00,1,24:00:00,100.0,2400.0,2016-03-16T19:00:00Z,2016-03-16T20:00:00+01:00,2016-03-17T19:00:00Z,2016-03-17T20:00:00+01:00
25.4260869565217,,,False,2,pm25,µg/m³,,raw,01:00:00,2016-03-17T19:00:00Z,2016-03-17T20:00:00+01:00,2016-03-17T20:00:00Z,2016-03-17T21:00:00+01:00,1,01:00:00,1,24:00:00,100.0,2400.0,2016-03-16T20:00:00Z,2016-03-16T21:00:00+01:00,2016-03-17T20:00:00Z,2016-03-17T21:00:00+01:00
25.7130434782609,,,False,2,pm25,µg/m³,,raw,01:00:00,2016-03-17T20:00:00Z,2016-03-17T21:00:00+01:00,2016-03-17T21:00:00Z,2016-03-17T22:00:00+01:00,1,01:00:00,1,24:00:00,100.0,2400.0,2016-03-16T21:00:00Z,2016-03-16T22:00:00+01:00,2016-03-17T21:00:00Z,2016-03-17T22:00:00+01:00
25.8954545454545,,,False,2,pm25,µg/m³,,raw,01:00:00,2016-03-17T21:00:00Z,2016-03-17T22:00:00+01:00,2016-03-17T22:00:00Z,2016-03-17T23:00:00+01:00,1,01:00:00,1,24:00:00,100.0,2400.0,2016-03-16T22:00:00Z,2016-03-16T23:00:00+01:00,2016-03-17T22:00:00Z,2016-03-17T23:00:00+01:00
25.9809523809524,,,False,2,pm25,µg/m³,,raw,01:00:00,2016-03-17T22:00:00Z,2016-03-17T23:00:00+01:00,2016-03-17T23:00:00Z,2016-03-18T00:00:00+01:00,1,01:00:00,1,24:00:00,100.0,2400.0,2016-03-16T23:00:00Z,2016-03-17T00:00:00+01:00,2016-03-17T23:00:00Z,2016-03-18T00:00:00+01:00
25.3695652173913,,,False,2,pm25,µg/m³,,raw,01:00:00,2016-03-17T23:00:00Z,2016-03-18T00:00:00+01:00,2016-03-18T00:00:00Z,2016-03-18T01:00:00+01:00,1,01:00:00,1,24:00:00,100.0,2400.0,2016-03-17T00:00:00Z,2016-03-17T01:00:00+01:00,2016-03-18T00:00:00Z,2016-03-18T01:00:00+01:00
24.8695652173913,,,False,2,pm25,µg/m³,,raw,01:00:00,2016-03-18T00:00:00Z,2016-03-18T01:00:00+01:00,2016-03-18T01:00:00Z,2016-03-18T02:00:00+01:00,1,01:00:00,1,24:00:00,100.0,2400.0,2016-03-17T01:00:00Z,2016-03-17T02:00:00+01:00,2016-03-18T01:00:00Z,2016-03-18T02:00:00+01:00
24.4695652173913,,,False,2,pm25,µg/m³,,raw,01:00:00,2016-03-18T01:00:00Z,2016-03-18T02:00:00+01:00,2016-03-18T02:00:00Z,2016-03-18T03:00:00+01:00,1,01:00:00,1,24:00:00,100.0,2400.0,2016-03-17T02:00:00Z,2016-03-17T03:00:00+01:00,2016-03-18T02:00:00Z,2016-03-18T03:00:00+01:00
24.2,,,False,2,pm25,µg/m³,,raw,01:00:00,2016-03-18T02:00:00Z,2016-03-18T03:00:00+01:00,2016-03-18T03:00:00Z,2016-03-18T04:00:00+01:00,1,01:00:00,1,24:00:00,100.0,2400.0,2016-03-17T03:00:00Z,2016-03-17T04:00:00+01:00,2016-03-18T03:00:00Z,2016-03-18T04:00:00+01:00
23.8173913043478,,,False,2,pm25,µg/m³,,raw,01:00:00,2016-03-18T03:00:00Z,2016-03-18T04:00:00+01:00,2016-03-18T04:00:00Z,2016-03-18T05:00:00+01:00,1,01:00:00,1,24:00:00,100.0,2400.0,2016-03-17T04:00:00Z,2016-03-17T05:00:00+01:00,2016-03-18T04:00:00Z,2016-03-18T05:00:00+01:00
22.9869565217391,,,False,2,pm25,µg/m³,,raw,01:00:00,2016-03-18T04:00:00Z,2016-03-18T05:00:00+01:00,2016-03-18T05:00:00Z,2016-03-18T06:00:00+01:00,1,01:00:00,1,24:00:00,100.0,2400.0,2016-03-17T05:00:00Z,2016-03-17T06:00:00+01:00,2016-03-18T05:00:00Z,2016-03-18T06:00:00+01:00
21.8652173913043,,,False,2,pm25,µg/m³,,raw,01:00:00,2016-03-18T05:00:00Z,2016-03-18T06:00:00+01:00,2016-03-18T06:00:00Z,2016-03-18T07:00:00+01:00,1,01:00:00,1,24:00:00,100.0,2400.0,2016-03-17T06:00:00Z,2016-03-17T07:00:00+01:00,2016-03-18T06:00:00Z,2016-03-18T07:00:00+01:00
20.7130434782609,,,False,2,pm25,µg/m³,,raw,01:00:00,2016-03-18T06:00:00Z,2016-03-18T07:00:00+01:00,2016-03-18T07:00:00Z,2016-03-18T08:00:00+01:00,1,01:00:00,1,24:00:00,100.0,2400.0,2016-03-17T07:00:00Z,2016-03-17T08:00:00+01:00,2016-03-18T07:00:00Z,2016-03-18T08:00:00+01:00
19.3565217391304,,,False,2,pm25,µg/m³,,raw,01:00:00,2016-03-18T07:00:00Z,2016-03-18T08:00:00+01:00,2016-03-18T08:00:00Z,2016-03-18T09:00:00+01:00,1,01:00:00,1,24:00:00,100.0,2400.0,2016-03-17T08:00:00Z,2016-03-17T09:00:00+01:00,2016-03-18T08:00:00Z,2016-03-18T09:00:00+01:00
18.9041666666667,,,False,2,pm25,µg/m³,,raw,01:00:00,2016-03-18T08:00:00Z,2016-03-18T09:00:00+01:00,2016-03-18T09:00:00Z,2016-03-18T10:00:00+01:00,1,01:00:00,1,24:00:00,100.0,2400.0,2016-03-17T09:00:00Z,2016-03-17T10:00:00+01:00,2016-03-18T09:00:00Z,2016-03-18T10:00:00+01:00
18.6260869565217,,,False,2,pm25,µg/m³,,raw,01:00:00,2016-03-18T09:00:00Z,2016-03-18T10:00:00+01:00,2016-03-18T10:00:00Z,2016-03-18T11:00:00+01:00,1,01:00:00,1,24:00:00,100.0,2400.0,2016-03-17T10:00:00Z,2016-03-17T11:00:00+01:00,2016-03-18T10:00:00Z,2016-03-18T11:00:00+01:00
17.4166666666667,,,False,2,pm25,µg/m³,,raw,01:00:00,2016-03-18T10:00:00Z,2016-03-18T11:00:00+01:00,2016-03-18T11:00:00Z,2016-03-18T12:00:00+01:00,1,01:00:00,1,24:00:00,100.0,2400.0,2016-03-17T11:00:00Z,2016-03-17T12:00:00+01:00,2016-03-18T11:00:00Z,2016-03-18T12:00:00+01:00
16.7333333333333,,,False,2,pm25,µg/m³,,raw,01:00:00,2016-03-18T11:00:00Z,2016-03-18T12:00:00+01:00,2016-03-18T12:00:00Z,2016-03-18T13:00:00+01:00,1,01:00:00,1,24:00:00,100.0,2400.0,2016-03-17T12:00:00Z,2016-03-17T13:00:00+01:00,2016-03-18T12:00:00Z,2016-03-18T13:00:00+01:00
16.225,,,False,2,pm25,µg/m³,,raw,01:00:00,2016-03-18T12:00:00Z,2016-03-18T13:00:00+01:00,2016-03-18T13:00:00Z,2016-03-18T14:00:00+01:00,1,01:00:00,1,24:00:00,100.0,2400.0,2016-03-17T13:00:00Z,2016-03-17T14:00:00+01:00,2016-03-18T13:00:00Z,2016-03-18T14:00:00+01:00
15.7625,,,False,2,pm25,µg/m³,,raw,01:00:00,2016-03-18T13:00:00Z,2016-03-18T14:00:00+01:00,2016-03-18T14:00:00Z,2016-03-18T15:00:00+01:00,1,01:00:00,1,24:00:00,100.0,2400.0,2016-03-17T14:00:00Z,2016-03-17T15:00:00+01:00,2016-03-18T14:00:00Z,2016-03-18T15:00:00+01:00
15.25,,,False,2,pm25,µg/m³,,raw,01:00:00,2016-03-18T14:00:00Z,2016-03-18T15:00:00+01:00,2016-03-18T15:00:00Z,2016-03-18T16:00:00+01:00,1,01:00:00,1,24:00:00,100.0,2400.0,2016-03-17T15:00:00Z,2016-03-17T16:00:00+01:00,2016-03-18T15:00:00Z,2016-03-18T16:00:00+01:00
