value,coordinates,summary,flagInfo.hasFlags,parameter.id,parameter.name,parameter.units,parameter.displayName,period.label,period.interval,period.datetimeFrom.utc,period.datetimeFrom.local,period.datetimeTo.utc,period.datetimeTo.local,coverage.expectedCount,coverage.expectedInterval,coverage.observedCount,coverage.observedInterval,coverage.percentComplete,coverage.percentCoverage,coverage.datetimeFrom.utc,coverage.datetimeFrom.local,coverage.datetimeTo.utc,coverage.datetimeTo.local
0.0,,,False,3,o3,µg/m³,,raw,01:00:00,2017-06-28T14:00:00Z,2017-06-28T10:00:00-04:00,2017-06-28T15:00:00Z,2017-06-28T11:00:00-04:00,1,01:00:00,1,01:00:00,100.0,100.0,2017-06-28T14:00:00Z,2017-06-28T10:00:00-04:00,2017-06-28T15:00:00Z,2017-06-28T11:00:00-04:00
0.0,,,False,6,so2,µg/m³,,raw,01:00:00,2017-06-28T14:00:00Z,2017-06-28T10:00:00-04:00,2017-06-28T15:00:00Z,2017-06-28T11:00:00-04:00,1,01:00:00,1,01:00:00,100.0,100.0,2017-06-28T14:00:00Z,2017-06-28T10:00:00-04:00,2017-06-28T15:00:00Z,2017-06-28T11:00:00-04:00
0.0,,,False,1,pm10,µg/m³,,raw,01:00:00,2017-06-28T15:00:00Z,2017-06-28T11:00:00-04:00,2017-06-28T16:00:00Z,2017-06-28T12:00:00-04:00,1,01:00:00,1,01:00:00,100.0,100.0,2017-06-28T15:00:00Z,2017-06-28T11:00:00-04:00,2017-06-28T16:00:00Z,2017-06-28T12:00:00-04:00
0.0,,,False,5,no2,µg/m³,,raw,01:00:00,2017-06-28T14:00:00Z,2017-06-28T10:00:00-04:00,2017-06-28T15:00:00Z,2017-06-28T11:00:00-04:00,1,01:00:00,1,01:00:00,100.0,100.0,2017-06-28T14:00:00Z,2017-06-28T10:00:00-04:00,2017-06-28T15:00:00Z,2017-06-28T11:00:00-04:00
0.0,,,False,4,co,µg/m³,,raw,01:00:00,2017-06-28T14:00:00Z,2017-06-28T10:00:00-04:00,2017-06-28T15:00:00Z,2017-06-28T11:00:00-04:00,1,01:00:00,1,01:00:00,100.0,100.0,2017-06-28T14:00:00Z,2017-06-28T10:00:00-04:00,2017-06-28T15:00:00Z,2017-06-28T11:00:00-04:00
7.357,,,False,2,pm25,µg/m³,,raw,01:00:00,2016-01-30T00:00:00Z,2016-01-29T21:00:00-03:00,2016-01-30T01:00:00Z,2016-01-29T22:00:00-03:00,1,01:00:00,1,01:00:00,100.0,100.0,2016-01-30T00:00:00Z,2016-01-29T21:00:00-03:00,2016-01-30T01:00:00Z,2016-01-29T22:00:00-03:00
3.486,,,False,2,pm25,µg/m³,,raw,01:00:00,2016-01-30T01:00:00Z,2016-01-29T22:00:00-03:00,2016-01-30T02:00:00Z,2016-01-29T23:00:00-03:00,1,01:00:00,1,01:00:00,100.0,100.0,2016-01-30T01:00:00Z,2016-01-29T22:00:00-03:00,2016-01-30T02:00:00Z,2016-01-29T23:00:00-03:00
8.946,,,False,2,pm25,µg/m³,,raw,01:00:00,2016-01-30T02:00:00Z,2016-01-29T23:00:00-03:00,2016-01-30T03:00:00Z,2016-01-30T00:00:00-03:00,1,01:00:00,1,01:00:00,100.0,100.0,2016-01-30T02:00:00Z,2016-01-29T23:00:00-03:00,2016-01-30T03:00:00Z,2016-01-30T00:00:00-03:00
2.404,,,False,2,pm25,µg/m³,,raw,01:00:00,2016-01-30T03:00:00Z,2016-01-30T00:00:00-03:00,2016-01-30T04:00:00Z,2016-01-30T01:00:00-03:00,1,01:00:00,1,01:00:00,100.0,100.0,2016-01-30T03:00:00Z,2016-01-30T00:00:00-03:00,2016-01-30T04:00:00Z,2016-01-30T01:00:00-03:00
7.0,,,False,2,pm25,µg/m³,,raw,01:00:00,2016-01-30T04:00:00Z,2016-01-30T01:00:00-03:00,2016-01-30T05:00:00Z,2016-01-30T02:00:00-03:00,1,01:00:00,1,01:00:00,100.0,100.0,2016-01-30T04:00:00Z,2016-01-30T01:00:00-03:00,2016-01-30T05:00:00Z,2016-01-30T02:00:00-03:00
9.482,,,False,2,pm25,µg/m³,,raw,01:00:00,2016-01-30T05:00:00Z,2016-01-30T02:00:00-03:00,2016-01-30T06:00:00Z,2016-01-30T03:00:00-03:00,1,01:00:00,1,01:00:00,100.0,100.0,2016-01-30T05:00:00Z,2016-01-30T02:00:00-03:00,2016-01-30T06:00:00Z,2016-01-30T03:00:00-03:00
4.695,,,False,2,pm25,µg/m³,,raw,01:00:00,2016-01-30T06:00:00Z,2016-01-30T03:00:00-03:00,2016-01-30T07:00:00Z,2016-01-30T04:00:00-03:00,1,01:00:00,1,01:00:00,100.0,100.0,2016-01-30T06:00:00Z,2016-01-30T03:00:00-03:00,2016-01-30T07:00:00Z,2016-01-30T04:00:00-03:00
7.468,,,False,2,pm25,µg/m³,,raw,01:00:00,2016-01-30T07:00:00Z,2016-01-30T04:00:00-03:00,2016-01-30T08:00:00Z,2016-01-30T05:00:00-03:00,1,01:00:00,1,01:00:00,100.0,100.0,2016-01-30T07:00:00Z,2016-01-30T04:00:00-03:00,2016-01-30T08:00:00Z,2016-01-30T05:00:00-03:00
6.752,,,False,2,pm25,µg/m³,,raw,01:00:00,2016-01-30T08:00:00Z,2016-01-30T05:00:00-03:00,2016-01-30T09:00:00Z,2016-01-30T06:00:00-03:00,1,01:00:00,1,01:00:00,100.0,100.0,2016-01-30T08:00:00Z,2016-01-30T05:00:00-03:00,2016-01-30T09:00:00Z,2016-01-30T06:00:00-03:00
7.524,,,False,2,pm25,µg/m³,,raw,01:00:00,2016-01-30T09:00:00Z,2016-01-30T06:00:00-03:00,2016-01-30T10:00:00Z,2016-01-30T07:00:00-03:00,1,01:00:00,1,01:00:00,100.0,100.0,2016-01-30T09:00:00Z,2016-01-30T06:00:00-03:00,2016-01-30T10:00:00Z,2016-01-30T07:00:00-03:00
10.22,,,False,2,pm25,µg/m³,,raw,01:00:00,2016-01-30T10:00:00Z,2016-01-30T07:00:00-03:00,2016-01-30T11:00:00Z,2016-01-30T08:00:00-03:00,1,01:00:00,1,01:00:00,100.0,100.0,2016-01-30T10:00:00Z,2016-01-30T07:00:00-03:00,2016-01-30T11:00:00Z,2016-01-30T08:00:00-03:00
12.74,,,False,2,pm25,µg/m³,,raw,01:00:00,2016-01-30T11:00:00Z,2016-01-30T08:00:00-03:00,2016-01-30T12:00:00Z,2016-01-30T09:00:00-03:00,1,01:00:00,1,01:00:00,100.0,100.0,2016-01-30T11:00:00Z,2016-01-30T08:00:00-03:00,2016-01-30T12:00:00Z,2016-01-30T09:00:00-03:00
8.233,,,False,2,pm25,µg/m³,,raw,01:00:00,2016-01-30T12:00:00Z,2016-01-30T09:00:00-03:00,2016-01-30T13:00:00Z,2016-01-30T10:00:00-03:00,1,01:00:00,1,01:00:00,100.0,100.0,2016-01-30T12:00:00Z,2016-01-30T09:00:00-03:00,2016-01-30T13:00:00Z,2016-01-30T10:00:00-03:00
9.383,,,False,2,pm25,µg/m³,,raw,01:00:00,2016-01-30T13:00:00Z,2016-01-30T10:00:00-03:00,2016-01-30T14:00:00Z,2016-01-30T11:00:00-03:00,1,01:00:00,1,01:00:00,100.0,100.0,2016-01-30T13:00:00Z,2016-01-30T10:00:00-03:00,2016-01-30T14:00:00Z,2016-01-30T11:00:00-03:00
12.83,,,False,2,pm25,µg/m³,,raw,01:00:00,2016-01-30T14:00:00Z,2016-01-30T11:00:00-03:00,2016-01-30T15:00:00Z,2016-01-30T12:00:00-03:00,1,01:00:00,1,01:00:00,100.0,100.0,2016-01-30T14:00:00Z,2016-01-30T11:00:00-03:00,2016-01-30T15:00:00Z,2016-01-30T12:00:00-03:00
1.153,,,False,2,pm25,µg/m³,,raw,01:00:00,2016-01-30T15:00:00Z,2016-01-30T12:00:00-03:00,2016-01-30T16:00:00Z,2016-01-30T13:00:00-03:00,1,01:00:00,1,01:00:00,100.0,100.0,2016-01-30T15:00:00Z,2016-01-30T12:00:00-03:00,2016-01-30T16:00:00Z,2016-01-30T13:00:00-03:00
7.427,,,False,2,pm25,µg/m³,,raw,01:00:00,2016-01-30T16:00:00Z,2016-01-30T13:00:00-03:00,2016-01-30T17:00:00Z,2016-01-30T14:00:00-03:00,1,01:00:00,1,01:00:00,100.0,100.0,2016-01-30T16:00:00Z,2016-01-30T13:00:00-03:00,2016-01-30T17:00:00Z,2016-01-30T14:00:00-03:00
15.93,,,False,2,pm25,µg/m³,,raw,01:00:00,2016-01-30T17:00:00Z,2016-01-30T14:00:00-03:00,2016-01-30T18:00:00Z,2016-01-30T15:00:00-03:00,1,01:00:00,1,01:00:00,100.0,100.0,2016-01-30T17:00:00Z,2016-01-30T14:00:00-03:00,2016-01-30T18:00:00Z,2016-01-30T15:00:00-03:00
15.58,,,False,2,pm25,µg/m³,,raw,01:00:00,2016-01-30T18:00:00Z,2016-01-30T15:00:00-03:00,2016-01-30T19:00:00Z,2016-01-30T16:00:00-03:00,1,01:00:00,1,01:00:00,100.0,100.0,2016-01-30T18:00:00Z,2016-01-30T15:00:00-03:00,2016-01-30T19:00:00Z,2016-01-30T16:00:00-03:00
12.11,,,False,2,pm25,µg/m³,,raw,01:00:00,2016-01-30T19:00:00Z,2016-01-30T16:00:00-03:00,2016-01-30T20:00:00Z,2016-01-30T17:00:00-03:00,1,01:00:00,1,01:00:00,100.0,100.0,2016-01-30T19:00:00Z,2016-01-30T16:00:00-03:00,2016-01-30T20:00:00Z,2016-01-30T17:00:00-03:00
10.68,,,False,2,pm25,µg/m³,,raw,01:00:00,2016-01-30T20:00:00Z,2016-01-30T17:00:00-03:00,2016-01-30T21:00:00Z,2016-01-30T18:00:00-03:00,1,01:00:00,1,01:00:00,100.0,100.0,2016-01-30T20:00:00Z,2016-01-30T17:00:00-03:00,2016-01-30T21:00:00Z,2016-01-30T18:00:00-03:00
5.243,,,False,2,pm25,µg/m³,,raw,01:00:00,2016-01-30T21:00:00Z,2016-01-30T18:00:00-03:00,2016-01-30T22:00:00Z,2016-01-30T19:00:00-03:00,1,01:00:00,1,01:00:00,100.0,100.0,2016-01-30T21:00:00Z,2016-01-30T18:00:00-03:00,2016-01-30T22:00:00Z,2016-01-30T19:00:00-03:00
4.262,,,False,2,pm25,µg/m³,,raw,01:00:00,2016-01-30T22:00:00Z,2016-01-30T19:00:00-03:00,2016-01-30T23:00:00Z,2016-01-30T20:00:00-03:00,1,01:00:00,1,01:00:00,100.0,100.0,2016-01-30T22:00:00Z,2016-01-30T19:00:00-03:00,2016-01-30T23:00:00Z,2016-01-30T20:00:00-03:00
8.409,,,False,2,pm25,µg/m³,,raw,01:00:00,2016-01-30T23:00:00Z,2016-01-30T20:00:00-03:00,2016-01-31T00:00:00Z,2016-01-30T21:00:00-03:00,1,01:00:00,1,01:00:00,100.0,100.0,2016-01-30T23:00:00Z,2016-01-30T20:00:00-03:00,2016-01-31T00:00:00Z,2016-01-30T21:00:00-03:00
26.41,,,False,2,pm25,µg/m³,,raw,01:00:00,2016-01-31T00:00:00Z,2016-01-30T21:00:00-03:00,2016-01-31T01:00:00Z,2016-01-30T22:00:00-03:00,1,01:00:00,1,01:00:00,100.0,100.0,2016-01-31T00:00:00Z,2016-01-30T21:00:00-03:00,2016-01-31T01:00:00Z,2016-01-30T22:00:00-03:00
18.41,,,False,2,pm25,µg/m³,,raw,01:00:00,2016-01-31T01:00:00Z,2016-01-30T22:00:00-03:00,2016-01-31T02:00:00Z,2016-01-30T23:00:00-03:00,1,01:00:00,1,01:00:00,100.0,100.0,2016-01-31T01:00:00Z,2016-01-30T22:00:00-03:00,2016-01-31T02:00:00Z,2016-01-30T23:00:00-03:00
7.802,,,False,2,pm25,µg/m³,,raw,01:00:00,2016-01-31T02:00:00Z,2016-01-30T23:00:00-03:00,2016-01-31T03:00:00Z,2016-01-31T00:00:00-03:00,1,01:00:00,1,01:00:00,100.0,100.0,2016-01-31T02:00:00Z,2016-01-30T23:00:00-03:00,2016-01-31T03:00:00Z,2016-01-31T00:00:00-03:00
2.736,,,False,2,pm25,µg/m³,,raw,01:00:00,2016-01-31T03:00:00Z,2016-01-31T00:00:00-03:00,2016-01-31T04:00:00Z,2016-01-31T01:00:00-03:00,1,01:00:00,1,01:00:00,100.0,100.0,2016-01-31T03:00:00Z,2016-01-31T00:00:00-03:00,2016-01-31T04:00:00Z,2016-01-31T01:00:00-03:00
12.27,,,False,2,pm25,µg/m³,,raw,01:00:00,2016-01-31T04:00:00Z,2016-01-31T01:00:00-03:00,2016-01-31T05:00:00Z,2016-01-31T02:00:00-03:00,1,01:00:00,1,01:00:00,100.0,100.0,2016-01-31T04:00:00Z,2016-01-31T01:00:00-03:00,2016-01-31T05:00:00Z,2016-01-31T02:00:00-03:00
12.59,,,False,2,pm25,µg/m³,,raw,01:00:00,2016-01-31T05:00:00Z,2016-01-31T02:00:00-03:00,2016-01-31T06:00:00Z,2016-01-31T03:00:00-03:00,1,01:00:00,1,01:00:00,100.0,100.0,2016-01-31T05:00:00Z,2016-01-31T02:00:00-03:00,2016-01-31T06:00:00Z,2016-01-31T03:00:00-03:00
3.797,,,False,2,pm25,µg/m³,,raw,01:00:00,2016-01-31T06:00:00Z,2016-01-31T03:00:00-03:00,2016-01-31T07:00:00Z,2016-01-31T04:00:00-03:00,1,01:00:00,1,01:00:00,100.0,100.0,2016-01-31T06:00:00Z,2016-01-31T03:00:00-03:00,2016-01-31T07:00:00Z,2016-01-31T04:00:00-03:00
16.4,,,False,2,pm25,µg/m³,,raw,01:00:00,2016-01-31T07:00:00Z,2016-01-31T04:00:00-03:00,2016-01-31T08:00:00Z,2016-01-31T05:00:00-03:00,1,01:00:00,1,01:00:00,100.0,100.0,2016-01-31T07:00:00Z,2016-01-31T04:00:00-03:00,2016-01-31T08:00:00Z,2016-01-31T05:00:00-03:00
15.8,,,False,2,pm25,µg/m³,,raw,01:00:00,2016-01-31T08:00:00Z,2016-01-31T05:00:00-03:00,2016-01-31T09:00:00Z,2016-01-31T06:00:00-03:00,1,01:00:00,1,01:00:00,100.0,100.0,2016-01-31T08:00:00Z,2016-01-31T05:00:00-03:00,2016-01-31T09:00:00Z,2016-01-31T06:00:00-03:00
10.71,,,False,2,pm25,µg/m³,,raw,01:00:00,2016-01-31T09:00:00Z,2016-01-31T06:00:00-03:00,2016-01-31T10:00:00Z,2016-01-31T07:00:00-03:00,1,01:00:00,1,01:00:00,100.0,100.0,2016-01-31T09:00:00Z,2016-01-31T06:00:00-03:00,2016-01-31T10:00:00Z,2016-01-31T07:00:00-03:00
15.72,,,False,2,pm25,µg/m³,,raw,01:00:00,2016-01-31T10:00:00Z,2016-01-31T07:00:00-03:00,2016-01-31T11:00:00Z,2016-01-31T08:00:00-03:00,1,01:00:00,1,01:00:00,100.0,100.0,2016-01-31T10:00:00Z,2016-01-31T07:00:00-03:00,2016-01-31T11:00:00Z,2016-01-31T08:00:00-03:00
19.57,,,False,2,pm25,µg/m³,,raw,01:00:00,2016-01-31T11:00:00Z,2016-01-31T08:00:00-03:00,2016-01-31T12:00:00Z,2016-01-31T09:00:00-03:00,1,01:00:00,1,01:00:00,100.0,100.0,2016-01-31T11:00:00Z,2016-01-31T08:00:00-03:00,2016-01-31T12:00:00Z,2016-01-31T09:00:00-03:00
5.974,,,False,2,pm25,µg/m³,,raw,01:00:00,2016-01-31T12:00:00Z,2016-01-31T09:00:00-03:00,2016-01-31T13:00:00Z,2016-01-31T10:00:00-03:00,1,01:00:00,1,01:00:00,100.0,100.0,2016-01-31T12:00:00Z,2016-01-31T09:00:00-03:00,2016-01-31T13:00:00Z,2016-01-31T10:00:00-03:00
9.788,,,False,2,pm25,µg/m³,,raw,01:00:00,2016-01-31T13:00:00Z,2016-01-31T10:00:00-03:00,2016-01-31T14:00:00Z,2016-01-31T11:00:00-03:00,1,01:00:00,1,01:00:00,100.0,100.0,2016-01-31T13:00:00Z,2016-01-31T10:00:00-03:00,2016-01-31T14:00:00Z,2016-01-31T11:00:00-03:00
7.516,,,False,2,pm25,µg/m³,,raw,01:00:00,2016-01-31T14:00:00Z,2016-01-31T11:00:00-03:00,2016-01-31T15:00:00Z,2016-01-31T12:00:00-03:00,1,01:00:00,1,01:00:00,100.0,100.0,2016-01-31T14:00:00Z,2016-01-31T11:00:00-03:00,2016-01-31T15:00:00Z,2016-01-31T12:00:00-03:00
9.957,,,False,2,pm25,µg/m³,,raw,01:00:00,2016-01-31T15:00:00Z,2016-01-31T12:00:00-03:00,2016-01-31T16:00:00Z,2016-01-31T13:00:00-03:00,1,01:00:00,1,01:00:00,100.0,100.0,2016-01-31T15:00:00Z,2016-01-31T12:00:00-03:00,2016-01-31T16:00:00Z,2016-01-31T13:00:00-03:00
8.888,,,False,2,pm25,µg/m³,,raw,01:00:00,2016-01-31T16:00:00Z,2016-01-31T13:00:00-03:00,2016-01-31T17:00:00Z,2016-01-31T14:00:00-03:00,1,01:00:00,1,01:00:00,100.0,100.0,2016-01-31T16:00:00Z,2016-01-31T13:00:00-03:00,2016-01-31T17:00:00Z,2016-01-31T14:00:00-03:00
6.18,,,False,2,pm25,µg/m³,,raw,01:00:00,2016-01-31T17:00:00Z,2016-01-31T14:00:00-03:00,2016-01-31T18:00:00Z,2016-01-31T15:00:00-03:00,1,01:00:00,1,01:00:00,100.0,100.0,2016-01-31T17:00:00Z,2016-01-31T14:00:00-03:00,2016-01-31T18:00:00Z,2016-01-31T15:00:00-03:00
1.687,,,False,2,pm25,µg/m³,,raw,01:00:00,2016-01-31T18:00:00Z,2016-01-31T15:00:00-03:00,2016-01-31T19:00:00Z,2016-01-31T16:00:00-03:00,1,01:00:00,1,01:00:00,100.0,100.0,2016-01-31T18:00:00Z,2016-01-31T15:00:00-03:00,2016-01-31T19:00:00Z,2016-01-31T16:00:00-03:00
10.49,,,False,2,pm25,µg/m³,,raw,01:00:00,2016-01-31T19:00:00Z,2016-01-31T16:00:00-03:00,2016-01-31T20:00:00Z,2016-01-31T17:00:00-03:00,1,01:00:00,1,01:00:00,100.0,100.0,2016-01-31T19:00:00Z,2016-01-31T16:00:00-03:00,2016-01-31T20:00:00Z,2016-01-31T17:00:00-03:00
17.08,,,False,2,pm25,µg/m³,,raw,01:00:00,2016-01-31T20:00:00Z,2016-01-31T17:00:00-03:00,2016-01-31T21:00:00Z,2016-01-31T18:00:00-03:00,1,01:00:00,1,01:00:00,100.0,100.0,2016-01-31T20:00:00Z,2016-01-31T17:00:00-03:00,2016-01-31T21:00:00Z,2016-01-31T18:00:00-03:00
8.667,,,False,2,pm25,µg/m³,,raw,01:00:00,2016-01-31T21:00:00Z,2016-01-31T18:00:00-03:00,2016-01-31T22:00:00Z,2016-01-31T19:00:00-03:00,1,01:00:00,1,01:00:00,100.0,100.0,2016-01-31T21:00:00Z,2016-01-31T18:00:00-03:00,2016-01-31T22:00:00Z,2016-01-31T19:00:00-03:00
17.47,,,False,2,pm25,µg/m³,,raw,01:00:00,2016-01-31T22:00:00Z,2016-01-31T19:00:00-03:00,2016-01-31T23:00:00Z,2016-01-31T20:00:00-03:00,1,01:00:00,1,01:00:00,100.0,100.0,2016-01-31T22:00:00Z,2016-01-31T19:00:00-03:00,2016-01-31T23:00:00Z,2016-01-31T20:00:00-03:00
12.14,,,False,2,pm25,µg/m³,,raw,01:00:00,2016-01-31T23:00:00Z,2016-01-31T20:00:00-03:00,2016-02-01T00:00:00Z,2016-01-31T21:00:00-03:00,1,01:00:00,1,01:00:00,100.0,100.0,2016-01-31T23:00:00Z,2016-01-31T20:00:00-03:00,2016-02-01T00:00:00Z,2016-01-31T21:00:00-03:00
11.24,,,False,2,pm25,µg/m³,,raw,01:00:00,2016-02-01T00:00:00Z,2016-01-31T21:00:00-03:00,2016-02-01T01:00:00Z,2016-01-31T22:00:00-03:00,1,01:00:00,1,01:00:00,100.0,100.0,2016-02-01T00:00:00Z,2016-01-31T21:00:00-03:00,2016-02-01T01:00:00Z,2016-01-31T22:00:00-03:00
17.42,,,False,2,pm25,µg/m³,,raw,01:00:00,2016-02-01T01:00:00Z,2016-01-31T22:00:00-03:00,2016-02-01T02:00:00Z,2016-01-31T23:00:00-03:00,1,01:00:00,1,01:00:00,100.0,100.0,2016-02-01T01:00:00Z,2016-01-31T22:00:00-03:00,2016-02-01T02:00:00Z,2016-01-31T23:00:00-03:00
10.99,,,False,2,pm25,µg/m³,,raw,01:00:00,2016-02-01T02:00:00Z,2016-01-31T23:00:00-03:00,2016-02-01T03:00:00Z,2016-02-01T00:00:00-03:00,1,01:00:00,1,01:00:00,100.0,100.0,2016-02-01T02:00:00Z,2016-01-31T23:00:00-03:00,2016-02-01T03:00:00Z,2016-02-01T00:00:00-03:00
12.59,,,False,2,pm25,µg/m³,,raw,01:00:00,2016-02-01T03:00:00Z,2016-02-01T00:00:00-03:00,2016-02-01T04:00:00Z,2016-02-01T01:00:00-03:00,1,01:00:00,1,01:00:00,100.0,100.0,2016-02-01T03:00:00Z,2016-02-01T00:00:00-03:00,2016-02-01T04:00:00Z,2016-02-01T01:00:00-03:00
13.96,,,False,2,pm25,µg/m³,,raw,01:00:00,2016-02-01T04:00:00Z,2016-02-01T01:00:00-03:00,2016-02-01T05:00:00Z,2016-02-01T02:00:00-03:00,1,01:00:00,1,01:00:00,100.0,100.0,2016-02-01T04:00:00Z,2016-02-01T01:00:00-03:00,2016-02-01T05:00:00Z,2016-02-01T02:00:00-03:00
11.2,,,False,2,pm25,µg/m³,,raw,01:00:00,2016-02-01T05:00:00Z,2016-02-01T02:00:00-03:00,2016-02-01T06:00:00Z,2016-02-01T03:00:00-03:00,1,01:00:00,1,01:00:00,100.0,100.0,2016-02-01T05:00:00Z,2016-02-01T02:00:00-03:00,2016-02-01T06:00:00Z,2016-02-01T03:00:00-03:00
3.685,,,False,2,pm25,µg/m³,,raw,01:00:00,2016-02-01T06:00:00Z,2016-02-01T03:00:00-03:00,2016-02-01T07:00:00Z,2016-02-01T04:00:00-03:00,1,01:00:00,1,01:00:00,100.0,100.0,2016-02-01T06:00:00Z,2016-02-01T03:00:00-03:00,2016-02-01T07:00:00Z,2016-02-01T04:00:00-03:00
16.52,,,False,2,pm25,µg/m³,,raw,01:00:00,2016-02-01T07:00:00Z,2016-02-01T04:00:00-03:00,2016-02-01T08:00:00Z,2016-02-01T05:00:00-03:00,1,01:00:00,1,01:00:00,100.0,100.0,2016-02-01T07:00:00Z,2016-02-01T04:00:00-03:00,2016-02-01T08:00:00Z,2016-02-01T05:00:00-03:00
12.49,,,False,2,pm25,µg/m³,,raw,01:00:00,2016-02-01T08:00:00Z,2016-02-01T05:00:00-03:00,2016-02-01T09:00:00Z,2016-02-01T06:00:00-03:00,1,01:00:00,1,01:00:00,100.0,100.0,2016-02-01T08:00:00Z,2016-02-01T05:00:00-03:00,2016-02-01T09:00:00Z,2016-02-01T06:00:00-03:00
6.77,,,False,2,pm25,µg/m³,,raw,01:00:00,2016-02-01T09:00:00Z,2016-02-01T06:00:00-03:00,2016-02-01T10:00:00Z,2016-02-01T07:00:00-03:00,1,01:00:00,1,01:00:00,100.0,100.0,2016-02-01T09:00:00Z,2016-02-01T06:00:00-03:00,2016-02-01T10:00:00Z,2016-02-01T07:00:00-03:00
15.26,,,False,2,pm25,µg/m³,,raw,01:00:00,2016-02-01T10:00:00Z,2016-02-01T07:00:00-03:00,2016-02-01T11:00:00Z,2016-02-01T08:00:00-03:00,1,01:00:00,1,01:00:00,100.0,100.0,2016-02-01T10:00:00Z,2016-02-01T07:00:00-03:00,2016-02-01T11:00:00Z,2016-02-01T08:00:00-03:00
12.92,,,False,2,pm25,µg/m³,,raw,01:00:00,2016-02-01T11:00:00Z,2016-02-01T08:00:00-03:00,2016-02-01T12:00:00Z,2016-02-01T09:00:00-03:00,1,01:00:00,1,01:00:00,100.0,100.0,2016-02-01T11:00:00Z,2016-02-01T08:00:00-03:00,2016-02-01T12:00:00Z,2016-02-01T09:00:00-03:00
15.72,,,False,2,pm25,µg/m³,,raw,01:00:00,2016-02-01T12:00:00Z,2016-02-01T09:00:00-03:00,2016-02-01T13:00:00Z,2016-02-01T10:00:00-03:00,1,01:00:00,1,01:00:00,100.0,100.0,2016-02-01T12:00:00Z,2016-02-01T09:00:00-03:00,2016-02-01T13:00:00Z,2016-02-01T10:00:00-03:00
19.39,,,False,2,pm25,µg/m³,,raw,01:00:00,2016-02-01T13:00:00Z,2016-02-01T10:00:00-03:00,2016-02-01T14:00:00Z,2016-02-01T11:00:00-03:00,1,01:00:00,1,01:00:00,100.0,100.0,2016-02-01T13:00:00Z,2016-02-01T10:00:00-03:00,2016-02-01T14:00:00Z,2016-02-01T11:00:00-03:00
17.2,,,False,2,pm25,µg/m³,,raw,01:00:00,2016-02-01T14:00:00Z,2016-02-01T11:00:00-03:00,2016-02-01T15:00:00Z,2016-02-01T12:00:00-03:00,1,01:00:00,1,01:00:00,100.0,100.0,2016-02-01T14:00:00Z,2016-02-01T11:00:00-03:00,2016-02-01T15:00:00Z,2016-02-01T12:00:00-03:00
11.5,,,False,2,pm25,µg/m³,,raw,01:00:00,2016-02-01T15:00:00Z,2016-02-01T12:00:00-03:00,2016-02-01T16:00:00Z,2016-02-01T13:00:00-03:00,1,01:00:00,1,01:00:00,100.0,100.0,2016-02-01T15:00:00Z,2016-02-01T12:00:00-03:00,2016-02-01T16:00:00Z,2016-02-01T13:00:00-03:00
12.21,,,False,2,pm25,µg/m³,,raw,01:00:00,2016-02-01T16:00:00Z,2016-02-01T13:00:00-03:00,2016-02-01T17:00:00Z,2016-02-01T14:00:00-03:00,1,01:00:00,1,01:00:00,100.0,100.0,2016-02-01T16:00:00Z,2016-02-01T13:00:00-03:00,2016-02-01T17:00:00Z,2016-02-01T14:00:00-03:00
14.42,,,False,2,pm25,µg/m³,,raw,01:00:00,2016-02-01T17:00:00Z,2016-02-01T14:00:00-03:00,2016-02-01T18:00:00Z,2016-02-01T15:00:00-03:00,1,01:00:00,1,01:00:00,100.0,100.0,2016-02-01T17:00:00Z,2016-02-01T14:00:00-03:00,2016-02-01T18:00:00Z,2016-02-01T15:00:00-03:00
6.097,,,False,2,pm25,µg/m³,,raw,01:00:00,2016-02-01T18:00:00Z,2016-02-01T15:00:00-03:00,2016-02-01T19:00:00Z,2016-02-01T16:00:00-03:00,1,01:00:00,1,01:00:00,100.0,100.0,2016-02-01T18:00:00Z,2016-02-01T15:00:00-03:00,2016-02-01T19:00:00Z,2016-02-01T16:00:00-03:00
15.13,,,False,2,pm25,µg/m³,,raw,01:00:00,2016-02-01T19:00:00Z,2016-02-01T16:00:00-03:00,2016-02-01T20:00:00Z,2016-02-01T17:00:00-03:00,1,01:00:00,1,01:00:00,100.0,100.0,2016-02-01T19:00:00Z,2016-02-01T16:00:00-03:00,2016-02-01T20:00:00Z,2016-02-01T17:00:00-03:00
6.232,,,False,2,pm25,µg/m³,,raw,01:00:00,2016-02-01T21:00:00Z,2016-02-01T18:00:00-03:00,2016-02-01T22:00:00Z,2016-02-01T19:00:00-03:00,1,01:00:00,1,01:00:00,100.0,100.0,2016-02-01T21:00:00Z,2016-02-01T18:00:00-03:00,2016-02-01T22:00:00Z,2016-02-01T19:00:00-03:00
10.92,,,False,2,pm25,µg/m³,,raw,01:00:00,2016-02-01T22:00:00Z,2016-02-01T19:00:00-03:00,2016-02-01T23:00:00Z,2016-02-01T20:00:00-03:00,1,01:00:00,1,01:00:00,100.0,100.0,2016-02-01T22:00:00Z,2016-02-01T19:00:00-03:00,2016-02-01T23:00:00Z,2016-02-01T20:00:00-03:00
14.23,,,False,2,pm25,µg/m³,,raw,01:00:00,2016-02-01T23:00:00Z,2016-02-01T20:00:00-03:00,2016-02-02T00:00:00Z,2016-02-01T21:00:00-03:00,1,01:00:00,1,01:00:00,100.0,100.0,2016-02-01T23:00:00Z,2016-02-01T20:00:00-03:00,2016-02-02T00:00:00Z,2016-02-01T21:00:00-03:00
12.91,,,False,2,pm25,µg/m³,,raw,01:00:00,2016-02-02T00:00:00Z,2016-02-01T21:00:00-03:00,2016-02-02T01:00:00Z,2016-02-01T22:00:00-03:00,1,01:00:00,1,01:00:00,100.0,100.0,2016-02-02T00:00:00Z,2016-02-01T21:00:00-03:00,2016-02-02T01:00:00Z,2016-02-01T22:00:00-03:00
11.24,,,False,2,pm25,µg/m³,,raw,01:00:00,2016-02-02T01:00:00Z,2016-02-01T22:00:00-03:00,2016-02-02T02:00:00Z,2016-02-01T23:00:00-03:00,1,01:00:00,1,01:00:00,100.0,100.0,2016-02-02T01:00:00Z,2016-02-01T22:00:00-03:00,2016-02-02T02:00:00Z,2016-02-01T23:00:00-03:00
10.21,,,False,2,pm25,µg/m³,,raw,01:00:00,2016-02-02T02:00:00Z,2016-02-01T23:00:00-03:00,2016-02-02T03:00:00Z,2016-02-02T00:00:00-03:00,1,01:00:00,1,01:00:00,100.0,100.0,2016-02-02T02:00:00Z,2016-02-01T23:00:00-03:00,2016-02-02T03:00:00Z,2016-02-02T00:00:00-03:00
17.97,,,False,2,pm25,µg/m³,,raw,01:00:00,2016-02-02T03:00:00Z,2016-02-02T00:00:00-03:00,2016-02-02T04:00:00Z,2016-02-02T01:00:00-03:00,1,01:00:00,1,01:00:00,100.0,100.0,2016-02-02T03:00:00Z,2016-02-02T00:00:00-03:00,2016-02-02T04:00:00Z,2016-02-02T01:00:00-03:00
7.631,,,False,2,pm25,µg/m³,,raw,01:00:00,2016-02-02T05:00:00Z,2016-02-02T02:00:00-03:00,2016-02-02T06:00:00Z,2016-02-02T03:00:00-03:00,1,01:00:00,1,01:00:00,100.0,100.0,2016-02-02T05:00:00Z,2016-02-02T02:00:00-03:00,2016-02-02T06:00:00Z,2016-02-02T03:00:00-03:00
1.0,,,False,2,pm25,µg/m³,,raw,01:00:00,2016-02-02T06:00:00Z,2016-02-02T03:00:00-03:00,2016-02-02T07:00:00Z,2016-02-02T04:00:00-03:00,1,01:00:00,1,01:00:00,100.0,100.0,2016-02-02T06:00:00Z,2016-02-02T03:00:00-03:00,2016-02-02T07:00:00Z,2016-02-02T04:00:00-03:00
8.186,,,False,2,pm25,µg/m³,,raw,01:00:00,2016-02-02T07:00:00Z,2016-02-02T04:00:00-03:00,2016-02-02T08:00:00Z,2016-02-02T05:00:00-03:00,1,01:00:00,1,01:00:00,100.0,100.0,2016-02-02T07:00:00Z,2016-02-02T04:00:00-03:00,2016-02-02T08:00:00Z,2016-02-02T05:00:00-03:00
8.874,,,False,2,pm25,µg/m³,,raw,01:00:00,2016-02-02T08:00:00Z,2016-02-02T05:00:00-03:00,2016-02-02T09:00:00Z,2016-02-02T06:00:00-03:00,1,01:00:00,1,01:00:00,100.0,100.0,2016-02-02T08:00:00Z,2016-02-02T05:00:00-03:00,2016-02-02T09:00:00Z,2016-02-02T06:00:00-03:00
2.772,,,False,2,pm25,µg/m³,,raw,01:00:00,2016-02-02T09:00:00Z,2016-02-02T06:00:00-03:00,2016-02-02T10:00:00Z,2016-02-02T07:00:00-03:00,1,01:00:00,1,01:00:00,100.0,100.0,2016-02-02T09:00:00Z,2016-02-02T06:00:00-03:00,2016-02-02T10:00:00Z,2016-02-02T07:00:00-03:00
14.57,,,False,2,pm25,µg/m³,,raw,01:00:00,2016-02-02T10:00:00Z,2016-02-02T07:00:00-03:00,2016-02-02T11:00:00Z,2016-02-02T08:00:00-03:00,1,01:00:00,1,01:00:00,100.0,100.0,2016-02-02T10:00:00Z,2016-02-02T07:00:00-03:00,2016-02-02T11:00:00Z,2016-02-02T08:00:00-03:00
5.29,,,False,2,pm25,µg/m³,,raw,01:00:00,2016-02-02T11:00:00Z,2016-02-02T08:00:00-03:00,2016-02-02T12:00:00Z,2016-02-02T09:00:00-03:00,1,01:00:00,1,01:00:00,100.0,100.0,2016-02-02T11:00:00Z,2016-02-02T08:00:00-03:00,2016-02-02T12:00:00Z,2016-02-02T09:00:00-03:00
6.413,,,False,2,pm25,µg/m³,,raw,01:00:00,2016-02-02T12:00:00Z,2016-02-02T09:00:00-03:00,2016-02-02T13:00:00Z,2016-02-02T10:00:00-03:00,1,01:00:00,1,01:00:00,100.0,100.0,2016-02-02T12:00:00Z,2016-02-02T09:00:00-03:00,2016-02-02T13:00:00Z,2016-02-02T10:00:00-03:00
19.09,,,False,2,pm25,µg/m³,,raw,01:00:00,2016-02-02T13:00:00Z,2016-02-02T10:00:00-03:00,2016-02-02T14:00:00Z,2016-02-02T11:00:00-03:00,1,01:00:00,1,01:00:00,100.0,100.0,2016-02-02T13:00:00Z,2016-02-02T10:00:00-03:00,2016-02-02T14:00:00Z,2016-02-02T11:00:00-03:00
12.35,,,False,2,pm25,µg/m³,,raw,01:00:00,2016-02-02T14:00:00Z,2016-02-02T11:00:00-03:00,2016-02-02T15:00:00Z,2016-02-02T12:00:00-03:00,1,01:00:00,1,01:00:00,100.0,100.0,2016-02-02T14:00:00Z,2016-02-02T11:00:00-03:00,2016-02-02T15:00:00Z,2016-02-02T12:00:00-03:00
1.241,,,False,2,pm25,µg/m³,,raw,01:00:00,2016-02-02T15:00:00Z,2016-02-02T12:00:00-03:00,2016-02-02T16:00:00Z,2016-02-02T13:00:00-03:00,1,01:00:00,1,01:00:00,100.0,100.0,2016-02-02T15:00:00Z,2016-02-02T12:00:00-03:00,2016-02-02T16:00:00Z,2016-02-02T13:00:00-03:00
16.05,,,False,2,pm25,µg/m³,,raw,01:00:00,2016-02-02T16:00:00Z,2016-02-02T13:00:00-03:00,2016-02-02T17:00:00Z,2016-02-02T14:00:00-03:00,1,01:00:00,1,01:00:00,100.0,100.0,2016-02-02T16:00:00Z,2016-02-02T13:00:00-03:00,2016-02-02T17:00:00Z,2016-02-02T14:00:00-03:00
11.29,,,False,2,pm25,µg/m³,,raw,01:00:00,2016-02-02T17:00:00Z,2016-02-02T14:00:00-03:00,2016-02-02T18:00:00Z,2016-02-02T15:00:00-03:00,1,01:00:00,1,01:00:00,100.0,100.0,2016-02-02T17:00:00Z,2016-02-02T14:00:00-03:00,2016-02-02T18:00:00Z,2016-02-02T15:00:00-03:00
10.8,,,False,2,pm25,µg/m³,,raw,01:00:00,2016-02-02T18:00:00Z,2016-02-02T15:00:00-03:00,2016-02-02T19:00:00Z,2016-02-02T16:00:00-03:00,1,01:00:00,1,01:00:00,100.0,100.0,2016-02-02T18:00:00Z,2016-02-02T15:00:00-03:00,2016-02-02T19:00:00Z,2016-02-02T16:00:00-03:00
26.0,,,False,2,pm25,µg/m³,,raw,01:00:00,2016-02-02T19:00:00Z,2016-02-02T16:00:00-03:00,2016-02-02T20:00:00Z,2016-02-02T17:00:00-03:00,1,01:00:00,1,01:00:00,100.0,100.0,2016-02-02T19:00:00Z,2016-02-02T16:00:00-03:00,2016-02-02T20:00:00Z,2016-02-02T17:00:00-03:00
8.614,,,False,2,pm25,µg/m³,,raw,01:00:00,2016-02-02T20:00:00Z,2016-02-02T17:00:00-03:00,2016-02-02T21:00:00Z,2016-02-02T18:00:00-03:00,1,01:00:00,1,01:00:00,100.0,100.0,2016-02-02T20:00:00Z,2016-02-02T17:00:00-03:00,2016-02-02T21:00:00Z,2016-02-02T18:00:00-03:00
8.296,,,False,2,pm25,µg/m³,,raw,01:00:00,2016-02-02T21:00:00Z,2016-02-02T18:00:00-03:00,2016-02-02T22:00:00Z,2016-02-02T19:00:00-03:00,1,01:00:00,1,01:00:00,100.0,100.0,2016-02-02T21:00:00Z,2016-02-02T18:00:00-03:00,2016-02-02T22:00:00Z,2016-02-02T19:00:00-03:00
6.681,,,False,2,pm25,µg/m³,,raw,01:00:00,2016-02-02T22:00:00Z,2016-02-02T19:00:00-03:00,2016-02-02T23:00:00Z,2016-02-02T20:00:00-03:00,1,01:00:00,1,01:00:00,100.0,100.0,2016-02-02T22:00:00Z,2016-02-02T19:00:00-03:00,2016-02-02T23:00:00Z,2016-02-02T20:00:00-03:00
5.573,,,False,2,pm25,µg/m³,,raw,01:00:00,2016-02-02T23:00:00Z,2016-02-02T20:00:00-03:00,2016-02-03T00:00:00Z,2016-02-02T21:00:00-03:00,1,01:00:00,1,01:00:00,100.0,100.0,2016-02-02T23:00:00Z,2016-02-02T20:00:00-03:00,2016-02-03T00:00:00Z,2016-02-02T21:00:00-03:00
9.629,,,False,2,pm25,µg/m³,,raw,01:00:00,2016-02-03T00:00:00Z,2016-02-02T21:00:00-03:00,2016-02-03T01:00:00Z,2016-02-02T22:00:00-03:00,1,01:00:00,1,01:00:00,100.0,100.0,2016-02-03T00:00:00Z,2016-02-02T21:00:00-03:00,2016-02-03T01:00:00Z,2016-02-02T22:00:00-03:00
12.65,,,False,2,pm25,µg/m³,,raw,01:00:00,2016-02-03T01:00:00Z,2016-02-02T22:00:00-03:00,2016-02-03T02:00:00Z,2016-02-02T23:00:00-03:00,1,01:00:00,1,01:00:00,100.0,100.0,2016-02-03T01:00:00Z,2016-02-02T22:00:00-03:00,2016-02-03T02:00:00Z,2016-02-02T23:00:00-03:00
7.499,,,False,2,pm25,µg/m³,,raw,01:00:00,2016-02-03T02:00:00Z,2016-02-02T23:00:00-03:00,2016-02-03T03:00:00Z,2016-02-03T00:00:00-03:00,1,01:00:00,1,01:00:00,100.0,100.0,2016-02-03T02:00:00Z,2016-02-02T23:00:00-03:00,2016-02-03T03:00:00Z,2016-02-03T00:00:00-03:00
9.802,,,False,2,pm25,µg/m³,,raw,01:00:00,2016-02-03T03:00:00Z,2016-02-03T00:00:00-03:00,2016-02-03T04:00:00Z,2016-02-03T01:00:00-03:00,1,01:00:00,1,01:00:00,100.0,100.0,2016-02-03T03:00:00Z,2016-02-03T00:00:00-03:00,2016-02-03T04:00:00Z,2016-02-03T01:00:00-03:00
3.305,,,False,2,pm25,µg/m³,,raw,01:00:00,2016-02-03T04:00:00Z,2016-02-03T01:00:00-03:00,2016-02-03T05:00:00Z,2016-02-03T02:00:00-03:00,1,01:00:00,1,01:00:00,100.0,100.0,2016-02-03T04:00:00Z,2016-02-03T01:00:00-03:00,2016-02-03T05:00:00Z,2016-02-03T02:00:00-03:00
6.733,,,False,2,pm25,µg/m³,,raw,01:00:00,2016-02-03T05:00:00Z,2016-02-03T02:00:00-03:00,2016-02-03T06:00:00Z,2016-02-03T03:00:00-03:00,1,01:00:00,1,01:00:00,100.0,100.0,2016-02-03T05:00:00Z,2016-02-03T02:00:00-03:00,2016-02-03T06:00:00Z,2016-02-03T03:00:00-03:00
8.387,,,False,2,pm25,µg/m³,,raw,01:00:00,2016-02-03T06:00:00Z,2016-02-03T03:00:00-03:00,2016-02-03T07:00:00Z,2016-02-03T04:00:00-03:00,1,01:00:00,1,01:00:00,100.0,100.0,2016-02-03T06:00:00Z,2016-02-03T03:00:00-03:00,2016-02-03T07:00:00Z,2016-02-03T04:00:00-03:00
1.765,,,False,2,pm25,µg/m³,,raw,01:00:00,2016-02-03T07:00:00Z,2016-02-03T04:00:00-03:00,2016-02-03T08:00:00Z,2016-02-03T05:00:00-03:00,1,01:00:00,1,01:00:00,100.0,100.0,2016-02-03T07:00:00Z,2016-02-03T04:00:00-03:00,2016-02-03T08:00:00Z,2016-02-03T05:00:00-03:00
6.264,,,False,2,pm25,µg/m³,,raw,01:00:00,2016-02-03T08:00:00Z,2016-02-03T05:00:00-03:00,2016-02-03T09:00:00Z,2016-02-03T06:00:00-03:00,1,01:00:00,1,01:00:00,100.0,100.0,2016-02-03T08:00:00Z,2016-02-03T05:00:00-03:00,2016-02-03T09:00:00Z,2016-02-03T06:00:00-03:00
10.48,,,False,2,pm25,µg/m³,,raw,01:00:00,2016-02-03T09:00:00Z,2016-02-03T06:00:00-03:00,2016-02-03T10:00:00Z,2016-02-03T07:00:00-03:00,1,01:00:00,1,01:00:00,100.0,100.0,2016-02-03T09:00:00Z,2016-02-03T06:00:00-03:00,2016-02-03T10:00:00Z,2016-02-03T07:00:00-03:00
1.0,,,False,2,pm25,µg/m³,,raw,01:00:00,2016-02-03T10:00:00Z,2016-02-03T07:00:00-03:00,2016-02-03T11:00:00Z,2016-02-03T08:00:00-03:00,1,01:00:00,1,01:00:00,100.0,100.0,2016-02-03T10:00:00Z,2016-02-03T07:00:00-03:00,2016-02-03T11:00:00Z,2016-02-03T08:00:00-03:00
1.0,,,False,2,pm25,µg/m³,,raw,01:00:00,2016-02-03T11:00:00Z,2016-02-03T08:00:00-03:00,2016-02-03T12:00:00Z,2016-02-03T09:00:00-03:00,1,01:00:00,1,01:00:00,100.0,100.0,2016-02-03T11:00:00Z,2016-02-03T08:00:00-03:00,2016-02-03T12:00:00Z,2016-02-03T09:00:00-03:00
3.929,,,False,2,pm25,µg/m³,,raw,01:00:00,2016-02-03T12:00:00Z,2016-02-03T09:00:00-03:00,2016-02-03T13:00:00Z,2016-02-03T10:00:00-03:00,1,01:00:00,1,01:00:00,100.0,100.0,2016-02-03T12:00:00Z,2016-02-03T09:00:00-03:00,2016-02-03T13:00:00Z,2016-02-03T10:00:00-03:00
20.25,,,False,2,pm25,µg/m³,,raw,01:00:00,2016-02-03T13:00:00Z,2016-02-03T10:00:00-03:00,2016-02-03T14:00:00Z,2016-02-03T11:00:00-03:00,1,01:00:00,1,01:00:00,100.0,100.0,2016-02-03T13:00:00Z,2016-02-03T10:00:00-03:00,2016-02-03T14:00:00Z,2016-02-03T11:00:00-03:00
15.04,,,False,2,pm25,µg/m³,,raw,01:00:00,2016-02-03T14:00:00Z,2016-02-03T11:00:00-03:00,2016-02-03T15:00:00Z,2016-02-03T12:00:00-03:00,1,01:00:00,1,01:00:00,100.0,100.0,2016-02-03T14:00:00Z,2016-02-03T11:00:00-03:00,2016-02-03T15:00:00Z,2016-02-03T12:00:00-03:00
1.743,,,False,2,pm25,µg/m³,,raw,01:00:00,2016-02-03T15:00:00Z,2016-02-03T12:00:00-03:00,2016-02-03T16:00:00Z,2016-02-03T13:00:00-03:00,1,01:00:00,1,01:00:00,100.0,100.0,2016-02-03T15:00:00Z,2016-02-03T12:00:00-03:00,2016-02-03T16:00:00Z,2016-02-03T13:00:00-03:00
21.88,,,False,2,pm25,µg/m³,,raw,01:00:00,2016-02-03T16:00:00Z,2016-02-03T13:00:00-03:00,2016-02-03T17:00:00Z,2016-02-03T14:00:00-03:00,1,01:00:00,1,01:00:00,100.0,100.0,2016-02-03T16:00:00Z,2016-02-03T13:00:00-03:00,2016-02-03T17:00:00Z,2016-02-03T14:00:00-03:00
1.0,,,False,2,pm25,µg/m³,,raw,01:00:00,2016-02-03T17:00:00Z,2016-02-03T14:00:00-03:00,2016-02-03T18:00:00Z,2016-02-03T15:00:00-03:00,1,01:00:00,1,01:00:00,100.0,100.0,2016-02-03T17:00:00Z,2016-02-03T14:00:00-03:00,2016-02-03T18:00:00Z,2016-02-03T15:00:00-03:00
2.403,,,False,2,pm25,µg/m³,,raw,01:00:00,2016-02-03T18:00:00Z,2016-02-03T15:00:00-03:00,2016-02-03T19:00:00Z,2016-02-03T16:00:00-03:00,1,01:00:00,1,01:00:00,100.0,100.0,2016-02-03T18:00:00Z,2016-02-03T15:00:00-03:00,2016-02-03T19:00:00Z,2016-02-03T16:00:00-03:00
3.137,,,False,2,pm25,µg/m³,,raw,01:00:00,2016-02-03T19:00:00Z,2016-02-03T16:00:00-03:00,2016-02-03T20:00:00Z,2016-02-03T17:00:00-03:00,1,01:00:00,1,01:00:00,100.0,100.0,2016-02-03T19:00:00Z,2016-02-03T16:00:00-03:00,2016-02-03T20:00:00Z,2016-02-03T17:00:00-03:00
5.628,,,False,2,pm25,µg/m³,,raw,01:00:00,2016-02-03T20:00:00Z,2016-02-03T17:00:00-03:00,2016-02-03T21:00:00Z,2016-02-03T18:00:00-03:00,1,01:00:00,1,01:00:00,100.0,100.0,2016-02-03T20:00:00Z,2016-02-03T17:00:00-03:00,2016-02-03T21:00:00Z,2016-02-03T18:00:00-03:00
12.44,,,False,2,pm25,µg/m³,,raw,01:00:00,2016-02-03T21:00:00Z,2016-02-03T18:00:00-03:00,2016-02-03T22:00:00Z,2016-02-03T19:00:00-03:00,1,01:00:00,1,01:00:00,100.0,100.0,2016-02-03T21:00:00Z,2016-02-03T18:00:00-03:00,2016-02-03T22:00:00Z,2016-02-03T19:00:00-03:00
4.589,,,False,2,pm25,µg/m³,,raw,01:00:00,2016-02-03T22:00:00Z,2016-02-03T19:00:00-03:00,2016-02-03T23:00:00Z,2016-02-03T20:00:00-03:00,1,01:00:00,1,01:00:00,100.0,100.0,2016-02-03T22:00:00Z,2016-02-03T19:00:00-03:00,2016-02-03T23:00:00Z,2016-02-03T20:00:00-03:00
4.914,,,False,2,pm25,µg/m³,,raw,01:00:00,2016-02-03T23:00:00Z,2016-02-03T20:00:00-03:00,2016-02-04T00:00:00Z,2016-02-03T21:00:00-03:00,1,01:00:00,1,01:00:00,100.0,100.0,2016-02-03T23:00:00Z,2016-02-03T20:00:00-03:00,2016-02-04T00:00:00Z,2016-02-03T21:00:00-03:00
6.913,,,False,2,pm25,µg/m³,,raw,01:00:00,2016-02-04T00:00:00Z,2016-02-03T21:00:00-03:00,2016-02-04T01:00:00Z,2016-02-03T22:00:00-03:00,1,01:00:00,1,01:00:00,100.0,100.0,2016-02-04T00:00:00Z,2016-02-03T21:00:00-03:00,2016-02-04T01:00:00Z,2016-02-03T22:00:00-03:00
16.81,,,False,2,pm25,µg/m³,,raw,01:00:00,2016-02-04T01:00:00Z,2016-02-03T22:00:00-03:00,2016-02-04T02:00:00Z,2016-02-03T23:00:00-03:00,1,01:00:00,1,01:00:00,100.0,100.0,2016-02-04T01:00:00Z,2016-02-03T22:00:00-03:00,2016-02-04T02:00:00Z,2016-02-03T23:00:00-03:00
7.472,,,False,2,pm25,µg/m³,,raw,01:00:00,2016-02-04T02:00:00Z,2016-02-03T23:00:00-03:00,2016-02-04T03:00:00Z,2016-02-04T00:00:00-03:00,1,01:00:00,1,01:00:00,100.0,100.0,2016-02-04T02:00:00Z,2016-02-03T23:00:00-03:00,2016-02-04T03:00:00Z,2016-02-04T00:00:00-03:00
1.0,,,False,2,pm25,µg/m³,,raw,01:00:00,2016-02-04T03:00:00Z,2016-02-04T00:00:00-03:00,2016-02-04T04:00:00Z,2016-02-04T01:00:00-03:00,1,01:00:00,1,01:00:00,100.0,100.0,2016-02-04T03:00:00Z,2016-02-04T00:00:00-03:00,2016-02-04T04:00:00Z,2016-02-04T01:00:00-03:00
5.329,,,False,2,pm25,µg/m³,,raw,01:00:00,2016-02-04T04:00:00Z,2016-02-04T01:00:00-03:00,2016-02-04T05:00:00Z,2016-02-04T02:00:00-03:00,1,01:00:00,1,01:00:00,100.0,100.0,2016-02-04T04:00:00Z,2016-02-04T01:00:00-03:00,2016-02-04T05:00:00Z,2016-02-04T02:00:00-03:00
13.95,,,False,2,pm25,µg/m³,,raw,01:00:00,2016-02-04T05:00:00Z,2016-02-04T02:00:00-03:00,2016-02-04T06:00:00Z,2016-02-04T03:00:00-03:00,1,01:00:00,1,01:00:00,100.0,100.0,2016-02-04T05:00:00Z,2016-02-04T02:00:00-03:00,2016-02-04T06:00:00Z,2016-02-04T03:00:00-03:00
8.087,,,False,2,pm25,µg/m³,,raw,01:00:00,2016-02-04T06:00:00Z,2016-02-04T03:00:00-03:00,2016-02-04T07:00:00Z,2016-02-04T04:00:00-03:00,1,01:00:00,1,01:00:00,100.0,100.0,2016-02-04T06:00:00Z,2016-02-04T03:00:00-03:00,2016-02-04T07:00:00Z,2016-02-04T04:00:00-03:00
6.245,,,False,2,pm25,µg/m³,,raw,01:00:00,2016-02-04T07:00:00Z,2016-02-04T04:00:00-03:00,2016-02-04T08:00:00Z,2016-02-04T05:00:00-03:00,1,01:00:00,1,01:00:00,100.0,100.0,2016-02-04T07:00:00Z,2016-02-04T04:00:00-03:00,2016-02-04T08:00:00Z,2016-02-04T05:00:00-03:00
13.1,,,False,2,pm25,µg/m³,,raw,01:00:00,2016-02-04T08:00:00Z,2016-02-04T05:00:00-03:00,2016-02-04T09:00:00Z,2016-02-04T06:00:00-03:00,1,01:00:00,1,01:00:00,100.0,100.0,2016-02-04T08:00:00Z,2016-02-04T05:00:00-03:00,2016-02-04T09:00:00Z,2016-02-04T06:00:00-03:00
8.673,,,False,2,pm25,µg/m³,,raw,01:00:00,2016-02-04T09:00:00Z,2016-02-04T06:00:00-03:00,2016-02-04T10:00:00Z,2016-02-04T07:00:00-03:00,1,01:00:00,1,01:00:00,100.0,100.0,2016-02-04T09:00:00Z,2016-02-04T06:00:00-03:00,2016-02-04T10:00:00Z,2016-02-04T07:00:00-03:00
12.45,,,False,2,pm25,µg/m³,,raw,01:00:00,2016-02-04T10:00:00Z,2016-02-04T07:00:00-03:00,2016-02-04T11:00:00Z,2016-02-04T08:00:00-03:00,1,01:00:00,1,01:00:00,100.0,100.0,2016-02-04T10:00:00Z,2016-02-04T07:00:00-03:00,2016-02-04T11:00:00Z,2016-02-04T08:00:00-03:00
32.04,,,False,2,pm25,µg/m³,,raw,01:00:00,2016-02-04T11:00:00Z,2016-02-04T08:00:00-03:00,2016-02-04T12:00:00Z,2016-02-04T09:00:00-03:00,1,01:00:00,1,01:00:00,100.0,100.0,2016-02-04T11:00:00Z,2016-02-04T08:00:00-03:00,2016-02-04T12:00:00Z,2016-02-04T09:00:00-03:00
8.972,,,False,2,pm25,µg/m³,,raw,01:00:00,2016-02-04T12:00:00Z,2016-02-04T09:00:00-03:00,2016-02-04T13:00:00Z,2016-02-04T10:00:00-03:00,1,01:00:00,1,01:00:00,100.0,100.0,2016-02-04T12:00:00Z,2016-02-04T09:00:00-03:00,2016-02-04T13:00:00Z,2016-02-04T10:00:00-03:00
5.791,,,False,2,pm25,µg/m³,,raw,01:00:00,2016-02-04T13:00:00Z,2016-02-04T10:00:00-03:00,2016-02-04T14:00:00Z,2016-02-04T11:00:00-03:00,1,01:00:00,1,01:00:00,100.0,100.0,2016-02-04T13:00:00Z,2016-02-04T10:00:00-03:00,2016-02-04T14:00:00Z,2016-02-04T11:00:00-03:00
12.7,,,False,2,pm25,µg/m³,,raw,01:00:00,2016-02-04T14:00:00Z,2016-02-04T11:00:00-03:00,2016-02-04T15:00:00Z,2016-02-04T12:00:00-03:00,1,01:00:00,1,01:00:00,100.0,100.0,2016-02-04T14:00:00Z,2016-02-04T11:00:00-03:00,2016-02-04T15:00:00Z,2016-02-04T12:00:00-03:00
11.98,,,False,2,pm25,µg/m³,,raw,01:00:00,2016-02-04T15:00:00Z,2016-02-04T12:00:00-03:00,2016-02-04T16:00:00Z,2016-02-04T13:00:00-03:00,1,01:00:00,1,01:00:00,100.0,100.0,2016-02-04T15:00:00Z,2016-02-04T12:00:00-03:00,2016-02-04T16:00:00Z,2016-02-04T13:00:00-03:00
10.71,,,False,2,pm25,µg/m³,,raw,01:00:00,2016-02-04T16:00:00Z,2016-02-04T13:00:00-03:00,2016-02-04T17:00:00Z,2016-02-04T14:00:00-03:00,1,01:00:00,1,01:00:00,100.0,100.0,2016-02-04T16:00:00Z,2016-02-04T13:00:00-03:00,2016-02-04T17:00:00Z,2016-02-04T14:00:00-03:00
23.94,,,False,2,pm25,µg/m³,,raw,01:00:00,2016-02-04T17:00:00Z,2016-02-04T14:00:00-03:00,2016-02-04T18:00:00Z,2016-02-04T15:00:00-03:00,1,01:00:00,1,01:00:00,100.0,100.0,2016-02-04T17:00:00Z,2016-02-04T14:00:00-03:00,2016-02-04T18:00:00Z,2016-02-04T15:00:00-03:00
10.4,,,False,2,pm25,µg/m³,,raw,01:00:00,2016-02-04T18:00:00Z,2016-02-04T15:00:00-03:00,2016-02-04T19:00:00Z,2016-02-04T16:00:00-03:00,1,01:00:00,1,01:00:00,100.0,100.0,2016-02-04T18:00:00Z,2016-02-04T15:00:00-03:00,2016-02-04T19:00:00Z,2016-02-04T16:00:00-03:00
6.286,,,False,2,pm25,µg/m³,,raw,01:00:00,2016-02-04T19:00:00Z,2016-02-04T16:00:00-03:00,2016-02-04T20:00:00Z,2016-02-04T17:00:00-03:00,1,01:00:00,1,01:00:00,100.0,100.0,2016-02-04T19:00:00Z,2016-02-04T16:00:00-03:00,2016-02-04T20:00:00Z,2016-02-04T17:00:00-03:00
10.35,,,False,2,pm25,µg/m³,,raw,01:00:00,2016-02-04T20:00:00Z,2016-02-04T17:00:00-03:00,2016-02-04T21:00:00Z,2016-02-04T18:00:00-03:00,1,01:00:00,1,01:00:00,100.0,100.0,2016-02-04T20:00:00Z,2016-02-04T17:00:00-03:00,2016-02-04T21:00:00Z,2016-02-04T18:00:00-03:00
1.474,,,False,2,pm25,µg/m³,,raw,01:00:00,2016-02-04T21:00:00Z,2016-02-04T18:00:00-03:00,2016-02-04T22:00:00Z,2016-02-04T19:00:00-03:00,1,01:00:00,1,01:00:00,100.0,100.0,2016-02-04T21:00:00Z,2016-02-04T18:00:00-03:00,2016-02-04T22:00:00Z,2016-02-04T19:00:00-03:00
11.77,,,False,2,pm25,µg/m³,,raw,01:00:00,2016-02-04T22:00:00Z,2016-02-04T19:00:00-03:00,2016-02-04T23:00:00Z,2016-02-04T20:00:00-03:00,1,01:00:00,1,01:00:00,100.0,100.0,2016-02-04T22:00:00Z,2016-02-04T19:00:00-03:00,2016-02-04T23:00:00Z,2016-02-04T20:00:00-03:00
13.11,,,False,2,pm25,µg/m³,,raw,01:00:00,2016-02-04T23:00:00Z,2016-02-04T20:00:00-03:00,2016-02-05T00:00:00Z,2016-02-04T21:00:00-03:00,1,01:00:00,1,01:00:00,100.0,100.0,2016-02-04T23:00:00Z,2016-02-04T20:00:00-03:00,2016-02-05T00:00:00Z,2016-02-04T21:00:00-03:00
4.064,,,False,2,pm25,µg/m³,,raw,01:00:00,2016-02-05T00:00:00Z,2016-02-04T21:00:00-03:00,2016-02-05T01:00:00Z,2016-02-04T22:00:00-03:00,1,01:00:00,1,01:00:00,100.0,100.0,2016-02-05T00:00:00Z,2016-02-04T21:00:00-03:00,2016-02-05T01:00:00Z,2016-02-04T22:00:00-03:00
4.582,,,False,2,pm25,µg/m³,,raw,01:00:00,2016-02-05T01:00:00Z,2016-02-04T22:00:00-03:00,2016-02-05T02:00:00Z,2016-02-04T23:00:00-03:00,1,01:00:00,1,01:00:00,100.0,100.0,2016-02-05T01:00:00Z,2016-02-04T22:00:00-03:00,2016-02-05T02:00:00Z,2016-02-04T23:00:00-03:00
6.949,,,False,2,pm25,µg/m³,,raw,01:00:00,2016-02-05T02:00:00Z,2016-02-04T23:00:00-03:00,2016-02-05T03:00:00Z,2016-02-05T00:00:00-03:00,1,01:00:00,1,01:00:00,100.0,100.0,2016-02-05T02:00:00Z,2016-02-04T23:00:00-03:00,2016-02-05T03:00:00Z,2016-02-05T00:00:00-03:00
12.42,,,False,2,pm25,µg/m³,,raw,01:00:00,2016-02-05T03:00:00Z,2016-02-05T00:00:00-03:00,2016-02-05T04:00:00Z,2016-02-05T01:00:00-03:00,1,01:00:00,1,01:00:00,100.0,100.0,2016-02-05T03:00:00Z,2016-02-05T00:00:00-03:00,2016-02-05T04:00:00Z,2016-02-05T01:00:00-03:00
7.878,,,False,2,pm25,µg/m³,,raw,01:00:00,2016-02-05T04:00:00Z,2016-02-05T01:00:00-03:00,2016-02-05T05:00:00Z,2016-02-05T02:00:00-03:00,1,01:00:00,1,01:00:00,100.0,100.0,2016-02-05T04:00:00Z,2016-02-05T01:00:00-03:00,2016-02-05T05:00:00Z,2016-02-05T02:00:00-03:00
11.71,,,False,2,pm25,µg/m³,,raw,01:00:00,2016-02-05T05:00:00Z,2016-02-05T02:00:00-03:00,2016-02-05T06:00:00Z,2016-02-05T03:00:00-03:00,1,01:00:00,1,01:00:00,100.0,100.0,2016-02-05T05:00:00Z,2016-02-05T02:00:00-03:00,2016-02-05T06:00:00Z,2016-02-05T03:00:00-03:00
8.404,,,False,2,pm25,µg/m³,,raw,01:00:00,2016-02-05T06:00:00Z,2016-02-05T03:00:00-03:00,2016-02-05T07:00:00Z,2016-02-05T04:00:00-03:00,1,01:00:00,1,01:00:00,100.0,100.0,2016-02-05T06:00:00Z,2016-02-05T03:00:00-03:00,2016-02-05T07:00:00Z,2016-02-05T04:00:00-03:00
11.39,,,False,2,pm25,µg/m³,,raw,01:00:00,2016-02-05T07:00:00Z,2016-02-05T04:00:00-03:00,2016-02-05T08:00:00Z,2016-02-05T05:00:00-03:00,1,01:00:00,1,01:00:00,100.0,100.0,2016-02-05T07:00:00Z,2016-02-05T04:00:00-03:00,2016-02-05T08:00:00Z,2016-02-05T05:00:00-03:00
10.18,,,False,2,pm25,µg/m³,,raw,01:00:00,2016-02-05T08:00:00Z,2016-02-05T05:00:00-03:00,2016-02-05T09:00:00Z,2016-02-05T06:00:00-03:00,1,01:00:00,1,01:00:00,100.0,100.0,2016-02-05T08:00:00Z,2016-02-05T05:00:00-03:00,2016-02-05T09:00:00Z,2016-02-05T06:00:00-03:00
6.51,,,False,2,pm25,µg/m³,,raw,01:00:00,2016-02-05T09:00:00Z,2016-02-05T06:00:00-03:00,2016-02-05T10:00:00Z,2016-02-05T07:00:00-03:00,1,01:00:00,1,01:00:00,100.0,100.0,2016-02-05T09:00:00Z,2016-02-05T06:00:00-03:00,2016-02-05T10:00:00Z,2016-02-05T07:00:00-03:00
7.261,,,False,2,pm25,µg/m³,,raw,01:00:00,2016-02-05T10:00:00Z,2016-02-05T07:00:00-03:00,2016-02-05T11:00:00Z,2016-02-05T08:00:00-03:00,1,01:00:00,1,01:00:00,100.0,100.0,2016-02-05T10:00:00Z,2016-02-05T07:00:00-03:00,2016-02-05T11:00:00Z,2016-02-05T08:00:00-03:00
7.49,,,False,2,pm25,µg/m³,,raw,01:00:00,2016-02-05T12:00:00Z,2016-02-05T09:00:00-03:00,2016-02-05T13:00:00Z,2016-02-05T10:00:00-03:00,1,01:00:00,1,01:00:00,100.0,100.0,2016-02-05T12:00:00Z,2016-02-05T09:00:00-03:00,2016-02-05T13:00:00Z,2016-02-05T10:00:00-03:00
13.34,,,False,2,pm25,µg/m³,,raw,01:00:00,2016-02-05T13:00:00Z,2016-02-05T10:00:00-03:00,2016-02-05T14:00:00Z,2016-02-05T11:00:00-03:00,1,01:00:00,1,01:00:00,100.0,100.0,2016-02-05T13:00:00Z,2016-02-05T10:00:00-03:00,2016-02-05T14:00:00Z,2016-02-05T11:00:00-03:00
10.53,,,False,2,pm25,µg/m³,,raw,01:00:00,2016-02-05T14:00:00Z,2016-02-05T11:00:00-03:00,2016-02-05T15:00:00Z,2016-02-05T12:00:00-03:00,1,01:00:00,1,01:00:00,100.0,100.0,2016-02-05T14:00:00Z,2016-02-05T11:00:00-03:00,2016-02-05T15:00:00Z,2016-02-05T12:00:00-03:00
8.911,,,False,2,pm25,µg/m³,,raw,01:00:00,2016-02-05T15:00:00Z,2016-02-05T12:00:00-03:00,2016-02-05T16:00:00Z,2016-02-05T13:00:00-03:00,1,01:00:00,1,01:00:00,100.0,100.0,2016-02-05T15:00:00Z,2016-02-05T12:00:00-03:00,2016-02-05T16:00:00Z,2016-02-05T13:00:00-03:00
11.1,,,False,2,pm25,µg/m³,,raw,01:00:00,2016-02-05T16:00:00Z,2016-02-05T13:00:00-03:00,2016-02-05T17:00:00Z,2016-02-05T14:00:00-03:00,1,01:00:00,1,01:00:00,100.0,100.0,2016-02-05T16:00:00Z,2016-02-05T13:00:00-03:00,2016-02-05T17:00:00Z,2016-02-05T14:00:00-03:00
9.32,,,False,2,pm25,µg/m³,,raw,01:00:00,2016-02-05T17:00:00Z,2016-02-05T14:00:00-03:00,2016-02-05T18:00:00Z,2016-02-05T15:00:00-03:00,1,01:00:00,1,01:00:00,100.0,100.0,2016-02-05T17:00:00Z,2016-02-05T14:00:00-03:00,2016-02-05T18:00:00Z,2016-02-05T15:00:00-03:00
7.391,,,False,2,pm25,µg/m³,,raw,01:00:00,2016-02-05T18:00:00Z,2016-02-05T15:00:00-03:00,2016-02-05T19:00:00Z,2016-02-05T16:00:00-03:00,1,01:00:00,1,01:00:00,100.0,100.0,2016-02-05T18:00:00Z,2016-02-05T15:00:00-03:00,2016-02-05T19:00:00Z,2016-02-05T16:00:00-03:00
7.451,,,False,2,pm25,µg/m³,,raw,01:00:00,2016-02-05T20:00:00Z,2016-02-05T17:00:00-03:00,2016-02-05T21:00:00Z,2016-02-05T18:00:00-03:00,1,01:00:00,1,01:00:00,100.0,100.0,2016-02-05T20:00:00Z,2016-02-05T17:00:00-03:00,2016-02-05T21:00:00Z,2016-02-05T18:00:00-03:00
12.01,,,False,2,pm25,µg/m³,,raw,01:00:00,2016-02-05T21:00:00Z,2016-02-05T18:00:00-03:00,2016-02-05T22:00:00Z,2016-02-05T19:00:00-03:00,1,01:00:00,1,01:00:00,100.0,100.0,2016-02-05T21:00:00Z,2016-02-05T18:00:00-03:00,2016-02-05T22:00:00Z,2016-02-05T19:00:00-03:00
13.7,,,False,2,pm25,µg/m³,,raw,01:00:00,2016-02-05T22:00:00Z,2016-02-05T19:00:00-03:00,2016-02-05T23:00:00Z,2016-02-05T20:00:00-03:00,1,01:00:00,1,01:00:00,100.0,100.0,2016-02-05T22:00:00Z,2016-02-05T19:00:00-03:00,2016-02-05T23:00:00Z,2016-02-05T20:00:00-03:00
12.14,,,False,2,pm25,µg/m³,,raw,01:00:00,2016-02-05T23:00:00Z,2016-02-05T20:00:00-03:00,2016-02-06T00:00:00Z,2016-02-05T21:00:00-03:00,1,01:00:00,1,01:00:00,100.0,100.0,2016-02-05T23:00:00Z,2016-02-05T20:00:00-03:00,2016-02-06T00:00:00Z,2016-02-05T21:00:00-03:00
13.21,,,False,2,pm25,µg/m³,,raw,01:00:00,2016-02-06T00:00:00Z,2016-02-05T21:00:00-03:00,2016-02-06T01:00:00Z,2016-02-05T22:00:00-03:00,1,01:00:00,1,01:00:00,100.0,100.0,2016-02-06T00:00:00Z,2016-02-05T21:00:00-03:00,2016-02-06T01:00:00Z,2016-02-05T22:00:00-03:00
9.943,,,False,2,pm25,µg/m³,,raw,01:00:00,2016-02-06T01:00:00Z,2016-02-05T22:00:00-03:00,2016-02-06T02:00:00Z,2016-02-05T23:00:00-03:00,1,01:00:00,1,01:00:00,100.0,100.0,2016-02-06T01:00:00Z,2016-02-05T22:00:00-03:00,2016-02-06T02:00:00Z,2016-02-05T23:00:00-03:00
11.71,,,False,2,pm25,µg/m³,,raw,01:00:00,2016-02-06T02:00:00Z,2016-02-05T23:00:00-03:00,2016-02-06T03:00:00Z,2016-02-06T00:00:00-03:00,1,01:00:00,1,01:00:00,100.0,100.0,2016-02-06T02:00:00Z,2016-02-05T23:00:00-03:00,2016-02-06T03:00:00Z,2016-02-06T00:00:00-03:00
7.754,,,False,2,pm25,µg/m³,,raw,01:00:00,2016-02-06T03:00:00Z,2016-02-06T00:00:00-03:00,2016-02-06T04:00:00Z,2016-02-06T01:00:00-03:00,1,01:00:00,1,01:00:00,100.0,100.0,2016-02-06T03:00:00Z,2016-02-06T00:00:00-03:00,2016-02-06T04:00:00Z,2016-02-06T01:00:00-03:00
10.36,,,False,2,pm25,µg/m³,,raw,01:00:00,2016-02-06T04:00:00Z,2016-02-06T01:00:00-03:00,2016-02-06T05:00:00Z,2016-02-06T02:00:00-03:00,1,01:00:00,1,01:00:00,100.0,100.0,2016-02-06T04:00:00Z,2016-02-06T01:00:00-03:00,2016-02-06T05:00:00Z,2016-02-06T02:00:00-03:00
14.68,,,False,2,pm25,µg/m³,,raw,01:00:00,2016-02-06T05:00:00Z,2016-02-06T02:00:00-03:00,2016-02-06T06:00:00Z,2016-02-06T03:00:00-03:00,1,01:00:00,1,01:00:00,100.0,100.0,2016-02-06T05:00:00Z,2016-02-06T02:00:00-03:00,2016-02-06T06:00:00Z,2016-02-06T03:00:00-03:00
13.73,,,False,2,pm25,µg/m³,,raw,01:00:00,2016-02-06T06:00:00Z,2016-02-06T03:00:00-03:00,2016-02-06T07:00:00Z,2016-02-06T04:00:00-03:00,1,01:00:00,1,01:00:00,100.0,100.0,2016-02-06T06:00:00Z,2016-02-06T03:00:00-03:00,2016-02-06T07:00:00Z,2016-02-06T04:00:00-03:00
5.498,,,False,2,pm25,µg/m³,,raw,01:00:00,2016-02-06T07:00:00Z,2016-02-06T04:00:00-03:00,2016-02-06T08:00:00Z,2016-02-06T05:00:00-03:00,1,01:00:00,1,01:00:00,100.0,100.0,2016-02-06T07:00:00Z,2016-02-06T04:00:00-03:00,2016-02-06T08:00:00Z,2016-02-06T05:00:00-03:00
3.284,,,False,2,pm25,µg/m³,,raw,01:00:00,2016-02-06T08:00:00Z,2016-02-06T05:00:00-03:00,2016-02-06T09:00:00Z,2016-02-06T06:00:00-03:00,1,01:00:00,1,01:00:00,100.0,100.0,2016-02-06T08:00:00Z,2016-02-06T05:00:00-03:00,2016-02-06T09:00:00Z,2016-02-06T06:00:00-03:00
13.17,,,False,2,pm25,µg/m³,,raw,01:00:00,2016-02-06T09:00:00Z,2016-02-06T06:00:00-03:00,2016-02-06T10:00:00Z,2016-02-06T07:00:00-03:00,1,01:00:00,1,01:00:00,100.0,100.0,2016-02-06T09:00:00Z,2016-02-06T06:00:00-03:00,2016-02-06T10:00:00Z,2016-02-06T07:00:00-03:00
12.66,,,False,2,pm25,µg/m³,,raw,01:00:00,2016-02-06T10:00:00Z,2016-02-06T07:00:00-03:00,2016-02-06T11:00:00Z,2016-02-06T08:00:00-03:00,1,01:00:00,1,01:00:00,100.0,100.0,2016-02-06T10:00:00Z,2016-02-06T07:00:00-03:00,2016-02-06T11:00:00Z,2016-02-06T08:00:00-03:00
18.04,,,False,2,pm25,µg/m³,,raw,01:00:00,2016-02-06T11:00:00Z,2016-02-06T08:00:00-03:00,2016-02-06T12:00:00Z,2016-02-06T09:00:00-03:00,1,01:00:00,1,01:00:00,100.0,100.0,2016-02-06T11:00:00Z,2016-02-06T08:00:00-03:00,2016-02-06T12:00:00Z,2016-02-06T09:00:00-03:00
20.01,,,False,2,pm25,µg/m³,,raw,01:00:00,2016-02-06T12:00:00Z,2016-02-06T09:00:00-03:00,2016-02-06T13:00:00Z,2016-02-06T10:00:00-03:00,1,01:00:00,1,01:00:00,100.0,100.0,2016-02-06T12:00:00Z,2016-02-06T09:00:00-03:00,2016-02-06T13:00:00Z,2016-02-06T10:00:00-03:00
17.51,,,False,2,pm25,µg/m³,,raw,01:00:00,2016-02-06T13:00:00Z,2016-02-06T10:00:00-03:00,2016-02-06T14:00:00Z,2016-02-06T11:00:00-03:00,1,01:00:00,1,01:00:00,100.0,100.0,2016-02-06T13:00:00Z,2016-02-06T10:00:00-03:00,2016-02-06T14:00:00Z,2016-02-06T11:00:00-03:00
15.21,,,False,2,pm25,µg/m³,,raw,01:00:00,2016-02-06T14:00:00Z,2016-02-06T11:00:00-03:00,2016-02-06T15:00:00Z,2016-02-06T12:00:00-03:00,1,01:00:00,1,01:00:00,100.0,100.0,2016-02-06T14:00:00Z,2016-02-06T11:00:00-03:00,2016-02-06T15:00:00Z,2016-02-06T12:00:00-03:00
14.29,,,False,2,pm25,µg/m³,,raw,01:00:00,2016-02-06T15:00:00Z,2016-02-06T12:00:00-03:00,2016-02-06T16:00:00Z,2016-02-06T13:00:00-03:00,1,01:00:00,1,01:00:00,100.0,100.0,2016-02-06T15:00:00Z,2016-02-06T12:00:00-03:00,2016-02-06T16:00:00Z,2016-02-06T13:00:00-03:00
9.829,,,False,2,pm25,µg/m³,,raw,01:00:00,2016-02-06T16:00:00Z,2016-02-06T13:00:00-03:00,2016-02-06T17:00:00Z,2016-02-06T14:00:00-03:00,1,01:00:00,1,01:00:00,100.0,100.0,2016-02-06T16:00:00Z,2016-02-06T13:00:00-03:00,2016-02-06T17:00:00Z,2016-02-06T14:00:00-03:00
12.18,,,False,2,pm25,µg/m³,,raw,01:00:00,2016-02-06T17:00:00Z,2016-02-06T14:00:00-03:00,2016-02-06T18:00:00Z,2016-02-06T15:00:00-03:00,1,01:00:00,1,01:00:00,100.0,100.0,2016-02-06T17:00:00Z,2016-02-06T14:00:00-03:00,2016-02-06T18:00:00Z,2016-02-06T15:00:00-03:00
6.994,,,False,2,pm25,µg/m³,,raw,01:00:00,2016-02-06T18:00:00Z,2016-02-06T15:00:00-03:00,2016-02-06T19:00:00Z,2016-02-06T16:00:00-03:00,1,01:00:00,1,01:00:00,100.0,100.0,2016-02-06T18:00:00Z,2016-02-06T15:00:00-03:00,2016-02-06T19:00:00Z,2016-02-06T16:00:00-03:00
3.408,,,False,2,pm25,µg/m³,,raw,01:00:00,2016-02-06T19:00:00Z,2016-02-06T16:00:00-03:00,2016-02-06T20:00:00Z,2016-02-06T17:00:00-03:00,1,01:00:00,1,01:00:00,100.0,100.0,2016-02-06T19:00:00Z,2016-02-06T16:00:00-03:00,2016-02-06T20:00:00Z,2016-02-06T17:00:00-03:00
2.37,,,False,2,pm25,µg/m³,,raw,01:00:00,2016-02-06T20:00:00Z,2016-02-06T17:00:00-03:00,2016-02-06T21:00:00Z,2016-02-06T18:00:00-03:00,1,01:00:00,1,01:00:00,100.0,100.0,2016-02-06T20:00:00Z,2016-02-06T17:00:00-03:00,2016-02-06T21:00:00Z,2016-02-06T18:00:00-03:00
5.235,,,False,2,pm25,µg/m³,,raw,01:00:00,2016-02-06T21:00:00Z,2016-02-06T18:00:00-03:00,2016-02-06T22:00:00Z,2016-02-06T19:00:00-03:00,1,01:00:00,1,01:00:00,100.0,100.0,2016-02-06T21:00:00Z,2016-02-06T18:00:00-03:00,2016-02-06T22:00:00Z,2016-02-06T19:00:00-03:00
19.81,,,False,2,pm25,µg/m³,,raw,01:00:00,2016-02-06T22:00:00Z,2016-02-06T19:00:00-03:00,2016-02-06T23:00:00Z,2016-02-06T20:00:00-03:00,1,01:00:00,1,01:00:00,100.0,100.0,2016-02-06T22:00:00Z,2016-02-06T19:00:00-03:00,2016-02-06T23:00:00Z,2016-02-06T20:00:00-03:00
3.948,,,False,2,pm25,µg/m³,,raw,01:00:00,2016-02-06T23:00:00Z,2016-02-06T20:00:00-03:00,2016-02-07T00:00:00Z,2016-02-06T21:00:00-03:00,1,01:00:00,1,01:00:00,100.0,100.0,2016-02-06T23:00:00Z,2016-02-06T20:00:00-03:00,2016-02-07T00:00:00Z,2016-02-06T21:00:00-03:00
7.552,,,False,2,pm25,µg/m³,,raw,01:00:00,2016-02-07T00:00:00Z,2016-02-06T21:00:00-03:00,2016-02-07T01:00:00Z,2016-02-06T22:00:00-03:00,1,01:00:00,1,01:00:00,100.0,100.0,2016-02-07T00:00:00Z,2016-02-06T21:00:00-03:00,2016-02-07T01:00:00Z,2016-02-06T22:00:00-03:00
17.81,,,False,2,pm25,µg/m³,,raw,01:00:00,2016-02-07T01:00:00Z,2016-02-06T22:00:00-03:00,2016-02-07T02:00:00Z,2016-02-06T23:00:00-03:00,1,01:00:00,1,01:00:00,100.0,100.0,2016-02-07T01:00:00Z,2016-02-06T22:00:00-03:00,2016-02-07T02:00:00Z,2016-02-06T23:00:00-03:00
1.613,,,False,2,pm25,µg/m³,,raw,01:00:00,2016-02-07T02:00:00Z,2016-02-06T23:00:00-03:00,2016-02-07T03:00:00Z,2016-02-07T00:00:00-03:00,1,01:00:00,1,01:00:00,100.0,100.0,2016-02-07T02:00:00Z,2016-02-06T23:00:00-03:00,2016-02-07T03:00:00Z,2016-02-07T00:00:00-03:00
9.211,,,False,2,pm25,µg/m³,,raw,01:00:00,2016-02-07T03:00:00Z,2016-02-07T00:00:00-03:00,2016-02-07T04:00:00Z,2016-02-07T01:00:00-03:00,1,01:00:00,1,01:00:00,100.0,100.0,2016-02-07T03:00:00Z,2016-02-07T00:00:00-03:00,2016-02-07T04:00:00Z,2016-02-07T01:00:00-03:00
8.162,,,False,2,pm25,µg/m³,,raw,01:00:00,2016-02-07T04:00:00Z,2016-02-07T01:00:00-03:00,2016-02-07T05:00:00Z,2016-02-07T02:00:00-03:00,1,01:00:00,1,01:00:00,100.0,100.0,2016-02-07T04:00:00Z,2016-02-07T01:00:00-03:00,2016-02-07T05:00:00Z,2016-02-07T02:00:00-03:00
19.62,,,False,2,pm25,µg/m³,,raw,01:00:00,2016-02-07T05:00:00Z,2016-02-07T02:00:00-03:00,2016-02-07T06:00:00Z,2016-02-07T03:00:00-03:00,1,01:00:00,1,01:00:00,100.0,100.0,2016-02-07T05:00:00Z,2016-02-07T02:00:00-03:00,2016-02-07T06:00:00Z,2016-02-07T03:00:00-03:00
15.95,,,False,2,pm25,µg/m³,,raw,01:00:00,2016-02-07T06:00:00Z,2016-02-07T03:00:00-03:00,2016-02-07T07:00:00Z,2016-02-07T04:00:00-03:00,1,01:00:00,1,01:00:00,100.0,100.0,2016-02-07T06:00:00Z,2016-02-07T03:00:00-03:00,2016-02-07T07:00:00Z,2016-02-07T04:00:00-03:00
1.196,,,False,2,pm25,µg/m³,,raw,01:00:00,2016-02-07T07:00:00Z,2016-02-07T04:00:00-03:00,2016-02-07T08:00:00Z,2016-02-07T05:00:00-03:00,1,01:00:00,1,01:00:00,100.0,100.0,2016-02-07T07:00:00Z,2016-02-07T04:00:00-03:00,2016-02-07T08:00:00Z,2016-02-07T05:00:00-03:00
1.0,,,False,2,pm25,µg/m³,,raw,01:00:00,2016-02-07T08:00:00Z,2016-02-07T05:00:00-03:00,2016-02-07T09:00:00Z,2016-02-07T06:00:00-03:00,1,01:00:00,1,01:00:00,100.0,100.0,2016-02-07T08:00:00Z,2016-02-07T05:00:00-03:00,2016-02-07T09:00:00Z,2016-02-07T06:00:00-03:00
6.011,,,False,2,pm25,µg/m³,,raw,01:00:00,2016-02-07T09:00:00Z,2016-02-07T06:00:00-03:00,2016-02-07T10:00:00Z,2016-02-07T07:00:00-03:00,1,01:00:00,1,01:00:00,100.0,100.0,2016-02-07T09:00:00Z,2016-02-07T06:00:00-03:00,2016-02-07T10:00:00Z,2016-02-07T07:00:00-03:00
1.0,,,False,2,pm25,µg/m³,,raw,01:00:00,2016-02-07T10:00:00Z,2016-02-07T07:00:00-03:00,2016-02-07T11:00:00Z,2016-02-07T08:00:00-03:00,1,01:00:00,1,01:00:00,100.0,100.0,2016-02-07T10:00:00Z,2016-02-07T07:00:00-03:00,2016-02-07T11:00:00Z,2016-02-07T08:00:00-03:00
6.783,,,False,2,pm25,µg/m³,,raw,01:00:00,2016-02-07T11:00:00Z,2016-02-07T08:00:00-03:00,2016-02-07T12:00:00Z,2016-02-07T09:00:00-03:00,1,01:00:00,1,01:00:00,100.0,100.0,2016-02-07T11:00:00Z,2016-02-07T08:00:00-03:00,2016-02-07T12:00:00Z,2016-02-07T09:00:00-03:00
10.54,,,False,2,pm25,µg/m³,,raw,01:00:00,2016-02-07T12:00:00Z,2016-02-07T09:00:00-03:00,2016-02-07T13:00:00Z,2016-02-07T10:00:00-03:00,1,01:00:00,1,01:00:00,100.0,100.0,2016-02-07T12:00:00Z,2016-02-07T09:00:00-03:00,2016-02-07T13:00:00Z,2016-02-07T10:00:00-03:00
10.68,,,False,2,pm25,µg/m³,,raw,01:00:00,2016-02-07T13:00:00Z,2016-02-07T10:00:00-03:00,2016-02-07T14:00:00Z,2016-02-07T11:00:00-03:00,1,01:00:00,1,01:00:00,100.0,100.0,2016-02-07T13:00:00Z,2016-02-07T10:00:00-03:00,2016-02-07T14:00:00Z,2016-02-07T11:00:00-03:00
4.671,,,False,2,pm25,µg/m³,,raw,01:00:00,2016-02-07T14:00:00Z,2016-02-07T11:00:00-03:00,2016-02-07T15:00:00Z,2016-02-07T12:00:00-03:00,1,01:00:00,1,01:00:00,100.0,100.0,2016-02-07T14:00:00Z,2016-02-07T11:00:00-03:00,2016-02-07T15:00:00Z,2016-02-07T12:00:00-03:00
1.0,,,False,2,pm25,µg/m³,,raw,01:00:00,2016-02-07T15:00:00Z,2016-02-07T12:00:00-03:00,2016-02-07T16:00:00Z,2016-02-07T13:00:00-03:00,1,01:00:00,1,01:00:00,100.0,100.0,2016-02-07T15:00:00Z,2016-02-07T12:00:00-03:00,2016-02-07T16:00:00Z,2016-02-07T13:00:00-03:00
12.53,,,False,2,pm25,µg/m³,,raw,01:00:00,2016-02-07T16:00:00Z,2016-02-07T13:00:00-03:00,2016-02-07T17:00:00Z,2016-02-07T14:00:00-03:00,1,01:00:00,1,01:00:00,100.0,100.0,2016-02-07T16:00:00Z,2016-02-07T13:00:00-03:00,2016-02-07T17:00:00Z,2016-02-07T14:00:00-03:00
11.48,,,False,2,pm25,µg/m³,,raw,01:00:00,2016-02-07T17:00:00Z,2016-02-07T14:00:00-03:00,2016-02-07T18:00:00Z,2016-02-07T15:00:00-03:00,1,01:00:00,1,01:00:00,100.0,100.0,2016-02-07T17:00:00Z,2016-02-07T14:00:00-03:00,2016-02-07T18:00:00Z,2016-02-07T15:00:00-03:00
11.37,,,False,2,pm25,µg/m³,,raw,01:00:00,2016-02-07T18:00:00Z,2016-02-07T15:00:00-03:00,2016-02-07T19:00:00Z,2016-02-07T16:00:00-03:00,1,01:00:00,1,01:00:00,100.0,100.0,2016-02-07T18:00:00Z,2016-02-07T15:00:00-03:00,2016-02-07T19:00:00Z,2016-02-07T16:00:00-03:00
12.91,,,False,2,pm25,µg/m³,,raw,01:00:00,2016-02-07T19:00:00Z,2016-02-07T16:00:00-03:00,2016-02-07T20:00:00Z,2016-02-07T17:00:00-03:00,1,01:00:00,1,01:00:00,100.0,100.0,2016-02-07T19:00:00Z,2016-02-07T16:00:00-03:00,2016-02-07T20:00:00Z,2016-02-07T17:00:00-03:00
28.33,,,False,2,pm25,µg/m³,,raw,01:00:00,2016-02-09T11:00:00Z,2016-02-09T08:00:00-03:00,2016-02-09T12:00:00Z,2016-02-09T09:00:00-03:00,1,01:00:00,1,01:00:00,100.0,100.0,2016-02-09T11:00:00Z,2016-02-09T08:00:00-03:00,2016-02-09T12:00:00Z,2016-02-09T09:00:00-03:00
25.9,,,False,2,pm25,µg/m³,,raw,01:00:00,2016-02-09T12:00:00Z,2016-02-09T09:00:00-03:00,2016-02-09T13:00:00Z,2016-02-09T10:00:00-03:00,1,01:00:00,1,01:00:00,100.0,100.0,2016-02-09T12:00:00Z,2016-02-09T09:00:00-03:00,2016-02-09T13:00:00Z,2016-02-09T10:00:00-03:00
9.312,,,False,2,pm25,µg/m³,,raw,01:00:00,2016-02-09T13:00:00Z,2016-02-09T10:00:00-03:00,2016-02-09T14:00:00Z,2016-02-09T11:00:00-03:00,1,01:00:00,1,01:00:00,100.0,100.0,2016-02-09T13:00:00Z,2016-02-09T10:00:00-03:00,2016-02-09T14:00:00Z,2016-02-09T11:00:00-03:00
17.46,,,False,2,pm25,µg/m³,,raw,01:00:00,2016-02-09T14:00:00Z,2016-02-09T11:00:00-03:00,2016-02-09T15:00:00Z,2016-02-09T12:00:00-03:00,1,01:00:00,1,01:00:00,100.0,100.0,2016-02-09T14:00:00Z,2016-02-09T11:00:00-03:00,2016-02-09T15:00:00Z,2016-02-09T12:00:00-03:00
15.31,,,False,2,pm25,µg/m³,,raw,01:00:00,2016-02-09T15:00:00Z,2016-02-09T12:00:00-03:00,2016-02-09T16:00:00Z,2016-02-09T13:00:00-03:00,1,01:00:00,1,01:00:00,100.0,100.0,2016-02-09T15:00:00Z,2016-02-09T12:00:00-03:00,2016-02-09T16:00:00Z,2016-02-09T13:00:00-03:00
14.24,,,False,2,pm25,µg/m³,,raw,01:00:00,2016-02-09T16:00:00Z,2016-02-09T13:00:00-03:00,2016-02-09T17:00:00Z,2016-02-09T14:00:00-03:00,1,01:00:00,1,01:00:00,100.0,100.0,2016-02-09T16:00:00Z,2016-02-09T13:00:00-03:00,2016-02-09T17:00:00Z,2016-02-09T14:00:00-03:00
15.39,,,False,2,pm25,µg/m³,,raw,01:00:00,2016-02-09T17:00:00Z,2016-02-09T14:00:00-03:00,2016-02-09T18:00:00Z,2016-02-09T15:00:00-03:00,1,01:00:00,1,01:00:00,100.0,100.0,2016-02-09T17:00:00Z,2016-02-09T14:00:00-03:00,2016-02-09T18:00:00Z,2016-02-09T15:00:00-03:00
14.16,,,False,2,pm25,µg/m³,,raw,01:00:00,2016-02-09T18:00:00Z,2016-02-09T15:00:00-03:00,2016-02-09T19:00:00Z,2016-02-09T16:00:00-03:00,1,01:00:00,1,01:00:00,100.0,100.0,2016-02-09T18:00:00Z,2016-02-09T15:00:00-03:00,2016-02-09T19:00:00Z,2016-02-09T16:00:00-03:00
18.11,,,False,2,pm25,µg/m³,,raw,01:00:00,2016-02-09T19:00:00Z,2016-02-09T16:00:00-03:00,2016-02-09T20:00:00Z,2016-02-09T17:00:00-03:00,1,01:00:00,1,01:00:00,100.0,100.0,2016-02-09T19:00:00Z,2016-02-09T16:00:00-03:00,2016-02-09T20:00:00Z,2016-02-09T17:00:00-03:00
15.95,,,False,2,pm25,µg/m³,,raw,01:00:00,2016-02-09T20:00:00Z,2016-02-09T17:00:00-03:00,2016-02-09T21:00:00Z,2016-02-09T18:00:00-03:00,1,01:00:00,1,01:00:00,100.0,100.0,2016-02-09T20:00:00Z,2016-02-09T17:00:00-03:00,2016-02-09T21:00:00Z,2016-02-09T18:00:00-03:00
12.48,,,False,2,pm25,µg/m³,,raw,01:00:00,2016-02-09T21:00:00Z,2016-02-09T18:00:00-03:00,2016-02-09T22:00:00Z,2016-02-09T19:00:00-03:00,1,01:00:00,1,01:00:00,100.0,100.0,2016-02-09T21:00:00Z,2016-02-09T18:00:00-03:00,2016-02-09T22:00:00Z,2016-02-09T19:00:00-03:00
13.46,,,False,2,pm25,µg/m³,,raw,01:00:00,2016-02-09T22:00:00Z,2016-02-09T19:00:00-03:00,2016-02-09T23:00:00Z,2016-02-09T20:00:00-03:00,1,01:00:00,1,01:00:00,100.0,100.0,2016-02-09T22:00:00Z,2016-02-09T19:00:00-03:00,2016-02-09T23:00:00Z,2016-02-09T20:00:00-03:00
12.54,,,False,2,pm25,µg/m³,,raw,01:00:00,2016-02-09T23:00:00Z,2016-02-09T20:00:00-03:00,2016-02-10T00:00:00Z,2016-02-09T21:00:00-03:00,1,01:00:00,1,01:00:00,100.0,100.0,2016-02-09T23:00:00Z,2016-02-09T20:00:00-03:00,2016-02-10T00:00:00Z,2016-02-09T21:00:00-03:00
13.38,,,False,2,pm25,µg/m³,,raw,01:00:00,2016-02-10T00:00:00Z,2016-02-09T21:00:00-03:00,2016-02-10T01:00:00Z,2016-02-09T22:00:00-03:00,1,01:00:00,1,01:00:00,100.0,100.0,2016-02-10T00:00:00Z,2016-02-09T21:00:00-03:00,2016-02-10T01:00:00Z,2016-02-09T22:00:00-03:00
10.87,,,False,2,pm25,µg/m³,,raw,01:00:00,2016-02-10T01:00:00Z,2016-02-09T22:00:00-03:00,2016-02-10T02:00:00Z,2016-02-09T23:00:00-03:00,1,01:00:00,1,01:00:00,100.0,100.0,2016-02-10T01:00:00Z,2016-02-09T22:00:00-03:00,2016-02-10T02:00:00Z,2016-02-09T23:00:00-03:00
13.25,,,False,2,pm25,µg/m³,,raw,01:00:00,2016-02-10T02:00:00Z,2016-02-09T23:00:00-03:00,2016-02-10T03:00:00Z,2016-02-10T00:00:00-03:00,1,01:00:00,1,01:00:00,100.0,100.0,2016-02-10T02:00:00Z,2016-02-09T23:00:00-03:00,2016-02-10T03:00:00Z,2016-02-10T00:00:00-03:00
18.44,,,False,2,pm25,µg/m³,,raw,01:00:00,2016-02-10T03:00:00Z,2016-02-10T00:00:00-03:00,2016-02-10T04:00:00Z,2016-02-10T01:00:00-03:00,1,01:00:00,1,01:00:00,100.0,100.0,2016-02-10T03:00:00Z,2016-02-10T00:00:00-03:00,2016-02-10T04:00:00Z,2016-02-10T01:00:00-03:00
19.85,,,False,2,pm25,µg/m³,,raw,01:00:00,2016-02-10T04:00:00Z,2016-02-10T01:00:00-03:00,2016-02-10T05:00:00Z,2016-02-10T02:00:00-03:00,1,01:00:00,1,01:00:00,100.0,100.0,2016-02-10T04:00:00Z,2016-02-10T01:00:00-03:00,2016-02-10T05:00:00Z,2016-02-10T02:00:00-03:00
15.46,,,False,2,pm25,µg/m³,,raw,01:00:00,2016-02-10T05:00:00Z,2016-02-10T02:00:00-03:00,2016-02-10T06:00:00Z,2016-02-10T03:00:00-03:00,1,01:00:00,1,01:00:00,100.0,100.0,2016-02-10T05:00:00Z,2016-02-10T02:00:00-03:00,2016-02-10T06:00:00Z,2016-02-10T03:00:00-03:00
12.78,,,False,2,pm25,µg/m³,,raw,01:00:00,2016-02-10T06:00:00Z,2016-02-10T03:00:00-03:00,2016-02-10T07:00:00Z,2016-02-10T04:00:00-03:00,1,01:00:00,1,01:00:00,100.0,100.0,2016-02-10T06:00:00Z,2016-02-10T03:00:00-03:00,2016-02-10T07:00:00Z,2016-02-10T04:00:00-03:00
10.72,,,False,2,pm25,µg/m³,,raw,01:00:00,2016-02-10T07:00:00Z,2016-02-10T04:00:00-03:00,2016-02-10T08:00:00Z,2016-02-10T05:00:00-03:00,1,01:00:00,1,01:00:00,100.0,100.0,2016-02-10T07:00:00Z,2016-02-10T04:00:00-03:00,2016-02-10T08:00:00Z,2016-02-10T05:00:00-03:00
13.39,,,False,2,pm25,µg/m³,,raw,01:00:00,2016-02-10T08:00:00Z,2016-02-10T05:00:00-03:00,2016-02-10T09:00:00Z,2016-02-10T06:00:00-03:00,1,01:00:00,1,01:00:00,100.0,100.0,2016-02-10T08:00:00Z,2016-02-10T05:00:00-03:00,2016-02-10T09:00:00Z,2016-02-10T06:00:00-03:00
11.94,,,False,2,pm25,µg/m³,,raw,01:00:00,2016-02-10T09:00:00Z,2016-02-10T06:00:00-03:00,2016-02-10T10:00:00Z,2016-02-10T07:00:00-03:00,1,01:00:00,1,01:00:00,100.0,100.0,2016-02-10T09:00:00Z,2016-02-10T06:00:00-03:00,2016-02-10T10:00:00Z,2016-02-10T07:00:00-03:00
10.76,,,False,2,pm25,µg/m³,,raw,01:00:00,2016-02-10T10:00:00Z,2016-02-10T07:00:00-03:00,2016-02-10T11:00:00Z,2016-02-10T08:00:00-03:00,1,01:00:00,1,01:00:00,100.0,100.0,2016-02-10T10:00:00Z,2016-02-10T07:00:00-03:00,2016-02-10T11:00:00Z,2016-02-10T08:00:00-03:00
17.66,,,False,2,pm25,µg/m³,,raw,01:00:00,2016-02-10T11:00:00Z,2016-02-10T08:00:00-03:00,2016-02-10T12:00:00Z,2016-02-10T09:00:00-03:00,1,01:00:00,1,01:00:00,100.0,100.0,2016-02-10T11:00:00Z,2016-02-10T08:00:00-03:00,2016-02-10T12:00:00Z,2016-02-10T09:00:00-03:00
17.57,,,False,2,pm25,µg/m³,,raw,01:00:00,2016-02-10T12:00:00Z,2016-02-10T09:00:00-03:00,2016-02-10T13:00:00Z,2016-02-10T10:00:00-03:00,1,01:00:00,1,01:00:00,100.0,100.0,2016-02-10T12:00:00Z,2016-02-10T09:00:00-03:00,2016-02-10T13:00:00Z,2016-02-10T10:00:00-03:00
13.24,,,False,2,pm25,µg/m³,,raw,01:00:00,2016-02-10T13:00:00Z,2016-02-10T10:00:00-03:00,2016-02-10T14:00:00Z,2016-02-10T11:00:00-03:00,1,01:00:00,1,01:00:00,100.0,100.0,2016-02-10T13:00:00Z,2016-02-10T10:00:00-03:00,2016-02-10T14:00:00Z,2016-02-10T11:00:00-03:00
11.68,,,False,2,pm25,µg/m³,,raw,01:00:00,2016-02-10T14:00:00Z,2016-02-10T11:00:00-03:00,2016-02-10T15:00:00Z,2016-02-10T12:00:00-03:00,1,01:00:00,1,01:00:00,100.0,100.0,2016-02-10T14:00:00Z,2016-02-10T11:00:00-03:00,2016-02-10T15:00:00Z,2016-02-10T12:00:00-03:00
10.27,,,False,2,pm25,µg/m³,,raw,01:00:00,2016-02-10T15:00:00Z,2016-02-10T12:00:00-03:00,2016-02-10T16:00:00Z,2016-02-10T13:00:00-03:00,1,01:00:00,1,01:00:00,100.0,100.0,2016-02-10T15:00:00Z,2016-02-10T12:00:00-03:00,2016-02-10T16:00:00Z,2016-02-10T13:00:00-03:00
5.113,,,False,2,pm25,µg/m³,,raw,01:00:00,2016-02-10T16:00:00Z,2016-02-10T13:00:00-03:00,2016-02-10T17:00:00Z,2016-02-10T14:00:00-03:00,1,01:00:00,1,01:00:00,100.0,100.0,2016-02-10T16:00:00Z,2016-02-10T13:00:00-03:00,2016-02-10T17:00:00Z,2016-02-10T14:00:00-03:00
10.21,,,False,2,pm25,µg/m³,,raw,01:00:00,2016-02-10T17:00:00Z,2016-02-10T14:00:00-03:00,2016-02-10T18:00:00Z,2016-02-10T15:00:00-03:00,1,01:00:00,1,01:00:00,100.0,100.0,2016-02-10T17:00:00Z,2016-02-10T14:00:00-03:00,2016-02-10T18:00:00Z,2016-02-10T15:00:00-03:00
5.51,,,False,2,pm25,µg/m³,,raw,01:00:00,2016-02-10T18:00:00Z,2016-02-10T15:00:00-03:00,2016-02-10T19:00:00Z,2016-02-10T16:00:00-03:00,1,01:00:00,1,01:00:00,100.0,100.0,2016-02-10T18:00:00Z,2016-02-10T15:00:00-03:00,2016-02-10T19:00:00Z,2016-02-10T16:00:00-03:00
9.412,,,False,2,pm25,µg/m³,,raw,01:00:00,2016-02-10T19:00:00Z,2016-02-10T16:00:00-03:00,2016-02-10T20:00:00Z,2016-02-10T17:00:00-03:00,1,01:00:00,1,01:00:00,100.0,100.0,2016-02-10T19:00:00Z,2016-02-10T16:00:00-03:00,2016-02-10T20:00:00Z,2016-02-10T17:00:00-03:00
5.212,,,False,2,pm25,µg/m³,,raw,01:00:00,2016-02-10T20:00:00Z,2016-02-10T17:00:00-03:00,2016-02-10T21:00:00Z,2016-02-10T18:00:00-03:00,1,01:00:00,1,01:00:00,100.0,100.0,2016-02-10T20:00:00Z,2016-02-10T17:00:00-03:00,2016-02-10T21:00:00Z,2016-02-10T18:00:00-03:00
7.76,,,False,2,pm25,µg/m³,,raw,01:00:00,2016-02-10T21:00:00Z,2016-02-10T18:00:00-03:00,2016-02-10T22:00:00Z,2016-02-10T19:00:00-03:00,1,01:00:00,1,01:00:00,100.0,100.0,2016-02-10T21:00:00Z,2016-02-10T18:00:00-03:00,2016-02-10T22:00:00Z,2016-02-10T19:00:00-03:00
7.249,,,False,2,pm25,µg/m³,,raw,01:00:00,2016-02-10T22:00:00Z,2016-02-10T19:00:00-03:00,2016-02-10T23:00:00Z,2016-02-10T20:00:00-03:00,1,01:00:00,1,01:00:00,100.0,100.0,2016-02-10T22:00:00Z,2016-02-10T19:00:00-03:00,2016-02-10T23:00:00Z,2016-02-10T20:00:00-03:00
7.12,,,False,2,pm25,µg/m³,,raw,01:00:00,2016-02-10T23:00:00Z,2016-02-10T20:00:00-03:00,2016-02-11T00:00:00Z,2016-02-10T21:00:00-03:00,1,01:00:00,1,01:00:00,100.0,100.0,2016-02-10T23:00:00Z,2016-02-10T20:00:00-03:00,2016-02-11T00:00:00Z,2016-02-10T21:00:00-03:00
6.804,,,False,2,pm25,µg/m³,,raw,01:00:00,2016-02-11T00:00:00Z,2016-02-10T21:00:00-03:00,2016-02-11T01:00:00Z,2016-02-10T22:00:00-03:00,1,01:00:00,1,01:00:00,100.0,100.0,2016-02-11T00:00:00Z,2016-02-10T21:00:00-03:00,2016-02-11T01:00:00Z,2016-02-10T22:00:00-03:00
9.978,,,False,2,pm25,µg/m³,,raw,01:00:00,2016-02-11T01:00:00Z,2016-02-10T22:00:00-03:00,2016-02-11T02:00:00Z,2016-02-10T23:00:00-03:00,1,01:00:00,1,01:00:00,100.0,100.0,2016-02-11T01:00:00Z,2016-02-10T22:00:00-03:00,2016-02-11T02:00:00Z,2016-02-10T23:00:00-03:00
4.364,,,False,2,pm25,µg/m³,,raw,01:00:00,2016-02-11T02:00:00Z,2016-02-10T23:00:00-03:00,2016-02-11T03:00:00Z,2016-02-11T00:00:00-03:00,1,01:00:00,1,01:00:00,100.0,100.0,2016-02-11T02:00:00Z,2016-02-10T23:00:00-03:00,2016-02-11T03:00:00Z,2016-02-11T00:00:00-03:00
3.727,,,False,2,pm25,µg/m³,,raw,01:00:00,2016-02-11T03:00:00Z,2016-02-11T00:00:00-03:00,2016-02-11T04:00:00Z,2016-02-11T01:00:00-03:00,1,01:00:00,1,01:00:00,100.0,100.0,2016-02-11T03:00:00Z,2016-02-11T00:00:00-03:00,2016-02-11T04:00:00Z,2016-02-11T01:00:00-03:00
4.353,,,False,2,pm25,µg/m³,,raw,01:00:00,2016-02-11T04:00:00Z,2016-02-11T01:00:00-03:00,2016-02-11T05:00:00Z,2016-02-11T02:00:00-03:00,1,01:00:00,1,01:00:00,100.0,100.0,2016-02-11T04:00:00Z,2016-02-11T01:00:00-03:00,2016-02-11T05:00:00Z,2016-02-11T02:00:00-03:00
9.747,,,False,2,pm25,µg/m³,,raw,01:00:00,2016-02-11T05:00:00Z,2016-02-11T02:00:00-03:00,2016-02-11T06:00:00Z,2016-02-11T03:00:00-03:00,1,01:00:00,1,01:00:00,100.0,100.0,2016-02-11T05:00:00Z,2016-02-11T02:00:00-03:00,2016-02-11T06:00:00Z,2016-02-11T03:00:00-03:00
8.067,,,False,2,pm25,µg/m³,,raw,01:00:00,2016-02-11T06:00:00Z,2016-02-11T03:00:00-03:00,2016-02-11T07:00:00Z,2016-02-11T04:00:00-03:00,1,01:00:00,1,01:00:00,100.0,100.0,2016-02-11T06:00:00Z,2016-02-11T03:00:00-03:00,2016-02-11T07:00:00Z,2016-02-11T04:00:00-03:00
7.487,,,False,2,pm25,µg/m³,,raw,01:00:00,2016-02-11T07:00:00Z,2016-02-11T04:00:00-03:00,2016-02-11T08:00:00Z,2016-02-11T05:00:00-03:00,1,01:00:00,1,01:00:00,100.0,100.0,2016-02-11T07:00:00Z,2016-02-11T04:00:00-03:00,2016-02-11T08:00:00Z,2016-02-11T05:00:00-03:00
11.06,,,False,2,pm25,µg/m³,,raw,01:00:00,2016-02-11T08:00:00Z,2016-02-11T05:00:00-03:00,2016-02-11T09:00:00Z,2016-02-11T06:00:00-03:00,1,01:00:00,1,01:00:00,100.0,100.0,2016-02-11T08:00:00Z,2016-02-11T05:00:00-03:00,2016-02-11T09:00:00Z,2016-02-11T06:00:00-03:00
10.51,,,False,2,pm25,µg/m³,,raw,01:00:00,2016-02-11T09:00:00Z,2016-02-11T06:00:00-03:00,2016-02-11T10:00:00Z,2016-02-11T07:00:00-03:00,1,01:00:00,1,01:00:00,100.0,100.0,2016-02-11T09:00:00Z,2016-02-11T06:00:00-03:00,2016-02-11T10:00:00Z,2016-02-11T07:00:00-03:00
9.501,,,False,2,pm25,µg/m³,,raw,01:00:00,2016-02-11T10:00:00Z,2016-02-11T07:00:00-03:00,2016-02-11T11:00:00Z,2016-02-11T08:00:00-03:00,1,01:00:00,1,01:00:00,100.0,100.0,2016-02-11T10:00:00Z,2016-02-11T07:00:00-03:00,2016-02-11T11:00:00Z,2016-02-11T08:00:00-03:00
9.366,,,False,2,pm25,µg/m³,,raw,01:00:00,2016-02-11T11:00:00Z,2016-02-11T08:00:00-03:00,2016-02-11T12:00:00Z,2016-02-11T09:00:00-03:00,1,01:00:00,1,01:00:00,100.0,100.0,2016-02-11T11:00:00Z,2016-02-11T08:00:00-03:00,2016-02-11T12:00:00Z,2016-02-11T09:00:00-03:00
9.549,,,False,2,pm25,µg/m³,,raw,01:00:00,2016-02-11T12:00:00Z,2016-02-11T09:00:00-03:00,2016-02-11T13:00:00Z,2016-02-11T10:00:00-03:00,1,01:00:00,1,01:00:00,100.0,100.0,2016-02-11T12:00:00Z,2016-02-11T09:00:00-03:00,2016-02-11T13:00:00Z,2016-02-11T10:00:00-03:00
13.63,,,False,2,pm25,µg/m³,,raw,01:00:00,2016-02-11T13:00:00Z,2016-02-11T10:00:00-03:00,2016-02-11T14:00:00Z,2016-02-11T11:00:00-03:00,1,01:00:00,1,01:00:00,100.0,100.0,2016-02-11T13:00:00Z,2016-02-11T10:00:00-03:00,2016-02-11T14:00:00Z,2016-02-11T11:00:00-03:00
18.8,,,False,2,pm25,µg/m³,,raw,01:00:00,2016-02-11T14:00:00Z,2016-02-11T11:00:00-03:00,2016-02-11T15:00:00Z,2016-02-11T12:00:00-03:00,1,01:00:00,1,01:00:00,100.0,100.0,2016-02-11T14:00:00Z,2016-02-11T11:00:00-03:00,2016-02-11T15:00:00Z,2016-02-11T12:00:00-03:00
15.42,,,False,2,pm25,µg/m³,,raw,01:00:00,2016-02-11T15:00:00Z,2016-02-11T12:00:00-03:00,2016-02-11T16:00:00Z,2016-02-11T13:00:00-03:00,1,01:00:00,1,01:00:00,100.0,100.0,2016-02-11T15:00:00Z,2016-02-11T12:00:00-03:00,2016-02-11T16:00:00Z,2016-02-11T13:00:00-03:00
7.897,,,False,2,pm25,µg/m³,,raw,01:00:00,2016-02-11T16:00:00Z,2016-02-11T13:00:00-03:00,2016-02-11T17:00:00Z,2016-02-11T14:00:00-03:00,1,01:00:00,1,01:00:00,100.0,100.0,2016-02-11T16:00:00Z,2016-02-11T13:00:00-03:00,2016-02-11T17:00:00Z,2016-02-11T14:00:00-03:00
8.808,,,False,2,pm25,µg/m³,,raw,01:00:00,2016-02-11T17:00:00Z,2016-02-11T14:00:00-03:00,2016-02-11T18:00:00Z,2016-02-11T15:00:00-03:00,1,01:00:00,1,01:00:00,100.0,100.0,2016-02-11T17:00:00Z,2016-02-11T14:00:00-03:00,2016-02-11T18:00:00Z,2016-02-11T15:00:00-03:00
15.17,,,False,2,pm25,µg/m³,,raw,01:00:00,2016-02-11T18:00:00Z,2016-02-11T15:00:00-03:00,2016-02-11T19:00:00Z,2016-02-11T16:00:00-03:00,1,01:00:00,1,01:00:00,100.0,100.0,2016-02-11T18:00:00Z,2016-02-11T15:00:00-03:00,2016-02-11T19:00:00Z,2016-02-11T16:00:00-03:00
9.99,,,False,2,pm25,µg/m³,,raw,01:00:00,2016-02-11T19:00:00Z,2016-02-11T16:00:00-03:00,2016-02-11T20:00:00Z,2016-02-11T17:00:00-03:00,1,01:00:00,1,01:00:00,100.0,100.0,2016-02-11T19:00:00Z,2016-02-11T16:00:00-03:00,2016-02-11T20:00:00Z,2016-02-11T17:00:00-03:00
3.936,,,False,2,pm25,µg/m³,,raw,01:00:00,2016-02-11T20:00:00Z,2016-02-11T17:00:00-03:00,2016-02-11T21:00:00Z,2016-02-11T18:00:00-03:00,1,01:00:00,1,01:00:00,100.0,100.0,2016-02-11T20:00:00Z,2016-02-11T17:00:00-03:00,2016-02-11T21:00:00Z,2016-02-11T18:00:00-03:00
2.896,,,False,2,pm25,µg/m³,,raw,01:00:00,2016-02-11T21:00:00Z,2016-02-11T18:00:00-03:00,2016-02-11T22:00:00Z,2016-02-11T19:00:00-03:00,1,01:00:00,1,01:00:00,100.0,100.0,2016-02-11T21:00:00Z,2016-02-11T18:00:00-03:00,2016-02-11T22:00:00Z,2016-02-11T19:00:00-03:00
15.55,,,False,2,pm25,µg/m³,,raw,01:00:00,2016-02-11T22:00:00Z,2016-02-11T19:00:00-03:00,2016-02-11T23:00:00Z,2016-02-11T20:00:00-03:00,1,01:00:00,1,01:00:00,100.0,100.0,2016-02-11T22:00:00Z,2016-02-11T19:00:00-03:00,2016-02-11T23:00:00Z,2016-02-11T20:00:00-03:00
14.12,,,False,2,pm25,µg/m³,,raw,01:00:00,2016-02-11T23:00:00Z,2016-02-11T20:00:00-03:00,2016-02-12T00:00:00Z,2016-02-11T21:00:00-03:00,1,01:00:00,1,01:00:00,100.0,100.0,2016-02-11T23:00:00Z,2016-02-11T20:00:00-03:00,2016-02-12T00:00:00Z,2016-02-11T21:00:00-03:00
21.78,,,False,2,pm25,µg/m³,,raw,01:00:00,2016-02-12T00:00:00Z,2016-02-11T21:00:00-03:00,2016-02-12T01:00:00Z,2016-02-11T22:00:00-03:00,1,01:00:00,1,01:00:00,100.0,100.0,2016-02-12T00:00:00Z,2016-02-11T21:00:00-03:00,2016-02-12T01:00:00Z,2016-02-11T22:00:00-03:00
1.0,,,False,2,pm25,µg/m³,,raw,01:00:00,2016-02-12T01:00:00Z,2016-02-11T22:00:00-03:00,2016-02-12T02:00:00Z,2016-02-11T23:00:00-03:00,1,01:00:00,1,01:00:00,100.0,100.0,2016-02-12T01:00:00Z,2016-02-11T22:00:00-03:00,2016-02-12T02:00:00Z,2016-02-11T23:00:00-03:00
2.666,,,False,2,pm25,µg/m³,,raw,01:00:00,2016-02-12T02:00:00Z,2016-02-11T23:00:00-03:00,2016-02-12T03:00:00Z,2016-02-12T00:00:00-03:00,1,01:00:00,1,01:00:00,100.0,100.0,2016-02-12T02:00:00Z,2016-02-11T23:00:00-03:00,2016-02-12T03:00:00Z,2016-02-12T00:00:00-03:00
9.0,,,False,2,pm25,µg/m³,,raw,01:00:00,2016-02-12T03:00:00Z,2016-02-12T00:00:00-03:00,2016-02-12T04:00:00Z,2016-02-12T01:00:00-03:00,1,01:00:00,1,01:00:00,100.0,100.0,2016-02-12T03:00:00Z,2016-02-12T00:00:00-03:00,2016-02-12T04:00:00Z,2016-02-12T01:00:00-03:00
12.23,,,False,2,pm25,µg/m³,,raw,01:00:00,2016-02-12T04:00:00Z,2016-02-12T01:00:00-03:00,2016-02-12T05:00:00Z,2016-02-12T02:00:00-03:00,1,01:00:00,1,01:00:00,100.0,100.0,2016-02-12T04:00:00Z,2016-02-12T01:00:00-03:00,2016-02-12T05:00:00Z,2016-02-12T02:00:00-03:00
2.54,,,False,2,pm25,µg/m³,,raw,01:00:00,2016-02-12T05:00:00Z,2016-02-12T02:00:00-03:00,2016-02-12T06:00:00Z,2016-02-12T03:00:00-03:00,1,01:00:00,1,01:00:00,100.0,100.0,2016-02-12T05:00:00Z,2016-02-12T02:00:00-03:00,2016-02-12T06:00:00Z,2016-02-12T03:00:00-03:00
12.22,,,False,2,pm25,µg/m³,,raw,01:00:00,2016-02-12T06:00:00Z,2016-02-12T03:00:00-03:00,2016-02-12T07:00:00Z,2016-02-12T04:00:00-03:00,1,01:00:00,1,01:00:00,100.0,100.0,2016-02-12T06:00:00Z,2016-02-12T03:00:00-03:00,2016-02-12T07:00:00Z,2016-02-12T04:00:00-03:00
22.79,,,False,2,pm25,µg/m³,,raw,01:00:00,2016-02-12T07:00:00Z,2016-02-12T04:00:00-03:00,2016-02-12T08:00:00Z,2016-02-12T05:00:00-03:00,1,01:00:00,1,01:00:00,100.0,100.0,2016-02-12T07:00:00Z,2016-02-12T04:00:00-03:00,2016-02-12T08:00:00Z,2016-02-12T05:00:00-03:00
9.395,,,False,2,pm25,µg/m³,,raw,01:00:00,2016-02-12T08:00:00Z,2016-02-12T05:00:00-03:00,2016-02-12T09:00:00Z,2016-02-12T06:00:00-03:00,1,01:00:00,1,01:00:00,100.0,100.0,2016-02-12T08:00:00Z,2016-02-12T05:00:00-03:00,2016-02-12T09:00:00Z,2016-02-12T06:00:00-03:00
1.0,,,False,2,pm25,µg/m³,,raw,01:00:00,2016-02-12T09:00:00Z,2016-02-12T06:00:00-03:00,2016-02-12T10:00:00Z,2016-02-12T07:00:00-03:00,1,01:00:00,1,01:00:00,100.0,100.0,2016-02-12T09:00:00Z,2016-02-12T06:00:00-03:00,2016-02-12T10:00:00Z,2016-02-12T07:00:00-03:00
2.864,,,False,2,pm25,µg/m³,,raw,01:00:00,2016-02-12T10:00:00Z,2016-02-12T07:00:00-03:00,2016-02-12T11:00:00Z,2016-02-12T08:00:00-03:00,1,01:00:00,1,01:00:00,100.0,100.0,2016-02-12T10:00:00Z,2016-02-12T07:00:00-03:00,2016-02-12T11:00:00Z,2016-02-12T08:00:00-03:00
6.283,,,False,2,pm25,µg/m³,,raw,01:00:00,2016-02-12T11:00:00Z,2016-02-12T08:00:00-03:00,2016-02-12T12:00:00Z,2016-02-12T09:00:00-03:00,1,01:00:00,1,01:00:00,100.0,100.0,2016-02-12T11:00:00Z,2016-02-12T08:00:00-03:00,2016-02-12T12:00:00Z,2016-02-12T09:00:00-03:00
4.337,,,False,2,pm25,µg/m³,,raw,01:00:00,2016-02-12T15:00:00Z,2016-02-12T12:00:00-03:00,2016-02-12T16:00:00Z,2016-02-12T13:00:00-03:00,1,01:00:00,1,01:00:00,100.0,100.0,2016-02-12T15:00:00Z,2016-02-12T12:00:00-03:00,2016-02-12T16:00:00Z,2016-02-12T13:00:00-03:00
1.0,,,False,2,pm25,µg/m³,,raw,01:00:00,2016-02-12T16:00:00Z,2016-02-12T13:00:00-03:00,2016-02-12T17:00:00Z,2016-02-12T14:00:00-03:00,1,01:00:00,1,01:00:00,100.0,100.0,2016-02-12T16:00:00Z,2016-02-12T13:00:00-03:00,2016-02-12T17:00:00Z,2016-02-12T14:00:00-03:00
5.181,,,False,2,pm25,µg/m³,,raw,01:00:00,2016-02-12T17:00:00Z,2016-02-12T14:00:00-03:00,2016-02-12T18:00:00Z,2016-02-12T15:00:00-03:00,1,01:00:00,1,01:00:00,100.0,100.0,2016-02-12T17:00:00Z,2016-02-12T14:00:00-03:00,2016-02-12T18:00:00Z,2016-02-12T15:00:00-03:00
10.13,,,False,2,pm25,µg/m³,,raw,01:00:00,2016-02-12T18:00:00Z,2016-02-12T15:00:00-03:00,2016-02-12T19:00:00Z,2016-02-12T16:00:00-03:00,1,01:00:00,1,01:00:00,100.0,100.0,2016-02-12T18:00:00Z,2016-02-12T15:00:00-03:00,2016-02-12T19:00:00Z,2016-02-12T16:00:00-03:00
5.308,,,False,2,pm25,µg/m³,,raw,01:00:00,2016-02-12T19:00:00Z,2016-02-12T16:00:00-03:00,2016-02-12T20:00:00Z,2016-02-12T17:00:00-03:00,1,01:00:00,1,01:00:00,100.0,100.0,2016-02-12T19:00:00Z,2016-02-12T16:00:00-03:00,2016-02-12T20:00:00Z,2016-02-12T17:00:00-03:00
3.898,,,False,2,pm25,µg/m³,,raw,01:00:00,2016-02-12T20:00:00Z,2016-02-12T17:00:00-03:00,2016-02-12T21:00:00Z,2016-02-12T18:00:00-03:00,1,01:00:00,1,01:00:00,100.0,100.0,2016-02-12T20:00:00Z,2016-02-12T17:00:00-03:00,2016-02-12T21:00:00Z,2016-02-12T18:00:00-03:00
1.116,,,False,2,pm25,µg/m³,,raw,01:00:00,2016-02-12T21:00:00Z,2016-02-12T18:00:00-03:00,2016-02-12T22:00:00Z,2016-02-12T19:00:00-03:00,1,01:00:00,1,01:00:00,100.0,100.0,2016-02-12T21:00:00Z,2016-02-12T18:00:00-03:00,2016-02-12T22:00:00Z,2016-02-12T19:00:00-03:00
15.54,,,False,2,pm25,µg/m³,,raw,01:00:00,2016-02-12T22:00:00Z,2016-02-12T19:00:00-03:00,2016-02-12T23:00:00Z,2016-02-12T20:00:00-03:00,1,01:00:00,1,01:00:00,100.0,100.0,2016-02-12T22:00:00Z,2016-02-12T19:00:00-03:00,2016-02-12T23:00:00Z,2016-02-12T20:00:00-03:00
7.098,,,False,2,pm25,µg/m³,,raw,01:00:00,2016-02-12T23:00:00Z,2016-02-12T20:00:00-03:00,2016-02-13T00:00:00Z,2016-02-12T21:00:00-03:00,1,01:00:00,1,01:00:00,100.0,100.0,2016-02-12T23:00:00Z,2016-02-12T20:00:00-03:00,2016-02-13T00:00:00Z,2016-02-12T21:00:00-03:00
11.23,,,False,2,pm25,µg/m³,,raw,01:00:00,2016-02-13T00:00:00Z,2016-02-12T21:00:00-03:00,2016-02-13T01:00:00Z,2016-02-12T22:00:00-03:00,1,01:00:00,1,01:00:00,100.0,100.0,2016-02-13T00:00:00Z,2016-02-12T21:00:00-03:00,2016-02-13T01:00:00Z,2016-02-12T22:00:00-03:00
3.166,,,False,2,pm25,µg/m³,,raw,01:00:00,2016-02-13T01:00:00Z,2016-02-12T22:00:00-03:00,2016-02-13T02:00:00Z,2016-02-12T23:00:00-03:00,1,01:00:00,1,01:00:00,100.0,100.0,2016-02-13T01:00:00Z,2016-02-12T22:00:00-03:00,2016-02-13T02:00:00Z,2016-02-12T23:00:00-03:00
4.468,,,False,2,pm25,µg/m³,,raw,01:00:00,2016-02-13T02:00:00Z,2016-02-12T23:00:00-03:00,2016-02-13T03:00:00Z,2016-02-13T00:00:00-03:00,1,01:00:00,1,01:00:00,100.0,100.0,2016-02-13T02:00:00Z,2016-02-12T23:00:00-03:00,2016-02-13T03:00:00Z,2016-02-13T00:00:00-03:00
19.95,,,False,2,pm25,µg/m³,,raw,01:00:00,2016-02-13T03:00:00Z,2016-02-13T00:00:00-03:00,2016-02-13T04:00:00Z,2016-02-13T01:00:00-03:00,1,01:00:00,1,01:00:00,100.0,100.0,2016-02-13T03:00:00Z,2016-02-13T00:00:00-03:00,2016-02-13T04:00:00Z,2016-02-13T01:00:00-03:00
12.79,,,False,2,pm25,µg/m³,,raw,01:00:00,2016-02-13T04:00:00Z,2016-02-13T01:00:00-03:00,2016-02-13T05:00:00Z,2016-02-13T02:00:00-03:00,1,01:00:00,1,01:00:00,100.0,100.0,2016-02-13T04:00:00Z,2016-02-13T01:00:00-03:00,2016-02-13T05:00:00Z,2016-02-13T02:00:00-03:00
7.401,,,False,2,pm25,µg/m³,,raw,01:00:00,2016-02-13T05:00:00Z,2016-02-13T02:00:00-03:00,2016-02-13T06:00:00Z,2016-02-13T03:00:00-03:00,1,01:00:00,1,01:00:00,100.0,100.0,2016-02-13T05:00:00Z,2016-02-13T02:00:00-03:00,2016-02-13T06:00:00Z,2016-02-13T03:00:00-03:00
2.789,,,False,2,pm25,µg/m³,,raw,01:00:00,2016-02-13T06:00:00Z,2016-02-13T03:00:00-03:00,2016-02-13T07:00:00Z,2016-02-13T04:00:00-03:00,1,01:00:00,1,01:00:00,100.0,100.0,2016-02-13T06:00:00Z,2016-02-13T03:00:00-03:00,2016-02-13T07:00:00Z,2016-02-13T04:00:00-03:00
6.045,,,False,2,pm25,µg/m³,,raw,01:00:00,2016-02-13T07:00:00Z,2016-02-13T04:00:00-03:00,2016-02-13T08:00:00Z,2016-02-13T05:00:00-03:00,1,01:00:00,1,01:00:00,100.0,100.0,2016-02-13T07:00:00Z,2016-02-13T04:00:00-03:00,2016-02-13T08:00:00Z,2016-02-13T05:00:00-03:00
5.379,,,False,2,pm25,µg/m³,,raw,01:00:00,2016-02-13T08:00:00Z,2016-02-13T05:00:00-03:00,2016-02-13T09:00:00Z,2016-02-13T06:00:00-03:00,1,01:00:00,1,01:00:00,100.0,100.0,2016-02-13T08:00:00Z,2016-02-13T05:00:00-03:00,2016-02-13T09:00:00Z,2016-02-13T06:00:00-03:00
2.753,,,False,2,pm25,µg/m³,,raw,01:00:00,2016-02-13T09:00:00Z,2016-02-13T06:00:00-03:00,2016-02-13T10:00:00Z,2016-02-13T07:00:00-03:00,1,01:00:00,1,01:00:00,100.0,100.0,2016-02-13T09:00:00Z,2016-02-13T06:00:00-03:00,2016-02-13T10:00:00Z,2016-02-13T07:00:00-03:00
6.34,,,False,2,pm25,µg/m³,,raw,01:00:00,2016-02-13T10:00:00Z,2016-02-13T07:00:00-03:00,2016-02-13T11:00:00Z,2016-02-13T08:00:00-03:00,1,01:00:00,1,01:00:00,100.0,100.0,2016-02-13T10:00:00Z,2016-02-13T07:00:00-03:00,2016-02-13T11:00:00Z,2016-02-13T08:00:00-03:00
19.37,,,False,2,pm25,µg/m³,,raw,01:00:00,2016-02-13T11:00:00Z,2016-02-13T08:00:00-03:00,2016-02-13T12:00:00Z,2016-02-13T09:00:00-03:00,1,01:00:00,1,01:00:00,100.0,100.0,2016-02-13T11:00:00Z,2016-02-13T08:00:00-03:00,2016-02-13T12:00:00Z,2016-02-13T09:00:00-03:00
12.27,,,False,2,pm25,µg/m³,,raw,01:00:00,2016-02-13T12:00:00Z,2016-02-13T09:00:00-03:00,2016-02-13T13:00:00Z,2016-02-13T10:00:00-03:00,1,01:00:00,1,01:00:00,100.0,100.0,2016-02-13T12:00:00Z,2016-02-13T09:00:00-03:00,2016-02-13T13:00:00Z,2016-02-13T10:00:00-03:00
1.0,,,False,2,pm25,µg/m³,,raw,01:00:00,2016-02-13T13:00:00Z,2016-02-13T10:00:00-03:00,2016-02-13T14:00:00Z,2016-02-13T11:00:00-03:00,1,01:00:00,1,01:00:00,100.0,100.0,2016-02-13T13:00:00Z,2016-02-13T10:00:00-03:00,2016-02-13T14:00:00Z,2016-02-13T11:00:00-03:00
2.346,,,False,2,pm25,µg/m³,,raw,01:00:00,2016-02-13T14:00:00Z,2016-02-13T11:00:00-03:00,2016-02-13T15:00:00Z,2016-02-13T12:00:00-03:00,1,01:00:00,1,01:00:00,100.0,100.0,2016-02-13T14:00:00Z,2016-02-13T11:00:00-03:00,2016-02-13T15:00:00Z,2016-02-13T12:00:00-03:00
1.899,,,False,2,pm25,µg/m³,,raw,01:00:00,2016-02-13T15:00:00Z,2016-02-13T12:00:00-03:00,2016-02-13T16:00:00Z,2016-02-13T13:00:00-03:00,1,01:00:00,1,01:00:00,100.0,100.0,2016-02-13T15:00:00Z,2016-02-13T12:00:00-03:00,2016-02-13T16:00:00Z,2016-02-13T13:00:00-03:00
3.804,,,False,2,pm25,µg/m³,,raw,01:00:00,2016-02-13T16:00:00Z,2016-02-13T13:00:00-03:00,2016-02-13T17:00:00Z,2016-02-13T14:00:00-03:00,1,01:00:00,1,01:00:00,100.0,100.0,2016-02-13T16:00:00Z,2016-02-13T13:00:00-03:00,2016-02-13T17:00:00Z,2016-02-13T14:00:00-03:00
17.72,,,False,2,pm25,µg/m³,,raw,01:00:00,2016-02-13T17:00:00Z,2016-02-13T14:00:00-03:00,2016-02-13T18:00:00Z,2016-02-13T15:00:00-03:00,1,01:00:00,1,01:00:00,100.0,100.0,2016-02-13T17:00:00Z,2016-02-13T14:00:00-03:00,2016-02-13T18:00:00Z,2016-02-13T15:00:00-03:00
13.52,,,False,2,pm25,µg/m³,,raw,01:00:00,2016-02-13T18:00:00Z,2016-02-13T15:00:00-03:00,2016-02-13T19:00:00Z,2016-02-13T16:00:00-03:00,1,01:00:00,1,01:00:00,100.0,100.0,2016-02-13T18:00:00Z,2016-02-13T15:00:00-03:00,2016-02-13T19:00:00Z,2016-02-13T16:00:00-03:00
10.75,,,False,2,pm25,µg/m³,,raw,01:00:00,2016-02-13T19:00:00Z,2016-02-13T16:00:00-03:00,2016-02-13T20:00:00Z,2016-02-13T17:00:00-03:00,1,01:00:00,1,01:00:00,100.0,100.0,2016-02-13T19:00:00Z,2016-02-13T16:00:00-03:00,2016-02-13T20:00:00Z,2016-02-13T17:00:00-03:00
8.268,,,False,2,pm25,µg/m³,,raw,01:00:00,2016-02-13T20:00:00Z,2016-02-13T17:00:00-03:00,2016-02-13T21:00:00Z,2016-02-13T18:00:00-03:00,1,01:00:00,1,01:00:00,100.0,100.0,2016-02-13T20:00:00Z,2016-02-13T17:00:00-03:00,2016-02-13T21:00:00Z,2016-02-13T18:00:00-03:00
5.68,,,False,2,pm25,µg/m³,,raw,01:00:00,2016-02-13T21:00:00Z,2016-02-13T18:00:00-03:00,2016-02-13T22:00:00Z,2016-02-13T19:00:00-03:00,1,01:00:00,1,01:00:00,100.0,100.0,2016-02-13T21:00:00Z,2016-02-13T18:00:00-03:00,2016-02-13T22:00:00Z,2016-02-13T19:00:00-03:00
19.35,,,False,2,pm25,µg/m³,,raw,01:00:00,2016-02-13T22:00:00Z,2016-02-13T19:00:00-03:00,2016-02-13T23:00:00Z,2016-02-13T20:00:00-03:00,1,01:00:00,1,01:00:00,100.0,100.0,2016-02-13T22:00:00Z,2016-02-13T19:00:00-03:00,2016-02-13T23:00:00Z,2016-02-13T20:00:00-03:00
9.304,,,False,2,pm25,µg/m³,,raw,01:00:00,2016-02-13T23:00:00Z,2016-02-13T20:00:00-03:00,2016-02-14T00:00:00Z,2016-02-13T21:00:00-03:00,1,01:00:00,1,01:00:00,100.0,100.0,2016-02-13T23:00:00Z,2016-02-13T20:00:00-03:00,2016-02-14T00:00:00Z,2016-02-13T21:00:00-03:00
2.545,,,False,2,pm25,µg/m³,,raw,01:00:00,2016-02-14T00:00:00Z,2016-02-13T21:00:00-03:00,2016-02-14T01:00:00Z,2016-02-13T22:00:00-03:00,1,01:00:00,1,01:00:00,100.0,100.0,2016-02-14T00:00:00Z,2016-02-13T21:00:00-03:00,2016-02-14T01:00:00Z,2016-02-13T22:00:00-03:00
1.368,,,False,2,pm25,µg/m³,,raw,01:00:00,2016-02-14T01:00:00Z,2016-02-13T22:00:00-03:00,2016-02-14T02:00:00Z,2016-02-13T23:00:00-03:00,1,01:00:00,1,01:00:00,100.0,100.0,2016-02-14T01:00:00Z,2016-02-13T22:00:00-03:00,2016-02-14T02:00:00Z,2016-02-13T23:00:00-03:00
6.068,,,False,2,pm25,µg/m³,,raw,01:00:00,2016-02-14T02:00:00Z,2016-02-13T23:00:00-03:00,2016-02-14T03:00:00Z,2016-02-14T00:00:00-03:00,1,01:00:00,1,01:00:00,100.0,100.0,2016-02-14T02:00:00Z,2016-02-13T23:00:00-03:00,2016-02-14T03:00:00Z,2016-02-14T00:00:00-03:00
8.228,,,False,2,pm25,µg/m³,,raw,01:00:00,2016-02-14T04:00:00Z,2016-02-14T01:00:00-03:00,2016-02-14T05:00:00Z,2016-02-14T02:00:00-03:00,1,01:00:00,1,01:00:00,100.0,100.0,2016-02-14T04:00:00Z,2016-02-14T01:00:00-03:00,2016-02-14T05:00:00Z,2016-02-14T02:00:00-03:00
15.73,,,False,2,pm25,µg/m³,,raw,01:00:00,2016-02-14T05:00:00Z,2016-02-14T02:00:00-03:00,2016-02-14T06:00:00Z,2016-02-14T03:00:00-03:00,1,01:00:00,1,01:00:00,100.0,100.0,2016-02-14T05:00:00Z,2016-02-14T02:00:00-03:00,2016-02-14T06:00:00Z,2016-02-14T03:00:00-03:00
11.29,,,False,2,pm25,µg/m³,,raw,01:00:00,2016-02-14T06:00:00Z,2016-02-14T03:00:00-03:00,2016-02-14T07:00:00Z,2016-02-14T04:00:00-03:00,1,01:00:00,1,01:00:00,100.0,100.0,2016-02-14T06:00:00Z,2016-02-14T03:00:00-03:00,2016-02-14T07:00:00Z,2016-02-14T04:00:00-03:00
11.94,,,False,2,pm25,µg/m³,,raw,01:00:00,2016-02-14T07:00:00Z,2016-02-14T04:00:00-03:00,2016-02-14T08:00:00Z,2016-02-14T05:00:00-03:00,1,01:00:00,1,01:00:00,100.0,100.0,2016-02-14T07:00:00Z,2016-02-14T04:00:00-03:00,2016-02-14T08:00:00Z,2016-02-14T05:00:00-03:00
9.495,,,False,2,pm25,µg/m³,,raw,01:00:00,2016-02-14T08:00:00Z,2016-02-14T05:00:00-03:00,2016-02-14T09:00:00Z,2016-02-14T06:00:00-03:00,1,01:00:00,1,01:00:00,100.0,100.0,2016-02-14T08:00:00Z,2016-02-14T05:00:00-03:00,2016-02-14T09:00:00Z,2016-02-14T06:00:00-03:00
4.385,,,False,2,pm25,µg/m³,,raw,01:00:00,2016-02-14T09:00:00Z,2016-02-14T06:00:00-03:00,2016-02-14T10:00:00Z,2016-02-14T07:00:00-03:00,1,01:00:00,1,01:00:00,100.0,100.0,2016-02-14T09:00:00Z,2016-02-14T06:00:00-03:00,2016-02-14T10:00:00Z,2016-02-14T07:00:00-03:00
7.726,,,False,2,pm25,µg/m³,,raw,01:00:00,2016-02-14T10:00:00Z,2016-02-14T07:00:00-03:00,2016-02-14T11:00:00Z,2016-02-14T08:00:00-03:00,1,01:00:00,1,01:00:00,100.0,100.0,2016-02-14T10:00:00Z,2016-02-14T07:00:00-03:00,2016-02-14T11:00:00Z,2016-02-14T08:00:00-03:00
13.44,,,False,2,pm25,µg/m³,,raw,01:00:00,2016-02-14T11:00:00Z,2016-02-14T08:00:00-03:00,2016-02-14T12:00:00Z,2016-02-14T09:00:00-03:00,1,01:00:00,1,01:00:00,100.0,100.0,2016-02-14T11:00:00Z,2016-02-14T08:00:00-03:00,2016-02-14T12:00:00Z,2016-02-14T09:00:00-03:00
17.36,,,False,2,pm25,µg/m³,,raw,01:00:00,2016-02-14T12:00:00Z,2016-02-14T09:00:00-03:00,2016-02-14T13:00:00Z,2016-02-14T10:00:00-03:00,1,01:00:00,1,01:00:00,100.0,100.0,2016-02-14T12:00:00Z,2016-02-14T09:00:00-03:00,2016-02-14T13:00:00Z,2016-02-14T10:00:00-03:00
12.92,,,False,2,pm25,µg/m³,,raw,01:00:00,2016-02-14T13:00:00Z,2016-02-14T10:00:00-03:00,2016-02-14T14:00:00Z,2016-02-14T11:00:00-03:00,1,01:00:00,1,01:00:00,100.0,100.0,2016-02-14T13:00:00Z,2016-02-14T10:00:00-03:00,2016-02-14T14:00:00Z,2016-02-14T11:00:00-03:00
13.57,,,False,2,pm25,µg/m³,,raw,01:00:00,2016-02-14T14:00:00Z,2016-02-14T11:00:00-03:00,2016-02-14T15:00:00Z,2016-02-14T12:00:00-03:00,1,01:00:00,1,01:00:00,100.0,100.0,2016-02-14T14:00:00Z,2016-02-14T11:00:00-03:00,2016-02-14T15:00:00Z,2016-02-14T12:00:00-03:00
7.492,,,False,2,pm25,µg/m³,,raw,01:00:00,2016-02-14T15:00:00Z,2016-02-14T12:00:00-03:00,2016-02-14T16:00:00Z,2016-02-14T13:00:00-03:00,1,01:00:00,1,01:00:00,100.0,100.0,2016-02-14T15:00:00Z,2016-02-14T12:00:00-03:00,2016-02-14T16:00:00Z,2016-02-14T13:00:00-03:00
11.86,,,False,2,pm25,µg/m³,,raw,01:00:00,2016-02-14T16:00:00Z,2016-02-14T13:00:00-03:00,2016-02-14T17:00:00Z,2016-02-14T14:00:00-03:00,1,01:00:00,1,01:00:00,100.0,100.0,2016-02-14T16:00:00Z,2016-02-14T13:00:00-03:00,2016-02-14T17:00:00Z,2016-02-14T14:00:00-03:00
7.37,,,False,2,pm25,µg/m³,,raw,01:00:00,2016-02-14T17:00:00Z,2016-02-14T14:00:00-03:00,2016-02-14T18:00:00Z,2016-02-14T15:00:00-03:00,1,01:00:00,1,01:00:00,100.0,100.0,2016-02-14T17:00:00Z,2016-02-14T14:00:00-03:00,2016-02-14T18:00:00Z,2016-02-14T15:00:00-03:00
7.189,,,False,2,pm25,µg/m³,,raw,01:00:00,2016-02-14T18:00:00Z,2016-02-14T15:00:00-03:00,2016-02-14T19:00:00Z,2016-02-14T16:00:00-03:00,1,01:00:00,1,01:00:00,100.0,100.0,2016-02-14T18:00:00Z,2016-02-14T15:00:00-03:00,2016-02-14T19:00:00Z,2016-02-14T16:00:00-03:00
3.174,,,False,2,pm25,µg/m³,,raw,01:00:00,2016-02-14T19:00:00Z,2016-02-14T16:00:00-03:00,2016-02-14T20:00:00Z,2016-02-14T17:00:00-03:00,1,01:00:00,1,01:00:00,100.0,100.0,2016-02-14T19:00:00Z,2016-02-14T16:00:00-03:00,2016-02-14T20:00:00Z,2016-02-14T17:00:00-03:00
8.253,,,False,2,pm25,µg/m³,,raw,01:00:00,2016-02-14T20:00:00Z,2016-02-14T17:00:00-03:00,2016-02-14T21:00:00Z,2016-02-14T18:00:00-03:00,1,01:00:00,1,01:00:00,100.0,100.0,2016-02-14T20:00:00Z,2016-02-14T17:00:00-03:00,2016-02-14T21:00:00Z,2016-02-14T18:00:00-03:00
9.514,,,False,2,pm25,µg/m³,,raw,01:00:00,2016-02-14T21:00:00Z,2016-02-14T18:00:00-03:00,2016-02-14T22:00:00Z,2016-02-14T19:00:00-03:00,1,01:00:00,1,01:00:00,100.0,100.0,2016-02-14T21:00:00Z,2016-02-14T18:00:00-03:00,2016-02-14T22:00:00Z,2016-02-14T19:00:00-03:00
8.088,,,False,2,pm25,µg/m³,,raw,01:00:00,2016-02-14T22:00:00Z,2016-02-14T19:00:00-03:00,2016-02-14T23:00:00Z,2016-02-14T20:00:00-03:00,1,01:00:00,1,01:00:00,100.0,100.0,2016-02-14T22:00:00Z,2016-02-14T19:00:00-03:00,2016-02-14T23:00:00Z,2016-02-14T20:00:00-03:00
8.985,,,False,2,pm25,µg/m³,,raw,01:00:00,2016-02-14T23:00:00Z,2016-02-14T20:00:00-03:00,2016-02-15T00:00:00Z,2016-02-14T21:00:00-03:00,1,01:00:00,1,01:00:00,100.0,100.0,2016-02-14T23:00:00Z,2016-02-14T20:00:00-03:00,2016-02-15T00:00:00Z,2016-02-14T21:00:00-03:00
4.943,,,False,2,pm25,µg/m³,,raw,01:00:00,2016-02-15T00:00:00Z,2016-02-14T21:00:00-03:00,2016-02-15T01:00:00Z,2016-02-14T22:00:00-03:00,1,01:00:00,1,01:00:00,100.0,100.0,2016-02-15T00:00:00Z,2016-02-14T21:00:00-03:00,2016-02-15T01:00:00Z,2016-02-14T22:00:00-03:00
14.29,,,False,2,pm25,µg/m³,,raw,01:00:00,2016-02-15T01:00:00Z,2016-02-14T22:00:00-03:00,2016-02-15T02:00:00Z,2016-02-14T23:00:00-03:00,1,01:00:00,1,01:00:00,100.0,100.0,2016-02-15T01:00:00Z,2016-02-14T22:00:00-03:00,2016-02-15T02:00:00Z,2016-02-14T23:00:00-03:00
14.7,,,False,2,pm25,µg/m³,,raw,01:00:00,2016-02-15T02:00:00Z,2016-02-14T23:00:00-03:00,2016-02-15T03:00:00Z,2016-02-15T00:00:00-03:00,1,01:00:00,1,01:00:00,100.0,100.0,2016-02-15T02:00:00Z,2016-02-14T23:00:00-03:00,2016-02-15T03:00:00Z,2016-02-15T00:00:00-03:00
7.02,,,False,2,pm25,µg/m³,,raw,01:00:00,2016-02-15T03:00:00Z,2016-02-15T00:00:00-03:00,2016-02-15T04:00:00Z,2016-02-15T01:00:00-03:00,1,01:00:00,1,01:00:00,100.0,100.0,2016-02-15T03:00:00Z,2016-02-15T00:00:00-03:00,2016-02-15T04:00:00Z,2016-02-15T01:00:00-03:00
17.03,,,False,2,pm25,µg/m³,,raw,01:00:00,2016-02-15T04:00:00Z,2016-02-15T01:00:00-03:00,2016-02-15T05:00:00Z,2016-02-15T02:00:00-03:00,1,01:00:00,1,01:00:00,100.0,100.0,2016-02-15T04:00:00Z,2016-02-15T01:00:00-03:00,2016-02-15T05:00:00Z,2016-02-15T02:00:00-03:00
6.52,,,False,2,pm25,µg/m³,,raw,01:00:00,2016-02-15T05:00:00Z,2016-02-15T02:00:00-03:00,2016-02-15T06:00:00Z,2016-02-15T03:00:00-03:00,1,01:00:00,1,01:00:00,100.0,100.0,2016-02-15T05:00:00Z,2016-02-15T02:00:00-03:00,2016-02-15T06:00:00Z,2016-02-15T03:00:00-03:00
4.931,,,False,2,pm25,µg/m³,,raw,01:00:00,2016-02-15T06:00:00Z,2016-02-15T03:00:00-03:00,2016-02-15T07:00:00Z,2016-02-15T04:00:00-03:00,1,01:00:00,1,01:00:00,100.0,100.0,2016-02-15T06:00:00Z,2016-02-15T03:00:00-03:00,2016-02-15T07:00:00Z,2016-02-15T04:00:00-03:00
7.297,,,False,2,pm25,µg/m³,,raw,01:00:00,2016-02-15T07:00:00Z,2016-02-15T04:00:00-03:00,2016-02-15T08:00:00Z,2016-02-15T05:00:00-03:00,1,01:00:00,1,01:00:00,100.0,100.0,2016-02-15T07:00:00Z,2016-02-15T04:00:00-03:00,2016-02-15T08:00:00Z,2016-02-15T05:00:00-03:00
6.786,,,False,2,pm25,µg/m³,,raw,01:00:00,2016-02-15T08:00:00Z,2016-02-15T05:00:00-03:00,2016-02-15T09:00:00Z,2016-02-15T06:00:00-03:00,1,01:00:00,1,01:00:00,100.0,100.0,2016-02-15T08:00:00Z,2016-02-15T05:00:00-03:00,2016-02-15T09:00:00Z,2016-02-15T06:00:00-03:00
13.18,,,False,2,pm25,µg/m³,,raw,01:00:00,2016-02-15T09:00:00Z,2016-02-15T06:00:00-03:00,2016-02-15T10:00:00Z,2016-02-15T07:00:00-03:00,1,01:00:00,1,01:00:00,100.0,100.0,2016-02-15T09:00:00Z,2016-02-15T06:00:00-03:00,2016-02-15T10:00:00Z,2016-02-15T07:00:00-03:00
9.89,,,False,2,pm25,µg/m³,,raw,01:00:00,2016-02-15T10:00:00Z,2016-02-15T07:00:00-03:00,2016-02-15T11:00:00Z,2016-02-15T08:00:00-03:00,1,01:00:00,1,01:00:00,100.0,100.0,2016-02-15T10:00:00Z,2016-02-15T07:00:00-03:00,2016-02-15T11:00:00Z,2016-02-15T08:00:00-03:00
19.69,,,False,2,pm25,µg/m³,,raw,01:00:00,2016-02-15T11:00:00Z,2016-02-15T08:00:00-03:00,2016-02-15T12:00:00Z,2016-02-15T09:00:00-03:00,1,01:00:00,1,01:00:00,100.0,100.0,2016-02-15T11:00:00Z,2016-02-15T08:00:00-03:00,2016-02-15T12:00:00Z,2016-02-15T09:00:00-03:00
12.12,,,False,2,pm25,µg/m³,,raw,01:00:00,2016-02-15T12:00:00Z,2016-02-15T09:00:00-03:00,2016-02-15T13:00:00Z,2016-02-15T10:00:00-03:00,1,01:00:00,1,01:00:00,100.0,100.0,2016-02-15T12:00:00Z,2016-02-15T09:00:00-03:00,2016-02-15T13:00:00Z,2016-02-15T10:00:00-03:00
12.64,,,False,2,pm25,µg/m³,,raw,01:00:00,2016-02-15T13:00:00Z,2016-02-15T10:00:00-03:00,2016-02-15T14:00:00Z,2016-02-15T11:00:00-03:00,1,01:00:00,1,01:00:00,100.0,100.0,2016-02-15T13:00:00Z,2016-02-15T10:00:00-03:00,2016-02-15T14:00:00Z,2016-02-15T11:00:00-03:00
14.9,,,False,2,pm25,µg/m³,,raw,01:00:00,2016-02-15T14:00:00Z,2016-02-15T11:00:00-03:00,2016-02-15T15:00:00Z,2016-02-15T12:00:00-03:00,1,01:00:00,1,01:00:00,100.0,100.0,2016-02-15T14:00:00Z,2016-02-15T11:00:00-03:00,2016-02-15T15:00:00Z,2016-02-15T12:00:00-03:00
11.9,,,False,2,pm25,µg/m³,,raw,01:00:00,2016-02-15T15:00:00Z,2016-02-15T12:00:00-03:00,2016-02-15T16:00:00Z,2016-02-15T13:00:00-03:00,1,01:00:00,1,01:00:00,100.0,100.0,2016-02-15T15:00:00Z,2016-02-15T12:00:00-03:00,2016-02-15T16:00:00Z,2016-02-15T13:00:00-03:00
26.62,,,False,2,pm25,µg/m³,,raw,01:00:00,2016-02-15T16:00:00Z,2016-02-15T13:00:00-03:00,2016-02-15T17:00:00Z,2016-02-15T14:00:00-03:00,1,01:00:00,1,01:00:00,100.0,100.0,2016-02-15T16:00:00Z,2016-02-15T13:00:00-03:00,2016-02-15T17:00:00Z,2016-02-15T14:00:00-03:00
13.42,,,False,2,pm25,µg/m³,,raw,01:00:00,2016-02-15T17:00:00Z,2016-02-15T14:00:00-03:00,2016-02-15T18:00:00Z,2016-02-15T15:00:00-03:00,1,01:00:00,1,01:00:00,100.0,100.0,2016-02-15T17:00:00Z,2016-02-15T14:00:00-03:00,2016-02-15T18:00:00Z,2016-02-15T15:00:00-03:00
15.29,,,False,2,pm25,µg/m³,,raw,01:00:00,2016-02-15T18:00:00Z,2016-02-15T15:00:00-03:00,2016-02-15T19:00:00Z,2016-02-15T16:00:00-03:00,1,01:00:00,1,01:00:00,100.0,100.0,2016-02-15T18:00:00Z,2016-02-15T15:00:00-03:00,2016-02-15T19:00:00Z,2016-02-15T16:00:00-03:00
13.62,,,False,2,pm25,µg/m³,,raw,01:00:00,2016-02-15T19:00:00Z,2016-02-15T16:00:00-03:00,2016-02-15T20:00:00Z,2016-02-15T17:00:00-03:00,1,01:00:00,1,01:00:00,100.0,100.0,2016-02-15T19:00:00Z,2016-02-15T16:00:00-03:00,2016-02-15T20:00:00Z,2016-02-15T17:00:00-03:00
14.93,,,False,2,pm25,µg/m³,,raw,01:00:00,2016-02-15T20:00:00Z,2016-02-15T17:00:00-03:00,2016-02-15T21:00:00Z,2016-02-15T18:00:00-03:00,1,01:00:00,1,01:00:00,100.0,100.0,2016-02-15T20:00:00Z,2016-02-15T17:00:00-03:00,2016-02-15T21:00:00Z,2016-02-15T18:00:00-03:00
8.529,,,False,2,pm25,µg/m³,,raw,01:00:00,2016-02-15T21:00:00Z,2016-02-15T18:00:00-03:00,2016-02-15T22:00:00Z,2016-02-15T19:00:00-03:00,1,01:00:00,1,01:00:00,100.0,100.0,2016-02-15T21:00:00Z,2016-02-15T18:00:00-03:00,2016-02-15T22:00:00Z,2016-02-15T19:00:00-03:00
16.31,,,False,2,pm25,µg/m³,,raw,01:00:00,2016-02-15T22:00:00Z,2016-02-15T19:00:00-03:00,2016-02-15T23:00:00Z,2016-02-15T20:00:00-03:00,1,01:00:00,1,01:00:00,100.0,100.0,2016-02-15T22:00:00Z,2016-02-15T19:00:00-03:00,2016-02-15T23:00:00Z,2016-02-15T20:00:00-03:00
12.09,,,False,2,pm25,µg/m³,,raw,01:00:00,2016-02-15T23:00:00Z,2016-02-15T20:00:00-03:00,2016-02-16T00:00:00Z,2016-02-15T21:00:00-03:00,1,01:00:00,1,01:00:00,100.0,100.0,2016-02-15T23:00:00Z,2016-02-15T20:00:00-03:00,2016-02-16T00:00:00Z,2016-02-15T21:00:00-03:00
16.06,,,False,2,pm25,µg/m³,,raw,01:00:00,2016-02-16T00:00:00Z,2016-02-15T21:00:00-03:00,2016-02-16T01:00:00Z,2016-02-15T22:00:00-03:00,1,01:00:00,1,01:00:00,100.0,100.0,2016-02-16T00:00:00Z,2016-02-15T21:00:00-03:00,2016-02-16T01:00:00Z,2016-02-15T22:00:00-03:00
11.32,,,False,2,pm25,µg/m³,,raw,01:00:00,2016-02-16T01:00:00Z,2016-02-15T22:00:00-03:00,2016-02-16T02:00:00Z,2016-02-15T23:00:00-03:00,1,01:00:00,1,01:00:00,100.0,100.0,2016-02-16T01:00:00Z,2016-02-15T22:00:00-03:00,2016-02-16T02:00:00Z,2016-02-15T23:00:00-03:00
19.16,,,False,2,pm25,µg/m³,,raw,01:00:00,2016-02-16T02:00:00Z,2016-02-15T23:00:00-03:00,2016-02-16T03:00:00Z,2016-02-16T00:00:00-03:00,1,01:00:00,1,01:00:00,100.0,100.0,2016-02-16T02:00:00Z,2016-02-15T23:00:00-03:00,2016-02-16T03:00:00Z,2016-02-16T00:00:00-03:00
11.05,,,False,2,pm25,µg/m³,,raw,01:00:00,2016-02-16T03:00:00Z,2016-02-16T00:00:00-03:00,2016-02-16T04:00:00Z,2016-02-16T01:00:00-03:00,1,01:00:00,1,01:00:00,100.0,100.0,2016-02-16T03:00:00Z,2016-02-16T00:00:00-03:00,2016-02-16T04:00:00Z,2016-02-16T01:00:00-03:00
10.37,,,False,2,pm25,µg/m³,,raw,01:00:00,2016-02-16T04:00:00Z,2016-02-16T01:00:00-03:00,2016-02-16T05:00:00Z,2016-02-16T02:00:00-03:00,1,01:00:00,1,01:00:00,100.0,100.0,2016-02-16T04:00:00Z,2016-02-16T01:00:00-03:00,2016-02-16T05:00:00Z,2016-02-16T02:00:00-03:00
13.34,,,False,2,pm25,µg/m³,,raw,01:00:00,2016-02-16T05:00:00Z,2016-02-16T02:00:00-03:00,2016-02-16T06:00:00Z,2016-02-16T03:00:00-03:00,1,01:00:00,1,01:00:00,100.0,100.0,2016-02-16T05:00:00Z,2016-02-16T02:00:00-03:00,2016-02-16T06:00:00Z,2016-02-16T03:00:00-03:00
10.4,,,False,2,pm25,µg/m³,,raw,01:00:00,2016-02-16T06:00:00Z,2016-02-16T03:00:00-03:00,2016-02-16T07:00:00Z,2016-02-16T04:00:00-03:00,1,01:00:00,1,01:00:00,100.0,100.0,2016-02-16T06:00:00Z,2016-02-16T03:00:00-03:00,2016-02-16T07:00:00Z,2016-02-16T04:00:00-03:00
14.29,,,False,2,pm25,µg/m³,,raw,01:00:00,2016-02-16T07:00:00Z,2016-02-16T04:00:00-03:00,2016-02-16T08:00:00Z,2016-02-16T05:00:00-03:00,1,01:00:00,1,01:00:00,100.0,100.0,2016-02-16T07:00:00Z,2016-02-16T04:00:00-03:00,2016-02-16T08:00:00Z,2016-02-16T05:00:00-03:00
27.95,,,False,2,pm25,µg/m³,,raw,01:00:00,2016-02-16T08:00:00Z,2016-02-16T05:00:00-03:00,2016-02-16T09:00:00Z,2016-02-16T06:00:00-03:00,1,01:00:00,1,01:00:00,100.0,100.0,2016-02-16T08:00:00Z,2016-02-16T05:00:00-03:00,2016-02-16T09:00:00Z,2016-02-16T06:00:00-03:00
28.38,,,False,2,pm25,µg/m³,,raw,01:00:00,2016-02-16T09:00:00Z,2016-02-16T06:00:00-03:00,2016-02-16T10:00:00Z,2016-02-16T07:00:00-03:00,1,01:00:00,1,01:00:00,100.0,100.0,2016-02-16T09:00:00Z,2016-02-16T06:00:00-03:00,2016-02-16T10:00:00Z,2016-02-16T07:00:00-03:00
10.68,,,False,2,pm25,µg/m³,,raw,01:00:00,2016-02-16T13:00:00Z,2016-02-16T10:00:00-03:00,2016-02-16T14:00:00Z,2016-02-16T11:00:00-03:00,1,01:00:00,1,01:00:00,100.0,100.0,2016-02-16T13:00:00Z,2016-02-16T10:00:00-03:00,2016-02-16T14:00:00Z,2016-02-16T11:00:00-03:00
11.48,,,False,2,pm25,µg/m³,,raw,01:00:00,2016-02-16T14:00:00Z,2016-02-16T11:00:00-03:00,2016-02-16T15:00:00Z,2016-02-16T12:00:00-03:00,1,01:00:00,1,01:00:00,100.0,100.0,2016-02-16T14:00:00Z,2016-02-16T11:00:00-03:00,2016-02-16T15:00:00Z,2016-02-16T12:00:00-03:00
10.63,,,False,2,pm25,µg/m³,,raw,01:00:00,2016-02-16T15:00:00Z,2016-02-16T12:00:00-03:00,2016-02-16T16:00:00Z,2016-02-16T13:00:00-03:00,1,01:00:00,1,01:00:00,100.0,100.0,2016-02-16T15:00:00Z,2016-02-16T12:00:00-03:00,2016-02-16T16:00:00Z,2016-02-16T13:00:00-03:00
6.289,,,False,2,pm25,µg/m³,,raw,01:00:00,2016-02-16T16:00:00Z,2016-02-16T13:00:00-03:00,2016-02-16T17:00:00Z,2016-02-16T14:00:00-03:00,1,01:00:00,1,01:00:00,100.0,100.0,2016-02-16T16:00:00Z,2016-02-16T13:00:00-03:00,2016-02-16T17:00:00Z,2016-02-16T14:00:00-03:00
4.995,,,False,2,pm25,µg/m³,,raw,01:00:00,2016-02-16T17:00:00Z,2016-02-16T14:00:00-03:00,2016-02-16T18:00:00Z,2016-02-16T15:00:00-03:00,1,01:00:00,1,01:00:00,100.0,100.0,2016-02-16T17:00:00Z,2016-02-16T14:00:00-03:00,2016-02-16T18:00:00Z,2016-02-16T15:00:00-03:00
7.427,,,False,2,pm25,µg/m³,,raw,01:00:00,2016-02-16T18:00:00Z,2016-02-16T15:00:00-03:00,2016-02-16T19:00:00Z,2016-02-16T16:00:00-03:00,1,01:00:00,1,01:00:00,100.0,100.0,2016-02-16T18:00:00Z,2016-02-16T15:00:00-03:00,2016-02-16T19:00:00Z,2016-02-16T16:00:00-03:00
7.421,,,False,2,pm25,µg/m³,,raw,01:00:00,2016-02-16T19:00:00Z,2016-02-16T16:00:00-03:00,2016-02-16T20:00:00Z,2016-02-16T17:00:00-03:00,1,01:00:00,1,01:00:00,100.0,100.0,2016-02-16T19:00:00Z,2016-02-16T16:00:00-03:00,2016-02-16T20:00:00Z,2016-02-16T17:00:00-03:00
7.304,,,False,2,pm25,µg/m³,,raw,01:00:00,2016-02-16T20:00:00Z,2016-02-16T17:00:00-03:00,2016-02-16T21:00:00Z,2016-02-16T18:00:00-03:00,1,01:00:00,1,01:00:00,100.0,100.0,2016-02-16T20:00:00Z,2016-02-16T17:00:00-03:00,2016-02-16T21:00:00Z,2016-02-16T18:00:00-03:00
11.77,,,False,2,pm25,µg/m³,,raw,01:00:00,2016-02-16T21:00:00Z,2016-02-16T18:00:00-03:00,2016-02-16T22:00:00Z,2016-02-16T19:00:00-03:00,1,01:00:00,1,01:00:00,100.0,100.0,2016-02-16T21:00:00Z,2016-02-16T18:00:00-03:00,2016-02-16T22:00:00Z,2016-02-16T19:00:00-03:00
4.845,,,False,2,pm25,µg/m³,,raw,01:00:00,2016-02-16T22:00:00Z,2016-02-16T19:00:00-03:00,2016-02-16T23:00:00Z,2016-02-16T20:00:00-03:00,1,01:00:00,1,01:00:00,100.0,100.0,2016-02-16T22:00:00Z,2016-02-16T19:00:00-03:00,2016-02-16T23:00:00Z,2016-02-16T20:00:00-03:00
3.899,,,False,2,pm25,µg/m³,,raw,01:00:00,2016-02-16T23:00:00Z,2016-02-16T20:00:00-03:00,2016-02-17T00:00:00Z,2016-02-16T21:00:00-03:00,1,01:00:00,1,01:00:00,100.0,100.0,2016-02-16T23:00:00Z,2016-02-16T20:00:00-03:00,2016-02-17T00:00:00Z,2016-02-16T21:00:00-03:00
8.144,,,False,2,pm25,µg/m³,,raw,01:00:00,2016-02-17T00:00:00Z,2016-02-16T21:00:00-03:00,2016-02-17T01:00:00Z,2016-02-16T22:00:00-03:00,1,01:00:00,1,01:00:00,100.0,100.0,2016-02-17T00:00:00Z,2016-02-16T21:00:00-03:00,2016-02-17T01:00:00Z,2016-02-16T22:00:00-03:00
5.098,,,False,2,pm25,µg/m³,,raw,01:00:00,2016-02-17T01:00:00Z,2016-02-16T22:00:00-03:00,2016-02-17T02:00:00Z,2016-02-16T23:00:00-03:00,1,01:00:00,1,01:00:00,100.0,100.0,2016-02-17T01:00:00Z,2016-02-16T22:00:00-03:00,2016-02-17T02:00:00Z,2016-02-16T23:00:00-03:00
1.801,,,False,2,pm25,µg/m³,,raw,01:00:00,2016-02-17T02:00:00Z,2016-02-16T23:00:00-03:00,2016-02-17T03:00:00Z,2016-02-17T00:00:00-03:00,1,01:00:00,1,01:00:00,100.0,100.0,2016-02-17T02:00:00Z,2016-02-16T23:00:00-03:00,2016-02-17T03:00:00Z,2016-02-17T00:00:00-03:00
1.0,,,False,2,pm25,µg/m³,,raw,01:00:00,2016-02-17T03:00:00Z,2016-02-17T00:00:00-03:00,2016-02-17T04:00:00Z,2016-02-17T01:00:00-03:00,1,01:00:00,1,01:00:00,100.0,100.0,2016-02-17T03:00:00Z,2016-02-17T00:00:00-03:00,2016-02-17T04:00:00Z,2016-02-17T01:00:00-03:00
1.0,,,False,2,pm25,µg/m³,,raw,01:00:00,2016-02-17T04:00:00Z,2016-02-17T01:00:00-03:00,2016-02-17T05:00:00Z,2016-02-17T02:00:00-03:00,1,01:00:00,1,01:00:00,100.0,100.0,2016-02-17T04:00:00Z,2016-02-17T01:00:00-03:00,2016-02-17T05:00:00Z,2016-02-17T02:00:00-03:00
3.148,,,False,2,pm25,µg/m³,,raw,01:00:00,2016-02-17T05:00:00Z,2016-02-17T02:00:00-03:00,2016-02-17T06:00:00Z,2016-02-17T03:00:00-03:00,1,01:00:00,1,01:00:00,100.0,100.0,2016-02-17T05:00:00Z,2016-02-17T02:00:00-03:00,2016-02-17T06:00:00Z,2016-02-17T03:00:00-03:00
1.505,,,False,2,pm25,µg/m³,,raw,01:00:00,2016-02-17T06:00:00Z,2016-02-17T03:00:00-03:00,2016-02-17T07:00:00Z,2016-02-17T04:00:00-03:00,1,01:00:00,1,01:00:00,100.0,100.0,2016-02-17T06:00:00Z,2016-02-17T03:00:00-03:00,2016-02-17T07:00:00Z,2016-02-17T04:00:00-03:00
8.541,,,False,2,pm25,µg/m³,,raw,01:00:00,2016-02-17T07:00:00Z,2016-02-17T04:00:00-03:00,2016-02-17T08:00:00Z,2016-02-17T05:00:00-03:00,1,01:00:00,1,01:00:00,100.0,100.0,2016-02-17T07:00:00Z,2016-02-17T04:00:00-03:00,2016-02-17T08:00:00Z,2016-02-17T05:00:00-03:00
8.145,,,False,2,pm25,µg/m³,,raw,01:00:00,2016-02-17T08:00:00Z,2016-02-17T05:00:00-03:00,2016-02-17T09:00:00Z,2016-02-17T06:00:00-03:00,1,01:00:00,1,01:00:00,100.0,100.0,2016-02-17T08:00:00Z,2016-02-17T05:00:00-03:00,2016-02-17T09:00:00Z,2016-02-17T06:00:00-03:00
4.532,,,False,2,pm25,µg/m³,,raw,01:00:00,2016-02-17T09:00:00Z,2016-02-17T06:00:00-03:00,2016-02-17T10:00:00Z,2016-02-17T07:00:00-03:00,1,01:00:00,1,01:00:00,100.0,100.0,2016-02-17T09:00:00Z,2016-02-17T06:00:00-03:00,2016-02-17T10:00:00Z,2016-02-17T07:00:00-03:00
4.304,,,False,2,pm25,µg/m³,,raw,01:00:00,2016-02-17T10:00:00Z,2016-02-17T07:00:00-03:00,2016-02-17T11:00:00Z,2016-02-17T08:00:00-03:00,1,01:00:00,1,01:00:00,100.0,100.0,2016-02-17T10:00:00Z,2016-02-17T07:00:00-03:00,2016-02-17T11:00:00Z,2016-02-17T08:00:00-03:00
8.223,,,False,2,pm25,µg/m³,,raw,01:00:00,2016-02-17T11:00:00Z,2016-02-17T08:00:00-03:00,2016-02-17T12:00:00Z,2016-02-17T09:00:00-03:00,1,01:00:00,1,01:00:00,100.0,100.0,2016-02-17T11:00:00Z,2016-02-17T08:00:00-03:00,2016-02-17T12:00:00Z,2016-02-17T09:00:00-03:00
5.99,,,False,2,pm25,µg/m³,,raw,01:00:00,2016-02-17T12:00:00Z,2016-02-17T09:00:00-03:00,2016-02-17T13:00:00Z,2016-02-17T10:00:00-03:00,1,01:00:00,1,01:00:00,100.0,100.0,2016-02-17T12:00:00Z,2016-02-17T09:00:00-03:00,2016-02-17T13:00:00Z,2016-02-17T10:00:00-03:00
4.898,,,False,2,pm25,µg/m³,,raw,01:00:00,2016-02-17T13:00:00Z,2016-02-17T10:00:00-03:00,2016-02-17T14:00:00Z,2016-02-17T11:00:00-03:00,1,01:00:00,1,01:00:00,100.0,100.0,2016-02-17T13:00:00Z,2016-02-17T10:00:00-03:00,2016-02-17T14:00:00Z,2016-02-17T11:00:00-03:00
7.119,,,False,2,pm25,µg/m³,,raw,01:00:00,2016-02-17T14:00:00Z,2016-02-17T11:00:00-03:00,2016-02-17T15:00:00Z,2016-02-17T12:00:00-03:00,1,01:00:00,1,01:00:00,100.0,100.0,2016-02-17T14:00:00Z,2016-02-17T11:00:00-03:00,2016-02-17T15:00:00Z,2016-02-17T12:00:00-03:00
8.306,,,False,2,pm25,µg/m³,,raw,01:00:00,2016-02-17T15:00:00Z,2016-02-17T12:00:00-03:00,2016-02-17T16:00:00Z,2016-02-17T13:00:00-03:00,1,01:00:00,1,01:00:00,100.0,100.0,2016-02-17T15:00:00Z,2016-02-17T12:00:00-03:00,2016-02-17T16:00:00Z,2016-02-17T13:00:00-03:00
7.383,,,False,2,pm25,µg/m³,,raw,01:00:00,2016-02-17T16:00:00Z,2016-02-17T13:00:00-03:00,2016-02-17T17:00:00Z,2016-02-17T14:00:00-03:00,1,01:00:00,1,01:00:00,100.0,100.0,2016-02-17T16:00:00Z,2016-02-17T13:00:00-03:00,2016-02-17T17:00:00Z,2016-02-17T14:00:00-03:00
5.069,,,False,2,pm25,µg/m³,,raw,01:00:00,2016-02-17T17:00:00Z,2016-02-17T14:00:00-03:00,2016-02-17T18:00:00Z,2016-02-17T15:00:00-03:00,1,01:00:00,1,01:00:00,100.0,100.0,2016-02-17T17:00:00Z,2016-02-17T14:00:00-03:00,2016-02-17T18:00:00Z,2016-02-17T15:00:00-03:00
7.493,,,False,2,pm25,µg/m³,,raw,01:00:00,2016-02-17T18:00:00Z,2016-02-17T15:00:00-03:00,2016-02-17T19:00:00Z,2016-02-17T16:00:00-03:00,1,01:00:00,1,01:00:00,100.0,100.0,2016-02-17T18:00:00Z,2016-02-17T15:00:00-03:00,2016-02-17T19:00:00Z,2016-02-17T16:00:00-03:00
7.245,,,False,2,pm25,µg/m³,,raw,01:00:00,2016-02-17T19:00:00Z,2016-02-17T16:00:00-03:00,2016-02-17T20:00:00Z,2016-02-17T17:00:00-03:00,1,01:00:00,1,01:00:00,100.0,100.0,2016-02-17T19:00:00Z,2016-02-17T16:00:00-03:00,2016-02-17T20:00:00Z,2016-02-17T17:00:00-03:00
11.26,,,False,2,pm25,µg/m³,,raw,01:00:00,2016-02-17T20:00:00Z,2016-02-17T17:00:00-03:00,2016-02-17T21:00:00Z,2016-02-17T18:00:00-03:00,1,01:00:00,1,01:00:00,100.0,100.0,2016-02-17T20:00:00Z,2016-02-17T17:00:00-03:00,2016-02-17T21:00:00Z,2016-02-17T18:00:00-03:00
13.48,,,False,2,pm25,µg/m³,,raw,01:00:00,2016-02-17T21:00:00Z,2016-02-17T18:00:00-03:00,2016-02-17T22:00:00Z,2016-02-17T19:00:00-03:00,1,01:00:00,1,01:00:00,100.0,100.0,2016-02-17T21:00:00Z,2016-02-17T18:00:00-03:00,2016-02-17T22:00:00Z,2016-02-17T19:00:00-03:00
7.252,,,False,2,pm25,µg/m³,,raw,01:00:00,2016-02-17T22:00:00Z,2016-02-17T19:00:00-03:00,2016-02-17T23:00:00Z,2016-02-17T20:00:00-03:00,1,01:00:00,1,01:00:00,100.0,100.0,2016-02-17T22:00:00Z,2016-02-17T19:00:00-03:00,2016-02-17T23:00:00Z,2016-02-17T20:00:00-03:00
2.697,,,False,2,pm25,µg/m³,,raw,01:00:00,2016-02-17T23:00:00Z,2016-02-17T20:00:00-03:00,2016-02-18T00:00:00Z,2016-02-17T21:00:00-03:00,1,01:00:00,1,01:00:00,100.0,100.0,2016-02-17T23:00:00Z,2016-02-17T20:00:00-03:00,2016-02-18T00:00:00Z,2016-02-17T21:00:00-03:00
8.974,,,False,2,pm25,µg/m³,,raw,01:00:00,2016-02-18T00:00:00Z,2016-02-17T21:00:00-03:00,2016-02-18T01:00:00Z,2016-02-17T22:00:00-03:00,1,01:00:00,1,01:00:00,100.0,100.0,2016-02-18T00:00:00Z,2016-02-17T21:00:00-03:00,2016-02-18T01:00:00Z,2016-02-17T22:00:00-03:00
7.452,,,False,2,pm25,µg/m³,,raw,01:00:00,2016-02-18T01:00:00Z,2016-02-17T22:00:00-03:00,2016-02-18T02:00:00Z,2016-02-17T23:00:00-03:00,1,01:00:00,1,01:00:00,100.0,100.0,2016-02-18T01:00:00Z,2016-02-17T22:00:00-03:00,2016-02-18T02:00:00Z,2016-02-17T23:00:00-03:00
4.543,,,False,2,pm25,µg/m³,,raw,01:00:00,2016-02-18T02:00:00Z,2016-02-17T23:00:00-03:00,2016-02-18T03:00:00Z,2016-02-18T00:00:00-03:00,1,01:00:00,1,01:00:00,100.0,100.0,2016-02-18T02:00:00Z,2016-02-17T23:00:00-03:00,2016-02-18T03:00:00Z,2016-02-18T00:00:00-03:00
5.454,,,False,2,pm25,µg/m³,,raw,01:00:00,2016-02-18T03:00:00Z,2016-02-18T00:00:00-03:00,2016-02-18T04:00:00Z,2016-02-18T01:00:00-03:00,1,01:00:00,1,01:00:00,100.0,100.0,2016-02-18T03:00:00Z,2016-02-18T00:00:00-03:00,2016-02-18T04:00:00Z,2016-02-18T01:00:00-03:00
3.767,,,False,2,pm25,µg/m³,,raw,01:00:00,2016-02-18T04:00:00Z,2016-02-18T01:00:00-03:00,2016-02-18T05:00:00Z,2016-02-18T02:00:00-03:00,1,01:00:00,1,01:00:00,100.0,100.0,2016-02-18T04:00:00Z,2016-02-18T01:00:00-03:00,2016-02-18T05:00:00Z,2016-02-18T02:00:00-03:00
4.797,,,False,2,pm25,µg/m³,,raw,01:00:00,2016-02-18T05:00:00Z,2016-02-18T02:00:00-03:00,2016-02-18T06:00:00Z,2016-02-18T03:00:00-03:00,1,01:00:00,1,01:00:00,100.0,100.0,2016-02-18T05:00:00Z,2016-02-18T02:00:00-03:00,2016-02-18T06:00:00Z,2016-02-18T03:00:00-03:00
5.457,,,False,2,pm25,µg/m³,,raw,01:00:00,2016-02-18T06:00:00Z,2016-02-18T03:00:00-03:00,2016-02-18T07:00:00Z,2016-02-18T04:00:00-03:00,1,01:00:00,1,01:00:00,100.0,100.0,2016-02-18T06:00:00Z,2016-02-18T03:00:00-03:00,2016-02-18T07:00:00Z,2016-02-18T04:00:00-03:00
1.378,,,False,2,pm25,µg/m³,,raw,01:00:00,2016-02-18T07:00:00Z,2016-02-18T04:00:00-03:00,2016-02-18T08:00:00Z,2016-02-18T05:00:00-03:00,1,01:00:00,1,01:00:00,100.0,100.0,2016-02-18T07:00:00Z,2016-02-18T04:00:00-03:00,2016-02-18T08:00:00Z,2016-02-18T05:00:00-03:00
3.289,,,False,2,pm25,µg/m³,,raw,01:00:00,2016-02-18T08:00:00Z,2016-02-18T05:00:00-03:00,2016-02-18T09:00:00Z,2016-02-18T06:00:00-03:00,1,01:00:00,1,01:00:00,100.0,100.0,2016-02-18T08:00:00Z,2016-02-18T05:00:00-03:00,2016-02-18T09:00:00Z,2016-02-18T06:00:00-03:00
4.087,,,False,2,pm25,µg/m³,,raw,01:00:00,2016-02-18T09:00:00Z,2016-02-18T06:00:00-03:00,2016-02-18T10:00:00Z,2016-02-18T07:00:00-03:00,1,01:00:00,1,01:00:00,100.0,100.0,2016-02-18T09:00:00Z,2016-02-18T06:00:00-03:00,2016-02-18T10:00:00Z,2016-02-18T07:00:00-03:00
2.867,,,False,2,pm25,µg/m³,,raw,01:00:00,2016-02-18T10:00:00Z,2016-02-18T07:00:00-03:00,2016-02-18T11:00:00Z,2016-02-18T08:00:00-03:00,1,01:00:00,1,01:00:00,100.0,100.0,2016-02-18T10:00:00Z,2016-02-18T07:00:00-03:00,2016-02-18T11:00:00Z,2016-02-18T08:00:00-03:00
2.361,,,False,2,pm25,µg/m³,,raw,01:00:00,2016-02-18T11:00:00Z,2016-02-18T08:00:00-03:00,2016-02-18T12:00:00Z,2016-02-18T09:00:00-03:00,1,01:00:00,1,01:00:00,100.0,100.0,2016-02-18T11:00:00Z,2016-02-18T08:00:00-03:00,2016-02-18T12:00:00Z,2016-02-18T09:00:00-03:00
3.716,,,False,2,pm25,µg/m³,,raw,01:00:00,2016-02-18T12:00:00Z,2016-02-18T09:00:00-03:00,2016-02-18T13:00:00Z,2016-02-18T10:00:00-03:00,1,01:00:00,1,01:00:00,100.0,100.0,2016-02-18T12:00:00Z,2016-02-18T09:00:00-03:00,2016-02-18T13:00:00Z,2016-02-18T10:00:00-03:00
4.734,,,False,2,pm25,µg/m³,,raw,01:00:00,2016-02-18T13:00:00Z,2016-02-18T10:00:00-03:00,2016-02-18T14:00:00Z,2016-02-18T11:00:00-03:00,1,01:00:00,1,01:00:00,100.0,100.0,2016-02-18T13:00:00Z,2016-02-18T10:00:00-03:00,2016-02-18T14:00:00Z,2016-02-18T11:00:00-03:00
3.034,,,False,2,pm25,µg/m³,,raw,01:00:00,2016-02-18T14:00:00Z,2016-02-18T11:00:00-03:00,2016-02-18T15:00:00Z,2016-02-18T12:00:00-03:00,1,01:00:00,1,01:00:00,100.0,100.0,2016-02-18T14:00:00Z,2016-02-18T11:00:00-03:00,2016-02-18T15:00:00Z,2016-02-18T12:00:00-03:00
8.494,,,False,2,pm25,µg/m³,,raw,01:00:00,2016-02-18T15:00:00Z,2016-02-18T12:00:00-03:00,2016-02-18T16:00:00Z,2016-02-18T13:00:00-03:00,1,01:00:00,1,01:00:00,100.0,100.0,2016-02-18T15:00:00Z,2016-02-18T12:00:00-03:00,2016-02-18T16:00:00Z,2016-02-18T13:00:00-03:00
8.931,,,False,2,pm25,µg/m³,,raw,01:00:00,2016-02-18T16:00:00Z,2016-02-18T13:00:00-03:00,2016-02-18T17:00:00Z,2016-02-18T14:00:00-03:00,1,01:00:00,1,01:00:00,100.0,100.0,2016-02-18T16:00:00Z,2016-02-18T13:00:00-03:00,2016-02-18T17:00:00Z,2016-02-18T14:00:00-03:00
9.554,,,False,2,pm25,µg/m³,,raw,01:00:00,2016-02-18T17:00:00Z,2016-02-18T14:00:00-03:00,2016-02-18T18:00:00Z,2016-02-18T15:00:00-03:00,1,01:00:00,1,01:00:00,100.0,100.0,2016-02-18T17:00:00Z,2016-02-18T14:00:00-03:00,2016-02-18T18:00:00Z,2016-02-18T15:00:00-03:00
7.124,,,False,2,pm25,µg/m³,,raw,01:00:00,2016-02-18T18:00:00Z,2016-02-18T15:00:00-03:00,2016-02-18T19:00:00Z,2016-02-18T16:00:00-03:00,1,01:00:00,1,01:00:00,100.0,100.0,2016-02-18T18:00:00Z,2016-02-18T15:00:00-03:00,2016-02-18T19:00:00Z,2016-02-18T16:00:00-03:00
4.637,,,False,2,pm25,µg/m³,,raw,01:00:00,2016-02-18T19:00:00Z,2016-02-18T16:00:00-03:00,2016-02-18T20:00:00Z,2016-02-18T17:00:00-03:00,1,01:00:00,1,01:00:00,100.0,100.0,2016-02-18T19:00:00Z,2016-02-18T16:00:00-03:00,2016-02-18T20:00:00Z,2016-02-18T17:00:00-03:00
5.658,,,False,2,pm25,µg/m³,,raw,01:00:00,2016-02-18T20:00:00Z,2016-02-18T17:00:00-03:00,2016-02-18T21:00:00Z,2016-02-18T18:00:00-03:00,1,01:00:00,1,01:00:00,100.0,100.0,2016-02-18T20:00:00Z,2016-02-18T17:00:00-03:00,2016-02-18T21:00:00Z,2016-02-18T18:00:00-03:00
8.334,,,False,2,pm25,µg/m³,,raw,01:00:00,2016-02-18T21:00:00Z,2016-02-18T18:00:00-03:00,2016-02-18T22:00:00Z,2016-02-18T19:00:00-03:00,1,01:00:00,1,01:00:00,100.0,100.0,2016-02-18T21:00:00Z,2016-02-18T18:00:00-03:00,2016-02-18T22:00:00Z,2016-02-18T19:00:00-03:00
10.8,,,False,2,pm25,µg/m³,,raw,01:00:00,2016-02-18T22:00:00Z,2016-02-18T19:00:00-03:00,2016-02-18T23:00:00Z,2016-02-18T20:00:00-03:00,1,01:00:00,1,01:00:00,100.0,100.0,2016-02-18T22:00:00Z,2016-02-18T19:00:00-03:00,2016-02-18T23:00:00Z,2016-02-18T20:00:00-03:00
5.333,,,False,2,pm25,µg/m³,,raw,01:00:00,2016-02-18T23:00:00Z,2016-02-18T20:00:00-03:00,2016-02-19T00:00:00Z,2016-02-18T21:00:00-03:00,1,01:00:00,1,01:00:00,100.0,100.0,2016-02-18T23:00:00Z,2016-02-18T20:00:00-03:00,2016-02-19T00:00:00Z,2016-02-18T21:00:00-03:00
1.0,,,False,2,pm25,µg/m³,,raw,01:00:00,2016-02-19T00:00:00Z,2016-02-18T21:00:00-03:00,2016-02-19T01:00:00Z,2016-02-18T22:00:00-03:00,1,01:00:00,1,01:00:00,100.0,100.0,2016-02-19T00:00:00Z,2016-02-18T21:00:00-03:00,2016-02-19T01:00:00Z,2016-02-18T22:00:00-03:00
3.659,,,False,2,pm25,µg/m³,,raw,01:00:00,2016-02-19T01:00:00Z,2016-02-18T22:00:00-03:00,2016-02-19T02:00:00Z,2016-02-18T23:00:00-03:00,1,01:00:00,1,01:00:00,100.0,100.0,2016-02-19T01:00:00Z,2016-02-18T22:00:00-03:00,2016-02-19T02:00:00Z,2016-02-18T23:00:00-03:00
13.22,,,False,2,pm25,µg/m³,,raw,01:00:00,2016-02-19T02:00:00Z,2016-02-18T23:00:00-03:00,2016-02-19T03:00:00Z,2016-02-19T00:00:00-03:00,1,01:00:00,1,01:00:00,100.0,100.0,2016-02-19T02:00:00Z,2016-02-18T23:00:00-03:00,2016-02-19T03:00:00Z,2016-02-19T00:00:00-03:00
10.59,,,False,2,pm25,µg/m³,,raw,01:00:00,2016-02-19T03:00:00Z,2016-02-19T00:00:00-03:00,2016-02-19T04:00:00Z,2016-02-19T01:00:00-03:00,1,01:00:00,1,01:00:00,100.0,100.0,2016-02-19T03:00:00Z,2016-02-19T00:00:00-03:00,2016-02-19T04:00:00Z,2016-02-19T01:00:00-03:00
16.22,,,False,2,pm25,µg/m³,,raw,01:00:00,2016-02-19T04:00:00Z,2016-02-19T01:00:00-03:00,2016-02-19T05:00:00Z,2016-02-19T02:00:00-03:00,1,01:00:00,1,01:00:00,100.0,100.0,2016-02-19T04:00:00Z,2016-02-19T01:00:00-03:00,2016-02-19T05:00:00Z,2016-02-19T02:00:00-03:00
1.0,,,False,2,pm25,µg/m³,,raw,01:00:00,2016-02-19T05:00:00Z,2016-02-19T02:00:00-03:00,2016-02-19T06:00:00Z,2016-02-19T03:00:00-03:00,1,01:00:00,1,01:00:00,100.0,100.0,2016-02-19T05:00:00Z,2016-02-19T02:00:00-03:00,2016-02-19T06:00:00Z,2016-02-19T03:00:00-03:00
1.0,,,False,2,pm25,µg/m³,,raw,01:00:00,2016-02-19T06:00:00Z,2016-02-19T03:00:00-03:00,2016-02-19T07:00:00Z,2016-02-19T04:00:00-03:00,1,01:00:00,1,01:00:00,100.0,100.0,2016-02-19T06:00:00Z,2016-02-19T03:00:00-03:00,2016-02-19T07:00:00Z,2016-02-19T04:00:00-03:00
1.236,,,False,2,pm25,µg/m³,,raw,01:00:00,2016-02-19T07:00:00Z,2016-02-19T04:00:00-03:00,2016-02-19T08:00:00Z,2016-02-19T05:00:00-03:00,1,01:00:00,1,01:00:00,100.0,100.0,2016-02-19T07:00:00Z,2016-02-19T04:00:00-03:00,2016-02-19T08:00:00Z,2016-02-19T05:00:00-03:00
6.287,,,False,2,pm25,µg/m³,,raw,01:00:00,2016-02-19T08:00:00Z,2016-02-19T05:00:00-03:00,2016-02-19T09:00:00Z,2016-02-19T06:00:00-03:00,1,01:00:00,1,01:00:00,100.0,100.0,2016-02-19T08:00:00Z,2016-02-19T05:00:00-03:00,2016-02-19T09:00:00Z,2016-02-19T06:00:00-03:00
9.413,,,False,2,pm25,µg/m³,,raw,01:00:00,2016-02-19T09:00:00Z,2016-02-19T06:00:00-03:00,2016-02-19T10:00:00Z,2016-02-19T07:00:00-03:00,1,01:00:00,1,01:00:00,100.0,100.0,2016-02-19T09:00:00Z,2016-02-19T06:00:00-03:00,2016-02-19T10:00:00Z,2016-02-19T07:00:00-03:00
12.44,,,False,2,pm25,µg/m³,,raw,01:00:00,2016-02-19T10:00:00Z,2016-02-19T07:00:00-03:00,2016-02-19T11:00:00Z,2016-02-19T08:00:00-03:00,1,01:00:00,1,01:00:00,100.0,100.0,2016-02-19T10:00:00Z,2016-02-19T07:00:00-03:00,2016-02-19T11:00:00Z,2016-02-19T08:00:00-03:00
13.77,,,False,2,pm25,µg/m³,,raw,01:00:00,2016-02-19T11:00:00Z,2016-02-19T08:00:00-03:00,2016-02-19T12:00:00Z,2016-02-19T09:00:00-03:00,1,01:00:00,1,01:00:00,100.0,100.0,2016-02-19T11:00:00Z,2016-02-19T08:00:00-03:00,2016-02-19T12:00:00Z,2016-02-19T09:00:00-03:00
14.77,,,False,2,pm25,µg/m³,,raw,01:00:00,2016-02-19T12:00:00Z,2016-02-19T09:00:00-03:00,2016-02-19T13:00:00Z,2016-02-19T10:00:00-03:00,1,01:00:00,1,01:00:00,100.0,100.0,2016-02-19T12:00:00Z,2016-02-19T09:00:00-03:00,2016-02-19T13:00:00Z,2016-02-19T10:00:00-03:00
17.53,,,False,2,pm25,µg/m³,,raw,01:00:00,2016-02-19T13:00:00Z,2016-02-19T10:00:00-03:00,2016-02-19T14:00:00Z,2016-02-19T11:00:00-03:00,1,01:00:00,1,01:00:00,100.0,100.0,2016-02-19T13:00:00Z,2016-02-19T10:00:00-03:00,2016-02-19T14:00:00Z,2016-02-19T11:00:00-03:00
15.26,,,False,2,pm25,µg/m³,,raw,01:00:00,2016-02-19T14:00:00Z,2016-02-19T11:00:00-03:00,2016-02-19T15:00:00Z,2016-02-19T12:00:00-03:00,1,01:00:00,1,01:00:00,100.0,100.0,2016-02-19T14:00:00Z,2016-02-19T11:00:00-03:00,2016-02-19T15:00:00Z,2016-02-19T12:00:00-03:00
10.86,,,False,2,pm25,µg/m³,,raw,01:00:00,2016-02-19T15:00:00Z,2016-02-19T12:00:00-03:00,2016-02-19T16:00:00Z,2016-02-19T13:00:00-03:00,1,01:00:00,1,01:00:00,100.0,100.0,2016-02-19T15:00:00Z,2016-02-19T12:00:00-03:00,2016-02-19T16:00:00Z,2016-02-19T13:00:00-03:00
8.493,,,False,2,pm25,µg/m³,,raw,01:00:00,2016-02-19T16:00:00Z,2016-02-19T13:00:00-03:00,2016-02-19T17:00:00Z,2016-02-19T14:00:00-03:00,1,01:00:00,1,01:00:00,100.0,100.0,2016-02-19T16:00:00Z,2016-02-19T13:00:00-03:00,2016-02-19T17:00:00Z,2016-02-19T14:00:00-03:00
17.95,,,False,2,pm25,µg/m³,,raw,01:00:00,2016-02-19T17:00:00Z,2016-02-19T14:00:00-03:00,2016-02-19T18:00:00Z,2016-02-19T15:00:00-03:00,1,01:00:00,1,01:00:00,100.0,100.0,2016-02-19T17:00:00Z,2016-02-19T14:00:00-03:00,2016-02-19T18:00:00Z,2016-02-19T15:00:00-03:00
17.94,,,False,2,pm25,µg/m³,,raw,01:00:00,2016-02-19T18:00:00Z,2016-02-19T15:00:00-03:00,2016-02-19T19:00:00Z,2016-02-19T16:00:00-03:00,1,01:00:00,1,01:00:00,100.0,100.0,2016-02-19T18:00:00Z,2016-02-19T15:00:00-03:00,2016-02-19T19:00:00Z,2016-02-19T16:00:00-03:00
19.92,,,False,2,pm25,µg/m³,,raw,01:00:00,2016-02-19T19:00:00Z,2016-02-19T16:00:00-03:00,2016-02-19T20:00:00Z,2016-02-19T17:00:00-03:00,1,01:00:00,1,01:00:00,100.0,100.0,2016-02-19T19:00:00Z,2016-02-19T16:00:00-03:00,2016-02-19T20:00:00Z,2016-02-19T17:00:00-03:00
16.33,,,False,2,pm25,µg/m³,,raw,01:00:00,2016-02-19T20:00:00Z,2016-02-19T17:00:00-03:00,2016-02-19T21:00:00Z,2016-02-19T18:00:00-03:00,1,01:00:00,1,01:00:00,100.0,100.0,2016-02-19T20:00:00Z,2016-02-19T17:00:00-03:00,2016-02-19T21:00:00Z,2016-02-19T18:00:00-03:00
9.265,,,False,2,pm25,µg/m³,,raw,01:00:00,2016-02-19T21:00:00Z,2016-02-19T18:00:00-03:00,2016-02-19T22:00:00Z,2016-02-19T19:00:00-03:00,1,01:00:00,1,01:00:00,100.0,100.0,2016-02-19T21:00:00Z,2016-02-19T18:00:00-03:00,2016-02-19T22:00:00Z,2016-02-19T19:00:00-03:00
7.826,,,False,2,pm25,µg/m³,,raw,01:00:00,2016-02-19T22:00:00Z,2016-02-19T19:00:00-03:00,2016-02-19T23:00:00Z,2016-02-19T20:00:00-03:00,1,01:00:00,1,01:00:00,100.0,100.0,2016-02-19T22:00:00Z,2016-02-19T19:00:00-03:00,2016-02-19T23:00:00Z,2016-02-19T20:00:00-03:00
11.05,,,False,2,pm25,µg/m³,,raw,01:00:00,2016-02-19T23:00:00Z,2016-02-19T20:00:00-03:00,2016-02-20T00:00:00Z,2016-02-19T21:00:00-03:00,1,01:00:00,1,01:00:00,100.0,100.0,2016-02-19T23:00:00Z,2016-02-19T20:00:00-03:00,2016-02-20T00:00:00Z,2016-02-19T21:00:00-03:00
1.656,,,False,2,pm25,µg/m³,,raw,01:00:00,2016-02-20T00:00:00Z,2016-02-19T21:00:00-03:00,2016-02-20T01:00:00Z,2016-02-19T22:00:00-03:00,1,01:00:00,1,01:00:00,100.0,100.0,2016-02-20T00:00:00Z,2016-02-19T21:00:00-03:00,2016-02-20T01:00:00Z,2016-02-19T22:00:00-03:00
13.36,,,False,2,pm25,µg/m³,,raw,01:00:00,2016-02-20T01:00:00Z,2016-02-19T22:00:00-03:00,2016-02-20T02:00:00Z,2016-02-19T23:00:00-03:00,1,01:00:00,1,01:00:00,100.0,100.0,2016-02-20T01:00:00Z,2016-02-19T22:00:00-03:00,2016-02-20T02:00:00Z,2016-02-19T23:00:00-03:00
14.86,,,False,2,pm25,µg/m³,,raw,01:00:00,2016-02-20T02:00:00Z,2016-02-19T23:00:00-03:00,2016-02-20T03:00:00Z,2016-02-20T00:00:00-03:00,1,01:00:00,1,01:00:00,100.0,100.0,2016-02-20T02:00:00Z,2016-02-19T23:00:00-03:00,2016-02-20T03:00:00Z,2016-02-20T00:00:00-03:00
28.31,,,False,2,pm25,µg/m³,,raw,01:00:00,2016-02-20T03:00:00Z,2016-02-20T00:00:00-03:00,2016-02-20T04:00:00Z,2016-02-20T01:00:00-03:00,1,01:00:00,1,01:00:00,100.0,100.0,2016-02-20T03:00:00Z,2016-02-20T00:00:00-03:00,2016-02-20T04:00:00Z,2016-02-20T01:00:00-03:00
22.62,,,False,2,pm25,µg/m³,,raw,01:00:00,2016-02-20T04:00:00Z,2016-02-20T01:00:00-03:00,2016-02-20T05:00:00Z,2016-02-20T02:00:00-03:00,1,01:00:00,1,01:00:00,100.0,100.0,2016-02-20T04:00:00Z,2016-02-20T01:00:00-03:00,2016-02-20T05:00:00Z,2016-02-20T02:00:00-03:00
13.67,,,False,2,pm25,µg/m³,,raw,01:00:00,2016-02-20T05:00:00Z,2016-02-20T02:00:00-03:00,2016-02-20T06:00:00Z,2016-02-20T03:00:00-03:00,1,01:00:00,1,01:00:00,100.0,100.0,2016-02-20T05:00:00Z,2016-02-20T02:00:00-03:00,2016-02-20T06:00:00Z,2016-02-20T03:00:00-03:00
17.57,,,False,2,pm25,µg/m³,,raw,01:00:00,2016-02-20T06:00:00Z,2016-02-20T03:00:00-03:00,2016-02-20T07:00:00Z,2016-02-20T04:00:00-03:00,1,01:00:00,1,01:00:00,100.0,100.0,2016-02-20T06:00:00Z,2016-02-20T03:00:00-03:00,2016-02-20T07:00:00Z,2016-02-20T04:00:00-03:00
18.32,,,False,2,pm25,µg/m³,,raw,01:00:00,2016-02-20T07:00:00Z,2016-02-20T04:00:00-03:00,2016-02-20T08:00:00Z,2016-02-20T05:00:00-03:00,1,01:00:00,1,01:00:00,100.0,100.0,2016-02-20T07:00:00Z,2016-02-20T04:00:00-03:00,2016-02-20T08:00:00Z,2016-02-20T05:00:00-03:00
17.66,,,False,2,pm25,µg/m³,,raw,01:00:00,2016-02-20T08:00:00Z,2016-02-20T05:00:00-03:00,2016-02-20T09:00:00Z,2016-02-20T06:00:00-03:00,1,01:00:00,1,01:00:00,100.0,100.0,2016-02-20T08:00:00Z,2016-02-20T05:00:00-03:00,2016-02-20T09:00:00Z,2016-02-20T06:00:00-03:00
14.16,,,False,2,pm25,µg/m³,,raw,01:00:00,2016-02-20T09:00:00Z,2016-02-20T06:00:00-03:00,2016-02-20T10:00:00Z,2016-02-20T07:00:00-03:00,1,01:00:00,1,01:00:00,100.0,100.0,2016-02-20T09:00:00Z,2016-02-20T06:00:00-03:00,2016-02-20T10:00:00Z,2016-02-20T07:00:00-03:00
10.06,,,False,2,pm25,µg/m³,,raw,01:00:00,2016-02-20T10:00:00Z,2016-02-20T07:00:00-03:00,2016-02-20T11:00:00Z,2016-02-20T08:00:00-03:00,1,01:00:00,1,01:00:00,100.0,100.0,2016-02-20T10:00:00Z,2016-02-20T07:00:00-03:00,2016-02-20T11:00:00Z,2016-02-20T08:00:00-03:00
7.797,,,False,2,pm25,µg/m³,,raw,01:00:00,2016-02-20T11:00:00Z,2016-02-20T08:00:00-03:00,2016-02-20T12:00:00Z,2016-02-20T09:00:00-03:00,1,01:00:00,1,01:00:00,100.0,100.0,2016-02-20T11:00:00Z,2016-02-20T08:00:00-03:00,2016-02-20T12:00:00Z,2016-02-20T09:00:00-03:00
18.25,,,False,2,pm25,µg/m³,,raw,01:00:00,2016-02-20T12:00:00Z,2016-02-20T09:00:00-03:00,2016-02-20T13:00:00Z,2016-02-20T10:00:00-03:00,1,01:00:00,1,01:00:00,100.0,100.0,2016-02-20T12:00:00Z,2016-02-20T09:00:00-03:00,2016-02-20T13:00:00Z,2016-02-20T10:00:00-03:00
19.13,,,False,2,pm25,µg/m³,,raw,01:00:00,2016-02-20T13:00:00Z,2016-02-20T10:00:00-03:00,2016-02-20T14:00:00Z,2016-02-20T11:00:00-03:00,1,01:00:00,1,01:00:00,100.0,100.0,2016-02-20T13:00:00Z,2016-02-20T10:00:00-03:00,2016-02-20T14:00:00Z,2016-02-20T11:00:00-03:00
25.69,,,False,2,pm25,µg/m³,,raw,01:00:00,2016-02-20T14:00:00Z,2016-02-20T11:00:00-03:00,2016-02-20T15:00:00Z,2016-02-20T12:00:00-03:00,1,01:00:00,1,01:00:00,100.0,100.0,2016-02-20T14:00:00Z,2016-02-20T11:00:00-03:00,2016-02-20T15:00:00Z,2016-02-20T12:00:00-03:00
31.16,,,False,2,pm25,µg/m³,,raw,01:00:00,2016-02-20T15:00:00Z,2016-02-20T12:00:00-03:00,2016-02-20T16:00:00Z,2016-02-20T13:00:00-03:00,1,01:00:00,1,01:00:00,100.0,100.0,2016-02-20T15:00:00Z,2016-02-20T12:00:00-03:00,2016-02-20T16:00:00Z,2016-02-20T13:00:00-03:00
27.19,,,False,2,pm25,µg/m³,,raw,01:00:00,2016-02-20T16:00:00Z,2016-02-20T13:00:00-03:00,2016-02-20T17:00:00Z,2016-02-20T14:00:00-03:00,1,01:00:00,1,01:00:00,100.0,100.0,2016-02-20T16:00:00Z,2016-02-20T13:00:00-03:00,2016-02-20T17:00:00Z,2016-02-20T14:00:00-03:00
19.41,,,False,2,pm25,µg/m³,,raw,01:00:00,2016-02-20T17:00:00Z,2016-02-20T14:00:00-03:00,2016-02-20T18:00:00Z,2016-02-20T15:00:00-03:00,1,01:00:00,1,01:00:00,100.0,100.0,2016-02-20T17:00:00Z,2016-02-20T14:00:00-03:00,2016-02-20T18:00:00Z,2016-02-20T15:00:00-03:00
17.47,,,False,2,pm25,µg/m³,,raw,01:00:00,2016-02-20T18:00:00Z,2016-02-20T15:00:00-03:00,2016-02-20T19:00:00Z,2016-02-20T16:00:00-03:00,1,01:00:00,1,01:00:00,100.0,100.0,2016-02-20T18:00:00Z,2016-02-20T15:00:00-03:00,2016-02-20T19:00:00Z,2016-02-20T16:00:00-03:00
22.13,,,False,2,pm25,µg/m³,,raw,01:00:00,2016-02-20T19:00:00Z,2016-02-20T16:00:00-03:00,2016-02-20T20:00:00Z,2016-02-20T17:00:00-03:00,1,01:00:00,1,01:00:00,100.0,100.0,2016-02-20T19:00:00Z,2016-02-20T16:00:00-03:00,2016-02-20T20:00:00Z,2016-02-20T17:00:00-03:00
27.04,,,False,2,pm25,µg/m³,,raw,01:00:00,2016-02-20T20:00:00Z,2016-02-20T17:00:00-03:00,2016-02-20T21:00:00Z,2016-02-20T18:00:00-03:00,1,01:00:00,1,01:00:00,100.0,100.0,2016-02-20T20:00:00Z,2016-02-20T17:00:00-03:00,2016-02-20T21:00:00Z,2016-02-20T18:00:00-03:00
10.37,,,False,2,pm25,µg/m³,,raw,01:00:00,2016-02-20T21:00:00Z,2016-02-20T18:00:00-03:00,2016-02-20T22:00:00Z,2016-02-20T19:00:00-03:00,1,01:00:00,1,01:00:00,100.0,100.0,2016-02-20T21:00:00Z,2016-02-20T18:00:00-03:00,2016-02-20T22:00:00Z,2016-02-20T19:00:00-03:00
5.331,,,False,2,pm25,µg/m³,,raw,01:00:00,2016-02-20T22:00:00Z,2016-02-20T19:00:00-03:00,2016-02-20T23:00:00Z,2016-02-20T20:00:00-03:00,1,01:00:00,1,01:00:00,100.0,100.0,2016-02-20T22:00:00Z,2016-02-20T19:00:00-03:00,2016-02-20T23:00:00Z,2016-02-20T20:00:00-03:00
7.769,,,False,2,pm25,µg/m³,,raw,01:00:00,2016-02-20T23:00:00Z,2016-02-20T20:00:00-03:00,2016-02-21T00:00:00Z,2016-02-20T21:00:00-03:00,1,01:00:00,1,01:00:00,100.0,100.0,2016-02-20T23:00:00Z,2016-02-20T20:00:00-03:00,2016-02-21T00:00:00Z,2016-02-20T21:00:00-03:00
8.568,,,False,2,pm25,µg/m³,,raw,01:00:00,2016-02-21T00:00:00Z,2016-02-20T21:00:00-03:00,2016-02-21T01:00:00Z,2016-02-20T22:00:00-03:00,1,01:00:00,1,01:00:00,100.0,100.0,2016-02-21T00:00:00Z,2016-02-20T21:00:00-03:00,2016-02-21T01:00:00Z,2016-02-20T22:00:00-03:00
9.697,,,False,2,pm25,µg/m³,,raw,01:00:00,2016-02-21T01:00:00Z,2016-02-20T22:00:00-03:00,2016-02-21T02:00:00Z,2016-02-20T23:00:00-03:00,1,01:00:00,1,01:00:00,100.0,100.0,2016-02-21T01:00:00Z,2016-02-20T22:00:00-03:00,2016-02-21T02:00:00Z,2016-02-20T23:00:00-03:00
16.69,,,False,2,pm25,µg/m³,,raw,01:00:00,2016-02-21T02:00:00Z,2016-02-20T23:00:00-03:00,2016-02-21T03:00:00Z,2016-02-21T00:00:00-03:00,1,01:00:00,1,01:00:00,100.0,100.0,2016-02-21T02:00:00Z,2016-02-20T23:00:00-03:00,2016-02-21T03:00:00Z,2016-02-21T00:00:00-03:00
6.198,,,False,2,pm25,µg/m³,,raw,01:00:00,2016-02-21T03:00:00Z,2016-02-21T00:00:00-03:00,2016-02-21T04:00:00Z,2016-02-21T01:00:00-03:00,1,01:00:00,1,01:00:00,100.0,100.0,2016-02-21T03:00:00Z,2016-02-21T00:00:00-03:00,2016-02-21T04:00:00Z,2016-02-21T01:00:00-03:00
4.321,,,False,2,pm25,µg/m³,,raw,01:00:00,2016-02-21T04:00:00Z,2016-02-21T01:00:00-03:00,2016-02-21T05:00:00Z,2016-02-21T02:00:00-03:00,1,01:00:00,1,01:00:00,100.0,100.0,2016-02-21T04:00:00Z,2016-02-21T01:00:00-03:00,2016-02-21T05:00:00Z,2016-02-21T02:00:00-03:00
8.411,,,False,2,pm25,µg/m³,,raw,01:00:00,2016-02-21T05:00:00Z,2016-02-21T02:00:00-03:00,2016-02-21T06:00:00Z,2016-02-21T03:00:00-03:00,1,01:00:00,1,01:00:00,100.0,100.0,2016-02-21T05:00:00Z,2016-02-21T02:00:00-03:00,2016-02-21T06:00:00Z,2016-02-21T03:00:00-03:00
14.71,,,False,2,pm25,µg/m³,,raw,01:00:00,2016-02-21T06:00:00Z,2016-02-21T03:00:00-03:00,2016-02-21T07:00:00Z,2016-02-21T04:00:00-03:00,1,01:00:00,1,01:00:00,100.0,100.0,2016-02-21T06:00:00Z,2016-02-21T03:00:00-03:00,2016-02-21T07:00:00Z,2016-02-21T04:00:00-03:00
12.02,,,False,2,pm25,µg/m³,,raw,01:00:00,2016-02-21T07:00:00Z,2016-02-21T04:00:00-03:00,2016-02-21T08:00:00Z,2016-02-21T05:00:00-03:00,1,01:00:00,1,01:00:00,100.0,100.0,2016-02-21T07:00:00Z,2016-02-21T04:00:00-03:00,2016-02-21T08:00:00Z,2016-02-21T05:00:00-03:00
10.78,,,False,2,pm25,µg/m³,,raw,01:00:00,2016-02-21T08:00:00Z,2016-02-21T05:00:00-03:00,2016-02-21T09:00:00Z,2016-02-21T06:00:00-03:00,1,01:00:00,1,01:00:00,100.0,100.0,2016-02-21T08:00:00Z,2016-02-21T05:00:00-03:00,2016-02-21T09:00:00Z,2016-02-21T06:00:00-03:00
10.65,,,False,2,pm25,µg/m³,,raw,01:00:00,2016-02-21T09:00:00Z,2016-02-21T06:00:00-03:00,2016-02-21T10:00:00Z,2016-02-21T07:00:00-03:00,1,01:00:00,1,01:00:00,100.0,100.0,2016-02-21T09:00:00Z,2016-02-21T06:00:00-03:00,2016-02-21T10:00:00Z,2016-02-21T07:00:00-03:00
10.15,,,False,2,pm25,µg/m³,,raw,01:00:00,2016-02-21T10:00:00Z,2016-02-21T07:00:00-03:00,2016-02-21T11:00:00Z,2016-02-21T08:00:00-03:00,1,01:00:00,1,01:00:00,100.0,100.0,2016-02-21T10:00:00Z,2016-02-21T07:00:00-03:00,2016-02-21T11:00:00Z,2016-02-21T08:00:00-03:00
11.23,,,False,2,pm25,µg/m³,,raw,01:00:00,2016-02-21T11:00:00Z,2016-02-21T08:00:00-03:00,2016-02-21T12:00:00Z,2016-02-21T09:00:00-03:00,1,01:00:00,1,01:00:00,100.0,100.0,2016-02-21T11:00:00Z,2016-02-21T08:00:00-03:00,2016-02-21T12:00:00Z,2016-02-21T09:00:00-03:00
13.29,,,False,2,pm25,µg/m³,,raw,01:00:00,2016-02-21T12:00:00Z,2016-02-21T09:00:00-03:00,2016-02-21T13:00:00Z,2016-02-21T10:00:00-03:00,1,01:00:00,1,01:00:00,100.0,100.0,2016-02-21T12:00:00Z,2016-02-21T09:00:00-03:00,2016-02-21T13:00:00Z,2016-02-21T10:00:00-03:00
20.82,,,False,2,pm25,µg/m³,,raw,01:00:00,2016-02-21T13:00:00Z,2016-02-21T10:00:00-03:00,2016-02-21T14:00:00Z,2016-02-21T11:00:00-03:00,1,01:00:00,1,01:00:00,100.0,100.0,2016-02-21T13:00:00Z,2016-02-21T10:00:00-03:00,2016-02-21T14:00:00Z,2016-02-21T11:00:00-03:00
11.73,,,False,2,pm25,µg/m³,,raw,01:00:00,2016-02-21T14:00:00Z,2016-02-21T11:00:00-03:00,2016-02-21T15:00:00Z,2016-02-21T12:00:00-03:00,1,01:00:00,1,01:00:00,100.0,100.0,2016-02-21T14:00:00Z,2016-02-21T11:00:00-03:00,2016-02-21T15:00:00Z,2016-02-21T12:00:00-03:00
14.69,,,False,2,pm25,µg/m³,,raw,01:00:00,2016-02-21T15:00:00Z,2016-02-21T12:00:00-03:00,2016-02-21T16:00:00Z,2016-02-21T13:00:00-03:00,1,01:00:00,1,01:00:00,100.0,100.0,2016-02-21T15:00:00Z,2016-02-21T12:00:00-03:00,2016-02-21T16:00:00Z,2016-02-21T13:00:00-03:00
27.44,,,False,2,pm25,µg/m³,,raw,01:00:00,2016-02-21T16:00:00Z,2016-02-21T13:00:00-03:00,2016-02-21T17:00:00Z,2016-02-21T14:00:00-03:00,1,01:00:00,1,01:00:00,100.0,100.0,2016-02-21T16:00:00Z,2016-02-21T13:00:00-03:00,2016-02-21T17:00:00Z,2016-02-21T14:00:00-03:00
6.356,,,False,2,pm25,µg/m³,,raw,01:00:00,2016-02-21T17:00:00Z,2016-02-21T14:00:00-03:00,2016-02-21T18:00:00Z,2016-02-21T15:00:00-03:00,1,01:00:00,1,01:00:00,100.0,100.0,2016-02-21T17:00:00Z,2016-02-21T14:00:00-03:00,2016-02-21T18:00:00Z,2016-02-21T15:00:00-03:00
9.7,,,False,2,pm25,µg/m³,,raw,01:00:00,2016-02-21T18:00:00Z,2016-02-21T15:00:00-03:00,2016-02-21T19:00:00Z,2016-02-21T16:00:00-03:00,1,01:00:00,1,01:00:00,100.0,100.0,2016-02-21T18:00:00Z,2016-02-21T15:00:00-03:00,2016-02-21T19:00:00Z,2016-02-21T16:00:00-03:00
12.25,,,False,2,pm25,µg/m³,,raw,01:00:00,2016-02-21T19:00:00Z,2016-02-21T16:00:00-03:00,2016-02-21T20:00:00Z,2016-02-21T17:00:00-03:00,1,01:00:00,1,01:00:00,100.0,100.0,2016-02-21T19:00:00Z,2016-02-21T16:00:00-03:00,2016-02-21T20:00:00Z,2016-02-21T17:00:00-03:00
12.79,,,False,2,pm25,µg/m³,,raw,01:00:00,2016-02-21T20:00:00Z,2016-02-21T17:00:00-03:00,2016-02-21T21:00:00Z,2016-02-21T18:00:00-03:00,1,01:00:00,1,01:00:00,100.0,100.0,2016-02-21T20:00:00Z,2016-02-21T17:00:00-03:00,2016-02-21T21:00:00Z,2016-02-21T18:00:00-03:00
20.91,,,False,2,pm25,µg/m³,,raw,01:00:00,2016-02-21T21:00:00Z,2016-02-21T18:00:00-03:00,2016-02-21T22:00:00Z,2016-02-21T19:00:00-03:00,1,01:00:00,1,01:00:00,100.0,100.0,2016-02-21T21:00:00Z,2016-02-21T18:00:00-03:00,2016-02-21T22:00:00Z,2016-02-21T19:00:00-03:00
10.34,,,False,2,pm25,µg/m³,,raw,01:00:00,2016-02-21T22:00:00Z,2016-02-21T19:00:00-03:00,2016-02-21T23:00:00Z,2016-02-21T20:00:00-03:00,1,01:00:00,1,01:00:00,100.0,100.0,2016-02-21T22:00:00Z,2016-02-21T19:00:00-03:00,2016-02-21T23:00:00Z,2016-02-21T20:00:00-03:00
7.474,,,False,2,pm25,µg/m³,,raw,01:00:00,2016-02-21T23:00:00Z,2016-02-21T20:00:00-03:00,2016-02-22T00:00:00Z,2016-02-21T21:00:00-03:00,1,01:00:00,1,01:00:00,100.0,100.0,2016-02-21T23:00:00Z,2016-02-21T20:00:00-03:00,2016-02-22T00:00:00Z,2016-02-21T21:00:00-03:00
20.86,,,False,2,pm25,µg/m³,,raw,01:00:00,2016-02-22T00:00:00Z,2016-02-21T21:00:00-03:00,2016-02-22T01:00:00Z,2016-02-21T22:00:00-03:00,1,01:00:00,1,01:00:00,100.0,100.0,2016-02-22T00:00:00Z,2016-02-21T21:00:00-03:00,2016-02-22T01:00:00Z,2016-02-21T22:00:00-03:00
12.72,,,False,2,pm25,µg/m³,,raw,01:00:00,2016-02-22T01:00:00Z,2016-02-21T22:00:00-03:00,2016-02-22T02:00:00Z,2016-02-21T23:00:00-03:00,1,01:00:00,1,01:00:00,100.0,100.0,2016-02-22T01:00:00Z,2016-02-21T22:00:00-03:00,2016-02-22T02:00:00Z,2016-02-21T23:00:00-03:00
9.816,,,False,2,pm25,µg/m³,,raw,01:00:00,2016-02-22T02:00:00Z,2016-02-21T23:00:00-03:00,2016-02-22T03:00:00Z,2016-02-22T00:00:00-03:00,1,01:00:00,1,01:00:00,100.0,100.0,2016-02-22T02:00:00Z,2016-02-21T23:00:00-03:00,2016-02-22T03:00:00Z,2016-02-22T00:00:00-03:00
27.28,,,False,2,pm25,µg/m³,,raw,01:00:00,2016-02-22T03:00:00Z,2016-02-22T00:00:00-03:00,2016-02-22T04:00:00Z,2016-02-22T01:00:00-03:00,1,01:00:00,1,01:00:00,100.0,100.0,2016-02-22T03:00:00Z,2016-02-22T00:00:00-03:00,2016-02-22T04:00:00Z,2016-02-22T01:00:00-03:00
19.56,,,False,2,pm25,µg/m³,,raw,01:00:00,2016-02-22T04:00:00Z,2016-02-22T01:00:00-03:00,2016-02-22T05:00:00Z,2016-02-22T02:00:00-03:00,1,01:00:00,1,01:00:00,100.0,100.0,2016-02-22T04:00:00Z,2016-02-22T01:00:00-03:00,2016-02-22T05:00:00Z,2016-02-22T02:00:00-03:00
8.498,,,False,2,pm25,µg/m³,,raw,01:00:00,2016-02-22T05:00:00Z,2016-02-22T02:00:00-03:00,2016-02-22T06:00:00Z,2016-02-22T03:00:00-03:00,1,01:00:00,1,01:00:00,100.0,100.0,2016-02-22T05:00:00Z,2016-02-22T02:00:00-03:00,2016-02-22T06:00:00Z,2016-02-22T03:00:00-03:00
5.366,,,False,2,pm25,µg/m³,,raw,01:00:00,2016-02-22T06:00:00Z,2016-02-22T03:00:00-03:00,2016-02-22T07:00:00Z,2016-02-22T04:00:00-03:00,1,01:00:00,1,01:00:00,100.0,100.0,2016-02-22T06:00:00Z,2016-02-22T03:00:00-03:00,2016-02-22T07:00:00Z,2016-02-22T04:00:00-03:00
7.534,,,False,2,pm25,µg/m³,,raw,01:00:00,2016-02-22T07:00:00Z,2016-02-22T04:00:00-03:00,2016-02-22T08:00:00Z,2016-02-22T05:00:00-03:00,1,01:00:00,1,01:00:00,100.0,100.0,2016-02-22T07:00:00Z,2016-02-22T04:00:00-03:00,2016-02-22T08:00:00Z,2016-02-22T05:00:00-03:00
3.985,,,False,2,pm25,µg/m³,,raw,01:00:00,2016-02-22T08:00:00Z,2016-02-22T05:00:00-03:00,2016-02-22T09:00:00Z,2016-02-22T06:00:00-03:00,1,01:00:00,1,01:00:00,100.0,100.0,2016-02-22T08:00:00Z,2016-02-22T05:00:00-03:00,2016-02-22T09:00:00Z,2016-02-22T06:00:00-03:00
9.965,,,False,2,pm25,µg/m³,,raw,01:00:00,2016-02-22T09:00:00Z,2016-02-22T06:00:00-03:00,2016-02-22T10:00:00Z,2016-02-22T07:00:00-03:00,1,01:00:00,1,01:00:00,100.0,100.0,2016-02-22T09:00:00Z,2016-02-22T06:00:00-03:00,2016-02-22T10:00:00Z,2016-02-22T07:00:00-03:00
15.05,,,False,2,pm25,µg/m³,,raw,01:00:00,2016-02-22T10:00:00Z,2016-02-22T07:00:00-03:00,2016-02-22T11:00:00Z,2016-02-22T08:00:00-03:00,1,01:00:00,1,01:00:00,100.0,100.0,2016-02-22T10:00:00Z,2016-02-22T07:00:00-03:00,2016-02-22T11:00:00Z,2016-02-22T08:00:00-03:00
17.04,,,False,2,pm25,µg/m³,,raw,01:00:00,2016-02-22T11:00:00Z,2016-02-22T08:00:00-03:00,2016-02-22T12:00:00Z,2016-02-22T09:00:00-03:00,1,01:00:00,1,01:00:00,100.0,100.0,2016-02-22T11:00:00Z,2016-02-22T08:00:00-03:00,2016-02-22T12:00:00Z,2016-02-22T09:00:00-03:00
15.5,,,False,2,pm25,µg/m³,,raw,01:00:00,2016-02-22T12:00:00Z,2016-02-22T09:00:00-03:00,2016-02-22T13:00:00Z,2016-02-22T10:00:00-03:00,1,01:00:00,1,01:00:00,100.0,100.0,2016-02-22T12:00:00Z,2016-02-22T09:00:00-03:00,2016-02-22T13:00:00Z,2016-02-22T10:00:00-03:00
12.34,,,False,2,pm25,µg/m³,,raw,01:00:00,2016-02-22T13:00:00Z,2016-02-22T10:00:00-03:00,2016-02-22T14:00:00Z,2016-02-22T11:00:00-03:00,1,01:00:00,1,01:00:00,100.0,100.0,2016-02-22T13:00:00Z,2016-02-22T10:00:00-03:00,2016-02-22T14:00:00Z,2016-02-22T11:00:00-03:00
9.616,,,False,2,pm25,µg/m³,,raw,01:00:00,2016-02-22T14:00:00Z,2016-02-22T11:00:00-03:00,2016-02-22T15:00:00Z,2016-02-22T12:00:00-03:00,1,01:00:00,1,01:00:00,100.0,100.0,2016-02-22T14:00:00Z,2016-02-22T11:00:00-03:00,2016-02-22T15:00:00Z,2016-02-22T12:00:00-03:00
12.28,,,False,2,pm25,µg/m³,,raw,01:00:00,2016-02-22T15:00:00Z,2016-02-22T12:00:00-03:00,2016-02-22T16:00:00Z,2016-02-22T13:00:00-03:00,1,01:00:00,1,01:00:00,100.0,100.0,2016-02-22T15:00:00Z,2016-02-22T12:00:00-03:00,2016-02-22T16:00:00Z,2016-02-22T13:00:00-03:00
12.45,,,False,2,pm25,µg/m³,,raw,01:00:00,2016-02-22T16:00:00Z,2016-02-22T13:00:00-03:00,2016-02-22T17:00:00Z,2016-02-22T14:00:00-03:00,1,01:00:00,1,01:00:00,100.0,100.0,2016-02-22T16:00:00Z,2016-02-22T13:00:00-03:00,2016-02-22T17:00:00Z,2016-02-22T14:00:00-03:00
10.2,,,False,2,pm25,µg/m³,,raw,01:00:00,2016-02-22T17:00:00Z,2016-02-22T14:00:00-03:00,2016-02-22T18:00:00Z,2016-02-22T15:00:00-03:00,1,01:00:00,1,01:00:00,100.0,100.0,2016-02-22T17:00:00Z,2016-02-22T14:00:00-03:00,2016-02-22T18:00:00Z,2016-02-22T15:00:00-03:00
9.72,,,False,2,pm25,µg/m³,,raw,01:00:00,2016-02-22T18:00:00Z,2016-02-22T15:00:00-03:00,2016-02-22T19:00:00Z,2016-02-22T16:00:00-03:00,1,01:00:00,1,01:00:00,100.0,100.0,2016-02-22T18:00:00Z,2016-02-22T15:00:00-03:00,2016-02-22T19:00:00Z,2016-02-22T16:00:00-03:00
7.029,,,False,2,pm25,µg/m³,,raw,01:00:00,2016-02-22T19:00:00Z,2016-02-22T16:00:00-03:00,2016-02-22T20:00:00Z,2016-02-22T17:00:00-03:00,1,01:00:00,1,01:00:00,100.0,100.0,2016-02-22T19:00:00Z,2016-02-22T16:00:00-03:00,2016-02-22T20:00:00Z,2016-02-22T17:00:00-03:00
7.748,,,False,2,pm25,µg/m³,,raw,01:00:00,2016-02-22T20:00:00Z,2016-02-22T17:00:00-03:00,2016-02-22T21:00:00Z,2016-02-22T18:00:00-03:00,1,01:00:00,1,01:00:00,100.0,100.0,2016-02-22T20:00:00Z,2016-02-22T17:00:00-03:00,2016-02-22T21:00:00Z,2016-02-22T18:00:00-03:00
11.92,,,False,2,pm25,µg/m³,,raw,01:00:00,2016-02-22T21:00:00Z,2016-02-22T18:00:00-03:00,2016-02-22T22:00:00Z,2016-02-22T19:00:00-03:00,1,01:00:00,1,01:00:00,100.0,100.0,2016-02-22T21:00:00Z,2016-02-22T18:00:00-03:00,2016-02-22T22:00:00Z,2016-02-22T19:00:00-03:00
5.471,,,False,2,pm25,µg/m³,,raw,01:00:00,2016-02-22T22:00:00Z,2016-02-22T19:00:00-03:00,2016-02-22T23:00:00Z,2016-02-22T20:00:00-03:00,1,01:00:00,1,01:00:00,100.0,100.0,2016-02-22T22:00:00Z,2016-02-22T19:00:00-03:00,2016-02-22T23:00:00Z,2016-02-22T20:00:00-03:00
7.316,,,False,2,pm25,µg/m³,,raw,01:00:00,2016-02-22T23:00:00Z,2016-02-22T20:00:00-03:00,2016-02-23T00:00:00Z,2016-02-22T21:00:00-03:00,1,01:00:00,1,01:00:00,100.0,100.0,2016-02-22T23:00:00Z,2016-02-22T20:00:00-03:00,2016-02-23T00:00:00Z,2016-02-22T21:00:00-03:00
8.128,,,False,2,pm25,µg/m³,,raw,01:00:00,2016-02-23T00:00:00Z,2016-02-22T21:00:00-03:00,2016-02-23T01:00:00Z,2016-02-22T22:00:00-03:00,1,01:00:00,1,01:00:00,100.0,100.0,2016-02-23T00:00:00Z,2016-02-22T21:00:00-03:00,2016-02-23T01:00:00Z,2016-02-22T22:00:00-03:00
9.154,,,False,2,pm25,µg/m³,,raw,01:00:00,2016-02-23T01:00:00Z,2016-02-22T22:00:00-03:00,2016-02-23T02:00:00Z,2016-02-22T23:00:00-03:00,1,01:00:00,1,01:00:00,100.0,100.0,2016-02-23T01:00:00Z,2016-02-22T22:00:00-03:00,2016-02-23T02:00:00Z,2016-02-22T23:00:00-03:00
7.206,,,False,2,pm25,µg/m³,,raw,01:00:00,2016-02-23T02:00:00Z,2016-02-22T23:00:00-03:00,2016-02-23T03:00:00Z,2016-02-23T00:00:00-03:00,1,01:00:00,1,01:00:00,100.0,100.0,2016-02-23T02:00:00Z,2016-02-22T23:00:00-03:00,2016-02-23T03:00:00Z,2016-02-23T00:00:00-03:00
12.39,,,False,2,pm25,µg/m³,,raw,01:00:00,2016-02-23T03:00:00Z,2016-02-23T00:00:00-03:00,2016-02-23T04:00:00Z,2016-02-23T01:00:00-03:00,1,01:00:00,1,01:00:00,100.0,100.0,2016-02-23T03:00:00Z,2016-02-23T00:00:00-03:00,2016-02-23T04:00:00Z,2016-02-23T01:00:00-03:00
11.7,,,False,2,pm25,µg/m³,,raw,01:00:00,2016-02-23T04:00:00Z,2016-02-23T01:00:00-03:00,2016-02-23T05:00:00Z,2016-02-23T02:00:00-03:00,1,01:00:00,1,01:00:00,100.0,100.0,2016-02-23T04:00:00Z,2016-02-23T01:00:00-03:00,2016-02-23T05:00:00Z,2016-02-23T02:00:00-03:00
11.76,,,False,2,pm25,µg/m³,,raw,01:00:00,2016-02-23T05:00:00Z,2016-02-23T02:00:00-03:00,2016-02-23T06:00:00Z,2016-02-23T03:00:00-03:00,1,01:00:00,1,01:00:00,100.0,100.0,2016-02-23T05:00:00Z,2016-02-23T02:00:00-03:00,2016-02-23T06:00:00Z,2016-02-23T03:00:00-03:00
9.484,,,False,2,pm25,µg/m³,,raw,01:00:00,2016-02-23T06:00:00Z,2016-02-23T03:00:00-03:00,2016-02-23T07:00:00Z,2016-02-23T04:00:00-03:00,1,01:00:00,1,01:00:00,100.0,100.0,2016-02-23T06:00:00Z,2016-02-23T03:00:00-03:00,2016-02-23T07:00:00Z,2016-02-23T04:00:00-03:00
3.689,,,False,2,pm25,µg/m³,,raw,01:00:00,2016-02-23T07:00:00Z,2016-02-23T04:00:00-03:00,2016-02-23T08:00:00Z,2016-02-23T05:00:00-03:00,1,01:00:00,1,01:00:00,100.0,100.0,2016-02-23T07:00:00Z,2016-02-23T04:00:00-03:00,2016-02-23T08:00:00Z,2016-02-23T05:00:00-03:00
11.2,,,False,2,pm25,µg/m³,,raw,01:00:00,2016-02-23T08:00:00Z,2016-02-23T05:00:00-03:00,2016-02-23T09:00:00Z,2016-02-23T06:00:00-03:00,1,01:00:00,1,01:00:00,100.0,100.0,2016-02-23T08:00:00Z,2016-02-23T05:00:00-03:00,2016-02-23T09:00:00Z,2016-02-23T06:00:00-03:00
12.99,,,False,2,pm25,µg/m³,,raw,01:00:00,2016-02-23T09:00:00Z,2016-02-23T06:00:00-03:00,2016-02-23T10:00:00Z,2016-02-23T07:00:00-03:00,1,01:00:00,1,01:00:00,100.0,100.0,2016-02-23T09:00:00Z,2016-02-23T06:00:00-03:00,2016-02-23T10:00:00Z,2016-02-23T07:00:00-03:00
16.55,,,False,2,pm25,µg/m³,,raw,01:00:00,2016-02-23T10:00:00Z,2016-02-23T07:00:00-03:00,2016-02-23T11:00:00Z,2016-02-23T08:00:00-03:00,1,01:00:00,1,01:00:00,100.0,100.0,2016-02-23T10:00:00Z,2016-02-23T07:00:00-03:00,2016-02-23T11:00:00Z,2016-02-23T08:00:00-03:00
13.84,,,False,2,pm25,µg/m³,,raw,01:00:00,2016-02-23T11:00:00Z,2016-02-23T08:00:00-03:00,2016-02-23T12:00:00Z,2016-02-23T09:00:00-03:00,1,01:00:00,1,01:00:00,100.0,100.0,2016-02-23T11:00:00Z,2016-02-23T08:00:00-03:00,2016-02-23T12:00:00Z,2016-02-23T09:00:00-03:00
16.09,,,False,2,pm25,µg/m³,,raw,01:00:00,2016-02-23T12:00:00Z,2016-02-23T09:00:00-03:00,2016-02-23T13:00:00Z,2016-02-23T10:00:00-03:00,1,01:00:00,1,01:00:00,100.0,100.0,2016-02-23T12:00:00Z,2016-02-23T09:00:00-03:00,2016-02-23T13:00:00Z,2016-02-23T10:00:00-03:00
17.62,,,False,2,pm25,µg/m³,,raw,01:00:00,2016-02-23T13:00:00Z,2016-02-23T10:00:00-03:00,2016-02-23T14:00:00Z,2016-02-23T11:00:00-03:00,1,01:00:00,1,01:00:00,100.0,100.0,2016-02-23T13:00:00Z,2016-02-23T10:00:00-03:00,2016-02-23T14:00:00Z,2016-02-23T11:00:00-03:00
12.23,,,False,2,pm25,µg/m³,,raw,01:00:00,2016-02-23T14:00:00Z,2016-02-23T11:00:00-03:00,2016-02-23T15:00:00Z,2016-02-23T12:00:00-03:00,1,01:00:00,1,01:00:00,100.0,100.0,2016-02-23T14:00:00Z,2016-02-23T11:00:00-03:00,2016-02-23T15:00:00Z,2016-02-23T12:00:00-03:00
13.75,,,False,2,pm25,µg/m³,,raw,01:00:00,2016-02-23T15:00:00Z,2016-02-23T12:00:00-03:00,2016-02-23T16:00:00Z,2016-02-23T13:00:00-03:00,1,01:00:00,1,01:00:00,100.0,100.0,2016-02-23T15:00:00Z,2016-02-23T12:00:00-03:00,2016-02-23T16:00:00Z,2016-02-23T13:00:00-03:00
5.892,,,False,2,pm25,µg/m³,,raw,01:00:00,2016-02-23T16:00:00Z,2016-02-23T13:00:00-03:00,2016-02-23T17:00:00Z,2016-02-23T14:00:00-03:00,1,01:00:00,1,01:00:00,100.0,100.0,2016-02-23T16:00:00Z,2016-02-23T13:00:00-03:00,2016-02-23T17:00:00Z,2016-02-23T14:00:00-03:00
9.447,,,False,2,pm25,µg/m³,,raw,01:00:00,2016-02-23T17:00:00Z,2016-02-23T14:00:00-03:00,2016-02-23T18:00:00Z,2016-02-23T15:00:00-03:00,1,01:00:00,1,01:00:00,100.0,100.0,2016-02-23T17:00:00Z,2016-02-23T14:00:00-03:00,2016-02-23T18:00:00Z,2016-02-23T15:00:00-03:00
11.13,,,False,2,pm25,µg/m³,,raw,01:00:00,2016-02-23T18:00:00Z,2016-02-23T15:00:00-03:00,2016-02-23T19:00:00Z,2016-02-23T16:00:00-03:00,1,01:00:00,1,01:00:00,100.0,100.0,2016-02-23T18:00:00Z,2016-02-23T15:00:00-03:00,2016-02-23T19:00:00Z,2016-02-23T16:00:00-03:00
9.675,,,False,2,pm25,µg/m³,,raw,01:00:00,2016-02-23T19:00:00Z,2016-02-23T16:00:00-03:00,2016-02-23T20:00:00Z,2016-02-23T17:00:00-03:00,1,01:00:00,1,01:00:00,100.0,100.0,2016-02-23T19:00:00Z,2016-02-23T16:00:00-03:00,2016-02-23T20:00:00Z,2016-02-23T17:00:00-03:00
10.55,,,False,2,pm25,µg/m³,,raw,01:00:00,2016-02-23T20:00:00Z,2016-02-23T17:00:00-03:00,2016-02-23T21:00:00Z,2016-02-23T18:00:00-03:00,1,01:00:00,1,01:00:00,100.0,100.0,2016-02-23T20:00:00Z,2016-02-23T17:00:00-03:00,2016-02-23T21:00:00Z,2016-02-23T18:00:00-03:00
3.129,,,False,2,pm25,µg/m³,,raw,01:00:00,2016-02-23T21:00:00Z,2016-02-23T18:00:00-03:00,2016-02-23T22:00:00Z,2016-02-23T19:00:00-03:00,1,01:00:00,1,01:00:00,100.0,100.0,2016-02-23T21:00:00Z,2016-02-23T18:00:00-03:00,2016-02-23T22:00:00Z,2016-02-23T19:00:00-03:00
6.753,,,False,2,pm25,µg/m³,,raw,01:00:00,2016-02-23T22:00:00Z,2016-02-23T19:00:00-03:00,2016-02-23T23:00:00Z,2016-02-23T20:00:00-03:00,1,01:00:00,1,01:00:00,100.0,100.0,2016-02-23T22:00:00Z,2016-02-23T19:00:00-03:00,2016-02-23T23:00:00Z,2016-02-23T20:00:00-03:00
8.279,,,False,2,pm25,µg/m³,,raw,01:00:00,2016-02-23T23:00:00Z,2016-02-23T20:00:00-03:00,2016-02-24T00:00:00Z,2016-02-23T21:00:00-03:00,1,01:00:00,1,01:00:00,100.0,100.0,2016-02-23T23:00:00Z,2016-02-23T20:00:00-03:00,2016-02-24T00:00:00Z,2016-02-23T21:00:00-03:00
12.04,,,False,2,pm25,µg/m³,,raw,01:00:00,2016-02-24T00:00:00Z,2016-02-23T21:00:00-03:00,2016-02-24T01:00:00Z,2016-02-23T22:00:00-03:00,1,01:00:00,1,01:00:00,100.0,100.0,2016-02-24T00:00:00Z,2016-02-23T21:00:00-03:00,2016-02-24T01:00:00Z,2016-02-23T22:00:00-03:00
15.88,,,False,2,pm25,µg/m³,,raw,01:00:00,2016-02-24T01:00:00Z,2016-02-23T22:00:00-03:00,2016-02-24T02:00:00Z,2016-02-23T23:00:00-03:00,1,01:00:00,1,01:00:00,100.0,100.0,2016-02-24T01:00:00Z,2016-02-23T22:00:00-03:00,2016-02-24T02:00:00Z,2016-02-23T23:00:00-03:00
16.14,,,False,2,pm25,µg/m³,,raw,01:00:00,2016-02-24T02:00:00Z,2016-02-23T23:00:00-03:00,2016-02-24T03:00:00Z,2016-02-24T00:00:00-03:00,1,01:00:00,1,01:00:00,100.0,100.0,2016-02-24T02:00:00Z,2016-02-23T23:00:00-03:00,2016-02-24T03:00:00Z,2016-02-24T00:00:00-03:00
16.71,,,False,2,pm25,µg/m³,,raw,01:00:00,2016-02-24T03:00:00Z,2016-02-24T00:00:00-03:00,2016-02-24T04:00:00Z,2016-02-24T01:00:00-03:00,1,01:00:00,1,01:00:00,100.0,100.0,2016-02-24T03:00:00Z,2016-02-24T00:00:00-03:00,2016-02-24T04:00:00Z,2016-02-24T01:00:00-03:00
18.08,,,False,2,pm25,µg/m³,,raw,01:00:00,2016-02-24T04:00:00Z,2016-02-24T01:00:00-03:00,2016-02-24T05:00:00Z,2016-02-24T02:00:00-03:00,1,01:00:00,1,01:00:00,100.0,100.0,2016-02-24T04:00:00Z,2016-02-24T01:00:00-03:00,2016-02-24T05:00:00Z,2016-02-24T02:00:00-03:00
8.725,,,False,2,pm25,µg/m³,,raw,01:00:00,2016-02-24T05:00:00Z,2016-02-24T02:00:00-03:00,2016-02-24T06:00:00Z,2016-02-24T03:00:00-03:00,1,01:00:00,1,01:00:00,100.0,100.0,2016-02-24T05:00:00Z,2016-02-24T02:00:00-03:00,2016-02-24T06:00:00Z,2016-02-24T03:00:00-03:00
9.903,,,False,2,pm25,µg/m³,,raw,01:00:00,2016-02-24T06:00:00Z,2016-02-24T03:00:00-03:00,2016-02-24T07:00:00Z,2016-02-24T04:00:00-03:00,1,01:00:00,1,01:00:00,100.0,100.0,2016-02-24T06:00:00Z,2016-02-24T03:00:00-03:00,2016-02-24T07:00:00Z,2016-02-24T04:00:00-03:00
8.744,,,False,2,pm25,µg/m³,,raw,01:00:00,2016-02-24T07:00:00Z,2016-02-24T04:00:00-03:00,2016-02-24T08:00:00Z,2016-02-24T05:00:00-03:00,1,01:00:00,1,01:00:00,100.0,100.0,2016-02-24T07:00:00Z,2016-02-24T04:00:00-03:00,2016-02-24T08:00:00Z,2016-02-24T05:00:00-03:00
9.683,,,False,2,pm25,µg/m³,,raw,01:00:00,2016-02-24T08:00:00Z,2016-02-24T05:00:00-03:00,2016-02-24T09:00:00Z,2016-02-24T06:00:00-03:00,1,01:00:00,1,01:00:00,100.0,100.0,2016-02-24T08:00:00Z,2016-02-24T05:00:00-03:00,2016-02-24T09:00:00Z,2016-02-24T06:00:00-03:00
9.566,,,False,2,pm25,µg/m³,,raw,01:00:00,2016-02-24T09:00:00Z,2016-02-24T06:00:00-03:00,2016-02-24T10:00:00Z,2016-02-24T07:00:00-03:00,1,01:00:00,1,01:00:00,100.0,100.0,2016-02-24T09:00:00Z,2016-02-24T06:00:00-03:00,2016-02-24T10:00:00Z,2016-02-24T07:00:00-03:00
12.77,,,False,2,pm25,µg/m³,,raw,01:00:00,2016-02-24T10:00:00Z,2016-02-24T07:00:00-03:00,2016-02-24T11:00:00Z,2016-02-24T08:00:00-03:00,1,01:00:00,1,01:00:00,100.0,100.0,2016-02-24T10:00:00Z,2016-02-24T07:00:00-03:00,2016-02-24T11:00:00Z,2016-02-24T08:00:00-03:00
14.69,,,False,2,pm25,µg/m³,,raw,01:00:00,2016-02-24T11:00:00Z,2016-02-24T08:00:00-03:00,2016-02-24T12:00:00Z,2016-02-24T09:00:00-03:00,1,01:00:00,1,01:00:00,100.0,100.0,2016-02-24T11:00:00Z,2016-02-24T08:00:00-03:00,2016-02-24T12:00:00Z,2016-02-24T09:00:00-03:00
19.16,,,False,2,pm25,µg/m³,,raw,01:00:00,2016-02-24T12:00:00Z,2016-02-24T09:00:00-03:00,2016-02-24T13:00:00Z,2016-02-24T10:00:00-03:00,1,01:00:00,1,01:00:00,100.0,100.0,2016-02-24T12:00:00Z,2016-02-24T09:00:00-03:00,2016-02-24T13:00:00Z,2016-02-24T10:00:00-03:00
20.85,,,False,2,pm25,µg/m³,,raw,01:00:00,2016-02-24T13:00:00Z,2016-02-24T10:00:00-03:00,2016-02-24T14:00:00Z,2016-02-24T11:00:00-03:00,1,01:00:00,1,01:00:00,100.0,100.0,2016-02-24T13:00:00Z,2016-02-24T10:00:00-03:00,2016-02-24T14:00:00Z,2016-02-24T11:00:00-03:00
15.64,,,False,2,pm25,µg/m³,,raw,01:00:00,2016-02-24T14:00:00Z,2016-02-24T11:00:00-03:00,2016-02-24T15:00:00Z,2016-02-24T12:00:00-03:00,1,01:00:00,1,01:00:00,100.0,100.0,2016-02-24T14:00:00Z,2016-02-24T11:00:00-03:00,2016-02-24T15:00:00Z,2016-02-24T12:00:00-03:00
17.99,,,False,2,pm25,µg/m³,,raw,01:00:00,2016-02-24T15:00:00Z,2016-02-24T12:00:00-03:00,2016-02-24T16:00:00Z,2016-02-24T13:00:00-03:00,1,01:00:00,1,01:00:00,100.0,100.0,2016-02-24T15:00:00Z,2016-02-24T12:00:00-03:00,2016-02-24T16:00:00Z,2016-02-24T13:00:00-03:00
22.1,,,False,2,pm25,µg/m³,,raw,01:00:00,2016-02-24T16:00:00Z,2016-02-24T13:00:00-03:00,2016-02-24T17:00:00Z,2016-02-24T14:00:00-03:00,1,01:00:00,1,01:00:00,100.0,100.0,2016-02-24T16:00:00Z,2016-02-24T13:00:00-03:00,2016-02-24T17:00:00Z,2016-02-24T14:00:00-03:00
22.5,,,False,2,pm25,µg/m³,,raw,01:00:00,2016-02-24T17:00:00Z,2016-02-24T14:00:00-03:00,2016-02-24T18:00:00Z,2016-02-24T15:00:00-03:00,1,01:00:00,1,01:00:00,100.0,100.0,2016-02-24T17:00:00Z,2016-02-24T14:00:00-03:00,2016-02-24T18:00:00Z,2016-02-24T15:00:00-03:00
22.64,,,False,2,pm25,µg/m³,,raw,01:00:00,2016-02-24T18:00:00Z,2016-02-24T15:00:00-03:00,2016-02-24T19:00:00Z,2016-02-24T16:00:00-03:00,1,01:00:00,1,01:00:00,100.0,100.0,2016-02-24T18:00:00Z,2016-02-24T15:00:00-03:00,2016-02-24T19:00:00Z,2016-02-24T16:00:00-03:00
22.59,,,False,2,pm25,µg/m³,,raw,01:00:00,2016-02-24T19:00:00Z,2016-02-24T16:00:00-03:00,2016-02-24T20:00:00Z,2016-02-24T17:00:00-03:00,1,01:00:00,1,01:00:00,100.0,100.0,2016-02-24T19:00:00Z,2016-02-24T16:00:00-03:00,2016-02-24T20:00:00Z,2016-02-24T17:00:00-03:00
23.43,,,False,2,pm25,µg/m³,,raw,01:00:00,2016-02-24T20:00:00Z,2016-02-24T17:00:00-03:00,2016-02-24T21:00:00Z,2016-02-24T18:00:00-03:00,1,01:00:00,1,01:00:00,100.0,100.0,2016-02-24T20:00:00Z,2016-02-24T17:00:00-03:00,2016-02-24T21:00:00Z,2016-02-24T18:00:00-03:00
18.82,,,False,2,pm25,µg/m³,,raw,01:00:00,2016-02-24T21:00:00Z,2016-02-24T18:00:00-03:00,2016-02-24T22:00:00Z,2016-02-24T19:00:00-03:00,1,01:00:00,1,01:00:00,100.0,100.0,2016-02-24T21:00:00Z,2016-02-24T18:00:00-03:00,2016-02-24T22:00:00Z,2016-02-24T19:00:00-03:00
11.27,,,False,2,pm25,µg/m³,,raw,01:00:00,2016-02-24T22:00:00Z,2016-02-24T19:00:00-03:00,2016-02-24T23:00:00Z,2016-02-24T20:00:00-03:00,1,01:00:00,1,01:00:00,100.0,100.0,2016-02-24T22:00:00Z,2016-02-24T19:00:00-03:00,2016-02-24T23:00:00Z,2016-02-24T20:00:00-03:00
21.79,,,False,2,pm25,µg/m³,,raw,01:00:00,2016-02-24T23:00:00Z,2016-02-24T20:00:00-03:00,2016-02-25T00:00:00Z,2016-02-24T21:00:00-03:00,1,01:00:00,1,01:00:00,100.0,100.0,2016-02-24T23:00:00Z,2016-02-24T20:00:00-03:00,2016-02-25T00:00:00Z,2016-02-24T21:00:00-03:00
17.96,,,False,2,pm25,µg/m³,,raw,01:00:00,2016-02-25T00:00:00Z,2016-02-24T21:00:00-03:00,2016-02-25T01:00:00Z,2016-02-24T22:00:00-03:00,1,01:00:00,1,01:00:00,100.0,100.0,2016-02-25T00:00:00Z,2016-02-24T21:00:00-03:00,2016-02-25T01:00:00Z,2016-02-24T22:00:00-03:00
15.53,,,False,2,pm25,µg/m³,,raw,01:00:00,2016-02-25T01:00:00Z,2016-02-24T22:00:00-03:00,2016-02-25T02:00:00Z,2016-02-24T23:00:00-03:00,1,01:00:00,1,01:00:00,100.0,100.0,2016-02-25T01:00:00Z,2016-02-24T22:00:00-03:00,2016-02-25T02:00:00Z,2016-02-24T23:00:00-03:00
19.58,,,False,2,pm25,µg/m³,,raw,01:00:00,2016-02-25T02:00:00Z,2016-02-24T23:00:00-03:00,2016-02-25T03:00:00Z,2016-02-25T00:00:00-03:00,1,01:00:00,1,01:00:00,100.0,100.0,2016-02-25T02:00:00Z,2016-02-24T23:00:00-03:00,2016-02-25T03:00:00Z,2016-02-25T00:00:00-03:00
21.81,,,False,2,pm25,µg/m³,,raw,01:00:00,2016-02-25T03:00:00Z,2016-02-25T00:00:00-03:00,2016-02-25T04:00:00Z,2016-02-25T01:00:00-03:00,1,01:00:00,1,01:00:00,100.0,100.0,2016-02-25T03:00:00Z,2016-02-25T00:00:00-03:00,2016-02-25T04:00:00Z,2016-02-25T01:00:00-03:00
22.95,,,False,2,pm25,µg/m³,,raw,01:00:00,2016-02-25T04:00:00Z,2016-02-25T01:00:00-03:00,2016-02-25T05:00:00Z,2016-02-25T02:00:00-03:00,1,01:00:00,1,01:00:00,100.0,100.0,2016-02-25T04:00:00Z,2016-02-25T01:00:00-03:00,2016-02-25T05:00:00Z,2016-02-25T02:00:00-03:00
17.12,,,False,2,pm25,µg/m³,,raw,01:00:00,2016-02-25T05:00:00Z,2016-02-25T02:00:00-03:00,2016-02-25T06:00:00Z,2016-02-25T03:00:00-03:00,1,01:00:00,1,01:00:00,100.0,100.0,2016-02-25T05:00:00Z,2016-02-25T02:00:00-03:00,2016-02-25T06:00:00Z,2016-02-25T03:00:00-03:00
16.22,,,False,2,pm25,µg/m³,,raw,01:00:00,2016-02-25T06:00:00Z,2016-02-25T03:00:00-03:00,2016-02-25T07:00:00Z,2016-02-25T04:00:00-03:00,1,01:00:00,1,01:00:00,100.0,100.0,2016-02-25T06:00:00Z,2016-02-25T03:00:00-03:00,2016-02-25T07:00:00Z,2016-02-25T04:00:00-03:00
14.72,,,False,2,pm25,µg/m³,,raw,01:00:00,2016-02-25T07:00:00Z,2016-02-25T04:00:00-03:00,2016-02-25T08:00:00Z,2016-02-25T05:00:00-03:00,1,01:00:00,1,01:00:00,100.0,100.0,2016-02-25T07:00:00Z,2016-02-25T04:00:00-03:00,2016-02-25T08:00:00Z,2016-02-25T05:00:00-03:00
10.33,,,False,2,pm25,µg/m³,,raw,01:00:00,2016-02-25T08:00:00Z,2016-02-25T05:00:00-03:00,2016-02-25T09:00:00Z,2016-02-25T06:00:00-03:00,1,01:00:00,1,01:00:00,100.0,100.0,2016-02-25T08:00:00Z,2016-02-25T05:00:00-03:00,2016-02-25T09:00:00Z,2016-02-25T06:00:00-03:00
22.33,,,False,2,pm25,µg/m³,,raw,01:00:00,2016-02-25T09:00:00Z,2016-02-25T06:00:00-03:00,2016-02-25T10:00:00Z,2016-02-25T07:00:00-03:00,1,01:00:00,1,01:00:00,100.0,100.0,2016-02-25T09:00:00Z,2016-02-25T06:00:00-03:00,2016-02-25T10:00:00Z,2016-02-25T07:00:00-03:00
23.12,,,False,2,pm25,µg/m³,,raw,01:00:00,2016-02-25T10:00:00Z,2016-02-25T07:00:00-03:00,2016-02-25T11:00:00Z,2016-02-25T08:00:00-03:00,1,01:00:00,1,01:00:00,100.0,100.0,2016-02-25T10:00:00Z,2016-02-25T07:00:00-03:00,2016-02-25T11:00:00Z,2016-02-25T08:00:00-03:00
27.87,,,False,2,pm25,µg/m³,,raw,01:00:00,2016-02-25T11:00:00Z,2016-02-25T08:00:00-03:00,2016-02-25T12:00:00Z,2016-02-25T09:00:00-03:00,1,01:00:00,1,01:00:00,100.0,100.0,2016-02-25T11:00:00Z,2016-02-25T08:00:00-03:00,2016-02-25T12:00:00Z,2016-02-25T09:00:00-03:00
25.62,,,False,2,pm25,µg/m³,,raw,01:00:00,2016-02-25T12:00:00Z,2016-02-25T09:00:00-03:00,2016-02-25T13:00:00Z,2016-02-25T10:00:00-03:00,1,01:00:00,1,01:00:00,100.0,100.0,2016-02-25T12:00:00Z,2016-02-25T09:00:00-03:00,2016-02-25T13:00:00Z,2016-02-25T10:00:00-03:00
20.79,,,False,2,pm25,µg/m³,,raw,01:00:00,2016-02-25T13:00:00Z,2016-02-25T10:00:00-03:00,2016-02-25T14:00:00Z,2016-02-25T11:00:00-03:00,1,01:00:00,1,01:00:00,100.0,100.0,2016-02-25T13:00:00Z,2016-02-25T10:00:00-03:00,2016-02-25T14:00:00Z,2016-02-25T11:00:00-03:00
23.24,,,False,2,pm25,µg/m³,,raw,01:00:00,2016-02-25T14:00:00Z,2016-02-25T11:00:00-03:00,2016-02-25T15:00:00Z,2016-02-25T12:00:00-03:00,1,01:00:00,1,01:00:00,100.0,100.0,2016-02-25T14:00:00Z,2016-02-25T11:00:00-03:00,2016-02-25T15:00:00Z,2016-02-25T12:00:00-03:00
18.12,,,False,2,pm25,µg/m³,,raw,01:00:00,2016-02-25T15:00:00Z,2016-02-25T12:00:00-03:00,2016-02-25T16:00:00Z,2016-02-25T13:00:00-03:00,1,01:00:00,1,01:00:00,100.0,100.0,2016-02-25T15:00:00Z,2016-02-25T12:00:00-03:00,2016-02-25T16:00:00Z,2016-02-25T13:00:00-03:00
17.43,,,False,2,pm25,µg/m³,,raw,01:00:00,2016-02-25T16:00:00Z,2016-02-25T13:00:00-03:00,2016-02-25T17:00:00Z,2016-02-25T14:00:00-03:00,1,01:00:00,1,01:00:00,100.0,100.0,2016-02-25T16:00:00Z,2016-02-25T13:00:00-03:00,2016-02-25T17:00:00Z,2016-02-25T14:00:00-03:00
15.52,,,False,2,pm25,µg/m³,,raw,01:00:00,2016-02-25T17:00:00Z,2016-02-25T14:00:00-03:00,2016-02-25T18:00:00Z,2016-02-25T15:00:00-03:00,1,01:00:00,1,01:00:00,100.0,100.0,2016-02-25T17:00:00Z,2016-02-25T14:00:00-03:00,2016-02-25T18:00:00Z,2016-02-25T15:00:00-03:00
15.26,,,False,2,pm25,µg/m³,,raw,01:00:00,2016-02-25T18:00:00Z,2016-02-25T15:00:00-03:00,2016-02-25T19:00:00Z,2016-02-25T16:00:00-03:00,1,01:00:00,1,01:00:00,100.0,100.0,2016-02-25T18:00:00Z,2016-02-25T15:00:00-03:00,2016-02-25T19:00:00Z,2016-02-25T16:00:00-03:00
7.288,,,False,2,pm25,µg/m³,,raw,01:00:00,2016-02-25T19:00:00Z,2016-02-25T16:00:00-03:00,2016-02-25T20:00:00Z,2016-02-25T17:00:00-03:00,1,01:00:00,1,01:00:00,100.0,100.0,2016-02-25T19:00:00Z,2016-02-25T16:00:00-03:00,2016-02-25T20:00:00Z,2016-02-25T17:00:00-03:00
6.897,,,False,2,pm25,µg/m³,,raw,01:00:00,2016-02-25T20:00:00Z,2016-02-25T17:00:00-03:00,2016-02-25T21:00:00Z,2016-02-25T18:00:00-03:00,1,01:00:00,1,01:00:00,100.0,100.0,2016-02-25T20:00:00Z,2016-02-25T17:00:00-03:00,2016-02-25T21:00:00Z,2016-02-25T18:00:00-03:00
11.32,,,False,2,pm25,µg/m³,,raw,01:00:00,2016-02-25T21:00:00Z,2016-02-25T18:00:00-03:00,2016-02-25T22:00:00Z,2016-02-25T19:00:00-03:00,1,01:00:00,1,01:00:00,100.0,100.0,2016-02-25T21:00:00Z,2016-02-25T18:00:00-03:00,2016-02-25T22:00:00Z,2016-02-25T19:00:00-03:00
7.096,,,False,2,pm25,µg/m³,,raw,01:00:00,2016-02-25T22:00:00Z,2016-02-25T19:00:00-03:00,2016-02-25T23:00:00Z,2016-02-25T20:00:00-03:00,1,01:00:00,1,01:00:00,100.0,100.0,2016-02-25T22:00:00Z,2016-02-25T19:00:00-03:00,2016-02-25T23:00:00Z,2016-02-25T20:00:00-03:00
5.829,,,False,2,pm25,µg/m³,,raw,01:00:00,2016-02-25T23:00:00Z,2016-02-25T20:00:00-03:00,2016-02-26T00:00:00Z,2016-02-25T21:00:00-03:00,1,01:00:00,1,01:00:00,100.0,100.0,2016-02-25T23:00:00Z,2016-02-25T20:00:00-03:00,2016-02-26T00:00:00Z,2016-02-25T21:00:00-03:00
4.809,,,False,2,pm25,µg/m³,,raw,01:00:00,2016-02-26T00:00:00Z,2016-02-25T21:00:00-03:00,2016-02-26T01:00:00Z,2016-02-25T22:00:00-03:00,1,01:00:00,1,01:00:00,100.0,100.0,2016-02-26T00:00:00Z,2016-02-25T21:00:00-03:00,2016-02-26T01:00:00Z,2016-02-25T22:00:00-03:00
5.959,,,False,2,pm25,µg/m³,,raw,01:00:00,2016-02-26T01:00:00Z,2016-02-25T22:00:00-03:00,2016-02-26T02:00:00Z,2016-02-25T23:00:00-03:00,1,01:00:00,1,01:00:00,100.0,100.0,2016-02-26T01:00:00Z,2016-02-25T22:00:00-03:00,2016-02-26T02:00:00Z,2016-02-25T23:00:00-03:00
4.625,,,False,2,pm25,µg/m³,,raw,01:00:00,2016-02-26T02:00:00Z,2016-02-25T23:00:00-03:00,2016-02-26T03:00:00Z,2016-02-26T00:00:00-03:00,1,01:00:00,1,01:00:00,100.0,100.0,2016-02-26T02:00:00Z,2016-02-25T23:00:00-03:00,2016-02-26T03:00:00Z,2016-02-26T00:00:00-03:00
4.583,,,False,2,pm25,µg/m³,,raw,01:00:00,2016-02-26T03:00:00Z,2016-02-26T00:00:00-03:00,2016-02-26T04:00:00Z,2016-02-26T01:00:00-03:00,1,01:00:00,1,01:00:00,100.0,100.0,2016-02-26T03:00:00Z,2016-02-26T00:00:00-03:00,2016-02-26T04:00:00Z,2016-02-26T01:00:00-03:00
9.233,,,False,2,pm25,µg/m³,,raw,01:00:00,2016-02-26T04:00:00Z,2016-02-26T01:00:00-03:00,2016-02-26T05:00:00Z,2016-02-26T02:00:00-03:00,1,01:00:00,1,01:00:00,100.0,100.0,2016-02-26T04:00:00Z,2016-02-26T01:00:00-03:00,2016-02-26T05:00:00Z,2016-02-26T02:00:00-03:00
7.859,,,False,2,pm25,µg/m³,,raw,01:00:00,2016-02-26T05:00:00Z,2016-02-26T02:00:00-03:00,2016-02-26T06:00:00Z,2016-02-26T03:00:00-03:00,1,01:00:00,1,01:00:00,100.0,100.0,2016-02-26T05:00:00Z,2016-02-26T02:00:00-03:00,2016-02-26T06:00:00Z,2016-02-26T03:00:00-03:00
5.631,,,False,2,pm25,µg/m³,,raw,01:00:00,2016-02-26T06:00:00Z,2016-02-26T03:00:00-03:00,2016-02-26T07:00:00Z,2016-02-26T04:00:00-03:00,1,01:00:00,1,01:00:00,100.0,100.0,2016-02-26T06:00:00Z,2016-02-26T03:00:00-03:00,2016-02-26T07:00:00Z,2016-02-26T04:00:00-03:00
4.027,,,False,2,pm25,µg/m³,,raw,01:00:00,2016-02-26T07:00:00Z,2016-02-26T04:00:00-03:00,2016-02-26T08:00:00Z,2016-02-26T05:00:00-03:00,1,01:00:00,1,01:00:00,100.0,100.0,2016-02-26T07:00:00Z,2016-02-26T04:00:00-03:00,2016-02-26T08:00:00Z,2016-02-26T05:00:00-03:00
5.172,,,False,2,pm25,µg/m³,,raw,01:00:00,2016-02-26T08:00:00Z,2016-02-26T05:00:00-03:00,2016-02-26T09:00:00Z,2016-02-26T06:00:00-03:00,1,01:00:00,1,01:00:00,100.0,100.0,2016-02-26T08:00:00Z,2016-02-26T05:00:00-03:00,2016-02-26T09:00:00Z,2016-02-26T06:00:00-03:00
4.255,,,False,2,pm25,µg/m³,,raw,01:00:00,2016-02-26T09:00:00Z,2016-02-26T06:00:00-03:00,2016-02-26T10:00:00Z,2016-02-26T07:00:00-03:00,1,01:00:00,1,01:00:00,100.0,100.0,2016-02-26T09:00:00Z,2016-02-26T06:00:00-03:00,2016-02-26T10:00:00Z,2016-02-26T07:00:00-03:00
7.914,,,False,2,pm25,µg/m³,,raw,01:00:00,2016-02-26T10:00:00Z,2016-02-26T07:00:00-03:00,2016-02-26T11:00:00Z,2016-02-26T08:00:00-03:00,1,01:00:00,1,01:00:00,100.0,100.0,2016-02-26T10:00:00Z,2016-02-26T07:00:00-03:00,2016-02-26T11:00:00Z,2016-02-26T08:00:00-03:00
11.42,,,False,2,pm25,µg/m³,,raw,01:00:00,2016-02-26T11:00:00Z,2016-02-26T08:00:00-03:00,2016-02-26T12:00:00Z,2016-02-26T09:00:00-03:00,1,01:00:00,1,01:00:00,100.0,100.0,2016-02-26T11:00:00Z,2016-02-26T08:00:00-03:00,2016-02-26T12:00:00Z,2016-02-26T09:00:00-03:00
15.03,,,False,2,pm25,µg/m³,,raw,01:00:00,2016-02-26T12:00:00Z,2016-02-26T09:00:00-03:00,2016-02-26T13:00:00Z,2016-02-26T10:00:00-03:00,1,01:00:00,1,01:00:00,100.0,100.0,2016-02-26T12:00:00Z,2016-02-26T09:00:00-03:00,2016-02-26T13:00:00Z,2016-02-26T10:00:00-03:00
5.879,,,False,2,pm25,µg/m³,,raw,01:00:00,2016-02-26T13:00:00Z,2016-02-26T10:00:00-03:00,2016-02-26T14:00:00Z,2016-02-26T11:00:00-03:00,1,01:00:00,1,01:00:00,100.0,100.0,2016-02-26T13:00:00Z,2016-02-26T10:00:00-03:00,2016-02-26T14:00:00Z,2016-02-26T11:00:00-03:00
12.02,,,False,2,pm25,µg/m³,,raw,01:00:00,2016-02-26T14:00:00Z,2016-02-26T11:00:00-03:00,2016-02-26T15:00:00Z,2016-02-26T12:00:00-03:00,1,01:00:00,1,01:00:00,100.0,100.0,2016-02-26T14:00:00Z,2016-02-26T11:00:00-03:00,2016-02-26T15:00:00Z,2016-02-26T12:00:00-03:00
10.26,,,False,2,pm25,µg/m³,,raw,01:00:00,2016-02-26T15:00:00Z,2016-02-26T12:00:00-03:00,2016-02-26T16:00:00Z,2016-02-26T13:00:00-03:00,1,01:00:00,1,01:00:00,100.0,100.0,2016-02-26T15:00:00Z,2016-02-26T12:00:00-03:00,2016-02-26T16:00:00Z,2016-02-26T13:00:00-03:00
10.57,,,False,2,pm25,µg/m³,,raw,01:00:00,2016-02-26T16:00:00Z,2016-02-26T13:00:00-03:00,2016-02-26T17:00:00Z,2016-02-26T14:00:00-03:00,1,01:00:00,1,01:00:00,100.0,100.0,2016-02-26T16:00:00Z,2016-02-26T13:00:00-03:00,2016-02-26T17:00:00Z,2016-02-26T14:00:00-03:00
16.8,,,False,2,pm25,µg/m³,,raw,01:00:00,2016-02-26T17:00:00Z,2016-02-26T14:00:00-03:00,2016-02-26T18:00:00Z,2016-02-26T15:00:00-03:00,1,01:00:00,1,01:00:00,100.0,100.0,2016-02-26T17:00:00Z,2016-02-26T14:00:00-03:00,2016-02-26T18:00:00Z,2016-02-26T15:00:00-03:00
6.907,,,False,2,pm25,µg/m³,,raw,01:00:00,2016-02-26T18:00:00Z,2016-02-26T15:00:00-03:00,2016-02-26T19:00:00Z,2016-02-26T16:00:00-03:00,1,01:00:00,1,01:00:00,100.0,100.0,2016-02-26T18:00:00Z,2016-02-26T15:00:00-03:00,2016-02-26T19:00:00Z,2016-02-26T16:00:00-03:00
6.679,,,False,2,pm25,µg/m³,,raw,01:00:00,2016-02-26T19:00:00Z,2016-02-26T16:00:00-03:00,2016-02-26T20:00:00Z,2016-02-26T17:00:00-03:00,1,01:00:00,1,01:00:00,100.0,100.0,2016-02-26T19:00:00Z,2016-02-26T16:00:00-03:00,2016-02-26T20:00:00Z,2016-02-26T17:00:00-03:00
14.53,,,False,2,pm25,µg/m³,,raw,01:00:00,2016-02-26T21:00:00Z,2016-02-26T18:00:00-03:00,2016-02-26T22:00:00Z,2016-02-26T19:00:00-03:00,1,01:00:00,1,01:00:00,100.0,100.0,2016-02-26T21:00:00Z,2016-02-26T18:00:00-03:00,2016-02-26T22:00:00Z,2016-02-26T19:00:00-03:00
9.35,,,False,2,pm25,µg/m³,,raw,01:00:00,2016-02-26T22:00:00Z,2016-02-26T19:00:00-03:00,2016-02-26T23:00:00Z,2016-02-26T20:00:00-03:00,1,01:00:00,1,01:00:00,100.0,100.0,2016-02-26T22:00:00Z,2016-02-26T19:00:00-03:00,2016-02-26T23:00:00Z,2016-02-26T20:00:00-03:00
4.596,,,False,2,pm25,µg/m³,,raw,01:00:00,2016-02-26T23:00:00Z,2016-02-26T20:00:00-03:00,2016-02-27T00:00:00Z,2016-02-26T21:00:00-03:00,1,01:00:00,1,01:00:00,100.0,100.0,2016-02-26T23:00:00Z,2016-02-26T20:00:00-03:00,2016-02-27T00:00:00Z,2016-02-26T21:00:00-03:00
4.324,,,False,2,pm25,µg/m³,,raw,01:00:00,2016-02-27T00:00:00Z,2016-02-26T21:00:00-03:00,2016-02-27T01:00:00Z,2016-02-26T22:00:00-03:00,1,01:00:00,1,01:00:00,100.0,100.0,2016-02-27T00:00:00Z,2016-02-26T21:00:00-03:00,2016-02-27T01:00:00Z,2016-02-26T22:00:00-03:00
13.58,,,False,2,pm25,µg/m³,,raw,01:00:00,2016-02-27T01:00:00Z,2016-02-26T22:00:00-03:00,2016-02-27T02:00:00Z,2016-02-26T23:00:00-03:00,1,01:00:00,1,01:00:00,100.0,100.0,2016-02-27T01:00:00Z,2016-02-26T22:00:00-03:00,2016-02-27T02:00:00Z,2016-02-26T23:00:00-03:00
2.398,,,False,2,pm25,µg/m³,,raw,01:00:00,2016-02-27T02:00:00Z,2016-02-26T23:00:00-03:00,2016-02-27T03:00:00Z,2016-02-27T00:00:00-03:00,1,01:00:00,1,01:00:00,100.0,100.0,2016-02-27T02:00:00Z,2016-02-26T23:00:00-03:00,2016-02-27T03:00:00Z,2016-02-27T00:00:00-03:00
1.0,,,False,2,pm25,µg/m³,,raw,01:00:00,2016-02-27T03:00:00Z,2016-02-27T00:00:00-03:00,2016-02-27T04:00:00Z,2016-02-27T01:00:00-03:00,1,01:00:00,1,01:00:00,100.0,100.0,2016-02-27T03:00:00Z,2016-02-27T00:00:00-03:00,2016-02-27T04:00:00Z,2016-02-27T01:00:00-03:00
12.45,,,False,2,pm25,µg/m³,,raw,01:00:00,2016-02-27T04:00:00Z,2016-02-27T01:00:00-03:00,2016-02-27T05:00:00Z,2016-02-27T02:00:00-03:00,1,01:00:00,1,01:00:00,100.0,100.0,2016-02-27T04:00:00Z,2016-02-27T01:00:00-03:00,2016-02-27T05:00:00Z,2016-02-27T02:00:00-03:00
8.556,,,False,2,pm25,µg/m³,,raw,01:00:00,2016-02-27T06:00:00Z,2016-02-27T03:00:00-03:00,2016-02-27T07:00:00Z,2016-02-27T04:00:00-03:00,1,01:00:00,1,01:00:00,100.0,100.0,2016-02-27T06:00:00Z,2016-02-27T03:00:00-03:00,2016-02-27T07:00:00Z,2016-02-27T04:00:00-03:00
11.95,,,False,2,pm25,µg/m³,,raw,01:00:00,2016-02-27T07:00:00Z,2016-02-27T04:00:00-03:00,2016-02-27T08:00:00Z,2016-02-27T05:00:00-03:00,1,01:00:00,1,01:00:00,100.0,100.0,2016-02-27T07:00:00Z,2016-02-27T04:00:00-03:00,2016-02-27T08:00:00Z,2016-02-27T05:00:00-03:00
7.947,,,False,2,pm25,µg/m³,,raw,01:00:00,2016-02-27T08:00:00Z,2016-02-27T05:00:00-03:00,2016-02-27T09:00:00Z,2016-02-27T06:00:00-03:00,1,01:00:00,1,01:00:00,100.0,100.0,2016-02-27T08:00:00Z,2016-02-27T05:00:00-03:00,2016-02-27T09:00:00Z,2016-02-27T06:00:00-03:00
12.76,,,False,2,pm25,µg/m³,,raw,01:00:00,2016-02-27T09:00:00Z,2016-02-27T06:00:00-03:00,2016-02-27T10:00:00Z,2016-02-27T07:00:00-03:00,1,01:00:00,1,01:00:00,100.0,100.0,2016-02-27T09:00:00Z,2016-02-27T06:00:00-03:00,2016-02-27T10:00:00Z,2016-02-27T07:00:00-03:00
7.24,,,False,2,pm25,µg/m³,,raw,01:00:00,2016-02-27T11:00:00Z,2016-02-27T08:00:00-03:00,2016-02-27T12:00:00Z,2016-02-27T09:00:00-03:00,1,01:00:00,1,01:00:00,100.0,100.0,2016-02-27T11:00:00Z,2016-02-27T08:00:00-03:00,2016-02-27T12:00:00Z,2016-02-27T09:00:00-03:00
11.88,,,False,2,pm25,µg/m³,,raw,01:00:00,2016-02-27T12:00:00Z,2016-02-27T09:00:00-03:00,2016-02-27T13:00:00Z,2016-02-27T10:00:00-03:00,1,01:00:00,1,01:00:00,100.0,100.0,2016-02-27T12:00:00Z,2016-02-27T09:00:00-03:00,2016-02-27T13:00:00Z,2016-02-27T10:00:00-03:00
18.75,,,False,2,pm25,µg/m³,,raw,01:00:00,2016-02-27T13:00:00Z,2016-02-27T10:00:00-03:00,2016-02-27T14:00:00Z,2016-02-27T11:00:00-03:00,1,01:00:00,1,01:00:00,100.0,100.0,2016-02-27T13:00:00Z,2016-02-27T10:00:00-03:00,2016-02-27T14:00:00Z,2016-02-27T11:00:00-03:00
8.389,,,False,2,pm25,µg/m³,,raw,01:00:00,2016-02-27T14:00:00Z,2016-02-27T11:00:00-03:00,2016-02-27T15:00:00Z,2016-02-27T12:00:00-03:00,1,01:00:00,1,01:00:00,100.0,100.0,2016-02-27T14:00:00Z,2016-02-27T11:00:00-03:00,2016-02-27T15:00:00Z,2016-02-27T12:00:00-03:00
17.66,,,False,2,pm25,µg/m³,,raw,01:00:00,2016-02-27T15:00:00Z,2016-02-27T12:00:00-03:00,2016-02-27T16:00:00Z,2016-02-27T13:00:00-03:00,1,01:00:00,1,01:00:00,100.0,100.0,2016-02-27T15:00:00Z,2016-02-27T12:00:00-03:00,2016-02-27T16:00:00Z,2016-02-27T13:00:00-03:00
14.82,,,False,2,pm25,µg/m³,,raw,01:00:00,2016-02-27T16:00:00Z,2016-02-27T13:00:00-03:00,2016-02-27T17:00:00Z,2016-02-27T14:00:00-03:00,1,01:00:00,1,01:00:00,100.0,100.0,2016-02-27T16:00:00Z,2016-02-27T13:00:00-03:00,2016-02-27T17:00:00Z,2016-02-27T14:00:00-03:00
22.39,,,False,2,pm25,µg/m³,,raw,01:00:00,2016-02-27T17:00:00Z,2016-02-27T14:00:00-03:00,2016-02-27T18:00:00Z,2016-02-27T15:00:00-03:00,1,01:00:00,1,01:00:00,100.0,100.0,2016-02-27T17:00:00Z,2016-02-27T14:00:00-03:00,2016-02-27T18:00:00Z,2016-02-27T15:00:00-03:00
16.22,,,False,2,pm25,µg/m³,,raw,01:00:00,2016-02-27T18:00:00Z,2016-02-27T15:00:00-03:00,2016-02-27T19:00:00Z,2016-02-27T16:00:00-03:00,1,01:00:00,1,01:00:00,100.0,100.0,2016-02-27T18:00:00Z,2016-02-27T15:00:00-03:00,2016-02-27T19:00:00Z,2016-02-27T16:00:00-03:00
19.89,,,False,2,pm25,µg/m³,,raw,01:00:00,2016-02-27T19:00:00Z,2016-02-27T16:00:00-03:00,2016-02-27T20:00:00Z,2016-02-27T17:00:00-03:00,1,01:00:00,1,01:00:00,100.0,100.0,2016-02-27T19:00:00Z,2016-02-27T16:00:00-03:00,2016-02-27T20:00:00Z,2016-02-27T17:00:00-03:00
13.44,,,False,2,pm25,µg/m³,,raw,01:00:00,2016-02-27T20:00:00Z,2016-02-27T17:00:00-03:00,2016-02-27T21:00:00Z,2016-02-27T18:00:00-03:00,1,01:00:00,1,01:00:00,100.0,100.0,2016-02-27T20:00:00Z,2016-02-27T17:00:00-03:00,2016-02-27T21:00:00Z,2016-02-27T18:00:00-03:00
23.93,,,False,2,pm25,µg/m³,,raw,01:00:00,2016-02-27T22:00:00Z,2016-02-27T19:00:00-03:00,2016-02-27T23:00:00Z,2016-02-27T20:00:00-03:00,1,01:00:00,1,01:00:00,100.0,100.0,2016-02-27T22:00:00Z,2016-02-27T19:00:00-03:00,2016-02-27T23:00:00Z,2016-02-27T20:00:00-03:00
14.71,,,False,2,pm25,µg/m³,,raw,01:00:00,2016-02-27T23:00:00Z,2016-02-27T20:00:00-03:00,2016-02-28T00:00:00Z,2016-02-27T21:00:00-03:00,1,01:00:00,1,01:00:00,100.0,100.0,2016-02-27T23:00:00Z,2016-02-27T20:00:00-03:00,2016-02-28T00:00:00Z,2016-02-27T21:00:00-03:00
10.83,,,False,2,pm25,µg/m³,,raw,01:00:00,2016-02-29T00:00:00Z,2016-02-28T21:00:00-03:00,2016-02-29T01:00:00Z,2016-02-28T22:00:00-03:00,1,01:00:00,1,01:00:00,100.0,100.0,2016-02-29T00:00:00Z,2016-02-28T21:00:00-03:00,2016-02-29T01:00:00Z,2016-02-28T22:00:00-03:00
11.9,,,False,2,pm25,µg/m³,,raw,01:00:00,2016-02-29T01:00:00Z,2016-02-28T22:00:00-03:00,2016-02-29T02:00:00Z,2016-02-28T23:00:00-03:00,1,01:00:00,1,01:00:00,100.0,100.0,2016-02-29T01:00:00Z,2016-02-28T22:00:00-03:00,2016-02-29T02:00:00Z,2016-02-28T23:00:00-03:00
15.79,,,False,2,pm25,µg/m³,,raw,01:00:00,2016-02-29T02:00:00Z,2016-02-28T23:00:00-03:00,2016-02-29T03:00:00Z,2016-02-29T00:00:00-03:00,1,01:00:00,1,01:00:00,100.0,100.0,2016-02-29T02:00:00Z,2016-02-28T23:00:00-03:00,2016-02-29T03:00:00Z,2016-02-29T00:00:00-03:00
7.465,,,False,2,pm25,µg/m³,,raw,01:00:00,2016-02-29T03:00:00Z,2016-02-29T00:00:00-03:00,2016-02-29T04:00:00Z,2016-02-29T01:00:00-03:00,1,01:00:00,1,01:00:00,100.0,100.0,2016-02-29T03:00:00Z,2016-02-29T00:00:00-03:00,2016-02-29T04:00:00Z,2016-02-29T01:00:00-03:00
1.988,,,False,2,pm25,µg/m³,,raw,01:00:00,2016-02-29T04:00:00Z,2016-02-29T01:00:00-03:00,2016-02-29T05:00:00Z,2016-02-29T02:00:00-03:00,1,01:00:00,1,01:00:00,100.0,100.0,2016-02-29T04:00:00Z,2016-02-29T01:00:00-03:00,2016-02-29T05:00:00Z,2016-02-29T02:00:00-03:00
8.45,,,False,2,pm25,µg/m³,,raw,01:00:00,2016-02-29T05:00:00Z,2016-02-29T02:00:00-03:00,2016-02-29T06:00:00Z,2016-02-29T03:00:00-03:00,1,01:00:00,1,01:00:00,100.0,100.0,2016-02-29T05:00:00Z,2016-02-29T02:00:00-03:00,2016-02-29T06:00:00Z,2016-02-29T03:00:00-03:00
24.22,,,False,2,pm25,µg/m³,,raw,01:00:00,2016-02-29T06:00:00Z,2016-02-29T03:00:00-03:00,2016-02-29T07:00:00Z,2016-02-29T04:00:00-03:00,1,01:00:00,1,01:00:00,100.0,100.0,2016-02-29T06:00:00Z,2016-02-29T03:00:00-03:00,2016-02-29T07:00:00Z,2016-02-29T04:00:00-03:00
13.29,,,False,2,pm25,µg/m³,,raw,01:00:00,2016-02-29T07:00:00Z,2016-02-29T04:00:00-03:00,2016-02-29T08:00:00Z,2016-02-29T05:00:00-03:00,1,01:00:00,1,01:00:00,100.0,100.0,2016-02-29T07:00:00Z,2016-02-29T04:00:00-03:00,2016-02-29T08:00:00Z,2016-02-29T05:00:00-03:00
4.219,,,False,2,pm25,µg/m³,,raw,01:00:00,2016-02-29T08:00:00Z,2016-02-29T05:00:00-03:00,2016-02-29T09:00:00Z,2016-02-29T06:00:00-03:00,1,01:00:00,1,01:00:00,100.0,100.0,2016-02-29T08:00:00Z,2016-02-29T05:00:00-03:00,2016-02-29T09:00:00Z,2016-02-29T06:00:00-03:00
5.526,,,False,2,pm25,µg/m³,,raw,01:00:00,2016-02-29T09:00:00Z,2016-02-29T06:00:00-03:00,2016-02-29T10:00:00Z,2016-02-29T07:00:00-03:00,1,01:00:00,1,01:00:00,100.0,100.0,2016-02-29T09:00:00Z,2016-02-29T06:00:00-03:00,2016-02-29T10:00:00Z,2016-02-29T07:00:00-03:00
14.25,,,False,2,pm25,µg/m³,,raw,01:00:00,2016-02-29T10:00:00Z,2016-02-29T07:00:00-03:00,2016-02-29T11:00:00Z,2016-02-29T08:00:00-03:00,1,01:00:00,1,01:00:00,100.0,100.0,2016-02-29T10:00:00Z,2016-02-29T07:00:00-03:00,2016-02-29T11:00:00Z,2016-02-29T08:00:00-03:00
15.55,,,False,2,pm25,µg/m³,,raw,01:00:00,2016-02-29T11:00:00Z,2016-02-29T08:00:00-03:00,2016-02-29T12:00:00Z,2016-02-29T09:00:00-03:00,1,01:00:00,1,01:00:00,100.0,100.0,2016-02-29T11:00:00Z,2016-02-29T08:00:00-03:00,2016-02-29T12:00:00Z,2016-02-29T09:00:00-03:00
9.484,,,False,2,pm25,µg/m³,,raw,01:00:00,2016-02-29T12:00:00Z,2016-02-29T09:00:00-03:00,2016-02-29T13:00:00Z,2016-02-29T10:00:00-03:00,1,01:00:00,1,01:00:00,100.0,100.0,2016-02-29T12:00:00Z,2016-02-29T09:00:00-03:00,2016-02-29T13:00:00Z,2016-02-29T10:00:00-03:00
18.18,,,False,2,pm25,µg/m³,,raw,01:00:00,2016-02-29T13:00:00Z,2016-02-29T10:00:00-03:00,2016-02-29T14:00:00Z,2016-02-29T11:00:00-03:00,1,01:00:00,1,01:00:00,100.0,100.0,2016-02-29T13:00:00Z,2016-02-29T10:00:00-03:00,2016-02-29T14:00:00Z,2016-02-29T11:00:00-03:00
29.76,,,False,2,pm25,µg/m³,,raw,01:00:00,2016-02-29T14:00:00Z,2016-02-29T11:00:00-03:00,2016-02-29T15:00:00Z,2016-02-29T12:00:00-03:00,1,01:00:00,1,01:00:00,100.0,100.0,2016-02-29T14:00:00Z,2016-02-29T11:00:00-03:00,2016-02-29T15:00:00Z,2016-02-29T12:00:00-03:00
19.3,,,False,2,pm25,µg/m³,,raw,01:00:00,2016-02-29T15:00:00Z,2016-02-29T12:00:00-03:00,2016-02-29T16:00:00Z,2016-02-29T13:00:00-03:00,1,01:00:00,1,01:00:00,100.0,100.0,2016-02-29T15:00:00Z,2016-02-29T12:00:00-03:00,2016-02-29T16:00:00Z,2016-02-29T13:00:00-03:00
13.88,,,False,2,pm25,µg/m³,,raw,01:00:00,2016-02-29T16:00:00Z,2016-02-29T13:00:00-03:00,2016-02-29T17:00:00Z,2016-02-29T14:00:00-03:00,1,01:00:00,1,01:00:00,100.0,100.0,2016-02-29T16:00:00Z,2016-02-29T13:00:00-03:00,2016-02-29T17:00:00Z,2016-02-29T14:00:00-03:00
15.26,,,False,2,pm25,µg/m³,,raw,01:00:00,2016-02-29T17:00:00Z,2016-02-29T14:00:00-03:00,2016-02-29T18:00:00Z,2016-02-29T15:00:00-03:00,1,01:00:00,1,01:00:00,100.0,100.0,2016-02-29T17:00:00Z,2016-02-29T14:00:00-03:00,2016-02-29T18:00:00Z,2016-02-29T15:00:00-03:00
14.54,,,False,2,pm25,µg/m³,,raw,01:00:00,2016-02-29T18:00:00Z,2016-02-29T15:00:00-03:00,2016-02-29T19:00:00Z,2016-02-29T16:00:00-03:00,1,01:00:00,1,01:00:00,100.0,100.0,2016-02-29T18:00:00Z,2016-02-29T15:00:00-03:00,2016-02-29T19:00:00Z,2016-02-29T16:00:00-03:00
11.86,,,False,2,pm25,µg/m³,,raw,01:00:00,2016-02-29T19:00:00Z,2016-02-29T16:00:00-03:00,2016-02-29T20:00:00Z,2016-02-29T17:00:00-03:00,1,01:00:00,1,01:00:00,100.0,100.0,2016-02-29T19:00:00Z,2016-02-29T16:00:00-03:00,2016-02-29T20:00:00Z,2016-02-29T17:00:00-03:00
17.33,,,False,2,pm25,µg/m³,,raw,01:00:00,2016-02-29T20:00:00Z,2016-02-29T17:00:00-03:00,2016-02-29T21:00:00Z,2016-02-29T18:00:00-03:00,1,01:00:00,1,01:00:00,100.0,100.0,2016-02-29T20:00:00Z,2016-02-29T17:00:00-03:00,2016-02-29T21:00:00Z,2016-02-29T18:00:00-03:00
20.43,,,False,2,pm25,µg/m³,,raw,01:00:00,2016-02-29T21:00:00Z,2016-02-29T18:00:00-03:00,2016-02-29T22:00:00Z,2016-02-29T19:00:00-03:00,1,01:00:00,1,01:00:00,100.0,100.0,2016-02-29T21:00:00Z,2016-02-29T18:00:00-03:00,2016-02-29T22:00:00Z,2016-02-29T19:00:00-03:00
20.02,,,False,2,pm25,µg/m³,,raw,01:00:00,2016-02-29T22:00:00Z,2016-02-29T19:00:00-03:00,2016-02-29T23:00:00Z,2016-02-29T20:00:00-03:00,1,01:00:00,1,01:00:00,100.0,100.0,2016-02-29T22:00:00Z,2016-02-29T19:00:00-03:00,2016-02-29T23:00:00Z,2016-02-29T20:00:00-03:00
19.85,,,False,2,pm25,µg/m³,,raw,01:00:00,2016-02-29T23:00:00Z,2016-02-29T20:00:00-03:00,2016-03-01T00:00:00Z,2016-02-29T21:00:00-03:00,1,01:00:00,1,01:00:00,100.0,100.0,2016-02-29T23:00:00Z,2016-02-29T20:00:00-03:00,2016-03-01T00:00:00Z,2016-02-29T21:00:00-03:00
5.965,,,False,2,pm25,µg/m³,,raw,01:00:00,2016-03-01T00:00:00Z,2016-02-29T21:00:00-03:00,2016-03-01T01:00:00Z,2016-02-29T22:00:00-03:00,1,01:00:00,1,01:00:00,100.0,100.0,2016-03-01T00:00:00Z,2016-02-29T21:00:00-03:00,2016-03-01T01:00:00Z,2016-02-29T22:00:00-03:00
20.89,,,False,2,pm25,µg/m³,,raw,01:00:00,2016-03-01T01:00:00Z,2016-02-29T22:00:00-03:00,2016-03-01T02:00:00Z,2016-02-29T23:00:00-03:00,1,01:00:00,1,01:00:00,100.0,100.0,2016-03-01T01:00:00Z,2016-02-29T22:00:00-03:00,2016-03-01T02:00:00Z,2016-02-29T23:00:00-03:00
34.04,,,False,2,pm25,µg/m³,,raw,01:00:00,2016-03-01T02:00:00Z,2016-02-29T23:00:00-03:00,2016-03-01T03:00:00Z,2016-03-01T00:00:00-03:00,1,01:00:00,1,01:00:00,100.0,100.0,2016-03-01T02:00:00Z,2016-02-29T23:00:00-03:00,2016-03-01T03:00:00Z,2016-03-01T00:00:00-03:00
11.32,,,False,2,pm25,µg/m³,,raw,01:00:00,2016-03-01T03:00:00Z,2016-03-01T00:00:00-03:00,2016-03-01T04:00:00Z,2016-03-01T01:00:00-03:00,1,01:00:00,1,01:00:00,100.0,100.0,2016-03-01T03:00:00Z,2016-03-01T00:00:00-03:00,2016-03-01T04:00:00Z,2016-03-01T01:00:00-03:00
16.39,,,False,2,pm25,µg/m³,,raw,01:00:00,2016-03-01T04:00:00Z,2016-03-01T01:00:00-03:00,2016-03-01T05:00:00Z,2016-03-01T02:00:00-03:00,1,01:00:00,1,01:00:00,100.0,100.0,2016-03-01T04:00:00Z,2016-03-01T01:00:00-03:00,2016-03-01T05:00:00Z,2016-03-01T02:00:00-03:00
23.33,,,False,2,pm25,µg/m³,,raw,01:00:00,2016-03-01T05:00:00Z,2016-03-01T02:00:00-03:00,2016-03-01T06:00:00Z,2016-03-01T03:00:00-03:00,1,01:00:00,1,01:00:00,100.0,100.0,2016-03-01T05:00:00Z,2016-03-01T02:00:00-03:00,2016-03-01T06:00:00Z,2016-03-01T03:00:00-03:00
16.09,,,False,2,pm25,µg/m³,,raw,01:00:00,2016-03-01T06:00:00Z,2016-03-01T03:00:00-03:00,2016-03-01T07:00:00Z,2016-03-01T04:00:00-03:00,1,01:00:00,1,01:00:00,100.0,100.0,2016-03-01T06:00:00Z,2016-03-01T03:00:00-03:00,2016-03-01T07:00:00Z,2016-03-01T04:00:00-03:00
16.82,,,False,2,pm25,µg/m³,,raw,01:00:00,2016-03-01T07:00:00Z,2016-03-01T04:00:00-03:00,2016-03-01T08:00:00Z,2016-03-01T05:00:00-03:00,1,01:00:00,1,01:00:00,100.0,100.0,2016-03-01T07:00:00Z,2016-03-01T04:00:00-03:00,2016-03-01T08:00:00Z,2016-03-01T05:00:00-03:00
18.72,,,False,2,pm25,µg/m³,,raw,01:00:00,2016-03-01T08:00:00Z,2016-03-01T05:00:00-03:00,2016-03-01T09:00:00Z,2016-03-01T06:00:00-03:00,1,01:00:00,1,01:00:00,100.0,100.0,2016-03-01T08:00:00Z,2016-03-01T05:00:00-03:00,2016-03-01T09:00:00Z,2016-03-01T06:00:00-03:00
15.94,,,False,2,pm25,µg/m³,,raw,01:00:00,2016-03-01T09:00:00Z,2016-03-01T06:00:00-03:00,2016-03-01T10:00:00Z,2016-03-01T07:00:00-03:00,1,01:00:00,1,01:00:00,100.0,100.0,2016-03-01T09:00:00Z,2016-03-01T06:00:00-03:00,2016-03-01T10:00:00Z,2016-03-01T07:00:00-03:00
17.17,,,False,2,pm25,µg/m³,,raw,01:00:00,2016-03-01T10:00:00Z,2016-03-01T07:00:00-03:00,2016-03-01T11:00:00Z,2016-03-01T08:00:00-03:00,1,01:00:00,1,01:00:00,100.0,100.0,2016-03-01T10:00:00Z,2016-03-01T07:00:00-03:00,2016-03-01T11:00:00Z,2016-03-01T08:00:00-03:00
11.55,,,False,2,pm25,µg/m³,,raw,01:00:00,2016-03-01T11:00:00Z,2016-03-01T08:00:00-03:00,2016-03-01T12:00:00Z,2016-03-01T09:00:00-03:00,1,01:00:00,1,01:00:00,100.0,100.0,2016-03-01T11:00:00Z,2016-03-01T08:00:00-03:00,2016-03-01T12:00:00Z,2016-03-01T09:00:00-03:00
23.48,,,False,2,pm25,µg/m³,,raw,01:00:00,2016-03-01T12:00:00Z,2016-03-01T09:00:00-03:00,2016-03-01T13:00:00Z,2016-03-01T10:00:00-03:00,1,01:00:00,1,01:00:00,100.0,100.0,2016-03-01T12:00:00Z,2016-03-01T09:00:00-03:00,2016-03-01T13:00:00Z,2016-03-01T10:00:00-03:00
15.45,,,False,2,pm25,µg/m³,,raw,01:00:00,2016-03-01T13:00:00Z,2016-03-01T10:00:00-03:00,2016-03-01T14:00:00Z,2016-03-01T11:00:00-03:00,1,01:00:00,1,01:00:00,100.0,100.0,2016-03-01T13:00:00Z,2016-03-01T10:00:00-03:00,2016-03-01T14:00:00Z,2016-03-01T11:00:00-03:00
28.69,,,False,2,pm25,µg/m³,,raw,01:00:00,2016-03-01T14:00:00Z,2016-03-01T11:00:00-03:00,2016-03-01T15:00:00Z,2016-03-01T12:00:00-03:00,1,01:00:00,1,01:00:00,100.0,100.0,2016-03-01T14:00:00Z,2016-03-01T11:00:00-03:00,2016-03-01T15:00:00Z,2016-03-01T12:00:00-03:00
12.74,,,False,2,pm25,µg/m³,,raw,01:00:00,2016-03-01T15:00:00Z,2016-03-01T12:00:00-03:00,2016-03-01T16:00:00Z,2016-03-01T13:00:00-03:00,1,01:00:00,1,01:00:00,100.0,100.0,2016-03-01T15:00:00Z,2016-03-01T12:00:00-03:00,2016-03-01T16:00:00Z,2016-03-01T13:00:00-03:00
20.04,,,False,2,pm25,µg/m³,,raw,01:00:00,2016-03-01T16:00:00Z,2016-03-01T13:00:00-03:00,2016-03-01T17:00:00Z,2016-03-01T14:00:00-03:00,1,01:00:00,1,01:00:00,100.0,100.0,2016-03-01T16:00:00Z,2016-03-01T13:00:00-03:00,2016-03-01T17:00:00Z,2016-03-01T14:00:00-03:00
15.16,,,False,2,pm25,µg/m³,,raw,01:00:00,2016-03-01T17:00:00Z,2016-03-01T14:00:00-03:00,2016-03-01T18:00:00Z,2016-03-01T15:00:00-03:00,1,01:00:00,1,01:00:00,100.0,100.0,2016-03-01T17:00:00Z,2016-03-01T14:00:00-03:00,2016-03-01T18:00:00Z,2016-03-01T15:00:00-03:00
10.76,,,False,2,pm25,µg/m³,,raw,01:00:00,2016-03-01T18:00:00Z,2016-03-01T15:00:00-03:00,2016-03-01T19:00:00Z,2016-03-01T16:00:00-03:00,1,01:00:00,1,01:00:00,100.0,100.0,2016-03-01T18:00:00Z,2016-03-01T15:00:00-03:00,2016-03-01T19:00:00Z,2016-03-01T16:00:00-03:00
12.76,,,False,2,pm25,µg/m³,,raw,01:00:00,2016-03-01T19:00:00Z,2016-03-01T16:00:00-03:00,2016-03-01T20:00:00Z,2016-03-01T17:00:00-03:00,1,01:00:00,1,01:00:00,100.0,100.0,2016-03-01T19:00:00Z,2016-03-01T16:00:00-03:00,2016-03-01T20:00:00Z,2016-03-01T17:00:00-03:00
4.681,,,False,2,pm25,µg/m³,,raw,01:00:00,2016-03-01T20:00:00Z,2016-03-01T17:00:00-03:00,2016-03-01T21:00:00Z,2016-03-01T18:00:00-03:00,1,01:00:00,1,01:00:00,100.0,100.0,2016-03-01T20:00:00Z,2016-03-01T17:00:00-03:00,2016-03-01T21:00:00Z,2016-03-01T18:00:00-03:00
11.46,,,False,2,pm25,µg/m³,,raw,01:00:00,2016-03-01T21:00:00Z,2016-03-01T18:00:00-03:00,2016-03-01T22:00:00Z,2016-03-01T19:00:00-03:00,1,01:00:00,1,01:00:00,100.0,100.0,2016-03-01T21:00:00Z,2016-03-01T18:00:00-03:00,2016-03-01T22:00:00Z,2016-03-01T19:00:00-03:00
7.363,,,False,2,pm25,µg/m³,,raw,01:00:00,2016-03-01T22:00:00Z,2016-03-01T19:00:00-03:00,2016-03-01T23:00:00Z,2016-03-01T20:00:00-03:00,1,01:00:00,1,01:00:00,100.0,100.0,2016-03-01T22:00:00Z,2016-03-01T19:00:00-03:00,2016-03-01T23:00:00Z,2016-03-01T20:00:00-03:00
19.19,,,False,2,pm25,µg/m³,,raw,01:00:00,2016-03-01T23:00:00Z,2016-03-01T20:00:00-03:00,2016-03-02T00:00:00Z,2016-03-01T21:00:00-03:00,1,01:00:00,1,01:00:00,100.0,100.0,2016-03-01T23:00:00Z,2016-03-01T20:00:00-03:00,2016-03-02T00:00:00Z,2016-03-01T21:00:00-03:00
64.87,,,False,2,pm25,µg/m³,,raw,01:00:00,2016-03-02T00:00:00Z,2016-03-01T21:00:00-03:00,2016-03-02T01:00:00Z,2016-03-01T22:00:00-03:00,1,01:00:00,1,01:00:00,100.0,100.0,2016-03-02T00:00:00Z,2016-03-01T21:00:00-03:00,2016-03-02T01:00:00Z,2016-03-01T22:00:00-03:00
14.86,,,False,2,pm25,µg/m³,,raw,01:00:00,2016-03-02T01:00:00Z,2016-03-01T22:00:00-03:00,2016-03-02T02:00:00Z,2016-03-01T23:00:00-03:00,1,01:00:00,1,01:00:00,100.0,100.0,2016-03-02T01:00:00Z,2016-03-01T22:00:00-03:00,2016-03-02T02:00:00Z,2016-03-01T23:00:00-03:00
11.5,,,False,2,pm25,µg/m³,,raw,01:00:00,2016-03-02T02:00:00Z,2016-03-01T23:00:00-03:00,2016-03-02T03:00:00Z,2016-03-02T00:00:00-03:00,1,01:00:00,1,01:00:00,100.0,100.0,2016-03-02T02:00:00Z,2016-03-01T23:00:00-03:00,2016-03-02T03:00:00Z,2016-03-02T00:00:00-03:00
25.22,,,False,2,pm25,µg/m³,,raw,01:00:00,2016-03-02T03:00:00Z,2016-03-02T00:00:00-03:00,2016-03-02T04:00:00Z,2016-03-02T01:00:00-03:00,1,01:00:00,1,01:00:00,100.0,100.0,2016-03-02T03:00:00Z,2016-03-02T00:00:00-03:00,2016-03-02T04:00:00Z,2016-03-02T01:00:00-03:00
27.62,,,False,2,pm25,µg/m³,,raw,01:00:00,2016-03-02T04:00:00Z,2016-03-02T01:00:00-03:00,2016-03-02T05:00:00Z,2016-03-02T02:00:00-03:00,1,01:00:00,1,01:00:00,100.0,100.0,2016-03-02T04:00:00Z,2016-03-02T01:00:00-03:00,2016-03-02T05:00:00Z,2016-03-02T02:00:00-03:00
17.46,,,False,2,pm25,µg/m³,,raw,01:00:00,2016-03-02T05:00:00Z,2016-03-02T02:00:00-03:00,2016-03-02T06:00:00Z,2016-03-02T03:00:00-03:00,1,01:00:00,1,01:00:00,100.0,100.0,2016-03-02T05:00:00Z,2016-03-02T02:00:00-03:00,2016-03-02T06:00:00Z,2016-03-02T03:00:00-03:00
17.48,,,False,2,pm25,µg/m³,,raw,01:00:00,2016-03-02T06:00:00Z,2016-03-02T03:00:00-03:00,2016-03-02T07:00:00Z,2016-03-02T04:00:00-03:00,1,01:00:00,1,01:00:00,100.0,100.0,2016-03-02T06:00:00Z,2016-03-02T03:00:00-03:00,2016-03-02T07:00:00Z,2016-03-02T04:00:00-03:00
14.74,,,False,2,pm25,µg/m³,,raw,01:00:00,2016-03-02T07:00:00Z,2016-03-02T04:00:00-03:00,2016-03-02T08:00:00Z,2016-03-02T05:00:00-03:00,1,01:00:00,1,01:00:00,100.0,100.0,2016-03-02T07:00:00Z,2016-03-02T04:00:00-03:00,2016-03-02T08:00:00Z,2016-03-02T05:00:00-03:00
16.55,,,False,2,pm25,µg/m³,,raw,01:00:00,2016-03-02T08:00:00Z,2016-03-02T05:00:00-03:00,2016-03-02T09:00:00Z,2016-03-02T06:00:00-03:00,1,01:00:00,1,01:00:00,100.0,100.0,2016-03-02T08:00:00Z,2016-03-02T05:00:00-03:00,2016-03-02T09:00:00Z,2016-03-02T06:00:00-03:00
12.75,,,False,2,pm25,µg/m³,,raw,01:00:00,2016-03-02T09:00:00Z,2016-03-02T06:00:00-03:00,2016-03-02T10:00:00Z,2016-03-02T07:00:00-03:00,1,01:00:00,1,01:00:00,100.0,100.0,2016-03-02T09:00:00Z,2016-03-02T06:00:00-03:00,2016-03-02T10:00:00Z,2016-03-02T07:00:00-03:00
16.71,,,False,2,pm25,µg/m³,,raw,01:00:00,2016-03-02T10:00:00Z,2016-03-02T07:00:00-03:00,2016-03-02T11:00:00Z,2016-03-02T08:00:00-03:00,1,01:00:00,1,01:00:00,100.0,100.0,2016-03-02T10:00:00Z,2016-03-02T07:00:00-03:00,2016-03-02T11:00:00Z,2016-03-02T08:00:00-03:00
22.27,,,False,2,pm25,µg/m³,,raw,01:00:00,2016-03-02T11:00:00Z,2016-03-02T08:00:00-03:00,2016-03-02T12:00:00Z,2016-03-02T09:00:00-03:00,1,01:00:00,1,01:00:00,100.0,100.0,2016-03-02T11:00:00Z,2016-03-02T08:00:00-03:00,2016-03-02T12:00:00Z,2016-03-02T09:00:00-03:00
30.25,,,False,2,pm25,µg/m³,,raw,01:00:00,2016-03-02T12:00:00Z,2016-03-02T09:00:00-03:00,2016-03-02T13:00:00Z,2016-03-02T10:00:00-03:00,1,01:00:00,1,01:00:00,100.0,100.0,2016-03-02T12:00:00Z,2016-03-02T09:00:00-03:00,2016-03-02T13:00:00Z,2016-03-02T10:00:00-03:00
16.27,,,False,2,pm25,µg/m³,,raw,01:00:00,2016-03-02T13:00:00Z,2016-03-02T10:00:00-03:00,2016-03-02T14:00:00Z,2016-03-02T11:00:00-03:00,1,01:00:00,1,01:00:00,100.0,100.0,2016-03-02T13:00:00Z,2016-03-02T10:00:00-03:00,2016-03-02T14:00:00Z,2016-03-02T11:00:00-03:00
12.64,,,False,2,pm25,µg/m³,,raw,01:00:00,2016-03-02T14:00:00Z,2016-03-02T11:00:00-03:00,2016-03-02T15:00:00Z,2016-03-02T12:00:00-03:00,1,01:00:00,1,01:00:00,100.0,100.0,2016-03-02T14:00:00Z,2016-03-02T11:00:00-03:00,2016-03-02T15:00:00Z,2016-03-02T12:00:00-03:00
12.82,,,False,2,pm25,µg/m³,,raw,01:00:00,2016-03-02T15:00:00Z,2016-03-02T12:00:00-03:00,2016-03-02T16:00:00Z,2016-03-02T13:00:00-03:00,1,01:00:00,1,01:00:00,100.0,100.0,2016-03-02T15:00:00Z,2016-03-02T12:00:00-03:00,2016-03-02T16:00:00Z,2016-03-02T13:00:00-03:00
11.95,,,False,2,pm25,µg/m³,,raw,01:00:00,2016-03-02T16:00:00Z,2016-03-02T13:00:00-03:00,2016-03-02T17:00:00Z,2016-03-02T14:00:00-03:00,1,01:00:00,1,01:00:00,100.0,100.0,2016-03-02T16:00:00Z,2016-03-02T13:00:00-03:00,2016-03-02T17:00:00Z,2016-03-02T14:00:00-03:00
10.83,,,False,2,pm25,µg/m³,,raw,01:00:00,2016-03-02T17:00:00Z,2016-03-02T14:00:00-03:00,2016-03-02T18:00:00Z,2016-03-02T15:00:00-03:00,1,01:00:00,1,01:00:00,100.0,100.0,2016-03-02T17:00:00Z,2016-03-02T14:00:00-03:00,2016-03-02T18:00:00Z,2016-03-02T15:00:00-03:00
19.11,,,False,2,pm25,µg/m³,,raw,01:00:00,2016-03-02T18:00:00Z,2016-03-02T15:00:00-03:00,2016-03-02T19:00:00Z,2016-03-02T16:00:00-03:00,1,01:00:00,1,01:00:00,100.0,100.0,2016-03-02T18:00:00Z,2016-03-02T15:00:00-03:00,2016-03-02T19:00:00Z,2016-03-02T16:00:00-03:00
13.2,,,False,2,pm25,µg/m³,,raw,01:00:00,2016-03-02T19:00:00Z,2016-03-02T16:00:00-03:00,2016-03-02T20:00:00Z,2016-03-02T17:00:00-03:00,1,01:00:00,1,01:00:00,100.0,100.0,2016-03-02T19:00:00Z,2016-03-02T16:00:00-03:00,2016-03-02T20:00:00Z,2016-03-02T17:00:00-03:00
13.65,,,False,2,pm25,µg/m³,,raw,01:00:00,2016-03-02T20:00:00Z,2016-03-02T17:00:00-03:00,2016-03-02T21:00:00Z,2016-03-02T18:00:00-03:00,1,01:00:00,1,01:00:00,100.0,100.0,2016-03-02T20:00:00Z,2016-03-02T17:00:00-03:00,2016-03-02T21:00:00Z,2016-03-02T18:00:00-03:00
16.99,,,False,2,pm25,µg/m³,,raw,01:00:00,2016-03-02T21:00:00Z,2016-03-02T18:00:00-03:00,2016-03-02T22:00:00Z,2016-03-02T19:00:00-03:00,1,01:00:00,1,01:00:00,100.0,100.0,2016-03-02T21:00:00Z,2016-03-02T18:00:00-03:00,2016-03-02T22:00:00Z,2016-03-02T19:00:00-03:00
18.15,,,False,2,pm25,µg/m³,,raw,01:00:00,2016-03-02T22:00:00Z,2016-03-02T19:00:00-03:00,2016-03-02T23:00:00Z,2016-03-02T20:00:00-03:00,1,01:00:00,1,01:00:00,100.0,100.0,2016-03-02T22:00:00Z,2016-03-02T19:00:00-03:00,2016-03-02T23:00:00Z,2016-03-02T20:00:00-03:00
16.48,,,False,2,pm25,µg/m³,,raw,01:00:00,2016-03-02T23:00:00Z,2016-03-02T20:00:00-03:00,2016-03-03T00:00:00Z,2016-03-02T21:00:00-03:00,1,01:00:00,1,01:00:00,100.0,100.0,2016-03-02T23:00:00Z,2016-03-02T20:00:00-03:00,2016-03-03T00:00:00Z,2016-03-02T21:00:00-03:00
4.481,,,False,2,pm25,µg/m³,,raw,01:00:00,2016-03-03T00:00:00Z,2016-03-02T21:00:00-03:00,2016-03-03T01:00:00Z,2016-03-02T22:00:00-03:00,1,01:00:00,1,01:00:00,100.0,100.0,2016-03-03T00:00:00Z,2016-03-02T21:00:00-03:00,2016-03-03T01:00:00Z,2016-03-02T22:00:00-03:00
10.37,,,False,2,pm25,µg/m³,,raw,01:00:00,2016-03-03T01:00:00Z,2016-03-02T22:00:00-03:00,2016-03-03T02:00:00Z,2016-03-02T23:00:00-03:00,1,01:00:00,1,01:00:00,100.0,100.0,2016-03-03T01:00:00Z,2016-03-02T22:00:00-03:00,2016-03-03T02:00:00Z,2016-03-02T23:00:00-03:00
21.08,,,False,2,pm25,µg/m³,,raw,01:00:00,2016-03-03T02:00:00Z,2016-03-02T23:00:00-03:00,2016-03-03T03:00:00Z,2016-03-03T00:00:00-03:00,1,01:00:00,1,01:00:00,100.0,100.0,2016-03-03T02:00:00Z,2016-03-02T23:00:00-03:00,2016-03-03T03:00:00Z,2016-03-03T00:00:00-03:00
33.91,,,False,2,pm25,µg/m³,,raw,01:00:00,2016-03-03T03:00:00Z,2016-03-03T00:00:00-03:00,2016-03-03T04:00:00Z,2016-03-03T01:00:00-03:00,1,01:00:00,1,01:00:00,100.0,100.0,2016-03-03T03:00:00Z,2016-03-03T00:00:00-03:00,2016-03-03T04:00:00Z,2016-03-03T01:00:00-03:00
21.68,,,False,2,pm25,µg/m³,,raw,01:00:00,2016-03-03T04:00:00Z,2016-03-03T01:00:00-03:00,2016-03-03T05:00:00Z,2016-03-03T02:00:00-03:00,1,01:00:00,1,01:00:00,100.0,100.0,2016-03-03T04:00:00Z,2016-03-03T01:00:00-03:00,2016-03-03T05:00:00Z,2016-03-03T02:00:00-03:00
20.23,,,False,2,pm25,µg/m³,,raw,01:00:00,2016-03-03T05:00:00Z,2016-03-03T02:00:00-03:00,2016-03-03T06:00:00Z,2016-03-03T03:00:00-03:00,1,01:00:00,1,01:00:00,100.0,100.0,2016-03-03T05:00:00Z,2016-03-03T02:00:00-03:00,2016-03-03T06:00:00Z,2016-03-03T03:00:00-03:00
13.65,,,False,2,pm25,µg/m³,,raw,01:00:00,2016-03-03T07:00:00Z,2016-03-03T04:00:00-03:00,2016-03-03T08:00:00Z,2016-03-03T05:00:00-03:00,1,01:00:00,1,01:00:00,100.0,100.0,2016-03-03T07:00:00Z,2016-03-03T04:00:00-03:00,2016-03-03T08:00:00Z,2016-03-03T05:00:00-03:00
10.69,,,False,2,pm25,µg/m³,,raw,01:00:00,2016-03-03T08:00:00Z,2016-03-03T05:00:00-03:00,2016-03-03T09:00:00Z,2016-03-03T06:00:00-03:00,1,01:00:00,1,01:00:00,100.0,100.0,2016-03-03T08:00:00Z,2016-03-03T05:00:00-03:00,2016-03-03T09:00:00Z,2016-03-03T06:00:00-03:00
16.73,,,False,2,pm25,µg/m³,,raw,01:00:00,2016-03-03T09:00:00Z,2016-03-03T06:00:00-03:00,2016-03-03T10:00:00Z,2016-03-03T07:00:00-03:00,1,01:00:00,1,01:00:00,100.0,100.0,2016-03-03T09:00:00Z,2016-03-03T06:00:00-03:00,2016-03-03T10:00:00Z,2016-03-03T07:00:00-03:00
22.88,,,False,2,pm25,µg/m³,,raw,01:00:00,2016-03-03T10:00:00Z,2016-03-03T07:00:00-03:00,2016-03-03T11:00:00Z,2016-03-03T08:00:00-03:00,1,01:00:00,1,01:00:00,100.0,100.0,2016-03-03T10:00:00Z,2016-03-03T07:00:00-03:00,2016-03-03T11:00:00Z,2016-03-03T08:00:00-03:00
26.98,,,False,2,pm25,µg/m³,,raw,01:00:00,2016-03-03T11:00:00Z,2016-03-03T08:00:00-03:00,2016-03-03T12:00:00Z,2016-03-03T09:00:00-03:00,1,01:00:00,1,01:00:00,100.0,100.0,2016-03-03T11:00:00Z,2016-03-03T08:00:00-03:00,2016-03-03T12:00:00Z,2016-03-03T09:00:00-03:00
16.23,,,False,2,pm25,µg/m³,,raw,01:00:00,2016-03-03T12:00:00Z,2016-03-03T09:00:00-03:00,2016-03-03T13:00:00Z,2016-03-03T10:00:00-03:00,1,01:00:00,1,01:00:00,100.0,100.0,2016-03-03T12:00:00Z,2016-03-03T09:00:00-03:00,2016-03-03T13:00:00Z,2016-03-03T10:00:00-03:00
19.92,,,False,2,pm25,µg/m³,,raw,01:00:00,2016-03-03T13:00:00Z,2016-03-03T10:00:00-03:00,2016-03-03T14:00:00Z,2016-03-03T11:00:00-03:00,1,01:00:00,1,01:00:00,100.0,100.0,2016-03-03T13:00:00Z,2016-03-03T10:00:00-03:00,2016-03-03T14:00:00Z,2016-03-03T11:00:00-03:00
20.09,,,False,2,pm25,µg/m³,,raw,01:00:00,2016-03-03T14:00:00Z,2016-03-03T11:00:00-03:00,2016-03-03T15:00:00Z,2016-03-03T12:00:00-03:00,1,01:00:00,1,01:00:00,100.0,100.0,2016-03-03T14:00:00Z,2016-03-03T11:00:00-03:00,2016-03-03T15:00:00Z,2016-03-03T12:00:00-03:00
27.51,,,False,2,pm25,µg/m³,,raw,01:00:00,2016-03-03T15:00:00Z,2016-03-03T12:00:00-03:00,2016-03-03T16:00:00Z,2016-03-03T13:00:00-03:00,1,01:00:00,1,01:00:00,100.0,100.0,2016-03-03T15:00:00Z,2016-03-03T12:00:00-03:00,2016-03-03T16:00:00Z,2016-03-03T13:00:00-03:00
22.13,,,False,2,pm25,µg/m³,,raw,01:00:00,2016-03-03T16:00:00Z,2016-03-03T13:00:00-03:00,2016-03-03T17:00:00Z,2016-03-03T14:00:00-03:00,1,01:00:00,1,01:00:00,100.0,100.0,2016-03-03T16:00:00Z,2016-03-03T13:00:00-03:00,2016-03-03T17:00:00Z,2016-03-03T14:00:00-03:00
13.74,,,False,2,pm25,µg/m³,,raw,01:00:00,2016-03-03T17:00:00Z,2016-03-03T14:00:00-03:00,2016-03-03T18:00:00Z,2016-03-03T15:00:00-03:00,1,01:00:00,1,01:00:00,100.0,100.0,2016-03-03T17:00:00Z,2016-03-03T14:00:00-03:00,2016-03-03T18:00:00Z,2016-03-03T15:00:00-03:00
17.2,,,False,2,pm25,µg/m³,,raw,01:00:00,2016-03-03T18:00:00Z,2016-03-03T15:00:00-03:00,2016-03-03T19:00:00Z,2016-03-03T16:00:00-03:00,1,01:00:00,1,01:00:00,100.0,100.0,2016-03-03T18:00:00Z,2016-03-03T15:00:00-03:00,2016-03-03T19:00:00Z,2016-03-03T16:00:00-03:00
29.04,,,False,2,pm25,µg/m³,,raw,01:00:00,2016-03-03T19:00:00Z,2016-03-03T16:00:00-03:00,2016-03-03T20:00:00Z,2016-03-03T17:00:00-03:00,1,01:00:00,1,01:00:00,100.0,100.0,2016-03-03T19:00:00Z,2016-03-03T16:00:00-03:00,2016-03-03T20:00:00Z,2016-03-03T17:00:00-03:00
18.83,,,False,2,pm25,µg/m³,,raw,01:00:00,2016-03-03T20:00:00Z,2016-03-03T17:00:00-03:00,2016-03-03T21:00:00Z,2016-03-03T18:00:00-03:00,1,01:00:00,1,01:00:00,100.0,100.0,2016-03-03T20:00:00Z,2016-03-03T17:00:00-03:00,2016-03-03T21:00:00Z,2016-03-03T18:00:00-03:00
14.41,,,False,2,pm25,µg/m³,,raw,01:00:00,2016-03-03T21:00:00Z,2016-03-03T18:00:00-03:00,2016-03-03T22:00:00Z,2016-03-03T19:00:00-03:00,1,01:00:00,1,01:00:00,100.0,100.0,2016-03-03T21:00:00Z,2016-03-03T18:00:00-03:00,2016-03-03T22:00:00Z,2016-03-03T19:00:00-03:00
15.76,,,False,2,pm25,µg/m³,,raw,01:00:00,2016-03-03T23:00:00Z,2016-03-03T20:00:00-03:00,2016-03-04T00:00:00Z,2016-03-03T21:00:00-03:00,1,01:00:00,1,01:00:00,100.0,100.0,2016-03-03T23:00:00Z,2016-03-03T20:00:00-03:00,2016-03-04T00:00:00Z,2016-03-03T21:00:00-03:00
19.22,,,False,2,pm25,µg/m³,,raw,01:00:00,2016-03-04T00:00:00Z,2016-03-03T21:00:00-03:00,2016-03-04T01:00:00Z,2016-03-03T22:00:00-03:00,1,01:00:00,1,01:00:00,100.0,100.0,2016-03-04T00:00:00Z,2016-03-03T21:00:00-03:00,2016-03-04T01:00:00Z,2016-03-03T22:00:00-03:00
22.24,,,False,2,pm25,µg/m³,,raw,01:00:00,2016-03-04T01:00:00Z,2016-03-03T22:00:00-03:00,2016-03-04T02:00:00Z,2016-03-03T23:00:00-03:00,1,01:00:00,1,01:00:00,100.0,100.0,2016-03-04T01:00:00Z,2016-03-03T22:00:00-03:00,2016-03-04T02:00:00Z,2016-03-03T23:00:00-03:00
18.7,,,False,2,pm25,µg/m³,,raw,01:00:00,2016-03-04T04:00:00Z,2016-03-04T01:00:00-03:00,2016-03-04T05:00:00Z,2016-03-04T02:00:00-03:00,1,01:00:00,1,01:00:00,100.0,100.0,2016-03-04T04:00:00Z,2016-03-04T01:00:00-03:00,2016-03-04T05:00:00Z,2016-03-04T02:00:00-03:00
8.773,,,False,2,pm25,µg/m³,,raw,01:00:00,2016-03-04T05:00:00Z,2016-03-04T02:00:00-03:00,2016-03-04T06:00:00Z,2016-03-04T03:00:00-03:00,1,01:00:00,1,01:00:00,100.0,100.0,2016-03-04T05:00:00Z,2016-03-04T02:00:00-03:00,2016-03-04T06:00:00Z,2016-03-04T03:00:00-03:00
12.39,,,False,2,pm25,µg/m³,,raw,01:00:00,2016-03-04T06:00:00Z,2016-03-04T03:00:00-03:00,2016-03-04T07:00:00Z,2016-03-04T04:00:00-03:00,1,01:00:00,1,01:00:00,100.0,100.0,2016-03-04T06:00:00Z,2016-03-04T03:00:00-03:00,2016-03-04T07:00:00Z,2016-03-04T04:00:00-03:00
1.0,,,False,2,pm25,µg/m³,,raw,01:00:00,2016-03-04T07:00:00Z,2016-03-04T04:00:00-03:00,2016-03-04T08:00:00Z,2016-03-04T05:00:00-03:00,1,01:00:00,1,01:00:00,100.0,100.0,2016-03-04T07:00:00Z,2016-03-04T04:00:00-03:00,2016-03-04T08:00:00Z,2016-03-04T05:00:00-03:00
19.81,,,False,2,pm25,µg/m³,,raw,01:00:00,2016-03-04T08:00:00Z,2016-03-04T05:00:00-03:00,2016-03-04T09:00:00Z,2016-03-04T06:00:00-03:00,1,01:00:00,1,01:00:00,100.0,100.0,2016-03-04T08:00:00Z,2016-03-04T05:00:00-03:00,2016-03-04T09:00:00Z,2016-03-04T06:00:00-03:00
28.5,,,False,2,pm25,µg/m³,,raw,01:00:00,2016-03-04T09:00:00Z,2016-03-04T06:00:00-03:00,2016-03-04T10:00:00Z,2016-03-04T07:00:00-03:00,1,01:00:00,1,01:00:00,100.0,100.0,2016-03-04T09:00:00Z,2016-03-04T06:00:00-03:00,2016-03-04T10:00:00Z,2016-03-04T07:00:00-03:00
18.02,,,False,2,pm25,µg/m³,,raw,01:00:00,2016-03-04T10:00:00Z,2016-03-04T07:00:00-03:00,2016-03-04T11:00:00Z,2016-03-04T08:00:00-03:00,1,01:00:00,1,01:00:00,100.0,100.0,2016-03-04T10:00:00Z,2016-03-04T07:00:00-03:00,2016-03-04T11:00:00Z,2016-03-04T08:00:00-03:00
8.741,,,False,2,pm25,µg/m³,,raw,01:00:00,2016-03-04T11:00:00Z,2016-03-04T08:00:00-03:00,2016-03-04T12:00:00Z,2016-03-04T09:00:00-03:00,1,01:00:00,1,01:00:00,100.0,100.0,2016-03-04T11:00:00Z,2016-03-04T08:00:00-03:00,2016-03-04T12:00:00Z,2016-03-04T09:00:00-03:00
20.98,,,False,2,pm25,µg/m³,,raw,01:00:00,2016-03-04T12:00:00Z,2016-03-04T09:00:00-03:00,2016-03-04T13:00:00Z,2016-03-04T10:00:00-03:00,1,01:00:00,1,01:00:00,100.0,100.0,2016-03-04T12:00:00Z,2016-03-04T09:00:00-03:00,2016-03-04T13:00:00Z,2016-03-04T10:00:00-03:00
19.21,,,False,2,pm25,µg/m³,,raw,01:00:00,2016-03-04T13:00:00Z,2016-03-04T10:00:00-03:00,2016-03-04T14:00:00Z,2016-03-04T11:00:00-03:00,1,01:00:00,1,01:00:00,100.0,100.0,2016-03-04T13:00:00Z,2016-03-04T10:00:00-03:00,2016-03-04T14:00:00Z,2016-03-04T11:00:00-03:00
10.75,,,False,2,pm25,µg/m³,,raw,01:00:00,2016-03-04T14:00:00Z,2016-03-04T11:00:00-03:00,2016-03-04T15:00:00Z,2016-03-04T12:00:00-03:00,1,01:00:00,1,01:00:00,100.0,100.0,2016-03-04T14:00:00Z,2016-03-04T11:00:00-03:00,2016-03-04T15:00:00Z,2016-03-04T12:00:00-03:00
28.31,,,False,2,pm25,µg/m³,,raw,01:00:00,2016-03-04T15:00:00Z,2016-03-04T12:00:00-03:00,2016-03-04T16:00:00Z,2016-03-04T13:00:00-03:00,1,01:00:00,1,01:00:00,100.0,100.0,2016-03-04T15:00:00Z,2016-03-04T12:00:00-03:00,2016-03-04T16:00:00Z,2016-03-04T13:00:00-03:00
38.96,,,False,2,pm25,µg/m³,,raw,01:00:00,2016-03-04T16:00:00Z,2016-03-04T13:00:00-03:00,2016-03-04T17:00:00Z,2016-03-04T14:00:00-03:00,1,01:00:00,1,01:00:00,100.0,100.0,2016-03-04T16:00:00Z,2016-03-04T13:00:00-03:00,2016-03-04T17:00:00Z,2016-03-04T14:00:00-03:00
23.82,,,False,2,pm25,µg/m³,,raw,01:00:00,2016-03-04T17:00:00Z,2016-03-04T14:00:00-03:00,2016-03-04T18:00:00Z,2016-03-04T15:00:00-03:00,1,01:00:00,1,01:00:00,100.0,100.0,2016-03-04T17:00:00Z,2016-03-04T14:00:00-03:00,2016-03-04T18:00:00Z,2016-03-04T15:00:00-03:00
13.32,,,False,2,pm25,µg/m³,,raw,01:00:00,2016-03-04T18:00:00Z,2016-03-04T15:00:00-03:00,2016-03-04T19:00:00Z,2016-03-04T16:00:00-03:00,1,01:00:00,1,01:00:00,100.0,100.0,2016-03-04T18:00:00Z,2016-03-04T15:00:00-03:00,2016-03-04T19:00:00Z,2016-03-04T16:00:00-03:00
17.33,,,False,2,pm25,µg/m³,,raw,01:00:00,2016-03-04T19:00:00Z,2016-03-04T16:00:00-03:00,2016-03-04T20:00:00Z,2016-03-04T17:00:00-03:00,1,01:00:00,1,01:00:00,100.0,100.0,2016-03-04T19:00:00Z,2016-03-04T16:00:00-03:00,2016-03-04T20:00:00Z,2016-03-04T17:00:00-03:00
1.23,,,False,2,pm25,µg/m³,,raw,01:00:00,2016-03-04T20:00:00Z,2016-03-04T17:00:00-03:00,2016-03-04T21:00:00Z,2016-03-04T18:00:00-03:00,1,01:00:00,1,01:00:00,100.0,100.0,2016-03-04T20:00:00Z,2016-03-04T17:00:00-03:00,2016-03-04T21:00:00Z,2016-03-04T18:00:00-03:00
8.794,,,False,2,pm25,µg/m³,,raw,01:00:00,2016-03-04T21:00:00Z,2016-03-04T18:00:00-03:00,2016-03-04T22:00:00Z,2016-03-04T19:00:00-03:00,1,01:00:00,1,01:00:00,100.0,100.0,2016-03-04T21:00:00Z,2016-03-04T18:00:00-03:00,2016-03-04T22:00:00Z,2016-03-04T19:00:00-03:00
15.93,,,False,2,pm25,µg/m³,,raw,01:00:00,2016-03-04T22:00:00Z,2016-03-04T19:00:00-03:00,2016-03-04T23:00:00Z,2016-03-04T20:00:00-03:00,1,01:00:00,1,01:00:00,100.0,100.0,2016-03-04T22:00:00Z,2016-03-04T19:00:00-03:00,2016-03-04T23:00:00Z,2016-03-04T20:00:00-03:00
11.39,,,False,2,pm25,µg/m³,,raw,01:00:00,2016-03-04T23:00:00Z,2016-03-04T20:00:00-03:00,2016-03-05T00:00:00Z,2016-03-04T21:00:00-03:00,1,01:00:00,1,01:00:00,100.0,100.0,2016-03-04T23:00:00Z,2016-03-04T20:00:00-03:00,2016-03-05T00:00:00Z,2016-03-04T21:00:00-03:00
10.27,,,False,2,pm25,µg/m³,,raw,01:00:00,2016-03-05T00:00:00Z,2016-03-04T21:00:00-03:00,2016-03-05T01:00:00Z,2016-03-04T22:00:00-03:00,1,01:00:00,1,01:00:00,100.0,100.0,2016-03-05T00:00:00Z,2016-03-04T21:00:00-03:00,2016-03-05T01:00:00Z,2016-03-04T22:00:00-03:00
11.53,,,False,2,pm25,µg/m³,,raw,01:00:00,2016-03-05T01:00:00Z,2016-03-04T22:00:00-03:00,2016-03-05T02:00:00Z,2016-03-04T23:00:00-03:00,1,01:00:00,1,01:00:00,100.0,100.0,2016-03-05T01:00:00Z,2016-03-04T22:00:00-03:00,2016-03-05T02:00:00Z,2016-03-04T23:00:00-03:00
10.05,,,False,2,pm25,µg/m³,,raw,01:00:00,2016-03-05T02:00:00Z,2016-03-04T23:00:00-03:00,2016-03-05T03:00:00Z,2016-03-05T00:00:00-03:00,1,01:00:00,1,01:00:00,100.0,100.0,2016-03-05T02:00:00Z,2016-03-04T23:00:00-03:00,2016-03-05T03:00:00Z,2016-03-05T00:00:00-03:00
15.22,,,False,2,pm25,µg/m³,,raw,01:00:00,2016-03-05T03:00:00Z,2016-03-05T00:00:00-03:00,2016-03-05T04:00:00Z,2016-03-05T01:00:00-03:00,1,01:00:00,1,01:00:00,100.0,100.0,2016-03-05T03:00:00Z,2016-03-05T00:00:00-03:00,2016-03-05T04:00:00Z,2016-03-05T01:00:00-03:00
31.4,,,False,2,pm25,µg/m³,,raw,01:00:00,2016-03-05T04:00:00Z,2016-03-05T01:00:00-03:00,2016-03-05T05:00:00Z,2016-03-05T02:00:00-03:00,1,01:00:00,1,01:00:00,100.0,100.0,2016-03-05T04:00:00Z,2016-03-05T01:00:00-03:00,2016-03-05T05:00:00Z,2016-03-05T02:00:00-03:00
6.766,,,False,2,pm25,µg/m³,,raw,01:00:00,2016-03-05T05:00:00Z,2016-03-05T02:00:00-03:00,2016-03-05T06:00:00Z,2016-03-05T03:00:00-03:00,1,01:00:00,1,01:00:00,100.0,100.0,2016-03-05T05:00:00Z,2016-03-05T02:00:00-03:00,2016-03-05T06:00:00Z,2016-03-05T03:00:00-03:00
15.15,,,False,2,pm25,µg/m³,,raw,01:00:00,2016-03-05T06:00:00Z,2016-03-05T03:00:00-03:00,2016-03-05T07:00:00Z,2016-03-05T04:00:00-03:00,1,01:00:00,1,01:00:00,100.0,100.0,2016-03-05T06:00:00Z,2016-03-05T03:00:00-03:00,2016-03-05T07:00:00Z,2016-03-05T04:00:00-03:00
5.535,,,False,2,pm25,µg/m³,,raw,01:00:00,2016-03-05T07:00:00Z,2016-03-05T04:00:00-03:00,2016-03-05T08:00:00Z,2016-03-05T05:00:00-03:00,1,01:00:00,1,01:00:00,100.0,100.0,2016-03-05T07:00:00Z,2016-03-05T04:00:00-03:00,2016-03-05T08:00:00Z,2016-03-05T05:00:00-03:00
10.59,,,False,2,pm25,µg/m³,,raw,01:00:00,2016-03-05T08:00:00Z,2016-03-05T05:00:00-03:00,2016-03-05T09:00:00Z,2016-03-05T06:00:00-03:00,1,01:00:00,1,01:00:00,100.0,100.0,2016-03-05T08:00:00Z,2016-03-05T05:00:00-03:00,2016-03-05T09:00:00Z,2016-03-05T06:00:00-03:00
11.77,,,False,2,pm25,µg/m³,,raw,01:00:00,2016-03-05T09:00:00Z,2016-03-05T06:00:00-03:00,2016-03-05T10:00:00Z,2016-03-05T07:00:00-03:00,1,01:00:00,1,01:00:00,100.0,100.0,2016-03-05T09:00:00Z,2016-03-05T06:00:00-03:00,2016-03-05T10:00:00Z,2016-03-05T07:00:00-03:00
18.54,,,False,2,pm25,µg/m³,,raw,01:00:00,2016-03-05T10:00:00Z,2016-03-05T07:00:00-03:00,2016-03-05T11:00:00Z,2016-03-05T08:00:00-03:00,1,01:00:00,1,01:00:00,100.0,100.0,2016-03-05T10:00:00Z,2016-03-05T07:00:00-03:00,2016-03-05T11:00:00Z,2016-03-05T08:00:00-03:00
16.32,,,False,2,pm25,µg/m³,,raw,01:00:00,2016-03-05T11:00:00Z,2016-03-05T08:00:00-03:00,2016-03-05T12:00:00Z,2016-03-05T09:00:00-03:00,1,01:00:00,1,01:00:00,100.0,100.0,2016-03-05T11:00:00Z,2016-03-05T08:00:00-03:00,2016-03-05T12:00:00Z,2016-03-05T09:00:00-03:00
15.02,,,False,2,pm25,µg/m³,,raw,01:00:00,2016-03-05T12:00:00Z,2016-03-05T09:00:00-03:00,2016-03-05T13:00:00Z,2016-03-05T10:00:00-03:00,1,01:00:00,1,01:00:00,100.0,100.0,2016-03-05T12:00:00Z,2016-03-05T09:00:00-03:00,2016-03-05T13:00:00Z,2016-03-05T10:00:00-03:00
21.7,,,False,2,pm25,µg/m³,,raw,01:00:00,2016-03-05T13:00:00Z,2016-03-05T10:00:00-03:00,2016-03-05T14:00:00Z,2016-03-05T11:00:00-03:00,1,01:00:00,1,01:00:00,100.0,100.0,2016-03-05T13:00:00Z,2016-03-05T10:00:00-03:00,2016-03-05T14:00:00Z,2016-03-05T11:00:00-03:00
15.79,,,False,2,pm25,µg/m³,,raw,01:00:00,2016-03-05T14:00:00Z,2016-03-05T11:00:00-03:00,2016-03-05T15:00:00Z,2016-03-05T12:00:00-03:00,1,01:00:00,1,01:00:00,100.0,100.0,2016-03-05T14:00:00Z,2016-03-05T11:00:00-03:00,2016-03-05T15:00:00Z,2016-03-05T12:00:00-03:00
20.42,,,False,2,pm25,µg/m³,,raw,01:00:00,2016-03-05T15:00:00Z,2016-03-05T12:00:00-03:00,2016-03-05T16:00:00Z,2016-03-05T13:00:00-03:00,1,01:00:00,1,01:00:00,100.0,100.0,2016-03-05T15:00:00Z,2016-03-05T12:00:00-03:00,2016-03-05T16:00:00Z,2016-03-05T13:00:00-03:00
27.2,,,False,2,pm25,µg/m³,,raw,01:00:00,2016-03-05T16:00:00Z,2016-03-05T13:00:00-03:00,2016-03-05T17:00:00Z,2016-03-05T14:00:00-03:00,1,01:00:00,1,01:00:00,100.0,100.0,2016-03-05T16:00:00Z,2016-03-05T13:00:00-03:00,2016-03-05T17:00:00Z,2016-03-05T14:00:00-03:00
15.9,,,False,2,pm25,µg/m³,,raw,01:00:00,2016-03-05T17:00:00Z,2016-03-05T14:00:00-03:00,2016-03-05T18:00:00Z,2016-03-05T15:00:00-03:00,1,01:00:00,1,01:00:00,100.0,100.0,2016-03-05T17:00:00Z,2016-03-05T14:00:00-03:00,2016-03-05T18:00:00Z,2016-03-05T15:00:00-03:00
14.68,,,False,2,pm25,µg/m³,,raw,01:00:00,2016-03-05T18:00:00Z,2016-03-05T15:00:00-03:00,2016-03-05T19:00:00Z,2016-03-05T16:00:00-03:00,1,01:00:00,1,01:00:00,100.0,100.0,2016-03-05T18:00:00Z,2016-03-05T15:00:00-03:00,2016-03-05T19:00:00Z,2016-03-05T16:00:00-03:00
15.13,,,False,2,pm25,µg/m³,,raw,01:00:00,2016-03-05T19:00:00Z,2016-03-05T16:00:00-03:00,2016-03-05T20:00:00Z,2016-03-05T17:00:00-03:00,1,01:00:00,1,01:00:00,100.0,100.0,2016-03-05T19:00:00Z,2016-03-05T16:00:00-03:00,2016-03-05T20:00:00Z,2016-03-05T17:00:00-03:00
19.11,,,False,2,pm25,µg/m³,,raw,01:00:00,2016-03-05T20:00:00Z,2016-03-05T17:00:00-03:00,2016-03-05T21:00:00Z,2016-03-05T18:00:00-03:00,1,01:00:00,1,01:00:00,100.0,100.0,2016-03-05T20:00:00Z,2016-03-05T17:00:00-03:00,2016-03-05T21:00:00Z,2016-03-05T18:00:00-03:00
5.173,,,False,2,pm25,µg/m³,,raw,01:00:00,2016-03-05T21:00:00Z,2016-03-05T18:00:00-03:00,2016-03-05T22:00:00Z,2016-03-05T19:00:00-03:00,1,01:00:00,1,01:00:00,100.0,100.0,2016-03-05T21:00:00Z,2016-03-05T18:00:00-03:00,2016-03-05T22:00:00Z,2016-03-05T19:00:00-03:00
15.95,,,False,2,pm25,µg/m³,,raw,01:00:00,2016-03-05T22:00:00Z,2016-03-05T19:00:00-03:00,2016-03-05T23:00:00Z,2016-03-05T20:00:00-03:00,1,01:00:00,1,01:00:00,100.0,100.0,2016-03-05T22:00:00Z,2016-03-05T19:00:00-03:00,2016-03-05T23:00:00Z,2016-03-05T20:00:00-03:00
14.66,,,False,2,pm25,µg/m³,,raw,01:00:00,2016-03-05T23:00:00Z,2016-03-05T20:00:00-03:00,2016-03-06T00:00:00Z,2016-03-05T21:00:00-03:00,1,01:00:00,1,01:00:00,100.0,100.0,2016-03-05T23:00:00Z,2016-03-05T20:00:00-03:00,2016-03-06T00:00:00Z,2016-03-05T21:00:00-03:00
21.49,,,False,2,pm25,µg/m³,,raw,01:00:00,2016-03-06T00:00:00Z,2016-03-05T21:00:00-03:00,2016-03-06T01:00:00Z,2016-03-05T22:00:00-03:00,1,01:00:00,1,01:00:00,100.0,100.0,2016-03-06T00:00:00Z,2016-03-05T21:00:00-03:00,2016-03-06T01:00:00Z,2016-03-05T22:00:00-03:00
10.05,,,False,2,pm25,µg/m³,,raw,01:00:00,2016-03-06T01:00:00Z,2016-03-05T22:00:00-03:00,2016-03-06T02:00:00Z,2016-03-05T23:00:00-03:00,1,01:00:00,1,01:00:00,100.0,100.0,2016-03-06T01:00:00Z,2016-03-05T22:00:00-03:00,2016-03-06T02:00:00Z,2016-03-05T23:00:00-03:00
16.68,,,False,2,pm25,µg/m³,,raw,01:00:00,2016-03-06T02:00:00Z,2016-03-05T23:00:00-03:00,2016-03-06T03:00:00Z,2016-03-06T00:00:00-03:00,1,01:00:00,1,01:00:00,100.0,100.0,2016-03-06T02:00:00Z,2016-03-05T23:00:00-03:00,2016-03-06T03:00:00Z,2016-03-06T00:00:00-03:00
12.61,,,False,2,pm25,µg/m³,,raw,01:00:00,2016-03-06T03:00:00Z,2016-03-06T00:00:00-03:00,2016-03-06T04:00:00Z,2016-03-06T01:00:00-03:00,1,01:00:00,1,01:00:00,100.0,100.0,2016-03-06T03:00:00Z,2016-03-06T00:00:00-03:00,2016-03-06T04:00:00Z,2016-03-06T01:00:00-03:00
16.44,,,False,2,pm25,µg/m³,,raw,01:00:00,2016-03-06T04:00:00Z,2016-03-06T01:00:00-03:00,2016-03-06T05:00:00Z,2016-03-06T02:00:00-03:00,1,01:00:00,1,01:00:00,100.0,100.0,2016-03-06T04:00:00Z,2016-03-06T01:00:00-03:00,2016-03-06T05:00:00Z,2016-03-06T02:00:00-03:00
29.64,,,False,2,pm25,µg/m³,,raw,01:00:00,2016-03-06T05:00:00Z,2016-03-06T02:00:00-03:00,2016-03-06T06:00:00Z,2016-03-06T03:00:00-03:00,1,01:00:00,1,01:00:00,100.0,100.0,2016-03-06T05:00:00Z,2016-03-06T02:00:00-03:00,2016-03-06T06:00:00Z,2016-03-06T03:00:00-03:00
25.11,,,False,2,pm25,µg/m³,,raw,01:00:00,2016-03-06T06:00:00Z,2016-03-06T03:00:00-03:00,2016-03-06T07:00:00Z,2016-03-06T04:00:00-03:00,1,01:00:00,1,01:00:00,100.0,100.0,2016-03-06T06:00:00Z,2016-03-06T03:00:00-03:00,2016-03-06T07:00:00Z,2016-03-06T04:00:00-03:00
16.15,,,False,2,pm25,µg/m³,,raw,01:00:00,2016-03-06T07:00:00Z,2016-03-06T04:00:00-03:00,2016-03-06T08:00:00Z,2016-03-06T05:00:00-03:00,1,01:00:00,1,01:00:00,100.0,100.0,2016-03-06T07:00:00Z,2016-03-06T04:00:00-03:00,2016-03-06T08:00:00Z,2016-03-06T05:00:00-03:00
15.45,,,False,2,pm25,µg/m³,,raw,01:00:00,2016-03-06T08:00:00Z,2016-03-06T05:00:00-03:00,2016-03-06T09:00:00Z,2016-03-06T06:00:00-03:00,1,01:00:00,1,01:00:00,100.0,100.0,2016-03-06T08:00:00Z,2016-03-06T05:00:00-03:00,2016-03-06T09:00:00Z,2016-03-06T06:00:00-03:00
3.657,,,False,2,pm25,µg/m³,,raw,01:00:00,2016-03-06T09:00:00Z,2016-03-06T06:00:00-03:00,2016-03-06T10:00:00Z,2016-03-06T07:00:00-03:00,1,01:00:00,1,01:00:00,100.0,100.0,2016-03-06T09:00:00Z,2016-03-06T06:00:00-03:00,2016-03-06T10:00:00Z,2016-03-06T07:00:00-03:00
14.37,,,False,2,pm25,µg/m³,,raw,01:00:00,2016-03-06T10:00:00Z,2016-03-06T07:00:00-03:00,2016-03-06T11:00:00Z,2016-03-06T08:00:00-03:00,1,01:00:00,1,01:00:00,100.0,100.0,2016-03-06T10:00:00Z,2016-03-06T07:00:00-03:00,2016-03-06T11:00:00Z,2016-03-06T08:00:00-03:00
18.79,,,False,2,pm25,µg/m³,,raw,01:00:00,2016-03-06T11:00:00Z,2016-03-06T08:00:00-03:00,2016-03-06T12:00:00Z,2016-03-06T09:00:00-03:00,1,01:00:00,1,01:00:00,100.0,100.0,2016-03-06T11:00:00Z,2016-03-06T08:00:00-03:00,2016-03-06T12:00:00Z,2016-03-06T09:00:00-03:00
11.18,,,False,2,pm25,µg/m³,,raw,01:00:00,2016-03-06T12:00:00Z,2016-03-06T09:00:00-03:00,2016-03-06T13:00:00Z,2016-03-06T10:00:00-03:00,1,01:00:00,1,01:00:00,100.0,100.0,2016-03-06T12:00:00Z,2016-03-06T09:00:00-03:00,2016-03-06T13:00:00Z,2016-03-06T10:00:00-03:00
18.02,,,False,2,pm25,µg/m³,,raw,01:00:00,2016-03-06T13:00:00Z,2016-03-06T10:00:00-03:00,2016-03-06T14:00:00Z,2016-03-06T11:00:00-03:00,1,01:00:00,1,01:00:00,100.0,100.0,2016-03-06T13:00:00Z,2016-03-06T10:00:00-03:00,2016-03-06T14:00:00Z,2016-03-06T11:00:00-03:00
19.47,,,False,2,pm25,µg/m³,,raw,01:00:00,2016-03-06T14:00:00Z,2016-03-06T11:00:00-03:00,2016-03-06T15:00:00Z,2016-03-06T12:00:00-03:00,1,01:00:00,1,01:00:00,100.0,100.0,2016-03-06T14:00:00Z,2016-03-06T11:00:00-03:00,2016-03-06T15:00:00Z,2016-03-06T12:00:00-03:00
10.86,,,False,2,pm25,µg/m³,,raw,01:00:00,2016-03-06T15:00:00Z,2016-03-06T12:00:00-03:00,2016-03-06T16:00:00Z,2016-03-06T13:00:00-03:00,1,01:00:00,1,01:00:00,100.0,100.0,2016-03-06T15:00:00Z,2016-03-06T12:00:00-03:00,2016-03-06T16:00:00Z,2016-03-06T13:00:00-03:00
21.09,,,False,2,pm25,µg/m³,,raw,01:00:00,2016-03-06T16:00:00Z,2016-03-06T13:00:00-03:00,2016-03-06T17:00:00Z,2016-03-06T14:00:00-03:00,1,01:00:00,1,01:00:00,100.0,100.0,2016-03-06T16:00:00Z,2016-03-06T13:00:00-03:00,2016-03-06T17:00:00Z,2016-03-06T14:00:00-03:00
16.87,,,False,2,pm25,µg/m³,,raw,01:00:00,2016-03-06T17:00:00Z,2016-03-06T14:00:00-03:00,2016-03-06T18:00:00Z,2016-03-06T15:00:00-03:00,1,01:00:00,1,01:00:00,100.0,100.0,2016-03-06T17:00:00Z,2016-03-06T14:00:00-03:00,2016-03-06T18:00:00Z,2016-03-06T15:00:00-03:00
9.886,,,False,2,pm25,µg/m³,,raw,01:00:00,2016-03-06T18:00:00Z,2016-03-06T15:00:00-03:00,2016-03-06T19:00:00Z,2016-03-06T16:00:00-03:00,1,01:00:00,1,01:00:00,100.0,100.0,2016-03-06T18:00:00Z,2016-03-06T15:00:00-03:00,2016-03-06T19:00:00Z,2016-03-06T16:00:00-03:00
7.475,,,False,2,pm25,µg/m³,,raw,01:00:00,2016-03-06T19:00:00Z,2016-03-06T16:00:00-03:00,2016-03-06T20:00:00Z,2016-03-06T17:00:00-03:00,1,01:00:00,1,01:00:00,100.0,100.0,2016-03-06T19:00:00Z,2016-03-06T16:00:00-03:00,2016-03-06T20:00:00Z,2016-03-06T17:00:00-03:00
3.487,,,False,2,pm25,µg/m³,,raw,01:00:00,2016-03-06T20:00:00Z,2016-03-06T17:00:00-03:00,2016-03-06T21:00:00Z,2016-03-06T18:00:00-03:00,1,01:00:00,1,01:00:00,100.0,100.0,2016-03-06T20:00:00Z,2016-03-06T17:00:00-03:00,2016-03-06T21:00:00Z,2016-03-06T18:00:00-03:00
4.69,,,False,2,pm25,µg/m³,,raw,01:00:00,2016-03-06T21:00:00Z,2016-03-06T18:00:00-03:00,2016-03-06T22:00:00Z,2016-03-06T19:00:00-03:00,1,01:00:00,1,01:00:00,100.0,100.0,2016-03-06T21:00:00Z,2016-03-06T18:00:00-03:00,2016-03-06T22:00:00Z,2016-03-06T19:00:00-03:00
3.145,,,False,2,pm25,µg/m³,,raw,01:00:00,2016-03-06T22:00:00Z,2016-03-06T19:00:00-03:00,2016-03-06T23:00:00Z,2016-03-06T20:00:00-03:00,1,01:00:00,1,01:00:00,100.0,100.0,2016-03-06T22:00:00Z,2016-03-06T19:00:00-03:00,2016-03-06T23:00:00Z,2016-03-06T20:00:00-03:00
15.78,,,False,2,pm25,µg/m³,,raw,01:00:00,2016-03-06T23:00:00Z,2016-03-06T20:00:00-03:00,2016-03-07T00:00:00Z,2016-03-06T21:00:00-03:00,1,01:00:00,1,01:00:00,100.0,100.0,2016-03-06T23:00:00Z,2016-03-06T20:00:00-03:00,2016-03-07T00:00:00Z,2016-03-06T21:00:00-03:00
12.61,,,False,2,pm25,µg/m³,,raw,01:00:00,2016-03-07T00:00:00Z,2016-03-06T21:00:00-03:00,2016-03-07T01:00:00Z,2016-03-06T22:00:00-03:00,1,01:00:00,1,01:00:00,100.0,100.0,2016-03-07T00:00:00Z,2016-03-06T21:00:00-03:00,2016-03-07T01:00:00Z,2016-03-06T22:00:00-03:00
8.176,,,False,2,pm25,µg/m³,,raw,01:00:00,2016-03-07T01:00:00Z,2016-03-06T22:00:00-03:00,2016-03-07T02:00:00Z,2016-03-06T23:00:00-03:00,1,01:00:00,1,01:00:00,100.0,100.0,2016-03-07T01:00:00Z,2016-03-06T22:00:00-03:00,2016-03-07T02:00:00Z,2016-03-06T23:00:00-03:00
2.364,,,False,2,pm25,µg/m³,,raw,01:00:00,2016-03-07T02:00:00Z,2016-03-06T23:00:00-03:00,2016-03-07T03:00:00Z,2016-03-07T00:00:00-03:00,1,01:00:00,1,01:00:00,100.0,100.0,2016-03-07T02:00:00Z,2016-03-06T23:00:00-03:00,2016-03-07T03:00:00Z,2016-03-07T00:00:00-03:00
3.5,,,False,2,pm25,µg/m³,,raw,01:00:00,2016-03-07T03:00:00Z,2016-03-07T00:00:00-03:00,2016-03-07T04:00:00Z,2016-03-07T01:00:00-03:00,1,01:00:00,1,01:00:00,100.0,100.0,2016-03-07T03:00:00Z,2016-03-07T00:00:00-03:00,2016-03-07T04:00:00Z,2016-03-07T01:00:00-03:00
1.0,,,False,2,pm25,µg/m³,,raw,01:00:00,2016-03-07T04:00:00Z,2016-03-07T01:00:00-03:00,2016-03-07T05:00:00Z,2016-03-07T02:00:00-03:00,1,01:00:00,1,01:00:00,100.0,100.0,2016-03-07T04:00:00Z,2016-03-07T01:00:00-03:00,2016-03-07T05:00:00Z,2016-03-07T02:00:00-03:00
9.499,,,False,2,pm25,µg/m³,,raw,01:00:00,2016-03-07T05:00:00Z,2016-03-07T02:00:00-03:00,2016-03-07T06:00:00Z,2016-03-07T03:00:00-03:00,1,01:00:00,1,01:00:00,100.0,100.0,2016-03-07T05:00:00Z,2016-03-07T02:00:00-03:00,2016-03-07T06:00:00Z,2016-03-07T03:00:00-03:00
13.16,,,False,2,pm25,µg/m³,,raw,01:00:00,2016-03-07T06:00:00Z,2016-03-07T03:00:00-03:00,2016-03-07T07:00:00Z,2016-03-07T04:00:00-03:00,1,01:00:00,1,01:00:00,100.0,100.0,2016-03-07T06:00:00Z,2016-03-07T03:00:00-03:00,2016-03-07T07:00:00Z,2016-03-07T04:00:00-03:00
11.1,,,False,2,pm25,µg/m³,,raw,01:00:00,2016-03-07T07:00:00Z,2016-03-07T04:00:00-03:00,2016-03-07T08:00:00Z,2016-03-07T05:00:00-03:00,1,01:00:00,1,01:00:00,100.0,100.0,2016-03-07T07:00:00Z,2016-03-07T04:00:00-03:00,2016-03-07T08:00:00Z,2016-03-07T05:00:00-03:00
2.318,,,False,2,pm25,µg/m³,,raw,01:00:00,2016-03-07T08:00:00Z,2016-03-07T05:00:00-03:00,2016-03-07T09:00:00Z,2016-03-07T06:00:00-03:00,1,01:00:00,1,01:00:00,100.0,100.0,2016-03-07T08:00:00Z,2016-03-07T05:00:00-03:00,2016-03-07T09:00:00Z,2016-03-07T06:00:00-03:00
4.588,,,False,2,pm25,µg/m³,,raw,01:00:00,2016-03-07T09:00:00Z,2016-03-07T06:00:00-03:00,2016-03-07T10:00:00Z,2016-03-07T07:00:00-03:00,1,01:00:00,1,01:00:00,100.0,100.0,2016-03-07T09:00:00Z,2016-03-07T06:00:00-03:00,2016-03-07T10:00:00Z,2016-03-07T07:00:00-03:00
11.2,,,False,2,pm25,µg/m³,,raw,01:00:00,2016-03-07T10:00:00Z,2016-03-07T07:00:00-03:00,2016-03-07T11:00:00Z,2016-03-07T08:00:00-03:00,1,01:00:00,1,01:00:00,100.0,100.0,2016-03-07T10:00:00Z,2016-03-07T07:00:00-03:00,2016-03-07T11:00:00Z,2016-03-07T08:00:00-03:00
6.562,,,False,2,pm25,µg/m³,,raw,01:00:00,2016-03-07T11:00:00Z,2016-03-07T08:00:00-03:00,2016-03-07T12:00:00Z,2016-03-07T09:00:00-03:00,1,01:00:00,1,01:00:00,100.0,100.0,2016-03-07T11:00:00Z,2016-03-07T08:00:00-03:00,2016-03-07T12:00:00Z,2016-03-07T09:00:00-03:00
13.52,,,False,2,pm25,µg/m³,,raw,01:00:00,2016-03-07T12:00:00Z,2016-03-07T09:00:00-03:00,2016-03-07T13:00:00Z,2016-03-07T10:00:00-03:00,1,01:00:00,1,01:00:00,100.0,100.0,2016-03-07T12:00:00Z,2016-03-07T09:00:00-03:00,2016-03-07T13:00:00Z,2016-03-07T10:00:00-03:00
8.549,,,False,2,pm25,µg/m³,,raw,01:00:00,2016-03-07T13:00:00Z,2016-03-07T10:00:00-03:00,2016-03-07T14:00:00Z,2016-03-07T11:00:00-03:00,1,01:00:00,1,01:00:00,100.0,100.0,2016-03-07T13:00:00Z,2016-03-07T10:00:00-03:00,2016-03-07T14:00:00Z,2016-03-07T11:00:00-03:00
6.445,,,False,2,pm25,µg/m³,,raw,01:00:00,2016-03-07T14:00:00Z,2016-03-07T11:00:00-03:00,2016-03-07T15:00:00Z,2016-03-07T12:00:00-03:00,1,01:00:00,1,01:00:00,100.0,100.0,2016-03-07T14:00:00Z,2016-03-07T11:00:00-03:00,2016-03-07T15:00:00Z,2016-03-07T12:00:00-03:00
3.581,,,False,2,pm25,µg/m³,,raw,01:00:00,2016-03-07T15:00:00Z,2016-03-07T12:00:00-03:00,2016-03-07T16:00:00Z,2016-03-07T13:00:00-03:00,1,01:00:00,1,01:00:00,100.0,100.0,2016-03-07T15:00:00Z,2016-03-07T12:00:00-03:00,2016-03-07T16:00:00Z,2016-03-07T13:00:00-03:00
15.07,,,False,2,pm25,µg/m³,,raw,01:00:00,2016-03-07T16:00:00Z,2016-03-07T13:00:00-03:00,2016-03-07T17:00:00Z,2016-03-07T14:00:00-03:00,1,01:00:00,1,01:00:00,100.0,100.0,2016-03-07T16:00:00Z,2016-03-07T13:00:00-03:00,2016-03-07T17:00:00Z,2016-03-07T14:00:00-03:00
19.03,,,False,2,pm25,µg/m³,,raw,01:00:00,2016-03-07T17:00:00Z,2016-03-07T14:00:00-03:00,2016-03-07T18:00:00Z,2016-03-07T15:00:00-03:00,1,01:00:00,1,01:00:00,100.0,100.0,2016-03-07T17:00:00Z,2016-03-07T14:00:00-03:00,2016-03-07T18:00:00Z,2016-03-07T15:00:00-03:00
15.35,,,False,2,pm25,µg/m³,,raw,01:00:00,2016-03-07T18:00:00Z,2016-03-07T15:00:00-03:00,2016-03-07T19:00:00Z,2016-03-07T16:00:00-03:00,1,01:00:00,1,01:00:00,100.0,100.0,2016-03-07T18:00:00Z,2016-03-07T15:00:00-03:00,2016-03-07T19:00:00Z,2016-03-07T16:00:00-03:00
11.12,,,False,2,pm25,µg/m³,,raw,01:00:00,2016-03-07T19:00:00Z,2016-03-07T16:00:00-03:00,2016-03-07T20:00:00Z,2016-03-07T17:00:00-03:00,1,01:00:00,1,01:00:00,100.0,100.0,2016-03-07T19:00:00Z,2016-03-07T16:00:00-03:00,2016-03-07T20:00:00Z,2016-03-07T17:00:00-03:00
15.46,,,False,2,pm25,µg/m³,,raw,01:00:00,2016-03-07T20:00:00Z,2016-03-07T17:00:00-03:00,2016-03-07T21:00:00Z,2016-03-07T18:00:00-03:00,1,01:00:00,1,01:00:00,100.0,100.0,2016-03-07T20:00:00Z,2016-03-07T17:00:00-03:00,2016-03-07T21:00:00Z,2016-03-07T18:00:00-03:00
18.94,,,False,2,pm25,µg/m³,,raw,01:00:00,2016-03-07T21:00:00Z,2016-03-07T18:00:00-03:00,2016-03-07T22:00:00Z,2016-03-07T19:00:00-03:00,1,01:00:00,1,01:00:00,100.0,100.0,2016-03-07T21:00:00Z,2016-03-07T18:00:00-03:00,2016-03-07T22:00:00Z,2016-03-07T19:00:00-03:00
32.18,,,False,2,pm25,µg/m³,,raw,01:00:00,2016-03-07T22:00:00Z,2016-03-07T19:00:00-03:00,2016-03-07T23:00:00Z,2016-03-07T20:00:00-03:00,1,01:00:00,1,01:00:00,100.0,100.0,2016-03-07T22:00:00Z,2016-03-07T19:00:00-03:00,2016-03-07T23:00:00Z,2016-03-07T20:00:00-03:00
18.28,,,False,2,pm25,µg/m³,,raw,01:00:00,2016-03-07T23:00:00Z,2016-03-07T20:00:00-03:00,2016-03-08T00:00:00Z,2016-03-07T21:00:00-03:00,1,01:00:00,1,01:00:00,100.0,100.0,2016-03-07T23:00:00Z,2016-03-07T20:00:00-03:00,2016-03-08T00:00:00Z,2016-03-07T21:00:00-03:00
10.26,,,False,2,pm25,µg/m³,,raw,01:00:00,2016-03-08T00:00:00Z,2016-03-07T21:00:00-03:00,2016-03-08T01:00:00Z,2016-03-07T22:00:00-03:00,1,01:00:00,1,01:00:00,100.0,100.0,2016-03-08T00:00:00Z,2016-03-07T21:00:00-03:00,2016-03-08T01:00:00Z,2016-03-07T22:00:00-03:00
15.3,,,False,2,pm25,µg/m³,,raw,01:00:00,2016-03-08T01:00:00Z,2016-03-07T22:00:00-03:00,2016-03-08T02:00:00Z,2016-03-07T23:00:00-03:00,1,01:00:00,1,01:00:00,100.0,100.0,2016-03-08T01:00:00Z,2016-03-07T22:00:00-03:00,2016-03-08T02:00:00Z,2016-03-07T23:00:00-03:00
16.84,,,False,2,pm25,µg/m³,,raw,01:00:00,2016-03-08T02:00:00Z,2016-03-07T23:00:00-03:00,2016-03-08T03:00:00Z,2016-03-08T00:00:00-03:00,1,01:00:00,1,01:00:00,100.0,100.0,2016-03-08T02:00:00Z,2016-03-07T23:00:00-03:00,2016-03-08T03:00:00Z,2016-03-08T00:00:00-03:00
29.11,,,False,2,pm25,µg/m³,,raw,01:00:00,2016-03-08T03:00:00Z,2016-03-08T00:00:00-03:00,2016-03-08T04:00:00Z,2016-03-08T01:00:00-03:00,1,01:00:00,1,01:00:00,100.0,100.0,2016-03-08T03:00:00Z,2016-03-08T00:00:00-03:00,2016-03-08T04:00:00Z,2016-03-08T01:00:00-03:00
29.33,,,False,2,pm25,µg/m³,,raw,01:00:00,2016-03-08T04:00:00Z,2016-03-08T01:00:00-03:00,2016-03-08T05:00:00Z,2016-03-08T02:00:00-03:00,1,01:00:00,1,01:00:00,100.0,100.0,2016-03-08T04:00:00Z,2016-03-08T01:00:00-03:00,2016-03-08T05:00:00Z,2016-03-08T02:00:00-03:00
9.883,,,False,2,pm25,µg/m³,,raw,01:00:00,2016-03-08T05:00:00Z,2016-03-08T02:00:00-03:00,2016-03-08T06:00:00Z,2016-03-08T03:00:00-03:00,1,01:00:00,1,01:00:00,100.0,100.0,2016-03-08T05:00:00Z,2016-03-08T02:00:00-03:00,2016-03-08T06:00:00Z,2016-03-08T03:00:00-03:00
15.55,,,False,2,pm25,µg/m³,,raw,01:00:00,2016-03-08T06:00:00Z,2016-03-08T03:00:00-03:00,2016-03-08T07:00:00Z,2016-03-08T04:00:00-03:00,1,01:00:00,1,01:00:00,100.0,100.0,2016-03-08T06:00:00Z,2016-03-08T03:00:00-03:00,2016-03-08T07:00:00Z,2016-03-08T04:00:00-03:00
6.561,,,False,2,pm25,µg/m³,,raw,01:00:00,2016-03-08T07:00:00Z,2016-03-08T04:00:00-03:00,2016-03-08T08:00:00Z,2016-03-08T05:00:00-03:00,1,01:00:00,1,01:00:00,100.0,100.0,2016-03-08T07:00:00Z,2016-03-08T04:00:00-03:00,2016-03-08T08:00:00Z,2016-03-08T05:00:00-03:00
10.17,,,False,2,pm25,µg/m³,,raw,01:00:00,2016-03-08T08:00:00Z,2016-03-08T05:00:00-03:00,2016-03-08T09:00:00Z,2016-03-08T06:00:00-03:00,1,01:00:00,1,01:00:00,100.0,100.0,2016-03-08T08:00:00Z,2016-03-08T05:00:00-03:00,2016-03-08T09:00:00Z,2016-03-08T06:00:00-03:00
14.54,,,False,2,pm25,µg/m³,,raw,01:00:00,2016-03-08T09:00:00Z,2016-03-08T06:00:00-03:00,2016-03-08T10:00:00Z,2016-03-08T07:00:00-03:00,1,01:00:00,1,01:00:00,100.0,100.0,2016-03-08T09:00:00Z,2016-03-08T06:00:00-03:00,2016-03-08T10:00:00Z,2016-03-08T07:00:00-03:00
18.44,,,False,2,pm25,µg/m³,,raw,01:00:00,2016-03-08T10:00:00Z,2016-03-08T07:00:00-03:00,2016-03-08T11:00:00Z,2016-03-08T08:00:00-03:00,1,01:00:00,1,01:00:00,100.0,100.0,2016-03-08T10:00:00Z,2016-03-08T07:00:00-03:00,2016-03-08T11:00:00Z,2016-03-08T08:00:00-03:00
16.14,,,False,2,pm25,µg/m³,,raw,01:00:00,2016-03-08T11:00:00Z,2016-03-08T08:00:00-03:00,2016-03-08T12:00:00Z,2016-03-08T09:00:00-03:00,1,01:00:00,1,01:00:00,100.0,100.0,2016-03-08T11:00:00Z,2016-03-08T08:00:00-03:00,2016-03-08T12:00:00Z,2016-03-08T09:00:00-03:00
8.496,,,False,2,pm25,µg/m³,,raw,01:00:00,2016-03-08T12:00:00Z,2016-03-08T09:00:00-03:00,2016-03-08T13:00:00Z,2016-03-08T10:00:00-03:00,1,01:00:00,1,01:00:00,100.0,100.0,2016-03-08T12:00:00Z,2016-03-08T09:00:00-03:00,2016-03-08T13:00:00Z,2016-03-08T10:00:00-03:00
18.83,,,False,2,pm25,µg/m³,,raw,01:00:00,2016-03-08T13:00:00Z,2016-03-08T10:00:00-03:00,2016-03-08T14:00:00Z,2016-03-08T11:00:00-03:00,1,01:00:00,1,01:00:00,100.0,100.0,2016-03-08T13:00:00Z,2016-03-08T10:00:00-03:00,2016-03-08T14:00:00Z,2016-03-08T11:00:00-03:00
11.78,,,False,2,pm25,µg/m³,,raw,01:00:00,2016-03-08T14:00:00Z,2016-03-08T11:00:00-03:00,2016-03-08T15:00:00Z,2016-03-08T12:00:00-03:00,1,01:00:00,1,01:00:00,100.0,100.0,2016-03-08T14:00:00Z,2016-03-08T11:00:00-03:00,2016-03-08T15:00:00Z,2016-03-08T12:00:00-03:00
3.246,,,False,2,pm25,µg/m³,,raw,01:00:00,2016-03-08T15:00:00Z,2016-03-08T12:00:00-03:00,2016-03-08T16:00:00Z,2016-03-08T13:00:00-03:00,1,01:00:00,1,01:00:00,100.0,100.0,2016-03-08T15:00:00Z,2016-03-08T12:00:00-03:00,2016-03-08T16:00:00Z,2016-03-08T13:00:00-03:00
9.155,,,False,2,pm25,µg/m³,,raw,01:00:00,2016-03-08T16:00:00Z,2016-03-08T13:00:00-03:00,2016-03-08T17:00:00Z,2016-03-08T14:00:00-03:00,1,01:00:00,1,01:00:00,100.0,100.0,2016-03-08T16:00:00Z,2016-03-08T13:00:00-03:00,2016-03-08T17:00:00Z,2016-03-08T14:00:00-03:00
15.29,,,False,2,pm25,µg/m³,,raw,01:00:00,2016-03-08T17:00:00Z,2016-03-08T14:00:00-03:00,2016-03-08T18:00:00Z,2016-03-08T15:00:00-03:00,1,01:00:00,1,01:00:00,100.0,100.0,2016-03-08T17:00:00Z,2016-03-08T14:00:00-03:00,2016-03-08T18:00:00Z,2016-03-08T15:00:00-03:00
13.77,,,False,2,pm25,µg/m³,,raw,01:00:00,2016-03-08T18:00:00Z,2016-03-08T15:00:00-03:00,2016-03-08T19:00:00Z,2016-03-08T16:00:00-03:00,1,01:00:00,1,01:00:00,100.0,100.0,2016-03-08T18:00:00Z,2016-03-08T15:00:00-03:00,2016-03-08T19:00:00Z,2016-03-08T16:00:00-03:00
15.07,,,False,2,pm25,µg/m³,,raw,01:00:00,2016-03-08T19:00:00Z,2016-03-08T16:00:00-03:00,2016-03-08T20:00:00Z,2016-03-08T17:00:00-03:00,1,01:00:00,1,01:00:00,100.0,100.0,2016-03-08T19:00:00Z,2016-03-08T16:00:00-03:00,2016-03-08T20:00:00Z,2016-03-08T17:00:00-03:00
14.04,,,False,2,pm25,µg/m³,,raw,01:00:00,2016-03-08T20:00:00Z,2016-03-08T17:00:00-03:00,2016-03-08T21:00:00Z,2016-03-08T18:00:00-03:00,1,01:00:00,1,01:00:00,100.0,100.0,2016-03-08T20:00:00Z,2016-03-08T17:00:00-03:00,2016-03-08T21:00:00Z,2016-03-08T18:00:00-03:00
33.84,,,False,2,pm25,µg/m³,,raw,01:00:00,2016-03-08T21:00:00Z,2016-03-08T18:00:00-03:00,2016-03-08T22:00:00Z,2016-03-08T19:00:00-03:00,1,01:00:00,1,01:00:00,100.0,100.0,2016-03-08T21:00:00Z,2016-03-08T18:00:00-03:00,2016-03-08T22:00:00Z,2016-03-08T19:00:00-03:00
16.45,,,False,2,pm25,µg/m³,,raw,01:00:00,2016-03-08T22:00:00Z,2016-03-08T19:00:00-03:00,2016-03-08T23:00:00Z,2016-03-08T20:00:00-03:00,1,01:00:00,1,01:00:00,100.0,100.0,2016-03-08T22:00:00Z,2016-03-08T19:00:00-03:00,2016-03-08T23:00:00Z,2016-03-08T20:00:00-03:00
20.03,,,False,2,pm25,µg/m³,,raw,01:00:00,2016-03-08T23:00:00Z,2016-03-08T20:00:00-03:00,2016-03-09T00:00:00Z,2016-03-08T21:00:00-03:00,1,01:00:00,1,01:00:00,100.0,100.0,2016-03-08T23:00:00Z,2016-03-08T20:00:00-03:00,2016-03-09T00:00:00Z,2016-03-08T21:00:00-03:00
14.29,,,False,2,pm25,µg/m³,,raw,01:00:00,2016-03-09T00:00:00Z,2016-03-08T21:00:00-03:00,2016-03-09T01:00:00Z,2016-03-08T22:00:00-03:00,1,01:00:00,1,01:00:00,100.0,100.0,2016-03-09T00:00:00Z,2016-03-08T21:00:00-03:00,2016-03-09T01:00:00Z,2016-03-08T22:00:00-03:00
13.95,,,False,2,pm25,µg/m³,,raw,01:00:00,2016-03-09T01:00:00Z,2016-03-08T22:00:00-03:00,2016-03-09T02:00:00Z,2016-03-08T23:00:00-03:00,1,01:00:00,1,01:00:00,100.0,100.0,2016-03-09T01:00:00Z,2016-03-08T22:00:00-03:00,2016-03-09T02:00:00Z,2016-03-08T23:00:00-03:00
15.79,,,False,2,pm25,µg/m³,,raw,01:00:00,2016-03-09T02:00:00Z,2016-03-08T23:00:00-03:00,2016-03-09T03:00:00Z,2016-03-09T00:00:00-03:00,1,01:00:00,1,01:00:00,100.0,100.0,2016-03-09T02:00:00Z,2016-03-08T23:00:00-03:00,2016-03-09T03:00:00Z,2016-03-09T00:00:00-03:00
15.1,,,False,2,pm25,µg/m³,,raw,01:00:00,2016-03-09T03:00:00Z,2016-03-09T00:00:00-03:00,2016-03-09T04:00:00Z,2016-03-09T01:00:00-03:00,1,01:00:00,1,01:00:00,100.0,100.0,2016-03-09T03:00:00Z,2016-03-09T00:00:00-03:00,2016-03-09T04:00:00Z,2016-03-09T01:00:00-03:00
11.25,,,False,2,pm25,µg/m³,,raw,01:00:00,2016-03-09T04:00:00Z,2016-03-09T01:00:00-03:00,2016-03-09T05:00:00Z,2016-03-09T02:00:00-03:00,1,01:00:00,1,01:00:00,100.0,100.0,2016-03-09T04:00:00Z,2016-03-09T01:00:00-03:00,2016-03-09T05:00:00Z,2016-03-09T02:00:00-03:00
12.75,,,False,2,pm25,µg/m³,,raw,01:00:00,2016-03-09T05:00:00Z,2016-03-09T02:00:00-03:00,2016-03-09T06:00:00Z,2016-03-09T03:00:00-03:00,1,01:00:00,1,01:00:00,100.0,100.0,2016-03-09T05:00:00Z,2016-03-09T02:00:00-03:00,2016-03-09T06:00:00Z,2016-03-09T03:00:00-03:00
15.79,,,False,2,pm25,µg/m³,,raw,01:00:00,2016-03-09T06:00:00Z,2016-03-09T03:00:00-03:00,2016-03-09T07:00:00Z,2016-03-09T04:00:00-03:00,1,01:00:00,1,01:00:00,100.0,100.0,2016-03-09T06:00:00Z,2016-03-09T03:00:00-03:00,2016-03-09T07:00:00Z,2016-03-09T04:00:00-03:00
14.66,,,False,2,pm25,µg/m³,,raw,01:00:00,2016-03-09T07:00:00Z,2016-03-09T04:00:00-03:00,2016-03-09T08:00:00Z,2016-03-09T05:00:00-03:00,1,01:00:00,1,01:00:00,100.0,100.0,2016-03-09T07:00:00Z,2016-03-09T04:00:00-03:00,2016-03-09T08:00:00Z,2016-03-09T05:00:00-03:00
12.51,,,False,2,pm25,µg/m³,,raw,01:00:00,2016-03-09T08:00:00Z,2016-03-09T05:00:00-03:00,2016-03-09T09:00:00Z,2016-03-09T06:00:00-03:00,1,01:00:00,1,01:00:00,100.0,100.0,2016-03-09T08:00:00Z,2016-03-09T05:00:00-03:00,2016-03-09T09:00:00Z,2016-03-09T06:00:00-03:00
16.81,,,False,2,pm25,µg/m³,,raw,01:00:00,2016-03-09T09:00:00Z,2016-03-09T06:00:00-03:00,2016-03-09T10:00:00Z,2016-03-09T07:00:00-03:00,1,01:00:00,1,01:00:00,100.0,100.0,2016-03-09T09:00:00Z,2016-03-09T06:00:00-03:00,2016-03-09T10:00:00Z,2016-03-09T07:00:00-03:00
21.96,,,False,2,pm25,µg/m³,,raw,01:00:00,2016-03-09T10:00:00Z,2016-03-09T07:00:00-03:00,2016-03-09T11:00:00Z,2016-03-09T08:00:00-03:00,1,01:00:00,1,01:00:00,100.0,100.0,2016-03-09T10:00:00Z,2016-03-09T07:00:00-03:00,2016-03-09T11:00:00Z,2016-03-09T08:00:00-03:00
24.05,,,False,2,pm25,µg/m³,,raw,01:00:00,2016-03-09T11:00:00Z,2016-03-09T08:00:00-03:00,2016-03-09T12:00:00Z,2016-03-09T09:00:00-03:00,1,01:00:00,1,01:00:00,100.0,100.0,2016-03-09T11:00:00Z,2016-03-09T08:00:00-03:00,2016-03-09T12:00:00Z,2016-03-09T09:00:00-03:00
28.38,,,False,2,pm25,µg/m³,,raw,01:00:00,2016-03-09T12:00:00Z,2016-03-09T09:00:00-03:00,2016-03-09T13:00:00Z,2016-03-09T10:00:00-03:00,1,01:00:00,1,01:00:00,100.0,100.0,2016-03-09T12:00:00Z,2016-03-09T09:00:00-03:00,2016-03-09T13:00:00Z,2016-03-09T10:00:00-03:00
28.47,,,False,2,pm25,µg/m³,,raw,01:00:00,2016-03-09T13:00:00Z,2016-03-09T10:00:00-03:00,2016-03-09T14:00:00Z,2016-03-09T11:00:00-03:00,1,01:00:00,1,01:00:00,100.0,100.0,2016-03-09T13:00:00Z,2016-03-09T10:00:00-03:00,2016-03-09T14:00:00Z,2016-03-09T11:00:00-03:00
24.82,,,False,2,pm25,µg/m³,,raw,01:00:00,2016-03-09T14:00:00Z,2016-03-09T11:00:00-03:00,2016-03-09T15:00:00Z,2016-03-09T12:00:00-03:00,1,01:00:00,1,01:00:00,100.0,100.0,2016-03-09T14:00:00Z,2016-03-09T11:00:00-03:00,2016-03-09T15:00:00Z,2016-03-09T12:00:00-03:00
24.2,,,False,2,pm25,µg/m³,,raw,01:00:00,2016-03-09T15:00:00Z,2016-03-09T12:00:00-03:00,2016-03-09T16:00:00Z,2016-03-09T13:00:00-03:00,1,01:00:00,1,01:00:00,100.0,100.0,2016-03-09T15:00:00Z,2016-03-09T12:00:00-03:00,2016-03-09T16:00:00Z,2016-03-09T13:00:00-03:00
18.12,,,False,2,pm25,µg/m³,,raw,01:00:00,2016-03-09T16:00:00Z,2016-03-09T13:00:00-03:00,2016-03-09T17:00:00Z,2016-03-09T14:00:00-03:00,1,01:00:00,1,01:00:00,100.0,100.0,2016-03-09T16:00:00Z,2016-03-09T13:00:00-03:00,2016-03-09T17:00:00Z,2016-03-09T14:00:00-03:00
17.26,,,False,2,pm25,µg/m³,,raw,01:00:00,2016-03-09T17:00:00Z,2016-03-09T14:00:00-03:00,2016-03-09T18:00:00Z,2016-03-09T15:00:00-03:00,1,01:00:00,1,01:00:00,100.0,100.0,2016-03-09T17:00:00Z,2016-03-09T14:00:00-03:00,2016-03-09T18:00:00Z,2016-03-09T15:00:00-03:00
22.48,,,False,2,pm25,µg/m³,,raw,01:00:00,2016-03-09T18:00:00Z,2016-03-09T15:00:00-03:00,2016-03-09T19:00:00Z,2016-03-09T16:00:00-03:00,1,01:00:00,1,01:00:00,100.0,100.0,2016-03-09T18:00:00Z,2016-03-09T15:00:00-03:00,2016-03-09T19:00:00Z,2016-03-09T16:00:00-03:00
21.17,,,False,2,pm25,µg/m³,,raw,01:00:00,2016-03-09T19:00:00Z,2016-03-09T16:00:00-03:00,2016-03-09T20:00:00Z,2016-03-09T17:00:00-03:00,1,01:00:00,1,01:00:00,100.0,100.0,2016-03-09T19:00:00Z,2016-03-09T16:00:00-03:00,2016-03-09T20:00:00Z,2016-03-09T17:00:00-03:00
15.08,,,False,2,pm25,µg/m³,,raw,01:00:00,2016-03-09T20:00:00Z,2016-03-09T17:00:00-03:00,2016-03-09T21:00:00Z,2016-03-09T18:00:00-03:00,1,01:00:00,1,01:00:00,100.0,100.0,2016-03-09T20:00:00Z,2016-03-09T17:00:00-03:00,2016-03-09T21:00:00Z,2016-03-09T18:00:00-03:00
13.22,,,False,2,pm25,µg/m³,,raw,01:00:00,2016-03-09T21:00:00Z,2016-03-09T18:00:00-03:00,2016-03-09T22:00:00Z,2016-03-09T19:00:00-03:00,1,01:00:00,1,01:00:00,100.0,100.0,2016-03-09T21:00:00Z,2016-03-09T18:00:00-03:00,2016-03-09T22:00:00Z,2016-03-09T19:00:00-03:00
18.62,,,False,2,pm25,µg/m³,,raw,01:00:00,2016-03-09T22:00:00Z,2016-03-09T19:00:00-03:00,2016-03-09T23:00:00Z,2016-03-09T20:00:00-03:00,1,01:00:00,1,01:00:00,100.0,100.0,2016-03-09T22:00:00Z,2016-03-09T19:00:00-03:00,2016-03-09T23:00:00Z,2016-03-09T20:00:00-03:00
16.31,,,False,2,pm25,µg/m³,,raw,01:00:00,2016-03-09T23:00:00Z,2016-03-09T20:00:00-03:00,2016-03-10T00:00:00Z,2016-03-09T21:00:00-03:00,1,01:00:00,1,01:00:00,100.0,100.0,2016-03-09T23:00:00Z,2016-03-09T20:00:00-03:00,2016-03-10T00:00:00Z,2016-03-09T21:00:00-03:00
7.612,,,False,2,pm25,µg/m³,,raw,01:00:00,2016-03-10T00:00:00Z,2016-03-09T21:00:00-03:00,2016-03-10T01:00:00Z,2016-03-09T22:00:00-03:00,1,01:00:00,1,01:00:00,100.0,100.0,2016-03-10T00:00:00Z,2016-03-09T21:00:00-03:00,2016-03-10T01:00:00Z,2016-03-09T22:00:00-03:00
14.54,,,False,2,pm25,µg/m³,,raw,01:00:00,2016-03-10T01:00:00Z,2016-03-09T22:00:00-03:00,2016-03-10T02:00:00Z,2016-03-09T23:00:00-03:00,1,01:00:00,1,01:00:00,100.0,100.0,2016-03-10T01:00:00Z,2016-03-09T22:00:00-03:00,2016-03-10T02:00:00Z,2016-03-09T23:00:00-03:00
17.52,,,False,2,pm25,µg/m³,,raw,01:00:00,2016-03-10T02:00:00Z,2016-03-09T23:00:00-03:00,2016-03-10T03:00:00Z,2016-03-10T00:00:00-03:00,1,01:00:00,1,01:00:00,100.0,100.0,2016-03-10T02:00:00Z,2016-03-09T23:00:00-03:00,2016-03-10T03:00:00Z,2016-03-10T00:00:00-03:00
16.43,,,False,2,pm25,µg/m³,,raw,01:00:00,2016-03-10T03:00:00Z,2016-03-10T00:00:00-03:00,2016-03-10T04:00:00Z,2016-03-10T01:00:00-03:00,1,01:00:00,1,01:00:00,100.0,100.0,2016-03-10T03:00:00Z,2016-03-10T00:00:00-03:00,2016-03-10T04:00:00Z,2016-03-10T01:00:00-03:00
11.04,,,False,2,pm25,µg/m³,,raw,01:00:00,2016-03-10T04:00:00Z,2016-03-10T01:00:00-03:00,2016-03-10T05:00:00Z,2016-03-10T02:00:00-03:00,1,01:00:00,1,01:00:00,100.0,100.0,2016-03-10T04:00:00Z,2016-03-10T01:00:00-03:00,2016-03-10T05:00:00Z,2016-03-10T02:00:00-03:00
10.72,,,False,2,pm25,µg/m³,,raw,01:00:00,2016-03-10T05:00:00Z,2016-03-10T02:00:00-03:00,2016-03-10T06:00:00Z,2016-03-10T03:00:00-03:00,1,01:00:00,1,01:00:00,100.0,100.0,2016-03-10T05:00:00Z,2016-03-10T02:00:00-03:00,2016-03-10T06:00:00Z,2016-03-10T03:00:00-03:00
8.919,,,False,2,pm25,µg/m³,,raw,01:00:00,2016-03-10T06:00:00Z,2016-03-10T03:00:00-03:00,2016-03-10T07:00:00Z,2016-03-10T04:00:00-03:00,1,01:00:00,1,01:00:00,100.0,100.0,2016-03-10T06:00:00Z,2016-03-10T03:00:00-03:00,2016-03-10T07:00:00Z,2016-03-10T04:00:00-03:00
5.414,,,False,2,pm25,µg/m³,,raw,01:00:00,2016-03-10T07:00:00Z,2016-03-10T04:00:00-03:00,2016-03-10T08:00:00Z,2016-03-10T05:00:00-03:00,1,01:00:00,1,01:00:00,100.0,100.0,2016-03-10T07:00:00Z,2016-03-10T04:00:00-03:00,2016-03-10T08:00:00Z,2016-03-10T05:00:00-03:00
8.954,,,False,2,pm25,µg/m³,,raw,01:00:00,2016-03-10T08:00:00Z,2016-03-10T05:00:00-03:00,2016-03-10T09:00:00Z,2016-03-10T06:00:00-03:00,1,01:00:00,1,01:00:00,100.0,100.0,2016-03-10T08:00:00Z,2016-03-10T05:00:00-03:00,2016-03-10T09:00:00Z,2016-03-10T06:00:00-03:00
12.91,,,False,2,pm25,µg/m³,,raw,01:00:00,2016-03-10T09:00:00Z,2016-03-10T06:00:00-03:00,2016-03-10T10:00:00Z,2016-03-10T07:00:00-03:00,1,01:00:00,1,01:00:00,100.0,100.0,2016-03-10T09:00:00Z,2016-03-10T06:00:00-03:00,2016-03-10T10:00:00Z,2016-03-10T07:00:00-03:00
11.17,,,False,2,pm25,µg/m³,,raw,01:00:00,2016-03-10T10:00:00Z,2016-03-10T07:00:00-03:00,2016-03-10T11:00:00Z,2016-03-10T08:00:00-03:00,1,01:00:00,1,01:00:00,100.0,100.0,2016-03-10T10:00:00Z,2016-03-10T07:00:00-03:00,2016-03-10T11:00:00Z,2016-03-10T08:00:00-03:00
16.97,,,False,2,pm25,µg/m³,,raw,01:00:00,2016-03-10T11:00:00Z,2016-03-10T08:00:00-03:00,2016-03-10T12:00:00Z,2016-03-10T09:00:00-03:00,1,01:00:00,1,01:00:00,100.0,100.0,2016-03-10T11:00:00Z,2016-03-10T08:00:00-03:00,2016-03-10T12:00:00Z,2016-03-10T09:00:00-03:00
12.15,,,False,2,pm25,µg/m³,,raw,01:00:00,2016-03-10T12:00:00Z,2016-03-10T09:00:00-03:00,2016-03-10T13:00:00Z,2016-03-10T10:00:00-03:00,1,01:00:00,1,01:00:00,100.0,100.0,2016-03-10T12:00:00Z,2016-03-10T09:00:00-03:00,2016-03-10T13:00:00Z,2016-03-10T10:00:00-03:00
15.08,,,False,2,pm25,µg/m³,,raw,01:00:00,2016-03-10T13:00:00Z,2016-03-10T10:00:00-03:00,2016-03-10T14:00:00Z,2016-03-10T11:00:00-03:00,1,01:00:00,1,01:00:00,100.0,100.0,2016-03-10T13:00:00Z,2016-03-10T10:00:00-03:00,2016-03-10T14:00:00Z,2016-03-10T11:00:00-03:00
12.84,,,False,2,pm25,µg/m³,,raw,01:00:00,2016-03-10T14:00:00Z,2016-03-10T11:00:00-03:00,2016-03-10T15:00:00Z,2016-03-10T12:00:00-03:00,1,01:00:00,1,01:00:00,100.0,100.0,2016-03-10T14:00:00Z,2016-03-10T11:00:00-03:00,2016-03-10T15:00:00Z,2016-03-10T12:00:00-03:00
8.388,,,False,2,pm25,µg/m³,,raw,01:00:00,2016-03-10T15:00:00Z,2016-03-10T12:00:00-03:00,2016-03-10T16:00:00Z,2016-03-10T13:00:00-03:00,1,01:00:00,1,01:00:00,100.0,100.0,2016-03-10T15:00:00Z,2016-03-10T12:00:00-03:00,2016-03-10T16:00:00Z,2016-03-10T13:00:00-03:00
29.48,,,False,2,pm25,µg/m³,,raw,01:00:00,2016-03-10T16:00:00Z,2016-03-10T13:00:00-03:00,2016-03-10T17:00:00Z,2016-03-10T14:00:00-03:00,1,01:00:00,1,01:00:00,100.0,100.0,2016-03-10T16:00:00Z,2016-03-10T13:00:00-03:00,2016-03-10T17:00:00Z,2016-03-10T14:00:00-03:00
19.88,,,False,2,pm25,µg/m³,,raw,01:00:00,2016-03-10T17:00:00Z,2016-03-10T14:00:00-03:00,2016-03-10T18:00:00Z,2016-03-10T15:00:00-03:00,1,01:00:00,1,01:00:00,100.0,100.0,2016-03-10T17:00:00Z,2016-03-10T14:00:00-03:00,2016-03-10T18:00:00Z,2016-03-10T15:00:00-03:00
14.39,,,False,2,pm25,µg/m³,,raw,01:00:00,2016-03-10T18:00:00Z,2016-03-10T15:00:00-03:00,2016-03-10T19:00:00Z,2016-03-10T16:00:00-03:00,1,01:00:00,1,01:00:00,100.0,100.0,2016-03-10T18:00:00Z,2016-03-10T15:00:00-03:00,2016-03-10T19:00:00Z,2016-03-10T16:00:00-03:00
15.78,,,False,2,pm25,µg/m³,,raw,01:00:00,2016-03-10T19:00:00Z,2016-03-10T16:00:00-03:00,2016-03-10T20:00:00Z,2016-03-10T17:00:00-03:00,1,01:00:00,1,01:00:00,100.0,100.0,2016-03-10T19:00:00Z,2016-03-10T16:00:00-03:00,2016-03-10T20:00:00Z,2016-03-10T17:00:00-03:00
14.21,,,False,2,pm25,µg/m³,,raw,01:00:00,2016-03-10T21:00:00Z,2016-03-10T18:00:00-03:00,2016-03-10T22:00:00Z,2016-03-10T19:00:00-03:00,1,01:00:00,1,01:00:00,100.0,100.0,2016-03-10T21:00:00Z,2016-03-10T18:00:00-03:00,2016-03-10T22:00:00Z,2016-03-10T19:00:00-03:00
11.52,,,False,2,pm25,µg/m³,,raw,01:00:00,2016-03-10T22:00:00Z,2016-03-10T19:00:00-03:00,2016-03-10T23:00:00Z,2016-03-10T20:00:00-03:00,1,01:00:00,1,01:00:00,100.0,100.0,2016-03-10T22:00:00Z,2016-03-10T19:00:00-03:00,2016-03-10T23:00:00Z,2016-03-10T20:00:00-03:00
14.73,,,False,2,pm25,µg/m³,,raw,01:00:00,2016-03-11T00:00:00Z,2016-03-10T21:00:00-03:00,2016-03-11T01:00:00Z,2016-03-10T22:00:00-03:00,1,01:00:00,1,01:00:00,100.0,100.0,2016-03-11T00:00:00Z,2016-03-10T21:00:00-03:00,2016-03-11T01:00:00Z,2016-03-10T22:00:00-03:00
12.7,,,False,2,pm25,µg/m³,,raw,01:00:00,2016-03-11T01:00:00Z,2016-03-10T22:00:00-03:00,2016-03-11T02:00:00Z,2016-03-10T23:00:00-03:00,1,01:00:00,1,01:00:00,100.0,100.0,2016-03-11T01:00:00Z,2016-03-10T22:00:00-03:00,2016-03-11T02:00:00Z,2016-03-10T23:00:00-03:00
13.42,,,False,2,pm25,µg/m³,,raw,01:00:00,2016-03-11T02:00:00Z,2016-03-10T23:00:00-03:00,2016-03-11T03:00:00Z,2016-03-11T00:00:00-03:00,1,01:00:00,1,01:00:00,100.0,100.0,2016-03-11T02:00:00Z,2016-03-10T23:00:00-03:00,2016-03-11T03:00:00Z,2016-03-11T00:00:00-03:00
11.65,,,False,2,pm25,µg/m³,,raw,01:00:00,2016-03-11T03:00:00Z,2016-03-11T00:00:00-03:00,2016-03-11T04:00:00Z,2016-03-11T01:00:00-03:00,1,01:00:00,1,01:00:00,100.0,100.0,2016-03-11T03:00:00Z,2016-03-11T00:00:00-03:00,2016-03-11T04:00:00Z,2016-03-11T01:00:00-03:00
13.06,,,False,2,pm25,µg/m³,,raw,01:00:00,2016-03-11T04:00:00Z,2016-03-11T01:00:00-03:00,2016-03-11T05:00:00Z,2016-03-11T02:00:00-03:00,1,01:00:00,1,01:00:00,100.0,100.0,2016-03-11T04:00:00Z,2016-03-11T01:00:00-03:00,2016-03-11T05:00:00Z,2016-03-11T02:00:00-03:00
6.862,,,False,2,pm25,µg/m³,,raw,01:00:00,2016-03-11T05:00:00Z,2016-03-11T02:00:00-03:00,2016-03-11T06:00:00Z,2016-03-11T03:00:00-03:00,1,01:00:00,1,01:00:00,100.0,100.0,2016-03-11T05:00:00Z,2016-03-11T02:00:00-03:00,2016-03-11T06:00:00Z,2016-03-11T03:00:00-03:00
10.61,,,False,2,pm25,µg/m³,,raw,01:00:00,2016-03-11T06:00:00Z,2016-03-11T03:00:00-03:00,2016-03-11T07:00:00Z,2016-03-11T04:00:00-03:00,1,01:00:00,1,01:00:00,100.0,100.0,2016-03-11T06:00:00Z,2016-03-11T03:00:00-03:00,2016-03-11T07:00:00Z,2016-03-11T04:00:00-03:00
19.49,,,False,2,pm25,µg/m³,,raw,01:00:00,2016-03-11T07:00:00Z,2016-03-11T04:00:00-03:00,2016-03-11T08:00:00Z,2016-03-11T05:00:00-03:00,1,01:00:00,1,01:00:00,100.0,100.0,2016-03-11T07:00:00Z,2016-03-11T04:00:00-03:00,2016-03-11T08:00:00Z,2016-03-11T05:00:00-03:00
21.53,,,False,2,pm25,µg/m³,,raw,01:00:00,2016-03-11T08:00:00Z,2016-03-11T05:00:00-03:00,2016-03-11T09:00:00Z,2016-03-11T06:00:00-03:00,1,01:00:00,1,01:00:00,100.0,100.0,2016-03-11T08:00:00Z,2016-03-11T05:00:00-03:00,2016-03-11T09:00:00Z,2016-03-11T06:00:00-03:00
20.45,,,False,2,pm25,µg/m³,,raw,01:00:00,2016-03-11T09:00:00Z,2016-03-11T06:00:00-03:00,2016-03-11T10:00:00Z,2016-03-11T07:00:00-03:00,1,01:00:00,1,01:00:00,100.0,100.0,2016-03-11T09:00:00Z,2016-03-11T06:00:00-03:00,2016-03-11T10:00:00Z,2016-03-11T07:00:00-03:00
17.46,,,False,2,pm25,µg/m³,,raw,01:00:00,2016-03-11T10:00:00Z,2016-03-11T07:00:00-03:00,2016-03-11T11:00:00Z,2016-03-11T08:00:00-03:00,1,01:00:00,1,01:00:00,100.0,100.0,2016-03-11T10:00:00Z,2016-03-11T07:00:00-03:00,2016-03-11T11:00:00Z,2016-03-11T08:00:00-03:00
13.79,,,False,2,pm25,µg/m³,,raw,01:00:00,2016-03-11T11:00:00Z,2016-03-11T08:00:00-03:00,2016-03-11T12:00:00Z,2016-03-11T09:00:00-03:00,1,01:00:00,1,01:00:00,100.0,100.0,2016-03-11T11:00:00Z,2016-03-11T08:00:00-03:00,2016-03-11T12:00:00Z,2016-03-11T09:00:00-03:00
18.18,,,False,2,pm25,µg/m³,,raw,01:00:00,2016-03-11T12:00:00Z,2016-03-11T09:00:00-03:00,2016-03-11T13:00:00Z,2016-03-11T10:00:00-03:00,1,01:00:00,1,01:00:00,100.0,100.0,2016-03-11T12:00:00Z,2016-03-11T09:00:00-03:00,2016-03-11T13:00:00Z,2016-03-11T10:00:00-03:00
9.979,,,False,2,pm25,µg/m³,,raw,01:00:00,2016-03-11T13:00:00Z,2016-03-11T10:00:00-03:00,2016-03-11T14:00:00Z,2016-03-11T11:00:00-03:00,1,01:00:00,1,01:00:00,100.0,100.0,2016-03-11T13:00:00Z,2016-03-11T10:00:00-03:00,2016-03-11T14:00:00Z,2016-03-11T11:00:00-03:00
19.62,,,False,2,pm25,µg/m³,,raw,01:00:00,2016-03-11T14:00:00Z,2016-03-11T11:00:00-03:00,2016-03-11T15:00:00Z,2016-03-11T12:00:00-03:00,1,01:00:00,1,01:00:00,100.0,100.0,2016-03-11T14:00:00Z,2016-03-11T11:00:00-03:00,2016-03-11T15:00:00Z,2016-03-11T12:00:00-03:00
20.47,,,False,2,pm25,µg/m³,,raw,01:00:00,2016-03-11T15:00:00Z,2016-03-11T12:00:00-03:00,2016-03-11T16:00:00Z,2016-03-11T13:00:00-03:00,1,01:00:00,1,01:00:00,100.0,100.0,2016-03-11T15:00:00Z,2016-03-11T12:00:00-03:00,2016-03-11T16:00:00Z,2016-03-11T13:00:00-03:00
21.77,,,False,2,pm25,µg/m³,,raw,01:00:00,2016-03-11T16:00:00Z,2016-03-11T13:00:00-03:00,2016-03-11T17:00:00Z,2016-03-11T14:00:00-03:00,1,01:00:00,1,01:00:00,100.0,100.0,2016-03-11T16:00:00Z,2016-03-11T13:00:00-03:00,2016-03-11T17:00:00Z,2016-03-11T14:00:00-03:00
18.19,,,False,2,pm25,µg/m³,,raw,01:00:00,2016-03-11T17:00:00Z,2016-03-11T14:00:00-03:00,2016-03-11T18:00:00Z,2016-03-11T15:00:00-03:00,1,01:00:00,1,01:00:00,100.0,100.0,2016-03-11T17:00:00Z,2016-03-11T14:00:00-03:00,2016-03-11T18:00:00Z,2016-03-11T15:00:00-03:00
15.22,,,False,2,pm25,µg/m³,,raw,01:00:00,2016-03-11T18:00:00Z,2016-03-11T15:00:00-03:00,2016-03-11T19:00:00Z,2016-03-11T16:00:00-03:00,1,01:00:00,1,01:00:00,100.0,100.0,2016-03-11T18:00:00Z,2016-03-11T15:00:00-03:00,2016-03-11T19:00:00Z,2016-03-11T16:00:00-03:00
1.0,,,False,2,pm25,µg/m³,,raw,01:00:00,2016-03-11T19:00:00Z,2016-03-11T16:00:00-03:00,2016-03-11T20:00:00Z,2016-03-11T17:00:00-03:00,1,01:00:00,1,01:00:00,100.0,100.0,2016-03-11T19:00:00Z,2016-03-11T16:00:00-03:00,2016-03-11T20:00:00Z,2016-03-11T17:00:00-03:00
20.53,,,False,2,pm25,µg/m³,,raw,01:00:00,2016-03-11T20:00:00Z,2016-03-11T17:00:00-03:00,2016-03-11T21:00:00Z,2016-03-11T18:00:00-03:00,1,01:00:00,1,01:00:00,100.0,100.0,2016-03-11T20:00:00Z,2016-03-11T17:00:00-03:00,2016-03-11T21:00:00Z,2016-03-11T18:00:00-03:00
16.06,,,False,2,pm25,µg/m³,,raw,01:00:00,2016-03-11T21:00:00Z,2016-03-11T18:00:00-03:00,2016-03-11T22:00:00Z,2016-03-11T19:00:00-03:00,1,01:00:00,1,01:00:00,100.0,100.0,2016-03-11T21:00:00Z,2016-03-11T18:00:00-03:00,2016-03-11T22:00:00Z,2016-03-11T19:00:00-03:00
14.37,,,False,2,pm25,µg/m³,,raw,01:00:00,2016-03-11T22:00:00Z,2016-03-11T19:00:00-03:00,2016-03-11T23:00:00Z,2016-03-11T20:00:00-03:00,1,01:00:00,1,01:00:00,100.0,100.0,2016-03-11T22:00:00Z,2016-03-11T19:00:00-03:00,2016-03-11T23:00:00Z,2016-03-11T20:00:00-03:00
17.08,,,False,2,pm25,µg/m³,,raw,01:00:00,2016-03-11T23:00:00Z,2016-03-11T20:00:00-03:00,2016-03-12T00:00:00Z,2016-03-11T21:00:00-03:00,1,01:00:00,1,01:00:00,100.0,100.0,2016-03-11T23:00:00Z,2016-03-11T20:00:00-03:00,2016-03-12T00:00:00Z,2016-03-11T21:00:00-03:00
17.38,,,False,2,pm25,µg/m³,,raw,01:00:00,2016-03-12T00:00:00Z,2016-03-11T21:00:00-03:00,2016-03-12T01:00:00Z,2016-03-11T22:00:00-03:00,1,01:00:00,1,01:00:00,100.0,100.0,2016-03-12T00:00:00Z,2016-03-11T21:00:00-03:00,2016-03-12T01:00:00Z,2016-03-11T22:00:00-03:00
14.7,,,False,2,pm25,µg/m³,,raw,01:00:00,2016-03-12T01:00:00Z,2016-03-11T22:00:00-03:00,2016-03-12T02:00:00Z,2016-03-11T23:00:00-03:00,1,01:00:00,1,01:00:00,100.0,100.0,2016-03-12T01:00:00Z,2016-03-11T22:00:00-03:00,2016-03-12T02:00:00Z,2016-03-11T23:00:00-03:00
15.62,,,False,2,pm25,µg/m³,,raw,01:00:00,2016-03-12T02:00:00Z,2016-03-11T23:00:00-03:00,2016-03-12T03:00:00Z,2016-03-12T00:00:00-03:00,1,01:00:00,1,01:00:00,100.0,100.0,2016-03-12T02:00:00Z,2016-03-11T23:00:00-03:00,2016-03-12T03:00:00Z,2016-03-12T00:00:00-03:00
12.02,,,False,2,pm25,µg/m³,,raw,01:00:00,2016-03-12T03:00:00Z,2016-03-12T00:00:00-03:00,2016-03-12T04:00:00Z,2016-03-12T01:00:00-03:00,1,01:00:00,1,01:00:00,100.0,100.0,2016-03-12T03:00:00Z,2016-03-12T00:00:00-03:00,2016-03-12T04:00:00Z,2016-03-12T01:00:00-03:00
17.39,,,False,2,pm25,µg/m³,,raw,01:00:00,2016-03-12T04:00:00Z,2016-03-12T01:00:00-03:00,2016-03-12T05:00:00Z,2016-03-12T02:00:00-03:00,1,01:00:00,1,01:00:00,100.0,100.0,2016-03-12T04:00:00Z,2016-03-12T01:00:00-03:00,2016-03-12T05:00:00Z,2016-03-12T02:00:00-03:00
15.08,,,False,2,pm25,µg/m³,,raw,01:00:00,2016-03-12T05:00:00Z,2016-03-12T02:00:00-03:00,2016-03-12T06:00:00Z,2016-03-12T03:00:00-03:00,1,01:00:00,1,01:00:00,100.0,100.0,2016-03-12T05:00:00Z,2016-03-12T02:00:00-03:00,2016-03-12T06:00:00Z,2016-03-12T03:00:00-03:00
6.949,,,False,2,pm25,µg/m³,,raw,01:00:00,2016-03-12T06:00:00Z,2016-03-12T03:00:00-03:00,2016-03-12T07:00:00Z,2016-03-12T04:00:00-03:00,1,01:00:00,1,01:00:00,100.0,100.0,2016-03-12T06:00:00Z,2016-03-12T03:00:00-03:00,2016-03-12T07:00:00Z,2016-03-12T04:00:00-03:00
17.88,,,False,2,pm25,µg/m³,,raw,01:00:00,2016-03-12T07:00:00Z,2016-03-12T04:00:00-03:00,2016-03-12T08:00:00Z,2016-03-12T05:00:00-03:00,1,01:00:00,1,01:00:00,100.0,100.0,2016-03-12T07:00:00Z,2016-03-12T04:00:00-03:00,2016-03-12T08:00:00Z,2016-03-12T05:00:00-03:00
16.95,,,False,2,pm25,µg/m³,,raw,01:00:00,2016-03-12T08:00:00Z,2016-03-12T05:00:00-03:00,2016-03-12T09:00:00Z,2016-03-12T06:00:00-03:00,1,01:00:00,1,01:00:00,100.0,100.0,2016-03-12T08:00:00Z,2016-03-12T05:00:00-03:00,2016-03-12T09:00:00Z,2016-03-12T06:00:00-03:00
16.79,,,False,2,pm25,µg/m³,,raw,01:00:00,2016-03-12T09:00:00Z,2016-03-12T06:00:00-03:00,2016-03-12T10:00:00Z,2016-03-12T07:00:00-03:00,1,01:00:00,1,01:00:00,100.0,100.0,2016-03-12T09:00:00Z,2016-03-12T06:00:00-03:00,2016-03-12T10:00:00Z,2016-03-12T07:00:00-03:00
15.36,,,False,2,pm25,µg/m³,,raw,01:00:00,2016-03-12T10:00:00Z,2016-03-12T07:00:00-03:00,2016-03-12T11:00:00Z,2016-03-12T08:00:00-03:00,1,01:00:00,1,01:00:00,100.0,100.0,2016-03-12T10:00:00Z,2016-03-12T07:00:00-03:00,2016-03-12T11:00:00Z,2016-03-12T08:00:00-03:00
13.24,,,False,2,pm25,µg/m³,,raw,01:00:00,2016-03-12T11:00:00Z,2016-03-12T08:00:00-03:00,2016-03-12T12:00:00Z,2016-03-12T09:00:00-03:00,1,01:00:00,1,01:00:00,100.0,100.0,2016-03-12T11:00:00Z,2016-03-12T08:00:00-03:00,2016-03-12T12:00:00Z,2016-03-12T09:00:00-03:00
4.178,,,False,2,pm25,µg/m³,,raw,01:00:00,2016-03-12T12:00:00Z,2016-03-12T09:00:00-03:00,2016-03-12T13:00:00Z,2016-03-12T10:00:00-03:00,1,01:00:00,1,01:00:00,100.0,100.0,2016-03-12T12:00:00Z,2016-03-12T09:00:00-03:00,2016-03-12T13:00:00Z,2016-03-12T10:00:00-03:00
10.52,,,False,2,pm25,µg/m³,,raw,01:00:00,2016-03-12T13:00:00Z,2016-03-12T10:00:00-03:00,2016-03-12T14:00:00Z,2016-03-12T11:00:00-03:00,1,01:00:00,1,01:00:00,100.0,100.0,2016-03-12T13:00:00Z,2016-03-12T10:00:00-03:00,2016-03-12T14:00:00Z,2016-03-12T11:00:00-03:00
12.04,,,False,2,pm25,µg/m³,,raw,01:00:00,2016-03-12T14:00:00Z,2016-03-12T11:00:00-03:00,2016-03-12T15:00:00Z,2016-03-12T12:00:00-03:00,1,01:00:00,1,01:00:00,100.0,100.0,2016-03-12T14:00:00Z,2016-03-12T11:00:00-03:00,2016-03-12T15:00:00Z,2016-03-12T12:00:00-03:00
15.63,,,False,2,pm25,µg/m³,,raw,01:00:00,2016-03-12T15:00:00Z,2016-03-12T12:00:00-03:00,2016-03-12T16:00:00Z,2016-03-12T13:00:00-03:00,1,01:00:00,1,01:00:00,100.0,100.0,2016-03-12T15:00:00Z,2016-03-12T12:00:00-03:00,2016-03-12T16:00:00Z,2016-03-12T13:00:00-03:00
20.78,,,False,2,pm25,µg/m³,,raw,01:00:00,2016-03-12T16:00:00Z,2016-03-12T13:00:00-03:00,2016-03-12T17:00:00Z,2016-03-12T14:00:00-03:00,1,01:00:00,1,01:00:00,100.0,100.0,2016-03-12T16:00:00Z,2016-03-12T13:00:00-03:00,2016-03-12T17:00:00Z,2016-03-12T14:00:00-03:00
8.535,,,False,2,pm25,µg/m³,,raw,01:00:00,2016-03-12T17:00:00Z,2016-03-12T14:00:00-03:00,2016-03-12T18:00:00Z,2016-03-12T15:00:00-03:00,1,01:00:00,1,01:00:00,100.0,100.0,2016-03-12T17:00:00Z,2016-03-12T14:00:00-03:00,2016-03-12T18:00:00Z,2016-03-12T15:00:00-03:00
6.503,,,False,2,pm25,µg/m³,,raw,01:00:00,2016-03-12T18:00:00Z,2016-03-12T15:00:00-03:00,2016-03-12T19:00:00Z,2016-03-12T16:00:00-03:00,1,01:00:00,1,01:00:00,100.0,100.0,2016-03-12T18:00:00Z,2016-03-12T15:00:00-03:00,2016-03-12T19:00:00Z,2016-03-12T16:00:00-03:00
4.554,,,False,2,pm25,µg/m³,,raw,01:00:00,2016-03-12T19:00:00Z,2016-03-12T16:00:00-03:00,2016-03-12T20:00:00Z,2016-03-12T17:00:00-03:00,1,01:00:00,1,01:00:00,100.0,100.0,2016-03-12T19:00:00Z,2016-03-12T16:00:00-03:00,2016-03-12T20:00:00Z,2016-03-12T17:00:00-03:00
18.07,,,False,2,pm25,µg/m³,,raw,01:00:00,2016-03-12T20:00:00Z,2016-03-12T17:00:00-03:00,2016-03-12T21:00:00Z,2016-03-12T18:00:00-03:00,1,01:00:00,1,01:00:00,100.0,100.0,2016-03-12T20:00:00Z,2016-03-12T17:00:00-03:00,2016-03-12T21:00:00Z,2016-03-12T18:00:00-03:00
13.93,,,False,2,pm25,µg/m³,,raw,01:00:00,2016-03-12T21:00:00Z,2016-03-12T18:00:00-03:00,2016-03-12T22:00:00Z,2016-03-12T19:00:00-03:00,1,01:00:00,1,01:00:00,100.0,100.0,2016-03-12T21:00:00Z,2016-03-12T18:00:00-03:00,2016-03-12T22:00:00Z,2016-03-12T19:00:00-03:00
18.12,,,False,2,pm25,µg/m³,,raw,01:00:00,2016-03-12T22:00:00Z,2016-03-12T19:00:00-03:00,2016-03-12T23:00:00Z,2016-03-12T20:00:00-03:00,1,01:00:00,1,01:00:00,100.0,100.0,2016-03-12T22:00:00Z,2016-03-12T19:00:00-03:00,2016-03-12T23:00:00Z,2016-03-12T20:00:00-03:00
13.18,,,False,2,pm25,µg/m³,,raw,01:00:00,2016-03-12T23:00:00Z,2016-03-12T20:00:00-03:00,2016-03-13T00:00:00Z,2016-03-12T21:00:00-03:00,1,01:00:00,1,01:00:00,100.0,100.0,2016-03-12T23:00:00Z,2016-03-12T20:00:00-03:00,2016-03-13T00:00:00Z,2016-03-12T21:00:00-03:00
10.45,,,False,2,pm25,µg/m³,,raw,01:00:00,2016-03-13T00:00:00Z,2016-03-12T21:00:00-03:00,2016-03-13T01:00:00Z,2016-03-12T22:00:00-03:00,1,01:00:00,1,01:00:00,100.0,100.0,2016-03-13T00:00:00Z,2016-03-12T21:00:00-03:00,2016-03-13T01:00:00Z,2016-03-12T22:00:00-03:00
38.05,,,False,2,pm25,µg/m³,,raw,01:00:00,2016-03-13T01:00:00Z,2016-03-12T22:00:00-03:00,2016-03-13T02:00:00Z,2016-03-12T23:00:00-03:00,1,01:00:00,1,01:00:00,100.0,100.0,2016-03-13T01:00:00Z,2016-03-12T22:00:00-03:00,2016-03-13T02:00:00Z,2016-03-12T23:00:00-03:00
19.48,,,False,2,pm25,µg/m³,,raw,01:00:00,2016-03-13T02:00:00Z,2016-03-12T23:00:00-03:00,2016-03-13T03:00:00Z,2016-03-13T00:00:00-03:00,1,01:00:00,1,01:00:00,100.0,100.0,2016-03-13T02:00:00Z,2016-03-12T23:00:00-03:00,2016-03-13T03:00:00Z,2016-03-13T00:00:00-03:00
12.63,,,False,2,pm25,µg/m³,,raw,01:00:00,2016-03-13T03:00:00Z,2016-03-13T00:00:00-03:00,2016-03-13T04:00:00Z,2016-03-13T01:00:00-03:00,1,01:00:00,1,01:00:00,100.0,100.0,2016-03-13T03:00:00Z,2016-03-13T00:00:00-03:00,2016-03-13T04:00:00Z,2016-03-13T01:00:00-03:00
7.434,,,False,2,pm25,µg/m³,,raw,01:00:00,2016-03-13T05:00:00Z,2016-03-13T02:00:00-03:00,2016-03-13T06:00:00Z,2016-03-13T03:00:00-03:00,1,01:00:00,1,01:00:00,100.0,100.0,2016-03-13T05:00:00Z,2016-03-13T02:00:00-03:00,2016-03-13T06:00:00Z,2016-03-13T03:00:00-03:00
6.831,,,False,2,pm25,µg/m³,,raw,01:00:00,2016-03-13T06:00:00Z,2016-03-13T03:00:00-03:00,2016-03-13T07:00:00Z,2016-03-13T04:00:00-03:00,1,01:00:00,1,01:00:00,100.0,100.0,2016-03-13T06:00:00Z,2016-03-13T03:00:00-03:00,2016-03-13T07:00:00Z,2016-03-13T04:00:00-03:00
11.66,,,False,2,pm25,µg/m³,,raw,01:00:00,2016-03-13T07:00:00Z,2016-03-13T04:00:00-03:00,2016-03-13T08:00:00Z,2016-03-13T05:00:00-03:00,1,01:00:00,1,01:00:00,100.0,100.0,2016-03-13T07:00:00Z,2016-03-13T04:00:00-03:00,2016-03-13T08:00:00Z,2016-03-13T05:00:00-03:00
15.68,,,False,2,pm25,µg/m³,,raw,01:00:00,2016-03-13T08:00:00Z,2016-03-13T05:00:00-03:00,2016-03-13T09:00:00Z,2016-03-13T06:00:00-03:00,1,01:00:00,1,01:00:00,100.0,100.0,2016-03-13T08:00:00Z,2016-03-13T05:00:00-03:00,2016-03-13T09:00:00Z,2016-03-13T06:00:00-03:00
15.72,,,False,2,pm25,µg/m³,,raw,01:00:00,2016-03-13T10:00:00Z,2016-03-13T07:00:00-03:00,2016-03-13T11:00:00Z,2016-03-13T08:00:00-03:00,1,01:00:00,1,01:00:00,100.0,100.0,2016-03-13T10:00:00Z,2016-03-13T07:00:00-03:00,2016-03-13T11:00:00Z,2016-03-13T08:00:00-03:00
6.524,,,False,2,pm25,µg/m³,,raw,01:00:00,2016-03-13T11:00:00Z,2016-03-13T08:00:00-03:00,2016-03-13T12:00:00Z,2016-03-13T09:00:00-03:00,1,01:00:00,1,01:00:00,100.0,100.0,2016-03-13T11:00:00Z,2016-03-13T08:00:00-03:00,2016-03-13T12:00:00Z,2016-03-13T09:00:00-03:00
2.081,,,False,2,pm25,µg/m³,,raw,01:00:00,2016-03-13T12:00:00Z,2016-03-13T09:00:00-03:00,2016-03-13T13:00:00Z,2016-03-13T10:00:00-03:00,1,01:00:00,1,01:00:00,100.0,100.0,2016-03-13T12:00:00Z,2016-03-13T09:00:00-03:00,2016-03-13T13:00:00Z,2016-03-13T10:00:00-03:00
1.0,,,False,2,pm25,µg/m³,,raw,01:00:00,2016-03-13T13:00:00Z,2016-03-13T10:00:00-03:00,2016-03-13T14:00:00Z,2016-03-13T11:00:00-03:00,1,01:00:00,1,01:00:00,100.0,100.0,2016-03-13T13:00:00Z,2016-03-13T10:00:00-03:00,2016-03-13T14:00:00Z,2016-03-13T11:00:00-03:00
3.699,,,False,2,pm25,µg/m³,,raw,01:00:00,2016-03-13T14:00:00Z,2016-03-13T11:00:00-03:00,2016-03-13T15:00:00Z,2016-03-13T12:00:00-03:00,1,01:00:00,1,01:00:00,100.0,100.0,2016-03-13T14:00:00Z,2016-03-13T11:00:00-03:00,2016-03-13T15:00:00Z,2016-03-13T12:00:00-03:00
25.34,,,False,2,pm25,µg/m³,,raw,01:00:00,2016-03-13T15:00:00Z,2016-03-13T12:00:00-03:00,2016-03-13T16:00:00Z,2016-03-13T13:00:00-03:00,1,01:00:00,1,01:00:00,100.0,100.0,2016-03-13T15:00:00Z,2016-03-13T12:00:00-03:00,2016-03-13T16:00:00Z,2016-03-13T13:00:00-03:00
12.23,,,False,2,pm25,µg/m³,,raw,01:00:00,2016-03-13T16:00:00Z,2016-03-13T13:00:00-03:00,2016-03-13T17:00:00Z,2016-03-13T14:00:00-03:00,1,01:00:00,1,01:00:00,100.0,100.0,2016-03-13T16:00:00Z,2016-03-13T13:00:00-03:00,2016-03-13T17:00:00Z,2016-03-13T14:00:00-03:00
11.23,,,False,2,pm25,µg/m³,,raw,01:00:00,2016-03-13T17:00:00Z,2016-03-13T14:00:00-03:00,2016-03-13T18:00:00Z,2016-03-13T15:00:00-03:00,1,01:00:00,1,01:00:00,100.0,100.0,2016-03-13T17:00:00Z,2016-03-13T14:00:00-03:00,2016-03-13T18:00:00Z,2016-03-13T15:00:00-03:00
8.227,,,False,2,pm25,µg/m³,,raw,01:00:00,2016-03-13T18:00:00Z,2016-03-13T15:00:00-03:00,2016-03-13T19:00:00Z,2016-03-13T16:00:00-03:00,1,01:00:00,1,01:00:00,100.0,100.0,2016-03-13T18:00:00Z,2016-03-13T15:00:00-03:00,2016-03-13T19:00:00Z,2016-03-13T16:00:00-03:00
18.71,,,False,2,pm25,µg/m³,,raw,01:00:00,2016-03-13T19:00:00Z,2016-03-13T16:00:00-03:00,2016-03-13T20:00:00Z,2016-03-13T17:00:00-03:00,1,01:00:00,1,01:00:00,100.0,100.0,2016-03-13T19:00:00Z,2016-03-13T16:00:00-03:00,2016-03-13T20:00:00Z,2016-03-13T17:00:00-03:00
14.57,,,False,2,pm25,µg/m³,,raw,01:00:00,2016-03-13T20:00:00Z,2016-03-13T17:00:00-03:00,2016-03-13T21:00:00Z,2016-03-13T18:00:00-03:00,1,01:00:00,1,01:00:00,100.0,100.0,2016-03-13T20:00:00Z,2016-03-13T17:00:00-03:00,2016-03-13T21:00:00Z,2016-03-13T18:00:00-03:00
18.93,,,False,2,pm25,µg/m³,,raw,01:00:00,2016-03-13T21:00:00Z,2016-03-13T18:00:00-03:00,2016-03-13T22:00:00Z,2016-03-13T19:00:00-03:00,1,01:00:00,1,01:00:00,100.0,100.0,2016-03-13T21:00:00Z,2016-03-13T18:00:00-03:00,2016-03-13T22:00:00Z,2016-03-13T19:00:00-03:00
12.86,,,False,2,pm25,µg/m³,,raw,01:00:00,2016-03-14T00:00:00Z,2016-03-13T21:00:00-03:00,2016-03-14T01:00:00Z,2016-03-13T22:00:00-03:00,1,01:00:00,1,01:00:00,100.0,100.0,2016-03-14T00:00:00Z,2016-03-13T21:00:00-03:00,2016-03-14T01:00:00Z,2016-03-13T22:00:00-03:00
5.35,,,False,2,pm25,µg/m³,,raw,01:00:00,2016-03-14T02:00:00Z,2016-03-13T23:00:00-03:00,2016-03-14T03:00:00Z,2016-03-14T00:00:00-03:00,1,01:00:00,1,01:00:00,100.0,100.0,2016-03-14T02:00:00Z,2016-03-13T23:00:00-03:00,2016-03-14T03:00:00Z,2016-03-14T00:00:00-03:00
16.17,,,False,2,pm25,µg/m³,,raw,01:00:00,2016-03-14T03:00:00Z,2016-03-14T00:00:00-03:00,2016-03-14T04:00:00Z,2016-03-14T01:00:00-03:00,1,01:00:00,1,01:00:00,100.0,100.0,2016-03-14T03:00:00Z,2016-03-14T00:00:00-03:00,2016-03-14T04:00:00Z,2016-03-14T01:00:00-03:00
9.425,,,False,2,pm25,µg/m³,,raw,01:00:00,2016-03-14T05:00:00Z,2016-03-14T02:00:00-03:00,2016-03-14T06:00:00Z,2016-03-14T03:00:00-03:00,1,01:00:00,1,01:00:00,100.0,100.0,2016-03-14T05:00:00Z,2016-03-14T02:00:00-03:00,2016-03-14T06:00:00Z,2016-03-14T03:00:00-03:00
11.34,,,False,2,pm25,µg/m³,,raw,01:00:00,2016-03-14T06:00:00Z,2016-03-14T03:00:00-03:00,2016-03-14T07:00:00Z,2016-03-14T04:00:00-03:00,1,01:00:00,1,01:00:00,100.0,100.0,2016-03-14T06:00:00Z,2016-03-14T03:00:00-03:00,2016-03-14T07:00:00Z,2016-03-14T04:00:00-03:00
6.641,,,False,2,pm25,µg/m³,,raw,01:00:00,2016-03-14T07:00:00Z,2016-03-14T04:00:00-03:00,2016-03-14T08:00:00Z,2016-03-14T05:00:00-03:00,1,01:00:00,1,01:00:00,100.0,100.0,2016-03-14T07:00:00Z,2016-03-14T04:00:00-03:00,2016-03-14T08:00:00Z,2016-03-14T05:00:00-03:00
10.14,,,False,2,pm25,µg/m³,,raw,01:00:00,2016-03-14T08:00:00Z,2016-03-14T05:00:00-03:00,2016-03-14T09:00:00Z,2016-03-14T06:00:00-03:00,1,01:00:00,1,01:00:00,100.0,100.0,2016-03-14T08:00:00Z,2016-03-14T05:00:00-03:00,2016-03-14T09:00:00Z,2016-03-14T06:00:00-03:00
11.98,,,False,2,pm25,µg/m³,,raw,01:00:00,2016-03-14T09:00:00Z,2016-03-14T06:00:00-03:00,2016-03-14T10:00:00Z,2016-03-14T07:00:00-03:00,1,01:00:00,1,01:00:00,100.0,100.0,2016-03-14T09:00:00Z,2016-03-14T06:00:00-03:00,2016-03-14T10:00:00Z,2016-03-14T07:00:00-03:00
11.46,,,False,2,pm25,µg/m³,,raw,01:00:00,2016-03-14T10:00:00Z,2016-03-14T07:00:00-03:00,2016-03-14T11:00:00Z,2016-03-14T08:00:00-03:00,1,01:00:00,1,01:00:00,100.0,100.0,2016-03-14T10:00:00Z,2016-03-14T07:00:00-03:00,2016-03-14T11:00:00Z,2016-03-14T08:00:00-03:00
10.28,,,False,2,pm25,µg/m³,,raw,01:00:00,2016-03-14T11:00:00Z,2016-03-14T08:00:00-03:00,2016-03-14T12:00:00Z,2016-03-14T09:00:00-03:00,1,01:00:00,1,01:00:00,100.0,100.0,2016-03-14T11:00:00Z,2016-03-14T08:00:00-03:00,2016-03-14T12:00:00Z,2016-03-14T09:00:00-03:00
11.56,,,False,2,pm25,µg/m³,,raw,01:00:00,2016-03-14T12:00:00Z,2016-03-14T09:00:00-03:00,2016-03-14T13:00:00Z,2016-03-14T10:00:00-03:00,1,01:00:00,1,01:00:00,100.0,100.0,2016-03-14T12:00:00Z,2016-03-14T09:00:00-03:00,2016-03-14T13:00:00Z,2016-03-14T10:00:00-03:00
17.52,,,False,2,pm25,µg/m³,,raw,01:00:00,2016-03-14T13:00:00Z,2016-03-14T10:00:00-03:00,2016-03-14T14:00:00Z,2016-03-14T11:00:00-03:00,1,01:00:00,1,01:00:00,100.0,100.0,2016-03-14T13:00:00Z,2016-03-14T10:00:00-03:00,2016-03-14T14:00:00Z,2016-03-14T11:00:00-03:00
10.56,,,False,2,pm25,µg/m³,,raw,01:00:00,2016-03-14T14:00:00Z,2016-03-14T11:00:00-03:00,2016-03-14T15:00:00Z,2016-03-14T12:00:00-03:00,1,01:00:00,1,01:00:00,100.0,100.0,2016-03-14T14:00:00Z,2016-03-14T11:00:00-03:00,2016-03-14T15:00:00Z,2016-03-14T12:00:00-03:00
9.369,,,False,2,pm25,µg/m³,,raw,01:00:00,2016-03-14T15:00:00Z,2016-03-14T12:00:00-03:00,2016-03-14T16:00:00Z,2016-03-14T13:00:00-03:00,1,01:00:00,1,01:00:00,100.0,100.0,2016-03-14T15:00:00Z,2016-03-14T12:00:00-03:00,2016-03-14T16:00:00Z,2016-03-14T13:00:00-03:00
10.69,,,False,2,pm25,µg/m³,,raw,01:00:00,2016-03-14T16:00:00Z,2016-03-14T13:00:00-03:00,2016-03-14T17:00:00Z,2016-03-14T14:00:00-03:00,1,01:00:00,1,01:00:00,100.0,100.0,2016-03-14T16:00:00Z,2016-03-14T13:00:00-03:00,2016-03-14T17:00:00Z,2016-03-14T14:00:00-03:00
19.93,,,False,2,pm25,µg/m³,,raw,01:00:00,2016-03-14T17:00:00Z,2016-03-14T14:00:00-03:00,2016-03-14T18:00:00Z,2016-03-14T15:00:00-03:00,1,01:00:00,1,01:00:00,100.0,100.0,2016-03-14T17:00:00Z,2016-03-14T14:00:00-03:00,2016-03-14T18:00:00Z,2016-03-14T15:00:00-03:00
14.12,,,False,2,pm25,µg/m³,,raw,01:00:00,2016-03-14T18:00:00Z,2016-03-14T15:00:00-03:00,2016-03-14T19:00:00Z,2016-03-14T16:00:00-03:00,1,01:00:00,1,01:00:00,100.0,100.0,2016-03-14T18:00:00Z,2016-03-14T15:00:00-03:00,2016-03-14T19:00:00Z,2016-03-14T16:00:00-03:00
20.74,,,False,2,pm25,µg/m³,,raw,01:00:00,2016-03-14T19:00:00Z,2016-03-14T16:00:00-03:00,2016-03-14T20:00:00Z,2016-03-14T17:00:00-03:00,1,01:00:00,1,01:00:00,100.0,100.0,2016-03-14T19:00:00Z,2016-03-14T16:00:00-03:00,2016-03-14T20:00:00Z,2016-03-14T17:00:00-03:00
20.62,,,False,2,pm25,µg/m³,,raw,01:00:00,2016-03-14T20:00:00Z,2016-03-14T17:00:00-03:00,2016-03-14T21:00:00Z,2016-03-14T18:00:00-03:00,1,01:00:00,1,01:00:00,100.0,100.0,2016-03-14T20:00:00Z,2016-03-14T17:00:00-03:00,2016-03-14T21:00:00Z,2016-03-14T18:00:00-03:00
14.66,,,False,2,pm25,µg/m³,,raw,01:00:00,2016-03-14T21:00:00Z,2016-03-14T18:00:00-03:00,2016-03-14T22:00:00Z,2016-03-14T19:00:00-03:00,1,01:00:00,1,01:00:00,100.0,100.0,2016-03-14T21:00:00Z,2016-03-14T18:00:00-03:00,2016-03-14T22:00:00Z,2016-03-14T19:00:00-03:00
23.16,,,False,2,pm25,µg/m³,,raw,01:00:00,2016-03-14T22:00:00Z,2016-03-14T19:00:00-03:00,2016-03-14T23:00:00Z,2016-03-14T20:00:00-03:00,1,01:00:00,1,01:00:00,100.0,100.0,2016-03-14T22:00:00Z,2016-03-14T19:00:00-03:00,2016-03-14T23:00:00Z,2016-03-14T20:00:00-03:00
17.13,,,False,2,pm25,µg/m³,,raw,01:00:00,2016-03-14T23:00:00Z,2016-03-14T20:00:00-03:00,2016-03-15T00:00:00Z,2016-03-14T21:00:00-03:00,1,01:00:00,1,01:00:00,100.0,100.0,2016-03-14T23:00:00Z,2016-03-14T20:00:00-03:00,2016-03-15T00:00:00Z,2016-03-14T21:00:00-03:00
15.76,,,False,2,pm25,µg/m³,,raw,01:00:00,2016-03-15T00:00:00Z,2016-03-14T21:00:00-03:00,2016-03-15T01:00:00Z,2016-03-14T22:00:00-03:00,1,01:00:00,1,01:00:00,100.0,100.0,2016-03-15T00:00:00Z,2016-03-14T21:00:00-03:00,2016-03-15T01:00:00Z,2016-03-14T22:00:00-03:00
17.04,,,False,2,pm25,µg/m³,,raw,01:00:00,2016-03-15T01:00:00Z,2016-03-14T22:00:00-03:00,2016-03-15T02:00:00Z,2016-03-14T23:00:00-03:00,1,01:00:00,1,01:00:00,100.0,100.0,2016-03-15T01:00:00Z,2016-03-14T22:00:00-03:00,2016-03-15T02:00:00Z,2016-03-14T23:00:00-03:00
11.19,,,False,2,pm25,µg/m³,,raw,01:00:00,2016-03-15T02:00:00Z,2016-03-14T23:00:00-03:00,2016-03-15T03:00:00Z,2016-03-15T00:00:00-03:00,1,01:00:00,1,01:00:00,100.0,100.0,2016-03-15T02:00:00Z,2016-03-14T23:00:00-03:00,2016-03-15T03:00:00Z,2016-03-15T00:00:00-03:00
15.65,,,False,2,pm25,µg/m³,,raw,01:00:00,2016-03-15T03:00:00Z,2016-03-15T00:00:00-03:00,2016-03-15T04:00:00Z,2016-03-15T01:00:00-03:00,1,01:00:00,1,01:00:00,100.0,100.0,2016-03-15T03:00:00Z,2016-03-15T00:00:00-03:00,2016-03-15T04:00:00Z,2016-03-15T01:00:00-03:00
19.01,,,False,2,pm25,µg/m³,,raw,01:00:00,2016-03-15T04:00:00Z,2016-03-15T01:00:00-03:00,2016-03-15T05:00:00Z,2016-03-15T02:00:00-03:00,1,01:00:00,1,01:00:00,100.0,100.0,2016-03-15T04:00:00Z,2016-03-15T01:00:00-03:00,2016-03-15T05:00:00Z,2016-03-15T02:00:00-03:00
17.22,,,False,2,pm25,µg/m³,,raw,01:00:00,2016-03-15T05:00:00Z,2016-03-15T02:00:00-03:00,2016-03-15T06:00:00Z,2016-03-15T03:00:00-03:00,1,01:00:00,1,01:00:00,100.0,100.0,2016-03-15T05:00:00Z,2016-03-15T02:00:00-03:00,2016-03-15T06:00:00Z,2016-03-15T03:00:00-03:00
19.67,,,False,2,pm25,µg/m³,,raw,01:00:00,2016-03-15T06:00:00Z,2016-03-15T03:00:00-03:00,2016-03-15T07:00:00Z,2016-03-15T04:00:00-03:00,1,01:00:00,1,01:00:00,100.0,100.0,2016-03-15T06:00:00Z,2016-03-15T03:00:00-03:00,2016-03-15T07:00:00Z,2016-03-15T04:00:00-03:00
20.67,,,False,2,pm25,µg/m³,,raw,01:00:00,2016-03-15T07:00:00Z,2016-03-15T04:00:00-03:00,2016-03-15T08:00:00Z,2016-03-15T05:00:00-03:00,1,01:00:00,1,01:00:00,100.0,100.0,2016-03-15T07:00:00Z,2016-03-15T04:00:00-03:00,2016-03-15T08:00:00Z,2016-03-15T05:00:00-03:00
24.7,,,False,2,pm25,µg/m³,,raw,01:00:00,2016-03-15T08:00:00Z,2016-03-15T05:00:00-03:00,2016-03-15T09:00:00Z,2016-03-15T06:00:00-03:00,1,01:00:00,1,01:00:00,100.0,100.0,2016-03-15T08:00:00Z,2016-03-15T05:00:00-03:00,2016-03-15T09:00:00Z,2016-03-15T06:00:00-03:00
14.99,,,False,2,pm25,µg/m³,,raw,01:00:00,2016-03-15T09:00:00Z,2016-03-15T06:00:00-03:00,2016-03-15T10:00:00Z,2016-03-15T07:00:00-03:00,1,01:00:00,1,01:00:00,100.0,100.0,2016-03-15T09:00:00Z,2016-03-15T06:00:00-03:00,2016-03-15T10:00:00Z,2016-03-15T07:00:00-03:00
