value,coordinates,summary,flagInfo.hasFlags,parameter.id,parameter.name,parameter.units,parameter.displayName,period.label,period.interval,period.datetimeFrom.utc,period.datetimeFrom.local,period.datetimeTo.utc,period.datetimeTo.local,coverage.expectedCount,coverage.expectedInterval,coverage.observedCount,coverage.observedInterval,coverage.percentComplete,coverage.percentCoverage,coverage.datetimeFrom.utc,coverage.datetimeFrom.local,coverage.datetimeTo.utc,coverage.datetimeTo.local
219.0,,,False,2,pm25,µg/m³,,raw,01:00:00,2016-11-02T17:30:00Z,2016-11-02T23:00:00+05:30,2016-11-02T18:30:00Z,2016-11-03T00:00:00+05:30,1,01:00:00,1,00:15:00,100.0,0.0,2016-11-02T18:15:00Z,2016-11-02T23:45:00+05:30,2016-11-02T18:30:00Z,2016-11-03T00:00:00+05:30
96.0,,,False,2,pm25,µg/m³,,raw,01:00:00,2016-11-03T10:00:00Z,2016-11-03T15:30:00+05:30,2016-11-03T11:00:00Z,2016-11-03T16:30:00+05:30,1,01:00:00,1,00:15:00,100.0,0.0,2016-11-03T10:45:00Z,2016-11-03T16:15:00+05:30,2016-11-03T11:00:00Z,2016-11-03T16:30:00+05:30
86.0,,,False,2,pm25,µg/m³,,raw,01:00:00,2016-11-03T10:15:00Z,2016-11-03T15:45:00+05:30,2016-11-03T11:15:00Z,2016-11-03T16:45:00+05:30,1,01:00:00,1,00:15:00,100.0,0.0,2016-11-03T11:00:00Z,2016-11-03T16:30:00+05:30,2016-11-03T11:15:00Z,2016-11-03T16:45:00+05:30
77.0,,,False,2,pm25,µg/m³,,raw,01:00:00,2016-11-03T10:30:00Z,2016-11-03T16:00:00+05:30,2016-11-03T11:30:00Z,2016-11-03T17:00:00+05:30,1,01:00:00,1,00:15:00,100.0,0.0,2016-11-03T11:15:00Z,2016-11-03T16:45:00+05:30,2016-11-03T11:30:00Z,2016-11-03T17:00:00+05:30
75.0,,,False,2,pm25,µg/m³,,raw,01:00:00,2016-11-03T10:45:00Z,2016-11-03T16:15:00+05:30,2016-11-03T11:45:00Z,2016-11-03T17:15:00+05:30,1,01:00:00,1,00:15:00,100.0,0.0,2016-11-03T11:30:00Z,2016-11-03T17:00:00+05:30,2016-11-03T11:45:00Z,2016-11-03T17:15:00+05:30
78.0,,,False,2,pm25,µg/m³,,raw,01:00:00,2016-11-03T11:00:00Z,2016-11-03T16:30:00+05:30,2016-11-03T12:00:00Z,2016-11-03T17:30:00+05:30,1,01:00:00,1,00:15:00,100.0,0.0,2016-11-03T11:45:00Z,2016-11-03T17:15:00+05:30,2016-11-03T12:00:00Z,2016-11-03T17:30:00+05:30
88.0,,,False,2,pm25,µg/m³,,raw,01:00:00,2016-11-03T11:15:00Z,2016-11-03T16:45:00+05:30,2016-11-03T12:15:00Z,2016-11-03T17:45:00+05:30,1,01:00:00,1,00:15:00,100.0,0.0,2016-11-03T12:00:00Z,2016-11-03T17:30:00+05:30,2016-11-03T12:15:00Z,2016-11-03T17:45:00+05:30
101.0,,,False,2,pm25,µg/m³,,raw,01:00:00,2016-11-03T11:30:00Z,2016-11-03T17:00:00+05:30,2016-11-03T12:30:00Z,2016-11-03T18:00:00+05:30,1,01:00:00,1,00:15:00,100.0,0.0,2016-11-03T12:15:00Z,2016-11-03T17:45:00+05:30,2016-11-03T12:30:00Z,2016-11-03T18:00:00+05:30
108.0,,,False,2,pm25,µg/m³,,raw,01:00:00,2016-11-03T11:45:00Z,2016-11-03T17:15:00+05:30,2016-11-03T12:45:00Z,2016-11-03T18:15:00+05:30,1,01:00:00,1,00:15:00,100.0,0.0,2016-11-03T12:30:00Z,2016-11-03T18:00:00+05:30,2016-11-03T12:45:00Z,2016-11-03T18:15:00+05:30
115.0,,,False,2,pm25,µg/m³,,raw,01:00:00,2016-11-03T12:00:00Z,2016-11-03T17:30:00+05:30,2016-11-03T13:00:00Z,2016-11-03T18:30:00+05:30,1,01:00:00,1,00:15:00,100.0,0.0,2016-11-03T12:45:00Z,2016-11-03T18:15:00+05:30,2016-11-03T13:00:00Z,2016-11-03T18:30:00+05:30
122.0,,,False,2,pm25,µg/m³,,raw,01:00:00,2016-11-03T12:15:00Z,2016-11-03T17:45:00+05:30,2016-11-03T13:15:00Z,2016-11-03T18:45:00+05:30,1,01:00:00,1,00:15:00,100.0,0.0,2016-11-03T13:00:00Z,2016-11-03T18:30:00+05:30,2016-11-03T13:15:00Z,2016-11-03T18:45:00+05:30
129.0,,,False,2,pm25,µg/m³,,raw,01:00:00,2016-11-03T12:30:00Z,2016-11-03T18:00:00+05:30,2016-11-03T13:30:00Z,2016-11-03T19:00:00+05:30,1,01:00:00,1,00:15:00,100.0,0.0,2016-11-03T13:15:00Z,2016-11-03T18:45:00+05:30,2016-11-03T13:30:00Z,2016-11-03T19:00:00+05:30
133.0,,,False,2,pm25,µg/m³,,raw,01:00:00,2016-11-03T12:45:00Z,2016-11-03T18:15:00+05:30,2016-11-03T13:45:00Z,2016-11-03T19:15:00+05:30,1,01:00:00,1,00:15:00,100.0,0.0,2016-11-03T13:30:00Z,2016-11-03T19:00:00+05:30,2016-11-03T13:45:00Z,2016-11-03T19:15:00+05:30
139.0,,,False,2,pm25,µg/m³,,raw,01:00:00,2016-11-03T13:00:00Z,2016-11-03T18:30:00+05:30,2016-11-03T14:00:00Z,2016-11-03T19:30:00+05:30,1,01:00:00,1,00:15:00,100.0,0.0,2016-11-03T13:45:00Z,2016-11-03T19:15:00+05:30,2016-11-03T14:00:00Z,2016-11-03T19:30:00+05:30
147.0,,,False,2,pm25,µg/m³,,raw,01:00:00,2016-11-03T13:15:00Z,2016-11-03T18:45:00+05:30,2016-11-03T14:15:00Z,2016-11-03T19:45:00+05:30,1,01:00:00,1,00:15:00,100.0,0.0,2016-11-03T14:00:00Z,2016-11-03T19:30:00+05:30,2016-11-03T14:15:00Z,2016-11-03T19:45:00+05:30
151.0,,,False,2,pm25,µg/m³,,raw,01:00:00,2016-11-03T13:30:00Z,2016-11-03T19:00:00+05:30,2016-11-03T14:30:00Z,2016-11-03T20:00:00+05:30,1,01:00:00,1,00:15:00,100.0,0.0,2016-11-03T14:15:00Z,2016-11-03T19:45:00+05:30,2016-11-03T14:30:00Z,2016-11-03T20:00:00+05:30
157.0,,,False,2,pm25,µg/m³,,raw,01:00:00,2016-11-03T13:45:00Z,2016-11-03T19:15:00+05:30,2016-11-03T14:45:00Z,2016-11-03T20:15:00+05:30,1,01:00:00,1,00:15:00,100.0,0.0,2016-11-03T14:30:00Z,2016-11-03T20:00:00+05:30,2016-11-03T14:45:00Z,2016-11-03T20:15:00+05:30
162.0,,,False,2,pm25,µg/m³,,raw,01:00:00,2016-11-03T14:00:00Z,2016-11-03T19:30:00+05:30,2016-11-03T15:00:00Z,2016-11-03T20:30:00+05:30,1,01:00:00,1,00:15:00,100.0,0.0,2016-11-03T14:45:00Z,2016-11-03T20:15:00+05:30,2016-11-03T15:00:00Z,2016-11-03T20:30:00+05:30
168.0,,,False,2,pm25,µg/m³,,raw,01:00:00,2016-11-03T14:15:00Z,2016-11-03T19:45:00+05:30,2016-11-03T15:15:00Z,2016-11-03T20:45:00+05:30,1,01:00:00,1,00:15:00,100.0,0.0,2016-11-03T15:00:00Z,2016-11-03T20:30:00+05:30,2016-11-03T15:15:00Z,2016-11-03T20:45:00+05:30
174.0,,,False,2,pm25,µg/m³,,raw,01:00:00,2016-11-03T14:30:00Z,2016-11-03T20:00:00+05:30,2016-11-03T15:30:00Z,2016-11-03T21:00:00+05:30,1,01:00:00,1,00:15:00,100.0,0.0,2016-11-03T15:15:00Z,2016-11-03T20:45:00+05:30,2016-11-03T15:30:00Z,2016-11-03T21:00:00+05:30
181.0,,,False,2,pm25,µg/m³,,raw,01:00:00,2016-11-03T14:45:00Z,2016-11-03T20:15:00+05:30,2016-11-03T15:45:00Z,2016-11-03T21:15:00+05:30,1,01:00:00,1,00:15:00,100.0,0.0,2016-11-03T15:30:00Z,2016-11-03T21:00:00+05:30,2016-11-03T15:45:00Z,2016-11-03T21:15:00+05:30
192.0,,,False,2,pm25,µg/m³,,raw,01:00:00,2016-11-03T15:00:00Z,2016-11-03T20:30:00+05:30,2016-11-03T16:00:00Z,2016-11-03T21:30:00+05:30,1,01:00:00,1,00:15:00,100.0,0.0,2016-11-03T15:45:00Z,2016-11-03T21:15:00+05:30,2016-11-03T16:00:00Z,2016-11-03T21:30:00+05:30
203.0,,,False,2,pm25,µg/m³,,raw,01:00:00,2016-11-03T15:15:00Z,2016-11-03T20:45:00+05:30,2016-11-03T16:15:00Z,2016-11-03T21:45:00+05:30,1,01:00:00,1,00:15:00,100.0,0.0,2016-11-03T16:00:00Z,2016-11-03T21:30:00+05:30,2016-11-03T16:15:00Z,2016-11-03T21:45:00+05:30
216.0,,,False,2,pm25,µg/m³,,raw,01:00:00,2016-11-03T15:30:00Z,2016-11-03T21:00:00+05:30,2016-11-03T16:30:00Z,2016-11-03T22:00:00+05:30,1,01:00:00,1,00:15:00,100.0,0.0,2016-11-03T16:15:00Z,2016-11-03T21:45:00+05:30,2016-11-03T16:30:00Z,2016-11-03T22:00:00+05:30
225.0,,,False,2,pm25,µg/m³,,raw,01:00:00,2016-11-03T15:45:00Z,2016-11-03T21:15:00+05:30,2016-11-03T16:45:00Z,2016-11-03T22:15:00+05:30,1,01:00:00,1,00:15:00,100.0,0.0,2016-11-03T16:30:00Z,2016-11-03T22:00:00+05:30,2016-11-03T16:45:00Z,2016-11-03T22:15:00+05:30
231.0,,,False,2,pm25,µg/m³,,raw,01:00:00,2016-11-03T16:00:00Z,2016-11-03T21:30:00+05:30,2016-11-03T17:00:00Z,2016-11-03T22:30:00+05:30,1,01:00:00,1,00:15:00,100.0,0.0,2016-11-03T16:45:00Z,2016-11-03T22:15:00+05:30,2016-11-03T17:00:00Z,2016-11-03T22:30:00+05:30
234.0,,,False,2,pm25,µg/m³,,raw,01:00:00,2016-11-03T16:15:00Z,2016-11-03T21:45:00+05:30,2016-11-03T17:15:00Z,2016-11-03T22:45:00+05:30,1,01:00:00,1,00:15:00,100.0,0.0,2016-11-03T17:00:00Z,2016-11-03T22:30:00+05:30,2016-11-03T17:15:00Z,2016-11-03T22:45:00+05:30
236.0,,,False,2,pm25,µg/m³,,raw,01:00:00,2016-11-03T16:30:00Z,2016-11-03T22:00:00+05:30,2016-11-03T17:30:00Z,2016-11-03T23:00:00+05:30,1,01:00:00,1,00:15:00,100.0,0.0,2016-11-03T17:15:00Z,2016-11-03T22:45:00+05:30,2016-11-03T17:30:00Z,2016-11-03T23:00:00+05:30
235.0,,,False,2,pm25,µg/m³,,raw,01:00:00,2016-11-03T16:45:00Z,2016-11-03T22:15:00+05:30,2016-11-03T17:45:00Z,2016-11-03T23:15:00+05:30,1,01:00:00,1,00:15:00,100.0,0.0,2016-11-03T17:30:00Z,2016-11-03T23:00:00+05:30,2016-11-03T17:45:00Z,2016-11-03T23:15:00+05:30
232.0,,,False,2,pm25,µg/m³,,raw,01:00:00,2016-11-03T17:00:00Z,2016-11-03T22:30:00+05:30,2016-11-03T18:00:00Z,2016-11-03T23:30:00+05:30,1,01:00:00,1,00:15:00,100.0,0.0,2016-11-03T17:45:00Z,2016-11-03T23:15:00+05:30,2016-11-03T18:00:00Z,2016-11-03T23:30:00+05:30
227.0,,,False,2,pm25,µg/m³,,raw,01:00:00,2016-11-03T17:15:00Z,2016-11-03T22:45:00+05:30,2016-11-03T18:15:00Z,2016-11-03T23:45:00+05:30,1,01:00:00,1,00:15:00,100.0,0.0,2016-11-03T18:00:00Z,2016-11-03T23:30:00+05:30,2016-11-03T18:15:00Z,2016-11-03T23:45:00+05:30
399.0,,,False,2,pm25,µg/m³,,raw,01:00:00,2016-11-03T17:30:00Z,2016-11-03T23:00:00+05:30,2016-11-03T18:30:00Z,2016-11-04T00:00:00+05:30,1,01:00:00,1,00:15:00,100.0,0.0,2016-11-03T18:15:00Z,2016-11-03T23:45:00+05:30,2016-11-03T18:30:00Z,2016-11-04T00:00:00+05:30
212.0,,,False,2,pm25,µg/m³,,raw,01:00:00,2016-11-03T17:45:00Z,2016-11-03T23:15:00+05:30,2016-11-03T18:45:00Z,2016-11-04T00:15:00+05:30,1,01:00:00,1,00:15:00,100.0,0.0,2016-11-03T18:30:00Z,2016-11-04T00:00:00+05:30,2016-11-03T18:45:00Z,2016-11-04T00:15:00+05:30
207.0,,,False,2,pm25,µg/m³,,raw,01:00:00,2016-11-03T18:00:00Z,2016-11-03T23:30:00+05:30,2016-11-03T19:00:00Z,2016-11-04T00:30:00+05:30,1,01:00:00,1,00:15:00,100.0,0.0,2016-11-03T18:45:00Z,2016-11-04T00:15:00+05:30,2016-11-03T19:00:00Z,2016-11-04T00:30:00+05:30
205.0,,,False,2,pm25,µg/m³,,raw,01:00:00,2016-11-03T18:15:00Z,2016-11-03T23:45:00+05:30,2016-11-03T19:15:00Z,2016-11-04T00:45:00+05:30,1,01:00:00,1,00:15:00,100.0,0.0,2016-11-03T19:00:00Z,2016-11-04T00:30:00+05:30,2016-11-03T19:15:00Z,2016-11-04T00:45:00+05:30
201.0,,,False,2,pm25,µg/m³,,raw,01:00:00,2016-11-03T18:30:00Z,2016-11-04T00:00:00+05:30,2016-11-03T19:30:00Z,2016-11-04T01:00:00+05:30,1,01:00:00,1,00:15:00,100.0,0.0,2016-11-03T19:15:00Z,2016-11-04T00:45:00+05:30,2016-11-03T19:30:00Z,2016-11-04T01:00:00+05:30
200.0,,,False,2,pm25,µg/m³,,raw,01:00:00,2016-11-03T18:45:00Z,2016-11-04T00:15:00+05:30,2016-11-03T19:45:00Z,2016-11-04T01:15:00+05:30,1,01:00:00,1,00:15:00,100.0,0.0,2016-11-03T19:30:00Z,2016-11-04T01:00:00+05:30,2016-11-03T19:45:00Z,2016-11-04T01:15:00+05:30
201.0,,,False,2,pm25,µg/m³,,raw,01:00:00,2016-11-03T19:00:00Z,2016-11-04T00:30:00+05:30,2016-11-03T20:00:00Z,2016-11-04T01:30:00+05:30,1,01:00:00,1,00:15:00,100.0,0.0,2016-11-03T19:45:00Z,2016-11-04T01:15:00+05:30,2016-11-03T20:00:00Z,2016-11-04T01:30:00+05:30
204.0,,,False,2,pm25,µg/m³,,raw,01:00:00,2016-11-03T19:15:00Z,2016-11-04T00:45:00+05:30,2016-11-03T20:15:00Z,2016-11-04T01:45:00+05:30,1,01:00:00,1,00:15:00,100.0,0.0,2016-11-03T20:00:00Z,2016-11-04T01:30:00+05:30,2016-11-03T20:15:00Z,2016-11-04T01:45:00+05:30
211.0,,,False,2,pm25,µg/m³,,raw,01:00:00,2016-11-03T19:30:00Z,2016-11-04T01:00:00+05:30,2016-11-03T20:30:00Z,2016-11-04T02:00:00+05:30,1,01:00:00,1,00:15:00,100.0,0.0,2016-11-03T20:15:00Z,2016-11-04T01:45:00+05:30,2016-11-03T20:30:00Z,2016-11-04T02:00:00+05:30
214.0,,,False,2,pm25,µg/m³,,raw,01:00:00,2016-11-03T19:45:00Z,2016-11-04T01:15:00+05:30,2016-11-03T20:45:00Z,2016-11-04T02:15:00+05:30,1,01:00:00,1,00:15:00,100.0,0.0,2016-11-03T20:30:00Z,2016-11-04T02:00:00+05:30,2016-11-03T20:45:00Z,2016-11-04T02:15:00+05:30
213.0,,,False,2,pm25,µg/m³,,raw,01:00:00,2016-11-03T20:00:00Z,2016-11-04T01:30:00+05:30,2016-11-03T21:00:00Z,2016-11-04T02:30:00+05:30,1,01:00:00,1,00:15:00,100.0,0.0,2016-11-03T20:45:00Z,2016-11-04T02:15:00+05:30,2016-11-03T21:00:00Z,2016-11-04T02:30:00+05:30
215.0,,,False,2,pm25,µg/m³,,raw,01:00:00,2016-11-03T20:15:00Z,2016-11-04T01:45:00+05:30,2016-11-03T21:15:00Z,2016-11-04T02:45:00+05:30,1,01:00:00,1,00:15:00,100.0,0.0,2016-11-03T21:00:00Z,2016-11-04T02:30:00+05:30,2016-11-03T21:15:00Z,2016-11-04T02:45:00+05:30
219.0,,,False,2,pm25,µg/m³,,raw,01:00:00,2016-11-03T20:30:00Z,2016-11-04T02:00:00+05:30,2016-11-03T21:30:00Z,2016-11-04T03:00:00+05:30,1,01:00:00,1,00:15:00,100.0,0.0,2016-11-03T21:15:00Z,2016-11-04T02:45:00+05:30,2016-11-03T21:30:00Z,2016-11-04T03:00:00+05:30
222.0,,,False,2,pm25,µg/m³,,raw,01:00:00,2016-11-03T20:45:00Z,2016-11-04T02:15:00+05:30,2016-11-03T21:45:00Z,2016-11-04T03:15:00+05:30,1,01:00:00,1,00:15:00,100.0,0.0,2016-11-03T21:30:00Z,2016-11-04T03:00:00+05:30,2016-11-03T21:45:00Z,2016-11-04T03:15:00+05:30
221.0,,,False,2,pm25,µg/m³,,raw,01:00:00,2016-11-03T21:00:00Z,2016-11-04T02:30:00+05:30,2016-11-03T22:00:00Z,2016-11-04T03:30:00+05:30,1,01:00:00,1,00:15:00,100.0,0.0,2016-11-03T21:45:00Z,2016-11-04T03:15:00+05:30,2016-11-03T22:00:00Z,2016-11-04T03:30:00+05:30
218.0,,,False,2,pm25,µg/m³,,raw,01:00:00,2016-11-03T21:15:00Z,2016-11-04T02:45:00+05:30,2016-11-03T22:15:00Z,2016-11-04T03:45:00+05:30,1,01:00:00,1,00:15:00,100.0,0.0,2016-11-03T22:00:00Z,2016-11-04T03:30:00+05:30,2016-11-03T22:15:00Z,2016-11-04T03:45:00+05:30
213.0,,,False,2,pm25,µg/m³,,raw,01:00:00,2016-11-03T21:30:00Z,2016-11-04T03:00:00+05:30,2016-11-03T22:30:00Z,2016-11-04T04:00:00+05:30,1,01:00:00,1,00:15:00,100.0,0.0,2016-11-03T22:15:00Z,2016-11-04T03:45:00+05:30,2016-11-03T22:30:00Z,2016-11-04T04:00:00+05:30
211.0,,,False,2,pm25,µg/m³,,raw,01:00:00,2016-11-03T21:45:00Z,2016-11-04T03:15:00+05:30,2016-11-03T22:45:00Z,2016-11-04T04:15:00+05:30,1,01:00:00,1,00:15:00,100.0,0.0,2016-11-03T22:30:00Z,2016-11-04T04:00:00+05:30,2016-11-03T22:45:00Z,2016-11-04T04:15:00+05:30
215.0,,,False,2,pm25,µg/m³,,raw,01:00:00,2016-11-03T22:00:00Z,2016-11-04T03:30:00+05:30,2016-11-03T23:00:00Z,2016-11-04T04:30:00+05:30,1,01:00:00,1,00:15:00,100.0,0.0,2016-11-03T22:45:00Z,2016-11-04T04:15:00+05:30,2016-11-03T23:00:00Z,2016-11-04T04:30:00+05:30
218.0,,,False,2,pm25,µg/m³,,raw,01:00:00,2016-11-03T22:15:00Z,2016-11-04T03:45:00+05:30,2016-11-03T23:15:00Z,2016-11-04T04:45:00+05:30,1,01:00:00,1,00:15:00,100.0,0.0,2016-11-03T23:00:00Z,2016-11-04T04:30:00+05:30,2016-11-03T23:15:00Z,2016-11-04T04:45:00+05:30
219.0,,,False,2,pm25,µg/m³,,raw,01:00:00,2016-11-03T22:30:00Z,2016-11-04T04:00:00+05:30,2016-11-03T23:30:00Z,2016-11-04T05:00:00+05:30,1,01:00:00,1,00:15:00,100.0,0.0,2016-11-03T23:15:00Z,2016-11-04T04:45:00+05:30,2016-11-03T23:30:00Z,2016-11-04T05:00:00+05:30
220.0,,,False,2,pm25,µg/m³,,raw,01:00:00,2016-11-03T22:45:00Z,2016-11-04T04:15:00+05:30,2016-11-03T23:45:00Z,2016-11-04T05:15:00+05:30,1,01:00:00,1,00:15:00,100.0,0.0,2016-11-03T23:30:00Z,2016-11-04T05:00:00+05:30,2016-11-03T23:45:00Z,2016-11-04T05:15:00+05:30
220.0,,,False,2,pm25,µg/m³,,raw,01:00:00,2016-11-03T23:00:00Z,2016-11-04T04:30:00+05:30,2016-11-04T00:00:00Z,2016-11-04T05:30:00+05:30,1,01:00:00,1,00:15:00,100.0,0.0,2016-11-03T23:45:00Z,2016-11-04T05:15:00+05:30,2016-11-04T00:00:00Z,2016-11-04T05:30:00+05:30
220.0,,,False,2,pm25,µg/m³,,raw,01:00:00,2016-11-03T23:15:00Z,2016-11-04T04:45:00+05:30,2016-11-04T00:15:00Z,2016-11-04T05:45:00+05:30,1,01:00:00,1,00:15:00,100.0,0.0,2016-11-04T00:00:00Z,2016-11-04T05:30:00+05:30,2016-11-04T00:15:00Z,2016-11-04T05:45:00+05:30
220.0,,,False,2,pm25,µg/m³,,raw,01:00:00,2016-11-03T23:30:00Z,2016-11-04T05:00:00+05:30,2016-11-04T00:30:00Z,2016-11-04T06:00:00+05:30,1,01:00:00,1,00:15:00,100.0,0.0,2016-11-04T00:15:00Z,2016-11-04T05:45:00+05:30,2016-11-04T00:30:00Z,2016-11-04T06:00:00+05:30
220.0,,,False,2,pm25,µg/m³,,raw,01:00:00,2016-11-03T23:45:00Z,2016-11-04T05:15:00+05:30,2016-11-04T00:45:00Z,2016-11-04T06:15:00+05:30,1,01:00:00,1,00:15:00,100.0,0.0,2016-11-04T00:30:00Z,2016-11-04T06:00:00+05:30,2016-11-04T00:45:00Z,2016-11-04T06:15:00+05:30
219.0,,,False,2,pm25,µg/m³,,raw,01:00:00,2016-11-04T00:00:00Z,2016-11-04T05:30:00+05:30,2016-11-04T01:00:00Z,2016-11-04T06:30:00+05:30,1,01:00:00,1,00:15:00,100.0,0.0,2016-11-04T00:45:00Z,2016-11-04T06:15:00+05:30,2016-11-04T01:00:00Z,2016-11-04T06:30:00+05:30
220.0,,,False,2,pm25,µg/m³,,raw,01:00:00,2016-11-04T00:15:00Z,2016-11-04T05:45:00+05:30,2016-11-04T01:15:00Z,2016-11-04T06:45:00+05:30,1,01:00:00,1,00:15:00,100.0,0.0,2016-11-04T01:00:00Z,2016-11-04T06:30:00+05:30,2016-11-04T01:15:00Z,2016-11-04T06:45:00+05:30
225.0,,,False,2,pm25,µg/m³,,raw,01:00:00,2016-11-04T00:30:00Z,2016-11-04T06:00:00+05:30,2016-11-04T01:30:00Z,2016-11-04T07:00:00+05:30,1,01:00:00,1,00:15:00,100.0,0.0,2016-11-04T01:15:00Z,2016-11-04T06:45:00+05:30,2016-11-04T01:30:00Z,2016-11-04T07:00:00+05:30
229.0,,,False,2,pm25,µg/m³,,raw,01:00:00,2016-11-04T00:45:00Z,2016-11-04T06:15:00+05:30,2016-11-04T01:45:00Z,2016-11-04T07:15:00+05:30,1,01:00:00,1,00:15:00,100.0,0.0,2016-11-04T01:30:00Z,2016-11-04T07:00:00+05:30,2016-11-04T01:45:00Z,2016-11-04T07:15:00+05:30
234.0,,,False,2,pm25,µg/m³,,raw,01:00:00,2016-11-04T01:00:00Z,2016-11-04T06:30:00+05:30,2016-11-04T02:00:00Z,2016-11-04T07:30:00+05:30,1,01:00:00,1,00:15:00,100.0,0.0,2016-11-04T01:45:00Z,2016-11-04T07:15:00+05:30,2016-11-04T02:00:00Z,2016-11-04T07:30:00+05:30
240.0,,,False,2,pm25,µg/m³,,raw,01:00:00,2016-11-04T01:15:00Z,2016-11-04T06:45:00+05:30,2016-11-04T02:15:00Z,2016-11-04T07:45:00+05:30,1,01:00:00,1,00:15:00,100.0,0.0,2016-11-04T02:00:00Z,2016-11-04T07:30:00+05:30,2016-11-04T02:15:00Z,2016-11-04T07:45:00+05:30
246.0,,,False,2,pm25,µg/m³,,raw,01:00:00,2016-11-04T01:30:00Z,2016-11-04T07:00:00+05:30,2016-11-04T02:30:00Z,2016-11-04T08:00:00+05:30,1,01:00:00,1,00:15:00,100.0,0.0,2016-11-04T02:15:00Z,2016-11-04T07:45:00+05:30,2016-11-04T02:30:00Z,2016-11-04T08:00:00+05:30
254.0,,,False,2,pm25,µg/m³,,raw,01:00:00,2016-11-04T01:45:00Z,2016-11-04T07:15:00+05:30,2016-11-04T02:45:00Z,2016-11-04T08:15:00+05:30,1,01:00:00,1,00:15:00,100.0,0.0,2016-11-04T02:30:00Z,2016-11-04T08:00:00+05:30,2016-11-04T02:45:00Z,2016-11-04T08:15:00+05:30
265.0,,,False,2,pm25,µg/m³,,raw,01:00:00,2016-11-04T02:00:00Z,2016-11-04T07:30:00+05:30,2016-11-04T03:00:00Z,2016-11-04T08:30:00+05:30,1,01:00:00,1,00:15:00,100.0,0.0,2016-11-04T02:45:00Z,2016-11-04T08:15:00+05:30,2016-11-04T03:00:00Z,2016-11-04T08:30:00+05:30
275.0,,,False,2,pm25,µg/m³,,raw,01:00:00,2016-11-04T02:15:00Z,2016-11-04T07:45:00+05:30,2016-11-04T03:15:00Z,2016-11-04T08:45:00+05:30,1,01:00:00,1,00:15:00,100.0,0.0,2016-11-04T03:00:00Z,2016-11-04T08:30:00+05:30,2016-11-04T03:15:00Z,2016-11-04T08:45:00+05:30
282.0,,,False,2,pm25,µg/m³,,raw,01:00:00,2016-11-04T02:30:00Z,2016-11-04T08:00:00+05:30,2016-11-04T03:30:00Z,2016-11-04T09:00:00+05:30,1,01:00:00,1,00:15:00,100.0,0.0,2016-11-04T03:15:00Z,2016-11-04T08:45:00+05:30,2016-11-04T03:30:00Z,2016-11-04T09:00:00+05:30
292.0,,,False,2,pm25,µg/m³,,raw,01:00:00,2016-11-04T02:45:00Z,2016-11-04T08:15:00+05:30,2016-11-04T03:45:00Z,2016-11-04T09:15:00+05:30,1,01:00:00,1,00:15:00,100.0,0.0,2016-11-04T03:30:00Z,2016-11-04T09:00:00+05:30,2016-11-04T03:45:00Z,2016-11-04T09:15:00+05:30
301.0,,,False,2,pm25,µg/m³,,raw,01:00:00,2016-11-04T03:00:00Z,2016-11-04T08:30:00+05:30,2016-11-04T04:00:00Z,2016-11-04T09:30:00+05:30,1,01:00:00,1,00:15:00,100.0,0.0,2016-11-04T03:45:00Z,2016-11-04T09:15:00+05:30,2016-11-04T04:00:00Z,2016-11-04T09:30:00+05:30
308.0,,,False,2,pm25,µg/m³,,raw,01:00:00,2016-11-04T03:15:00Z,2016-11-04T08:45:00+05:30,2016-11-04T04:15:00Z,2016-11-04T09:45:00+05:30,1,01:00:00,1,00:15:00,100.0,0.0,2016-11-04T04:00:00Z,2016-11-04T09:30:00+05:30,2016-11-04T04:15:00Z,2016-11-04T09:45:00+05:30
313.0,,,False,2,pm25,µg/m³,,raw,01:00:00,2016-11-04T03:30:00Z,2016-11-04T09:00:00+05:30,2016-11-04T04:30:00Z,2016-11-04T10:00:00+05:30,1,01:00:00,1,00:15:00,100.0,0.0,2016-11-04T04:15:00Z,2016-11-04T09:45:00+05:30,2016-11-04T04:30:00Z,2016-11-04T10:00:00+05:30
309.0,,,False,2,pm25,µg/m³,,raw,01:00:00,2016-11-04T03:45:00Z,2016-11-04T09:15:00+05:30,2016-11-04T04:45:00Z,2016-11-04T10:15:00+05:30,1,01:00:00,1,00:15:00,100.0,0.0,2016-11-04T04:30:00Z,2016-11-04T10:00:00+05:30,2016-11-04T04:45:00Z,2016-11-04T10:15:00+05:30
305.0,,,False,2,pm25,µg/m³,,raw,01:00:00,2016-11-04T04:00:00Z,2016-11-04T09:30:00+05:30,2016-11-04T05:00:00Z,2016-11-04T10:30:00+05:30,1,01:00:00,1,00:15:00,100.0,0.0,2016-11-04T04:45:00Z,2016-11-04T10:15:00+05:30,2016-11-04T05:00:00Z,2016-11-04T10:30:00+05:30
301.0,,,False,2,pm25,µg/m³,,raw,01:00:00,2016-11-04T04:15:00Z,2016-11-04T09:45:00+05:30,2016-11-04T05:15:00Z,2016-11-04T10:45:00+05:30,1,01:00:00,1,00:15:00,100.0,0.0,2016-11-04T05:00:00Z,2016-11-04T10:30:00+05:30,2016-11-04T05:15:00Z,2016-11-04T10:45:00+05:30
303.0,,,False,2,pm25,µg/m³,,raw,01:00:00,2016-11-04T04:30:00Z,2016-11-04T10:00:00+05:30,2016-11-04T05:30:00Z,2016-11-04T11:00:00+05:30,1,01:00:00,1,00:15:00,100.0,0.0,2016-11-04T05:15:00Z,2016-11-04T10:45:00+05:30,2016-11-04T05:30:00Z,2016-11-04T11:00:00+05:30
306.0,,,False,2,pm25,µg/m³,,raw,01:00:00,2016-11-04T04:45:00Z,2016-11-04T10:15:00+05:30,2016-11-04T05:45:00Z,2016-11-04T11:15:00+05:30,1,01:00:00,1,00:15:00,100.0,0.0,2016-11-04T05:30:00Z,2016-11-04T11:00:00+05:30,2016-11-04T05:45:00Z,2016-11-04T11:15:00+05:30
303.0,,,False,2,pm25,µg/m³,,raw,01:00:00,2016-11-04T05:00:00Z,2016-11-04T10:30:00+05:30,2016-11-04T06:00:00Z,2016-11-04T11:30:00+05:30,1,01:00:00,1,00:15:00,100.0,0.0,2016-11-04T05:45:00Z,2016-11-04T11:15:00+05:30,2016-11-04T06:00:00Z,2016-11-04T11:30:00+05:30
297.0,,,False,2,pm25,µg/m³,,raw,01:00:00,2016-11-04T05:15:00Z,2016-11-04T10:45:00+05:30,2016-11-04T06:15:00Z,2016-11-04T11:45:00+05:30,1,01:00:00,1,00:15:00,100.0,0.0,2016-11-04T06:00:00Z,2016-11-04T11:30:00+05:30,2016-11-04T06:15:00Z,2016-11-04T11:45:00+05:30
285.0,,,False,2,pm25,µg/m³,,raw,01:00:00,2016-11-04T05:30:00Z,2016-11-04T11:00:00+05:30,2016-11-04T06:30:00Z,2016-11-04T12:00:00+05:30,1,01:00:00,1,00:15:00,100.0,0.0,2016-11-04T06:15:00Z,2016-11-04T11:45:00+05:30,2016-11-04T06:30:00Z,2016-11-04T12:00:00+05:30
276.0,,,False,2,pm25,µg/m³,,raw,01:00:00,2016-11-04T05:45:00Z,2016-11-04T11:15:00+05:30,2016-11-04T06:45:00Z,2016-11-04T12:15:00+05:30,1,01:00:00,1,00:15:00,100.0,0.0,2016-11-04T06:30:00Z,2016-11-04T12:00:00+05:30,2016-11-04T06:45:00Z,2016-11-04T12:15:00+05:30
266.0,,,False,2,pm25,µg/m³,,raw,01:00:00,2016-11-04T06:00:00Z,2016-11-04T11:30:00+05:30,2016-11-04T07:00:00Z,2016-11-04T12:30:00+05:30,1,01:00:00,1,00:15:00,100.0,0.0,2016-11-04T06:45:00Z,2016-11-04T12:15:00+05:30,2016-11-04T07:00:00Z,2016-11-04T12:30:00+05:30
255.0,,,False,2,pm25,µg/m³,,raw,01:00:00,2016-11-04T06:15:00Z,2016-11-04T11:45:00+05:30,2016-11-04T07:15:00Z,2016-11-04T12:45:00+05:30,1,01:00:00,1,00:15:00,100.0,0.0,2016-11-04T07:00:00Z,2016-11-04T12:30:00+05:30,2016-11-04T07:15:00Z,2016-11-04T12:45:00+05:30
238.0,,,False,2,pm25,µg/m³,,raw,01:00:00,2016-11-04T06:30:00Z,2016-11-04T12:00:00+05:30,2016-11-04T07:30:00Z,2016-11-04T13:00:00+05:30,1,01:00:00,1,00:15:00,100.0,0.0,2016-11-04T07:15:00Z,2016-11-04T12:45:00+05:30,2016-11-04T07:30:00Z,2016-11-04T13:00:00+05:30
108.0,,,False,2,pm25,µg/m³,,raw,01:00:00,2016-11-04T07:30:00Z,2016-11-04T13:00:00+05:30,2016-11-04T08:30:00Z,2016-11-04T14:00:00+05:30,1,01:00:00,1,00:15:00,100.0,0.0,2016-11-04T08:15:00Z,2016-11-04T13:45:00+05:30,2016-11-04T08:30:00Z,2016-11-04T14:00:00+05:30
111.0,,,False,2,pm25,µg/m³,,raw,01:00:00,2016-11-04T07:45:00Z,2016-11-04T13:15:00+05:30,2016-11-04T08:45:00Z,2016-11-04T14:15:00+05:30,1,01:00:00,1,00:15:00,100.0,0.0,2016-11-04T08:30:00Z,2016-11-04T14:00:00+05:30,2016-11-04T08:45:00Z,2016-11-04T14:15:00+05:30
121.0,,,False,2,pm25,µg/m³,,raw,01:00:00,2016-11-04T08:00:00Z,2016-11-04T13:30:00+05:30,2016-11-04T09:00:00Z,2016-11-04T14:30:00+05:30,1,01:00:00,1,00:15:00,100.0,0.0,2016-11-04T08:45:00Z,2016-11-04T14:15:00+05:30,2016-11-04T09:00:00Z,2016-11-04T14:30:00+05:30
124.0,,,False,2,pm25,µg/m³,,raw,01:00:00,2016-11-04T08:15:00Z,2016-11-04T13:45:00+05:30,2016-11-04T09:15:00Z,2016-11-04T14:45:00+05:30,1,01:00:00,1,00:15:00,100.0,0.0,2016-11-04T09:00:00Z,2016-11-04T14:30:00+05:30,2016-11-04T09:15:00Z,2016-11-04T14:45:00+05:30
131.0,,,False,2,pm25,µg/m³,,raw,01:00:00,2016-11-04T08:30:00Z,2016-11-04T14:00:00+05:30,2016-11-04T09:30:00Z,2016-11-04T15:00:00+05:30,1,01:00:00,1,00:15:00,100.0,0.0,2016-11-04T09:15:00Z,2016-11-04T14:45:00+05:30,2016-11-04T09:30:00Z,2016-11-04T15:00:00+05:30
139.0,,,False,2,pm25,µg/m³,,raw,01:00:00,2016-11-04T08:45:00Z,2016-11-04T14:15:00+05:30,2016-11-04T09:45:00Z,2016-11-04T15:15:00+05:30,1,01:00:00,1,00:15:00,100.0,0.0,2016-11-04T09:30:00Z,2016-11-04T15:00:00+05:30,2016-11-04T09:45:00Z,2016-11-04T15:15:00+05:30
139.0,,,False,2,pm25,µg/m³,,raw,01:00:00,2016-11-04T09:00:00Z,2016-11-04T14:30:00+05:30,2016-11-04T10:00:00Z,2016-11-04T15:30:00+05:30,1,01:00:00,1,00:15:00,100.0,0.0,2016-11-04T09:45:00Z,2016-11-04T15:15:00+05:30,2016-11-04T10:00:00Z,2016-11-04T15:30:00+05:30
144.0,,,False,2,pm25,µg/m³,,raw,01:00:00,2016-11-04T09:15:00Z,2016-11-04T14:45:00+05:30,2016-11-04T10:15:00Z,2016-11-04T15:45:00+05:30,1,01:00:00,1,00:15:00,100.0,0.0,2016-11-04T10:00:00Z,2016-11-04T15:30:00+05:30,2016-11-04T10:15:00Z,2016-11-04T15:45:00+05:30
175.0,,,False,2,pm25,µg/m³,,raw,01:00:00,2016-11-04T09:30:00Z,2016-11-04T15:00:00+05:30,2016-11-04T10:30:00Z,2016-11-04T16:00:00+05:30,1,01:00:00,1,00:15:00,100.0,0.0,2016-11-04T10:15:00Z,2016-11-04T15:45:00+05:30,2016-11-04T10:30:00Z,2016-11-04T16:00:00+05:30
226.0,,,False,2,pm25,µg/m³,,raw,01:00:00,2016-11-04T09:45:00Z,2016-11-04T15:15:00+05:30,2016-11-04T10:45:00Z,2016-11-04T16:15:00+05:30,1,01:00:00,1,00:15:00,100.0,0.0,2016-11-04T10:30:00Z,2016-11-04T16:00:00+05:30,2016-11-04T10:45:00Z,2016-11-04T16:15:00+05:30
279.0,,,False,2,pm25,µg/m³,,raw,01:00:00,2016-11-04T10:00:00Z,2016-11-04T15:30:00+05:30,2016-11-04T11:00:00Z,2016-11-04T16:30:00+05:30,1,01:00:00,1,00:15:00,100.0,0.0,2016-11-04T10:45:00Z,2016-11-04T16:15:00+05:30,2016-11-04T11:00:00Z,2016-11-04T16:30:00+05:30
332.0,,,False,2,pm25,µg/m³,,raw,01:00:00,2016-11-04T10:15:00Z,2016-11-04T15:45:00+05:30,2016-11-04T11:15:00Z,2016-11-04T16:45:00+05:30,1,01:00:00,1,00:15:00,100.0,0.0,2016-11-04T11:00:00Z,2016-11-04T16:30:00+05:30,2016-11-04T11:15:00Z,2016-11-04T16:45:00+05:30
349.0,,,False,2,pm25,µg/m³,,raw,01:00:00,2016-11-04T10:30:00Z,2016-11-04T16:00:00+05:30,2016-11-04T11:30:00Z,2016-11-04T17:00:00+05:30,1,01:00:00,1,00:15:00,100.0,0.0,2016-11-04T11:15:00Z,2016-11-04T16:45:00+05:30,2016-11-04T11:30:00Z,2016-11-04T17:00:00+05:30
334.0,,,False,2,pm25,µg/m³,,raw,01:00:00,2016-11-04T10:45:00Z,2016-11-04T16:15:00+05:30,2016-11-04T11:45:00Z,2016-11-04T17:15:00+05:30,1,01:00:00,1,00:15:00,100.0,0.0,2016-11-04T11:30:00Z,2016-11-04T17:00:00+05:30,2016-11-04T11:45:00Z,2016-11-04T17:15:00+05:30
317.0,,,False,2,pm25,µg/m³,,raw,01:00:00,2016-11-04T11:00:00Z,2016-11-04T16:30:00+05:30,2016-11-04T12:00:00Z,2016-11-04T17:30:00+05:30,1,01:00:00,1,00:15:00,100.0,0.0,2016-11-04T11:45:00Z,2016-11-04T17:15:00+05:30,2016-11-04T12:00:00Z,2016-11-04T17:30:00+05:30
305.0,,,False,2,pm25,µg/m³,,raw,01:00:00,2016-11-04T11:15:00Z,2016-11-04T16:45:00+05:30,2016-11-04T12:15:00Z,2016-11-04T17:45:00+05:30,1,01:00:00,1,00:15:00,100.0,0.0,2016-11-04T12:00:00Z,2016-11-04T17:30:00+05:30,2016-11-04T12:15:00Z,2016-11-04T17:45:00+05:30
302.0,,,False,2,pm25,µg/m³,,raw,01:00:00,2016-11-04T11:30:00Z,2016-11-04T17:00:00+05:30,2016-11-04T12:30:00Z,2016-11-04T18:00:00+05:30,1,01:00:00,1,00:15:00,100.0,0.0,2016-11-04T12:15:00Z,2016-11-04T17:45:00+05:30,2016-11-04T12:30:00Z,2016-11-04T18:00:00+05:30
309.0,,,False,2,pm25,µg/m³,,raw,01:00:00,2016-11-04T11:45:00Z,2016-11-04T17:15:00+05:30,2016-11-04T12:45:00Z,2016-11-04T18:15:00+05:30,1,01:00:00,1,00:15:00,100.0,0.0,2016-11-04T12:30:00Z,2016-11-04T18:00:00+05:30,2016-11-04T12:45:00Z,2016-11-04T18:15:00+05:30
314.0,,,False,2,pm25,µg/m³,,raw,01:00:00,2016-11-04T12:00:00Z,2016-11-04T17:30:00+05:30,2016-11-04T13:00:00Z,2016-11-04T18:30:00+05:30,1,01:00:00,1,00:15:00,100.0,0.0,2016-11-04T12:45:00Z,2016-11-04T18:15:00+05:30,2016-11-04T13:00:00Z,2016-11-04T18:30:00+05:30
317.0,,,False,2,pm25,µg/m³,,raw,01:00:00,2016-11-04T12:15:00Z,2016-11-04T17:45:00+05:30,2016-11-04T13:15:00Z,2016-11-04T18:45:00+05:30,1,01:00:00,1,00:15:00,100.0,0.0,2016-11-04T13:00:00Z,2016-11-04T18:30:00+05:30,2016-11-04T13:15:00Z,2016-11-04T18:45:00+05:30
322.0,,,False,2,pm25,µg/m³,,raw,01:00:00,2016-11-04T12:30:00Z,2016-11-04T18:00:00+05:30,2016-11-04T13:30:00Z,2016-11-04T19:00:00+05:30,1,01:00:00,1,00:15:00,100.0,0.0,2016-11-04T13:15:00Z,2016-11-04T18:45:00+05:30,2016-11-04T13:30:00Z,2016-11-04T19:00:00+05:30
324.0,,,False,2,pm25,µg/m³,,raw,01:00:00,2016-11-04T12:45:00Z,2016-11-04T18:15:00+05:30,2016-11-04T13:45:00Z,2016-11-04T19:15:00+05:30,1,01:00:00,1,00:15:00,100.0,0.0,2016-11-04T13:30:00Z,2016-11-04T19:00:00+05:30,2016-11-04T13:45:00Z,2016-11-04T19:15:00+05:30
330.0,,,False,2,pm25,µg/m³,,raw,01:00:00,2016-11-04T13:00:00Z,2016-11-04T18:30:00+05:30,2016-11-04T14:00:00Z,2016-11-04T19:30:00+05:30,1,01:00:00,1,00:15:00,100.0,0.0,2016-11-04T13:45:00Z,2016-11-04T19:15:00+05:30,2016-11-04T14:00:00Z,2016-11-04T19:30:00+05:30
337.0,,,False,2,pm25,µg/m³,,raw,01:00:00,2016-11-04T13:15:00Z,2016-11-04T18:45:00+05:30,2016-11-04T14:15:00Z,2016-11-04T19:45:00+05:30,1,01:00:00,1,00:15:00,100.0,0.0,2016-11-04T14:00:00Z,2016-11-04T19:30:00+05:30,2016-11-04T14:15:00Z,2016-11-04T19:45:00+05:30
342.0,,,False,2,pm25,µg/m³,,raw,01:00:00,2016-11-04T13:30:00Z,2016-11-04T19:00:00+05:30,2016-11-04T14:30:00Z,2016-11-04T20:00:00+05:30,1,01:00:00,1,00:15:00,100.0,0.0,2016-11-04T14:15:00Z,2016-11-04T19:45:00+05:30,2016-11-04T14:30:00Z,2016-11-04T20:00:00+05:30
347.0,,,False,2,pm25,µg/m³,,raw,01:00:00,2016-11-04T13:45:00Z,2016-11-04T19:15:00+05:30,2016-11-04T14:45:00Z,2016-11-04T20:15:00+05:30,1,01:00:00,1,00:15:00,100.0,0.0,2016-11-04T14:30:00Z,2016-11-04T20:00:00+05:30,2016-11-04T14:45:00Z,2016-11-04T20:15:00+05:30
347.0,,,False,2,pm25,µg/m³,,raw,01:00:00,2016-11-04T14:00:00Z,2016-11-04T19:30:00+05:30,2016-11-04T15:00:00Z,2016-11-04T20:30:00+05:30,1,01:00:00,1,00:15:00,100.0,0.0,2016-11-04T14:45:00Z,2016-11-04T20:15:00+05:30,2016-11-04T15:00:00Z,2016-11-04T20:30:00+05:30
344.0,,,False,2,pm25,µg/m³,,raw,01:00:00,2016-11-04T14:15:00Z,2016-11-04T19:45:00+05:30,2016-11-04T15:15:00Z,2016-11-04T20:45:00+05:30,1,01:00:00,1,00:15:00,100.0,0.0,2016-11-04T15:00:00Z,2016-11-04T20:30:00+05:30,2016-11-04T15:15:00Z,2016-11-04T20:45:00+05:30
340.0,,,False,2,pm25,µg/m³,,raw,01:00:00,2016-11-04T14:30:00Z,2016-11-04T20:00:00+05:30,2016-11-04T15:30:00Z,2016-11-04T21:00:00+05:30,1,01:00:00,1,00:15:00,100.0,0.0,2016-11-04T15:15:00Z,2016-11-04T20:45:00+05:30,2016-11-04T15:30:00Z,2016-11-04T21:00:00+05:30
341.0,,,False,2,pm25,µg/m³,,raw,01:00:00,2016-11-04T14:45:00Z,2016-11-04T20:15:00+05:30,2016-11-04T15:45:00Z,2016-11-04T21:15:00+05:30,1,01:00:00,1,00:15:00,100.0,0.0,2016-11-04T15:30:00Z,2016-11-04T21:00:00+05:30,2016-11-04T15:45:00Z,2016-11-04T21:15:00+05:30
343.0,,,False,2,pm25,µg/m³,,raw,01:00:00,2016-11-04T15:00:00Z,2016-11-04T20:30:00+05:30,2016-11-04T16:00:00Z,2016-11-04T21:30:00+05:30,1,01:00:00,1,00:15:00,100.0,0.0,2016-11-04T15:45:00Z,2016-11-04T21:15:00+05:30,2016-11-04T16:00:00Z,2016-11-04T21:30:00+05:30
349.0,,,False,2,pm25,µg/m³,,raw,01:00:00,2016-11-04T15:15:00Z,2016-11-04T20:45:00+05:30,2016-11-04T16:15:00Z,2016-11-04T21:45:00+05:30,1,01:00:00,1,00:15:00,100.0,0.0,2016-11-04T16:00:00Z,2016-11-04T21:30:00+05:30,2016-11-04T16:15:00Z,2016-11-04T21:45:00+05:30
358.0,,,False,2,pm25,µg/m³,,raw,01:00:00,2016-11-04T15:30:00Z,2016-11-04T21:00:00+05:30,2016-11-04T16:30:00Z,2016-11-04T22:00:00+05:30,1,01:00:00,1,00:15:00,100.0,0.0,2016-11-04T16:15:00Z,2016-11-04T21:45:00+05:30,2016-11-04T16:30:00Z,2016-11-04T22:00:00+05:30
367.0,,,False,2,pm25,µg/m³,,raw,01:00:00,2016-11-04T15:45:00Z,2016-11-04T21:15:00+05:30,2016-11-04T16:45:00Z,2016-11-04T22:15:00+05:30,1,01:00:00,1,00:15:00,100.0,0.0,2016-11-04T16:30:00Z,2016-11-04T22:00:00+05:30,2016-11-04T16:45:00Z,2016-11-04T22:15:00+05:30
377.0,,,False,2,pm25,µg/m³,,raw,01:00:00,2016-11-04T16:00:00Z,2016-11-04T21:30:00+05:30,2016-11-04T17:00:00Z,2016-11-04T22:30:00+05:30,1,01:00:00,1,00:15:00,100.0,0.0,2016-11-04T16:45:00Z,2016-11-04T22:15:00+05:30,2016-11-04T17:00:00Z,2016-11-04T22:30:00+05:30
385.0,,,False,2,pm25,µg/m³,,raw,01:00:00,2016-11-04T16:15:00Z,2016-11-04T21:45:00+05:30,2016-11-04T17:15:00Z,2016-11-04T22:45:00+05:30,1,01:00:00,1,00:15:00,100.0,0.0,2016-11-04T17:00:00Z,2016-11-04T22:30:00+05:30,2016-11-04T17:15:00Z,2016-11-04T22:45:00+05:30
387.0,,,False,2,pm25,µg/m³,,raw,01:00:00,2016-11-04T16:30:00Z,2016-11-04T22:00:00+05:30,2016-11-04T17:30:00Z,2016-11-04T23:00:00+05:30,1,01:00:00,1,00:15:00,100.0,0.0,2016-11-04T17:15:00Z,2016-11-04T22:45:00+05:30,2016-11-04T17:30:00Z,2016-11-04T23:00:00+05:30
388.0,,,False,2,pm25,µg/m³,,raw,01:00:00,2016-11-04T16:45:00Z,2016-11-04T22:15:00+05:30,2016-11-04T17:45:00Z,2016-11-04T23:15:00+05:30,1,01:00:00,1,00:15:00,100.0,0.0,2016-11-04T17:30:00Z,2016-11-04T23:00:00+05:30,2016-11-04T17:45:00Z,2016-11-04T23:15:00+05:30
391.0,,,False,2,pm25,µg/m³,,raw,01:00:00,2016-11-04T17:00:00Z,2016-11-04T22:30:00+05:30,2016-11-04T18:00:00Z,2016-11-04T23:30:00+05:30,1,01:00:00,1,00:15:00,100.0,0.0,2016-11-04T17:45:00Z,2016-11-04T23:15:00+05:30,2016-11-04T18:00:00Z,2016-11-04T23:30:00+05:30
394.0,,,False,2,pm25,µg/m³,,raw,01:00:00,2016-11-04T17:15:00Z,2016-11-04T22:45:00+05:30,2016-11-04T18:15:00Z,2016-11-04T23:45:00+05:30,1,01:00:00,1,00:15:00,100.0,0.0,2016-11-04T18:00:00Z,2016-11-04T23:30:00+05:30,2016-11-04T18:15:00Z,2016-11-04T23:45:00+05:30
587.0,,,False,2,pm25,µg/m³,,raw,01:00:00,2016-11-04T17:30:00Z,2016-11-04T23:00:00+05:30,2016-11-04T18:30:00Z,2016-11-05T00:00:00+05:30,1,01:00:00,1,00:15:00,100.0,0.0,2016-11-04T18:15:00Z,2016-11-04T23:45:00+05:30,2016-11-04T18:30:00Z,2016-11-05T00:00:00+05:30
407.0,,,False,2,pm25,µg/m³,,raw,01:00:00,2016-11-04T17:45:00Z,2016-11-04T23:15:00+05:30,2016-11-04T18:45:00Z,2016-11-05T00:15:00+05:30,1,01:00:00,1,00:15:00,100.0,0.0,2016-11-04T18:30:00Z,2016-11-05T00:00:00+05:30,2016-11-04T18:45:00Z,2016-11-05T00:15:00+05:30
419.0,,,False,2,pm25,µg/m³,,raw,01:00:00,2016-11-04T18:00:00Z,2016-11-04T23:30:00+05:30,2016-11-04T19:00:00Z,2016-11-05T00:30:00+05:30,1,01:00:00,1,00:15:00,100.0,0.0,2016-11-04T18:45:00Z,2016-11-05T00:15:00+05:30,2016-11-04T19:00:00Z,2016-11-05T00:30:00+05:30
435.0,,,False,2,pm25,µg/m³,,raw,01:00:00,2016-11-04T18:15:00Z,2016-11-04T23:45:00+05:30,2016-11-04T19:15:00Z,2016-11-05T00:45:00+05:30,1,01:00:00,1,00:15:00,100.0,0.0,2016-11-04T19:00:00Z,2016-11-05T00:30:00+05:30,2016-11-04T19:15:00Z,2016-11-05T00:45:00+05:30
454.0,,,False,2,pm25,µg/m³,,raw,01:00:00,2016-11-04T18:30:00Z,2016-11-05T00:00:00+05:30,2016-11-04T19:30:00Z,2016-11-05T01:00:00+05:30,1,01:00:00,1,00:15:00,100.0,0.0,2016-11-04T19:15:00Z,2016-11-05T00:45:00+05:30,2016-11-04T19:30:00Z,2016-11-05T01:00:00+05:30
471.0,,,False,2,pm25,µg/m³,,raw,01:00:00,2016-11-04T18:45:00Z,2016-11-05T00:15:00+05:30,2016-11-04T19:45:00Z,2016-11-05T01:15:00+05:30,1,01:00:00,1,00:15:00,100.0,0.0,2016-11-04T19:30:00Z,2016-11-05T01:00:00+05:30,2016-11-04T19:45:00Z,2016-11-05T01:15:00+05:30
481.0,,,False,2,pm25,µg/m³,,raw,01:00:00,2016-11-04T19:00:00Z,2016-11-05T00:30:00+05:30,2016-11-04T20:00:00Z,2016-11-05T01:30:00+05:30,1,01:00:00,1,00:15:00,100.0,0.0,2016-11-04T19:45:00Z,2016-11-05T01:15:00+05:30,2016-11-04T20:00:00Z,2016-11-05T01:30:00+05:30
487.0,,,False,2,pm25,µg/m³,,raw,01:00:00,2016-11-04T19:15:00Z,2016-11-05T00:45:00+05:30,2016-11-04T20:15:00Z,2016-11-05T01:45:00+05:30,1,01:00:00,1,00:15:00,100.0,0.0,2016-11-04T20:00:00Z,2016-11-05T01:30:00+05:30,2016-11-04T20:15:00Z,2016-11-05T01:45:00+05:30
487.0,,,False,2,pm25,µg/m³,,raw,01:00:00,2016-11-04T19:30:00Z,2016-11-05T01:00:00+05:30,2016-11-04T20:30:00Z,2016-11-05T02:00:00+05:30,1,01:00:00,1,00:15:00,100.0,0.0,2016-11-04T20:15:00Z,2016-11-05T01:45:00+05:30,2016-11-04T20:30:00Z,2016-11-05T02:00:00+05:30
484.0,,,False,2,pm25,µg/m³,,raw,01:00:00,2016-11-04T19:45:00Z,2016-11-05T01:15:00+05:30,2016-11-04T20:45:00Z,2016-11-05T02:15:00+05:30,1,01:00:00,1,00:15:00,100.0,0.0,2016-11-04T20:30:00Z,2016-11-05T02:00:00+05:30,2016-11-04T20:45:00Z,2016-11-05T02:15:00+05:30
477.0,,,False,2,pm25,µg/m³,,raw,01:00:00,2016-11-04T20:00:00Z,2016-11-05T01:30:00+05:30,2016-11-04T21:00:00Z,2016-11-05T02:30:00+05:30,1,01:00:00,1,00:15:00,100.0,0.0,2016-11-04T20:45:00Z,2016-11-05T02:15:00+05:30,2016-11-04T21:00:00Z,2016-11-05T02:30:00+05:30
471.0,,,False,2,pm25,µg/m³,,raw,01:00:00,2016-11-04T20:15:00Z,2016-11-05T01:45:00+05:30,2016-11-04T21:15:00Z,2016-11-05T02:45:00+05:30,1,01:00:00,1,00:15:00,100.0,0.0,2016-11-04T21:00:00Z,2016-11-05T02:30:00+05:30,2016-11-04T21:15:00Z,2016-11-05T02:45:00+05:30
466.0,,,False,2,pm25,µg/m³,,raw,01:00:00,2016-11-04T20:30:00Z,2016-11-05T02:00:00+05:30,2016-11-04T21:30:00Z,2016-11-05T03:00:00+05:30,1,01:00:00,1,00:15:00,100.0,0.0,2016-11-04T21:15:00Z,2016-11-05T02:45:00+05:30,2016-11-04T21:30:00Z,2016-11-05T03:00:00+05:30
465.0,,,False,2,pm25,µg/m³,,raw,01:00:00,2016-11-04T20:45:00Z,2016-11-05T02:15:00+05:30,2016-11-04T21:45:00Z,2016-11-05T03:15:00+05:30,1,01:00:00,1,00:15:00,100.0,0.0,2016-11-04T21:30:00Z,2016-11-05T03:00:00+05:30,2016-11-04T21:45:00Z,2016-11-05T03:15:00+05:30
468.0,,,False,2,pm25,µg/m³,,raw,01:00:00,2016-11-04T21:00:00Z,2016-11-05T02:30:00+05:30,2016-11-04T22:00:00Z,2016-11-05T03:30:00+05:30,1,01:00:00,1,00:15:00,100.0,0.0,2016-11-04T21:45:00Z,2016-11-05T03:15:00+05:30,2016-11-04T22:00:00Z,2016-11-05T03:30:00+05:30
472.0,,,False,2,pm25,µg/m³,,raw,01:00:00,2016-11-04T21:15:00Z,2016-11-05T02:45:00+05:30,2016-11-04T22:15:00Z,2016-11-05T03:45:00+05:30,1,01:00:00,1,00:15:00,100.0,0.0,2016-11-04T22:00:00Z,2016-11-05T03:30:00+05:30,2016-11-04T22:15:00Z,2016-11-05T03:45:00+05:30
475.0,,,False,2,pm25,µg/m³,,raw,01:00:00,2016-11-04T21:30:00Z,2016-11-05T03:00:00+05:30,2016-11-04T22:30:00Z,2016-11-05T04:00:00+05:30,1,01:00:00,1,00:15:00,100.0,0.0,2016-11-04T22:15:00Z,2016-11-05T03:45:00+05:30,2016-11-04T22:30:00Z,2016-11-05T04:00:00+05:30
477.0,,,False,2,pm25,µg/m³,,raw,01:00:00,2016-11-04T21:45:00Z,2016-11-05T03:15:00+05:30,2016-11-04T22:45:00Z,2016-11-05T04:15:00+05:30,1,01:00:00,1,00:15:00,100.0,0.0,2016-11-04T22:30:00Z,2016-11-05T04:00:00+05:30,2016-11-04T22:45:00Z,2016-11-05T04:15:00+05:30
478.0,,,False,2,pm25,µg/m³,,raw,01:00:00,2016-11-04T22:00:00Z,2016-11-05T03:30:00+05:30,2016-11-04T23:00:00Z,2016-11-05T04:30:00+05:30,1,01:00:00,1,00:15:00,100.0,0.0,2016-11-04T22:45:00Z,2016-11-05T04:15:00+05:30,2016-11-04T23:00:00Z,2016-11-05T04:30:00+05:30
479.0,,,False,2,pm25,µg/m³,,raw,01:00:00,2016-11-04T22:15:00Z,2016-11-05T03:45:00+05:30,2016-11-04T23:15:00Z,2016-11-05T04:45:00+05:30,1,01:00:00,1,00:15:00,100.0,0.0,2016-11-04T23:00:00Z,2016-11-05T04:30:00+05:30,2016-11-04T23:15:00Z,2016-11-05T04:45:00+05:30
477.0,,,False,2,pm25,µg/m³,,raw,01:00:00,2016-11-04T22:30:00Z,2016-11-05T04:00:00+05:30,2016-11-04T23:30:00Z,2016-11-05T05:00:00+05:30,1,01:00:00,1,00:15:00,100.0,0.0,2016-11-04T23:15:00Z,2016-11-05T04:45:00+05:30,2016-11-04T23:30:00Z,2016-11-05T05:00:00+05:30
472.0,,,False,2,pm25,µg/m³,,raw,01:00:00,2016-11-04T22:45:00Z,2016-11-05T04:15:00+05:30,2016-11-04T23:45:00Z,2016-11-05T05:15:00+05:30,1,01:00:00,1,00:15:00,100.0,0.0,2016-11-04T23:30:00Z,2016-11-05T05:00:00+05:30,2016-11-04T23:45:00Z,2016-11-05T05:15:00+05:30
466.0,,,False,2,pm25,µg/m³,,raw,01:00:00,2016-11-04T23:00:00Z,2016-11-05T04:30:00+05:30,2016-11-05T00:00:00Z,2016-11-05T05:30:00+05:30,1,01:00:00,1,00:15:00,100.0,0.0,2016-11-04T23:45:00Z,2016-11-05T05:15:00+05:30,2016-11-05T00:00:00Z,2016-11-05T05:30:00+05:30
457.0,,,False,2,pm25,µg/m³,,raw,01:00:00,2016-11-04T23:15:00Z,2016-11-05T04:45:00+05:30,2016-11-05T00:15:00Z,2016-11-05T05:45:00+05:30,1,01:00:00,1,00:15:00,100.0,0.0,2016-11-05T00:00:00Z,2016-11-05T05:30:00+05:30,2016-11-05T00:15:00Z,2016-11-05T05:45:00+05:30
450.0,,,False,2,pm25,µg/m³,,raw,01:00:00,2016-11-04T23:30:00Z,2016-11-05T05:00:00+05:30,2016-11-05T00:30:00Z,2016-11-05T06:00:00+05:30,1,01:00:00,1,00:15:00,100.0,0.0,2016-11-05T00:15:00Z,2016-11-05T05:45:00+05:30,2016-11-05T00:30:00Z,2016-11-05T06:00:00+05:30
444.0,,,False,2,pm25,µg/m³,,raw,01:00:00,2016-11-04T23:45:00Z,2016-11-05T05:15:00+05:30,2016-11-05T00:45:00Z,2016-11-05T06:15:00+05:30,1,01:00:00,1,00:15:00,100.0,0.0,2016-11-05T00:30:00Z,2016-11-05T06:00:00+05:30,2016-11-05T00:45:00Z,2016-11-05T06:15:00+05:30
440.0,,,False,2,pm25,µg/m³,,raw,01:00:00,2016-11-05T00:00:00Z,2016-11-05T05:30:00+05:30,2016-11-05T01:00:00Z,2016-11-05T06:30:00+05:30,1,01:00:00,1,00:15:00,100.0,0.0,2016-11-05T00:45:00Z,2016-11-05T06:15:00+05:30,2016-11-05T01:00:00Z,2016-11-05T06:30:00+05:30
440.0,,,False,2,pm25,µg/m³,,raw,01:00:00,2016-11-05T00:15:00Z,2016-11-05T05:45:00+05:30,2016-11-05T01:15:00Z,2016-11-05T06:45:00+05:30,1,01:00:00,1,00:15:00,100.0,0.0,2016-11-05T01:00:00Z,2016-11-05T06:30:00+05:30,2016-11-05T01:15:00Z,2016-11-05T06:45:00+05:30
440.0,,,False,2,pm25,µg/m³,,raw,01:00:00,2016-11-05T00:30:00Z,2016-11-05T06:00:00+05:30,2016-11-05T01:30:00Z,2016-11-05T07:00:00+05:30,1,01:00:00,1,00:15:00,100.0,0.0,2016-11-05T01:15:00Z,2016-11-05T06:45:00+05:30,2016-11-05T01:30:00Z,2016-11-05T07:00:00+05:30
439.0,,,False,2,pm25,µg/m³,,raw,01:00:00,2016-11-05T00:45:00Z,2016-11-05T06:15:00+05:30,2016-11-05T01:45:00Z,2016-11-05T07:15:00+05:30,1,01:00:00,1,00:15:00,100.0,0.0,2016-11-05T01:30:00Z,2016-11-05T07:00:00+05:30,2016-11-05T01:45:00Z,2016-11-05T07:15:00+05:30
436.0,,,False,2,pm25,µg/m³,,raw,01:00:00,2016-11-05T01:00:00Z,2016-11-05T06:30:00+05:30,2016-11-05T02:00:00Z,2016-11-05T07:30:00+05:30,1,01:00:00,1,00:15:00,100.0,0.0,2016-11-05T01:45:00Z,2016-11-05T07:15:00+05:30,2016-11-05T02:00:00Z,2016-11-05T07:30:00+05:30
432.0,,,False,2,pm25,µg/m³,,raw,01:00:00,2016-11-05T01:15:00Z,2016-11-05T06:45:00+05:30,2016-11-05T02:15:00Z,2016-11-05T07:45:00+05:30,1,01:00:00,1,00:15:00,100.0,0.0,2016-11-05T02:00:00Z,2016-11-05T07:30:00+05:30,2016-11-05T02:15:00Z,2016-11-05T07:45:00+05:30
425.0,,,False,2,pm25,µg/m³,,raw,01:00:00,2016-11-05T01:30:00Z,2016-11-05T07:00:00+05:30,2016-11-05T02:30:00Z,2016-11-05T08:00:00+05:30,1,01:00:00,1,00:15:00,100.0,0.0,2016-11-05T02:15:00Z,2016-11-05T07:45:00+05:30,2016-11-05T02:30:00Z,2016-11-05T08:00:00+05:30
417.0,,,False,2,pm25,µg/m³,,raw,01:00:00,2016-11-05T01:45:00Z,2016-11-05T07:15:00+05:30,2016-11-05T02:45:00Z,2016-11-05T08:15:00+05:30,1,01:00:00,1,00:15:00,100.0,0.0,2016-11-05T02:30:00Z,2016-11-05T08:00:00+05:30,2016-11-05T02:45:00Z,2016-11-05T08:15:00+05:30
409.0,,,False,2,pm25,µg/m³,,raw,01:00:00,2016-11-05T02:00:00Z,2016-11-05T07:30:00+05:30,2016-11-05T03:00:00Z,2016-11-05T08:30:00+05:30,1,01:00:00,1,00:15:00,100.0,0.0,2016-11-05T02:45:00Z,2016-11-05T08:15:00+05:30,2016-11-05T03:00:00Z,2016-11-05T08:30:00+05:30
400.0,,,False,2,pm25,µg/m³,,raw,01:00:00,2016-11-05T02:15:00Z,2016-11-05T07:45:00+05:30,2016-11-05T03:15:00Z,2016-11-05T08:45:00+05:30,1,01:00:00,1,00:15:00,100.0,0.0,2016-11-05T03:00:00Z,2016-11-05T08:30:00+05:30,2016-11-05T03:15:00Z,2016-11-05T08:45:00+05:30
392.0,,,False,2,pm25,µg/m³,,raw,01:00:00,2016-11-05T02:30:00Z,2016-11-05T08:00:00+05:30,2016-11-05T03:30:00Z,2016-11-05T09:00:00+05:30,1,01:00:00,1,00:15:00,100.0,0.0,2016-11-05T03:15:00Z,2016-11-05T08:45:00+05:30,2016-11-05T03:30:00Z,2016-11-05T09:00:00+05:30
386.0,,,False,2,pm25,µg/m³,,raw,01:00:00,2016-11-05T02:45:00Z,2016-11-05T08:15:00+05:30,2016-11-05T03:45:00Z,2016-11-05T09:15:00+05:30,1,01:00:00,1,00:15:00,100.0,0.0,2016-11-05T03:30:00Z,2016-11-05T09:00:00+05:30,2016-11-05T03:45:00Z,2016-11-05T09:15:00+05:30
384.0,,,False,2,pm25,µg/m³,,raw,01:00:00,2016-11-05T03:00:00Z,2016-11-05T08:30:00+05:30,2016-11-05T04:00:00Z,2016-11-05T09:30:00+05:30,1,01:00:00,1,00:15:00,100.0,0.0,2016-11-05T03:45:00Z,2016-11-05T09:15:00+05:30,2016-11-05T04:00:00Z,2016-11-05T09:30:00+05:30
386.0,,,False,2,pm25,µg/m³,,raw,01:00:00,2016-11-05T03:15:00Z,2016-11-05T08:45:00+05:30,2016-11-05T04:15:00Z,2016-11-05T09:45:00+05:30,1,01:00:00,1,00:15:00,100.0,0.0,2016-11-05T04:00:00Z,2016-11-05T09:30:00+05:30,2016-11-05T04:15:00Z,2016-11-05T09:45:00+05:30
392.0,,,False,2,pm25,µg/m³,,raw,01:00:00,2016-11-05T03:30:00Z,2016-11-05T09:00:00+05:30,2016-11-05T04:30:00Z,2016-11-05T10:00:00+05:30,1,01:00:00,1,00:15:00,100.0,0.0,2016-11-05T04:15:00Z,2016-11-05T09:45:00+05:30,2016-11-05T04:30:00Z,2016-11-05T10:00:00+05:30
406.0,,,False,2,pm25,µg/m³,,raw,01:00:00,2016-11-05T03:45:00Z,2016-11-05T09:15:00+05:30,2016-11-05T04:45:00Z,2016-11-05T10:15:00+05:30,1,01:00:00,1,00:15:00,100.0,0.0,2016-11-05T04:30:00Z,2016-11-05T10:00:00+05:30,2016-11-05T04:45:00Z,2016-11-05T10:15:00+05:30
428.0,,,False,2,pm25,µg/m³,,raw,01:00:00,2016-11-05T04:00:00Z,2016-11-05T09:30:00+05:30,2016-11-05T05:00:00Z,2016-11-05T10:30:00+05:30,1,01:00:00,1,00:15:00,100.0,0.0,2016-11-05T04:45:00Z,2016-11-05T10:15:00+05:30,2016-11-05T05:00:00Z,2016-11-05T10:30:00+05:30
456.0,,,False,2,pm25,µg/m³,,raw,01:00:00,2016-11-05T04:15:00Z,2016-11-05T09:45:00+05:30,2016-11-05T05:15:00Z,2016-11-05T10:45:00+05:30,1,01:00:00,1,00:15:00,100.0,0.0,2016-11-05T05:00:00Z,2016-11-05T10:30:00+05:30,2016-11-05T05:15:00Z,2016-11-05T10:45:00+05:30
490.0,,,False,2,pm25,µg/m³,,raw,01:00:00,2016-11-05T04:30:00Z,2016-11-05T10:00:00+05:30,2016-11-05T05:30:00Z,2016-11-05T11:00:00+05:30,1,01:00:00,1,00:15:00,100.0,0.0,2016-11-05T05:15:00Z,2016-11-05T10:45:00+05:30,2016-11-05T05:30:00Z,2016-11-05T11:00:00+05:30
527.0,,,False,2,pm25,µg/m³,,raw,01:00:00,2016-11-05T04:45:00Z,2016-11-05T10:15:00+05:30,2016-11-05T05:45:00Z,2016-11-05T11:15:00+05:30,1,01:00:00,1,00:15:00,100.0,0.0,2016-11-05T05:30:00Z,2016-11-05T11:00:00+05:30,2016-11-05T05:45:00Z,2016-11-05T11:15:00+05:30
567.0,,,False,2,pm25,µg/m³,,raw,01:00:00,2016-11-05T05:00:00Z,2016-11-05T10:30:00+05:30,2016-11-05T06:00:00Z,2016-11-05T11:30:00+05:30,1,01:00:00,1,00:15:00,100.0,0.0,2016-11-05T05:45:00Z,2016-11-05T11:15:00+05:30,2016-11-05T06:00:00Z,2016-11-05T11:30:00+05:30
611.0,,,False,2,pm25,µg/m³,,raw,01:00:00,2016-11-05T05:15:00Z,2016-11-05T10:45:00+05:30,2016-11-05T06:15:00Z,2016-11-05T11:45:00+05:30,1,01:00:00,1,00:15:00,100.0,0.0,2016-11-05T06:00:00Z,2016-11-05T11:30:00+05:30,2016-11-05T06:15:00Z,2016-11-05T11:45:00+05:30
649.0,,,False,2,pm25,µg/m³,,raw,01:00:00,2016-11-05T05:30:00Z,2016-11-05T11:00:00+05:30,2016-11-05T06:30:00Z,2016-11-05T12:00:00+05:30,1,01:00:00,1,00:15:00,100.0,0.0,2016-11-05T06:15:00Z,2016-11-05T11:45:00+05:30,2016-11-05T06:30:00Z,2016-11-05T12:00:00+05:30
682.0,,,False,2,pm25,µg/m³,,raw,01:00:00,2016-11-05T05:45:00Z,2016-11-05T11:15:00+05:30,2016-11-05T06:45:00Z,2016-11-05T12:15:00+05:30,1,01:00:00,1,00:15:00,100.0,0.0,2016-11-05T06:30:00Z,2016-11-05T12:00:00+05:30,2016-11-05T06:45:00Z,2016-11-05T12:15:00+05:30
710.0,,,False,2,pm25,µg/m³,,raw,01:00:00,2016-11-05T06:00:00Z,2016-11-05T11:30:00+05:30,2016-11-05T07:00:00Z,2016-11-05T12:30:00+05:30,1,01:00:00,1,00:15:00,100.0,0.0,2016-11-05T06:45:00Z,2016-11-05T12:15:00+05:30,2016-11-05T07:00:00Z,2016-11-05T12:30:00+05:30
731.0,,,False,2,pm25,µg/m³,,raw,01:00:00,2016-11-05T06:15:00Z,2016-11-05T11:45:00+05:30,2016-11-05T07:15:00Z,2016-11-05T12:45:00+05:30,1,01:00:00,1,00:15:00,100.0,0.0,2016-11-05T07:00:00Z,2016-11-05T12:30:00+05:30,2016-11-05T07:15:00Z,2016-11-05T12:45:00+05:30
745.0,,,False,2,pm25,µg/m³,,raw,01:00:00,2016-11-05T06:30:00Z,2016-11-05T12:00:00+05:30,2016-11-05T07:30:00Z,2016-11-05T13:00:00+05:30,1,01:00:00,1,00:15:00,100.0,0.0,2016-11-05T07:15:00Z,2016-11-05T12:45:00+05:30,2016-11-05T07:30:00Z,2016-11-05T13:00:00+05:30
747.0,,,False,2,pm25,µg/m³,,raw,01:00:00,2016-11-05T06:45:00Z,2016-11-05T12:15:00+05:30,2016-11-05T07:45:00Z,2016-11-05T13:15:00+05:30,1,01:00:00,1,00:15:00,100.0,0.0,2016-11-05T07:30:00Z,2016-11-05T13:00:00+05:30,2016-11-05T07:45:00Z,2016-11-05T13:15:00+05:30
729.0,,,False,2,pm25,µg/m³,,raw,01:00:00,2016-11-05T07:00:00Z,2016-11-05T12:30:00+05:30,2016-11-05T08:00:00Z,2016-11-05T13:30:00+05:30,1,01:00:00,1,00:15:00,100.0,0.0,2016-11-05T07:45:00Z,2016-11-05T13:15:00+05:30,2016-11-05T08:00:00Z,2016-11-05T13:30:00+05:30
688.0,,,False,2,pm25,µg/m³,,raw,01:00:00,2016-11-05T07:15:00Z,2016-11-05T12:45:00+05:30,2016-11-05T08:15:00Z,2016-11-05T13:45:00+05:30,1,01:00:00,1,00:15:00,100.0,0.0,2016-11-05T08:00:00Z,2016-11-05T13:30:00+05:30,2016-11-05T08:15:00Z,2016-11-05T13:45:00+05:30
645.0,,,False,2,pm25,µg/m³,,raw,01:00:00,2016-11-05T07:30:00Z,2016-11-05T13:00:00+05:30,2016-11-05T08:30:00Z,2016-11-05T14:00:00+05:30,1,01:00:00,1,00:15:00,100.0,0.0,2016-11-05T08:15:00Z,2016-11-05T13:45:00+05:30,2016-11-05T08:30:00Z,2016-11-05T14:00:00+05:30
611.0,,,False,2,pm25,µg/m³,,raw,01:00:00,2016-11-05T07:45:00Z,2016-11-05T13:15:00+05:30,2016-11-05T08:45:00Z,2016-11-05T14:15:00+05:30,1,01:00:00,1,00:15:00,100.0,0.0,2016-11-05T08:30:00Z,2016-11-05T14:00:00+05:30,2016-11-05T08:45:00Z,2016-11-05T14:15:00+05:30
577.0,,,False,2,pm25,µg/m³,,raw,01:00:00,2016-11-05T08:00:00Z,2016-11-05T13:30:00+05:30,2016-11-05T09:00:00Z,2016-11-05T14:30:00+05:30,1,01:00:00,1,00:15:00,100.0,0.0,2016-11-05T08:45:00Z,2016-11-05T14:15:00+05:30,2016-11-05T09:00:00Z,2016-11-05T14:30:00+05:30
552.0,,,False,2,pm25,µg/m³,,raw,01:00:00,2016-11-05T08:15:00Z,2016-11-05T13:45:00+05:30,2016-11-05T09:15:00Z,2016-11-05T14:45:00+05:30,1,01:00:00,1,00:15:00,100.0,0.0,2016-11-05T09:00:00Z,2016-11-05T14:30:00+05:30,2016-11-05T09:15:00Z,2016-11-05T14:45:00+05:30
535.0,,,False,2,pm25,µg/m³,,raw,01:00:00,2016-11-05T08:30:00Z,2016-11-05T14:00:00+05:30,2016-11-05T09:30:00Z,2016-11-05T15:00:00+05:30,1,01:00:00,1,00:15:00,100.0,0.0,2016-11-05T09:15:00Z,2016-11-05T14:45:00+05:30,2016-11-05T09:30:00Z,2016-11-05T15:00:00+05:30
522.0,,,False,2,pm25,µg/m³,,raw,01:00:00,2016-11-05T08:45:00Z,2016-11-05T14:15:00+05:30,2016-11-05T09:45:00Z,2016-11-05T15:15:00+05:30,1,01:00:00,1,00:15:00,100.0,0.0,2016-11-05T09:30:00Z,2016-11-05T15:00:00+05:30,2016-11-05T09:45:00Z,2016-11-05T15:15:00+05:30
522.0,,,False,2,pm25,µg/m³,,raw,01:00:00,2016-11-05T09:00:00Z,2016-11-05T14:30:00+05:30,2016-11-05T10:00:00Z,2016-11-05T15:30:00+05:30,1,01:00:00,1,00:15:00,100.0,0.0,2016-11-05T09:45:00Z,2016-11-05T15:15:00+05:30,2016-11-05T10:00:00Z,2016-11-05T15:30:00+05:30
555.0,,,False,2,pm25,µg/m³,,raw,01:00:00,2016-11-05T09:15:00Z,2016-11-05T14:45:00+05:30,2016-11-05T10:15:00Z,2016-11-05T15:45:00+05:30,1,01:00:00,1,00:15:00,100.0,0.0,2016-11-05T10:00:00Z,2016-11-05T15:30:00+05:30,2016-11-05T10:15:00Z,2016-11-05T15:45:00+05:30
605.0,,,False,2,pm25,µg/m³,,raw,01:00:00,2016-11-05T09:30:00Z,2016-11-05T15:00:00+05:30,2016-11-05T10:30:00Z,2016-11-05T16:00:00+05:30,1,01:00:00,1,00:15:00,100.0,0.0,2016-11-05T10:15:00Z,2016-11-05T15:45:00+05:30,2016-11-05T10:30:00Z,2016-11-05T16:00:00+05:30
671.0,,,False,2,pm25,µg/m³,,raw,01:00:00,2016-11-05T09:45:00Z,2016-11-05T15:15:00+05:30,2016-11-05T10:45:00Z,2016-11-05T16:15:00+05:30,1,01:00:00,1,00:15:00,100.0,0.0,2016-11-05T10:30:00Z,2016-11-05T16:00:00+05:30,2016-11-05T10:45:00Z,2016-11-05T16:15:00+05:30
758.0,,,False,2,pm25,µg/m³,,raw,01:00:00,2016-11-05T10:00:00Z,2016-11-05T15:30:00+05:30,2016-11-05T11:00:00Z,2016-11-05T16:30:00+05:30,1,01:00:00,1,00:15:00,100.0,0.0,2016-11-05T10:45:00Z,2016-11-05T16:15:00+05:30,2016-11-05T11:00:00Z,2016-11-05T16:30:00+05:30
829.0,,,False,2,pm25,µg/m³,,raw,01:00:00,2016-11-05T10:15:00Z,2016-11-05T15:45:00+05:30,2016-11-05T11:15:00Z,2016-11-05T16:45:00+05:30,1,01:00:00,1,00:15:00,100.0,0.0,2016-11-05T11:00:00Z,2016-11-05T16:30:00+05:30,2016-11-05T11:15:00Z,2016-11-05T16:45:00+05:30
874.0,,,False,2,pm25,µg/m³,,raw,01:00:00,2016-11-05T10:30:00Z,2016-11-05T16:00:00+05:30,2016-11-05T11:30:00Z,2016-11-05T17:00:00+05:30,1,01:00:00,1,00:15:00,100.0,0.0,2016-11-05T11:15:00Z,2016-11-05T16:45:00+05:30,2016-11-05T11:30:00Z,2016-11-05T17:00:00+05:30
891.0,,,False,2,pm25,µg/m³,,raw,01:00:00,2016-11-05T10:45:00Z,2016-11-05T16:15:00+05:30,2016-11-05T11:45:00Z,2016-11-05T17:15:00+05:30,1,01:00:00,1,00:15:00,100.0,0.0,2016-11-05T11:30:00Z,2016-11-05T17:00:00+05:30,2016-11-05T11:45:00Z,2016-11-05T17:15:00+05:30
874.0,,,False,2,pm25,µg/m³,,raw,01:00:00,2016-11-05T11:00:00Z,2016-11-05T16:30:00+05:30,2016-11-05T12:00:00Z,2016-11-05T17:30:00+05:30,1,01:00:00,1,00:15:00,100.0,0.0,2016-11-05T11:45:00Z,2016-11-05T17:15:00+05:30,2016-11-05T12:00:00Z,2016-11-05T17:30:00+05:30
841.0,,,False,2,pm25,µg/m³,,raw,01:00:00,2016-11-05T11:15:00Z,2016-11-05T16:45:00+05:30,2016-11-05T12:15:00Z,2016-11-05T17:45:00+05:30,1,01:00:00,1,00:15:00,100.0,0.0,2016-11-05T12:00:00Z,2016-11-05T17:30:00+05:30,2016-11-05T12:15:00Z,2016-11-05T17:45:00+05:30
803.0,,,False,2,pm25,µg/m³,,raw,01:00:00,2016-11-05T11:30:00Z,2016-11-05T17:00:00+05:30,2016-11-05T12:30:00Z,2016-11-05T18:00:00+05:30,1,01:00:00,1,00:15:00,100.0,0.0,2016-11-05T12:15:00Z,2016-11-05T17:45:00+05:30,2016-11-05T12:30:00Z,2016-11-05T18:00:00+05:30
767.0,,,False,2,pm25,µg/m³,,raw,01:00:00,2016-11-05T11:45:00Z,2016-11-05T17:15:00+05:30,2016-11-05T12:45:00Z,2016-11-05T18:15:00+05:30,1,01:00:00,1,00:15:00,100.0,0.0,2016-11-05T12:30:00Z,2016-11-05T18:00:00+05:30,2016-11-05T12:45:00Z,2016-11-05T18:15:00+05:30
736.0,,,False,2,pm25,µg/m³,,raw,01:00:00,2016-11-05T12:00:00Z,2016-11-05T17:30:00+05:30,2016-11-05T13:00:00Z,2016-11-05T18:30:00+05:30,1,01:00:00,1,00:15:00,100.0,0.0,2016-11-05T12:45:00Z,2016-11-05T18:15:00+05:30,2016-11-05T13:00:00Z,2016-11-05T18:30:00+05:30
709.0,,,False,2,pm25,µg/m³,,raw,01:00:00,2016-11-05T12:15:00Z,2016-11-05T17:45:00+05:30,2016-11-05T13:15:00Z,2016-11-05T18:45:00+05:30,1,01:00:00,1,00:15:00,100.0,0.0,2016-11-05T13:00:00Z,2016-11-05T18:30:00+05:30,2016-11-05T13:15:00Z,2016-11-05T18:45:00+05:30
684.0,,,False,2,pm25,µg/m³,,raw,01:00:00,2016-11-05T12:30:00Z,2016-11-05T18:00:00+05:30,2016-11-05T13:30:00Z,2016-11-05T19:00:00+05:30,1,01:00:00,1,00:15:00,100.0,0.0,2016-11-05T13:15:00Z,2016-11-05T18:45:00+05:30,2016-11-05T13:30:00Z,2016-11-05T19:00:00+05:30
660.0,,,False,2,pm25,µg/m³,,raw,01:00:00,2016-11-05T12:45:00Z,2016-11-05T18:15:00+05:30,2016-11-05T13:45:00Z,2016-11-05T19:15:00+05:30,1,01:00:00,1,00:15:00,100.0,0.0,2016-11-05T13:30:00Z,2016-11-05T19:00:00+05:30,2016-11-05T13:45:00Z,2016-11-05T19:15:00+05:30
638.0,,,False,2,pm25,µg/m³,,raw,01:00:00,2016-11-05T13:00:00Z,2016-11-05T18:30:00+05:30,2016-11-05T14:00:00Z,2016-11-05T19:30:00+05:30,1,01:00:00,1,00:15:00,100.0,0.0,2016-11-05T13:45:00Z,2016-11-05T19:15:00+05:30,2016-11-05T14:00:00Z,2016-11-05T19:30:00+05:30
620.0,,,False,2,pm25,µg/m³,,raw,01:00:00,2016-11-05T13:15:00Z,2016-11-05T18:45:00+05:30,2016-11-05T14:15:00Z,2016-11-05T19:45:00+05:30,1,01:00:00,1,00:15:00,100.0,0.0,2016-11-05T14:00:00Z,2016-11-05T19:30:00+05:30,2016-11-05T14:15:00Z,2016-11-05T19:45:00+05:30
612.0,,,False,2,pm25,µg/m³,,raw,01:00:00,2016-11-05T13:30:00Z,2016-11-05T19:00:00+05:30,2016-11-05T14:30:00Z,2016-11-05T20:00:00+05:30,1,01:00:00,1,00:15:00,100.0,0.0,2016-11-05T14:15:00Z,2016-11-05T19:45:00+05:30,2016-11-05T14:30:00Z,2016-11-05T20:00:00+05:30
604.0,,,False,2,pm25,µg/m³,,raw,01:00:00,2016-11-05T13:45:00Z,2016-11-05T19:15:00+05:30,2016-11-05T14:45:00Z,2016-11-05T20:15:00+05:30,1,01:00:00,1,00:15:00,100.0,0.0,2016-11-05T14:30:00Z,2016-11-05T20:00:00+05:30,2016-11-05T14:45:00Z,2016-11-05T20:15:00+05:30
601.0,,,False,2,pm25,µg/m³,,raw,01:00:00,2016-11-05T14:00:00Z,2016-11-05T19:30:00+05:30,2016-11-05T15:00:00Z,2016-11-05T20:30:00+05:30,1,01:00:00,1,00:15:00,100.0,0.0,2016-11-05T14:45:00Z,2016-11-05T20:15:00+05:30,2016-11-05T15:00:00Z,2016-11-05T20:30:00+05:30
602.0,,,False,2,pm25,µg/m³,,raw,01:00:00,2016-11-05T14:15:00Z,2016-11-05T19:45:00+05:30,2016-11-05T15:15:00Z,2016-11-05T20:45:00+05:30,1,01:00:00,1,00:15:00,100.0,0.0,2016-11-05T15:00:00Z,2016-11-05T20:30:00+05:30,2016-11-05T15:15:00Z,2016-11-05T20:45:00+05:30
598.0,,,False,2,pm25,µg/m³,,raw,01:00:00,2016-11-05T14:30:00Z,2016-11-05T20:00:00+05:30,2016-11-05T15:30:00Z,2016-11-05T21:00:00+05:30,1,01:00:00,1,00:15:00,100.0,0.0,2016-11-05T15:15:00Z,2016-11-05T20:45:00+05:30,2016-11-05T15:30:00Z,2016-11-05T21:00:00+05:30
590.0,,,False,2,pm25,µg/m³,,raw,01:00:00,2016-11-05T14:45:00Z,2016-11-05T20:15:00+05:30,2016-11-05T15:45:00Z,2016-11-05T21:15:00+05:30,1,01:00:00,1,00:15:00,100.0,0.0,2016-11-05T15:30:00Z,2016-11-05T21:00:00+05:30,2016-11-05T15:45:00Z,2016-11-05T21:15:00+05:30
587.0,,,False,2,pm25,µg/m³,,raw,01:00:00,2016-11-05T15:00:00Z,2016-11-05T20:30:00+05:30,2016-11-05T16:00:00Z,2016-11-05T21:30:00+05:30,1,01:00:00,1,00:15:00,100.0,0.0,2016-11-05T15:45:00Z,2016-11-05T21:15:00+05:30,2016-11-05T16:00:00Z,2016-11-05T21:30:00+05:30
582.0,,,False,2,pm25,µg/m³,,raw,01:00:00,2016-11-05T15:15:00Z,2016-11-05T20:45:00+05:30,2016-11-05T16:15:00Z,2016-11-05T21:45:00+05:30,1,01:00:00,1,00:15:00,100.0,0.0,2016-11-05T16:00:00Z,2016-11-05T21:30:00+05:30,2016-11-05T16:15:00Z,2016-11-05T21:45:00+05:30
583.0,,,False,2,pm25,µg/m³,,raw,01:00:00,2016-11-05T15:30:00Z,2016-11-05T21:00:00+05:30,2016-11-05T16:30:00Z,2016-11-05T22:00:00+05:30,1,01:00:00,1,00:15:00,100.0,0.0,2016-11-05T16:15:00Z,2016-11-05T21:45:00+05:30,2016-11-05T16:30:00Z,2016-11-05T22:00:00+05:30
588.0,,,False,2,pm25,µg/m³,,raw,01:00:00,2016-11-05T15:45:00Z,2016-11-05T21:15:00+05:30,2016-11-05T16:45:00Z,2016-11-05T22:15:00+05:30,1,01:00:00,1,00:15:00,100.0,0.0,2016-11-05T16:30:00Z,2016-11-05T22:00:00+05:30,2016-11-05T16:45:00Z,2016-11-05T22:15:00+05:30
593.0,,,False,2,pm25,µg/m³,,raw,01:00:00,2016-11-05T16:00:00Z,2016-11-05T21:30:00+05:30,2016-11-05T17:00:00Z,2016-11-05T22:30:00+05:30,1,01:00:00,1,00:15:00,100.0,0.0,2016-11-05T16:45:00Z,2016-11-05T22:15:00+05:30,2016-11-05T17:00:00Z,2016-11-05T22:30:00+05:30
597.0,,,False,2,pm25,µg/m³,,raw,01:00:00,2016-11-05T16:15:00Z,2016-11-05T21:45:00+05:30,2016-11-05T17:15:00Z,2016-11-05T22:45:00+05:30,1,01:00:00,1,00:15:00,100.0,0.0,2016-11-05T17:00:00Z,2016-11-05T22:30:00+05:30,2016-11-05T17:15:00Z,2016-11-05T22:45:00+05:30
599.0,,,False,2,pm25,µg/m³,,raw,01:00:00,2016-11-05T16:30:00Z,2016-11-05T22:00:00+05:30,2016-11-05T17:30:00Z,2016-11-05T23:00:00+05:30,1,01:00:00,1,00:15:00,100.0,0.0,2016-11-05T17:15:00Z,2016-11-05T22:45:00+05:30,2016-11-05T17:30:00Z,2016-11-05T23:00:00+05:30
599.0,,,False,2,pm25,µg/m³,,raw,01:00:00,2016-11-05T16:45:00Z,2016-11-05T22:15:00+05:30,2016-11-05T17:45:00Z,2016-11-05T23:15:00+05:30,1,01:00:00,1,00:15:00,100.0,0.0,2016-11-05T17:30:00Z,2016-11-05T23:00:00+05:30,2016-11-05T17:45:00Z,2016-11-05T23:15:00+05:30
595.0,,,False,2,pm25,µg/m³,,raw,01:00:00,2016-11-05T17:00:00Z,2016-11-05T22:30:00+05:30,2016-11-05T18:00:00Z,2016-11-05T23:30:00+05:30,1,01:00:00,1,00:15:00,100.0,0.0,2016-11-05T17:45:00Z,2016-11-05T23:15:00+05:30,2016-11-05T18:00:00Z,2016-11-05T23:30:00+05:30
590.0,,,False,2,pm25,µg/m³,,raw,01:00:00,2016-11-05T17:15:00Z,2016-11-05T22:45:00+05:30,2016-11-05T18:15:00Z,2016-11-05T23:45:00+05:30,1,01:00:00,1,00:15:00,100.0,0.0,2016-11-05T18:00:00Z,2016-11-05T23:30:00+05:30,2016-11-05T18:15:00Z,2016-11-05T23:45:00+05:30
471.0,,,False,2,pm25,µg/m³,,raw,01:00:00,2016-11-05T17:30:00Z,2016-11-05T23:00:00+05:30,2016-11-05T18:30:00Z,2016-11-06T00:00:00+05:30,1,01:00:00,1,00:15:00,100.0,0.0,2016-11-05T18:15:00Z,2016-11-05T23:45:00+05:30,2016-11-05T18:30:00Z,2016-11-06T00:00:00+05:30
581.0,,,False,2,pm25,µg/m³,,raw,01:00:00,2016-11-05T17:45:00Z,2016-11-05T23:15:00+05:30,2016-11-05T18:45:00Z,2016-11-06T00:15:00+05:30,1,01:00:00,1,00:15:00,100.0,0.0,2016-11-05T18:30:00Z,2016-11-06T00:00:00+05:30,2016-11-05T18:45:00Z,2016-11-06T00:15:00+05:30
573.0,,,False,2,pm25,µg/m³,,raw,01:00:00,2016-11-05T18:00:00Z,2016-11-05T23:30:00+05:30,2016-11-05T19:00:00Z,2016-11-06T00:30:00+05:30,1,01:00:00,1,00:15:00,100.0,0.0,2016-11-05T18:45:00Z,2016-11-06T00:15:00+05:30,2016-11-05T19:00:00Z,2016-11-06T00:30:00+05:30
560.0,,,False,2,pm25,µg/m³,,raw,01:00:00,2016-11-05T18:15:00Z,2016-11-05T23:45:00+05:30,2016-11-05T19:15:00Z,2016-11-06T00:45:00+05:30,1,01:00:00,1,00:15:00,100.0,0.0,2016-11-05T19:00:00Z,2016-11-06T00:30:00+05:30,2016-11-05T19:15:00Z,2016-11-06T00:45:00+05:30
551.0,,,False,2,pm25,µg/m³,,raw,01:00:00,2016-11-05T18:30:00Z,2016-11-06T00:00:00+05:30,2016-11-05T19:30:00Z,2016-11-06T01:00:00+05:30,1,01:00:00,1,00:15:00,100.0,0.0,2016-11-05T19:15:00Z,2016-11-06T00:45:00+05:30,2016-11-05T19:30:00Z,2016-11-06T01:00:00+05:30
549.0,,,False,2,pm25,µg/m³,,raw,01:00:00,2016-11-05T18:45:00Z,2016-11-06T00:15:00+05:30,2016-11-05T19:45:00Z,2016-11-06T01:15:00+05:30,1,01:00:00,1,00:15:00,100.0,0.0,2016-11-05T19:30:00Z,2016-11-06T01:00:00+05:30,2016-11-05T19:45:00Z,2016-11-06T01:15:00+05:30
549.0,,,False,2,pm25,µg/m³,,raw,01:00:00,2016-11-05T19:00:00Z,2016-11-06T00:30:00+05:30,2016-11-05T20:00:00Z,2016-11-06T01:30:00+05:30,1,01:00:00,1,00:15:00,100.0,0.0,2016-11-05T19:45:00Z,2016-11-06T01:15:00+05:30,2016-11-05T20:00:00Z,2016-11-06T01:30:00+05:30
551.0,,,False,2,pm25,µg/m³,,raw,01:00:00,2016-11-05T19:15:00Z,2016-11-06T00:45:00+05:30,2016-11-05T20:15:00Z,2016-11-06T01:45:00+05:30,1,01:00:00,1,00:15:00,100.0,0.0,2016-11-05T20:00:00Z,2016-11-06T01:30:00+05:30,2016-11-05T20:15:00Z,2016-11-06T01:45:00+05:30
553.0,,,False,2,pm25,µg/m³,,raw,01:00:00,2016-11-05T19:30:00Z,2016-11-06T01:00:00+05:30,2016-11-05T20:30:00Z,2016-11-06T02:00:00+05:30,1,01:00:00,1,00:15:00,100.0,0.0,2016-11-05T20:15:00Z,2016-11-06T01:45:00+05:30,2016-11-05T20:30:00Z,2016-11-06T02:00:00+05:30
550.0,,,False,2,pm25,µg/m³,,raw,01:00:00,2016-11-05T19:45:00Z,2016-11-06T01:15:00+05:30,2016-11-05T20:45:00Z,2016-11-06T02:15:00+05:30,1,01:00:00,1,00:15:00,100.0,0.0,2016-11-05T20:30:00Z,2016-11-06T02:00:00+05:30,2016-11-05T20:45:00Z,2016-11-06T02:15:00+05:30
542.0,,,False,2,pm25,µg/m³,,raw,01:00:00,2016-11-05T20:00:00Z,2016-11-06T01:30:00+05:30,2016-11-05T21:00:00Z,2016-11-06T02:30:00+05:30,1,01:00:00,1,00:15:00,100.0,0.0,2016-11-05T20:45:00Z,2016-11-06T02:15:00+05:30,2016-11-05T21:00:00Z,2016-11-06T02:30:00+05:30
535.0,,,False,2,pm25,µg/m³,,raw,01:00:00,2016-11-05T20:15:00Z,2016-11-06T01:45:00+05:30,2016-11-05T21:15:00Z,2016-11-06T02:45:00+05:30,1,01:00:00,1,00:15:00,100.0,0.0,2016-11-05T21:00:00Z,2016-11-06T02:30:00+05:30,2016-11-05T21:15:00Z,2016-11-06T02:45:00+05:30
522.0,,,False,2,pm25,µg/m³,,raw,01:00:00,2016-11-05T20:30:00Z,2016-11-06T02:00:00+05:30,2016-11-05T21:30:00Z,2016-11-06T03:00:00+05:30,1,01:00:00,1,00:15:00,100.0,0.0,2016-11-05T21:15:00Z,2016-11-06T02:45:00+05:30,2016-11-05T21:30:00Z,2016-11-06T03:00:00+05:30
511.0,,,False,2,pm25,µg/m³,,raw,01:00:00,2016-11-05T20:45:00Z,2016-11-06T02:15:00+05:30,2016-11-05T21:45:00Z,2016-11-06T03:15:00+05:30,1,01:00:00,1,00:15:00,100.0,0.0,2016-11-05T21:30:00Z,2016-11-06T03:00:00+05:30,2016-11-05T21:45:00Z,2016-11-06T03:15:00+05:30
511.0,,,False,2,pm25,µg/m³,,raw,01:00:00,2016-11-05T21:00:00Z,2016-11-06T02:30:00+05:30,2016-11-05T22:00:00Z,2016-11-06T03:30:00+05:30,1,01:00:00,1,00:15:00,100.0,0.0,2016-11-05T21:45:00Z,2016-11-06T03:15:00+05:30,2016-11-05T22:00:00Z,2016-11-06T03:30:00+05:30
516.0,,,False,2,pm25,µg/m³,,raw,01:00:00,2016-11-05T21:15:00Z,2016-11-06T02:45:00+05:30,2016-11-05T22:15:00Z,2016-11-06T03:45:00+05:30,1,01:00:00,1,00:15:00,100.0,0.0,2016-11-05T22:00:00Z,2016-11-06T03:30:00+05:30,2016-11-05T22:15:00Z,2016-11-06T03:45:00+05:30
528.0,,,False,2,pm25,µg/m³,,raw,01:00:00,2016-11-05T21:30:00Z,2016-11-06T03:00:00+05:30,2016-11-05T22:30:00Z,2016-11-06T04:00:00+05:30,1,01:00:00,1,00:15:00,100.0,0.0,2016-11-05T22:15:00Z,2016-11-06T03:45:00+05:30,2016-11-05T22:30:00Z,2016-11-06T04:00:00+05:30
533.0,,,False,2,pm25,µg/m³,,raw,01:00:00,2016-11-05T21:45:00Z,2016-11-06T03:15:00+05:30,2016-11-05T22:45:00Z,2016-11-06T04:15:00+05:30,1,01:00:00,1,00:15:00,100.0,0.0,2016-11-05T22:30:00Z,2016-11-06T04:00:00+05:30,2016-11-05T22:45:00Z,2016-11-06T04:15:00+05:30
527.0,,,False,2,pm25,µg/m³,,raw,01:00:00,2016-11-05T22:00:00Z,2016-11-06T03:30:00+05:30,2016-11-05T23:00:00Z,2016-11-06T04:30:00+05:30,1,01:00:00,1,00:15:00,100.0,0.0,2016-11-05T22:45:00Z,2016-11-06T04:15:00+05:30,2016-11-05T23:00:00Z,2016-11-06T04:30:00+05:30
516.0,,,False,2,pm25,µg/m³,,raw,01:00:00,2016-11-05T22:15:00Z,2016-11-06T03:45:00+05:30,2016-11-05T23:15:00Z,2016-11-06T04:45:00+05:30,1,01:00:00,1,00:15:00,100.0,0.0,2016-11-05T23:00:00Z,2016-11-06T04:30:00+05:30,2016-11-05T23:15:00Z,2016-11-06T04:45:00+05:30
500.0,,,False,2,pm25,µg/m³,,raw,01:00:00,2016-11-05T22:30:00Z,2016-11-06T04:00:00+05:30,2016-11-05T23:30:00Z,2016-11-06T05:00:00+05:30,1,01:00:00,1,00:15:00,100.0,0.0,2016-11-05T23:15:00Z,2016-11-06T04:45:00+05:30,2016-11-05T23:30:00Z,2016-11-06T05:00:00+05:30
489.0,,,False,2,pm25,µg/m³,,raw,01:00:00,2016-11-05T22:45:00Z,2016-11-06T04:15:00+05:30,2016-11-05T23:45:00Z,2016-11-06T05:15:00+05:30,1,01:00:00,1,00:15:00,100.0,0.0,2016-11-05T23:30:00Z,2016-11-06T05:00:00+05:30,2016-11-05T23:45:00Z,2016-11-06T05:15:00+05:30
486.0,,,False,2,pm25,µg/m³,,raw,01:00:00,2016-11-05T23:00:00Z,2016-11-06T04:30:00+05:30,2016-11-06T00:00:00Z,2016-11-06T05:30:00+05:30,1,01:00:00,1,00:15:00,100.0,0.0,2016-11-05T23:45:00Z,2016-11-06T05:15:00+05:30,2016-11-06T00:00:00Z,2016-11-06T05:30:00+05:30
481.0,,,False,2,pm25,µg/m³,,raw,01:00:00,2016-11-05T23:15:00Z,2016-11-06T04:45:00+05:30,2016-11-06T00:15:00Z,2016-11-06T05:45:00+05:30,1,01:00:00,1,00:15:00,100.0,0.0,2016-11-06T00:00:00Z,2016-11-06T05:30:00+05:30,2016-11-06T00:15:00Z,2016-11-06T05:45:00+05:30
468.0,,,False,2,pm25,µg/m³,,raw,01:00:00,2016-11-05T23:30:00Z,2016-11-06T05:00:00+05:30,2016-11-06T00:30:00Z,2016-11-06T06:00:00+05:30,1,01:00:00,1,00:15:00,100.0,0.0,2016-11-06T00:15:00Z,2016-11-06T05:45:00+05:30,2016-11-06T00:30:00Z,2016-11-06T06:00:00+05:30
453.0,,,False,2,pm25,µg/m³,,raw,01:00:00,2016-11-05T23:45:00Z,2016-11-06T05:15:00+05:30,2016-11-06T00:45:00Z,2016-11-06T06:15:00+05:30,1,01:00:00,1,00:15:00,100.0,0.0,2016-11-06T00:30:00Z,2016-11-06T06:00:00+05:30,2016-11-06T00:45:00Z,2016-11-06T06:15:00+05:30
432.0,,,False,2,pm25,µg/m³,,raw,01:00:00,2016-11-06T00:00:00Z,2016-11-06T05:30:00+05:30,2016-11-06T01:00:00Z,2016-11-06T06:30:00+05:30,1,01:00:00,1,00:15:00,100.0,0.0,2016-11-06T00:45:00Z,2016-11-06T06:15:00+05:30,2016-11-06T01:00:00Z,2016-11-06T06:30:00+05:30
412.0,,,False,2,pm25,µg/m³,,raw,01:00:00,2016-11-06T00:15:00Z,2016-11-06T05:45:00+05:30,2016-11-06T01:15:00Z,2016-11-06T06:45:00+05:30,1,01:00:00,1,00:15:00,100.0,0.0,2016-11-06T01:00:00Z,2016-11-06T06:30:00+05:30,2016-11-06T01:15:00Z,2016-11-06T06:45:00+05:30
398.0,,,False,2,pm25,µg/m³,,raw,01:00:00,2016-11-06T00:30:00Z,2016-11-06T06:00:00+05:30,2016-11-06T01:30:00Z,2016-11-06T07:00:00+05:30,1,01:00:00,1,00:15:00,100.0,0.0,2016-11-06T01:15:00Z,2016-11-06T06:45:00+05:30,2016-11-06T01:30:00Z,2016-11-06T07:00:00+05:30
386.0,,,False,2,pm25,µg/m³,,raw,01:00:00,2016-11-06T00:45:00Z,2016-11-06T06:15:00+05:30,2016-11-06T01:45:00Z,2016-11-06T07:15:00+05:30,1,01:00:00,1,00:15:00,100.0,0.0,2016-11-06T01:30:00Z,2016-11-06T07:00:00+05:30,2016-11-06T01:45:00Z,2016-11-06T07:15:00+05:30
376.0,,,False,2,pm25,µg/m³,,raw,01:00:00,2016-11-06T01:00:00Z,2016-11-06T06:30:00+05:30,2016-11-06T02:00:00Z,2016-11-06T07:30:00+05:30,1,01:00:00,1,00:15:00,100.0,0.0,2016-11-06T01:45:00Z,2016-11-06T07:15:00+05:30,2016-11-06T02:00:00Z,2016-11-06T07:30:00+05:30
368.0,,,False,2,pm25,µg/m³,,raw,01:00:00,2016-11-06T01:15:00Z,2016-11-06T06:45:00+05:30,2016-11-06T02:15:00Z,2016-11-06T07:45:00+05:30,1,01:00:00,1,00:15:00,100.0,0.0,2016-11-06T02:00:00Z,2016-11-06T07:30:00+05:30,2016-11-06T02:15:00Z,2016-11-06T07:45:00+05:30
362.0,,,False,2,pm25,µg/m³,,raw,01:00:00,2016-11-06T01:30:00Z,2016-11-06T07:00:00+05:30,2016-11-06T02:30:00Z,2016-11-06T08:00:00+05:30,1,01:00:00,1,00:15:00,100.0,0.0,2016-11-06T02:15:00Z,2016-11-06T07:45:00+05:30,2016-11-06T02:30:00Z,2016-11-06T08:00:00+05:30
359.0,,,False,2,pm25,µg/m³,,raw,01:00:00,2016-11-06T01:45:00Z,2016-11-06T07:15:00+05:30,2016-11-06T02:45:00Z,2016-11-06T08:15:00+05:30,1,01:00:00,1,00:15:00,100.0,0.0,2016-11-06T02:30:00Z,2016-11-06T08:00:00+05:30,2016-11-06T02:45:00Z,2016-11-06T08:15:00+05:30
362.0,,,False,2,pm25,µg/m³,,raw,01:00:00,2016-11-06T02:00:00Z,2016-11-06T07:30:00+05:30,2016-11-06T03:00:00Z,2016-11-06T08:30:00+05:30,1,01:00:00,1,00:15:00,100.0,0.0,2016-11-06T02:45:00Z,2016-11-06T08:15:00+05:30,2016-11-06T03:00:00Z,2016-11-06T08:30:00+05:30
368.0,,,False,2,pm25,µg/m³,,raw,01:00:00,2016-11-06T02:15:00Z,2016-11-06T07:45:00+05:30,2016-11-06T03:15:00Z,2016-11-06T08:45:00+05:30,1,01:00:00,1,00:15:00,100.0,0.0,2016-11-06T03:00:00Z,2016-11-06T08:30:00+05:30,2016-11-06T03:15:00Z,2016-11-06T08:45:00+05:30
379.0,,,False,2,pm25,µg/m³,,raw,01:00:00,2016-11-06T02:30:00Z,2016-11-06T08:00:00+05:30,2016-11-06T03:30:00Z,2016-11-06T09:00:00+05:30,1,01:00:00,1,00:15:00,100.0,0.0,2016-11-06T03:15:00Z,2016-11-06T08:45:00+05:30,2016-11-06T03:30:00Z,2016-11-06T09:00:00+05:30
399.0,,,False,2,pm25,µg/m³,,raw,01:00:00,2016-11-06T02:45:00Z,2016-11-06T08:15:00+05:30,2016-11-06T03:45:00Z,2016-11-06T09:15:00+05:30,1,01:00:00,1,00:15:00,100.0,0.0,2016-11-06T03:30:00Z,2016-11-06T09:00:00+05:30,2016-11-06T03:45:00Z,2016-11-06T09:15:00+05:30
421.0,,,False,2,pm25,µg/m³,,raw,01:00:00,2016-11-06T03:00:00Z,2016-11-06T08:30:00+05:30,2016-11-06T04:00:00Z,2016-11-06T09:30:00+05:30,1,01:00:00,1,00:15:00,100.0,0.0,2016-11-06T03:45:00Z,2016-11-06T09:15:00+05:30,2016-11-06T04:00:00Z,2016-11-06T09:30:00+05:30
448.0,,,False,2,pm25,µg/m³,,raw,01:00:00,2016-11-06T03:15:00Z,2016-11-06T08:45:00+05:30,2016-11-06T04:15:00Z,2016-11-06T09:45:00+05:30,1,01:00:00,1,00:15:00,100.0,0.0,2016-11-06T04:00:00Z,2016-11-06T09:30:00+05:30,2016-11-06T04:15:00Z,2016-11-06T09:45:00+05:30
483.0,,,False,2,pm25,µg/m³,,raw,01:00:00,2016-11-06T03:30:00Z,2016-11-06T09:00:00+05:30,2016-11-06T04:30:00Z,2016-11-06T10:00:00+05:30,1,01:00:00,1,00:15:00,100.0,0.0,2016-11-06T04:15:00Z,2016-11-06T09:45:00+05:30,2016-11-06T04:30:00Z,2016-11-06T10:00:00+05:30
520.0,,,False,2,pm25,µg/m³,,raw,01:00:00,2016-11-06T03:45:00Z,2016-11-06T09:15:00+05:30,2016-11-06T04:45:00Z,2016-11-06T10:15:00+05:30,1,01:00:00,1,00:15:00,100.0,0.0,2016-11-06T04:30:00Z,2016-11-06T10:00:00+05:30,2016-11-06T04:45:00Z,2016-11-06T10:15:00+05:30
558.0,,,False,2,pm25,µg/m³,,raw,01:00:00,2016-11-06T04:00:00Z,2016-11-06T09:30:00+05:30,2016-11-06T05:00:00Z,2016-11-06T10:30:00+05:30,1,01:00:00,1,00:15:00,100.0,0.0,2016-11-06T04:45:00Z,2016-11-06T10:15:00+05:30,2016-11-06T05:00:00Z,2016-11-06T10:30:00+05:30
598.0,,,False,2,pm25,µg/m³,,raw,01:00:00,2016-11-06T04:15:00Z,2016-11-06T09:45:00+05:30,2016-11-06T05:15:00Z,2016-11-06T10:45:00+05:30,1,01:00:00,1,00:15:00,100.0,0.0,2016-11-06T05:00:00Z,2016-11-06T10:30:00+05:30,2016-11-06T05:15:00Z,2016-11-06T10:45:00+05:30
630.0,,,False,2,pm25,µg/m³,,raw,01:00:00,2016-11-06T04:30:00Z,2016-11-06T10:00:00+05:30,2016-11-06T05:30:00Z,2016-11-06T11:00:00+05:30,1,01:00:00,1,00:15:00,100.0,0.0,2016-11-06T05:15:00Z,2016-11-06T10:45:00+05:30,2016-11-06T05:30:00Z,2016-11-06T11:00:00+05:30
655.0,,,False,2,pm25,µg/m³,,raw,01:00:00,2016-11-06T04:45:00Z,2016-11-06T10:15:00+05:30,2016-11-06T05:45:00Z,2016-11-06T11:15:00+05:30,1,01:00:00,1,00:15:00,100.0,0.0,2016-11-06T05:30:00Z,2016-11-06T11:00:00+05:30,2016-11-06T05:45:00Z,2016-11-06T11:15:00+05:30
679.0,,,False,2,pm25,µg/m³,,raw,01:00:00,2016-11-06T05:00:00Z,2016-11-06T10:30:00+05:30,2016-11-06T06:00:00Z,2016-11-06T11:30:00+05:30,1,01:00:00,1,00:15:00,100.0,0.0,2016-11-06T05:45:00Z,2016-11-06T11:15:00+05:30,2016-11-06T06:00:00Z,2016-11-06T11:30:00+05:30
695.0,,,False,2,pm25,µg/m³,,raw,01:00:00,2016-11-06T05:15:00Z,2016-11-06T10:45:00+05:30,2016-11-06T06:15:00Z,2016-11-06T11:45:00+05:30,1,01:00:00,1,00:15:00,100.0,0.0,2016-11-06T06:00:00Z,2016-11-06T11:30:00+05:30,2016-11-06T06:15:00Z,2016-11-06T11:45:00+05:30
709.0,,,False,2,pm25,µg/m³,,raw,01:00:00,2016-11-06T05:30:00Z,2016-11-06T11:00:00+05:30,2016-11-06T06:30:00Z,2016-11-06T12:00:00+05:30,1,01:00:00,1,00:15:00,100.0,0.0,2016-11-06T06:15:00Z,2016-11-06T11:45:00+05:30,2016-11-06T06:30:00Z,2016-11-06T12:00:00+05:30
727.0,,,False,2,pm25,µg/m³,,raw,01:00:00,2016-11-06T05:45:00Z,2016-11-06T11:15:00+05:30,2016-11-06T06:45:00Z,2016-11-06T12:15:00+05:30,1,01:00:00,1,00:15:00,100.0,0.0,2016-11-06T06:30:00Z,2016-11-06T12:00:00+05:30,2016-11-06T06:45:00Z,2016-11-06T12:15:00+05:30
747.0,,,False,2,pm25,µg/m³,,raw,01:00:00,2016-11-06T06:00:00Z,2016-11-06T11:30:00+05:30,2016-11-06T07:00:00Z,2016-11-06T12:30:00+05:30,1,01:00:00,1,00:15:00,100.0,0.0,2016-11-06T06:45:00Z,2016-11-06T12:15:00+05:30,2016-11-06T07:00:00Z,2016-11-06T12:30:00+05:30
769.0,,,False,2,pm25,µg/m³,,raw,01:00:00,2016-11-06T06:15:00Z,2016-11-06T11:45:00+05:30,2016-11-06T07:15:00Z,2016-11-06T12:45:00+05:30,1,01:00:00,1,00:15:00,100.0,0.0,2016-11-06T07:00:00Z,2016-11-06T12:30:00+05:30,2016-11-06T07:15:00Z,2016-11-06T12:45:00+05:30
793.0,,,False,2,pm25,µg/m³,,raw,01:00:00,2016-11-06T06:30:00Z,2016-11-06T12:00:00+05:30,2016-11-06T07:30:00Z,2016-11-06T13:00:00+05:30,1,01:00:00,1,00:15:00,100.0,0.0,2016-11-06T07:15:00Z,2016-11-06T12:45:00+05:30,2016-11-06T07:30:00Z,2016-11-06T13:00:00+05:30
808.0,,,False,2,pm25,µg/m³,,raw,01:00:00,2016-11-06T06:45:00Z,2016-11-06T12:15:00+05:30,2016-11-06T07:45:00Z,2016-11-06T13:15:00+05:30,1,01:00:00,1,00:15:00,100.0,0.0,2016-11-06T07:30:00Z,2016-11-06T13:00:00+05:30,2016-11-06T07:45:00Z,2016-11-06T13:15:00+05:30
811.0,,,False,2,pm25,µg/m³,,raw,01:00:00,2016-11-06T07:00:00Z,2016-11-06T12:30:00+05:30,2016-11-06T08:00:00Z,2016-11-06T13:30:00+05:30,1,01:00:00,1,00:15:00,100.0,0.0,2016-11-06T07:45:00Z,2016-11-06T13:15:00+05:30,2016-11-06T08:00:00Z,2016-11-06T13:30:00+05:30
807.0,,,False,2,pm25,µg/m³,,raw,01:00:00,2016-11-06T07:15:00Z,2016-11-06T12:45:00+05:30,2016-11-06T08:15:00Z,2016-11-06T13:45:00+05:30,1,01:00:00,1,00:15:00,100.0,0.0,2016-11-06T08:00:00Z,2016-11-06T13:30:00+05:30,2016-11-06T08:15:00Z,2016-11-06T13:45:00+05:30
783.0,,,False,2,pm25,µg/m³,,raw,01:00:00,2016-11-06T07:30:00Z,2016-11-06T13:00:00+05:30,2016-11-06T08:30:00Z,2016-11-06T14:00:00+05:30,1,01:00:00,1,00:15:00,100.0,0.0,2016-11-06T08:15:00Z,2016-11-06T13:45:00+05:30,2016-11-06T08:30:00Z,2016-11-06T14:00:00+05:30
716.0,,,False,2,pm25,µg/m³,,raw,01:00:00,2016-11-06T07:45:00Z,2016-11-06T13:15:00+05:30,2016-11-06T08:45:00Z,2016-11-06T14:15:00+05:30,1,01:00:00,1,00:15:00,100.0,0.0,2016-11-06T08:30:00Z,2016-11-06T14:00:00+05:30,2016-11-06T08:45:00Z,2016-11-06T14:15:00+05:30
632.0,,,False,2,pm25,µg/m³,,raw,01:00:00,2016-11-06T08:00:00Z,2016-11-06T13:30:00+05:30,2016-11-06T09:00:00Z,2016-11-06T14:30:00+05:30,1,01:00:00,1,00:15:00,100.0,0.0,2016-11-06T08:45:00Z,2016-11-06T14:15:00+05:30,2016-11-06T09:00:00Z,2016-11-06T14:30:00+05:30
635.0,,,False,2,pm25,µg/m³,,raw,01:00:00,2016-11-06T08:15:00Z,2016-11-06T13:45:00+05:30,2016-11-06T09:15:00Z,2016-11-06T14:45:00+05:30,1,01:00:00,1,00:15:00,100.0,0.0,2016-11-06T09:00:00Z,2016-11-06T14:30:00+05:30,2016-11-06T09:15:00Z,2016-11-06T14:45:00+05:30
656.0,,,False,2,pm25,µg/m³,,raw,01:00:00,2016-11-06T08:30:00Z,2016-11-06T14:00:00+05:30,2016-11-06T09:30:00Z,2016-11-06T15:00:00+05:30,1,01:00:00,1,00:15:00,100.0,0.0,2016-11-06T09:15:00Z,2016-11-06T14:45:00+05:30,2016-11-06T09:30:00Z,2016-11-06T15:00:00+05:30
720.0,,,False,2,pm25,µg/m³,,raw,01:00:00,2016-11-06T08:45:00Z,2016-11-06T14:15:00+05:30,2016-11-06T09:45:00Z,2016-11-06T15:15:00+05:30,1,01:00:00,1,00:15:00,100.0,0.0,2016-11-06T09:30:00Z,2016-11-06T15:00:00+05:30,2016-11-06T09:45:00Z,2016-11-06T15:15:00+05:30
814.0,,,False,2,pm25,µg/m³,,raw,01:00:00,2016-11-06T09:00:00Z,2016-11-06T14:30:00+05:30,2016-11-06T10:00:00Z,2016-11-06T15:30:00+05:30,1,01:00:00,1,00:15:00,100.0,0.0,2016-11-06T09:45:00Z,2016-11-06T15:15:00+05:30,2016-11-06T10:00:00Z,2016-11-06T15:30:00+05:30
830.0,,,False,2,pm25,µg/m³,,raw,01:00:00,2016-11-06T09:15:00Z,2016-11-06T14:45:00+05:30,2016-11-06T10:15:00Z,2016-11-06T15:45:00+05:30,1,01:00:00,1,00:15:00,100.0,0.0,2016-11-06T10:00:00Z,2016-11-06T15:30:00+05:30,2016-11-06T10:15:00Z,2016-11-06T15:45:00+05:30
833.0,,,False,2,pm25,µg/m³,,raw,01:00:00,2016-11-06T09:30:00Z,2016-11-06T15:00:00+05:30,2016-11-06T10:30:00Z,2016-11-06T16:00:00+05:30,1,01:00:00,1,00:15:00,100.0,0.0,2016-11-06T10:15:00Z,2016-11-06T15:45:00+05:30,2016-11-06T10:30:00Z,2016-11-06T16:00:00+05:30
833.0,,,False,2,pm25,µg/m³,,raw,01:00:00,2016-11-06T09:45:00Z,2016-11-06T15:15:00+05:30,2016-11-06T10:45:00Z,2016-11-06T16:15:00+05:30,1,01:00:00,1,00:15:00,100.0,0.0,2016-11-06T10:30:00Z,2016-11-06T16:00:00+05:30,2016-11-06T10:45:00Z,2016-11-06T16:15:00+05:30
824.0,,,False,2,pm25,µg/m³,,raw,01:00:00,2016-11-06T10:00:00Z,2016-11-06T15:30:00+05:30,2016-11-06T11:00:00Z,2016-11-06T16:30:00+05:30,1,01:00:00,1,00:15:00,100.0,0.0,2016-11-06T10:45:00Z,2016-11-06T16:15:00+05:30,2016-11-06T11:00:00Z,2016-11-06T16:30:00+05:30
803.0,,,False,2,pm25,µg/m³,,raw,01:00:00,2016-11-06T10:15:00Z,2016-11-06T15:45:00+05:30,2016-11-06T11:15:00Z,2016-11-06T16:45:00+05:30,1,01:00:00,1,00:15:00,100.0,0.0,2016-11-06T11:00:00Z,2016-11-06T16:30:00+05:30,2016-11-06T11:15:00Z,2016-11-06T16:45:00+05:30
779.0,,,False,2,pm25,µg/m³,,raw,01:00:00,2016-11-06T10:30:00Z,2016-11-06T16:00:00+05:30,2016-11-06T11:30:00Z,2016-11-06T17:00:00+05:30,1,01:00:00,1,00:15:00,100.0,0.0,2016-11-06T11:15:00Z,2016-11-06T16:45:00+05:30,2016-11-06T11:30:00Z,2016-11-06T17:00:00+05:30
754.0,,,False,2,pm25,µg/m³,,raw,01:00:00,2016-11-06T10:45:00Z,2016-11-06T16:15:00+05:30,2016-11-06T11:45:00Z,2016-11-06T17:15:00+05:30,1,01:00:00,1,00:15:00,100.0,0.0,2016-11-06T11:30:00Z,2016-11-06T17:00:00+05:30,2016-11-06T11:45:00Z,2016-11-06T17:15:00+05:30
727.0,,,False,2,pm25,µg/m³,,raw,01:00:00,2016-11-06T11:00:00Z,2016-11-06T16:30:00+05:30,2016-11-06T12:00:00Z,2016-11-06T17:30:00+05:30,1,01:00:00,1,00:15:00,100.0,0.0,2016-11-06T11:45:00Z,2016-11-06T17:15:00+05:30,2016-11-06T12:00:00Z,2016-11-06T17:30:00+05:30
703.0,,,False,2,pm25,µg/m³,,raw,01:00:00,2016-11-06T11:15:00Z,2016-11-06T16:45:00+05:30,2016-11-06T12:15:00Z,2016-11-06T17:45:00+05:30,1,01:00:00,1,00:15:00,100.0,0.0,2016-11-06T12:00:00Z,2016-11-06T17:30:00+05:30,2016-11-06T12:15:00Z,2016-11-06T17:45:00+05:30
687.0,,,False,2,pm25,µg/m³,,raw,01:00:00,2016-11-06T11:30:00Z,2016-11-06T17:00:00+05:30,2016-11-06T12:30:00Z,2016-11-06T18:00:00+05:30,1,01:00:00,1,00:15:00,100.0,0.0,2016-11-06T12:15:00Z,2016-11-06T17:45:00+05:30,2016-11-06T12:30:00Z,2016-11-06T18:00:00+05:30
676.0,,,False,2,pm25,µg/m³,,raw,01:00:00,2016-11-06T11:45:00Z,2016-11-06T17:15:00+05:30,2016-11-06T12:45:00Z,2016-11-06T18:15:00+05:30,1,01:00:00,1,00:15:00,100.0,0.0,2016-11-06T12:30:00Z,2016-11-06T18:00:00+05:30,2016-11-06T12:45:00Z,2016-11-06T18:15:00+05:30
662.0,,,False,2,pm25,µg/m³,,raw,01:00:00,2016-11-06T12:00:00Z,2016-11-06T17:30:00+05:30,2016-11-06T13:00:00Z,2016-11-06T18:30:00+05:30,1,01:00:00,1,00:15:00,100.0,0.0,2016-11-06T12:45:00Z,2016-11-06T18:15:00+05:30,2016-11-06T13:00:00Z,2016-11-06T18:30:00+05:30
648.0,,,False,2,pm25,µg/m³,,raw,01:00:00,2016-11-06T12:15:00Z,2016-11-06T17:45:00+05:30,2016-11-06T13:15:00Z,2016-11-06T18:45:00+05:30,1,01:00:00,1,00:15:00,100.0,0.0,2016-11-06T13:00:00Z,2016-11-06T18:30:00+05:30,2016-11-06T13:15:00Z,2016-11-06T18:45:00+05:30
636.0,,,False,2,pm25,µg/m³,,raw,01:00:00,2016-11-06T12:30:00Z,2016-11-06T18:00:00+05:30,2016-11-06T13:30:00Z,2016-11-06T19:00:00+05:30,1,01:00:00,1,00:15:00,100.0,0.0,2016-11-06T13:15:00Z,2016-11-06T18:45:00+05:30,2016-11-06T13:30:00Z,2016-11-06T19:00:00+05:30
633.0,,,False,2,pm25,µg/m³,,raw,01:00:00,2016-11-06T12:45:00Z,2016-11-06T18:15:00+05:30,2016-11-06T13:45:00Z,2016-11-06T19:15:00+05:30,1,01:00:00,1,00:15:00,100.0,0.0,2016-11-06T13:30:00Z,2016-11-06T19:00:00+05:30,2016-11-06T13:45:00Z,2016-11-06T19:15:00+05:30
636.0,,,False,2,pm25,µg/m³,,raw,01:00:00,2016-11-06T13:00:00Z,2016-11-06T18:30:00+05:30,2016-11-06T14:00:00Z,2016-11-06T19:30:00+05:30,1,01:00:00,1,00:15:00,100.0,0.0,2016-11-06T13:45:00Z,2016-11-06T19:15:00+05:30,2016-11-06T14:00:00Z,2016-11-06T19:30:00+05:30
641.0,,,False,2,pm25,µg/m³,,raw,01:00:00,2016-11-06T13:15:00Z,2016-11-06T18:45:00+05:30,2016-11-06T14:15:00Z,2016-11-06T19:45:00+05:30,1,01:00:00,1,00:15:00,100.0,0.0,2016-11-06T14:00:00Z,2016-11-06T19:30:00+05:30,2016-11-06T14:15:00Z,2016-11-06T19:45:00+05:30
644.0,,,False,2,pm25,µg/m³,,raw,01:00:00,2016-11-06T13:30:00Z,2016-11-06T19:00:00+05:30,2016-11-06T14:30:00Z,2016-11-06T20:00:00+05:30,1,01:00:00,1,00:15:00,100.0,0.0,2016-11-06T14:15:00Z,2016-11-06T19:45:00+05:30,2016-11-06T14:30:00Z,2016-11-06T20:00:00+05:30
634.0,,,False,2,pm25,µg/m³,,raw,01:00:00,2016-11-06T13:45:00Z,2016-11-06T19:15:00+05:30,2016-11-06T14:45:00Z,2016-11-06T20:15:00+05:30,1,01:00:00,1,00:15:00,100.0,0.0,2016-11-06T14:30:00Z,2016-11-06T20:00:00+05:30,2016-11-06T14:45:00Z,2016-11-06T20:15:00+05:30
612.0,,,False,2,pm25,µg/m³,,raw,01:00:00,2016-11-06T14:00:00Z,2016-11-06T19:30:00+05:30,2016-11-06T15:00:00Z,2016-11-06T20:30:00+05:30,1,01:00:00,1,00:15:00,100.0,0.0,2016-11-06T14:45:00Z,2016-11-06T20:15:00+05:30,2016-11-06T15:00:00Z,2016-11-06T20:30:00+05:30
586.0,,,False,2,pm25,µg/m³,,raw,01:00:00,2016-11-06T14:15:00Z,2016-11-06T19:45:00+05:30,2016-11-06T15:15:00Z,2016-11-06T20:45:00+05:30,1,01:00:00,1,00:15:00,100.0,0.0,2016-11-06T15:00:00Z,2016-11-06T20:30:00+05:30,2016-11-06T15:15:00Z,2016-11-06T20:45:00+05:30
562.0,,,False,2,pm25,µg/m³,,raw,01:00:00,2016-11-06T14:30:00Z,2016-11-06T20:00:00+05:30,2016-11-06T15:30:00Z,2016-11-06T21:00:00+05:30,1,01:00:00,1,00:15:00,100.0,0.0,2016-11-06T15:15:00Z,2016-11-06T20:45:00+05:30,2016-11-06T15:30:00Z,2016-11-06T21:00:00+05:30
545.0,,,False,2,pm25,µg/m³,,raw,01:00:00,2016-11-06T14:45:00Z,2016-11-06T20:15:00+05:30,2016-11-06T15:45:00Z,2016-11-06T21:15:00+05:30,1,01:00:00,1,00:15:00,100.0,0.0,2016-11-06T15:30:00Z,2016-11-06T21:00:00+05:30,2016-11-06T15:45:00Z,2016-11-06T21:15:00+05:30
537.0,,,False,2,pm25,µg/m³,,raw,01:00:00,2016-11-06T15:00:00Z,2016-11-06T20:30:00+05:30,2016-11-06T16:00:00Z,2016-11-06T21:30:00+05:30,1,01:00:00,1,00:15:00,100.0,0.0,2016-11-06T15:45:00Z,2016-11-06T21:15:00+05:30,2016-11-06T16:00:00Z,2016-11-06T21:30:00+05:30
532.0,,,False,2,pm25,µg/m³,,raw,01:00:00,2016-11-06T15:15:00Z,2016-11-06T20:45:00+05:30,2016-11-06T16:15:00Z,2016-11-06T21:45:00+05:30,1,01:00:00,1,00:15:00,100.0,0.0,2016-11-06T16:00:00Z,2016-11-06T21:30:00+05:30,2016-11-06T16:15:00Z,2016-11-06T21:45:00+05:30
525.0,,,False,2,pm25,µg/m³,,raw,01:00:00,2016-11-06T15:30:00Z,2016-11-06T21:00:00+05:30,2016-11-06T16:30:00Z,2016-11-06T22:00:00+05:30,1,01:00:00,1,00:15:00,100.0,0.0,2016-11-06T16:15:00Z,2016-11-06T21:45:00+05:30,2016-11-06T16:30:00Z,2016-11-06T22:00:00+05:30
521.0,,,False,2,pm25,µg/m³,,raw,01:00:00,2016-11-06T15:45:00Z,2016-11-06T21:15:00+05:30,2016-11-06T16:45:00Z,2016-11-06T22:15:00+05:30,1,01:00:00,1,00:15:00,100.0,0.0,2016-11-06T16:30:00Z,2016-11-06T22:00:00+05:30,2016-11-06T16:45:00Z,2016-11-06T22:15:00+05:30
521.0,,,False,2,pm25,µg/m³,,raw,01:00:00,2016-11-06T16:00:00Z,2016-11-06T21:30:00+05:30,2016-11-06T17:00:00Z,2016-11-06T22:30:00+05:30,1,01:00:00,1,00:15:00,100.0,0.0,2016-11-06T16:45:00Z,2016-11-06T22:15:00+05:30,2016-11-06T17:00:00Z,2016-11-06T22:30:00+05:30
518.0,,,False,2,pm25,µg/m³,,raw,01:00:00,2016-11-06T16:15:00Z,2016-11-06T21:45:00+05:30,2016-11-06T17:15:00Z,2016-11-06T22:45:00+05:30,1,01:00:00,1,00:15:00,100.0,0.0,2016-11-06T17:00:00Z,2016-11-06T22:30:00+05:30,2016-11-06T17:15:00Z,2016-11-06T22:45:00+05:30
519.0,,,False,2,pm25,µg/m³,,raw,01:00:00,2016-11-06T16:30:00Z,2016-11-06T22:00:00+05:30,2016-11-06T17:30:00Z,2016-11-06T23:00:00+05:30,1,01:00:00,1,00:15:00,100.0,0.0,2016-11-06T17:15:00Z,2016-11-06T22:45:00+05:30,2016-11-06T17:30:00Z,2016-11-06T23:00:00+05:30
512.0,,,False,2,pm25,µg/m³,,raw,01:00:00,2016-11-06T16:45:00Z,2016-11-06T22:15:00+05:30,2016-11-06T17:45:00Z,2016-11-06T23:15:00+05:30,1,01:00:00,1,00:15:00,100.0,0.0,2016-11-06T17:30:00Z,2016-11-06T23:00:00+05:30,2016-11-06T17:45:00Z,2016-11-06T23:15:00+05:30
494.0,,,False,2,pm25,µg/m³,,raw,01:00:00,2016-11-06T17:00:00Z,2016-11-06T22:30:00+05:30,2016-11-06T18:00:00Z,2016-11-06T23:30:00+05:30,1,01:00:00,1,00:15:00,100.0,0.0,2016-11-06T17:45:00Z,2016-11-06T23:15:00+05:30,2016-11-06T18:00:00Z,2016-11-06T23:30:00+05:30
480.0,,,False,2,pm25,µg/m³,,raw,01:00:00,2016-11-06T17:15:00Z,2016-11-06T22:45:00+05:30,2016-11-06T18:15:00Z,2016-11-06T23:45:00+05:30,1,01:00:00,1,00:15:00,100.0,0.0,2016-11-06T18:00:00Z,2016-11-06T23:30:00+05:30,2016-11-06T18:15:00Z,2016-11-06T23:45:00+05:30
496.0,,,False,2,pm25,µg/m³,,raw,01:00:00,2016-11-06T17:30:00Z,2016-11-06T23:00:00+05:30,2016-11-06T18:30:00Z,2016-11-07T00:00:00+05:30,1,01:00:00,1,00:15:00,100.0,0.0,2016-11-06T18:15:00Z,2016-11-06T23:45:00+05:30,2016-11-06T18:30:00Z,2016-11-07T00:00:00+05:30
467.0,,,False,2,pm25,µg/m³,,raw,01:00:00,2016-11-06T17:45:00Z,2016-11-06T23:15:00+05:30,2016-11-06T18:45:00Z,2016-11-07T00:15:00+05:30,1,01:00:00,1,00:15:00,100.0,0.0,2016-11-06T18:30:00Z,2016-11-07T00:00:00+05:30,2016-11-06T18:45:00Z,2016-11-07T00:15:00+05:30
469.0,,,False,2,pm25,µg/m³,,raw,01:00:00,2016-11-06T18:00:00Z,2016-11-06T23:30:00+05:30,2016-11-06T19:00:00Z,2016-11-07T00:30:00+05:30,1,01:00:00,1,00:15:00,100.0,0.0,2016-11-06T18:45:00Z,2016-11-07T00:15:00+05:30,2016-11-06T19:00:00Z,2016-11-07T00:30:00+05:30
474.0,,,False,2,pm25,µg/m³,,raw,01:00:00,2016-11-06T18:15:00Z,2016-11-06T23:45:00+05:30,2016-11-06T19:15:00Z,2016-11-07T00:45:00+05:30,1,01:00:00,1,00:15:00,100.0,0.0,2016-11-06T19:00:00Z,2016-11-07T00:30:00+05:30,2016-11-06T19:15:00Z,2016-11-07T00:45:00+05:30
472.0,,,False,2,pm25,µg/m³,,raw,01:00:00,2016-11-06T18:30:00Z,2016-11-07T00:00:00+05:30,2016-11-06T19:30:00Z,2016-11-07T01:00:00+05:30,1,01:00:00,1,00:15:00,100.0,0.0,2016-11-06T19:15:00Z,2016-11-07T00:45:00+05:30,2016-11-06T19:30:00Z,2016-11-07T01:00:00+05:30
472.0,,,False,2,pm25,µg/m³,,raw,01:00:00,2016-11-06T18:45:00Z,2016-11-07T00:15:00+05:30,2016-11-06T19:45:00Z,2016-11-07T01:15:00+05:30,1,01:00:00,1,00:15:00,100.0,0.0,2016-11-06T19:30:00Z,2016-11-07T01:00:00+05:30,2016-11-06T19:45:00Z,2016-11-07T01:15:00+05:30
468.0,,,False,2,pm25,µg/m³,,raw,01:00:00,2016-11-06T19:00:00Z,2016-11-07T00:30:00+05:30,2016-11-06T20:00:00Z,2016-11-07T01:30:00+05:30,1,01:00:00,1,00:15:00,100.0,0.0,2016-11-06T19:45:00Z,2016-11-07T01:15:00+05:30,2016-11-06T20:00:00Z,2016-11-07T01:30:00+05:30
461.0,,,False,2,pm25,µg/m³,,raw,01:00:00,2016-11-06T19:15:00Z,2016-11-07T00:45:00+05:30,2016-11-06T20:15:00Z,2016-11-07T01:45:00+05:30,1,01:00:00,1,00:15:00,100.0,0.0,2016-11-06T20:00:00Z,2016-11-07T01:30:00+05:30,2016-11-06T20:15:00Z,2016-11-07T01:45:00+05:30
454.0,,,False,2,pm25,µg/m³,,raw,01:00:00,2016-11-06T19:30:00Z,2016-11-07T01:00:00+05:30,2016-11-06T20:30:00Z,2016-11-07T02:00:00+05:30,1,01:00:00,1,00:15:00,100.0,0.0,2016-11-06T20:15:00Z,2016-11-07T01:45:00+05:30,2016-11-06T20:30:00Z,2016-11-07T02:00:00+05:30
439.0,,,False,2,pm25,µg/m³,,raw,01:00:00,2016-11-06T19:45:00Z,2016-11-07T01:15:00+05:30,2016-11-06T20:45:00Z,2016-11-07T02:15:00+05:30,1,01:00:00,1,00:15:00,100.0,0.0,2016-11-06T20:30:00Z,2016-11-07T02:00:00+05:30,2016-11-06T20:45:00Z,2016-11-07T02:15:00+05:30
426.0,,,False,2,pm25,µg/m³,,raw,01:00:00,2016-11-06T20:00:00Z,2016-11-07T01:30:00+05:30,2016-11-06T21:00:00Z,2016-11-07T02:30:00+05:30,1,01:00:00,1,00:15:00,100.0,0.0,2016-11-06T20:45:00Z,2016-11-07T02:15:00+05:30,2016-11-06T21:00:00Z,2016-11-07T02:30:00+05:30
413.0,,,False,2,pm25,µg/m³,,raw,01:00:00,2016-11-06T20:15:00Z,2016-11-07T01:45:00+05:30,2016-11-06T21:15:00Z,2016-11-07T02:45:00+05:30,1,01:00:00,1,00:15:00,100.0,0.0,2016-11-06T21:00:00Z,2016-11-07T02:30:00+05:30,2016-11-06T21:15:00Z,2016-11-07T02:45:00+05:30
409.0,,,False,2,pm25,µg/m³,,raw,01:00:00,2016-11-06T20:30:00Z,2016-11-07T02:00:00+05:30,2016-11-06T21:30:00Z,2016-11-07T03:00:00+05:30,1,01:00:00,1,00:15:00,100.0,0.0,2016-11-06T21:15:00Z,2016-11-07T02:45:00+05:30,2016-11-06T21:30:00Z,2016-11-07T03:00:00+05:30
408.0,,,False,2,pm25,µg/m³,,raw,01:00:00,2016-11-06T20:45:00Z,2016-11-07T02:15:00+05:30,2016-11-06T21:45:00Z,2016-11-07T03:15:00+05:30,1,01:00:00,1,00:15:00,100.0,0.0,2016-11-06T21:30:00Z,2016-11-07T03:00:00+05:30,2016-11-06T21:45:00Z,2016-11-07T03:15:00+05:30
407.0,,,False,2,pm25,µg/m³,,raw,01:00:00,2016-11-06T21:00:00Z,2016-11-07T02:30:00+05:30,2016-11-06T22:00:00Z,2016-11-07T03:30:00+05:30,1,01:00:00,1,00:15:00,100.0,0.0,2016-11-06T21:45:00Z,2016-11-07T03:15:00+05:30,2016-11-06T22:00:00Z,2016-11-07T03:30:00+05:30
406.0,,,False,2,pm25,µg/m³,,raw,01:00:00,2016-11-06T21:15:00Z,2016-11-07T02:45:00+05:30,2016-11-06T22:15:00Z,2016-11-07T03:45:00+05:30,1,01:00:00,1,00:15:00,100.0,0.0,2016-11-06T22:00:00Z,2016-11-07T03:30:00+05:30,2016-11-06T22:15:00Z,2016-11-07T03:45:00+05:30
400.0,,,False,2,pm25,µg/m³,,raw,01:00:00,2016-11-06T21:30:00Z,2016-11-07T03:00:00+05:30,2016-11-06T22:30:00Z,2016-11-07T04:00:00+05:30,1,01:00:00,1,00:15:00,100.0,0.0,2016-11-06T22:15:00Z,2016-11-07T03:45:00+05:30,2016-11-06T22:30:00Z,2016-11-07T04:00:00+05:30
389.0,,,False,2,pm25,µg/m³,,raw,01:00:00,2016-11-06T21:45:00Z,2016-11-07T03:15:00+05:30,2016-11-06T22:45:00Z,2016-11-07T04:15:00+05:30,1,01:00:00,1,00:15:00,100.0,0.0,2016-11-06T22:30:00Z,2016-11-07T04:00:00+05:30,2016-11-06T22:45:00Z,2016-11-07T04:15:00+05:30
381.0,,,False,2,pm25,µg/m³,,raw,01:00:00,2016-11-06T22:00:00Z,2016-11-07T03:30:00+05:30,2016-11-06T23:00:00Z,2016-11-07T04:30:00+05:30,1,01:00:00,1,00:15:00,100.0,0.0,2016-11-06T22:45:00Z,2016-11-07T04:15:00+05:30,2016-11-06T23:00:00Z,2016-11-07T04:30:00+05:30
374.0,,,False,2,pm25,µg/m³,,raw,01:00:00,2016-11-06T22:15:00Z,2016-11-07T03:45:00+05:30,2016-11-06T23:15:00Z,2016-11-07T04:45:00+05:30,1,01:00:00,1,00:15:00,100.0,0.0,2016-11-06T23:00:00Z,2016-11-07T04:30:00+05:30,2016-11-06T23:15:00Z,2016-11-07T04:45:00+05:30
366.0,,,False,2,pm25,µg/m³,,raw,01:00:00,2016-11-06T22:30:00Z,2016-11-07T04:00:00+05:30,2016-11-06T23:30:00Z,2016-11-07T05:00:00+05:30,1,01:00:00,1,00:15:00,100.0,0.0,2016-11-06T23:15:00Z,2016-11-07T04:45:00+05:30,2016-11-06T23:30:00Z,2016-11-07T05:00:00+05:30
364.0,,,False,2,pm25,µg/m³,,raw,01:00:00,2016-11-06T22:45:00Z,2016-11-07T04:15:00+05:30,2016-11-06T23:45:00Z,2016-11-07T05:15:00+05:30,1,01:00:00,1,00:15:00,100.0,0.0,2016-11-06T23:30:00Z,2016-11-07T05:00:00+05:30,2016-11-06T23:45:00Z,2016-11-07T05:15:00+05:30
361.0,,,False,2,pm25,µg/m³,,raw,01:00:00,2016-11-06T23:00:00Z,2016-11-07T04:30:00+05:30,2016-11-07T00:00:00Z,2016-11-07T05:30:00+05:30,1,01:00:00,1,00:15:00,100.0,0.0,2016-11-06T23:45:00Z,2016-11-07T05:15:00+05:30,2016-11-07T00:00:00Z,2016-11-07T05:30:00+05:30
359.0,,,False,2,pm25,µg/m³,,raw,01:00:00,2016-11-06T23:15:00Z,2016-11-07T04:45:00+05:30,2016-11-07T00:15:00Z,2016-11-07T05:45:00+05:30,1,01:00:00,1,00:15:00,100.0,0.0,2016-11-07T00:00:00Z,2016-11-07T05:30:00+05:30,2016-11-07T00:15:00Z,2016-11-07T05:45:00+05:30
360.0,,,False,2,pm25,µg/m³,,raw,01:00:00,2016-11-06T23:30:00Z,2016-11-07T05:00:00+05:30,2016-11-07T00:30:00Z,2016-11-07T06:00:00+05:30,1,01:00:00,1,00:15:00,100.0,0.0,2016-11-07T00:15:00Z,2016-11-07T05:45:00+05:30,2016-11-07T00:30:00Z,2016-11-07T06:00:00+05:30
361.0,,,False,2,pm25,µg/m³,,raw,01:00:00,2016-11-06T23:45:00Z,2016-11-07T05:15:00+05:30,2016-11-07T00:45:00Z,2016-11-07T06:15:00+05:30,1,01:00:00,1,00:15:00,100.0,0.0,2016-11-07T00:30:00Z,2016-11-07T06:00:00+05:30,2016-11-07T00:45:00Z,2016-11-07T06:15:00+05:30
363.0,,,False,2,pm25,µg/m³,,raw,01:00:00,2016-11-07T00:00:00Z,2016-11-07T05:30:00+05:30,2016-11-07T01:00:00Z,2016-11-07T06:30:00+05:30,1,01:00:00,1,00:15:00,100.0,0.0,2016-11-07T00:45:00Z,2016-11-07T06:15:00+05:30,2016-11-07T01:00:00Z,2016-11-07T06:30:00+05:30
372.0,,,False,2,pm25,µg/m³,,raw,01:00:00,2016-11-07T00:15:00Z,2016-11-07T05:45:00+05:30,2016-11-07T01:15:00Z,2016-11-07T06:45:00+05:30,1,01:00:00,1,00:15:00,100.0,0.0,2016-11-07T01:00:00Z,2016-11-07T06:30:00+05:30,2016-11-07T01:15:00Z,2016-11-07T06:45:00+05:30
377.0,,,False,2,pm25,µg/m³,,raw,01:00:00,2016-11-07T00:30:00Z,2016-11-07T06:00:00+05:30,2016-11-07T01:30:00Z,2016-11-07T07:00:00+05:30,1,01:00:00,1,00:15:00,100.0,0.0,2016-11-07T01:15:00Z,2016-11-07T06:45:00+05:30,2016-11-07T01:30:00Z,2016-11-07T07:00:00+05:30
379.0,,,False,2,pm25,µg/m³,,raw,01:00:00,2016-11-07T00:45:00Z,2016-11-07T06:15:00+05:30,2016-11-07T01:45:00Z,2016-11-07T07:15:00+05:30,1,01:00:00,1,00:15:00,100.0,0.0,2016-11-07T01:30:00Z,2016-11-07T07:00:00+05:30,2016-11-07T01:45:00Z,2016-11-07T07:15:00+05:30
381.0,,,False,2,pm25,µg/m³,,raw,01:00:00,2016-11-07T01:00:00Z,2016-11-07T06:30:00+05:30,2016-11-07T02:00:00Z,2016-11-07T07:30:00+05:30,1,01:00:00,1,00:15:00,100.0,0.0,2016-11-07T01:45:00Z,2016-11-07T07:15:00+05:30,2016-11-07T02:00:00Z,2016-11-07T07:30:00+05:30
375.0,,,False,2,pm25,µg/m³,,raw,01:00:00,2016-11-07T01:15:00Z,2016-11-07T06:45:00+05:30,2016-11-07T02:15:00Z,2016-11-07T07:45:00+05:30,1,01:00:00,1,00:15:00,100.0,0.0,2016-11-07T02:00:00Z,2016-11-07T07:30:00+05:30,2016-11-07T02:15:00Z,2016-11-07T07:45:00+05:30
369.0,,,False,2,pm25,µg/m³,,raw,01:00:00,2016-11-07T01:30:00Z,2016-11-07T07:00:00+05:30,2016-11-07T02:30:00Z,2016-11-07T08:00:00+05:30,1,01:00:00,1,00:15:00,100.0,0.0,2016-11-07T02:15:00Z,2016-11-07T07:45:00+05:30,2016-11-07T02:30:00Z,2016-11-07T08:00:00+05:30
364.0,,,False,2,pm25,µg/m³,,raw,01:00:00,2016-11-07T01:45:00Z,2016-11-07T07:15:00+05:30,2016-11-07T02:45:00Z,2016-11-07T08:15:00+05:30,1,01:00:00,1,00:15:00,100.0,0.0,2016-11-07T02:30:00Z,2016-11-07T08:00:00+05:30,2016-11-07T02:45:00Z,2016-11-07T08:15:00+05:30
361.0,,,False,2,pm25,µg/m³,,raw,01:00:00,2016-11-07T02:00:00Z,2016-11-07T07:30:00+05:30,2016-11-07T03:00:00Z,2016-11-07T08:30:00+05:30,1,01:00:00,1,00:15:00,100.0,0.0,2016-11-07T02:45:00Z,2016-11-07T08:15:00+05:30,2016-11-07T03:00:00Z,2016-11-07T08:30:00+05:30
362.0,,,False,2,pm25,µg/m³,,raw,01:00:00,2016-11-07T02:15:00Z,2016-11-07T07:45:00+05:30,2016-11-07T03:15:00Z,2016-11-07T08:45:00+05:30,1,01:00:00,1,00:15:00,100.0,0.0,2016-11-07T03:00:00Z,2016-11-07T08:30:00+05:30,2016-11-07T03:15:00Z,2016-11-07T08:45:00+05:30
370.0,,,False,2,pm25,µg/m³,,raw,01:00:00,2016-11-07T02:30:00Z,2016-11-07T08:00:00+05:30,2016-11-07T03:30:00Z,2016-11-07T09:00:00+05:30,1,01:00:00,1,00:15:00,100.0,0.0,2016-11-07T03:15:00Z,2016-11-07T08:45:00+05:30,2016-11-07T03:30:00Z,2016-11-07T09:00:00+05:30
385.0,,,False,2,pm25,µg/m³,,raw,01:00:00,2016-11-07T02:45:00Z,2016-11-07T08:15:00+05:30,2016-11-07T03:45:00Z,2016-11-07T09:15:00+05:30,1,01:00:00,1,00:15:00,100.0,0.0,2016-11-07T03:30:00Z,2016-11-07T09:00:00+05:30,2016-11-07T03:45:00Z,2016-11-07T09:15:00+05:30
401.0,,,False,2,pm25,µg/m³,,raw,01:00:00,2016-11-07T03:00:00Z,2016-11-07T08:30:00+05:30,2016-11-07T04:00:00Z,2016-11-07T09:30:00+05:30,1,01:00:00,1,00:15:00,100.0,0.0,2016-11-07T03:45:00Z,2016-11-07T09:15:00+05:30,2016-11-07T04:00:00Z,2016-11-07T09:30:00+05:30
413.0,,,False,2,pm25,µg/m³,,raw,01:00:00,2016-11-07T03:15:00Z,2016-11-07T08:45:00+05:30,2016-11-07T04:15:00Z,2016-11-07T09:45:00+05:30,1,01:00:00,1,00:15:00,100.0,0.0,2016-11-07T04:00:00Z,2016-11-07T09:30:00+05:30,2016-11-07T04:15:00Z,2016-11-07T09:45:00+05:30
419.0,,,False,2,pm25,µg/m³,,raw,01:00:00,2016-11-07T03:30:00Z,2016-11-07T09:00:00+05:30,2016-11-07T04:30:00Z,2016-11-07T10:00:00+05:30,1,01:00:00,1,00:15:00,100.0,0.0,2016-11-07T04:15:00Z,2016-11-07T09:45:00+05:30,2016-11-07T04:30:00Z,2016-11-07T10:00:00+05:30
412.0,,,False,2,pm25,µg/m³,,raw,01:00:00,2016-11-07T03:45:00Z,2016-11-07T09:15:00+05:30,2016-11-07T04:45:00Z,2016-11-07T10:15:00+05:30,1,01:00:00,1,00:15:00,100.0,0.0,2016-11-07T04:30:00Z,2016-11-07T10:00:00+05:30,2016-11-07T04:45:00Z,2016-11-07T10:15:00+05:30
392.0,,,False,2,pm25,µg/m³,,raw,01:00:00,2016-11-07T04:00:00Z,2016-11-07T09:30:00+05:30,2016-11-07T05:00:00Z,2016-11-07T10:30:00+05:30,1,01:00:00,1,00:15:00,100.0,0.0,2016-11-07T04:45:00Z,2016-11-07T10:15:00+05:30,2016-11-07T05:00:00Z,2016-11-07T10:30:00+05:30
368.0,,,False,2,pm25,µg/m³,,raw,01:00:00,2016-11-07T04:15:00Z,2016-11-07T09:45:00+05:30,2016-11-07T05:15:00Z,2016-11-07T10:45:00+05:30,1,01:00:00,1,00:15:00,100.0,0.0,2016-11-07T05:00:00Z,2016-11-07T10:30:00+05:30,2016-11-07T05:15:00Z,2016-11-07T10:45:00+05:30
336.0,,,False,2,pm25,µg/m³,,raw,01:00:00,2016-11-07T04:30:00Z,2016-11-07T10:00:00+05:30,2016-11-07T05:30:00Z,2016-11-07T11:00:00+05:30,1,01:00:00,1,00:15:00,100.0,0.0,2016-11-07T05:15:00Z,2016-11-07T10:45:00+05:30,2016-11-07T05:30:00Z,2016-11-07T11:00:00+05:30
302.0,,,False,2,pm25,µg/m³,,raw,01:00:00,2016-11-07T04:45:00Z,2016-11-07T10:15:00+05:30,2016-11-07T05:45:00Z,2016-11-07T11:15:00+05:30,1,01:00:00,1,00:15:00,100.0,0.0,2016-11-07T05:30:00Z,2016-11-07T11:00:00+05:30,2016-11-07T05:45:00Z,2016-11-07T11:15:00+05:30
274.0,,,False,2,pm25,µg/m³,,raw,01:00:00,2016-11-07T05:00:00Z,2016-11-07T10:30:00+05:30,2016-11-07T06:00:00Z,2016-11-07T11:30:00+05:30,1,01:00:00,1,00:15:00,100.0,0.0,2016-11-07T05:45:00Z,2016-11-07T11:15:00+05:30,2016-11-07T06:00:00Z,2016-11-07T11:30:00+05:30
243.0,,,False,2,pm25,µg/m³,,raw,01:00:00,2016-11-07T05:15:00Z,2016-11-07T10:45:00+05:30,2016-11-07T06:15:00Z,2016-11-07T11:45:00+05:30,1,01:00:00,1,00:15:00,100.0,0.0,2016-11-07T06:00:00Z,2016-11-07T11:30:00+05:30,2016-11-07T06:15:00Z,2016-11-07T11:45:00+05:30
224.0,,,False,2,pm25,µg/m³,,raw,01:00:00,2016-11-07T05:30:00Z,2016-11-07T11:00:00+05:30,2016-11-07T06:30:00Z,2016-11-07T12:00:00+05:30,1,01:00:00,1,00:15:00,100.0,0.0,2016-11-07T06:15:00Z,2016-11-07T11:45:00+05:30,2016-11-07T06:30:00Z,2016-11-07T12:00:00+05:30
217.0,,,False,2,pm25,µg/m³,,raw,01:00:00,2016-11-07T05:45:00Z,2016-11-07T11:15:00+05:30,2016-11-07T06:45:00Z,2016-11-07T12:15:00+05:30,1,01:00:00,1,00:15:00,100.0,0.0,2016-11-07T06:30:00Z,2016-11-07T12:00:00+05:30,2016-11-07T06:45:00Z,2016-11-07T12:15:00+05:30
208.0,,,False,2,pm25,µg/m³,,raw,01:00:00,2016-11-07T06:00:00Z,2016-11-07T11:30:00+05:30,2016-11-07T07:00:00Z,2016-11-07T12:30:00+05:30,1,01:00:00,1,00:15:00,100.0,0.0,2016-11-07T06:45:00Z,2016-11-07T12:15:00+05:30,2016-11-07T07:00:00Z,2016-11-07T12:30:00+05:30
195.0,,,False,2,pm25,µg/m³,,raw,01:00:00,2016-11-07T06:15:00Z,2016-11-07T11:45:00+05:30,2016-11-07T07:15:00Z,2016-11-07T12:45:00+05:30,1,01:00:00,1,00:15:00,100.0,0.0,2016-11-07T07:00:00Z,2016-11-07T12:30:00+05:30,2016-11-07T07:15:00Z,2016-11-07T12:45:00+05:30
177.0,,,False,2,pm25,µg/m³,,raw,01:00:00,2016-11-07T06:30:00Z,2016-11-07T12:00:00+05:30,2016-11-07T07:30:00Z,2016-11-07T13:00:00+05:30,1,01:00:00,1,00:15:00,100.0,0.0,2016-11-07T07:15:00Z,2016-11-07T12:45:00+05:30,2016-11-07T07:30:00Z,2016-11-07T13:00:00+05:30
158.0,,,False,2,pm25,µg/m³,,raw,01:00:00,2016-11-07T06:45:00Z,2016-11-07T12:15:00+05:30,2016-11-07T07:45:00Z,2016-11-07T13:15:00+05:30,1,01:00:00,1,00:15:00,100.0,0.0,2016-11-07T07:30:00Z,2016-11-07T13:00:00+05:30,2016-11-07T07:45:00Z,2016-11-07T13:15:00+05:30
142.0,,,False,2,pm25,µg/m³,,raw,01:00:00,2016-11-07T07:15:00Z,2016-11-07T12:45:00+05:30,2016-11-07T08:15:00Z,2016-11-07T13:45:00+05:30,1,01:00:00,1,00:15:00,100.0,0.0,2016-11-07T08:00:00Z,2016-11-07T13:30:00+05:30,2016-11-07T08:15:00Z,2016-11-07T13:45:00+05:30
140.0,,,False,2,pm25,µg/m³,,raw,01:00:00,2016-11-07T07:30:00Z,2016-11-07T13:00:00+05:30,2016-11-07T08:30:00Z,2016-11-07T14:00:00+05:30,1,01:00:00,1,00:15:00,100.0,0.0,2016-11-07T08:15:00Z,2016-11-07T13:45:00+05:30,2016-11-07T08:30:00Z,2016-11-07T14:00:00+05:30
136.0,,,False,2,pm25,µg/m³,,raw,01:00:00,2016-11-07T07:45:00Z,2016-11-07T13:15:00+05:30,2016-11-07T08:45:00Z,2016-11-07T14:15:00+05:30,1,01:00:00,1,00:15:00,100.0,0.0,2016-11-07T08:30:00Z,2016-11-07T14:00:00+05:30,2016-11-07T08:45:00Z,2016-11-07T14:15:00+05:30
131.0,,,False,2,pm25,µg/m³,,raw,01:00:00,2016-11-07T08:00:00Z,2016-11-07T13:30:00+05:30,2016-11-07T09:00:00Z,2016-11-07T14:30:00+05:30,1,01:00:00,1,00:15:00,100.0,0.0,2016-11-07T08:45:00Z,2016-11-07T14:15:00+05:30,2016-11-07T09:00:00Z,2016-11-07T14:30:00+05:30
126.0,,,False,2,pm25,µg/m³,,raw,01:00:00,2016-11-07T08:15:00Z,2016-11-07T13:45:00+05:30,2016-11-07T09:15:00Z,2016-11-07T14:45:00+05:30,1,01:00:00,1,00:15:00,100.0,0.0,2016-11-07T09:00:00Z,2016-11-07T14:30:00+05:30,2016-11-07T09:15:00Z,2016-11-07T14:45:00+05:30
117.0,,,False,2,pm25,µg/m³,,raw,01:00:00,2016-11-07T08:30:00Z,2016-11-07T14:00:00+05:30,2016-11-07T09:30:00Z,2016-11-07T15:00:00+05:30,1,01:00:00,1,00:15:00,100.0,0.0,2016-11-07T09:15:00Z,2016-11-07T14:45:00+05:30,2016-11-07T09:30:00Z,2016-11-07T15:00:00+05:30
107.0,,,False,2,pm25,µg/m³,,raw,01:00:00,2016-11-07T08:45:00Z,2016-11-07T14:15:00+05:30,2016-11-07T09:45:00Z,2016-11-07T15:15:00+05:30,1,01:00:00,1,00:15:00,100.0,0.0,2016-11-07T09:30:00Z,2016-11-07T15:00:00+05:30,2016-11-07T09:45:00Z,2016-11-07T15:15:00+05:30
101.0,,,False,2,pm25,µg/m³,,raw,01:00:00,2016-11-07T09:00:00Z,2016-11-07T14:30:00+05:30,2016-11-07T10:00:00Z,2016-11-07T15:30:00+05:30,1,01:00:00,1,00:15:00,100.0,0.0,2016-11-07T09:45:00Z,2016-11-07T15:15:00+05:30,2016-11-07T10:00:00Z,2016-11-07T15:30:00+05:30
96.0,,,False,2,pm25,µg/m³,,raw,01:00:00,2016-11-07T09:15:00Z,2016-11-07T14:45:00+05:30,2016-11-07T10:15:00Z,2016-11-07T15:45:00+05:30,1,01:00:00,1,00:15:00,100.0,0.0,2016-11-07T10:00:00Z,2016-11-07T15:30:00+05:30,2016-11-07T10:15:00Z,2016-11-07T15:45:00+05:30
94.0,,,False,2,pm25,µg/m³,,raw,01:00:00,2016-11-07T09:30:00Z,2016-11-07T15:00:00+05:30,2016-11-07T10:30:00Z,2016-11-07T16:00:00+05:30,1,01:00:00,1,00:15:00,100.0,0.0,2016-11-07T10:15:00Z,2016-11-07T15:45:00+05:30,2016-11-07T10:30:00Z,2016-11-07T16:00:00+05:30
90.0,,,False,2,pm25,µg/m³,,raw,01:00:00,2016-11-07T09:45:00Z,2016-11-07T15:15:00+05:30,2016-11-07T10:45:00Z,2016-11-07T16:15:00+05:30,1,01:00:00,1,00:15:00,100.0,0.0,2016-11-07T10:30:00Z,2016-11-07T16:00:00+05:30,2016-11-07T10:45:00Z,2016-11-07T16:15:00+05:30
82.0,,,False,2,pm25,µg/m³,,raw,01:00:00,2016-11-07T10:00:00Z,2016-11-07T15:30:00+05:30,2016-11-07T11:00:00Z,2016-11-07T16:30:00+05:30,1,01:00:00,1,00:15:00,100.0,0.0,2016-11-07T10:45:00Z,2016-11-07T16:15:00+05:30,2016-11-07T11:00:00Z,2016-11-07T16:30:00+05:30
73.0,,,False,2,pm25,µg/m³,,raw,01:00:00,2016-11-07T10:15:00Z,2016-11-07T15:45:00+05:30,2016-11-07T11:15:00Z,2016-11-07T16:45:00+05:30,1,01:00:00,1,00:15:00,100.0,0.0,2016-11-07T11:00:00Z,2016-11-07T16:30:00+05:30,2016-11-07T11:15:00Z,2016-11-07T16:45:00+05:30
67.0,,,False,2,pm25,µg/m³,,raw,01:00:00,2016-11-07T10:30:00Z,2016-11-07T16:00:00+05:30,2016-11-07T11:30:00Z,2016-11-07T17:00:00+05:30,1,01:00:00,1,00:15:00,100.0,0.0,2016-11-07T11:15:00Z,2016-11-07T16:45:00+05:30,2016-11-07T11:30:00Z,2016-11-07T17:00:00+05:30
65.0,,,False,2,pm25,µg/m³,,raw,01:00:00,2016-11-07T10:45:00Z,2016-11-07T16:15:00+05:30,2016-11-07T11:45:00Z,2016-11-07T17:15:00+05:30,1,01:00:00,1,00:15:00,100.0,0.0,2016-11-07T11:30:00Z,2016-11-07T17:00:00+05:30,2016-11-07T11:45:00Z,2016-11-07T17:15:00+05:30
65.0,,,False,2,pm25,µg/m³,,raw,01:00:00,2016-11-07T11:00:00Z,2016-11-07T16:30:00+05:30,2016-11-07T12:00:00Z,2016-11-07T17:30:00+05:30,1,01:00:00,1,00:15:00,100.0,0.0,2016-11-07T11:45:00Z,2016-11-07T17:15:00+05:30,2016-11-07T12:00:00Z,2016-11-07T17:30:00+05:30
69.0,,,False,2,pm25,µg/m³,,raw,01:00:00,2016-11-07T11:15:00Z,2016-11-07T16:45:00+05:30,2016-11-07T12:15:00Z,2016-11-07T17:45:00+05:30,1,01:00:00,1,00:15:00,100.0,0.0,2016-11-07T12:00:00Z,2016-11-07T17:30:00+05:30,2016-11-07T12:15:00Z,2016-11-07T17:45:00+05:30
74.0,,,False,2,pm25,µg/m³,,raw,01:00:00,2016-11-07T11:30:00Z,2016-11-07T17:00:00+05:30,2016-11-07T12:30:00Z,2016-11-07T18:00:00+05:30,1,01:00:00,1,00:15:00,100.0,0.0,2016-11-07T12:15:00Z,2016-11-07T17:45:00+05:30,2016-11-07T12:30:00Z,2016-11-07T18:00:00+05:30
80.0,,,False,2,pm25,µg/m³,,raw,01:00:00,2016-11-07T11:45:00Z,2016-11-07T17:15:00+05:30,2016-11-07T12:45:00Z,2016-11-07T18:15:00+05:30,1,01:00:00,1,00:15:00,100.0,0.0,2016-11-07T12:30:00Z,2016-11-07T18:00:00+05:30,2016-11-07T12:45:00Z,2016-11-07T18:15:00+05:30
86.0,,,False,2,pm25,µg/m³,,raw,01:00:00,2016-11-07T12:00:00Z,2016-11-07T17:30:00+05:30,2016-11-07T13:00:00Z,2016-11-07T18:30:00+05:30,1,01:00:00,1,00:15:00,100.0,0.0,2016-11-07T12:45:00Z,2016-11-07T18:15:00+05:30,2016-11-07T13:00:00Z,2016-11-07T18:30:00+05:30
89.0,,,False,2,pm25,µg/m³,,raw,01:00:00,2016-11-07T12:15:00Z,2016-11-07T17:45:00+05:30,2016-11-07T13:15:00Z,2016-11-07T18:45:00+05:30,1,01:00:00,1,00:15:00,100.0,0.0,2016-11-07T13:00:00Z,2016-11-07T18:30:00+05:30,2016-11-07T13:15:00Z,2016-11-07T18:45:00+05:30
90.0,,,False,2,pm25,µg/m³,,raw,01:00:00,2016-11-07T12:30:00Z,2016-11-07T18:00:00+05:30,2016-11-07T13:30:00Z,2016-11-07T19:00:00+05:30,1,01:00:00,1,00:15:00,100.0,0.0,2016-11-07T13:15:00Z,2016-11-07T18:45:00+05:30,2016-11-07T13:30:00Z,2016-11-07T19:00:00+05:30
92.0,,,False,2,pm25,µg/m³,,raw,01:00:00,2016-11-07T12:45:00Z,2016-11-07T18:15:00+05:30,2016-11-07T13:45:00Z,2016-11-07T19:15:00+05:30,1,01:00:00,1,00:15:00,100.0,0.0,2016-11-07T13:30:00Z,2016-11-07T19:00:00+05:30,2016-11-07T13:45:00Z,2016-11-07T19:15:00+05:30
95.0,,,False,2,pm25,µg/m³,,raw,01:00:00,2016-11-07T13:00:00Z,2016-11-07T18:30:00+05:30,2016-11-07T14:00:00Z,2016-11-07T19:30:00+05:30,1,01:00:00,1,00:15:00,100.0,0.0,2016-11-07T13:45:00Z,2016-11-07T19:15:00+05:30,2016-11-07T14:00:00Z,2016-11-07T19:30:00+05:30
100.0,,,False,2,pm25,µg/m³,,raw,01:00:00,2016-11-07T13:15:00Z,2016-11-07T18:45:00+05:30,2016-11-07T14:15:00Z,2016-11-07T19:45:00+05:30,1,01:00:00,1,00:15:00,100.0,0.0,2016-11-07T14:00:00Z,2016-11-07T19:30:00+05:30,2016-11-07T14:15:00Z,2016-11-07T19:45:00+05:30
107.0,,,False,2,pm25,µg/m³,,raw,01:00:00,2016-11-07T13:30:00Z,2016-11-07T19:00:00+05:30,2016-11-07T14:30:00Z,2016-11-07T20:00:00+05:30,1,01:00:00,1,00:15:00,100.0,0.0,2016-11-07T14:15:00Z,2016-11-07T19:45:00+05:30,2016-11-07T14:30:00Z,2016-11-07T20:00:00+05:30
115.0,,,False,2,pm25,µg/m³,,raw,01:00:00,2016-11-07T13:45:00Z,2016-11-07T19:15:00+05:30,2016-11-07T14:45:00Z,2016-11-07T20:15:00+05:30,1,01:00:00,1,00:15:00,100.0,0.0,2016-11-07T14:30:00Z,2016-11-07T20:00:00+05:30,2016-11-07T14:45:00Z,2016-11-07T20:15:00+05:30
126.0,,,False,2,pm25,µg/m³,,raw,01:00:00,2016-11-07T14:00:00Z,2016-11-07T19:30:00+05:30,2016-11-07T15:00:00Z,2016-11-07T20:30:00+05:30,1,01:00:00,1,00:15:00,100.0,0.0,2016-11-07T14:45:00Z,2016-11-07T20:15:00+05:30,2016-11-07T15:00:00Z,2016-11-07T20:30:00+05:30
145.0,,,False,2,pm25,µg/m³,,raw,01:00:00,2016-11-07T14:15:00Z,2016-11-07T19:45:00+05:30,2016-11-07T15:15:00Z,2016-11-07T20:45:00+05:30,1,01:00:00,1,00:15:00,100.0,0.0,2016-11-07T15:00:00Z,2016-11-07T20:30:00+05:30,2016-11-07T15:15:00Z,2016-11-07T20:45:00+05:30
167.0,,,False,2,pm25,µg/m³,,raw,01:00:00,2016-11-07T14:30:00Z,2016-11-07T20:00:00+05:30,2016-11-07T15:30:00Z,2016-11-07T21:00:00+05:30,1,01:00:00,1,00:15:00,100.0,0.0,2016-11-07T15:15:00Z,2016-11-07T20:45:00+05:30,2016-11-07T15:30:00Z,2016-11-07T21:00:00+05:30
190.0,,,False,2,pm25,µg/m³,,raw,01:00:00,2016-11-07T14:45:00Z,2016-11-07T20:15:00+05:30,2016-11-07T15:45:00Z,2016-11-07T21:15:00+05:30,1,01:00:00,1,00:15:00,100.0,0.0,2016-11-07T15:30:00Z,2016-11-07T21:00:00+05:30,2016-11-07T15:45:00Z,2016-11-07T21:15:00+05:30
217.0,,,False,2,pm25,µg/m³,,raw,01:00:00,2016-11-07T15:00:00Z,2016-11-07T20:30:00+05:30,2016-11-07T16:00:00Z,2016-11-07T21:30:00+05:30,1,01:00:00,1,00:15:00,100.0,0.0,2016-11-07T15:45:00Z,2016-11-07T21:15:00+05:30,2016-11-07T16:00:00Z,2016-11-07T21:30:00+05:30
245.0,,,False,2,pm25,µg/m³,,raw,01:00:00,2016-11-07T15:15:00Z,2016-11-07T20:45:00+05:30,2016-11-07T16:15:00Z,2016-11-07T21:45:00+05:30,1,01:00:00,1,00:15:00,100.0,0.0,2016-11-07T16:00:00Z,2016-11-07T21:30:00+05:30,2016-11-07T16:15:00Z,2016-11-07T21:45:00+05:30
281.0,,,False,2,pm25,µg/m³,,raw,01:00:00,2016-11-07T15:30:00Z,2016-11-07T21:00:00+05:30,2016-11-07T16:30:00Z,2016-11-07T22:00:00+05:30,1,01:00:00,1,00:15:00,100.0,0.0,2016-11-07T16:15:00Z,2016-11-07T21:45:00+05:30,2016-11-07T16:30:00Z,2016-11-07T22:00:00+05:30
324.0,,,False,2,pm25,µg/m³,,raw,01:00:00,2016-11-07T15:45:00Z,2016-11-07T21:15:00+05:30,2016-11-07T16:45:00Z,2016-11-07T22:15:00+05:30,1,01:00:00,1,00:15:00,100.0,0.0,2016-11-07T16:30:00Z,2016-11-07T22:00:00+05:30,2016-11-07T16:45:00Z,2016-11-07T22:15:00+05:30
366.0,,,False,2,pm25,µg/m³,,raw,01:00:00,2016-11-07T16:00:00Z,2016-11-07T21:30:00+05:30,2016-11-07T17:00:00Z,2016-11-07T22:30:00+05:30,1,01:00:00,1,00:15:00,100.0,0.0,2016-11-07T16:45:00Z,2016-11-07T22:15:00+05:30,2016-11-07T17:00:00Z,2016-11-07T22:30:00+05:30
405.0,,,False,2,pm25,µg/m³,,raw,01:00:00,2016-11-07T16:15:00Z,2016-11-07T21:45:00+05:30,2016-11-07T17:15:00Z,2016-11-07T22:45:00+05:30,1,01:00:00,1,00:15:00,100.0,0.0,2016-11-07T17:00:00Z,2016-11-07T22:30:00+05:30,2016-11-07T17:15:00Z,2016-11-07T22:45:00+05:30
437.0,,,False,2,pm25,µg/m³,,raw,01:00:00,2016-11-07T16:30:00Z,2016-11-07T22:00:00+05:30,2016-11-07T17:30:00Z,2016-11-07T23:00:00+05:30,1,01:00:00,1,00:15:00,100.0,0.0,2016-11-07T17:15:00Z,2016-11-07T22:45:00+05:30,2016-11-07T17:30:00Z,2016-11-07T23:00:00+05:30
463.0,,,False,2,pm25,µg/m³,,raw,01:00:00,2016-11-07T16:45:00Z,2016-11-07T22:15:00+05:30,2016-11-07T17:45:00Z,2016-11-07T23:15:00+05:30,1,01:00:00,1,00:15:00,100.0,0.0,2016-11-07T17:30:00Z,2016-11-07T23:00:00+05:30,2016-11-07T17:45:00Z,2016-11-07T23:15:00+05:30
481.0,,,False,2,pm25,µg/m³,,raw,01:00:00,2016-11-07T17:00:00Z,2016-11-07T22:30:00+05:30,2016-11-07T18:00:00Z,2016-11-07T23:30:00+05:30,1,01:00:00,1,00:15:00,100.0,0.0,2016-11-07T17:45:00Z,2016-11-07T23:15:00+05:30,2016-11-07T18:00:00Z,2016-11-07T23:30:00+05:30
493.0,,,False,2,pm25,µg/m³,,raw,01:00:00,2016-11-07T17:15:00Z,2016-11-07T22:45:00+05:30,2016-11-07T18:15:00Z,2016-11-07T23:45:00+05:30,1,01:00:00,1,00:15:00,100.0,0.0,2016-11-07T18:00:00Z,2016-11-07T23:30:00+05:30,2016-11-07T18:15:00Z,2016-11-07T23:45:00+05:30
227.0,,,False,2,pm25,µg/m³,,raw,01:00:00,2016-11-07T17:30:00Z,2016-11-07T23:00:00+05:30,2016-11-07T18:30:00Z,2016-11-08T00:00:00+05:30,1,01:00:00,1,00:15:00,100.0,0.0,2016-11-07T18:15:00Z,2016-11-07T23:45:00+05:30,2016-11-07T18:30:00Z,2016-11-08T00:00:00+05:30
491.0,,,False,2,pm25,µg/m³,,raw,01:00:00,2016-11-07T17:45:00Z,2016-11-07T23:15:00+05:30,2016-11-07T18:45:00Z,2016-11-08T00:15:00+05:30,1,01:00:00,1,00:15:00,100.0,0.0,2016-11-07T18:30:00Z,2016-11-08T00:00:00+05:30,2016-11-07T18:45:00Z,2016-11-08T00:15:00+05:30
482.0,,,False,2,pm25,µg/m³,,raw,01:00:00,2016-11-07T18:00:00Z,2016-11-07T23:30:00+05:30,2016-11-07T19:00:00Z,2016-11-08T00:30:00+05:30,1,01:00:00,1,00:15:00,100.0,0.0,2016-11-07T18:45:00Z,2016-11-08T00:15:00+05:30,2016-11-07T19:00:00Z,2016-11-08T00:30:00+05:30
471.0,,,False,2,pm25,µg/m³,,raw,01:00:00,2016-11-07T18:15:00Z,2016-11-07T23:45:00+05:30,2016-11-07T19:15:00Z,2016-11-08T00:45:00+05:30,1,01:00:00,1,00:15:00,100.0,0.0,2016-11-07T19:00:00Z,2016-11-08T00:30:00+05:30,2016-11-07T19:15:00Z,2016-11-08T00:45:00+05:30
461.0,,,False,2,pm25,µg/m³,,raw,01:00:00,2016-11-07T18:30:00Z,2016-11-08T00:00:00+05:30,2016-11-07T19:30:00Z,2016-11-08T01:00:00+05:30,1,01:00:00,1,00:15:00,100.0,0.0,2016-11-07T19:15:00Z,2016-11-08T00:45:00+05:30,2016-11-07T19:30:00Z,2016-11-08T01:00:00+05:30
455.0,,,False,2,pm25,µg/m³,,raw,01:00:00,2016-11-07T18:45:00Z,2016-11-08T00:15:00+05:30,2016-11-07T19:45:00Z,2016-11-08T01:15:00+05:30,1,01:00:00,1,00:15:00,100.0,0.0,2016-11-07T19:30:00Z,2016-11-08T01:00:00+05:30,2016-11-07T19:45:00Z,2016-11-08T01:15:00+05:30
452.0,,,False,2,pm25,µg/m³,,raw,01:00:00,2016-11-07T19:00:00Z,2016-11-08T00:30:00+05:30,2016-11-07T20:00:00Z,2016-11-08T01:30:00+05:30,1,01:00:00,1,00:15:00,100.0,0.0,2016-11-07T19:45:00Z,2016-11-08T01:15:00+05:30,2016-11-07T20:00:00Z,2016-11-08T01:30:00+05:30
444.0,,,False,2,pm25,µg/m³,,raw,01:00:00,2016-11-07T19:15:00Z,2016-11-08T00:45:00+05:30,2016-11-07T20:15:00Z,2016-11-08T01:45:00+05:30,1,01:00:00,1,00:15:00,100.0,0.0,2016-11-07T20:00:00Z,2016-11-08T01:30:00+05:30,2016-11-07T20:15:00Z,2016-11-08T01:45:00+05:30
434.0,,,False,2,pm25,µg/m³,,raw,01:00:00,2016-11-07T19:30:00Z,2016-11-08T01:00:00+05:30,2016-11-07T20:30:00Z,2016-11-08T02:00:00+05:30,1,01:00:00,1,00:15:00,100.0,0.0,2016-11-07T20:15:00Z,2016-11-08T01:45:00+05:30,2016-11-07T20:30:00Z,2016-11-08T02:00:00+05:30
421.0,,,False,2,pm25,µg/m³,,raw,01:00:00,2016-11-07T19:45:00Z,2016-11-08T01:15:00+05:30,2016-11-07T20:45:00Z,2016-11-08T02:15:00+05:30,1,01:00:00,1,00:15:00,100.0,0.0,2016-11-07T20:30:00Z,2016-11-08T02:00:00+05:30,2016-11-07T20:45:00Z,2016-11-08T02:15:00+05:30
408.0,,,False,2,pm25,µg/m³,,raw,01:00:00,2016-11-07T20:00:00Z,2016-11-08T01:30:00+05:30,2016-11-07T21:00:00Z,2016-11-08T02:30:00+05:30,1,01:00:00,1,00:15:00,100.0,0.0,2016-11-07T20:45:00Z,2016-11-08T02:15:00+05:30,2016-11-07T21:00:00Z,2016-11-08T02:30:00+05:30
400.0,,,False,2,pm25,µg/m³,,raw,01:00:00,2016-11-07T20:15:00Z,2016-11-08T01:45:00+05:30,2016-11-07T21:15:00Z,2016-11-08T02:45:00+05:30,1,01:00:00,1,00:15:00,100.0,0.0,2016-11-07T21:00:00Z,2016-11-08T02:30:00+05:30,2016-11-07T21:15:00Z,2016-11-08T02:45:00+05:30
391.0,,,False,2,pm25,µg/m³,,raw,01:00:00,2016-11-07T20:30:00Z,2016-11-08T02:00:00+05:30,2016-11-07T21:30:00Z,2016-11-08T03:00:00+05:30,1,01:00:00,1,00:15:00,100.0,0.0,2016-11-07T21:15:00Z,2016-11-08T02:45:00+05:30,2016-11-07T21:30:00Z,2016-11-08T03:00:00+05:30
377.0,,,False,2,pm25,µg/m³,,raw,01:00:00,2016-11-07T20:45:00Z,2016-11-08T02:15:00+05:30,2016-11-07T21:45:00Z,2016-11-08T03:15:00+05:30,1,01:00:00,1,00:15:00,100.0,0.0,2016-11-07T21:30:00Z,2016-11-08T03:00:00+05:30,2016-11-07T21:45:00Z,2016-11-08T03:15:00+05:30
356.0,,,False,2,pm25,µg/m³,,raw,01:00:00,2016-11-07T21:00:00Z,2016-11-08T02:30:00+05:30,2016-11-07T22:00:00Z,2016-11-08T03:30:00+05:30,1,01:00:00,1,00:15:00,100.0,0.0,2016-11-07T21:45:00Z,2016-11-08T03:15:00+05:30,2016-11-07T22:00:00Z,2016-11-08T03:30:00+05:30
333.0,,,False,2,pm25,µg/m³,,raw,01:00:00,2016-11-07T21:15:00Z,2016-11-08T02:45:00+05:30,2016-11-07T22:15:00Z,2016-11-08T03:45:00+05:30,1,01:00:00,1,00:15:00,100.0,0.0,2016-11-07T22:00:00Z,2016-11-08T03:30:00+05:30,2016-11-07T22:15:00Z,2016-11-08T03:45:00+05:30
315.0,,,False,2,pm25,µg/m³,,raw,01:00:00,2016-11-07T21:30:00Z,2016-11-08T03:00:00+05:30,2016-11-07T22:30:00Z,2016-11-08T04:00:00+05:30,1,01:00:00,1,00:15:00,100.0,0.0,2016-11-07T22:15:00Z,2016-11-08T03:45:00+05:30,2016-11-07T22:30:00Z,2016-11-08T04:00:00+05:30
307.0,,,False,2,pm25,µg/m³,,raw,01:00:00,2016-11-07T21:45:00Z,2016-11-08T03:15:00+05:30,2016-11-07T22:45:00Z,2016-11-08T04:15:00+05:30,1,01:00:00,1,00:15:00,100.0,0.0,2016-11-07T22:30:00Z,2016-11-08T04:00:00+05:30,2016-11-07T22:45:00Z,2016-11-08T04:15:00+05:30
304.0,,,False,2,pm25,µg/m³,,raw,01:00:00,2016-11-07T22:00:00Z,2016-11-08T03:30:00+05:30,2016-11-07T23:00:00Z,2016-11-08T04:30:00+05:30,1,01:00:00,1,00:15:00,100.0,0.0,2016-11-07T22:45:00Z,2016-11-08T04:15:00+05:30,2016-11-07T23:00:00Z,2016-11-08T04:30:00+05:30
301.0,,,False,2,pm25,µg/m³,,raw,01:00:00,2016-11-07T22:15:00Z,2016-11-08T03:45:00+05:30,2016-11-07T23:15:00Z,2016-11-08T04:45:00+05:30,1,01:00:00,1,00:15:00,100.0,0.0,2016-11-07T23:00:00Z,2016-11-08T04:30:00+05:30,2016-11-07T23:15:00Z,2016-11-08T04:45:00+05:30
293.0,,,False,2,pm25,µg/m³,,raw,01:00:00,2016-11-07T22:30:00Z,2016-11-08T04:00:00+05:30,2016-11-07T23:30:00Z,2016-11-08T05:00:00+05:30,1,01:00:00,1,00:15:00,100.0,0.0,2016-11-07T23:15:00Z,2016-11-08T04:45:00+05:30,2016-11-07T23:30:00Z,2016-11-08T05:00:00+05:30
279.0,,,False,2,pm25,µg/m³,,raw,01:00:00,2016-11-07T22:45:00Z,2016-11-08T04:15:00+05:30,2016-11-07T23:45:00Z,2016-11-08T05:15:00+05:30,1,01:00:00,1,00:15:00,100.0,0.0,2016-11-07T23:30:00Z,2016-11-08T05:00:00+05:30,2016-11-07T23:45:00Z,2016-11-08T05:15:00+05:30
265.0,,,False,2,pm25,µg/m³,,raw,01:00:00,2016-11-07T23:00:00Z,2016-11-08T04:30:00+05:30,2016-11-08T00:00:00Z,2016-11-08T05:30:00+05:30,1,01:00:00,1,00:15:00,100.0,0.0,2016-11-07T23:45:00Z,2016-11-08T05:15:00+05:30,2016-11-08T00:00:00Z,2016-11-08T05:30:00+05:30
254.0,,,False,2,pm25,µg/m³,,raw,01:00:00,2016-11-07T23:15:00Z,2016-11-08T04:45:00+05:30,2016-11-08T00:15:00Z,2016-11-08T05:45:00+05:30,1,01:00:00,1,00:15:00,100.0,0.0,2016-11-08T00:00:00Z,2016-11-08T05:30:00+05:30,2016-11-08T00:15:00Z,2016-11-08T05:45:00+05:30
245.0,,,False,2,pm25,µg/m³,,raw,01:00:00,2016-11-07T23:30:00Z,2016-11-08T05:00:00+05:30,2016-11-08T00:30:00Z,2016-11-08T06:00:00+05:30,1,01:00:00,1,00:15:00,100.0,0.0,2016-11-08T00:15:00Z,2016-11-08T05:45:00+05:30,2016-11-08T00:30:00Z,2016-11-08T06:00:00+05:30
240.0,,,False,2,pm25,µg/m³,,raw,01:00:00,2016-11-07T23:45:00Z,2016-11-08T05:15:00+05:30,2016-11-08T00:45:00Z,2016-11-08T06:15:00+05:30,1,01:00:00,1,00:15:00,100.0,0.0,2016-11-08T00:30:00Z,2016-11-08T06:00:00+05:30,2016-11-08T00:45:00Z,2016-11-08T06:15:00+05:30
235.0,,,False,2,pm25,µg/m³,,raw,01:00:00,2016-11-08T00:00:00Z,2016-11-08T05:30:00+05:30,2016-11-08T01:00:00Z,2016-11-08T06:30:00+05:30,1,01:00:00,1,00:15:00,100.0,0.0,2016-11-08T00:45:00Z,2016-11-08T06:15:00+05:30,2016-11-08T01:00:00Z,2016-11-08T06:30:00+05:30
230.0,,,False,2,pm25,µg/m³,,raw,01:00:00,2016-11-08T00:15:00Z,2016-11-08T05:45:00+05:30,2016-11-08T01:15:00Z,2016-11-08T06:45:00+05:30,1,01:00:00,1,00:15:00,100.0,0.0,2016-11-08T01:00:00Z,2016-11-08T06:30:00+05:30,2016-11-08T01:15:00Z,2016-11-08T06:45:00+05:30
226.0,,,False,2,pm25,µg/m³,,raw,01:00:00,2016-11-08T00:30:00Z,2016-11-08T06:00:00+05:30,2016-11-08T01:30:00Z,2016-11-08T07:00:00+05:30,1,01:00:00,1,00:15:00,100.0,0.0,2016-11-08T01:15:00Z,2016-11-08T06:45:00+05:30,2016-11-08T01:30:00Z,2016-11-08T07:00:00+05:30
222.0,,,False,2,pm25,µg/m³,,raw,01:00:00,2016-11-08T00:45:00Z,2016-11-08T06:15:00+05:30,2016-11-08T01:45:00Z,2016-11-08T07:15:00+05:30,1,01:00:00,1,00:15:00,100.0,0.0,2016-11-08T01:30:00Z,2016-11-08T07:00:00+05:30,2016-11-08T01:45:00Z,2016-11-08T07:15:00+05:30
220.0,,,False,2,pm25,µg/m³,,raw,01:00:00,2016-11-08T01:00:00Z,2016-11-08T06:30:00+05:30,2016-11-08T02:00:00Z,2016-11-08T07:30:00+05:30,1,01:00:00,1,00:15:00,100.0,0.0,2016-11-08T01:45:00Z,2016-11-08T07:15:00+05:30,2016-11-08T02:00:00Z,2016-11-08T07:30:00+05:30
220.0,,,False,2,pm25,µg/m³,,raw,01:00:00,2016-11-08T01:15:00Z,2016-11-08T06:45:00+05:30,2016-11-08T02:15:00Z,2016-11-08T07:45:00+05:30,1,01:00:00,1,00:15:00,100.0,0.0,2016-11-08T02:00:00Z,2016-11-08T07:30:00+05:30,2016-11-08T02:15:00Z,2016-11-08T07:45:00+05:30
221.0,,,False,2,pm25,µg/m³,,raw,01:00:00,2016-11-08T01:30:00Z,2016-11-08T07:00:00+05:30,2016-11-08T02:30:00Z,2016-11-08T08:00:00+05:30,1,01:00:00,1,00:15:00,100.0,0.0,2016-11-08T02:15:00Z,2016-11-08T07:45:00+05:30,2016-11-08T02:30:00Z,2016-11-08T08:00:00+05:30
221.0,,,False,2,pm25,µg/m³,,raw,01:00:00,2016-11-08T01:45:00Z,2016-11-08T07:15:00+05:30,2016-11-08T02:45:00Z,2016-11-08T08:15:00+05:30,1,01:00:00,1,00:15:00,100.0,0.0,2016-11-08T02:30:00Z,2016-11-08T08:00:00+05:30,2016-11-08T02:45:00Z,2016-11-08T08:15:00+05:30
221.0,,,False,2,pm25,µg/m³,,raw,01:00:00,2016-11-08T02:00:00Z,2016-11-08T07:30:00+05:30,2016-11-08T03:00:00Z,2016-11-08T08:30:00+05:30,1,01:00:00,1,00:15:00,100.0,0.0,2016-11-08T02:45:00Z,2016-11-08T08:15:00+05:30,2016-11-08T03:00:00Z,2016-11-08T08:30:00+05:30
221.0,,,False,2,pm25,µg/m³,,raw,01:00:00,2016-11-08T02:15:00Z,2016-11-08T07:45:00+05:30,2016-11-08T03:15:00Z,2016-11-08T08:45:00+05:30,1,01:00:00,1,00:15:00,100.0,0.0,2016-11-08T03:00:00Z,2016-11-08T08:30:00+05:30,2016-11-08T03:15:00Z,2016-11-08T08:45:00+05:30
221.0,,,False,2,pm25,µg/m³,,raw,01:00:00,2016-11-08T02:30:00Z,2016-11-08T08:00:00+05:30,2016-11-08T03:30:00Z,2016-11-08T09:00:00+05:30,1,01:00:00,1,00:15:00,100.0,0.0,2016-11-08T03:15:00Z,2016-11-08T08:45:00+05:30,2016-11-08T03:30:00Z,2016-11-08T09:00:00+05:30
223.0,,,False,2,pm25,µg/m³,,raw,01:00:00,2016-11-08T02:45:00Z,2016-11-08T08:15:00+05:30,2016-11-08T03:45:00Z,2016-11-08T09:15:00+05:30,1,01:00:00,1,00:15:00,100.0,0.0,2016-11-08T03:30:00Z,2016-11-08T09:00:00+05:30,2016-11-08T03:45:00Z,2016-11-08T09:15:00+05:30
219.0,,,False,2,pm25,µg/m³,,raw,01:00:00,2016-11-08T03:00:00Z,2016-11-08T08:30:00+05:30,2016-11-08T04:00:00Z,2016-11-08T09:30:00+05:30,1,01:00:00,1,00:15:00,100.0,0.0,2016-11-08T03:45:00Z,2016-11-08T09:15:00+05:30,2016-11-08T04:00:00Z,2016-11-08T09:30:00+05:30
216.0,,,False,2,pm25,µg/m³,,raw,01:00:00,2016-11-08T03:15:00Z,2016-11-08T08:45:00+05:30,2016-11-08T04:15:00Z,2016-11-08T09:45:00+05:30,1,01:00:00,1,00:15:00,100.0,0.0,2016-11-08T04:00:00Z,2016-11-08T09:30:00+05:30,2016-11-08T04:15:00Z,2016-11-08T09:45:00+05:30
212.0,,,False,2,pm25,µg/m³,,raw,01:00:00,2016-11-08T03:30:00Z,2016-11-08T09:00:00+05:30,2016-11-08T04:30:00Z,2016-11-08T10:00:00+05:30,1,01:00:00,1,00:15:00,100.0,0.0,2016-11-08T04:15:00Z,2016-11-08T09:45:00+05:30,2016-11-08T04:30:00Z,2016-11-08T10:00:00+05:30
208.0,,,False,2,pm25,µg/m³,,raw,01:00:00,2016-11-08T03:45:00Z,2016-11-08T09:15:00+05:30,2016-11-08T04:45:00Z,2016-11-08T10:15:00+05:30,1,01:00:00,1,00:15:00,100.0,0.0,2016-11-08T04:30:00Z,2016-11-08T10:00:00+05:30,2016-11-08T04:45:00Z,2016-11-08T10:15:00+05:30
207.0,,,False,2,pm25,µg/m³,,raw,01:00:00,2016-11-08T04:00:00Z,2016-11-08T09:30:00+05:30,2016-11-08T05:00:00Z,2016-11-08T10:30:00+05:30,1,01:00:00,1,00:15:00,100.0,0.0,2016-11-08T04:45:00Z,2016-11-08T10:15:00+05:30,2016-11-08T05:00:00Z,2016-11-08T10:30:00+05:30
203.0,,,False,2,pm25,µg/m³,,raw,01:00:00,2016-11-08T04:15:00Z,2016-11-08T09:45:00+05:30,2016-11-08T05:15:00Z,2016-11-08T10:45:00+05:30,1,01:00:00,1,00:15:00,100.0,0.0,2016-11-08T05:00:00Z,2016-11-08T10:30:00+05:30,2016-11-08T05:15:00Z,2016-11-08T10:45:00+05:30
198.0,,,False,2,pm25,µg/m³,,raw,01:00:00,2016-11-08T04:30:00Z,2016-11-08T10:00:00+05:30,2016-11-08T05:30:00Z,2016-11-08T11:00:00+05:30,1,01:00:00,1,00:15:00,100.0,0.0,2016-11-08T05:15:00Z,2016-11-08T10:45:00+05:30,2016-11-08T05:30:00Z,2016-11-08T11:00:00+05:30
192.0,,,False,2,pm25,µg/m³,,raw,01:00:00,2016-11-08T04:45:00Z,2016-11-08T10:15:00+05:30,2016-11-08T05:45:00Z,2016-11-08T11:15:00+05:30,1,01:00:00,1,00:15:00,100.0,0.0,2016-11-08T05:30:00Z,2016-11-08T11:00:00+05:30,2016-11-08T05:45:00Z,2016-11-08T11:15:00+05:30
186.0,,,False,2,pm25,µg/m³,,raw,01:00:00,2016-11-08T05:00:00Z,2016-11-08T10:30:00+05:30,2016-11-08T06:00:00Z,2016-11-08T11:30:00+05:30,1,01:00:00,1,00:15:00,100.0,0.0,2016-11-08T05:45:00Z,2016-11-08T11:15:00+05:30,2016-11-08T06:00:00Z,2016-11-08T11:30:00+05:30
183.0,,,False,2,pm25,µg/m³,,raw,01:00:00,2016-11-08T05:15:00Z,2016-11-08T10:45:00+05:30,2016-11-08T06:15:00Z,2016-11-08T11:45:00+05:30,1,01:00:00,1,00:15:00,100.0,0.0,2016-11-08T06:00:00Z,2016-11-08T11:30:00+05:30,2016-11-08T06:15:00Z,2016-11-08T11:45:00+05:30
179.0,,,False,2,pm25,µg/m³,,raw,01:00:00,2016-11-08T05:30:00Z,2016-11-08T11:00:00+05:30,2016-11-08T06:30:00Z,2016-11-08T12:00:00+05:30,1,01:00:00,1,00:15:00,100.0,0.0,2016-11-08T06:15:00Z,2016-11-08T11:45:00+05:30,2016-11-08T06:30:00Z,2016-11-08T12:00:00+05:30
178.0,,,False,2,pm25,µg/m³,,raw,01:00:00,2016-11-08T05:45:00Z,2016-11-08T11:15:00+05:30,2016-11-08T06:45:00Z,2016-11-08T12:15:00+05:30,1,01:00:00,1,00:15:00,100.0,0.0,2016-11-08T06:30:00Z,2016-11-08T12:00:00+05:30,2016-11-08T06:45:00Z,2016-11-08T12:15:00+05:30
171.0,,,False,2,pm25,µg/m³,,raw,01:00:00,2016-11-08T06:00:00Z,2016-11-08T11:30:00+05:30,2016-11-08T07:00:00Z,2016-11-08T12:30:00+05:30,1,01:00:00,1,00:15:00,100.0,0.0,2016-11-08T06:45:00Z,2016-11-08T12:15:00+05:30,2016-11-08T07:00:00Z,2016-11-08T12:30:00+05:30
158.0,,,False,2,pm25,µg/m³,,raw,01:00:00,2016-11-08T06:15:00Z,2016-11-08T11:45:00+05:30,2016-11-08T07:15:00Z,2016-11-08T12:45:00+05:30,1,01:00:00,1,00:15:00,100.0,0.0,2016-11-08T07:00:00Z,2016-11-08T12:30:00+05:30,2016-11-08T07:15:00Z,2016-11-08T12:45:00+05:30
142.0,,,False,2,pm25,µg/m³,,raw,01:00:00,2016-11-08T06:45:00Z,2016-11-08T12:15:00+05:30,2016-11-08T07:45:00Z,2016-11-08T13:15:00+05:30,1,01:00:00,1,00:15:00,100.0,0.0,2016-11-08T07:30:00Z,2016-11-08T13:00:00+05:30,2016-11-08T07:45:00Z,2016-11-08T13:15:00+05:30
132.0,,,False,2,pm25,µg/m³,,raw,01:00:00,2016-11-08T07:00:00Z,2016-11-08T12:30:00+05:30,2016-11-08T08:00:00Z,2016-11-08T13:30:00+05:30,1,01:00:00,1,00:15:00,100.0,0.0,2016-11-08T07:45:00Z,2016-11-08T13:15:00+05:30,2016-11-08T08:00:00Z,2016-11-08T13:30:00+05:30
124.0,,,False,2,pm25,µg/m³,,raw,01:00:00,2016-11-08T07:15:00Z,2016-11-08T12:45:00+05:30,2016-11-08T08:15:00Z,2016-11-08T13:45:00+05:30,1,01:00:00,1,00:15:00,100.0,0.0,2016-11-08T08:00:00Z,2016-11-08T13:30:00+05:30,2016-11-08T08:15:00Z,2016-11-08T13:45:00+05:30
107.0,,,False,2,pm25,µg/m³,,raw,01:00:00,2016-11-08T07:30:00Z,2016-11-08T13:00:00+05:30,2016-11-08T08:30:00Z,2016-11-08T14:00:00+05:30,1,01:00:00,1,00:15:00,100.0,0.0,2016-11-08T08:15:00Z,2016-11-08T13:45:00+05:30,2016-11-08T08:30:00Z,2016-11-08T14:00:00+05:30
99.0,,,False,2,pm25,µg/m³,,raw,01:00:00,2016-11-08T07:45:00Z,2016-11-08T13:15:00+05:30,2016-11-08T08:45:00Z,2016-11-08T14:15:00+05:30,1,01:00:00,1,00:15:00,100.0,0.0,2016-11-08T08:30:00Z,2016-11-08T14:00:00+05:30,2016-11-08T08:45:00Z,2016-11-08T14:15:00+05:30
97.0,,,False,2,pm25,µg/m³,,raw,01:00:00,2016-11-08T08:00:00Z,2016-11-08T13:30:00+05:30,2016-11-08T09:00:00Z,2016-11-08T14:30:00+05:30,1,01:00:00,1,00:15:00,100.0,0.0,2016-11-08T08:45:00Z,2016-11-08T14:15:00+05:30,2016-11-08T09:00:00Z,2016-11-08T14:30:00+05:30
93.0,,,False,2,pm25,µg/m³,,raw,01:00:00,2016-11-08T08:15:00Z,2016-11-08T13:45:00+05:30,2016-11-08T09:15:00Z,2016-11-08T14:45:00+05:30,1,01:00:00,1,00:15:00,100.0,0.0,2016-11-08T09:00:00Z,2016-11-08T14:30:00+05:30,2016-11-08T09:15:00Z,2016-11-08T14:45:00+05:30
100.0,,,False,2,pm25,µg/m³,,raw,01:00:00,2016-11-08T08:30:00Z,2016-11-08T14:00:00+05:30,2016-11-08T09:30:00Z,2016-11-08T15:00:00+05:30,1,01:00:00,1,00:15:00,100.0,0.0,2016-11-08T09:15:00Z,2016-11-08T14:45:00+05:30,2016-11-08T09:30:00Z,2016-11-08T15:00:00+05:30
99.0,,,False,2,pm25,µg/m³,,raw,01:00:00,2016-11-08T08:45:00Z,2016-11-08T14:15:00+05:30,2016-11-08T09:45:00Z,2016-11-08T15:15:00+05:30,1,01:00:00,1,00:15:00,100.0,0.0,2016-11-08T09:30:00Z,2016-11-08T15:00:00+05:30,2016-11-08T09:45:00Z,2016-11-08T15:15:00+05:30
92.0,,,False,2,pm25,µg/m³,,raw,01:00:00,2016-11-08T09:00:00Z,2016-11-08T14:30:00+05:30,2016-11-08T10:00:00Z,2016-11-08T15:30:00+05:30,1,01:00:00,1,00:15:00,100.0,0.0,2016-11-08T09:45:00Z,2016-11-08T15:15:00+05:30,2016-11-08T10:00:00Z,2016-11-08T15:30:00+05:30
92.0,,,False,2,pm25,µg/m³,,raw,01:00:00,2016-11-08T09:15:00Z,2016-11-08T14:45:00+05:30,2016-11-08T10:15:00Z,2016-11-08T15:45:00+05:30,1,01:00:00,1,00:15:00,100.0,0.0,2016-11-08T10:00:00Z,2016-11-08T15:30:00+05:30,2016-11-08T10:15:00Z,2016-11-08T15:45:00+05:30
87.0,,,False,2,pm25,µg/m³,,raw,01:00:00,2016-11-08T09:30:00Z,2016-11-08T15:00:00+05:30,2016-11-08T10:30:00Z,2016-11-08T16:00:00+05:30,1,01:00:00,1,00:15:00,100.0,0.0,2016-11-08T10:15:00Z,2016-11-08T15:45:00+05:30,2016-11-08T10:30:00Z,2016-11-08T16:00:00+05:30
80.0,,,False,2,pm25,µg/m³,,raw,01:00:00,2016-11-08T09:45:00Z,2016-11-08T15:15:00+05:30,2016-11-08T10:45:00Z,2016-11-08T16:15:00+05:30,1,01:00:00,1,00:15:00,100.0,0.0,2016-11-08T10:30:00Z,2016-11-08T16:00:00+05:30,2016-11-08T10:45:00Z,2016-11-08T16:15:00+05:30
82.0,,,False,2,pm25,µg/m³,,raw,01:00:00,2016-11-08T10:00:00Z,2016-11-08T15:30:00+05:30,2016-11-08T11:00:00Z,2016-11-08T16:30:00+05:30,1,01:00:00,1,00:15:00,100.0,0.0,2016-11-08T10:45:00Z,2016-11-08T16:15:00+05:30,2016-11-08T11:00:00Z,2016-11-08T16:30:00+05:30
86.0,,,False,2,pm25,µg/m³,,raw,01:00:00,2016-11-08T10:15:00Z,2016-11-08T15:45:00+05:30,2016-11-08T11:15:00Z,2016-11-08T16:45:00+05:30,1,01:00:00,1,00:15:00,100.0,0.0,2016-11-08T11:00:00Z,2016-11-08T16:30:00+05:30,2016-11-08T11:15:00Z,2016-11-08T16:45:00+05:30
91.0,,,False,2,pm25,µg/m³,,raw,01:00:00,2016-11-08T10:30:00Z,2016-11-08T16:00:00+05:30,2016-11-08T11:30:00Z,2016-11-08T17:00:00+05:30,1,01:00:00,1,00:15:00,100.0,0.0,2016-11-08T11:15:00Z,2016-11-08T16:45:00+05:30,2016-11-08T11:30:00Z,2016-11-08T17:00:00+05:30
97.0,,,False,2,pm25,µg/m³,,raw,01:00:00,2016-11-08T10:45:00Z,2016-11-08T16:15:00+05:30,2016-11-08T11:45:00Z,2016-11-08T17:15:00+05:30,1,01:00:00,1,00:15:00,100.0,0.0,2016-11-08T11:30:00Z,2016-11-08T17:00:00+05:30,2016-11-08T11:45:00Z,2016-11-08T17:15:00+05:30
102.0,,,False,2,pm25,µg/m³,,raw,01:00:00,2016-11-08T11:00:00Z,2016-11-08T16:30:00+05:30,2016-11-08T12:00:00Z,2016-11-08T17:30:00+05:30,1,01:00:00,1,00:15:00,100.0,0.0,2016-11-08T11:45:00Z,2016-11-08T17:15:00+05:30,2016-11-08T12:00:00Z,2016-11-08T17:30:00+05:30
101.0,,,False,2,pm25,µg/m³,,raw,01:00:00,2016-11-08T11:15:00Z,2016-11-08T16:45:00+05:30,2016-11-08T12:15:00Z,2016-11-08T17:45:00+05:30,1,01:00:00,1,00:15:00,100.0,0.0,2016-11-08T12:00:00Z,2016-11-08T17:30:00+05:30,2016-11-08T12:15:00Z,2016-11-08T17:45:00+05:30
100.0,,,False,2,pm25,µg/m³,,raw,01:00:00,2016-11-08T11:30:00Z,2016-11-08T17:00:00+05:30,2016-11-08T12:30:00Z,2016-11-08T18:00:00+05:30,1,01:00:00,1,00:15:00,100.0,0.0,2016-11-08T12:15:00Z,2016-11-08T17:45:00+05:30,2016-11-08T12:30:00Z,2016-11-08T18:00:00+05:30
103.0,,,False,2,pm25,µg/m³,,raw,01:00:00,2016-11-08T11:45:00Z,2016-11-08T17:15:00+05:30,2016-11-08T12:45:00Z,2016-11-08T18:15:00+05:30,1,01:00:00,1,00:15:00,100.0,0.0,2016-11-08T12:30:00Z,2016-11-08T18:00:00+05:30,2016-11-08T12:45:00Z,2016-11-08T18:15:00+05:30
104.0,,,False,2,pm25,µg/m³,,raw,01:00:00,2016-11-08T12:00:00Z,2016-11-08T17:30:00+05:30,2016-11-08T13:00:00Z,2016-11-08T18:30:00+05:30,1,01:00:00,1,00:15:00,100.0,0.0,2016-11-08T12:45:00Z,2016-11-08T18:15:00+05:30,2016-11-08T13:00:00Z,2016-11-08T18:30:00+05:30
108.0,,,False,2,pm25,µg/m³,,raw,01:00:00,2016-11-08T12:15:00Z,2016-11-08T17:45:00+05:30,2016-11-08T13:15:00Z,2016-11-08T18:45:00+05:30,1,01:00:00,1,00:15:00,100.0,0.0,2016-11-08T13:00:00Z,2016-11-08T18:30:00+05:30,2016-11-08T13:15:00Z,2016-11-08T18:45:00+05:30
114.0,,,False,2,pm25,µg/m³,,raw,01:00:00,2016-11-08T12:30:00Z,2016-11-08T18:00:00+05:30,2016-11-08T13:30:00Z,2016-11-08T19:00:00+05:30,1,01:00:00,1,00:15:00,100.0,0.0,2016-11-08T13:15:00Z,2016-11-08T18:45:00+05:30,2016-11-08T13:30:00Z,2016-11-08T19:00:00+05:30
119.0,,,False,2,pm25,µg/m³,,raw,01:00:00,2016-11-08T12:45:00Z,2016-11-08T18:15:00+05:30,2016-11-08T13:45:00Z,2016-11-08T19:15:00+05:30,1,01:00:00,1,00:15:00,100.0,0.0,2016-11-08T13:30:00Z,2016-11-08T19:00:00+05:30,2016-11-08T13:45:00Z,2016-11-08T19:15:00+05:30
125.0,,,False,2,pm25,µg/m³,,raw,01:00:00,2016-11-08T13:00:00Z,2016-11-08T18:30:00+05:30,2016-11-08T14:00:00Z,2016-11-08T19:30:00+05:30,1,01:00:00,1,00:15:00,100.0,0.0,2016-11-08T13:45:00Z,2016-11-08T19:15:00+05:30,2016-11-08T14:00:00Z,2016-11-08T19:30:00+05:30
131.0,,,False,2,pm25,µg/m³,,raw,01:00:00,2016-11-08T13:15:00Z,2016-11-08T18:45:00+05:30,2016-11-08T14:15:00Z,2016-11-08T19:45:00+05:30,1,01:00:00,1,00:15:00,100.0,0.0,2016-11-08T14:00:00Z,2016-11-08T19:30:00+05:30,2016-11-08T14:15:00Z,2016-11-08T19:45:00+05:30
134.0,,,False,2,pm25,µg/m³,,raw,01:00:00,2016-11-08T13:30:00Z,2016-11-08T19:00:00+05:30,2016-11-08T14:30:00Z,2016-11-08T20:00:00+05:30,1,01:00:00,1,00:15:00,100.0,0.0,2016-11-08T14:15:00Z,2016-11-08T19:45:00+05:30,2016-11-08T14:30:00Z,2016-11-08T20:00:00+05:30
139.0,,,False,2,pm25,µg/m³,,raw,01:00:00,2016-11-08T13:45:00Z,2016-11-08T19:15:00+05:30,2016-11-08T14:45:00Z,2016-11-08T20:15:00+05:30,1,01:00:00,1,00:15:00,100.0,0.0,2016-11-08T14:30:00Z,2016-11-08T20:00:00+05:30,2016-11-08T14:45:00Z,2016-11-08T20:15:00+05:30
144.0,,,False,2,pm25,µg/m³,,raw,01:00:00,2016-11-08T14:00:00Z,2016-11-08T19:30:00+05:30,2016-11-08T15:00:00Z,2016-11-08T20:30:00+05:30,1,01:00:00,1,00:15:00,100.0,0.0,2016-11-08T14:45:00Z,2016-11-08T20:15:00+05:30,2016-11-08T15:00:00Z,2016-11-08T20:30:00+05:30
149.0,,,False,2,pm25,µg/m³,,raw,01:00:00,2016-11-08T14:15:00Z,2016-11-08T19:45:00+05:30,2016-11-08T15:15:00Z,2016-11-08T20:45:00+05:30,1,01:00:00,1,00:15:00,100.0,0.0,2016-11-08T15:00:00Z,2016-11-08T20:30:00+05:30,2016-11-08T15:15:00Z,2016-11-08T20:45:00+05:30
154.0,,,False,2,pm25,µg/m³,,raw,01:00:00,2016-11-08T14:30:00Z,2016-11-08T20:00:00+05:30,2016-11-08T15:30:00Z,2016-11-08T21:00:00+05:30,1,01:00:00,1,00:15:00,100.0,0.0,2016-11-08T15:15:00Z,2016-11-08T20:45:00+05:30,2016-11-08T15:30:00Z,2016-11-08T21:00:00+05:30
159.0,,,False,2,pm25,µg/m³,,raw,01:00:00,2016-11-08T14:45:00Z,2016-11-08T20:15:00+05:30,2016-11-08T15:45:00Z,2016-11-08T21:15:00+05:30,1,01:00:00,1,00:15:00,100.0,0.0,2016-11-08T15:30:00Z,2016-11-08T21:00:00+05:30,2016-11-08T15:45:00Z,2016-11-08T21:15:00+05:30
164.0,,,False,2,pm25,µg/m³,,raw,01:00:00,2016-11-08T15:00:00Z,2016-11-08T20:30:00+05:30,2016-11-08T16:00:00Z,2016-11-08T21:30:00+05:30,1,01:00:00,1,00:15:00,100.0,0.0,2016-11-08T15:45:00Z,2016-11-08T21:15:00+05:30,2016-11-08T16:00:00Z,2016-11-08T21:30:00+05:30
168.0,,,False,2,pm25,µg/m³,,raw,01:00:00,2016-11-08T15:15:00Z,2016-11-08T20:45:00+05:30,2016-11-08T16:15:00Z,2016-11-08T21:45:00+05:30,1,01:00:00,1,00:15:00,100.0,0.0,2016-11-08T16:00:00Z,2016-11-08T21:30:00+05:30,2016-11-08T16:15:00Z,2016-11-08T21:45:00+05:30
172.0,,,False,2,pm25,µg/m³,,raw,01:00:00,2016-11-08T15:30:00Z,2016-11-08T21:00:00+05:30,2016-11-08T16:30:00Z,2016-11-08T22:00:00+05:30,1,01:00:00,1,00:15:00,100.0,0.0,2016-11-08T16:15:00Z,2016-11-08T21:45:00+05:30,2016-11-08T16:30:00Z,2016-11-08T22:00:00+05:30
174.0,,,False,2,pm25,µg/m³,,raw,01:00:00,2016-11-08T15:45:00Z,2016-11-08T21:15:00+05:30,2016-11-08T16:45:00Z,2016-11-08T22:15:00+05:30,1,01:00:00,1,00:15:00,100.0,0.0,2016-11-08T16:30:00Z,2016-11-08T22:00:00+05:30,2016-11-08T16:45:00Z,2016-11-08T22:15:00+05:30
178.0,,,False,2,pm25,µg/m³,,raw,01:00:00,2016-11-08T16:00:00Z,2016-11-08T21:30:00+05:30,2016-11-08T17:00:00Z,2016-11-08T22:30:00+05:30,1,01:00:00,1,00:15:00,100.0,0.0,2016-11-08T16:45:00Z,2016-11-08T22:15:00+05:30,2016-11-08T17:00:00Z,2016-11-08T22:30:00+05:30
186.0,,,False,2,pm25,µg/m³,,raw,01:00:00,2016-11-08T16:15:00Z,2016-11-08T21:45:00+05:30,2016-11-08T17:15:00Z,2016-11-08T22:45:00+05:30,1,01:00:00,1,00:15:00,100.0,0.0,2016-11-08T17:00:00Z,2016-11-08T22:30:00+05:30,2016-11-08T17:15:00Z,2016-11-08T22:45:00+05:30
195.0,,,False,2,pm25,µg/m³,,raw,01:00:00,2016-11-08T16:30:00Z,2016-11-08T22:00:00+05:30,2016-11-08T17:30:00Z,2016-11-08T23:00:00+05:30,1,01:00:00,1,00:15:00,100.0,0.0,2016-11-08T17:15:00Z,2016-11-08T22:45:00+05:30,2016-11-08T17:30:00Z,2016-11-08T23:00:00+05:30
205.0,,,False,2,pm25,µg/m³,,raw,01:00:00,2016-11-08T16:45:00Z,2016-11-08T22:15:00+05:30,2016-11-08T17:45:00Z,2016-11-08T23:15:00+05:30,1,01:00:00,1,00:15:00,100.0,0.0,2016-11-08T17:30:00Z,2016-11-08T23:00:00+05:30,2016-11-08T17:45:00Z,2016-11-08T23:15:00+05:30
213.0,,,False,2,pm25,µg/m³,,raw,01:00:00,2016-11-08T17:00:00Z,2016-11-08T22:30:00+05:30,2016-11-08T18:00:00Z,2016-11-08T23:30:00+05:30,1,01:00:00,1,00:15:00,100.0,0.0,2016-11-08T17:45:00Z,2016-11-08T23:15:00+05:30,2016-11-08T18:00:00Z,2016-11-08T23:30:00+05:30
220.0,,,False,2,pm25,µg/m³,,raw,01:00:00,2016-11-08T17:15:00Z,2016-11-08T22:45:00+05:30,2016-11-08T18:15:00Z,2016-11-08T23:45:00+05:30,1,01:00:00,1,00:15:00,100.0,0.0,2016-11-08T18:00:00Z,2016-11-08T23:30:00+05:30,2016-11-08T18:15:00Z,2016-11-08T23:45:00+05:30
177.0,,,False,2,pm25,µg/m³,,raw,01:00:00,2016-11-08T17:30:00Z,2016-11-08T23:00:00+05:30,2016-11-08T18:30:00Z,2016-11-09T00:00:00+05:30,1,01:00:00,1,00:15:00,100.0,0.0,2016-11-08T18:15:00Z,2016-11-08T23:45:00+05:30,2016-11-08T18:30:00Z,2016-11-09T00:00:00+05:30
231.0,,,False,2,pm25,µg/m³,,raw,01:00:00,2016-11-08T17:45:00Z,2016-11-08T23:15:00+05:30,2016-11-08T18:45:00Z,2016-11-09T00:15:00+05:30,1,01:00:00,1,00:15:00,100.0,0.0,2016-11-08T18:30:00Z,2016-11-09T00:00:00+05:30,2016-11-08T18:45:00Z,2016-11-09T00:15:00+05:30
234.0,,,False,2,pm25,µg/m³,,raw,01:00:00,2016-11-08T18:00:00Z,2016-11-08T23:30:00+05:30,2016-11-08T19:00:00Z,2016-11-09T00:30:00+05:30,1,01:00:00,1,00:15:00,100.0,0.0,2016-11-08T18:45:00Z,2016-11-09T00:15:00+05:30,2016-11-08T19:00:00Z,2016-11-09T00:30:00+05:30
233.0,,,False,2,pm25,µg/m³,,raw,01:00:00,2016-11-08T18:15:00Z,2016-11-08T23:45:00+05:30,2016-11-08T19:15:00Z,2016-11-09T00:45:00+05:30,1,01:00:00,1,00:15:00,100.0,0.0,2016-11-08T19:00:00Z,2016-11-09T00:30:00+05:30,2016-11-08T19:15:00Z,2016-11-09T00:45:00+05:30
231.0,,,False,2,pm25,µg/m³,,raw,01:00:00,2016-11-08T18:30:00Z,2016-11-09T00:00:00+05:30,2016-11-08T19:30:00Z,2016-11-09T01:00:00+05:30,1,01:00:00,1,00:15:00,100.0,0.0,2016-11-08T19:15:00Z,2016-11-09T00:45:00+05:30,2016-11-08T19:30:00Z,2016-11-09T01:00:00+05:30
232.0,,,False,2,pm25,µg/m³,,raw,01:00:00,2016-11-08T18:45:00Z,2016-11-09T00:15:00+05:30,2016-11-08T19:45:00Z,2016-11-09T01:15:00+05:30,1,01:00:00,1,00:15:00,100.0,0.0,2016-11-08T19:30:00Z,2016-11-09T01:00:00+05:30,2016-11-08T19:45:00Z,2016-11-09T01:15:00+05:30
231.0,,,False,2,pm25,µg/m³,,raw,01:00:00,2016-11-08T19:00:00Z,2016-11-09T00:30:00+05:30,2016-11-08T20:00:00Z,2016-11-09T01:30:00+05:30,1,01:00:00,1,00:15:00,100.0,0.0,2016-11-08T19:45:00Z,2016-11-09T01:15:00+05:30,2016-11-08T20:00:00Z,2016-11-09T01:30:00+05:30
232.0,,,False,2,pm25,µg/m³,,raw,01:00:00,2016-11-08T19:15:00Z,2016-11-09T00:45:00+05:30,2016-11-08T20:15:00Z,2016-11-09T01:45:00+05:30,1,01:00:00,1,00:15:00,100.0,0.0,2016-11-08T20:00:00Z,2016-11-09T01:30:00+05:30,2016-11-08T20:15:00Z,2016-11-09T01:45:00+05:30
231.0,,,False,2,pm25,µg/m³,,raw,01:00:00,2016-11-08T19:30:00Z,2016-11-09T01:00:00+05:30,2016-11-08T20:30:00Z,2016-11-09T02:00:00+05:30,1,01:00:00,1,00:15:00,100.0,0.0,2016-11-08T20:15:00Z,2016-11-09T01:45:00+05:30,2016-11-08T20:30:00Z,2016-11-09T02:00:00+05:30
228.0,,,False,2,pm25,µg/m³,,raw,01:00:00,2016-11-08T19:45:00Z,2016-11-09T01:15:00+05:30,2016-11-08T20:45:00Z,2016-11-09T02:15:00+05:30,1,01:00:00,1,00:15:00,100.0,0.0,2016-11-08T20:30:00Z,2016-11-09T02:00:00+05:30,2016-11-08T20:45:00Z,2016-11-09T02:15:00+05:30
227.0,,,False,2,pm25,µg/m³,,raw,01:00:00,2016-11-08T20:00:00Z,2016-11-09T01:30:00+05:30,2016-11-08T21:00:00Z,2016-11-09T02:30:00+05:30,1,01:00:00,1,00:15:00,100.0,0.0,2016-11-08T20:45:00Z,2016-11-09T02:15:00+05:30,2016-11-08T21:00:00Z,2016-11-09T02:30:00+05:30
224.0,,,False,2,pm25,µg/m³,,raw,01:00:00,2016-11-08T20:15:00Z,2016-11-09T01:45:00+05:30,2016-11-08T21:15:00Z,2016-11-09T02:45:00+05:30,1,01:00:00,1,00:15:00,100.0,0.0,2016-11-08T21:00:00Z,2016-11-09T02:30:00+05:30,2016-11-08T21:15:00Z,2016-11-09T02:45:00+05:30
221.0,,,False,2,pm25,µg/m³,,raw,01:00:00,2016-11-08T20:30:00Z,2016-11-09T02:00:00+05:30,2016-11-08T21:30:00Z,2016-11-09T03:00:00+05:30,1,01:00:00,1,00:15:00,100.0,0.0,2016-11-08T21:15:00Z,2016-11-09T02:45:00+05:30,2016-11-08T21:30:00Z,2016-11-09T03:00:00+05:30
221.0,,,False,2,pm25,µg/m³,,raw,01:00:00,2016-11-08T20:45:00Z,2016-11-09T02:15:00+05:30,2016-11-08T21:45:00Z,2016-11-09T03:15:00+05:30,1,01:00:00,1,00:15:00,100.0,0.0,2016-11-08T21:30:00Z,2016-11-09T03:00:00+05:30,2016-11-08T21:45:00Z,2016-11-09T03:15:00+05:30
220.0,,,False,2,pm25,µg/m³,,raw,01:00:00,2016-11-08T21:00:00Z,2016-11-09T02:30:00+05:30,2016-11-08T22:00:00Z,2016-11-09T03:30:00+05:30,1,01:00:00,1,00:15:00,100.0,0.0,2016-11-08T21:45:00Z,2016-11-09T03:15:00+05:30,2016-11-08T22:00:00Z,2016-11-09T03:30:00+05:30
220.0,,,False,2,pm25,µg/m³,,raw,01:00:00,2016-11-08T21:15:00Z,2016-11-09T02:45:00+05:30,2016-11-08T22:15:00Z,2016-11-09T03:45:00+05:30,1,01:00:00,1,00:15:00,100.0,0.0,2016-11-08T22:00:00Z,2016-11-09T03:30:00+05:30,2016-11-08T22:15:00Z,2016-11-09T03:45:00+05:30
223.0,,,False,2,pm25,µg/m³,,raw,01:00:00,2016-11-08T21:30:00Z,2016-11-09T03:00:00+05:30,2016-11-08T22:30:00Z,2016-11-09T04:00:00+05:30,1,01:00:00,1,00:15:00,100.0,0.0,2016-11-08T22:15:00Z,2016-11-09T03:45:00+05:30,2016-11-08T22:30:00Z,2016-11-09T04:00:00+05:30
228.0,,,False,2,pm25,µg/m³,,raw,01:00:00,2016-11-08T21:45:00Z,2016-11-09T03:15:00+05:30,2016-11-08T22:45:00Z,2016-11-09T04:15:00+05:30,1,01:00:00,1,00:15:00,100.0,0.0,2016-11-08T22:30:00Z,2016-11-09T04:00:00+05:30,2016-11-08T22:45:00Z,2016-11-09T04:15:00+05:30
232.0,,,False,2,pm25,µg/m³,,raw,01:00:00,2016-11-08T22:00:00Z,2016-11-09T03:30:00+05:30,2016-11-08T23:00:00Z,2016-11-09T04:30:00+05:30,1,01:00:00,1,00:15:00,100.0,0.0,2016-11-08T22:45:00Z,2016-11-09T04:15:00+05:30,2016-11-08T23:00:00Z,2016-11-09T04:30:00+05:30
233.0,,,False,2,pm25,µg/m³,,raw,01:00:00,2016-11-08T22:15:00Z,2016-11-09T03:45:00+05:30,2016-11-08T23:15:00Z,2016-11-09T04:45:00+05:30,1,01:00:00,1,00:15:00,100.0,0.0,2016-11-08T23:00:00Z,2016-11-09T04:30:00+05:30,2016-11-08T23:15:00Z,2016-11-09T04:45:00+05:30
228.0,,,False,2,pm25,µg/m³,,raw,01:00:00,2016-11-08T22:30:00Z,2016-11-09T04:00:00+05:30,2016-11-08T23:30:00Z,2016-11-09T05:00:00+05:30,1,01:00:00,1,00:15:00,100.0,0.0,2016-11-08T23:15:00Z,2016-11-09T04:45:00+05:30,2016-11-08T23:30:00Z,2016-11-09T05:00:00+05:30
218.0,,,False,2,pm25,µg/m³,,raw,01:00:00,2016-11-08T22:45:00Z,2016-11-09T04:15:00+05:30,2016-11-08T23:45:00Z,2016-11-09T05:15:00+05:30,1,01:00:00,1,00:15:00,100.0,0.0,2016-11-08T23:30:00Z,2016-11-09T05:00:00+05:30,2016-11-08T23:45:00Z,2016-11-09T05:15:00+05:30
209.0,,,False,2,pm25,µg/m³,,raw,01:00:00,2016-11-08T23:00:00Z,2016-11-09T04:30:00+05:30,2016-11-09T00:00:00Z,2016-11-09T05:30:00+05:30,1,01:00:00,1,00:15:00,100.0,0.0,2016-11-08T23:45:00Z,2016-11-09T05:15:00+05:30,2016-11-09T00:00:00Z,2016-11-09T05:30:00+05:30
202.0,,,False,2,pm25,µg/m³,,raw,01:00:00,2016-11-08T23:15:00Z,2016-11-09T04:45:00+05:30,2016-11-09T00:15:00Z,2016-11-09T05:45:00+05:30,1,01:00:00,1,00:15:00,100.0,0.0,2016-11-09T00:00:00Z,2016-11-09T05:30:00+05:30,2016-11-09T00:15:00Z,2016-11-09T05:45:00+05:30
198.0,,,False,2,pm25,µg/m³,,raw,01:00:00,2016-11-08T23:30:00Z,2016-11-09T05:00:00+05:30,2016-11-09T00:30:00Z,2016-11-09T06:00:00+05:30,1,01:00:00,1,00:15:00,100.0,0.0,2016-11-09T00:15:00Z,2016-11-09T05:45:00+05:30,2016-11-09T00:30:00Z,2016-11-09T06:00:00+05:30
195.0,,,False,2,pm25,µg/m³,,raw,01:00:00,2016-11-08T23:45:00Z,2016-11-09T05:15:00+05:30,2016-11-09T00:45:00Z,2016-11-09T06:15:00+05:30,1,01:00:00,1,00:15:00,100.0,0.0,2016-11-09T00:30:00Z,2016-11-09T06:00:00+05:30,2016-11-09T00:45:00Z,2016-11-09T06:15:00+05:30
192.0,,,False,2,pm25,µg/m³,,raw,01:00:00,2016-11-09T00:00:00Z,2016-11-09T05:30:00+05:30,2016-11-09T01:00:00Z,2016-11-09T06:30:00+05:30,1,01:00:00,1,00:15:00,100.0,0.0,2016-11-09T00:45:00Z,2016-11-09T06:15:00+05:30,2016-11-09T01:00:00Z,2016-11-09T06:30:00+05:30
189.0,,,False,2,pm25,µg/m³,,raw,01:00:00,2016-11-09T00:15:00Z,2016-11-09T05:45:00+05:30,2016-11-09T01:15:00Z,2016-11-09T06:45:00+05:30,1,01:00:00,1,00:15:00,100.0,0.0,2016-11-09T01:00:00Z,2016-11-09T06:30:00+05:30,2016-11-09T01:15:00Z,2016-11-09T06:45:00+05:30
188.0,,,False,2,pm25,µg/m³,,raw,01:00:00,2016-11-09T00:30:00Z,2016-11-09T06:00:00+05:30,2016-11-09T01:30:00Z,2016-11-09T07:00:00+05:30,1,01:00:00,1,00:15:00,100.0,0.0,2016-11-09T01:15:00Z,2016-11-09T06:45:00+05:30,2016-11-09T01:30:00Z,2016-11-09T07:00:00+05:30
187.0,,,False,2,pm25,µg/m³,,raw,01:00:00,2016-11-09T00:45:00Z,2016-11-09T06:15:00+05:30,2016-11-09T01:45:00Z,2016-11-09T07:15:00+05:30,1,01:00:00,1,00:15:00,100.0,0.0,2016-11-09T01:30:00Z,2016-11-09T07:00:00+05:30,2016-11-09T01:45:00Z,2016-11-09T07:15:00+05:30
186.0,,,False,2,pm25,µg/m³,,raw,01:00:00,2016-11-09T01:00:00Z,2016-11-09T06:30:00+05:30,2016-11-09T02:00:00Z,2016-11-09T07:30:00+05:30,1,01:00:00,1,00:15:00,100.0,0.0,2016-11-09T01:45:00Z,2016-11-09T07:15:00+05:30,2016-11-09T02:00:00Z,2016-11-09T07:30:00+05:30
187.0,,,False,2,pm25,µg/m³,,raw,01:00:00,2016-11-09T01:15:00Z,2016-11-09T06:45:00+05:30,2016-11-09T02:15:00Z,2016-11-09T07:45:00+05:30,1,01:00:00,1,00:15:00,100.0,0.0,2016-11-09T02:00:00Z,2016-11-09T07:30:00+05:30,2016-11-09T02:15:00Z,2016-11-09T07:45:00+05:30
190.0,,,False,2,pm25,µg/m³,,raw,01:00:00,2016-11-09T01:30:00Z,2016-11-09T07:00:00+05:30,2016-11-09T02:30:00Z,2016-11-09T08:00:00+05:30,1,01:00:00,1,00:15:00,100.0,0.0,2016-11-09T02:15:00Z,2016-11-09T07:45:00+05:30,2016-11-09T02:30:00Z,2016-11-09T08:00:00+05:30
194.0,,,False,2,pm25,µg/m³,,raw,01:00:00,2016-11-09T01:45:00Z,2016-11-09T07:15:00+05:30,2016-11-09T02:45:00Z,2016-11-09T08:15:00+05:30,1,01:00:00,1,00:15:00,100.0,0.0,2016-11-09T02:30:00Z,2016-11-09T08:00:00+05:30,2016-11-09T02:45:00Z,2016-11-09T08:15:00+05:30
199.0,,,False,2,pm25,µg/m³,,raw,01:00:00,2016-11-09T02:00:00Z,2016-11-09T07:30:00+05:30,2016-11-09T03:00:00Z,2016-11-09T08:30:00+05:30,1,01:00:00,1,00:15:00,100.0,0.0,2016-11-09T02:45:00Z,2016-11-09T08:15:00+05:30,2016-11-09T03:00:00Z,2016-11-09T08:30:00+05:30
203.0,,,False,2,pm25,µg/m³,,raw,01:00:00,2016-11-09T02:15:00Z,2016-11-09T07:45:00+05:30,2016-11-09T03:15:00Z,2016-11-09T08:45:00+05:30,1,01:00:00,1,00:15:00,100.0,0.0,2016-11-09T03:00:00Z,2016-11-09T08:30:00+05:30,2016-11-09T03:15:00Z,2016-11-09T08:45:00+05:30
201.0,,,False,2,pm25,µg/m³,,raw,01:00:00,2016-11-09T02:30:00Z,2016-11-09T08:00:00+05:30,2016-11-09T03:30:00Z,2016-11-09T09:00:00+05:30,1,01:00:00,1,00:15:00,100.0,0.0,2016-11-09T03:15:00Z,2016-11-09T08:45:00+05:30,2016-11-09T03:30:00Z,2016-11-09T09:00:00+05:30
199.0,,,False,2,pm25,µg/m³,,raw,01:00:00,2016-11-09T02:45:00Z,2016-11-09T08:15:00+05:30,2016-11-09T03:45:00Z,2016-11-09T09:15:00+05:30,1,01:00:00,1,00:15:00,100.0,0.0,2016-11-09T03:30:00Z,2016-11-09T09:00:00+05:30,2016-11-09T03:45:00Z,2016-11-09T09:15:00+05:30
197.0,,,False,2,pm25,µg/m³,,raw,01:00:00,2016-11-09T03:00:00Z,2016-11-09T08:30:00+05:30,2016-11-09T04:00:00Z,2016-11-09T09:30:00+05:30,1,01:00:00,1,00:15:00,100.0,0.0,2016-11-09T03:45:00Z,2016-11-09T09:15:00+05:30,2016-11-09T04:00:00Z,2016-11-09T09:30:00+05:30
195.0,,,False,2,pm25,µg/m³,,raw,01:00:00,2016-11-09T03:15:00Z,2016-11-09T08:45:00+05:30,2016-11-09T04:15:00Z,2016-11-09T09:45:00+05:30,1,01:00:00,1,00:15:00,100.0,0.0,2016-11-09T04:00:00Z,2016-11-09T09:30:00+05:30,2016-11-09T04:15:00Z,2016-11-09T09:45:00+05:30
195.0,,,False,2,pm25,µg/m³,,raw,01:00:00,2016-11-09T03:30:00Z,2016-11-09T09:00:00+05:30,2016-11-09T04:30:00Z,2016-11-09T10:00:00+05:30,1,01:00:00,1,00:15:00,100.0,0.0,2016-11-09T04:15:00Z,2016-11-09T09:45:00+05:30,2016-11-09T04:30:00Z,2016-11-09T10:00:00+05:30
196.0,,,False,2,pm25,µg/m³,,raw,01:00:00,2016-11-09T03:45:00Z,2016-11-09T09:15:00+05:30,2016-11-09T04:45:00Z,2016-11-09T10:15:00+05:30,1,01:00:00,1,00:15:00,100.0,0.0,2016-11-09T04:30:00Z,2016-11-09T10:00:00+05:30,2016-11-09T04:45:00Z,2016-11-09T10:15:00+05:30
199.0,,,False,2,pm25,µg/m³,,raw,01:00:00,2016-11-09T04:00:00Z,2016-11-09T09:30:00+05:30,2016-11-09T05:00:00Z,2016-11-09T10:30:00+05:30,1,01:00:00,1,00:15:00,100.0,0.0,2016-11-09T04:45:00Z,2016-11-09T10:15:00+05:30,2016-11-09T05:00:00Z,2016-11-09T10:30:00+05:30
200.0,,,False,2,pm25,µg/m³,,raw,01:00:00,2016-11-09T04:15:00Z,2016-11-09T09:45:00+05:30,2016-11-09T05:15:00Z,2016-11-09T10:45:00+05:30,1,01:00:00,1,00:15:00,100.0,0.0,2016-11-09T05:00:00Z,2016-11-09T10:30:00+05:30,2016-11-09T05:15:00Z,2016-11-09T10:45:00+05:30
200.0,,,False,2,pm25,µg/m³,,raw,01:00:00,2016-11-09T04:30:00Z,2016-11-09T10:00:00+05:30,2016-11-09T05:30:00Z,2016-11-09T11:00:00+05:30,1,01:00:00,1,00:15:00,100.0,0.0,2016-11-09T05:15:00Z,2016-11-09T10:45:00+05:30,2016-11-09T05:30:00Z,2016-11-09T11:00:00+05:30
198.0,,,False,2,pm25,µg/m³,,raw,01:00:00,2016-11-09T04:45:00Z,2016-11-09T10:15:00+05:30,2016-11-09T05:45:00Z,2016-11-09T11:15:00+05:30,1,01:00:00,1,00:15:00,100.0,0.0,2016-11-09T05:30:00Z,2016-11-09T11:00:00+05:30,2016-11-09T05:45:00Z,2016-11-09T11:15:00+05:30
195.0,,,False,2,pm25,µg/m³,,raw,01:00:00,2016-11-09T05:00:00Z,2016-11-09T10:30:00+05:30,2016-11-09T06:00:00Z,2016-11-09T11:30:00+05:30,1,01:00:00,1,00:15:00,100.0,0.0,2016-11-09T05:45:00Z,2016-11-09T11:15:00+05:30,2016-11-09T06:00:00Z,2016-11-09T11:30:00+05:30
192.0,,,False,2,pm25,µg/m³,,raw,01:00:00,2016-11-09T05:15:00Z,2016-11-09T10:45:00+05:30,2016-11-09T06:15:00Z,2016-11-09T11:45:00+05:30,1,01:00:00,1,00:15:00,100.0,0.0,2016-11-09T06:00:00Z,2016-11-09T11:30:00+05:30,2016-11-09T06:15:00Z,2016-11-09T11:45:00+05:30
186.0,,,False,2,pm25,µg/m³,,raw,01:00:00,2016-11-09T05:30:00Z,2016-11-09T11:00:00+05:30,2016-11-09T06:30:00Z,2016-11-09T12:00:00+05:30,1,01:00:00,1,00:15:00,100.0,0.0,2016-11-09T06:15:00Z,2016-11-09T11:45:00+05:30,2016-11-09T06:30:00Z,2016-11-09T12:00:00+05:30
183.0,,,False,2,pm25,µg/m³,,raw,01:00:00,2016-11-09T05:45:00Z,2016-11-09T11:15:00+05:30,2016-11-09T06:45:00Z,2016-11-09T12:15:00+05:30,1,01:00:00,1,00:15:00,100.0,0.0,2016-11-09T06:30:00Z,2016-11-09T12:00:00+05:30,2016-11-09T06:45:00Z,2016-11-09T12:15:00+05:30
177.0,,,False,2,pm25,µg/m³,,raw,01:00:00,2016-11-09T06:00:00Z,2016-11-09T11:30:00+05:30,2016-11-09T07:00:00Z,2016-11-09T12:30:00+05:30,1,01:00:00,1,00:15:00,100.0,0.0,2016-11-09T06:45:00Z,2016-11-09T12:15:00+05:30,2016-11-09T07:00:00Z,2016-11-09T12:30:00+05:30
164.0,,,False,2,pm25,µg/m³,,raw,01:00:00,2016-11-09T06:15:00Z,2016-11-09T11:45:00+05:30,2016-11-09T07:15:00Z,2016-11-09T12:45:00+05:30,1,01:00:00,1,00:15:00,100.0,0.0,2016-11-09T07:00:00Z,2016-11-09T12:30:00+05:30,2016-11-09T07:15:00Z,2016-11-09T12:45:00+05:30
156.0,,,False,2,pm25,µg/m³,,raw,01:00:00,2016-11-09T06:30:00Z,2016-11-09T12:00:00+05:30,2016-11-09T07:30:00Z,2016-11-09T13:00:00+05:30,1,01:00:00,1,00:15:00,100.0,0.0,2016-11-09T07:15:00Z,2016-11-09T12:45:00+05:30,2016-11-09T07:30:00Z,2016-11-09T13:00:00+05:30
144.0,,,False,2,pm25,µg/m³,,raw,01:00:00,2016-11-09T06:45:00Z,2016-11-09T12:15:00+05:30,2016-11-09T07:45:00Z,2016-11-09T13:15:00+05:30,1,01:00:00,1,00:15:00,100.0,0.0,2016-11-09T07:30:00Z,2016-11-09T13:00:00+05:30,2016-11-09T07:45:00Z,2016-11-09T13:15:00+05:30
141.0,,,False,2,pm25,µg/m³,,raw,01:00:00,2016-11-09T07:00:00Z,2016-11-09T12:30:00+05:30,2016-11-09T08:00:00Z,2016-11-09T13:30:00+05:30,1,01:00:00,1,00:15:00,100.0,0.0,2016-11-09T07:45:00Z,2016-11-09T13:15:00+05:30,2016-11-09T08:00:00Z,2016-11-09T13:30:00+05:30
142.0,,,False,2,pm25,µg/m³,,raw,01:00:00,2016-11-09T07:15:00Z,2016-11-09T12:45:00+05:30,2016-11-09T08:15:00Z,2016-11-09T13:45:00+05:30,1,01:00:00,1,00:15:00,100.0,0.0,2016-11-09T08:00:00Z,2016-11-09T13:30:00+05:30,2016-11-09T08:15:00Z,2016-11-09T13:45:00+05:30
144.0,,,False,2,pm25,µg/m³,,raw,01:00:00,2016-11-09T07:30:00Z,2016-11-09T13:00:00+05:30,2016-11-09T08:30:00Z,2016-11-09T14:00:00+05:30,1,01:00:00,1,00:15:00,100.0,0.0,2016-11-09T08:15:00Z,2016-11-09T13:45:00+05:30,2016-11-09T08:30:00Z,2016-11-09T14:00:00+05:30
147.0,,,False,2,pm25,µg/m³,,raw,01:00:00,2016-11-09T07:45:00Z,2016-11-09T13:15:00+05:30,2016-11-09T08:45:00Z,2016-11-09T14:15:00+05:30,1,01:00:00,1,00:15:00,100.0,0.0,2016-11-09T08:30:00Z,2016-11-09T14:00:00+05:30,2016-11-09T08:45:00Z,2016-11-09T14:15:00+05:30
148.0,,,False,2,pm25,µg/m³,,raw,01:00:00,2016-11-09T08:00:00Z,2016-11-09T13:30:00+05:30,2016-11-09T09:00:00Z,2016-11-09T14:30:00+05:30,1,01:00:00,1,00:15:00,100.0,0.0,2016-11-09T08:45:00Z,2016-11-09T14:15:00+05:30,2016-11-09T09:00:00Z,2016-11-09T14:30:00+05:30
152.0,,,False,2,pm25,µg/m³,,raw,01:00:00,2016-11-09T08:15:00Z,2016-11-09T13:45:00+05:30,2016-11-09T09:15:00Z,2016-11-09T14:45:00+05:30,1,01:00:00,1,00:15:00,100.0,0.0,2016-11-09T09:00:00Z,2016-11-09T14:30:00+05:30,2016-11-09T09:15:00Z,2016-11-09T14:45:00+05:30
152.0,,,False,2,pm25,µg/m³,,raw,01:00:00,2016-11-09T08:30:00Z,2016-11-09T14:00:00+05:30,2016-11-09T09:30:00Z,2016-11-09T15:00:00+05:30,1,01:00:00,1,00:15:00,100.0,0.0,2016-11-09T09:15:00Z,2016-11-09T14:45:00+05:30,2016-11-09T09:30:00Z,2016-11-09T15:00:00+05:30
149.0,,,False,2,pm25,µg/m³,,raw,01:00:00,2016-11-09T08:45:00Z,2016-11-09T14:15:00+05:30,2016-11-09T09:45:00Z,2016-11-09T15:15:00+05:30,1,01:00:00,1,00:15:00,100.0,0.0,2016-11-09T09:30:00Z,2016-11-09T15:00:00+05:30,2016-11-09T09:45:00Z,2016-11-09T15:15:00+05:30
116.0,,,False,2,pm25,µg/m³,,raw,01:00:00,2016-11-09T09:15:00Z,2016-11-09T14:45:00+05:30,2016-11-09T10:15:00Z,2016-11-09T15:45:00+05:30,1,01:00:00,1,00:15:00,100.0,0.0,2016-11-09T10:00:00Z,2016-11-09T15:30:00+05:30,2016-11-09T10:15:00Z,2016-11-09T15:45:00+05:30
103.0,,,False,2,pm25,µg/m³,,raw,01:00:00,2016-11-09T09:30:00Z,2016-11-09T15:00:00+05:30,2016-11-09T10:30:00Z,2016-11-09T16:00:00+05:30,1,01:00:00,1,00:15:00,100.0,0.0,2016-11-09T10:15:00Z,2016-11-09T15:45:00+05:30,2016-11-09T10:30:00Z,2016-11-09T16:00:00+05:30
93.0,,,False,2,pm25,µg/m³,,raw,01:00:00,2016-11-09T09:45:00Z,2016-11-09T15:15:00+05:30,2016-11-09T10:45:00Z,2016-11-09T16:15:00+05:30,1,01:00:00,1,00:15:00,100.0,0.0,2016-11-09T10:30:00Z,2016-11-09T16:00:00+05:30,2016-11-09T10:45:00Z,2016-11-09T16:15:00+05:30
96.0,,,False,2,pm25,µg/m³,,raw,01:00:00,2016-11-09T10:00:00Z,2016-11-09T15:30:00+05:30,2016-11-09T11:00:00Z,2016-11-09T16:30:00+05:30,1,01:00:00,1,00:15:00,100.0,0.0,2016-11-09T10:45:00Z,2016-11-09T16:15:00+05:30,2016-11-09T11:00:00Z,2016-11-09T16:30:00+05:30
99.0,,,False,2,pm25,µg/m³,,raw,01:00:00,2016-11-09T10:15:00Z,2016-11-09T15:45:00+05:30,2016-11-09T11:15:00Z,2016-11-09T16:45:00+05:30,1,01:00:00,1,00:15:00,100.0,0.0,2016-11-09T11:00:00Z,2016-11-09T16:30:00+05:30,2016-11-09T11:15:00Z,2016-11-09T16:45:00+05:30
97.0,,,False,2,pm25,µg/m³,,raw,01:00:00,2016-11-09T10:30:00Z,2016-11-09T16:00:00+05:30,2016-11-09T11:30:00Z,2016-11-09T17:00:00+05:30,1,01:00:00,1,00:15:00,100.0,0.0,2016-11-09T11:15:00Z,2016-11-09T16:45:00+05:30,2016-11-09T11:30:00Z,2016-11-09T17:00:00+05:30
95.0,,,False,2,pm25,µg/m³,,raw,01:00:00,2016-11-09T10:45:00Z,2016-11-09T16:15:00+05:30,2016-11-09T11:45:00Z,2016-11-09T17:15:00+05:30,1,01:00:00,1,00:15:00,100.0,0.0,2016-11-09T11:30:00Z,2016-11-09T17:00:00+05:30,2016-11-09T11:45:00Z,2016-11-09T17:15:00+05:30
96.0,,,False,2,pm25,µg/m³,,raw,01:00:00,2016-11-09T11:00:00Z,2016-11-09T16:30:00+05:30,2016-11-09T12:00:00Z,2016-11-09T17:30:00+05:30,1,01:00:00,1,00:15:00,100.0,0.0,2016-11-09T11:45:00Z,2016-11-09T17:15:00+05:30,2016-11-09T12:00:00Z,2016-11-09T17:30:00+05:30
98.0,,,False,2,pm25,µg/m³,,raw,01:00:00,2016-11-09T11:15:00Z,2016-11-09T16:45:00+05:30,2016-11-09T12:15:00Z,2016-11-09T17:45:00+05:30,1,01:00:00,1,00:15:00,100.0,0.0,2016-11-09T12:00:00Z,2016-11-09T17:30:00+05:30,2016-11-09T12:15:00Z,2016-11-09T17:45:00+05:30
100.0,,,False,2,pm25,µg/m³,,raw,01:00:00,2016-11-09T11:30:00Z,2016-11-09T17:00:00+05:30,2016-11-09T12:30:00Z,2016-11-09T18:00:00+05:30,1,01:00:00,1,00:15:00,100.0,0.0,2016-11-09T12:15:00Z,2016-11-09T17:45:00+05:30,2016-11-09T12:30:00Z,2016-11-09T18:00:00+05:30
101.0,,,False,2,pm25,µg/m³,,raw,01:00:00,2016-11-09T11:45:00Z,2016-11-09T17:15:00+05:30,2016-11-09T12:45:00Z,2016-11-09T18:15:00+05:30,1,01:00:00,1,00:15:00,100.0,0.0,2016-11-09T12:30:00Z,2016-11-09T18:00:00+05:30,2016-11-09T12:45:00Z,2016-11-09T18:15:00+05:30
100.0,,,False,2,pm25,µg/m³,,raw,01:00:00,2016-11-09T12:00:00Z,2016-11-09T17:30:00+05:30,2016-11-09T13:00:00Z,2016-11-09T18:30:00+05:30,1,01:00:00,1,00:15:00,100.0,0.0,2016-11-09T12:45:00Z,2016-11-09T18:15:00+05:30,2016-11-09T13:00:00Z,2016-11-09T18:30:00+05:30
103.0,,,False,2,pm25,µg/m³,,raw,01:00:00,2016-11-09T12:15:00Z,2016-11-09T17:45:00+05:30,2016-11-09T13:15:00Z,2016-11-09T18:45:00+05:30,1,01:00:00,1,00:15:00,100.0,0.0,2016-11-09T13:00:00Z,2016-11-09T18:30:00+05:30,2016-11-09T13:15:00Z,2016-11-09T18:45:00+05:30
108.0,,,False,2,pm25,µg/m³,,raw,01:00:00,2016-11-09T12:30:00Z,2016-11-09T18:00:00+05:30,2016-11-09T13:30:00Z,2016-11-09T19:00:00+05:30,1,01:00:00,1,00:15:00,100.0,0.0,2016-11-09T13:15:00Z,2016-11-09T18:45:00+05:30,2016-11-09T13:30:00Z,2016-11-09T19:00:00+05:30
115.0,,,False,2,pm25,µg/m³,,raw,01:00:00,2016-11-09T12:45:00Z,2016-11-09T18:15:00+05:30,2016-11-09T13:45:00Z,2016-11-09T19:15:00+05:30,1,01:00:00,1,00:15:00,100.0,0.0,2016-11-09T13:30:00Z,2016-11-09T19:00:00+05:30,2016-11-09T13:45:00Z,2016-11-09T19:15:00+05:30
118.0,,,False,2,pm25,µg/m³,,raw,01:00:00,2016-11-09T13:00:00Z,2016-11-09T18:30:00+05:30,2016-11-09T14:00:00Z,2016-11-09T19:30:00+05:30,1,01:00:00,1,00:15:00,100.0,0.0,2016-11-09T13:45:00Z,2016-11-09T19:15:00+05:30,2016-11-09T14:00:00Z,2016-11-09T19:30:00+05:30
119.0,,,False,2,pm25,µg/m³,,raw,01:00:00,2016-11-09T13:15:00Z,2016-11-09T18:45:00+05:30,2016-11-09T14:15:00Z,2016-11-09T19:45:00+05:30,1,01:00:00,1,00:15:00,100.0,0.0,2016-11-09T14:00:00Z,2016-11-09T19:30:00+05:30,2016-11-09T14:15:00Z,2016-11-09T19:45:00+05:30
119.0,,,False,2,pm25,µg/m³,,raw,01:00:00,2016-11-09T13:30:00Z,2016-11-09T19:00:00+05:30,2016-11-09T14:30:00Z,2016-11-09T20:00:00+05:30,1,01:00:00,1,00:15:00,100.0,0.0,2016-11-09T14:15:00Z,2016-11-09T19:45:00+05:30,2016-11-09T14:30:00Z,2016-11-09T20:00:00+05:30
117.0,,,False,2,pm25,µg/m³,,raw,01:00:00,2016-11-09T13:45:00Z,2016-11-09T19:15:00+05:30,2016-11-09T14:45:00Z,2016-11-09T20:15:00+05:30,1,01:00:00,1,00:15:00,100.0,0.0,2016-11-09T14:30:00Z,2016-11-09T20:00:00+05:30,2016-11-09T14:45:00Z,2016-11-09T20:15:00+05:30
117.0,,,False,2,pm25,µg/m³,,raw,01:00:00,2016-11-09T14:00:00Z,2016-11-09T19:30:00+05:30,2016-11-09T15:00:00Z,2016-11-09T20:30:00+05:30,1,01:00:00,1,00:15:00,100.0,0.0,2016-11-09T14:45:00Z,2016-11-09T20:15:00+05:30,2016-11-09T15:00:00Z,2016-11-09T20:30:00+05:30
118.0,,,False,2,pm25,µg/m³,,raw,01:00:00,2016-11-09T14:15:00Z,2016-11-09T19:45:00+05:30,2016-11-09T15:15:00Z,2016-11-09T20:45:00+05:30,1,01:00:00,1,00:15:00,100.0,0.0,2016-11-09T15:00:00Z,2016-11-09T20:30:00+05:30,2016-11-09T15:15:00Z,2016-11-09T20:45:00+05:30
123.0,,,False,2,pm25,µg/m³,,raw,01:00:00,2016-11-09T14:30:00Z,2016-11-09T20:00:00+05:30,2016-11-09T15:30:00Z,2016-11-09T21:00:00+05:30,1,01:00:00,1,00:15:00,100.0,0.0,2016-11-09T15:15:00Z,2016-11-09T20:45:00+05:30,2016-11-09T15:30:00Z,2016-11-09T21:00:00+05:30
127.0,,,False,2,pm25,µg/m³,,raw,01:00:00,2016-11-09T14:45:00Z,2016-11-09T20:15:00+05:30,2016-11-09T15:45:00Z,2016-11-09T21:15:00+05:30,1,01:00:00,1,00:15:00,100.0,0.0,2016-11-09T15:30:00Z,2016-11-09T21:00:00+05:30,2016-11-09T15:45:00Z,2016-11-09T21:15:00+05:30
130.0,,,False,2,pm25,µg/m³,,raw,01:00:00,2016-11-09T15:00:00Z,2016-11-09T20:30:00+05:30,2016-11-09T16:00:00Z,2016-11-09T21:30:00+05:30,1,01:00:00,1,00:15:00,100.0,0.0,2016-11-09T15:45:00Z,2016-11-09T21:15:00+05:30,2016-11-09T16:00:00Z,2016-11-09T21:30:00+05:30
131.0,,,False,2,pm25,µg/m³,,raw,01:00:00,2016-11-09T15:15:00Z,2016-11-09T20:45:00+05:30,2016-11-09T16:15:00Z,2016-11-09T21:45:00+05:30,1,01:00:00,1,00:15:00,100.0,0.0,2016-11-09T16:00:00Z,2016-11-09T21:30:00+05:30,2016-11-09T16:15:00Z,2016-11-09T21:45:00+05:30
131.0,,,False,2,pm25,µg/m³,,raw,01:00:00,2016-11-09T15:30:00Z,2016-11-09T21:00:00+05:30,2016-11-09T16:30:00Z,2016-11-09T22:00:00+05:30,1,01:00:00,1,00:15:00,100.0,0.0,2016-11-09T16:15:00Z,2016-11-09T21:45:00+05:30,2016-11-09T16:30:00Z,2016-11-09T22:00:00+05:30
136.0,,,False,2,pm25,µg/m³,,raw,01:00:00,2016-11-09T15:45:00Z,2016-11-09T21:15:00+05:30,2016-11-09T16:45:00Z,2016-11-09T22:15:00+05:30,1,01:00:00,1,00:15:00,100.0,0.0,2016-11-09T16:30:00Z,2016-11-09T22:00:00+05:30,2016-11-09T16:45:00Z,2016-11-09T22:15:00+05:30
143.0,,,False,2,pm25,µg/m³,,raw,01:00:00,2016-11-09T16:00:00Z,2016-11-09T21:30:00+05:30,2016-11-09T17:00:00Z,2016-11-09T22:30:00+05:30,1,01:00:00,1,00:15:00,100.0,0.0,2016-11-09T16:45:00Z,2016-11-09T22:15:00+05:30,2016-11-09T17:00:00Z,2016-11-09T22:30:00+05:30
150.0,,,False,2,pm25,µg/m³,,raw,01:00:00,2016-11-09T16:15:00Z,2016-11-09T21:45:00+05:30,2016-11-09T17:15:00Z,2016-11-09T22:45:00+05:30,1,01:00:00,1,00:15:00,100.0,0.0,2016-11-09T17:00:00Z,2016-11-09T22:30:00+05:30,2016-11-09T17:15:00Z,2016-11-09T22:45:00+05:30
159.0,,,False,2,pm25,µg/m³,,raw,01:00:00,2016-11-09T16:30:00Z,2016-11-09T22:00:00+05:30,2016-11-09T17:30:00Z,2016-11-09T23:00:00+05:30,1,01:00:00,1,00:15:00,100.0,0.0,2016-11-09T17:15:00Z,2016-11-09T22:45:00+05:30,2016-11-09T17:30:00Z,2016-11-09T23:00:00+05:30
165.0,,,False,2,pm25,µg/m³,,raw,01:00:00,2016-11-09T16:45:00Z,2016-11-09T22:15:00+05:30,2016-11-09T17:45:00Z,2016-11-09T23:15:00+05:30,1,01:00:00,1,00:15:00,100.0,0.0,2016-11-09T17:30:00Z,2016-11-09T23:00:00+05:30,2016-11-09T17:45:00Z,2016-11-09T23:15:00+05:30
172.0,,,False,2,pm25,µg/m³,,raw,01:00:00,2016-11-09T17:00:00Z,2016-11-09T22:30:00+05:30,2016-11-09T18:00:00Z,2016-11-09T23:30:00+05:30,1,01:00:00,1,00:15:00,100.0,0.0,2016-11-09T17:45:00Z,2016-11-09T23:15:00+05:30,2016-11-09T18:00:00Z,2016-11-09T23:30:00+05:30
175.0,,,False,2,pm25,µg/m³,,raw,01:00:00,2016-11-09T17:15:00Z,2016-11-09T22:45:00+05:30,2016-11-09T18:15:00Z,2016-11-09T23:45:00+05:30,1,01:00:00,1,00:15:00,100.0,0.0,2016-11-09T18:00:00Z,2016-11-09T23:30:00+05:30,2016-11-09T18:15:00Z,2016-11-09T23:45:00+05:30
234.0,,,False,2,pm25,µg/m³,,raw,01:00:00,2016-11-09T17:30:00Z,2016-11-09T23:00:00+05:30,2016-11-09T18:30:00Z,2016-11-10T00:00:00+05:30,1,01:00:00,1,00:15:00,100.0,0.0,2016-11-09T18:15:00Z,2016-11-09T23:45:00+05:30,2016-11-09T18:30:00Z,2016-11-10T00:00:00+05:30
178.0,,,False,2,pm25,µg/m³,,raw,01:00:00,2016-11-09T17:45:00Z,2016-11-09T23:15:00+05:30,2016-11-09T18:45:00Z,2016-11-10T00:15:00+05:30,1,01:00:00,1,00:15:00,100.0,0.0,2016-11-09T18:30:00Z,2016-11-10T00:00:00+05:30,2016-11-09T18:45:00Z,2016-11-10T00:15:00+05:30
175.0,,,False,2,pm25,µg/m³,,raw,01:00:00,2016-11-09T18:00:00Z,2016-11-09T23:30:00+05:30,2016-11-09T19:00:00Z,2016-11-10T00:30:00+05:30,1,01:00:00,1,00:15:00,100.0,0.0,2016-11-09T18:45:00Z,2016-11-10T00:15:00+05:30,2016-11-09T19:00:00Z,2016-11-10T00:30:00+05:30
175.0,,,False,2,pm25,µg/m³,,raw,01:00:00,2016-11-09T18:15:00Z,2016-11-09T23:45:00+05:30,2016-11-09T19:15:00Z,2016-11-10T00:45:00+05:30,1,01:00:00,1,00:15:00,100.0,0.0,2016-11-09T19:00:00Z,2016-11-10T00:30:00+05:30,2016-11-09T19:15:00Z,2016-11-10T00:45:00+05:30
174.0,,,False,2,pm25,µg/m³,,raw,01:00:00,2016-11-09T18:30:00Z,2016-11-10T00:00:00+05:30,2016-11-09T19:30:00Z,2016-11-10T01:00:00+05:30,1,01:00:00,1,00:15:00,100.0,0.0,2016-11-09T19:15:00Z,2016-11-10T00:45:00+05:30,2016-11-09T19:30:00Z,2016-11-10T01:00:00+05:30
173.0,,,False,2,pm25,µg/m³,,raw,01:00:00,2016-11-09T18:45:00Z,2016-11-10T00:15:00+05:30,2016-11-09T19:45:00Z,2016-11-10T01:15:00+05:30,1,01:00:00,1,00:15:00,100.0,0.0,2016-11-09T19:30:00Z,2016-11-10T01:00:00+05:30,2016-11-09T19:45:00Z,2016-11-10T01:15:00+05:30
173.0,,,False,2,pm25,µg/m³,,raw,01:00:00,2016-11-09T19:00:00Z,2016-11-10T00:30:00+05:30,2016-11-09T20:00:00Z,2016-11-10T01:30:00+05:30,1,01:00:00,1,00:15:00,100.0,0.0,2016-11-09T19:45:00Z,2016-11-10T01:15:00+05:30,2016-11-09T20:00:00Z,2016-11-10T01:30:00+05:30
172.0,,,False,2,pm25,µg/m³,,raw,01:00:00,2016-11-09T19:15:00Z,2016-11-10T00:45:00+05:30,2016-11-09T20:15:00Z,2016-11-10T01:45:00+05:30,1,01:00:00,1,00:15:00,100.0,0.0,2016-11-09T20:00:00Z,2016-11-10T01:30:00+05:30,2016-11-09T20:15:00Z,2016-11-10T01:45:00+05:30
170.0,,,False,2,pm25,µg/m³,,raw,01:00:00,2016-11-09T19:30:00Z,2016-11-10T01:00:00+05:30,2016-11-09T20:30:00Z,2016-11-10T02:00:00+05:30,1,01:00:00,1,00:15:00,100.0,0.0,2016-11-09T20:15:00Z,2016-11-10T01:45:00+05:30,2016-11-09T20:30:00Z,2016-11-10T02:00:00+05:30
169.0,,,False,2,pm25,µg/m³,,raw,01:00:00,2016-11-09T19:45:00Z,2016-11-10T01:15:00+05:30,2016-11-09T20:45:00Z,2016-11-10T02:15:00+05:30,1,01:00:00,1,00:15:00,100.0,0.0,2016-11-09T20:30:00Z,2016-11-10T02:00:00+05:30,2016-11-09T20:45:00Z,2016-11-10T02:15:00+05:30
168.0,,,False,2,pm25,µg/m³,,raw,01:00:00,2016-11-09T20:00:00Z,2016-11-10T01:30:00+05:30,2016-11-09T21:00:00Z,2016-11-10T02:30:00+05:30,1,01:00:00,1,00:15:00,100.0,0.0,2016-11-09T20:45:00Z,2016-11-10T02:15:00+05:30,2016-11-09T21:00:00Z,2016-11-10T02:30:00+05:30
176.0,,,False,2,pm25,µg/m³,,raw,01:00:00,2016-11-09T21:00:00Z,2016-11-10T02:30:00+05:30,2016-11-09T22:00:00Z,2016-11-10T03:30:00+05:30,1,01:00:00,1,00:15:00,100.0,0.0,2016-11-09T21:45:00Z,2016-11-10T03:15:00+05:30,2016-11-09T22:00:00Z,2016-11-10T03:30:00+05:30
180.0,,,False,2,pm25,µg/m³,,raw,01:00:00,2016-11-09T21:15:00Z,2016-11-10T02:45:00+05:30,2016-11-09T22:15:00Z,2016-11-10T03:45:00+05:30,1,01:00:00,1,00:15:00,100.0,0.0,2016-11-09T22:00:00Z,2016-11-10T03:30:00+05:30,2016-11-09T22:15:00Z,2016-11-10T03:45:00+05:30
183.0,,,False,2,pm25,µg/m³,,raw,01:00:00,2016-11-09T21:30:00Z,2016-11-10T03:00:00+05:30,2016-11-09T22:30:00Z,2016-11-10T04:00:00+05:30,1,01:00:00,1,00:15:00,100.0,0.0,2016-11-09T22:15:00Z,2016-11-10T03:45:00+05:30,2016-11-09T22:30:00Z,2016-11-10T04:00:00+05:30
186.0,,,False,2,pm25,µg/m³,,raw,01:00:00,2016-11-09T21:45:00Z,2016-11-10T03:15:00+05:30,2016-11-09T22:45:00Z,2016-11-10T04:15:00+05:30,1,01:00:00,1,00:15:00,100.0,0.0,2016-11-09T22:30:00Z,2016-11-10T04:00:00+05:30,2016-11-09T22:45:00Z,2016-11-10T04:15:00+05:30
188.0,,,False,2,pm25,µg/m³,,raw,01:00:00,2016-11-09T22:00:00Z,2016-11-10T03:30:00+05:30,2016-11-09T23:00:00Z,2016-11-10T04:30:00+05:30,1,01:00:00,1,00:15:00,100.0,0.0,2016-11-09T22:45:00Z,2016-11-10T04:15:00+05:30,2016-11-09T23:00:00Z,2016-11-10T04:30:00+05:30
188.0,,,False,2,pm25,µg/m³,,raw,01:00:00,2016-11-09T22:15:00Z,2016-11-10T03:45:00+05:30,2016-11-09T23:15:00Z,2016-11-10T04:45:00+05:30,1,01:00:00,1,00:15:00,100.0,0.0,2016-11-09T23:00:00Z,2016-11-10T04:30:00+05:30,2016-11-09T23:15:00Z,2016-11-10T04:45:00+05:30
185.0,,,False,2,pm25,µg/m³,,raw,01:00:00,2016-11-09T22:30:00Z,2016-11-10T04:00:00+05:30,2016-11-09T23:30:00Z,2016-11-10T05:00:00+05:30,1,01:00:00,1,00:15:00,100.0,0.0,2016-11-09T23:15:00Z,2016-11-10T04:45:00+05:30,2016-11-09T23:30:00Z,2016-11-10T05:00:00+05:30
180.0,,,False,2,pm25,µg/m³,,raw,01:00:00,2016-11-09T22:45:00Z,2016-11-10T04:15:00+05:30,2016-11-09T23:45:00Z,2016-11-10T05:15:00+05:30,1,01:00:00,1,00:15:00,100.0,0.0,2016-11-09T23:30:00Z,2016-11-10T05:00:00+05:30,2016-11-09T23:45:00Z,2016-11-10T05:15:00+05:30
172.0,,,False,2,pm25,µg/m³,,raw,01:00:00,2016-11-09T23:00:00Z,2016-11-10T04:30:00+05:30,2016-11-10T00:00:00Z,2016-11-10T05:30:00+05:30,1,01:00:00,1,00:15:00,100.0,0.0,2016-11-09T23:45:00Z,2016-11-10T05:15:00+05:30,2016-11-10T00:00:00Z,2016-11-10T05:30:00+05:30
162.0,,,False,2,pm25,µg/m³,,raw,01:00:00,2016-11-09T23:15:00Z,2016-11-10T04:45:00+05:30,2016-11-10T00:15:00Z,2016-11-10T05:45:00+05:30,1,01:00:00,1,00:15:00,100.0,0.0,2016-11-10T00:00:00Z,2016-11-10T05:30:00+05:30,2016-11-10T00:15:00Z,2016-11-10T05:45:00+05:30
153.0,,,False,2,pm25,µg/m³,,raw,01:00:00,2016-11-09T23:30:00Z,2016-11-10T05:00:00+05:30,2016-11-10T00:30:00Z,2016-11-10T06:00:00+05:30,1,01:00:00,1,00:15:00,100.0,0.0,2016-11-10T00:15:00Z,2016-11-10T05:45:00+05:30,2016-11-10T00:30:00Z,2016-11-10T06:00:00+05:30
143.0,,,False,2,pm25,µg/m³,,raw,01:00:00,2016-11-09T23:45:00Z,2016-11-10T05:15:00+05:30,2016-11-10T00:45:00Z,2016-11-10T06:15:00+05:30,1,01:00:00,1,00:15:00,100.0,0.0,2016-11-10T00:30:00Z,2016-11-10T06:00:00+05:30,2016-11-10T00:45:00Z,2016-11-10T06:15:00+05:30
136.0,,,False,2,pm25,µg/m³,,raw,01:00:00,2016-11-10T00:00:00Z,2016-11-10T05:30:00+05:30,2016-11-10T01:00:00Z,2016-11-10T06:30:00+05:30,1,01:00:00,1,00:15:00,100.0,0.0,2016-11-10T00:45:00Z,2016-11-10T06:15:00+05:30,2016-11-10T01:00:00Z,2016-11-10T06:30:00+05:30
130.0,,,False,2,pm25,µg/m³,,raw,01:00:00,2016-11-10T00:15:00Z,2016-11-10T05:45:00+05:30,2016-11-10T01:15:00Z,2016-11-10T06:45:00+05:30,1,01:00:00,1,00:15:00,100.0,0.0,2016-11-10T01:00:00Z,2016-11-10T06:30:00+05:30,2016-11-10T01:15:00Z,2016-11-10T06:45:00+05:30
126.0,,,False,2,pm25,µg/m³,,raw,01:00:00,2016-11-10T00:30:00Z,2016-11-10T06:00:00+05:30,2016-11-10T01:30:00Z,2016-11-10T07:00:00+05:30,1,01:00:00,1,00:15:00,100.0,0.0,2016-11-10T01:15:00Z,2016-11-10T06:45:00+05:30,2016-11-10T01:30:00Z,2016-11-10T07:00:00+05:30
123.0,,,False,2,pm25,µg/m³,,raw,01:00:00,2016-11-10T00:45:00Z,2016-11-10T06:15:00+05:30,2016-11-10T01:45:00Z,2016-11-10T07:15:00+05:30,1,01:00:00,1,00:15:00,100.0,0.0,2016-11-10T01:30:00Z,2016-11-10T07:00:00+05:30,2016-11-10T01:45:00Z,2016-11-10T07:15:00+05:30
117.0,,,False,2,pm25,µg/m³,,raw,01:00:00,2016-11-10T01:00:00Z,2016-11-10T06:30:00+05:30,2016-11-10T02:00:00Z,2016-11-10T07:30:00+05:30,1,01:00:00,1,00:15:00,100.0,0.0,2016-11-10T01:45:00Z,2016-11-10T07:15:00+05:30,2016-11-10T02:00:00Z,2016-11-10T07:30:00+05:30
111.0,,,False,2,pm25,µg/m³,,raw,01:00:00,2016-11-10T01:15:00Z,2016-11-10T06:45:00+05:30,2016-11-10T02:15:00Z,2016-11-10T07:45:00+05:30,1,01:00:00,1,00:15:00,100.0,0.0,2016-11-10T02:00:00Z,2016-11-10T07:30:00+05:30,2016-11-10T02:15:00Z,2016-11-10T07:45:00+05:30
105.0,,,False,2,pm25,µg/m³,,raw,01:00:00,2016-11-10T01:30:00Z,2016-11-10T07:00:00+05:30,2016-11-10T02:30:00Z,2016-11-10T08:00:00+05:30,1,01:00:00,1,00:15:00,100.0,0.0,2016-11-10T02:15:00Z,2016-11-10T07:45:00+05:30,2016-11-10T02:30:00Z,2016-11-10T08:00:00+05:30
98.0,,,False,2,pm25,µg/m³,,raw,01:00:00,2016-11-10T01:45:00Z,2016-11-10T07:15:00+05:30,2016-11-10T02:45:00Z,2016-11-10T08:15:00+05:30,1,01:00:00,1,00:15:00,100.0,0.0,2016-11-10T02:30:00Z,2016-11-10T08:00:00+05:30,2016-11-10T02:45:00Z,2016-11-10T08:15:00+05:30
95.0,,,False,2,pm25,µg/m³,,raw,01:00:00,2016-11-10T02:00:00Z,2016-11-10T07:30:00+05:30,2016-11-10T03:00:00Z,2016-11-10T08:30:00+05:30,1,01:00:00,1,00:15:00,100.0,0.0,2016-11-10T02:45:00Z,2016-11-10T08:15:00+05:30,2016-11-10T03:00:00Z,2016-11-10T08:30:00+05:30
92.0,,,False,2,pm25,µg/m³,,raw,01:00:00,2016-11-10T02:15:00Z,2016-11-10T07:45:00+05:30,2016-11-10T03:15:00Z,2016-11-10T08:45:00+05:30,1,01:00:00,1,00:15:00,100.0,0.0,2016-11-10T03:00:00Z,2016-11-10T08:30:00+05:30,2016-11-10T03:15:00Z,2016-11-10T08:45:00+05:30
90.0,,,False,2,pm25,µg/m³,,raw,01:00:00,2016-11-10T02:30:00Z,2016-11-10T08:00:00+05:30,2016-11-10T03:30:00Z,2016-11-10T09:00:00+05:30,1,01:00:00,1,00:15:00,100.0,0.0,2016-11-10T03:15:00Z,2016-11-10T08:45:00+05:30,2016-11-10T03:30:00Z,2016-11-10T09:00:00+05:30
93.0,,,False,2,pm25,µg/m³,,raw,01:00:00,2016-11-10T02:45:00Z,2016-11-10T08:15:00+05:30,2016-11-10T03:45:00Z,2016-11-10T09:15:00+05:30,1,01:00:00,1,00:15:00,100.0,0.0,2016-11-10T03:30:00Z,2016-11-10T09:00:00+05:30,2016-11-10T03:45:00Z,2016-11-10T09:15:00+05:30
98.0,,,False,2,pm25,µg/m³,,raw,01:00:00,2016-11-10T03:00:00Z,2016-11-10T08:30:00+05:30,2016-11-10T04:00:00Z,2016-11-10T09:30:00+05:30,1,01:00:00,1,00:15:00,100.0,0.0,2016-11-10T03:45:00Z,2016-11-10T09:15:00+05:30,2016-11-10T04:00:00Z,2016-11-10T09:30:00+05:30
104.0,,,False,2,pm25,µg/m³,,raw,01:00:00,2016-11-10T03:15:00Z,2016-11-10T08:45:00+05:30,2016-11-10T04:15:00Z,2016-11-10T09:45:00+05:30,1,01:00:00,1,00:15:00,100.0,0.0,2016-11-10T04:00:00Z,2016-11-10T09:30:00+05:30,2016-11-10T04:15:00Z,2016-11-10T09:45:00+05:30
112.0,,,False,2,pm25,µg/m³,,raw,01:00:00,2016-11-10T03:30:00Z,2016-11-10T09:00:00+05:30,2016-11-10T04:30:00Z,2016-11-10T10:00:00+05:30,1,01:00:00,1,00:15:00,100.0,0.0,2016-11-10T04:15:00Z,2016-11-10T09:45:00+05:30,2016-11-10T04:30:00Z,2016-11-10T10:00:00+05:30
122.0,,,False,2,pm25,µg/m³,,raw,01:00:00,2016-11-10T03:45:00Z,2016-11-10T09:15:00+05:30,2016-11-10T04:45:00Z,2016-11-10T10:15:00+05:30,1,01:00:00,1,00:15:00,100.0,0.0,2016-11-10T04:30:00Z,2016-11-10T10:00:00+05:30,2016-11-10T04:45:00Z,2016-11-10T10:15:00+05:30
11.0,,,False,2,pm25,µg/m³,,raw,01:00:00,2016-11-10T05:00:00Z,2016-11-10T10:30:00+05:30,2016-11-10T06:00:00Z,2016-11-10T11:30:00+05:30,1,01:00:00,1,00:15:00,100.0,0.0,2016-11-10T05:45:00Z,2016-11-10T11:15:00+05:30,2016-11-10T06:00:00Z,2016-11-10T11:30:00+05:30
54.0,,,False,2,pm25,µg/m³,,raw,01:00:00,2016-11-10T05:15:00Z,2016-11-10T10:45:00+05:30,2016-11-10T06:15:00Z,2016-11-10T11:45:00+05:30,1,01:00:00,1,00:15:00,100.0,0.0,2016-11-10T06:00:00Z,2016-11-10T11:30:00+05:30,2016-11-10T06:15:00Z,2016-11-10T11:45:00+05:30
97.0,,,False,2,pm25,µg/m³,,raw,01:00:00,2016-11-10T05:30:00Z,2016-11-10T11:00:00+05:30,2016-11-10T06:30:00Z,2016-11-10T12:00:00+05:30,1,01:00:00,1,00:15:00,100.0,0.0,2016-11-10T06:15:00Z,2016-11-10T11:45:00+05:30,2016-11-10T06:30:00Z,2016-11-10T12:00:00+05:30
140.0,,,False,2,pm25,µg/m³,,raw,01:00:00,2016-11-10T05:45:00Z,2016-11-10T11:15:00+05:30,2016-11-10T06:45:00Z,2016-11-10T12:15:00+05:30,1,01:00:00,1,00:15:00,100.0,0.0,2016-11-10T06:30:00Z,2016-11-10T12:00:00+05:30,2016-11-10T06:45:00Z,2016-11-10T12:15:00+05:30
172.0,,,False,2,pm25,µg/m³,,raw,01:00:00,2016-11-10T06:00:00Z,2016-11-10T11:30:00+05:30,2016-11-10T07:00:00Z,2016-11-10T12:30:00+05:30,1,01:00:00,1,00:15:00,100.0,0.0,2016-11-10T06:45:00Z,2016-11-10T12:15:00+05:30,2016-11-10T07:00:00Z,2016-11-10T12:30:00+05:30
175.0,,,False,2,pm25,µg/m³,,raw,01:00:00,2016-11-10T06:15:00Z,2016-11-10T11:45:00+05:30,2016-11-10T07:15:00Z,2016-11-10T12:45:00+05:30,1,01:00:00,1,00:15:00,100.0,0.0,2016-11-10T07:00:00Z,2016-11-10T12:30:00+05:30,2016-11-10T07:15:00Z,2016-11-10T12:45:00+05:30
183.0,,,False,2,pm25,µg/m³,,raw,01:00:00,2016-11-10T06:30:00Z,2016-11-10T12:00:00+05:30,2016-11-10T07:30:00Z,2016-11-10T13:00:00+05:30,1,01:00:00,1,00:15:00,100.0,0.0,2016-11-10T07:15:00Z,2016-11-10T12:45:00+05:30,2016-11-10T07:30:00Z,2016-11-10T13:00:00+05:30
188.0,,,False,2,pm25,µg/m³,,raw,01:00:00,2016-11-10T06:45:00Z,2016-11-10T12:15:00+05:30,2016-11-10T07:45:00Z,2016-11-10T13:15:00+05:30,1,01:00:00,1,00:15:00,100.0,0.0,2016-11-10T07:30:00Z,2016-11-10T13:00:00+05:30,2016-11-10T07:45:00Z,2016-11-10T13:15:00+05:30
191.0,,,False,2,pm25,µg/m³,,raw,01:00:00,2016-11-10T07:00:00Z,2016-11-10T12:30:00+05:30,2016-11-10T08:00:00Z,2016-11-10T13:30:00+05:30,1,01:00:00,1,00:15:00,100.0,0.0,2016-11-10T07:45:00Z,2016-11-10T13:15:00+05:30,2016-11-10T08:00:00Z,2016-11-10T13:30:00+05:30
193.0,,,False,2,pm25,µg/m³,,raw,01:00:00,2016-11-10T07:15:00Z,2016-11-10T12:45:00+05:30,2016-11-10T08:15:00Z,2016-11-10T13:45:00+05:30,1,01:00:00,1,00:15:00,100.0,0.0,2016-11-10T08:00:00Z,2016-11-10T13:30:00+05:30,2016-11-10T08:15:00Z,2016-11-10T13:45:00+05:30
191.0,,,False,2,pm25,µg/m³,,raw,01:00:00,2016-11-10T07:30:00Z,2016-11-10T13:00:00+05:30,2016-11-10T08:30:00Z,2016-11-10T14:00:00+05:30,1,01:00:00,1,00:15:00,100.0,0.0,2016-11-10T08:15:00Z,2016-11-10T13:45:00+05:30,2016-11-10T08:30:00Z,2016-11-10T14:00:00+05:30
193.0,,,False,2,pm25,µg/m³,,raw,01:00:00,2016-11-10T07:45:00Z,2016-11-10T13:15:00+05:30,2016-11-10T08:45:00Z,2016-11-10T14:15:00+05:30,1,01:00:00,1,00:15:00,100.0,0.0,2016-11-10T08:30:00Z,2016-11-10T14:00:00+05:30,2016-11-10T08:45:00Z,2016-11-10T14:15:00+05:30
195.0,,,False,2,pm25,µg/m³,,raw,01:00:00,2016-11-10T08:00:00Z,2016-11-10T13:30:00+05:30,2016-11-10T09:00:00Z,2016-11-10T14:30:00+05:30,1,01:00:00,1,00:15:00,100.0,0.0,2016-11-10T08:45:00Z,2016-11-10T14:15:00+05:30,2016-11-10T09:00:00Z,2016-11-10T14:30:00+05:30
193.0,,,False,2,pm25,µg/m³,,raw,01:00:00,2016-11-10T08:15:00Z,2016-11-10T13:45:00+05:30,2016-11-10T09:15:00Z,2016-11-10T14:45:00+05:30,1,01:00:00,1,00:15:00,100.0,0.0,2016-11-10T09:00:00Z,2016-11-10T14:30:00+05:30,2016-11-10T09:15:00Z,2016-11-10T14:45:00+05:30
196.0,,,False,2,pm25,µg/m³,,raw,01:00:00,2016-11-10T09:15:00Z,2016-11-10T14:45:00+05:30,2016-11-10T10:15:00Z,2016-11-10T15:45:00+05:30,1,01:00:00,1,00:15:00,100.0,0.0,2016-11-10T10:00:00Z,2016-11-10T15:30:00+05:30,2016-11-10T10:15:00Z,2016-11-10T15:45:00+05:30
203.0,,,False,2,pm25,µg/m³,,raw,01:00:00,2016-11-10T09:30:00Z,2016-11-10T15:00:00+05:30,2016-11-10T10:30:00Z,2016-11-10T16:00:00+05:30,1,01:00:00,1,00:15:00,100.0,0.0,2016-11-10T10:15:00Z,2016-11-10T15:45:00+05:30,2016-11-10T10:30:00Z,2016-11-10T16:00:00+05:30
209.0,,,False,2,pm25,µg/m³,,raw,01:00:00,2016-11-10T09:45:00Z,2016-11-10T15:15:00+05:30,2016-11-10T10:45:00Z,2016-11-10T16:15:00+05:30,1,01:00:00,1,00:15:00,100.0,0.0,2016-11-10T10:30:00Z,2016-11-10T16:00:00+05:30,2016-11-10T10:45:00Z,2016-11-10T16:15:00+05:30
210.0,,,False,2,pm25,µg/m³,,raw,01:00:00,2016-11-10T10:00:00Z,2016-11-10T15:30:00+05:30,2016-11-10T11:00:00Z,2016-11-10T16:30:00+05:30,1,01:00:00,1,00:15:00,100.0,0.0,2016-11-10T10:45:00Z,2016-11-10T16:15:00+05:30,2016-11-10T11:00:00Z,2016-11-10T16:30:00+05:30
200.0,,,False,2,pm25,µg/m³,,raw,01:00:00,2016-11-10T10:15:00Z,2016-11-10T15:45:00+05:30,2016-11-10T11:15:00Z,2016-11-10T16:45:00+05:30,1,01:00:00,1,00:15:00,100.0,0.0,2016-11-10T11:00:00Z,2016-11-10T16:30:00+05:30,2016-11-10T11:15:00Z,2016-11-10T16:45:00+05:30
186.0,,,False,2,pm25,µg/m³,,raw,01:00:00,2016-11-10T10:30:00Z,2016-11-10T16:00:00+05:30,2016-11-10T11:30:00Z,2016-11-10T17:00:00+05:30,1,01:00:00,1,00:15:00,100.0,0.0,2016-11-10T11:15:00Z,2016-11-10T16:45:00+05:30,2016-11-10T11:30:00Z,2016-11-10T17:00:00+05:30
171.0,,,False,2,pm25,µg/m³,,raw,01:00:00,2016-11-10T10:45:00Z,2016-11-10T16:15:00+05:30,2016-11-10T11:45:00Z,2016-11-10T17:15:00+05:30,1,01:00:00,1,00:15:00,100.0,0.0,2016-11-10T11:30:00Z,2016-11-10T17:00:00+05:30,2016-11-10T11:45:00Z,2016-11-10T17:15:00+05:30
162.0,,,False,2,pm25,µg/m³,,raw,01:00:00,2016-11-10T11:00:00Z,2016-11-10T16:30:00+05:30,2016-11-10T12:00:00Z,2016-11-10T17:30:00+05:30,1,01:00:00,1,00:15:00,100.0,0.0,2016-11-10T11:45:00Z,2016-11-10T17:15:00+05:30,2016-11-10T12:00:00Z,2016-11-10T17:30:00+05:30
162.0,,,False,2,pm25,µg/m³,,raw,01:00:00,2016-11-10T11:15:00Z,2016-11-10T16:45:00+05:30,2016-11-10T12:15:00Z,2016-11-10T17:45:00+05:30,1,01:00:00,1,00:15:00,100.0,0.0,2016-11-10T12:00:00Z,2016-11-10T17:30:00+05:30,2016-11-10T12:15:00Z,2016-11-10T17:45:00+05:30
165.0,,,False,2,pm25,µg/m³,,raw,01:00:00,2016-11-10T11:30:00Z,2016-11-10T17:00:00+05:30,2016-11-10T12:30:00Z,2016-11-10T18:00:00+05:30,1,01:00:00,1,00:15:00,100.0,0.0,2016-11-10T12:15:00Z,2016-11-10T17:45:00+05:30,2016-11-10T12:30:00Z,2016-11-10T18:00:00+05:30
170.0,,,False,2,pm25,µg/m³,,raw,01:00:00,2016-11-10T11:45:00Z,2016-11-10T17:15:00+05:30,2016-11-10T12:45:00Z,2016-11-10T18:15:00+05:30,1,01:00:00,1,00:15:00,100.0,0.0,2016-11-10T12:30:00Z,2016-11-10T18:00:00+05:30,2016-11-10T12:45:00Z,2016-11-10T18:15:00+05:30
178.0,,,False,2,pm25,µg/m³,,raw,01:00:00,2016-11-10T12:00:00Z,2016-11-10T17:30:00+05:30,2016-11-10T13:00:00Z,2016-11-10T18:30:00+05:30,1,01:00:00,1,00:15:00,100.0,0.0,2016-11-10T12:45:00Z,2016-11-10T18:15:00+05:30,2016-11-10T13:00:00Z,2016-11-10T18:30:00+05:30
190.0,,,False,2,pm25,µg/m³,,raw,01:00:00,2016-11-10T12:15:00Z,2016-11-10T17:45:00+05:30,2016-11-10T13:15:00Z,2016-11-10T18:45:00+05:30,1,01:00:00,1,00:15:00,100.0,0.0,2016-11-10T13:00:00Z,2016-11-10T18:30:00+05:30,2016-11-10T13:15:00Z,2016-11-10T18:45:00+05:30
204.0,,,False,2,pm25,µg/m³,,raw,01:00:00,2016-11-10T12:30:00Z,2016-11-10T18:00:00+05:30,2016-11-10T13:30:00Z,2016-11-10T19:00:00+05:30,1,01:00:00,1,00:15:00,100.0,0.0,2016-11-10T13:15:00Z,2016-11-10T18:45:00+05:30,2016-11-10T13:30:00Z,2016-11-10T19:00:00+05:30
216.0,,,False,2,pm25,µg/m³,,raw,01:00:00,2016-11-10T12:45:00Z,2016-11-10T18:15:00+05:30,2016-11-10T13:45:00Z,2016-11-10T19:15:00+05:30,1,01:00:00,1,00:15:00,100.0,0.0,2016-11-10T13:30:00Z,2016-11-10T19:00:00+05:30,2016-11-10T13:45:00Z,2016-11-10T19:15:00+05:30
224.0,,,False,2,pm25,µg/m³,,raw,01:00:00,2016-11-10T13:00:00Z,2016-11-10T18:30:00+05:30,2016-11-10T14:00:00Z,2016-11-10T19:30:00+05:30,1,01:00:00,1,00:15:00,100.0,0.0,2016-11-10T13:45:00Z,2016-11-10T19:15:00+05:30,2016-11-10T14:00:00Z,2016-11-10T19:30:00+05:30
230.0,,,False,2,pm25,µg/m³,,raw,01:00:00,2016-11-10T13:15:00Z,2016-11-10T18:45:00+05:30,2016-11-10T14:15:00Z,2016-11-10T19:45:00+05:30,1,01:00:00,1,00:15:00,100.0,0.0,2016-11-10T14:00:00Z,2016-11-10T19:30:00+05:30,2016-11-10T14:15:00Z,2016-11-10T19:45:00+05:30
235.0,,,False,2,pm25,µg/m³,,raw,01:00:00,2016-11-10T13:30:00Z,2016-11-10T19:00:00+05:30,2016-11-10T14:30:00Z,2016-11-10T20:00:00+05:30,1,01:00:00,1,00:15:00,100.0,0.0,2016-11-10T14:15:00Z,2016-11-10T19:45:00+05:30,2016-11-10T14:30:00Z,2016-11-10T20:00:00+05:30
239.0,,,False,2,pm25,µg/m³,,raw,01:00:00,2016-11-10T13:45:00Z,2016-11-10T19:15:00+05:30,2016-11-10T14:45:00Z,2016-11-10T20:15:00+05:30,1,01:00:00,1,00:15:00,100.0,0.0,2016-11-10T14:30:00Z,2016-11-10T20:00:00+05:30,2016-11-10T14:45:00Z,2016-11-10T20:15:00+05:30
242.0,,,False,2,pm25,µg/m³,,raw,01:00:00,2016-11-10T14:00:00Z,2016-11-10T19:30:00+05:30,2016-11-10T15:00:00Z,2016-11-10T20:30:00+05:30,1,01:00:00,1,00:15:00,100.0,0.0,2016-11-10T14:45:00Z,2016-11-10T20:15:00+05:30,2016-11-10T15:00:00Z,2016-11-10T20:30:00+05:30
242.0,,,False,2,pm25,µg/m³,,raw,01:00:00,2016-11-10T14:15:00Z,2016-11-10T19:45:00+05:30,2016-11-10T15:15:00Z,2016-11-10T20:45:00+05:30,1,01:00:00,1,00:15:00,100.0,0.0,2016-11-10T15:00:00Z,2016-11-10T20:30:00+05:30,2016-11-10T15:15:00Z,2016-11-10T20:45:00+05:30
241.0,,,False,2,pm25,µg/m³,,raw,01:00:00,2016-11-10T14:30:00Z,2016-11-10T20:00:00+05:30,2016-11-10T15:30:00Z,2016-11-10T21:00:00+05:30,1,01:00:00,1,00:15:00,100.0,0.0,2016-11-10T15:15:00Z,2016-11-10T20:45:00+05:30,2016-11-10T15:30:00Z,2016-11-10T21:00:00+05:30
241.0,,,False,2,pm25,µg/m³,,raw,01:00:00,2016-11-10T14:45:00Z,2016-11-10T20:15:00+05:30,2016-11-10T15:45:00Z,2016-11-10T21:15:00+05:30,1,01:00:00,1,00:15:00,100.0,0.0,2016-11-10T15:30:00Z,2016-11-10T21:00:00+05:30,2016-11-10T15:45:00Z,2016-11-10T21:15:00+05:30
243.0,,,False,2,pm25,µg/m³,,raw,01:00:00,2016-11-10T15:00:00Z,2016-11-10T20:30:00+05:30,2016-11-10T16:00:00Z,2016-11-10T21:30:00+05:30,1,01:00:00,1,00:15:00,100.0,0.0,2016-11-10T15:45:00Z,2016-11-10T21:15:00+05:30,2016-11-10T16:00:00Z,2016-11-10T21:30:00+05:30
246.0,,,False,2,pm25,µg/m³,,raw,01:00:00,2016-11-10T15:15:00Z,2016-11-10T20:45:00+05:30,2016-11-10T16:15:00Z,2016-11-10T21:45:00+05:30,1,01:00:00,1,00:15:00,100.0,0.0,2016-11-10T16:00:00Z,2016-11-10T21:30:00+05:30,2016-11-10T16:15:00Z,2016-11-10T21:45:00+05:30
248.0,,,False,2,pm25,µg/m³,,raw,01:00:00,2016-11-10T15:30:00Z,2016-11-10T21:00:00+05:30,2016-11-10T16:30:00Z,2016-11-10T22:00:00+05:30,1,01:00:00,1,00:15:00,100.0,0.0,2016-11-10T16:15:00Z,2016-11-10T21:45:00+05:30,2016-11-10T16:30:00Z,2016-11-10T22:00:00+05:30
249.0,,,False,2,pm25,µg/m³,,raw,01:00:00,2016-11-10T15:45:00Z,2016-11-10T21:15:00+05:30,2016-11-10T16:45:00Z,2016-11-10T22:15:00+05:30,1,01:00:00,1,00:15:00,100.0,0.0,2016-11-10T16:30:00Z,2016-11-10T22:00:00+05:30,2016-11-10T16:45:00Z,2016-11-10T22:15:00+05:30
247.0,,,False,2,pm25,µg/m³,,raw,01:00:00,2016-11-10T16:00:00Z,2016-11-10T21:30:00+05:30,2016-11-10T17:00:00Z,2016-11-10T22:30:00+05:30,1,01:00:00,1,00:15:00,100.0,0.0,2016-11-10T16:45:00Z,2016-11-10T22:15:00+05:30,2016-11-10T17:00:00Z,2016-11-10T22:30:00+05:30
245.0,,,False,2,pm25,µg/m³,,raw,01:00:00,2016-11-10T16:15:00Z,2016-11-10T21:45:00+05:30,2016-11-10T17:15:00Z,2016-11-10T22:45:00+05:30,1,01:00:00,1,00:15:00,100.0,0.0,2016-11-10T17:00:00Z,2016-11-10T22:30:00+05:30,2016-11-10T17:15:00Z,2016-11-10T22:45:00+05:30
242.0,,,False,2,pm25,µg/m³,,raw,01:00:00,2016-11-10T16:30:00Z,2016-11-10T22:00:00+05:30,2016-11-10T17:30:00Z,2016-11-10T23:00:00+05:30,1,01:00:00,1,00:15:00,100.0,0.0,2016-11-10T17:15:00Z,2016-11-10T22:45:00+05:30,2016-11-10T17:30:00Z,2016-11-10T23:00:00+05:30
239.0,,,False,2,pm25,µg/m³,,raw,01:00:00,2016-11-10T16:45:00Z,2016-11-10T22:15:00+05:30,2016-11-10T17:45:00Z,2016-11-10T23:15:00+05:30,1,01:00:00,1,00:15:00,100.0,0.0,2016-11-10T17:30:00Z,2016-11-10T23:00:00+05:30,2016-11-10T17:45:00Z,2016-11-10T23:15:00+05:30
239.0,,,False,2,pm25,µg/m³,,raw,01:00:00,2016-11-10T17:00:00Z,2016-11-10T22:30:00+05:30,2016-11-10T18:00:00Z,2016-11-10T23:30:00+05:30,1,01:00:00,1,00:15:00,100.0,0.0,2016-11-10T17:45:00Z,2016-11-10T23:15:00+05:30,2016-11-10T18:00:00Z,2016-11-10T23:30:00+05:30
238.0,,,False,2,pm25,µg/m³,,raw,01:00:00,2016-11-10T17:15:00Z,2016-11-10T22:45:00+05:30,2016-11-10T18:15:00Z,2016-11-10T23:45:00+05:30,1,01:00:00,1,00:15:00,100.0,0.0,2016-11-10T18:00:00Z,2016-11-10T23:30:00+05:30,2016-11-10T18:15:00Z,2016-11-10T23:45:00+05:30
205.0,,,False,2,pm25,µg/m³,,raw,01:00:00,2016-11-10T17:30:00Z,2016-11-10T23:00:00+05:30,2016-11-10T18:30:00Z,2016-11-11T00:00:00+05:30,1,01:00:00,1,00:15:00,100.0,0.0,2016-11-10T18:15:00Z,2016-11-10T23:45:00+05:30,2016-11-10T18:30:00Z,2016-11-11T00:00:00+05:30
230.0,,,False,2,pm25,µg/m³,,raw,01:00:00,2016-11-10T17:45:00Z,2016-11-10T23:15:00+05:30,2016-11-10T18:45:00Z,2016-11-11T00:15:00+05:30,1,01:00:00,1,00:15:00,100.0,0.0,2016-11-10T18:30:00Z,2016-11-11T00:00:00+05:30,2016-11-10T18:45:00Z,2016-11-11T00:15:00+05:30
228.0,,,False,2,pm25,µg/m³,,raw,01:00:00,2016-11-10T18:00:00Z,2016-11-10T23:30:00+05:30,2016-11-10T19:00:00Z,2016-11-11T00:30:00+05:30,1,01:00:00,1,00:15:00,100.0,0.0,2016-11-10T18:45:00Z,2016-11-11T00:15:00+05:30,2016-11-10T19:00:00Z,2016-11-11T00:30:00+05:30
228.0,,,False,2,pm25,µg/m³,,raw,01:00:00,2016-11-10T18:15:00Z,2016-11-10T23:45:00+05:30,2016-11-10T19:15:00Z,2016-11-11T00:45:00+05:30,1,01:00:00,1,00:15:00,100.0,0.0,2016-11-10T19:00:00Z,2016-11-11T00:30:00+05:30,2016-11-10T19:15:00Z,2016-11-11T00:45:00+05:30
234.0,,,False,2,pm25,µg/m³,,raw,01:00:00,2016-11-10T18:30:00Z,2016-11-11T00:00:00+05:30,2016-11-10T19:30:00Z,2016-11-11T01:00:00+05:30,1,01:00:00,1,00:15:00,100.0,0.0,2016-11-10T19:15:00Z,2016-11-11T00:45:00+05:30,2016-11-10T19:30:00Z,2016-11-11T01:00:00+05:30
241.0,,,False,2,pm25,µg/m³,,raw,01:00:00,2016-11-10T18:45:00Z,2016-11-11T00:15:00+05:30,2016-11-10T19:45:00Z,2016-11-11T01:15:00+05:30,1,01:00:00,1,00:15:00,100.0,0.0,2016-11-10T19:30:00Z,2016-11-11T01:00:00+05:30,2016-11-10T19:45:00Z,2016-11-11T01:15:00+05:30
244.0,,,False,2,pm25,µg/m³,,raw,01:00:00,2016-11-10T19:00:00Z,2016-11-11T00:30:00+05:30,2016-11-10T20:00:00Z,2016-11-11T01:30:00+05:30,1,01:00:00,1,00:15:00,100.0,0.0,2016-11-10T19:45:00Z,2016-11-11T01:15:00+05:30,2016-11-10T20:00:00Z,2016-11-11T01:30:00+05:30
248.0,,,False,2,pm25,µg/m³,,raw,01:00:00,2016-11-10T19:15:00Z,2016-11-11T00:45:00+05:30,2016-11-10T20:15:00Z,2016-11-11T01:45:00+05:30,1,01:00:00,1,00:15:00,100.0,0.0,2016-11-10T20:00:00Z,2016-11-11T01:30:00+05:30,2016-11-10T20:15:00Z,2016-11-11T01:45:00+05:30
252.0,,,False,2,pm25,µg/m³,,raw,01:00:00,2016-11-10T19:30:00Z,2016-11-11T01:00:00+05:30,2016-11-10T20:30:00Z,2016-11-11T02:00:00+05:30,1,01:00:00,1,00:15:00,100.0,0.0,2016-11-10T20:15:00Z,2016-11-11T01:45:00+05:30,2016-11-10T20:30:00Z,2016-11-11T02:00:00+05:30
258.0,,,False,2,pm25,µg/m³,,raw,01:00:00,2016-11-10T19:45:00Z,2016-11-11T01:15:00+05:30,2016-11-10T20:45:00Z,2016-11-11T02:15:00+05:30,1,01:00:00,1,00:15:00,100.0,0.0,2016-11-10T20:30:00Z,2016-11-11T02:00:00+05:30,2016-11-10T20:45:00Z,2016-11-11T02:15:00+05:30
262.0,,,False,2,pm25,µg/m³,,raw,01:00:00,2016-11-10T20:00:00Z,2016-11-11T01:30:00+05:30,2016-11-10T21:00:00Z,2016-11-11T02:30:00+05:30,1,01:00:00,1,00:15:00,100.0,0.0,2016-11-10T20:45:00Z,2016-11-11T02:15:00+05:30,2016-11-10T21:00:00Z,2016-11-11T02:30:00+05:30
266.0,,,False,2,pm25,µg/m³,,raw,01:00:00,2016-11-10T20:15:00Z,2016-11-11T01:45:00+05:30,2016-11-10T21:15:00Z,2016-11-11T02:45:00+05:30,1,01:00:00,1,00:15:00,100.0,0.0,2016-11-10T21:00:00Z,2016-11-11T02:30:00+05:30,2016-11-10T21:15:00Z,2016-11-11T02:45:00+05:30
271.0,,,False,2,pm25,µg/m³,,raw,01:00:00,2016-11-10T20:30:00Z,2016-11-11T02:00:00+05:30,2016-11-10T21:30:00Z,2016-11-11T03:00:00+05:30,1,01:00:00,1,00:15:00,100.0,0.0,2016-11-10T21:15:00Z,2016-11-11T02:45:00+05:30,2016-11-10T21:30:00Z,2016-11-11T03:00:00+05:30
272.0,,,False,2,pm25,µg/m³,,raw,01:00:00,2016-11-10T20:45:00Z,2016-11-11T02:15:00+05:30,2016-11-10T21:45:00Z,2016-11-11T03:15:00+05:30,1,01:00:00,1,00:15:00,100.0,0.0,2016-11-10T21:30:00Z,2016-11-11T03:00:00+05:30,2016-11-10T21:45:00Z,2016-11-11T03:15:00+05:30
276.0,,,False,2,pm25,µg/m³,,raw,01:00:00,2016-11-10T21:00:00Z,2016-11-11T02:30:00+05:30,2016-11-10T22:00:00Z,2016-11-11T03:30:00+05:30,1,01:00:00,1,00:15:00,100.0,0.0,2016-11-10T21:45:00Z,2016-11-11T03:15:00+05:30,2016-11-10T22:00:00Z,2016-11-11T03:30:00+05:30
278.0,,,False,2,pm25,µg/m³,,raw,01:00:00,2016-11-10T21:15:00Z,2016-11-11T02:45:00+05:30,2016-11-10T22:15:00Z,2016-11-11T03:45:00+05:30,1,01:00:00,1,00:15:00,100.0,0.0,2016-11-10T22:00:00Z,2016-11-11T03:30:00+05:30,2016-11-10T22:15:00Z,2016-11-11T03:45:00+05:30
275.0,,,False,2,pm25,µg/m³,,raw,01:00:00,2016-11-10T21:30:00Z,2016-11-11T03:00:00+05:30,2016-11-10T22:30:00Z,2016-11-11T04:00:00+05:30,1,01:00:00,1,00:15:00,100.0,0.0,2016-11-10T22:15:00Z,2016-11-11T03:45:00+05:30,2016-11-10T22:30:00Z,2016-11-11T04:00:00+05:30
269.0,,,False,2,pm25,µg/m³,,raw,01:00:00,2016-11-10T21:45:00Z,2016-11-11T03:15:00+05:30,2016-11-10T22:45:00Z,2016-11-11T04:15:00+05:30,1,01:00:00,1,00:15:00,100.0,0.0,2016-11-10T22:30:00Z,2016-11-11T04:00:00+05:30,2016-11-10T22:45:00Z,2016-11-11T04:15:00+05:30
261.0,,,False,2,pm25,µg/m³,,raw,01:00:00,2016-11-10T22:00:00Z,2016-11-11T03:30:00+05:30,2016-11-10T23:00:00Z,2016-11-11T04:30:00+05:30,1,01:00:00,1,00:15:00,100.0,0.0,2016-11-10T22:45:00Z,2016-11-11T04:15:00+05:30,2016-11-10T23:00:00Z,2016-11-11T04:30:00+05:30
254.0,,,False,2,pm25,µg/m³,,raw,01:00:00,2016-11-10T22:15:00Z,2016-11-11T03:45:00+05:30,2016-11-10T23:15:00Z,2016-11-11T04:45:00+05:30,1,01:00:00,1,00:15:00,100.0,0.0,2016-11-10T23:00:00Z,2016-11-11T04:30:00+05:30,2016-11-10T23:15:00Z,2016-11-11T04:45:00+05:30
251.0,,,False,2,pm25,µg/m³,,raw,01:00:00,2016-11-10T22:30:00Z,2016-11-11T04:00:00+05:30,2016-11-10T23:30:00Z,2016-11-11T05:00:00+05:30,1,01:00:00,1,00:15:00,100.0,0.0,2016-11-10T23:15:00Z,2016-11-11T04:45:00+05:30,2016-11-10T23:30:00Z,2016-11-11T05:00:00+05:30
261.0,,,False,2,pm25,µg/m³,,raw,01:00:00,2016-11-10T22:45:00Z,2016-11-11T04:15:00+05:30,2016-11-10T23:45:00Z,2016-11-11T05:15:00+05:30,1,01:00:00,1,00:15:00,100.0,0.0,2016-11-10T23:30:00Z,2016-11-11T05:00:00+05:30,2016-11-10T23:45:00Z,2016-11-11T05:15:00+05:30
270.0,,,False,2,pm25,µg/m³,,raw,01:00:00,2016-11-10T23:00:00Z,2016-11-11T04:30:00+05:30,2016-11-11T00:00:00Z,2016-11-11T05:30:00+05:30,1,01:00:00,1,00:15:00,100.0,0.0,2016-11-10T23:45:00Z,2016-11-11T05:15:00+05:30,2016-11-11T00:00:00Z,2016-11-11T05:30:00+05:30
274.0,,,False,2,pm25,µg/m³,,raw,01:00:00,2016-11-10T23:15:00Z,2016-11-11T04:45:00+05:30,2016-11-11T00:15:00Z,2016-11-11T05:45:00+05:30,1,01:00:00,1,00:15:00,100.0,0.0,2016-11-11T00:00:00Z,2016-11-11T05:30:00+05:30,2016-11-11T00:15:00Z,2016-11-11T05:45:00+05:30
278.0,,,False,2,pm25,µg/m³,,raw,01:00:00,2016-11-10T23:30:00Z,2016-11-11T05:00:00+05:30,2016-11-11T00:30:00Z,2016-11-11T06:00:00+05:30,1,01:00:00,1,00:15:00,100.0,0.0,2016-11-11T00:15:00Z,2016-11-11T05:45:00+05:30,2016-11-11T00:30:00Z,2016-11-11T06:00:00+05:30
272.0,,,False,2,pm25,µg/m³,,raw,01:00:00,2016-11-10T23:45:00Z,2016-11-11T05:15:00+05:30,2016-11-11T00:45:00Z,2016-11-11T06:15:00+05:30,1,01:00:00,1,00:15:00,100.0,0.0,2016-11-11T00:30:00Z,2016-11-11T06:00:00+05:30,2016-11-11T00:45:00Z,2016-11-11T06:15:00+05:30
270.0,,,False,2,pm25,µg/m³,,raw,01:00:00,2016-11-11T00:00:00Z,2016-11-11T05:30:00+05:30,2016-11-11T01:00:00Z,2016-11-11T06:30:00+05:30,1,01:00:00,1,00:15:00,100.0,0.0,2016-11-11T00:45:00Z,2016-11-11T06:15:00+05:30,2016-11-11T01:00:00Z,2016-11-11T06:30:00+05:30
274.0,,,False,2,pm25,µg/m³,,raw,01:00:00,2016-11-11T00:15:00Z,2016-11-11T05:45:00+05:30,2016-11-11T01:15:00Z,2016-11-11T06:45:00+05:30,1,01:00:00,1,00:15:00,100.0,0.0,2016-11-11T01:00:00Z,2016-11-11T06:30:00+05:30,2016-11-11T01:15:00Z,2016-11-11T06:45:00+05:30
276.0,,,False,2,pm25,µg/m³,,raw,01:00:00,2016-11-11T00:30:00Z,2016-11-11T06:00:00+05:30,2016-11-11T01:30:00Z,2016-11-11T07:00:00+05:30,1,01:00:00,1,00:15:00,100.0,0.0,2016-11-11T01:15:00Z,2016-11-11T06:45:00+05:30,2016-11-11T01:30:00Z,2016-11-11T07:00:00+05:30
279.0,,,False,2,pm25,µg/m³,,raw,01:00:00,2016-11-11T00:45:00Z,2016-11-11T06:15:00+05:30,2016-11-11T01:45:00Z,2016-11-11T07:15:00+05:30,1,01:00:00,1,00:15:00,100.0,0.0,2016-11-11T01:30:00Z,2016-11-11T07:00:00+05:30,2016-11-11T01:45:00Z,2016-11-11T07:15:00+05:30
277.0,,,False,2,pm25,µg/m³,,raw,01:00:00,2016-11-11T01:00:00Z,2016-11-11T06:30:00+05:30,2016-11-11T02:00:00Z,2016-11-11T07:30:00+05:30,1,01:00:00,1,00:15:00,100.0,0.0,2016-11-11T01:45:00Z,2016-11-11T07:15:00+05:30,2016-11-11T02:00:00Z,2016-11-11T07:30:00+05:30
277.0,,,False,2,pm25,µg/m³,,raw,01:00:00,2016-11-11T01:15:00Z,2016-11-11T06:45:00+05:30,2016-11-11T02:15:00Z,2016-11-11T07:45:00+05:30,1,01:00:00,1,00:15:00,100.0,0.0,2016-11-11T02:00:00Z,2016-11-11T07:30:00+05:30,2016-11-11T02:15:00Z,2016-11-11T07:45:00+05:30
283.0,,,False,2,pm25,µg/m³,,raw,01:00:00,2016-11-11T01:30:00Z,2016-11-11T07:00:00+05:30,2016-11-11T02:30:00Z,2016-11-11T08:00:00+05:30,1,01:00:00,1,00:15:00,100.0,0.0,2016-11-11T02:15:00Z,2016-11-11T07:45:00+05:30,2016-11-11T02:30:00Z,2016-11-11T08:00:00+05:30
294.0,,,False,2,pm25,µg/m³,,raw,01:00:00,2016-11-11T01:45:00Z,2016-11-11T07:15:00+05:30,2016-11-11T02:45:00Z,2016-11-11T08:15:00+05:30,1,01:00:00,1,00:15:00,100.0,0.0,2016-11-11T02:30:00Z,2016-11-11T08:00:00+05:30,2016-11-11T02:45:00Z,2016-11-11T08:15:00+05:30
310.0,,,False,2,pm25,µg/m³,,raw,01:00:00,2016-11-11T02:00:00Z,2016-11-11T07:30:00+05:30,2016-11-11T03:00:00Z,2016-11-11T08:30:00+05:30,1,01:00:00,1,00:15:00,100.0,0.0,2016-11-11T02:45:00Z,2016-11-11T08:15:00+05:30,2016-11-11T03:00:00Z,2016-11-11T08:30:00+05:30
328.0,,,False,2,pm25,µg/m³,,raw,01:00:00,2016-11-11T02:15:00Z,2016-11-11T07:45:00+05:30,2016-11-11T03:15:00Z,2016-11-11T08:45:00+05:30,1,01:00:00,1,00:15:00,100.0,0.0,2016-11-11T03:00:00Z,2016-11-11T08:30:00+05:30,2016-11-11T03:15:00Z,2016-11-11T08:45:00+05:30
342.0,,,False,2,pm25,µg/m³,,raw,01:00:00,2016-11-11T02:30:00Z,2016-11-11T08:00:00+05:30,2016-11-11T03:30:00Z,2016-11-11T09:00:00+05:30,1,01:00:00,1,00:15:00,100.0,0.0,2016-11-11T03:15:00Z,2016-11-11T08:45:00+05:30,2016-11-11T03:30:00Z,2016-11-11T09:00:00+05:30
349.0,,,False,2,pm25,µg/m³,,raw,01:00:00,2016-11-11T02:45:00Z,2016-11-11T08:15:00+05:30,2016-11-11T03:45:00Z,2016-11-11T09:15:00+05:30,1,01:00:00,1,00:15:00,100.0,0.0,2016-11-11T03:30:00Z,2016-11-11T09:00:00+05:30,2016-11-11T03:45:00Z,2016-11-11T09:15:00+05:30
349.0,,,False,2,pm25,µg/m³,,raw,01:00:00,2016-11-11T03:00:00Z,2016-11-11T08:30:00+05:30,2016-11-11T04:00:00Z,2016-11-11T09:30:00+05:30,1,01:00:00,1,00:15:00,100.0,0.0,2016-11-11T03:45:00Z,2016-11-11T09:15:00+05:30,2016-11-11T04:00:00Z,2016-11-11T09:30:00+05:30
344.0,,,False,2,pm25,µg/m³,,raw,01:00:00,2016-11-11T03:15:00Z,2016-11-11T08:45:00+05:30,2016-11-11T04:15:00Z,2016-11-11T09:45:00+05:30,1,01:00:00,1,00:15:00,100.0,0.0,2016-11-11T04:00:00Z,2016-11-11T09:30:00+05:30,2016-11-11T04:15:00Z,2016-11-11T09:45:00+05:30
329.0,,,False,2,pm25,µg/m³,,raw,01:00:00,2016-11-11T03:30:00Z,2016-11-11T09:00:00+05:30,2016-11-11T04:30:00Z,2016-11-11T10:00:00+05:30,1,01:00:00,1,00:15:00,100.0,0.0,2016-11-11T04:15:00Z,2016-11-11T09:45:00+05:30,2016-11-11T04:30:00Z,2016-11-11T10:00:00+05:30
306.0,,,False,2,pm25,µg/m³,,raw,01:00:00,2016-11-11T03:45:00Z,2016-11-11T09:15:00+05:30,2016-11-11T04:45:00Z,2016-11-11T10:15:00+05:30,1,01:00:00,1,00:15:00,100.0,0.0,2016-11-11T04:30:00Z,2016-11-11T10:00:00+05:30,2016-11-11T04:45:00Z,2016-11-11T10:15:00+05:30
280.0,,,False,2,pm25,µg/m³,,raw,01:00:00,2016-11-11T04:00:00Z,2016-11-11T09:30:00+05:30,2016-11-11T05:00:00Z,2016-11-11T10:30:00+05:30,1,01:00:00,1,00:15:00,100.0,0.0,2016-11-11T04:45:00Z,2016-11-11T10:15:00+05:30,2016-11-11T05:00:00Z,2016-11-11T10:30:00+05:30
251.0,,,False,2,pm25,µg/m³,,raw,01:00:00,2016-11-11T04:15:00Z,2016-11-11T09:45:00+05:30,2016-11-11T05:15:00Z,2016-11-11T10:45:00+05:30,1,01:00:00,1,00:15:00,100.0,0.0,2016-11-11T05:00:00Z,2016-11-11T10:30:00+05:30,2016-11-11T05:15:00Z,2016-11-11T10:45:00+05:30
231.0,,,False,2,pm25,µg/m³,,raw,01:00:00,2016-11-11T04:30:00Z,2016-11-11T10:00:00+05:30,2016-11-11T05:30:00Z,2016-11-11T11:00:00+05:30,1,01:00:00,1,00:15:00,100.0,0.0,2016-11-11T05:15:00Z,2016-11-11T10:45:00+05:30,2016-11-11T05:30:00Z,2016-11-11T11:00:00+05:30
222.0,,,False,2,pm25,µg/m³,,raw,01:00:00,2016-11-11T04:45:00Z,2016-11-11T10:15:00+05:30,2016-11-11T05:45:00Z,2016-11-11T11:15:00+05:30,1,01:00:00,1,00:15:00,100.0,0.0,2016-11-11T05:30:00Z,2016-11-11T11:00:00+05:30,2016-11-11T05:45:00Z,2016-11-11T11:15:00+05:30
218.0,,,False,2,pm25,µg/m³,,raw,01:00:00,2016-11-11T05:00:00Z,2016-11-11T10:30:00+05:30,2016-11-11T06:00:00Z,2016-11-11T11:30:00+05:30,1,01:00:00,1,00:15:00,100.0,0.0,2016-11-11T05:45:00Z,2016-11-11T11:15:00+05:30,2016-11-11T06:00:00Z,2016-11-11T11:30:00+05:30
214.0,,,False,2,pm25,µg/m³,,raw,01:00:00,2016-11-11T05:15:00Z,2016-11-11T10:45:00+05:30,2016-11-11T06:15:00Z,2016-11-11T11:45:00+05:30,1,01:00:00,1,00:15:00,100.0,0.0,2016-11-11T06:00:00Z,2016-11-11T11:30:00+05:30,2016-11-11T06:15:00Z,2016-11-11T11:45:00+05:30
208.0,,,False,2,pm25,µg/m³,,raw,01:00:00,2016-11-11T05:30:00Z,2016-11-11T11:00:00+05:30,2016-11-11T06:30:00Z,2016-11-11T12:00:00+05:30,1,01:00:00,1,00:15:00,100.0,0.0,2016-11-11T06:15:00Z,2016-11-11T11:45:00+05:30,2016-11-11T06:30:00Z,2016-11-11T12:00:00+05:30
198.0,,,False,2,pm25,µg/m³,,raw,01:00:00,2016-11-11T05:45:00Z,2016-11-11T11:15:00+05:30,2016-11-11T06:45:00Z,2016-11-11T12:15:00+05:30,1,01:00:00,1,00:15:00,100.0,0.0,2016-11-11T06:30:00Z,2016-11-11T12:00:00+05:30,2016-11-11T06:45:00Z,2016-11-11T12:15:00+05:30
186.0,,,False,2,pm25,µg/m³,,raw,01:00:00,2016-11-11T06:00:00Z,2016-11-11T11:30:00+05:30,2016-11-11T07:00:00Z,2016-11-11T12:30:00+05:30,1,01:00:00,1,00:15:00,100.0,0.0,2016-11-11T06:45:00Z,2016-11-11T12:15:00+05:30,2016-11-11T07:00:00Z,2016-11-11T12:30:00+05:30
179.0,,,False,2,pm25,µg/m³,,raw,01:00:00,2016-11-11T06:15:00Z,2016-11-11T11:45:00+05:30,2016-11-11T07:15:00Z,2016-11-11T12:45:00+05:30,1,01:00:00,1,00:15:00,100.0,0.0,2016-11-11T07:00:00Z,2016-11-11T12:30:00+05:30,2016-11-11T07:15:00Z,2016-11-11T12:45:00+05:30
172.0,,,False,2,pm25,µg/m³,,raw,01:00:00,2016-11-11T06:30:00Z,2016-11-11T12:00:00+05:30,2016-11-11T07:30:00Z,2016-11-11T13:00:00+05:30,1,01:00:00,1,00:15:00,100.0,0.0,2016-11-11T07:15:00Z,2016-11-11T12:45:00+05:30,2016-11-11T07:30:00Z,2016-11-11T13:00:00+05:30
165.0,,,False,2,pm25,µg/m³,,raw,01:00:00,2016-11-11T06:45:00Z,2016-11-11T12:15:00+05:30,2016-11-11T07:45:00Z,2016-11-11T13:15:00+05:30,1,01:00:00,1,00:15:00,100.0,0.0,2016-11-11T07:30:00Z,2016-11-11T13:00:00+05:30,2016-11-11T07:45:00Z,2016-11-11T13:15:00+05:30
161.0,,,False,2,pm25,µg/m³,,raw,01:00:00,2016-11-11T07:00:00Z,2016-11-11T12:30:00+05:30,2016-11-11T08:00:00Z,2016-11-11T13:30:00+05:30,1,01:00:00,1,00:15:00,100.0,0.0,2016-11-11T07:45:00Z,2016-11-11T13:15:00+05:30,2016-11-11T08:00:00Z,2016-11-11T13:30:00+05:30
153.0,,,False,2,pm25,µg/m³,,raw,01:00:00,2016-11-11T07:15:00Z,2016-11-11T12:45:00+05:30,2016-11-11T08:15:00Z,2016-11-11T13:45:00+05:30,1,01:00:00,1,00:15:00,100.0,0.0,2016-11-11T08:00:00Z,2016-11-11T13:30:00+05:30,2016-11-11T08:15:00Z,2016-11-11T13:45:00+05:30
150.0,,,False,2,pm25,µg/m³,,raw,01:00:00,2016-11-11T07:30:00Z,2016-11-11T13:00:00+05:30,2016-11-11T08:30:00Z,2016-11-11T14:00:00+05:30,1,01:00:00,1,00:15:00,100.0,0.0,2016-11-11T08:15:00Z,2016-11-11T13:45:00+05:30,2016-11-11T08:30:00Z,2016-11-11T14:00:00+05:30
147.0,,,False,2,pm25,µg/m³,,raw,01:00:00,2016-11-11T07:45:00Z,2016-11-11T13:15:00+05:30,2016-11-11T08:45:00Z,2016-11-11T14:15:00+05:30,1,01:00:00,1,00:15:00,100.0,0.0,2016-11-11T08:30:00Z,2016-11-11T14:00:00+05:30,2016-11-11T08:45:00Z,2016-11-11T14:15:00+05:30
144.0,,,False,2,pm25,µg/m³,,raw,01:00:00,2016-11-11T08:00:00Z,2016-11-11T13:30:00+05:30,2016-11-11T09:00:00Z,2016-11-11T14:30:00+05:30,1,01:00:00,1,00:15:00,100.0,0.0,2016-11-11T08:45:00Z,2016-11-11T14:15:00+05:30,2016-11-11T09:00:00Z,2016-11-11T14:30:00+05:30
143.0,,,False,2,pm25,µg/m³,,raw,01:00:00,2016-11-11T08:15:00Z,2016-11-11T13:45:00+05:30,2016-11-11T09:15:00Z,2016-11-11T14:45:00+05:30,1,01:00:00,1,00:15:00,100.0,0.0,2016-11-11T09:00:00Z,2016-11-11T14:30:00+05:30,2016-11-11T09:15:00Z,2016-11-11T14:45:00+05:30
141.0,,,False,2,pm25,µg/m³,,raw,01:00:00,2016-11-11T08:30:00Z,2016-11-11T14:00:00+05:30,2016-11-11T09:30:00Z,2016-11-11T15:00:00+05:30,1,01:00:00,1,00:15:00,100.0,0.0,2016-11-11T09:15:00Z,2016-11-11T14:45:00+05:30,2016-11-11T09:30:00Z,2016-11-11T15:00:00+05:30
140.0,,,False,2,pm25,µg/m³,,raw,01:00:00,2016-11-11T08:45:00Z,2016-11-11T14:15:00+05:30,2016-11-11T09:45:00Z,2016-11-11T15:15:00+05:30,1,01:00:00,1,00:15:00,100.0,0.0,2016-11-11T09:30:00Z,2016-11-11T15:00:00+05:30,2016-11-11T09:45:00Z,2016-11-11T15:15:00+05:30
140.0,,,False,2,pm25,µg/m³,,raw,01:00:00,2016-11-11T09:00:00Z,2016-11-11T14:30:00+05:30,2016-11-11T10:00:00Z,2016-11-11T15:30:00+05:30,1,01:00:00,1,00:15:00,100.0,0.0,2016-11-11T09:45:00Z,2016-11-11T15:15:00+05:30,2016-11-11T10:00:00Z,2016-11-11T15:30:00+05:30
138.0,,,False,2,pm25,µg/m³,,raw,01:00:00,2016-11-11T09:15:00Z,2016-11-11T14:45:00+05:30,2016-11-11T10:15:00Z,2016-11-11T15:45:00+05:30,1,01:00:00,1,00:15:00,100.0,0.0,2016-11-11T10:00:00Z,2016-11-11T15:30:00+05:30,2016-11-11T10:15:00Z,2016-11-11T15:45:00+05:30
135.0,,,False,2,pm25,µg/m³,,raw,01:00:00,2016-11-11T09:30:00Z,2016-11-11T15:00:00+05:30,2016-11-11T10:30:00Z,2016-11-11T16:00:00+05:30,1,01:00:00,1,00:15:00,100.0,0.0,2016-11-11T10:15:00Z,2016-11-11T15:45:00+05:30,2016-11-11T10:30:00Z,2016-11-11T16:00:00+05:30
131.0,,,False,2,pm25,µg/m³,,raw,01:00:00,2016-11-11T09:45:00Z,2016-11-11T15:15:00+05:30,2016-11-11T10:45:00Z,2016-11-11T16:15:00+05:30,1,01:00:00,1,00:15:00,100.0,0.0,2016-11-11T10:30:00Z,2016-11-11T16:00:00+05:30,2016-11-11T10:45:00Z,2016-11-11T16:15:00+05:30
127.0,,,False,2,pm25,µg/m³,,raw,01:00:00,2016-11-11T10:00:00Z,2016-11-11T15:30:00+05:30,2016-11-11T11:00:00Z,2016-11-11T16:30:00+05:30,1,01:00:00,1,00:15:00,100.0,0.0,2016-11-11T10:45:00Z,2016-11-11T16:15:00+05:30,2016-11-11T11:00:00Z,2016-11-11T16:30:00+05:30
128.0,,,False,2,pm25,µg/m³,,raw,01:00:00,2016-11-11T10:15:00Z,2016-11-11T15:45:00+05:30,2016-11-11T11:15:00Z,2016-11-11T16:45:00+05:30,1,01:00:00,1,00:15:00,100.0,0.0,2016-11-11T11:00:00Z,2016-11-11T16:30:00+05:30,2016-11-11T11:15:00Z,2016-11-11T16:45:00+05:30
131.0,,,False,2,pm25,µg/m³,,raw,01:00:00,2016-11-11T10:30:00Z,2016-11-11T16:00:00+05:30,2016-11-11T11:30:00Z,2016-11-11T17:00:00+05:30,1,01:00:00,1,00:15:00,100.0,0.0,2016-11-11T11:15:00Z,2016-11-11T16:45:00+05:30,2016-11-11T11:30:00Z,2016-11-11T17:00:00+05:30
135.0,,,False,2,pm25,µg/m³,,raw,01:00:00,2016-11-11T10:45:00Z,2016-11-11T16:15:00+05:30,2016-11-11T11:45:00Z,2016-11-11T17:15:00+05:30,1,01:00:00,1,00:15:00,100.0,0.0,2016-11-11T11:30:00Z,2016-11-11T17:00:00+05:30,2016-11-11T11:45:00Z,2016-11-11T17:15:00+05:30
141.0,,,False,2,pm25,µg/m³,,raw,01:00:00,2016-11-11T11:00:00Z,2016-11-11T16:30:00+05:30,2016-11-11T12:00:00Z,2016-11-11T17:30:00+05:30,1,01:00:00,1,00:15:00,100.0,0.0,2016-11-11T11:45:00Z,2016-11-11T17:15:00+05:30,2016-11-11T12:00:00Z,2016-11-11T17:30:00+05:30
146.0,,,False,2,pm25,µg/m³,,raw,01:00:00,2016-11-11T11:15:00Z,2016-11-11T16:45:00+05:30,2016-11-11T12:15:00Z,2016-11-11T17:45:00+05:30,1,01:00:00,1,00:15:00,100.0,0.0,2016-11-11T12:00:00Z,2016-11-11T17:30:00+05:30,2016-11-11T12:15:00Z,2016-11-11T17:45:00+05:30
151.0,,,False,2,pm25,µg/m³,,raw,01:00:00,2016-11-11T11:30:00Z,2016-11-11T17:00:00+05:30,2016-11-11T12:30:00Z,2016-11-11T18:00:00+05:30,1,01:00:00,1,00:15:00,100.0,0.0,2016-11-11T12:15:00Z,2016-11-11T17:45:00+05:30,2016-11-11T12:30:00Z,2016-11-11T18:00:00+05:30
155.0,,,False,2,pm25,µg/m³,,raw,01:00:00,2016-11-11T11:45:00Z,2016-11-11T17:15:00+05:30,2016-11-11T12:45:00Z,2016-11-11T18:15:00+05:30,1,01:00:00,1,00:15:00,100.0,0.0,2016-11-11T12:30:00Z,2016-11-11T18:00:00+05:30,2016-11-11T12:45:00Z,2016-11-11T18:15:00+05:30
158.0,,,False,2,pm25,µg/m³,,raw,01:00:00,2016-11-11T12:00:00Z,2016-11-11T17:30:00+05:30,2016-11-11T13:00:00Z,2016-11-11T18:30:00+05:30,1,01:00:00,1,00:15:00,100.0,0.0,2016-11-11T12:45:00Z,2016-11-11T18:15:00+05:30,2016-11-11T13:00:00Z,2016-11-11T18:30:00+05:30
164.0,,,False,2,pm25,µg/m³,,raw,01:00:00,2016-11-11T12:15:00Z,2016-11-11T17:45:00+05:30,2016-11-11T13:15:00Z,2016-11-11T18:45:00+05:30,1,01:00:00,1,00:15:00,100.0,0.0,2016-11-11T13:00:00Z,2016-11-11T18:30:00+05:30,2016-11-11T13:15:00Z,2016-11-11T18:45:00+05:30
173.0,,,False,2,pm25,µg/m³,,raw,01:00:00,2016-11-11T12:45:00Z,2016-11-11T18:15:00+05:30,2016-11-11T13:45:00Z,2016-11-11T19:15:00+05:30,1,01:00:00,1,00:15:00,100.0,0.0,2016-11-11T13:30:00Z,2016-11-11T19:00:00+05:30,2016-11-11T13:45:00Z,2016-11-11T19:15:00+05:30
178.0,,,False,2,pm25,µg/m³,,raw,01:00:00,2016-11-11T13:00:00Z,2016-11-11T18:30:00+05:30,2016-11-11T14:00:00Z,2016-11-11T19:30:00+05:30,1,01:00:00,1,00:15:00,100.0,0.0,2016-11-11T13:45:00Z,2016-11-11T19:15:00+05:30,2016-11-11T14:00:00Z,2016-11-11T19:30:00+05:30
183.0,,,False,2,pm25,µg/m³,,raw,01:00:00,2016-11-11T13:15:00Z,2016-11-11T18:45:00+05:30,2016-11-11T14:15:00Z,2016-11-11T19:45:00+05:30,1,01:00:00,1,00:15:00,100.0,0.0,2016-11-11T14:00:00Z,2016-11-11T19:30:00+05:30,2016-11-11T14:15:00Z,2016-11-11T19:45:00+05:30
186.0,,,False,2,pm25,µg/m³,,raw,01:00:00,2016-11-11T13:30:00Z,2016-11-11T19:00:00+05:30,2016-11-11T14:30:00Z,2016-11-11T20:00:00+05:30,1,01:00:00,1,00:15:00,100.0,0.0,2016-11-11T14:15:00Z,2016-11-11T19:45:00+05:30,2016-11-11T14:30:00Z,2016-11-11T20:00:00+05:30
189.0,,,False,2,pm25,µg/m³,,raw,01:00:00,2016-11-11T13:45:00Z,2016-11-11T19:15:00+05:30,2016-11-11T14:45:00Z,2016-11-11T20:15:00+05:30,1,01:00:00,1,00:15:00,100.0,0.0,2016-11-11T14:30:00Z,2016-11-11T20:00:00+05:30,2016-11-11T14:45:00Z,2016-11-11T20:15:00+05:30
189.0,,,False,2,pm25,µg/m³,,raw,01:00:00,2016-11-11T14:00:00Z,2016-11-11T19:30:00+05:30,2016-11-11T15:00:00Z,2016-11-11T20:30:00+05:30,1,01:00:00,1,00:15:00,100.0,0.0,2016-11-11T14:45:00Z,2016-11-11T20:15:00+05:30,2016-11-11T15:00:00Z,2016-11-11T20:30:00+05:30
187.0,,,False,2,pm25,µg/m³,,raw,01:00:00,2016-11-11T14:15:00Z,2016-11-11T19:45:00+05:30,2016-11-11T15:15:00Z,2016-11-11T20:45:00+05:30,1,01:00:00,1,00:15:00,100.0,0.0,2016-11-11T15:00:00Z,2016-11-11T20:30:00+05:30,2016-11-11T15:15:00Z,2016-11-11T20:45:00+05:30
188.0,,,False,2,pm25,µg/m³,,raw,01:00:00,2016-11-11T14:30:00Z,2016-11-11T20:00:00+05:30,2016-11-11T15:30:00Z,2016-11-11T21:00:00+05:30,1,01:00:00,1,00:15:00,100.0,0.0,2016-11-11T15:15:00Z,2016-11-11T20:45:00+05:30,2016-11-11T15:30:00Z,2016-11-11T21:00:00+05:30
189.0,,,False,2,pm25,µg/m³,,raw,01:00:00,2016-11-11T14:45:00Z,2016-11-11T20:15:00+05:30,2016-11-11T15:45:00Z,2016-11-11T21:15:00+05:30,1,01:00:00,1,00:15:00,100.0,0.0,2016-11-11T15:30:00Z,2016-11-11T21:00:00+05:30,2016-11-11T15:45:00Z,2016-11-11T21:15:00+05:30
193.0,,,False,2,pm25,µg/m³,,raw,01:00:00,2016-11-11T15:00:00Z,2016-11-11T20:30:00+05:30,2016-11-11T16:00:00Z,2016-11-11T21:30:00+05:30,1,01:00:00,1,00:15:00,100.0,0.0,2016-11-11T15:45:00Z,2016-11-11T21:15:00+05:30,2016-11-11T16:00:00Z,2016-11-11T21:30:00+05:30
196.0,,,False,2,pm25,µg/m³,,raw,01:00:00,2016-11-11T15:15:00Z,2016-11-11T20:45:00+05:30,2016-11-11T16:15:00Z,2016-11-11T21:45:00+05:30,1,01:00:00,1,00:15:00,100.0,0.0,2016-11-11T16:00:00Z,2016-11-11T21:30:00+05:30,2016-11-11T16:15:00Z,2016-11-11T21:45:00+05:30
201.0,,,False,2,pm25,µg/m³,,raw,01:00:00,2016-11-11T15:30:00Z,2016-11-11T21:00:00+05:30,2016-11-11T16:30:00Z,2016-11-11T22:00:00+05:30,1,01:00:00,1,00:15:00,100.0,0.0,2016-11-11T16:15:00Z,2016-11-11T21:45:00+05:30,2016-11-11T16:30:00Z,2016-11-11T22:00:00+05:30
205.0,,,False,2,pm25,µg/m³,,raw,01:00:00,2016-11-11T15:45:00Z,2016-11-11T21:15:00+05:30,2016-11-11T16:45:00Z,2016-11-11T22:15:00+05:30,1,01:00:00,1,00:15:00,100.0,0.0,2016-11-11T16:30:00Z,2016-11-11T22:00:00+05:30,2016-11-11T16:45:00Z,2016-11-11T22:15:00+05:30
211.0,,,False,2,pm25,µg/m³,,raw,01:00:00,2016-11-11T16:00:00Z,2016-11-11T21:30:00+05:30,2016-11-11T17:00:00Z,2016-11-11T22:30:00+05:30,1,01:00:00,1,00:15:00,100.0,0.0,2016-11-11T16:45:00Z,2016-11-11T22:15:00+05:30,2016-11-11T17:00:00Z,2016-11-11T22:30:00+05:30
217.0,,,False,2,pm25,µg/m³,,raw,01:00:00,2016-11-11T16:15:00Z,2016-11-11T21:45:00+05:30,2016-11-11T17:15:00Z,2016-11-11T22:45:00+05:30,1,01:00:00,1,00:15:00,100.0,0.0,2016-11-11T17:00:00Z,2016-11-11T22:30:00+05:30,2016-11-11T17:15:00Z,2016-11-11T22:45:00+05:30
220.0,,,False,2,pm25,µg/m³,,raw,01:00:00,2016-11-11T16:30:00Z,2016-11-11T22:00:00+05:30,2016-11-11T17:30:00Z,2016-11-11T23:00:00+05:30,1,01:00:00,1,00:15:00,100.0,0.0,2016-11-11T17:15:00Z,2016-11-11T22:45:00+05:30,2016-11-11T17:30:00Z,2016-11-11T23:00:00+05:30
220.0,,,False,2,pm25,µg/m³,,raw,01:00:00,2016-11-11T16:45:00Z,2016-11-11T22:15:00+05:30,2016-11-11T17:45:00Z,2016-11-11T23:15:00+05:30,1,01:00:00,1,00:15:00,100.0,0.0,2016-11-11T17:30:00Z,2016-11-11T23:00:00+05:30,2016-11-11T17:45:00Z,2016-11-11T23:15:00+05:30
216.0,,,False,2,pm25,µg/m³,,raw,01:00:00,2016-11-11T17:00:00Z,2016-11-11T22:30:00+05:30,2016-11-11T18:00:00Z,2016-11-11T23:30:00+05:30,1,01:00:00,1,00:15:00,100.0,0.0,2016-11-11T17:45:00Z,2016-11-11T23:15:00+05:30,2016-11-11T18:00:00Z,2016-11-11T23:30:00+05:30
210.0,,,False,2,pm25,µg/m³,,raw,01:00:00,2016-11-11T17:15:00Z,2016-11-11T22:45:00+05:30,2016-11-11T18:15:00Z,2016-11-11T23:45:00+05:30,1,01:00:00,1,00:15:00,100.0,0.0,2016-11-11T18:00:00Z,2016-11-11T23:30:00+05:30,2016-11-11T18:15:00Z,2016-11-11T23:45:00+05:30
198.0,,,False,2,pm25,µg/m³,,raw,01:00:00,2016-11-11T17:30:00Z,2016-11-11T23:00:00+05:30,2016-11-11T18:30:00Z,2016-11-12T00:00:00+05:30,1,01:00:00,1,00:15:00,100.0,0.0,2016-11-11T18:15:00Z,2016-11-11T23:45:00+05:30,2016-11-11T18:30:00Z,2016-11-12T00:00:00+05:30
202.0,,,False,2,pm25,µg/m³,,raw,01:00:00,2016-11-11T17:45:00Z,2016-11-11T23:15:00+05:30,2016-11-11T18:45:00Z,2016-11-12T00:15:00+05:30,1,01:00:00,1,00:15:00,100.0,0.0,2016-11-11T18:30:00Z,2016-11-12T00:00:00+05:30,2016-11-11T18:45:00Z,2016-11-12T00:15:00+05:30
203.0,,,False,2,pm25,µg/m³,,raw,01:00:00,2016-11-11T18:00:00Z,2016-11-11T23:30:00+05:30,2016-11-11T19:00:00Z,2016-11-12T00:30:00+05:30,1,01:00:00,1,00:15:00,100.0,0.0,2016-11-11T18:45:00Z,2016-11-12T00:15:00+05:30,2016-11-11T19:00:00Z,2016-11-12T00:30:00+05:30
204.0,,,False,2,pm25,µg/m³,,raw,01:00:00,2016-11-11T18:15:00Z,2016-11-11T23:45:00+05:30,2016-11-11T19:15:00Z,2016-11-12T00:45:00+05:30,1,01:00:00,1,00:15:00,100.0,0.0,2016-11-11T19:00:00Z,2016-11-12T00:30:00+05:30,2016-11-11T19:15:00Z,2016-11-12T00:45:00+05:30
205.0,,,False,2,pm25,µg/m³,,raw,01:00:00,2016-11-11T18:30:00Z,2016-11-12T00:00:00+05:30,2016-11-11T19:30:00Z,2016-11-12T01:00:00+05:30,1,01:00:00,1,00:15:00,100.0,0.0,2016-11-11T19:15:00Z,2016-11-12T00:45:00+05:30,2016-11-11T19:30:00Z,2016-11-12T01:00:00+05:30
205.0,,,False,2,pm25,µg/m³,,raw,01:00:00,2016-11-11T18:45:00Z,2016-11-12T00:15:00+05:30,2016-11-11T19:45:00Z,2016-11-12T01:15:00+05:30,1,01:00:00,1,00:15:00,100.0,0.0,2016-11-11T19:30:00Z,2016-11-12T01:00:00+05:30,2016-11-11T19:45:00Z,2016-11-12T01:15:00+05:30
204.0,,,False,2,pm25,µg/m³,,raw,01:00:00,2016-11-11T19:00:00Z,2016-11-12T00:30:00+05:30,2016-11-11T20:00:00Z,2016-11-12T01:30:00+05:30,1,01:00:00,1,00:15:00,100.0,0.0,2016-11-11T19:45:00Z,2016-11-12T01:15:00+05:30,2016-11-11T20:00:00Z,2016-11-12T01:30:00+05:30
203.0,,,False,2,pm25,µg/m³,,raw,01:00:00,2016-11-11T19:15:00Z,2016-11-12T00:45:00+05:30,2016-11-11T20:15:00Z,2016-11-12T01:45:00+05:30,1,01:00:00,1,00:15:00,100.0,0.0,2016-11-11T20:00:00Z,2016-11-12T01:30:00+05:30,2016-11-11T20:15:00Z,2016-11-12T01:45:00+05:30
205.0,,,False,2,pm25,µg/m³,,raw,01:00:00,2016-11-11T19:30:00Z,2016-11-12T01:00:00+05:30,2016-11-11T20:30:00Z,2016-11-12T02:00:00+05:30,1,01:00:00,1,00:15:00,100.0,0.0,2016-11-11T20:15:00Z,2016-11-12T01:45:00+05:30,2016-11-11T20:30:00Z,2016-11-12T02:00:00+05:30
206.0,,,False,2,pm25,µg/m³,,raw,01:00:00,2016-11-11T19:45:00Z,2016-11-12T01:15:00+05:30,2016-11-11T20:45:00Z,2016-11-12T02:15:00+05:30,1,01:00:00,1,00:15:00,100.0,0.0,2016-11-11T20:30:00Z,2016-11-12T02:00:00+05:30,2016-11-11T20:45:00Z,2016-11-12T02:15:00+05:30
208.0,,,False,2,pm25,µg/m³,,raw,01:00:00,2016-11-11T20:00:00Z,2016-11-12T01:30:00+05:30,2016-11-11T21:00:00Z,2016-11-12T02:30:00+05:30,1,01:00:00,1,00:15:00,100.0,0.0,2016-11-11T20:45:00Z,2016-11-12T02:15:00+05:30,2016-11-11T21:00:00Z,2016-11-12T02:30:00+05:30
208.0,,,False,2,pm25,µg/m³,,raw,01:00:00,2016-11-11T20:15:00Z,2016-11-12T01:45:00+05:30,2016-11-11T21:15:00Z,2016-11-12T02:45:00+05:30,1,01:00:00,1,00:15:00,100.0,0.0,2016-11-11T21:00:00Z,2016-11-12T02:30:00+05:30,2016-11-11T21:15:00Z,2016-11-12T02:45:00+05:30
205.0,,,False,2,pm25,µg/m³,,raw,01:00:00,2016-11-11T20:30:00Z,2016-11-12T02:00:00+05:30,2016-11-11T21:30:00Z,2016-11-12T03:00:00+05:30,1,01:00:00,1,00:15:00,100.0,0.0,2016-11-11T21:15:00Z,2016-11-12T02:45:00+05:30,2016-11-11T21:30:00Z,2016-11-12T03:00:00+05:30
202.0,,,False,2,pm25,µg/m³,,raw,01:00:00,2016-11-11T20:45:00Z,2016-11-12T02:15:00+05:30,2016-11-11T21:45:00Z,2016-11-12T03:15:00+05:30,1,01:00:00,1,00:15:00,100.0,0.0,2016-11-11T21:30:00Z,2016-11-12T03:00:00+05:30,2016-11-11T21:45:00Z,2016-11-12T03:15:00+05:30
202.0,,,False,2,pm25,µg/m³,,raw,01:00:00,2016-11-11T21:00:00Z,2016-11-12T02:30:00+05:30,2016-11-11T22:00:00Z,2016-11-12T03:30:00+05:30,1,01:00:00,1,00:15:00,100.0,0.0,2016-11-11T21:45:00Z,2016-11-12T03:15:00+05:30,2016-11-11T22:00:00Z,2016-11-12T03:30:00+05:30
203.0,,,False,2,pm25,µg/m³,,raw,01:00:00,2016-11-11T21:15:00Z,2016-11-12T02:45:00+05:30,2016-11-11T22:15:00Z,2016-11-12T03:45:00+05:30,1,01:00:00,1,00:15:00,100.0,0.0,2016-11-11T22:00:00Z,2016-11-12T03:30:00+05:30,2016-11-11T22:15:00Z,2016-11-12T03:45:00+05:30
206.0,,,False,2,pm25,µg/m³,,raw,01:00:00,2016-11-11T21:30:00Z,2016-11-12T03:00:00+05:30,2016-11-11T22:30:00Z,2016-11-12T04:00:00+05:30,1,01:00:00,1,00:15:00,100.0,0.0,2016-11-11T22:15:00Z,2016-11-12T03:45:00+05:30,2016-11-11T22:30:00Z,2016-11-12T04:00:00+05:30
209.0,,,False,2,pm25,µg/m³,,raw,01:00:00,2016-11-11T21:45:00Z,2016-11-12T03:15:00+05:30,2016-11-11T22:45:00Z,2016-11-12T04:15:00+05:30,1,01:00:00,1,00:15:00,100.0,0.0,2016-11-11T22:30:00Z,2016-11-12T04:00:00+05:30,2016-11-11T22:45:00Z,2016-11-12T04:15:00+05:30
205.0,,,False,2,pm25,µg/m³,,raw,01:00:00,2016-11-11T22:00:00Z,2016-11-12T03:30:00+05:30,2016-11-11T23:00:00Z,2016-11-12T04:30:00+05:30,1,01:00:00,1,00:15:00,100.0,0.0,2016-11-11T22:45:00Z,2016-11-12T04:15:00+05:30,2016-11-11T23:00:00Z,2016-11-12T04:30:00+05:30
200.0,,,False,2,pm25,µg/m³,,raw,01:00:00,2016-11-11T22:15:00Z,2016-11-12T03:45:00+05:30,2016-11-11T23:15:00Z,2016-11-12T04:45:00+05:30,1,01:00:00,1,00:15:00,100.0,0.0,2016-11-11T23:00:00Z,2016-11-12T04:30:00+05:30,2016-11-11T23:15:00Z,2016-11-12T04:45:00+05:30
195.0,,,False,2,pm25,µg/m³,,raw,01:00:00,2016-11-11T22:30:00Z,2016-11-12T04:00:00+05:30,2016-11-11T23:30:00Z,2016-11-12T05:00:00+05:30,1,01:00:00,1,00:15:00,100.0,0.0,2016-11-11T23:15:00Z,2016-11-12T04:45:00+05:30,2016-11-11T23:30:00Z,2016-11-12T05:00:00+05:30
190.0,,,False,2,pm25,µg/m³,,raw,01:00:00,2016-11-11T22:45:00Z,2016-11-12T04:15:00+05:30,2016-11-11T23:45:00Z,2016-11-12T05:15:00+05:30,1,01:00:00,1,00:15:00,100.0,0.0,2016-11-11T23:30:00Z,2016-11-12T05:00:00+05:30,2016-11-11T23:45:00Z,2016-11-12T05:15:00+05:30
189.0,,,False,2,pm25,µg/m³,,raw,01:00:00,2016-11-11T23:00:00Z,2016-11-12T04:30:00+05:30,2016-11-12T00:00:00Z,2016-11-12T05:30:00+05:30,1,01:00:00,1,00:15:00,100.0,0.0,2016-11-11T23:45:00Z,2016-11-12T05:15:00+05:30,2016-11-12T00:00:00Z,2016-11-12T05:30:00+05:30
189.0,,,False,2,pm25,µg/m³,,raw,01:00:00,2016-11-11T23:15:00Z,2016-11-12T04:45:00+05:30,2016-11-12T00:15:00Z,2016-11-12T05:45:00+05:30,1,01:00:00,1,00:15:00,100.0,0.0,2016-11-12T00:00:00Z,2016-11-12T05:30:00+05:30,2016-11-12T00:15:00Z,2016-11-12T05:45:00+05:30
190.0,,,False,2,pm25,µg/m³,,raw,01:00:00,2016-11-11T23:30:00Z,2016-11-12T05:00:00+05:30,2016-11-12T00:30:00Z,2016-11-12T06:00:00+05:30,1,01:00:00,1,00:15:00,100.0,0.0,2016-11-12T00:15:00Z,2016-11-12T05:45:00+05:30,2016-11-12T00:30:00Z,2016-11-12T06:00:00+05:30
187.0,,,False,2,pm25,µg/m³,,raw,01:00:00,2016-11-11T23:45:00Z,2016-11-12T05:15:00+05:30,2016-11-12T00:45:00Z,2016-11-12T06:15:00+05:30,1,01:00:00,1,00:15:00,100.0,0.0,2016-11-12T00:30:00Z,2016-11-12T06:00:00+05:30,2016-11-12T00:45:00Z,2016-11-12T06:15:00+05:30
184.0,,,False,2,pm25,µg/m³,,raw,01:00:00,2016-11-12T00:00:00Z,2016-11-12T05:30:00+05:30,2016-11-12T01:00:00Z,2016-11-12T06:30:00+05:30,1,01:00:00,1,00:15:00,100.0,0.0,2016-11-12T00:45:00Z,2016-11-12T06:15:00+05:30,2016-11-12T01:00:00Z,2016-11-12T06:30:00+05:30
185.0,,,False,2,pm25,µg/m³,,raw,01:00:00,2016-11-12T00:15:00Z,2016-11-12T05:45:00+05:30,2016-11-12T01:15:00Z,2016-11-12T06:45:00+05:30,1,01:00:00,1,00:15:00,100.0,0.0,2016-11-12T01:00:00Z,2016-11-12T06:30:00+05:30,2016-11-12T01:15:00Z,2016-11-12T06:45:00+05:30
186.0,,,False,2,pm25,µg/m³,,raw,01:00:00,2016-11-12T00:30:00Z,2016-11-12T06:00:00+05:30,2016-11-12T01:30:00Z,2016-11-12T07:00:00+05:30,1,01:00:00,1,00:15:00,100.0,0.0,2016-11-12T01:15:00Z,2016-11-12T06:45:00+05:30,2016-11-12T01:30:00Z,2016-11-12T07:00:00+05:30
191.0,,,False,2,pm25,µg/m³,,raw,01:00:00,2016-11-12T00:45:00Z,2016-11-12T06:15:00+05:30,2016-11-12T01:45:00Z,2016-11-12T07:15:00+05:30,1,01:00:00,1,00:15:00,100.0,0.0,2016-11-12T01:30:00Z,2016-11-12T07:00:00+05:30,2016-11-12T01:45:00Z,2016-11-12T07:15:00+05:30
202.0,,,False,2,pm25,µg/m³,,raw,01:00:00,2016-11-12T01:15:00Z,2016-11-12T06:45:00+05:30,2016-11-12T02:15:00Z,2016-11-12T07:45:00+05:30,1,01:00:00,1,00:15:00,100.0,0.0,2016-11-12T02:00:00Z,2016-11-12T07:30:00+05:30,2016-11-12T02:15:00Z,2016-11-12T07:45:00+05:30
208.0,,,False,2,pm25,µg/m³,,raw,01:00:00,2016-11-12T01:30:00Z,2016-11-12T07:00:00+05:30,2016-11-12T02:30:00Z,2016-11-12T08:00:00+05:30,1,01:00:00,1,00:15:00,100.0,0.0,2016-11-12T02:15:00Z,2016-11-12T07:45:00+05:30,2016-11-12T02:30:00Z,2016-11-12T08:00:00+05:30
215.0,,,False,2,pm25,µg/m³,,raw,01:00:00,2016-11-12T01:45:00Z,2016-11-12T07:15:00+05:30,2016-11-12T02:45:00Z,2016-11-12T08:15:00+05:30,1,01:00:00,1,00:15:00,100.0,0.0,2016-11-12T02:30:00Z,2016-11-12T08:00:00+05:30,2016-11-12T02:45:00Z,2016-11-12T08:15:00+05:30
224.0,,,False,2,pm25,µg/m³,,raw,01:00:00,2016-11-12T02:00:00Z,2016-11-12T07:30:00+05:30,2016-11-12T03:00:00Z,2016-11-12T08:30:00+05:30,1,01:00:00,1,00:15:00,100.0,0.0,2016-11-12T02:45:00Z,2016-11-12T08:15:00+05:30,2016-11-12T03:00:00Z,2016-11-12T08:30:00+05:30
233.0,,,False,2,pm25,µg/m³,,raw,01:00:00,2016-11-12T02:15:00Z,2016-11-12T07:45:00+05:30,2016-11-12T03:15:00Z,2016-11-12T08:45:00+05:30,1,01:00:00,1,00:15:00,100.0,0.0,2016-11-12T03:00:00Z,2016-11-12T08:30:00+05:30,2016-11-12T03:15:00Z,2016-11-12T08:45:00+05:30
237.0,,,False,2,pm25,µg/m³,,raw,01:00:00,2016-11-12T02:30:00Z,2016-11-12T08:00:00+05:30,2016-11-12T03:30:00Z,2016-11-12T09:00:00+05:30,1,01:00:00,1,00:15:00,100.0,0.0,2016-11-12T03:15:00Z,2016-11-12T08:45:00+05:30,2016-11-12T03:30:00Z,2016-11-12T09:00:00+05:30
229.0,,,False,2,pm25,µg/m³,,raw,01:00:00,2016-11-12T02:45:00Z,2016-11-12T08:15:00+05:30,2016-11-12T03:45:00Z,2016-11-12T09:15:00+05:30,1,01:00:00,1,00:15:00,100.0,0.0,2016-11-12T03:30:00Z,2016-11-12T09:00:00+05:30,2016-11-12T03:45:00Z,2016-11-12T09:15:00+05:30
212.0,,,False,2,pm25,µg/m³,,raw,01:00:00,2016-11-12T03:00:00Z,2016-11-12T08:30:00+05:30,2016-11-12T04:00:00Z,2016-11-12T09:30:00+05:30,1,01:00:00,1,00:15:00,100.0,0.0,2016-11-12T03:45:00Z,2016-11-12T09:15:00+05:30,2016-11-12T04:00:00Z,2016-11-12T09:30:00+05:30
189.0,,,False,2,pm25,µg/m³,,raw,01:00:00,2016-11-12T03:15:00Z,2016-11-12T08:45:00+05:30,2016-11-12T04:15:00Z,2016-11-12T09:45:00+05:30,1,01:00:00,1,00:15:00,100.0,0.0,2016-11-12T04:00:00Z,2016-11-12T09:30:00+05:30,2016-11-12T04:15:00Z,2016-11-12T09:45:00+05:30
167.0,,,False,2,pm25,µg/m³,,raw,01:00:00,2016-11-12T03:30:00Z,2016-11-12T09:00:00+05:30,2016-11-12T04:30:00Z,2016-11-12T10:00:00+05:30,1,01:00:00,1,00:15:00,100.0,0.0,2016-11-12T04:15:00Z,2016-11-12T09:45:00+05:30,2016-11-12T04:30:00Z,2016-11-12T10:00:00+05:30
153.0,,,False,2,pm25,µg/m³,,raw,01:00:00,2016-11-12T03:45:00Z,2016-11-12T09:15:00+05:30,2016-11-12T04:45:00Z,2016-11-12T10:15:00+05:30,1,01:00:00,1,00:15:00,100.0,0.0,2016-11-12T04:30:00Z,2016-11-12T10:00:00+05:30,2016-11-12T04:45:00Z,2016-11-12T10:15:00+05:30
145.0,,,False,2,pm25,µg/m³,,raw,01:00:00,2016-11-12T04:00:00Z,2016-11-12T09:30:00+05:30,2016-11-12T05:00:00Z,2016-11-12T10:30:00+05:30,1,01:00:00,1,00:15:00,100.0,0.0,2016-11-12T04:45:00Z,2016-11-12T10:15:00+05:30,2016-11-12T05:00:00Z,2016-11-12T10:30:00+05:30
138.0,,,False,2,pm25,µg/m³,,raw,01:00:00,2016-11-12T04:15:00Z,2016-11-12T09:45:00+05:30,2016-11-12T05:15:00Z,2016-11-12T10:45:00+05:30,1,01:00:00,1,00:15:00,100.0,0.0,2016-11-12T05:00:00Z,2016-11-12T10:30:00+05:30,2016-11-12T05:15:00Z,2016-11-12T10:45:00+05:30
136.0,,,False,2,pm25,µg/m³,,raw,01:00:00,2016-11-12T04:30:00Z,2016-11-12T10:00:00+05:30,2016-11-12T05:30:00Z,2016-11-12T11:00:00+05:30,1,01:00:00,1,00:15:00,100.0,0.0,2016-11-12T05:15:00Z,2016-11-12T10:45:00+05:30,2016-11-12T05:30:00Z,2016-11-12T11:00:00+05:30
139.0,,,False,2,pm25,µg/m³,,raw,01:00:00,2016-11-12T04:45:00Z,2016-11-12T10:15:00+05:30,2016-11-12T05:45:00Z,2016-11-12T11:15:00+05:30,1,01:00:00,1,00:15:00,100.0,0.0,2016-11-12T05:30:00Z,2016-11-12T11:00:00+05:30,2016-11-12T05:45:00Z,2016-11-12T11:15:00+05:30
146.0,,,False,2,pm25,µg/m³,,raw,01:00:00,2016-11-12T05:00:00Z,2016-11-12T10:30:00+05:30,2016-11-12T06:00:00Z,2016-11-12T11:30:00+05:30,1,01:00:00,1,00:15:00,100.0,0.0,2016-11-12T05:45:00Z,2016-11-12T11:15:00+05:30,2016-11-12T06:00:00Z,2016-11-12T11:30:00+05:30
159.0,,,False,2,pm25,µg/m³,,raw,01:00:00,2016-11-12T05:15:00Z,2016-11-12T10:45:00+05:30,2016-11-12T06:15:00Z,2016-11-12T11:45:00+05:30,1,01:00:00,1,00:15:00,100.0,0.0,2016-11-12T06:00:00Z,2016-11-12T11:30:00+05:30,2016-11-12T06:15:00Z,2016-11-12T11:45:00+05:30
174.0,,,False,2,pm25,µg/m³,,raw,01:00:00,2016-11-12T05:30:00Z,2016-11-12T11:00:00+05:30,2016-11-12T06:30:00Z,2016-11-12T12:00:00+05:30,1,01:00:00,1,00:15:00,100.0,0.0,2016-11-12T06:15:00Z,2016-11-12T11:45:00+05:30,2016-11-12T06:30:00Z,2016-11-12T12:00:00+05:30
185.0,,,False,2,pm25,µg/m³,,raw,01:00:00,2016-11-12T05:45:00Z,2016-11-12T11:15:00+05:30,2016-11-12T06:45:00Z,2016-11-12T12:15:00+05:30,1,01:00:00,1,00:15:00,100.0,0.0,2016-11-12T06:30:00Z,2016-11-12T12:00:00+05:30,2016-11-12T06:45:00Z,2016-11-12T12:15:00+05:30
191.0,,,False,2,pm25,µg/m³,,raw,01:00:00,2016-11-12T06:00:00Z,2016-11-12T11:30:00+05:30,2016-11-12T07:00:00Z,2016-11-12T12:30:00+05:30,1,01:00:00,1,00:15:00,100.0,0.0,2016-11-12T06:45:00Z,2016-11-12T12:15:00+05:30,2016-11-12T07:00:00Z,2016-11-12T12:30:00+05:30
191.0,,,False,2,pm25,µg/m³,,raw,01:00:00,2016-11-12T06:15:00Z,2016-11-12T11:45:00+05:30,2016-11-12T07:15:00Z,2016-11-12T12:45:00+05:30,1,01:00:00,1,00:15:00,100.0,0.0,2016-11-12T07:00:00Z,2016-11-12T12:30:00+05:30,2016-11-12T07:15:00Z,2016-11-12T12:45:00+05:30
188.0,,,False,2,pm25,µg/m³,,raw,01:00:00,2016-11-12T06:30:00Z,2016-11-12T12:00:00+05:30,2016-11-12T07:30:00Z,2016-11-12T13:00:00+05:30,1,01:00:00,1,00:15:00,100.0,0.0,2016-11-12T07:15:00Z,2016-11-12T12:45:00+05:30,2016-11-12T07:30:00Z,2016-11-12T13:00:00+05:30
183.0,,,False,2,pm25,µg/m³,,raw,01:00:00,2016-11-12T06:45:00Z,2016-11-12T12:15:00+05:30,2016-11-12T07:45:00Z,2016-11-12T13:15:00+05:30,1,01:00:00,1,00:15:00,100.0,0.0,2016-11-12T07:30:00Z,2016-11-12T13:00:00+05:30,2016-11-12T07:45:00Z,2016-11-12T13:15:00+05:30
177.0,,,False,2,pm25,µg/m³,,raw,01:00:00,2016-11-12T07:00:00Z,2016-11-12T12:30:00+05:30,2016-11-12T08:00:00Z,2016-11-12T13:30:00+05:30,1,01:00:00,1,00:15:00,100.0,0.0,2016-11-12T07:45:00Z,2016-11-12T13:15:00+05:30,2016-11-12T08:00:00Z,2016-11-12T13:30:00+05:30
173.0,,,False,2,pm25,µg/m³,,raw,01:00:00,2016-11-12T07:15:00Z,2016-11-12T12:45:00+05:30,2016-11-12T08:15:00Z,2016-11-12T13:45:00+05:30,1,01:00:00,1,00:15:00,100.0,0.0,2016-11-12T08:00:00Z,2016-11-12T13:30:00+05:30,2016-11-12T08:15:00Z,2016-11-12T13:45:00+05:30
170.0,,,False,2,pm25,µg/m³,,raw,01:00:00,2016-11-12T07:30:00Z,2016-11-12T13:00:00+05:30,2016-11-12T08:30:00Z,2016-11-12T14:00:00+05:30,1,01:00:00,1,00:15:00,100.0,0.0,2016-11-12T08:15:00Z,2016-11-12T13:45:00+05:30,2016-11-12T08:30:00Z,2016-11-12T14:00:00+05:30
167.0,,,False,2,pm25,µg/m³,,raw,01:00:00,2016-11-12T07:45:00Z,2016-11-12T13:15:00+05:30,2016-11-12T08:45:00Z,2016-11-12T14:15:00+05:30,1,01:00:00,1,00:15:00,100.0,0.0,2016-11-12T08:30:00Z,2016-11-12T14:00:00+05:30,2016-11-12T08:45:00Z,2016-11-12T14:15:00+05:30
167.0,,,False,2,pm25,µg/m³,,raw,01:00:00,2016-11-12T08:00:00Z,2016-11-12T13:30:00+05:30,2016-11-12T09:00:00Z,2016-11-12T14:30:00+05:30,1,01:00:00,1,00:15:00,100.0,0.0,2016-11-12T08:45:00Z,2016-11-12T14:15:00+05:30,2016-11-12T09:00:00Z,2016-11-12T14:30:00+05:30
167.0,,,False,2,pm25,µg/m³,,raw,01:00:00,2016-11-12T08:15:00Z,2016-11-12T13:45:00+05:30,2016-11-12T09:15:00Z,2016-11-12T14:45:00+05:30,1,01:00:00,1,00:15:00,100.0,0.0,2016-11-12T09:00:00Z,2016-11-12T14:30:00+05:30,2016-11-12T09:15:00Z,2016-11-12T14:45:00+05:30
166.0,,,False,2,pm25,µg/m³,,raw,01:00:00,2016-11-12T08:30:00Z,2016-11-12T14:00:00+05:30,2016-11-12T09:30:00Z,2016-11-12T15:00:00+05:30,1,01:00:00,1,00:15:00,100.0,0.0,2016-11-12T09:15:00Z,2016-11-12T14:45:00+05:30,2016-11-12T09:30:00Z,2016-11-12T15:00:00+05:30
166.0,,,False,2,pm25,µg/m³,,raw,01:00:00,2016-11-12T08:45:00Z,2016-11-12T14:15:00+05:30,2016-11-12T09:45:00Z,2016-11-12T15:15:00+05:30,1,01:00:00,1,00:15:00,100.0,0.0,2016-11-12T09:30:00Z,2016-11-12T15:00:00+05:30,2016-11-12T09:45:00Z,2016-11-12T15:15:00+05:30
163.0,,,False,2,pm25,µg/m³,,raw,01:00:00,2016-11-12T09:00:00Z,2016-11-12T14:30:00+05:30,2016-11-12T10:00:00Z,2016-11-12T15:30:00+05:30,1,01:00:00,1,00:15:00,100.0,0.0,2016-11-12T09:45:00Z,2016-11-12T15:15:00+05:30,2016-11-12T10:00:00Z,2016-11-12T15:30:00+05:30
157.0,,,False,2,pm25,µg/m³,,raw,01:00:00,2016-11-12T09:15:00Z,2016-11-12T14:45:00+05:30,2016-11-12T10:15:00Z,2016-11-12T15:45:00+05:30,1,01:00:00,1,00:15:00,100.0,0.0,2016-11-12T10:00:00Z,2016-11-12T15:30:00+05:30,2016-11-12T10:15:00Z,2016-11-12T15:45:00+05:30
155.0,,,False,2,pm25,µg/m³,,raw,01:00:00,2016-11-12T09:30:00Z,2016-11-12T15:00:00+05:30,2016-11-12T10:30:00Z,2016-11-12T16:00:00+05:30,1,01:00:00,1,00:15:00,100.0,0.0,2016-11-12T10:15:00Z,2016-11-12T15:45:00+05:30,2016-11-12T10:30:00Z,2016-11-12T16:00:00+05:30
153.0,,,False,2,pm25,µg/m³,,raw,01:00:00,2016-11-12T09:45:00Z,2016-11-12T15:15:00+05:30,2016-11-12T10:45:00Z,2016-11-12T16:15:00+05:30,1,01:00:00,1,00:15:00,100.0,0.0,2016-11-12T10:30:00Z,2016-11-12T16:00:00+05:30,2016-11-12T10:45:00Z,2016-11-12T16:15:00+05:30
153.0,,,False,2,pm25,µg/m³,,raw,01:00:00,2016-11-12T10:00:00Z,2016-11-12T15:30:00+05:30,2016-11-12T11:00:00Z,2016-11-12T16:30:00+05:30,1,01:00:00,1,00:15:00,100.0,0.0,2016-11-12T10:45:00Z,2016-11-12T16:15:00+05:30,2016-11-12T11:00:00Z,2016-11-12T16:30:00+05:30
151.0,,,False,2,pm25,µg/m³,,raw,01:00:00,2016-11-12T10:15:00Z,2016-11-12T15:45:00+05:30,2016-11-12T11:15:00Z,2016-11-12T16:45:00+05:30,1,01:00:00,1,00:15:00,100.0,0.0,2016-11-12T11:00:00Z,2016-11-12T16:30:00+05:30,2016-11-12T11:15:00Z,2016-11-12T16:45:00+05:30
146.0,,,False,2,pm25,µg/m³,,raw,01:00:00,2016-11-12T10:30:00Z,2016-11-12T16:00:00+05:30,2016-11-12T11:30:00Z,2016-11-12T17:00:00+05:30,1,01:00:00,1,00:15:00,100.0,0.0,2016-11-12T11:15:00Z,2016-11-12T16:45:00+05:30,2016-11-12T11:30:00Z,2016-11-12T17:00:00+05:30
141.0,,,False,2,pm25,µg/m³,,raw,01:00:00,2016-11-12T10:45:00Z,2016-11-12T16:15:00+05:30,2016-11-12T11:45:00Z,2016-11-12T17:15:00+05:30,1,01:00:00,1,00:15:00,100.0,0.0,2016-11-12T11:30:00Z,2016-11-12T17:00:00+05:30,2016-11-12T11:45:00Z,2016-11-12T17:15:00+05:30
136.0,,,False,2,pm25,µg/m³,,raw,01:00:00,2016-11-12T11:00:00Z,2016-11-12T16:30:00+05:30,2016-11-12T12:00:00Z,2016-11-12T17:30:00+05:30,1,01:00:00,1,00:15:00,100.0,0.0,2016-11-12T11:45:00Z,2016-11-12T17:15:00+05:30,2016-11-12T12:00:00Z,2016-11-12T17:30:00+05:30
133.0,,,False,2,pm25,µg/m³,,raw,01:00:00,2016-11-12T11:15:00Z,2016-11-12T16:45:00+05:30,2016-11-12T12:15:00Z,2016-11-12T17:45:00+05:30,1,01:00:00,1,00:15:00,100.0,0.0,2016-11-12T12:00:00Z,2016-11-12T17:30:00+05:30,2016-11-12T12:15:00Z,2016-11-12T17:45:00+05:30
135.0,,,False,2,pm25,µg/m³,,raw,01:00:00,2016-11-12T11:30:00Z,2016-11-12T17:00:00+05:30,2016-11-12T12:30:00Z,2016-11-12T18:00:00+05:30,1,01:00:00,1,00:15:00,100.0,0.0,2016-11-12T12:15:00Z,2016-11-12T17:45:00+05:30,2016-11-12T12:30:00Z,2016-11-12T18:00:00+05:30
139.0,,,False,2,pm25,µg/m³,,raw,01:00:00,2016-11-12T11:45:00Z,2016-11-12T17:15:00+05:30,2016-11-12T12:45:00Z,2016-11-12T18:15:00+05:30,1,01:00:00,1,00:15:00,100.0,0.0,2016-11-12T12:30:00Z,2016-11-12T18:00:00+05:30,2016-11-12T12:45:00Z,2016-11-12T18:15:00+05:30
145.0,,,False,2,pm25,µg/m³,,raw,01:00:00,2016-11-12T12:00:00Z,2016-11-12T17:30:00+05:30,2016-11-12T13:00:00Z,2016-11-12T18:30:00+05:30,1,01:00:00,1,00:15:00,100.0,0.0,2016-11-12T12:45:00Z,2016-11-12T18:15:00+05:30,2016-11-12T13:00:00Z,2016-11-12T18:30:00+05:30
154.0,,,False,2,pm25,µg/m³,,raw,01:00:00,2016-11-12T12:15:00Z,2016-11-12T17:45:00+05:30,2016-11-12T13:15:00Z,2016-11-12T18:45:00+05:30,1,01:00:00,1,00:15:00,100.0,0.0,2016-11-12T13:00:00Z,2016-11-12T18:30:00+05:30,2016-11-12T13:15:00Z,2016-11-12T18:45:00+05:30
161.0,,,False,2,pm25,µg/m³,,raw,01:00:00,2016-11-12T12:30:00Z,2016-11-12T18:00:00+05:30,2016-11-12T13:30:00Z,2016-11-12T19:00:00+05:30,1,01:00:00,1,00:15:00,100.0,0.0,2016-11-12T13:15:00Z,2016-11-12T18:45:00+05:30,2016-11-12T13:30:00Z,2016-11-12T19:00:00+05:30
167.0,,,False,2,pm25,µg/m³,,raw,01:00:00,2016-11-12T12:45:00Z,2016-11-12T18:15:00+05:30,2016-11-12T13:45:00Z,2016-11-12T19:15:00+05:30,1,01:00:00,1,00:15:00,100.0,0.0,2016-11-12T13:30:00Z,2016-11-12T19:00:00+05:30,2016-11-12T13:45:00Z,2016-11-12T19:15:00+05:30
171.0,,,False,2,pm25,µg/m³,,raw,01:00:00,2016-11-12T13:00:00Z,2016-11-12T18:30:00+05:30,2016-11-12T14:00:00Z,2016-11-12T19:30:00+05:30,1,01:00:00,1,00:15:00,100.0,0.0,2016-11-12T13:45:00Z,2016-11-12T19:15:00+05:30,2016-11-12T14:00:00Z,2016-11-12T19:30:00+05:30
173.0,,,False,2,pm25,µg/m³,,raw,01:00:00,2016-11-12T13:15:00Z,2016-11-12T18:45:00+05:30,2016-11-12T14:15:00Z,2016-11-12T19:45:00+05:30,1,01:00:00,1,00:15:00,100.0,0.0,2016-11-12T14:00:00Z,2016-11-12T19:30:00+05:30,2016-11-12T14:15:00Z,2016-11-12T19:45:00+05:30
173.0,,,False,2,pm25,µg/m³,,raw,01:00:00,2016-11-12T13:30:00Z,2016-11-12T19:00:00+05:30,2016-11-12T14:30:00Z,2016-11-12T20:00:00+05:30,1,01:00:00,1,00:15:00,100.0,0.0,2016-11-12T14:15:00Z,2016-11-12T19:45:00+05:30,2016-11-12T14:30:00Z,2016-11-12T20:00:00+05:30
173.0,,,False,2,pm25,µg/m³,,raw,01:00:00,2016-11-12T13:45:00Z,2016-11-12T19:15:00+05:30,2016-11-12T14:45:00Z,2016-11-12T20:15:00+05:30,1,01:00:00,1,00:15:00,100.0,0.0,2016-11-12T14:30:00Z,2016-11-12T20:00:00+05:30,2016-11-12T14:45:00Z,2016-11-12T20:15:00+05:30
174.0,,,False,2,pm25,µg/m³,,raw,01:00:00,2016-11-12T14:00:00Z,2016-11-12T19:30:00+05:30,2016-11-12T15:00:00Z,2016-11-12T20:30:00+05:30,1,01:00:00,1,00:15:00,100.0,0.0,2016-11-12T14:45:00Z,2016-11-12T20:15:00+05:30,2016-11-12T15:00:00Z,2016-11-12T20:30:00+05:30
173.0,,,False,2,pm25,µg/m³,,raw,01:00:00,2016-11-12T14:15:00Z,2016-11-12T19:45:00+05:30,2016-11-12T15:15:00Z,2016-11-12T20:45:00+05:30,1,01:00:00,1,00:15:00,100.0,0.0,2016-11-12T15:00:00Z,2016-11-12T20:30:00+05:30,2016-11-12T15:15:00Z,2016-11-12T20:45:00+05:30
176.0,,,False,2,pm25,µg/m³,,raw,01:00:00,2016-11-12T14:30:00Z,2016-11-12T20:00:00+05:30,2016-11-12T15:30:00Z,2016-11-12T21:00:00+05:30,1,01:00:00,1,00:15:00,100.0,0.0,2016-11-12T15:15:00Z,2016-11-12T20:45:00+05:30,2016-11-12T15:30:00Z,2016-11-12T21:00:00+05:30
178.0,,,False,2,pm25,µg/m³,,raw,01:00:00,2016-11-12T14:45:00Z,2016-11-12T20:15:00+05:30,2016-11-12T15:45:00Z,2016-11-12T21:15:00+05:30,1,01:00:00,1,00:15:00,100.0,0.0,2016-11-12T15:30:00Z,2016-11-12T21:00:00+05:30,2016-11-12T15:45:00Z,2016-11-12T21:15:00+05:30
181.0,,,False,2,pm25,µg/m³,,raw,01:00:00,2016-11-12T15:00:00Z,2016-11-12T20:30:00+05:30,2016-11-12T16:00:00Z,2016-11-12T21:30:00+05:30,1,01:00:00,1,00:15:00,100.0,0.0,2016-11-12T15:45:00Z,2016-11-12T21:15:00+05:30,2016-11-12T16:00:00Z,2016-11-12T21:30:00+05:30
185.0,,,False,2,pm25,µg/m³,,raw,01:00:00,2016-11-12T15:15:00Z,2016-11-12T20:45:00+05:30,2016-11-12T16:15:00Z,2016-11-12T21:45:00+05:30,1,01:00:00,1,00:15:00,100.0,0.0,2016-11-12T16:00:00Z,2016-11-12T21:30:00+05:30,2016-11-12T16:15:00Z,2016-11-12T21:45:00+05:30
188.0,,,False,2,pm25,µg/m³,,raw,01:00:00,2016-11-12T15:30:00Z,2016-11-12T21:00:00+05:30,2016-11-12T16:30:00Z,2016-11-12T22:00:00+05:30,1,01:00:00,1,00:15:00,100.0,0.0,2016-11-12T16:15:00Z,2016-11-12T21:45:00+05:30,2016-11-12T16:30:00Z,2016-11-12T22:00:00+05:30
191.0,,,False,2,pm25,µg/m³,,raw,01:00:00,2016-11-12T15:45:00Z,2016-11-12T21:15:00+05:30,2016-11-12T16:45:00Z,2016-11-12T22:15:00+05:30,1,01:00:00,1,00:15:00,100.0,0.0,2016-11-12T16:30:00Z,2016-11-12T22:00:00+05:30,2016-11-12T16:45:00Z,2016-11-12T22:15:00+05:30
192.0,,,False,2,pm25,µg/m³,,raw,01:00:00,2016-11-12T16:00:00Z,2016-11-12T21:30:00+05:30,2016-11-12T17:00:00Z,2016-11-12T22:30:00+05:30,1,01:00:00,1,00:15:00,100.0,0.0,2016-11-12T16:45:00Z,2016-11-12T22:15:00+05:30,2016-11-12T17:00:00Z,2016-11-12T22:30:00+05:30
194.0,,,False,2,pm25,µg/m³,,raw,01:00:00,2016-11-12T16:15:00Z,2016-11-12T21:45:00+05:30,2016-11-12T17:15:00Z,2016-11-12T22:45:00+05:30,1,01:00:00,1,00:15:00,100.0,0.0,2016-11-12T17:00:00Z,2016-11-12T22:30:00+05:30,2016-11-12T17:15:00Z,2016-11-12T22:45:00+05:30
196.0,,,False,2,pm25,µg/m³,,raw,01:00:00,2016-11-12T16:30:00Z,2016-11-12T22:00:00+05:30,2016-11-12T17:30:00Z,2016-11-12T23:00:00+05:30,1,01:00:00,1,00:15:00,100.0,0.0,2016-11-12T17:15:00Z,2016-11-12T22:45:00+05:30,2016-11-12T17:30:00Z,2016-11-12T23:00:00+05:30
196.0,,,False,2,pm25,µg/m³,,raw,01:00:00,2016-11-12T16:45:00Z,2016-11-12T22:15:00+05:30,2016-11-12T17:45:00Z,2016-11-12T23:15:00+05:30,1,01:00:00,1,00:15:00,100.0,0.0,2016-11-12T17:30:00Z,2016-11-12T23:00:00+05:30,2016-11-12T17:45:00Z,2016-11-12T23:15:00+05:30
196.0,,,False,2,pm25,µg/m³,,raw,01:00:00,2016-11-12T17:00:00Z,2016-11-12T22:30:00+05:30,2016-11-12T18:00:00Z,2016-11-12T23:30:00+05:30,1,01:00:00,1,00:15:00,100.0,0.0,2016-11-12T17:45:00Z,2016-11-12T23:15:00+05:30,2016-11-12T18:00:00Z,2016-11-12T23:30:00+05:30
197.0,,,False,2,pm25,µg/m³,,raw,01:00:00,2016-11-12T17:15:00Z,2016-11-12T22:45:00+05:30,2016-11-12T18:15:00Z,2016-11-12T23:45:00+05:30,1,01:00:00,1,00:15:00,100.0,0.0,2016-11-12T18:00:00Z,2016-11-12T23:30:00+05:30,2016-11-12T18:15:00Z,2016-11-12T23:45:00+05:30
148.0,,,False,2,pm25,µg/m³,,raw,01:00:00,2016-11-12T17:30:00Z,2016-11-12T23:00:00+05:30,2016-11-12T18:30:00Z,2016-11-13T00:00:00+05:30,1,01:00:00,1,00:15:00,100.0,0.0,2016-11-12T18:15:00Z,2016-11-12T23:45:00+05:30,2016-11-12T18:30:00Z,2016-11-13T00:00:00+05:30
201.0,,,False,2,pm25,µg/m³,,raw,01:00:00,2016-11-12T17:45:00Z,2016-11-12T23:15:00+05:30,2016-11-12T18:45:00Z,2016-11-13T00:15:00+05:30,1,01:00:00,1,00:15:00,100.0,0.0,2016-11-12T18:30:00Z,2016-11-13T00:00:00+05:30,2016-11-12T18:45:00Z,2016-11-13T00:15:00+05:30
203.0,,,False,2,pm25,µg/m³,,raw,01:00:00,2016-11-12T18:00:00Z,2016-11-12T23:30:00+05:30,2016-11-12T19:00:00Z,2016-11-13T00:30:00+05:30,1,01:00:00,1,00:15:00,100.0,0.0,2016-11-12T18:45:00Z,2016-11-13T00:15:00+05:30,2016-11-12T19:00:00Z,2016-11-13T00:30:00+05:30
202.0,,,False,2,pm25,µg/m³,,raw,01:00:00,2016-11-12T18:15:00Z,2016-11-12T23:45:00+05:30,2016-11-12T19:15:00Z,2016-11-13T00:45:00+05:30,1,01:00:00,1,00:15:00,100.0,0.0,2016-11-12T19:00:00Z,2016-11-13T00:30:00+05:30,2016-11-12T19:15:00Z,2016-11-13T00:45:00+05:30
201.0,,,False,2,pm25,µg/m³,,raw,01:00:00,2016-11-12T18:30:00Z,2016-11-13T00:00:00+05:30,2016-11-12T19:30:00Z,2016-11-13T01:00:00+05:30,1,01:00:00,1,00:15:00,100.0,0.0,2016-11-12T19:15:00Z,2016-11-13T00:45:00+05:30,2016-11-12T19:30:00Z,2016-11-13T01:00:00+05:30
199.0,,,False,2,pm25,µg/m³,,raw,01:00:00,2016-11-12T18:45:00Z,2016-11-13T00:15:00+05:30,2016-11-12T19:45:00Z,2016-11-13T01:15:00+05:30,1,01:00:00,1,00:15:00,100.0,0.0,2016-11-12T19:30:00Z,2016-11-13T01:00:00+05:30,2016-11-12T19:45:00Z,2016-11-13T01:15:00+05:30
197.0,,,False,2,pm25,µg/m³,,raw,01:00:00,2016-11-12T19:00:00Z,2016-11-13T00:30:00+05:30,2016-11-12T20:00:00Z,2016-11-13T01:30:00+05:30,1,01:00:00,1,00:15:00,100.0,0.0,2016-11-12T19:45:00Z,2016-11-13T01:15:00+05:30,2016-11-12T20:00:00Z,2016-11-13T01:30:00+05:30
196.0,,,False,2,pm25,µg/m³,,raw,01:00:00,2016-11-12T19:15:00Z,2016-11-13T00:45:00+05:30,2016-11-12T20:15:00Z,2016-11-13T01:45:00+05:30,1,01:00:00,1,00:15:00,100.0,0.0,2016-11-12T20:00:00Z,2016-11-13T01:30:00+05:30,2016-11-12T20:15:00Z,2016-11-13T01:45:00+05:30
194.0,,,False,2,pm25,µg/m³,,raw,01:00:00,2016-11-12T19:30:00Z,2016-11-13T01:00:00+05:30,2016-11-12T20:30:00Z,2016-11-13T02:00:00+05:30,1,01:00:00,1,00:15:00,100.0,0.0,2016-11-12T20:15:00Z,2016-11-13T01:45:00+05:30,2016-11-12T20:30:00Z,2016-11-13T02:00:00+05:30
190.0,,,False,2,pm25,µg/m³,,raw,01:00:00,2016-11-12T19:45:00Z,2016-11-13T01:15:00+05:30,2016-11-12T20:45:00Z,2016-11-13T02:15:00+05:30,1,01:00:00,1,00:15:00,100.0,0.0,2016-11-12T20:30:00Z,2016-11-13T02:00:00+05:30,2016-11-12T20:45:00Z,2016-11-13T02:15:00+05:30
187.0,,,False,2,pm25,µg/m³,,raw,01:00:00,2016-11-12T20:00:00Z,2016-11-13T01:30:00+05:30,2016-11-12T21:00:00Z,2016-11-13T02:30:00+05:30,1,01:00:00,1,00:15:00,100.0,0.0,2016-11-12T20:45:00Z,2016-11-13T02:15:00+05:30,2016-11-12T21:00:00Z,2016-11-13T02:30:00+05:30
184.0,,,False,2,pm25,µg/m³,,raw,01:00:00,2016-11-12T20:15:00Z,2016-11-13T01:45:00+05:30,2016-11-12T21:15:00Z,2016-11-13T02:45:00+05:30,1,01:00:00,1,00:15:00,100.0,0.0,2016-11-12T21:00:00Z,2016-11-13T02:30:00+05:30,2016-11-12T21:15:00Z,2016-11-13T02:45:00+05:30
182.0,,,False,2,pm25,µg/m³,,raw,01:00:00,2016-11-12T20:30:00Z,2016-11-13T02:00:00+05:30,2016-11-12T21:30:00Z,2016-11-13T03:00:00+05:30,1,01:00:00,1,00:15:00,100.0,0.0,2016-11-12T21:15:00Z,2016-11-13T02:45:00+05:30,2016-11-12T21:30:00Z,2016-11-13T03:00:00+05:30
184.0,,,False,2,pm25,µg/m³,,raw,01:00:00,2016-11-12T20:45:00Z,2016-11-13T02:15:00+05:30,2016-11-12T21:45:00Z,2016-11-13T03:15:00+05:30,1,01:00:00,1,00:15:00,100.0,0.0,2016-11-12T21:30:00Z,2016-11-13T03:00:00+05:30,2016-11-12T21:45:00Z,2016-11-13T03:15:00+05:30
181.0,,,False,2,pm25,µg/m³,,raw,01:00:00,2016-11-12T21:00:00Z,2016-11-13T02:30:00+05:30,2016-11-12T22:00:00Z,2016-11-13T03:30:00+05:30,1,01:00:00,1,00:15:00,100.0,0.0,2016-11-12T21:45:00Z,2016-11-13T03:15:00+05:30,2016-11-12T22:00:00Z,2016-11-13T03:30:00+05:30
177.0,,,False,2,pm25,µg/m³,,raw,01:00:00,2016-11-12T21:15:00Z,2016-11-13T02:45:00+05:30,2016-11-12T22:15:00Z,2016-11-13T03:45:00+05:30,1,01:00:00,1,00:15:00,100.0,0.0,2016-11-12T22:00:00Z,2016-11-13T03:30:00+05:30,2016-11-12T22:15:00Z,2016-11-13T03:45:00+05:30
170.0,,,False,2,pm25,µg/m³,,raw,01:00:00,2016-11-12T21:30:00Z,2016-11-13T03:00:00+05:30,2016-11-12T22:30:00Z,2016-11-13T04:00:00+05:30,1,01:00:00,1,00:15:00,100.0,0.0,2016-11-12T22:15:00Z,2016-11-13T03:45:00+05:30,2016-11-12T22:30:00Z,2016-11-13T04:00:00+05:30
161.0,,,False,2,pm25,µg/m³,,raw,01:00:00,2016-11-12T21:45:00Z,2016-11-13T03:15:00+05:30,2016-11-12T22:45:00Z,2016-11-13T04:15:00+05:30,1,01:00:00,1,00:15:00,100.0,0.0,2016-11-12T22:30:00Z,2016-11-13T04:00:00+05:30,2016-11-12T22:45:00Z,2016-11-13T04:15:00+05:30
155.0,,,False,2,pm25,µg/m³,,raw,01:00:00,2016-11-12T22:00:00Z,2016-11-13T03:30:00+05:30,2016-11-12T23:00:00Z,2016-11-13T04:30:00+05:30,1,01:00:00,1,00:15:00,100.0,0.0,2016-11-12T22:45:00Z,2016-11-13T04:15:00+05:30,2016-11-12T23:00:00Z,2016-11-13T04:30:00+05:30
151.0,,,False,2,pm25,µg/m³,,raw,01:00:00,2016-11-12T22:15:00Z,2016-11-13T03:45:00+05:30,2016-11-12T23:15:00Z,2016-11-13T04:45:00+05:30,1,01:00:00,1,00:15:00,100.0,0.0,2016-11-12T23:00:00Z,2016-11-13T04:30:00+05:30,2016-11-12T23:15:00Z,2016-11-13T04:45:00+05:30
149.0,,,False,2,pm25,µg/m³,,raw,01:00:00,2016-11-12T22:30:00Z,2016-11-13T04:00:00+05:30,2016-11-12T23:30:00Z,2016-11-13T05:00:00+05:30,1,01:00:00,1,00:15:00,100.0,0.0,2016-11-12T23:15:00Z,2016-11-13T04:45:00+05:30,2016-11-12T23:30:00Z,2016-11-13T05:00:00+05:30
148.0,,,False,2,pm25,µg/m³,,raw,01:00:00,2016-11-12T22:45:00Z,2016-11-13T04:15:00+05:30,2016-11-12T23:45:00Z,2016-11-13T05:15:00+05:30,1,01:00:00,1,00:15:00,100.0,0.0,2016-11-12T23:30:00Z,2016-11-13T05:00:00+05:30,2016-11-12T23:45:00Z,2016-11-13T05:15:00+05:30
148.0,,,False,2,pm25,µg/m³,,raw,01:00:00,2016-11-12T23:00:00Z,2016-11-13T04:30:00+05:30,2016-11-13T00:00:00Z,2016-11-13T05:30:00+05:30,1,01:00:00,1,00:15:00,100.0,0.0,2016-11-12T23:45:00Z,2016-11-13T05:15:00+05:30,2016-11-13T00:00:00Z,2016-11-13T05:30:00+05:30
150.0,,,False,2,pm25,µg/m³,,raw,01:00:00,2016-11-12T23:15:00Z,2016-11-13T04:45:00+05:30,2016-11-13T00:15:00Z,2016-11-13T05:45:00+05:30,1,01:00:00,1,00:15:00,100.0,0.0,2016-11-13T00:00:00Z,2016-11-13T05:30:00+05:30,2016-11-13T00:15:00Z,2016-11-13T05:45:00+05:30
154.0,,,False,2,pm25,µg/m³,,raw,01:00:00,2016-11-12T23:30:00Z,2016-11-13T05:00:00+05:30,2016-11-13T00:30:00Z,2016-11-13T06:00:00+05:30,1,01:00:00,1,00:15:00,100.0,0.0,2016-11-13T00:15:00Z,2016-11-13T05:45:00+05:30,2016-11-13T00:30:00Z,2016-11-13T06:00:00+05:30
157.0,,,False,2,pm25,µg/m³,,raw,01:00:00,2016-11-12T23:45:00Z,2016-11-13T05:15:00+05:30,2016-11-13T00:45:00Z,2016-11-13T06:15:00+05:30,1,01:00:00,1,00:15:00,100.0,0.0,2016-11-13T00:30:00Z,2016-11-13T06:00:00+05:30,2016-11-13T00:45:00Z,2016-11-13T06:15:00+05:30
160.0,,,False,2,pm25,µg/m³,,raw,01:00:00,2016-11-13T00:00:00Z,2016-11-13T05:30:00+05:30,2016-11-13T01:00:00Z,2016-11-13T06:30:00+05:30,1,01:00:00,1,00:15:00,100.0,0.0,2016-11-13T00:45:00Z,2016-11-13T06:15:00+05:30,2016-11-13T01:00:00Z,2016-11-13T06:30:00+05:30
163.0,,,False,2,pm25,µg/m³,,raw,01:00:00,2016-11-13T00:15:00Z,2016-11-13T05:45:00+05:30,2016-11-13T01:15:00Z,2016-11-13T06:45:00+05:30,1,01:00:00,1,00:15:00,100.0,0.0,2016-11-13T01:00:00Z,2016-11-13T06:30:00+05:30,2016-11-13T01:15:00Z,2016-11-13T06:45:00+05:30
168.0,,,False,2,pm25,µg/m³,,raw,01:00:00,2016-11-13T00:30:00Z,2016-11-13T06:00:00+05:30,2016-11-13T01:30:00Z,2016-11-13T07:00:00+05:30,1,01:00:00,1,00:15:00,100.0,0.0,2016-11-13T01:15:00Z,2016-11-13T06:45:00+05:30,2016-11-13T01:30:00Z,2016-11-13T07:00:00+05:30
183.0,,,False,2,pm25,µg/m³,,raw,01:00:00,2016-11-13T00:45:00Z,2016-11-13T06:15:00+05:30,2016-11-13T01:45:00Z,2016-11-13T07:15:00+05:30,1,01:00:00,1,00:15:00,100.0,0.0,2016-11-13T01:30:00Z,2016-11-13T07:00:00+05:30,2016-11-13T01:45:00Z,2016-11-13T07:15:00+05:30
197.0,,,False,2,pm25,µg/m³,,raw,01:00:00,2016-11-13T01:00:00Z,2016-11-13T06:30:00+05:30,2016-11-13T02:00:00Z,2016-11-13T07:30:00+05:30,1,01:00:00,1,00:15:00,100.0,0.0,2016-11-13T01:45:00Z,2016-11-13T07:15:00+05:30,2016-11-13T02:00:00Z,2016-11-13T07:30:00+05:30
206.0,,,False,2,pm25,µg/m³,,raw,01:00:00,2016-11-13T01:15:00Z,2016-11-13T06:45:00+05:30,2016-11-13T02:15:00Z,2016-11-13T07:45:00+05:30,1,01:00:00,1,00:15:00,100.0,0.0,2016-11-13T02:00:00Z,2016-11-13T07:30:00+05:30,2016-11-13T02:15:00Z,2016-11-13T07:45:00+05:30
213.0,,,False,2,pm25,µg/m³,,raw,01:00:00,2016-11-13T01:30:00Z,2016-11-13T07:00:00+05:30,2016-11-13T02:30:00Z,2016-11-13T08:00:00+05:30,1,01:00:00,1,00:15:00,100.0,0.0,2016-11-13T02:15:00Z,2016-11-13T07:45:00+05:30,2016-11-13T02:30:00Z,2016-11-13T08:00:00+05:30
210.0,,,False,2,pm25,µg/m³,,raw,01:00:00,2016-11-13T01:45:00Z,2016-11-13T07:15:00+05:30,2016-11-13T02:45:00Z,2016-11-13T08:15:00+05:30,1,01:00:00,1,00:15:00,100.0,0.0,2016-11-13T02:30:00Z,2016-11-13T08:00:00+05:30,2016-11-13T02:45:00Z,2016-11-13T08:15:00+05:30
208.0,,,False,2,pm25,µg/m³,,raw,01:00:00,2016-11-13T02:00:00Z,2016-11-13T07:30:00+05:30,2016-11-13T03:00:00Z,2016-11-13T08:30:00+05:30,1,01:00:00,1,00:15:00,100.0,0.0,2016-11-13T02:45:00Z,2016-11-13T08:15:00+05:30,2016-11-13T03:00:00Z,2016-11-13T08:30:00+05:30
211.0,,,False,2,pm25,µg/m³,,raw,01:00:00,2016-11-13T02:15:00Z,2016-11-13T07:45:00+05:30,2016-11-13T03:15:00Z,2016-11-13T08:45:00+05:30,1,01:00:00,1,00:15:00,100.0,0.0,2016-11-13T03:00:00Z,2016-11-13T08:30:00+05:30,2016-11-13T03:15:00Z,2016-11-13T08:45:00+05:30
216.0,,,False,2,pm25,µg/m³,,raw,01:00:00,2016-11-13T02:30:00Z,2016-11-13T08:00:00+05:30,2016-11-13T03:30:00Z,2016-11-13T09:00:00+05:30,1,01:00:00,1,00:15:00,100.0,0.0,2016-11-13T03:15:00Z,2016-11-13T08:45:00+05:30,2016-11-13T03:30:00Z,2016-11-13T09:00:00+05:30
217.0,,,False,2,pm25,µg/m³,,raw,01:00:00,2016-11-13T02:45:00Z,2016-11-13T08:15:00+05:30,2016-11-13T03:45:00Z,2016-11-13T09:15:00+05:30,1,01:00:00,1,00:15:00,100.0,0.0,2016-11-13T03:30:00Z,2016-11-13T09:00:00+05:30,2016-11-13T03:45:00Z,2016-11-13T09:15:00+05:30
217.0,,,False,2,pm25,µg/m³,,raw,01:00:00,2016-11-13T03:00:00Z,2016-11-13T08:30:00+05:30,2016-11-13T04:00:00Z,2016-11-13T09:30:00+05:30,1,01:00:00,1,00:15:00,100.0,0.0,2016-11-13T03:45:00Z,2016-11-13T09:15:00+05:30,2016-11-13T04:00:00Z,2016-11-13T09:30:00+05:30
214.0,,,False,2,pm25,µg/m³,,raw,01:00:00,2016-11-13T03:15:00Z,2016-11-13T08:45:00+05:30,2016-11-13T04:15:00Z,2016-11-13T09:45:00+05:30,1,01:00:00,1,00:15:00,100.0,0.0,2016-11-13T04:00:00Z,2016-11-13T09:30:00+05:30,2016-11-13T04:15:00Z,2016-11-13T09:45:00+05:30
209.0,,,False,2,pm25,µg/m³,,raw,01:00:00,2016-11-13T03:30:00Z,2016-11-13T09:00:00+05:30,2016-11-13T04:30:00Z,2016-11-13T10:00:00+05:30,1,01:00:00,1,00:15:00,100.0,0.0,2016-11-13T04:15:00Z,2016-11-13T09:45:00+05:30,2016-11-13T04:30:00Z,2016-11-13T10:00:00+05:30
204.0,,,False,2,pm25,µg/m³,,raw,01:00:00,2016-11-13T03:45:00Z,2016-11-13T09:15:00+05:30,2016-11-13T04:45:00Z,2016-11-13T10:15:00+05:30,1,01:00:00,1,00:15:00,100.0,0.0,2016-11-13T04:30:00Z,2016-11-13T10:00:00+05:30,2016-11-13T04:45:00Z,2016-11-13T10:15:00+05:30
191.0,,,False,2,pm25,µg/m³,,raw,01:00:00,2016-11-13T04:00:00Z,2016-11-13T09:30:00+05:30,2016-11-13T05:00:00Z,2016-11-13T10:30:00+05:30,1,01:00:00,1,00:15:00,100.0,0.0,2016-11-13T04:45:00Z,2016-11-13T10:15:00+05:30,2016-11-13T05:00:00Z,2016-11-13T10:30:00+05:30
172.0,,,False,2,pm25,µg/m³,,raw,01:00:00,2016-11-13T04:15:00Z,2016-11-13T09:45:00+05:30,2016-11-13T05:15:00Z,2016-11-13T10:45:00+05:30,1,01:00:00,1,00:15:00,100.0,0.0,2016-11-13T05:00:00Z,2016-11-13T10:30:00+05:30,2016-11-13T05:15:00Z,2016-11-13T10:45:00+05:30
148.0,,,False,2,pm25,µg/m³,,raw,01:00:00,2016-11-13T04:30:00Z,2016-11-13T10:00:00+05:30,2016-11-13T05:30:00Z,2016-11-13T11:00:00+05:30,1,01:00:00,1,00:15:00,100.0,0.0,2016-11-13T05:15:00Z,2016-11-13T10:45:00+05:30,2016-11-13T05:30:00Z,2016-11-13T11:00:00+05:30
127.0,,,False,2,pm25,µg/m³,,raw,01:00:00,2016-11-13T04:45:00Z,2016-11-13T10:15:00+05:30,2016-11-13T05:45:00Z,2016-11-13T11:15:00+05:30,1,01:00:00,1,00:15:00,100.0,0.0,2016-11-13T05:30:00Z,2016-11-13T11:00:00+05:30,2016-11-13T05:45:00Z,2016-11-13T11:15:00+05:30
114.0,,,False,2,pm25,µg/m³,,raw,01:00:00,2016-11-13T05:00:00Z,2016-11-13T10:30:00+05:30,2016-11-13T06:00:00Z,2016-11-13T11:30:00+05:30,1,01:00:00,1,00:15:00,100.0,0.0,2016-11-13T05:45:00Z,2016-11-13T11:15:00+05:30,2016-11-13T06:00:00Z,2016-11-13T11:30:00+05:30
109.0,,,False,2,pm25,µg/m³,,raw,01:00:00,2016-11-13T05:15:00Z,2016-11-13T10:45:00+05:30,2016-11-13T06:15:00Z,2016-11-13T11:45:00+05:30,1,01:00:00,1,00:15:00,100.0,0.0,2016-11-13T06:00:00Z,2016-11-13T11:30:00+05:30,2016-11-13T06:15:00Z,2016-11-13T11:45:00+05:30
110.0,,,False,2,pm25,µg/m³,,raw,01:00:00,2016-11-13T05:30:00Z,2016-11-13T11:00:00+05:30,2016-11-13T06:30:00Z,2016-11-13T12:00:00+05:30,1,01:00:00,1,00:15:00,100.0,0.0,2016-11-13T06:15:00Z,2016-11-13T11:45:00+05:30,2016-11-13T06:30:00Z,2016-11-13T12:00:00+05:30
111.0,,,False,2,pm25,µg/m³,,raw,01:00:00,2016-11-13T05:45:00Z,2016-11-13T11:15:00+05:30,2016-11-13T06:45:00Z,2016-11-13T12:15:00+05:30,1,01:00:00,1,00:15:00,100.0,0.0,2016-11-13T06:30:00Z,2016-11-13T12:00:00+05:30,2016-11-13T06:45:00Z,2016-11-13T12:15:00+05:30
109.0,,,False,2,pm25,µg/m³,,raw,01:00:00,2016-11-13T06:00:00Z,2016-11-13T11:30:00+05:30,2016-11-13T07:00:00Z,2016-11-13T12:30:00+05:30,1,01:00:00,1,00:15:00,100.0,0.0,2016-11-13T06:45:00Z,2016-11-13T12:15:00+05:30,2016-11-13T07:00:00Z,2016-11-13T12:30:00+05:30
109.0,,,False,2,pm25,µg/m³,,raw,01:00:00,2016-11-13T06:15:00Z,2016-11-13T11:45:00+05:30,2016-11-13T07:15:00Z,2016-11-13T12:45:00+05:30,1,01:00:00,1,00:15:00,100.0,0.0,2016-11-13T07:00:00Z,2016-11-13T12:30:00+05:30,2016-11-13T07:15:00Z,2016-11-13T12:45:00+05:30
109.0,,,False,2,pm25,µg/m³,,raw,01:00:00,2016-11-13T06:30:00Z,2016-11-13T12:00:00+05:30,2016-11-13T07:30:00Z,2016-11-13T13:00:00+05:30,1,01:00:00,1,00:15:00,100.0,0.0,2016-11-13T07:15:00Z,2016-11-13T12:45:00+05:30,2016-11-13T07:30:00Z,2016-11-13T13:00:00+05:30
108.0,,,False,2,pm25,µg/m³,,raw,01:00:00,2016-11-13T06:45:00Z,2016-11-13T12:15:00+05:30,2016-11-13T07:45:00Z,2016-11-13T13:15:00+05:30,1,01:00:00,1,00:15:00,100.0,0.0,2016-11-13T07:30:00Z,2016-11-13T13:00:00+05:30,2016-11-13T07:45:00Z,2016-11-13T13:15:00+05:30
108.0,,,False,2,pm25,µg/m³,,raw,01:00:00,2016-11-13T07:00:00Z,2016-11-13T12:30:00+05:30,2016-11-13T08:00:00Z,2016-11-13T13:30:00+05:30,1,01:00:00,1,00:15:00,100.0,0.0,2016-11-13T07:45:00Z,2016-11-13T13:15:00+05:30,2016-11-13T08:00:00Z,2016-11-13T13:30:00+05:30
106.0,,,False,2,pm25,µg/m³,,raw,01:00:00,2016-11-13T07:15:00Z,2016-11-13T12:45:00+05:30,2016-11-13T08:15:00Z,2016-11-13T13:45:00+05:30,1,01:00:00,1,00:15:00,100.0,0.0,2016-11-13T08:00:00Z,2016-11-13T13:30:00+05:30,2016-11-13T08:15:00Z,2016-11-13T13:45:00+05:30
100.0,,,False,2,pm25,µg/m³,,raw,01:00:00,2016-11-13T07:30:00Z,2016-11-13T13:00:00+05:30,2016-11-13T08:30:00Z,2016-11-13T14:00:00+05:30,1,01:00:00,1,00:15:00,100.0,0.0,2016-11-13T08:15:00Z,2016-11-13T13:45:00+05:30,2016-11-13T08:30:00Z,2016-11-13T14:00:00+05:30
94.0,,,False,2,pm25,µg/m³,,raw,01:00:00,2016-11-13T07:45:00Z,2016-11-13T13:15:00+05:30,2016-11-13T08:45:00Z,2016-11-13T14:15:00+05:30,1,01:00:00,1,00:15:00,100.0,0.0,2016-11-13T08:30:00Z,2016-11-13T14:00:00+05:30,2016-11-13T08:45:00Z,2016-11-13T14:15:00+05:30
88.0,,,False,2,pm25,µg/m³,,raw,01:00:00,2016-11-13T08:00:00Z,2016-11-13T13:30:00+05:30,2016-11-13T09:00:00Z,2016-11-13T14:30:00+05:30,1,01:00:00,1,00:15:00,100.0,0.0,2016-11-13T08:45:00Z,2016-11-13T14:15:00+05:30,2016-11-13T09:00:00Z,2016-11-13T14:30:00+05:30
83.0,,,False,2,pm25,µg/m³,,raw,01:00:00,2016-11-13T08:15:00Z,2016-11-13T13:45:00+05:30,2016-11-13T09:15:00Z,2016-11-13T14:45:00+05:30,1,01:00:00,1,00:15:00,100.0,0.0,2016-11-13T09:00:00Z,2016-11-13T14:30:00+05:30,2016-11-13T09:15:00Z,2016-11-13T14:45:00+05:30
79.0,,,False,2,pm25,µg/m³,,raw,01:00:00,2016-11-13T08:30:00Z,2016-11-13T14:00:00+05:30,2016-11-13T09:30:00Z,2016-11-13T15:00:00+05:30,1,01:00:00,1,00:15:00,100.0,0.0,2016-11-13T09:15:00Z,2016-11-13T14:45:00+05:30,2016-11-13T09:30:00Z,2016-11-13T15:00:00+05:30
79.0,,,False,2,pm25,µg/m³,,raw,01:00:00,2016-11-13T08:45:00Z,2016-11-13T14:15:00+05:30,2016-11-13T09:45:00Z,2016-11-13T15:15:00+05:30,1,01:00:00,1,00:15:00,100.0,0.0,2016-11-13T09:30:00Z,2016-11-13T15:00:00+05:30,2016-11-13T09:45:00Z,2016-11-13T15:15:00+05:30
77.0,,,False,2,pm25,µg/m³,,raw,01:00:00,2016-11-13T09:00:00Z,2016-11-13T14:30:00+05:30,2016-11-13T10:00:00Z,2016-11-13T15:30:00+05:30,1,01:00:00,1,00:15:00,100.0,0.0,2016-11-13T09:45:00Z,2016-11-13T15:15:00+05:30,2016-11-13T10:00:00Z,2016-11-13T15:30:00+05:30
74.0,,,False,2,pm25,µg/m³,,raw,01:00:00,2016-11-13T09:15:00Z,2016-11-13T14:45:00+05:30,2016-11-13T10:15:00Z,2016-11-13T15:45:00+05:30,1,01:00:00,1,00:15:00,100.0,0.0,2016-11-13T10:00:00Z,2016-11-13T15:30:00+05:30,2016-11-13T10:15:00Z,2016-11-13T15:45:00+05:30
72.0,,,False,2,pm25,µg/m³,,raw,01:00:00,2016-11-13T09:30:00Z,2016-11-13T15:00:00+05:30,2016-11-13T10:30:00Z,2016-11-13T16:00:00+05:30,1,01:00:00,1,00:15:00,100.0,0.0,2016-11-13T10:15:00Z,2016-11-13T15:45:00+05:30,2016-11-13T10:30:00Z,2016-11-13T16:00:00+05:30
70.0,,,False,2,pm25,µg/m³,,raw,01:00:00,2016-11-13T09:45:00Z,2016-11-13T15:15:00+05:30,2016-11-13T10:45:00Z,2016-11-13T16:15:00+05:30,1,01:00:00,1,00:15:00,100.0,0.0,2016-11-13T10:30:00Z,2016-11-13T16:00:00+05:30,2016-11-13T10:45:00Z,2016-11-13T16:15:00+05:30
73.0,,,False,2,pm25,µg/m³,,raw,01:00:00,2016-11-13T10:00:00Z,2016-11-13T15:30:00+05:30,2016-11-13T11:00:00Z,2016-11-13T16:30:00+05:30,1,01:00:00,1,00:15:00,100.0,0.0,2016-11-13T10:45:00Z,2016-11-13T16:15:00+05:30,2016-11-13T11:00:00Z,2016-11-13T16:30:00+05:30
77.0,,,False,2,pm25,µg/m³,,raw,01:00:00,2016-11-13T10:15:00Z,2016-11-13T15:45:00+05:30,2016-11-13T11:15:00Z,2016-11-13T16:45:00+05:30,1,01:00:00,1,00:15:00,100.0,0.0,2016-11-13T11:00:00Z,2016-11-13T16:30:00+05:30,2016-11-13T11:15:00Z,2016-11-13T16:45:00+05:30
83.0,,,False,2,pm25,µg/m³,,raw,01:00:00,2016-11-13T10:30:00Z,2016-11-13T16:00:00+05:30,2016-11-13T11:30:00Z,2016-11-13T17:00:00+05:30,1,01:00:00,1,00:15:00,100.0,0.0,2016-11-13T11:15:00Z,2016-11-13T16:45:00+05:30,2016-11-13T11:30:00Z,2016-11-13T17:00:00+05:30
89.0,,,False,2,pm25,µg/m³,,raw,01:00:00,2016-11-13T10:45:00Z,2016-11-13T16:15:00+05:30,2016-11-13T11:45:00Z,2016-11-13T17:15:00+05:30,1,01:00:00,1,00:15:00,100.0,0.0,2016-11-13T11:30:00Z,2016-11-13T17:00:00+05:30,2016-11-13T11:45:00Z,2016-11-13T17:15:00+05:30
94.0,,,False,2,pm25,µg/m³,,raw,01:00:00,2016-11-13T11:00:00Z,2016-11-13T16:30:00+05:30,2016-11-13T12:00:00Z,2016-11-13T17:30:00+05:30,1,01:00:00,1,00:15:00,100.0,0.0,2016-11-13T11:45:00Z,2016-11-13T17:15:00+05:30,2016-11-13T12:00:00Z,2016-11-13T17:30:00+05:30
101.0,,,False,2,pm25,µg/m³,,raw,01:00:00,2016-11-13T11:15:00Z,2016-11-13T16:45:00+05:30,2016-11-13T12:15:00Z,2016-11-13T17:45:00+05:30,1,01:00:00,1,00:15:00,100.0,0.0,2016-11-13T12:00:00Z,2016-11-13T17:30:00+05:30,2016-11-13T12:15:00Z,2016-11-13T17:45:00+05:30
108.0,,,False,2,pm25,µg/m³,,raw,01:00:00,2016-11-13T11:30:00Z,2016-11-13T17:00:00+05:30,2016-11-13T12:30:00Z,2016-11-13T18:00:00+05:30,1,01:00:00,1,00:15:00,100.0,0.0,2016-11-13T12:15:00Z,2016-11-13T17:45:00+05:30,2016-11-13T12:30:00Z,2016-11-13T18:00:00+05:30
116.0,,,False,2,pm25,µg/m³,,raw,01:00:00,2016-11-13T11:45:00Z,2016-11-13T17:15:00+05:30,2016-11-13T12:45:00Z,2016-11-13T18:15:00+05:30,1,01:00:00,1,00:15:00,100.0,0.0,2016-11-13T12:30:00Z,2016-11-13T18:00:00+05:30,2016-11-13T12:45:00Z,2016-11-13T18:15:00+05:30
125.0,,,False,2,pm25,µg/m³,,raw,01:00:00,2016-11-13T12:00:00Z,2016-11-13T17:30:00+05:30,2016-11-13T13:00:00Z,2016-11-13T18:30:00+05:30,1,01:00:00,1,00:15:00,100.0,0.0,2016-11-13T12:45:00Z,2016-11-13T18:15:00+05:30,2016-11-13T13:00:00Z,2016-11-13T18:30:00+05:30
133.0,,,False,2,pm25,µg/m³,,raw,01:00:00,2016-11-13T12:15:00Z,2016-11-13T17:45:00+05:30,2016-11-13T13:15:00Z,2016-11-13T18:45:00+05:30,1,01:00:00,1,00:15:00,100.0,0.0,2016-11-13T13:00:00Z,2016-11-13T18:30:00+05:30,2016-11-13T13:15:00Z,2016-11-13T18:45:00+05:30
138.0,,,False,2,pm25,µg/m³,,raw,01:00:00,2016-11-13T12:30:00Z,2016-11-13T18:00:00+05:30,2016-11-13T13:30:00Z,2016-11-13T19:00:00+05:30,1,01:00:00,1,00:15:00,100.0,0.0,2016-11-13T13:15:00Z,2016-11-13T18:45:00+05:30,2016-11-13T13:30:00Z,2016-11-13T19:00:00+05:30
140.0,,,False,2,pm25,µg/m³,,raw,01:00:00,2016-11-13T12:45:00Z,2016-11-13T18:15:00+05:30,2016-11-13T13:45:00Z,2016-11-13T19:15:00+05:30,1,01:00:00,1,00:15:00,100.0,0.0,2016-11-13T13:30:00Z,2016-11-13T19:00:00+05:30,2016-11-13T13:45:00Z,2016-11-13T19:15:00+05:30
138.0,,,False,2,pm25,µg/m³,,raw,01:00:00,2016-11-13T13:00:00Z,2016-11-13T18:30:00+05:30,2016-11-13T14:00:00Z,2016-11-13T19:30:00+05:30,1,01:00:00,1,00:15:00,100.0,0.0,2016-11-13T13:45:00Z,2016-11-13T19:15:00+05:30,2016-11-13T14:00:00Z,2016-11-13T19:30:00+05:30
136.0,,,False,2,pm25,µg/m³,,raw,01:00:00,2016-11-13T13:15:00Z,2016-11-13T18:45:00+05:30,2016-11-13T14:15:00Z,2016-11-13T19:45:00+05:30,1,01:00:00,1,00:15:00,100.0,0.0,2016-11-13T14:00:00Z,2016-11-13T19:30:00+05:30,2016-11-13T14:15:00Z,2016-11-13T19:45:00+05:30
135.0,,,False,2,pm25,µg/m³,,raw,01:00:00,2016-11-13T13:30:00Z,2016-11-13T19:00:00+05:30,2016-11-13T14:30:00Z,2016-11-13T20:00:00+05:30,1,01:00:00,1,00:15:00,100.0,0.0,2016-11-13T14:15:00Z,2016-11-13T19:45:00+05:30,2016-11-13T14:30:00Z,2016-11-13T20:00:00+05:30
136.0,,,False,2,pm25,µg/m³,,raw,01:00:00,2016-11-13T13:45:00Z,2016-11-13T19:15:00+05:30,2016-11-13T14:45:00Z,2016-11-13T20:15:00+05:30,1,01:00:00,1,00:15:00,100.0,0.0,2016-11-13T14:30:00Z,2016-11-13T20:00:00+05:30,2016-11-13T14:45:00Z,2016-11-13T20:15:00+05:30
138.0,,,False,2,pm25,µg/m³,,raw,01:00:00,2016-11-13T14:00:00Z,2016-11-13T19:30:00+05:30,2016-11-13T15:00:00Z,2016-11-13T20:30:00+05:30,1,01:00:00,1,00:15:00,100.0,0.0,2016-11-13T14:45:00Z,2016-11-13T20:15:00+05:30,2016-11-13T15:00:00Z,2016-11-13T20:30:00+05:30
141.0,,,False,2,pm25,µg/m³,,raw,01:00:00,2016-11-13T14:15:00Z,2016-11-13T19:45:00+05:30,2016-11-13T15:15:00Z,2016-11-13T20:45:00+05:30,1,01:00:00,1,00:15:00,100.0,0.0,2016-11-13T15:00:00Z,2016-11-13T20:30:00+05:30,2016-11-13T15:15:00Z,2016-11-13T20:45:00+05:30
144.0,,,False,2,pm25,µg/m³,,raw,01:00:00,2016-11-13T14:30:00Z,2016-11-13T20:00:00+05:30,2016-11-13T15:30:00Z,2016-11-13T21:00:00+05:30,1,01:00:00,1,00:15:00,100.0,0.0,2016-11-13T15:15:00Z,2016-11-13T20:45:00+05:30,2016-11-13T15:30:00Z,2016-11-13T21:00:00+05:30
146.0,,,False,2,pm25,µg/m³,,raw,01:00:00,2016-11-13T15:45:00Z,2016-11-13T21:15:00+05:30,2016-11-13T16:45:00Z,2016-11-13T22:15:00+05:30,1,01:00:00,1,00:15:00,100.0,0.0,2016-11-13T16:30:00Z,2016-11-13T22:00:00+05:30,2016-11-13T16:45:00Z,2016-11-13T22:15:00+05:30
146.0,,,False,2,pm25,µg/m³,,raw,01:00:00,2016-11-13T16:00:00Z,2016-11-13T21:30:00+05:30,2016-11-13T17:00:00Z,2016-11-13T22:30:00+05:30,1,01:00:00,1,00:15:00,100.0,0.0,2016-11-13T16:45:00Z,2016-11-13T22:15:00+05:30,2016-11-13T17:00:00Z,2016-11-13T22:30:00+05:30
145.0,,,False,2,pm25,µg/m³,,raw,01:00:00,2016-11-13T16:15:00Z,2016-11-13T21:45:00+05:30,2016-11-13T17:15:00Z,2016-11-13T22:45:00+05:30,1,01:00:00,1,00:15:00,100.0,0.0,2016-11-13T17:00:00Z,2016-11-13T22:30:00+05:30,2016-11-13T17:15:00Z,2016-11-13T22:45:00+05:30
146.0,,,False,2,pm25,µg/m³,,raw,01:00:00,2016-11-13T16:30:00Z,2016-11-13T22:00:00+05:30,2016-11-13T17:30:00Z,2016-11-13T23:00:00+05:30,1,01:00:00,1,00:15:00,100.0,0.0,2016-11-13T17:15:00Z,2016-11-13T22:45:00+05:30,2016-11-13T17:30:00Z,2016-11-13T23:00:00+05:30
149.0,,,False,2,pm25,µg/m³,,raw,01:00:00,2016-11-13T16:45:00Z,2016-11-13T22:15:00+05:30,2016-11-13T17:45:00Z,2016-11-13T23:15:00+05:30,1,01:00:00,1,00:15:00,100.0,0.0,2016-11-13T17:30:00Z,2016-11-13T23:00:00+05:30,2016-11-13T17:45:00Z,2016-11-13T23:15:00+05:30
150.0,,,False,2,pm25,µg/m³,,raw,01:00:00,2016-11-13T17:00:00Z,2016-11-13T22:30:00+05:30,2016-11-13T18:00:00Z,2016-11-13T23:30:00+05:30,1,01:00:00,1,00:15:00,100.0,0.0,2016-11-13T17:45:00Z,2016-11-13T23:15:00+05:30,2016-11-13T18:00:00Z,2016-11-13T23:30:00+05:30
150.0,,,False,2,pm25,µg/m³,,raw,01:00:00,2016-11-13T17:15:00Z,2016-11-13T22:45:00+05:30,2016-11-13T18:15:00Z,2016-11-13T23:45:00+05:30,1,01:00:00,1,00:15:00,100.0,0.0,2016-11-13T18:00:00Z,2016-11-13T23:30:00+05:30,2016-11-13T18:15:00Z,2016-11-13T23:45:00+05:30
170.0,,,False,2,pm25,µg/m³,,raw,01:00:00,2016-11-13T17:30:00Z,2016-11-13T23:00:00+05:30,2016-11-13T18:30:00Z,2016-11-14T00:00:00+05:30,1,01:00:00,1,00:15:00,100.0,0.0,2016-11-13T18:15:00Z,2016-11-13T23:45:00+05:30,2016-11-13T18:30:00Z,2016-11-14T00:00:00+05:30
143.0,,,False,2,pm25,µg/m³,,raw,01:00:00,2016-11-13T17:45:00Z,2016-11-13T23:15:00+05:30,2016-11-13T18:45:00Z,2016-11-14T00:15:00+05:30,1,01:00:00,1,00:15:00,100.0,0.0,2016-11-13T18:30:00Z,2016-11-14T00:00:00+05:30,2016-11-13T18:45:00Z,2016-11-14T00:15:00+05:30
137.0,,,False,2,pm25,µg/m³,,raw,01:00:00,2016-11-13T18:00:00Z,2016-11-13T23:30:00+05:30,2016-11-13T19:00:00Z,2016-11-14T00:30:00+05:30,1,01:00:00,1,00:15:00,100.0,0.0,2016-11-13T18:45:00Z,2016-11-14T00:15:00+05:30,2016-11-13T19:00:00Z,2016-11-14T00:30:00+05:30
134.0,,,False,2,pm25,µg/m³,,raw,01:00:00,2016-11-13T18:45:00Z,2016-11-14T00:15:00+05:30,2016-11-13T19:45:00Z,2016-11-14T01:15:00+05:30,1,01:00:00,1,00:15:00,100.0,0.0,2016-11-13T19:30:00Z,2016-11-14T01:00:00+05:30,2016-11-13T19:45:00Z,2016-11-14T01:15:00+05:30
135.0,,,False,2,pm25,µg/m³,,raw,01:00:00,2016-11-13T19:00:00Z,2016-11-14T00:30:00+05:30,2016-11-13T20:00:00Z,2016-11-14T01:30:00+05:30,1,01:00:00,1,00:15:00,100.0,0.0,2016-11-13T19:45:00Z,2016-11-14T01:15:00+05:30,2016-11-13T20:00:00Z,2016-11-14T01:30:00+05:30
134.0,,,False,2,pm25,µg/m³,,raw,01:00:00,2016-11-13T19:15:00Z,2016-11-14T00:45:00+05:30,2016-11-13T20:15:00Z,2016-11-14T01:45:00+05:30,1,01:00:00,1,00:15:00,100.0,0.0,2016-11-13T20:00:00Z,2016-11-14T01:30:00+05:30,2016-11-13T20:15:00Z,2016-11-14T01:45:00+05:30
133.0,,,False,2,pm25,µg/m³,,raw,01:00:00,2016-11-13T19:30:00Z,2016-11-14T01:00:00+05:30,2016-11-13T20:30:00Z,2016-11-14T02:00:00+05:30,1,01:00:00,1,00:15:00,100.0,0.0,2016-11-13T20:15:00Z,2016-11-14T01:45:00+05:30,2016-11-13T20:30:00Z,2016-11-14T02:00:00+05:30
134.0,,,False,2,pm25,µg/m³,,raw,01:00:00,2016-11-13T20:00:00Z,2016-11-14T01:30:00+05:30,2016-11-13T21:00:00Z,2016-11-14T02:30:00+05:30,1,01:00:00,1,00:15:00,100.0,0.0,2016-11-13T20:45:00Z,2016-11-14T02:15:00+05:30,2016-11-13T21:00:00Z,2016-11-14T02:30:00+05:30
134.0,,,False,2,pm25,µg/m³,,raw,01:00:00,2016-11-13T20:15:00Z,2016-11-14T01:45:00+05:30,2016-11-13T21:15:00Z,2016-11-14T02:45:00+05:30,1,01:00:00,1,00:15:00,100.0,0.0,2016-11-13T21:00:00Z,2016-11-14T02:30:00+05:30,2016-11-13T21:15:00Z,2016-11-14T02:45:00+05:30
133.0,,,False,2,pm25,µg/m³,,raw,01:00:00,2016-11-13T20:30:00Z,2016-11-14T02:00:00+05:30,2016-11-13T21:30:00Z,2016-11-14T03:00:00+05:30,1,01:00:00,1,00:15:00,100.0,0.0,2016-11-13T21:15:00Z,2016-11-14T02:45:00+05:30,2016-11-13T21:30:00Z,2016-11-14T03:00:00+05:30
136.0,,,False,2,pm25,µg/m³,,raw,01:00:00,2016-11-13T20:45:00Z,2016-11-14T02:15:00+05:30,2016-11-13T21:45:00Z,2016-11-14T03:15:00+05:30,1,01:00:00,1,00:15:00,100.0,0.0,2016-11-13T21:30:00Z,2016-11-14T03:00:00+05:30,2016-11-13T21:45:00Z,2016-11-14T03:15:00+05:30
144.0,,,False,2,pm25,µg/m³,,raw,01:00:00,2016-11-13T21:00:00Z,2016-11-14T02:30:00+05:30,2016-11-13T22:00:00Z,2016-11-14T03:30:00+05:30,1,01:00:00,1,00:15:00,100.0,0.0,2016-11-13T21:45:00Z,2016-11-14T03:15:00+05:30,2016-11-13T22:00:00Z,2016-11-14T03:30:00+05:30
151.0,,,False,2,pm25,µg/m³,,raw,01:00:00,2016-11-13T21:15:00Z,2016-11-14T02:45:00+05:30,2016-11-13T22:15:00Z,2016-11-14T03:45:00+05:30,1,01:00:00,1,00:15:00,100.0,0.0,2016-11-13T22:00:00Z,2016-11-14T03:30:00+05:30,2016-11-13T22:15:00Z,2016-11-14T03:45:00+05:30
158.0,,,False,2,pm25,µg/m³,,raw,01:00:00,2016-11-13T21:30:00Z,2016-11-14T03:00:00+05:30,2016-11-13T22:30:00Z,2016-11-14T04:00:00+05:30,1,01:00:00,1,00:15:00,100.0,0.0,2016-11-13T22:15:00Z,2016-11-14T03:45:00+05:30,2016-11-13T22:30:00Z,2016-11-14T04:00:00+05:30
160.0,,,False,2,pm25,µg/m³,,raw,01:00:00,2016-11-13T21:45:00Z,2016-11-14T03:15:00+05:30,2016-11-13T22:45:00Z,2016-11-14T04:15:00+05:30,1,01:00:00,1,00:15:00,100.0,0.0,2016-11-13T22:30:00Z,2016-11-14T04:00:00+05:30,2016-11-13T22:45:00Z,2016-11-14T04:15:00+05:30
154.0,,,False,2,pm25,µg/m³,,raw,01:00:00,2016-11-13T22:00:00Z,2016-11-14T03:30:00+05:30,2016-11-13T23:00:00Z,2016-11-14T04:30:00+05:30,1,01:00:00,1,00:15:00,100.0,0.0,2016-11-13T22:45:00Z,2016-11-14T04:15:00+05:30,2016-11-13T23:00:00Z,2016-11-14T04:30:00+05:30
149.0,,,False,2,pm25,µg/m³,,raw,01:00:00,2016-11-13T22:15:00Z,2016-11-14T03:45:00+05:30,2016-11-13T23:15:00Z,2016-11-14T04:45:00+05:30,1,01:00:00,1,00:15:00,100.0,0.0,2016-11-13T23:00:00Z,2016-11-14T04:30:00+05:30,2016-11-13T23:15:00Z,2016-11-14T04:45:00+05:30
146.0,,,False,2,pm25,µg/m³,,raw,01:00:00,2016-11-13T22:30:00Z,2016-11-14T04:00:00+05:30,2016-11-13T23:30:00Z,2016-11-14T05:00:00+05:30,1,01:00:00,1,00:15:00,100.0,0.0,2016-11-13T23:15:00Z,2016-11-14T04:45:00+05:30,2016-11-13T23:30:00Z,2016-11-14T05:00:00+05:30
142.0,,,False,2,pm25,µg/m³,,raw,01:00:00,2016-11-13T22:45:00Z,2016-11-14T04:15:00+05:30,2016-11-13T23:45:00Z,2016-11-14T05:15:00+05:30,1,01:00:00,1,00:15:00,100.0,0.0,2016-11-13T23:30:00Z,2016-11-14T05:00:00+05:30,2016-11-13T23:45:00Z,2016-11-14T05:15:00+05:30
140.0,,,False,2,pm25,µg/m³,,raw,01:00:00,2016-11-13T23:00:00Z,2016-11-14T04:30:00+05:30,2016-11-14T00:00:00Z,2016-11-14T05:30:00+05:30,1,01:00:00,1,00:15:00,100.0,0.0,2016-11-13T23:45:00Z,2016-11-14T05:15:00+05:30,2016-11-14T00:00:00Z,2016-11-14T05:30:00+05:30
139.0,,,False,2,pm25,µg/m³,,raw,01:00:00,2016-11-13T23:15:00Z,2016-11-14T04:45:00+05:30,2016-11-14T00:15:00Z,2016-11-14T05:45:00+05:30,1,01:00:00,1,00:15:00,100.0,0.0,2016-11-14T00:00:00Z,2016-11-14T05:30:00+05:30,2016-11-14T00:15:00Z,2016-11-14T05:45:00+05:30
142.0,,,False,2,pm25,µg/m³,,raw,01:00:00,2016-11-13T23:30:00Z,2016-11-14T05:00:00+05:30,2016-11-14T00:30:00Z,2016-11-14T06:00:00+05:30,1,01:00:00,1,00:15:00,100.0,0.0,2016-11-14T00:15:00Z,2016-11-14T05:45:00+05:30,2016-11-14T00:30:00Z,2016-11-14T06:00:00+05:30
147.0,,,False,2,pm25,µg/m³,,raw,01:00:00,2016-11-13T23:45:00Z,2016-11-14T05:15:00+05:30,2016-11-14T00:45:00Z,2016-11-14T06:15:00+05:30,1,01:00:00,1,00:15:00,100.0,0.0,2016-11-14T00:30:00Z,2016-11-14T06:00:00+05:30,2016-11-14T00:45:00Z,2016-11-14T06:15:00+05:30
151.0,,,False,2,pm25,µg/m³,,raw,01:00:00,2016-11-14T00:00:00Z,2016-11-14T05:30:00+05:30,2016-11-14T01:00:00Z,2016-11-14T06:30:00+05:30,1,01:00:00,1,00:15:00,100.0,0.0,2016-11-14T00:45:00Z,2016-11-14T06:15:00+05:30,2016-11-14T01:00:00Z,2016-11-14T06:30:00+05:30
153.0,,,False,2,pm25,µg/m³,,raw,01:00:00,2016-11-14T00:15:00Z,2016-11-14T05:45:00+05:30,2016-11-14T01:15:00Z,2016-11-14T06:45:00+05:30,1,01:00:00,1,00:15:00,100.0,0.0,2016-11-14T01:00:00Z,2016-11-14T06:30:00+05:30,2016-11-14T01:15:00Z,2016-11-14T06:45:00+05:30
154.0,,,False,2,pm25,µg/m³,,raw,01:00:00,2016-11-14T00:30:00Z,2016-11-14T06:00:00+05:30,2016-11-14T01:30:00Z,2016-11-14T07:00:00+05:30,1,01:00:00,1,00:15:00,100.0,0.0,2016-11-14T01:15:00Z,2016-11-14T06:45:00+05:30,2016-11-14T01:30:00Z,2016-11-14T07:00:00+05:30
155.0,,,False,2,pm25,µg/m³,,raw,01:00:00,2016-11-14T00:45:00Z,2016-11-14T06:15:00+05:30,2016-11-14T01:45:00Z,2016-11-14T07:15:00+05:30,1,01:00:00,1,00:15:00,100.0,0.0,2016-11-14T01:30:00Z,2016-11-14T07:00:00+05:30,2016-11-14T01:45:00Z,2016-11-14T07:15:00+05:30
160.0,,,False,2,pm25,µg/m³,,raw,01:00:00,2016-11-14T01:00:00Z,2016-11-14T06:30:00+05:30,2016-11-14T02:00:00Z,2016-11-14T07:30:00+05:30,1,01:00:00,1,00:15:00,100.0,0.0,2016-11-14T01:45:00Z,2016-11-14T07:15:00+05:30,2016-11-14T02:00:00Z,2016-11-14T07:30:00+05:30
164.0,,,False,2,pm25,µg/m³,,raw,01:00:00,2016-11-14T01:15:00Z,2016-11-14T06:45:00+05:30,2016-11-14T02:15:00Z,2016-11-14T07:45:00+05:30,1,01:00:00,1,00:15:00,100.0,0.0,2016-11-14T02:00:00Z,2016-11-14T07:30:00+05:30,2016-11-14T02:15:00Z,2016-11-14T07:45:00+05:30
166.0,,,False,2,pm25,µg/m³,,raw,01:00:00,2016-11-14T01:30:00Z,2016-11-14T07:00:00+05:30,2016-11-14T02:30:00Z,2016-11-14T08:00:00+05:30,1,01:00:00,1,00:15:00,100.0,0.0,2016-11-14T02:15:00Z,2016-11-14T07:45:00+05:30,2016-11-14T02:30:00Z,2016-11-14T08:00:00+05:30
173.0,,,False,2,pm25,µg/m³,,raw,01:00:00,2016-11-14T01:45:00Z,2016-11-14T07:15:00+05:30,2016-11-14T02:45:00Z,2016-11-14T08:15:00+05:30,1,01:00:00,1,00:15:00,100.0,0.0,2016-11-14T02:30:00Z,2016-11-14T08:00:00+05:30,2016-11-14T02:45:00Z,2016-11-14T08:15:00+05:30
101.2,,,False,5,no2,µg/m³,,raw,01:00:00,2016-11-02T17:30:00Z,2016-11-02T23:00:00+05:30,2016-11-02T18:30:00Z,2016-11-03T00:00:00+05:30,1,01:00:00,1,00:15:00,100.0,0.0,2016-11-02T18:15:00Z,2016-11-02T23:45:00+05:30,2016-11-02T18:30:00Z,2016-11-03T00:00:00+05:30
47.2,,,False,5,no2,µg/m³,,raw,01:00:00,2016-11-03T08:30:00Z,2016-11-03T14:00:00+05:30,2016-11-03T09:30:00Z,2016-11-03T15:00:00+05:30,1,01:00:00,1,00:15:00,100.0,0.0,2016-11-03T09:15:00Z,2016-11-03T14:45:00+05:30,2016-11-03T09:30:00Z,2016-11-03T15:00:00+05:30
29.1,,,False,5,no2,µg/m³,,raw,01:00:00,2016-11-03T08:45:00Z,2016-11-03T14:15:00+05:30,2016-11-03T09:45:00Z,2016-11-03T15:15:00+05:30,1,01:00:00,1,00:15:00,100.0,0.0,2016-11-03T09:30:00Z,2016-11-03T15:00:00+05:30,2016-11-03T09:45:00Z,2016-11-03T15:15:00+05:30
44.4,,,False,5,no2,µg/m³,,raw,01:00:00,2016-11-03T09:00:00Z,2016-11-03T14:30:00+05:30,2016-11-03T10:00:00Z,2016-11-03T15:30:00+05:30,1,01:00:00,1,00:15:00,100.0,0.0,2016-11-03T09:45:00Z,2016-11-03T15:15:00+05:30,2016-11-03T10:00:00Z,2016-11-03T15:30:00+05:30
43.7,,,False,5,no2,µg/m³,,raw,01:00:00,2016-11-03T09:15:00Z,2016-11-03T14:45:00+05:30,2016-11-03T10:15:00Z,2016-11-03T15:45:00+05:30,1,01:00:00,1,00:15:00,100.0,0.0,2016-11-03T10:00:00Z,2016-11-03T15:30:00+05:30,2016-11-03T10:15:00Z,2016-11-03T15:45:00+05:30
37.2,,,False,5,no2,µg/m³,,raw,01:00:00,2016-11-03T09:45:00Z,2016-11-03T15:15:00+05:30,2016-11-03T10:45:00Z,2016-11-03T16:15:00+05:30,1,01:00:00,1,00:15:00,100.0,0.0,2016-11-03T10:30:00Z,2016-11-03T16:00:00+05:30,2016-11-03T10:45:00Z,2016-11-03T16:15:00+05:30
58.9,,,False,5,no2,µg/m³,,raw,01:00:00,2016-11-03T10:00:00Z,2016-11-03T15:30:00+05:30,2016-11-03T11:00:00Z,2016-11-03T16:30:00+05:30,1,01:00:00,1,00:15:00,100.0,0.0,2016-11-03T10:45:00Z,2016-11-03T16:15:00+05:30,2016-11-03T11:00:00Z,2016-11-03T16:30:00+05:30
70.3,,,False,5,no2,µg/m³,,raw,01:00:00,2016-11-03T10:15:00Z,2016-11-03T15:45:00+05:30,2016-11-03T11:15:00Z,2016-11-03T16:45:00+05:30,1,01:00:00,1,00:15:00,100.0,0.0,2016-11-03T11:00:00Z,2016-11-03T16:30:00+05:30,2016-11-03T11:15:00Z,2016-11-03T16:45:00+05:30
90.1,,,False,5,no2,µg/m³,,raw,01:00:00,2016-11-03T10:30:00Z,2016-11-03T16:00:00+05:30,2016-11-03T11:30:00Z,2016-11-03T17:00:00+05:30,1,01:00:00,1,00:15:00,100.0,0.0,2016-11-03T11:15:00Z,2016-11-03T16:45:00+05:30,2016-11-03T11:30:00Z,2016-11-03T17:00:00+05:30
110.0,,,False,5,no2,µg/m³,,raw,01:00:00,2016-11-03T10:45:00Z,2016-11-03T16:15:00+05:30,2016-11-03T11:45:00Z,2016-11-03T17:15:00+05:30,1,01:00:00,1,00:15:00,100.0,0.0,2016-11-03T11:30:00Z,2016-11-03T17:00:00+05:30,2016-11-03T11:45:00Z,2016-11-03T17:15:00+05:30
111.9,,,False,5,no2,µg/m³,,raw,01:00:00,2016-11-03T11:00:00Z,2016-11-03T16:30:00+05:30,2016-11-03T12:00:00Z,2016-11-03T17:30:00+05:30,1,01:00:00,1,00:15:00,100.0,0.0,2016-11-03T11:45:00Z,2016-11-03T17:15:00+05:30,2016-11-03T12:00:00Z,2016-11-03T17:30:00+05:30
117.7,,,False,5,no2,µg/m³,,raw,01:00:00,2016-11-03T11:15:00Z,2016-11-03T16:45:00+05:30,2016-11-03T12:15:00Z,2016-11-03T17:45:00+05:30,1,01:00:00,1,00:15:00,100.0,0.0,2016-11-03T12:00:00Z,2016-11-03T17:30:00+05:30,2016-11-03T12:15:00Z,2016-11-03T17:45:00+05:30
116.5,,,False,5,no2,µg/m³,,raw,01:00:00,2016-11-03T11:30:00Z,2016-11-03T17:00:00+05:30,2016-11-03T12:30:00Z,2016-11-03T18:00:00+05:30,1,01:00:00,1,00:15:00,100.0,0.0,2016-11-03T12:15:00Z,2016-11-03T17:45:00+05:30,2016-11-03T12:30:00Z,2016-11-03T18:00:00+05:30
112.3,,,False,5,no2,µg/m³,,raw,01:00:00,2016-11-03T11:45:00Z,2016-11-03T17:15:00+05:30,2016-11-03T12:45:00Z,2016-11-03T18:15:00+05:30,1,01:00:00,1,00:15:00,100.0,0.0,2016-11-03T12:30:00Z,2016-11-03T18:00:00+05:30,2016-11-03T12:45:00Z,2016-11-03T18:15:00+05:30
111.9,,,False,5,no2,µg/m³,,raw,01:00:00,2016-11-03T12:00:00Z,2016-11-03T17:30:00+05:30,2016-11-03T13:00:00Z,2016-11-03T18:30:00+05:30,1,01:00:00,1,00:15:00,100.0,0.0,2016-11-03T12:45:00Z,2016-11-03T18:15:00+05:30,2016-11-03T13:00:00Z,2016-11-03T18:30:00+05:30
115.4,,,False,5,no2,µg/m³,,raw,01:00:00,2016-11-03T12:15:00Z,2016-11-03T17:45:00+05:30,2016-11-03T13:15:00Z,2016-11-03T18:45:00+05:30,1,01:00:00,1,00:15:00,100.0,0.0,2016-11-03T13:00:00Z,2016-11-03T18:30:00+05:30,2016-11-03T13:15:00Z,2016-11-03T18:45:00+05:30
118.4,,,False,5,no2,µg/m³,,raw,01:00:00,2016-11-03T12:30:00Z,2016-11-03T18:00:00+05:30,2016-11-03T13:30:00Z,2016-11-03T19:00:00+05:30,1,01:00:00,1,00:15:00,100.0,0.0,2016-11-03T13:15:00Z,2016-11-03T18:45:00+05:30,2016-11-03T13:30:00Z,2016-11-03T19:00:00+05:30
117.5,,,False,5,no2,µg/m³,,raw,01:00:00,2016-11-03T12:45:00Z,2016-11-03T18:15:00+05:30,2016-11-03T13:45:00Z,2016-11-03T19:15:00+05:30,1,01:00:00,1,00:15:00,100.0,0.0,2016-11-03T13:30:00Z,2016-11-03T19:00:00+05:30,2016-11-03T13:45:00Z,2016-11-03T19:15:00+05:30
116.8,,,False,5,no2,µg/m³,,raw,01:00:00,2016-11-03T13:00:00Z,2016-11-03T18:30:00+05:30,2016-11-03T14:00:00Z,2016-11-03T19:30:00+05:30,1,01:00:00,1,00:15:00,100.0,0.0,2016-11-03T13:45:00Z,2016-11-03T19:15:00+05:30,2016-11-03T14:00:00Z,2016-11-03T19:30:00+05:30
124.0,,,False,5,no2,µg/m³,,raw,01:00:00,2016-11-03T13:15:00Z,2016-11-03T18:45:00+05:30,2016-11-03T14:15:00Z,2016-11-03T19:45:00+05:30,1,01:00:00,1,00:15:00,100.0,0.0,2016-11-03T14:00:00Z,2016-11-03T19:30:00+05:30,2016-11-03T14:15:00Z,2016-11-03T19:45:00+05:30
120.0,,,False,5,no2,µg/m³,,raw,01:00:00,2016-11-03T13:30:00Z,2016-11-03T19:00:00+05:30,2016-11-03T14:30:00Z,2016-11-03T20:00:00+05:30,1,01:00:00,1,00:15:00,100.0,0.0,2016-11-03T14:15:00Z,2016-11-03T19:45:00+05:30,2016-11-03T14:30:00Z,2016-11-03T20:00:00+05:30
120.9,,,False,5,no2,µg/m³,,raw,01:00:00,2016-11-03T13:45:00Z,2016-11-03T19:15:00+05:30,2016-11-03T14:45:00Z,2016-11-03T20:15:00+05:30,1,01:00:00,1,00:15:00,100.0,0.0,2016-11-03T14:30:00Z,2016-11-03T20:00:00+05:30,2016-11-03T14:45:00Z,2016-11-03T20:15:00+05:30
122.8,,,False,5,no2,µg/m³,,raw,01:00:00,2016-11-03T14:00:00Z,2016-11-03T19:30:00+05:30,2016-11-03T15:00:00Z,2016-11-03T20:30:00+05:30,1,01:00:00,1,00:15:00,100.0,0.0,2016-11-03T14:45:00Z,2016-11-03T20:15:00+05:30,2016-11-03T15:00:00Z,2016-11-03T20:30:00+05:30
111.1,,,False,5,no2,µg/m³,,raw,01:00:00,2016-11-03T14:15:00Z,2016-11-03T19:45:00+05:30,2016-11-03T15:15:00Z,2016-11-03T20:45:00+05:30,1,01:00:00,1,00:15:00,100.0,0.0,2016-11-03T15:00:00Z,2016-11-03T20:30:00+05:30,2016-11-03T15:15:00Z,2016-11-03T20:45:00+05:30
102.0,,,False,5,no2,µg/m³,,raw,01:00:00,2016-11-03T14:30:00Z,2016-11-03T20:00:00+05:30,2016-11-03T15:30:00Z,2016-11-03T21:00:00+05:30,1,01:00:00,1,00:15:00,100.0,0.0,2016-11-03T15:15:00Z,2016-11-03T20:45:00+05:30,2016-11-03T15:30:00Z,2016-11-03T21:00:00+05:30
100.3,,,False,5,no2,µg/m³,,raw,01:00:00,2016-11-03T14:45:00Z,2016-11-03T20:15:00+05:30,2016-11-03T15:45:00Z,2016-11-03T21:15:00+05:30,1,01:00:00,1,00:15:00,100.0,0.0,2016-11-03T15:30:00Z,2016-11-03T21:00:00+05:30,2016-11-03T15:45:00Z,2016-11-03T21:15:00+05:30
104.2,,,False,5,no2,µg/m³,,raw,01:00:00,2016-11-03T15:00:00Z,2016-11-03T20:30:00+05:30,2016-11-03T16:00:00Z,2016-11-03T21:30:00+05:30,1,01:00:00,1,00:15:00,100.0,0.0,2016-11-03T15:45:00Z,2016-11-03T21:15:00+05:30,2016-11-03T16:00:00Z,2016-11-03T21:30:00+05:30
99.2,,,False,5,no2,µg/m³,,raw,01:00:00,2016-11-03T15:15:00Z,2016-11-03T20:45:00+05:30,2016-11-03T16:15:00Z,2016-11-03T21:45:00+05:30,1,01:00:00,1,00:15:00,100.0,0.0,2016-11-03T16:00:00Z,2016-11-03T21:30:00+05:30,2016-11-03T16:15:00Z,2016-11-03T21:45:00+05:30
100.9,,,False,5,no2,µg/m³,,raw,01:00:00,2016-11-03T15:30:00Z,2016-11-03T21:00:00+05:30,2016-11-03T16:30:00Z,2016-11-03T22:00:00+05:30,1,01:00:00,1,00:15:00,100.0,0.0,2016-11-03T16:15:00Z,2016-11-03T21:45:00+05:30,2016-11-03T16:30:00Z,2016-11-03T22:00:00+05:30
99.3,,,False,5,no2,µg/m³,,raw,01:00:00,2016-11-03T15:45:00Z,2016-11-03T21:15:00+05:30,2016-11-03T16:45:00Z,2016-11-03T22:15:00+05:30,1,01:00:00,1,00:15:00,100.0,0.0,2016-11-03T16:30:00Z,2016-11-03T22:00:00+05:30,2016-11-03T16:45:00Z,2016-11-03T22:15:00+05:30
98.0,,,False,5,no2,µg/m³,,raw,01:00:00,2016-11-03T16:00:00Z,2016-11-03T21:30:00+05:30,2016-11-03T17:00:00Z,2016-11-03T22:30:00+05:30,1,01:00:00,1,00:15:00,100.0,0.0,2016-11-03T16:45:00Z,2016-11-03T22:15:00+05:30,2016-11-03T17:00:00Z,2016-11-03T22:30:00+05:30
93.5,,,False,5,no2,µg/m³,,raw,01:00:00,2016-11-03T16:15:00Z,2016-11-03T21:45:00+05:30,2016-11-03T17:15:00Z,2016-11-03T22:45:00+05:30,1,01:00:00,1,00:15:00,100.0,0.0,2016-11-03T17:00:00Z,2016-11-03T22:30:00+05:30,2016-11-03T17:15:00Z,2016-11-03T22:45:00+05:30
96.9,,,False,5,no2,µg/m³,,raw,01:00:00,2016-11-03T16:30:00Z,2016-11-03T22:00:00+05:30,2016-11-03T17:30:00Z,2016-11-03T23:00:00+05:30,1,01:00:00,1,00:15:00,100.0,0.0,2016-11-03T17:15:00Z,2016-11-03T22:45:00+05:30,2016-11-03T17:30:00Z,2016-11-03T23:00:00+05:30
95.1,,,False,5,no2,µg/m³,,raw,01:00:00,2016-11-03T16:45:00Z,2016-11-03T22:15:00+05:30,2016-11-03T17:45:00Z,2016-11-03T23:15:00+05:30,1,01:00:00,1,00:15:00,100.0,0.0,2016-11-03T17:30:00Z,2016-11-03T23:00:00+05:30,2016-11-03T17:45:00Z,2016-11-03T23:15:00+05:30
101.3,,,False,5,no2,µg/m³,,raw,01:00:00,2016-11-03T17:00:00Z,2016-11-03T22:30:00+05:30,2016-11-03T18:00:00Z,2016-11-03T23:30:00+05:30,1,01:00:00,1,00:15:00,100.0,0.0,2016-11-03T17:45:00Z,2016-11-03T23:15:00+05:30,2016-11-03T18:00:00Z,2016-11-03T23:30:00+05:30
104.5,,,False,5,no2,µg/m³,,raw,01:00:00,2016-11-03T17:15:00Z,2016-11-03T22:45:00+05:30,2016-11-03T18:15:00Z,2016-11-03T23:45:00+05:30,1,01:00:00,1,00:15:00,100.0,0.0,2016-11-03T18:00:00Z,2016-11-03T23:30:00+05:30,2016-11-03T18:15:00Z,2016-11-03T23:45:00+05:30
82.5,,,False,5,no2,µg/m³,,raw,01:00:00,2016-11-03T17:30:00Z,2016-11-03T23:00:00+05:30,2016-11-03T18:30:00Z,2016-11-04T00:00:00+05:30,1,01:00:00,1,00:15:00,100.0,0.0,2016-11-03T18:15:00Z,2016-11-03T23:45:00+05:30,2016-11-03T18:30:00Z,2016-11-04T00:00:00+05:30
92.5,,,False,5,no2,µg/m³,,raw,01:00:00,2016-11-03T17:45:00Z,2016-11-03T23:15:00+05:30,2016-11-03T18:45:00Z,2016-11-04T00:15:00+05:30,1,01:00:00,1,00:15:00,100.0,0.0,2016-11-03T18:30:00Z,2016-11-04T00:00:00+05:30,2016-11-03T18:45:00Z,2016-11-04T00:15:00+05:30
89.0,,,False,5,no2,µg/m³,,raw,01:00:00,2016-11-03T18:00:00Z,2016-11-03T23:30:00+05:30,2016-11-03T19:00:00Z,2016-11-04T00:30:00+05:30,1,01:00:00,1,00:15:00,100.0,0.0,2016-11-03T18:45:00Z,2016-11-04T00:15:00+05:30,2016-11-03T19:00:00Z,2016-11-04T00:30:00+05:30
85.6,,,False,5,no2,µg/m³,,raw,01:00:00,2016-11-03T18:15:00Z,2016-11-03T23:45:00+05:30,2016-11-03T19:15:00Z,2016-11-04T00:45:00+05:30,1,01:00:00,1,00:15:00,100.0,0.0,2016-11-03T19:00:00Z,2016-11-04T00:30:00+05:30,2016-11-03T19:15:00Z,2016-11-04T00:45:00+05:30
85.0,,,False,5,no2,µg/m³,,raw,01:00:00,2016-11-03T18:30:00Z,2016-11-04T00:00:00+05:30,2016-11-03T19:30:00Z,2016-11-04T01:00:00+05:30,1,01:00:00,1,00:15:00,100.0,0.0,2016-11-03T19:15:00Z,2016-11-04T00:45:00+05:30,2016-11-03T19:30:00Z,2016-11-04T01:00:00+05:30
87.8,,,False,5,no2,µg/m³,,raw,01:00:00,2016-11-03T18:45:00Z,2016-11-04T00:15:00+05:30,2016-11-03T19:45:00Z,2016-11-04T01:15:00+05:30,1,01:00:00,1,00:15:00,100.0,0.0,2016-11-03T19:30:00Z,2016-11-04T01:00:00+05:30,2016-11-03T19:45:00Z,2016-11-04T01:15:00+05:30
90.5,,,False,5,no2,µg/m³,,raw,01:00:00,2016-11-03T19:00:00Z,2016-11-04T00:30:00+05:30,2016-11-03T20:00:00Z,2016-11-04T01:30:00+05:30,1,01:00:00,1,00:15:00,100.0,0.0,2016-11-03T19:45:00Z,2016-11-04T01:15:00+05:30,2016-11-03T20:00:00Z,2016-11-04T01:30:00+05:30
90.0,,,False,5,no2,µg/m³,,raw,01:00:00,2016-11-03T19:15:00Z,2016-11-04T00:45:00+05:30,2016-11-03T20:15:00Z,2016-11-04T01:45:00+05:30,1,01:00:00,1,00:15:00,100.0,0.0,2016-11-03T20:00:00Z,2016-11-04T01:30:00+05:30,2016-11-03T20:15:00Z,2016-11-04T01:45:00+05:30
85.5,,,False,5,no2,µg/m³,,raw,01:00:00,2016-11-03T19:30:00Z,2016-11-04T01:00:00+05:30,2016-11-03T20:30:00Z,2016-11-04T02:00:00+05:30,1,01:00:00,1,00:15:00,100.0,0.0,2016-11-03T20:15:00Z,2016-11-04T01:45:00+05:30,2016-11-03T20:30:00Z,2016-11-04T02:00:00+05:30
85.2,,,False,5,no2,µg/m³,,raw,01:00:00,2016-11-03T19:45:00Z,2016-11-04T01:15:00+05:30,2016-11-03T20:45:00Z,2016-11-04T02:15:00+05:30,1,01:00:00,1,00:15:00,100.0,0.0,2016-11-03T20:30:00Z,2016-11-04T02:00:00+05:30,2016-11-03T20:45:00Z,2016-11-04T02:15:00+05:30
85.0,,,False,5,no2,µg/m³,,raw,01:00:00,2016-11-03T20:00:00Z,2016-11-04T01:30:00+05:30,2016-11-03T21:00:00Z,2016-11-04T02:30:00+05:30,1,01:00:00,1,00:15:00,100.0,0.0,2016-11-03T20:45:00Z,2016-11-04T02:15:00+05:30,2016-11-03T21:00:00Z,2016-11-04T02:30:00+05:30
81.9,,,False,5,no2,µg/m³,,raw,01:00:00,2016-11-03T20:15:00Z,2016-11-04T01:45:00+05:30,2016-11-03T21:15:00Z,2016-11-04T02:45:00+05:30,1,01:00:00,1,00:15:00,100.0,0.0,2016-11-03T21:00:00Z,2016-11-04T02:30:00+05:30,2016-11-03T21:15:00Z,2016-11-04T02:45:00+05:30
74.9,,,False,5,no2,µg/m³,,raw,01:00:00,2016-11-03T20:30:00Z,2016-11-04T02:00:00+05:30,2016-11-03T21:30:00Z,2016-11-04T03:00:00+05:30,1,01:00:00,1,00:15:00,100.0,0.0,2016-11-03T21:15:00Z,2016-11-04T02:45:00+05:30,2016-11-03T21:30:00Z,2016-11-04T03:00:00+05:30
72.6,,,False,5,no2,µg/m³,,raw,01:00:00,2016-11-03T20:45:00Z,2016-11-04T02:15:00+05:30,2016-11-03T21:45:00Z,2016-11-04T03:15:00+05:30,1,01:00:00,1,00:15:00,100.0,0.0,2016-11-03T21:30:00Z,2016-11-04T03:00:00+05:30,2016-11-03T21:45:00Z,2016-11-04T03:15:00+05:30
68.2,,,False,5,no2,µg/m³,,raw,01:00:00,2016-11-03T21:00:00Z,2016-11-04T02:30:00+05:30,2016-11-03T22:00:00Z,2016-11-04T03:30:00+05:30,1,01:00:00,1,00:15:00,100.0,0.0,2016-11-03T21:45:00Z,2016-11-04T03:15:00+05:30,2016-11-03T22:00:00Z,2016-11-04T03:30:00+05:30
61.2,,,False,5,no2,µg/m³,,raw,01:00:00,2016-11-03T21:15:00Z,2016-11-04T02:45:00+05:30,2016-11-03T22:15:00Z,2016-11-04T03:45:00+05:30,1,01:00:00,1,00:15:00,100.0,0.0,2016-11-03T22:00:00Z,2016-11-04T03:30:00+05:30,2016-11-03T22:15:00Z,2016-11-04T03:45:00+05:30
60.8,,,False,5,no2,µg/m³,,raw,01:00:00,2016-11-03T21:30:00Z,2016-11-04T03:00:00+05:30,2016-11-03T22:30:00Z,2016-11-04T04:00:00+05:30,1,01:00:00,1,00:15:00,100.0,0.0,2016-11-03T22:15:00Z,2016-11-04T03:45:00+05:30,2016-11-03T22:30:00Z,2016-11-04T04:00:00+05:30
60.0,,,False,5,no2,µg/m³,,raw,01:00:00,2016-11-03T21:45:00Z,2016-11-04T03:15:00+05:30,2016-11-03T22:45:00Z,2016-11-04T04:15:00+05:30,1,01:00:00,1,00:15:00,100.0,0.0,2016-11-03T22:30:00Z,2016-11-04T04:00:00+05:30,2016-11-03T22:45:00Z,2016-11-04T04:15:00+05:30
57.2,,,False,5,no2,µg/m³,,raw,01:00:00,2016-11-03T22:00:00Z,2016-11-04T03:30:00+05:30,2016-11-03T23:00:00Z,2016-11-04T04:30:00+05:30,1,01:00:00,1,00:15:00,100.0,0.0,2016-11-03T22:45:00Z,2016-11-04T04:15:00+05:30,2016-11-03T23:00:00Z,2016-11-04T04:30:00+05:30
59.6,,,False,5,no2,µg/m³,,raw,01:00:00,2016-11-03T22:15:00Z,2016-11-04T03:45:00+05:30,2016-11-03T23:15:00Z,2016-11-04T04:45:00+05:30,1,01:00:00,1,00:15:00,100.0,0.0,2016-11-03T23:00:00Z,2016-11-04T04:30:00+05:30,2016-11-03T23:15:00Z,2016-11-04T04:45:00+05:30
59.4,,,False,5,no2,µg/m³,,raw,01:00:00,2016-11-03T22:30:00Z,2016-11-04T04:00:00+05:30,2016-11-03T23:30:00Z,2016-11-04T05:00:00+05:30,1,01:00:00,1,00:15:00,100.0,0.0,2016-11-03T23:15:00Z,2016-11-04T04:45:00+05:30,2016-11-03T23:30:00Z,2016-11-04T05:00:00+05:30
55.3,,,False,5,no2,µg/m³,,raw,01:00:00,2016-11-03T22:45:00Z,2016-11-04T04:15:00+05:30,2016-11-03T23:45:00Z,2016-11-04T05:15:00+05:30,1,01:00:00,1,00:15:00,100.0,0.0,2016-11-03T23:30:00Z,2016-11-04T05:00:00+05:30,2016-11-03T23:45:00Z,2016-11-04T05:15:00+05:30
53.8,,,False,5,no2,µg/m³,,raw,01:00:00,2016-11-03T23:00:00Z,2016-11-04T04:30:00+05:30,2016-11-04T00:00:00Z,2016-11-04T05:30:00+05:30,1,01:00:00,1,00:15:00,100.0,0.0,2016-11-03T23:45:00Z,2016-11-04T05:15:00+05:30,2016-11-04T00:00:00Z,2016-11-04T05:30:00+05:30
51.4,,,False,5,no2,µg/m³,,raw,01:00:00,2016-11-03T23:15:00Z,2016-11-04T04:45:00+05:30,2016-11-04T00:15:00Z,2016-11-04T05:45:00+05:30,1,01:00:00,1,00:15:00,100.0,0.0,2016-11-04T00:00:00Z,2016-11-04T05:30:00+05:30,2016-11-04T00:15:00Z,2016-11-04T05:45:00+05:30
51.7,,,False,5,no2,µg/m³,,raw,01:00:00,2016-11-03T23:30:00Z,2016-11-04T05:00:00+05:30,2016-11-04T00:30:00Z,2016-11-04T06:00:00+05:30,1,01:00:00,1,00:15:00,100.0,0.0,2016-11-04T00:15:00Z,2016-11-04T05:45:00+05:30,2016-11-04T00:30:00Z,2016-11-04T06:00:00+05:30
49.5,,,False,5,no2,µg/m³,,raw,01:00:00,2016-11-03T23:45:00Z,2016-11-04T05:15:00+05:30,2016-11-04T00:45:00Z,2016-11-04T06:15:00+05:30,1,01:00:00,1,00:15:00,100.0,0.0,2016-11-04T00:30:00Z,2016-11-04T06:00:00+05:30,2016-11-04T00:45:00Z,2016-11-04T06:15:00+05:30
47.9,,,False,5,no2,µg/m³,,raw,01:00:00,2016-11-04T00:00:00Z,2016-11-04T05:30:00+05:30,2016-11-04T01:00:00Z,2016-11-04T06:30:00+05:30,1,01:00:00,1,00:15:00,100.0,0.0,2016-11-04T00:45:00Z,2016-11-04T06:15:00+05:30,2016-11-04T01:00:00Z,2016-11-04T06:30:00+05:30
45.4,,,False,5,no2,µg/m³,,raw,01:00:00,2016-11-04T00:15:00Z,2016-11-04T05:45:00+05:30,2016-11-04T01:15:00Z,2016-11-04T06:45:00+05:30,1,01:00:00,1,00:15:00,100.0,0.0,2016-11-04T01:00:00Z,2016-11-04T06:30:00+05:30,2016-11-04T01:15:00Z,2016-11-04T06:45:00+05:30
44.4,,,False,5,no2,µg/m³,,raw,01:00:00,2016-11-04T00:30:00Z,2016-11-04T06:00:00+05:30,2016-11-04T01:30:00Z,2016-11-04T07:00:00+05:30,1,01:00:00,1,00:15:00,100.0,0.0,2016-11-04T01:15:00Z,2016-11-04T06:45:00+05:30,2016-11-04T01:30:00Z,2016-11-04T07:00:00+05:30
45.3,,,False,5,no2,µg/m³,,raw,01:00:00,2016-11-04T00:45:00Z,2016-11-04T06:15:00+05:30,2016-11-04T01:45:00Z,2016-11-04T07:15:00+05:30,1,01:00:00,1,00:15:00,100.0,0.0,2016-11-04T01:30:00Z,2016-11-04T07:00:00+05:30,2016-11-04T01:45:00Z,2016-11-04T07:15:00+05:30
45.8,,,False,5,no2,µg/m³,,raw,01:00:00,2016-11-04T01:00:00Z,2016-11-04T06:30:00+05:30,2016-11-04T02:00:00Z,2016-11-04T07:30:00+05:30,1,01:00:00,1,00:15:00,100.0,0.0,2016-11-04T01:45:00Z,2016-11-04T07:15:00+05:30,2016-11-04T02:00:00Z,2016-11-04T07:30:00+05:30
49.3,,,False,5,no2,µg/m³,,raw,01:00:00,2016-11-04T01:15:00Z,2016-11-04T06:45:00+05:30,2016-11-04T02:15:00Z,2016-11-04T07:45:00+05:30,1,01:00:00,1,00:15:00,100.0,0.0,2016-11-04T02:00:00Z,2016-11-04T07:30:00+05:30,2016-11-04T02:15:00Z,2016-11-04T07:45:00+05:30
55.9,,,False,5,no2,µg/m³,,raw,01:00:00,2016-11-04T01:30:00Z,2016-11-04T07:00:00+05:30,2016-11-04T02:30:00Z,2016-11-04T08:00:00+05:30,1,01:00:00,1,00:15:00,100.0,0.0,2016-11-04T02:15:00Z,2016-11-04T07:45:00+05:30,2016-11-04T02:30:00Z,2016-11-04T08:00:00+05:30
62.6,,,False,5,no2,µg/m³,,raw,01:00:00,2016-11-04T01:45:00Z,2016-11-04T07:15:00+05:30,2016-11-04T02:45:00Z,2016-11-04T08:15:00+05:30,1,01:00:00,1,00:15:00,100.0,0.0,2016-11-04T02:30:00Z,2016-11-04T08:00:00+05:30,2016-11-04T02:45:00Z,2016-11-04T08:15:00+05:30
72.2,,,False,5,no2,µg/m³,,raw,01:00:00,2016-11-04T02:00:00Z,2016-11-04T07:30:00+05:30,2016-11-04T03:00:00Z,2016-11-04T08:30:00+05:30,1,01:00:00,1,00:15:00,100.0,0.0,2016-11-04T02:45:00Z,2016-11-04T08:15:00+05:30,2016-11-04T03:00:00Z,2016-11-04T08:30:00+05:30
75.6,,,False,5,no2,µg/m³,,raw,01:00:00,2016-11-04T02:15:00Z,2016-11-04T07:45:00+05:30,2016-11-04T03:15:00Z,2016-11-04T08:45:00+05:30,1,01:00:00,1,00:15:00,100.0,0.0,2016-11-04T03:00:00Z,2016-11-04T08:30:00+05:30,2016-11-04T03:15:00Z,2016-11-04T08:45:00+05:30
80.3,,,False,5,no2,µg/m³,,raw,01:00:00,2016-11-04T02:30:00Z,2016-11-04T08:00:00+05:30,2016-11-04T03:30:00Z,2016-11-04T09:00:00+05:30,1,01:00:00,1,00:15:00,100.0,0.0,2016-11-04T03:15:00Z,2016-11-04T08:45:00+05:30,2016-11-04T03:30:00Z,2016-11-04T09:00:00+05:30
92.0,,,False,5,no2,µg/m³,,raw,01:00:00,2016-11-04T02:45:00Z,2016-11-04T08:15:00+05:30,2016-11-04T03:45:00Z,2016-11-04T09:15:00+05:30,1,01:00:00,1,00:15:00,100.0,0.0,2016-11-04T03:30:00Z,2016-11-04T09:00:00+05:30,2016-11-04T03:45:00Z,2016-11-04T09:15:00+05:30
97.4,,,False,5,no2,µg/m³,,raw,01:00:00,2016-11-04T03:00:00Z,2016-11-04T08:30:00+05:30,2016-11-04T04:00:00Z,2016-11-04T09:30:00+05:30,1,01:00:00,1,00:15:00,100.0,0.0,2016-11-04T03:45:00Z,2016-11-04T09:15:00+05:30,2016-11-04T04:00:00Z,2016-11-04T09:30:00+05:30
104.9,,,False,5,no2,µg/m³,,raw,01:00:00,2016-11-04T03:15:00Z,2016-11-04T08:45:00+05:30,2016-11-04T04:15:00Z,2016-11-04T09:45:00+05:30,1,01:00:00,1,00:15:00,100.0,0.0,2016-11-04T04:00:00Z,2016-11-04T09:30:00+05:30,2016-11-04T04:15:00Z,2016-11-04T09:45:00+05:30
106.1,,,False,5,no2,µg/m³,,raw,01:00:00,2016-11-04T03:30:00Z,2016-11-04T09:00:00+05:30,2016-11-04T04:30:00Z,2016-11-04T10:00:00+05:30,1,01:00:00,1,00:15:00,100.0,0.0,2016-11-04T04:15:00Z,2016-11-04T09:45:00+05:30,2016-11-04T04:30:00Z,2016-11-04T10:00:00+05:30
106.2,,,False,5,no2,µg/m³,,raw,01:00:00,2016-11-04T03:45:00Z,2016-11-04T09:15:00+05:30,2016-11-04T04:45:00Z,2016-11-04T10:15:00+05:30,1,01:00:00,1,00:15:00,100.0,0.0,2016-11-04T04:30:00Z,2016-11-04T10:00:00+05:30,2016-11-04T04:45:00Z,2016-11-04T10:15:00+05:30
110.7,,,False,5,no2,µg/m³,,raw,01:00:00,2016-11-04T04:00:00Z,2016-11-04T09:30:00+05:30,2016-11-04T05:00:00Z,2016-11-04T10:30:00+05:30,1,01:00:00,1,00:15:00,100.0,0.0,2016-11-04T04:45:00Z,2016-11-04T10:15:00+05:30,2016-11-04T05:00:00Z,2016-11-04T10:30:00+05:30
102.2,,,False,5,no2,µg/m³,,raw,01:00:00,2016-11-04T04:15:00Z,2016-11-04T09:45:00+05:30,2016-11-04T05:15:00Z,2016-11-04T10:45:00+05:30,1,01:00:00,1,00:15:00,100.0,0.0,2016-11-04T05:00:00Z,2016-11-04T10:30:00+05:30,2016-11-04T05:15:00Z,2016-11-04T10:45:00+05:30
96.5,,,False,5,no2,µg/m³,,raw,01:00:00,2016-11-04T04:30:00Z,2016-11-04T10:00:00+05:30,2016-11-04T05:30:00Z,2016-11-04T11:00:00+05:30,1,01:00:00,1,00:15:00,100.0,0.0,2016-11-04T05:15:00Z,2016-11-04T10:45:00+05:30,2016-11-04T05:30:00Z,2016-11-04T11:00:00+05:30
97.5,,,False,5,no2,µg/m³,,raw,01:00:00,2016-11-04T04:45:00Z,2016-11-04T10:15:00+05:30,2016-11-04T05:45:00Z,2016-11-04T11:15:00+05:30,1,01:00:00,1,00:15:00,100.0,0.0,2016-11-04T05:30:00Z,2016-11-04T11:00:00+05:30,2016-11-04T05:45:00Z,2016-11-04T11:15:00+05:30
91.2,,,False,5,no2,µg/m³,,raw,01:00:00,2016-11-04T05:00:00Z,2016-11-04T10:30:00+05:30,2016-11-04T06:00:00Z,2016-11-04T11:30:00+05:30,1,01:00:00,1,00:15:00,100.0,0.0,2016-11-04T05:45:00Z,2016-11-04T11:15:00+05:30,2016-11-04T06:00:00Z,2016-11-04T11:30:00+05:30
79.2,,,False,5,no2,µg/m³,,raw,01:00:00,2016-11-04T05:15:00Z,2016-11-04T10:45:00+05:30,2016-11-04T06:15:00Z,2016-11-04T11:45:00+05:30,1,01:00:00,1,00:15:00,100.0,0.0,2016-11-04T06:00:00Z,2016-11-04T11:30:00+05:30,2016-11-04T06:15:00Z,2016-11-04T11:45:00+05:30
73.9,,,False,5,no2,µg/m³,,raw,01:00:00,2016-11-04T05:30:00Z,2016-11-04T11:00:00+05:30,2016-11-04T06:30:00Z,2016-11-04T12:00:00+05:30,1,01:00:00,1,00:15:00,100.0,0.0,2016-11-04T06:15:00Z,2016-11-04T11:45:00+05:30,2016-11-04T06:30:00Z,2016-11-04T12:00:00+05:30
62.7,,,False,5,no2,µg/m³,,raw,01:00:00,2016-11-04T05:45:00Z,2016-11-04T11:15:00+05:30,2016-11-04T06:45:00Z,2016-11-04T12:15:00+05:30,1,01:00:00,1,00:15:00,100.0,0.0,2016-11-04T06:30:00Z,2016-11-04T12:00:00+05:30,2016-11-04T06:45:00Z,2016-11-04T12:15:00+05:30
54.1,,,False,5,no2,µg/m³,,raw,01:00:00,2016-11-04T06:00:00Z,2016-11-04T11:30:00+05:30,2016-11-04T07:00:00Z,2016-11-04T12:30:00+05:30,1,01:00:00,1,00:15:00,100.0,0.0,2016-11-04T06:45:00Z,2016-11-04T12:15:00+05:30,2016-11-04T07:00:00Z,2016-11-04T12:30:00+05:30
42.9,,,False,5,no2,µg/m³,,raw,01:00:00,2016-11-04T06:15:00Z,2016-11-04T11:45:00+05:30,2016-11-04T07:15:00Z,2016-11-04T12:45:00+05:30,1,01:00:00,1,00:15:00,100.0,0.0,2016-11-04T07:00:00Z,2016-11-04T12:30:00+05:30,2016-11-04T07:15:00Z,2016-11-04T12:45:00+05:30
27.0,,,False,5,no2,µg/m³,,raw,01:00:00,2016-11-04T06:30:00Z,2016-11-04T12:00:00+05:30,2016-11-04T07:30:00Z,2016-11-04T13:00:00+05:30,1,01:00:00,1,00:15:00,100.0,0.0,2016-11-04T07:15:00Z,2016-11-04T12:45:00+05:30,2016-11-04T07:30:00Z,2016-11-04T13:00:00+05:30
27.6,,,False,5,no2,µg/m³,,raw,01:00:00,2016-11-04T07:30:00Z,2016-11-04T13:00:00+05:30,2016-11-04T08:30:00Z,2016-11-04T14:00:00+05:30,1,01:00:00,1,00:15:00,100.0,0.0,2016-11-04T08:15:00Z,2016-11-04T13:45:00+05:30,2016-11-04T08:30:00Z,2016-11-04T14:00:00+05:30
33.4,,,False,5,no2,µg/m³,,raw,01:00:00,2016-11-04T07:45:00Z,2016-11-04T13:15:00+05:30,2016-11-04T08:45:00Z,2016-11-04T14:15:00+05:30,1,01:00:00,1,00:15:00,100.0,0.0,2016-11-04T08:30:00Z,2016-11-04T14:00:00+05:30,2016-11-04T08:45:00Z,2016-11-04T14:15:00+05:30
37.9,,,False,5,no2,µg/m³,,raw,01:00:00,2016-11-04T08:00:00Z,2016-11-04T13:30:00+05:30,2016-11-04T09:00:00Z,2016-11-04T14:30:00+05:30,1,01:00:00,1,00:15:00,100.0,0.0,2016-11-04T08:45:00Z,2016-11-04T14:15:00+05:30,2016-11-04T09:00:00Z,2016-11-04T14:30:00+05:30
50.7,,,False,5,no2,µg/m³,,raw,01:00:00,2016-11-04T08:15:00Z,2016-11-04T13:45:00+05:30,2016-11-04T09:15:00Z,2016-11-04T14:45:00+05:30,1,01:00:00,1,00:15:00,100.0,0.0,2016-11-04T09:00:00Z,2016-11-04T14:30:00+05:30,2016-11-04T09:15:00Z,2016-11-04T14:45:00+05:30
38.3,,,False,5,no2,µg/m³,,raw,01:00:00,2016-11-04T08:30:00Z,2016-11-04T14:00:00+05:30,2016-11-04T09:30:00Z,2016-11-04T15:00:00+05:30,1,01:00:00,1,00:15:00,100.0,0.0,2016-11-04T09:15:00Z,2016-11-04T14:45:00+05:30,2016-11-04T09:30:00Z,2016-11-04T15:00:00+05:30
38.0,,,False,5,no2,µg/m³,,raw,01:00:00,2016-11-04T08:45:00Z,2016-11-04T14:15:00+05:30,2016-11-04T09:45:00Z,2016-11-04T15:15:00+05:30,1,01:00:00,1,00:15:00,100.0,0.0,2016-11-04T09:30:00Z,2016-11-04T15:00:00+05:30,2016-11-04T09:45:00Z,2016-11-04T15:15:00+05:30
43.0,,,False,5,no2,µg/m³,,raw,01:00:00,2016-11-04T09:00:00Z,2016-11-04T14:30:00+05:30,2016-11-04T10:00:00Z,2016-11-04T15:30:00+05:30,1,01:00:00,1,00:15:00,100.0,0.0,2016-11-04T09:45:00Z,2016-11-04T15:15:00+05:30,2016-11-04T10:00:00Z,2016-11-04T15:30:00+05:30
53.0,,,False,5,no2,µg/m³,,raw,01:00:00,2016-11-04T09:15:00Z,2016-11-04T14:45:00+05:30,2016-11-04T10:15:00Z,2016-11-04T15:45:00+05:30,1,01:00:00,1,00:15:00,100.0,0.0,2016-11-04T10:00:00Z,2016-11-04T15:30:00+05:30,2016-11-04T10:15:00Z,2016-11-04T15:45:00+05:30
60.7,,,False,5,no2,µg/m³,,raw,01:00:00,2016-11-04T09:30:00Z,2016-11-04T15:00:00+05:30,2016-11-04T10:30:00Z,2016-11-04T16:00:00+05:30,1,01:00:00,1,00:15:00,100.0,0.0,2016-11-04T10:15:00Z,2016-11-04T15:45:00+05:30,2016-11-04T10:30:00Z,2016-11-04T16:00:00+05:30
67.6,,,False,5,no2,µg/m³,,raw,01:00:00,2016-11-04T09:45:00Z,2016-11-04T15:15:00+05:30,2016-11-04T10:45:00Z,2016-11-04T16:15:00+05:30,1,01:00:00,1,00:15:00,100.0,0.0,2016-11-04T10:30:00Z,2016-11-04T16:00:00+05:30,2016-11-04T10:45:00Z,2016-11-04T16:15:00+05:30
72.8,,,False,5,no2,µg/m³,,raw,01:00:00,2016-11-04T10:00:00Z,2016-11-04T15:30:00+05:30,2016-11-04T11:00:00Z,2016-11-04T16:30:00+05:30,1,01:00:00,1,00:15:00,100.0,0.0,2016-11-04T10:45:00Z,2016-11-04T16:15:00+05:30,2016-11-04T11:00:00Z,2016-11-04T16:30:00+05:30
57.8,,,False,5,no2,µg/m³,,raw,01:00:00,2016-11-04T10:15:00Z,2016-11-04T15:45:00+05:30,2016-11-04T11:15:00Z,2016-11-04T16:45:00+05:30,1,01:00:00,1,00:15:00,100.0,0.0,2016-11-04T11:00:00Z,2016-11-04T16:30:00+05:30,2016-11-04T11:15:00Z,2016-11-04T16:45:00+05:30
65.5,,,False,5,no2,µg/m³,,raw,01:00:00,2016-11-04T10:30:00Z,2016-11-04T16:00:00+05:30,2016-11-04T11:30:00Z,2016-11-04T17:00:00+05:30,1,01:00:00,1,00:15:00,100.0,0.0,2016-11-04T11:15:00Z,2016-11-04T16:45:00+05:30,2016-11-04T11:30:00Z,2016-11-04T17:00:00+05:30
70.4,,,False,5,no2,µg/m³,,raw,01:00:00,2016-11-04T10:45:00Z,2016-11-04T16:15:00+05:30,2016-11-04T11:45:00Z,2016-11-04T17:15:00+05:30,1,01:00:00,1,00:15:00,100.0,0.0,2016-11-04T11:30:00Z,2016-11-04T17:00:00+05:30,2016-11-04T11:45:00Z,2016-11-04T17:15:00+05:30
77.6,,,False,5,no2,µg/m³,,raw,01:00:00,2016-11-04T11:00:00Z,2016-11-04T16:30:00+05:30,2016-11-04T12:00:00Z,2016-11-04T17:30:00+05:30,1,01:00:00,1,00:15:00,100.0,0.0,2016-11-04T11:45:00Z,2016-11-04T17:15:00+05:30,2016-11-04T12:00:00Z,2016-11-04T17:30:00+05:30
82.1,,,False,5,no2,µg/m³,,raw,01:00:00,2016-11-04T11:15:00Z,2016-11-04T16:45:00+05:30,2016-11-04T12:15:00Z,2016-11-04T17:45:00+05:30,1,01:00:00,1,00:15:00,100.0,0.0,2016-11-04T12:00:00Z,2016-11-04T17:30:00+05:30,2016-11-04T12:15:00Z,2016-11-04T17:45:00+05:30
83.2,,,False,5,no2,µg/m³,,raw,01:00:00,2016-11-04T11:30:00Z,2016-11-04T17:00:00+05:30,2016-11-04T12:30:00Z,2016-11-04T18:00:00+05:30,1,01:00:00,1,00:15:00,100.0,0.0,2016-11-04T12:15:00Z,2016-11-04T17:45:00+05:30,2016-11-04T12:30:00Z,2016-11-04T18:00:00+05:30
79.7,,,False,5,no2,µg/m³,,raw,01:00:00,2016-11-04T11:45:00Z,2016-11-04T17:15:00+05:30,2016-11-04T12:45:00Z,2016-11-04T18:15:00+05:30,1,01:00:00,1,00:15:00,100.0,0.0,2016-11-04T12:30:00Z,2016-11-04T18:00:00+05:30,2016-11-04T12:45:00Z,2016-11-04T18:15:00+05:30
73.0,,,False,5,no2,µg/m³,,raw,01:00:00,2016-11-04T12:00:00Z,2016-11-04T17:30:00+05:30,2016-11-04T13:00:00Z,2016-11-04T18:30:00+05:30,1,01:00:00,1,00:15:00,100.0,0.0,2016-11-04T12:45:00Z,2016-11-04T18:15:00+05:30,2016-11-04T13:00:00Z,2016-11-04T18:30:00+05:30
76.2,,,False,5,no2,µg/m³,,raw,01:00:00,2016-11-04T12:15:00Z,2016-11-04T17:45:00+05:30,2016-11-04T13:15:00Z,2016-11-04T18:45:00+05:30,1,01:00:00,1,00:15:00,100.0,0.0,2016-11-04T13:00:00Z,2016-11-04T18:30:00+05:30,2016-11-04T13:15:00Z,2016-11-04T18:45:00+05:30
76.3,,,False,5,no2,µg/m³,,raw,01:00:00,2016-11-04T12:30:00Z,2016-11-04T18:00:00+05:30,2016-11-04T13:30:00Z,2016-11-04T19:00:00+05:30,1,01:00:00,1,00:15:00,100.0,0.0,2016-11-04T13:15:00Z,2016-11-04T18:45:00+05:30,2016-11-04T13:30:00Z,2016-11-04T19:00:00+05:30
80.0,,,False,5,no2,µg/m³,,raw,01:00:00,2016-11-04T12:45:00Z,2016-11-04T18:15:00+05:30,2016-11-04T13:45:00Z,2016-11-04T19:15:00+05:30,1,01:00:00,1,00:15:00,100.0,0.0,2016-11-04T13:30:00Z,2016-11-04T19:00:00+05:30,2016-11-04T13:45:00Z,2016-11-04T19:15:00+05:30
81.4,,,False,5,no2,µg/m³,,raw,01:00:00,2016-11-04T13:00:00Z,2016-11-04T18:30:00+05:30,2016-11-04T14:00:00Z,2016-11-04T19:30:00+05:30,1,01:00:00,1,00:15:00,100.0,0.0,2016-11-04T13:45:00Z,2016-11-04T19:15:00+05:30,2016-11-04T14:00:00Z,2016-11-04T19:30:00+05:30
82.8,,,False,5,no2,µg/m³,,raw,01:00:00,2016-11-04T13:15:00Z,2016-11-04T18:45:00+05:30,2016-11-04T14:15:00Z,2016-11-04T19:45:00+05:30,1,01:00:00,1,00:15:00,100.0,0.0,2016-11-04T14:00:00Z,2016-11-04T19:30:00+05:30,2016-11-04T14:15:00Z,2016-11-04T19:45:00+05:30
90.2,,,False,5,no2,µg/m³,,raw,01:00:00,2016-11-04T13:30:00Z,2016-11-04T19:00:00+05:30,2016-11-04T14:30:00Z,2016-11-04T20:00:00+05:30,1,01:00:00,1,00:15:00,100.0,0.0,2016-11-04T14:15:00Z,2016-11-04T19:45:00+05:30,2016-11-04T14:30:00Z,2016-11-04T20:00:00+05:30
103.6,,,False,5,no2,µg/m³,,raw,01:00:00,2016-11-04T13:45:00Z,2016-11-04T19:15:00+05:30,2016-11-04T14:45:00Z,2016-11-04T20:15:00+05:30,1,01:00:00,1,00:15:00,100.0,0.0,2016-11-04T14:30:00Z,2016-11-04T20:00:00+05:30,2016-11-04T14:45:00Z,2016-11-04T20:15:00+05:30
102.6,,,False,5,no2,µg/m³,,raw,01:00:00,2016-11-04T14:00:00Z,2016-11-04T19:30:00+05:30,2016-11-04T15:00:00Z,2016-11-04T20:30:00+05:30,1,01:00:00,1,00:15:00,100.0,0.0,2016-11-04T14:45:00Z,2016-11-04T20:15:00+05:30,2016-11-04T15:00:00Z,2016-11-04T20:30:00+05:30
98.6,,,False,5,no2,µg/m³,,raw,01:00:00,2016-11-04T14:15:00Z,2016-11-04T19:45:00+05:30,2016-11-04T15:15:00Z,2016-11-04T20:45:00+05:30,1,01:00:00,1,00:15:00,100.0,0.0,2016-11-04T15:00:00Z,2016-11-04T20:30:00+05:30,2016-11-04T15:15:00Z,2016-11-04T20:45:00+05:30
99.7,,,False,5,no2,µg/m³,,raw,01:00:00,2016-11-04T14:30:00Z,2016-11-04T20:00:00+05:30,2016-11-04T15:30:00Z,2016-11-04T21:00:00+05:30,1,01:00:00,1,00:15:00,100.0,0.0,2016-11-04T15:15:00Z,2016-11-04T20:45:00+05:30,2016-11-04T15:30:00Z,2016-11-04T21:00:00+05:30
95.3,,,False,5,no2,µg/m³,,raw,01:00:00,2016-11-04T14:45:00Z,2016-11-04T20:15:00+05:30,2016-11-04T15:45:00Z,2016-11-04T21:15:00+05:30,1,01:00:00,1,00:15:00,100.0,0.0,2016-11-04T15:30:00Z,2016-11-04T21:00:00+05:30,2016-11-04T15:45:00Z,2016-11-04T21:15:00+05:30
91.2,,,False,5,no2,µg/m³,,raw,01:00:00,2016-11-04T15:00:00Z,2016-11-04T20:30:00+05:30,2016-11-04T16:00:00Z,2016-11-04T21:30:00+05:30,1,01:00:00,1,00:15:00,100.0,0.0,2016-11-04T15:45:00Z,2016-11-04T21:15:00+05:30,2016-11-04T16:00:00Z,2016-11-04T21:30:00+05:30
92.7,,,False,5,no2,µg/m³,,raw,01:00:00,2016-11-04T15:15:00Z,2016-11-04T20:45:00+05:30,2016-11-04T16:15:00Z,2016-11-04T21:45:00+05:30,1,01:00:00,1,00:15:00,100.0,0.0,2016-11-04T16:00:00Z,2016-11-04T21:30:00+05:30,2016-11-04T16:15:00Z,2016-11-04T21:45:00+05:30
92.9,,,False,5,no2,µg/m³,,raw,01:00:00,2016-11-04T15:30:00Z,2016-11-04T21:00:00+05:30,2016-11-04T16:30:00Z,2016-11-04T22:00:00+05:30,1,01:00:00,1,00:15:00,100.0,0.0,2016-11-04T16:15:00Z,2016-11-04T21:45:00+05:30,2016-11-04T16:30:00Z,2016-11-04T22:00:00+05:30
90.8,,,False,5,no2,µg/m³,,raw,01:00:00,2016-11-04T15:45:00Z,2016-11-04T21:15:00+05:30,2016-11-04T16:45:00Z,2016-11-04T22:15:00+05:30,1,01:00:00,1,00:15:00,100.0,0.0,2016-11-04T16:30:00Z,2016-11-04T22:00:00+05:30,2016-11-04T16:45:00Z,2016-11-04T22:15:00+05:30
84.9,,,False,5,no2,µg/m³,,raw,01:00:00,2016-11-04T16:00:00Z,2016-11-04T21:30:00+05:30,2016-11-04T17:00:00Z,2016-11-04T22:30:00+05:30,1,01:00:00,1,00:15:00,100.0,0.0,2016-11-04T16:45:00Z,2016-11-04T22:15:00+05:30,2016-11-04T17:00:00Z,2016-11-04T22:30:00+05:30
87.7,,,False,5,no2,µg/m³,,raw,01:00:00,2016-11-04T16:15:00Z,2016-11-04T21:45:00+05:30,2016-11-04T17:15:00Z,2016-11-04T22:45:00+05:30,1,01:00:00,1,00:15:00,100.0,0.0,2016-11-04T17:00:00Z,2016-11-04T22:30:00+05:30,2016-11-04T17:15:00Z,2016-11-04T22:45:00+05:30
84.3,,,False,5,no2,µg/m³,,raw,01:00:00,2016-11-04T16:30:00Z,2016-11-04T22:00:00+05:30,2016-11-04T17:30:00Z,2016-11-04T23:00:00+05:30,1,01:00:00,1,00:15:00,100.0,0.0,2016-11-04T17:15:00Z,2016-11-04T22:45:00+05:30,2016-11-04T17:30:00Z,2016-11-04T23:00:00+05:30
89.7,,,False,5,no2,µg/m³,,raw,01:00:00,2016-11-04T16:45:00Z,2016-11-04T22:15:00+05:30,2016-11-04T17:45:00Z,2016-11-04T23:15:00+05:30,1,01:00:00,1,00:15:00,100.0,0.0,2016-11-04T17:30:00Z,2016-11-04T23:00:00+05:30,2016-11-04T17:45:00Z,2016-11-04T23:15:00+05:30
90.7,,,False,5,no2,µg/m³,,raw,01:00:00,2016-11-04T17:00:00Z,2016-11-04T22:30:00+05:30,2016-11-04T18:00:00Z,2016-11-04T23:30:00+05:30,1,01:00:00,1,00:15:00,100.0,0.0,2016-11-04T17:45:00Z,2016-11-04T23:15:00+05:30,2016-11-04T18:00:00Z,2016-11-04T23:30:00+05:30
91.2,,,False,5,no2,µg/m³,,raw,01:00:00,2016-11-04T17:15:00Z,2016-11-04T22:45:00+05:30,2016-11-04T18:15:00Z,2016-11-04T23:45:00+05:30,1,01:00:00,1,00:15:00,100.0,0.0,2016-11-04T18:00:00Z,2016-11-04T23:30:00+05:30,2016-11-04T18:15:00Z,2016-11-04T23:45:00+05:30
95.7,,,False,5,no2,µg/m³,,raw,01:00:00,2016-11-04T17:30:00Z,2016-11-04T23:00:00+05:30,2016-11-04T18:30:00Z,2016-11-05T00:00:00+05:30,1,01:00:00,1,00:15:00,100.0,0.0,2016-11-04T18:15:00Z,2016-11-04T23:45:00+05:30,2016-11-04T18:30:00Z,2016-11-05T00:00:00+05:30
81.9,,,False,5,no2,µg/m³,,raw,01:00:00,2016-11-04T17:45:00Z,2016-11-04T23:15:00+05:30,2016-11-04T18:45:00Z,2016-11-05T00:15:00+05:30,1,01:00:00,1,00:15:00,100.0,0.0,2016-11-04T18:30:00Z,2016-11-05T00:00:00+05:30,2016-11-04T18:45:00Z,2016-11-05T00:15:00+05:30
76.9,,,False,5,no2,µg/m³,,raw,01:00:00,2016-11-04T18:00:00Z,2016-11-04T23:30:00+05:30,2016-11-04T19:00:00Z,2016-11-05T00:30:00+05:30,1,01:00:00,1,00:15:00,100.0,0.0,2016-11-04T18:45:00Z,2016-11-05T00:15:00+05:30,2016-11-04T19:00:00Z,2016-11-05T00:30:00+05:30
76.3,,,False,5,no2,µg/m³,,raw,01:00:00,2016-11-04T18:15:00Z,2016-11-04T23:45:00+05:30,2016-11-04T19:15:00Z,2016-11-05T00:45:00+05:30,1,01:00:00,1,00:15:00,100.0,0.0,2016-11-04T19:00:00Z,2016-11-05T00:30:00+05:30,2016-11-04T19:15:00Z,2016-11-05T00:45:00+05:30
71.8,,,False,5,no2,µg/m³,,raw,01:00:00,2016-11-04T18:30:00Z,2016-11-05T00:00:00+05:30,2016-11-04T19:30:00Z,2016-11-05T01:00:00+05:30,1,01:00:00,1,00:15:00,100.0,0.0,2016-11-04T19:15:00Z,2016-11-05T00:45:00+05:30,2016-11-04T19:30:00Z,2016-11-05T01:00:00+05:30
71.1,,,False,5,no2,µg/m³,,raw,01:00:00,2016-11-04T18:45:00Z,2016-11-05T00:15:00+05:30,2016-11-04T19:45:00Z,2016-11-05T01:15:00+05:30,1,01:00:00,1,00:15:00,100.0,0.0,2016-11-04T19:30:00Z,2016-11-05T01:00:00+05:30,2016-11-04T19:45:00Z,2016-11-05T01:15:00+05:30
68.6,,,False,5,no2,µg/m³,,raw,01:00:00,2016-11-04T19:00:00Z,2016-11-05T00:30:00+05:30,2016-11-04T20:00:00Z,2016-11-05T01:30:00+05:30,1,01:00:00,1,00:15:00,100.0,0.0,2016-11-04T19:45:00Z,2016-11-05T01:15:00+05:30,2016-11-04T20:00:00Z,2016-11-05T01:30:00+05:30
69.0,,,False,5,no2,µg/m³,,raw,01:00:00,2016-11-04T19:15:00Z,2016-11-05T00:45:00+05:30,2016-11-04T20:15:00Z,2016-11-05T01:45:00+05:30,1,01:00:00,1,00:15:00,100.0,0.0,2016-11-04T20:00:00Z,2016-11-05T01:30:00+05:30,2016-11-04T20:15:00Z,2016-11-05T01:45:00+05:30
65.9,,,False,5,no2,µg/m³,,raw,01:00:00,2016-11-04T19:30:00Z,2016-11-05T01:00:00+05:30,2016-11-04T20:30:00Z,2016-11-05T02:00:00+05:30,1,01:00:00,1,00:15:00,100.0,0.0,2016-11-04T20:15:00Z,2016-11-05T01:45:00+05:30,2016-11-04T20:30:00Z,2016-11-05T02:00:00+05:30
63.7,,,False,5,no2,µg/m³,,raw,01:00:00,2016-11-04T19:45:00Z,2016-11-05T01:15:00+05:30,2016-11-04T20:45:00Z,2016-11-05T02:15:00+05:30,1,01:00:00,1,00:15:00,100.0,0.0,2016-11-04T20:30:00Z,2016-11-05T02:00:00+05:30,2016-11-04T20:45:00Z,2016-11-05T02:15:00+05:30
60.1,,,False,5,no2,µg/m³,,raw,01:00:00,2016-11-04T20:00:00Z,2016-11-05T01:30:00+05:30,2016-11-04T21:00:00Z,2016-11-05T02:30:00+05:30,1,01:00:00,1,00:15:00,100.0,0.0,2016-11-04T20:45:00Z,2016-11-05T02:15:00+05:30,2016-11-04T21:00:00Z,2016-11-05T02:30:00+05:30
59.3,,,False,5,no2,µg/m³,,raw,01:00:00,2016-11-04T20:15:00Z,2016-11-05T01:45:00+05:30,2016-11-04T21:15:00Z,2016-11-05T02:45:00+05:30,1,01:00:00,1,00:15:00,100.0,0.0,2016-11-04T21:00:00Z,2016-11-05T02:30:00+05:30,2016-11-04T21:15:00Z,2016-11-05T02:45:00+05:30
58.1,,,False,5,no2,µg/m³,,raw,01:00:00,2016-11-04T20:30:00Z,2016-11-05T02:00:00+05:30,2016-11-04T21:30:00Z,2016-11-05T03:00:00+05:30,1,01:00:00,1,00:15:00,100.0,0.0,2016-11-04T21:15:00Z,2016-11-05T02:45:00+05:30,2016-11-04T21:30:00Z,2016-11-05T03:00:00+05:30
56.1,,,False,5,no2,µg/m³,,raw,01:00:00,2016-11-04T20:45:00Z,2016-11-05T02:15:00+05:30,2016-11-04T21:45:00Z,2016-11-05T03:15:00+05:30,1,01:00:00,1,00:15:00,100.0,0.0,2016-11-04T21:30:00Z,2016-11-05T03:00:00+05:30,2016-11-04T21:45:00Z,2016-11-05T03:15:00+05:30
52.6,,,False,5,no2,µg/m³,,raw,01:00:00,2016-11-04T21:00:00Z,2016-11-05T02:30:00+05:30,2016-11-04T22:00:00Z,2016-11-05T03:30:00+05:30,1,01:00:00,1,00:15:00,100.0,0.0,2016-11-04T21:45:00Z,2016-11-05T03:15:00+05:30,2016-11-04T22:00:00Z,2016-11-05T03:30:00+05:30
51.3,,,False,5,no2,µg/m³,,raw,01:00:00,2016-11-04T21:15:00Z,2016-11-05T02:45:00+05:30,2016-11-04T22:15:00Z,2016-11-05T03:45:00+05:30,1,01:00:00,1,00:15:00,100.0,0.0,2016-11-04T22:00:00Z,2016-11-05T03:30:00+05:30,2016-11-04T22:15:00Z,2016-11-05T03:45:00+05:30
48.6,,,False,5,no2,µg/m³,,raw,01:00:00,2016-11-04T21:30:00Z,2016-11-05T03:00:00+05:30,2016-11-04T22:30:00Z,2016-11-05T04:00:00+05:30,1,01:00:00,1,00:15:00,100.0,0.0,2016-11-04T22:15:00Z,2016-11-05T03:45:00+05:30,2016-11-04T22:30:00Z,2016-11-05T04:00:00+05:30
45.4,,,False,5,no2,µg/m³,,raw,01:00:00,2016-11-04T21:45:00Z,2016-11-05T03:15:00+05:30,2016-11-04T22:45:00Z,2016-11-05T04:15:00+05:30,1,01:00:00,1,00:15:00,100.0,0.0,2016-11-04T22:30:00Z,2016-11-05T04:00:00+05:30,2016-11-04T22:45:00Z,2016-11-05T04:15:00+05:30
40.6,,,False,5,no2,µg/m³,,raw,01:00:00,2016-11-04T22:00:00Z,2016-11-05T03:30:00+05:30,2016-11-04T23:00:00Z,2016-11-05T04:30:00+05:30,1,01:00:00,1,00:15:00,100.0,0.0,2016-11-04T22:45:00Z,2016-11-05T04:15:00+05:30,2016-11-04T23:00:00Z,2016-11-05T04:30:00+05:30
36.6,,,False,5,no2,µg/m³,,raw,01:00:00,2016-11-04T22:15:00Z,2016-11-05T03:45:00+05:30,2016-11-04T23:15:00Z,2016-11-05T04:45:00+05:30,1,01:00:00,1,00:15:00,100.0,0.0,2016-11-04T23:00:00Z,2016-11-05T04:30:00+05:30,2016-11-04T23:15:00Z,2016-11-05T04:45:00+05:30
37.1,,,False,5,no2,µg/m³,,raw,01:00:00,2016-11-04T22:30:00Z,2016-11-05T04:00:00+05:30,2016-11-04T23:30:00Z,2016-11-05T05:00:00+05:30,1,01:00:00,1,00:15:00,100.0,0.0,2016-11-04T23:15:00Z,2016-11-05T04:45:00+05:30,2016-11-04T23:30:00Z,2016-11-05T05:00:00+05:30
37.0,,,False,5,no2,µg/m³,,raw,01:00:00,2016-11-04T22:45:00Z,2016-11-05T04:15:00+05:30,2016-11-04T23:45:00Z,2016-11-05T05:15:00+05:30,1,01:00:00,1,00:15:00,100.0,0.0,2016-11-04T23:30:00Z,2016-11-05T05:00:00+05:30,2016-11-04T23:45:00Z,2016-11-05T05:15:00+05:30
38.1,,,False,5,no2,µg/m³,,raw,01:00:00,2016-11-04T23:00:00Z,2016-11-05T04:30:00+05:30,2016-11-05T00:00:00Z,2016-11-05T05:30:00+05:30,1,01:00:00,1,00:15:00,100.0,0.0,2016-11-04T23:45:00Z,2016-11-05T05:15:00+05:30,2016-11-05T00:00:00Z,2016-11-05T05:30:00+05:30
38.0,,,False,5,no2,µg/m³,,raw,01:00:00,2016-11-04T23:15:00Z,2016-11-05T04:45:00+05:30,2016-11-05T00:15:00Z,2016-11-05T05:45:00+05:30,1,01:00:00,1,00:15:00,100.0,0.0,2016-11-05T00:00:00Z,2016-11-05T05:30:00+05:30,2016-11-05T00:15:00Z,2016-11-05T05:45:00+05:30
38.1,,,False,5,no2,µg/m³,,raw,01:00:00,2016-11-04T23:30:00Z,2016-11-05T05:00:00+05:30,2016-11-05T00:30:00Z,2016-11-05T06:00:00+05:30,1,01:00:00,1,00:15:00,100.0,0.0,2016-11-05T00:15:00Z,2016-11-05T05:45:00+05:30,2016-11-05T00:30:00Z,2016-11-05T06:00:00+05:30
37.4,,,False,5,no2,µg/m³,,raw,01:00:00,2016-11-04T23:45:00Z,2016-11-05T05:15:00+05:30,2016-11-05T00:45:00Z,2016-11-05T06:15:00+05:30,1,01:00:00,1,00:15:00,100.0,0.0,2016-11-05T00:30:00Z,2016-11-05T06:00:00+05:30,2016-11-05T00:45:00Z,2016-11-05T06:15:00+05:30
39.7,,,False,5,no2,µg/m³,,raw,01:00:00,2016-11-05T00:00:00Z,2016-11-05T05:30:00+05:30,2016-11-05T01:00:00Z,2016-11-05T06:30:00+05:30,1,01:00:00,1,00:15:00,100.0,0.0,2016-11-05T00:45:00Z,2016-11-05T06:15:00+05:30,2016-11-05T01:00:00Z,2016-11-05T06:30:00+05:30
41.5,,,False,5,no2,µg/m³,,raw,01:00:00,2016-11-05T00:15:00Z,2016-11-05T05:45:00+05:30,2016-11-05T01:15:00Z,2016-11-05T06:45:00+05:30,1,01:00:00,1,00:15:00,100.0,0.0,2016-11-05T01:00:00Z,2016-11-05T06:30:00+05:30,2016-11-05T01:15:00Z,2016-11-05T06:45:00+05:30
43.2,,,False,5,no2,µg/m³,,raw,01:00:00,2016-11-05T00:30:00Z,2016-11-05T06:00:00+05:30,2016-11-05T01:30:00Z,2016-11-05T07:00:00+05:30,1,01:00:00,1,00:15:00,100.0,0.0,2016-11-05T01:15:00Z,2016-11-05T06:45:00+05:30,2016-11-05T01:30:00Z,2016-11-05T07:00:00+05:30
45.9,,,False,5,no2,µg/m³,,raw,01:00:00,2016-11-05T00:45:00Z,2016-11-05T06:15:00+05:30,2016-11-05T01:45:00Z,2016-11-05T07:15:00+05:30,1,01:00:00,1,00:15:00,100.0,0.0,2016-11-05T01:30:00Z,2016-11-05T07:00:00+05:30,2016-11-05T01:45:00Z,2016-11-05T07:15:00+05:30
47.7,,,False,5,no2,µg/m³,,raw,01:00:00,2016-11-05T01:00:00Z,2016-11-05T06:30:00+05:30,2016-11-05T02:00:00Z,2016-11-05T07:30:00+05:30,1,01:00:00,1,00:15:00,100.0,0.0,2016-11-05T01:45:00Z,2016-11-05T07:15:00+05:30,2016-11-05T02:00:00Z,2016-11-05T07:30:00+05:30
46.0,,,False,5,no2,µg/m³,,raw,01:00:00,2016-11-05T01:15:00Z,2016-11-05T06:45:00+05:30,2016-11-05T02:15:00Z,2016-11-05T07:45:00+05:30,1,01:00:00,1,00:15:00,100.0,0.0,2016-11-05T02:00:00Z,2016-11-05T07:30:00+05:30,2016-11-05T02:15:00Z,2016-11-05T07:45:00+05:30
48.8,,,False,5,no2,µg/m³,,raw,01:00:00,2016-11-05T01:30:00Z,2016-11-05T07:00:00+05:30,2016-11-05T02:30:00Z,2016-11-05T08:00:00+05:30,1,01:00:00,1,00:15:00,100.0,0.0,2016-11-05T02:15:00Z,2016-11-05T07:45:00+05:30,2016-11-05T02:30:00Z,2016-11-05T08:00:00+05:30
49.6,,,False,5,no2,µg/m³,,raw,01:00:00,2016-11-05T01:45:00Z,2016-11-05T07:15:00+05:30,2016-11-05T02:45:00Z,2016-11-05T08:15:00+05:30,1,01:00:00,1,00:15:00,100.0,0.0,2016-11-05T02:30:00Z,2016-11-05T08:00:00+05:30,2016-11-05T02:45:00Z,2016-11-05T08:15:00+05:30
52.5,,,False,5,no2,µg/m³,,raw,01:00:00,2016-11-05T02:00:00Z,2016-11-05T07:30:00+05:30,2016-11-05T03:00:00Z,2016-11-05T08:30:00+05:30,1,01:00:00,1,00:15:00,100.0,0.0,2016-11-05T02:45:00Z,2016-11-05T08:15:00+05:30,2016-11-05T03:00:00Z,2016-11-05T08:30:00+05:30
52.5,,,False,5,no2,µg/m³,,raw,01:00:00,2016-11-05T02:15:00Z,2016-11-05T07:45:00+05:30,2016-11-05T03:15:00Z,2016-11-05T08:45:00+05:30,1,01:00:00,1,00:15:00,100.0,0.0,2016-11-05T03:00:00Z,2016-11-05T08:30:00+05:30,2016-11-05T03:15:00Z,2016-11-05T08:45:00+05:30
51.1,,,False,5,no2,µg/m³,,raw,01:00:00,2016-11-05T02:30:00Z,2016-11-05T08:00:00+05:30,2016-11-05T03:30:00Z,2016-11-05T09:00:00+05:30,1,01:00:00,1,00:15:00,100.0,0.0,2016-11-05T03:15:00Z,2016-11-05T08:45:00+05:30,2016-11-05T03:30:00Z,2016-11-05T09:00:00+05:30
46.5,,,False,5,no2,µg/m³,,raw,01:00:00,2016-11-05T02:45:00Z,2016-11-05T08:15:00+05:30,2016-11-05T03:45:00Z,2016-11-05T09:15:00+05:30,1,01:00:00,1,00:15:00,100.0,0.0,2016-11-05T03:30:00Z,2016-11-05T09:00:00+05:30,2016-11-05T03:45:00Z,2016-11-05T09:15:00+05:30
45.4,,,False,5,no2,µg/m³,,raw,01:00:00,2016-11-05T03:00:00Z,2016-11-05T08:30:00+05:30,2016-11-05T04:00:00Z,2016-11-05T09:30:00+05:30,1,01:00:00,1,00:15:00,100.0,0.0,2016-11-05T03:45:00Z,2016-11-05T09:15:00+05:30,2016-11-05T04:00:00Z,2016-11-05T09:30:00+05:30
48.2,,,False,5,no2,µg/m³,,raw,01:00:00,2016-11-05T03:15:00Z,2016-11-05T08:45:00+05:30,2016-11-05T04:15:00Z,2016-11-05T09:45:00+05:30,1,01:00:00,1,00:15:00,100.0,0.0,2016-11-05T04:00:00Z,2016-11-05T09:30:00+05:30,2016-11-05T04:15:00Z,2016-11-05T09:45:00+05:30
47.0,,,False,5,no2,µg/m³,,raw,01:00:00,2016-11-05T03:30:00Z,2016-11-05T09:00:00+05:30,2016-11-05T04:30:00Z,2016-11-05T10:00:00+05:30,1,01:00:00,1,00:15:00,100.0,0.0,2016-11-05T04:15:00Z,2016-11-05T09:45:00+05:30,2016-11-05T04:30:00Z,2016-11-05T10:00:00+05:30
52.4,,,False,5,no2,µg/m³,,raw,01:00:00,2016-11-05T03:45:00Z,2016-11-05T09:15:00+05:30,2016-11-05T04:45:00Z,2016-11-05T10:15:00+05:30,1,01:00:00,1,00:15:00,100.0,0.0,2016-11-05T04:30:00Z,2016-11-05T10:00:00+05:30,2016-11-05T04:45:00Z,2016-11-05T10:15:00+05:30
50.8,,,False,5,no2,µg/m³,,raw,01:00:00,2016-11-05T04:00:00Z,2016-11-05T09:30:00+05:30,2016-11-05T05:00:00Z,2016-11-05T10:30:00+05:30,1,01:00:00,1,00:15:00,100.0,0.0,2016-11-05T04:45:00Z,2016-11-05T10:15:00+05:30,2016-11-05T05:00:00Z,2016-11-05T10:30:00+05:30
61.3,,,False,5,no2,µg/m³,,raw,01:00:00,2016-11-05T04:15:00Z,2016-11-05T09:45:00+05:30,2016-11-05T05:15:00Z,2016-11-05T10:45:00+05:30,1,01:00:00,1,00:15:00,100.0,0.0,2016-11-05T05:00:00Z,2016-11-05T10:30:00+05:30,2016-11-05T05:15:00Z,2016-11-05T10:45:00+05:30
67.3,,,False,5,no2,µg/m³,,raw,01:00:00,2016-11-05T04:30:00Z,2016-11-05T10:00:00+05:30,2016-11-05T05:30:00Z,2016-11-05T11:00:00+05:30,1,01:00:00,1,00:15:00,100.0,0.0,2016-11-05T05:15:00Z,2016-11-05T10:45:00+05:30,2016-11-05T05:30:00Z,2016-11-05T11:00:00+05:30
68.1,,,False,5,no2,µg/m³,,raw,01:00:00,2016-11-05T04:45:00Z,2016-11-05T10:15:00+05:30,2016-11-05T05:45:00Z,2016-11-05T11:15:00+05:30,1,01:00:00,1,00:15:00,100.0,0.0,2016-11-05T05:30:00Z,2016-11-05T11:00:00+05:30,2016-11-05T05:45:00Z,2016-11-05T11:15:00+05:30
64.2,,,False,5,no2,µg/m³,,raw,01:00:00,2016-11-05T05:00:00Z,2016-11-05T10:30:00+05:30,2016-11-05T06:00:00Z,2016-11-05T11:30:00+05:30,1,01:00:00,1,00:15:00,100.0,0.0,2016-11-05T05:45:00Z,2016-11-05T11:15:00+05:30,2016-11-05T06:00:00Z,2016-11-05T11:30:00+05:30
64.6,,,False,5,no2,µg/m³,,raw,01:00:00,2016-11-05T05:15:00Z,2016-11-05T10:45:00+05:30,2016-11-05T06:15:00Z,2016-11-05T11:45:00+05:30,1,01:00:00,1,00:15:00,100.0,0.0,2016-11-05T06:00:00Z,2016-11-05T11:30:00+05:30,2016-11-05T06:15:00Z,2016-11-05T11:45:00+05:30
61.4,,,False,5,no2,µg/m³,,raw,01:00:00,2016-11-05T05:30:00Z,2016-11-05T11:00:00+05:30,2016-11-05T06:30:00Z,2016-11-05T12:00:00+05:30,1,01:00:00,1,00:15:00,100.0,0.0,2016-11-05T06:15:00Z,2016-11-05T11:45:00+05:30,2016-11-05T06:30:00Z,2016-11-05T12:00:00+05:30
62.5,,,False,5,no2,µg/m³,,raw,01:00:00,2016-11-05T05:45:00Z,2016-11-05T11:15:00+05:30,2016-11-05T06:45:00Z,2016-11-05T12:15:00+05:30,1,01:00:00,1,00:15:00,100.0,0.0,2016-11-05T06:30:00Z,2016-11-05T12:00:00+05:30,2016-11-05T06:45:00Z,2016-11-05T12:15:00+05:30
67.9,,,False,5,no2,µg/m³,,raw,01:00:00,2016-11-05T06:00:00Z,2016-11-05T11:30:00+05:30,2016-11-05T07:00:00Z,2016-11-05T12:30:00+05:30,1,01:00:00,1,00:15:00,100.0,0.0,2016-11-05T06:45:00Z,2016-11-05T12:15:00+05:30,2016-11-05T07:00:00Z,2016-11-05T12:30:00+05:30
72.9,,,False,5,no2,µg/m³,,raw,01:00:00,2016-11-05T06:15:00Z,2016-11-05T11:45:00+05:30,2016-11-05T07:15:00Z,2016-11-05T12:45:00+05:30,1,01:00:00,1,00:15:00,100.0,0.0,2016-11-05T07:00:00Z,2016-11-05T12:30:00+05:30,2016-11-05T07:15:00Z,2016-11-05T12:45:00+05:30
80.8,,,False,5,no2,µg/m³,,raw,01:00:00,2016-11-05T06:30:00Z,2016-11-05T12:00:00+05:30,2016-11-05T07:30:00Z,2016-11-05T13:00:00+05:30,1,01:00:00,1,00:15:00,100.0,0.0,2016-11-05T07:15:00Z,2016-11-05T12:45:00+05:30,2016-11-05T07:30:00Z,2016-11-05T13:00:00+05:30
87.0,,,False,5,no2,µg/m³,,raw,01:00:00,2016-11-05T06:45:00Z,2016-11-05T12:15:00+05:30,2016-11-05T07:45:00Z,2016-11-05T13:15:00+05:30,1,01:00:00,1,00:15:00,100.0,0.0,2016-11-05T07:30:00Z,2016-11-05T13:00:00+05:30,2016-11-05T07:45:00Z,2016-11-05T13:15:00+05:30
80.9,,,False,5,no2,µg/m³,,raw,01:00:00,2016-11-05T07:00:00Z,2016-11-05T12:30:00+05:30,2016-11-05T08:00:00Z,2016-11-05T13:30:00+05:30,1,01:00:00,1,00:15:00,100.0,0.0,2016-11-05T07:45:00Z,2016-11-05T13:15:00+05:30,2016-11-05T08:00:00Z,2016-11-05T13:30:00+05:30
64.1,,,False,5,no2,µg/m³,,raw,01:00:00,2016-11-05T07:15:00Z,2016-11-05T12:45:00+05:30,2016-11-05T08:15:00Z,2016-11-05T13:45:00+05:30,1,01:00:00,1,00:15:00,100.0,0.0,2016-11-05T08:00:00Z,2016-11-05T13:30:00+05:30,2016-11-05T08:15:00Z,2016-11-05T13:45:00+05:30
69.2,,,False,5,no2,µg/m³,,raw,01:00:00,2016-11-05T07:30:00Z,2016-11-05T13:00:00+05:30,2016-11-05T08:30:00Z,2016-11-05T14:00:00+05:30,1,01:00:00,1,00:15:00,100.0,0.0,2016-11-05T08:15:00Z,2016-11-05T13:45:00+05:30,2016-11-05T08:30:00Z,2016-11-05T14:00:00+05:30
51.8,,,False,5,no2,µg/m³,,raw,01:00:00,2016-11-05T07:45:00Z,2016-11-05T13:15:00+05:30,2016-11-05T08:45:00Z,2016-11-05T14:15:00+05:30,1,01:00:00,1,00:15:00,100.0,0.0,2016-11-05T08:30:00Z,2016-11-05T14:00:00+05:30,2016-11-05T08:45:00Z,2016-11-05T14:15:00+05:30
49.1,,,False,5,no2,µg/m³,,raw,01:00:00,2016-11-05T08:00:00Z,2016-11-05T13:30:00+05:30,2016-11-05T09:00:00Z,2016-11-05T14:30:00+05:30,1,01:00:00,1,00:15:00,100.0,0.0,2016-11-05T08:45:00Z,2016-11-05T14:15:00+05:30,2016-11-05T09:00:00Z,2016-11-05T14:30:00+05:30
43.4,,,False,5,no2,µg/m³,,raw,01:00:00,2016-11-05T08:15:00Z,2016-11-05T13:45:00+05:30,2016-11-05T09:15:00Z,2016-11-05T14:45:00+05:30,1,01:00:00,1,00:15:00,100.0,0.0,2016-11-05T09:00:00Z,2016-11-05T14:30:00+05:30,2016-11-05T09:15:00Z,2016-11-05T14:45:00+05:30
55.2,,,False,5,no2,µg/m³,,raw,01:00:00,2016-11-05T08:30:00Z,2016-11-05T14:00:00+05:30,2016-11-05T09:30:00Z,2016-11-05T15:00:00+05:30,1,01:00:00,1,00:15:00,100.0,0.0,2016-11-05T09:15:00Z,2016-11-05T14:45:00+05:30,2016-11-05T09:30:00Z,2016-11-05T15:00:00+05:30
62.5,,,False,5,no2,µg/m³,,raw,01:00:00,2016-11-05T08:45:00Z,2016-11-05T14:15:00+05:30,2016-11-05T09:45:00Z,2016-11-05T15:15:00+05:30,1,01:00:00,1,00:15:00,100.0,0.0,2016-11-05T09:30:00Z,2016-11-05T15:00:00+05:30,2016-11-05T09:45:00Z,2016-11-05T15:15:00+05:30
56.9,,,False,5,no2,µg/m³,,raw,01:00:00,2016-11-05T09:00:00Z,2016-11-05T14:30:00+05:30,2016-11-05T10:00:00Z,2016-11-05T15:30:00+05:30,1,01:00:00,1,00:15:00,100.0,0.0,2016-11-05T09:45:00Z,2016-11-05T15:15:00+05:30,2016-11-05T10:00:00Z,2016-11-05T15:30:00+05:30
60.1,,,False,5,no2,µg/m³,,raw,01:00:00,2016-11-05T09:15:00Z,2016-11-05T14:45:00+05:30,2016-11-05T10:15:00Z,2016-11-05T15:45:00+05:30,1,01:00:00,1,00:15:00,100.0,0.0,2016-11-05T10:00:00Z,2016-11-05T15:30:00+05:30,2016-11-05T10:15:00Z,2016-11-05T15:45:00+05:30
56.8,,,False,5,no2,µg/m³,,raw,01:00:00,2016-11-05T09:30:00Z,2016-11-05T15:00:00+05:30,2016-11-05T10:30:00Z,2016-11-05T16:00:00+05:30,1,01:00:00,1,00:15:00,100.0,0.0,2016-11-05T10:15:00Z,2016-11-05T15:45:00+05:30,2016-11-05T10:30:00Z,2016-11-05T16:00:00+05:30
54.1,,,False,5,no2,µg/m³,,raw,01:00:00,2016-11-05T09:45:00Z,2016-11-05T15:15:00+05:30,2016-11-05T10:45:00Z,2016-11-05T16:15:00+05:30,1,01:00:00,1,00:15:00,100.0,0.0,2016-11-05T10:30:00Z,2016-11-05T16:00:00+05:30,2016-11-05T10:45:00Z,2016-11-05T16:15:00+05:30
59.6,,,False,5,no2,µg/m³,,raw,01:00:00,2016-11-05T10:00:00Z,2016-11-05T15:30:00+05:30,2016-11-05T11:00:00Z,2016-11-05T16:30:00+05:30,1,01:00:00,1,00:15:00,100.0,0.0,2016-11-05T10:45:00Z,2016-11-05T16:15:00+05:30,2016-11-05T11:00:00Z,2016-11-05T16:30:00+05:30
58.4,,,False,5,no2,µg/m³,,raw,01:00:00,2016-11-05T10:15:00Z,2016-11-05T15:45:00+05:30,2016-11-05T11:15:00Z,2016-11-05T16:45:00+05:30,1,01:00:00,1,00:15:00,100.0,0.0,2016-11-05T11:00:00Z,2016-11-05T16:30:00+05:30,2016-11-05T11:15:00Z,2016-11-05T16:45:00+05:30
53.6,,,False,5,no2,µg/m³,,raw,01:00:00,2016-11-05T10:30:00Z,2016-11-05T16:00:00+05:30,2016-11-05T11:30:00Z,2016-11-05T17:00:00+05:30,1,01:00:00,1,00:15:00,100.0,0.0,2016-11-05T11:15:00Z,2016-11-05T16:45:00+05:30,2016-11-05T11:30:00Z,2016-11-05T17:00:00+05:30
61.8,,,False,5,no2,µg/m³,,raw,01:00:00,2016-11-05T10:45:00Z,2016-11-05T16:15:00+05:30,2016-11-05T11:45:00Z,2016-11-05T17:15:00+05:30,1,01:00:00,1,00:15:00,100.0,0.0,2016-11-05T11:30:00Z,2016-11-05T17:00:00+05:30,2016-11-05T11:45:00Z,2016-11-05T17:15:00+05:30
66.5,,,False,5,no2,µg/m³,,raw,01:00:00,2016-11-05T11:00:00Z,2016-11-05T16:30:00+05:30,2016-11-05T12:00:00Z,2016-11-05T17:30:00+05:30,1,01:00:00,1,00:15:00,100.0,0.0,2016-11-05T11:45:00Z,2016-11-05T17:15:00+05:30,2016-11-05T12:00:00Z,2016-11-05T17:30:00+05:30
73.8,,,False,5,no2,µg/m³,,raw,01:00:00,2016-11-05T11:15:00Z,2016-11-05T16:45:00+05:30,2016-11-05T12:15:00Z,2016-11-05T17:45:00+05:30,1,01:00:00,1,00:15:00,100.0,0.0,2016-11-05T12:00:00Z,2016-11-05T17:30:00+05:30,2016-11-05T12:15:00Z,2016-11-05T17:45:00+05:30
89.2,,,False,5,no2,µg/m³,,raw,01:00:00,2016-11-05T11:30:00Z,2016-11-05T17:00:00+05:30,2016-11-05T12:30:00Z,2016-11-05T18:00:00+05:30,1,01:00:00,1,00:15:00,100.0,0.0,2016-11-05T12:15:00Z,2016-11-05T17:45:00+05:30,2016-11-05T12:30:00Z,2016-11-05T18:00:00+05:30
99.1,,,False,5,no2,µg/m³,,raw,01:00:00,2016-11-05T11:45:00Z,2016-11-05T17:15:00+05:30,2016-11-05T12:45:00Z,2016-11-05T18:15:00+05:30,1,01:00:00,1,00:15:00,100.0,0.0,2016-11-05T12:30:00Z,2016-11-05T18:00:00+05:30,2016-11-05T12:45:00Z,2016-11-05T18:15:00+05:30
100.6,,,False,5,no2,µg/m³,,raw,01:00:00,2016-11-05T12:00:00Z,2016-11-05T17:30:00+05:30,2016-11-05T13:00:00Z,2016-11-05T18:30:00+05:30,1,01:00:00,1,00:15:00,100.0,0.0,2016-11-05T12:45:00Z,2016-11-05T18:15:00+05:30,2016-11-05T13:00:00Z,2016-11-05T18:30:00+05:30
99.9,,,False,5,no2,µg/m³,,raw,01:00:00,2016-11-05T12:15:00Z,2016-11-05T17:45:00+05:30,2016-11-05T13:15:00Z,2016-11-05T18:45:00+05:30,1,01:00:00,1,00:15:00,100.0,0.0,2016-11-05T13:00:00Z,2016-11-05T18:30:00+05:30,2016-11-05T13:15:00Z,2016-11-05T18:45:00+05:30
101.6,,,False,5,no2,µg/m³,,raw,01:00:00,2016-11-05T12:30:00Z,2016-11-05T18:00:00+05:30,2016-11-05T13:30:00Z,2016-11-05T19:00:00+05:30,1,01:00:00,1,00:15:00,100.0,0.0,2016-11-05T13:15:00Z,2016-11-05T18:45:00+05:30,2016-11-05T13:30:00Z,2016-11-05T19:00:00+05:30
101.7,,,False,5,no2,µg/m³,,raw,01:00:00,2016-11-05T12:45:00Z,2016-11-05T18:15:00+05:30,2016-11-05T13:45:00Z,2016-11-05T19:15:00+05:30,1,01:00:00,1,00:15:00,100.0,0.0,2016-11-05T13:30:00Z,2016-11-05T19:00:00+05:30,2016-11-05T13:45:00Z,2016-11-05T19:15:00+05:30
103.0,,,False,5,no2,µg/m³,,raw,01:00:00,2016-11-05T13:00:00Z,2016-11-05T18:30:00+05:30,2016-11-05T14:00:00Z,2016-11-05T19:30:00+05:30,1,01:00:00,1,00:15:00,100.0,0.0,2016-11-05T13:45:00Z,2016-11-05T19:15:00+05:30,2016-11-05T14:00:00Z,2016-11-05T19:30:00+05:30
100.8,,,False,5,no2,µg/m³,,raw,01:00:00,2016-11-05T13:15:00Z,2016-11-05T18:45:00+05:30,2016-11-05T14:15:00Z,2016-11-05T19:45:00+05:30,1,01:00:00,1,00:15:00,100.0,0.0,2016-11-05T14:00:00Z,2016-11-05T19:30:00+05:30,2016-11-05T14:15:00Z,2016-11-05T19:45:00+05:30
99.5,,,False,5,no2,µg/m³,,raw,01:00:00,2016-11-05T13:30:00Z,2016-11-05T19:00:00+05:30,2016-11-05T14:30:00Z,2016-11-05T20:00:00+05:30,1,01:00:00,1,00:15:00,100.0,0.0,2016-11-05T14:15:00Z,2016-11-05T19:45:00+05:30,2016-11-05T14:30:00Z,2016-11-05T20:00:00+05:30
102.8,,,False,5,no2,µg/m³,,raw,01:00:00,2016-11-05T13:45:00Z,2016-11-05T19:15:00+05:30,2016-11-05T14:45:00Z,2016-11-05T20:15:00+05:30,1,01:00:00,1,00:15:00,100.0,0.0,2016-11-05T14:30:00Z,2016-11-05T20:00:00+05:30,2016-11-05T14:45:00Z,2016-11-05T20:15:00+05:30
108.0,,,False,5,no2,µg/m³,,raw,01:00:00,2016-11-05T14:00:00Z,2016-11-05T19:30:00+05:30,2016-11-05T15:00:00Z,2016-11-05T20:30:00+05:30,1,01:00:00,1,00:15:00,100.0,0.0,2016-11-05T14:45:00Z,2016-11-05T20:15:00+05:30,2016-11-05T15:00:00Z,2016-11-05T20:30:00+05:30
108.5,,,False,5,no2,µg/m³,,raw,01:00:00,2016-11-05T14:15:00Z,2016-11-05T19:45:00+05:30,2016-11-05T15:15:00Z,2016-11-05T20:45:00+05:30,1,01:00:00,1,00:15:00,100.0,0.0,2016-11-05T15:00:00Z,2016-11-05T20:30:00+05:30,2016-11-05T15:15:00Z,2016-11-05T20:45:00+05:30
106.3,,,False,5,no2,µg/m³,,raw,01:00:00,2016-11-05T14:30:00Z,2016-11-05T20:00:00+05:30,2016-11-05T15:30:00Z,2016-11-05T21:00:00+05:30,1,01:00:00,1,00:15:00,100.0,0.0,2016-11-05T15:15:00Z,2016-11-05T20:45:00+05:30,2016-11-05T15:30:00Z,2016-11-05T21:00:00+05:30
106.3,,,False,5,no2,µg/m³,,raw,01:00:00,2016-11-05T14:45:00Z,2016-11-05T20:15:00+05:30,2016-11-05T15:45:00Z,2016-11-05T21:15:00+05:30,1,01:00:00,1,00:15:00,100.0,0.0,2016-11-05T15:30:00Z,2016-11-05T21:00:00+05:30,2016-11-05T15:45:00Z,2016-11-05T21:15:00+05:30
101.4,,,False,5,no2,µg/m³,,raw,01:00:00,2016-11-05T15:00:00Z,2016-11-05T20:30:00+05:30,2016-11-05T16:00:00Z,2016-11-05T21:30:00+05:30,1,01:00:00,1,00:15:00,100.0,0.0,2016-11-05T15:45:00Z,2016-11-05T21:15:00+05:30,2016-11-05T16:00:00Z,2016-11-05T21:30:00+05:30
102.2,,,False,5,no2,µg/m³,,raw,01:00:00,2016-11-05T15:15:00Z,2016-11-05T20:45:00+05:30,2016-11-05T16:15:00Z,2016-11-05T21:45:00+05:30,1,01:00:00,1,00:15:00,100.0,0.0,2016-11-05T16:00:00Z,2016-11-05T21:30:00+05:30,2016-11-05T16:15:00Z,2016-11-05T21:45:00+05:30
95.1,,,False,5,no2,µg/m³,,raw,01:00:00,2016-11-05T15:30:00Z,2016-11-05T21:00:00+05:30,2016-11-05T16:30:00Z,2016-11-05T22:00:00+05:30,1,01:00:00,1,00:15:00,100.0,0.0,2016-11-05T16:15:00Z,2016-11-05T21:45:00+05:30,2016-11-05T16:30:00Z,2016-11-05T22:00:00+05:30
95.5,,,False,5,no2,µg/m³,,raw,01:00:00,2016-11-05T15:45:00Z,2016-11-05T21:15:00+05:30,2016-11-05T16:45:00Z,2016-11-05T22:15:00+05:30,1,01:00:00,1,00:15:00,100.0,0.0,2016-11-05T16:30:00Z,2016-11-05T22:00:00+05:30,2016-11-05T16:45:00Z,2016-11-05T22:15:00+05:30
91.4,,,False,5,no2,µg/m³,,raw,01:00:00,2016-11-05T16:00:00Z,2016-11-05T21:30:00+05:30,2016-11-05T17:00:00Z,2016-11-05T22:30:00+05:30,1,01:00:00,1,00:15:00,100.0,0.0,2016-11-05T16:45:00Z,2016-11-05T22:15:00+05:30,2016-11-05T17:00:00Z,2016-11-05T22:30:00+05:30
96.7,,,False,5,no2,µg/m³,,raw,01:00:00,2016-11-05T16:15:00Z,2016-11-05T21:45:00+05:30,2016-11-05T17:15:00Z,2016-11-05T22:45:00+05:30,1,01:00:00,1,00:15:00,100.0,0.0,2016-11-05T17:00:00Z,2016-11-05T22:30:00+05:30,2016-11-05T17:15:00Z,2016-11-05T22:45:00+05:30
98.4,,,False,5,no2,µg/m³,,raw,01:00:00,2016-11-05T16:30:00Z,2016-11-05T22:00:00+05:30,2016-11-05T17:30:00Z,2016-11-05T23:00:00+05:30,1,01:00:00,1,00:15:00,100.0,0.0,2016-11-05T17:15:00Z,2016-11-05T22:45:00+05:30,2016-11-05T17:30:00Z,2016-11-05T23:00:00+05:30
99.7,,,False,5,no2,µg/m³,,raw,01:00:00,2016-11-05T16:45:00Z,2016-11-05T22:15:00+05:30,2016-11-05T17:45:00Z,2016-11-05T23:15:00+05:30,1,01:00:00,1,00:15:00,100.0,0.0,2016-11-05T17:30:00Z,2016-11-05T23:00:00+05:30,2016-11-05T17:45:00Z,2016-11-05T23:15:00+05:30
91.7,,,False,5,no2,µg/m³,,raw,01:00:00,2016-11-05T17:00:00Z,2016-11-05T22:30:00+05:30,2016-11-05T18:00:00Z,2016-11-05T23:30:00+05:30,1,01:00:00,1,00:15:00,100.0,0.0,2016-11-05T17:45:00Z,2016-11-05T23:15:00+05:30,2016-11-05T18:00:00Z,2016-11-05T23:30:00+05:30
86.5,,,False,5,no2,µg/m³,,raw,01:00:00,2016-11-05T17:15:00Z,2016-11-05T22:45:00+05:30,2016-11-05T18:15:00Z,2016-11-05T23:45:00+05:30,1,01:00:00,1,00:15:00,100.0,0.0,2016-11-05T18:00:00Z,2016-11-05T23:30:00+05:30,2016-11-05T18:15:00Z,2016-11-05T23:45:00+05:30
80.8,,,False,5,no2,µg/m³,,raw,01:00:00,2016-11-05T17:30:00Z,2016-11-05T23:00:00+05:30,2016-11-05T18:30:00Z,2016-11-06T00:00:00+05:30,1,01:00:00,1,00:15:00,100.0,0.0,2016-11-05T18:15:00Z,2016-11-05T23:45:00+05:30,2016-11-05T18:30:00Z,2016-11-06T00:00:00+05:30
93.8,,,False,5,no2,µg/m³,,raw,01:00:00,2016-11-05T17:45:00Z,2016-11-05T23:15:00+05:30,2016-11-05T18:45:00Z,2016-11-06T00:15:00+05:30,1,01:00:00,1,00:15:00,100.0,0.0,2016-11-05T18:30:00Z,2016-11-06T00:00:00+05:30,2016-11-05T18:45:00Z,2016-11-06T00:15:00+05:30
93.7,,,False,5,no2,µg/m³,,raw,01:00:00,2016-11-05T18:00:00Z,2016-11-05T23:30:00+05:30,2016-11-05T19:00:00Z,2016-11-06T00:30:00+05:30,1,01:00:00,1,00:15:00,100.0,0.0,2016-11-05T18:45:00Z,2016-11-06T00:15:00+05:30,2016-11-05T19:00:00Z,2016-11-06T00:30:00+05:30
85.5,,,False,5,no2,µg/m³,,raw,01:00:00,2016-11-05T18:15:00Z,2016-11-05T23:45:00+05:30,2016-11-05T19:15:00Z,2016-11-06T00:45:00+05:30,1,01:00:00,1,00:15:00,100.0,0.0,2016-11-05T19:00:00Z,2016-11-06T00:30:00+05:30,2016-11-05T19:15:00Z,2016-11-06T00:45:00+05:30
81.6,,,False,5,no2,µg/m³,,raw,01:00:00,2016-11-05T18:30:00Z,2016-11-06T00:00:00+05:30,2016-11-05T19:30:00Z,2016-11-06T01:00:00+05:30,1,01:00:00,1,00:15:00,100.0,0.0,2016-11-05T19:15:00Z,2016-11-06T00:45:00+05:30,2016-11-05T19:30:00Z,2016-11-06T01:00:00+05:30
77.9,,,False,5,no2,µg/m³,,raw,01:00:00,2016-11-05T18:45:00Z,2016-11-06T00:15:00+05:30,2016-11-05T19:45:00Z,2016-11-06T01:15:00+05:30,1,01:00:00,1,00:15:00,100.0,0.0,2016-11-05T19:30:00Z,2016-11-06T01:00:00+05:30,2016-11-05T19:45:00Z,2016-11-06T01:15:00+05:30
75.9,,,False,5,no2,µg/m³,,raw,01:00:00,2016-11-05T19:00:00Z,2016-11-06T00:30:00+05:30,2016-11-05T20:00:00Z,2016-11-06T01:30:00+05:30,1,01:00:00,1,00:15:00,100.0,0.0,2016-11-05T19:45:00Z,2016-11-06T01:15:00+05:30,2016-11-05T20:00:00Z,2016-11-06T01:30:00+05:30
71.3,,,False,5,no2,µg/m³,,raw,01:00:00,2016-11-05T19:15:00Z,2016-11-06T00:45:00+05:30,2016-11-05T20:15:00Z,2016-11-06T01:45:00+05:30,1,01:00:00,1,00:15:00,100.0,0.0,2016-11-05T20:00:00Z,2016-11-06T01:30:00+05:30,2016-11-05T20:15:00Z,2016-11-06T01:45:00+05:30
68.7,,,False,5,no2,µg/m³,,raw,01:00:00,2016-11-05T19:30:00Z,2016-11-06T01:00:00+05:30,2016-11-05T20:30:00Z,2016-11-06T02:00:00+05:30,1,01:00:00,1,00:15:00,100.0,0.0,2016-11-05T20:15:00Z,2016-11-06T01:45:00+05:30,2016-11-05T20:30:00Z,2016-11-06T02:00:00+05:30
64.4,,,False,5,no2,µg/m³,,raw,01:00:00,2016-11-05T19:45:00Z,2016-11-06T01:15:00+05:30,2016-11-05T20:45:00Z,2016-11-06T02:15:00+05:30,1,01:00:00,1,00:15:00,100.0,0.0,2016-11-05T20:30:00Z,2016-11-06T02:00:00+05:30,2016-11-05T20:45:00Z,2016-11-06T02:15:00+05:30
61.6,,,False,5,no2,µg/m³,,raw,01:00:00,2016-11-05T20:00:00Z,2016-11-06T01:30:00+05:30,2016-11-05T21:00:00Z,2016-11-06T02:30:00+05:30,1,01:00:00,1,00:15:00,100.0,0.0,2016-11-05T20:45:00Z,2016-11-06T02:15:00+05:30,2016-11-05T21:00:00Z,2016-11-06T02:30:00+05:30
62.0,,,False,5,no2,µg/m³,,raw,01:00:00,2016-11-05T20:15:00Z,2016-11-06T01:45:00+05:30,2016-11-05T21:15:00Z,2016-11-06T02:45:00+05:30,1,01:00:00,1,00:15:00,100.0,0.0,2016-11-05T21:00:00Z,2016-11-06T02:30:00+05:30,2016-11-05T21:15:00Z,2016-11-06T02:45:00+05:30
62.4,,,False,5,no2,µg/m³,,raw,01:00:00,2016-11-05T20:30:00Z,2016-11-06T02:00:00+05:30,2016-11-05T21:30:00Z,2016-11-06T03:00:00+05:30,1,01:00:00,1,00:15:00,100.0,0.0,2016-11-05T21:15:00Z,2016-11-06T02:45:00+05:30,2016-11-05T21:30:00Z,2016-11-06T03:00:00+05:30
61.2,,,False,5,no2,µg/m³,,raw,01:00:00,2016-11-05T20:45:00Z,2016-11-06T02:15:00+05:30,2016-11-05T21:45:00Z,2016-11-06T03:15:00+05:30,1,01:00:00,1,00:15:00,100.0,0.0,2016-11-05T21:30:00Z,2016-11-06T03:00:00+05:30,2016-11-05T21:45:00Z,2016-11-06T03:15:00+05:30
60.3,,,False,5,no2,µg/m³,,raw,01:00:00,2016-11-05T21:00:00Z,2016-11-06T02:30:00+05:30,2016-11-05T22:00:00Z,2016-11-06T03:30:00+05:30,1,01:00:00,1,00:15:00,100.0,0.0,2016-11-05T21:45:00Z,2016-11-06T03:15:00+05:30,2016-11-05T22:00:00Z,2016-11-06T03:30:00+05:30
59.4,,,False,5,no2,µg/m³,,raw,01:00:00,2016-11-05T21:15:00Z,2016-11-06T02:45:00+05:30,2016-11-05T22:15:00Z,2016-11-06T03:45:00+05:30,1,01:00:00,1,00:15:00,100.0,0.0,2016-11-05T22:00:00Z,2016-11-06T03:30:00+05:30,2016-11-05T22:15:00Z,2016-11-06T03:45:00+05:30
58.2,,,False,5,no2,µg/m³,,raw,01:00:00,2016-11-05T21:30:00Z,2016-11-06T03:00:00+05:30,2016-11-05T22:30:00Z,2016-11-06T04:00:00+05:30,1,01:00:00,1,00:15:00,100.0,0.0,2016-11-05T22:15:00Z,2016-11-06T03:45:00+05:30,2016-11-05T22:30:00Z,2016-11-06T04:00:00+05:30
55.6,,,False,5,no2,µg/m³,,raw,01:00:00,2016-11-05T21:45:00Z,2016-11-06T03:15:00+05:30,2016-11-05T22:45:00Z,2016-11-06T04:15:00+05:30,1,01:00:00,1,00:15:00,100.0,0.0,2016-11-05T22:30:00Z,2016-11-06T04:00:00+05:30,2016-11-05T22:45:00Z,2016-11-06T04:15:00+05:30
53.2,,,False,5,no2,µg/m³,,raw,01:00:00,2016-11-05T22:00:00Z,2016-11-06T03:30:00+05:30,2016-11-05T23:00:00Z,2016-11-06T04:30:00+05:30,1,01:00:00,1,00:15:00,100.0,0.0,2016-11-05T22:45:00Z,2016-11-06T04:15:00+05:30,2016-11-05T23:00:00Z,2016-11-06T04:30:00+05:30
53.3,,,False,5,no2,µg/m³,,raw,01:00:00,2016-11-05T22:15:00Z,2016-11-06T03:45:00+05:30,2016-11-05T23:15:00Z,2016-11-06T04:45:00+05:30,1,01:00:00,1,00:15:00,100.0,0.0,2016-11-05T23:00:00Z,2016-11-06T04:30:00+05:30,2016-11-05T23:15:00Z,2016-11-06T04:45:00+05:30
52.9,,,False,5,no2,µg/m³,,raw,01:00:00,2016-11-05T22:30:00Z,2016-11-06T04:00:00+05:30,2016-11-05T23:30:00Z,2016-11-06T05:00:00+05:30,1,01:00:00,1,00:15:00,100.0,0.0,2016-11-05T23:15:00Z,2016-11-06T04:45:00+05:30,2016-11-05T23:30:00Z,2016-11-06T05:00:00+05:30
50.0,,,False,5,no2,µg/m³,,raw,01:00:00,2016-11-05T22:45:00Z,2016-11-06T04:15:00+05:30,2016-11-05T23:45:00Z,2016-11-06T05:15:00+05:30,1,01:00:00,1,00:15:00,100.0,0.0,2016-11-05T23:30:00Z,2016-11-06T05:00:00+05:30,2016-11-05T23:45:00Z,2016-11-06T05:15:00+05:30
48.8,,,False,5,no2,µg/m³,,raw,01:00:00,2016-11-05T23:00:00Z,2016-11-06T04:30:00+05:30,2016-11-06T00:00:00Z,2016-11-06T05:30:00+05:30,1,01:00:00,1,00:15:00,100.0,0.0,2016-11-05T23:45:00Z,2016-11-06T05:15:00+05:30,2016-11-06T00:00:00Z,2016-11-06T05:30:00+05:30
55.4,,,False,5,no2,µg/m³,,raw,01:00:00,2016-11-05T23:15:00Z,2016-11-06T04:45:00+05:30,2016-11-06T00:15:00Z,2016-11-06T05:45:00+05:30,1,01:00:00,1,00:15:00,100.0,0.0,2016-11-06T00:00:00Z,2016-11-06T05:30:00+05:30,2016-11-06T00:15:00Z,2016-11-06T05:45:00+05:30
50.5,,,False,5,no2,µg/m³,,raw,01:00:00,2016-11-05T23:30:00Z,2016-11-06T05:00:00+05:30,2016-11-06T00:30:00Z,2016-11-06T06:00:00+05:30,1,01:00:00,1,00:15:00,100.0,0.0,2016-11-06T00:15:00Z,2016-11-06T05:45:00+05:30,2016-11-06T00:30:00Z,2016-11-06T06:00:00+05:30
47.8,,,False,5,no2,µg/m³,,raw,01:00:00,2016-11-05T23:45:00Z,2016-11-06T05:15:00+05:30,2016-11-06T00:45:00Z,2016-11-06T06:15:00+05:30,1,01:00:00,1,00:15:00,100.0,0.0,2016-11-06T00:30:00Z,2016-11-06T06:00:00+05:30,2016-11-06T00:45:00Z,2016-11-06T06:15:00+05:30
47.0,,,False,5,no2,µg/m³,,raw,01:00:00,2016-11-06T00:00:00Z,2016-11-06T05:30:00+05:30,2016-11-06T01:00:00Z,2016-11-06T06:30:00+05:30,1,01:00:00,1,00:15:00,100.0,0.0,2016-11-06T00:45:00Z,2016-11-06T06:15:00+05:30,2016-11-06T01:00:00Z,2016-11-06T06:30:00+05:30
44.2,,,False,5,no2,µg/m³,,raw,01:00:00,2016-11-06T00:15:00Z,2016-11-06T05:45:00+05:30,2016-11-06T01:15:00Z,2016-11-06T06:45:00+05:30,1,01:00:00,1,00:15:00,100.0,0.0,2016-11-06T01:00:00Z,2016-11-06T06:30:00+05:30,2016-11-06T01:15:00Z,2016-11-06T06:45:00+05:30
46.4,,,False,5,no2,µg/m³,,raw,01:00:00,2016-11-06T00:30:00Z,2016-11-06T06:00:00+05:30,2016-11-06T01:30:00Z,2016-11-06T07:00:00+05:30,1,01:00:00,1,00:15:00,100.0,0.0,2016-11-06T01:15:00Z,2016-11-06T06:45:00+05:30,2016-11-06T01:30:00Z,2016-11-06T07:00:00+05:30
53.9,,,False,5,no2,µg/m³,,raw,01:00:00,2016-11-06T00:45:00Z,2016-11-06T06:15:00+05:30,2016-11-06T01:45:00Z,2016-11-06T07:15:00+05:30,1,01:00:00,1,00:15:00,100.0,0.0,2016-11-06T01:30:00Z,2016-11-06T07:00:00+05:30,2016-11-06T01:45:00Z,2016-11-06T07:15:00+05:30
59.3,,,False,5,no2,µg/m³,,raw,01:00:00,2016-11-06T01:00:00Z,2016-11-06T06:30:00+05:30,2016-11-06T02:00:00Z,2016-11-06T07:30:00+05:30,1,01:00:00,1,00:15:00,100.0,0.0,2016-11-06T01:45:00Z,2016-11-06T07:15:00+05:30,2016-11-06T02:00:00Z,2016-11-06T07:30:00+05:30
60.7,,,False,5,no2,µg/m³,,raw,01:00:00,2016-11-06T01:15:00Z,2016-11-06T06:45:00+05:30,2016-11-06T02:15:00Z,2016-11-06T07:45:00+05:30,1,01:00:00,1,00:15:00,100.0,0.0,2016-11-06T02:00:00Z,2016-11-06T07:30:00+05:30,2016-11-06T02:15:00Z,2016-11-06T07:45:00+05:30
61.8,,,False,5,no2,µg/m³,,raw,01:00:00,2016-11-06T01:30:00Z,2016-11-06T07:00:00+05:30,2016-11-06T02:30:00Z,2016-11-06T08:00:00+05:30,1,01:00:00,1,00:15:00,100.0,0.0,2016-11-06T02:15:00Z,2016-11-06T07:45:00+05:30,2016-11-06T02:30:00Z,2016-11-06T08:00:00+05:30
63.6,,,False,5,no2,µg/m³,,raw,01:00:00,2016-11-06T01:45:00Z,2016-11-06T07:15:00+05:30,2016-11-06T02:45:00Z,2016-11-06T08:15:00+05:30,1,01:00:00,1,00:15:00,100.0,0.0,2016-11-06T02:30:00Z,2016-11-06T08:00:00+05:30,2016-11-06T02:45:00Z,2016-11-06T08:15:00+05:30
67.5,,,False,5,no2,µg/m³,,raw,01:00:00,2016-11-06T02:00:00Z,2016-11-06T07:30:00+05:30,2016-11-06T03:00:00Z,2016-11-06T08:30:00+05:30,1,01:00:00,1,00:15:00,100.0,0.0,2016-11-06T02:45:00Z,2016-11-06T08:15:00+05:30,2016-11-06T03:00:00Z,2016-11-06T08:30:00+05:30
69.4,,,False,5,no2,µg/m³,,raw,01:00:00,2016-11-06T02:15:00Z,2016-11-06T07:45:00+05:30,2016-11-06T03:15:00Z,2016-11-06T08:45:00+05:30,1,01:00:00,1,00:15:00,100.0,0.0,2016-11-06T03:00:00Z,2016-11-06T08:30:00+05:30,2016-11-06T03:15:00Z,2016-11-06T08:45:00+05:30
69.4,,,False,5,no2,µg/m³,,raw,01:00:00,2016-11-06T02:30:00Z,2016-11-06T08:00:00+05:30,2016-11-06T03:30:00Z,2016-11-06T09:00:00+05:30,1,01:00:00,1,00:15:00,100.0,0.0,2016-11-06T03:15:00Z,2016-11-06T08:45:00+05:30,2016-11-06T03:30:00Z,2016-11-06T09:00:00+05:30
65.8,,,False,5,no2,µg/m³,,raw,01:00:00,2016-11-06T02:45:00Z,2016-11-06T08:15:00+05:30,2016-11-06T03:45:00Z,2016-11-06T09:15:00+05:30,1,01:00:00,1,00:15:00,100.0,0.0,2016-11-06T03:30:00Z,2016-11-06T09:00:00+05:30,2016-11-06T03:45:00Z,2016-11-06T09:15:00+05:30
64.7,,,False,5,no2,µg/m³,,raw,01:00:00,2016-11-06T03:00:00Z,2016-11-06T08:30:00+05:30,2016-11-06T04:00:00Z,2016-11-06T09:30:00+05:30,1,01:00:00,1,00:15:00,100.0,0.0,2016-11-06T03:45:00Z,2016-11-06T09:15:00+05:30,2016-11-06T04:00:00Z,2016-11-06T09:30:00+05:30
66.9,,,False,5,no2,µg/m³,,raw,01:00:00,2016-11-06T03:15:00Z,2016-11-06T08:45:00+05:30,2016-11-06T04:15:00Z,2016-11-06T09:45:00+05:30,1,01:00:00,1,00:15:00,100.0,0.0,2016-11-06T04:00:00Z,2016-11-06T09:30:00+05:30,2016-11-06T04:15:00Z,2016-11-06T09:45:00+05:30
69.7,,,False,5,no2,µg/m³,,raw,01:00:00,2016-11-06T03:30:00Z,2016-11-06T09:00:00+05:30,2016-11-06T04:30:00Z,2016-11-06T10:00:00+05:30,1,01:00:00,1,00:15:00,100.0,0.0,2016-11-06T04:15:00Z,2016-11-06T09:45:00+05:30,2016-11-06T04:30:00Z,2016-11-06T10:00:00+05:30
72.6,,,False,5,no2,µg/m³,,raw,01:00:00,2016-11-06T03:45:00Z,2016-11-06T09:15:00+05:30,2016-11-06T04:45:00Z,2016-11-06T10:15:00+05:30,1,01:00:00,1,00:15:00,100.0,0.0,2016-11-06T04:30:00Z,2016-11-06T10:00:00+05:30,2016-11-06T04:45:00Z,2016-11-06T10:15:00+05:30
73.8,,,False,5,no2,µg/m³,,raw,01:00:00,2016-11-06T04:00:00Z,2016-11-06T09:30:00+05:30,2016-11-06T05:00:00Z,2016-11-06T10:30:00+05:30,1,01:00:00,1,00:15:00,100.0,0.0,2016-11-06T04:45:00Z,2016-11-06T10:15:00+05:30,2016-11-06T05:00:00Z,2016-11-06T10:30:00+05:30
78.4,,,False,5,no2,µg/m³,,raw,01:00:00,2016-11-06T04:15:00Z,2016-11-06T09:45:00+05:30,2016-11-06T05:15:00Z,2016-11-06T10:45:00+05:30,1,01:00:00,1,00:15:00,100.0,0.0,2016-11-06T05:00:00Z,2016-11-06T10:30:00+05:30,2016-11-06T05:15:00Z,2016-11-06T10:45:00+05:30
85.7,,,False,5,no2,µg/m³,,raw,01:00:00,2016-11-06T04:30:00Z,2016-11-06T10:00:00+05:30,2016-11-06T05:30:00Z,2016-11-06T11:00:00+05:30,1,01:00:00,1,00:15:00,100.0,0.0,2016-11-06T05:15:00Z,2016-11-06T10:45:00+05:30,2016-11-06T05:30:00Z,2016-11-06T11:00:00+05:30
90.6,,,False,5,no2,µg/m³,,raw,01:00:00,2016-11-06T04:45:00Z,2016-11-06T10:15:00+05:30,2016-11-06T05:45:00Z,2016-11-06T11:15:00+05:30,1,01:00:00,1,00:15:00,100.0,0.0,2016-11-06T05:30:00Z,2016-11-06T11:00:00+05:30,2016-11-06T05:45:00Z,2016-11-06T11:15:00+05:30
81.5,,,False,5,no2,µg/m³,,raw,01:00:00,2016-11-06T05:00:00Z,2016-11-06T10:30:00+05:30,2016-11-06T06:00:00Z,2016-11-06T11:30:00+05:30,1,01:00:00,1,00:15:00,100.0,0.0,2016-11-06T05:45:00Z,2016-11-06T11:15:00+05:30,2016-11-06T06:00:00Z,2016-11-06T11:30:00+05:30
83.8,,,False,5,no2,µg/m³,,raw,01:00:00,2016-11-06T05:15:00Z,2016-11-06T10:45:00+05:30,2016-11-06T06:15:00Z,2016-11-06T11:45:00+05:30,1,01:00:00,1,00:15:00,100.0,0.0,2016-11-06T06:00:00Z,2016-11-06T11:30:00+05:30,2016-11-06T06:15:00Z,2016-11-06T11:45:00+05:30
87.3,,,False,5,no2,µg/m³,,raw,01:00:00,2016-11-06T05:30:00Z,2016-11-06T11:00:00+05:30,2016-11-06T06:30:00Z,2016-11-06T12:00:00+05:30,1,01:00:00,1,00:15:00,100.0,0.0,2016-11-06T06:15:00Z,2016-11-06T11:45:00+05:30,2016-11-06T06:30:00Z,2016-11-06T12:00:00+05:30
87.2,,,False,5,no2,µg/m³,,raw,01:00:00,2016-11-06T05:45:00Z,2016-11-06T11:15:00+05:30,2016-11-06T06:45:00Z,2016-11-06T12:15:00+05:30,1,01:00:00,1,00:15:00,100.0,0.0,2016-11-06T06:30:00Z,2016-11-06T12:00:00+05:30,2016-11-06T06:45:00Z,2016-11-06T12:15:00+05:30
87.2,,,False,5,no2,µg/m³,,raw,01:00:00,2016-11-06T06:00:00Z,2016-11-06T11:30:00+05:30,2016-11-06T07:00:00Z,2016-11-06T12:30:00+05:30,1,01:00:00,1,00:15:00,100.0,0.0,2016-11-06T06:45:00Z,2016-11-06T12:15:00+05:30,2016-11-06T07:00:00Z,2016-11-06T12:30:00+05:30
110.3,,,False,5,no2,µg/m³,,raw,01:00:00,2016-11-06T06:15:00Z,2016-11-06T11:45:00+05:30,2016-11-06T07:15:00Z,2016-11-06T12:45:00+05:30,1,01:00:00,1,00:15:00,100.0,0.0,2016-11-06T07:00:00Z,2016-11-06T12:30:00+05:30,2016-11-06T07:15:00Z,2016-11-06T12:45:00+05:30
130.4,,,False,5,no2,µg/m³,,raw,01:00:00,2016-11-06T06:30:00Z,2016-11-06T12:00:00+05:30,2016-11-06T07:30:00Z,2016-11-06T13:00:00+05:30,1,01:00:00,1,00:15:00,100.0,0.0,2016-11-06T07:15:00Z,2016-11-06T12:45:00+05:30,2016-11-06T07:30:00Z,2016-11-06T13:00:00+05:30
110.5,,,False,5,no2,µg/m³,,raw,01:00:00,2016-11-06T06:45:00Z,2016-11-06T12:15:00+05:30,2016-11-06T07:45:00Z,2016-11-06T13:15:00+05:30,1,01:00:00,1,00:15:00,100.0,0.0,2016-11-06T07:30:00Z,2016-11-06T13:00:00+05:30,2016-11-06T07:45:00Z,2016-11-06T13:15:00+05:30
107.0,,,False,5,no2,µg/m³,,raw,01:00:00,2016-11-06T07:00:00Z,2016-11-06T12:30:00+05:30,2016-11-06T08:00:00Z,2016-11-06T13:30:00+05:30,1,01:00:00,1,00:15:00,100.0,0.0,2016-11-06T07:45:00Z,2016-11-06T13:15:00+05:30,2016-11-06T08:00:00Z,2016-11-06T13:30:00+05:30
93.0,,,False,5,no2,µg/m³,,raw,01:00:00,2016-11-06T07:15:00Z,2016-11-06T12:45:00+05:30,2016-11-06T08:15:00Z,2016-11-06T13:45:00+05:30,1,01:00:00,1,00:15:00,100.0,0.0,2016-11-06T08:00:00Z,2016-11-06T13:30:00+05:30,2016-11-06T08:15:00Z,2016-11-06T13:45:00+05:30
79.9,,,False,5,no2,µg/m³,,raw,01:00:00,2016-11-06T07:30:00Z,2016-11-06T13:00:00+05:30,2016-11-06T08:30:00Z,2016-11-06T14:00:00+05:30,1,01:00:00,1,00:15:00,100.0,0.0,2016-11-06T08:15:00Z,2016-11-06T13:45:00+05:30,2016-11-06T08:30:00Z,2016-11-06T14:00:00+05:30
62.1,,,False,5,no2,µg/m³,,raw,01:00:00,2016-11-06T07:45:00Z,2016-11-06T13:15:00+05:30,2016-11-06T08:45:00Z,2016-11-06T14:15:00+05:30,1,01:00:00,1,00:15:00,100.0,0.0,2016-11-06T08:30:00Z,2016-11-06T14:00:00+05:30,2016-11-06T08:45:00Z,2016-11-06T14:15:00+05:30
138.4,,,False,5,no2,µg/m³,,raw,01:00:00,2016-11-06T08:00:00Z,2016-11-06T13:30:00+05:30,2016-11-06T09:00:00Z,2016-11-06T14:30:00+05:30,1,01:00:00,1,00:15:00,100.0,0.0,2016-11-06T08:45:00Z,2016-11-06T14:15:00+05:30,2016-11-06T09:00:00Z,2016-11-06T14:30:00+05:30
131.4,,,False,5,no2,µg/m³,,raw,01:00:00,2016-11-06T08:15:00Z,2016-11-06T13:45:00+05:30,2016-11-06T09:15:00Z,2016-11-06T14:45:00+05:30,1,01:00:00,1,00:15:00,100.0,0.0,2016-11-06T09:00:00Z,2016-11-06T14:30:00+05:30,2016-11-06T09:15:00Z,2016-11-06T14:45:00+05:30
139.1,,,False,5,no2,µg/m³,,raw,01:00:00,2016-11-06T08:30:00Z,2016-11-06T14:00:00+05:30,2016-11-06T09:30:00Z,2016-11-06T15:00:00+05:30,1,01:00:00,1,00:15:00,100.0,0.0,2016-11-06T09:15:00Z,2016-11-06T14:45:00+05:30,2016-11-06T09:30:00Z,2016-11-06T15:00:00+05:30
144.8,,,False,5,no2,µg/m³,,raw,01:00:00,2016-11-06T08:45:00Z,2016-11-06T14:15:00+05:30,2016-11-06T09:45:00Z,2016-11-06T15:15:00+05:30,1,01:00:00,1,00:15:00,100.0,0.0,2016-11-06T09:30:00Z,2016-11-06T15:00:00+05:30,2016-11-06T09:45:00Z,2016-11-06T15:15:00+05:30
133.7,,,False,5,no2,µg/m³,,raw,01:00:00,2016-11-06T09:00:00Z,2016-11-06T14:30:00+05:30,2016-11-06T10:00:00Z,2016-11-06T15:30:00+05:30,1,01:00:00,1,00:15:00,100.0,0.0,2016-11-06T09:45:00Z,2016-11-06T15:15:00+05:30,2016-11-06T10:00:00Z,2016-11-06T15:30:00+05:30
133.3,,,False,5,no2,µg/m³,,raw,01:00:00,2016-11-06T09:15:00Z,2016-11-06T14:45:00+05:30,2016-11-06T10:15:00Z,2016-11-06T15:45:00+05:30,1,01:00:00,1,00:15:00,100.0,0.0,2016-11-06T10:00:00Z,2016-11-06T15:30:00+05:30,2016-11-06T10:15:00Z,2016-11-06T15:45:00+05:30
118.7,,,False,5,no2,µg/m³,,raw,01:00:00,2016-11-06T09:30:00Z,2016-11-06T15:00:00+05:30,2016-11-06T10:30:00Z,2016-11-06T16:00:00+05:30,1,01:00:00,1,00:15:00,100.0,0.0,2016-11-06T10:15:00Z,2016-11-06T15:45:00+05:30,2016-11-06T10:30:00Z,2016-11-06T16:00:00+05:30
91.7,,,False,5,no2,µg/m³,,raw,01:00:00,2016-11-06T09:45:00Z,2016-11-06T15:15:00+05:30,2016-11-06T10:45:00Z,2016-11-06T16:15:00+05:30,1,01:00:00,1,00:15:00,100.0,0.0,2016-11-06T10:30:00Z,2016-11-06T16:00:00+05:30,2016-11-06T10:45:00Z,2016-11-06T16:15:00+05:30
90.8,,,False,5,no2,µg/m³,,raw,01:00:00,2016-11-06T10:00:00Z,2016-11-06T15:30:00+05:30,2016-11-06T11:00:00Z,2016-11-06T16:30:00+05:30,1,01:00:00,1,00:15:00,100.0,0.0,2016-11-06T10:45:00Z,2016-11-06T16:15:00+05:30,2016-11-06T11:00:00Z,2016-11-06T16:30:00+05:30
91.3,,,False,5,no2,µg/m³,,raw,01:00:00,2016-11-06T10:15:00Z,2016-11-06T15:45:00+05:30,2016-11-06T11:15:00Z,2016-11-06T16:45:00+05:30,1,01:00:00,1,00:15:00,100.0,0.0,2016-11-06T11:00:00Z,2016-11-06T16:30:00+05:30,2016-11-06T11:15:00Z,2016-11-06T16:45:00+05:30
87.4,,,False,5,no2,µg/m³,,raw,01:00:00,2016-11-06T10:30:00Z,2016-11-06T16:00:00+05:30,2016-11-06T11:30:00Z,2016-11-06T17:00:00+05:30,1,01:00:00,1,00:15:00,100.0,0.0,2016-11-06T11:15:00Z,2016-11-06T16:45:00+05:30,2016-11-06T11:30:00Z,2016-11-06T17:00:00+05:30
90.0,,,False,5,no2,µg/m³,,raw,01:00:00,2016-11-06T10:45:00Z,2016-11-06T16:15:00+05:30,2016-11-06T11:45:00Z,2016-11-06T17:15:00+05:30,1,01:00:00,1,00:15:00,100.0,0.0,2016-11-06T11:30:00Z,2016-11-06T17:00:00+05:30,2016-11-06T11:45:00Z,2016-11-06T17:15:00+05:30
86.9,,,False,5,no2,µg/m³,,raw,01:00:00,2016-11-06T11:00:00Z,2016-11-06T16:30:00+05:30,2016-11-06T12:00:00Z,2016-11-06T17:30:00+05:30,1,01:00:00,1,00:15:00,100.0,0.0,2016-11-06T11:45:00Z,2016-11-06T17:15:00+05:30,2016-11-06T12:00:00Z,2016-11-06T17:30:00+05:30
82.9,,,False,5,no2,µg/m³,,raw,01:00:00,2016-11-06T11:15:00Z,2016-11-06T16:45:00+05:30,2016-11-06T12:15:00Z,2016-11-06T17:45:00+05:30,1,01:00:00,1,00:15:00,100.0,0.0,2016-11-06T12:00:00Z,2016-11-06T17:30:00+05:30,2016-11-06T12:15:00Z,2016-11-06T17:45:00+05:30
96.6,,,False,5,no2,µg/m³,,raw,01:00:00,2016-11-06T11:30:00Z,2016-11-06T17:00:00+05:30,2016-11-06T12:30:00Z,2016-11-06T18:00:00+05:30,1,01:00:00,1,00:15:00,100.0,0.0,2016-11-06T12:15:00Z,2016-11-06T17:45:00+05:30,2016-11-06T12:30:00Z,2016-11-06T18:00:00+05:30
111.2,,,False,5,no2,µg/m³,,raw,01:00:00,2016-11-06T11:45:00Z,2016-11-06T17:15:00+05:30,2016-11-06T12:45:00Z,2016-11-06T18:15:00+05:30,1,01:00:00,1,00:15:00,100.0,0.0,2016-11-06T12:30:00Z,2016-11-06T18:00:00+05:30,2016-11-06T12:45:00Z,2016-11-06T18:15:00+05:30
113.9,,,False,5,no2,µg/m³,,raw,01:00:00,2016-11-06T12:00:00Z,2016-11-06T17:30:00+05:30,2016-11-06T13:00:00Z,2016-11-06T18:30:00+05:30,1,01:00:00,1,00:15:00,100.0,0.0,2016-11-06T12:45:00Z,2016-11-06T18:15:00+05:30,2016-11-06T13:00:00Z,2016-11-06T18:30:00+05:30
107.4,,,False,5,no2,µg/m³,,raw,01:00:00,2016-11-06T12:15:00Z,2016-11-06T17:45:00+05:30,2016-11-06T13:15:00Z,2016-11-06T18:45:00+05:30,1,01:00:00,1,00:15:00,100.0,0.0,2016-11-06T13:00:00Z,2016-11-06T18:30:00+05:30,2016-11-06T13:15:00Z,2016-11-06T18:45:00+05:30
127.7,,,False,5,no2,µg/m³,,raw,01:00:00,2016-11-06T12:30:00Z,2016-11-06T18:00:00+05:30,2016-11-06T13:30:00Z,2016-11-06T19:00:00+05:30,1,01:00:00,1,00:15:00,100.0,0.0,2016-11-06T13:15:00Z,2016-11-06T18:45:00+05:30,2016-11-06T13:30:00Z,2016-11-06T19:00:00+05:30
118.8,,,False,5,no2,µg/m³,,raw,01:00:00,2016-11-06T12:45:00Z,2016-11-06T18:15:00+05:30,2016-11-06T13:45:00Z,2016-11-06T19:15:00+05:30,1,01:00:00,1,00:15:00,100.0,0.0,2016-11-06T13:30:00Z,2016-11-06T19:00:00+05:30,2016-11-06T13:45:00Z,2016-11-06T19:15:00+05:30
108.3,,,False,5,no2,µg/m³,,raw,01:00:00,2016-11-06T13:00:00Z,2016-11-06T18:30:00+05:30,2016-11-06T14:00:00Z,2016-11-06T19:30:00+05:30,1,01:00:00,1,00:15:00,100.0,0.0,2016-11-06T13:45:00Z,2016-11-06T19:15:00+05:30,2016-11-06T14:00:00Z,2016-11-06T19:30:00+05:30
112.8,,,False,5,no2,µg/m³,,raw,01:00:00,2016-11-06T13:15:00Z,2016-11-06T18:45:00+05:30,2016-11-06T14:15:00Z,2016-11-06T19:45:00+05:30,1,01:00:00,1,00:15:00,100.0,0.0,2016-11-06T14:00:00Z,2016-11-06T19:30:00+05:30,2016-11-06T14:15:00Z,2016-11-06T19:45:00+05:30
113.8,,,False,5,no2,µg/m³,,raw,01:00:00,2016-11-06T13:30:00Z,2016-11-06T19:00:00+05:30,2016-11-06T14:30:00Z,2016-11-06T20:00:00+05:30,1,01:00:00,1,00:15:00,100.0,0.0,2016-11-06T14:15:00Z,2016-11-06T19:45:00+05:30,2016-11-06T14:30:00Z,2016-11-06T20:00:00+05:30
117.8,,,False,5,no2,µg/m³,,raw,01:00:00,2016-11-06T13:45:00Z,2016-11-06T19:15:00+05:30,2016-11-06T14:45:00Z,2016-11-06T20:15:00+05:30,1,01:00:00,1,00:15:00,100.0,0.0,2016-11-06T14:30:00Z,2016-11-06T20:00:00+05:30,2016-11-06T14:45:00Z,2016-11-06T20:15:00+05:30
120.7,,,False,5,no2,µg/m³,,raw,01:00:00,2016-11-06T14:00:00Z,2016-11-06T19:30:00+05:30,2016-11-06T15:00:00Z,2016-11-06T20:30:00+05:30,1,01:00:00,1,00:15:00,100.0,0.0,2016-11-06T14:45:00Z,2016-11-06T20:15:00+05:30,2016-11-06T15:00:00Z,2016-11-06T20:30:00+05:30
110.4,,,False,5,no2,µg/m³,,raw,01:00:00,2016-11-06T14:15:00Z,2016-11-06T19:45:00+05:30,2016-11-06T15:15:00Z,2016-11-06T20:45:00+05:30,1,01:00:00,1,00:15:00,100.0,0.0,2016-11-06T15:00:00Z,2016-11-06T20:30:00+05:30,2016-11-06T15:15:00Z,2016-11-06T20:45:00+05:30
104.2,,,False,5,no2,µg/m³,,raw,01:00:00,2016-11-06T14:30:00Z,2016-11-06T20:00:00+05:30,2016-11-06T15:30:00Z,2016-11-06T21:00:00+05:30,1,01:00:00,1,00:15:00,100.0,0.0,2016-11-06T15:15:00Z,2016-11-06T20:45:00+05:30,2016-11-06T15:30:00Z,2016-11-06T21:00:00+05:30
101.7,,,False,5,no2,µg/m³,,raw,01:00:00,2016-11-06T14:45:00Z,2016-11-06T20:15:00+05:30,2016-11-06T15:45:00Z,2016-11-06T21:15:00+05:30,1,01:00:00,1,00:15:00,100.0,0.0,2016-11-06T15:30:00Z,2016-11-06T21:00:00+05:30,2016-11-06T15:45:00Z,2016-11-06T21:15:00+05:30
97.0,,,False,5,no2,µg/m³,,raw,01:00:00,2016-11-06T15:00:00Z,2016-11-06T20:30:00+05:30,2016-11-06T16:00:00Z,2016-11-06T21:30:00+05:30,1,01:00:00,1,00:15:00,100.0,0.0,2016-11-06T15:45:00Z,2016-11-06T21:15:00+05:30,2016-11-06T16:00:00Z,2016-11-06T21:30:00+05:30
95.7,,,False,5,no2,µg/m³,,raw,01:00:00,2016-11-06T15:15:00Z,2016-11-06T20:45:00+05:30,2016-11-06T16:15:00Z,2016-11-06T21:45:00+05:30,1,01:00:00,1,00:15:00,100.0,0.0,2016-11-06T16:00:00Z,2016-11-06T21:30:00+05:30,2016-11-06T16:15:00Z,2016-11-06T21:45:00+05:30
93.1,,,False,5,no2,µg/m³,,raw,01:00:00,2016-11-06T15:30:00Z,2016-11-06T21:00:00+05:30,2016-11-06T16:30:00Z,2016-11-06T22:00:00+05:30,1,01:00:00,1,00:15:00,100.0,0.0,2016-11-06T16:15:00Z,2016-11-06T21:45:00+05:30,2016-11-06T16:30:00Z,2016-11-06T22:00:00+05:30
89.8,,,False,5,no2,µg/m³,,raw,01:00:00,2016-11-06T15:45:00Z,2016-11-06T21:15:00+05:30,2016-11-06T16:45:00Z,2016-11-06T22:15:00+05:30,1,01:00:00,1,00:15:00,100.0,0.0,2016-11-06T16:30:00Z,2016-11-06T22:00:00+05:30,2016-11-06T16:45:00Z,2016-11-06T22:15:00+05:30
82.8,,,False,5,no2,µg/m³,,raw,01:00:00,2016-11-06T16:00:00Z,2016-11-06T21:30:00+05:30,2016-11-06T17:00:00Z,2016-11-06T22:30:00+05:30,1,01:00:00,1,00:15:00,100.0,0.0,2016-11-06T16:45:00Z,2016-11-06T22:15:00+05:30,2016-11-06T17:00:00Z,2016-11-06T22:30:00+05:30
87.3,,,False,5,no2,µg/m³,,raw,01:00:00,2016-11-06T16:15:00Z,2016-11-06T21:45:00+05:30,2016-11-06T17:15:00Z,2016-11-06T22:45:00+05:30,1,01:00:00,1,00:15:00,100.0,0.0,2016-11-06T17:00:00Z,2016-11-06T22:30:00+05:30,2016-11-06T17:15:00Z,2016-11-06T22:45:00+05:30
85.6,,,False,5,no2,µg/m³,,raw,01:00:00,2016-11-06T16:30:00Z,2016-11-06T22:00:00+05:30,2016-11-06T17:30:00Z,2016-11-06T23:00:00+05:30,1,01:00:00,1,00:15:00,100.0,0.0,2016-11-06T17:15:00Z,2016-11-06T22:45:00+05:30,2016-11-06T17:30:00Z,2016-11-06T23:00:00+05:30
82.6,,,False,5,no2,µg/m³,,raw,01:00:00,2016-11-06T16:45:00Z,2016-11-06T22:15:00+05:30,2016-11-06T17:45:00Z,2016-11-06T23:15:00+05:30,1,01:00:00,1,00:15:00,100.0,0.0,2016-11-06T17:30:00Z,2016-11-06T23:00:00+05:30,2016-11-06T17:45:00Z,2016-11-06T23:15:00+05:30
85.9,,,False,5,no2,µg/m³,,raw,01:00:00,2016-11-06T17:00:00Z,2016-11-06T22:30:00+05:30,2016-11-06T18:00:00Z,2016-11-06T23:30:00+05:30,1,01:00:00,1,00:15:00,100.0,0.0,2016-11-06T17:45:00Z,2016-11-06T23:15:00+05:30,2016-11-06T18:00:00Z,2016-11-06T23:30:00+05:30
79.7,,,False,5,no2,µg/m³,,raw,01:00:00,2016-11-06T17:15:00Z,2016-11-06T22:45:00+05:30,2016-11-06T18:15:00Z,2016-11-06T23:45:00+05:30,1,01:00:00,1,00:15:00,100.0,0.0,2016-11-06T18:00:00Z,2016-11-06T23:30:00+05:30,2016-11-06T18:15:00Z,2016-11-06T23:45:00+05:30
6.4,,,False,5,no2,µg/m³,,raw,01:00:00,2016-11-06T17:30:00Z,2016-11-06T23:00:00+05:30,2016-11-06T18:30:00Z,2016-11-07T00:00:00+05:30,1,01:00:00,1,00:15:00,100.0,0.0,2016-11-06T18:15:00Z,2016-11-06T23:45:00+05:30,2016-11-06T18:30:00Z,2016-11-07T00:00:00+05:30
79.6,,,False,5,no2,µg/m³,,raw,01:00:00,2016-11-06T17:45:00Z,2016-11-06T23:15:00+05:30,2016-11-06T18:45:00Z,2016-11-07T00:15:00+05:30,1,01:00:00,1,00:15:00,100.0,0.0,2016-11-06T18:30:00Z,2016-11-07T00:00:00+05:30,2016-11-06T18:45:00Z,2016-11-07T00:15:00+05:30
80.0,,,False,5,no2,µg/m³,,raw,01:00:00,2016-11-06T18:00:00Z,2016-11-06T23:30:00+05:30,2016-11-06T19:00:00Z,2016-11-07T00:30:00+05:30,1,01:00:00,1,00:15:00,100.0,0.0,2016-11-06T18:45:00Z,2016-11-07T00:15:00+05:30,2016-11-06T19:00:00Z,2016-11-07T00:30:00+05:30
77.9,,,False,5,no2,µg/m³,,raw,01:00:00,2016-11-06T18:15:00Z,2016-11-06T23:45:00+05:30,2016-11-06T19:15:00Z,2016-11-07T00:45:00+05:30,1,01:00:00,1,00:15:00,100.0,0.0,2016-11-06T19:00:00Z,2016-11-07T00:30:00+05:30,2016-11-06T19:15:00Z,2016-11-07T00:45:00+05:30
71.6,,,False,5,no2,µg/m³,,raw,01:00:00,2016-11-06T18:30:00Z,2016-11-07T00:00:00+05:30,2016-11-06T19:30:00Z,2016-11-07T01:00:00+05:30,1,01:00:00,1,00:15:00,100.0,0.0,2016-11-06T19:15:00Z,2016-11-07T00:45:00+05:30,2016-11-06T19:30:00Z,2016-11-07T01:00:00+05:30
69.4,,,False,5,no2,µg/m³,,raw,01:00:00,2016-11-06T18:45:00Z,2016-11-07T00:15:00+05:30,2016-11-06T19:45:00Z,2016-11-07T01:15:00+05:30,1,01:00:00,1,00:15:00,100.0,0.0,2016-11-06T19:30:00Z,2016-11-07T01:00:00+05:30,2016-11-06T19:45:00Z,2016-11-07T01:15:00+05:30
65.5,,,False,5,no2,µg/m³,,raw,01:00:00,2016-11-06T19:00:00Z,2016-11-07T00:30:00+05:30,2016-11-06T20:00:00Z,2016-11-07T01:30:00+05:30,1,01:00:00,1,00:15:00,100.0,0.0,2016-11-06T19:45:00Z,2016-11-07T01:15:00+05:30,2016-11-06T20:00:00Z,2016-11-07T01:30:00+05:30
60.7,,,False,5,no2,µg/m³,,raw,01:00:00,2016-11-06T19:15:00Z,2016-11-07T00:45:00+05:30,2016-11-06T20:15:00Z,2016-11-07T01:45:00+05:30,1,01:00:00,1,00:15:00,100.0,0.0,2016-11-06T20:00:00Z,2016-11-07T01:30:00+05:30,2016-11-06T20:15:00Z,2016-11-07T01:45:00+05:30
58.1,,,False,5,no2,µg/m³,,raw,01:00:00,2016-11-06T19:30:00Z,2016-11-07T01:00:00+05:30,2016-11-06T20:30:00Z,2016-11-07T02:00:00+05:30,1,01:00:00,1,00:15:00,100.0,0.0,2016-11-06T20:15:00Z,2016-11-07T01:45:00+05:30,2016-11-06T20:30:00Z,2016-11-07T02:00:00+05:30
58.1,,,False,5,no2,µg/m³,,raw,01:00:00,2016-11-06T19:45:00Z,2016-11-07T01:15:00+05:30,2016-11-06T20:45:00Z,2016-11-07T02:15:00+05:30,1,01:00:00,1,00:15:00,100.0,0.0,2016-11-06T20:30:00Z,2016-11-07T02:00:00+05:30,2016-11-06T20:45:00Z,2016-11-07T02:15:00+05:30
56.5,,,False,5,no2,µg/m³,,raw,01:00:00,2016-11-06T20:00:00Z,2016-11-07T01:30:00+05:30,2016-11-06T21:00:00Z,2016-11-07T02:30:00+05:30,1,01:00:00,1,00:15:00,100.0,0.0,2016-11-06T20:45:00Z,2016-11-07T02:15:00+05:30,2016-11-06T21:00:00Z,2016-11-07T02:30:00+05:30
5.9,,,False,5,no2,µg/m³,,raw,01:00:00,2016-11-07T10:45:00Z,2016-11-07T16:15:00+05:30,2016-11-07T11:45:00Z,2016-11-07T17:15:00+05:30,1,01:00:00,1,00:15:00,100.0,0.0,2016-11-07T11:30:00Z,2016-11-07T17:00:00+05:30,2016-11-07T11:45:00Z,2016-11-07T17:15:00+05:30
13.3,,,False,5,no2,µg/m³,,raw,01:00:00,2016-11-07T11:00:00Z,2016-11-07T16:30:00+05:30,2016-11-07T12:00:00Z,2016-11-07T17:30:00+05:30,1,01:00:00,1,00:15:00,100.0,0.0,2016-11-07T11:45:00Z,2016-11-07T17:15:00+05:30,2016-11-07T12:00:00Z,2016-11-07T17:30:00+05:30
12.6,,,False,5,no2,µg/m³,,raw,01:00:00,2016-11-07T11:15:00Z,2016-11-07T16:45:00+05:30,2016-11-07T12:15:00Z,2016-11-07T17:45:00+05:30,1,01:00:00,1,00:15:00,100.0,0.0,2016-11-07T12:00:00Z,2016-11-07T17:30:00+05:30,2016-11-07T12:15:00Z,2016-11-07T17:45:00+05:30
11.2,,,False,5,no2,µg/m³,,raw,01:00:00,2016-11-07T11:30:00Z,2016-11-07T17:00:00+05:30,2016-11-07T12:30:00Z,2016-11-07T18:00:00+05:30,1,01:00:00,1,00:15:00,100.0,0.0,2016-11-07T12:15:00Z,2016-11-07T17:45:00+05:30,2016-11-07T12:30:00Z,2016-11-07T18:00:00+05:30
10.6,,,False,5,no2,µg/m³,,raw,01:00:00,2016-11-07T11:45:00Z,2016-11-07T17:15:00+05:30,2016-11-07T12:45:00Z,2016-11-07T18:15:00+05:30,1,01:00:00,1,00:15:00,100.0,0.0,2016-11-07T12:30:00Z,2016-11-07T18:00:00+05:30,2016-11-07T12:45:00Z,2016-11-07T18:15:00+05:30
10.3,,,False,5,no2,µg/m³,,raw,01:00:00,2016-11-07T12:00:00Z,2016-11-07T17:30:00+05:30,2016-11-07T13:00:00Z,2016-11-07T18:30:00+05:30,1,01:00:00,1,00:15:00,100.0,0.0,2016-11-07T12:45:00Z,2016-11-07T18:15:00+05:30,2016-11-07T13:00:00Z,2016-11-07T18:30:00+05:30
9.0,,,False,5,no2,µg/m³,,raw,01:00:00,2016-11-07T12:15:00Z,2016-11-07T17:45:00+05:30,2016-11-07T13:15:00Z,2016-11-07T18:45:00+05:30,1,01:00:00,1,00:15:00,100.0,0.0,2016-11-07T13:00:00Z,2016-11-07T18:30:00+05:30,2016-11-07T13:15:00Z,2016-11-07T18:45:00+05:30
8.1,,,False,5,no2,µg/m³,,raw,01:00:00,2016-11-07T12:30:00Z,2016-11-07T18:00:00+05:30,2016-11-07T13:30:00Z,2016-11-07T19:00:00+05:30,1,01:00:00,1,00:15:00,100.0,0.0,2016-11-07T13:15:00Z,2016-11-07T18:45:00+05:30,2016-11-07T13:30:00Z,2016-11-07T19:00:00+05:30
8.6,,,False,5,no2,µg/m³,,raw,01:00:00,2016-11-07T12:45:00Z,2016-11-07T18:15:00+05:30,2016-11-07T13:45:00Z,2016-11-07T19:15:00+05:30,1,01:00:00,1,00:15:00,100.0,0.0,2016-11-07T13:30:00Z,2016-11-07T19:00:00+05:30,2016-11-07T13:45:00Z,2016-11-07T19:15:00+05:30
7.1,,,False,5,no2,µg/m³,,raw,01:00:00,2016-11-07T13:00:00Z,2016-11-07T18:30:00+05:30,2016-11-07T14:00:00Z,2016-11-07T19:30:00+05:30,1,01:00:00,1,00:15:00,100.0,0.0,2016-11-07T13:45:00Z,2016-11-07T19:15:00+05:30,2016-11-07T14:00:00Z,2016-11-07T19:30:00+05:30
10.6,,,False,5,no2,µg/m³,,raw,01:00:00,2016-11-07T13:15:00Z,2016-11-07T18:45:00+05:30,2016-11-07T14:15:00Z,2016-11-07T19:45:00+05:30,1,01:00:00,1,00:15:00,100.0,0.0,2016-11-07T14:00:00Z,2016-11-07T19:30:00+05:30,2016-11-07T14:15:00Z,2016-11-07T19:45:00+05:30
9.2,,,False,5,no2,µg/m³,,raw,01:00:00,2016-11-07T13:30:00Z,2016-11-07T19:00:00+05:30,2016-11-07T14:30:00Z,2016-11-07T20:00:00+05:30,1,01:00:00,1,00:15:00,100.0,0.0,2016-11-07T14:15:00Z,2016-11-07T19:45:00+05:30,2016-11-07T14:30:00Z,2016-11-07T20:00:00+05:30
9.5,,,False,5,no2,µg/m³,,raw,01:00:00,2016-11-07T13:45:00Z,2016-11-07T19:15:00+05:30,2016-11-07T14:45:00Z,2016-11-07T20:15:00+05:30,1,01:00:00,1,00:15:00,100.0,0.0,2016-11-07T14:30:00Z,2016-11-07T20:00:00+05:30,2016-11-07T14:45:00Z,2016-11-07T20:15:00+05:30
9.5,,,False,5,no2,µg/m³,,raw,01:00:00,2016-11-07T14:00:00Z,2016-11-07T19:30:00+05:30,2016-11-07T15:00:00Z,2016-11-07T20:30:00+05:30,1,01:00:00,1,00:15:00,100.0,0.0,2016-11-07T14:45:00Z,2016-11-07T20:15:00+05:30,2016-11-07T15:00:00Z,2016-11-07T20:30:00+05:30
9.8,,,False,5,no2,µg/m³,,raw,01:00:00,2016-11-07T14:15:00Z,2016-11-07T19:45:00+05:30,2016-11-07T15:15:00Z,2016-11-07T20:45:00+05:30,1,01:00:00,1,00:15:00,100.0,0.0,2016-11-07T15:00:00Z,2016-11-07T20:30:00+05:30,2016-11-07T15:15:00Z,2016-11-07T20:45:00+05:30
10.1,,,False,5,no2,µg/m³,,raw,01:00:00,2016-11-07T14:30:00Z,2016-11-07T20:00:00+05:30,2016-11-07T15:30:00Z,2016-11-07T21:00:00+05:30,1,01:00:00,1,00:15:00,100.0,0.0,2016-11-07T15:15:00Z,2016-11-07T20:45:00+05:30,2016-11-07T15:30:00Z,2016-11-07T21:00:00+05:30
8.8,,,False,5,no2,µg/m³,,raw,01:00:00,2016-11-07T14:45:00Z,2016-11-07T20:15:00+05:30,2016-11-07T15:45:00Z,2016-11-07T21:15:00+05:30,1,01:00:00,1,00:15:00,100.0,0.0,2016-11-07T15:30:00Z,2016-11-07T21:00:00+05:30,2016-11-07T15:45:00Z,2016-11-07T21:15:00+05:30
9.2,,,False,5,no2,µg/m³,,raw,01:00:00,2016-11-07T15:00:00Z,2016-11-07T20:30:00+05:30,2016-11-07T16:00:00Z,2016-11-07T21:30:00+05:30,1,01:00:00,1,00:15:00,100.0,0.0,2016-11-07T15:45:00Z,2016-11-07T21:15:00+05:30,2016-11-07T16:00:00Z,2016-11-07T21:30:00+05:30
8.8,,,False,5,no2,µg/m³,,raw,01:00:00,2016-11-07T15:15:00Z,2016-11-07T20:45:00+05:30,2016-11-07T16:15:00Z,2016-11-07T21:45:00+05:30,1,01:00:00,1,00:15:00,100.0,0.0,2016-11-07T16:00:00Z,2016-11-07T21:30:00+05:30,2016-11-07T16:15:00Z,2016-11-07T21:45:00+05:30
6.4,,,False,5,no2,µg/m³,,raw,01:00:00,2016-11-07T15:30:00Z,2016-11-07T21:00:00+05:30,2016-11-07T16:30:00Z,2016-11-07T22:00:00+05:30,1,01:00:00,1,00:15:00,100.0,0.0,2016-11-07T16:15:00Z,2016-11-07T21:45:00+05:30,2016-11-07T16:30:00Z,2016-11-07T22:00:00+05:30
6.0,,,False,5,no2,µg/m³,,raw,01:00:00,2016-11-07T15:45:00Z,2016-11-07T21:15:00+05:30,2016-11-07T16:45:00Z,2016-11-07T22:15:00+05:30,1,01:00:00,1,00:15:00,100.0,0.0,2016-11-07T16:30:00Z,2016-11-07T22:00:00+05:30,2016-11-07T16:45:00Z,2016-11-07T22:15:00+05:30
7.2,,,False,5,no2,µg/m³,,raw,01:00:00,2016-11-07T16:00:00Z,2016-11-07T21:30:00+05:30,2016-11-07T17:00:00Z,2016-11-07T22:30:00+05:30,1,01:00:00,1,00:15:00,100.0,0.0,2016-11-07T16:45:00Z,2016-11-07T22:15:00+05:30,2016-11-07T17:00:00Z,2016-11-07T22:30:00+05:30
6.8,,,False,5,no2,µg/m³,,raw,01:00:00,2016-11-07T16:15:00Z,2016-11-07T21:45:00+05:30,2016-11-07T17:15:00Z,2016-11-07T22:45:00+05:30,1,01:00:00,1,00:15:00,100.0,0.0,2016-11-07T17:00:00Z,2016-11-07T22:30:00+05:30,2016-11-07T17:15:00Z,2016-11-07T22:45:00+05:30
5.0,,,False,5,no2,µg/m³,,raw,01:00:00,2016-11-07T16:30:00Z,2016-11-07T22:00:00+05:30,2016-11-07T17:30:00Z,2016-11-07T23:00:00+05:30,1,01:00:00,1,00:15:00,100.0,0.0,2016-11-07T17:15:00Z,2016-11-07T22:45:00+05:30,2016-11-07T17:30:00Z,2016-11-07T23:00:00+05:30
5.0,,,False,5,no2,µg/m³,,raw,01:00:00,2016-11-07T16:45:00Z,2016-11-07T22:15:00+05:30,2016-11-07T17:45:00Z,2016-11-07T23:15:00+05:30,1,01:00:00,1,00:15:00,100.0,0.0,2016-11-07T17:30:00Z,2016-11-07T23:00:00+05:30,2016-11-07T17:45:00Z,2016-11-07T23:15:00+05:30
5.7,,,False,5,no2,µg/m³,,raw,01:00:00,2016-11-07T17:00:00Z,2016-11-07T22:30:00+05:30,2016-11-07T18:00:00Z,2016-11-07T23:30:00+05:30,1,01:00:00,1,00:15:00,100.0,0.0,2016-11-07T17:45:00Z,2016-11-07T23:15:00+05:30,2016-11-07T18:00:00Z,2016-11-07T23:30:00+05:30
6.4,,,False,5,no2,µg/m³,,raw,01:00:00,2016-11-07T17:15:00Z,2016-11-07T22:45:00+05:30,2016-11-07T18:15:00Z,2016-11-07T23:45:00+05:30,1,01:00:00,1,00:15:00,100.0,0.0,2016-11-07T18:00:00Z,2016-11-07T23:30:00+05:30,2016-11-07T18:15:00Z,2016-11-07T23:45:00+05:30
83.3,,,False,5,no2,µg/m³,,raw,01:00:00,2016-11-07T17:30:00Z,2016-11-07T23:00:00+05:30,2016-11-07T18:30:00Z,2016-11-08T00:00:00+05:30,1,01:00:00,1,00:15:00,100.0,0.0,2016-11-07T18:15:00Z,2016-11-07T23:45:00+05:30,2016-11-07T18:30:00Z,2016-11-08T00:00:00+05:30
6.3,,,False,5,no2,µg/m³,,raw,01:00:00,2016-11-07T17:45:00Z,2016-11-07T23:15:00+05:30,2016-11-07T18:45:00Z,2016-11-08T00:15:00+05:30,1,01:00:00,1,00:15:00,100.0,0.0,2016-11-07T18:30:00Z,2016-11-08T00:00:00+05:30,2016-11-07T18:45:00Z,2016-11-08T00:15:00+05:30
6.1,,,False,5,no2,µg/m³,,raw,01:00:00,2016-11-07T18:00:00Z,2016-11-07T23:30:00+05:30,2016-11-07T19:00:00Z,2016-11-08T00:30:00+05:30,1,01:00:00,1,00:15:00,100.0,0.0,2016-11-07T18:45:00Z,2016-11-08T00:15:00+05:30,2016-11-07T19:00:00Z,2016-11-08T00:30:00+05:30
5.8,,,False,5,no2,µg/m³,,raw,01:00:00,2016-11-07T18:15:00Z,2016-11-07T23:45:00+05:30,2016-11-07T19:15:00Z,2016-11-08T00:45:00+05:30,1,01:00:00,1,00:15:00,100.0,0.0,2016-11-07T19:00:00Z,2016-11-08T00:30:00+05:30,2016-11-07T19:15:00Z,2016-11-08T00:45:00+05:30
5.8,,,False,5,no2,µg/m³,,raw,01:00:00,2016-11-07T18:30:00Z,2016-11-08T00:00:00+05:30,2016-11-07T19:30:00Z,2016-11-08T01:00:00+05:30,1,01:00:00,1,00:15:00,100.0,0.0,2016-11-07T19:15:00Z,2016-11-08T00:45:00+05:30,2016-11-07T19:30:00Z,2016-11-08T01:00:00+05:30
5.5,,,False,5,no2,µg/m³,,raw,01:00:00,2016-11-07T18:45:00Z,2016-11-08T00:15:00+05:30,2016-11-07T19:45:00Z,2016-11-08T01:15:00+05:30,1,01:00:00,1,00:15:00,100.0,0.0,2016-11-07T19:30:00Z,2016-11-08T01:00:00+05:30,2016-11-07T19:45:00Z,2016-11-08T01:15:00+05:30
5.4,,,False,5,no2,µg/m³,,raw,01:00:00,2016-11-07T19:00:00Z,2016-11-08T00:30:00+05:30,2016-11-07T20:00:00Z,2016-11-08T01:30:00+05:30,1,01:00:00,1,00:15:00,100.0,0.0,2016-11-07T19:45:00Z,2016-11-08T01:15:00+05:30,2016-11-07T20:00:00Z,2016-11-08T01:30:00+05:30
5.6,,,False,5,no2,µg/m³,,raw,01:00:00,2016-11-07T19:15:00Z,2016-11-08T00:45:00+05:30,2016-11-07T20:15:00Z,2016-11-08T01:45:00+05:30,1,01:00:00,1,00:15:00,100.0,0.0,2016-11-07T20:00:00Z,2016-11-08T01:30:00+05:30,2016-11-07T20:15:00Z,2016-11-08T01:45:00+05:30
5.4,,,False,5,no2,µg/m³,,raw,01:00:00,2016-11-07T19:30:00Z,2016-11-08T01:00:00+05:30,2016-11-07T20:30:00Z,2016-11-08T02:00:00+05:30,1,01:00:00,1,00:15:00,100.0,0.0,2016-11-07T20:15:00Z,2016-11-08T01:45:00+05:30,2016-11-07T20:30:00Z,2016-11-08T02:00:00+05:30
4.8,,,False,5,no2,µg/m³,,raw,01:00:00,2016-11-07T19:45:00Z,2016-11-08T01:15:00+05:30,2016-11-07T20:45:00Z,2016-11-08T02:15:00+05:30,1,01:00:00,1,00:15:00,100.0,0.0,2016-11-07T20:30:00Z,2016-11-08T02:00:00+05:30,2016-11-07T20:45:00Z,2016-11-08T02:15:00+05:30
4.4,,,False,5,no2,µg/m³,,raw,01:00:00,2016-11-07T20:00:00Z,2016-11-08T01:30:00+05:30,2016-11-07T21:00:00Z,2016-11-08T02:30:00+05:30,1,01:00:00,1,00:15:00,100.0,0.0,2016-11-07T20:45:00Z,2016-11-08T02:15:00+05:30,2016-11-07T21:00:00Z,2016-11-08T02:30:00+05:30
4.6,,,False,5,no2,µg/m³,,raw,01:00:00,2016-11-07T20:15:00Z,2016-11-08T01:45:00+05:30,2016-11-07T21:15:00Z,2016-11-08T02:45:00+05:30,1,01:00:00,1,00:15:00,100.0,0.0,2016-11-07T21:00:00Z,2016-11-08T02:30:00+05:30,2016-11-07T21:15:00Z,2016-11-08T02:45:00+05:30
4.7,,,False,5,no2,µg/m³,,raw,01:00:00,2016-11-07T20:30:00Z,2016-11-08T02:00:00+05:30,2016-11-07T21:30:00Z,2016-11-08T03:00:00+05:30,1,01:00:00,1,00:15:00,100.0,0.0,2016-11-07T21:15:00Z,2016-11-08T02:45:00+05:30,2016-11-07T21:30:00Z,2016-11-08T03:00:00+05:30
4.2,,,False,5,no2,µg/m³,,raw,01:00:00,2016-11-07T20:45:00Z,2016-11-08T02:15:00+05:30,2016-11-07T21:45:00Z,2016-11-08T03:15:00+05:30,1,01:00:00,1,00:15:00,100.0,0.0,2016-11-07T21:30:00Z,2016-11-08T03:00:00+05:30,2016-11-07T21:45:00Z,2016-11-08T03:15:00+05:30
4.2,,,False,5,no2,µg/m³,,raw,01:00:00,2016-11-07T21:00:00Z,2016-11-08T02:30:00+05:30,2016-11-07T22:00:00Z,2016-11-08T03:30:00+05:30,1,01:00:00,1,00:15:00,100.0,0.0,2016-11-07T21:45:00Z,2016-11-08T03:15:00+05:30,2016-11-07T22:00:00Z,2016-11-08T03:30:00+05:30
4.4,,,False,5,no2,µg/m³,,raw,01:00:00,2016-11-07T21:15:00Z,2016-11-08T02:45:00+05:30,2016-11-07T22:15:00Z,2016-11-08T03:45:00+05:30,1,01:00:00,1,00:15:00,100.0,0.0,2016-11-07T22:00:00Z,2016-11-08T03:30:00+05:30,2016-11-07T22:15:00Z,2016-11-08T03:45:00+05:30
4.3,,,False,5,no2,µg/m³,,raw,01:00:00,2016-11-07T21:30:00Z,2016-11-08T03:00:00+05:30,2016-11-07T22:30:00Z,2016-11-08T04:00:00+05:30,1,01:00:00,1,00:15:00,100.0,0.0,2016-11-07T22:15:00Z,2016-11-08T03:45:00+05:30,2016-11-07T22:30:00Z,2016-11-08T04:00:00+05:30
4.3,,,False,5,no2,µg/m³,,raw,01:00:00,2016-11-07T21:45:00Z,2016-11-08T03:15:00+05:30,2016-11-07T22:45:00Z,2016-11-08T04:15:00+05:30,1,01:00:00,1,00:15:00,100.0,0.0,2016-11-07T22:30:00Z,2016-11-08T04:00:00+05:30,2016-11-07T22:45:00Z,2016-11-08T04:15:00+05:30
4.4,,,False,5,no2,µg/m³,,raw,01:00:00,2016-11-07T22:00:00Z,2016-11-08T03:30:00+05:30,2016-11-07T23:00:00Z,2016-11-08T04:30:00+05:30,1,01:00:00,1,00:15:00,100.0,0.0,2016-11-07T22:45:00Z,2016-11-08T04:15:00+05:30,2016-11-07T23:00:00Z,2016-11-08T04:30:00+05:30
4.5,,,False,5,no2,µg/m³,,raw,01:00:00,2016-11-07T22:15:00Z,2016-11-08T03:45:00+05:30,2016-11-07T23:15:00Z,2016-11-08T04:45:00+05:30,1,01:00:00,1,00:15:00,100.0,0.0,2016-11-07T23:00:00Z,2016-11-08T04:30:00+05:30,2016-11-07T23:15:00Z,2016-11-08T04:45:00+05:30
4.5,,,False,5,no2,µg/m³,,raw,01:00:00,2016-11-07T22:30:00Z,2016-11-08T04:00:00+05:30,2016-11-07T23:30:00Z,2016-11-08T05:00:00+05:30,1,01:00:00,1,00:15:00,100.0,0.0,2016-11-07T23:15:00Z,2016-11-08T04:45:00+05:30,2016-11-07T23:30:00Z,2016-11-08T05:00:00+05:30
4.6,,,False,5,no2,µg/m³,,raw,01:00:00,2016-11-07T22:45:00Z,2016-11-08T04:15:00+05:30,2016-11-07T23:45:00Z,2016-11-08T05:15:00+05:30,1,01:00:00,1,00:15:00,100.0,0.0,2016-11-07T23:30:00Z,2016-11-08T05:00:00+05:30,2016-11-07T23:45:00Z,2016-11-08T05:15:00+05:30
4.4,,,False,5,no2,µg/m³,,raw,01:00:00,2016-11-07T23:00:00Z,2016-11-08T04:30:00+05:30,2016-11-08T00:00:00Z,2016-11-08T05:30:00+05:30,1,01:00:00,1,00:15:00,100.0,0.0,2016-11-07T23:45:00Z,2016-11-08T05:15:00+05:30,2016-11-08T00:00:00Z,2016-11-08T05:30:00+05:30
4.8,,,False,5,no2,µg/m³,,raw,01:00:00,2016-11-07T23:15:00Z,2016-11-08T04:45:00+05:30,2016-11-08T00:15:00Z,2016-11-08T05:45:00+05:30,1,01:00:00,1,00:15:00,100.0,0.0,2016-11-08T00:00:00Z,2016-11-08T05:30:00+05:30,2016-11-08T00:15:00Z,2016-11-08T05:45:00+05:30
5.4,,,False,5,no2,µg/m³,,raw,01:00:00,2016-11-07T23:30:00Z,2016-11-08T05:00:00+05:30,2016-11-08T00:30:00Z,2016-11-08T06:00:00+05:30,1,01:00:00,1,00:15:00,100.0,0.0,2016-11-08T00:15:00Z,2016-11-08T05:45:00+05:30,2016-11-08T00:30:00Z,2016-11-08T06:00:00+05:30
5.2,,,False,5,no2,µg/m³,,raw,01:00:00,2016-11-07T23:45:00Z,2016-11-08T05:15:00+05:30,2016-11-08T00:45:00Z,2016-11-08T06:15:00+05:30,1,01:00:00,1,00:15:00,100.0,0.0,2016-11-08T00:30:00Z,2016-11-08T06:00:00+05:30,2016-11-08T00:45:00Z,2016-11-08T06:15:00+05:30
5.5,,,False,5,no2,µg/m³,,raw,01:00:00,2016-11-08T00:00:00Z,2016-11-08T05:30:00+05:30,2016-11-08T01:00:00Z,2016-11-08T06:30:00+05:30,1,01:00:00,1,00:15:00,100.0,0.0,2016-11-08T00:45:00Z,2016-11-08T06:15:00+05:30,2016-11-08T01:00:00Z,2016-11-08T06:30:00+05:30
5.2,,,False,5,no2,µg/m³,,raw,01:00:00,2016-11-08T00:15:00Z,2016-11-08T05:45:00+05:30,2016-11-08T01:15:00Z,2016-11-08T06:45:00+05:30,1,01:00:00,1,00:15:00,100.0,0.0,2016-11-08T01:00:00Z,2016-11-08T06:30:00+05:30,2016-11-08T01:15:00Z,2016-11-08T06:45:00+05:30
5.9,,,False,5,no2,µg/m³,,raw,01:00:00,2016-11-08T00:30:00Z,2016-11-08T06:00:00+05:30,2016-11-08T01:30:00Z,2016-11-08T07:00:00+05:30,1,01:00:00,1,00:15:00,100.0,0.0,2016-11-08T01:15:00Z,2016-11-08T06:45:00+05:30,2016-11-08T01:30:00Z,2016-11-08T07:00:00+05:30
6.3,,,False,5,no2,µg/m³,,raw,01:00:00,2016-11-08T00:45:00Z,2016-11-08T06:15:00+05:30,2016-11-08T01:45:00Z,2016-11-08T07:15:00+05:30,1,01:00:00,1,00:15:00,100.0,0.0,2016-11-08T01:30:00Z,2016-11-08T07:00:00+05:30,2016-11-08T01:45:00Z,2016-11-08T07:15:00+05:30
6.2,,,False,5,no2,µg/m³,,raw,01:00:00,2016-11-08T01:00:00Z,2016-11-08T06:30:00+05:30,2016-11-08T02:00:00Z,2016-11-08T07:30:00+05:30,1,01:00:00,1,00:15:00,100.0,0.0,2016-11-08T01:45:00Z,2016-11-08T07:15:00+05:30,2016-11-08T02:00:00Z,2016-11-08T07:30:00+05:30
6.5,,,False,5,no2,µg/m³,,raw,01:00:00,2016-11-08T01:15:00Z,2016-11-08T06:45:00+05:30,2016-11-08T02:15:00Z,2016-11-08T07:45:00+05:30,1,01:00:00,1,00:15:00,100.0,0.0,2016-11-08T02:00:00Z,2016-11-08T07:30:00+05:30,2016-11-08T02:15:00Z,2016-11-08T07:45:00+05:30
5.6,,,False,5,no2,µg/m³,,raw,01:00:00,2016-11-08T01:30:00Z,2016-11-08T07:00:00+05:30,2016-11-08T02:30:00Z,2016-11-08T08:00:00+05:30,1,01:00:00,1,00:15:00,100.0,0.0,2016-11-08T02:15:00Z,2016-11-08T07:45:00+05:30,2016-11-08T02:30:00Z,2016-11-08T08:00:00+05:30
6.1,,,False,5,no2,µg/m³,,raw,01:00:00,2016-11-08T01:45:00Z,2016-11-08T07:15:00+05:30,2016-11-08T02:45:00Z,2016-11-08T08:15:00+05:30,1,01:00:00,1,00:15:00,100.0,0.0,2016-11-08T02:30:00Z,2016-11-08T08:00:00+05:30,2016-11-08T02:45:00Z,2016-11-08T08:15:00+05:30
6.0,,,False,5,no2,µg/m³,,raw,01:00:00,2016-11-08T02:00:00Z,2016-11-08T07:30:00+05:30,2016-11-08T03:00:00Z,2016-11-08T08:30:00+05:30,1,01:00:00,1,00:15:00,100.0,0.0,2016-11-08T02:45:00Z,2016-11-08T08:15:00+05:30,2016-11-08T03:00:00Z,2016-11-08T08:30:00+05:30
5.5,,,False,5,no2,µg/m³,,raw,01:00:00,2016-11-08T02:15:00Z,2016-11-08T07:45:00+05:30,2016-11-08T03:15:00Z,2016-11-08T08:45:00+05:30,1,01:00:00,1,00:15:00,100.0,0.0,2016-11-08T03:00:00Z,2016-11-08T08:30:00+05:30,2016-11-08T03:15:00Z,2016-11-08T08:45:00+05:30
4.4,,,False,5,no2,µg/m³,,raw,01:00:00,2016-11-08T02:30:00Z,2016-11-08T08:00:00+05:30,2016-11-08T03:30:00Z,2016-11-08T09:00:00+05:30,1,01:00:00,1,00:15:00,100.0,0.0,2016-11-08T03:15:00Z,2016-11-08T08:45:00+05:30,2016-11-08T03:30:00Z,2016-11-08T09:00:00+05:30
4.7,,,False,5,no2,µg/m³,,raw,01:00:00,2016-11-08T02:45:00Z,2016-11-08T08:15:00+05:30,2016-11-08T03:45:00Z,2016-11-08T09:15:00+05:30,1,01:00:00,1,00:15:00,100.0,0.0,2016-11-08T03:30:00Z,2016-11-08T09:00:00+05:30,2016-11-08T03:45:00Z,2016-11-08T09:15:00+05:30
4.8,,,False,5,no2,µg/m³,,raw,01:00:00,2016-11-08T03:00:00Z,2016-11-08T08:30:00+05:30,2016-11-08T04:00:00Z,2016-11-08T09:30:00+05:30,1,01:00:00,1,00:15:00,100.0,0.0,2016-11-08T03:45:00Z,2016-11-08T09:15:00+05:30,2016-11-08T04:00:00Z,2016-11-08T09:30:00+05:30
6.7,,,False,5,no2,µg/m³,,raw,01:00:00,2016-11-08T03:15:00Z,2016-11-08T08:45:00+05:30,2016-11-08T04:15:00Z,2016-11-08T09:45:00+05:30,1,01:00:00,1,00:15:00,100.0,0.0,2016-11-08T04:00:00Z,2016-11-08T09:30:00+05:30,2016-11-08T04:15:00Z,2016-11-08T09:45:00+05:30
39.5,,,False,5,no2,µg/m³,,raw,01:00:00,2016-11-08T03:30:00Z,2016-11-08T09:00:00+05:30,2016-11-08T04:30:00Z,2016-11-08T10:00:00+05:30,1,01:00:00,1,00:15:00,100.0,0.0,2016-11-08T04:15:00Z,2016-11-08T09:45:00+05:30,2016-11-08T04:30:00Z,2016-11-08T10:00:00+05:30
38.3,,,False,5,no2,µg/m³,,raw,01:00:00,2016-11-08T03:45:00Z,2016-11-08T09:15:00+05:30,2016-11-08T04:45:00Z,2016-11-08T10:15:00+05:30,1,01:00:00,1,00:15:00,100.0,0.0,2016-11-08T04:30:00Z,2016-11-08T10:00:00+05:30,2016-11-08T04:45:00Z,2016-11-08T10:15:00+05:30
35.6,,,False,5,no2,µg/m³,,raw,01:00:00,2016-11-08T04:00:00Z,2016-11-08T09:30:00+05:30,2016-11-08T05:00:00Z,2016-11-08T10:30:00+05:30,1,01:00:00,1,00:15:00,100.0,0.0,2016-11-08T04:45:00Z,2016-11-08T10:15:00+05:30,2016-11-08T05:00:00Z,2016-11-08T10:30:00+05:30
42.6,,,False,5,no2,µg/m³,,raw,01:00:00,2016-11-08T04:15:00Z,2016-11-08T09:45:00+05:30,2016-11-08T05:15:00Z,2016-11-08T10:45:00+05:30,1,01:00:00,1,00:15:00,100.0,0.0,2016-11-08T05:00:00Z,2016-11-08T10:30:00+05:30,2016-11-08T05:15:00Z,2016-11-08T10:45:00+05:30
41.2,,,False,5,no2,µg/m³,,raw,01:00:00,2016-11-08T04:30:00Z,2016-11-08T10:00:00+05:30,2016-11-08T05:30:00Z,2016-11-08T11:00:00+05:30,1,01:00:00,1,00:15:00,100.0,0.0,2016-11-08T05:15:00Z,2016-11-08T10:45:00+05:30,2016-11-08T05:30:00Z,2016-11-08T11:00:00+05:30
39.7,,,False,5,no2,µg/m³,,raw,01:00:00,2016-11-08T04:45:00Z,2016-11-08T10:15:00+05:30,2016-11-08T05:45:00Z,2016-11-08T11:15:00+05:30,1,01:00:00,1,00:15:00,100.0,0.0,2016-11-08T05:30:00Z,2016-11-08T11:00:00+05:30,2016-11-08T05:45:00Z,2016-11-08T11:15:00+05:30
35.4,,,False,5,no2,µg/m³,,raw,01:00:00,2016-11-08T05:00:00Z,2016-11-08T10:30:00+05:30,2016-11-08T06:00:00Z,2016-11-08T11:30:00+05:30,1,01:00:00,1,00:15:00,100.0,0.0,2016-11-08T05:45:00Z,2016-11-08T11:15:00+05:30,2016-11-08T06:00:00Z,2016-11-08T11:30:00+05:30
33.3,,,False,5,no2,µg/m³,,raw,01:00:00,2016-11-08T05:15:00Z,2016-11-08T10:45:00+05:30,2016-11-08T06:15:00Z,2016-11-08T11:45:00+05:30,1,01:00:00,1,00:15:00,100.0,0.0,2016-11-08T06:00:00Z,2016-11-08T11:30:00+05:30,2016-11-08T06:15:00Z,2016-11-08T11:45:00+05:30
44.1,,,False,5,no2,µg/m³,,raw,01:00:00,2016-11-08T05:30:00Z,2016-11-08T11:00:00+05:30,2016-11-08T06:30:00Z,2016-11-08T12:00:00+05:30,1,01:00:00,1,00:15:00,100.0,0.0,2016-11-08T06:15:00Z,2016-11-08T11:45:00+05:30,2016-11-08T06:30:00Z,2016-11-08T12:00:00+05:30
42.1,,,False,5,no2,µg/m³,,raw,01:00:00,2016-11-08T05:45:00Z,2016-11-08T11:15:00+05:30,2016-11-08T06:45:00Z,2016-11-08T12:15:00+05:30,1,01:00:00,1,00:15:00,100.0,0.0,2016-11-08T06:30:00Z,2016-11-08T12:00:00+05:30,2016-11-08T06:45:00Z,2016-11-08T12:15:00+05:30
40.4,,,False,5,no2,µg/m³,,raw,01:00:00,2016-11-08T06:00:00Z,2016-11-08T11:30:00+05:30,2016-11-08T07:00:00Z,2016-11-08T12:30:00+05:30,1,01:00:00,1,00:15:00,100.0,0.0,2016-11-08T06:45:00Z,2016-11-08T12:15:00+05:30,2016-11-08T07:00:00Z,2016-11-08T12:30:00+05:30
32.9,,,False,5,no2,µg/m³,,raw,01:00:00,2016-11-08T06:15:00Z,2016-11-08T11:45:00+05:30,2016-11-08T07:15:00Z,2016-11-08T12:45:00+05:30,1,01:00:00,1,00:15:00,100.0,0.0,2016-11-08T07:00:00Z,2016-11-08T12:30:00+05:30,2016-11-08T07:15:00Z,2016-11-08T12:45:00+05:30
34.8,,,False,5,no2,µg/m³,,raw,01:00:00,2016-11-08T06:45:00Z,2016-11-08T12:15:00+05:30,2016-11-08T07:45:00Z,2016-11-08T13:15:00+05:30,1,01:00:00,1,00:15:00,100.0,0.0,2016-11-08T07:30:00Z,2016-11-08T13:00:00+05:30,2016-11-08T07:45:00Z,2016-11-08T13:15:00+05:30
31.4,,,False,5,no2,µg/m³,,raw,01:00:00,2016-11-08T07:00:00Z,2016-11-08T12:30:00+05:30,2016-11-08T08:00:00Z,2016-11-08T13:30:00+05:30,1,01:00:00,1,00:15:00,100.0,0.0,2016-11-08T07:45:00Z,2016-11-08T13:15:00+05:30,2016-11-08T08:00:00Z,2016-11-08T13:30:00+05:30
23.0,,,False,5,no2,µg/m³,,raw,01:00:00,2016-11-08T07:15:00Z,2016-11-08T12:45:00+05:30,2016-11-08T08:15:00Z,2016-11-08T13:45:00+05:30,1,01:00:00,1,00:15:00,100.0,0.0,2016-11-08T08:00:00Z,2016-11-08T13:30:00+05:30,2016-11-08T08:15:00Z,2016-11-08T13:45:00+05:30
30.4,,,False,5,no2,µg/m³,,raw,01:00:00,2016-11-08T07:30:00Z,2016-11-08T13:00:00+05:30,2016-11-08T08:30:00Z,2016-11-08T14:00:00+05:30,1,01:00:00,1,00:15:00,100.0,0.0,2016-11-08T08:15:00Z,2016-11-08T13:45:00+05:30,2016-11-08T08:30:00Z,2016-11-08T14:00:00+05:30
33.8,,,False,5,no2,µg/m³,,raw,01:00:00,2016-11-08T07:45:00Z,2016-11-08T13:15:00+05:30,2016-11-08T08:45:00Z,2016-11-08T14:15:00+05:30,1,01:00:00,1,00:15:00,100.0,0.0,2016-11-08T08:30:00Z,2016-11-08T14:00:00+05:30,2016-11-08T08:45:00Z,2016-11-08T14:15:00+05:30
41.1,,,False,5,no2,µg/m³,,raw,01:00:00,2016-11-08T08:00:00Z,2016-11-08T13:30:00+05:30,2016-11-08T09:00:00Z,2016-11-08T14:30:00+05:30,1,01:00:00,1,00:15:00,100.0,0.0,2016-11-08T08:45:00Z,2016-11-08T14:15:00+05:30,2016-11-08T09:00:00Z,2016-11-08T14:30:00+05:30
41.2,,,False,5,no2,µg/m³,,raw,01:00:00,2016-11-08T08:15:00Z,2016-11-08T13:45:00+05:30,2016-11-08T09:15:00Z,2016-11-08T14:45:00+05:30,1,01:00:00,1,00:15:00,100.0,0.0,2016-11-08T09:00:00Z,2016-11-08T14:30:00+05:30,2016-11-08T09:15:00Z,2016-11-08T14:45:00+05:30
29.0,,,False,5,no2,µg/m³,,raw,01:00:00,2016-11-08T08:30:00Z,2016-11-08T14:00:00+05:30,2016-11-08T09:30:00Z,2016-11-08T15:00:00+05:30,1,01:00:00,1,00:15:00,100.0,0.0,2016-11-08T09:15:00Z,2016-11-08T14:45:00+05:30,2016-11-08T09:30:00Z,2016-11-08T15:00:00+05:30
33.8,,,False,5,no2,µg/m³,,raw,01:00:00,2016-11-08T08:45:00Z,2016-11-08T14:15:00+05:30,2016-11-08T09:45:00Z,2016-11-08T15:15:00+05:30,1,01:00:00,1,00:15:00,100.0,0.0,2016-11-08T09:30:00Z,2016-11-08T15:00:00+05:30,2016-11-08T09:45:00Z,2016-11-08T15:15:00+05:30
46.7,,,False,5,no2,µg/m³,,raw,01:00:00,2016-11-08T09:00:00Z,2016-11-08T14:30:00+05:30,2016-11-08T10:00:00Z,2016-11-08T15:30:00+05:30,1,01:00:00,1,00:15:00,100.0,0.0,2016-11-08T09:45:00Z,2016-11-08T15:15:00+05:30,2016-11-08T10:00:00Z,2016-11-08T15:30:00+05:30
46.5,,,False,5,no2,µg/m³,,raw,01:00:00,2016-11-08T09:15:00Z,2016-11-08T14:45:00+05:30,2016-11-08T10:15:00Z,2016-11-08T15:45:00+05:30,1,01:00:00,1,00:15:00,100.0,0.0,2016-11-08T10:00:00Z,2016-11-08T15:30:00+05:30,2016-11-08T10:15:00Z,2016-11-08T15:45:00+05:30
56.8,,,False,5,no2,µg/m³,,raw,01:00:00,2016-11-08T09:30:00Z,2016-11-08T15:00:00+05:30,2016-11-08T10:30:00Z,2016-11-08T16:00:00+05:30,1,01:00:00,1,00:15:00,100.0,0.0,2016-11-08T10:15:00Z,2016-11-08T15:45:00+05:30,2016-11-08T10:30:00Z,2016-11-08T16:00:00+05:30
53.0,,,False,5,no2,µg/m³,,raw,01:00:00,2016-11-08T09:45:00Z,2016-11-08T15:15:00+05:30,2016-11-08T10:45:00Z,2016-11-08T16:15:00+05:30,1,01:00:00,1,00:15:00,100.0,0.0,2016-11-08T10:30:00Z,2016-11-08T16:00:00+05:30,2016-11-08T10:45:00Z,2016-11-08T16:15:00+05:30
59.5,,,False,5,no2,µg/m³,,raw,01:00:00,2016-11-08T10:00:00Z,2016-11-08T15:30:00+05:30,2016-11-08T11:00:00Z,2016-11-08T16:30:00+05:30,1,01:00:00,1,00:15:00,100.0,0.0,2016-11-08T10:45:00Z,2016-11-08T16:15:00+05:30,2016-11-08T11:00:00Z,2016-11-08T16:30:00+05:30
99.0,,,False,5,no2,µg/m³,,raw,01:00:00,2016-11-08T10:15:00Z,2016-11-08T15:45:00+05:30,2016-11-08T11:15:00Z,2016-11-08T16:45:00+05:30,1,01:00:00,1,00:15:00,100.0,0.0,2016-11-08T11:00:00Z,2016-11-08T16:30:00+05:30,2016-11-08T11:15:00Z,2016-11-08T16:45:00+05:30
102.3,,,False,5,no2,µg/m³,,raw,01:00:00,2016-11-08T10:30:00Z,2016-11-08T16:00:00+05:30,2016-11-08T11:30:00Z,2016-11-08T17:00:00+05:30,1,01:00:00,1,00:15:00,100.0,0.0,2016-11-08T11:15:00Z,2016-11-08T16:45:00+05:30,2016-11-08T11:30:00Z,2016-11-08T17:00:00+05:30
98.7,,,False,5,no2,µg/m³,,raw,01:00:00,2016-11-08T10:45:00Z,2016-11-08T16:15:00+05:30,2016-11-08T11:45:00Z,2016-11-08T17:15:00+05:30,1,01:00:00,1,00:15:00,100.0,0.0,2016-11-08T11:30:00Z,2016-11-08T17:00:00+05:30,2016-11-08T11:45:00Z,2016-11-08T17:15:00+05:30
99.8,,,False,5,no2,µg/m³,,raw,01:00:00,2016-11-08T11:00:00Z,2016-11-08T16:30:00+05:30,2016-11-08T12:00:00Z,2016-11-08T17:30:00+05:30,1,01:00:00,1,00:15:00,100.0,0.0,2016-11-08T11:45:00Z,2016-11-08T17:15:00+05:30,2016-11-08T12:00:00Z,2016-11-08T17:30:00+05:30
101.4,,,False,5,no2,µg/m³,,raw,01:00:00,2016-11-08T11:15:00Z,2016-11-08T16:45:00+05:30,2016-11-08T12:15:00Z,2016-11-08T17:45:00+05:30,1,01:00:00,1,00:15:00,100.0,0.0,2016-11-08T12:00:00Z,2016-11-08T17:30:00+05:30,2016-11-08T12:15:00Z,2016-11-08T17:45:00+05:30
105.9,,,False,5,no2,µg/m³,,raw,01:00:00,2016-11-08T11:30:00Z,2016-11-08T17:00:00+05:30,2016-11-08T12:30:00Z,2016-11-08T18:00:00+05:30,1,01:00:00,1,00:15:00,100.0,0.0,2016-11-08T12:15:00Z,2016-11-08T17:45:00+05:30,2016-11-08T12:30:00Z,2016-11-08T18:00:00+05:30
100.4,,,False,5,no2,µg/m³,,raw,01:00:00,2016-11-08T11:45:00Z,2016-11-08T17:15:00+05:30,2016-11-08T12:45:00Z,2016-11-08T18:15:00+05:30,1,01:00:00,1,00:15:00,100.0,0.0,2016-11-08T12:30:00Z,2016-11-08T18:00:00+05:30,2016-11-08T12:45:00Z,2016-11-08T18:15:00+05:30
102.8,,,False,5,no2,µg/m³,,raw,01:00:00,2016-11-08T12:00:00Z,2016-11-08T17:30:00+05:30,2016-11-08T13:00:00Z,2016-11-08T18:30:00+05:30,1,01:00:00,1,00:15:00,100.0,0.0,2016-11-08T12:45:00Z,2016-11-08T18:15:00+05:30,2016-11-08T13:00:00Z,2016-11-08T18:30:00+05:30
104.5,,,False,5,no2,µg/m³,,raw,01:00:00,2016-11-08T12:15:00Z,2016-11-08T17:45:00+05:30,2016-11-08T13:15:00Z,2016-11-08T18:45:00+05:30,1,01:00:00,1,00:15:00,100.0,0.0,2016-11-08T13:00:00Z,2016-11-08T18:30:00+05:30,2016-11-08T13:15:00Z,2016-11-08T18:45:00+05:30
105.0,,,False,5,no2,µg/m³,,raw,01:00:00,2016-11-08T12:30:00Z,2016-11-08T18:00:00+05:30,2016-11-08T13:30:00Z,2016-11-08T19:00:00+05:30,1,01:00:00,1,00:15:00,100.0,0.0,2016-11-08T13:15:00Z,2016-11-08T18:45:00+05:30,2016-11-08T13:30:00Z,2016-11-08T19:00:00+05:30
100.9,,,False,5,no2,µg/m³,,raw,01:00:00,2016-11-08T12:45:00Z,2016-11-08T18:15:00+05:30,2016-11-08T13:45:00Z,2016-11-08T19:15:00+05:30,1,01:00:00,1,00:15:00,100.0,0.0,2016-11-08T13:30:00Z,2016-11-08T19:00:00+05:30,2016-11-08T13:45:00Z,2016-11-08T19:15:00+05:30
97.2,,,False,5,no2,µg/m³,,raw,01:00:00,2016-11-08T13:00:00Z,2016-11-08T18:30:00+05:30,2016-11-08T14:00:00Z,2016-11-08T19:30:00+05:30,1,01:00:00,1,00:15:00,100.0,0.0,2016-11-08T13:45:00Z,2016-11-08T19:15:00+05:30,2016-11-08T14:00:00Z,2016-11-08T19:30:00+05:30
99.8,,,False,5,no2,µg/m³,,raw,01:00:00,2016-11-08T13:15:00Z,2016-11-08T18:45:00+05:30,2016-11-08T14:15:00Z,2016-11-08T19:45:00+05:30,1,01:00:00,1,00:15:00,100.0,0.0,2016-11-08T14:00:00Z,2016-11-08T19:30:00+05:30,2016-11-08T14:15:00Z,2016-11-08T19:45:00+05:30
102.5,,,False,5,no2,µg/m³,,raw,01:00:00,2016-11-08T13:30:00Z,2016-11-08T19:00:00+05:30,2016-11-08T14:30:00Z,2016-11-08T20:00:00+05:30,1,01:00:00,1,00:15:00,100.0,0.0,2016-11-08T14:15:00Z,2016-11-08T19:45:00+05:30,2016-11-08T14:30:00Z,2016-11-08T20:00:00+05:30
92.4,,,False,5,no2,µg/m³,,raw,01:00:00,2016-11-08T13:45:00Z,2016-11-08T19:15:00+05:30,2016-11-08T14:45:00Z,2016-11-08T20:15:00+05:30,1,01:00:00,1,00:15:00,100.0,0.0,2016-11-08T14:30:00Z,2016-11-08T20:00:00+05:30,2016-11-08T14:45:00Z,2016-11-08T20:15:00+05:30
94.1,,,False,5,no2,µg/m³,,raw,01:00:00,2016-11-08T14:00:00Z,2016-11-08T19:30:00+05:30,2016-11-08T15:00:00Z,2016-11-08T20:30:00+05:30,1,01:00:00,1,00:15:00,100.0,0.0,2016-11-08T14:45:00Z,2016-11-08T20:15:00+05:30,2016-11-08T15:00:00Z,2016-11-08T20:30:00+05:30
100.0,,,False,5,no2,µg/m³,,raw,01:00:00,2016-11-08T14:15:00Z,2016-11-08T19:45:00+05:30,2016-11-08T15:15:00Z,2016-11-08T20:45:00+05:30,1,01:00:00,1,00:15:00,100.0,0.0,2016-11-08T15:00:00Z,2016-11-08T20:30:00+05:30,2016-11-08T15:15:00Z,2016-11-08T20:45:00+05:30
100.3,,,False,5,no2,µg/m³,,raw,01:00:00,2016-11-08T14:30:00Z,2016-11-08T20:00:00+05:30,2016-11-08T15:30:00Z,2016-11-08T21:00:00+05:30,1,01:00:00,1,00:15:00,100.0,0.0,2016-11-08T15:15:00Z,2016-11-08T20:45:00+05:30,2016-11-08T15:30:00Z,2016-11-08T21:00:00+05:30
114.0,,,False,5,no2,µg/m³,,raw,01:00:00,2016-11-08T14:45:00Z,2016-11-08T20:15:00+05:30,2016-11-08T15:45:00Z,2016-11-08T21:15:00+05:30,1,01:00:00,1,00:15:00,100.0,0.0,2016-11-08T15:30:00Z,2016-11-08T21:00:00+05:30,2016-11-08T15:45:00Z,2016-11-08T21:15:00+05:30
96.5,,,False,5,no2,µg/m³,,raw,01:00:00,2016-11-08T15:00:00Z,2016-11-08T20:30:00+05:30,2016-11-08T16:00:00Z,2016-11-08T21:30:00+05:30,1,01:00:00,1,00:15:00,100.0,0.0,2016-11-08T15:45:00Z,2016-11-08T21:15:00+05:30,2016-11-08T16:00:00Z,2016-11-08T21:30:00+05:30
92.0,,,False,5,no2,µg/m³,,raw,01:00:00,2016-11-08T15:15:00Z,2016-11-08T20:45:00+05:30,2016-11-08T16:15:00Z,2016-11-08T21:45:00+05:30,1,01:00:00,1,00:15:00,100.0,0.0,2016-11-08T16:00:00Z,2016-11-08T21:30:00+05:30,2016-11-08T16:15:00Z,2016-11-08T21:45:00+05:30
86.9,,,False,5,no2,µg/m³,,raw,01:00:00,2016-11-08T15:30:00Z,2016-11-08T21:00:00+05:30,2016-11-08T16:30:00Z,2016-11-08T22:00:00+05:30,1,01:00:00,1,00:15:00,100.0,0.0,2016-11-08T16:15:00Z,2016-11-08T21:45:00+05:30,2016-11-08T16:30:00Z,2016-11-08T22:00:00+05:30
90.5,,,False,5,no2,µg/m³,,raw,01:00:00,2016-11-08T15:45:00Z,2016-11-08T21:15:00+05:30,2016-11-08T16:45:00Z,2016-11-08T22:15:00+05:30,1,01:00:00,1,00:15:00,100.0,0.0,2016-11-08T16:30:00Z,2016-11-08T22:00:00+05:30,2016-11-08T16:45:00Z,2016-11-08T22:15:00+05:30
83.5,,,False,5,no2,µg/m³,,raw,01:00:00,2016-11-08T16:00:00Z,2016-11-08T21:30:00+05:30,2016-11-08T17:00:00Z,2016-11-08T22:30:00+05:30,1,01:00:00,1,00:15:00,100.0,0.0,2016-11-08T16:45:00Z,2016-11-08T22:15:00+05:30,2016-11-08T17:00:00Z,2016-11-08T22:30:00+05:30
82.5,,,False,5,no2,µg/m³,,raw,01:00:00,2016-11-08T16:15:00Z,2016-11-08T21:45:00+05:30,2016-11-08T17:15:00Z,2016-11-08T22:45:00+05:30,1,01:00:00,1,00:15:00,100.0,0.0,2016-11-08T17:00:00Z,2016-11-08T22:30:00+05:30,2016-11-08T17:15:00Z,2016-11-08T22:45:00+05:30
86.0,,,False,5,no2,µg/m³,,raw,01:00:00,2016-11-08T16:30:00Z,2016-11-08T22:00:00+05:30,2016-11-08T17:30:00Z,2016-11-08T23:00:00+05:30,1,01:00:00,1,00:15:00,100.0,0.0,2016-11-08T17:15:00Z,2016-11-08T22:45:00+05:30,2016-11-08T17:30:00Z,2016-11-08T23:00:00+05:30
89.9,,,False,5,no2,µg/m³,,raw,01:00:00,2016-11-08T16:45:00Z,2016-11-08T22:15:00+05:30,2016-11-08T17:45:00Z,2016-11-08T23:15:00+05:30,1,01:00:00,1,00:15:00,100.0,0.0,2016-11-08T17:30:00Z,2016-11-08T23:00:00+05:30,2016-11-08T17:45:00Z,2016-11-08T23:15:00+05:30
80.2,,,False,5,no2,µg/m³,,raw,01:00:00,2016-11-08T17:00:00Z,2016-11-08T22:30:00+05:30,2016-11-08T18:00:00Z,2016-11-08T23:30:00+05:30,1,01:00:00,1,00:15:00,100.0,0.0,2016-11-08T17:45:00Z,2016-11-08T23:15:00+05:30,2016-11-08T18:00:00Z,2016-11-08T23:30:00+05:30
85.4,,,False,5,no2,µg/m³,,raw,01:00:00,2016-11-08T17:15:00Z,2016-11-08T22:45:00+05:30,2016-11-08T18:15:00Z,2016-11-08T23:45:00+05:30,1,01:00:00,1,00:15:00,100.0,0.0,2016-11-08T18:00:00Z,2016-11-08T23:30:00+05:30,2016-11-08T18:15:00Z,2016-11-08T23:45:00+05:30
95.7,,,False,5,no2,µg/m³,,raw,01:00:00,2016-11-08T17:30:00Z,2016-11-08T23:00:00+05:30,2016-11-08T18:30:00Z,2016-11-09T00:00:00+05:30,1,01:00:00,1,00:15:00,100.0,0.0,2016-11-08T18:15:00Z,2016-11-08T23:45:00+05:30,2016-11-08T18:30:00Z,2016-11-09T00:00:00+05:30
83.3,,,False,5,no2,µg/m³,,raw,01:00:00,2016-11-08T17:45:00Z,2016-11-08T23:15:00+05:30,2016-11-08T18:45:00Z,2016-11-09T00:15:00+05:30,1,01:00:00,1,00:15:00,100.0,0.0,2016-11-08T18:30:00Z,2016-11-09T00:00:00+05:30,2016-11-08T18:45:00Z,2016-11-09T00:15:00+05:30
82.6,,,False,5,no2,µg/m³,,raw,01:00:00,2016-11-08T18:00:00Z,2016-11-08T23:30:00+05:30,2016-11-08T19:00:00Z,2016-11-09T00:30:00+05:30,1,01:00:00,1,00:15:00,100.0,0.0,2016-11-08T18:45:00Z,2016-11-09T00:15:00+05:30,2016-11-08T19:00:00Z,2016-11-09T00:30:00+05:30
76.7,,,False,5,no2,µg/m³,,raw,01:00:00,2016-11-08T18:15:00Z,2016-11-08T23:45:00+05:30,2016-11-08T19:15:00Z,2016-11-09T00:45:00+05:30,1,01:00:00,1,00:15:00,100.0,0.0,2016-11-08T19:00:00Z,2016-11-09T00:30:00+05:30,2016-11-08T19:15:00Z,2016-11-09T00:45:00+05:30
76.1,,,False,5,no2,µg/m³,,raw,01:00:00,2016-11-08T18:30:00Z,2016-11-09T00:00:00+05:30,2016-11-08T19:30:00Z,2016-11-09T01:00:00+05:30,1,01:00:00,1,00:15:00,100.0,0.0,2016-11-08T19:15:00Z,2016-11-09T00:45:00+05:30,2016-11-08T19:30:00Z,2016-11-09T01:00:00+05:30
71.2,,,False,5,no2,µg/m³,,raw,01:00:00,2016-11-08T18:45:00Z,2016-11-09T00:15:00+05:30,2016-11-08T19:45:00Z,2016-11-09T01:15:00+05:30,1,01:00:00,1,00:15:00,100.0,0.0,2016-11-08T19:30:00Z,2016-11-09T01:00:00+05:30,2016-11-08T19:45:00Z,2016-11-09T01:15:00+05:30
76.6,,,False,5,no2,µg/m³,,raw,01:00:00,2016-11-08T19:00:00Z,2016-11-09T00:30:00+05:30,2016-11-08T20:00:00Z,2016-11-09T01:30:00+05:30,1,01:00:00,1,00:15:00,100.0,0.0,2016-11-08T19:45:00Z,2016-11-09T01:15:00+05:30,2016-11-08T20:00:00Z,2016-11-09T01:30:00+05:30
72.9,,,False,5,no2,µg/m³,,raw,01:00:00,2016-11-08T19:15:00Z,2016-11-09T00:45:00+05:30,2016-11-08T20:15:00Z,2016-11-09T01:45:00+05:30,1,01:00:00,1,00:15:00,100.0,0.0,2016-11-08T20:00:00Z,2016-11-09T01:30:00+05:30,2016-11-08T20:15:00Z,2016-11-09T01:45:00+05:30
68.9,,,False,5,no2,µg/m³,,raw,01:00:00,2016-11-08T19:30:00Z,2016-11-09T01:00:00+05:30,2016-11-08T20:30:00Z,2016-11-09T02:00:00+05:30,1,01:00:00,1,00:15:00,100.0,0.0,2016-11-08T20:15:00Z,2016-11-09T01:45:00+05:30,2016-11-08T20:30:00Z,2016-11-09T02:00:00+05:30
67.1,,,False,5,no2,µg/m³,,raw,01:00:00,2016-11-08T19:45:00Z,2016-11-09T01:15:00+05:30,2016-11-08T20:45:00Z,2016-11-09T02:15:00+05:30,1,01:00:00,1,00:15:00,100.0,0.0,2016-11-08T20:30:00Z,2016-11-09T02:00:00+05:30,2016-11-08T20:45:00Z,2016-11-09T02:15:00+05:30
61.3,,,False,5,no2,µg/m³,,raw,01:00:00,2016-11-08T20:00:00Z,2016-11-09T01:30:00+05:30,2016-11-08T21:00:00Z,2016-11-09T02:30:00+05:30,1,01:00:00,1,00:15:00,100.0,0.0,2016-11-08T20:45:00Z,2016-11-09T02:15:00+05:30,2016-11-08T21:00:00Z,2016-11-09T02:30:00+05:30
57.9,,,False,5,no2,µg/m³,,raw,01:00:00,2016-11-08T20:15:00Z,2016-11-09T01:45:00+05:30,2016-11-08T21:15:00Z,2016-11-09T02:45:00+05:30,1,01:00:00,1,00:15:00,100.0,0.0,2016-11-08T21:00:00Z,2016-11-09T02:30:00+05:30,2016-11-08T21:15:00Z,2016-11-09T02:45:00+05:30
61.2,,,False,5,no2,µg/m³,,raw,01:00:00,2016-11-08T20:30:00Z,2016-11-09T02:00:00+05:30,2016-11-08T21:30:00Z,2016-11-09T03:00:00+05:30,1,01:00:00,1,00:15:00,100.0,0.0,2016-11-08T21:15:00Z,2016-11-09T02:45:00+05:30,2016-11-08T21:30:00Z,2016-11-09T03:00:00+05:30
62.2,,,False,5,no2,µg/m³,,raw,01:00:00,2016-11-08T20:45:00Z,2016-11-09T02:15:00+05:30,2016-11-08T21:45:00Z,2016-11-09T03:15:00+05:30,1,01:00:00,1,00:15:00,100.0,0.0,2016-11-08T21:30:00Z,2016-11-09T03:00:00+05:30,2016-11-08T21:45:00Z,2016-11-09T03:15:00+05:30
56.0,,,False,5,no2,µg/m³,,raw,01:00:00,2016-11-08T21:00:00Z,2016-11-09T02:30:00+05:30,2016-11-08T22:00:00Z,2016-11-09T03:30:00+05:30,1,01:00:00,1,00:15:00,100.0,0.0,2016-11-08T21:45:00Z,2016-11-09T03:15:00+05:30,2016-11-08T22:00:00Z,2016-11-09T03:30:00+05:30
55.4,,,False,5,no2,µg/m³,,raw,01:00:00,2016-11-08T21:15:00Z,2016-11-09T02:45:00+05:30,2016-11-08T22:15:00Z,2016-11-09T03:45:00+05:30,1,01:00:00,1,00:15:00,100.0,0.0,2016-11-08T22:00:00Z,2016-11-09T03:30:00+05:30,2016-11-08T22:15:00Z,2016-11-09T03:45:00+05:30
52.2,,,False,5,no2,µg/m³,,raw,01:00:00,2016-11-08T21:30:00Z,2016-11-09T03:00:00+05:30,2016-11-08T22:30:00Z,2016-11-09T04:00:00+05:30,1,01:00:00,1,00:15:00,100.0,0.0,2016-11-08T22:15:00Z,2016-11-09T03:45:00+05:30,2016-11-08T22:30:00Z,2016-11-09T04:00:00+05:30
48.2,,,False,5,no2,µg/m³,,raw,01:00:00,2016-11-08T21:45:00Z,2016-11-09T03:15:00+05:30,2016-11-08T22:45:00Z,2016-11-09T04:15:00+05:30,1,01:00:00,1,00:15:00,100.0,0.0,2016-11-08T22:30:00Z,2016-11-09T04:00:00+05:30,2016-11-08T22:45:00Z,2016-11-09T04:15:00+05:30
46.1,,,False,5,no2,µg/m³,,raw,01:00:00,2016-11-08T22:00:00Z,2016-11-09T03:30:00+05:30,2016-11-08T23:00:00Z,2016-11-09T04:30:00+05:30,1,01:00:00,1,00:15:00,100.0,0.0,2016-11-08T22:45:00Z,2016-11-09T04:15:00+05:30,2016-11-08T23:00:00Z,2016-11-09T04:30:00+05:30
44.0,,,False,5,no2,µg/m³,,raw,01:00:00,2016-11-08T22:15:00Z,2016-11-09T03:45:00+05:30,2016-11-08T23:15:00Z,2016-11-09T04:45:00+05:30,1,01:00:00,1,00:15:00,100.0,0.0,2016-11-08T23:00:00Z,2016-11-09T04:30:00+05:30,2016-11-08T23:15:00Z,2016-11-09T04:45:00+05:30
42.6,,,False,5,no2,µg/m³,,raw,01:00:00,2016-11-08T22:30:00Z,2016-11-09T04:00:00+05:30,2016-11-08T23:30:00Z,2016-11-09T05:00:00+05:30,1,01:00:00,1,00:15:00,100.0,0.0,2016-11-08T23:15:00Z,2016-11-09T04:45:00+05:30,2016-11-08T23:30:00Z,2016-11-09T05:00:00+05:30
42.0,,,False,5,no2,µg/m³,,raw,01:00:00,2016-11-08T22:45:00Z,2016-11-09T04:15:00+05:30,2016-11-08T23:45:00Z,2016-11-09T05:15:00+05:30,1,01:00:00,1,00:15:00,100.0,0.0,2016-11-08T23:30:00Z,2016-11-09T05:00:00+05:30,2016-11-08T23:45:00Z,2016-11-09T05:15:00+05:30
43.3,,,False,5,no2,µg/m³,,raw,01:00:00,2016-11-08T23:00:00Z,2016-11-09T04:30:00+05:30,2016-11-09T00:00:00Z,2016-11-09T05:30:00+05:30,1,01:00:00,1,00:15:00,100.0,0.0,2016-11-08T23:45:00Z,2016-11-09T05:15:00+05:30,2016-11-09T00:00:00Z,2016-11-09T05:30:00+05:30
45.7,,,False,5,no2,µg/m³,,raw,01:00:00,2016-11-08T23:15:00Z,2016-11-09T04:45:00+05:30,2016-11-09T00:15:00Z,2016-11-09T05:45:00+05:30,1,01:00:00,1,00:15:00,100.0,0.0,2016-11-09T00:00:00Z,2016-11-09T05:30:00+05:30,2016-11-09T00:15:00Z,2016-11-09T05:45:00+05:30
45.1,,,False,5,no2,µg/m³,,raw,01:00:00,2016-11-08T23:30:00Z,2016-11-09T05:00:00+05:30,2016-11-09T00:30:00Z,2016-11-09T06:00:00+05:30,1,01:00:00,1,00:15:00,100.0,0.0,2016-11-09T00:15:00Z,2016-11-09T05:45:00+05:30,2016-11-09T00:30:00Z,2016-11-09T06:00:00+05:30
42.8,,,False,5,no2,µg/m³,,raw,01:00:00,2016-11-08T23:45:00Z,2016-11-09T05:15:00+05:30,2016-11-09T00:45:00Z,2016-11-09T06:15:00+05:30,1,01:00:00,1,00:15:00,100.0,0.0,2016-11-09T00:30:00Z,2016-11-09T06:00:00+05:30,2016-11-09T00:45:00Z,2016-11-09T06:15:00+05:30
45.1,,,False,5,no2,µg/m³,,raw,01:00:00,2016-11-09T00:00:00Z,2016-11-09T05:30:00+05:30,2016-11-09T01:00:00Z,2016-11-09T06:30:00+05:30,1,01:00:00,1,00:15:00,100.0,0.0,2016-11-09T00:45:00Z,2016-11-09T06:15:00+05:30,2016-11-09T01:00:00Z,2016-11-09T06:30:00+05:30
46.5,,,False,5,no2,µg/m³,,raw,01:00:00,2016-11-09T00:15:00Z,2016-11-09T05:45:00+05:30,2016-11-09T01:15:00Z,2016-11-09T06:45:00+05:30,1,01:00:00,1,00:15:00,100.0,0.0,2016-11-09T01:00:00Z,2016-11-09T06:30:00+05:30,2016-11-09T01:15:00Z,2016-11-09T06:45:00+05:30
45.1,,,False,5,no2,µg/m³,,raw,01:00:00,2016-11-09T00:30:00Z,2016-11-09T06:00:00+05:30,2016-11-09T01:30:00Z,2016-11-09T07:00:00+05:30,1,01:00:00,1,00:15:00,100.0,0.0,2016-11-09T01:15:00Z,2016-11-09T06:45:00+05:30,2016-11-09T01:30:00Z,2016-11-09T07:00:00+05:30
44.7,,,False,5,no2,µg/m³,,raw,01:00:00,2016-11-09T00:45:00Z,2016-11-09T06:15:00+05:30,2016-11-09T01:45:00Z,2016-11-09T07:15:00+05:30,1,01:00:00,1,00:15:00,100.0,0.0,2016-11-09T01:30:00Z,2016-11-09T07:00:00+05:30,2016-11-09T01:45:00Z,2016-11-09T07:15:00+05:30
47.6,,,False,5,no2,µg/m³,,raw,01:00:00,2016-11-09T01:00:00Z,2016-11-09T06:30:00+05:30,2016-11-09T02:00:00Z,2016-11-09T07:30:00+05:30,1,01:00:00,1,00:15:00,100.0,0.0,2016-11-09T01:45:00Z,2016-11-09T07:15:00+05:30,2016-11-09T02:00:00Z,2016-11-09T07:30:00+05:30
54.0,,,False,5,no2,µg/m³,,raw,01:00:00,2016-11-09T01:15:00Z,2016-11-09T06:45:00+05:30,2016-11-09T02:15:00Z,2016-11-09T07:45:00+05:30,1,01:00:00,1,00:15:00,100.0,0.0,2016-11-09T02:00:00Z,2016-11-09T07:30:00+05:30,2016-11-09T02:15:00Z,2016-11-09T07:45:00+05:30
50.6,,,False,5,no2,µg/m³,,raw,01:00:00,2016-11-09T01:30:00Z,2016-11-09T07:00:00+05:30,2016-11-09T02:30:00Z,2016-11-09T08:00:00+05:30,1,01:00:00,1,00:15:00,100.0,0.0,2016-11-09T02:15:00Z,2016-11-09T07:45:00+05:30,2016-11-09T02:30:00Z,2016-11-09T08:00:00+05:30
65.5,,,False,5,no2,µg/m³,,raw,01:00:00,2016-11-09T01:45:00Z,2016-11-09T07:15:00+05:30,2016-11-09T02:45:00Z,2016-11-09T08:15:00+05:30,1,01:00:00,1,00:15:00,100.0,0.0,2016-11-09T02:30:00Z,2016-11-09T08:00:00+05:30,2016-11-09T02:45:00Z,2016-11-09T08:15:00+05:30
57.3,,,False,5,no2,µg/m³,,raw,01:00:00,2016-11-09T02:00:00Z,2016-11-09T07:30:00+05:30,2016-11-09T03:00:00Z,2016-11-09T08:30:00+05:30,1,01:00:00,1,00:15:00,100.0,0.0,2016-11-09T02:45:00Z,2016-11-09T08:15:00+05:30,2016-11-09T03:00:00Z,2016-11-09T08:30:00+05:30
55.9,,,False,5,no2,µg/m³,,raw,01:00:00,2016-11-09T02:15:00Z,2016-11-09T07:45:00+05:30,2016-11-09T03:15:00Z,2016-11-09T08:45:00+05:30,1,01:00:00,1,00:15:00,100.0,0.0,2016-11-09T03:00:00Z,2016-11-09T08:30:00+05:30,2016-11-09T03:15:00Z,2016-11-09T08:45:00+05:30
54.0,,,False,5,no2,µg/m³,,raw,01:00:00,2016-11-09T02:30:00Z,2016-11-09T08:00:00+05:30,2016-11-09T03:30:00Z,2016-11-09T09:00:00+05:30,1,01:00:00,1,00:15:00,100.0,0.0,2016-11-09T03:15:00Z,2016-11-09T08:45:00+05:30,2016-11-09T03:30:00Z,2016-11-09T09:00:00+05:30
57.4,,,False,5,no2,µg/m³,,raw,01:00:00,2016-11-09T02:45:00Z,2016-11-09T08:15:00+05:30,2016-11-09T03:45:00Z,2016-11-09T09:15:00+05:30,1,01:00:00,1,00:15:00,100.0,0.0,2016-11-09T03:30:00Z,2016-11-09T09:00:00+05:30,2016-11-09T03:45:00Z,2016-11-09T09:15:00+05:30
60.5,,,False,5,no2,µg/m³,,raw,01:00:00,2016-11-09T03:00:00Z,2016-11-09T08:30:00+05:30,2016-11-09T04:00:00Z,2016-11-09T09:30:00+05:30,1,01:00:00,1,00:15:00,100.0,0.0,2016-11-09T03:45:00Z,2016-11-09T09:15:00+05:30,2016-11-09T04:00:00Z,2016-11-09T09:30:00+05:30
60.9,,,False,5,no2,µg/m³,,raw,01:00:00,2016-11-09T03:15:00Z,2016-11-09T08:45:00+05:30,2016-11-09T04:15:00Z,2016-11-09T09:45:00+05:30,1,01:00:00,1,00:15:00,100.0,0.0,2016-11-09T04:00:00Z,2016-11-09T09:30:00+05:30,2016-11-09T04:15:00Z,2016-11-09T09:45:00+05:30
58.2,,,False,5,no2,µg/m³,,raw,01:00:00,2016-11-09T03:30:00Z,2016-11-09T09:00:00+05:30,2016-11-09T04:30:00Z,2016-11-09T10:00:00+05:30,1,01:00:00,1,00:15:00,100.0,0.0,2016-11-09T04:15:00Z,2016-11-09T09:45:00+05:30,2016-11-09T04:30:00Z,2016-11-09T10:00:00+05:30
59.1,,,False,5,no2,µg/m³,,raw,01:00:00,2016-11-09T03:45:00Z,2016-11-09T09:15:00+05:30,2016-11-09T04:45:00Z,2016-11-09T10:15:00+05:30,1,01:00:00,1,00:15:00,100.0,0.0,2016-11-09T04:30:00Z,2016-11-09T10:00:00+05:30,2016-11-09T04:45:00Z,2016-11-09T10:15:00+05:30
60.2,,,False,5,no2,µg/m³,,raw,01:00:00,2016-11-09T04:00:00Z,2016-11-09T09:30:00+05:30,2016-11-09T05:00:00Z,2016-11-09T10:30:00+05:30,1,01:00:00,1,00:15:00,100.0,0.0,2016-11-09T04:45:00Z,2016-11-09T10:15:00+05:30,2016-11-09T05:00:00Z,2016-11-09T10:30:00+05:30
57.5,,,False,5,no2,µg/m³,,raw,01:00:00,2016-11-09T04:15:00Z,2016-11-09T09:45:00+05:30,2016-11-09T05:15:00Z,2016-11-09T10:45:00+05:30,1,01:00:00,1,00:15:00,100.0,0.0,2016-11-09T05:00:00Z,2016-11-09T10:30:00+05:30,2016-11-09T05:15:00Z,2016-11-09T10:45:00+05:30
63.2,,,False,5,no2,µg/m³,,raw,01:00:00,2016-11-09T04:30:00Z,2016-11-09T10:00:00+05:30,2016-11-09T05:30:00Z,2016-11-09T11:00:00+05:30,1,01:00:00,1,00:15:00,100.0,0.0,2016-11-09T05:15:00Z,2016-11-09T10:45:00+05:30,2016-11-09T05:30:00Z,2016-11-09T11:00:00+05:30
57.6,,,False,5,no2,µg/m³,,raw,01:00:00,2016-11-09T04:45:00Z,2016-11-09T10:15:00+05:30,2016-11-09T05:45:00Z,2016-11-09T11:15:00+05:30,1,01:00:00,1,00:15:00,100.0,0.0,2016-11-09T05:30:00Z,2016-11-09T11:00:00+05:30,2016-11-09T05:45:00Z,2016-11-09T11:15:00+05:30
61.9,,,False,5,no2,µg/m³,,raw,01:00:00,2016-11-09T05:00:00Z,2016-11-09T10:30:00+05:30,2016-11-09T06:00:00Z,2016-11-09T11:30:00+05:30,1,01:00:00,1,00:15:00,100.0,0.0,2016-11-09T05:45:00Z,2016-11-09T11:15:00+05:30,2016-11-09T06:00:00Z,2016-11-09T11:30:00+05:30
65.4,,,False,5,no2,µg/m³,,raw,01:00:00,2016-11-09T05:15:00Z,2016-11-09T10:45:00+05:30,2016-11-09T06:15:00Z,2016-11-09T11:45:00+05:30,1,01:00:00,1,00:15:00,100.0,0.0,2016-11-09T06:00:00Z,2016-11-09T11:30:00+05:30,2016-11-09T06:15:00Z,2016-11-09T11:45:00+05:30
55.5,,,False,5,no2,µg/m³,,raw,01:00:00,2016-11-09T05:30:00Z,2016-11-09T11:00:00+05:30,2016-11-09T06:30:00Z,2016-11-09T12:00:00+05:30,1,01:00:00,1,00:15:00,100.0,0.0,2016-11-09T06:15:00Z,2016-11-09T11:45:00+05:30,2016-11-09T06:30:00Z,2016-11-09T12:00:00+05:30
65.4,,,False,5,no2,µg/m³,,raw,01:00:00,2016-11-09T05:45:00Z,2016-11-09T11:15:00+05:30,2016-11-09T06:45:00Z,2016-11-09T12:15:00+05:30,1,01:00:00,1,00:15:00,100.0,0.0,2016-11-09T06:30:00Z,2016-11-09T12:00:00+05:30,2016-11-09T06:45:00Z,2016-11-09T12:15:00+05:30
48.9,,,False,5,no2,µg/m³,,raw,01:00:00,2016-11-09T06:00:00Z,2016-11-09T11:30:00+05:30,2016-11-09T07:00:00Z,2016-11-09T12:30:00+05:30,1,01:00:00,1,00:15:00,100.0,0.0,2016-11-09T06:45:00Z,2016-11-09T12:15:00+05:30,2016-11-09T07:00:00Z,2016-11-09T12:30:00+05:30
48.5,,,False,5,no2,µg/m³,,raw,01:00:00,2016-11-09T06:15:00Z,2016-11-09T11:45:00+05:30,2016-11-09T07:15:00Z,2016-11-09T12:45:00+05:30,1,01:00:00,1,00:15:00,100.0,0.0,2016-11-09T07:00:00Z,2016-11-09T12:30:00+05:30,2016-11-09T07:15:00Z,2016-11-09T12:45:00+05:30
45.6,,,False,5,no2,µg/m³,,raw,01:00:00,2016-11-09T06:30:00Z,2016-11-09T12:00:00+05:30,2016-11-09T07:30:00Z,2016-11-09T13:00:00+05:30,1,01:00:00,1,00:15:00,100.0,0.0,2016-11-09T07:15:00Z,2016-11-09T12:45:00+05:30,2016-11-09T07:30:00Z,2016-11-09T13:00:00+05:30
42.6,,,False,5,no2,µg/m³,,raw,01:00:00,2016-11-09T06:45:00Z,2016-11-09T12:15:00+05:30,2016-11-09T07:45:00Z,2016-11-09T13:15:00+05:30,1,01:00:00,1,00:15:00,100.0,0.0,2016-11-09T07:30:00Z,2016-11-09T13:00:00+05:30,2016-11-09T07:45:00Z,2016-11-09T13:15:00+05:30
36.7,,,False,5,no2,µg/m³,,raw,01:00:00,2016-11-09T07:00:00Z,2016-11-09T12:30:00+05:30,2016-11-09T08:00:00Z,2016-11-09T13:30:00+05:30,1,01:00:00,1,00:15:00,100.0,0.0,2016-11-09T07:45:00Z,2016-11-09T13:15:00+05:30,2016-11-09T08:00:00Z,2016-11-09T13:30:00+05:30
38.6,,,False,5,no2,µg/m³,,raw,01:00:00,2016-11-09T07:15:00Z,2016-11-09T12:45:00+05:30,2016-11-09T08:15:00Z,2016-11-09T13:45:00+05:30,1,01:00:00,1,00:15:00,100.0,0.0,2016-11-09T08:00:00Z,2016-11-09T13:30:00+05:30,2016-11-09T08:15:00Z,2016-11-09T13:45:00+05:30
38.5,,,False,5,no2,µg/m³,,raw,01:00:00,2016-11-09T07:30:00Z,2016-11-09T13:00:00+05:30,2016-11-09T08:30:00Z,2016-11-09T14:00:00+05:30,1,01:00:00,1,00:15:00,100.0,0.0,2016-11-09T08:15:00Z,2016-11-09T13:45:00+05:30,2016-11-09T08:30:00Z,2016-11-09T14:00:00+05:30
45.3,,,False,5,no2,µg/m³,,raw,01:00:00,2016-11-09T07:45:00Z,2016-11-09T13:15:00+05:30,2016-11-09T08:45:00Z,2016-11-09T14:15:00+05:30,1,01:00:00,1,00:15:00,100.0,0.0,2016-11-09T08:30:00Z,2016-11-09T14:00:00+05:30,2016-11-09T08:45:00Z,2016-11-09T14:15:00+05:30
44.5,,,False,5,no2,µg/m³,,raw,01:00:00,2016-11-09T08:00:00Z,2016-11-09T13:30:00+05:30,2016-11-09T09:00:00Z,2016-11-09T14:30:00+05:30,1,01:00:00,1,00:15:00,100.0,0.0,2016-11-09T08:45:00Z,2016-11-09T14:15:00+05:30,2016-11-09T09:00:00Z,2016-11-09T14:30:00+05:30
48.4,,,False,5,no2,µg/m³,,raw,01:00:00,2016-11-09T08:15:00Z,2016-11-09T13:45:00+05:30,2016-11-09T09:15:00Z,2016-11-09T14:45:00+05:30,1,01:00:00,1,00:15:00,100.0,0.0,2016-11-09T09:00:00Z,2016-11-09T14:30:00+05:30,2016-11-09T09:15:00Z,2016-11-09T14:45:00+05:30
46.6,,,False,5,no2,µg/m³,,raw,01:00:00,2016-11-09T08:30:00Z,2016-11-09T14:00:00+05:30,2016-11-09T09:30:00Z,2016-11-09T15:00:00+05:30,1,01:00:00,1,00:15:00,100.0,0.0,2016-11-09T09:15:00Z,2016-11-09T14:45:00+05:30,2016-11-09T09:30:00Z,2016-11-09T15:00:00+05:30
42.1,,,False,5,no2,µg/m³,,raw,01:00:00,2016-11-09T08:45:00Z,2016-11-09T14:15:00+05:30,2016-11-09T09:45:00Z,2016-11-09T15:15:00+05:30,1,01:00:00,1,00:15:00,100.0,0.0,2016-11-09T09:30:00Z,2016-11-09T15:00:00+05:30,2016-11-09T09:45:00Z,2016-11-09T15:15:00+05:30
42.1,,,False,5,no2,µg/m³,,raw,01:00:00,2016-11-09T09:15:00Z,2016-11-09T14:45:00+05:30,2016-11-09T10:15:00Z,2016-11-09T15:45:00+05:30,1,01:00:00,1,00:15:00,100.0,0.0,2016-11-09T10:00:00Z,2016-11-09T15:30:00+05:30,2016-11-09T10:15:00Z,2016-11-09T15:45:00+05:30
47.6,,,False,5,no2,µg/m³,,raw,01:00:00,2016-11-09T09:30:00Z,2016-11-09T15:00:00+05:30,2016-11-09T10:30:00Z,2016-11-09T16:00:00+05:30,1,01:00:00,1,00:15:00,100.0,0.0,2016-11-09T10:15:00Z,2016-11-09T15:45:00+05:30,2016-11-09T10:30:00Z,2016-11-09T16:00:00+05:30
63.4,,,False,5,no2,µg/m³,,raw,01:00:00,2016-11-09T09:45:00Z,2016-11-09T15:15:00+05:30,2016-11-09T10:45:00Z,2016-11-09T16:15:00+05:30,1,01:00:00,1,00:15:00,100.0,0.0,2016-11-09T10:30:00Z,2016-11-09T16:00:00+05:30,2016-11-09T10:45:00Z,2016-11-09T16:15:00+05:30
57.0,,,False,5,no2,µg/m³,,raw,01:00:00,2016-11-09T10:00:00Z,2016-11-09T15:30:00+05:30,2016-11-09T11:00:00Z,2016-11-09T16:30:00+05:30,1,01:00:00,1,00:15:00,100.0,0.0,2016-11-09T10:45:00Z,2016-11-09T16:15:00+05:30,2016-11-09T11:00:00Z,2016-11-09T16:30:00+05:30
80.6,,,False,5,no2,µg/m³,,raw,01:00:00,2016-11-09T10:15:00Z,2016-11-09T15:45:00+05:30,2016-11-09T11:15:00Z,2016-11-09T16:45:00+05:30,1,01:00:00,1,00:15:00,100.0,0.0,2016-11-09T11:00:00Z,2016-11-09T16:30:00+05:30,2016-11-09T11:15:00Z,2016-11-09T16:45:00+05:30
98.8,,,False,5,no2,µg/m³,,raw,01:00:00,2016-11-09T10:30:00Z,2016-11-09T16:00:00+05:30,2016-11-09T11:30:00Z,2016-11-09T17:00:00+05:30,1,01:00:00,1,00:15:00,100.0,0.0,2016-11-09T11:15:00Z,2016-11-09T16:45:00+05:30,2016-11-09T11:30:00Z,2016-11-09T17:00:00+05:30
99.6,,,False,5,no2,µg/m³,,raw,01:00:00,2016-11-09T10:45:00Z,2016-11-09T16:15:00+05:30,2016-11-09T11:45:00Z,2016-11-09T17:15:00+05:30,1,01:00:00,1,00:15:00,100.0,0.0,2016-11-09T11:30:00Z,2016-11-09T17:00:00+05:30,2016-11-09T11:45:00Z,2016-11-09T17:15:00+05:30
105.2,,,False,5,no2,µg/m³,,raw,01:00:00,2016-11-09T11:00:00Z,2016-11-09T16:30:00+05:30,2016-11-09T12:00:00Z,2016-11-09T17:30:00+05:30,1,01:00:00,1,00:15:00,100.0,0.0,2016-11-09T11:45:00Z,2016-11-09T17:15:00+05:30,2016-11-09T12:00:00Z,2016-11-09T17:30:00+05:30
105.8,,,False,5,no2,µg/m³,,raw,01:00:00,2016-11-09T11:15:00Z,2016-11-09T16:45:00+05:30,2016-11-09T12:15:00Z,2016-11-09T17:45:00+05:30,1,01:00:00,1,00:15:00,100.0,0.0,2016-11-09T12:00:00Z,2016-11-09T17:30:00+05:30,2016-11-09T12:15:00Z,2016-11-09T17:45:00+05:30
106.0,,,False,5,no2,µg/m³,,raw,01:00:00,2016-11-09T11:30:00Z,2016-11-09T17:00:00+05:30,2016-11-09T12:30:00Z,2016-11-09T18:00:00+05:30,1,01:00:00,1,00:15:00,100.0,0.0,2016-11-09T12:15:00Z,2016-11-09T17:45:00+05:30,2016-11-09T12:30:00Z,2016-11-09T18:00:00+05:30
106.6,,,False,5,no2,µg/m³,,raw,01:00:00,2016-11-09T11:45:00Z,2016-11-09T17:15:00+05:30,2016-11-09T12:45:00Z,2016-11-09T18:15:00+05:30,1,01:00:00,1,00:15:00,100.0,0.0,2016-11-09T12:30:00Z,2016-11-09T18:00:00+05:30,2016-11-09T12:45:00Z,2016-11-09T18:15:00+05:30
108.8,,,False,5,no2,µg/m³,,raw,01:00:00,2016-11-09T12:00:00Z,2016-11-09T17:30:00+05:30,2016-11-09T13:00:00Z,2016-11-09T18:30:00+05:30,1,01:00:00,1,00:15:00,100.0,0.0,2016-11-09T12:45:00Z,2016-11-09T18:15:00+05:30,2016-11-09T13:00:00Z,2016-11-09T18:30:00+05:30
110.4,,,False,5,no2,µg/m³,,raw,01:00:00,2016-11-09T12:15:00Z,2016-11-09T17:45:00+05:30,2016-11-09T13:15:00Z,2016-11-09T18:45:00+05:30,1,01:00:00,1,00:15:00,100.0,0.0,2016-11-09T13:00:00Z,2016-11-09T18:30:00+05:30,2016-11-09T13:15:00Z,2016-11-09T18:45:00+05:30
110.3,,,False,5,no2,µg/m³,,raw,01:00:00,2016-11-09T12:30:00Z,2016-11-09T18:00:00+05:30,2016-11-09T13:30:00Z,2016-11-09T19:00:00+05:30,1,01:00:00,1,00:15:00,100.0,0.0,2016-11-09T13:15:00Z,2016-11-09T18:45:00+05:30,2016-11-09T13:30:00Z,2016-11-09T19:00:00+05:30
107.2,,,False,5,no2,µg/m³,,raw,01:00:00,2016-11-09T12:45:00Z,2016-11-09T18:15:00+05:30,2016-11-09T13:45:00Z,2016-11-09T19:15:00+05:30,1,01:00:00,1,00:15:00,100.0,0.0,2016-11-09T13:30:00Z,2016-11-09T19:00:00+05:30,2016-11-09T13:45:00Z,2016-11-09T19:15:00+05:30
109.9,,,False,5,no2,µg/m³,,raw,01:00:00,2016-11-09T13:00:00Z,2016-11-09T18:30:00+05:30,2016-11-09T14:00:00Z,2016-11-09T19:30:00+05:30,1,01:00:00,1,00:15:00,100.0,0.0,2016-11-09T13:45:00Z,2016-11-09T19:15:00+05:30,2016-11-09T14:00:00Z,2016-11-09T19:30:00+05:30
102.3,,,False,5,no2,µg/m³,,raw,01:00:00,2016-11-09T13:15:00Z,2016-11-09T18:45:00+05:30,2016-11-09T14:15:00Z,2016-11-09T19:45:00+05:30,1,01:00:00,1,00:15:00,100.0,0.0,2016-11-09T14:00:00Z,2016-11-09T19:30:00+05:30,2016-11-09T14:15:00Z,2016-11-09T19:45:00+05:30
106.9,,,False,5,no2,µg/m³,,raw,01:00:00,2016-11-09T13:30:00Z,2016-11-09T19:00:00+05:30,2016-11-09T14:30:00Z,2016-11-09T20:00:00+05:30,1,01:00:00,1,00:15:00,100.0,0.0,2016-11-09T14:15:00Z,2016-11-09T19:45:00+05:30,2016-11-09T14:30:00Z,2016-11-09T20:00:00+05:30
107.1,,,False,5,no2,µg/m³,,raw,01:00:00,2016-11-09T13:45:00Z,2016-11-09T19:15:00+05:30,2016-11-09T14:45:00Z,2016-11-09T20:15:00+05:30,1,01:00:00,1,00:15:00,100.0,0.0,2016-11-09T14:30:00Z,2016-11-09T20:00:00+05:30,2016-11-09T14:45:00Z,2016-11-09T20:15:00+05:30
109.0,,,False,5,no2,µg/m³,,raw,01:00:00,2016-11-09T14:00:00Z,2016-11-09T19:30:00+05:30,2016-11-09T15:00:00Z,2016-11-09T20:30:00+05:30,1,01:00:00,1,00:15:00,100.0,0.0,2016-11-09T14:45:00Z,2016-11-09T20:15:00+05:30,2016-11-09T15:00:00Z,2016-11-09T20:30:00+05:30
110.2,,,False,5,no2,µg/m³,,raw,01:00:00,2016-11-09T14:15:00Z,2016-11-09T19:45:00+05:30,2016-11-09T15:15:00Z,2016-11-09T20:45:00+05:30,1,01:00:00,1,00:15:00,100.0,0.0,2016-11-09T15:00:00Z,2016-11-09T20:30:00+05:30,2016-11-09T15:15:00Z,2016-11-09T20:45:00+05:30
110.6,,,False,5,no2,µg/m³,,raw,01:00:00,2016-11-09T14:30:00Z,2016-11-09T20:00:00+05:30,2016-11-09T15:30:00Z,2016-11-09T21:00:00+05:30,1,01:00:00,1,00:15:00,100.0,0.0,2016-11-09T15:15:00Z,2016-11-09T20:45:00+05:30,2016-11-09T15:30:00Z,2016-11-09T21:00:00+05:30
125.3,,,False,5,no2,µg/m³,,raw,01:00:00,2016-11-09T14:45:00Z,2016-11-09T20:15:00+05:30,2016-11-09T15:45:00Z,2016-11-09T21:15:00+05:30,1,01:00:00,1,00:15:00,100.0,0.0,2016-11-09T15:30:00Z,2016-11-09T21:00:00+05:30,2016-11-09T15:45:00Z,2016-11-09T21:15:00+05:30
106.4,,,False,5,no2,µg/m³,,raw,01:00:00,2016-11-09T15:00:00Z,2016-11-09T20:30:00+05:30,2016-11-09T16:00:00Z,2016-11-09T21:30:00+05:30,1,01:00:00,1,00:15:00,100.0,0.0,2016-11-09T15:45:00Z,2016-11-09T21:15:00+05:30,2016-11-09T16:00:00Z,2016-11-09T21:30:00+05:30
103.3,,,False,5,no2,µg/m³,,raw,01:00:00,2016-11-09T15:15:00Z,2016-11-09T20:45:00+05:30,2016-11-09T16:15:00Z,2016-11-09T21:45:00+05:30,1,01:00:00,1,00:15:00,100.0,0.0,2016-11-09T16:00:00Z,2016-11-09T21:30:00+05:30,2016-11-09T16:15:00Z,2016-11-09T21:45:00+05:30
100.5,,,False,5,no2,µg/m³,,raw,01:00:00,2016-11-09T15:30:00Z,2016-11-09T21:00:00+05:30,2016-11-09T16:30:00Z,2016-11-09T22:00:00+05:30,1,01:00:00,1,00:15:00,100.0,0.0,2016-11-09T16:15:00Z,2016-11-09T21:45:00+05:30,2016-11-09T16:30:00Z,2016-11-09T22:00:00+05:30
100.8,,,False,5,no2,µg/m³,,raw,01:00:00,2016-11-09T15:45:00Z,2016-11-09T21:15:00+05:30,2016-11-09T16:45:00Z,2016-11-09T22:15:00+05:30,1,01:00:00,1,00:15:00,100.0,0.0,2016-11-09T16:30:00Z,2016-11-09T22:00:00+05:30,2016-11-09T16:45:00Z,2016-11-09T22:15:00+05:30
93.7,,,False,5,no2,µg/m³,,raw,01:00:00,2016-11-09T16:00:00Z,2016-11-09T21:30:00+05:30,2016-11-09T17:00:00Z,2016-11-09T22:30:00+05:30,1,01:00:00,1,00:15:00,100.0,0.0,2016-11-09T16:45:00Z,2016-11-09T22:15:00+05:30,2016-11-09T17:00:00Z,2016-11-09T22:30:00+05:30
99.2,,,False,5,no2,µg/m³,,raw,01:00:00,2016-11-09T16:15:00Z,2016-11-09T21:45:00+05:30,2016-11-09T17:15:00Z,2016-11-09T22:45:00+05:30,1,01:00:00,1,00:15:00,100.0,0.0,2016-11-09T17:00:00Z,2016-11-09T22:30:00+05:30,2016-11-09T17:15:00Z,2016-11-09T22:45:00+05:30
102.0,,,False,5,no2,µg/m³,,raw,01:00:00,2016-11-09T16:30:00Z,2016-11-09T22:00:00+05:30,2016-11-09T17:30:00Z,2016-11-09T23:00:00+05:30,1,01:00:00,1,00:15:00,100.0,0.0,2016-11-09T17:15:00Z,2016-11-09T22:45:00+05:30,2016-11-09T17:30:00Z,2016-11-09T23:00:00+05:30
113.5,,,False,5,no2,µg/m³,,raw,01:00:00,2016-11-09T16:45:00Z,2016-11-09T22:15:00+05:30,2016-11-09T17:45:00Z,2016-11-09T23:15:00+05:30,1,01:00:00,1,00:15:00,100.0,0.0,2016-11-09T17:30:00Z,2016-11-09T23:00:00+05:30,2016-11-09T17:45:00Z,2016-11-09T23:15:00+05:30
96.7,,,False,5,no2,µg/m³,,raw,01:00:00,2016-11-09T17:00:00Z,2016-11-09T22:30:00+05:30,2016-11-09T18:00:00Z,2016-11-09T23:30:00+05:30,1,01:00:00,1,00:15:00,100.0,0.0,2016-11-09T17:45:00Z,2016-11-09T23:15:00+05:30,2016-11-09T18:00:00Z,2016-11-09T23:30:00+05:30
101.0,,,False,5,no2,µg/m³,,raw,01:00:00,2016-11-09T17:15:00Z,2016-11-09T22:45:00+05:30,2016-11-09T18:15:00Z,2016-11-09T23:45:00+05:30,1,01:00:00,1,00:15:00,100.0,0.0,2016-11-09T18:00:00Z,2016-11-09T23:30:00+05:30,2016-11-09T18:15:00Z,2016-11-09T23:45:00+05:30
129.7,,,False,5,no2,µg/m³,,raw,01:00:00,2016-11-09T17:30:00Z,2016-11-09T23:00:00+05:30,2016-11-09T18:30:00Z,2016-11-10T00:00:00+05:30,1,01:00:00,1,00:15:00,100.0,0.0,2016-11-09T18:15:00Z,2016-11-09T23:45:00+05:30,2016-11-09T18:30:00Z,2016-11-10T00:00:00+05:30
101.7,,,False,5,no2,µg/m³,,raw,01:00:00,2016-11-09T17:45:00Z,2016-11-09T23:15:00+05:30,2016-11-09T18:45:00Z,2016-11-10T00:15:00+05:30,1,01:00:00,1,00:15:00,100.0,0.0,2016-11-09T18:30:00Z,2016-11-10T00:00:00+05:30,2016-11-09T18:45:00Z,2016-11-10T00:15:00+05:30
94.8,,,False,5,no2,µg/m³,,raw,01:00:00,2016-11-09T18:00:00Z,2016-11-09T23:30:00+05:30,2016-11-09T19:00:00Z,2016-11-10T00:30:00+05:30,1,01:00:00,1,00:15:00,100.0,0.0,2016-11-09T18:45:00Z,2016-11-10T00:15:00+05:30,2016-11-09T19:00:00Z,2016-11-10T00:30:00+05:30
92.5,,,False,5,no2,µg/m³,,raw,01:00:00,2016-11-09T18:15:00Z,2016-11-09T23:45:00+05:30,2016-11-09T19:15:00Z,2016-11-10T00:45:00+05:30,1,01:00:00,1,00:15:00,100.0,0.0,2016-11-09T19:00:00Z,2016-11-10T00:30:00+05:30,2016-11-09T19:15:00Z,2016-11-10T00:45:00+05:30
91.3,,,False,5,no2,µg/m³,,raw,01:00:00,2016-11-09T18:30:00Z,2016-11-10T00:00:00+05:30,2016-11-09T19:30:00Z,2016-11-10T01:00:00+05:30,1,01:00:00,1,00:15:00,100.0,0.0,2016-11-09T19:15:00Z,2016-11-10T00:45:00+05:30,2016-11-09T19:30:00Z,2016-11-10T01:00:00+05:30
90.2,,,False,5,no2,µg/m³,,raw,01:00:00,2016-11-09T18:45:00Z,2016-11-10T00:15:00+05:30,2016-11-09T19:45:00Z,2016-11-10T01:15:00+05:30,1,01:00:00,1,00:15:00,100.0,0.0,2016-11-09T19:30:00Z,2016-11-10T01:00:00+05:30,2016-11-09T19:45:00Z,2016-11-10T01:15:00+05:30
82.0,,,False,5,no2,µg/m³,,raw,01:00:00,2016-11-09T19:00:00Z,2016-11-10T00:30:00+05:30,2016-11-09T20:00:00Z,2016-11-10T01:30:00+05:30,1,01:00:00,1,00:15:00,100.0,0.0,2016-11-09T19:45:00Z,2016-11-10T01:15:00+05:30,2016-11-09T20:00:00Z,2016-11-10T01:30:00+05:30
83.6,,,False,5,no2,µg/m³,,raw,01:00:00,2016-11-09T19:15:00Z,2016-11-10T00:45:00+05:30,2016-11-09T20:15:00Z,2016-11-10T01:45:00+05:30,1,01:00:00,1,00:15:00,100.0,0.0,2016-11-09T20:00:00Z,2016-11-10T01:30:00+05:30,2016-11-09T20:15:00Z,2016-11-10T01:45:00+05:30
81.3,,,False,5,no2,µg/m³,,raw,01:00:00,2016-11-09T19:30:00Z,2016-11-10T01:00:00+05:30,2016-11-09T20:30:00Z,2016-11-10T02:00:00+05:30,1,01:00:00,1,00:15:00,100.0,0.0,2016-11-09T20:15:00Z,2016-11-10T01:45:00+05:30,2016-11-09T20:30:00Z,2016-11-10T02:00:00+05:30
78.8,,,False,5,no2,µg/m³,,raw,01:00:00,2016-11-09T19:45:00Z,2016-11-10T01:15:00+05:30,2016-11-09T20:45:00Z,2016-11-10T02:15:00+05:30,1,01:00:00,1,00:15:00,100.0,0.0,2016-11-09T20:30:00Z,2016-11-10T02:00:00+05:30,2016-11-09T20:45:00Z,2016-11-10T02:15:00+05:30
80.2,,,False,5,no2,µg/m³,,raw,01:00:00,2016-11-09T20:00:00Z,2016-11-10T01:30:00+05:30,2016-11-09T21:00:00Z,2016-11-10T02:30:00+05:30,1,01:00:00,1,00:15:00,100.0,0.0,2016-11-09T20:45:00Z,2016-11-10T02:15:00+05:30,2016-11-09T21:00:00Z,2016-11-10T02:30:00+05:30
63.0,,,False,5,no2,µg/m³,,raw,01:00:00,2016-11-09T21:00:00Z,2016-11-10T02:30:00+05:30,2016-11-09T22:00:00Z,2016-11-10T03:30:00+05:30,1,01:00:00,1,00:15:00,100.0,0.0,2016-11-09T21:45:00Z,2016-11-10T03:15:00+05:30,2016-11-09T22:00:00Z,2016-11-10T03:30:00+05:30
60.9,,,False,5,no2,µg/m³,,raw,01:00:00,2016-11-09T21:15:00Z,2016-11-10T02:45:00+05:30,2016-11-09T22:15:00Z,2016-11-10T03:45:00+05:30,1,01:00:00,1,00:15:00,100.0,0.0,2016-11-09T22:00:00Z,2016-11-10T03:30:00+05:30,2016-11-09T22:15:00Z,2016-11-10T03:45:00+05:30
59.7,,,False,5,no2,µg/m³,,raw,01:00:00,2016-11-09T21:30:00Z,2016-11-10T03:00:00+05:30,2016-11-09T22:30:00Z,2016-11-10T04:00:00+05:30,1,01:00:00,1,00:15:00,100.0,0.0,2016-11-09T22:15:00Z,2016-11-10T03:45:00+05:30,2016-11-09T22:30:00Z,2016-11-10T04:00:00+05:30
57.4,,,False,5,no2,µg/m³,,raw,01:00:00,2016-11-09T21:45:00Z,2016-11-10T03:15:00+05:30,2016-11-09T22:45:00Z,2016-11-10T04:15:00+05:30,1,01:00:00,1,00:15:00,100.0,0.0,2016-11-09T22:30:00Z,2016-11-10T04:00:00+05:30,2016-11-09T22:45:00Z,2016-11-10T04:15:00+05:30
54.2,,,False,5,no2,µg/m³,,raw,01:00:00,2016-11-09T22:00:00Z,2016-11-10T03:30:00+05:30,2016-11-09T23:00:00Z,2016-11-10T04:30:00+05:30,1,01:00:00,1,00:15:00,100.0,0.0,2016-11-09T22:45:00Z,2016-11-10T04:15:00+05:30,2016-11-09T23:00:00Z,2016-11-10T04:30:00+05:30
55.3,,,False,5,no2,µg/m³,,raw,01:00:00,2016-11-09T22:15:00Z,2016-11-10T03:45:00+05:30,2016-11-09T23:15:00Z,2016-11-10T04:45:00+05:30,1,01:00:00,1,00:15:00,100.0,0.0,2016-11-09T23:00:00Z,2016-11-10T04:30:00+05:30,2016-11-09T23:15:00Z,2016-11-10T04:45:00+05:30
54.9,,,False,5,no2,µg/m³,,raw,01:00:00,2016-11-09T22:30:00Z,2016-11-10T04:00:00+05:30,2016-11-09T23:30:00Z,2016-11-10T05:00:00+05:30,1,01:00:00,1,00:15:00,100.0,0.0,2016-11-09T23:15:00Z,2016-11-10T04:45:00+05:30,2016-11-09T23:30:00Z,2016-11-10T05:00:00+05:30
50.7,,,False,5,no2,µg/m³,,raw,01:00:00,2016-11-09T22:45:00Z,2016-11-10T04:15:00+05:30,2016-11-09T23:45:00Z,2016-11-10T05:15:00+05:30,1,01:00:00,1,00:15:00,100.0,0.0,2016-11-09T23:30:00Z,2016-11-10T05:00:00+05:30,2016-11-09T23:45:00Z,2016-11-10T05:15:00+05:30
48.0,,,False,5,no2,µg/m³,,raw,01:00:00,2016-11-09T23:00:00Z,2016-11-10T04:30:00+05:30,2016-11-10T00:00:00Z,2016-11-10T05:30:00+05:30,1,01:00:00,1,00:15:00,100.0,0.0,2016-11-09T23:45:00Z,2016-11-10T05:15:00+05:30,2016-11-10T00:00:00Z,2016-11-10T05:30:00+05:30
46.0,,,False,5,no2,µg/m³,,raw,01:00:00,2016-11-09T23:15:00Z,2016-11-10T04:45:00+05:30,2016-11-10T00:15:00Z,2016-11-10T05:45:00+05:30,1,01:00:00,1,00:15:00,100.0,0.0,2016-11-10T00:00:00Z,2016-11-10T05:30:00+05:30,2016-11-10T00:15:00Z,2016-11-10T05:45:00+05:30
44.1,,,False,5,no2,µg/m³,,raw,01:00:00,2016-11-09T23:30:00Z,2016-11-10T05:00:00+05:30,2016-11-10T00:30:00Z,2016-11-10T06:00:00+05:30,1,01:00:00,1,00:15:00,100.0,0.0,2016-11-10T00:15:00Z,2016-11-10T05:45:00+05:30,2016-11-10T00:30:00Z,2016-11-10T06:00:00+05:30
43.3,,,False,5,no2,µg/m³,,raw,01:00:00,2016-11-09T23:45:00Z,2016-11-10T05:15:00+05:30,2016-11-10T00:45:00Z,2016-11-10T06:15:00+05:30,1,01:00:00,1,00:15:00,100.0,0.0,2016-11-10T00:30:00Z,2016-11-10T06:00:00+05:30,2016-11-10T00:45:00Z,2016-11-10T06:15:00+05:30
45.3,,,False,5,no2,µg/m³,,raw,01:00:00,2016-11-10T00:00:00Z,2016-11-10T05:30:00+05:30,2016-11-10T01:00:00Z,2016-11-10T06:30:00+05:30,1,01:00:00,1,00:15:00,100.0,0.0,2016-11-10T00:45:00Z,2016-11-10T06:15:00+05:30,2016-11-10T01:00:00Z,2016-11-10T06:30:00+05:30
43.6,,,False,5,no2,µg/m³,,raw,01:00:00,2016-11-10T00:15:00Z,2016-11-10T05:45:00+05:30,2016-11-10T01:15:00Z,2016-11-10T06:45:00+05:30,1,01:00:00,1,00:15:00,100.0,0.0,2016-11-10T01:00:00Z,2016-11-10T06:30:00+05:30,2016-11-10T01:15:00Z,2016-11-10T06:45:00+05:30
43.3,,,False,5,no2,µg/m³,,raw,01:00:00,2016-11-10T00:30:00Z,2016-11-10T06:00:00+05:30,2016-11-10T01:30:00Z,2016-11-10T07:00:00+05:30,1,01:00:00,1,00:15:00,100.0,0.0,2016-11-10T01:15:00Z,2016-11-10T06:45:00+05:30,2016-11-10T01:30:00Z,2016-11-10T07:00:00+05:30
43.4,,,False,5,no2,µg/m³,,raw,01:00:00,2016-11-10T00:45:00Z,2016-11-10T06:15:00+05:30,2016-11-10T01:45:00Z,2016-11-10T07:15:00+05:30,1,01:00:00,1,00:15:00,100.0,0.0,2016-11-10T01:30:00Z,2016-11-10T07:00:00+05:30,2016-11-10T01:45:00Z,2016-11-10T07:15:00+05:30
47.8,,,False,5,no2,µg/m³,,raw,01:00:00,2016-11-10T01:00:00Z,2016-11-10T06:30:00+05:30,2016-11-10T02:00:00Z,2016-11-10T07:30:00+05:30,1,01:00:00,1,00:15:00,100.0,0.0,2016-11-10T01:45:00Z,2016-11-10T07:15:00+05:30,2016-11-10T02:00:00Z,2016-11-10T07:30:00+05:30
45.9,,,False,5,no2,µg/m³,,raw,01:00:00,2016-11-10T01:15:00Z,2016-11-10T06:45:00+05:30,2016-11-10T02:15:00Z,2016-11-10T07:45:00+05:30,1,01:00:00,1,00:15:00,100.0,0.0,2016-11-10T02:00:00Z,2016-11-10T07:30:00+05:30,2016-11-10T02:15:00Z,2016-11-10T07:45:00+05:30
46.0,,,False,5,no2,µg/m³,,raw,01:00:00,2016-11-10T01:30:00Z,2016-11-10T07:00:00+05:30,2016-11-10T02:30:00Z,2016-11-10T08:00:00+05:30,1,01:00:00,1,00:15:00,100.0,0.0,2016-11-10T02:15:00Z,2016-11-10T07:45:00+05:30,2016-11-10T02:30:00Z,2016-11-10T08:00:00+05:30
46.3,,,False,5,no2,µg/m³,,raw,01:00:00,2016-11-10T01:45:00Z,2016-11-10T07:15:00+05:30,2016-11-10T02:45:00Z,2016-11-10T08:15:00+05:30,1,01:00:00,1,00:15:00,100.0,0.0,2016-11-10T02:30:00Z,2016-11-10T08:00:00+05:30,2016-11-10T02:45:00Z,2016-11-10T08:15:00+05:30
52.3,,,False,5,no2,µg/m³,,raw,01:00:00,2016-11-10T02:00:00Z,2016-11-10T07:30:00+05:30,2016-11-10T03:00:00Z,2016-11-10T08:30:00+05:30,1,01:00:00,1,00:15:00,100.0,0.0,2016-11-10T02:45:00Z,2016-11-10T08:15:00+05:30,2016-11-10T03:00:00Z,2016-11-10T08:30:00+05:30
53.0,,,False,5,no2,µg/m³,,raw,01:00:00,2016-11-10T02:15:00Z,2016-11-10T07:45:00+05:30,2016-11-10T03:15:00Z,2016-11-10T08:45:00+05:30,1,01:00:00,1,00:15:00,100.0,0.0,2016-11-10T03:00:00Z,2016-11-10T08:30:00+05:30,2016-11-10T03:15:00Z,2016-11-10T08:45:00+05:30
48.8,,,False,5,no2,µg/m³,,raw,01:00:00,2016-11-10T02:30:00Z,2016-11-10T08:00:00+05:30,2016-11-10T03:30:00Z,2016-11-10T09:00:00+05:30,1,01:00:00,1,00:15:00,100.0,0.0,2016-11-10T03:15:00Z,2016-11-10T08:45:00+05:30,2016-11-10T03:30:00Z,2016-11-10T09:00:00+05:30
54.1,,,False,5,no2,µg/m³,,raw,01:00:00,2016-11-10T02:45:00Z,2016-11-10T08:15:00+05:30,2016-11-10T03:45:00Z,2016-11-10T09:15:00+05:30,1,01:00:00,1,00:15:00,100.0,0.0,2016-11-10T03:30:00Z,2016-11-10T09:00:00+05:30,2016-11-10T03:45:00Z,2016-11-10T09:15:00+05:30
65.0,,,False,5,no2,µg/m³,,raw,01:00:00,2016-11-10T03:00:00Z,2016-11-10T08:30:00+05:30,2016-11-10T04:00:00Z,2016-11-10T09:30:00+05:30,1,01:00:00,1,00:15:00,100.0,0.0,2016-11-10T03:45:00Z,2016-11-10T09:15:00+05:30,2016-11-10T04:00:00Z,2016-11-10T09:30:00+05:30
65.4,,,False,5,no2,µg/m³,,raw,01:00:00,2016-11-10T03:15:00Z,2016-11-10T08:45:00+05:30,2016-11-10T04:15:00Z,2016-11-10T09:45:00+05:30,1,01:00:00,1,00:15:00,100.0,0.0,2016-11-10T04:00:00Z,2016-11-10T09:30:00+05:30,2016-11-10T04:15:00Z,2016-11-10T09:45:00+05:30
66.8,,,False,5,no2,µg/m³,,raw,01:00:00,2016-11-10T03:30:00Z,2016-11-10T09:00:00+05:30,2016-11-10T04:30:00Z,2016-11-10T10:00:00+05:30,1,01:00:00,1,00:15:00,100.0,0.0,2016-11-10T04:15:00Z,2016-11-10T09:45:00+05:30,2016-11-10T04:30:00Z,2016-11-10T10:00:00+05:30
72.1,,,False,5,no2,µg/m³,,raw,01:00:00,2016-11-10T03:45:00Z,2016-11-10T09:15:00+05:30,2016-11-10T04:45:00Z,2016-11-10T10:15:00+05:30,1,01:00:00,1,00:15:00,100.0,0.0,2016-11-10T04:30:00Z,2016-11-10T10:00:00+05:30,2016-11-10T04:45:00Z,2016-11-10T10:15:00+05:30
89.3,,,False,5,no2,µg/m³,,raw,01:00:00,2016-11-10T04:15:00Z,2016-11-10T09:45:00+05:30,2016-11-10T05:15:00Z,2016-11-10T10:45:00+05:30,1,01:00:00,1,00:15:00,100.0,0.0,2016-11-10T05:00:00Z,2016-11-10T10:30:00+05:30,2016-11-10T05:15:00Z,2016-11-10T10:45:00+05:30
85.7,,,False,5,no2,µg/m³,,raw,01:00:00,2016-11-10T04:30:00Z,2016-11-10T10:00:00+05:30,2016-11-10T05:30:00Z,2016-11-10T11:00:00+05:30,1,01:00:00,1,00:15:00,100.0,0.0,2016-11-10T05:15:00Z,2016-11-10T10:45:00+05:30,2016-11-10T05:30:00Z,2016-11-10T11:00:00+05:30
83.0,,,False,5,no2,µg/m³,,raw,01:00:00,2016-11-10T04:45:00Z,2016-11-10T10:15:00+05:30,2016-11-10T05:45:00Z,2016-11-10T11:15:00+05:30,1,01:00:00,1,00:15:00,100.0,0.0,2016-11-10T05:30:00Z,2016-11-10T11:00:00+05:30,2016-11-10T05:45:00Z,2016-11-10T11:15:00+05:30
87.4,,,False,5,no2,µg/m³,,raw,01:00:00,2016-11-10T05:00:00Z,2016-11-10T10:30:00+05:30,2016-11-10T06:00:00Z,2016-11-10T11:30:00+05:30,1,01:00:00,1,00:15:00,100.0,0.0,2016-11-10T05:45:00Z,2016-11-10T11:15:00+05:30,2016-11-10T06:00:00Z,2016-11-10T11:30:00+05:30
99.5,,,False,5,no2,µg/m³,,raw,01:00:00,2016-11-10T05:15:00Z,2016-11-10T10:45:00+05:30,2016-11-10T06:15:00Z,2016-11-10T11:45:00+05:30,1,01:00:00,1,00:15:00,100.0,0.0,2016-11-10T06:00:00Z,2016-11-10T11:30:00+05:30,2016-11-10T06:15:00Z,2016-11-10T11:45:00+05:30
99.4,,,False,5,no2,µg/m³,,raw,01:00:00,2016-11-10T05:30:00Z,2016-11-10T11:00:00+05:30,2016-11-10T06:30:00Z,2016-11-10T12:00:00+05:30,1,01:00:00,1,00:15:00,100.0,0.0,2016-11-10T06:15:00Z,2016-11-10T11:45:00+05:30,2016-11-10T06:30:00Z,2016-11-10T12:00:00+05:30
87.8,,,False,5,no2,µg/m³,,raw,01:00:00,2016-11-10T05:45:00Z,2016-11-10T11:15:00+05:30,2016-11-10T06:45:00Z,2016-11-10T12:15:00+05:30,1,01:00:00,1,00:15:00,100.0,0.0,2016-11-10T06:30:00Z,2016-11-10T12:00:00+05:30,2016-11-10T06:45:00Z,2016-11-10T12:15:00+05:30
74.1,,,False,5,no2,µg/m³,,raw,01:00:00,2016-11-10T06:00:00Z,2016-11-10T11:30:00+05:30,2016-11-10T07:00:00Z,2016-11-10T12:30:00+05:30,1,01:00:00,1,00:15:00,100.0,0.0,2016-11-10T06:45:00Z,2016-11-10T12:15:00+05:30,2016-11-10T07:00:00Z,2016-11-10T12:30:00+05:30
58.0,,,False,5,no2,µg/m³,,raw,01:00:00,2016-11-10T06:15:00Z,2016-11-10T11:45:00+05:30,2016-11-10T07:15:00Z,2016-11-10T12:45:00+05:30,1,01:00:00,1,00:15:00,100.0,0.0,2016-11-10T07:00:00Z,2016-11-10T12:30:00+05:30,2016-11-10T07:15:00Z,2016-11-10T12:45:00+05:30
99.1,,,False,5,no2,µg/m³,,raw,01:00:00,2016-11-10T06:30:00Z,2016-11-10T12:00:00+05:30,2016-11-10T07:30:00Z,2016-11-10T13:00:00+05:30,1,01:00:00,1,00:15:00,100.0,0.0,2016-11-10T07:15:00Z,2016-11-10T12:45:00+05:30,2016-11-10T07:30:00Z,2016-11-10T13:00:00+05:30
49.9,,,False,5,no2,µg/m³,,raw,01:00:00,2016-11-10T06:45:00Z,2016-11-10T12:15:00+05:30,2016-11-10T07:45:00Z,2016-11-10T13:15:00+05:30,1,01:00:00,1,00:15:00,100.0,0.0,2016-11-10T07:30:00Z,2016-11-10T13:00:00+05:30,2016-11-10T07:45:00Z,2016-11-10T13:15:00+05:30
89.8,,,False,5,no2,µg/m³,,raw,01:00:00,2016-11-10T07:00:00Z,2016-11-10T12:30:00+05:30,2016-11-10T08:00:00Z,2016-11-10T13:30:00+05:30,1,01:00:00,1,00:15:00,100.0,0.0,2016-11-10T07:45:00Z,2016-11-10T13:15:00+05:30,2016-11-10T08:00:00Z,2016-11-10T13:30:00+05:30
66.2,,,False,5,no2,µg/m³,,raw,01:00:00,2016-11-10T07:15:00Z,2016-11-10T12:45:00+05:30,2016-11-10T08:15:00Z,2016-11-10T13:45:00+05:30,1,01:00:00,1,00:15:00,100.0,0.0,2016-11-10T08:00:00Z,2016-11-10T13:30:00+05:30,2016-11-10T08:15:00Z,2016-11-10T13:45:00+05:30
51.7,,,False,5,no2,µg/m³,,raw,01:00:00,2016-11-10T07:30:00Z,2016-11-10T13:00:00+05:30,2016-11-10T08:30:00Z,2016-11-10T14:00:00+05:30,1,01:00:00,1,00:15:00,100.0,0.0,2016-11-10T08:15:00Z,2016-11-10T13:45:00+05:30,2016-11-10T08:30:00Z,2016-11-10T14:00:00+05:30
79.2,,,False,5,no2,µg/m³,,raw,01:00:00,2016-11-10T07:45:00Z,2016-11-10T13:15:00+05:30,2016-11-10T08:45:00Z,2016-11-10T14:15:00+05:30,1,01:00:00,1,00:15:00,100.0,0.0,2016-11-10T08:30:00Z,2016-11-10T14:00:00+05:30,2016-11-10T08:45:00Z,2016-11-10T14:15:00+05:30
77.0,,,False,5,no2,µg/m³,,raw,01:00:00,2016-11-10T08:00:00Z,2016-11-10T13:30:00+05:30,2016-11-10T09:00:00Z,2016-11-10T14:30:00+05:30,1,01:00:00,1,00:15:00,100.0,0.0,2016-11-10T08:45:00Z,2016-11-10T14:15:00+05:30,2016-11-10T09:00:00Z,2016-11-10T14:30:00+05:30
85.4,,,False,5,no2,µg/m³,,raw,01:00:00,2016-11-10T08:15:00Z,2016-11-10T13:45:00+05:30,2016-11-10T09:15:00Z,2016-11-10T14:45:00+05:30,1,01:00:00,1,00:15:00,100.0,0.0,2016-11-10T09:00:00Z,2016-11-10T14:30:00+05:30,2016-11-10T09:15:00Z,2016-11-10T14:45:00+05:30
91.6,,,False,5,no2,µg/m³,,raw,01:00:00,2016-11-10T09:15:00Z,2016-11-10T14:45:00+05:30,2016-11-10T10:15:00Z,2016-11-10T15:45:00+05:30,1,01:00:00,1,00:15:00,100.0,0.0,2016-11-10T10:00:00Z,2016-11-10T15:30:00+05:30,2016-11-10T10:15:00Z,2016-11-10T15:45:00+05:30
129.2,,,False,5,no2,µg/m³,,raw,01:00:00,2016-11-10T09:30:00Z,2016-11-10T15:00:00+05:30,2016-11-10T10:30:00Z,2016-11-10T16:00:00+05:30,1,01:00:00,1,00:15:00,100.0,0.0,2016-11-10T10:15:00Z,2016-11-10T15:45:00+05:30,2016-11-10T10:30:00Z,2016-11-10T16:00:00+05:30
131.0,,,False,5,no2,µg/m³,,raw,01:00:00,2016-11-10T09:45:00Z,2016-11-10T15:15:00+05:30,2016-11-10T10:45:00Z,2016-11-10T16:15:00+05:30,1,01:00:00,1,00:15:00,100.0,0.0,2016-11-10T10:30:00Z,2016-11-10T16:00:00+05:30,2016-11-10T10:45:00Z,2016-11-10T16:15:00+05:30
101.2,,,False,5,no2,µg/m³,,raw,01:00:00,2016-11-10T10:00:00Z,2016-11-10T15:30:00+05:30,2016-11-10T11:00:00Z,2016-11-10T16:30:00+05:30,1,01:00:00,1,00:15:00,100.0,0.0,2016-11-10T10:45:00Z,2016-11-10T16:15:00+05:30,2016-11-10T11:00:00Z,2016-11-10T16:30:00+05:30
112.4,,,False,5,no2,µg/m³,,raw,01:00:00,2016-11-10T10:15:00Z,2016-11-10T15:45:00+05:30,2016-11-10T11:15:00Z,2016-11-10T16:45:00+05:30,1,01:00:00,1,00:15:00,100.0,0.0,2016-11-10T11:00:00Z,2016-11-10T16:30:00+05:30,2016-11-10T11:15:00Z,2016-11-10T16:45:00+05:30
123.9,,,False,5,no2,µg/m³,,raw,01:00:00,2016-11-10T10:30:00Z,2016-11-10T16:00:00+05:30,2016-11-10T11:30:00Z,2016-11-10T17:00:00+05:30,1,01:00:00,1,00:15:00,100.0,0.0,2016-11-10T11:15:00Z,2016-11-10T16:45:00+05:30,2016-11-10T11:30:00Z,2016-11-10T17:00:00+05:30
121.4,,,False,5,no2,µg/m³,,raw,01:00:00,2016-11-10T10:45:00Z,2016-11-10T16:15:00+05:30,2016-11-10T11:45:00Z,2016-11-10T17:15:00+05:30,1,01:00:00,1,00:15:00,100.0,0.0,2016-11-10T11:30:00Z,2016-11-10T17:00:00+05:30,2016-11-10T11:45:00Z,2016-11-10T17:15:00+05:30
124.8,,,False,5,no2,µg/m³,,raw,01:00:00,2016-11-10T11:00:00Z,2016-11-10T16:30:00+05:30,2016-11-10T12:00:00Z,2016-11-10T17:30:00+05:30,1,01:00:00,1,00:15:00,100.0,0.0,2016-11-10T11:45:00Z,2016-11-10T17:15:00+05:30,2016-11-10T12:00:00Z,2016-11-10T17:30:00+05:30
118.5,,,False,5,no2,µg/m³,,raw,01:00:00,2016-11-10T11:15:00Z,2016-11-10T16:45:00+05:30,2016-11-10T12:15:00Z,2016-11-10T17:45:00+05:30,1,01:00:00,1,00:15:00,100.0,0.0,2016-11-10T12:00:00Z,2016-11-10T17:30:00+05:30,2016-11-10T12:15:00Z,2016-11-10T17:45:00+05:30
131.5,,,False,5,no2,µg/m³,,raw,01:00:00,2016-11-10T11:30:00Z,2016-11-10T17:00:00+05:30,2016-11-10T12:30:00Z,2016-11-10T18:00:00+05:30,1,01:00:00,1,00:15:00,100.0,0.0,2016-11-10T12:15:00Z,2016-11-10T17:45:00+05:30,2016-11-10T12:30:00Z,2016-11-10T18:00:00+05:30
136.7,,,False,5,no2,µg/m³,,raw,01:00:00,2016-11-10T11:45:00Z,2016-11-10T17:15:00+05:30,2016-11-10T12:45:00Z,2016-11-10T18:15:00+05:30,1,01:00:00,1,00:15:00,100.0,0.0,2016-11-10T12:30:00Z,2016-11-10T18:00:00+05:30,2016-11-10T12:45:00Z,2016-11-10T18:15:00+05:30
149.1,,,False,5,no2,µg/m³,,raw,01:00:00,2016-11-10T12:00:00Z,2016-11-10T17:30:00+05:30,2016-11-10T13:00:00Z,2016-11-10T18:30:00+05:30,1,01:00:00,1,00:15:00,100.0,0.0,2016-11-10T12:45:00Z,2016-11-10T18:15:00+05:30,2016-11-10T13:00:00Z,2016-11-10T18:30:00+05:30
144.3,,,False,5,no2,µg/m³,,raw,01:00:00,2016-11-10T12:15:00Z,2016-11-10T17:45:00+05:30,2016-11-10T13:15:00Z,2016-11-10T18:45:00+05:30,1,01:00:00,1,00:15:00,100.0,0.0,2016-11-10T13:00:00Z,2016-11-10T18:30:00+05:30,2016-11-10T13:15:00Z,2016-11-10T18:45:00+05:30
146.1,,,False,5,no2,µg/m³,,raw,01:00:00,2016-11-10T12:30:00Z,2016-11-10T18:00:00+05:30,2016-11-10T13:30:00Z,2016-11-10T19:00:00+05:30,1,01:00:00,1,00:15:00,100.0,0.0,2016-11-10T13:15:00Z,2016-11-10T18:45:00+05:30,2016-11-10T13:30:00Z,2016-11-10T19:00:00+05:30
155.8,,,False,5,no2,µg/m³,,raw,01:00:00,2016-11-10T12:45:00Z,2016-11-10T18:15:00+05:30,2016-11-10T13:45:00Z,2016-11-10T19:15:00+05:30,1,01:00:00,1,00:15:00,100.0,0.0,2016-11-10T13:30:00Z,2016-11-10T19:00:00+05:30,2016-11-10T13:45:00Z,2016-11-10T19:15:00+05:30
164.2,,,False,5,no2,µg/m³,,raw,01:00:00,2016-11-10T13:00:00Z,2016-11-10T18:30:00+05:30,2016-11-10T14:00:00Z,2016-11-10T19:30:00+05:30,1,01:00:00,1,00:15:00,100.0,0.0,2016-11-10T13:45:00Z,2016-11-10T19:15:00+05:30,2016-11-10T14:00:00Z,2016-11-10T19:30:00+05:30
160.6,,,False,5,no2,µg/m³,,raw,01:00:00,2016-11-10T13:15:00Z,2016-11-10T18:45:00+05:30,2016-11-10T14:15:00Z,2016-11-10T19:45:00+05:30,1,01:00:00,1,00:15:00,100.0,0.0,2016-11-10T14:00:00Z,2016-11-10T19:30:00+05:30,2016-11-10T14:15:00Z,2016-11-10T19:45:00+05:30
159.5,,,False,5,no2,µg/m³,,raw,01:00:00,2016-11-10T13:30:00Z,2016-11-10T19:00:00+05:30,2016-11-10T14:30:00Z,2016-11-10T20:00:00+05:30,1,01:00:00,1,00:15:00,100.0,0.0,2016-11-10T14:15:00Z,2016-11-10T19:45:00+05:30,2016-11-10T14:30:00Z,2016-11-10T20:00:00+05:30
156.7,,,False,5,no2,µg/m³,,raw,01:00:00,2016-11-10T13:45:00Z,2016-11-10T19:15:00+05:30,2016-11-10T14:45:00Z,2016-11-10T20:15:00+05:30,1,01:00:00,1,00:15:00,100.0,0.0,2016-11-10T14:30:00Z,2016-11-10T20:00:00+05:30,2016-11-10T14:45:00Z,2016-11-10T20:15:00+05:30
154.5,,,False,5,no2,µg/m³,,raw,01:00:00,2016-11-10T14:00:00Z,2016-11-10T19:30:00+05:30,2016-11-10T15:00:00Z,2016-11-10T20:30:00+05:30,1,01:00:00,1,00:15:00,100.0,0.0,2016-11-10T14:45:00Z,2016-11-10T20:15:00+05:30,2016-11-10T15:00:00Z,2016-11-10T20:30:00+05:30
148.2,,,False,5,no2,µg/m³,,raw,01:00:00,2016-11-10T14:15:00Z,2016-11-10T19:45:00+05:30,2016-11-10T15:15:00Z,2016-11-10T20:45:00+05:30,1,01:00:00,1,00:15:00,100.0,0.0,2016-11-10T15:00:00Z,2016-11-10T20:30:00+05:30,2016-11-10T15:15:00Z,2016-11-10T20:45:00+05:30
151.2,,,False,5,no2,µg/m³,,raw,01:00:00,2016-11-10T14:30:00Z,2016-11-10T20:00:00+05:30,2016-11-10T15:30:00Z,2016-11-10T21:00:00+05:30,1,01:00:00,1,00:15:00,100.0,0.0,2016-11-10T15:15:00Z,2016-11-10T20:45:00+05:30,2016-11-10T15:30:00Z,2016-11-10T21:00:00+05:30
147.7,,,False,5,no2,µg/m³,,raw,01:00:00,2016-11-10T14:45:00Z,2016-11-10T20:15:00+05:30,2016-11-10T15:45:00Z,2016-11-10T21:15:00+05:30,1,01:00:00,1,00:15:00,100.0,0.0,2016-11-10T15:30:00Z,2016-11-10T21:00:00+05:30,2016-11-10T15:45:00Z,2016-11-10T21:15:00+05:30
149.7,,,False,5,no2,µg/m³,,raw,01:00:00,2016-11-10T15:00:00Z,2016-11-10T20:30:00+05:30,2016-11-10T16:00:00Z,2016-11-10T21:30:00+05:30,1,01:00:00,1,00:15:00,100.0,0.0,2016-11-10T15:45:00Z,2016-11-10T21:15:00+05:30,2016-11-10T16:00:00Z,2016-11-10T21:30:00+05:30
153.9,,,False,5,no2,µg/m³,,raw,01:00:00,2016-11-10T15:15:00Z,2016-11-10T20:45:00+05:30,2016-11-10T16:15:00Z,2016-11-10T21:45:00+05:30,1,01:00:00,1,00:15:00,100.0,0.0,2016-11-10T16:00:00Z,2016-11-10T21:30:00+05:30,2016-11-10T16:15:00Z,2016-11-10T21:45:00+05:30
155.7,,,False,5,no2,µg/m³,,raw,01:00:00,2016-11-10T15:30:00Z,2016-11-10T21:00:00+05:30,2016-11-10T16:30:00Z,2016-11-10T22:00:00+05:30,1,01:00:00,1,00:15:00,100.0,0.0,2016-11-10T16:15:00Z,2016-11-10T21:45:00+05:30,2016-11-10T16:30:00Z,2016-11-10T22:00:00+05:30
152.0,,,False,5,no2,µg/m³,,raw,01:00:00,2016-11-10T15:45:00Z,2016-11-10T21:15:00+05:30,2016-11-10T16:45:00Z,2016-11-10T22:15:00+05:30,1,01:00:00,1,00:15:00,100.0,0.0,2016-11-10T16:30:00Z,2016-11-10T22:00:00+05:30,2016-11-10T16:45:00Z,2016-11-10T22:15:00+05:30
147.9,,,False,5,no2,µg/m³,,raw,01:00:00,2016-11-10T16:00:00Z,2016-11-10T21:30:00+05:30,2016-11-10T17:00:00Z,2016-11-10T22:30:00+05:30,1,01:00:00,1,00:15:00,100.0,0.0,2016-11-10T16:45:00Z,2016-11-10T22:15:00+05:30,2016-11-10T17:00:00Z,2016-11-10T22:30:00+05:30
147.3,,,False,5,no2,µg/m³,,raw,01:00:00,2016-11-10T16:15:00Z,2016-11-10T21:45:00+05:30,2016-11-10T17:15:00Z,2016-11-10T22:45:00+05:30,1,01:00:00,1,00:15:00,100.0,0.0,2016-11-10T17:00:00Z,2016-11-10T22:30:00+05:30,2016-11-10T17:15:00Z,2016-11-10T22:45:00+05:30
146.5,,,False,5,no2,µg/m³,,raw,01:00:00,2016-11-10T16:30:00Z,2016-11-10T22:00:00+05:30,2016-11-10T17:30:00Z,2016-11-10T23:00:00+05:30,1,01:00:00,1,00:15:00,100.0,0.0,2016-11-10T17:15:00Z,2016-11-10T22:45:00+05:30,2016-11-10T17:30:00Z,2016-11-10T23:00:00+05:30
139.2,,,False,5,no2,µg/m³,,raw,01:00:00,2016-11-10T16:45:00Z,2016-11-10T22:15:00+05:30,2016-11-10T17:45:00Z,2016-11-10T23:15:00+05:30,1,01:00:00,1,00:15:00,100.0,0.0,2016-11-10T17:30:00Z,2016-11-10T23:00:00+05:30,2016-11-10T17:45:00Z,2016-11-10T23:15:00+05:30
142.2,,,False,5,no2,µg/m³,,raw,01:00:00,2016-11-10T17:00:00Z,2016-11-10T22:30:00+05:30,2016-11-10T18:00:00Z,2016-11-10T23:30:00+05:30,1,01:00:00,1,00:15:00,100.0,0.0,2016-11-10T17:45:00Z,2016-11-10T23:15:00+05:30,2016-11-10T18:00:00Z,2016-11-10T23:30:00+05:30
130.6,,,False,5,no2,µg/m³,,raw,01:00:00,2016-11-10T17:15:00Z,2016-11-10T22:45:00+05:30,2016-11-10T18:15:00Z,2016-11-10T23:45:00+05:30,1,01:00:00,1,00:15:00,100.0,0.0,2016-11-10T18:00:00Z,2016-11-10T23:30:00+05:30,2016-11-10T18:15:00Z,2016-11-10T23:45:00+05:30
98.0,,,False,5,no2,µg/m³,,raw,01:00:00,2016-11-10T17:30:00Z,2016-11-10T23:00:00+05:30,2016-11-10T18:30:00Z,2016-11-11T00:00:00+05:30,1,01:00:00,1,00:15:00,100.0,0.0,2016-11-10T18:15:00Z,2016-11-10T23:45:00+05:30,2016-11-10T18:30:00Z,2016-11-11T00:00:00+05:30
124.2,,,False,5,no2,µg/m³,,raw,01:00:00,2016-11-10T17:45:00Z,2016-11-10T23:15:00+05:30,2016-11-10T18:45:00Z,2016-11-11T00:15:00+05:30,1,01:00:00,1,00:15:00,100.0,0.0,2016-11-10T18:30:00Z,2016-11-11T00:00:00+05:30,2016-11-10T18:45:00Z,2016-11-11T00:15:00+05:30
124.4,,,False,5,no2,µg/m³,,raw,01:00:00,2016-11-10T18:00:00Z,2016-11-10T23:30:00+05:30,2016-11-10T19:00:00Z,2016-11-11T00:30:00+05:30,1,01:00:00,1,00:15:00,100.0,0.0,2016-11-10T18:45:00Z,2016-11-11T00:15:00+05:30,2016-11-10T19:00:00Z,2016-11-11T00:30:00+05:30
119.5,,,False,5,no2,µg/m³,,raw,01:00:00,2016-11-10T18:15:00Z,2016-11-10T23:45:00+05:30,2016-11-10T19:15:00Z,2016-11-11T00:45:00+05:30,1,01:00:00,1,00:15:00,100.0,0.0,2016-11-10T19:00:00Z,2016-11-11T00:30:00+05:30,2016-11-10T19:15:00Z,2016-11-11T00:45:00+05:30
117.0,,,False,5,no2,µg/m³,,raw,01:00:00,2016-11-10T18:30:00Z,2016-11-11T00:00:00+05:30,2016-11-10T19:30:00Z,2016-11-11T01:00:00+05:30,1,01:00:00,1,00:15:00,100.0,0.0,2016-11-10T19:15:00Z,2016-11-11T00:45:00+05:30,2016-11-10T19:30:00Z,2016-11-11T01:00:00+05:30
114.2,,,False,5,no2,µg/m³,,raw,01:00:00,2016-11-10T18:45:00Z,2016-11-11T00:15:00+05:30,2016-11-10T19:45:00Z,2016-11-11T01:15:00+05:30,1,01:00:00,1,00:15:00,100.0,0.0,2016-11-10T19:30:00Z,2016-11-11T01:00:00+05:30,2016-11-10T19:45:00Z,2016-11-11T01:15:00+05:30
113.6,,,False,5,no2,µg/m³,,raw,01:00:00,2016-11-10T19:00:00Z,2016-11-11T00:30:00+05:30,2016-11-10T20:00:00Z,2016-11-11T01:30:00+05:30,1,01:00:00,1,00:15:00,100.0,0.0,2016-11-10T19:45:00Z,2016-11-11T01:15:00+05:30,2016-11-10T20:00:00Z,2016-11-11T01:30:00+05:30
124.4,,,False,5,no2,µg/m³,,raw,01:00:00,2016-11-10T19:15:00Z,2016-11-11T00:45:00+05:30,2016-11-10T20:15:00Z,2016-11-11T01:45:00+05:30,1,01:00:00,1,00:15:00,100.0,0.0,2016-11-10T20:00:00Z,2016-11-11T01:30:00+05:30,2016-11-10T20:15:00Z,2016-11-11T01:45:00+05:30
134.7,,,False,5,no2,µg/m³,,raw,01:00:00,2016-11-10T19:30:00Z,2016-11-11T01:00:00+05:30,2016-11-10T20:30:00Z,2016-11-11T02:00:00+05:30,1,01:00:00,1,00:15:00,100.0,0.0,2016-11-10T20:15:00Z,2016-11-11T01:45:00+05:30,2016-11-10T20:30:00Z,2016-11-11T02:00:00+05:30
117.6,,,False,5,no2,µg/m³,,raw,01:00:00,2016-11-10T19:45:00Z,2016-11-11T01:15:00+05:30,2016-11-10T20:45:00Z,2016-11-11T02:15:00+05:30,1,01:00:00,1,00:15:00,100.0,0.0,2016-11-10T20:30:00Z,2016-11-11T02:00:00+05:30,2016-11-10T20:45:00Z,2016-11-11T02:15:00+05:30
104.0,,,False,5,no2,µg/m³,,raw,01:00:00,2016-11-10T20:00:00Z,2016-11-11T01:30:00+05:30,2016-11-10T21:00:00Z,2016-11-11T02:30:00+05:30,1,01:00:00,1,00:15:00,100.0,0.0,2016-11-10T20:45:00Z,2016-11-11T02:15:00+05:30,2016-11-10T21:00:00Z,2016-11-11T02:30:00+05:30
100.0,,,False,5,no2,µg/m³,,raw,01:00:00,2016-11-10T20:15:00Z,2016-11-11T01:45:00+05:30,2016-11-10T21:15:00Z,2016-11-11T02:45:00+05:30,1,01:00:00,1,00:15:00,100.0,0.0,2016-11-10T21:00:00Z,2016-11-11T02:30:00+05:30,2016-11-10T21:15:00Z,2016-11-11T02:45:00+05:30
96.6,,,False,5,no2,µg/m³,,raw,01:00:00,2016-11-10T20:30:00Z,2016-11-11T02:00:00+05:30,2016-11-10T21:30:00Z,2016-11-11T03:00:00+05:30,1,01:00:00,1,00:15:00,100.0,0.0,2016-11-10T21:15:00Z,2016-11-11T02:45:00+05:30,2016-11-10T21:30:00Z,2016-11-11T03:00:00+05:30
94.0,,,False,5,no2,µg/m³,,raw,01:00:00,2016-11-10T20:45:00Z,2016-11-11T02:15:00+05:30,2016-11-10T21:45:00Z,2016-11-11T03:15:00+05:30,1,01:00:00,1,00:15:00,100.0,0.0,2016-11-10T21:30:00Z,2016-11-11T03:00:00+05:30,2016-11-10T21:45:00Z,2016-11-11T03:15:00+05:30
93.4,,,False,5,no2,µg/m³,,raw,01:00:00,2016-11-10T21:00:00Z,2016-11-11T02:30:00+05:30,2016-11-10T22:00:00Z,2016-11-11T03:30:00+05:30,1,01:00:00,1,00:15:00,100.0,0.0,2016-11-10T21:45:00Z,2016-11-11T03:15:00+05:30,2016-11-10T22:00:00Z,2016-11-11T03:30:00+05:30
91.1,,,False,5,no2,µg/m³,,raw,01:00:00,2016-11-10T21:15:00Z,2016-11-11T02:45:00+05:30,2016-11-10T22:15:00Z,2016-11-11T03:45:00+05:30,1,01:00:00,1,00:15:00,100.0,0.0,2016-11-10T22:00:00Z,2016-11-11T03:30:00+05:30,2016-11-10T22:15:00Z,2016-11-11T03:45:00+05:30
85.3,,,False,5,no2,µg/m³,,raw,01:00:00,2016-11-10T21:30:00Z,2016-11-11T03:00:00+05:30,2016-11-10T22:30:00Z,2016-11-11T04:00:00+05:30,1,01:00:00,1,00:15:00,100.0,0.0,2016-11-10T22:15:00Z,2016-11-11T03:45:00+05:30,2016-11-10T22:30:00Z,2016-11-11T04:00:00+05:30
82.4,,,False,5,no2,µg/m³,,raw,01:00:00,2016-11-10T21:45:00Z,2016-11-11T03:15:00+05:30,2016-11-10T22:45:00Z,2016-11-11T04:15:00+05:30,1,01:00:00,1,00:15:00,100.0,0.0,2016-11-10T22:30:00Z,2016-11-11T04:00:00+05:30,2016-11-10T22:45:00Z,2016-11-11T04:15:00+05:30
85.0,,,False,5,no2,µg/m³,,raw,01:00:00,2016-11-10T22:00:00Z,2016-11-11T03:30:00+05:30,2016-11-10T23:00:00Z,2016-11-11T04:30:00+05:30,1,01:00:00,1,00:15:00,100.0,0.0,2016-11-10T22:45:00Z,2016-11-11T04:15:00+05:30,2016-11-10T23:00:00Z,2016-11-11T04:30:00+05:30
82.8,,,False,5,no2,µg/m³,,raw,01:00:00,2016-11-10T22:15:00Z,2016-11-11T03:45:00+05:30,2016-11-10T23:15:00Z,2016-11-11T04:45:00+05:30,1,01:00:00,1,00:15:00,100.0,0.0,2016-11-10T23:00:00Z,2016-11-11T04:30:00+05:30,2016-11-10T23:15:00Z,2016-11-11T04:45:00+05:30
78.2,,,False,5,no2,µg/m³,,raw,01:00:00,2016-11-10T22:30:00Z,2016-11-11T04:00:00+05:30,2016-11-10T23:30:00Z,2016-11-11T05:00:00+05:30,1,01:00:00,1,00:15:00,100.0,0.0,2016-11-10T23:15:00Z,2016-11-11T04:45:00+05:30,2016-11-10T23:30:00Z,2016-11-11T05:00:00+05:30
84.4,,,False,5,no2,µg/m³,,raw,01:00:00,2016-11-10T22:45:00Z,2016-11-11T04:15:00+05:30,2016-11-10T23:45:00Z,2016-11-11T05:15:00+05:30,1,01:00:00,1,00:15:00,100.0,0.0,2016-11-10T23:30:00Z,2016-11-11T05:00:00+05:30,2016-11-10T23:45:00Z,2016-11-11T05:15:00+05:30
79.0,,,False,5,no2,µg/m³,,raw,01:00:00,2016-11-10T23:00:00Z,2016-11-11T04:30:00+05:30,2016-11-11T00:00:00Z,2016-11-11T05:30:00+05:30,1,01:00:00,1,00:15:00,100.0,0.0,2016-11-10T23:45:00Z,2016-11-11T05:15:00+05:30,2016-11-11T00:00:00Z,2016-11-11T05:30:00+05:30
81.5,,,False,5,no2,µg/m³,,raw,01:00:00,2016-11-10T23:15:00Z,2016-11-11T04:45:00+05:30,2016-11-11T00:15:00Z,2016-11-11T05:45:00+05:30,1,01:00:00,1,00:15:00,100.0,0.0,2016-11-11T00:00:00Z,2016-11-11T05:30:00+05:30,2016-11-11T00:15:00Z,2016-11-11T05:45:00+05:30
86.7,,,False,5,no2,µg/m³,,raw,01:00:00,2016-11-10T23:30:00Z,2016-11-11T05:00:00+05:30,2016-11-11T00:30:00Z,2016-11-11T06:00:00+05:30,1,01:00:00,1,00:15:00,100.0,0.0,2016-11-11T00:15:00Z,2016-11-11T05:45:00+05:30,2016-11-11T00:30:00Z,2016-11-11T06:00:00+05:30
84.8,,,False,5,no2,µg/m³,,raw,01:00:00,2016-11-10T23:45:00Z,2016-11-11T05:15:00+05:30,2016-11-11T00:45:00Z,2016-11-11T06:15:00+05:30,1,01:00:00,1,00:15:00,100.0,0.0,2016-11-11T00:30:00Z,2016-11-11T06:00:00+05:30,2016-11-11T00:45:00Z,2016-11-11T06:15:00+05:30
100.2,,,False,5,no2,µg/m³,,raw,01:00:00,2016-11-11T00:00:00Z,2016-11-11T05:30:00+05:30,2016-11-11T01:00:00Z,2016-11-11T06:30:00+05:30,1,01:00:00,1,00:15:00,100.0,0.0,2016-11-11T00:45:00Z,2016-11-11T06:15:00+05:30,2016-11-11T01:00:00Z,2016-11-11T06:30:00+05:30
100.8,,,False,5,no2,µg/m³,,raw,01:00:00,2016-11-11T00:15:00Z,2016-11-11T05:45:00+05:30,2016-11-11T01:15:00Z,2016-11-11T06:45:00+05:30,1,01:00:00,1,00:15:00,100.0,0.0,2016-11-11T01:00:00Z,2016-11-11T06:30:00+05:30,2016-11-11T01:15:00Z,2016-11-11T06:45:00+05:30
99.3,,,False,5,no2,µg/m³,,raw,01:00:00,2016-11-11T00:30:00Z,2016-11-11T06:00:00+05:30,2016-11-11T01:30:00Z,2016-11-11T07:00:00+05:30,1,01:00:00,1,00:15:00,100.0,0.0,2016-11-11T01:15:00Z,2016-11-11T06:45:00+05:30,2016-11-11T01:30:00Z,2016-11-11T07:00:00+05:30
86.6,,,False,5,no2,µg/m³,,raw,01:00:00,2016-11-11T00:45:00Z,2016-11-11T06:15:00+05:30,2016-11-11T01:45:00Z,2016-11-11T07:15:00+05:30,1,01:00:00,1,00:15:00,100.0,0.0,2016-11-11T01:30:00Z,2016-11-11T07:00:00+05:30,2016-11-11T01:45:00Z,2016-11-11T07:15:00+05:30
93.3,,,False,5,no2,µg/m³,,raw,01:00:00,2016-11-11T01:00:00Z,2016-11-11T06:30:00+05:30,2016-11-11T02:00:00Z,2016-11-11T07:30:00+05:30,1,01:00:00,1,00:15:00,100.0,0.0,2016-11-11T01:45:00Z,2016-11-11T07:15:00+05:30,2016-11-11T02:00:00Z,2016-11-11T07:30:00+05:30
103.9,,,False,5,no2,µg/m³,,raw,01:00:00,2016-11-11T01:15:00Z,2016-11-11T06:45:00+05:30,2016-11-11T02:15:00Z,2016-11-11T07:45:00+05:30,1,01:00:00,1,00:15:00,100.0,0.0,2016-11-11T02:00:00Z,2016-11-11T07:30:00+05:30,2016-11-11T02:15:00Z,2016-11-11T07:45:00+05:30
107.6,,,False,5,no2,µg/m³,,raw,01:00:00,2016-11-11T01:30:00Z,2016-11-11T07:00:00+05:30,2016-11-11T02:30:00Z,2016-11-11T08:00:00+05:30,1,01:00:00,1,00:15:00,100.0,0.0,2016-11-11T02:15:00Z,2016-11-11T07:45:00+05:30,2016-11-11T02:30:00Z,2016-11-11T08:00:00+05:30
120.5,,,False,5,no2,µg/m³,,raw,01:00:00,2016-11-11T01:45:00Z,2016-11-11T07:15:00+05:30,2016-11-11T02:45:00Z,2016-11-11T08:15:00+05:30,1,01:00:00,1,00:15:00,100.0,0.0,2016-11-11T02:30:00Z,2016-11-11T08:00:00+05:30,2016-11-11T02:45:00Z,2016-11-11T08:15:00+05:30
125.8,,,False,5,no2,µg/m³,,raw,01:00:00,2016-11-11T02:00:00Z,2016-11-11T07:30:00+05:30,2016-11-11T03:00:00Z,2016-11-11T08:30:00+05:30,1,01:00:00,1,00:15:00,100.0,0.0,2016-11-11T02:45:00Z,2016-11-11T08:15:00+05:30,2016-11-11T03:00:00Z,2016-11-11T08:30:00+05:30
137.7,,,False,5,no2,µg/m³,,raw,01:00:00,2016-11-11T02:15:00Z,2016-11-11T07:45:00+05:30,2016-11-11T03:15:00Z,2016-11-11T08:45:00+05:30,1,01:00:00,1,00:15:00,100.0,0.0,2016-11-11T03:00:00Z,2016-11-11T08:30:00+05:30,2016-11-11T03:15:00Z,2016-11-11T08:45:00+05:30
143.9,,,False,5,no2,µg/m³,,raw,01:00:00,2016-11-11T02:30:00Z,2016-11-11T08:00:00+05:30,2016-11-11T03:30:00Z,2016-11-11T09:00:00+05:30,1,01:00:00,1,00:15:00,100.0,0.0,2016-11-11T03:15:00Z,2016-11-11T08:45:00+05:30,2016-11-11T03:30:00Z,2016-11-11T09:00:00+05:30
157.4,,,False,5,no2,µg/m³,,raw,01:00:00,2016-11-11T02:45:00Z,2016-11-11T08:15:00+05:30,2016-11-11T03:45:00Z,2016-11-11T09:15:00+05:30,1,01:00:00,1,00:15:00,100.0,0.0,2016-11-11T03:30:00Z,2016-11-11T09:00:00+05:30,2016-11-11T03:45:00Z,2016-11-11T09:15:00+05:30
149.8,,,False,5,no2,µg/m³,,raw,01:00:00,2016-11-11T03:00:00Z,2016-11-11T08:30:00+05:30,2016-11-11T04:00:00Z,2016-11-11T09:30:00+05:30,1,01:00:00,1,00:15:00,100.0,0.0,2016-11-11T03:45:00Z,2016-11-11T09:15:00+05:30,2016-11-11T04:00:00Z,2016-11-11T09:30:00+05:30
117.3,,,False,5,no2,µg/m³,,raw,01:00:00,2016-11-11T03:15:00Z,2016-11-11T08:45:00+05:30,2016-11-11T04:15:00Z,2016-11-11T09:45:00+05:30,1,01:00:00,1,00:15:00,100.0,0.0,2016-11-11T04:00:00Z,2016-11-11T09:30:00+05:30,2016-11-11T04:15:00Z,2016-11-11T09:45:00+05:30
115.6,,,False,5,no2,µg/m³,,raw,01:00:00,2016-11-11T03:30:00Z,2016-11-11T09:00:00+05:30,2016-11-11T04:30:00Z,2016-11-11T10:00:00+05:30,1,01:00:00,1,00:15:00,100.0,0.0,2016-11-11T04:15:00Z,2016-11-11T09:45:00+05:30,2016-11-11T04:30:00Z,2016-11-11T10:00:00+05:30
106.2,,,False,5,no2,µg/m³,,raw,01:00:00,2016-11-11T03:45:00Z,2016-11-11T09:15:00+05:30,2016-11-11T04:45:00Z,2016-11-11T10:15:00+05:30,1,01:00:00,1,00:15:00,100.0,0.0,2016-11-11T04:30:00Z,2016-11-11T10:00:00+05:30,2016-11-11T04:45:00Z,2016-11-11T10:15:00+05:30
107.2,,,False,5,no2,µg/m³,,raw,01:00:00,2016-11-11T04:00:00Z,2016-11-11T09:30:00+05:30,2016-11-11T05:00:00Z,2016-11-11T10:30:00+05:30,1,01:00:00,1,00:15:00,100.0,0.0,2016-11-11T04:45:00Z,2016-11-11T10:15:00+05:30,2016-11-11T05:00:00Z,2016-11-11T10:30:00+05:30
90.7,,,False,5,no2,µg/m³,,raw,01:00:00,2016-11-11T04:15:00Z,2016-11-11T09:45:00+05:30,2016-11-11T05:15:00Z,2016-11-11T10:45:00+05:30,1,01:00:00,1,00:15:00,100.0,0.0,2016-11-11T05:00:00Z,2016-11-11T10:30:00+05:30,2016-11-11T05:15:00Z,2016-11-11T10:45:00+05:30
115.2,,,False,5,no2,µg/m³,,raw,01:00:00,2016-11-11T04:30:00Z,2016-11-11T10:00:00+05:30,2016-11-11T05:30:00Z,2016-11-11T11:00:00+05:30,1,01:00:00,1,00:15:00,100.0,0.0,2016-11-11T05:15:00Z,2016-11-11T10:45:00+05:30,2016-11-11T05:30:00Z,2016-11-11T11:00:00+05:30
80.7,,,False,5,no2,µg/m³,,raw,01:00:00,2016-11-11T04:45:00Z,2016-11-11T10:15:00+05:30,2016-11-11T05:45:00Z,2016-11-11T11:15:00+05:30,1,01:00:00,1,00:15:00,100.0,0.0,2016-11-11T05:30:00Z,2016-11-11T11:00:00+05:30,2016-11-11T05:45:00Z,2016-11-11T11:15:00+05:30
89.2,,,False,5,no2,µg/m³,,raw,01:00:00,2016-11-11T05:00:00Z,2016-11-11T10:30:00+05:30,2016-11-11T06:00:00Z,2016-11-11T11:30:00+05:30,1,01:00:00,1,00:15:00,100.0,0.0,2016-11-11T05:45:00Z,2016-11-11T11:15:00+05:30,2016-11-11T06:00:00Z,2016-11-11T11:30:00+05:30
100.5,,,False,5,no2,µg/m³,,raw,01:00:00,2016-11-11T05:15:00Z,2016-11-11T10:45:00+05:30,2016-11-11T06:15:00Z,2016-11-11T11:45:00+05:30,1,01:00:00,1,00:15:00,100.0,0.0,2016-11-11T06:00:00Z,2016-11-11T11:30:00+05:30,2016-11-11T06:15:00Z,2016-11-11T11:45:00+05:30
97.3,,,False,5,no2,µg/m³,,raw,01:00:00,2016-11-11T05:30:00Z,2016-11-11T11:00:00+05:30,2016-11-11T06:30:00Z,2016-11-11T12:00:00+05:30,1,01:00:00,1,00:15:00,100.0,0.0,2016-11-11T06:15:00Z,2016-11-11T11:45:00+05:30,2016-11-11T06:30:00Z,2016-11-11T12:00:00+05:30
93.8,,,False,5,no2,µg/m³,,raw,01:00:00,2016-11-11T05:45:00Z,2016-11-11T11:15:00+05:30,2016-11-11T06:45:00Z,2016-11-11T12:15:00+05:30,1,01:00:00,1,00:15:00,100.0,0.0,2016-11-11T06:30:00Z,2016-11-11T12:00:00+05:30,2016-11-11T06:45:00Z,2016-11-11T12:15:00+05:30
109.0,,,False,5,no2,µg/m³,,raw,01:00:00,2016-11-11T06:00:00Z,2016-11-11T11:30:00+05:30,2016-11-11T07:00:00Z,2016-11-11T12:30:00+05:30,1,01:00:00,1,00:15:00,100.0,0.0,2016-11-11T06:45:00Z,2016-11-11T12:15:00+05:30,2016-11-11T07:00:00Z,2016-11-11T12:30:00+05:30
89.4,,,False,5,no2,µg/m³,,raw,01:00:00,2016-11-11T06:15:00Z,2016-11-11T11:45:00+05:30,2016-11-11T07:15:00Z,2016-11-11T12:45:00+05:30,1,01:00:00,1,00:15:00,100.0,0.0,2016-11-11T07:00:00Z,2016-11-11T12:30:00+05:30,2016-11-11T07:15:00Z,2016-11-11T12:45:00+05:30
88.4,,,False,5,no2,µg/m³,,raw,01:00:00,2016-11-11T06:30:00Z,2016-11-11T12:00:00+05:30,2016-11-11T07:30:00Z,2016-11-11T13:00:00+05:30,1,01:00:00,1,00:15:00,100.0,0.0,2016-11-11T07:15:00Z,2016-11-11T12:45:00+05:30,2016-11-11T07:30:00Z,2016-11-11T13:00:00+05:30
75.9,,,False,5,no2,µg/m³,,raw,01:00:00,2016-11-11T06:45:00Z,2016-11-11T12:15:00+05:30,2016-11-11T07:45:00Z,2016-11-11T13:15:00+05:30,1,01:00:00,1,00:15:00,100.0,0.0,2016-11-11T07:30:00Z,2016-11-11T13:00:00+05:30,2016-11-11T07:45:00Z,2016-11-11T13:15:00+05:30
95.6,,,False,5,no2,µg/m³,,raw,01:00:00,2016-11-11T07:00:00Z,2016-11-11T12:30:00+05:30,2016-11-11T08:00:00Z,2016-11-11T13:30:00+05:30,1,01:00:00,1,00:15:00,100.0,0.0,2016-11-11T07:45:00Z,2016-11-11T13:15:00+05:30,2016-11-11T08:00:00Z,2016-11-11T13:30:00+05:30
79.6,,,False,5,no2,µg/m³,,raw,01:00:00,2016-11-11T07:15:00Z,2016-11-11T12:45:00+05:30,2016-11-11T08:15:00Z,2016-11-11T13:45:00+05:30,1,01:00:00,1,00:15:00,100.0,0.0,2016-11-11T08:00:00Z,2016-11-11T13:30:00+05:30,2016-11-11T08:15:00Z,2016-11-11T13:45:00+05:30
88.1,,,False,5,no2,µg/m³,,raw,01:00:00,2016-11-11T07:30:00Z,2016-11-11T13:00:00+05:30,2016-11-11T08:30:00Z,2016-11-11T14:00:00+05:30,1,01:00:00,1,00:15:00,100.0,0.0,2016-11-11T08:15:00Z,2016-11-11T13:45:00+05:30,2016-11-11T08:30:00Z,2016-11-11T14:00:00+05:30
80.1,,,False,5,no2,µg/m³,,raw,01:00:00,2016-11-11T07:45:00Z,2016-11-11T13:15:00+05:30,2016-11-11T08:45:00Z,2016-11-11T14:15:00+05:30,1,01:00:00,1,00:15:00,100.0,0.0,2016-11-11T08:30:00Z,2016-11-11T14:00:00+05:30,2016-11-11T08:45:00Z,2016-11-11T14:15:00+05:30
96.1,,,False,5,no2,µg/m³,,raw,01:00:00,2016-11-11T08:00:00Z,2016-11-11T13:30:00+05:30,2016-11-11T09:00:00Z,2016-11-11T14:30:00+05:30,1,01:00:00,1,00:15:00,100.0,0.0,2016-11-11T08:45:00Z,2016-11-11T14:15:00+05:30,2016-11-11T09:00:00Z,2016-11-11T14:30:00+05:30
89.6,,,False,5,no2,µg/m³,,raw,01:00:00,2016-11-11T08:15:00Z,2016-11-11T13:45:00+05:30,2016-11-11T09:15:00Z,2016-11-11T14:45:00+05:30,1,01:00:00,1,00:15:00,100.0,0.0,2016-11-11T09:00:00Z,2016-11-11T14:30:00+05:30,2016-11-11T09:15:00Z,2016-11-11T14:45:00+05:30
96.1,,,False,5,no2,µg/m³,,raw,01:00:00,2016-11-11T08:30:00Z,2016-11-11T14:00:00+05:30,2016-11-11T09:30:00Z,2016-11-11T15:00:00+05:30,1,01:00:00,1,00:15:00,100.0,0.0,2016-11-11T09:15:00Z,2016-11-11T14:45:00+05:30,2016-11-11T09:30:00Z,2016-11-11T15:00:00+05:30
83.5,,,False,5,no2,µg/m³,,raw,01:00:00,2016-11-11T08:45:00Z,2016-11-11T14:15:00+05:30,2016-11-11T09:45:00Z,2016-11-11T15:15:00+05:30,1,01:00:00,1,00:15:00,100.0,0.0,2016-11-11T09:30:00Z,2016-11-11T15:00:00+05:30,2016-11-11T09:45:00Z,2016-11-11T15:15:00+05:30
109.5,,,False,5,no2,µg/m³,,raw,01:00:00,2016-11-11T09:00:00Z,2016-11-11T14:30:00+05:30,2016-11-11T10:00:00Z,2016-11-11T15:30:00+05:30,1,01:00:00,1,00:15:00,100.0,0.0,2016-11-11T09:45:00Z,2016-11-11T15:15:00+05:30,2016-11-11T10:00:00Z,2016-11-11T15:30:00+05:30
97.2,,,False,5,no2,µg/m³,,raw,01:00:00,2016-11-11T09:15:00Z,2016-11-11T14:45:00+05:30,2016-11-11T10:15:00Z,2016-11-11T15:45:00+05:30,1,01:00:00,1,00:15:00,100.0,0.0,2016-11-11T10:00:00Z,2016-11-11T15:30:00+05:30,2016-11-11T10:15:00Z,2016-11-11T15:45:00+05:30
121.1,,,False,5,no2,µg/m³,,raw,01:00:00,2016-11-11T09:30:00Z,2016-11-11T15:00:00+05:30,2016-11-11T10:30:00Z,2016-11-11T16:00:00+05:30,1,01:00:00,1,00:15:00,100.0,0.0,2016-11-11T10:15:00Z,2016-11-11T15:45:00+05:30,2016-11-11T10:30:00Z,2016-11-11T16:00:00+05:30
109.5,,,False,5,no2,µg/m³,,raw,01:00:00,2016-11-11T09:45:00Z,2016-11-11T15:15:00+05:30,2016-11-11T10:45:00Z,2016-11-11T16:15:00+05:30,1,01:00:00,1,00:15:00,100.0,0.0,2016-11-11T10:30:00Z,2016-11-11T16:00:00+05:30,2016-11-11T10:45:00Z,2016-11-11T16:15:00+05:30
123.0,,,False,5,no2,µg/m³,,raw,01:00:00,2016-11-11T10:00:00Z,2016-11-11T15:30:00+05:30,2016-11-11T11:00:00Z,2016-11-11T16:30:00+05:30,1,01:00:00,1,00:15:00,100.0,0.0,2016-11-11T10:45:00Z,2016-11-11T16:15:00+05:30,2016-11-11T11:00:00Z,2016-11-11T16:30:00+05:30
129.0,,,False,5,no2,µg/m³,,raw,01:00:00,2016-11-11T10:15:00Z,2016-11-11T15:45:00+05:30,2016-11-11T11:15:00Z,2016-11-11T16:45:00+05:30,1,01:00:00,1,00:15:00,100.0,0.0,2016-11-11T11:00:00Z,2016-11-11T16:30:00+05:30,2016-11-11T11:15:00Z,2016-11-11T16:45:00+05:30
134.2,,,False,5,no2,µg/m³,,raw,01:00:00,2016-11-11T10:30:00Z,2016-11-11T16:00:00+05:30,2016-11-11T11:30:00Z,2016-11-11T17:00:00+05:30,1,01:00:00,1,00:15:00,100.0,0.0,2016-11-11T11:15:00Z,2016-11-11T16:45:00+05:30,2016-11-11T11:30:00Z,2016-11-11T17:00:00+05:30
131.4,,,False,5,no2,µg/m³,,raw,01:00:00,2016-11-11T10:45:00Z,2016-11-11T16:15:00+05:30,2016-11-11T11:45:00Z,2016-11-11T17:15:00+05:30,1,01:00:00,1,00:15:00,100.0,0.0,2016-11-11T11:30:00Z,2016-11-11T17:00:00+05:30,2016-11-11T11:45:00Z,2016-11-11T17:15:00+05:30
133.1,,,False,5,no2,µg/m³,,raw,01:00:00,2016-11-11T11:00:00Z,2016-11-11T16:30:00+05:30,2016-11-11T12:00:00Z,2016-11-11T17:30:00+05:30,1,01:00:00,1,00:15:00,100.0,0.0,2016-11-11T11:45:00Z,2016-11-11T17:15:00+05:30,2016-11-11T12:00:00Z,2016-11-11T17:30:00+05:30
132.5,,,False,5,no2,µg/m³,,raw,01:00:00,2016-11-11T11:15:00Z,2016-11-11T16:45:00+05:30,2016-11-11T12:15:00Z,2016-11-11T17:45:00+05:30,1,01:00:00,1,00:15:00,100.0,0.0,2016-11-11T12:00:00Z,2016-11-11T17:30:00+05:30,2016-11-11T12:15:00Z,2016-11-11T17:45:00+05:30
137.2,,,False,5,no2,µg/m³,,raw,01:00:00,2016-11-11T11:30:00Z,2016-11-11T17:00:00+05:30,2016-11-11T12:30:00Z,2016-11-11T18:00:00+05:30,1,01:00:00,1,00:15:00,100.0,0.0,2016-11-11T12:15:00Z,2016-11-11T17:45:00+05:30,2016-11-11T12:30:00Z,2016-11-11T18:00:00+05:30
135.0,,,False,5,no2,µg/m³,,raw,01:00:00,2016-11-11T11:45:00Z,2016-11-11T17:15:00+05:30,2016-11-11T12:45:00Z,2016-11-11T18:15:00+05:30,1,01:00:00,1,00:15:00,100.0,0.0,2016-11-11T12:30:00Z,2016-11-11T18:00:00+05:30,2016-11-11T12:45:00Z,2016-11-11T18:15:00+05:30
146.9,,,False,5,no2,µg/m³,,raw,01:00:00,2016-11-11T12:00:00Z,2016-11-11T17:30:00+05:30,2016-11-11T13:00:00Z,2016-11-11T18:30:00+05:30,1,01:00:00,1,00:15:00,100.0,0.0,2016-11-11T12:45:00Z,2016-11-11T18:15:00+05:30,2016-11-11T13:00:00Z,2016-11-11T18:30:00+05:30
142.2,,,False,5,no2,µg/m³,,raw,01:00:00,2016-11-11T12:15:00Z,2016-11-11T17:45:00+05:30,2016-11-11T13:15:00Z,2016-11-11T18:45:00+05:30,1,01:00:00,1,00:15:00,100.0,0.0,2016-11-11T13:00:00Z,2016-11-11T18:30:00+05:30,2016-11-11T13:15:00Z,2016-11-11T18:45:00+05:30
137.7,,,False,5,no2,µg/m³,,raw,01:00:00,2016-11-11T12:45:00Z,2016-11-11T18:15:00+05:30,2016-11-11T13:45:00Z,2016-11-11T19:15:00+05:30,1,01:00:00,1,00:15:00,100.0,0.0,2016-11-11T13:30:00Z,2016-11-11T19:00:00+05:30,2016-11-11T13:45:00Z,2016-11-11T19:15:00+05:30
128.5,,,False,5,no2,µg/m³,,raw,01:00:00,2016-11-11T13:00:00Z,2016-11-11T18:30:00+05:30,2016-11-11T14:00:00Z,2016-11-11T19:30:00+05:30,1,01:00:00,1,00:15:00,100.0,0.0,2016-11-11T13:45:00Z,2016-11-11T19:15:00+05:30,2016-11-11T14:00:00Z,2016-11-11T19:30:00+05:30
129.7,,,False,5,no2,µg/m³,,raw,01:00:00,2016-11-11T13:15:00Z,2016-11-11T18:45:00+05:30,2016-11-11T14:15:00Z,2016-11-11T19:45:00+05:30,1,01:00:00,1,00:15:00,100.0,0.0,2016-11-11T14:00:00Z,2016-11-11T19:30:00+05:30,2016-11-11T14:15:00Z,2016-11-11T19:45:00+05:30
129.2,,,False,5,no2,µg/m³,,raw,01:00:00,2016-11-11T13:30:00Z,2016-11-11T19:00:00+05:30,2016-11-11T14:30:00Z,2016-11-11T20:00:00+05:30,1,01:00:00,1,00:15:00,100.0,0.0,2016-11-11T14:15:00Z,2016-11-11T19:45:00+05:30,2016-11-11T14:30:00Z,2016-11-11T20:00:00+05:30
125.0,,,False,5,no2,µg/m³,,raw,01:00:00,2016-11-11T13:45:00Z,2016-11-11T19:15:00+05:30,2016-11-11T14:45:00Z,2016-11-11T20:15:00+05:30,1,01:00:00,1,00:15:00,100.0,0.0,2016-11-11T14:30:00Z,2016-11-11T20:00:00+05:30,2016-11-11T14:45:00Z,2016-11-11T20:15:00+05:30
127.1,,,False,5,no2,µg/m³,,raw,01:00:00,2016-11-11T14:00:00Z,2016-11-11T19:30:00+05:30,2016-11-11T15:00:00Z,2016-11-11T20:30:00+05:30,1,01:00:00,1,00:15:00,100.0,0.0,2016-11-11T14:45:00Z,2016-11-11T20:15:00+05:30,2016-11-11T15:00:00Z,2016-11-11T20:30:00+05:30
126.6,,,False,5,no2,µg/m³,,raw,01:00:00,2016-11-11T14:15:00Z,2016-11-11T19:45:00+05:30,2016-11-11T15:15:00Z,2016-11-11T20:45:00+05:30,1,01:00:00,1,00:15:00,100.0,0.0,2016-11-11T15:00:00Z,2016-11-11T20:30:00+05:30,2016-11-11T15:15:00Z,2016-11-11T20:45:00+05:30
132.6,,,False,5,no2,µg/m³,,raw,01:00:00,2016-11-11T14:30:00Z,2016-11-11T20:00:00+05:30,2016-11-11T15:30:00Z,2016-11-11T21:00:00+05:30,1,01:00:00,1,00:15:00,100.0,0.0,2016-11-11T15:15:00Z,2016-11-11T20:45:00+05:30,2016-11-11T15:30:00Z,2016-11-11T21:00:00+05:30
129.9,,,False,5,no2,µg/m³,,raw,01:00:00,2016-11-11T14:45:00Z,2016-11-11T20:15:00+05:30,2016-11-11T15:45:00Z,2016-11-11T21:15:00+05:30,1,01:00:00,1,00:15:00,100.0,0.0,2016-11-11T15:30:00Z,2016-11-11T21:00:00+05:30,2016-11-11T15:45:00Z,2016-11-11T21:15:00+05:30
127.9,,,False,5,no2,µg/m³,,raw,01:00:00,2016-11-11T15:00:00Z,2016-11-11T20:30:00+05:30,2016-11-11T16:00:00Z,2016-11-11T21:30:00+05:30,1,01:00:00,1,00:15:00,100.0,0.0,2016-11-11T15:45:00Z,2016-11-11T21:15:00+05:30,2016-11-11T16:00:00Z,2016-11-11T21:30:00+05:30
123.4,,,False,5,no2,µg/m³,,raw,01:00:00,2016-11-11T15:15:00Z,2016-11-11T20:45:00+05:30,2016-11-11T16:15:00Z,2016-11-11T21:45:00+05:30,1,01:00:00,1,00:15:00,100.0,0.0,2016-11-11T16:00:00Z,2016-11-11T21:30:00+05:30,2016-11-11T16:15:00Z,2016-11-11T21:45:00+05:30
120.2,,,False,5,no2,µg/m³,,raw,01:00:00,2016-11-11T15:30:00Z,2016-11-11T21:00:00+05:30,2016-11-11T16:30:00Z,2016-11-11T22:00:00+05:30,1,01:00:00,1,00:15:00,100.0,0.0,2016-11-11T16:15:00Z,2016-11-11T21:45:00+05:30,2016-11-11T16:30:00Z,2016-11-11T22:00:00+05:30
126.5,,,False,5,no2,µg/m³,,raw,01:00:00,2016-11-11T15:45:00Z,2016-11-11T21:15:00+05:30,2016-11-11T16:45:00Z,2016-11-11T22:15:00+05:30,1,01:00:00,1,00:15:00,100.0,0.0,2016-11-11T16:30:00Z,2016-11-11T22:00:00+05:30,2016-11-11T16:45:00Z,2016-11-11T22:15:00+05:30
118.5,,,False,5,no2,µg/m³,,raw,01:00:00,2016-11-11T16:00:00Z,2016-11-11T21:30:00+05:30,2016-11-11T17:00:00Z,2016-11-11T22:30:00+05:30,1,01:00:00,1,00:15:00,100.0,0.0,2016-11-11T16:45:00Z,2016-11-11T22:15:00+05:30,2016-11-11T17:00:00Z,2016-11-11T22:30:00+05:30
116.7,,,False,5,no2,µg/m³,,raw,01:00:00,2016-11-11T16:15:00Z,2016-11-11T21:45:00+05:30,2016-11-11T17:15:00Z,2016-11-11T22:45:00+05:30,1,01:00:00,1,00:15:00,100.0,0.0,2016-11-11T17:00:00Z,2016-11-11T22:30:00+05:30,2016-11-11T17:15:00Z,2016-11-11T22:45:00+05:30
111.7,,,False,5,no2,µg/m³,,raw,01:00:00,2016-11-11T16:30:00Z,2016-11-11T22:00:00+05:30,2016-11-11T17:30:00Z,2016-11-11T23:00:00+05:30,1,01:00:00,1,00:15:00,100.0,0.0,2016-11-11T17:15:00Z,2016-11-11T22:45:00+05:30,2016-11-11T17:30:00Z,2016-11-11T23:00:00+05:30
110.9,,,False,5,no2,µg/m³,,raw,01:00:00,2016-11-11T16:45:00Z,2016-11-11T22:15:00+05:30,2016-11-11T17:45:00Z,2016-11-11T23:15:00+05:30,1,01:00:00,1,00:15:00,100.0,0.0,2016-11-11T17:30:00Z,2016-11-11T23:00:00+05:30,2016-11-11T17:45:00Z,2016-11-11T23:15:00+05:30
103.4,,,False,5,no2,µg/m³,,raw,01:00:00,2016-11-11T17:00:00Z,2016-11-11T22:30:00+05:30,2016-11-11T18:00:00Z,2016-11-11T23:30:00+05:30,1,01:00:00,1,00:15:00,100.0,0.0,2016-11-11T17:45:00Z,2016-11-11T23:15:00+05:30,2016-11-11T18:00:00Z,2016-11-11T23:30:00+05:30
99.0,,,False,5,no2,µg/m³,,raw,01:00:00,2016-11-11T17:15:00Z,2016-11-11T22:45:00+05:30,2016-11-11T18:15:00Z,2016-11-11T23:45:00+05:30,1,01:00:00,1,00:15:00,100.0,0.0,2016-11-11T18:00:00Z,2016-11-11T23:30:00+05:30,2016-11-11T18:15:00Z,2016-11-11T23:45:00+05:30
107.1,,,False,5,no2,µg/m³,,raw,01:00:00,2016-11-11T17:30:00Z,2016-11-11T23:00:00+05:30,2016-11-11T18:30:00Z,2016-11-12T00:00:00+05:30,1,01:00:00,1,00:15:00,100.0,0.0,2016-11-11T18:15:00Z,2016-11-11T23:45:00+05:30,2016-11-11T18:30:00Z,2016-11-12T00:00:00+05:30
94.7,,,False,5,no2,µg/m³,,raw,01:00:00,2016-11-11T17:45:00Z,2016-11-11T23:15:00+05:30,2016-11-11T18:45:00Z,2016-11-12T00:15:00+05:30,1,01:00:00,1,00:15:00,100.0,0.0,2016-11-11T18:30:00Z,2016-11-12T00:00:00+05:30,2016-11-11T18:45:00Z,2016-11-12T00:15:00+05:30
95.7,,,False,5,no2,µg/m³,,raw,01:00:00,2016-11-11T18:00:00Z,2016-11-11T23:30:00+05:30,2016-11-11T19:00:00Z,2016-11-12T00:30:00+05:30,1,01:00:00,1,00:15:00,100.0,0.0,2016-11-11T18:45:00Z,2016-11-12T00:15:00+05:30,2016-11-11T19:00:00Z,2016-11-12T00:30:00+05:30
97.6,,,False,5,no2,µg/m³,,raw,01:00:00,2016-11-11T18:15:00Z,2016-11-11T23:45:00+05:30,2016-11-11T19:15:00Z,2016-11-12T00:45:00+05:30,1,01:00:00,1,00:15:00,100.0,0.0,2016-11-11T19:00:00Z,2016-11-12T00:30:00+05:30,2016-11-11T19:15:00Z,2016-11-12T00:45:00+05:30
95.6,,,False,5,no2,µg/m³,,raw,01:00:00,2016-11-11T18:30:00Z,2016-11-12T00:00:00+05:30,2016-11-11T19:30:00Z,2016-11-12T01:00:00+05:30,1,01:00:00,1,00:15:00,100.0,0.0,2016-11-11T19:15:00Z,2016-11-12T00:45:00+05:30,2016-11-11T19:30:00Z,2016-11-12T01:00:00+05:30
94.3,,,False,5,no2,µg/m³,,raw,01:00:00,2016-11-11T18:45:00Z,2016-11-12T00:15:00+05:30,2016-11-11T19:45:00Z,2016-11-12T01:15:00+05:30,1,01:00:00,1,00:15:00,100.0,0.0,2016-11-11T19:30:00Z,2016-11-12T01:00:00+05:30,2016-11-11T19:45:00Z,2016-11-12T01:15:00+05:30
93.9,,,False,5,no2,µg/m³,,raw,01:00:00,2016-11-11T19:00:00Z,2016-11-12T00:30:00+05:30,2016-11-11T20:00:00Z,2016-11-12T01:30:00+05:30,1,01:00:00,1,00:15:00,100.0,0.0,2016-11-11T19:45:00Z,2016-11-12T01:15:00+05:30,2016-11-11T20:00:00Z,2016-11-12T01:30:00+05:30
94.5,,,False,5,no2,µg/m³,,raw,01:00:00,2016-11-11T19:15:00Z,2016-11-12T00:45:00+05:30,2016-11-11T20:15:00Z,2016-11-12T01:45:00+05:30,1,01:00:00,1,00:15:00,100.0,0.0,2016-11-11T20:00:00Z,2016-11-12T01:30:00+05:30,2016-11-11T20:15:00Z,2016-11-12T01:45:00+05:30
94.2,,,False,5,no2,µg/m³,,raw,01:00:00,2016-11-11T19:30:00Z,2016-11-12T01:00:00+05:30,2016-11-11T20:30:00Z,2016-11-12T02:00:00+05:30,1,01:00:00,1,00:15:00,100.0,0.0,2016-11-11T20:15:00Z,2016-11-12T01:45:00+05:30,2016-11-11T20:30:00Z,2016-11-12T02:00:00+05:30
93.9,,,False,5,no2,µg/m³,,raw,01:00:00,2016-11-11T19:45:00Z,2016-11-12T01:15:00+05:30,2016-11-11T20:45:00Z,2016-11-12T02:15:00+05:30,1,01:00:00,1,00:15:00,100.0,0.0,2016-11-11T20:30:00Z,2016-11-12T02:00:00+05:30,2016-11-11T20:45:00Z,2016-11-12T02:15:00+05:30
92.3,,,False,5,no2,µg/m³,,raw,01:00:00,2016-11-11T20:00:00Z,2016-11-12T01:30:00+05:30,2016-11-11T21:00:00Z,2016-11-12T02:30:00+05:30,1,01:00:00,1,00:15:00,100.0,0.0,2016-11-11T20:45:00Z,2016-11-12T02:15:00+05:30,2016-11-11T21:00:00Z,2016-11-12T02:30:00+05:30
83.6,,,False,5,no2,µg/m³,,raw,01:00:00,2016-11-11T20:15:00Z,2016-11-12T01:45:00+05:30,2016-11-11T21:15:00Z,2016-11-12T02:45:00+05:30,1,01:00:00,1,00:15:00,100.0,0.0,2016-11-11T21:00:00Z,2016-11-12T02:30:00+05:30,2016-11-11T21:15:00Z,2016-11-12T02:45:00+05:30
81.7,,,False,5,no2,µg/m³,,raw,01:00:00,2016-11-11T20:30:00Z,2016-11-12T02:00:00+05:30,2016-11-11T21:30:00Z,2016-11-12T03:00:00+05:30,1,01:00:00,1,00:15:00,100.0,0.0,2016-11-11T21:15:00Z,2016-11-12T02:45:00+05:30,2016-11-11T21:30:00Z,2016-11-12T03:00:00+05:30
86.3,,,False,5,no2,µg/m³,,raw,01:00:00,2016-11-11T20:45:00Z,2016-11-12T02:15:00+05:30,2016-11-11T21:45:00Z,2016-11-12T03:15:00+05:30,1,01:00:00,1,00:15:00,100.0,0.0,2016-11-11T21:30:00Z,2016-11-12T03:00:00+05:30,2016-11-11T21:45:00Z,2016-11-12T03:15:00+05:30
86.8,,,False,5,no2,µg/m³,,raw,01:00:00,2016-11-11T21:00:00Z,2016-11-12T02:30:00+05:30,2016-11-11T22:00:00Z,2016-11-12T03:30:00+05:30,1,01:00:00,1,00:15:00,100.0,0.0,2016-11-11T21:45:00Z,2016-11-12T03:15:00+05:30,2016-11-11T22:00:00Z,2016-11-12T03:30:00+05:30
83.3,,,False,5,no2,µg/m³,,raw,01:00:00,2016-11-11T21:15:00Z,2016-11-12T02:45:00+05:30,2016-11-11T22:15:00Z,2016-11-12T03:45:00+05:30,1,01:00:00,1,00:15:00,100.0,0.0,2016-11-11T22:00:00Z,2016-11-12T03:30:00+05:30,2016-11-11T22:15:00Z,2016-11-12T03:45:00+05:30
80.5,,,False,5,no2,µg/m³,,raw,01:00:00,2016-11-11T21:30:00Z,2016-11-12T03:00:00+05:30,2016-11-11T22:30:00Z,2016-11-12T04:00:00+05:30,1,01:00:00,1,00:15:00,100.0,0.0,2016-11-11T22:15:00Z,2016-11-12T03:45:00+05:30,2016-11-11T22:30:00Z,2016-11-12T04:00:00+05:30
75.9,,,False,5,no2,µg/m³,,raw,01:00:00,2016-11-11T21:45:00Z,2016-11-12T03:15:00+05:30,2016-11-11T22:45:00Z,2016-11-12T04:15:00+05:30,1,01:00:00,1,00:15:00,100.0,0.0,2016-11-11T22:30:00Z,2016-11-12T04:00:00+05:30,2016-11-11T22:45:00Z,2016-11-12T04:15:00+05:30
73.1,,,False,5,no2,µg/m³,,raw,01:00:00,2016-11-11T22:00:00Z,2016-11-12T03:30:00+05:30,2016-11-11T23:00:00Z,2016-11-12T04:30:00+05:30,1,01:00:00,1,00:15:00,100.0,0.0,2016-11-11T22:45:00Z,2016-11-12T04:15:00+05:30,2016-11-11T23:00:00Z,2016-11-12T04:30:00+05:30
69.3,,,False,5,no2,µg/m³,,raw,01:00:00,2016-11-11T22:15:00Z,2016-11-12T03:45:00+05:30,2016-11-11T23:15:00Z,2016-11-12T04:45:00+05:30,1,01:00:00,1,00:15:00,100.0,0.0,2016-11-11T23:00:00Z,2016-11-12T04:30:00+05:30,2016-11-11T23:15:00Z,2016-11-12T04:45:00+05:30
72.3,,,False,5,no2,µg/m³,,raw,01:00:00,2016-11-11T22:30:00Z,2016-11-12T04:00:00+05:30,2016-11-11T23:30:00Z,2016-11-12T05:00:00+05:30,1,01:00:00,1,00:15:00,100.0,0.0,2016-11-11T23:15:00Z,2016-11-12T04:45:00+05:30,2016-11-11T23:30:00Z,2016-11-12T05:00:00+05:30
68.4,,,False,5,no2,µg/m³,,raw,01:00:00,2016-11-11T22:45:00Z,2016-11-12T04:15:00+05:30,2016-11-11T23:45:00Z,2016-11-12T05:15:00+05:30,1,01:00:00,1,00:15:00,100.0,0.0,2016-11-11T23:30:00Z,2016-11-12T05:00:00+05:30,2016-11-11T23:45:00Z,2016-11-12T05:15:00+05:30
70.6,,,False,5,no2,µg/m³,,raw,01:00:00,2016-11-11T23:00:00Z,2016-11-12T04:30:00+05:30,2016-11-12T00:00:00Z,2016-11-12T05:30:00+05:30,1,01:00:00,1,00:15:00,100.0,0.0,2016-11-11T23:45:00Z,2016-11-12T05:15:00+05:30,2016-11-12T00:00:00Z,2016-11-12T05:30:00+05:30
67.3,,,False,5,no2,µg/m³,,raw,01:00:00,2016-11-11T23:15:00Z,2016-11-12T04:45:00+05:30,2016-11-12T00:15:00Z,2016-11-12T05:45:00+05:30,1,01:00:00,1,00:15:00,100.0,0.0,2016-11-12T00:00:00Z,2016-11-12T05:30:00+05:30,2016-11-12T00:15:00Z,2016-11-12T05:45:00+05:30
67.5,,,False,5,no2,µg/m³,,raw,01:00:00,2016-11-11T23:30:00Z,2016-11-12T05:00:00+05:30,2016-11-12T00:30:00Z,2016-11-12T06:00:00+05:30,1,01:00:00,1,00:15:00,100.0,0.0,2016-11-12T00:15:00Z,2016-11-12T05:45:00+05:30,2016-11-12T00:30:00Z,2016-11-12T06:00:00+05:30
65.2,,,False,5,no2,µg/m³,,raw,01:00:00,2016-11-11T23:45:00Z,2016-11-12T05:15:00+05:30,2016-11-12T00:45:00Z,2016-11-12T06:15:00+05:30,1,01:00:00,1,00:15:00,100.0,0.0,2016-11-12T00:30:00Z,2016-11-12T06:00:00+05:30,2016-11-12T00:45:00Z,2016-11-12T06:15:00+05:30
69.5,,,False,5,no2,µg/m³,,raw,01:00:00,2016-11-12T00:00:00Z,2016-11-12T05:30:00+05:30,2016-11-12T01:00:00Z,2016-11-12T06:30:00+05:30,1,01:00:00,1,00:15:00,100.0,0.0,2016-11-12T00:45:00Z,2016-11-12T06:15:00+05:30,2016-11-12T01:00:00Z,2016-11-12T06:30:00+05:30
83.6,,,False,5,no2,µg/m³,,raw,01:00:00,2016-11-12T00:15:00Z,2016-11-12T05:45:00+05:30,2016-11-12T01:15:00Z,2016-11-12T06:45:00+05:30,1,01:00:00,1,00:15:00,100.0,0.0,2016-11-12T01:00:00Z,2016-11-12T06:30:00+05:30,2016-11-12T01:15:00Z,2016-11-12T06:45:00+05:30
71.9,,,False,5,no2,µg/m³,,raw,01:00:00,2016-11-12T00:30:00Z,2016-11-12T06:00:00+05:30,2016-11-12T01:30:00Z,2016-11-12T07:00:00+05:30,1,01:00:00,1,00:15:00,100.0,0.0,2016-11-12T01:15:00Z,2016-11-12T06:45:00+05:30,2016-11-12T01:30:00Z,2016-11-12T07:00:00+05:30
71.8,,,False,5,no2,µg/m³,,raw,01:00:00,2016-11-12T00:45:00Z,2016-11-12T06:15:00+05:30,2016-11-12T01:45:00Z,2016-11-12T07:15:00+05:30,1,01:00:00,1,00:15:00,100.0,0.0,2016-11-12T01:30:00Z,2016-11-12T07:00:00+05:30,2016-11-12T01:45:00Z,2016-11-12T07:15:00+05:30
78.8,,,False,5,no2,µg/m³,,raw,01:00:00,2016-11-12T01:15:00Z,2016-11-12T06:45:00+05:30,2016-11-12T02:15:00Z,2016-11-12T07:45:00+05:30,1,01:00:00,1,00:15:00,100.0,0.0,2016-11-12T02:00:00Z,2016-11-12T07:30:00+05:30,2016-11-12T02:15:00Z,2016-11-12T07:45:00+05:30
81.6,,,False,5,no2,µg/m³,,raw,01:00:00,2016-11-12T01:30:00Z,2016-11-12T07:00:00+05:30,2016-11-12T02:30:00Z,2016-11-12T08:00:00+05:30,1,01:00:00,1,00:15:00,100.0,0.0,2016-11-12T02:15:00Z,2016-11-12T07:45:00+05:30,2016-11-12T02:30:00Z,2016-11-12T08:00:00+05:30
90.8,,,False,5,no2,µg/m³,,raw,01:00:00,2016-11-12T01:45:00Z,2016-11-12T07:15:00+05:30,2016-11-12T02:45:00Z,2016-11-12T08:15:00+05:30,1,01:00:00,1,00:15:00,100.0,0.0,2016-11-12T02:30:00Z,2016-11-12T08:00:00+05:30,2016-11-12T02:45:00Z,2016-11-12T08:15:00+05:30
104.4,,,False,5,no2,µg/m³,,raw,01:00:00,2016-11-12T02:00:00Z,2016-11-12T07:30:00+05:30,2016-11-12T03:00:00Z,2016-11-12T08:30:00+05:30,1,01:00:00,1,00:15:00,100.0,0.0,2016-11-12T02:45:00Z,2016-11-12T08:15:00+05:30,2016-11-12T03:00:00Z,2016-11-12T08:30:00+05:30
91.6,,,False,5,no2,µg/m³,,raw,01:00:00,2016-11-12T02:15:00Z,2016-11-12T07:45:00+05:30,2016-11-12T03:15:00Z,2016-11-12T08:45:00+05:30,1,01:00:00,1,00:15:00,100.0,0.0,2016-11-12T03:00:00Z,2016-11-12T08:30:00+05:30,2016-11-12T03:15:00Z,2016-11-12T08:45:00+05:30
93.4,,,False,5,no2,µg/m³,,raw,01:00:00,2016-11-12T02:30:00Z,2016-11-12T08:00:00+05:30,2016-11-12T03:30:00Z,2016-11-12T09:00:00+05:30,1,01:00:00,1,00:15:00,100.0,0.0,2016-11-12T03:15:00Z,2016-11-12T08:45:00+05:30,2016-11-12T03:30:00Z,2016-11-12T09:00:00+05:30
67.4,,,False,5,no2,µg/m³,,raw,01:00:00,2016-11-12T02:45:00Z,2016-11-12T08:15:00+05:30,2016-11-12T03:45:00Z,2016-11-12T09:15:00+05:30,1,01:00:00,1,00:15:00,100.0,0.0,2016-11-12T03:30:00Z,2016-11-12T09:00:00+05:30,2016-11-12T03:45:00Z,2016-11-12T09:15:00+05:30
91.7,,,False,5,no2,µg/m³,,raw,01:00:00,2016-11-12T03:00:00Z,2016-11-12T08:30:00+05:30,2016-11-12T04:00:00Z,2016-11-12T09:30:00+05:30,1,01:00:00,1,00:15:00,100.0,0.0,2016-11-12T03:45:00Z,2016-11-12T09:15:00+05:30,2016-11-12T04:00:00Z,2016-11-12T09:30:00+05:30
63.6,,,False,5,no2,µg/m³,,raw,01:00:00,2016-11-12T03:15:00Z,2016-11-12T08:45:00+05:30,2016-11-12T04:15:00Z,2016-11-12T09:45:00+05:30,1,01:00:00,1,00:15:00,100.0,0.0,2016-11-12T04:00:00Z,2016-11-12T09:30:00+05:30,2016-11-12T04:15:00Z,2016-11-12T09:45:00+05:30
72.3,,,False,5,no2,µg/m³,,raw,01:00:00,2016-11-12T03:30:00Z,2016-11-12T09:00:00+05:30,2016-11-12T04:30:00Z,2016-11-12T10:00:00+05:30,1,01:00:00,1,00:15:00,100.0,0.0,2016-11-12T04:15:00Z,2016-11-12T09:45:00+05:30,2016-11-12T04:30:00Z,2016-11-12T10:00:00+05:30
71.1,,,False,5,no2,µg/m³,,raw,01:00:00,2016-11-12T03:45:00Z,2016-11-12T09:15:00+05:30,2016-11-12T04:45:00Z,2016-11-12T10:15:00+05:30,1,01:00:00,1,00:15:00,100.0,0.0,2016-11-12T04:30:00Z,2016-11-12T10:00:00+05:30,2016-11-12T04:45:00Z,2016-11-12T10:15:00+05:30
72.5,,,False,5,no2,µg/m³,,raw,01:00:00,2016-11-12T04:00:00Z,2016-11-12T09:30:00+05:30,2016-11-12T05:00:00Z,2016-11-12T10:30:00+05:30,1,01:00:00,1,00:15:00,100.0,0.0,2016-11-12T04:45:00Z,2016-11-12T10:15:00+05:30,2016-11-12T05:00:00Z,2016-11-12T10:30:00+05:30
82.1,,,False,5,no2,µg/m³,,raw,01:00:00,2016-11-12T04:15:00Z,2016-11-12T09:45:00+05:30,2016-11-12T05:15:00Z,2016-11-12T10:45:00+05:30,1,01:00:00,1,00:15:00,100.0,0.0,2016-11-12T05:00:00Z,2016-11-12T10:30:00+05:30,2016-11-12T05:15:00Z,2016-11-12T10:45:00+05:30
89.9,,,False,5,no2,µg/m³,,raw,01:00:00,2016-11-12T04:30:00Z,2016-11-12T10:00:00+05:30,2016-11-12T05:30:00Z,2016-11-12T11:00:00+05:30,1,01:00:00,1,00:15:00,100.0,0.0,2016-11-12T05:15:00Z,2016-11-12T10:45:00+05:30,2016-11-12T05:30:00Z,2016-11-12T11:00:00+05:30
79.9,,,False,5,no2,µg/m³,,raw,01:00:00,2016-11-12T04:45:00Z,2016-11-12T10:15:00+05:30,2016-11-12T05:45:00Z,2016-11-12T11:15:00+05:30,1,01:00:00,1,00:15:00,100.0,0.0,2016-11-12T05:30:00Z,2016-11-12T11:00:00+05:30,2016-11-12T05:45:00Z,2016-11-12T11:15:00+05:30
91.0,,,False,5,no2,µg/m³,,raw,01:00:00,2016-11-12T05:00:00Z,2016-11-12T10:30:00+05:30,2016-11-12T06:00:00Z,2016-11-12T11:30:00+05:30,1,01:00:00,1,00:15:00,100.0,0.0,2016-11-12T05:45:00Z,2016-11-12T11:15:00+05:30,2016-11-12T06:00:00Z,2016-11-12T11:30:00+05:30
85.4,,,False,5,no2,µg/m³,,raw,01:00:00,2016-11-12T05:15:00Z,2016-11-12T10:45:00+05:30,2016-11-12T06:15:00Z,2016-11-12T11:45:00+05:30,1,01:00:00,1,00:15:00,100.0,0.0,2016-11-12T06:00:00Z,2016-11-12T11:30:00+05:30,2016-11-12T06:15:00Z,2016-11-12T11:45:00+05:30
98.4,,,False,5,no2,µg/m³,,raw,01:00:00,2016-11-12T05:30:00Z,2016-11-12T11:00:00+05:30,2016-11-12T06:30:00Z,2016-11-12T12:00:00+05:30,1,01:00:00,1,00:15:00,100.0,0.0,2016-11-12T06:15:00Z,2016-11-12T11:45:00+05:30,2016-11-12T06:30:00Z,2016-11-12T12:00:00+05:30
105.9,,,False,5,no2,µg/m³,,raw,01:00:00,2016-11-12T05:45:00Z,2016-11-12T11:15:00+05:30,2016-11-12T06:45:00Z,2016-11-12T12:15:00+05:30,1,01:00:00,1,00:15:00,100.0,0.0,2016-11-12T06:30:00Z,2016-11-12T12:00:00+05:30,2016-11-12T06:45:00Z,2016-11-12T12:15:00+05:30
96.1,,,False,5,no2,µg/m³,,raw,01:00:00,2016-11-12T06:00:00Z,2016-11-12T11:30:00+05:30,2016-11-12T07:00:00Z,2016-11-12T12:30:00+05:30,1,01:00:00,1,00:15:00,100.0,0.0,2016-11-12T06:45:00Z,2016-11-12T12:15:00+05:30,2016-11-12T07:00:00Z,2016-11-12T12:30:00+05:30
69.3,,,False,5,no2,µg/m³,,raw,01:00:00,2016-11-12T06:15:00Z,2016-11-12T11:45:00+05:30,2016-11-12T07:15:00Z,2016-11-12T12:45:00+05:30,1,01:00:00,1,00:15:00,100.0,0.0,2016-11-12T07:00:00Z,2016-11-12T12:30:00+05:30,2016-11-12T07:15:00Z,2016-11-12T12:45:00+05:30
76.7,,,False,5,no2,µg/m³,,raw,01:00:00,2016-11-12T06:30:00Z,2016-11-12T12:00:00+05:30,2016-11-12T07:30:00Z,2016-11-12T13:00:00+05:30,1,01:00:00,1,00:15:00,100.0,0.0,2016-11-12T07:15:00Z,2016-11-12T12:45:00+05:30,2016-11-12T07:30:00Z,2016-11-12T13:00:00+05:30
83.3,,,False,5,no2,µg/m³,,raw,01:00:00,2016-11-12T06:45:00Z,2016-11-12T12:15:00+05:30,2016-11-12T07:45:00Z,2016-11-12T13:15:00+05:30,1,01:00:00,1,00:15:00,100.0,0.0,2016-11-12T07:30:00Z,2016-11-12T13:00:00+05:30,2016-11-12T07:45:00Z,2016-11-12T13:15:00+05:30
89.0,,,False,5,no2,µg/m³,,raw,01:00:00,2016-11-12T07:00:00Z,2016-11-12T12:30:00+05:30,2016-11-12T08:00:00Z,2016-11-12T13:30:00+05:30,1,01:00:00,1,00:15:00,100.0,0.0,2016-11-12T07:45:00Z,2016-11-12T13:15:00+05:30,2016-11-12T08:00:00Z,2016-11-12T13:30:00+05:30
84.2,,,False,5,no2,µg/m³,,raw,01:00:00,2016-11-12T07:15:00Z,2016-11-12T12:45:00+05:30,2016-11-12T08:15:00Z,2016-11-12T13:45:00+05:30,1,01:00:00,1,00:15:00,100.0,0.0,2016-11-12T08:00:00Z,2016-11-12T13:30:00+05:30,2016-11-12T08:15:00Z,2016-11-12T13:45:00+05:30
83.6,,,False,5,no2,µg/m³,,raw,01:00:00,2016-11-12T07:30:00Z,2016-11-12T13:00:00+05:30,2016-11-12T08:30:00Z,2016-11-12T14:00:00+05:30,1,01:00:00,1,00:15:00,100.0,0.0,2016-11-12T08:15:00Z,2016-11-12T13:45:00+05:30,2016-11-12T08:30:00Z,2016-11-12T14:00:00+05:30
98.0,,,False,5,no2,µg/m³,,raw,01:00:00,2016-11-12T07:45:00Z,2016-11-12T13:15:00+05:30,2016-11-12T08:45:00Z,2016-11-12T14:15:00+05:30,1,01:00:00,1,00:15:00,100.0,0.0,2016-11-12T08:30:00Z,2016-11-12T14:00:00+05:30,2016-11-12T08:45:00Z,2016-11-12T14:15:00+05:30
91.4,,,False,5,no2,µg/m³,,raw,01:00:00,2016-11-12T08:00:00Z,2016-11-12T13:30:00+05:30,2016-11-12T09:00:00Z,2016-11-12T14:30:00+05:30,1,01:00:00,1,00:15:00,100.0,0.0,2016-11-12T08:45:00Z,2016-11-12T14:15:00+05:30,2016-11-12T09:00:00Z,2016-11-12T14:30:00+05:30
105.0,,,False,5,no2,µg/m³,,raw,01:00:00,2016-11-12T08:15:00Z,2016-11-12T13:45:00+05:30,2016-11-12T09:15:00Z,2016-11-12T14:45:00+05:30,1,01:00:00,1,00:15:00,100.0,0.0,2016-11-12T09:00:00Z,2016-11-12T14:30:00+05:30,2016-11-12T09:15:00Z,2016-11-12T14:45:00+05:30
101.1,,,False,5,no2,µg/m³,,raw,01:00:00,2016-11-12T08:30:00Z,2016-11-12T14:00:00+05:30,2016-11-12T09:30:00Z,2016-11-12T15:00:00+05:30,1,01:00:00,1,00:15:00,100.0,0.0,2016-11-12T09:15:00Z,2016-11-12T14:45:00+05:30,2016-11-12T09:30:00Z,2016-11-12T15:00:00+05:30
103.2,,,False,5,no2,µg/m³,,raw,01:00:00,2016-11-12T08:45:00Z,2016-11-12T14:15:00+05:30,2016-11-12T09:45:00Z,2016-11-12T15:15:00+05:30,1,01:00:00,1,00:15:00,100.0,0.0,2016-11-12T09:30:00Z,2016-11-12T15:00:00+05:30,2016-11-12T09:45:00Z,2016-11-12T15:15:00+05:30
99.1,,,False,5,no2,µg/m³,,raw,01:00:00,2016-11-12T09:00:00Z,2016-11-12T14:30:00+05:30,2016-11-12T10:00:00Z,2016-11-12T15:30:00+05:30,1,01:00:00,1,00:15:00,100.0,0.0,2016-11-12T09:45:00Z,2016-11-12T15:15:00+05:30,2016-11-12T10:00:00Z,2016-11-12T15:30:00+05:30
120.0,,,False,5,no2,µg/m³,,raw,01:00:00,2016-11-12T09:15:00Z,2016-11-12T14:45:00+05:30,2016-11-12T10:15:00Z,2016-11-12T15:45:00+05:30,1,01:00:00,1,00:15:00,100.0,0.0,2016-11-12T10:00:00Z,2016-11-12T15:30:00+05:30,2016-11-12T10:15:00Z,2016-11-12T15:45:00+05:30
122.5,,,False,5,no2,µg/m³,,raw,01:00:00,2016-11-12T09:30:00Z,2016-11-12T15:00:00+05:30,2016-11-12T10:30:00Z,2016-11-12T16:00:00+05:30,1,01:00:00,1,00:15:00,100.0,0.0,2016-11-12T10:15:00Z,2016-11-12T15:45:00+05:30,2016-11-12T10:30:00Z,2016-11-12T16:00:00+05:30
126.6,,,False,5,no2,µg/m³,,raw,01:00:00,2016-11-12T09:45:00Z,2016-11-12T15:15:00+05:30,2016-11-12T10:45:00Z,2016-11-12T16:15:00+05:30,1,01:00:00,1,00:15:00,100.0,0.0,2016-11-12T10:30:00Z,2016-11-12T16:00:00+05:30,2016-11-12T10:45:00Z,2016-11-12T16:15:00+05:30
111.4,,,False,5,no2,µg/m³,,raw,01:00:00,2016-11-12T10:00:00Z,2016-11-12T15:30:00+05:30,2016-11-12T11:00:00Z,2016-11-12T16:30:00+05:30,1,01:00:00,1,00:15:00,100.0,0.0,2016-11-12T10:45:00Z,2016-11-12T16:15:00+05:30,2016-11-12T11:00:00Z,2016-11-12T16:30:00+05:30
103.4,,,False,5,no2,µg/m³,,raw,01:00:00,2016-11-12T10:15:00Z,2016-11-12T15:45:00+05:30,2016-11-12T11:15:00Z,2016-11-12T16:45:00+05:30,1,01:00:00,1,00:15:00,100.0,0.0,2016-11-12T11:00:00Z,2016-11-12T16:30:00+05:30,2016-11-12T11:15:00Z,2016-11-12T16:45:00+05:30
120.0,,,False,5,no2,µg/m³,,raw,01:00:00,2016-11-12T10:30:00Z,2016-11-12T16:00:00+05:30,2016-11-12T11:30:00Z,2016-11-12T17:00:00+05:30,1,01:00:00,1,00:15:00,100.0,0.0,2016-11-12T11:15:00Z,2016-11-12T16:45:00+05:30,2016-11-12T11:30:00Z,2016-11-12T17:00:00+05:30
115.1,,,False,5,no2,µg/m³,,raw,01:00:00,2016-11-12T10:45:00Z,2016-11-12T16:15:00+05:30,2016-11-12T11:45:00Z,2016-11-12T17:15:00+05:30,1,01:00:00,1,00:15:00,100.0,0.0,2016-11-12T11:30:00Z,2016-11-12T17:00:00+05:30,2016-11-12T11:45:00Z,2016-11-12T17:15:00+05:30
122.4,,,False,5,no2,µg/m³,,raw,01:00:00,2016-11-12T11:00:00Z,2016-11-12T16:30:00+05:30,2016-11-12T12:00:00Z,2016-11-12T17:30:00+05:30,1,01:00:00,1,00:15:00,100.0,0.0,2016-11-12T11:45:00Z,2016-11-12T17:15:00+05:30,2016-11-12T12:00:00Z,2016-11-12T17:30:00+05:30
124.1,,,False,5,no2,µg/m³,,raw,01:00:00,2016-11-12T11:15:00Z,2016-11-12T16:45:00+05:30,2016-11-12T12:15:00Z,2016-11-12T17:45:00+05:30,1,01:00:00,1,00:15:00,100.0,0.0,2016-11-12T12:00:00Z,2016-11-12T17:30:00+05:30,2016-11-12T12:15:00Z,2016-11-12T17:45:00+05:30
138.3,,,False,5,no2,µg/m³,,raw,01:00:00,2016-11-12T11:30:00Z,2016-11-12T17:00:00+05:30,2016-11-12T12:30:00Z,2016-11-12T18:00:00+05:30,1,01:00:00,1,00:15:00,100.0,0.0,2016-11-12T12:15:00Z,2016-11-12T17:45:00+05:30,2016-11-12T12:30:00Z,2016-11-12T18:00:00+05:30
133.6,,,False,5,no2,µg/m³,,raw,01:00:00,2016-11-12T11:45:00Z,2016-11-12T17:15:00+05:30,2016-11-12T12:45:00Z,2016-11-12T18:15:00+05:30,1,01:00:00,1,00:15:00,100.0,0.0,2016-11-12T12:30:00Z,2016-11-12T18:00:00+05:30,2016-11-12T12:45:00Z,2016-11-12T18:15:00+05:30
130.1,,,False,5,no2,µg/m³,,raw,01:00:00,2016-11-12T12:00:00Z,2016-11-12T17:30:00+05:30,2016-11-12T13:00:00Z,2016-11-12T18:30:00+05:30,1,01:00:00,1,00:15:00,100.0,0.0,2016-11-12T12:45:00Z,2016-11-12T18:15:00+05:30,2016-11-12T13:00:00Z,2016-11-12T18:30:00+05:30
134.9,,,False,5,no2,µg/m³,,raw,01:00:00,2016-11-12T12:15:00Z,2016-11-12T17:45:00+05:30,2016-11-12T13:15:00Z,2016-11-12T18:45:00+05:30,1,01:00:00,1,00:15:00,100.0,0.0,2016-11-12T13:00:00Z,2016-11-12T18:30:00+05:30,2016-11-12T13:15:00Z,2016-11-12T18:45:00+05:30
137.4,,,False,5,no2,µg/m³,,raw,01:00:00,2016-11-12T12:30:00Z,2016-11-12T18:00:00+05:30,2016-11-12T13:30:00Z,2016-11-12T19:00:00+05:30,1,01:00:00,1,00:15:00,100.0,0.0,2016-11-12T13:15:00Z,2016-11-12T18:45:00+05:30,2016-11-12T13:30:00Z,2016-11-12T19:00:00+05:30
132.3,,,False,5,no2,µg/m³,,raw,01:00:00,2016-11-12T12:45:00Z,2016-11-12T18:15:00+05:30,2016-11-12T13:45:00Z,2016-11-12T19:15:00+05:30,1,01:00:00,1,00:15:00,100.0,0.0,2016-11-12T13:30:00Z,2016-11-12T19:00:00+05:30,2016-11-12T13:45:00Z,2016-11-12T19:15:00+05:30
122.2,,,False,5,no2,µg/m³,,raw,01:00:00,2016-11-12T13:00:00Z,2016-11-12T18:30:00+05:30,2016-11-12T14:00:00Z,2016-11-12T19:30:00+05:30,1,01:00:00,1,00:15:00,100.0,0.0,2016-11-12T13:45:00Z,2016-11-12T19:15:00+05:30,2016-11-12T14:00:00Z,2016-11-12T19:30:00+05:30
122.7,,,False,5,no2,µg/m³,,raw,01:00:00,2016-11-12T13:15:00Z,2016-11-12T18:45:00+05:30,2016-11-12T14:15:00Z,2016-11-12T19:45:00+05:30,1,01:00:00,1,00:15:00,100.0,0.0,2016-11-12T14:00:00Z,2016-11-12T19:30:00+05:30,2016-11-12T14:15:00Z,2016-11-12T19:45:00+05:30
131.6,,,False,5,no2,µg/m³,,raw,01:00:00,2016-11-12T13:30:00Z,2016-11-12T19:00:00+05:30,2016-11-12T14:30:00Z,2016-11-12T20:00:00+05:30,1,01:00:00,1,00:15:00,100.0,0.0,2016-11-12T14:15:00Z,2016-11-12T19:45:00+05:30,2016-11-12T14:30:00Z,2016-11-12T20:00:00+05:30
120.2,,,False,5,no2,µg/m³,,raw,01:00:00,2016-11-12T13:45:00Z,2016-11-12T19:15:00+05:30,2016-11-12T14:45:00Z,2016-11-12T20:15:00+05:30,1,01:00:00,1,00:15:00,100.0,0.0,2016-11-12T14:30:00Z,2016-11-12T20:00:00+05:30,2016-11-12T14:45:00Z,2016-11-12T20:15:00+05:30
120.2,,,False,5,no2,µg/m³,,raw,01:00:00,2016-11-12T14:00:00Z,2016-11-12T19:30:00+05:30,2016-11-12T15:00:00Z,2016-11-12T20:30:00+05:30,1,01:00:00,1,00:15:00,100.0,0.0,2016-11-12T14:45:00Z,2016-11-12T20:15:00+05:30,2016-11-12T15:00:00Z,2016-11-12T20:30:00+05:30
113.1,,,False,5,no2,µg/m³,,raw,01:00:00,2016-11-12T14:15:00Z,2016-11-12T19:45:00+05:30,2016-11-12T15:15:00Z,2016-11-12T20:45:00+05:30,1,01:00:00,1,00:15:00,100.0,0.0,2016-11-12T15:00:00Z,2016-11-12T20:30:00+05:30,2016-11-12T15:15:00Z,2016-11-12T20:45:00+05:30
108.6,,,False,5,no2,µg/m³,,raw,01:00:00,2016-11-12T14:30:00Z,2016-11-12T20:00:00+05:30,2016-11-12T15:30:00Z,2016-11-12T21:00:00+05:30,1,01:00:00,1,00:15:00,100.0,0.0,2016-11-12T15:15:00Z,2016-11-12T20:45:00+05:30,2016-11-12T15:30:00Z,2016-11-12T21:00:00+05:30
119.0,,,False,5,no2,µg/m³,,raw,01:00:00,2016-11-12T14:45:00Z,2016-11-12T20:15:00+05:30,2016-11-12T15:45:00Z,2016-11-12T21:15:00+05:30,1,01:00:00,1,00:15:00,100.0,0.0,2016-11-12T15:30:00Z,2016-11-12T21:00:00+05:30,2016-11-12T15:45:00Z,2016-11-12T21:15:00+05:30
117.8,,,False,5,no2,µg/m³,,raw,01:00:00,2016-11-12T15:00:00Z,2016-11-12T20:30:00+05:30,2016-11-12T16:00:00Z,2016-11-12T21:30:00+05:30,1,01:00:00,1,00:15:00,100.0,0.0,2016-11-12T15:45:00Z,2016-11-12T21:15:00+05:30,2016-11-12T16:00:00Z,2016-11-12T21:30:00+05:30
115.0,,,False,5,no2,µg/m³,,raw,01:00:00,2016-11-12T15:15:00Z,2016-11-12T20:45:00+05:30,2016-11-12T16:15:00Z,2016-11-12T21:45:00+05:30,1,01:00:00,1,00:15:00,100.0,0.0,2016-11-12T16:00:00Z,2016-11-12T21:30:00+05:30,2016-11-12T16:15:00Z,2016-11-12T21:45:00+05:30
115.3,,,False,5,no2,µg/m³,,raw,01:00:00,2016-11-12T15:30:00Z,2016-11-12T21:00:00+05:30,2016-11-12T16:30:00Z,2016-11-12T22:00:00+05:30,1,01:00:00,1,00:15:00,100.0,0.0,2016-11-12T16:15:00Z,2016-11-12T21:45:00+05:30,2016-11-12T16:30:00Z,2016-11-12T22:00:00+05:30
113.2,,,False,5,no2,µg/m³,,raw,01:00:00,2016-11-12T15:45:00Z,2016-11-12T21:15:00+05:30,2016-11-12T16:45:00Z,2016-11-12T22:15:00+05:30,1,01:00:00,1,00:15:00,100.0,0.0,2016-11-12T16:30:00Z,2016-11-12T22:00:00+05:30,2016-11-12T16:45:00Z,2016-11-12T22:15:00+05:30
108.6,,,False,5,no2,µg/m³,,raw,01:00:00,2016-11-12T16:00:00Z,2016-11-12T21:30:00+05:30,2016-11-12T17:00:00Z,2016-11-12T22:30:00+05:30,1,01:00:00,1,00:15:00,100.0,0.0,2016-11-12T16:45:00Z,2016-11-12T22:15:00+05:30,2016-11-12T17:00:00Z,2016-11-12T22:30:00+05:30
104.3,,,False,5,no2,µg/m³,,raw,01:00:00,2016-11-12T16:15:00Z,2016-11-12T21:45:00+05:30,2016-11-12T17:15:00Z,2016-11-12T22:45:00+05:30,1,01:00:00,1,00:15:00,100.0,0.0,2016-11-12T17:00:00Z,2016-11-12T22:30:00+05:30,2016-11-12T17:15:00Z,2016-11-12T22:45:00+05:30
109.9,,,False,5,no2,µg/m³,,raw,01:00:00,2016-11-12T16:30:00Z,2016-11-12T22:00:00+05:30,2016-11-12T17:30:00Z,2016-11-12T23:00:00+05:30,1,01:00:00,1,00:15:00,100.0,0.0,2016-11-12T17:15:00Z,2016-11-12T22:45:00+05:30,2016-11-12T17:30:00Z,2016-11-12T23:00:00+05:30
109.6,,,False,5,no2,µg/m³,,raw,01:00:00,2016-11-12T16:45:00Z,2016-11-12T22:15:00+05:30,2016-11-12T17:45:00Z,2016-11-12T23:15:00+05:30,1,01:00:00,1,00:15:00,100.0,0.0,2016-11-12T17:30:00Z,2016-11-12T23:00:00+05:30,2016-11-12T17:45:00Z,2016-11-12T23:15:00+05:30
107.5,,,False,5,no2,µg/m³,,raw,01:00:00,2016-11-12T17:00:00Z,2016-11-12T22:30:00+05:30,2016-11-12T18:00:00Z,2016-11-12T23:30:00+05:30,1,01:00:00,1,00:15:00,100.0,0.0,2016-11-12T17:45:00Z,2016-11-12T23:15:00+05:30,2016-11-12T18:00:00Z,2016-11-12T23:30:00+05:30
113.8,,,False,5,no2,µg/m³,,raw,01:00:00,2016-11-12T17:15:00Z,2016-11-12T22:45:00+05:30,2016-11-12T18:15:00Z,2016-11-12T23:45:00+05:30,1,01:00:00,1,00:15:00,100.0,0.0,2016-11-12T18:00:00Z,2016-11-12T23:30:00+05:30,2016-11-12T18:15:00Z,2016-11-12T23:45:00+05:30
90.5,,,False,5,no2,µg/m³,,raw,01:00:00,2016-11-12T17:30:00Z,2016-11-12T23:00:00+05:30,2016-11-12T18:30:00Z,2016-11-13T00:00:00+05:30,1,01:00:00,1,00:15:00,100.0,0.0,2016-11-12T18:15:00Z,2016-11-12T23:45:00+05:30,2016-11-12T18:30:00Z,2016-11-13T00:00:00+05:30
102.7,,,False,5,no2,µg/m³,,raw,01:00:00,2016-11-12T17:45:00Z,2016-11-12T23:15:00+05:30,2016-11-12T18:45:00Z,2016-11-13T00:15:00+05:30,1,01:00:00,1,00:15:00,100.0,0.0,2016-11-12T18:30:00Z,2016-11-13T00:00:00+05:30,2016-11-12T18:45:00Z,2016-11-13T00:15:00+05:30
104.3,,,False,5,no2,µg/m³,,raw,01:00:00,2016-11-12T18:00:00Z,2016-11-12T23:30:00+05:30,2016-11-12T19:00:00Z,2016-11-13T00:30:00+05:30,1,01:00:00,1,00:15:00,100.0,0.0,2016-11-12T18:45:00Z,2016-11-13T00:15:00+05:30,2016-11-12T19:00:00Z,2016-11-13T00:30:00+05:30
95.9,,,False,5,no2,µg/m³,,raw,01:00:00,2016-11-12T18:15:00Z,2016-11-12T23:45:00+05:30,2016-11-12T19:15:00Z,2016-11-13T00:45:00+05:30,1,01:00:00,1,00:15:00,100.0,0.0,2016-11-12T19:00:00Z,2016-11-13T00:30:00+05:30,2016-11-12T19:15:00Z,2016-11-13T00:45:00+05:30
90.8,,,False,5,no2,µg/m³,,raw,01:00:00,2016-11-12T18:30:00Z,2016-11-13T00:00:00+05:30,2016-11-12T19:30:00Z,2016-11-13T01:00:00+05:30,1,01:00:00,1,00:15:00,100.0,0.0,2016-11-12T19:15:00Z,2016-11-13T00:45:00+05:30,2016-11-12T19:30:00Z,2016-11-13T01:00:00+05:30
88.0,,,False,5,no2,µg/m³,,raw,01:00:00,2016-11-12T18:45:00Z,2016-11-13T00:15:00+05:30,2016-11-12T19:45:00Z,2016-11-13T01:15:00+05:30,1,01:00:00,1,00:15:00,100.0,0.0,2016-11-12T19:30:00Z,2016-11-13T01:00:00+05:30,2016-11-12T19:45:00Z,2016-11-13T01:15:00+05:30
90.0,,,False,5,no2,µg/m³,,raw,01:00:00,2016-11-12T19:00:00Z,2016-11-13T00:30:00+05:30,2016-11-12T20:00:00Z,2016-11-13T01:30:00+05:30,1,01:00:00,1,00:15:00,100.0,0.0,2016-11-12T19:45:00Z,2016-11-13T01:15:00+05:30,2016-11-12T20:00:00Z,2016-11-13T01:30:00+05:30
87.5,,,False,5,no2,µg/m³,,raw,01:00:00,2016-11-12T19:15:00Z,2016-11-13T00:45:00+05:30,2016-11-12T20:15:00Z,2016-11-13T01:45:00+05:30,1,01:00:00,1,00:15:00,100.0,0.0,2016-11-12T20:00:00Z,2016-11-13T01:30:00+05:30,2016-11-12T20:15:00Z,2016-11-13T01:45:00+05:30
85.9,,,False,5,no2,µg/m³,,raw,01:00:00,2016-11-12T19:30:00Z,2016-11-13T01:00:00+05:30,2016-11-12T20:30:00Z,2016-11-13T02:00:00+05:30,1,01:00:00,1,00:15:00,100.0,0.0,2016-11-12T20:15:00Z,2016-11-13T01:45:00+05:30,2016-11-12T20:30:00Z,2016-11-13T02:00:00+05:30
78.0,,,False,5,no2,µg/m³,,raw,01:00:00,2016-11-12T19:45:00Z,2016-11-13T01:15:00+05:30,2016-11-12T20:45:00Z,2016-11-13T02:15:00+05:30,1,01:00:00,1,00:15:00,100.0,0.0,2016-11-12T20:30:00Z,2016-11-13T02:00:00+05:30,2016-11-12T20:45:00Z,2016-11-13T02:15:00+05:30
79.0,,,False,5,no2,µg/m³,,raw,01:00:00,2016-11-12T20:00:00Z,2016-11-13T01:30:00+05:30,2016-11-12T21:00:00Z,2016-11-13T02:30:00+05:30,1,01:00:00,1,00:15:00,100.0,0.0,2016-11-12T20:45:00Z,2016-11-13T02:15:00+05:30,2016-11-12T21:00:00Z,2016-11-13T02:30:00+05:30
79.7,,,False,5,no2,µg/m³,,raw,01:00:00,2016-11-12T20:15:00Z,2016-11-13T01:45:00+05:30,2016-11-12T21:15:00Z,2016-11-13T02:45:00+05:30,1,01:00:00,1,00:15:00,100.0,0.0,2016-11-12T21:00:00Z,2016-11-13T02:30:00+05:30,2016-11-12T21:15:00Z,2016-11-13T02:45:00+05:30
88.0,,,False,5,no2,µg/m³,,raw,01:00:00,2016-11-12T20:30:00Z,2016-11-13T02:00:00+05:30,2016-11-12T21:30:00Z,2016-11-13T03:00:00+05:30,1,01:00:00,1,00:15:00,100.0,0.0,2016-11-12T21:15:00Z,2016-11-13T02:45:00+05:30,2016-11-12T21:30:00Z,2016-11-13T03:00:00+05:30
82.5,,,False,5,no2,µg/m³,,raw,01:00:00,2016-11-12T20:45:00Z,2016-11-13T02:15:00+05:30,2016-11-12T21:45:00Z,2016-11-13T03:15:00+05:30,1,01:00:00,1,00:15:00,100.0,0.0,2016-11-12T21:30:00Z,2016-11-13T03:00:00+05:30,2016-11-12T21:45:00Z,2016-11-13T03:15:00+05:30
73.4,,,False,5,no2,µg/m³,,raw,01:00:00,2016-11-12T21:00:00Z,2016-11-13T02:30:00+05:30,2016-11-12T22:00:00Z,2016-11-13T03:30:00+05:30,1,01:00:00,1,00:15:00,100.0,0.0,2016-11-12T21:45:00Z,2016-11-13T03:15:00+05:30,2016-11-12T22:00:00Z,2016-11-13T03:30:00+05:30
76.2,,,False,5,no2,µg/m³,,raw,01:00:00,2016-11-12T21:15:00Z,2016-11-13T02:45:00+05:30,2016-11-12T22:15:00Z,2016-11-13T03:45:00+05:30,1,01:00:00,1,00:15:00,100.0,0.0,2016-11-12T22:00:00Z,2016-11-13T03:30:00+05:30,2016-11-12T22:15:00Z,2016-11-13T03:45:00+05:30
72.2,,,False,5,no2,µg/m³,,raw,01:00:00,2016-11-12T21:30:00Z,2016-11-13T03:00:00+05:30,2016-11-12T22:30:00Z,2016-11-13T04:00:00+05:30,1,01:00:00,1,00:15:00,100.0,0.0,2016-11-12T22:15:00Z,2016-11-13T03:45:00+05:30,2016-11-12T22:30:00Z,2016-11-13T04:00:00+05:30
68.5,,,False,5,no2,µg/m³,,raw,01:00:00,2016-11-12T21:45:00Z,2016-11-13T03:15:00+05:30,2016-11-12T22:45:00Z,2016-11-13T04:15:00+05:30,1,01:00:00,1,00:15:00,100.0,0.0,2016-11-12T22:30:00Z,2016-11-13T04:00:00+05:30,2016-11-12T22:45:00Z,2016-11-13T04:15:00+05:30
71.6,,,False,5,no2,µg/m³,,raw,01:00:00,2016-11-12T22:00:00Z,2016-11-13T03:30:00+05:30,2016-11-12T23:00:00Z,2016-11-13T04:30:00+05:30,1,01:00:00,1,00:15:00,100.0,0.0,2016-11-12T22:45:00Z,2016-11-13T04:15:00+05:30,2016-11-12T23:00:00Z,2016-11-13T04:30:00+05:30
69.2,,,False,5,no2,µg/m³,,raw,01:00:00,2016-11-12T22:15:00Z,2016-11-13T03:45:00+05:30,2016-11-12T23:15:00Z,2016-11-13T04:45:00+05:30,1,01:00:00,1,00:15:00,100.0,0.0,2016-11-12T23:00:00Z,2016-11-13T04:30:00+05:30,2016-11-12T23:15:00Z,2016-11-13T04:45:00+05:30
66.1,,,False,5,no2,µg/m³,,raw,01:00:00,2016-11-12T22:30:00Z,2016-11-13T04:00:00+05:30,2016-11-12T23:30:00Z,2016-11-13T05:00:00+05:30,1,01:00:00,1,00:15:00,100.0,0.0,2016-11-12T23:15:00Z,2016-11-13T04:45:00+05:30,2016-11-12T23:30:00Z,2016-11-13T05:00:00+05:30
71.2,,,False,5,no2,µg/m³,,raw,01:00:00,2016-11-12T22:45:00Z,2016-11-13T04:15:00+05:30,2016-11-12T23:45:00Z,2016-11-13T05:15:00+05:30,1,01:00:00,1,00:15:00,100.0,0.0,2016-11-12T23:30:00Z,2016-11-13T05:00:00+05:30,2016-11-12T23:45:00Z,2016-11-13T05:15:00+05:30
70.3,,,False,5,no2,µg/m³,,raw,01:00:00,2016-11-12T23:00:00Z,2016-11-13T04:30:00+05:30,2016-11-13T00:00:00Z,2016-11-13T05:30:00+05:30,1,01:00:00,1,00:15:00,100.0,0.0,2016-11-12T23:45:00Z,2016-11-13T05:15:00+05:30,2016-11-13T00:00:00Z,2016-11-13T05:30:00+05:30
62.2,,,False,5,no2,µg/m³,,raw,01:00:00,2016-11-12T23:15:00Z,2016-11-13T04:45:00+05:30,2016-11-13T00:15:00Z,2016-11-13T05:45:00+05:30,1,01:00:00,1,00:15:00,100.0,0.0,2016-11-13T00:00:00Z,2016-11-13T05:30:00+05:30,2016-11-13T00:15:00Z,2016-11-13T05:45:00+05:30
73.3,,,False,5,no2,µg/m³,,raw,01:00:00,2016-11-12T23:30:00Z,2016-11-13T05:00:00+05:30,2016-11-13T00:30:00Z,2016-11-13T06:00:00+05:30,1,01:00:00,1,00:15:00,100.0,0.0,2016-11-13T00:15:00Z,2016-11-13T05:45:00+05:30,2016-11-13T00:30:00Z,2016-11-13T06:00:00+05:30
57.9,,,False,5,no2,µg/m³,,raw,01:00:00,2016-11-12T23:45:00Z,2016-11-13T05:15:00+05:30,2016-11-13T00:45:00Z,2016-11-13T06:15:00+05:30,1,01:00:00,1,00:15:00,100.0,0.0,2016-11-13T00:30:00Z,2016-11-13T06:00:00+05:30,2016-11-13T00:45:00Z,2016-11-13T06:15:00+05:30
56.5,,,False,5,no2,µg/m³,,raw,01:00:00,2016-11-13T00:00:00Z,2016-11-13T05:30:00+05:30,2016-11-13T01:00:00Z,2016-11-13T06:30:00+05:30,1,01:00:00,1,00:15:00,100.0,0.0,2016-11-13T00:45:00Z,2016-11-13T06:15:00+05:30,2016-11-13T01:00:00Z,2016-11-13T06:30:00+05:30
55.5,,,False,5,no2,µg/m³,,raw,01:00:00,2016-11-13T00:15:00Z,2016-11-13T05:45:00+05:30,2016-11-13T01:15:00Z,2016-11-13T06:45:00+05:30,1,01:00:00,1,00:15:00,100.0,0.0,2016-11-13T01:00:00Z,2016-11-13T06:30:00+05:30,2016-11-13T01:15:00Z,2016-11-13T06:45:00+05:30
60.5,,,False,5,no2,µg/m³,,raw,01:00:00,2016-11-13T00:30:00Z,2016-11-13T06:00:00+05:30,2016-11-13T01:30:00Z,2016-11-13T07:00:00+05:30,1,01:00:00,1,00:15:00,100.0,0.0,2016-11-13T01:15:00Z,2016-11-13T06:45:00+05:30,2016-11-13T01:30:00Z,2016-11-13T07:00:00+05:30
64.3,,,False,5,no2,µg/m³,,raw,01:00:00,2016-11-13T00:45:00Z,2016-11-13T06:15:00+05:30,2016-11-13T01:45:00Z,2016-11-13T07:15:00+05:30,1,01:00:00,1,00:15:00,100.0,0.0,2016-11-13T01:30:00Z,2016-11-13T07:00:00+05:30,2016-11-13T01:45:00Z,2016-11-13T07:15:00+05:30
60.5,,,False,5,no2,µg/m³,,raw,01:00:00,2016-11-13T01:00:00Z,2016-11-13T06:30:00+05:30,2016-11-13T02:00:00Z,2016-11-13T07:30:00+05:30,1,01:00:00,1,00:15:00,100.0,0.0,2016-11-13T01:45:00Z,2016-11-13T07:15:00+05:30,2016-11-13T02:00:00Z,2016-11-13T07:30:00+05:30
56.0,,,False,5,no2,µg/m³,,raw,01:00:00,2016-11-13T01:15:00Z,2016-11-13T06:45:00+05:30,2016-11-13T02:15:00Z,2016-11-13T07:45:00+05:30,1,01:00:00,1,00:15:00,100.0,0.0,2016-11-13T02:00:00Z,2016-11-13T07:30:00+05:30,2016-11-13T02:15:00Z,2016-11-13T07:45:00+05:30
63.8,,,False,5,no2,µg/m³,,raw,01:00:00,2016-11-13T01:30:00Z,2016-11-13T07:00:00+05:30,2016-11-13T02:30:00Z,2016-11-13T08:00:00+05:30,1,01:00:00,1,00:15:00,100.0,0.0,2016-11-13T02:15:00Z,2016-11-13T07:45:00+05:30,2016-11-13T02:30:00Z,2016-11-13T08:00:00+05:30
76.4,,,False,5,no2,µg/m³,,raw,01:00:00,2016-11-13T01:45:00Z,2016-11-13T07:15:00+05:30,2016-11-13T02:45:00Z,2016-11-13T08:15:00+05:30,1,01:00:00,1,00:15:00,100.0,0.0,2016-11-13T02:30:00Z,2016-11-13T08:00:00+05:30,2016-11-13T02:45:00Z,2016-11-13T08:15:00+05:30
78.9,,,False,5,no2,µg/m³,,raw,01:00:00,2016-11-13T02:00:00Z,2016-11-13T07:30:00+05:30,2016-11-13T03:00:00Z,2016-11-13T08:30:00+05:30,1,01:00:00,1,00:15:00,100.0,0.0,2016-11-13T02:45:00Z,2016-11-13T08:15:00+05:30,2016-11-13T03:00:00Z,2016-11-13T08:30:00+05:30
90.7,,,False,5,no2,µg/m³,,raw,01:00:00,2016-11-13T02:15:00Z,2016-11-13T07:45:00+05:30,2016-11-13T03:15:00Z,2016-11-13T08:45:00+05:30,1,01:00:00,1,00:15:00,100.0,0.0,2016-11-13T03:00:00Z,2016-11-13T08:30:00+05:30,2016-11-13T03:15:00Z,2016-11-13T08:45:00+05:30
96.5,,,False,5,no2,µg/m³,,raw,01:00:00,2016-11-13T02:30:00Z,2016-11-13T08:00:00+05:30,2016-11-13T03:30:00Z,2016-11-13T09:00:00+05:30,1,01:00:00,1,00:15:00,100.0,0.0,2016-11-13T03:15:00Z,2016-11-13T08:45:00+05:30,2016-11-13T03:30:00Z,2016-11-13T09:00:00+05:30
92.7,,,False,5,no2,µg/m³,,raw,01:00:00,2016-11-13T02:45:00Z,2016-11-13T08:15:00+05:30,2016-11-13T03:45:00Z,2016-11-13T09:15:00+05:30,1,01:00:00,1,00:15:00,100.0,0.0,2016-11-13T03:30:00Z,2016-11-13T09:00:00+05:30,2016-11-13T03:45:00Z,2016-11-13T09:15:00+05:30
101.0,,,False,5,no2,µg/m³,,raw,01:00:00,2016-11-13T03:00:00Z,2016-11-13T08:30:00+05:30,2016-11-13T04:00:00Z,2016-11-13T09:30:00+05:30,1,01:00:00,1,00:15:00,100.0,0.0,2016-11-13T03:45:00Z,2016-11-13T09:15:00+05:30,2016-11-13T04:00:00Z,2016-11-13T09:30:00+05:30
108.0,,,False,5,no2,µg/m³,,raw,01:00:00,2016-11-13T03:15:00Z,2016-11-13T08:45:00+05:30,2016-11-13T04:15:00Z,2016-11-13T09:45:00+05:30,1,01:00:00,1,00:15:00,100.0,0.0,2016-11-13T04:00:00Z,2016-11-13T09:30:00+05:30,2016-11-13T04:15:00Z,2016-11-13T09:45:00+05:30
111.1,,,False,5,no2,µg/m³,,raw,01:00:00,2016-11-13T03:30:00Z,2016-11-13T09:00:00+05:30,2016-11-13T04:30:00Z,2016-11-13T10:00:00+05:30,1,01:00:00,1,00:15:00,100.0,0.0,2016-11-13T04:15:00Z,2016-11-13T09:45:00+05:30,2016-11-13T04:30:00Z,2016-11-13T10:00:00+05:30
90.0,,,False,5,no2,µg/m³,,raw,01:00:00,2016-11-13T03:45:00Z,2016-11-13T09:15:00+05:30,2016-11-13T04:45:00Z,2016-11-13T10:15:00+05:30,1,01:00:00,1,00:15:00,100.0,0.0,2016-11-13T04:30:00Z,2016-11-13T10:00:00+05:30,2016-11-13T04:45:00Z,2016-11-13T10:15:00+05:30
83.2,,,False,5,no2,µg/m³,,raw,01:00:00,2016-11-13T04:00:00Z,2016-11-13T09:30:00+05:30,2016-11-13T05:00:00Z,2016-11-13T10:30:00+05:30,1,01:00:00,1,00:15:00,100.0,0.0,2016-11-13T04:45:00Z,2016-11-13T10:15:00+05:30,2016-11-13T05:00:00Z,2016-11-13T10:30:00+05:30
71.1,,,False,5,no2,µg/m³,,raw,01:00:00,2016-11-13T04:15:00Z,2016-11-13T09:45:00+05:30,2016-11-13T05:15:00Z,2016-11-13T10:45:00+05:30,1,01:00:00,1,00:15:00,100.0,0.0,2016-11-13T05:00:00Z,2016-11-13T10:30:00+05:30,2016-11-13T05:15:00Z,2016-11-13T10:45:00+05:30
59.6,,,False,5,no2,µg/m³,,raw,01:00:00,2016-11-13T04:30:00Z,2016-11-13T10:00:00+05:30,2016-11-13T05:30:00Z,2016-11-13T11:00:00+05:30,1,01:00:00,1,00:15:00,100.0,0.0,2016-11-13T05:15:00Z,2016-11-13T10:45:00+05:30,2016-11-13T05:30:00Z,2016-11-13T11:00:00+05:30
55.0,,,False,5,no2,µg/m³,,raw,01:00:00,2016-11-13T04:45:00Z,2016-11-13T10:15:00+05:30,2016-11-13T05:45:00Z,2016-11-13T11:15:00+05:30,1,01:00:00,1,00:15:00,100.0,0.0,2016-11-13T05:30:00Z,2016-11-13T11:00:00+05:30,2016-11-13T05:45:00Z,2016-11-13T11:15:00+05:30
68.7,,,False,5,no2,µg/m³,,raw,01:00:00,2016-11-13T05:00:00Z,2016-11-13T10:30:00+05:30,2016-11-13T06:00:00Z,2016-11-13T11:30:00+05:30,1,01:00:00,1,00:15:00,100.0,0.0,2016-11-13T05:45:00Z,2016-11-13T11:15:00+05:30,2016-11-13T06:00:00Z,2016-11-13T11:30:00+05:30
59.9,,,False,5,no2,µg/m³,,raw,01:00:00,2016-11-13T05:15:00Z,2016-11-13T10:45:00+05:30,2016-11-13T06:15:00Z,2016-11-13T11:45:00+05:30,1,01:00:00,1,00:15:00,100.0,0.0,2016-11-13T06:00:00Z,2016-11-13T11:30:00+05:30,2016-11-13T06:15:00Z,2016-11-13T11:45:00+05:30
65.7,,,False,5,no2,µg/m³,,raw,01:00:00,2016-11-13T05:30:00Z,2016-11-13T11:00:00+05:30,2016-11-13T06:30:00Z,2016-11-13T12:00:00+05:30,1,01:00:00,1,00:15:00,100.0,0.0,2016-11-13T06:15:00Z,2016-11-13T11:45:00+05:30,2016-11-13T06:30:00Z,2016-11-13T12:00:00+05:30
62.7,,,False,5,no2,µg/m³,,raw,01:00:00,2016-11-13T05:45:00Z,2016-11-13T11:15:00+05:30,2016-11-13T06:45:00Z,2016-11-13T12:15:00+05:30,1,01:00:00,1,00:15:00,100.0,0.0,2016-11-13T06:30:00Z,2016-11-13T12:00:00+05:30,2016-11-13T06:45:00Z,2016-11-13T12:15:00+05:30
73.2,,,False,5,no2,µg/m³,,raw,01:00:00,2016-11-13T06:00:00Z,2016-11-13T11:30:00+05:30,2016-11-13T07:00:00Z,2016-11-13T12:30:00+05:30,1,01:00:00,1,00:15:00,100.0,0.0,2016-11-13T06:45:00Z,2016-11-13T12:15:00+05:30,2016-11-13T07:00:00Z,2016-11-13T12:30:00+05:30
59.0,,,False,5,no2,µg/m³,,raw,01:00:00,2016-11-13T06:15:00Z,2016-11-13T11:45:00+05:30,2016-11-13T07:15:00Z,2016-11-13T12:45:00+05:30,1,01:00:00,1,00:15:00,100.0,0.0,2016-11-13T07:00:00Z,2016-11-13T12:30:00+05:30,2016-11-13T07:15:00Z,2016-11-13T12:45:00+05:30
58.0,,,False,5,no2,µg/m³,,raw,01:00:00,2016-11-13T06:30:00Z,2016-11-13T12:00:00+05:30,2016-11-13T07:30:00Z,2016-11-13T13:00:00+05:30,1,01:00:00,1,00:15:00,100.0,0.0,2016-11-13T07:15:00Z,2016-11-13T12:45:00+05:30,2016-11-13T07:30:00Z,2016-11-13T13:00:00+05:30
54.2,,,False,5,no2,µg/m³,,raw,01:00:00,2016-11-13T06:45:00Z,2016-11-13T12:15:00+05:30,2016-11-13T07:45:00Z,2016-11-13T13:15:00+05:30,1,01:00:00,1,00:15:00,100.0,0.0,2016-11-13T07:30:00Z,2016-11-13T13:00:00+05:30,2016-11-13T07:45:00Z,2016-11-13T13:15:00+05:30
49.6,,,False,5,no2,µg/m³,,raw,01:00:00,2016-11-13T07:00:00Z,2016-11-13T12:30:00+05:30,2016-11-13T08:00:00Z,2016-11-13T13:30:00+05:30,1,01:00:00,1,00:15:00,100.0,0.0,2016-11-13T07:45:00Z,2016-11-13T13:15:00+05:30,2016-11-13T08:00:00Z,2016-11-13T13:30:00+05:30
60.3,,,False,5,no2,µg/m³,,raw,01:00:00,2016-11-13T07:15:00Z,2016-11-13T12:45:00+05:30,2016-11-13T08:15:00Z,2016-11-13T13:45:00+05:30,1,01:00:00,1,00:15:00,100.0,0.0,2016-11-13T08:00:00Z,2016-11-13T13:30:00+05:30,2016-11-13T08:15:00Z,2016-11-13T13:45:00+05:30
52.4,,,False,5,no2,µg/m³,,raw,01:00:00,2016-11-13T07:30:00Z,2016-11-13T13:00:00+05:30,2016-11-13T08:30:00Z,2016-11-13T14:00:00+05:30,1,01:00:00,1,00:15:00,100.0,0.0,2016-11-13T08:15:00Z,2016-11-13T13:45:00+05:30,2016-11-13T08:30:00Z,2016-11-13T14:00:00+05:30
81.3,,,False,5,no2,µg/m³,,raw,01:00:00,2016-11-13T07:45:00Z,2016-11-13T13:15:00+05:30,2016-11-13T08:45:00Z,2016-11-13T14:15:00+05:30,1,01:00:00,1,00:15:00,100.0,0.0,2016-11-13T08:30:00Z,2016-11-13T14:00:00+05:30,2016-11-13T08:45:00Z,2016-11-13T14:15:00+05:30
52.2,,,False,5,no2,µg/m³,,raw,01:00:00,2016-11-13T08:00:00Z,2016-11-13T13:30:00+05:30,2016-11-13T09:00:00Z,2016-11-13T14:30:00+05:30,1,01:00:00,1,00:15:00,100.0,0.0,2016-11-13T08:45:00Z,2016-11-13T14:15:00+05:30,2016-11-13T09:00:00Z,2016-11-13T14:30:00+05:30
75.6,,,False,5,no2,µg/m³,,raw,01:00:00,2016-11-13T08:15:00Z,2016-11-13T13:45:00+05:30,2016-11-13T09:15:00Z,2016-11-13T14:45:00+05:30,1,01:00:00,1,00:15:00,100.0,0.0,2016-11-13T09:00:00Z,2016-11-13T14:30:00+05:30,2016-11-13T09:15:00Z,2016-11-13T14:45:00+05:30
56.4,,,False,5,no2,µg/m³,,raw,01:00:00,2016-11-13T08:30:00Z,2016-11-13T14:00:00+05:30,2016-11-13T09:30:00Z,2016-11-13T15:00:00+05:30,1,01:00:00,1,00:15:00,100.0,0.0,2016-11-13T09:15:00Z,2016-11-13T14:45:00+05:30,2016-11-13T09:30:00Z,2016-11-13T15:00:00+05:30
74.2,,,False,5,no2,µg/m³,,raw,01:00:00,2016-11-13T08:45:00Z,2016-11-13T14:15:00+05:30,2016-11-13T09:45:00Z,2016-11-13T15:15:00+05:30,1,01:00:00,1,00:15:00,100.0,0.0,2016-11-13T09:30:00Z,2016-11-13T15:00:00+05:30,2016-11-13T09:45:00Z,2016-11-13T15:15:00+05:30
72.2,,,False,5,no2,µg/m³,,raw,01:00:00,2016-11-13T09:00:00Z,2016-11-13T14:30:00+05:30,2016-11-13T10:00:00Z,2016-11-13T15:30:00+05:30,1,01:00:00,1,00:15:00,100.0,0.0,2016-11-13T09:45:00Z,2016-11-13T15:15:00+05:30,2016-11-13T10:00:00Z,2016-11-13T15:30:00+05:30
66.4,,,False,5,no2,µg/m³,,raw,01:00:00,2016-11-13T09:15:00Z,2016-11-13T14:45:00+05:30,2016-11-13T10:15:00Z,2016-11-13T15:45:00+05:30,1,01:00:00,1,00:15:00,100.0,0.0,2016-11-13T10:00:00Z,2016-11-13T15:30:00+05:30,2016-11-13T10:15:00Z,2016-11-13T15:45:00+05:30
71.7,,,False,5,no2,µg/m³,,raw,01:00:00,2016-11-13T09:30:00Z,2016-11-13T15:00:00+05:30,2016-11-13T10:30:00Z,2016-11-13T16:00:00+05:30,1,01:00:00,1,00:15:00,100.0,0.0,2016-11-13T10:15:00Z,2016-11-13T15:45:00+05:30,2016-11-13T10:30:00Z,2016-11-13T16:00:00+05:30
100.8,,,False,5,no2,µg/m³,,raw,01:00:00,2016-11-13T09:45:00Z,2016-11-13T15:15:00+05:30,2016-11-13T10:45:00Z,2016-11-13T16:15:00+05:30,1,01:00:00,1,00:15:00,100.0,0.0,2016-11-13T10:30:00Z,2016-11-13T16:00:00+05:30,2016-11-13T10:45:00Z,2016-11-13T16:15:00+05:30
110.4,,,False,5,no2,µg/m³,,raw,01:00:00,2016-11-13T10:00:00Z,2016-11-13T15:30:00+05:30,2016-11-13T11:00:00Z,2016-11-13T16:30:00+05:30,1,01:00:00,1,00:15:00,100.0,0.0,2016-11-13T10:45:00Z,2016-11-13T16:15:00+05:30,2016-11-13T11:00:00Z,2016-11-13T16:30:00+05:30
115.2,,,False,5,no2,µg/m³,,raw,01:00:00,2016-11-13T10:15:00Z,2016-11-13T15:45:00+05:30,2016-11-13T11:15:00Z,2016-11-13T16:45:00+05:30,1,01:00:00,1,00:15:00,100.0,0.0,2016-11-13T11:00:00Z,2016-11-13T16:30:00+05:30,2016-11-13T11:15:00Z,2016-11-13T16:45:00+05:30
103.3,,,False,5,no2,µg/m³,,raw,01:00:00,2016-11-13T10:30:00Z,2016-11-13T16:00:00+05:30,2016-11-13T11:30:00Z,2016-11-13T17:00:00+05:30,1,01:00:00,1,00:15:00,100.0,0.0,2016-11-13T11:15:00Z,2016-11-13T16:45:00+05:30,2016-11-13T11:30:00Z,2016-11-13T17:00:00+05:30
107.1,,,False,5,no2,µg/m³,,raw,01:00:00,2016-11-13T10:45:00Z,2016-11-13T16:15:00+05:30,2016-11-13T11:45:00Z,2016-11-13T17:15:00+05:30,1,01:00:00,1,00:15:00,100.0,0.0,2016-11-13T11:30:00Z,2016-11-13T17:00:00+05:30,2016-11-13T11:45:00Z,2016-11-13T17:15:00+05:30
111.7,,,False,5,no2,µg/m³,,raw,01:00:00,2016-11-13T11:00:00Z,2016-11-13T16:30:00+05:30,2016-11-13T12:00:00Z,2016-11-13T17:30:00+05:30,1,01:00:00,1,00:15:00,100.0,0.0,2016-11-13T11:45:00Z,2016-11-13T17:15:00+05:30,2016-11-13T12:00:00Z,2016-11-13T17:30:00+05:30
113.0,,,False,5,no2,µg/m³,,raw,01:00:00,2016-11-13T11:15:00Z,2016-11-13T16:45:00+05:30,2016-11-13T12:15:00Z,2016-11-13T17:45:00+05:30,1,01:00:00,1,00:15:00,100.0,0.0,2016-11-13T12:00:00Z,2016-11-13T17:30:00+05:30,2016-11-13T12:15:00Z,2016-11-13T17:45:00+05:30
110.8,,,False,5,no2,µg/m³,,raw,01:00:00,2016-11-13T11:30:00Z,2016-11-13T17:00:00+05:30,2016-11-13T12:30:00Z,2016-11-13T18:00:00+05:30,1,01:00:00,1,00:15:00,100.0,0.0,2016-11-13T12:15:00Z,2016-11-13T17:45:00+05:30,2016-11-13T12:30:00Z,2016-11-13T18:00:00+05:30
111.3,,,False,5,no2,µg/m³,,raw,01:00:00,2016-11-13T11:45:00Z,2016-11-13T17:15:00+05:30,2016-11-13T12:45:00Z,2016-11-13T18:15:00+05:30,1,01:00:00,1,00:15:00,100.0,0.0,2016-11-13T12:30:00Z,2016-11-13T18:00:00+05:30,2016-11-13T12:45:00Z,2016-11-13T18:15:00+05:30
114.7,,,False,5,no2,µg/m³,,raw,01:00:00,2016-11-13T12:00:00Z,2016-11-13T17:30:00+05:30,2016-11-13T13:00:00Z,2016-11-13T18:30:00+05:30,1,01:00:00,1,00:15:00,100.0,0.0,2016-11-13T12:45:00Z,2016-11-13T18:15:00+05:30,2016-11-13T13:00:00Z,2016-11-13T18:30:00+05:30
111.9,,,False,5,no2,µg/m³,,raw,01:00:00,2016-11-13T12:15:00Z,2016-11-13T17:45:00+05:30,2016-11-13T13:15:00Z,2016-11-13T18:45:00+05:30,1,01:00:00,1,00:15:00,100.0,0.0,2016-11-13T13:00:00Z,2016-11-13T18:30:00+05:30,2016-11-13T13:15:00Z,2016-11-13T18:45:00+05:30
108.7,,,False,5,no2,µg/m³,,raw,01:00:00,2016-11-13T12:30:00Z,2016-11-13T18:00:00+05:30,2016-11-13T13:30:00Z,2016-11-13T19:00:00+05:30,1,01:00:00,1,00:15:00,100.0,0.0,2016-11-13T13:15:00Z,2016-11-13T18:45:00+05:30,2016-11-13T13:30:00Z,2016-11-13T19:00:00+05:30
111.5,,,False,5,no2,µg/m³,,raw,01:00:00,2016-11-13T12:45:00Z,2016-11-13T18:15:00+05:30,2016-11-13T13:45:00Z,2016-11-13T19:15:00+05:30,1,01:00:00,1,00:15:00,100.0,0.0,2016-11-13T13:30:00Z,2016-11-13T19:00:00+05:30,2016-11-13T13:45:00Z,2016-11-13T19:15:00+05:30
114.2,,,False,5,no2,µg/m³,,raw,01:00:00,2016-11-13T13:00:00Z,2016-11-13T18:30:00+05:30,2016-11-13T14:00:00Z,2016-11-13T19:30:00+05:30,1,01:00:00,1,00:15:00,100.0,0.0,2016-11-13T13:45:00Z,2016-11-13T19:15:00+05:30,2016-11-13T14:00:00Z,2016-11-13T19:30:00+05:30
99.6,,,False,5,no2,µg/m³,,raw,01:00:00,2016-11-13T13:15:00Z,2016-11-13T18:45:00+05:30,2016-11-13T14:15:00Z,2016-11-13T19:45:00+05:30,1,01:00:00,1,00:15:00,100.0,0.0,2016-11-13T14:00:00Z,2016-11-13T19:30:00+05:30,2016-11-13T14:15:00Z,2016-11-13T19:45:00+05:30
104.6,,,False,5,no2,µg/m³,,raw,01:00:00,2016-11-13T13:30:00Z,2016-11-13T19:00:00+05:30,2016-11-13T14:30:00Z,2016-11-13T20:00:00+05:30,1,01:00:00,1,00:15:00,100.0,0.0,2016-11-13T14:15:00Z,2016-11-13T19:45:00+05:30,2016-11-13T14:30:00Z,2016-11-13T20:00:00+05:30
109.2,,,False,5,no2,µg/m³,,raw,01:00:00,2016-11-13T13:45:00Z,2016-11-13T19:15:00+05:30,2016-11-13T14:45:00Z,2016-11-13T20:15:00+05:30,1,01:00:00,1,00:15:00,100.0,0.0,2016-11-13T14:30:00Z,2016-11-13T20:00:00+05:30,2016-11-13T14:45:00Z,2016-11-13T20:15:00+05:30
107.0,,,False,5,no2,µg/m³,,raw,01:00:00,2016-11-13T14:00:00Z,2016-11-13T19:30:00+05:30,2016-11-13T15:00:00Z,2016-11-13T20:30:00+05:30,1,01:00:00,1,00:15:00,100.0,0.0,2016-11-13T14:45:00Z,2016-11-13T20:15:00+05:30,2016-11-13T15:00:00Z,2016-11-13T20:30:00+05:30
105.7,,,False,5,no2,µg/m³,,raw,01:00:00,2016-11-13T14:15:00Z,2016-11-13T19:45:00+05:30,2016-11-13T15:15:00Z,2016-11-13T20:45:00+05:30,1,01:00:00,1,00:15:00,100.0,0.0,2016-11-13T15:00:00Z,2016-11-13T20:30:00+05:30,2016-11-13T15:15:00Z,2016-11-13T20:45:00+05:30
98.7,,,False,5,no2,µg/m³,,raw,01:00:00,2016-11-13T14:30:00Z,2016-11-13T20:00:00+05:30,2016-11-13T15:30:00Z,2016-11-13T21:00:00+05:30,1,01:00:00,1,00:15:00,100.0,0.0,2016-11-13T15:15:00Z,2016-11-13T20:45:00+05:30,2016-11-13T15:30:00Z,2016-11-13T21:00:00+05:30
99.9,,,False,5,no2,µg/m³,,raw,01:00:00,2016-11-13T15:45:00Z,2016-11-13T21:15:00+05:30,2016-11-13T16:45:00Z,2016-11-13T22:15:00+05:30,1,01:00:00,1,00:15:00,100.0,0.0,2016-11-13T16:30:00Z,2016-11-13T22:00:00+05:30,2016-11-13T16:45:00Z,2016-11-13T22:15:00+05:30
100.9,,,False,5,no2,µg/m³,,raw,01:00:00,2016-11-13T16:00:00Z,2016-11-13T21:30:00+05:30,2016-11-13T17:00:00Z,2016-11-13T22:30:00+05:30,1,01:00:00,1,00:15:00,100.0,0.0,2016-11-13T16:45:00Z,2016-11-13T22:15:00+05:30,2016-11-13T17:00:00Z,2016-11-13T22:30:00+05:30
99.7,,,False,5,no2,µg/m³,,raw,01:00:00,2016-11-13T16:15:00Z,2016-11-13T21:45:00+05:30,2016-11-13T17:15:00Z,2016-11-13T22:45:00+05:30,1,01:00:00,1,00:15:00,100.0,0.0,2016-11-13T17:00:00Z,2016-11-13T22:30:00+05:30,2016-11-13T17:15:00Z,2016-11-13T22:45:00+05:30
100.8,,,False,5,no2,µg/m³,,raw,01:00:00,2016-11-13T16:30:00Z,2016-11-13T22:00:00+05:30,2016-11-13T17:30:00Z,2016-11-13T23:00:00+05:30,1,01:00:00,1,00:15:00,100.0,0.0,2016-11-13T17:15:00Z,2016-11-13T22:45:00+05:30,2016-11-13T17:30:00Z,2016-11-13T23:00:00+05:30
98.9,,,False,5,no2,µg/m³,,raw,01:00:00,2016-11-13T16:45:00Z,2016-11-13T22:15:00+05:30,2016-11-13T17:45:00Z,2016-11-13T23:15:00+05:30,1,01:00:00,1,00:15:00,100.0,0.0,2016-11-13T17:30:00Z,2016-11-13T23:00:00+05:30,2016-11-13T17:45:00Z,2016-11-13T23:15:00+05:30
91.3,,,False,5,no2,µg/m³,,raw,01:00:00,2016-11-13T17:00:00Z,2016-11-13T22:30:00+05:30,2016-11-13T18:00:00Z,2016-11-13T23:30:00+05:30,1,01:00:00,1,00:15:00,100.0,0.0,2016-11-13T17:45:00Z,2016-11-13T23:15:00+05:30,2016-11-13T18:00:00Z,2016-11-13T23:30:00+05:30
91.4,,,False,5,no2,µg/m³,,raw,01:00:00,2016-11-13T17:15:00Z,2016-11-13T22:45:00+05:30,2016-11-13T18:15:00Z,2016-11-13T23:45:00+05:30,1,01:00:00,1,00:15:00,100.0,0.0,2016-11-13T18:00:00Z,2016-11-13T23:30:00+05:30,2016-11-13T18:15:00Z,2016-11-13T23:45:00+05:30
83.5,,,False,5,no2,µg/m³,,raw,01:00:00,2016-11-13T17:30:00Z,2016-11-13T23:00:00+05:30,2016-11-13T18:30:00Z,2016-11-14T00:00:00+05:30,1,01:00:00,1,00:15:00,100.0,0.0,2016-11-13T18:15:00Z,2016-11-13T23:45:00+05:30,2016-11-13T18:30:00Z,2016-11-14T00:00:00+05:30
93.7,,,False,5,no2,µg/m³,,raw,01:00:00,2016-11-13T17:45:00Z,2016-11-13T23:15:00+05:30,2016-11-13T18:45:00Z,2016-11-14T00:15:00+05:30,1,01:00:00,1,00:15:00,100.0,0.0,2016-11-13T18:30:00Z,2016-11-14T00:00:00+05:30,2016-11-13T18:45:00Z,2016-11-14T00:15:00+05:30
86.7,,,False,5,no2,µg/m³,,raw,01:00:00,2016-11-13T18:00:00Z,2016-11-13T23:30:00+05:30,2016-11-13T19:00:00Z,2016-11-14T00:30:00+05:30,1,01:00:00,1,00:15:00,100.0,0.0,2016-11-13T18:45:00Z,2016-11-14T00:15:00+05:30,2016-11-13T19:00:00Z,2016-11-14T00:30:00+05:30
82.4,,,False,5,no2,µg/m³,,raw,01:00:00,2016-11-13T18:45:00Z,2016-11-14T00:15:00+05:30,2016-11-13T19:45:00Z,2016-11-14T01:15:00+05:30,1,01:00:00,1,00:15:00,100.0,0.0,2016-11-13T19:30:00Z,2016-11-14T01:00:00+05:30,2016-11-13T19:45:00Z,2016-11-14T01:15:00+05:30
74.6,,,False,5,no2,µg/m³,,raw,01:00:00,2016-11-13T19:00:00Z,2016-11-14T00:30:00+05:30,2016-11-13T20:00:00Z,2016-11-14T01:30:00+05:30,1,01:00:00,1,00:15:00,100.0,0.0,2016-11-13T19:45:00Z,2016-11-14T01:15:00+05:30,2016-11-13T20:00:00Z,2016-11-14T01:30:00+05:30
72.7,,,False,5,no2,µg/m³,,raw,01:00:00,2016-11-13T19:15:00Z,2016-11-14T00:45:00+05:30,2016-11-13T20:15:00Z,2016-11-14T01:45:00+05:30,1,01:00:00,1,00:15:00,100.0,0.0,2016-11-13T20:00:00Z,2016-11-14T01:30:00+05:30,2016-11-13T20:15:00Z,2016-11-14T01:45:00+05:30
80.3,,,False,5,no2,µg/m³,,raw,01:00:00,2016-11-13T19:30:00Z,2016-11-14T01:00:00+05:30,2016-11-13T20:30:00Z,2016-11-14T02:00:00+05:30,1,01:00:00,1,00:15:00,100.0,0.0,2016-11-13T20:15:00Z,2016-11-14T01:45:00+05:30,2016-11-13T20:30:00Z,2016-11-14T02:00:00+05:30
71.3,,,False,5,no2,µg/m³,,raw,01:00:00,2016-11-13T20:00:00Z,2016-11-14T01:30:00+05:30,2016-11-13T21:00:00Z,2016-11-14T02:30:00+05:30,1,01:00:00,1,00:15:00,100.0,0.0,2016-11-13T20:45:00Z,2016-11-14T02:15:00+05:30,2016-11-13T21:00:00Z,2016-11-14T02:30:00+05:30
74.8,,,False,5,no2,µg/m³,,raw,01:00:00,2016-11-13T20:15:00Z,2016-11-14T01:45:00+05:30,2016-11-13T21:15:00Z,2016-11-14T02:45:00+05:30,1,01:00:00,1,00:15:00,100.0,0.0,2016-11-13T21:00:00Z,2016-11-14T02:30:00+05:30,2016-11-13T21:15:00Z,2016-11-14T02:45:00+05:30
75.8,,,False,5,no2,µg/m³,,raw,01:00:00,2016-11-13T20:30:00Z,2016-11-14T02:00:00+05:30,2016-11-13T21:30:00Z,2016-11-14T03:00:00+05:30,1,01:00:00,1,00:15:00,100.0,0.0,2016-11-13T21:15:00Z,2016-11-14T02:45:00+05:30,2016-11-13T21:30:00Z,2016-11-14T03:00:00+05:30
74.7,,,False,5,no2,µg/m³,,raw,01:00:00,2016-11-13T20:45:00Z,2016-11-14T02:15:00+05:30,2016-11-13T21:45:00Z,2016-11-14T03:15:00+05:30,1,01:00:00,1,00:15:00,100.0,0.0,2016-11-13T21:30:00Z,2016-11-14T03:00:00+05:30,2016-11-13T21:45:00Z,2016-11-14T03:15:00+05:30
70.1,,,False,5,no2,µg/m³,,raw,01:00:00,2016-11-13T21:00:00Z,2016-11-14T02:30:00+05:30,2016-11-13T22:00:00Z,2016-11-14T03:30:00+05:30,1,01:00:00,1,00:15:00,100.0,0.0,2016-11-13T21:45:00Z,2016-11-14T03:15:00+05:30,2016-11-13T22:00:00Z,2016-11-14T03:30:00+05:30
70.8,,,False,5,no2,µg/m³,,raw,01:00:00,2016-11-13T21:15:00Z,2016-11-14T02:45:00+05:30,2016-11-13T22:15:00Z,2016-11-14T03:45:00+05:30,1,01:00:00,1,00:15:00,100.0,0.0,2016-11-13T22:00:00Z,2016-11-14T03:30:00+05:30,2016-11-13T22:15:00Z,2016-11-14T03:45:00+05:30
64.7,,,False,5,no2,µg/m³,,raw,01:00:00,2016-11-13T21:30:00Z,2016-11-14T03:00:00+05:30,2016-11-13T22:30:00Z,2016-11-14T04:00:00+05:30,1,01:00:00,1,00:15:00,100.0,0.0,2016-11-13T22:15:00Z,2016-11-14T03:45:00+05:30,2016-11-13T22:30:00Z,2016-11-14T04:00:00+05:30
64.9,,,False,5,no2,µg/m³,,raw,01:00:00,2016-11-13T21:45:00Z,2016-11-14T03:15:00+05:30,2016-11-13T22:45:00Z,2016-11-14T04:15:00+05:30,1,01:00:00,1,00:15:00,100.0,0.0,2016-11-13T22:30:00Z,2016-11-14T04:00:00+05:30,2016-11-13T22:45:00Z,2016-11-14T04:15:00+05:30
63.7,,,False,5,no2,µg/m³,,raw,01:00:00,2016-11-13T22:00:00Z,2016-11-14T03:30:00+05:30,2016-11-13T23:00:00Z,2016-11-14T04:30:00+05:30,1,01:00:00,1,00:15:00,100.0,0.0,2016-11-13T22:45:00Z,2016-11-14T04:15:00+05:30,2016-11-13T23:00:00Z,2016-11-14T04:30:00+05:30
62.0,,,False,5,no2,µg/m³,,raw,01:00:00,2016-11-13T22:15:00Z,2016-11-14T03:45:00+05:30,2016-11-13T23:15:00Z,2016-11-14T04:45:00+05:30,1,01:00:00,1,00:15:00,100.0,0.0,2016-11-13T23:00:00Z,2016-11-14T04:30:00+05:30,2016-11-13T23:15:00Z,2016-11-14T04:45:00+05:30
59.3,,,False,5,no2,µg/m³,,raw,01:00:00,2016-11-13T22:30:00Z,2016-11-14T04:00:00+05:30,2016-11-13T23:30:00Z,2016-11-14T05:00:00+05:30,1,01:00:00,1,00:15:00,100.0,0.0,2016-11-13T23:15:00Z,2016-11-14T04:45:00+05:30,2016-11-13T23:30:00Z,2016-11-14T05:00:00+05:30
56.3,,,False,5,no2,µg/m³,,raw,01:00:00,2016-11-13T22:45:00Z,2016-11-14T04:15:00+05:30,2016-11-13T23:45:00Z,2016-11-14T05:15:00+05:30,1,01:00:00,1,00:15:00,100.0,0.0,2016-11-13T23:30:00Z,2016-11-14T05:00:00+05:30,2016-11-13T23:45:00Z,2016-11-14T05:15:00+05:30
51.5,,,False,5,no2,µg/m³,,raw,01:00:00,2016-11-13T23:00:00Z,2016-11-14T04:30:00+05:30,2016-11-14T00:00:00Z,2016-11-14T05:30:00+05:30,1,01:00:00,1,00:15:00,100.0,0.0,2016-11-13T23:45:00Z,2016-11-14T05:15:00+05:30,2016-11-14T00:00:00Z,2016-11-14T05:30:00+05:30
54.2,,,False,5,no2,µg/m³,,raw,01:00:00,2016-11-13T23:15:00Z,2016-11-14T04:45:00+05:30,2016-11-14T00:15:00Z,2016-11-14T05:45:00+05:30,1,01:00:00,1,00:15:00,100.0,0.0,2016-11-14T00:00:00Z,2016-11-14T05:30:00+05:30,2016-11-14T00:15:00Z,2016-11-14T05:45:00+05:30
55.9,,,False,5,no2,µg/m³,,raw,01:00:00,2016-11-13T23:30:00Z,2016-11-14T05:00:00+05:30,2016-11-14T00:30:00Z,2016-11-14T06:00:00+05:30,1,01:00:00,1,00:15:00,100.0,0.0,2016-11-14T00:15:00Z,2016-11-14T05:45:00+05:30,2016-11-14T00:30:00Z,2016-11-14T06:00:00+05:30
54.4,,,False,5,no2,µg/m³,,raw,01:00:00,2016-11-13T23:45:00Z,2016-11-14T05:15:00+05:30,2016-11-14T00:45:00Z,2016-11-14T06:15:00+05:30,1,01:00:00,1,00:15:00,100.0,0.0,2016-11-14T00:30:00Z,2016-11-14T06:00:00+05:30,2016-11-14T00:45:00Z,2016-11-14T06:15:00+05:30
54.1,,,False,5,no2,µg/m³,,raw,01:00:00,2016-11-14T00:00:00Z,2016-11-14T05:30:00+05:30,2016-11-14T01:00:00Z,2016-11-14T06:30:00+05:30,1,01:00:00,1,00:15:00,100.0,0.0,2016-11-14T00:45:00Z,2016-11-14T06:15:00+05:30,2016-11-14T01:00:00Z,2016-11-14T06:30:00+05:30
58.7,,,False,5,no2,µg/m³,,raw,01:00:00,2016-11-14T00:15:00Z,2016-11-14T05:45:00+05:30,2016-11-14T01:15:00Z,2016-11-14T06:45:00+05:30,1,01:00:00,1,00:15:00,100.0,0.0,2016-11-14T01:00:00Z,2016-11-14T06:30:00+05:30,2016-11-14T01:15:00Z,2016-11-14T06:45:00+05:30
55.9,,,False,5,no2,µg/m³,,raw,01:00:00,2016-11-14T00:30:00Z,2016-11-14T06:00:00+05:30,2016-11-14T01:30:00Z,2016-11-14T07:00:00+05:30,1,01:00:00,1,00:15:00,100.0,0.0,2016-11-14T01:15:00Z,2016-11-14T06:45:00+05:30,2016-11-14T01:30:00Z,2016-11-14T07:00:00+05:30
61.3,,,False,5,no2,µg/m³,,raw,01:00:00,2016-11-14T00:45:00Z,2016-11-14T06:15:00+05:30,2016-11-14T01:45:00Z,2016-11-14T07:15:00+05:30,1,01:00:00,1,00:15:00,100.0,0.0,2016-11-14T01:30:00Z,2016-11-14T07:00:00+05:30,2016-11-14T01:45:00Z,2016-11-14T07:15:00+05:30
60.1,,,False,5,no2,µg/m³,,raw,01:00:00,2016-11-14T01:00:00Z,2016-11-14T06:30:00+05:30,2016-11-14T02:00:00Z,2016-11-14T07:30:00+05:30,1,01:00:00,1,00:15:00,100.0,0.0,2016-11-14T01:45:00Z,2016-11-14T07:15:00+05:30,2016-11-14T02:00:00Z,2016-11-14T07:30:00+05:30
63.3,,,False,5,no2,µg/m³,,raw,01:00:00,2016-11-14T01:15:00Z,2016-11-14T06:45:00+05:30,2016-11-14T02:15:00Z,2016-11-14T07:45:00+05:30,1,01:00:00,1,00:15:00,100.0,0.0,2016-11-14T02:00:00Z,2016-11-14T07:30:00+05:30,2016-11-14T02:15:00Z,2016-11-14T07:45:00+05:30
72.8,,,False,5,no2,µg/m³,,raw,01:00:00,2016-11-14T01:30:00Z,2016-11-14T07:00:00+05:30,2016-11-14T02:30:00Z,2016-11-14T08:00:00+05:30,1,01:00:00,1,00:15:00,100.0,0.0,2016-11-14T02:15:00Z,2016-11-14T07:45:00+05:30,2016-11-14T02:30:00Z,2016-11-14T08:00:00+05:30
87.9,,,False,5,no2,µg/m³,,raw,01:00:00,2016-11-14T01:45:00Z,2016-11-14T07:15:00+05:30,2016-11-14T02:45:00Z,2016-11-14T08:15:00+05:30,1,01:00:00,1,00:15:00,100.0,0.0,2016-11-14T02:30:00Z,2016-11-14T08:00:00+05:30,2016-11-14T02:45:00Z,2016-11-14T08:15:00+05:30
86.1,,,False,5,no2,µg/m³,,raw,01:00:00,2016-11-14T02:00:00Z,2016-11-14T07:30:00+05:30,2016-11-14T03:00:00Z,2016-11-14T08:30:00+05:30,1,01:00:00,1,00:15:00,100.0,0.0,2016-11-14T02:45:00Z,2016-11-14T08:15:00+05:30,2016-11-14T03:00:00Z,2016-11-14T08:30:00+05:30
103.9,,,False,5,no2,µg/m³,,raw,01:00:00,2016-11-14T02:15:00Z,2016-11-14T07:45:00+05:30,2016-11-14T03:15:00Z,2016-11-14T08:45:00+05:30,1,01:00:00,1,00:15:00,100.0,0.0,2016-11-14T03:00:00Z,2016-11-14T08:30:00+05:30,2016-11-14T03:15:00Z,2016-11-14T08:45:00+05:30
94.6,,,False,5,no2,µg/m³,,raw,01:00:00,2016-11-14T02:30:00Z,2016-11-14T08:00:00+05:30,2016-11-14T03:30:00Z,2016-11-14T09:00:00+05:30,1,01:00:00,1,00:15:00,100.0,0.0,2016-11-14T03:15:00Z,2016-11-14T08:45:00+05:30,2016-11-14T03:30:00Z,2016-11-14T09:00:00+05:30
101.4,,,False,5,no2,µg/m³,,raw,01:00:00,2016-11-14T02:45:00Z,2016-11-14T08:15:00+05:30,2016-11-14T03:45:00Z,2016-11-14T09:15:00+05:30,1,01:00:00,1,00:15:00,100.0,0.0,2016-11-14T03:30:00Z,2016-11-14T09:00:00+05:30,2016-11-14T03:45:00Z,2016-11-14T09:15:00+05:30
105.1,,,False,5,no2,µg/m³,,raw,01:00:00,2016-11-14T03:15:00Z,2016-11-14T08:45:00+05:30,2016-11-14T04:15:00Z,2016-11-14T09:45:00+05:30,1,01:00:00,1,00:15:00,100.0,0.0,2016-11-14T04:00:00Z,2016-11-14T09:30:00+05:30,2016-11-14T04:15:00Z,2016-11-14T09:45:00+05:30
90.9,,,False,5,no2,µg/m³,,raw,01:00:00,2016-11-14T03:30:00Z,2016-11-14T09:00:00+05:30,2016-11-14T04:30:00Z,2016-11-14T10:00:00+05:30,1,01:00:00,1,00:15:00,100.0,0.0,2016-11-14T04:15:00Z,2016-11-14T09:45:00+05:30,2016-11-14T04:30:00Z,2016-11-14T10:00:00+05:30
97.9,,,False,5,no2,µg/m³,,raw,01:00:00,2016-11-14T03:45:00Z,2016-11-14T09:15:00+05:30,2016-11-14T04:45:00Z,2016-11-14T10:15:00+05:30,1,01:00:00,1,00:15:00,100.0,0.0,2016-11-14T04:30:00Z,2016-11-14T10:00:00+05:30,2016-11-14T04:45:00Z,2016-11-14T10:15:00+05:30
94.2,,,False,5,no2,µg/m³,,raw,01:00:00,2016-11-14T04:00:00Z,2016-11-14T09:30:00+05:30,2016-11-14T05:00:00Z,2016-11-14T10:30:00+05:30,1,01:00:00,1,00:15:00,100.0,0.0,2016-11-14T04:45:00Z,2016-11-14T10:15:00+05:30,2016-11-14T05:00:00Z,2016-11-14T10:30:00+05:30
84.1,,,False,5,no2,µg/m³,,raw,01:00:00,2016-11-14T04:15:00Z,2016-11-14T09:45:00+05:30,2016-11-14T05:15:00Z,2016-11-14T10:45:00+05:30,1,01:00:00,1,00:15:00,100.0,0.0,2016-11-14T05:00:00Z,2016-11-14T10:30:00+05:30,2016-11-14T05:15:00Z,2016-11-14T10:45:00+05:30
70.8,,,False,5,no2,µg/m³,,raw,01:00:00,2016-11-14T04:30:00Z,2016-11-14T10:00:00+05:30,2016-11-14T05:30:00Z,2016-11-14T11:00:00+05:30,1,01:00:00,1,00:15:00,100.0,0.0,2016-11-14T05:15:00Z,2016-11-14T10:45:00+05:30,2016-11-14T05:30:00Z,2016-11-14T11:00:00+05:30
80.3,,,False,5,no2,µg/m³,,raw,01:00:00,2016-11-14T04:45:00Z,2016-11-14T10:15:00+05:30,2016-11-14T05:45:00Z,2016-11-14T11:15:00+05:30,1,01:00:00,1,00:15:00,100.0,0.0,2016-11-14T05:30:00Z,2016-11-14T11:00:00+05:30,2016-11-14T05:45:00Z,2016-11-14T11:15:00+05:30
64.2,,,False,5,no2,µg/m³,,raw,01:00:00,2016-11-14T05:00:00Z,2016-11-14T10:30:00+05:30,2016-11-14T06:00:00Z,2016-11-14T11:30:00+05:30,1,01:00:00,1,00:15:00,100.0,0.0,2016-11-14T05:45:00Z,2016-11-14T11:15:00+05:30,2016-11-14T06:00:00Z,2016-11-14T11:30:00+05:30
72.2,,,False,5,no2,µg/m³,,raw,01:00:00,2016-11-14T05:15:00Z,2016-11-14T10:45:00+05:30,2016-11-14T06:15:00Z,2016-11-14T11:45:00+05:30,1,01:00:00,1,00:15:00,100.0,0.0,2016-11-14T06:00:00Z,2016-11-14T11:30:00+05:30,2016-11-14T06:15:00Z,2016-11-14T11:45:00+05:30
90.2,,,False,5,no2,µg/m³,,raw,01:00:00,2016-11-14T05:30:00Z,2016-11-14T11:00:00+05:30,2016-11-14T06:30:00Z,2016-11-14T12:00:00+05:30,1,01:00:00,1,00:15:00,100.0,0.0,2016-11-14T06:15:00Z,2016-11-14T11:45:00+05:30,2016-11-14T06:30:00Z,2016-11-14T12:00:00+05:30
61.7,,,False,5,no2,µg/m³,,raw,01:00:00,2016-11-14T05:45:00Z,2016-11-14T11:15:00+05:30,2016-11-14T06:45:00Z,2016-11-14T12:15:00+05:30,1,01:00:00,1,00:15:00,100.0,0.0,2016-11-14T06:30:00Z,2016-11-14T12:00:00+05:30,2016-11-14T06:45:00Z,2016-11-14T12:15:00+05:30
59.8,,,False,5,no2,µg/m³,,raw,01:00:00,2016-11-14T06:00:00Z,2016-11-14T11:30:00+05:30,2016-11-14T07:00:00Z,2016-11-14T12:30:00+05:30,1,01:00:00,1,00:15:00,100.0,0.0,2016-11-14T06:45:00Z,2016-11-14T12:15:00+05:30,2016-11-14T07:00:00Z,2016-11-14T12:30:00+05:30
52.0,,,False,5,no2,µg/m³,,raw,01:00:00,2016-11-14T06:15:00Z,2016-11-14T11:45:00+05:30,2016-11-14T07:15:00Z,2016-11-14T12:45:00+05:30,1,01:00:00,1,00:15:00,100.0,0.0,2016-11-14T07:00:00Z,2016-11-14T12:30:00+05:30,2016-11-14T07:15:00Z,2016-11-14T12:45:00+05:30
51.5,,,False,5,no2,µg/m³,,raw,01:00:00,2016-11-14T06:30:00Z,2016-11-14T12:00:00+05:30,2016-11-14T07:30:00Z,2016-11-14T13:00:00+05:30,1,01:00:00,1,00:15:00,100.0,0.0,2016-11-14T07:15:00Z,2016-11-14T12:45:00+05:30,2016-11-14T07:30:00Z,2016-11-14T13:00:00+05:30
51.4,,,False,5,no2,µg/m³,,raw,01:00:00,2016-11-14T06:45:00Z,2016-11-14T12:15:00+05:30,2016-11-14T07:45:00Z,2016-11-14T13:15:00+05:30,1,01:00:00,1,00:15:00,100.0,0.0,2016-11-14T07:30:00Z,2016-11-14T13:00:00+05:30,2016-11-14T07:45:00Z,2016-11-14T13:15:00+05:30
30.2,,,False,5,no2,µg/m³,,raw,01:00:00,2016-11-14T07:00:00Z,2016-11-14T12:30:00+05:30,2016-11-14T08:00:00Z,2016-11-14T13:30:00+05:30,1,01:00:00,1,00:15:00,100.0,0.0,2016-11-14T07:45:00Z,2016-11-14T13:15:00+05:30,2016-11-14T08:00:00Z,2016-11-14T13:30:00+05:30
60.1,,,False,5,no2,µg/m³,,raw,01:00:00,2016-11-14T07:15:00Z,2016-11-14T12:45:00+05:30,2016-11-14T08:15:00Z,2016-11-14T13:45:00+05:30,1,01:00:00,1,00:15:00,100.0,0.0,2016-11-14T08:00:00Z,2016-11-14T13:30:00+05:30,2016-11-14T08:15:00Z,2016-11-14T13:45:00+05:30
39.6,,,False,5,no2,µg/m³,,raw,01:00:00,2016-11-14T07:30:00Z,2016-11-14T13:00:00+05:30,2016-11-14T08:30:00Z,2016-11-14T14:00:00+05:30,1,01:00:00,1,00:15:00,100.0,0.0,2016-11-14T08:15:00Z,2016-11-14T13:45:00+05:30,2016-11-14T08:30:00Z,2016-11-14T14:00:00+05:30
51.0,,,False,5,no2,µg/m³,,raw,01:00:00,2016-11-14T07:45:00Z,2016-11-14T13:15:00+05:30,2016-11-14T08:45:00Z,2016-11-14T14:15:00+05:30,1,01:00:00,1,00:15:00,100.0,0.0,2016-11-14T08:30:00Z,2016-11-14T14:00:00+05:30,2016-11-14T08:45:00Z,2016-11-14T14:15:00+05:30
35.9,,,False,5,no2,µg/m³,,raw,01:00:00,2016-11-14T08:00:00Z,2016-11-14T13:30:00+05:30,2016-11-14T09:00:00Z,2016-11-14T14:30:00+05:30,1,01:00:00,1,00:15:00,100.0,0.0,2016-11-14T08:45:00Z,2016-11-14T14:15:00+05:30,2016-11-14T09:00:00Z,2016-11-14T14:30:00+05:30
29.2,,,False,5,no2,µg/m³,,raw,01:00:00,2016-11-14T08:15:00Z,2016-11-14T13:45:00+05:30,2016-11-14T09:15:00Z,2016-11-14T14:45:00+05:30,1,01:00:00,1,00:15:00,100.0,0.0,2016-11-14T09:00:00Z,2016-11-14T14:30:00+05:30,2016-11-14T09:15:00Z,2016-11-14T14:45:00+05:30
63.5,,,False,5,no2,µg/m³,,raw,01:00:00,2016-11-14T08:30:00Z,2016-11-14T14:00:00+05:30,2016-11-14T09:30:00Z,2016-11-14T15:00:00+05:30,1,01:00:00,1,00:15:00,100.0,0.0,2016-11-14T09:15:00Z,2016-11-14T14:45:00+05:30,2016-11-14T09:30:00Z,2016-11-14T15:00:00+05:30
48.0,,,False,5,no2,µg/m³,,raw,01:00:00,2016-11-14T08:45:00Z,2016-11-14T14:15:00+05:30,2016-11-14T09:45:00Z,2016-11-14T15:15:00+05:30,1,01:00:00,1,00:15:00,100.0,0.0,2016-11-14T09:30:00Z,2016-11-14T15:00:00+05:30,2016-11-14T09:45:00Z,2016-11-14T15:15:00+05:30
49.1,,,False,5,no2,µg/m³,,raw,01:00:00,2016-11-14T09:00:00Z,2016-11-14T14:30:00+05:30,2016-11-14T10:00:00Z,2016-11-14T15:30:00+05:30,1,01:00:00,1,00:15:00,100.0,0.0,2016-11-14T09:45:00Z,2016-11-14T15:15:00+05:30,2016-11-14T10:00:00Z,2016-11-14T15:30:00+05:30
37.1,,,False,5,no2,µg/m³,,raw,01:00:00,2016-11-14T09:15:00Z,2016-11-14T14:45:00+05:30,2016-11-14T10:15:00Z,2016-11-14T15:45:00+05:30,1,01:00:00,1,00:15:00,100.0,0.0,2016-11-14T10:00:00Z,2016-11-14T15:30:00+05:30,2016-11-14T10:15:00Z,2016-11-14T15:45:00+05:30
38.2,,,False,5,no2,µg/m³,,raw,01:00:00,2016-11-14T09:30:00Z,2016-11-14T15:00:00+05:30,2016-11-14T10:30:00Z,2016-11-14T16:00:00+05:30,1,01:00:00,1,00:15:00,100.0,0.0,2016-11-14T10:15:00Z,2016-11-14T15:45:00+05:30,2016-11-14T10:30:00Z,2016-11-14T16:00:00+05:30
48.6,,,False,5,no2,µg/m³,,raw,01:00:00,2016-11-14T09:45:00Z,2016-11-14T15:15:00+05:30,2016-11-14T10:45:00Z,2016-11-14T16:15:00+05:30,1,01:00:00,1,00:15:00,100.0,0.0,2016-11-14T10:30:00Z,2016-11-14T16:00:00+05:30,2016-11-14T10:45:00Z,2016-11-14T16:15:00+05:30
67.0,,,False,5,no2,µg/m³,,raw,01:00:00,2016-11-14T10:00:00Z,2016-11-14T15:30:00+05:30,2016-11-14T11:00:00Z,2016-11-14T16:30:00+05:30,1,01:00:00,1,00:15:00,100.0,0.0,2016-11-14T10:45:00Z,2016-11-14T16:15:00+05:30,2016-11-14T11:00:00Z,2016-11-14T16:30:00+05:30
58.8,,,False,5,no2,µg/m³,,raw,01:00:00,2016-11-14T10:15:00Z,2016-11-14T15:45:00+05:30,2016-11-14T11:15:00Z,2016-11-14T16:45:00+05:30,1,01:00:00,1,00:15:00,100.0,0.0,2016-11-14T11:00:00Z,2016-11-14T16:30:00+05:30,2016-11-14T11:15:00Z,2016-11-14T16:45:00+05:30
64.3,,,False,5,no2,µg/m³,,raw,01:00:00,2016-11-14T10:30:00Z,2016-11-14T16:00:00+05:30,2016-11-14T11:30:00Z,2016-11-14T17:00:00+05:30,1,01:00:00,1,00:15:00,100.0,0.0,2016-11-14T11:15:00Z,2016-11-14T16:45:00+05:30,2016-11-14T11:30:00Z,2016-11-14T17:00:00+05:30
85.7,,,False,5,no2,µg/m³,,raw,01:00:00,2016-11-14T10:45:00Z,2016-11-14T16:15:00+05:30,2016-11-14T11:45:00Z,2016-11-14T17:15:00+05:30,1,01:00:00,1,00:15:00,100.0,0.0,2016-11-14T11:30:00Z,2016-11-14T17:00:00+05:30,2016-11-14T11:45:00Z,2016-11-14T17:15:00+05:30
79.8,,,False,5,no2,µg/m³,,raw,01:00:00,2016-11-14T11:00:00Z,2016-11-14T16:30:00+05:30,2016-11-14T12:00:00Z,2016-11-14T17:30:00+05:30,1,01:00:00,1,00:15:00,100.0,0.0,2016-11-14T11:45:00Z,2016-11-14T17:15:00+05:30,2016-11-14T12:00:00Z,2016-11-14T17:30:00+05:30
77.3,,,False,5,no2,µg/m³,,raw,01:00:00,2016-11-14T11:15:00Z,2016-11-14T16:45:00+05:30,2016-11-14T12:15:00Z,2016-11-14T17:45:00+05:30,1,01:00:00,1,00:15:00,100.0,0.0,2016-11-14T12:00:00Z,2016-11-14T17:30:00+05:30,2016-11-14T12:15:00Z,2016-11-14T17:45:00+05:30
77.8,,,False,5,no2,µg/m³,,raw,01:00:00,2016-11-14T11:30:00Z,2016-11-14T17:00:00+05:30,2016-11-14T12:30:00Z,2016-11-14T18:00:00+05:30,1,01:00:00,1,00:15:00,100.0,0.0,2016-11-14T12:15:00Z,2016-11-14T17:45:00+05:30,2016-11-14T12:30:00Z,2016-11-14T18:00:00+05:30
81.6,,,False,5,no2,µg/m³,,raw,01:00:00,2016-11-14T11:45:00Z,2016-11-14T17:15:00+05:30,2016-11-14T12:45:00Z,2016-11-14T18:15:00+05:30,1,01:00:00,1,00:15:00,100.0,0.0,2016-11-14T12:30:00Z,2016-11-14T18:00:00+05:30,2016-11-14T12:45:00Z,2016-11-14T18:15:00+05:30
79.8,,,False,5,no2,µg/m³,,raw,01:00:00,2016-11-14T12:00:00Z,2016-11-14T17:30:00+05:30,2016-11-14T13:00:00Z,2016-11-14T18:30:00+05:30,1,01:00:00,1,00:15:00,100.0,0.0,2016-11-14T12:45:00Z,2016-11-14T18:15:00+05:30,2016-11-14T13:00:00Z,2016-11-14T18:30:00+05:30
79.3,,,False,5,no2,µg/m³,,raw,01:00:00,2016-11-14T12:15:00Z,2016-11-14T17:45:00+05:30,2016-11-14T13:15:00Z,2016-11-14T18:45:00+05:30,1,01:00:00,1,00:15:00,100.0,0.0,2016-11-14T13:00:00Z,2016-11-14T18:30:00+05:30,2016-11-14T13:15:00Z,2016-11-14T18:45:00+05:30
81.0,,,False,5,no2,µg/m³,,raw,01:00:00,2016-11-14T12:30:00Z,2016-11-14T18:00:00+05:30,2016-11-14T13:30:00Z,2016-11-14T19:00:00+05:30,1,01:00:00,1,00:15:00,100.0,0.0,2016-11-14T13:15:00Z,2016-11-14T18:45:00+05:30,2016-11-14T13:30:00Z,2016-11-14T19:00:00+05:30
79.9,,,False,5,no2,µg/m³,,raw,01:00:00,2016-11-14T12:45:00Z,2016-11-14T18:15:00+05:30,2016-11-14T13:45:00Z,2016-11-14T19:15:00+05:30,1,01:00:00,1,00:15:00,100.0,0.0,2016-11-14T13:30:00Z,2016-11-14T19:00:00+05:30,2016-11-14T13:45:00Z,2016-11-14T19:15:00+05:30
79.0,,,False,5,no2,µg/m³,,raw,01:00:00,2016-11-14T13:00:00Z,2016-11-14T18:30:00+05:30,2016-11-14T14:00:00Z,2016-11-14T19:30:00+05:30,1,01:00:00,1,00:15:00,100.0,0.0,2016-11-14T13:45:00Z,2016-11-14T19:15:00+05:30,2016-11-14T14:00:00Z,2016-11-14T19:30:00+05:30
76.5,,,False,5,no2,µg/m³,,raw,01:00:00,2016-11-14T13:15:00Z,2016-11-14T18:45:00+05:30,2016-11-14T14:15:00Z,2016-11-14T19:45:00+05:30,1,01:00:00,1,00:15:00,100.0,0.0,2016-11-14T14:00:00Z,2016-11-14T19:30:00+05:30,2016-11-14T14:15:00Z,2016-11-14T19:45:00+05:30
77.9,,,False,5,no2,µg/m³,,raw,01:00:00,2016-11-14T13:30:00Z,2016-11-14T19:00:00+05:30,2016-11-14T14:30:00Z,2016-11-14T20:00:00+05:30,1,01:00:00,1,00:15:00,100.0,0.0,2016-11-14T14:15:00Z,2016-11-14T19:45:00+05:30,2016-11-14T14:30:00Z,2016-11-14T20:00:00+05:30
79.3,,,False,5,no2,µg/m³,,raw,01:00:00,2016-11-14T13:45:00Z,2016-11-14T19:15:00+05:30,2016-11-14T14:45:00Z,2016-11-14T20:15:00+05:30,1,01:00:00,1,00:15:00,100.0,0.0,2016-11-14T14:30:00Z,2016-11-14T20:00:00+05:30,2016-11-14T14:45:00Z,2016-11-14T20:15:00+05:30
82.6,,,False,5,no2,µg/m³,,raw,01:00:00,2016-11-14T14:00:00Z,2016-11-14T19:30:00+05:30,2016-11-14T15:00:00Z,2016-11-14T20:30:00+05:30,1,01:00:00,1,00:15:00,100.0,0.0,2016-11-14T14:45:00Z,2016-11-14T20:15:00+05:30,2016-11-14T15:00:00Z,2016-11-14T20:30:00+05:30
80.5,,,False,5,no2,µg/m³,,raw,01:00:00,2016-11-14T14:15:00Z,2016-11-14T19:45:00+05:30,2016-11-14T15:15:00Z,2016-11-14T20:45:00+05:30,1,01:00:00,1,00:15:00,100.0,0.0,2016-11-14T15:00:00Z,2016-11-14T20:30:00+05:30,2016-11-14T15:15:00Z,2016-11-14T20:45:00+05:30
345.0,,,False,1,pm10,µg/m³,,raw,01:00:00,2016-11-02T17:30:00Z,2016-11-02T23:00:00+05:30,2016-11-02T18:30:00Z,2016-11-03T00:00:00+05:30,1,01:00:00,1,00:15:00,100.0,0.0,2016-11-02T18:15:00Z,2016-11-02T23:45:00+05:30,2016-11-02T18:30:00Z,2016-11-03T00:00:00+05:30
143.0,,,False,1,pm10,µg/m³,,raw,01:00:00,2016-11-03T10:00:00Z,2016-11-03T15:30:00+05:30,2016-11-03T11:00:00Z,2016-11-03T16:30:00+05:30,1,01:00:00,1,00:15:00,100.0,0.0,2016-11-03T10:45:00Z,2016-11-03T16:15:00+05:30,2016-11-03T11:00:00Z,2016-11-03T16:30:00+05:30
133.0,,,False,1,pm10,µg/m³,,raw,01:00:00,2016-11-03T10:15:00Z,2016-11-03T15:45:00+05:30,2016-11-03T11:15:00Z,2016-11-03T16:45:00+05:30,1,01:00:00,1,00:15:00,100.0,0.0,2016-11-03T11:00:00Z,2016-11-03T16:30:00+05:30,2016-11-03T11:15:00Z,2016-11-03T16:45:00+05:30
126.0,,,False,1,pm10,µg/m³,,raw,01:00:00,2016-11-03T10:30:00Z,2016-11-03T16:00:00+05:30,2016-11-03T11:30:00Z,2016-11-03T17:00:00+05:30,1,01:00:00,1,00:15:00,100.0,0.0,2016-11-03T11:15:00Z,2016-11-03T16:45:00+05:30,2016-11-03T11:30:00Z,2016-11-03T17:00:00+05:30
128.0,,,False,1,pm10,µg/m³,,raw,01:00:00,2016-11-03T10:45:00Z,2016-11-03T16:15:00+05:30,2016-11-03T11:45:00Z,2016-11-03T17:15:00+05:30,1,01:00:00,1,00:15:00,100.0,0.0,2016-11-03T11:30:00Z,2016-11-03T17:00:00+05:30,2016-11-03T11:45:00Z,2016-11-03T17:15:00+05:30
135.0,,,False,1,pm10,µg/m³,,raw,01:00:00,2016-11-03T11:00:00Z,2016-11-03T16:30:00+05:30,2016-11-03T12:00:00Z,2016-11-03T17:30:00+05:30,1,01:00:00,1,00:15:00,100.0,0.0,2016-11-03T11:45:00Z,2016-11-03T17:15:00+05:30,2016-11-03T12:00:00Z,2016-11-03T17:30:00+05:30
150.0,,,False,1,pm10,µg/m³,,raw,01:00:00,2016-11-03T11:15:00Z,2016-11-03T16:45:00+05:30,2016-11-03T12:15:00Z,2016-11-03T17:45:00+05:30,1,01:00:00,1,00:15:00,100.0,0.0,2016-11-03T12:00:00Z,2016-11-03T17:30:00+05:30,2016-11-03T12:15:00Z,2016-11-03T17:45:00+05:30
167.0,,,False,1,pm10,µg/m³,,raw,01:00:00,2016-11-03T11:30:00Z,2016-11-03T17:00:00+05:30,2016-11-03T12:30:00Z,2016-11-03T18:00:00+05:30,1,01:00:00,1,00:15:00,100.0,0.0,2016-11-03T12:15:00Z,2016-11-03T17:45:00+05:30,2016-11-03T12:30:00Z,2016-11-03T18:00:00+05:30
182.0,,,False,1,pm10,µg/m³,,raw,01:00:00,2016-11-03T11:45:00Z,2016-11-03T17:15:00+05:30,2016-11-03T12:45:00Z,2016-11-03T18:15:00+05:30,1,01:00:00,1,00:15:00,100.0,0.0,2016-11-03T12:30:00Z,2016-11-03T18:00:00+05:30,2016-11-03T12:45:00Z,2016-11-03T18:15:00+05:30
197.0,,,False,1,pm10,µg/m³,,raw,01:00:00,2016-11-03T12:00:00Z,2016-11-03T17:30:00+05:30,2016-11-03T13:00:00Z,2016-11-03T18:30:00+05:30,1,01:00:00,1,00:15:00,100.0,0.0,2016-11-03T12:45:00Z,2016-11-03T18:15:00+05:30,2016-11-03T13:00:00Z,2016-11-03T18:30:00+05:30
210.0,,,False,1,pm10,µg/m³,,raw,01:00:00,2016-11-03T12:15:00Z,2016-11-03T17:45:00+05:30,2016-11-03T13:15:00Z,2016-11-03T18:45:00+05:30,1,01:00:00,1,00:15:00,100.0,0.0,2016-11-03T13:00:00Z,2016-11-03T18:30:00+05:30,2016-11-03T13:15:00Z,2016-11-03T18:45:00+05:30
221.0,,,False,1,pm10,µg/m³,,raw,01:00:00,2016-11-03T12:30:00Z,2016-11-03T18:00:00+05:30,2016-11-03T13:30:00Z,2016-11-03T19:00:00+05:30,1,01:00:00,1,00:15:00,100.0,0.0,2016-11-03T13:15:00Z,2016-11-03T18:45:00+05:30,2016-11-03T13:30:00Z,2016-11-03T19:00:00+05:30
227.0,,,False,1,pm10,µg/m³,,raw,01:00:00,2016-11-03T12:45:00Z,2016-11-03T18:15:00+05:30,2016-11-03T13:45:00Z,2016-11-03T19:15:00+05:30,1,01:00:00,1,00:15:00,100.0,0.0,2016-11-03T13:30:00Z,2016-11-03T19:00:00+05:30,2016-11-03T13:45:00Z,2016-11-03T19:15:00+05:30
236.0,,,False,1,pm10,µg/m³,,raw,01:00:00,2016-11-03T13:00:00Z,2016-11-03T18:30:00+05:30,2016-11-03T14:00:00Z,2016-11-03T19:30:00+05:30,1,01:00:00,1,00:15:00,100.0,0.0,2016-11-03T13:45:00Z,2016-11-03T19:15:00+05:30,2016-11-03T14:00:00Z,2016-11-03T19:30:00+05:30
248.0,,,False,1,pm10,µg/m³,,raw,01:00:00,2016-11-03T13:15:00Z,2016-11-03T18:45:00+05:30,2016-11-03T14:15:00Z,2016-11-03T19:45:00+05:30,1,01:00:00,1,00:15:00,100.0,0.0,2016-11-03T14:00:00Z,2016-11-03T19:30:00+05:30,2016-11-03T14:15:00Z,2016-11-03T19:45:00+05:30
258.0,,,False,1,pm10,µg/m³,,raw,01:00:00,2016-11-03T13:30:00Z,2016-11-03T19:00:00+05:30,2016-11-03T14:30:00Z,2016-11-03T20:00:00+05:30,1,01:00:00,1,00:15:00,100.0,0.0,2016-11-03T14:15:00Z,2016-11-03T19:45:00+05:30,2016-11-03T14:30:00Z,2016-11-03T20:00:00+05:30
267.0,,,False,1,pm10,µg/m³,,raw,01:00:00,2016-11-03T13:45:00Z,2016-11-03T19:15:00+05:30,2016-11-03T14:45:00Z,2016-11-03T20:15:00+05:30,1,01:00:00,1,00:15:00,100.0,0.0,2016-11-03T14:30:00Z,2016-11-03T20:00:00+05:30,2016-11-03T14:45:00Z,2016-11-03T20:15:00+05:30
272.0,,,False,1,pm10,µg/m³,,raw,01:00:00,2016-11-03T14:00:00Z,2016-11-03T19:30:00+05:30,2016-11-03T15:00:00Z,2016-11-03T20:30:00+05:30,1,01:00:00,1,00:15:00,100.0,0.0,2016-11-03T14:45:00Z,2016-11-03T20:15:00+05:30,2016-11-03T15:00:00Z,2016-11-03T20:30:00+05:30
280.0,,,False,1,pm10,µg/m³,,raw,01:00:00,2016-11-03T14:15:00Z,2016-11-03T19:45:00+05:30,2016-11-03T15:15:00Z,2016-11-03T20:45:00+05:30,1,01:00:00,1,00:15:00,100.0,0.0,2016-11-03T15:00:00Z,2016-11-03T20:30:00+05:30,2016-11-03T15:15:00Z,2016-11-03T20:45:00+05:30
289.0,,,False,1,pm10,µg/m³,,raw,01:00:00,2016-11-03T14:30:00Z,2016-11-03T20:00:00+05:30,2016-11-03T15:30:00Z,2016-11-03T21:00:00+05:30,1,01:00:00,1,00:15:00,100.0,0.0,2016-11-03T15:15:00Z,2016-11-03T20:45:00+05:30,2016-11-03T15:30:00Z,2016-11-03T21:00:00+05:30
299.0,,,False,1,pm10,µg/m³,,raw,01:00:00,2016-11-03T14:45:00Z,2016-11-03T20:15:00+05:30,2016-11-03T15:45:00Z,2016-11-03T21:15:00+05:30,1,01:00:00,1,00:15:00,100.0,0.0,2016-11-03T15:30:00Z,2016-11-03T21:00:00+05:30,2016-11-03T15:45:00Z,2016-11-03T21:15:00+05:30
317.0,,,False,1,pm10,µg/m³,,raw,01:00:00,2016-11-03T15:00:00Z,2016-11-03T20:30:00+05:30,2016-11-03T16:00:00Z,2016-11-03T21:30:00+05:30,1,01:00:00,1,00:15:00,100.0,0.0,2016-11-03T15:45:00Z,2016-11-03T21:15:00+05:30,2016-11-03T16:00:00Z,2016-11-03T21:30:00+05:30
342.0,,,False,1,pm10,µg/m³,,raw,01:00:00,2016-11-03T15:15:00Z,2016-11-03T20:45:00+05:30,2016-11-03T16:15:00Z,2016-11-03T21:45:00+05:30,1,01:00:00,1,00:15:00,100.0,0.0,2016-11-03T16:00:00Z,2016-11-03T21:30:00+05:30,2016-11-03T16:15:00Z,2016-11-03T21:45:00+05:30
367.0,,,False,1,pm10,µg/m³,,raw,01:00:00,2016-11-03T15:30:00Z,2016-11-03T21:00:00+05:30,2016-11-03T16:30:00Z,2016-11-03T22:00:00+05:30,1,01:00:00,1,00:15:00,100.0,0.0,2016-11-03T16:15:00Z,2016-11-03T21:45:00+05:30,2016-11-03T16:30:00Z,2016-11-03T22:00:00+05:30
392.0,,,False,1,pm10,µg/m³,,raw,01:00:00,2016-11-03T15:45:00Z,2016-11-03T21:15:00+05:30,2016-11-03T16:45:00Z,2016-11-03T22:15:00+05:30,1,01:00:00,1,00:15:00,100.0,0.0,2016-11-03T16:30:00Z,2016-11-03T22:00:00+05:30,2016-11-03T16:45:00Z,2016-11-03T22:15:00+05:30
409.0,,,False,1,pm10,µg/m³,,raw,01:00:00,2016-11-03T16:00:00Z,2016-11-03T21:30:00+05:30,2016-11-03T17:00:00Z,2016-11-03T22:30:00+05:30,1,01:00:00,1,00:15:00,100.0,0.0,2016-11-03T16:45:00Z,2016-11-03T22:15:00+05:30,2016-11-03T17:00:00Z,2016-11-03T22:30:00+05:30
410.0,,,False,1,pm10,µg/m³,,raw,01:00:00,2016-11-03T16:15:00Z,2016-11-03T21:45:00+05:30,2016-11-03T17:15:00Z,2016-11-03T22:45:00+05:30,1,01:00:00,1,00:15:00,100.0,0.0,2016-11-03T17:00:00Z,2016-11-03T22:30:00+05:30,2016-11-03T17:15:00Z,2016-11-03T22:45:00+05:30
403.0,,,False,1,pm10,µg/m³,,raw,01:00:00,2016-11-03T16:30:00Z,2016-11-03T22:00:00+05:30,2016-11-03T17:30:00Z,2016-11-03T23:00:00+05:30,1,01:00:00,1,00:15:00,100.0,0.0,2016-11-03T17:15:00Z,2016-11-03T22:45:00+05:30,2016-11-03T17:30:00Z,2016-11-03T23:00:00+05:30
390.0,,,False,1,pm10,µg/m³,,raw,01:00:00,2016-11-03T16:45:00Z,2016-11-03T22:15:00+05:30,2016-11-03T17:45:00Z,2016-11-03T23:15:00+05:30,1,01:00:00,1,00:15:00,100.0,0.0,2016-11-03T17:30:00Z,2016-11-03T23:00:00+05:30,2016-11-03T17:45:00Z,2016-11-03T23:15:00+05:30
378.0,,,False,1,pm10,µg/m³,,raw,01:00:00,2016-11-03T17:00:00Z,2016-11-03T22:30:00+05:30,2016-11-03T18:00:00Z,2016-11-03T23:30:00+05:30,1,01:00:00,1,00:15:00,100.0,0.0,2016-11-03T17:45:00Z,2016-11-03T23:15:00+05:30,2016-11-03T18:00:00Z,2016-11-03T23:30:00+05:30
361.0,,,False,1,pm10,µg/m³,,raw,01:00:00,2016-11-03T17:15:00Z,2016-11-03T22:45:00+05:30,2016-11-03T18:15:00Z,2016-11-03T23:45:00+05:30,1,01:00:00,1,00:15:00,100.0,0.0,2016-11-03T18:00:00Z,2016-11-03T23:30:00+05:30,2016-11-03T18:15:00Z,2016-11-03T23:45:00+05:30
538.0,,,False,1,pm10,µg/m³,,raw,01:00:00,2016-11-03T17:30:00Z,2016-11-03T23:00:00+05:30,2016-11-03T18:30:00Z,2016-11-04T00:00:00+05:30,1,01:00:00,1,00:15:00,100.0,0.0,2016-11-03T18:15:00Z,2016-11-03T23:45:00+05:30,2016-11-03T18:30:00Z,2016-11-04T00:00:00+05:30
336.0,,,False,1,pm10,µg/m³,,raw,01:00:00,2016-11-03T17:45:00Z,2016-11-03T23:15:00+05:30,2016-11-03T18:45:00Z,2016-11-04T00:15:00+05:30,1,01:00:00,1,00:15:00,100.0,0.0,2016-11-03T18:30:00Z,2016-11-04T00:00:00+05:30,2016-11-03T18:45:00Z,2016-11-04T00:15:00+05:30
325.0,,,False,1,pm10,µg/m³,,raw,01:00:00,2016-11-03T18:00:00Z,2016-11-03T23:30:00+05:30,2016-11-03T19:00:00Z,2016-11-04T00:30:00+05:30,1,01:00:00,1,00:15:00,100.0,0.0,2016-11-03T18:45:00Z,2016-11-04T00:15:00+05:30,2016-11-03T19:00:00Z,2016-11-04T00:30:00+05:30
318.0,,,False,1,pm10,µg/m³,,raw,01:00:00,2016-11-03T18:15:00Z,2016-11-03T23:45:00+05:30,2016-11-03T19:15:00Z,2016-11-04T00:45:00+05:30,1,01:00:00,1,00:15:00,100.0,0.0,2016-11-03T19:00:00Z,2016-11-04T00:30:00+05:30,2016-11-03T19:15:00Z,2016-11-04T00:45:00+05:30
312.0,,,False,1,pm10,µg/m³,,raw,01:00:00,2016-11-03T18:30:00Z,2016-11-04T00:00:00+05:30,2016-11-03T19:30:00Z,2016-11-04T01:00:00+05:30,1,01:00:00,1,00:15:00,100.0,0.0,2016-11-03T19:15:00Z,2016-11-04T00:45:00+05:30,2016-11-03T19:30:00Z,2016-11-04T01:00:00+05:30
302.0,,,False,1,pm10,µg/m³,,raw,01:00:00,2016-11-03T18:45:00Z,2016-11-04T00:15:00+05:30,2016-11-03T19:45:00Z,2016-11-04T01:15:00+05:30,1,01:00:00,1,00:15:00,100.0,0.0,2016-11-03T19:30:00Z,2016-11-04T01:00:00+05:30,2016-11-03T19:45:00Z,2016-11-04T01:15:00+05:30
296.0,,,False,1,pm10,µg/m³,,raw,01:00:00,2016-11-03T19:00:00Z,2016-11-04T00:30:00+05:30,2016-11-03T20:00:00Z,2016-11-04T01:30:00+05:30,1,01:00:00,1,00:15:00,100.0,0.0,2016-11-03T19:45:00Z,2016-11-04T01:15:00+05:30,2016-11-03T20:00:00Z,2016-11-04T01:30:00+05:30
298.0,,,False,1,pm10,µg/m³,,raw,01:00:00,2016-11-03T19:15:00Z,2016-11-04T00:45:00+05:30,2016-11-03T20:15:00Z,2016-11-04T01:45:00+05:30,1,01:00:00,1,00:15:00,100.0,0.0,2016-11-03T20:00:00Z,2016-11-04T01:30:00+05:30,2016-11-03T20:15:00Z,2016-11-04T01:45:00+05:30
308.0,,,False,1,pm10,µg/m³,,raw,01:00:00,2016-11-03T19:30:00Z,2016-11-04T01:00:00+05:30,2016-11-03T20:30:00Z,2016-11-04T02:00:00+05:30,1,01:00:00,1,00:15:00,100.0,0.0,2016-11-03T20:15:00Z,2016-11-04T01:45:00+05:30,2016-11-03T20:30:00Z,2016-11-04T02:00:00+05:30
321.0,,,False,1,pm10,µg/m³,,raw,01:00:00,2016-11-03T19:45:00Z,2016-11-04T01:15:00+05:30,2016-11-03T20:45:00Z,2016-11-04T02:15:00+05:30,1,01:00:00,1,00:15:00,100.0,0.0,2016-11-03T20:30:00Z,2016-11-04T02:00:00+05:30,2016-11-03T20:45:00Z,2016-11-04T02:15:00+05:30
334.0,,,False,1,pm10,µg/m³,,raw,01:00:00,2016-11-03T20:00:00Z,2016-11-04T01:30:00+05:30,2016-11-03T21:00:00Z,2016-11-04T02:30:00+05:30,1,01:00:00,1,00:15:00,100.0,0.0,2016-11-03T20:45:00Z,2016-11-04T02:15:00+05:30,2016-11-03T21:00:00Z,2016-11-04T02:30:00+05:30
352.0,,,False,1,pm10,µg/m³,,raw,01:00:00,2016-11-03T20:15:00Z,2016-11-04T01:45:00+05:30,2016-11-03T21:15:00Z,2016-11-04T02:45:00+05:30,1,01:00:00,1,00:15:00,100.0,0.0,2016-11-03T21:00:00Z,2016-11-04T02:30:00+05:30,2016-11-03T21:15:00Z,2016-11-04T02:45:00+05:30
363.0,,,False,1,pm10,µg/m³,,raw,01:00:00,2016-11-03T20:30:00Z,2016-11-04T02:00:00+05:30,2016-11-03T21:30:00Z,2016-11-04T03:00:00+05:30,1,01:00:00,1,00:15:00,100.0,0.0,2016-11-03T21:15:00Z,2016-11-04T02:45:00+05:30,2016-11-03T21:30:00Z,2016-11-04T03:00:00+05:30
360.0,,,False,1,pm10,µg/m³,,raw,01:00:00,2016-11-03T20:45:00Z,2016-11-04T02:15:00+05:30,2016-11-03T21:45:00Z,2016-11-04T03:15:00+05:30,1,01:00:00,1,00:15:00,100.0,0.0,2016-11-03T21:30:00Z,2016-11-04T03:00:00+05:30,2016-11-03T21:45:00Z,2016-11-04T03:15:00+05:30
346.0,,,False,1,pm10,µg/m³,,raw,01:00:00,2016-11-03T21:00:00Z,2016-11-04T02:30:00+05:30,2016-11-03T22:00:00Z,2016-11-04T03:30:00+05:30,1,01:00:00,1,00:15:00,100.0,0.0,2016-11-03T21:45:00Z,2016-11-04T03:15:00+05:30,2016-11-03T22:00:00Z,2016-11-04T03:30:00+05:30
327.0,,,False,1,pm10,µg/m³,,raw,01:00:00,2016-11-03T21:15:00Z,2016-11-04T02:45:00+05:30,2016-11-03T22:15:00Z,2016-11-04T03:45:00+05:30,1,01:00:00,1,00:15:00,100.0,0.0,2016-11-03T22:00:00Z,2016-11-04T03:30:00+05:30,2016-11-03T22:15:00Z,2016-11-04T03:45:00+05:30
316.0,,,False,1,pm10,µg/m³,,raw,01:00:00,2016-11-03T21:30:00Z,2016-11-04T03:00:00+05:30,2016-11-03T22:30:00Z,2016-11-04T04:00:00+05:30,1,01:00:00,1,00:15:00,100.0,0.0,2016-11-03T22:15:00Z,2016-11-04T03:45:00+05:30,2016-11-03T22:30:00Z,2016-11-04T04:00:00+05:30
318.0,,,False,1,pm10,µg/m³,,raw,01:00:00,2016-11-03T21:45:00Z,2016-11-04T03:15:00+05:30,2016-11-03T22:45:00Z,2016-11-04T04:15:00+05:30,1,01:00:00,1,00:15:00,100.0,0.0,2016-11-03T22:30:00Z,2016-11-04T04:00:00+05:30,2016-11-03T22:45:00Z,2016-11-04T04:15:00+05:30
327.0,,,False,1,pm10,µg/m³,,raw,01:00:00,2016-11-03T22:00:00Z,2016-11-04T03:30:00+05:30,2016-11-03T23:00:00Z,2016-11-04T04:30:00+05:30,1,01:00:00,1,00:15:00,100.0,0.0,2016-11-03T22:45:00Z,2016-11-04T04:15:00+05:30,2016-11-03T23:00:00Z,2016-11-04T04:30:00+05:30
335.0,,,False,1,pm10,µg/m³,,raw,01:00:00,2016-11-03T22:15:00Z,2016-11-04T03:45:00+05:30,2016-11-03T23:15:00Z,2016-11-04T04:45:00+05:30,1,01:00:00,1,00:15:00,100.0,0.0,2016-11-03T23:00:00Z,2016-11-04T04:30:00+05:30,2016-11-03T23:15:00Z,2016-11-04T04:45:00+05:30
334.0,,,False,1,pm10,µg/m³,,raw,01:00:00,2016-11-03T22:30:00Z,2016-11-04T04:00:00+05:30,2016-11-03T23:30:00Z,2016-11-04T05:00:00+05:30,1,01:00:00,1,00:15:00,100.0,0.0,2016-11-03T23:15:00Z,2016-11-04T04:45:00+05:30,2016-11-03T23:30:00Z,2016-11-04T05:00:00+05:30
329.0,,,False,1,pm10,µg/m³,,raw,01:00:00,2016-11-03T22:45:00Z,2016-11-04T04:15:00+05:30,2016-11-03T23:45:00Z,2016-11-04T05:15:00+05:30,1,01:00:00,1,00:15:00,100.0,0.0,2016-11-03T23:30:00Z,2016-11-04T05:00:00+05:30,2016-11-03T23:45:00Z,2016-11-04T05:15:00+05:30
320.0,,,False,1,pm10,µg/m³,,raw,01:00:00,2016-11-03T23:00:00Z,2016-11-04T04:30:00+05:30,2016-11-04T00:00:00Z,2016-11-04T05:30:00+05:30,1,01:00:00,1,00:15:00,100.0,0.0,2016-11-03T23:45:00Z,2016-11-04T05:15:00+05:30,2016-11-04T00:00:00Z,2016-11-04T05:30:00+05:30
308.0,,,False,1,pm10,µg/m³,,raw,01:00:00,2016-11-03T23:15:00Z,2016-11-04T04:45:00+05:30,2016-11-04T00:15:00Z,2016-11-04T05:45:00+05:30,1,01:00:00,1,00:15:00,100.0,0.0,2016-11-04T00:00:00Z,2016-11-04T05:30:00+05:30,2016-11-04T00:15:00Z,2016-11-04T05:45:00+05:30
301.0,,,False,1,pm10,µg/m³,,raw,01:00:00,2016-11-03T23:30:00Z,2016-11-04T05:00:00+05:30,2016-11-04T00:30:00Z,2016-11-04T06:00:00+05:30,1,01:00:00,1,00:15:00,100.0,0.0,2016-11-04T00:15:00Z,2016-11-04T05:45:00+05:30,2016-11-04T00:30:00Z,2016-11-04T06:00:00+05:30
295.0,,,False,1,pm10,µg/m³,,raw,01:00:00,2016-11-03T23:45:00Z,2016-11-04T05:15:00+05:30,2016-11-04T00:45:00Z,2016-11-04T06:15:00+05:30,1,01:00:00,1,00:15:00,100.0,0.0,2016-11-04T00:30:00Z,2016-11-04T06:00:00+05:30,2016-11-04T00:45:00Z,2016-11-04T06:15:00+05:30
285.0,,,False,1,pm10,µg/m³,,raw,01:00:00,2016-11-04T00:00:00Z,2016-11-04T05:30:00+05:30,2016-11-04T01:00:00Z,2016-11-04T06:30:00+05:30,1,01:00:00,1,00:15:00,100.0,0.0,2016-11-04T00:45:00Z,2016-11-04T06:15:00+05:30,2016-11-04T01:00:00Z,2016-11-04T06:30:00+05:30
284.0,,,False,1,pm10,µg/m³,,raw,01:00:00,2016-11-04T00:15:00Z,2016-11-04T05:45:00+05:30,2016-11-04T01:15:00Z,2016-11-04T06:45:00+05:30,1,01:00:00,1,00:15:00,100.0,0.0,2016-11-04T01:00:00Z,2016-11-04T06:30:00+05:30,2016-11-04T01:15:00Z,2016-11-04T06:45:00+05:30
286.0,,,False,1,pm10,µg/m³,,raw,01:00:00,2016-11-04T00:30:00Z,2016-11-04T06:00:00+05:30,2016-11-04T01:30:00Z,2016-11-04T07:00:00+05:30,1,01:00:00,1,00:15:00,100.0,0.0,2016-11-04T01:15:00Z,2016-11-04T06:45:00+05:30,2016-11-04T01:30:00Z,2016-11-04T07:00:00+05:30
294.0,,,False,1,pm10,µg/m³,,raw,01:00:00,2016-11-04T00:45:00Z,2016-11-04T06:15:00+05:30,2016-11-04T01:45:00Z,2016-11-04T07:15:00+05:30,1,01:00:00,1,00:15:00,100.0,0.0,2016-11-04T01:30:00Z,2016-11-04T07:00:00+05:30,2016-11-04T01:45:00Z,2016-11-04T07:15:00+05:30
306.0,,,False,1,pm10,µg/m³,,raw,01:00:00,2016-11-04T01:00:00Z,2016-11-04T06:30:00+05:30,2016-11-04T02:00:00Z,2016-11-04T07:30:00+05:30,1,01:00:00,1,00:15:00,100.0,0.0,2016-11-04T01:45:00Z,2016-11-04T07:15:00+05:30,2016-11-04T02:00:00Z,2016-11-04T07:30:00+05:30
321.0,,,False,1,pm10,µg/m³,,raw,01:00:00,2016-11-04T01:15:00Z,2016-11-04T06:45:00+05:30,2016-11-04T02:15:00Z,2016-11-04T07:45:00+05:30,1,01:00:00,1,00:15:00,100.0,0.0,2016-11-04T02:00:00Z,2016-11-04T07:30:00+05:30,2016-11-04T02:15:00Z,2016-11-04T07:45:00+05:30
337.0,,,False,1,pm10,µg/m³,,raw,01:00:00,2016-11-04T01:30:00Z,2016-11-04T07:00:00+05:30,2016-11-04T02:30:00Z,2016-11-04T08:00:00+05:30,1,01:00:00,1,00:15:00,100.0,0.0,2016-11-04T02:15:00Z,2016-11-04T07:45:00+05:30,2016-11-04T02:30:00Z,2016-11-04T08:00:00+05:30
355.0,,,False,1,pm10,µg/m³,,raw,01:00:00,2016-11-04T01:45:00Z,2016-11-04T07:15:00+05:30,2016-11-04T02:45:00Z,2016-11-04T08:15:00+05:30,1,01:00:00,1,00:15:00,100.0,0.0,2016-11-04T02:30:00Z,2016-11-04T08:00:00+05:30,2016-11-04T02:45:00Z,2016-11-04T08:15:00+05:30
377.0,,,False,1,pm10,µg/m³,,raw,01:00:00,2016-11-04T02:00:00Z,2016-11-04T07:30:00+05:30,2016-11-04T03:00:00Z,2016-11-04T08:30:00+05:30,1,01:00:00,1,00:15:00,100.0,0.0,2016-11-04T02:45:00Z,2016-11-04T08:15:00+05:30,2016-11-04T03:00:00Z,2016-11-04T08:30:00+05:30
396.0,,,False,1,pm10,µg/m³,,raw,01:00:00,2016-11-04T02:15:00Z,2016-11-04T07:45:00+05:30,2016-11-04T03:15:00Z,2016-11-04T08:45:00+05:30,1,01:00:00,1,00:15:00,100.0,0.0,2016-11-04T03:00:00Z,2016-11-04T08:30:00+05:30,2016-11-04T03:15:00Z,2016-11-04T08:45:00+05:30
409.0,,,False,1,pm10,µg/m³,,raw,01:00:00,2016-11-04T02:30:00Z,2016-11-04T08:00:00+05:30,2016-11-04T03:30:00Z,2016-11-04T09:00:00+05:30,1,01:00:00,1,00:15:00,100.0,0.0,2016-11-04T03:15:00Z,2016-11-04T08:45:00+05:30,2016-11-04T03:30:00Z,2016-11-04T09:00:00+05:30
423.0,,,False,1,pm10,µg/m³,,raw,01:00:00,2016-11-04T02:45:00Z,2016-11-04T08:15:00+05:30,2016-11-04T03:45:00Z,2016-11-04T09:15:00+05:30,1,01:00:00,1,00:15:00,100.0,0.0,2016-11-04T03:30:00Z,2016-11-04T09:00:00+05:30,2016-11-04T03:45:00Z,2016-11-04T09:15:00+05:30
437.0,,,False,1,pm10,µg/m³,,raw,01:00:00,2016-11-04T03:00:00Z,2016-11-04T08:30:00+05:30,2016-11-04T04:00:00Z,2016-11-04T09:30:00+05:30,1,01:00:00,1,00:15:00,100.0,0.0,2016-11-04T03:45:00Z,2016-11-04T09:15:00+05:30,2016-11-04T04:00:00Z,2016-11-04T09:30:00+05:30
449.0,,,False,1,pm10,µg/m³,,raw,01:00:00,2016-11-04T03:15:00Z,2016-11-04T08:45:00+05:30,2016-11-04T04:15:00Z,2016-11-04T09:45:00+05:30,1,01:00:00,1,00:15:00,100.0,0.0,2016-11-04T04:00:00Z,2016-11-04T09:30:00+05:30,2016-11-04T04:15:00Z,2016-11-04T09:45:00+05:30
456.0,,,False,1,pm10,µg/m³,,raw,01:00:00,2016-11-04T03:30:00Z,2016-11-04T09:00:00+05:30,2016-11-04T04:30:00Z,2016-11-04T10:00:00+05:30,1,01:00:00,1,00:15:00,100.0,0.0,2016-11-04T04:15:00Z,2016-11-04T09:45:00+05:30,2016-11-04T04:30:00Z,2016-11-04T10:00:00+05:30
451.0,,,False,1,pm10,µg/m³,,raw,01:00:00,2016-11-04T03:45:00Z,2016-11-04T09:15:00+05:30,2016-11-04T04:45:00Z,2016-11-04T10:15:00+05:30,1,01:00:00,1,00:15:00,100.0,0.0,2016-11-04T04:30:00Z,2016-11-04T10:00:00+05:30,2016-11-04T04:45:00Z,2016-11-04T10:15:00+05:30
445.0,,,False,1,pm10,µg/m³,,raw,01:00:00,2016-11-04T04:00:00Z,2016-11-04T09:30:00+05:30,2016-11-04T05:00:00Z,2016-11-04T10:30:00+05:30,1,01:00:00,1,00:15:00,100.0,0.0,2016-11-04T04:45:00Z,2016-11-04T10:15:00+05:30,2016-11-04T05:00:00Z,2016-11-04T10:30:00+05:30
436.0,,,False,1,pm10,µg/m³,,raw,01:00:00,2016-11-04T04:15:00Z,2016-11-04T09:45:00+05:30,2016-11-04T05:15:00Z,2016-11-04T10:45:00+05:30,1,01:00:00,1,00:15:00,100.0,0.0,2016-11-04T05:00:00Z,2016-11-04T10:30:00+05:30,2016-11-04T05:15:00Z,2016-11-04T10:45:00+05:30
435.0,,,False,1,pm10,µg/m³,,raw,01:00:00,2016-11-04T04:30:00Z,2016-11-04T10:00:00+05:30,2016-11-04T05:30:00Z,2016-11-04T11:00:00+05:30,1,01:00:00,1,00:15:00,100.0,0.0,2016-11-04T05:15:00Z,2016-11-04T10:45:00+05:30,2016-11-04T05:30:00Z,2016-11-04T11:00:00+05:30
437.0,,,False,1,pm10,µg/m³,,raw,01:00:00,2016-11-04T04:45:00Z,2016-11-04T10:15:00+05:30,2016-11-04T05:45:00Z,2016-11-04T11:15:00+05:30,1,01:00:00,1,00:15:00,100.0,0.0,2016-11-04T05:30:00Z,2016-11-04T11:00:00+05:30,2016-11-04T05:45:00Z,2016-11-04T11:15:00+05:30
433.0,,,False,1,pm10,µg/m³,,raw,01:00:00,2016-11-04T05:00:00Z,2016-11-04T10:30:00+05:30,2016-11-04T06:00:00Z,2016-11-04T11:30:00+05:30,1,01:00:00,1,00:15:00,100.0,0.0,2016-11-04T05:45:00Z,2016-11-04T11:15:00+05:30,2016-11-04T06:00:00Z,2016-11-04T11:30:00+05:30
423.0,,,False,1,pm10,µg/m³,,raw,01:00:00,2016-11-04T05:15:00Z,2016-11-04T10:45:00+05:30,2016-11-04T06:15:00Z,2016-11-04T11:45:00+05:30,1,01:00:00,1,00:15:00,100.0,0.0,2016-11-04T06:00:00Z,2016-11-04T11:30:00+05:30,2016-11-04T06:15:00Z,2016-11-04T11:45:00+05:30
405.0,,,False,1,pm10,µg/m³,,raw,01:00:00,2016-11-04T05:30:00Z,2016-11-04T11:00:00+05:30,2016-11-04T06:30:00Z,2016-11-04T12:00:00+05:30,1,01:00:00,1,00:15:00,100.0,0.0,2016-11-04T06:15:00Z,2016-11-04T11:45:00+05:30,2016-11-04T06:30:00Z,2016-11-04T12:00:00+05:30
388.0,,,False,1,pm10,µg/m³,,raw,01:00:00,2016-11-04T05:45:00Z,2016-11-04T11:15:00+05:30,2016-11-04T06:45:00Z,2016-11-04T12:15:00+05:30,1,01:00:00,1,00:15:00,100.0,0.0,2016-11-04T06:30:00Z,2016-11-04T12:00:00+05:30,2016-11-04T06:45:00Z,2016-11-04T12:15:00+05:30
366.0,,,False,1,pm10,µg/m³,,raw,01:00:00,2016-11-04T06:00:00Z,2016-11-04T11:30:00+05:30,2016-11-04T07:00:00Z,2016-11-04T12:30:00+05:30,1,01:00:00,1,00:15:00,100.0,0.0,2016-11-04T06:45:00Z,2016-11-04T12:15:00+05:30,2016-11-04T07:00:00Z,2016-11-04T12:30:00+05:30
346.0,,,False,1,pm10,µg/m³,,raw,01:00:00,2016-11-04T06:15:00Z,2016-11-04T11:45:00+05:30,2016-11-04T07:15:00Z,2016-11-04T12:45:00+05:30,1,01:00:00,1,00:15:00,100.0,0.0,2016-11-04T07:00:00Z,2016-11-04T12:30:00+05:30,2016-11-04T07:15:00Z,2016-11-04T12:45:00+05:30
322.0,,,False,1,pm10,µg/m³,,raw,01:00:00,2016-11-04T06:30:00Z,2016-11-04T12:00:00+05:30,2016-11-04T07:30:00Z,2016-11-04T13:00:00+05:30,1,01:00:00,1,00:15:00,100.0,0.0,2016-11-04T07:15:00Z,2016-11-04T12:45:00+05:30,2016-11-04T07:30:00Z,2016-11-04T13:00:00+05:30
155.0,,,False,1,pm10,µg/m³,,raw,01:00:00,2016-11-04T07:30:00Z,2016-11-04T13:00:00+05:30,2016-11-04T08:30:00Z,2016-11-04T14:00:00+05:30,1,01:00:00,1,00:15:00,100.0,0.0,2016-11-04T08:15:00Z,2016-11-04T13:45:00+05:30,2016-11-04T08:30:00Z,2016-11-04T14:00:00+05:30
160.0,,,False,1,pm10,µg/m³,,raw,01:00:00,2016-11-04T07:45:00Z,2016-11-04T13:15:00+05:30,2016-11-04T08:45:00Z,2016-11-04T14:15:00+05:30,1,01:00:00,1,00:15:00,100.0,0.0,2016-11-04T08:30:00Z,2016-11-04T14:00:00+05:30,2016-11-04T08:45:00Z,2016-11-04T14:15:00+05:30
174.0,,,False,1,pm10,µg/m³,,raw,01:00:00,2016-11-04T08:00:00Z,2016-11-04T13:30:00+05:30,2016-11-04T09:00:00Z,2016-11-04T14:30:00+05:30,1,01:00:00,1,00:15:00,100.0,0.0,2016-11-04T08:45:00Z,2016-11-04T14:15:00+05:30,2016-11-04T09:00:00Z,2016-11-04T14:30:00+05:30
183.0,,,False,1,pm10,µg/m³,,raw,01:00:00,2016-11-04T08:15:00Z,2016-11-04T13:45:00+05:30,2016-11-04T09:15:00Z,2016-11-04T14:45:00+05:30,1,01:00:00,1,00:15:00,100.0,0.0,2016-11-04T09:00:00Z,2016-11-04T14:30:00+05:30,2016-11-04T09:15:00Z,2016-11-04T14:45:00+05:30
193.0,,,False,1,pm10,µg/m³,,raw,01:00:00,2016-11-04T08:30:00Z,2016-11-04T14:00:00+05:30,2016-11-04T09:30:00Z,2016-11-04T15:00:00+05:30,1,01:00:00,1,00:15:00,100.0,0.0,2016-11-04T09:15:00Z,2016-11-04T14:45:00+05:30,2016-11-04T09:30:00Z,2016-11-04T15:00:00+05:30
205.0,,,False,1,pm10,µg/m³,,raw,01:00:00,2016-11-04T08:45:00Z,2016-11-04T14:15:00+05:30,2016-11-04T09:45:00Z,2016-11-04T15:15:00+05:30,1,01:00:00,1,00:15:00,100.0,0.0,2016-11-04T09:30:00Z,2016-11-04T15:00:00+05:30,2016-11-04T09:45:00Z,2016-11-04T15:15:00+05:30
207.0,,,False,1,pm10,µg/m³,,raw,01:00:00,2016-11-04T09:00:00Z,2016-11-04T14:30:00+05:30,2016-11-04T10:00:00Z,2016-11-04T15:30:00+05:30,1,01:00:00,1,00:15:00,100.0,0.0,2016-11-04T09:45:00Z,2016-11-04T15:15:00+05:30,2016-11-04T10:00:00Z,2016-11-04T15:30:00+05:30
215.0,,,False,1,pm10,µg/m³,,raw,01:00:00,2016-11-04T09:15:00Z,2016-11-04T14:45:00+05:30,2016-11-04T10:15:00Z,2016-11-04T15:45:00+05:30,1,01:00:00,1,00:15:00,100.0,0.0,2016-11-04T10:00:00Z,2016-11-04T15:30:00+05:30,2016-11-04T10:15:00Z,2016-11-04T15:45:00+05:30
259.0,,,False,1,pm10,µg/m³,,raw,01:00:00,2016-11-04T09:30:00Z,2016-11-04T15:00:00+05:30,2016-11-04T10:30:00Z,2016-11-04T16:00:00+05:30,1,01:00:00,1,00:15:00,100.0,0.0,2016-11-04T10:15:00Z,2016-11-04T15:45:00+05:30,2016-11-04T10:30:00Z,2016-11-04T16:00:00+05:30
325.0,,,False,1,pm10,µg/m³,,raw,01:00:00,2016-11-04T09:45:00Z,2016-11-04T15:15:00+05:30,2016-11-04T10:45:00Z,2016-11-04T16:15:00+05:30,1,01:00:00,1,00:15:00,100.0,0.0,2016-11-04T10:30:00Z,2016-11-04T16:00:00+05:30,2016-11-04T10:45:00Z,2016-11-04T16:15:00+05:30
392.0,,,False,1,pm10,µg/m³,,raw,01:00:00,2016-11-04T10:00:00Z,2016-11-04T15:30:00+05:30,2016-11-04T11:00:00Z,2016-11-04T16:30:00+05:30,1,01:00:00,1,00:15:00,100.0,0.0,2016-11-04T10:45:00Z,2016-11-04T16:15:00+05:30,2016-11-04T11:00:00Z,2016-11-04T16:30:00+05:30
458.0,,,False,1,pm10,µg/m³,,raw,01:00:00,2016-11-04T10:15:00Z,2016-11-04T15:45:00+05:30,2016-11-04T11:15:00Z,2016-11-04T16:45:00+05:30,1,01:00:00,1,00:15:00,100.0,0.0,2016-11-04T11:00:00Z,2016-11-04T16:30:00+05:30,2016-11-04T11:15:00Z,2016-11-04T16:45:00+05:30
475.0,,,False,1,pm10,µg/m³,,raw,01:00:00,2016-11-04T10:30:00Z,2016-11-04T16:00:00+05:30,2016-11-04T11:30:00Z,2016-11-04T17:00:00+05:30,1,01:00:00,1,00:15:00,100.0,0.0,2016-11-04T11:15:00Z,2016-11-04T16:45:00+05:30,2016-11-04T11:30:00Z,2016-11-04T17:00:00+05:30
457.0,,,False,1,pm10,µg/m³,,raw,01:00:00,2016-11-04T10:45:00Z,2016-11-04T16:15:00+05:30,2016-11-04T11:45:00Z,2016-11-04T17:15:00+05:30,1,01:00:00,1,00:15:00,100.0,0.0,2016-11-04T11:30:00Z,2016-11-04T17:00:00+05:30,2016-11-04T11:45:00Z,2016-11-04T17:15:00+05:30
436.0,,,False,1,pm10,µg/m³,,raw,01:00:00,2016-11-04T11:00:00Z,2016-11-04T16:30:00+05:30,2016-11-04T12:00:00Z,2016-11-04T17:30:00+05:30,1,01:00:00,1,00:15:00,100.0,0.0,2016-11-04T11:45:00Z,2016-11-04T17:15:00+05:30,2016-11-04T12:00:00Z,2016-11-04T17:30:00+05:30
424.0,,,False,1,pm10,µg/m³,,raw,01:00:00,2016-11-04T11:15:00Z,2016-11-04T16:45:00+05:30,2016-11-04T12:15:00Z,2016-11-04T17:45:00+05:30,1,01:00:00,1,00:15:00,100.0,0.0,2016-11-04T12:00:00Z,2016-11-04T17:30:00+05:30,2016-11-04T12:15:00Z,2016-11-04T17:45:00+05:30
425.0,,,False,1,pm10,µg/m³,,raw,01:00:00,2016-11-04T11:30:00Z,2016-11-04T17:00:00+05:30,2016-11-04T12:30:00Z,2016-11-04T18:00:00+05:30,1,01:00:00,1,00:15:00,100.0,0.0,2016-11-04T12:15:00Z,2016-11-04T17:45:00+05:30,2016-11-04T12:30:00Z,2016-11-04T18:00:00+05:30
438.0,,,False,1,pm10,µg/m³,,raw,01:00:00,2016-11-04T11:45:00Z,2016-11-04T17:15:00+05:30,2016-11-04T12:45:00Z,2016-11-04T18:15:00+05:30,1,01:00:00,1,00:15:00,100.0,0.0,2016-11-04T12:30:00Z,2016-11-04T18:00:00+05:30,2016-11-04T12:45:00Z,2016-11-04T18:15:00+05:30
447.0,,,False,1,pm10,µg/m³,,raw,01:00:00,2016-11-04T12:00:00Z,2016-11-04T17:30:00+05:30,2016-11-04T13:00:00Z,2016-11-04T18:30:00+05:30,1,01:00:00,1,00:15:00,100.0,0.0,2016-11-04T12:45:00Z,2016-11-04T18:15:00+05:30,2016-11-04T13:00:00Z,2016-11-04T18:30:00+05:30
452.0,,,False,1,pm10,µg/m³,,raw,01:00:00,2016-11-04T12:15:00Z,2016-11-04T17:45:00+05:30,2016-11-04T13:15:00Z,2016-11-04T18:45:00+05:30,1,01:00:00,1,00:15:00,100.0,0.0,2016-11-04T13:00:00Z,2016-11-04T18:30:00+05:30,2016-11-04T13:15:00Z,2016-11-04T18:45:00+05:30
457.0,,,False,1,pm10,µg/m³,,raw,01:00:00,2016-11-04T12:30:00Z,2016-11-04T18:00:00+05:30,2016-11-04T13:30:00Z,2016-11-04T19:00:00+05:30,1,01:00:00,1,00:15:00,100.0,0.0,2016-11-04T13:15:00Z,2016-11-04T18:45:00+05:30,2016-11-04T13:30:00Z,2016-11-04T19:00:00+05:30
454.0,,,False,1,pm10,µg/m³,,raw,01:00:00,2016-11-04T12:45:00Z,2016-11-04T18:15:00+05:30,2016-11-04T13:45:00Z,2016-11-04T19:15:00+05:30,1,01:00:00,1,00:15:00,100.0,0.0,2016-11-04T13:30:00Z,2016-11-04T19:00:00+05:30,2016-11-04T13:45:00Z,2016-11-04T19:15:00+05:30
460.0,,,False,1,pm10,µg/m³,,raw,01:00:00,2016-11-04T13:00:00Z,2016-11-04T18:30:00+05:30,2016-11-04T14:00:00Z,2016-11-04T19:30:00+05:30,1,01:00:00,1,00:15:00,100.0,0.0,2016-11-04T13:45:00Z,2016-11-04T19:15:00+05:30,2016-11-04T14:00:00Z,2016-11-04T19:30:00+05:30
468.0,,,False,1,pm10,µg/m³,,raw,01:00:00,2016-11-04T13:15:00Z,2016-11-04T18:45:00+05:30,2016-11-04T14:15:00Z,2016-11-04T19:45:00+05:30,1,01:00:00,1,00:15:00,100.0,0.0,2016-11-04T14:00:00Z,2016-11-04T19:30:00+05:30,2016-11-04T14:15:00Z,2016-11-04T19:45:00+05:30
474.0,,,False,1,pm10,µg/m³,,raw,01:00:00,2016-11-04T13:30:00Z,2016-11-04T19:00:00+05:30,2016-11-04T14:30:00Z,2016-11-04T20:00:00+05:30,1,01:00:00,1,00:15:00,100.0,0.0,2016-11-04T14:15:00Z,2016-11-04T19:45:00+05:30,2016-11-04T14:30:00Z,2016-11-04T20:00:00+05:30
483.0,,,False,1,pm10,µg/m³,,raw,01:00:00,2016-11-04T13:45:00Z,2016-11-04T19:15:00+05:30,2016-11-04T14:45:00Z,2016-11-04T20:15:00+05:30,1,01:00:00,1,00:15:00,100.0,0.0,2016-11-04T14:30:00Z,2016-11-04T20:00:00+05:30,2016-11-04T14:45:00Z,2016-11-04T20:15:00+05:30
488.0,,,False,1,pm10,µg/m³,,raw,01:00:00,2016-11-04T14:00:00Z,2016-11-04T19:30:00+05:30,2016-11-04T15:00:00Z,2016-11-04T20:30:00+05:30,1,01:00:00,1,00:15:00,100.0,0.0,2016-11-04T14:45:00Z,2016-11-04T20:15:00+05:30,2016-11-04T15:00:00Z,2016-11-04T20:30:00+05:30
486.0,,,False,1,pm10,µg/m³,,raw,01:00:00,2016-11-04T14:15:00Z,2016-11-04T19:45:00+05:30,2016-11-04T15:15:00Z,2016-11-04T20:45:00+05:30,1,01:00:00,1,00:15:00,100.0,0.0,2016-11-04T15:00:00Z,2016-11-04T20:30:00+05:30,2016-11-04T15:15:00Z,2016-11-04T20:45:00+05:30
481.0,,,False,1,pm10,µg/m³,,raw,01:00:00,2016-11-04T14:30:00Z,2016-11-04T20:00:00+05:30,2016-11-04T15:30:00Z,2016-11-04T21:00:00+05:30,1,01:00:00,1,00:15:00,100.0,0.0,2016-11-04T15:15:00Z,2016-11-04T20:45:00+05:30,2016-11-04T15:30:00Z,2016-11-04T21:00:00+05:30
483.0,,,False,1,pm10,µg/m³,,raw,01:00:00,2016-11-04T14:45:00Z,2016-11-04T20:15:00+05:30,2016-11-04T15:45:00Z,2016-11-04T21:15:00+05:30,1,01:00:00,1,00:15:00,100.0,0.0,2016-11-04T15:30:00Z,2016-11-04T21:00:00+05:30,2016-11-04T15:45:00Z,2016-11-04T21:15:00+05:30
485.0,,,False,1,pm10,µg/m³,,raw,01:00:00,2016-11-04T15:00:00Z,2016-11-04T20:30:00+05:30,2016-11-04T16:00:00Z,2016-11-04T21:30:00+05:30,1,01:00:00,1,00:15:00,100.0,0.0,2016-11-04T15:45:00Z,2016-11-04T21:15:00+05:30,2016-11-04T16:00:00Z,2016-11-04T21:30:00+05:30
492.0,,,False,1,pm10,µg/m³,,raw,01:00:00,2016-11-04T15:15:00Z,2016-11-04T20:45:00+05:30,2016-11-04T16:15:00Z,2016-11-04T21:45:00+05:30,1,01:00:00,1,00:15:00,100.0,0.0,2016-11-04T16:00:00Z,2016-11-04T21:30:00+05:30,2016-11-04T16:15:00Z,2016-11-04T21:45:00+05:30
506.0,,,False,1,pm10,µg/m³,,raw,01:00:00,2016-11-04T15:30:00Z,2016-11-04T21:00:00+05:30,2016-11-04T16:30:00Z,2016-11-04T22:00:00+05:30,1,01:00:00,1,00:15:00,100.0,0.0,2016-11-04T16:15:00Z,2016-11-04T21:45:00+05:30,2016-11-04T16:30:00Z,2016-11-04T22:00:00+05:30
517.0,,,False,1,pm10,µg/m³,,raw,01:00:00,2016-11-04T15:45:00Z,2016-11-04T21:15:00+05:30,2016-11-04T16:45:00Z,2016-11-04T22:15:00+05:30,1,01:00:00,1,00:15:00,100.0,0.0,2016-11-04T16:30:00Z,2016-11-04T22:00:00+05:30,2016-11-04T16:45:00Z,2016-11-04T22:15:00+05:30
532.0,,,False,1,pm10,µg/m³,,raw,01:00:00,2016-11-04T16:00:00Z,2016-11-04T21:30:00+05:30,2016-11-04T17:00:00Z,2016-11-04T22:30:00+05:30,1,01:00:00,1,00:15:00,100.0,0.0,2016-11-04T16:45:00Z,2016-11-04T22:15:00+05:30,2016-11-04T17:00:00Z,2016-11-04T22:30:00+05:30
543.0,,,False,1,pm10,µg/m³,,raw,01:00:00,2016-11-04T16:15:00Z,2016-11-04T21:45:00+05:30,2016-11-04T17:15:00Z,2016-11-04T22:45:00+05:30,1,01:00:00,1,00:15:00,100.0,0.0,2016-11-04T17:00:00Z,2016-11-04T22:30:00+05:30,2016-11-04T17:15:00Z,2016-11-04T22:45:00+05:30
541.0,,,False,1,pm10,µg/m³,,raw,01:00:00,2016-11-04T16:30:00Z,2016-11-04T22:00:00+05:30,2016-11-04T17:30:00Z,2016-11-04T23:00:00+05:30,1,01:00:00,1,00:15:00,100.0,0.0,2016-11-04T17:15:00Z,2016-11-04T22:45:00+05:30,2016-11-04T17:30:00Z,2016-11-04T23:00:00+05:30
537.0,,,False,1,pm10,µg/m³,,raw,01:00:00,2016-11-04T16:45:00Z,2016-11-04T22:15:00+05:30,2016-11-04T17:45:00Z,2016-11-04T23:15:00+05:30,1,01:00:00,1,00:15:00,100.0,0.0,2016-11-04T17:30:00Z,2016-11-04T23:00:00+05:30,2016-11-04T17:45:00Z,2016-11-04T23:15:00+05:30
532.0,,,False,1,pm10,µg/m³,,raw,01:00:00,2016-11-04T17:00:00Z,2016-11-04T22:30:00+05:30,2016-11-04T18:00:00Z,2016-11-04T23:30:00+05:30,1,01:00:00,1,00:15:00,100.0,0.0,2016-11-04T17:45:00Z,2016-11-04T23:15:00+05:30,2016-11-04T18:00:00Z,2016-11-04T23:30:00+05:30
532.0,,,False,1,pm10,µg/m³,,raw,01:00:00,2016-11-04T17:15:00Z,2016-11-04T22:45:00+05:30,2016-11-04T18:15:00Z,2016-11-04T23:45:00+05:30,1,01:00:00,1,00:15:00,100.0,0.0,2016-11-04T18:00:00Z,2016-11-04T23:30:00+05:30,2016-11-04T18:15:00Z,2016-11-04T23:45:00+05:30
750.0,,,False,1,pm10,µg/m³,,raw,01:00:00,2016-11-04T17:30:00Z,2016-11-04T23:00:00+05:30,2016-11-04T18:30:00Z,2016-11-05T00:00:00+05:30,1,01:00:00,1,00:15:00,100.0,0.0,2016-11-04T18:15:00Z,2016-11-04T23:45:00+05:30,2016-11-04T18:30:00Z,2016-11-05T00:00:00+05:30
548.0,,,False,1,pm10,µg/m³,,raw,01:00:00,2016-11-04T17:45:00Z,2016-11-04T23:15:00+05:30,2016-11-04T18:45:00Z,2016-11-05T00:15:00+05:30,1,01:00:00,1,00:15:00,100.0,0.0,2016-11-04T18:30:00Z,2016-11-05T00:00:00+05:30,2016-11-04T18:45:00Z,2016-11-05T00:15:00+05:30
564.0,,,False,1,pm10,µg/m³,,raw,01:00:00,2016-11-04T18:00:00Z,2016-11-04T23:30:00+05:30,2016-11-04T19:00:00Z,2016-11-05T00:30:00+05:30,1,01:00:00,1,00:15:00,100.0,0.0,2016-11-04T18:45:00Z,2016-11-05T00:15:00+05:30,2016-11-04T19:00:00Z,2016-11-05T00:30:00+05:30
585.0,,,False,1,pm10,µg/m³,,raw,01:00:00,2016-11-04T18:15:00Z,2016-11-04T23:45:00+05:30,2016-11-04T19:15:00Z,2016-11-05T00:45:00+05:30,1,01:00:00,1,00:15:00,100.0,0.0,2016-11-04T19:00:00Z,2016-11-05T00:30:00+05:30,2016-11-04T19:15:00Z,2016-11-05T00:45:00+05:30
609.0,,,False,1,pm10,µg/m³,,raw,01:00:00,2016-11-04T18:30:00Z,2016-11-05T00:00:00+05:30,2016-11-04T19:30:00Z,2016-11-05T01:00:00+05:30,1,01:00:00,1,00:15:00,100.0,0.0,2016-11-04T19:15:00Z,2016-11-05T00:45:00+05:30,2016-11-04T19:30:00Z,2016-11-05T01:00:00+05:30
626.0,,,False,1,pm10,µg/m³,,raw,01:00:00,2016-11-04T18:45:00Z,2016-11-05T00:15:00+05:30,2016-11-04T19:45:00Z,2016-11-05T01:15:00+05:30,1,01:00:00,1,00:15:00,100.0,0.0,2016-11-04T19:30:00Z,2016-11-05T01:00:00+05:30,2016-11-04T19:45:00Z,2016-11-05T01:15:00+05:30
634.0,,,False,1,pm10,µg/m³,,raw,01:00:00,2016-11-04T19:00:00Z,2016-11-05T00:30:00+05:30,2016-11-04T20:00:00Z,2016-11-05T01:30:00+05:30,1,01:00:00,1,00:15:00,100.0,0.0,2016-11-04T19:45:00Z,2016-11-05T01:15:00+05:30,2016-11-04T20:00:00Z,2016-11-05T01:30:00+05:30
635.0,,,False,1,pm10,µg/m³,,raw,01:00:00,2016-11-04T19:15:00Z,2016-11-05T00:45:00+05:30,2016-11-04T20:15:00Z,2016-11-05T01:45:00+05:30,1,01:00:00,1,00:15:00,100.0,0.0,2016-11-04T20:00:00Z,2016-11-05T01:30:00+05:30,2016-11-04T20:15:00Z,2016-11-05T01:45:00+05:30
629.0,,,False,1,pm10,µg/m³,,raw,01:00:00,2016-11-04T19:30:00Z,2016-11-05T01:00:00+05:30,2016-11-04T20:30:00Z,2016-11-05T02:00:00+05:30,1,01:00:00,1,00:15:00,100.0,0.0,2016-11-04T20:15:00Z,2016-11-05T01:45:00+05:30,2016-11-04T20:30:00Z,2016-11-05T02:00:00+05:30
624.0,,,False,1,pm10,µg/m³,,raw,01:00:00,2016-11-04T19:45:00Z,2016-11-05T01:15:00+05:30,2016-11-04T20:45:00Z,2016-11-05T02:15:00+05:30,1,01:00:00,1,00:15:00,100.0,0.0,2016-11-04T20:30:00Z,2016-11-05T02:00:00+05:30,2016-11-04T20:45:00Z,2016-11-05T02:15:00+05:30
619.0,,,False,1,pm10,µg/m³,,raw,01:00:00,2016-11-04T20:00:00Z,2016-11-05T01:30:00+05:30,2016-11-04T21:00:00Z,2016-11-05T02:30:00+05:30,1,01:00:00,1,00:15:00,100.0,0.0,2016-11-04T20:45:00Z,2016-11-05T02:15:00+05:30,2016-11-04T21:00:00Z,2016-11-05T02:30:00+05:30
612.0,,,False,1,pm10,µg/m³,,raw,01:00:00,2016-11-04T20:15:00Z,2016-11-05T01:45:00+05:30,2016-11-04T21:15:00Z,2016-11-05T02:45:00+05:30,1,01:00:00,1,00:15:00,100.0,0.0,2016-11-04T21:00:00Z,2016-11-05T02:30:00+05:30,2016-11-04T21:15:00Z,2016-11-05T02:45:00+05:30
609.0,,,False,1,pm10,µg/m³,,raw,01:00:00,2016-11-04T20:30:00Z,2016-11-05T02:00:00+05:30,2016-11-04T21:30:00Z,2016-11-05T03:00:00+05:30,1,01:00:00,1,00:15:00,100.0,0.0,2016-11-04T21:15:00Z,2016-11-05T02:45:00+05:30,2016-11-04T21:30:00Z,2016-11-05T03:00:00+05:30
609.0,,,False,1,pm10,µg/m³,,raw,01:00:00,2016-11-04T20:45:00Z,2016-11-05T02:15:00+05:30,2016-11-04T21:45:00Z,2016-11-05T03:15:00+05:30,1,01:00:00,1,00:15:00,100.0,0.0,2016-11-04T21:30:00Z,2016-11-05T03:00:00+05:30,2016-11-04T21:45:00Z,2016-11-05T03:15:00+05:30
610.0,,,False,1,pm10,µg/m³,,raw,01:00:00,2016-11-04T21:00:00Z,2016-11-05T02:30:00+05:30,2016-11-04T22:00:00Z,2016-11-05T03:30:00+05:30,1,01:00:00,1,00:15:00,100.0,0.0,2016-11-04T21:45:00Z,2016-11-05T03:15:00+05:30,2016-11-04T22:00:00Z,2016-11-05T03:30:00+05:30
609.0,,,False,1,pm10,µg/m³,,raw,01:00:00,2016-11-04T21:15:00Z,2016-11-05T02:45:00+05:30,2016-11-04T22:15:00Z,2016-11-05T03:45:00+05:30,1,01:00:00,1,00:15:00,100.0,0.0,2016-11-04T22:00:00Z,2016-11-05T03:30:00+05:30,2016-11-04T22:15:00Z,2016-11-05T03:45:00+05:30
608.0,,,False,1,pm10,µg/m³,,raw,01:00:00,2016-11-04T21:30:00Z,2016-11-05T03:00:00+05:30,2016-11-04T22:30:00Z,2016-11-05T04:00:00+05:30,1,01:00:00,1,00:15:00,100.0,0.0,2016-11-04T22:15:00Z,2016-11-05T03:45:00+05:30,2016-11-04T22:30:00Z,2016-11-05T04:00:00+05:30
603.0,,,False,1,pm10,µg/m³,,raw,01:00:00,2016-11-04T21:45:00Z,2016-11-05T03:15:00+05:30,2016-11-04T22:45:00Z,2016-11-05T04:15:00+05:30,1,01:00:00,1,00:15:00,100.0,0.0,2016-11-04T22:30:00Z,2016-11-05T04:00:00+05:30,2016-11-04T22:45:00Z,2016-11-05T04:15:00+05:30
600.0,,,False,1,pm10,µg/m³,,raw,01:00:00,2016-11-04T22:00:00Z,2016-11-05T03:30:00+05:30,2016-11-04T23:00:00Z,2016-11-05T04:30:00+05:30,1,01:00:00,1,00:15:00,100.0,0.0,2016-11-04T22:45:00Z,2016-11-05T04:15:00+05:30,2016-11-04T23:00:00Z,2016-11-05T04:30:00+05:30
598.0,,,False,1,pm10,µg/m³,,raw,01:00:00,2016-11-04T22:15:00Z,2016-11-05T03:45:00+05:30,2016-11-04T23:15:00Z,2016-11-05T04:45:00+05:30,1,01:00:00,1,00:15:00,100.0,0.0,2016-11-04T23:00:00Z,2016-11-05T04:30:00+05:30,2016-11-04T23:15:00Z,2016-11-05T04:45:00+05:30
594.0,,,False,1,pm10,µg/m³,,raw,01:00:00,2016-11-04T22:30:00Z,2016-11-05T04:00:00+05:30,2016-11-04T23:30:00Z,2016-11-05T05:00:00+05:30,1,01:00:00,1,00:15:00,100.0,0.0,2016-11-04T23:15:00Z,2016-11-05T04:45:00+05:30,2016-11-04T23:30:00Z,2016-11-05T05:00:00+05:30
587.0,,,False,1,pm10,µg/m³,,raw,01:00:00,2016-11-04T22:45:00Z,2016-11-05T04:15:00+05:30,2016-11-04T23:45:00Z,2016-11-05T05:15:00+05:30,1,01:00:00,1,00:15:00,100.0,0.0,2016-11-04T23:30:00Z,2016-11-05T05:00:00+05:30,2016-11-04T23:45:00Z,2016-11-05T05:15:00+05:30
578.0,,,False,1,pm10,µg/m³,,raw,01:00:00,2016-11-04T23:00:00Z,2016-11-05T04:30:00+05:30,2016-11-05T00:00:00Z,2016-11-05T05:30:00+05:30,1,01:00:00,1,00:15:00,100.0,0.0,2016-11-04T23:45:00Z,2016-11-05T05:15:00+05:30,2016-11-05T00:00:00Z,2016-11-05T05:30:00+05:30
568.0,,,False,1,pm10,µg/m³,,raw,01:00:00,2016-11-04T23:15:00Z,2016-11-05T04:45:00+05:30,2016-11-05T00:15:00Z,2016-11-05T05:45:00+05:30,1,01:00:00,1,00:15:00,100.0,0.0,2016-11-05T00:00:00Z,2016-11-05T05:30:00+05:30,2016-11-05T00:15:00Z,2016-11-05T05:45:00+05:30
561.0,,,False,1,pm10,µg/m³,,raw,01:00:00,2016-11-04T23:30:00Z,2016-11-05T05:00:00+05:30,2016-11-05T00:30:00Z,2016-11-05T06:00:00+05:30,1,01:00:00,1,00:15:00,100.0,0.0,2016-11-05T00:15:00Z,2016-11-05T05:45:00+05:30,2016-11-05T00:30:00Z,2016-11-05T06:00:00+05:30
557.0,,,False,1,pm10,µg/m³,,raw,01:00:00,2016-11-04T23:45:00Z,2016-11-05T05:15:00+05:30,2016-11-05T00:45:00Z,2016-11-05T06:15:00+05:30,1,01:00:00,1,00:15:00,100.0,0.0,2016-11-05T00:30:00Z,2016-11-05T06:00:00+05:30,2016-11-05T00:45:00Z,2016-11-05T06:15:00+05:30
554.0,,,False,1,pm10,µg/m³,,raw,01:00:00,2016-11-05T00:00:00Z,2016-11-05T05:30:00+05:30,2016-11-05T01:00:00Z,2016-11-05T06:30:00+05:30,1,01:00:00,1,00:15:00,100.0,0.0,2016-11-05T00:45:00Z,2016-11-05T06:15:00+05:30,2016-11-05T01:00:00Z,2016-11-05T06:30:00+05:30
556.0,,,False,1,pm10,µg/m³,,raw,01:00:00,2016-11-05T00:15:00Z,2016-11-05T05:45:00+05:30,2016-11-05T01:15:00Z,2016-11-05T06:45:00+05:30,1,01:00:00,1,00:15:00,100.0,0.0,2016-11-05T01:00:00Z,2016-11-05T06:30:00+05:30,2016-11-05T01:15:00Z,2016-11-05T06:45:00+05:30
559.0,,,False,1,pm10,µg/m³,,raw,01:00:00,2016-11-05T00:30:00Z,2016-11-05T06:00:00+05:30,2016-11-05T01:30:00Z,2016-11-05T07:00:00+05:30,1,01:00:00,1,00:15:00,100.0,0.0,2016-11-05T01:15:00Z,2016-11-05T06:45:00+05:30,2016-11-05T01:30:00Z,2016-11-05T07:00:00+05:30
562.0,,,False,1,pm10,µg/m³,,raw,01:00:00,2016-11-05T00:45:00Z,2016-11-05T06:15:00+05:30,2016-11-05T01:45:00Z,2016-11-05T07:15:00+05:30,1,01:00:00,1,00:15:00,100.0,0.0,2016-11-05T01:30:00Z,2016-11-05T07:00:00+05:30,2016-11-05T01:45:00Z,2016-11-05T07:15:00+05:30
563.0,,,False,1,pm10,µg/m³,,raw,01:00:00,2016-11-05T01:00:00Z,2016-11-05T06:30:00+05:30,2016-11-05T02:00:00Z,2016-11-05T07:30:00+05:30,1,01:00:00,1,00:15:00,100.0,0.0,2016-11-05T01:45:00Z,2016-11-05T07:15:00+05:30,2016-11-05T02:00:00Z,2016-11-05T07:30:00+05:30
563.0,,,False,1,pm10,µg/m³,,raw,01:00:00,2016-11-05T01:15:00Z,2016-11-05T06:45:00+05:30,2016-11-05T02:15:00Z,2016-11-05T07:45:00+05:30,1,01:00:00,1,00:15:00,100.0,0.0,2016-11-05T02:00:00Z,2016-11-05T07:30:00+05:30,2016-11-05T02:15:00Z,2016-11-05T07:45:00+05:30
563.0,,,False,1,pm10,µg/m³,,raw,01:00:00,2016-11-05T01:30:00Z,2016-11-05T07:00:00+05:30,2016-11-05T02:30:00Z,2016-11-05T08:00:00+05:30,1,01:00:00,1,00:15:00,100.0,0.0,2016-11-05T02:15:00Z,2016-11-05T07:45:00+05:30,2016-11-05T02:30:00Z,2016-11-05T08:00:00+05:30
565.0,,,False,1,pm10,µg/m³,,raw,01:00:00,2016-11-05T01:45:00Z,2016-11-05T07:15:00+05:30,2016-11-05T02:45:00Z,2016-11-05T08:15:00+05:30,1,01:00:00,1,00:15:00,100.0,0.0,2016-11-05T02:30:00Z,2016-11-05T08:00:00+05:30,2016-11-05T02:45:00Z,2016-11-05T08:15:00+05:30
563.0,,,False,1,pm10,µg/m³,,raw,01:00:00,2016-11-05T02:00:00Z,2016-11-05T07:30:00+05:30,2016-11-05T03:00:00Z,2016-11-05T08:30:00+05:30,1,01:00:00,1,00:15:00,100.0,0.0,2016-11-05T02:45:00Z,2016-11-05T08:15:00+05:30,2016-11-05T03:00:00Z,2016-11-05T08:30:00+05:30
560.0,,,False,1,pm10,µg/m³,,raw,01:00:00,2016-11-05T02:15:00Z,2016-11-05T07:45:00+05:30,2016-11-05T03:15:00Z,2016-11-05T08:45:00+05:30,1,01:00:00,1,00:15:00,100.0,0.0,2016-11-05T03:00:00Z,2016-11-05T08:30:00+05:30,2016-11-05T03:15:00Z,2016-11-05T08:45:00+05:30
556.0,,,False,1,pm10,µg/m³,,raw,01:00:00,2016-11-05T02:30:00Z,2016-11-05T08:00:00+05:30,2016-11-05T03:30:00Z,2016-11-05T09:00:00+05:30,1,01:00:00,1,00:15:00,100.0,0.0,2016-11-05T03:15:00Z,2016-11-05T08:45:00+05:30,2016-11-05T03:30:00Z,2016-11-05T09:00:00+05:30
549.0,,,False,1,pm10,µg/m³,,raw,01:00:00,2016-11-05T02:45:00Z,2016-11-05T08:15:00+05:30,2016-11-05T03:45:00Z,2016-11-05T09:15:00+05:30,1,01:00:00,1,00:15:00,100.0,0.0,2016-11-05T03:30:00Z,2016-11-05T09:00:00+05:30,2016-11-05T03:45:00Z,2016-11-05T09:15:00+05:30
546.0,,,False,1,pm10,µg/m³,,raw,01:00:00,2016-11-05T03:00:00Z,2016-11-05T08:30:00+05:30,2016-11-05T04:00:00Z,2016-11-05T09:30:00+05:30,1,01:00:00,1,00:15:00,100.0,0.0,2016-11-05T03:45:00Z,2016-11-05T09:15:00+05:30,2016-11-05T04:00:00Z,2016-11-05T09:30:00+05:30
540.0,,,False,1,pm10,µg/m³,,raw,01:00:00,2016-11-05T03:15:00Z,2016-11-05T08:45:00+05:30,2016-11-05T04:15:00Z,2016-11-05T09:45:00+05:30,1,01:00:00,1,00:15:00,100.0,0.0,2016-11-05T04:00:00Z,2016-11-05T09:30:00+05:30,2016-11-05T04:15:00Z,2016-11-05T09:45:00+05:30
537.0,,,False,1,pm10,µg/m³,,raw,01:00:00,2016-11-05T03:30:00Z,2016-11-05T09:00:00+05:30,2016-11-05T04:30:00Z,2016-11-05T10:00:00+05:30,1,01:00:00,1,00:15:00,100.0,0.0,2016-11-05T04:15:00Z,2016-11-05T09:45:00+05:30,2016-11-05T04:30:00Z,2016-11-05T10:00:00+05:30
546.0,,,False,1,pm10,µg/m³,,raw,01:00:00,2016-11-05T03:45:00Z,2016-11-05T09:15:00+05:30,2016-11-05T04:45:00Z,2016-11-05T10:15:00+05:30,1,01:00:00,1,00:15:00,100.0,0.0,2016-11-05T04:30:00Z,2016-11-05T10:00:00+05:30,2016-11-05T04:45:00Z,2016-11-05T10:15:00+05:30
568.0,,,False,1,pm10,µg/m³,,raw,01:00:00,2016-11-05T04:00:00Z,2016-11-05T09:30:00+05:30,2016-11-05T05:00:00Z,2016-11-05T10:30:00+05:30,1,01:00:00,1,00:15:00,100.0,0.0,2016-11-05T04:45:00Z,2016-11-05T10:15:00+05:30,2016-11-05T05:00:00Z,2016-11-05T10:30:00+05:30
606.0,,,False,1,pm10,µg/m³,,raw,01:00:00,2016-11-05T04:15:00Z,2016-11-05T09:45:00+05:30,2016-11-05T05:15:00Z,2016-11-05T10:45:00+05:30,1,01:00:00,1,00:15:00,100.0,0.0,2016-11-05T05:00:00Z,2016-11-05T10:30:00+05:30,2016-11-05T05:15:00Z,2016-11-05T10:45:00+05:30
654.0,,,False,1,pm10,µg/m³,,raw,01:00:00,2016-11-05T04:30:00Z,2016-11-05T10:00:00+05:30,2016-11-05T05:30:00Z,2016-11-05T11:00:00+05:30,1,01:00:00,1,00:15:00,100.0,0.0,2016-11-05T05:15:00Z,2016-11-05T10:45:00+05:30,2016-11-05T05:30:00Z,2016-11-05T11:00:00+05:30
704.0,,,False,1,pm10,µg/m³,,raw,01:00:00,2016-11-05T04:45:00Z,2016-11-05T10:15:00+05:30,2016-11-05T05:45:00Z,2016-11-05T11:15:00+05:30,1,01:00:00,1,00:15:00,100.0,0.0,2016-11-05T05:30:00Z,2016-11-05T11:00:00+05:30,2016-11-05T05:45:00Z,2016-11-05T11:15:00+05:30
757.0,,,False,1,pm10,µg/m³,,raw,01:00:00,2016-11-05T05:00:00Z,2016-11-05T10:30:00+05:30,2016-11-05T06:00:00Z,2016-11-05T11:30:00+05:30,1,01:00:00,1,00:15:00,100.0,0.0,2016-11-05T05:45:00Z,2016-11-05T11:15:00+05:30,2016-11-05T06:00:00Z,2016-11-05T11:30:00+05:30
808.0,,,False,1,pm10,µg/m³,,raw,01:00:00,2016-11-05T05:15:00Z,2016-11-05T10:45:00+05:30,2016-11-05T06:15:00Z,2016-11-05T11:45:00+05:30,1,01:00:00,1,00:15:00,100.0,0.0,2016-11-05T06:00:00Z,2016-11-05T11:30:00+05:30,2016-11-05T06:15:00Z,2016-11-05T11:45:00+05:30
848.0,,,False,1,pm10,µg/m³,,raw,01:00:00,2016-11-05T05:30:00Z,2016-11-05T11:00:00+05:30,2016-11-05T06:30:00Z,2016-11-05T12:00:00+05:30,1,01:00:00,1,00:15:00,100.0,0.0,2016-11-05T06:15:00Z,2016-11-05T11:45:00+05:30,2016-11-05T06:30:00Z,2016-11-05T12:00:00+05:30
882.0,,,False,1,pm10,µg/m³,,raw,01:00:00,2016-11-05T05:45:00Z,2016-11-05T11:15:00+05:30,2016-11-05T06:45:00Z,2016-11-05T12:15:00+05:30,1,01:00:00,1,00:15:00,100.0,0.0,2016-11-05T06:30:00Z,2016-11-05T12:00:00+05:30,2016-11-05T06:45:00Z,2016-11-05T12:15:00+05:30
910.0,,,False,1,pm10,µg/m³,,raw,01:00:00,2016-11-05T06:00:00Z,2016-11-05T11:30:00+05:30,2016-11-05T07:00:00Z,2016-11-05T12:30:00+05:30,1,01:00:00,1,00:15:00,100.0,0.0,2016-11-05T06:45:00Z,2016-11-05T12:15:00+05:30,2016-11-05T07:00:00Z,2016-11-05T12:30:00+05:30
935.0,,,False,1,pm10,µg/m³,,raw,01:00:00,2016-11-05T06:15:00Z,2016-11-05T11:45:00+05:30,2016-11-05T07:15:00Z,2016-11-05T12:45:00+05:30,1,01:00:00,1,00:15:00,100.0,0.0,2016-11-05T07:00:00Z,2016-11-05T12:30:00+05:30,2016-11-05T07:15:00Z,2016-11-05T12:45:00+05:30
987.0,,,False,1,pm10,µg/m³,,raw,01:00:00,2016-11-05T06:30:00Z,2016-11-05T12:00:00+05:30,2016-11-05T07:30:00Z,2016-11-05T13:00:00+05:30,1,01:00:00,1,00:15:00,100.0,0.0,2016-11-05T07:15:00Z,2016-11-05T12:45:00+05:30,2016-11-05T07:30:00Z,2016-11-05T13:00:00+05:30
992.0,,,False,1,pm10,µg/m³,,raw,01:00:00,2016-11-05T07:00:00Z,2016-11-05T12:30:00+05:30,2016-11-05T08:00:00Z,2016-11-05T13:30:00+05:30,1,01:00:00,1,00:15:00,100.0,0.0,2016-11-05T07:45:00Z,2016-11-05T13:15:00+05:30,2016-11-05T08:00:00Z,2016-11-05T13:30:00+05:30
947.0,,,False,1,pm10,µg/m³,,raw,01:00:00,2016-11-05T07:15:00Z,2016-11-05T12:45:00+05:30,2016-11-05T08:15:00Z,2016-11-05T13:45:00+05:30,1,01:00:00,1,00:15:00,100.0,0.0,2016-11-05T08:00:00Z,2016-11-05T13:30:00+05:30,2016-11-05T08:15:00Z,2016-11-05T13:45:00+05:30
865.0,,,False,1,pm10,µg/m³,,raw,01:00:00,2016-11-05T07:30:00Z,2016-11-05T13:00:00+05:30,2016-11-05T08:30:00Z,2016-11-05T14:00:00+05:30,1,01:00:00,1,00:15:00,100.0,0.0,2016-11-05T08:15:00Z,2016-11-05T13:45:00+05:30,2016-11-05T08:30:00Z,2016-11-05T14:00:00+05:30
815.0,,,False,1,pm10,µg/m³,,raw,01:00:00,2016-11-05T07:45:00Z,2016-11-05T13:15:00+05:30,2016-11-05T08:45:00Z,2016-11-05T14:15:00+05:30,1,01:00:00,1,00:15:00,100.0,0.0,2016-11-05T08:30:00Z,2016-11-05T14:00:00+05:30,2016-11-05T08:45:00Z,2016-11-05T14:15:00+05:30
769.0,,,False,1,pm10,µg/m³,,raw,01:00:00,2016-11-05T08:00:00Z,2016-11-05T13:30:00+05:30,2016-11-05T09:00:00Z,2016-11-05T14:30:00+05:30,1,01:00:00,1,00:15:00,100.0,0.0,2016-11-05T08:45:00Z,2016-11-05T14:15:00+05:30,2016-11-05T09:00:00Z,2016-11-05T14:30:00+05:30
736.0,,,False,1,pm10,µg/m³,,raw,01:00:00,2016-11-05T08:15:00Z,2016-11-05T13:45:00+05:30,2016-11-05T09:15:00Z,2016-11-05T14:45:00+05:30,1,01:00:00,1,00:15:00,100.0,0.0,2016-11-05T09:00:00Z,2016-11-05T14:30:00+05:30,2016-11-05T09:15:00Z,2016-11-05T14:45:00+05:30
712.0,,,False,1,pm10,µg/m³,,raw,01:00:00,2016-11-05T08:30:00Z,2016-11-05T14:00:00+05:30,2016-11-05T09:30:00Z,2016-11-05T15:00:00+05:30,1,01:00:00,1,00:15:00,100.0,0.0,2016-11-05T09:15:00Z,2016-11-05T14:45:00+05:30,2016-11-05T09:30:00Z,2016-11-05T15:00:00+05:30
696.0,,,False,1,pm10,µg/m³,,raw,01:00:00,2016-11-05T08:45:00Z,2016-11-05T14:15:00+05:30,2016-11-05T09:45:00Z,2016-11-05T15:15:00+05:30,1,01:00:00,1,00:15:00,100.0,0.0,2016-11-05T09:30:00Z,2016-11-05T15:00:00+05:30,2016-11-05T09:45:00Z,2016-11-05T15:15:00+05:30
694.0,,,False,1,pm10,µg/m³,,raw,01:00:00,2016-11-05T09:00:00Z,2016-11-05T14:30:00+05:30,2016-11-05T10:00:00Z,2016-11-05T15:30:00+05:30,1,01:00:00,1,00:15:00,100.0,0.0,2016-11-05T09:45:00Z,2016-11-05T15:15:00+05:30,2016-11-05T10:00:00Z,2016-11-05T15:30:00+05:30
735.0,,,False,1,pm10,µg/m³,,raw,01:00:00,2016-11-05T09:15:00Z,2016-11-05T14:45:00+05:30,2016-11-05T10:15:00Z,2016-11-05T15:45:00+05:30,1,01:00:00,1,00:15:00,100.0,0.0,2016-11-05T10:00:00Z,2016-11-05T15:30:00+05:30,2016-11-05T10:15:00Z,2016-11-05T15:45:00+05:30
796.0,,,False,1,pm10,µg/m³,,raw,01:00:00,2016-11-05T09:30:00Z,2016-11-05T15:00:00+05:30,2016-11-05T10:30:00Z,2016-11-05T16:00:00+05:30,1,01:00:00,1,00:15:00,100.0,0.0,2016-11-05T10:15:00Z,2016-11-05T15:45:00+05:30,2016-11-05T10:30:00Z,2016-11-05T16:00:00+05:30
871.0,,,False,1,pm10,µg/m³,,raw,01:00:00,2016-11-05T09:45:00Z,2016-11-05T15:15:00+05:30,2016-11-05T10:45:00Z,2016-11-05T16:15:00+05:30,1,01:00:00,1,00:15:00,100.0,0.0,2016-11-05T10:30:00Z,2016-11-05T16:00:00+05:30,2016-11-05T10:45:00Z,2016-11-05T16:15:00+05:30
971.0,,,False,1,pm10,µg/m³,,raw,01:00:00,2016-11-05T10:00:00Z,2016-11-05T15:30:00+05:30,2016-11-05T11:00:00Z,2016-11-05T16:30:00+05:30,1,01:00:00,1,00:15:00,100.0,0.0,2016-11-05T10:45:00Z,2016-11-05T16:15:00+05:30,2016-11-05T11:00:00Z,2016-11-05T16:30:00+05:30
988.0,,,False,1,pm10,µg/m³,,raw,01:00:00,2016-11-05T11:45:00Z,2016-11-05T17:15:00+05:30,2016-11-05T12:45:00Z,2016-11-05T18:15:00+05:30,1,01:00:00,1,00:15:00,100.0,0.0,2016-11-05T12:30:00Z,2016-11-05T18:00:00+05:30,2016-11-05T12:45:00Z,2016-11-05T18:15:00+05:30
962.0,,,False,1,pm10,µg/m³,,raw,01:00:00,2016-11-05T12:00:00Z,2016-11-05T17:30:00+05:30,2016-11-05T13:00:00Z,2016-11-05T18:30:00+05:30,1,01:00:00,1,00:15:00,100.0,0.0,2016-11-05T12:45:00Z,2016-11-05T18:15:00+05:30,2016-11-05T13:00:00Z,2016-11-05T18:30:00+05:30
940.0,,,False,1,pm10,µg/m³,,raw,01:00:00,2016-11-05T12:15:00Z,2016-11-05T17:45:00+05:30,2016-11-05T13:15:00Z,2016-11-05T18:45:00+05:30,1,01:00:00,1,00:15:00,100.0,0.0,2016-11-05T13:00:00Z,2016-11-05T18:30:00+05:30,2016-11-05T13:15:00Z,2016-11-05T18:45:00+05:30
917.0,,,False,1,pm10,µg/m³,,raw,01:00:00,2016-11-05T12:30:00Z,2016-11-05T18:00:00+05:30,2016-11-05T13:30:00Z,2016-11-05T19:00:00+05:30,1,01:00:00,1,00:15:00,100.0,0.0,2016-11-05T13:15:00Z,2016-11-05T18:45:00+05:30,2016-11-05T13:30:00Z,2016-11-05T19:00:00+05:30
894.0,,,False,1,pm10,µg/m³,,raw,01:00:00,2016-11-05T12:45:00Z,2016-11-05T18:15:00+05:30,2016-11-05T13:45:00Z,2016-11-05T19:15:00+05:30,1,01:00:00,1,00:15:00,100.0,0.0,2016-11-05T13:30:00Z,2016-11-05T19:00:00+05:30,2016-11-05T13:45:00Z,2016-11-05T19:15:00+05:30
869.0,,,False,1,pm10,µg/m³,,raw,01:00:00,2016-11-05T13:00:00Z,2016-11-05T18:30:00+05:30,2016-11-05T14:00:00Z,2016-11-05T19:30:00+05:30,1,01:00:00,1,00:15:00,100.0,0.0,2016-11-05T13:45:00Z,2016-11-05T19:15:00+05:30,2016-11-05T14:00:00Z,2016-11-05T19:30:00+05:30
848.0,,,False,1,pm10,µg/m³,,raw,01:00:00,2016-11-05T13:15:00Z,2016-11-05T18:45:00+05:30,2016-11-05T14:15:00Z,2016-11-05T19:45:00+05:30,1,01:00:00,1,00:15:00,100.0,0.0,2016-11-05T14:00:00Z,2016-11-05T19:30:00+05:30,2016-11-05T14:15:00Z,2016-11-05T19:45:00+05:30
834.0,,,False,1,pm10,µg/m³,,raw,01:00:00,2016-11-05T13:30:00Z,2016-11-05T19:00:00+05:30,2016-11-05T14:30:00Z,2016-11-05T20:00:00+05:30,1,01:00:00,1,00:15:00,100.0,0.0,2016-11-05T14:15:00Z,2016-11-05T19:45:00+05:30,2016-11-05T14:30:00Z,2016-11-05T20:00:00+05:30
821.0,,,False,1,pm10,µg/m³,,raw,01:00:00,2016-11-05T13:45:00Z,2016-11-05T19:15:00+05:30,2016-11-05T14:45:00Z,2016-11-05T20:15:00+05:30,1,01:00:00,1,00:15:00,100.0,0.0,2016-11-05T14:30:00Z,2016-11-05T20:00:00+05:30,2016-11-05T14:45:00Z,2016-11-05T20:15:00+05:30
815.0,,,False,1,pm10,µg/m³,,raw,01:00:00,2016-11-05T14:00:00Z,2016-11-05T19:30:00+05:30,2016-11-05T15:00:00Z,2016-11-05T20:30:00+05:30,1,01:00:00,1,00:15:00,100.0,0.0,2016-11-05T14:45:00Z,2016-11-05T20:15:00+05:30,2016-11-05T15:00:00Z,2016-11-05T20:30:00+05:30
820.0,,,False,1,pm10,µg/m³,,raw,01:00:00,2016-11-05T14:15:00Z,2016-11-05T19:45:00+05:30,2016-11-05T15:15:00Z,2016-11-05T20:45:00+05:30,1,01:00:00,1,00:15:00,100.0,0.0,2016-11-05T15:00:00Z,2016-11-05T20:30:00+05:30,2016-11-05T15:15:00Z,2016-11-05T20:45:00+05:30
816.0,,,False,1,pm10,µg/m³,,raw,01:00:00,2016-11-05T14:30:00Z,2016-11-05T20:00:00+05:30,2016-11-05T15:30:00Z,2016-11-05T21:00:00+05:30,1,01:00:00,1,00:15:00,100.0,0.0,2016-11-05T15:15:00Z,2016-11-05T20:45:00+05:30,2016-11-05T15:30:00Z,2016-11-05T21:00:00+05:30
804.0,,,False,1,pm10,µg/m³,,raw,01:00:00,2016-11-05T14:45:00Z,2016-11-05T20:15:00+05:30,2016-11-05T15:45:00Z,2016-11-05T21:15:00+05:30,1,01:00:00,1,00:15:00,100.0,0.0,2016-11-05T15:30:00Z,2016-11-05T21:00:00+05:30,2016-11-05T15:45:00Z,2016-11-05T21:15:00+05:30
793.0,,,False,1,pm10,µg/m³,,raw,01:00:00,2016-11-05T15:00:00Z,2016-11-05T20:30:00+05:30,2016-11-05T16:00:00Z,2016-11-05T21:30:00+05:30,1,01:00:00,1,00:15:00,100.0,0.0,2016-11-05T15:45:00Z,2016-11-05T21:15:00+05:30,2016-11-05T16:00:00Z,2016-11-05T21:30:00+05:30
779.0,,,False,1,pm10,µg/m³,,raw,01:00:00,2016-11-05T15:15:00Z,2016-11-05T20:45:00+05:30,2016-11-05T16:15:00Z,2016-11-05T21:45:00+05:30,1,01:00:00,1,00:15:00,100.0,0.0,2016-11-05T16:00:00Z,2016-11-05T21:30:00+05:30,2016-11-05T16:15:00Z,2016-11-05T21:45:00+05:30
773.0,,,False,1,pm10,µg/m³,,raw,01:00:00,2016-11-05T15:30:00Z,2016-11-05T21:00:00+05:30,2016-11-05T16:30:00Z,2016-11-05T22:00:00+05:30,1,01:00:00,1,00:15:00,100.0,0.0,2016-11-05T16:15:00Z,2016-11-05T21:45:00+05:30,2016-11-05T16:30:00Z,2016-11-05T22:00:00+05:30
778.0,,,False,1,pm10,µg/m³,,raw,01:00:00,2016-11-05T15:45:00Z,2016-11-05T21:15:00+05:30,2016-11-05T16:45:00Z,2016-11-05T22:15:00+05:30,1,01:00:00,1,00:15:00,100.0,0.0,2016-11-05T16:30:00Z,2016-11-05T22:00:00+05:30,2016-11-05T16:45:00Z,2016-11-05T22:15:00+05:30
785.0,,,False,1,pm10,µg/m³,,raw,01:00:00,2016-11-05T16:00:00Z,2016-11-05T21:30:00+05:30,2016-11-05T17:00:00Z,2016-11-05T22:30:00+05:30,1,01:00:00,1,00:15:00,100.0,0.0,2016-11-05T16:45:00Z,2016-11-05T22:15:00+05:30,2016-11-05T17:00:00Z,2016-11-05T22:30:00+05:30
790.0,,,False,1,pm10,µg/m³,,raw,01:00:00,2016-11-05T16:15:00Z,2016-11-05T21:45:00+05:30,2016-11-05T17:15:00Z,2016-11-05T22:45:00+05:30,1,01:00:00,1,00:15:00,100.0,0.0,2016-11-05T17:00:00Z,2016-11-05T22:30:00+05:30,2016-11-05T17:15:00Z,2016-11-05T22:45:00+05:30
789.0,,,False,1,pm10,µg/m³,,raw,01:00:00,2016-11-05T16:30:00Z,2016-11-05T22:00:00+05:30,2016-11-05T17:30:00Z,2016-11-05T23:00:00+05:30,1,01:00:00,1,00:15:00,100.0,0.0,2016-11-05T17:15:00Z,2016-11-05T22:45:00+05:30,2016-11-05T17:30:00Z,2016-11-05T23:00:00+05:30
782.0,,,False,1,pm10,µg/m³,,raw,01:00:00,2016-11-05T16:45:00Z,2016-11-05T22:15:00+05:30,2016-11-05T17:45:00Z,2016-11-05T23:15:00+05:30,1,01:00:00,1,00:15:00,100.0,0.0,2016-11-05T17:30:00Z,2016-11-05T23:00:00+05:30,2016-11-05T17:45:00Z,2016-11-05T23:15:00+05:30
770.0,,,False,1,pm10,µg/m³,,raw,01:00:00,2016-11-05T17:00:00Z,2016-11-05T22:30:00+05:30,2016-11-05T18:00:00Z,2016-11-05T23:30:00+05:30,1,01:00:00,1,00:15:00,100.0,0.0,2016-11-05T17:45:00Z,2016-11-05T23:15:00+05:30,2016-11-05T18:00:00Z,2016-11-05T23:30:00+05:30
757.0,,,False,1,pm10,µg/m³,,raw,01:00:00,2016-11-05T17:15:00Z,2016-11-05T22:45:00+05:30,2016-11-05T18:15:00Z,2016-11-05T23:45:00+05:30,1,01:00:00,1,00:15:00,100.0,0.0,2016-11-05T18:00:00Z,2016-11-05T23:30:00+05:30,2016-11-05T18:15:00Z,2016-11-05T23:45:00+05:30
599.0,,,False,1,pm10,µg/m³,,raw,01:00:00,2016-11-05T17:30:00Z,2016-11-05T23:00:00+05:30,2016-11-05T18:30:00Z,2016-11-06T00:00:00+05:30,1,01:00:00,1,00:15:00,100.0,0.0,2016-11-05T18:15:00Z,2016-11-05T23:45:00+05:30,2016-11-05T18:30:00Z,2016-11-06T00:00:00+05:30
742.0,,,False,1,pm10,µg/m³,,raw,01:00:00,2016-11-05T17:45:00Z,2016-11-05T23:15:00+05:30,2016-11-05T18:45:00Z,2016-11-06T00:15:00+05:30,1,01:00:00,1,00:15:00,100.0,0.0,2016-11-05T18:30:00Z,2016-11-06T00:00:00+05:30,2016-11-05T18:45:00Z,2016-11-06T00:15:00+05:30
732.0,,,False,1,pm10,µg/m³,,raw,01:00:00,2016-11-05T18:00:00Z,2016-11-05T23:30:00+05:30,2016-11-05T19:00:00Z,2016-11-06T00:30:00+05:30,1,01:00:00,1,00:15:00,100.0,0.0,2016-11-05T18:45:00Z,2016-11-06T00:15:00+05:30,2016-11-05T19:00:00Z,2016-11-06T00:30:00+05:30
718.0,,,False,1,pm10,µg/m³,,raw,01:00:00,2016-11-05T18:15:00Z,2016-11-05T23:45:00+05:30,2016-11-05T19:15:00Z,2016-11-06T00:45:00+05:30,1,01:00:00,1,00:15:00,100.0,0.0,2016-11-05T19:00:00Z,2016-11-06T00:30:00+05:30,2016-11-05T19:15:00Z,2016-11-06T00:45:00+05:30
708.0,,,False,1,pm10,µg/m³,,raw,01:00:00,2016-11-05T18:30:00Z,2016-11-06T00:00:00+05:30,2016-11-05T19:30:00Z,2016-11-06T01:00:00+05:30,1,01:00:00,1,00:15:00,100.0,0.0,2016-11-05T19:15:00Z,2016-11-06T00:45:00+05:30,2016-11-05T19:30:00Z,2016-11-06T01:00:00+05:30
707.0,,,False,1,pm10,µg/m³,,raw,01:00:00,2016-11-05T18:45:00Z,2016-11-06T00:15:00+05:30,2016-11-05T19:45:00Z,2016-11-06T01:15:00+05:30,1,01:00:00,1,00:15:00,100.0,0.0,2016-11-05T19:30:00Z,2016-11-06T01:00:00+05:30,2016-11-05T19:45:00Z,2016-11-06T01:15:00+05:30
708.0,,,False,1,pm10,µg/m³,,raw,01:00:00,2016-11-05T19:00:00Z,2016-11-06T00:30:00+05:30,2016-11-05T20:00:00Z,2016-11-06T01:30:00+05:30,1,01:00:00,1,00:15:00,100.0,0.0,2016-11-05T19:45:00Z,2016-11-06T01:15:00+05:30,2016-11-05T20:00:00Z,2016-11-06T01:30:00+05:30
711.0,,,False,1,pm10,µg/m³,,raw,01:00:00,2016-11-05T19:15:00Z,2016-11-06T00:45:00+05:30,2016-11-05T20:15:00Z,2016-11-06T01:45:00+05:30,1,01:00:00,1,00:15:00,100.0,0.0,2016-11-05T20:00:00Z,2016-11-06T01:30:00+05:30,2016-11-05T20:15:00Z,2016-11-06T01:45:00+05:30
714.0,,,False,1,pm10,µg/m³,,raw,01:00:00,2016-11-05T19:30:00Z,2016-11-06T01:00:00+05:30,2016-11-05T20:30:00Z,2016-11-06T02:00:00+05:30,1,01:00:00,1,00:15:00,100.0,0.0,2016-11-05T20:15:00Z,2016-11-06T01:45:00+05:30,2016-11-05T20:30:00Z,2016-11-06T02:00:00+05:30
713.0,,,False,1,pm10,µg/m³,,raw,01:00:00,2016-11-05T19:45:00Z,2016-11-06T01:15:00+05:30,2016-11-05T20:45:00Z,2016-11-06T02:15:00+05:30,1,01:00:00,1,00:15:00,100.0,0.0,2016-11-05T20:30:00Z,2016-11-06T02:00:00+05:30,2016-11-05T20:45:00Z,2016-11-06T02:15:00+05:30
707.0,,,False,1,pm10,µg/m³,,raw,01:00:00,2016-11-05T20:00:00Z,2016-11-06T01:30:00+05:30,2016-11-05T21:00:00Z,2016-11-06T02:30:00+05:30,1,01:00:00,1,00:15:00,100.0,0.0,2016-11-05T20:45:00Z,2016-11-06T02:15:00+05:30,2016-11-05T21:00:00Z,2016-11-06T02:30:00+05:30
700.0,,,False,1,pm10,µg/m³,,raw,01:00:00,2016-11-05T20:15:00Z,2016-11-06T01:45:00+05:30,2016-11-05T21:15:00Z,2016-11-06T02:45:00+05:30,1,01:00:00,1,00:15:00,100.0,0.0,2016-11-05T21:00:00Z,2016-11-06T02:30:00+05:30,2016-11-05T21:15:00Z,2016-11-06T02:45:00+05:30
690.0,,,False,1,pm10,µg/m³,,raw,01:00:00,2016-11-05T20:30:00Z,2016-11-06T02:00:00+05:30,2016-11-05T21:30:00Z,2016-11-06T03:00:00+05:30,1,01:00:00,1,00:15:00,100.0,0.0,2016-11-05T21:15:00Z,2016-11-06T02:45:00+05:30,2016-11-05T21:30:00Z,2016-11-06T03:00:00+05:30
678.0,,,False,1,pm10,µg/m³,,raw,01:00:00,2016-11-05T20:45:00Z,2016-11-06T02:15:00+05:30,2016-11-05T21:45:00Z,2016-11-06T03:15:00+05:30,1,01:00:00,1,00:15:00,100.0,0.0,2016-11-05T21:30:00Z,2016-11-06T03:00:00+05:30,2016-11-05T21:45:00Z,2016-11-06T03:15:00+05:30
677.0,,,False,1,pm10,µg/m³,,raw,01:00:00,2016-11-05T21:00:00Z,2016-11-06T02:30:00+05:30,2016-11-05T22:00:00Z,2016-11-06T03:30:00+05:30,1,01:00:00,1,00:15:00,100.0,0.0,2016-11-05T21:45:00Z,2016-11-06T03:15:00+05:30,2016-11-05T22:00:00Z,2016-11-06T03:30:00+05:30
682.0,,,False,1,pm10,µg/m³,,raw,01:00:00,2016-11-05T21:15:00Z,2016-11-06T02:45:00+05:30,2016-11-05T22:15:00Z,2016-11-06T03:45:00+05:30,1,01:00:00,1,00:15:00,100.0,0.0,2016-11-05T22:00:00Z,2016-11-06T03:30:00+05:30,2016-11-05T22:15:00Z,2016-11-06T03:45:00+05:30
696.0,,,False,1,pm10,µg/m³,,raw,01:00:00,2016-11-05T21:30:00Z,2016-11-06T03:00:00+05:30,2016-11-05T22:30:00Z,2016-11-06T04:00:00+05:30,1,01:00:00,1,00:15:00,100.0,0.0,2016-11-05T22:15:00Z,2016-11-06T03:45:00+05:30,2016-11-05T22:30:00Z,2016-11-06T04:00:00+05:30
704.0,,,False,1,pm10,µg/m³,,raw,01:00:00,2016-11-05T21:45:00Z,2016-11-06T03:15:00+05:30,2016-11-05T22:45:00Z,2016-11-06T04:15:00+05:30,1,01:00:00,1,00:15:00,100.0,0.0,2016-11-05T22:30:00Z,2016-11-06T04:00:00+05:30,2016-11-05T22:45:00Z,2016-11-06T04:15:00+05:30
702.0,,,False,1,pm10,µg/m³,,raw,01:00:00,2016-11-05T22:00:00Z,2016-11-06T03:30:00+05:30,2016-11-05T23:00:00Z,2016-11-06T04:30:00+05:30,1,01:00:00,1,00:15:00,100.0,0.0,2016-11-05T22:45:00Z,2016-11-06T04:15:00+05:30,2016-11-05T23:00:00Z,2016-11-06T04:30:00+05:30
691.0,,,False,1,pm10,µg/m³,,raw,01:00:00,2016-11-05T22:15:00Z,2016-11-06T03:45:00+05:30,2016-11-05T23:15:00Z,2016-11-06T04:45:00+05:30,1,01:00:00,1,00:15:00,100.0,0.0,2016-11-05T23:00:00Z,2016-11-06T04:30:00+05:30,2016-11-05T23:15:00Z,2016-11-06T04:45:00+05:30
673.0,,,False,1,pm10,µg/m³,,raw,01:00:00,2016-11-05T22:30:00Z,2016-11-06T04:00:00+05:30,2016-11-05T23:30:00Z,2016-11-06T05:00:00+05:30,1,01:00:00,1,00:15:00,100.0,0.0,2016-11-05T23:15:00Z,2016-11-06T04:45:00+05:30,2016-11-05T23:30:00Z,2016-11-06T05:00:00+05:30
656.0,,,False,1,pm10,µg/m³,,raw,01:00:00,2016-11-05T22:45:00Z,2016-11-06T04:15:00+05:30,2016-11-05T23:45:00Z,2016-11-06T05:15:00+05:30,1,01:00:00,1,00:15:00,100.0,0.0,2016-11-05T23:30:00Z,2016-11-06T05:00:00+05:30,2016-11-05T23:45:00Z,2016-11-06T05:15:00+05:30
647.0,,,False,1,pm10,µg/m³,,raw,01:00:00,2016-11-05T23:00:00Z,2016-11-06T04:30:00+05:30,2016-11-06T00:00:00Z,2016-11-06T05:30:00+05:30,1,01:00:00,1,00:15:00,100.0,0.0,2016-11-05T23:45:00Z,2016-11-06T05:15:00+05:30,2016-11-06T00:00:00Z,2016-11-06T05:30:00+05:30
637.0,,,False,1,pm10,µg/m³,,raw,01:00:00,2016-11-05T23:15:00Z,2016-11-06T04:45:00+05:30,2016-11-06T00:15:00Z,2016-11-06T05:45:00+05:30,1,01:00:00,1,00:15:00,100.0,0.0,2016-11-06T00:00:00Z,2016-11-06T05:30:00+05:30,2016-11-06T00:15:00Z,2016-11-06T05:45:00+05:30
621.0,,,False,1,pm10,µg/m³,,raw,01:00:00,2016-11-05T23:30:00Z,2016-11-06T05:00:00+05:30,2016-11-06T00:30:00Z,2016-11-06T06:00:00+05:30,1,01:00:00,1,00:15:00,100.0,0.0,2016-11-06T00:15:00Z,2016-11-06T05:45:00+05:30,2016-11-06T00:30:00Z,2016-11-06T06:00:00+05:30
602.0,,,False,1,pm10,µg/m³,,raw,01:00:00,2016-11-05T23:45:00Z,2016-11-06T05:15:00+05:30,2016-11-06T00:45:00Z,2016-11-06T06:15:00+05:30,1,01:00:00,1,00:15:00,100.0,0.0,2016-11-06T00:30:00Z,2016-11-06T06:00:00+05:30,2016-11-06T00:45:00Z,2016-11-06T06:15:00+05:30
578.0,,,False,1,pm10,µg/m³,,raw,01:00:00,2016-11-06T00:00:00Z,2016-11-06T05:30:00+05:30,2016-11-06T01:00:00Z,2016-11-06T06:30:00+05:30,1,01:00:00,1,00:15:00,100.0,0.0,2016-11-06T00:45:00Z,2016-11-06T06:15:00+05:30,2016-11-06T01:00:00Z,2016-11-06T06:30:00+05:30
554.0,,,False,1,pm10,µg/m³,,raw,01:00:00,2016-11-06T00:15:00Z,2016-11-06T05:45:00+05:30,2016-11-06T01:15:00Z,2016-11-06T06:45:00+05:30,1,01:00:00,1,00:15:00,100.0,0.0,2016-11-06T01:00:00Z,2016-11-06T06:30:00+05:30,2016-11-06T01:15:00Z,2016-11-06T06:45:00+05:30
532.0,,,False,1,pm10,µg/m³,,raw,01:00:00,2016-11-06T00:30:00Z,2016-11-06T06:00:00+05:30,2016-11-06T01:30:00Z,2016-11-06T07:00:00+05:30,1,01:00:00,1,00:15:00,100.0,0.0,2016-11-06T01:15:00Z,2016-11-06T06:45:00+05:30,2016-11-06T01:30:00Z,2016-11-06T07:00:00+05:30
515.0,,,False,1,pm10,µg/m³,,raw,01:00:00,2016-11-06T00:45:00Z,2016-11-06T06:15:00+05:30,2016-11-06T01:45:00Z,2016-11-06T07:15:00+05:30,1,01:00:00,1,00:15:00,100.0,0.0,2016-11-06T01:30:00Z,2016-11-06T07:00:00+05:30,2016-11-06T01:45:00Z,2016-11-06T07:15:00+05:30
500.0,,,False,1,pm10,µg/m³,,raw,01:00:00,2016-11-06T01:00:00Z,2016-11-06T06:30:00+05:30,2016-11-06T02:00:00Z,2016-11-06T07:30:00+05:30,1,01:00:00,1,00:15:00,100.0,0.0,2016-11-06T01:45:00Z,2016-11-06T07:15:00+05:30,2016-11-06T02:00:00Z,2016-11-06T07:30:00+05:30
490.0,,,False,1,pm10,µg/m³,,raw,01:00:00,2016-11-06T01:15:00Z,2016-11-06T06:45:00+05:30,2016-11-06T02:15:00Z,2016-11-06T07:45:00+05:30,1,01:00:00,1,00:15:00,100.0,0.0,2016-11-06T02:00:00Z,2016-11-06T07:30:00+05:30,2016-11-06T02:15:00Z,2016-11-06T07:45:00+05:30
484.0,,,False,1,pm10,µg/m³,,raw,01:00:00,2016-11-06T01:30:00Z,2016-11-06T07:00:00+05:30,2016-11-06T02:30:00Z,2016-11-06T08:00:00+05:30,1,01:00:00,1,00:15:00,100.0,0.0,2016-11-06T02:15:00Z,2016-11-06T07:45:00+05:30,2016-11-06T02:30:00Z,2016-11-06T08:00:00+05:30
482.0,,,False,1,pm10,µg/m³,,raw,01:00:00,2016-11-06T01:45:00Z,2016-11-06T07:15:00+05:30,2016-11-06T02:45:00Z,2016-11-06T08:15:00+05:30,1,01:00:00,1,00:15:00,100.0,0.0,2016-11-06T02:30:00Z,2016-11-06T08:00:00+05:30,2016-11-06T02:45:00Z,2016-11-06T08:15:00+05:30
486.0,,,False,1,pm10,µg/m³,,raw,01:00:00,2016-11-06T02:00:00Z,2016-11-06T07:30:00+05:30,2016-11-06T03:00:00Z,2016-11-06T08:30:00+05:30,1,01:00:00,1,00:15:00,100.0,0.0,2016-11-06T02:45:00Z,2016-11-06T08:15:00+05:30,2016-11-06T03:00:00Z,2016-11-06T08:30:00+05:30
493.0,,,False,1,pm10,µg/m³,,raw,01:00:00,2016-11-06T02:15:00Z,2016-11-06T07:45:00+05:30,2016-11-06T03:15:00Z,2016-11-06T08:45:00+05:30,1,01:00:00,1,00:15:00,100.0,0.0,2016-11-06T03:00:00Z,2016-11-06T08:30:00+05:30,2016-11-06T03:15:00Z,2016-11-06T08:45:00+05:30
507.0,,,False,1,pm10,µg/m³,,raw,01:00:00,2016-11-06T02:30:00Z,2016-11-06T08:00:00+05:30,2016-11-06T03:30:00Z,2016-11-06T09:00:00+05:30,1,01:00:00,1,00:15:00,100.0,0.0,2016-11-06T03:15:00Z,2016-11-06T08:45:00+05:30,2016-11-06T03:30:00Z,2016-11-06T09:00:00+05:30
528.0,,,False,1,pm10,µg/m³,,raw,01:00:00,2016-11-06T02:45:00Z,2016-11-06T08:15:00+05:30,2016-11-06T03:45:00Z,2016-11-06T09:15:00+05:30,1,01:00:00,1,00:15:00,100.0,0.0,2016-11-06T03:30:00Z,2016-11-06T09:00:00+05:30,2016-11-06T03:45:00Z,2016-11-06T09:15:00+05:30
551.0,,,False,1,pm10,µg/m³,,raw,01:00:00,2016-11-06T03:00:00Z,2016-11-06T08:30:00+05:30,2016-11-06T04:00:00Z,2016-11-06T09:30:00+05:30,1,01:00:00,1,00:15:00,100.0,0.0,2016-11-06T03:45:00Z,2016-11-06T09:15:00+05:30,2016-11-06T04:00:00Z,2016-11-06T09:30:00+05:30
578.0,,,False,1,pm10,µg/m³,,raw,01:00:00,2016-11-06T03:15:00Z,2016-11-06T08:45:00+05:30,2016-11-06T04:15:00Z,2016-11-06T09:45:00+05:30,1,01:00:00,1,00:15:00,100.0,0.0,2016-11-06T04:00:00Z,2016-11-06T09:30:00+05:30,2016-11-06T04:15:00Z,2016-11-06T09:45:00+05:30
613.0,,,False,1,pm10,µg/m³,,raw,01:00:00,2016-11-06T03:30:00Z,2016-11-06T09:00:00+05:30,2016-11-06T04:30:00Z,2016-11-06T10:00:00+05:30,1,01:00:00,1,00:15:00,100.0,0.0,2016-11-06T04:15:00Z,2016-11-06T09:45:00+05:30,2016-11-06T04:30:00Z,2016-11-06T10:00:00+05:30
652.0,,,False,1,pm10,µg/m³,,raw,01:00:00,2016-11-06T03:45:00Z,2016-11-06T09:15:00+05:30,2016-11-06T04:45:00Z,2016-11-06T10:15:00+05:30,1,01:00:00,1,00:15:00,100.0,0.0,2016-11-06T04:30:00Z,2016-11-06T10:00:00+05:30,2016-11-06T04:45:00Z,2016-11-06T10:15:00+05:30
693.0,,,False,1,pm10,µg/m³,,raw,01:00:00,2016-11-06T04:00:00Z,2016-11-06T09:30:00+05:30,2016-11-06T05:00:00Z,2016-11-06T10:30:00+05:30,1,01:00:00,1,00:15:00,100.0,0.0,2016-11-06T04:45:00Z,2016-11-06T10:15:00+05:30,2016-11-06T05:00:00Z,2016-11-06T10:30:00+05:30
736.0,,,False,1,pm10,µg/m³,,raw,01:00:00,2016-11-06T04:15:00Z,2016-11-06T09:45:00+05:30,2016-11-06T05:15:00Z,2016-11-06T10:45:00+05:30,1,01:00:00,1,00:15:00,100.0,0.0,2016-11-06T05:00:00Z,2016-11-06T10:30:00+05:30,2016-11-06T05:15:00Z,2016-11-06T10:45:00+05:30
769.0,,,False,1,pm10,µg/m³,,raw,01:00:00,2016-11-06T04:30:00Z,2016-11-06T10:00:00+05:30,2016-11-06T05:30:00Z,2016-11-06T11:00:00+05:30,1,01:00:00,1,00:15:00,100.0,0.0,2016-11-06T05:15:00Z,2016-11-06T10:45:00+05:30,2016-11-06T05:30:00Z,2016-11-06T11:00:00+05:30
795.0,,,False,1,pm10,µg/m³,,raw,01:00:00,2016-11-06T04:45:00Z,2016-11-06T10:15:00+05:30,2016-11-06T05:45:00Z,2016-11-06T11:15:00+05:30,1,01:00:00,1,00:15:00,100.0,0.0,2016-11-06T05:30:00Z,2016-11-06T11:00:00+05:30,2016-11-06T05:45:00Z,2016-11-06T11:15:00+05:30
822.0,,,False,1,pm10,µg/m³,,raw,01:00:00,2016-11-06T05:00:00Z,2016-11-06T10:30:00+05:30,2016-11-06T06:00:00Z,2016-11-06T11:30:00+05:30,1,01:00:00,1,00:15:00,100.0,0.0,2016-11-06T05:45:00Z,2016-11-06T11:15:00+05:30,2016-11-06T06:00:00Z,2016-11-06T11:30:00+05:30
842.0,,,False,1,pm10,µg/m³,,raw,01:00:00,2016-11-06T05:15:00Z,2016-11-06T10:45:00+05:30,2016-11-06T06:15:00Z,2016-11-06T11:45:00+05:30,1,01:00:00,1,00:15:00,100.0,0.0,2016-11-06T06:00:00Z,2016-11-06T11:30:00+05:30,2016-11-06T06:15:00Z,2016-11-06T11:45:00+05:30
859.0,,,False,1,pm10,µg/m³,,raw,01:00:00,2016-11-06T05:30:00Z,2016-11-06T11:00:00+05:30,2016-11-06T06:30:00Z,2016-11-06T12:00:00+05:30,1,01:00:00,1,00:15:00,100.0,0.0,2016-11-06T06:15:00Z,2016-11-06T11:45:00+05:30,2016-11-06T06:30:00Z,2016-11-06T12:00:00+05:30
880.0,,,False,1,pm10,µg/m³,,raw,01:00:00,2016-11-06T05:45:00Z,2016-11-06T11:15:00+05:30,2016-11-06T06:45:00Z,2016-11-06T12:15:00+05:30,1,01:00:00,1,00:15:00,100.0,0.0,2016-11-06T06:30:00Z,2016-11-06T12:00:00+05:30,2016-11-06T06:45:00Z,2016-11-06T12:15:00+05:30
904.0,,,False,1,pm10,µg/m³,,raw,01:00:00,2016-11-06T06:00:00Z,2016-11-06T11:30:00+05:30,2016-11-06T07:00:00Z,2016-11-06T12:30:00+05:30,1,01:00:00,1,00:15:00,100.0,0.0,2016-11-06T06:45:00Z,2016-11-06T12:15:00+05:30,2016-11-06T07:00:00Z,2016-11-06T12:30:00+05:30
933.0,,,False,1,pm10,µg/m³,,raw,01:00:00,2016-11-06T06:15:00Z,2016-11-06T11:45:00+05:30,2016-11-06T07:15:00Z,2016-11-06T12:45:00+05:30,1,01:00:00,1,00:15:00,100.0,0.0,2016-11-06T07:00:00Z,2016-11-06T12:30:00+05:30,2016-11-06T07:15:00Z,2016-11-06T12:45:00+05:30
965.0,,,False,1,pm10,µg/m³,,raw,01:00:00,2016-11-06T06:30:00Z,2016-11-06T12:00:00+05:30,2016-11-06T07:30:00Z,2016-11-06T13:00:00+05:30,1,01:00:00,1,00:15:00,100.0,0.0,2016-11-06T07:15:00Z,2016-11-06T12:45:00+05:30,2016-11-06T07:30:00Z,2016-11-06T13:00:00+05:30
992.0,,,False,1,pm10,µg/m³,,raw,01:00:00,2016-11-06T06:45:00Z,2016-11-06T12:15:00+05:30,2016-11-06T07:45:00Z,2016-11-06T13:15:00+05:30,1,01:00:00,1,00:15:00,100.0,0.0,2016-11-06T07:30:00Z,2016-11-06T13:00:00+05:30,2016-11-06T07:45:00Z,2016-11-06T13:15:00+05:30
988.0,,,False,1,pm10,µg/m³,,raw,01:00:00,2016-11-06T07:30:00Z,2016-11-06T13:00:00+05:30,2016-11-06T08:30:00Z,2016-11-06T14:00:00+05:30,1,01:00:00,1,00:15:00,100.0,0.0,2016-11-06T08:15:00Z,2016-11-06T13:45:00+05:30,2016-11-06T08:30:00Z,2016-11-06T14:00:00+05:30
902.0,,,False,1,pm10,µg/m³,,raw,01:00:00,2016-11-06T07:45:00Z,2016-11-06T13:15:00+05:30,2016-11-06T08:45:00Z,2016-11-06T14:15:00+05:30,1,01:00:00,1,00:15:00,100.0,0.0,2016-11-06T08:30:00Z,2016-11-06T14:00:00+05:30,2016-11-06T08:45:00Z,2016-11-06T14:15:00+05:30
798.0,,,False,1,pm10,µg/m³,,raw,01:00:00,2016-11-06T08:00:00Z,2016-11-06T13:30:00+05:30,2016-11-06T09:00:00Z,2016-11-06T14:30:00+05:30,1,01:00:00,1,00:15:00,100.0,0.0,2016-11-06T08:45:00Z,2016-11-06T14:15:00+05:30,2016-11-06T09:00:00Z,2016-11-06T14:30:00+05:30
797.0,,,False,1,pm10,µg/m³,,raw,01:00:00,2016-11-06T08:15:00Z,2016-11-06T13:45:00+05:30,2016-11-06T09:15:00Z,2016-11-06T14:45:00+05:30,1,01:00:00,1,00:15:00,100.0,0.0,2016-11-06T09:00:00Z,2016-11-06T14:30:00+05:30,2016-11-06T09:15:00Z,2016-11-06T14:45:00+05:30
822.0,,,False,1,pm10,µg/m³,,raw,01:00:00,2016-11-06T08:30:00Z,2016-11-06T14:00:00+05:30,2016-11-06T09:30:00Z,2016-11-06T15:00:00+05:30,1,01:00:00,1,00:15:00,100.0,0.0,2016-11-06T09:15:00Z,2016-11-06T14:45:00+05:30,2016-11-06T09:30:00Z,2016-11-06T15:00:00+05:30
906.0,,,False,1,pm10,µg/m³,,raw,01:00:00,2016-11-06T08:45:00Z,2016-11-06T14:15:00+05:30,2016-11-06T09:45:00Z,2016-11-06T15:15:00+05:30,1,01:00:00,1,00:15:00,100.0,0.0,2016-11-06T09:30:00Z,2016-11-06T15:00:00+05:30,2016-11-06T09:45:00Z,2016-11-06T15:15:00+05:30
992.0,,,False,1,pm10,µg/m³,,raw,01:00:00,2016-11-06T10:30:00Z,2016-11-06T16:00:00+05:30,2016-11-06T11:30:00Z,2016-11-06T17:00:00+05:30,1,01:00:00,1,00:15:00,100.0,0.0,2016-11-06T11:15:00Z,2016-11-06T16:45:00+05:30,2016-11-06T11:30:00Z,2016-11-06T17:00:00+05:30
963.0,,,False,1,pm10,µg/m³,,raw,01:00:00,2016-11-06T10:45:00Z,2016-11-06T16:15:00+05:30,2016-11-06T11:45:00Z,2016-11-06T17:15:00+05:30,1,01:00:00,1,00:15:00,100.0,0.0,2016-11-06T11:30:00Z,2016-11-06T17:00:00+05:30,2016-11-06T11:45:00Z,2016-11-06T17:15:00+05:30
935.0,,,False,1,pm10,µg/m³,,raw,01:00:00,2016-11-06T11:00:00Z,2016-11-06T16:30:00+05:30,2016-11-06T12:00:00Z,2016-11-06T17:30:00+05:30,1,01:00:00,1,00:15:00,100.0,0.0,2016-11-06T11:45:00Z,2016-11-06T17:15:00+05:30,2016-11-06T12:00:00Z,2016-11-06T17:30:00+05:30
914.0,,,False,1,pm10,µg/m³,,raw,01:00:00,2016-11-06T11:15:00Z,2016-11-06T16:45:00+05:30,2016-11-06T12:15:00Z,2016-11-06T17:45:00+05:30,1,01:00:00,1,00:15:00,100.0,0.0,2016-11-06T12:00:00Z,2016-11-06T17:30:00+05:30,2016-11-06T12:15:00Z,2016-11-06T17:45:00+05:30
901.0,,,False,1,pm10,µg/m³,,raw,01:00:00,2016-11-06T11:30:00Z,2016-11-06T17:00:00+05:30,2016-11-06T12:30:00Z,2016-11-06T18:00:00+05:30,1,01:00:00,1,00:15:00,100.0,0.0,2016-11-06T12:15:00Z,2016-11-06T17:45:00+05:30,2016-11-06T12:30:00Z,2016-11-06T18:00:00+05:30
889.0,,,False,1,pm10,µg/m³,,raw,01:00:00,2016-11-06T11:45:00Z,2016-11-06T17:15:00+05:30,2016-11-06T12:45:00Z,2016-11-06T18:15:00+05:30,1,01:00:00,1,00:15:00,100.0,0.0,2016-11-06T12:30:00Z,2016-11-06T18:00:00+05:30,2016-11-06T12:45:00Z,2016-11-06T18:15:00+05:30
878.0,,,False,1,pm10,µg/m³,,raw,01:00:00,2016-11-06T12:00:00Z,2016-11-06T17:30:00+05:30,2016-11-06T13:00:00Z,2016-11-06T18:30:00+05:30,1,01:00:00,1,00:15:00,100.0,0.0,2016-11-06T12:45:00Z,2016-11-06T18:15:00+05:30,2016-11-06T13:00:00Z,2016-11-06T18:30:00+05:30
867.0,,,False,1,pm10,µg/m³,,raw,01:00:00,2016-11-06T12:15:00Z,2016-11-06T17:45:00+05:30,2016-11-06T13:15:00Z,2016-11-06T18:45:00+05:30,1,01:00:00,1,00:15:00,100.0,0.0,2016-11-06T13:00:00Z,2016-11-06T18:30:00+05:30,2016-11-06T13:15:00Z,2016-11-06T18:45:00+05:30
856.0,,,False,1,pm10,µg/m³,,raw,01:00:00,2016-11-06T12:30:00Z,2016-11-06T18:00:00+05:30,2016-11-06T13:30:00Z,2016-11-06T19:00:00+05:30,1,01:00:00,1,00:15:00,100.0,0.0,2016-11-06T13:15:00Z,2016-11-06T18:45:00+05:30,2016-11-06T13:30:00Z,2016-11-06T19:00:00+05:30
860.0,,,False,1,pm10,µg/m³,,raw,01:00:00,2016-11-06T12:45:00Z,2016-11-06T18:15:00+05:30,2016-11-06T13:45:00Z,2016-11-06T19:15:00+05:30,1,01:00:00,1,00:15:00,100.0,0.0,2016-11-06T13:30:00Z,2016-11-06T19:00:00+05:30,2016-11-06T13:45:00Z,2016-11-06T19:15:00+05:30
866.0,,,False,1,pm10,µg/m³,,raw,01:00:00,2016-11-06T13:00:00Z,2016-11-06T18:30:00+05:30,2016-11-06T14:00:00Z,2016-11-06T19:30:00+05:30,1,01:00:00,1,00:15:00,100.0,0.0,2016-11-06T13:45:00Z,2016-11-06T19:15:00+05:30,2016-11-06T14:00:00Z,2016-11-06T19:30:00+05:30
868.0,,,False,1,pm10,µg/m³,,raw,01:00:00,2016-11-06T13:15:00Z,2016-11-06T18:45:00+05:30,2016-11-06T14:15:00Z,2016-11-06T19:45:00+05:30,1,01:00:00,1,00:15:00,100.0,0.0,2016-11-06T14:00:00Z,2016-11-06T19:30:00+05:30,2016-11-06T14:15:00Z,2016-11-06T19:45:00+05:30
868.0,,,False,1,pm10,µg/m³,,raw,01:00:00,2016-11-06T13:30:00Z,2016-11-06T19:00:00+05:30,2016-11-06T14:30:00Z,2016-11-06T20:00:00+05:30,1,01:00:00,1,00:15:00,100.0,0.0,2016-11-06T14:15:00Z,2016-11-06T19:45:00+05:30,2016-11-06T14:30:00Z,2016-11-06T20:00:00+05:30
849.0,,,False,1,pm10,µg/m³,,raw,01:00:00,2016-11-06T13:45:00Z,2016-11-06T19:15:00+05:30,2016-11-06T14:45:00Z,2016-11-06T20:15:00+05:30,1,01:00:00,1,00:15:00,100.0,0.0,2016-11-06T14:30:00Z,2016-11-06T20:00:00+05:30,2016-11-06T14:45:00Z,2016-11-06T20:15:00+05:30
818.0,,,False,1,pm10,µg/m³,,raw,01:00:00,2016-11-06T14:00:00Z,2016-11-06T19:30:00+05:30,2016-11-06T15:00:00Z,2016-11-06T20:30:00+05:30,1,01:00:00,1,00:15:00,100.0,0.0,2016-11-06T14:45:00Z,2016-11-06T20:15:00+05:30,2016-11-06T15:00:00Z,2016-11-06T20:30:00+05:30
789.0,,,False,1,pm10,µg/m³,,raw,01:00:00,2016-11-06T14:15:00Z,2016-11-06T19:45:00+05:30,2016-11-06T15:15:00Z,2016-11-06T20:45:00+05:30,1,01:00:00,1,00:15:00,100.0,0.0,2016-11-06T15:00:00Z,2016-11-06T20:30:00+05:30,2016-11-06T15:15:00Z,2016-11-06T20:45:00+05:30
760.0,,,False,1,pm10,µg/m³,,raw,01:00:00,2016-11-06T14:30:00Z,2016-11-06T20:00:00+05:30,2016-11-06T15:30:00Z,2016-11-06T21:00:00+05:30,1,01:00:00,1,00:15:00,100.0,0.0,2016-11-06T15:15:00Z,2016-11-06T20:45:00+05:30,2016-11-06T15:30:00Z,2016-11-06T21:00:00+05:30
738.0,,,False,1,pm10,µg/m³,,raw,01:00:00,2016-11-06T14:45:00Z,2016-11-06T20:15:00+05:30,2016-11-06T15:45:00Z,2016-11-06T21:15:00+05:30,1,01:00:00,1,00:15:00,100.0,0.0,2016-11-06T15:30:00Z,2016-11-06T21:00:00+05:30,2016-11-06T15:45:00Z,2016-11-06T21:15:00+05:30
726.0,,,False,1,pm10,µg/m³,,raw,01:00:00,2016-11-06T15:00:00Z,2016-11-06T20:30:00+05:30,2016-11-06T16:00:00Z,2016-11-06T21:30:00+05:30,1,01:00:00,1,00:15:00,100.0,0.0,2016-11-06T15:45:00Z,2016-11-06T21:15:00+05:30,2016-11-06T16:00:00Z,2016-11-06T21:30:00+05:30
718.0,,,False,1,pm10,µg/m³,,raw,01:00:00,2016-11-06T15:15:00Z,2016-11-06T20:45:00+05:30,2016-11-06T16:15:00Z,2016-11-06T21:45:00+05:30,1,01:00:00,1,00:15:00,100.0,0.0,2016-11-06T16:00:00Z,2016-11-06T21:30:00+05:30,2016-11-06T16:15:00Z,2016-11-06T21:45:00+05:30
705.0,,,False,1,pm10,µg/m³,,raw,01:00:00,2016-11-06T15:30:00Z,2016-11-06T21:00:00+05:30,2016-11-06T16:30:00Z,2016-11-06T22:00:00+05:30,1,01:00:00,1,00:15:00,100.0,0.0,2016-11-06T16:15:00Z,2016-11-06T21:45:00+05:30,2016-11-06T16:30:00Z,2016-11-06T22:00:00+05:30
695.0,,,False,1,pm10,µg/m³,,raw,01:00:00,2016-11-06T15:45:00Z,2016-11-06T21:15:00+05:30,2016-11-06T16:45:00Z,2016-11-06T22:15:00+05:30,1,01:00:00,1,00:15:00,100.0,0.0,2016-11-06T16:30:00Z,2016-11-06T22:00:00+05:30,2016-11-06T16:45:00Z,2016-11-06T22:15:00+05:30
688.0,,,False,1,pm10,µg/m³,,raw,01:00:00,2016-11-06T16:00:00Z,2016-11-06T21:30:00+05:30,2016-11-06T17:00:00Z,2016-11-06T22:30:00+05:30,1,01:00:00,1,00:15:00,100.0,0.0,2016-11-06T16:45:00Z,2016-11-06T22:15:00+05:30,2016-11-06T17:00:00Z,2016-11-06T22:30:00+05:30
677.0,,,False,1,pm10,µg/m³,,raw,01:00:00,2016-11-06T16:15:00Z,2016-11-06T21:45:00+05:30,2016-11-06T17:15:00Z,2016-11-06T22:45:00+05:30,1,01:00:00,1,00:15:00,100.0,0.0,2016-11-06T17:00:00Z,2016-11-06T22:30:00+05:30,2016-11-06T17:15:00Z,2016-11-06T22:45:00+05:30
671.0,,,False,1,pm10,µg/m³,,raw,01:00:00,2016-11-06T16:30:00Z,2016-11-06T22:00:00+05:30,2016-11-06T17:30:00Z,2016-11-06T23:00:00+05:30,1,01:00:00,1,00:15:00,100.0,0.0,2016-11-06T17:15:00Z,2016-11-06T22:45:00+05:30,2016-11-06T17:30:00Z,2016-11-06T23:00:00+05:30
657.0,,,False,1,pm10,µg/m³,,raw,01:00:00,2016-11-06T16:45:00Z,2016-11-06T22:15:00+05:30,2016-11-06T17:45:00Z,2016-11-06T23:15:00+05:30,1,01:00:00,1,00:15:00,100.0,0.0,2016-11-06T17:30:00Z,2016-11-06T23:00:00+05:30,2016-11-06T17:45:00Z,2016-11-06T23:15:00+05:30
631.0,,,False,1,pm10,µg/m³,,raw,01:00:00,2016-11-06T17:00:00Z,2016-11-06T22:30:00+05:30,2016-11-06T18:00:00Z,2016-11-06T23:30:00+05:30,1,01:00:00,1,00:15:00,100.0,0.0,2016-11-06T17:45:00Z,2016-11-06T23:15:00+05:30,2016-11-06T18:00:00Z,2016-11-06T23:30:00+05:30
611.0,,,False,1,pm10,µg/m³,,raw,01:00:00,2016-11-06T17:15:00Z,2016-11-06T22:45:00+05:30,2016-11-06T18:15:00Z,2016-11-06T23:45:00+05:30,1,01:00:00,1,00:15:00,100.0,0.0,2016-11-06T18:00:00Z,2016-11-06T23:30:00+05:30,2016-11-06T18:15:00Z,2016-11-06T23:45:00+05:30
581.0,,,False,1,pm10,µg/m³,,raw,01:00:00,2016-11-06T17:30:00Z,2016-11-06T23:00:00+05:30,2016-11-06T18:30:00Z,2016-11-07T00:00:00+05:30,1,01:00:00,1,00:15:00,100.0,0.0,2016-11-06T18:15:00Z,2016-11-06T23:45:00+05:30,2016-11-06T18:30:00Z,2016-11-07T00:00:00+05:30
594.0,,,False,1,pm10,µg/m³,,raw,01:00:00,2016-11-06T17:45:00Z,2016-11-06T23:15:00+05:30,2016-11-06T18:45:00Z,2016-11-07T00:15:00+05:30,1,01:00:00,1,00:15:00,100.0,0.0,2016-11-06T18:30:00Z,2016-11-07T00:00:00+05:30,2016-11-06T18:45:00Z,2016-11-07T00:15:00+05:30
597.0,,,False,1,pm10,µg/m³,,raw,01:00:00,2016-11-06T18:00:00Z,2016-11-06T23:30:00+05:30,2016-11-06T19:00:00Z,2016-11-07T00:30:00+05:30,1,01:00:00,1,00:15:00,100.0,0.0,2016-11-06T18:45:00Z,2016-11-07T00:15:00+05:30,2016-11-06T19:00:00Z,2016-11-07T00:30:00+05:30
602.0,,,False,1,pm10,µg/m³,,raw,01:00:00,2016-11-06T18:15:00Z,2016-11-06T23:45:00+05:30,2016-11-06T19:15:00Z,2016-11-07T00:45:00+05:30,1,01:00:00,1,00:15:00,100.0,0.0,2016-11-06T19:00:00Z,2016-11-07T00:30:00+05:30,2016-11-06T19:15:00Z,2016-11-07T00:45:00+05:30
603.0,,,False,1,pm10,µg/m³,,raw,01:00:00,2016-11-06T18:30:00Z,2016-11-07T00:00:00+05:30,2016-11-06T19:30:00Z,2016-11-07T01:00:00+05:30,1,01:00:00,1,00:15:00,100.0,0.0,2016-11-06T19:15:00Z,2016-11-07T00:45:00+05:30,2016-11-06T19:30:00Z,2016-11-07T01:00:00+05:30
605.0,,,False,1,pm10,µg/m³,,raw,01:00:00,2016-11-06T18:45:00Z,2016-11-07T00:15:00+05:30,2016-11-06T19:45:00Z,2016-11-07T01:15:00+05:30,1,01:00:00,1,00:15:00,100.0,0.0,2016-11-06T19:30:00Z,2016-11-07T01:00:00+05:30,2016-11-06T19:45:00Z,2016-11-07T01:15:00+05:30
604.0,,,False,1,pm10,µg/m³,,raw,01:00:00,2016-11-06T19:00:00Z,2016-11-07T00:30:00+05:30,2016-11-06T20:00:00Z,2016-11-07T01:30:00+05:30,1,01:00:00,1,00:15:00,100.0,0.0,2016-11-06T19:45:00Z,2016-11-07T01:15:00+05:30,2016-11-06T20:00:00Z,2016-11-07T01:30:00+05:30
600.0,,,False,1,pm10,µg/m³,,raw,01:00:00,2016-11-06T19:15:00Z,2016-11-07T00:45:00+05:30,2016-11-06T20:15:00Z,2016-11-07T01:45:00+05:30,1,01:00:00,1,00:15:00,100.0,0.0,2016-11-06T20:00:00Z,2016-11-07T01:30:00+05:30,2016-11-06T20:15:00Z,2016-11-07T01:45:00+05:30
595.0,,,False,1,pm10,µg/m³,,raw,01:00:00,2016-11-06T19:30:00Z,2016-11-07T01:00:00+05:30,2016-11-06T20:30:00Z,2016-11-07T02:00:00+05:30,1,01:00:00,1,00:15:00,100.0,0.0,2016-11-06T20:15:00Z,2016-11-07T01:45:00+05:30,2016-11-06T20:30:00Z,2016-11-07T02:00:00+05:30
581.0,,,False,1,pm10,µg/m³,,raw,01:00:00,2016-11-06T19:45:00Z,2016-11-07T01:15:00+05:30,2016-11-06T20:45:00Z,2016-11-07T02:15:00+05:30,1,01:00:00,1,00:15:00,100.0,0.0,2016-11-06T20:30:00Z,2016-11-07T02:00:00+05:30,2016-11-06T20:45:00Z,2016-11-07T02:15:00+05:30
567.0,,,False,1,pm10,µg/m³,,raw,01:00:00,2016-11-06T20:00:00Z,2016-11-07T01:30:00+05:30,2016-11-06T21:00:00Z,2016-11-07T02:30:00+05:30,1,01:00:00,1,00:15:00,100.0,0.0,2016-11-06T20:45:00Z,2016-11-07T02:15:00+05:30,2016-11-06T21:00:00Z,2016-11-07T02:30:00+05:30
551.0,,,False,1,pm10,µg/m³,,raw,01:00:00,2016-11-06T20:15:00Z,2016-11-07T01:45:00+05:30,2016-11-06T21:15:00Z,2016-11-07T02:45:00+05:30,1,01:00:00,1,00:15:00,100.0,0.0,2016-11-06T21:00:00Z,2016-11-07T02:30:00+05:30,2016-11-06T21:15:00Z,2016-11-07T02:45:00+05:30
542.0,,,False,1,pm10,µg/m³,,raw,01:00:00,2016-11-06T20:30:00Z,2016-11-07T02:00:00+05:30,2016-11-06T21:30:00Z,2016-11-07T03:00:00+05:30,1,01:00:00,1,00:15:00,100.0,0.0,2016-11-06T21:15:00Z,2016-11-07T02:45:00+05:30,2016-11-06T21:30:00Z,2016-11-07T03:00:00+05:30
540.0,,,False,1,pm10,µg/m³,,raw,01:00:00,2016-11-06T20:45:00Z,2016-11-07T02:15:00+05:30,2016-11-06T21:45:00Z,2016-11-07T03:15:00+05:30,1,01:00:00,1,00:15:00,100.0,0.0,2016-11-06T21:30:00Z,2016-11-07T03:00:00+05:30,2016-11-06T21:45:00Z,2016-11-07T03:15:00+05:30
536.0,,,False,1,pm10,µg/m³,,raw,01:00:00,2016-11-06T21:00:00Z,2016-11-07T02:30:00+05:30,2016-11-06T22:00:00Z,2016-11-07T03:30:00+05:30,1,01:00:00,1,00:15:00,100.0,0.0,2016-11-06T21:45:00Z,2016-11-07T03:15:00+05:30,2016-11-06T22:00:00Z,2016-11-07T03:30:00+05:30
533.0,,,False,1,pm10,µg/m³,,raw,01:00:00,2016-11-06T21:15:00Z,2016-11-07T02:45:00+05:30,2016-11-06T22:15:00Z,2016-11-07T03:45:00+05:30,1,01:00:00,1,00:15:00,100.0,0.0,2016-11-06T22:00:00Z,2016-11-07T03:30:00+05:30,2016-11-06T22:15:00Z,2016-11-07T03:45:00+05:30
524.0,,,False,1,pm10,µg/m³,,raw,01:00:00,2016-11-06T21:30:00Z,2016-11-07T03:00:00+05:30,2016-11-06T22:30:00Z,2016-11-07T04:00:00+05:30,1,01:00:00,1,00:15:00,100.0,0.0,2016-11-06T22:15:00Z,2016-11-07T03:45:00+05:30,2016-11-06T22:30:00Z,2016-11-07T04:00:00+05:30
512.0,,,False,1,pm10,µg/m³,,raw,01:00:00,2016-11-06T21:45:00Z,2016-11-07T03:15:00+05:30,2016-11-06T22:45:00Z,2016-11-07T04:15:00+05:30,1,01:00:00,1,00:15:00,100.0,0.0,2016-11-06T22:30:00Z,2016-11-07T04:00:00+05:30,2016-11-06T22:45:00Z,2016-11-07T04:15:00+05:30
504.0,,,False,1,pm10,µg/m³,,raw,01:00:00,2016-11-06T22:00:00Z,2016-11-07T03:30:00+05:30,2016-11-06T23:00:00Z,2016-11-07T04:30:00+05:30,1,01:00:00,1,00:15:00,100.0,0.0,2016-11-06T22:45:00Z,2016-11-07T04:15:00+05:30,2016-11-06T23:00:00Z,2016-11-07T04:30:00+05:30
500.0,,,False,1,pm10,µg/m³,,raw,01:00:00,2016-11-06T22:15:00Z,2016-11-07T03:45:00+05:30,2016-11-06T23:15:00Z,2016-11-07T04:45:00+05:30,1,01:00:00,1,00:15:00,100.0,0.0,2016-11-06T23:00:00Z,2016-11-07T04:30:00+05:30,2016-11-06T23:15:00Z,2016-11-07T04:45:00+05:30
491.0,,,False,1,pm10,µg/m³,,raw,01:00:00,2016-11-06T22:30:00Z,2016-11-07T04:00:00+05:30,2016-11-06T23:30:00Z,2016-11-07T05:00:00+05:30,1,01:00:00,1,00:15:00,100.0,0.0,2016-11-06T23:15:00Z,2016-11-07T04:45:00+05:30,2016-11-06T23:30:00Z,2016-11-07T05:00:00+05:30
488.0,,,False,1,pm10,µg/m³,,raw,01:00:00,2016-11-06T22:45:00Z,2016-11-07T04:15:00+05:30,2016-11-06T23:45:00Z,2016-11-07T05:15:00+05:30,1,01:00:00,1,00:15:00,100.0,0.0,2016-11-06T23:30:00Z,2016-11-07T05:00:00+05:30,2016-11-06T23:45:00Z,2016-11-07T05:15:00+05:30
482.0,,,False,1,pm10,µg/m³,,raw,01:00:00,2016-11-06T23:00:00Z,2016-11-07T04:30:00+05:30,2016-11-07T00:00:00Z,2016-11-07T05:30:00+05:30,1,01:00:00,1,00:15:00,100.0,0.0,2016-11-06T23:45:00Z,2016-11-07T05:15:00+05:30,2016-11-07T00:00:00Z,2016-11-07T05:30:00+05:30
477.0,,,False,1,pm10,µg/m³,,raw,01:00:00,2016-11-06T23:15:00Z,2016-11-07T04:45:00+05:30,2016-11-07T00:15:00Z,2016-11-07T05:45:00+05:30,1,01:00:00,1,00:15:00,100.0,0.0,2016-11-07T00:00:00Z,2016-11-07T05:30:00+05:30,2016-11-07T00:15:00Z,2016-11-07T05:45:00+05:30
479.0,,,False,1,pm10,µg/m³,,raw,01:00:00,2016-11-06T23:30:00Z,2016-11-07T05:00:00+05:30,2016-11-07T00:30:00Z,2016-11-07T06:00:00+05:30,1,01:00:00,1,00:15:00,100.0,0.0,2016-11-07T00:15:00Z,2016-11-07T05:45:00+05:30,2016-11-07T00:30:00Z,2016-11-07T06:00:00+05:30
481.0,,,False,1,pm10,µg/m³,,raw,01:00:00,2016-11-06T23:45:00Z,2016-11-07T05:15:00+05:30,2016-11-07T00:45:00Z,2016-11-07T06:15:00+05:30,1,01:00:00,1,00:15:00,100.0,0.0,2016-11-07T00:30:00Z,2016-11-07T06:00:00+05:30,2016-11-07T00:45:00Z,2016-11-07T06:15:00+05:30
482.0,,,False,1,pm10,µg/m³,,raw,01:00:00,2016-11-07T00:00:00Z,2016-11-07T05:30:00+05:30,2016-11-07T01:00:00Z,2016-11-07T06:30:00+05:30,1,01:00:00,1,00:15:00,100.0,0.0,2016-11-07T00:45:00Z,2016-11-07T06:15:00+05:30,2016-11-07T01:00:00Z,2016-11-07T06:30:00+05:30
490.0,,,False,1,pm10,µg/m³,,raw,01:00:00,2016-11-07T00:15:00Z,2016-11-07T05:45:00+05:30,2016-11-07T01:15:00Z,2016-11-07T06:45:00+05:30,1,01:00:00,1,00:15:00,100.0,0.0,2016-11-07T01:00:00Z,2016-11-07T06:30:00+05:30,2016-11-07T01:15:00Z,2016-11-07T06:45:00+05:30
495.0,,,False,1,pm10,µg/m³,,raw,01:00:00,2016-11-07T00:30:00Z,2016-11-07T06:00:00+05:30,2016-11-07T01:30:00Z,2016-11-07T07:00:00+05:30,1,01:00:00,1,00:15:00,100.0,0.0,2016-11-07T01:15:00Z,2016-11-07T06:45:00+05:30,2016-11-07T01:30:00Z,2016-11-07T07:00:00+05:30
496.0,,,False,1,pm10,µg/m³,,raw,01:00:00,2016-11-07T00:45:00Z,2016-11-07T06:15:00+05:30,2016-11-07T01:45:00Z,2016-11-07T07:15:00+05:30,1,01:00:00,1,00:15:00,100.0,0.0,2016-11-07T01:30:00Z,2016-11-07T07:00:00+05:30,2016-11-07T01:45:00Z,2016-11-07T07:15:00+05:30
497.0,,,False,1,pm10,µg/m³,,raw,01:00:00,2016-11-07T01:00:00Z,2016-11-07T06:30:00+05:30,2016-11-07T02:00:00Z,2016-11-07T07:30:00+05:30,1,01:00:00,1,00:15:00,100.0,0.0,2016-11-07T01:45:00Z,2016-11-07T07:15:00+05:30,2016-11-07T02:00:00Z,2016-11-07T07:30:00+05:30
492.0,,,False,1,pm10,µg/m³,,raw,01:00:00,2016-11-07T01:15:00Z,2016-11-07T06:45:00+05:30,2016-11-07T02:15:00Z,2016-11-07T07:45:00+05:30,1,01:00:00,1,00:15:00,100.0,0.0,2016-11-07T02:00:00Z,2016-11-07T07:30:00+05:30,2016-11-07T02:15:00Z,2016-11-07T07:45:00+05:30
484.0,,,False,1,pm10,µg/m³,,raw,01:00:00,2016-11-07T01:30:00Z,2016-11-07T07:00:00+05:30,2016-11-07T02:30:00Z,2016-11-07T08:00:00+05:30,1,01:00:00,1,00:15:00,100.0,0.0,2016-11-07T02:15:00Z,2016-11-07T07:45:00+05:30,2016-11-07T02:30:00Z,2016-11-07T08:00:00+05:30
479.0,,,False,1,pm10,µg/m³,,raw,01:00:00,2016-11-07T01:45:00Z,2016-11-07T07:15:00+05:30,2016-11-07T02:45:00Z,2016-11-07T08:15:00+05:30,1,01:00:00,1,00:15:00,100.0,0.0,2016-11-07T02:30:00Z,2016-11-07T08:00:00+05:30,2016-11-07T02:45:00Z,2016-11-07T08:15:00+05:30
476.0,,,False,1,pm10,µg/m³,,raw,01:00:00,2016-11-07T02:00:00Z,2016-11-07T07:30:00+05:30,2016-11-07T03:00:00Z,2016-11-07T08:30:00+05:30,1,01:00:00,1,00:15:00,100.0,0.0,2016-11-07T02:45:00Z,2016-11-07T08:15:00+05:30,2016-11-07T03:00:00Z,2016-11-07T08:30:00+05:30
478.0,,,False,1,pm10,µg/m³,,raw,01:00:00,2016-11-07T02:15:00Z,2016-11-07T07:45:00+05:30,2016-11-07T03:15:00Z,2016-11-07T08:45:00+05:30,1,01:00:00,1,00:15:00,100.0,0.0,2016-11-07T03:00:00Z,2016-11-07T08:30:00+05:30,2016-11-07T03:15:00Z,2016-11-07T08:45:00+05:30
491.0,,,False,1,pm10,µg/m³,,raw,01:00:00,2016-11-07T02:30:00Z,2016-11-07T08:00:00+05:30,2016-11-07T03:30:00Z,2016-11-07T09:00:00+05:30,1,01:00:00,1,00:15:00,100.0,0.0,2016-11-07T03:15:00Z,2016-11-07T08:45:00+05:30,2016-11-07T03:30:00Z,2016-11-07T09:00:00+05:30
512.0,,,False,1,pm10,µg/m³,,raw,01:00:00,2016-11-07T02:45:00Z,2016-11-07T08:15:00+05:30,2016-11-07T03:45:00Z,2016-11-07T09:15:00+05:30,1,01:00:00,1,00:15:00,100.0,0.0,2016-11-07T03:30:00Z,2016-11-07T09:00:00+05:30,2016-11-07T03:45:00Z,2016-11-07T09:15:00+05:30
534.0,,,False,1,pm10,µg/m³,,raw,01:00:00,2016-11-07T03:00:00Z,2016-11-07T08:30:00+05:30,2016-11-07T04:00:00Z,2016-11-07T09:30:00+05:30,1,01:00:00,1,00:15:00,100.0,0.0,2016-11-07T03:45:00Z,2016-11-07T09:15:00+05:30,2016-11-07T04:00:00Z,2016-11-07T09:30:00+05:30
552.0,,,False,1,pm10,µg/m³,,raw,01:00:00,2016-11-07T03:15:00Z,2016-11-07T08:45:00+05:30,2016-11-07T04:15:00Z,2016-11-07T09:45:00+05:30,1,01:00:00,1,00:15:00,100.0,0.0,2016-11-07T04:00:00Z,2016-11-07T09:30:00+05:30,2016-11-07T04:15:00Z,2016-11-07T09:45:00+05:30
558.0,,,False,1,pm10,µg/m³,,raw,01:00:00,2016-11-07T03:30:00Z,2016-11-07T09:00:00+05:30,2016-11-07T04:30:00Z,2016-11-07T10:00:00+05:30,1,01:00:00,1,00:15:00,100.0,0.0,2016-11-07T04:15:00Z,2016-11-07T09:45:00+05:30,2016-11-07T04:30:00Z,2016-11-07T10:00:00+05:30
545.0,,,False,1,pm10,µg/m³,,raw,01:00:00,2016-11-07T03:45:00Z,2016-11-07T09:15:00+05:30,2016-11-07T04:45:00Z,2016-11-07T10:15:00+05:30,1,01:00:00,1,00:15:00,100.0,0.0,2016-11-07T04:30:00Z,2016-11-07T10:00:00+05:30,2016-11-07T04:45:00Z,2016-11-07T10:15:00+05:30
516.0,,,False,1,pm10,µg/m³,,raw,01:00:00,2016-11-07T04:00:00Z,2016-11-07T09:30:00+05:30,2016-11-07T05:00:00Z,2016-11-07T10:30:00+05:30,1,01:00:00,1,00:15:00,100.0,0.0,2016-11-07T04:45:00Z,2016-11-07T10:15:00+05:30,2016-11-07T05:00:00Z,2016-11-07T10:30:00+05:30
483.0,,,False,1,pm10,µg/m³,,raw,01:00:00,2016-11-07T04:15:00Z,2016-11-07T09:45:00+05:30,2016-11-07T05:15:00Z,2016-11-07T10:45:00+05:30,1,01:00:00,1,00:15:00,100.0,0.0,2016-11-07T05:00:00Z,2016-11-07T10:30:00+05:30,2016-11-07T05:15:00Z,2016-11-07T10:45:00+05:30
441.0,,,False,1,pm10,µg/m³,,raw,01:00:00,2016-11-07T04:30:00Z,2016-11-07T10:00:00+05:30,2016-11-07T05:30:00Z,2016-11-07T11:00:00+05:30,1,01:00:00,1,00:15:00,100.0,0.0,2016-11-07T05:15:00Z,2016-11-07T10:45:00+05:30,2016-11-07T05:30:00Z,2016-11-07T11:00:00+05:30
398.0,,,False,1,pm10,µg/m³,,raw,01:00:00,2016-11-07T04:45:00Z,2016-11-07T10:15:00+05:30,2016-11-07T05:45:00Z,2016-11-07T11:15:00+05:30,1,01:00:00,1,00:15:00,100.0,0.0,2016-11-07T05:30:00Z,2016-11-07T11:00:00+05:30,2016-11-07T05:45:00Z,2016-11-07T11:15:00+05:30
362.0,,,False,1,pm10,µg/m³,,raw,01:00:00,2016-11-07T05:00:00Z,2016-11-07T10:30:00+05:30,2016-11-07T06:00:00Z,2016-11-07T11:30:00+05:30,1,01:00:00,1,00:15:00,100.0,0.0,2016-11-07T05:45:00Z,2016-11-07T11:15:00+05:30,2016-11-07T06:00:00Z,2016-11-07T11:30:00+05:30
324.0,,,False,1,pm10,µg/m³,,raw,01:00:00,2016-11-07T05:15:00Z,2016-11-07T10:45:00+05:30,2016-11-07T06:15:00Z,2016-11-07T11:45:00+05:30,1,01:00:00,1,00:15:00,100.0,0.0,2016-11-07T06:00:00Z,2016-11-07T11:30:00+05:30,2016-11-07T06:15:00Z,2016-11-07T11:45:00+05:30
300.0,,,False,1,pm10,µg/m³,,raw,01:00:00,2016-11-07T05:30:00Z,2016-11-07T11:00:00+05:30,2016-11-07T06:30:00Z,2016-11-07T12:00:00+05:30,1,01:00:00,1,00:15:00,100.0,0.0,2016-11-07T06:15:00Z,2016-11-07T11:45:00+05:30,2016-11-07T06:30:00Z,2016-11-07T12:00:00+05:30
291.0,,,False,1,pm10,µg/m³,,raw,01:00:00,2016-11-07T05:45:00Z,2016-11-07T11:15:00+05:30,2016-11-07T06:45:00Z,2016-11-07T12:15:00+05:30,1,01:00:00,1,00:15:00,100.0,0.0,2016-11-07T06:30:00Z,2016-11-07T12:00:00+05:30,2016-11-07T06:45:00Z,2016-11-07T12:15:00+05:30
279.0,,,False,1,pm10,µg/m³,,raw,01:00:00,2016-11-07T06:00:00Z,2016-11-07T11:30:00+05:30,2016-11-07T07:00:00Z,2016-11-07T12:30:00+05:30,1,01:00:00,1,00:15:00,100.0,0.0,2016-11-07T06:45:00Z,2016-11-07T12:15:00+05:30,2016-11-07T07:00:00Z,2016-11-07T12:30:00+05:30
264.0,,,False,1,pm10,µg/m³,,raw,01:00:00,2016-11-07T06:15:00Z,2016-11-07T11:45:00+05:30,2016-11-07T07:15:00Z,2016-11-07T12:45:00+05:30,1,01:00:00,1,00:15:00,100.0,0.0,2016-11-07T07:00:00Z,2016-11-07T12:30:00+05:30,2016-11-07T07:15:00Z,2016-11-07T12:45:00+05:30
240.0,,,False,1,pm10,µg/m³,,raw,01:00:00,2016-11-07T06:30:00Z,2016-11-07T12:00:00+05:30,2016-11-07T07:30:00Z,2016-11-07T13:00:00+05:30,1,01:00:00,1,00:15:00,100.0,0.0,2016-11-07T07:15:00Z,2016-11-07T12:45:00+05:30,2016-11-07T07:30:00Z,2016-11-07T13:00:00+05:30
217.0,,,False,1,pm10,µg/m³,,raw,01:00:00,2016-11-07T06:45:00Z,2016-11-07T12:15:00+05:30,2016-11-07T07:45:00Z,2016-11-07T13:15:00+05:30,1,01:00:00,1,00:15:00,100.0,0.0,2016-11-07T07:30:00Z,2016-11-07T13:00:00+05:30,2016-11-07T07:45:00Z,2016-11-07T13:15:00+05:30
198.0,,,False,1,pm10,µg/m³,,raw,01:00:00,2016-11-07T07:15:00Z,2016-11-07T12:45:00+05:30,2016-11-07T08:15:00Z,2016-11-07T13:45:00+05:30,1,01:00:00,1,00:15:00,100.0,0.0,2016-11-07T08:00:00Z,2016-11-07T13:30:00+05:30,2016-11-07T08:15:00Z,2016-11-07T13:45:00+05:30
198.0,,,False,1,pm10,µg/m³,,raw,01:00:00,2016-11-07T07:30:00Z,2016-11-07T13:00:00+05:30,2016-11-07T08:30:00Z,2016-11-07T14:00:00+05:30,1,01:00:00,1,00:15:00,100.0,0.0,2016-11-07T08:15:00Z,2016-11-07T13:45:00+05:30,2016-11-07T08:30:00Z,2016-11-07T14:00:00+05:30
194.0,,,False,1,pm10,µg/m³,,raw,01:00:00,2016-11-07T07:45:00Z,2016-11-07T13:15:00+05:30,2016-11-07T08:45:00Z,2016-11-07T14:15:00+05:30,1,01:00:00,1,00:15:00,100.0,0.0,2016-11-07T08:30:00Z,2016-11-07T14:00:00+05:30,2016-11-07T08:45:00Z,2016-11-07T14:15:00+05:30
185.0,,,False,1,pm10,µg/m³,,raw,01:00:00,2016-11-07T08:00:00Z,2016-11-07T13:30:00+05:30,2016-11-07T09:00:00Z,2016-11-07T14:30:00+05:30,1,01:00:00,1,00:15:00,100.0,0.0,2016-11-07T08:45:00Z,2016-11-07T14:15:00+05:30,2016-11-07T09:00:00Z,2016-11-07T14:30:00+05:30
182.0,,,False,1,pm10,µg/m³,,raw,01:00:00,2016-11-07T08:15:00Z,2016-11-07T13:45:00+05:30,2016-11-07T09:15:00Z,2016-11-07T14:45:00+05:30,1,01:00:00,1,00:15:00,100.0,0.0,2016-11-07T09:00:00Z,2016-11-07T14:30:00+05:30,2016-11-07T09:15:00Z,2016-11-07T14:45:00+05:30
173.0,,,False,1,pm10,µg/m³,,raw,01:00:00,2016-11-07T08:30:00Z,2016-11-07T14:00:00+05:30,2016-11-07T09:30:00Z,2016-11-07T15:00:00+05:30,1,01:00:00,1,00:15:00,100.0,0.0,2016-11-07T09:15:00Z,2016-11-07T14:45:00+05:30,2016-11-07T09:30:00Z,2016-11-07T15:00:00+05:30
162.0,,,False,1,pm10,µg/m³,,raw,01:00:00,2016-11-07T08:45:00Z,2016-11-07T14:15:00+05:30,2016-11-07T09:45:00Z,2016-11-07T15:15:00+05:30,1,01:00:00,1,00:15:00,100.0,0.0,2016-11-07T09:30:00Z,2016-11-07T15:00:00+05:30,2016-11-07T09:45:00Z,2016-11-07T15:15:00+05:30
154.0,,,False,1,pm10,µg/m³,,raw,01:00:00,2016-11-07T09:00:00Z,2016-11-07T14:30:00+05:30,2016-11-07T10:00:00Z,2016-11-07T15:30:00+05:30,1,01:00:00,1,00:15:00,100.0,0.0,2016-11-07T09:45:00Z,2016-11-07T15:15:00+05:30,2016-11-07T10:00:00Z,2016-11-07T15:30:00+05:30
148.0,,,False,1,pm10,µg/m³,,raw,01:00:00,2016-11-07T09:15:00Z,2016-11-07T14:45:00+05:30,2016-11-07T10:15:00Z,2016-11-07T15:45:00+05:30,1,01:00:00,1,00:15:00,100.0,0.0,2016-11-07T10:00:00Z,2016-11-07T15:30:00+05:30,2016-11-07T10:15:00Z,2016-11-07T15:45:00+05:30
146.0,,,False,1,pm10,µg/m³,,raw,01:00:00,2016-11-07T09:30:00Z,2016-11-07T15:00:00+05:30,2016-11-07T10:30:00Z,2016-11-07T16:00:00+05:30,1,01:00:00,1,00:15:00,100.0,0.0,2016-11-07T10:15:00Z,2016-11-07T15:45:00+05:30,2016-11-07T10:30:00Z,2016-11-07T16:00:00+05:30
140.0,,,False,1,pm10,µg/m³,,raw,01:00:00,2016-11-07T09:45:00Z,2016-11-07T15:15:00+05:30,2016-11-07T10:45:00Z,2016-11-07T16:15:00+05:30,1,01:00:00,1,00:15:00,100.0,0.0,2016-11-07T10:30:00Z,2016-11-07T16:00:00+05:30,2016-11-07T10:45:00Z,2016-11-07T16:15:00+05:30
130.0,,,False,1,pm10,µg/m³,,raw,01:00:00,2016-11-07T10:00:00Z,2016-11-07T15:30:00+05:30,2016-11-07T11:00:00Z,2016-11-07T16:30:00+05:30,1,01:00:00,1,00:15:00,100.0,0.0,2016-11-07T10:45:00Z,2016-11-07T16:15:00+05:30,2016-11-07T11:00:00Z,2016-11-07T16:30:00+05:30
120.0,,,False,1,pm10,µg/m³,,raw,01:00:00,2016-11-07T10:15:00Z,2016-11-07T15:45:00+05:30,2016-11-07T11:15:00Z,2016-11-07T16:45:00+05:30,1,01:00:00,1,00:15:00,100.0,0.0,2016-11-07T11:00:00Z,2016-11-07T16:30:00+05:30,2016-11-07T11:15:00Z,2016-11-07T16:45:00+05:30
111.0,,,False,1,pm10,µg/m³,,raw,01:00:00,2016-11-07T10:30:00Z,2016-11-07T16:00:00+05:30,2016-11-07T11:30:00Z,2016-11-07T17:00:00+05:30,1,01:00:00,1,00:15:00,100.0,0.0,2016-11-07T11:15:00Z,2016-11-07T16:45:00+05:30,2016-11-07T11:30:00Z,2016-11-07T17:00:00+05:30
110.0,,,False,1,pm10,µg/m³,,raw,01:00:00,2016-11-07T10:45:00Z,2016-11-07T16:15:00+05:30,2016-11-07T11:45:00Z,2016-11-07T17:15:00+05:30,1,01:00:00,1,00:15:00,100.0,0.0,2016-11-07T11:30:00Z,2016-11-07T17:00:00+05:30,2016-11-07T11:45:00Z,2016-11-07T17:15:00+05:30
114.0,,,False,1,pm10,µg/m³,,raw,01:00:00,2016-11-07T11:00:00Z,2016-11-07T16:30:00+05:30,2016-11-07T12:00:00Z,2016-11-07T17:30:00+05:30,1,01:00:00,1,00:15:00,100.0,0.0,2016-11-07T11:45:00Z,2016-11-07T17:15:00+05:30,2016-11-07T12:00:00Z,2016-11-07T17:30:00+05:30
122.0,,,False,1,pm10,µg/m³,,raw,01:00:00,2016-11-07T11:15:00Z,2016-11-07T16:45:00+05:30,2016-11-07T12:15:00Z,2016-11-07T17:45:00+05:30,1,01:00:00,1,00:15:00,100.0,0.0,2016-11-07T12:00:00Z,2016-11-07T17:30:00+05:30,2016-11-07T12:15:00Z,2016-11-07T17:45:00+05:30
133.0,,,False,1,pm10,µg/m³,,raw,01:00:00,2016-11-07T11:30:00Z,2016-11-07T17:00:00+05:30,2016-11-07T12:30:00Z,2016-11-07T18:00:00+05:30,1,01:00:00,1,00:15:00,100.0,0.0,2016-11-07T12:15:00Z,2016-11-07T17:45:00+05:30,2016-11-07T12:30:00Z,2016-11-07T18:00:00+05:30
146.0,,,False,1,pm10,µg/m³,,raw,01:00:00,2016-11-07T11:45:00Z,2016-11-07T17:15:00+05:30,2016-11-07T12:45:00Z,2016-11-07T18:15:00+05:30,1,01:00:00,1,00:15:00,100.0,0.0,2016-11-07T12:30:00Z,2016-11-07T18:00:00+05:30,2016-11-07T12:45:00Z,2016-11-07T18:15:00+05:30
157.0,,,False,1,pm10,µg/m³,,raw,01:00:00,2016-11-07T12:00:00Z,2016-11-07T17:30:00+05:30,2016-11-07T13:00:00Z,2016-11-07T18:30:00+05:30,1,01:00:00,1,00:15:00,100.0,0.0,2016-11-07T12:45:00Z,2016-11-07T18:15:00+05:30,2016-11-07T13:00:00Z,2016-11-07T18:30:00+05:30
162.0,,,False,1,pm10,µg/m³,,raw,01:00:00,2016-11-07T12:15:00Z,2016-11-07T17:45:00+05:30,2016-11-07T13:15:00Z,2016-11-07T18:45:00+05:30,1,01:00:00,1,00:15:00,100.0,0.0,2016-11-07T13:00:00Z,2016-11-07T18:30:00+05:30,2016-11-07T13:15:00Z,2016-11-07T18:45:00+05:30
162.0,,,False,1,pm10,µg/m³,,raw,01:00:00,2016-11-07T12:30:00Z,2016-11-07T18:00:00+05:30,2016-11-07T13:30:00Z,2016-11-07T19:00:00+05:30,1,01:00:00,1,00:15:00,100.0,0.0,2016-11-07T13:15:00Z,2016-11-07T18:45:00+05:30,2016-11-07T13:30:00Z,2016-11-07T19:00:00+05:30
161.0,,,False,1,pm10,µg/m³,,raw,01:00:00,2016-11-07T12:45:00Z,2016-11-07T18:15:00+05:30,2016-11-07T13:45:00Z,2016-11-07T19:15:00+05:30,1,01:00:00,1,00:15:00,100.0,0.0,2016-11-07T13:30:00Z,2016-11-07T19:00:00+05:30,2016-11-07T13:45:00Z,2016-11-07T19:15:00+05:30
160.0,,,False,1,pm10,µg/m³,,raw,01:00:00,2016-11-07T13:00:00Z,2016-11-07T18:30:00+05:30,2016-11-07T14:00:00Z,2016-11-07T19:30:00+05:30,1,01:00:00,1,00:15:00,100.0,0.0,2016-11-07T13:45:00Z,2016-11-07T19:15:00+05:30,2016-11-07T14:00:00Z,2016-11-07T19:30:00+05:30
162.0,,,False,1,pm10,µg/m³,,raw,01:00:00,2016-11-07T13:15:00Z,2016-11-07T18:45:00+05:30,2016-11-07T14:15:00Z,2016-11-07T19:45:00+05:30,1,01:00:00,1,00:15:00,100.0,0.0,2016-11-07T14:00:00Z,2016-11-07T19:30:00+05:30,2016-11-07T14:15:00Z,2016-11-07T19:45:00+05:30
168.0,,,False,1,pm10,µg/m³,,raw,01:00:00,2016-11-07T13:30:00Z,2016-11-07T19:00:00+05:30,2016-11-07T14:30:00Z,2016-11-07T20:00:00+05:30,1,01:00:00,1,00:15:00,100.0,0.0,2016-11-07T14:15:00Z,2016-11-07T19:45:00+05:30,2016-11-07T14:30:00Z,2016-11-07T20:00:00+05:30
177.0,,,False,1,pm10,µg/m³,,raw,01:00:00,2016-11-07T13:45:00Z,2016-11-07T19:15:00+05:30,2016-11-07T14:45:00Z,2016-11-07T20:15:00+05:30,1,01:00:00,1,00:15:00,100.0,0.0,2016-11-07T14:30:00Z,2016-11-07T20:00:00+05:30,2016-11-07T14:45:00Z,2016-11-07T20:15:00+05:30
191.0,,,False,1,pm10,µg/m³,,raw,01:00:00,2016-11-07T14:00:00Z,2016-11-07T19:30:00+05:30,2016-11-07T15:00:00Z,2016-11-07T20:30:00+05:30,1,01:00:00,1,00:15:00,100.0,0.0,2016-11-07T14:45:00Z,2016-11-07T20:15:00+05:30,2016-11-07T15:00:00Z,2016-11-07T20:30:00+05:30
214.0,,,False,1,pm10,µg/m³,,raw,01:00:00,2016-11-07T14:15:00Z,2016-11-07T19:45:00+05:30,2016-11-07T15:15:00Z,2016-11-07T20:45:00+05:30,1,01:00:00,1,00:15:00,100.0,0.0,2016-11-07T15:00:00Z,2016-11-07T20:30:00+05:30,2016-11-07T15:15:00Z,2016-11-07T20:45:00+05:30
240.0,,,False,1,pm10,µg/m³,,raw,01:00:00,2016-11-07T14:30:00Z,2016-11-07T20:00:00+05:30,2016-11-07T15:30:00Z,2016-11-07T21:00:00+05:30,1,01:00:00,1,00:15:00,100.0,0.0,2016-11-07T15:15:00Z,2016-11-07T20:45:00+05:30,2016-11-07T15:30:00Z,2016-11-07T21:00:00+05:30
268.0,,,False,1,pm10,µg/m³,,raw,01:00:00,2016-11-07T14:45:00Z,2016-11-07T20:15:00+05:30,2016-11-07T15:45:00Z,2016-11-07T21:15:00+05:30,1,01:00:00,1,00:15:00,100.0,0.0,2016-11-07T15:30:00Z,2016-11-07T21:00:00+05:30,2016-11-07T15:45:00Z,2016-11-07T21:15:00+05:30
295.0,,,False,1,pm10,µg/m³,,raw,01:00:00,2016-11-07T15:00:00Z,2016-11-07T20:30:00+05:30,2016-11-07T16:00:00Z,2016-11-07T21:30:00+05:30,1,01:00:00,1,00:15:00,100.0,0.0,2016-11-07T15:45:00Z,2016-11-07T21:15:00+05:30,2016-11-07T16:00:00Z,2016-11-07T21:30:00+05:30
323.0,,,False,1,pm10,µg/m³,,raw,01:00:00,2016-11-07T15:15:00Z,2016-11-07T20:45:00+05:30,2016-11-07T16:15:00Z,2016-11-07T21:45:00+05:30,1,01:00:00,1,00:15:00,100.0,0.0,2016-11-07T16:00:00Z,2016-11-07T21:30:00+05:30,2016-11-07T16:15:00Z,2016-11-07T21:45:00+05:30
359.0,,,False,1,pm10,µg/m³,,raw,01:00:00,2016-11-07T15:30:00Z,2016-11-07T21:00:00+05:30,2016-11-07T16:30:00Z,2016-11-07T22:00:00+05:30,1,01:00:00,1,00:15:00,100.0,0.0,2016-11-07T16:15:00Z,2016-11-07T21:45:00+05:30,2016-11-07T16:30:00Z,2016-11-07T22:00:00+05:30
403.0,,,False,1,pm10,µg/m³,,raw,01:00:00,2016-11-07T15:45:00Z,2016-11-07T21:15:00+05:30,2016-11-07T16:45:00Z,2016-11-07T22:15:00+05:30,1,01:00:00,1,00:15:00,100.0,0.0,2016-11-07T16:30:00Z,2016-11-07T22:00:00+05:30,2016-11-07T16:45:00Z,2016-11-07T22:15:00+05:30
447.0,,,False,1,pm10,µg/m³,,raw,01:00:00,2016-11-07T16:00:00Z,2016-11-07T21:30:00+05:30,2016-11-07T17:00:00Z,2016-11-07T22:30:00+05:30,1,01:00:00,1,00:15:00,100.0,0.0,2016-11-07T16:45:00Z,2016-11-07T22:15:00+05:30,2016-11-07T17:00:00Z,2016-11-07T22:30:00+05:30
489.0,,,False,1,pm10,µg/m³,,raw,01:00:00,2016-11-07T16:15:00Z,2016-11-07T21:45:00+05:30,2016-11-07T17:15:00Z,2016-11-07T22:45:00+05:30,1,01:00:00,1,00:15:00,100.0,0.0,2016-11-07T17:00:00Z,2016-11-07T22:30:00+05:30,2016-11-07T17:15:00Z,2016-11-07T22:45:00+05:30
522.0,,,False,1,pm10,µg/m³,,raw,01:00:00,2016-11-07T16:30:00Z,2016-11-07T22:00:00+05:30,2016-11-07T17:30:00Z,2016-11-07T23:00:00+05:30,1,01:00:00,1,00:15:00,100.0,0.0,2016-11-07T17:15:00Z,2016-11-07T22:45:00+05:30,2016-11-07T17:30:00Z,2016-11-07T23:00:00+05:30
548.0,,,False,1,pm10,µg/m³,,raw,01:00:00,2016-11-07T16:45:00Z,2016-11-07T22:15:00+05:30,2016-11-07T17:45:00Z,2016-11-07T23:15:00+05:30,1,01:00:00,1,00:15:00,100.0,0.0,2016-11-07T17:30:00Z,2016-11-07T23:00:00+05:30,2016-11-07T17:45:00Z,2016-11-07T23:15:00+05:30
565.0,,,False,1,pm10,µg/m³,,raw,01:00:00,2016-11-07T17:00:00Z,2016-11-07T22:30:00+05:30,2016-11-07T18:00:00Z,2016-11-07T23:30:00+05:30,1,01:00:00,1,00:15:00,100.0,0.0,2016-11-07T17:45:00Z,2016-11-07T23:15:00+05:30,2016-11-07T18:00:00Z,2016-11-07T23:30:00+05:30
577.0,,,False,1,pm10,µg/m³,,raw,01:00:00,2016-11-07T17:15:00Z,2016-11-07T22:45:00+05:30,2016-11-07T18:15:00Z,2016-11-07T23:45:00+05:30,1,01:00:00,1,00:15:00,100.0,0.0,2016-11-07T18:00:00Z,2016-11-07T23:30:00+05:30,2016-11-07T18:15:00Z,2016-11-07T23:45:00+05:30
305.0,,,False,1,pm10,µg/m³,,raw,01:00:00,2016-11-07T17:30:00Z,2016-11-07T23:00:00+05:30,2016-11-07T18:30:00Z,2016-11-08T00:00:00+05:30,1,01:00:00,1,00:15:00,100.0,0.0,2016-11-07T18:15:00Z,2016-11-07T23:45:00+05:30,2016-11-07T18:30:00Z,2016-11-08T00:00:00+05:30
576.0,,,False,1,pm10,µg/m³,,raw,01:00:00,2016-11-07T17:45:00Z,2016-11-07T23:15:00+05:30,2016-11-07T18:45:00Z,2016-11-08T00:15:00+05:30,1,01:00:00,1,00:15:00,100.0,0.0,2016-11-07T18:30:00Z,2016-11-08T00:00:00+05:30,2016-11-07T18:45:00Z,2016-11-08T00:15:00+05:30
567.0,,,False,1,pm10,µg/m³,,raw,01:00:00,2016-11-07T18:00:00Z,2016-11-07T23:30:00+05:30,2016-11-07T19:00:00Z,2016-11-08T00:30:00+05:30,1,01:00:00,1,00:15:00,100.0,0.0,2016-11-07T18:45:00Z,2016-11-08T00:15:00+05:30,2016-11-07T19:00:00Z,2016-11-08T00:30:00+05:30
555.0,,,False,1,pm10,µg/m³,,raw,01:00:00,2016-11-07T18:15:00Z,2016-11-07T23:45:00+05:30,2016-11-07T19:15:00Z,2016-11-08T00:45:00+05:30,1,01:00:00,1,00:15:00,100.0,0.0,2016-11-07T19:00:00Z,2016-11-08T00:30:00+05:30,2016-11-07T19:15:00Z,2016-11-08T00:45:00+05:30
545.0,,,False,1,pm10,µg/m³,,raw,01:00:00,2016-11-07T18:30:00Z,2016-11-08T00:00:00+05:30,2016-11-07T19:30:00Z,2016-11-08T01:00:00+05:30,1,01:00:00,1,00:15:00,100.0,0.0,2016-11-07T19:15:00Z,2016-11-08T00:45:00+05:30,2016-11-07T19:30:00Z,2016-11-08T01:00:00+05:30
540.0,,,False,1,pm10,µg/m³,,raw,01:00:00,2016-11-07T18:45:00Z,2016-11-08T00:15:00+05:30,2016-11-07T19:45:00Z,2016-11-08T01:15:00+05:30,1,01:00:00,1,00:15:00,100.0,0.0,2016-11-07T19:30:00Z,2016-11-08T01:00:00+05:30,2016-11-07T19:45:00Z,2016-11-08T01:15:00+05:30
537.0,,,False,1,pm10,µg/m³,,raw,01:00:00,2016-11-07T19:00:00Z,2016-11-08T00:30:00+05:30,2016-11-07T20:00:00Z,2016-11-08T01:30:00+05:30,1,01:00:00,1,00:15:00,100.0,0.0,2016-11-07T19:45:00Z,2016-11-08T01:15:00+05:30,2016-11-07T20:00:00Z,2016-11-08T01:30:00+05:30
528.0,,,False,1,pm10,µg/m³,,raw,01:00:00,2016-11-07T19:15:00Z,2016-11-08T00:45:00+05:30,2016-11-07T20:15:00Z,2016-11-08T01:45:00+05:30,1,01:00:00,1,00:15:00,100.0,0.0,2016-11-07T20:00:00Z,2016-11-08T01:30:00+05:30,2016-11-07T20:15:00Z,2016-11-08T01:45:00+05:30
515.0,,,False,1,pm10,µg/m³,,raw,01:00:00,2016-11-07T19:30:00Z,2016-11-08T01:00:00+05:30,2016-11-07T20:30:00Z,2016-11-08T02:00:00+05:30,1,01:00:00,1,00:15:00,100.0,0.0,2016-11-07T20:15:00Z,2016-11-08T01:45:00+05:30,2016-11-07T20:30:00Z,2016-11-08T02:00:00+05:30
500.0,,,False,1,pm10,µg/m³,,raw,01:00:00,2016-11-07T19:45:00Z,2016-11-08T01:15:00+05:30,2016-11-07T20:45:00Z,2016-11-08T02:15:00+05:30,1,01:00:00,1,00:15:00,100.0,0.0,2016-11-07T20:30:00Z,2016-11-08T02:00:00+05:30,2016-11-07T20:45:00Z,2016-11-08T02:15:00+05:30
486.0,,,False,1,pm10,µg/m³,,raw,01:00:00,2016-11-07T20:00:00Z,2016-11-08T01:30:00+05:30,2016-11-07T21:00:00Z,2016-11-08T02:30:00+05:30,1,01:00:00,1,00:15:00,100.0,0.0,2016-11-07T20:45:00Z,2016-11-08T02:15:00+05:30,2016-11-07T21:00:00Z,2016-11-08T02:30:00+05:30
476.0,,,False,1,pm10,µg/m³,,raw,01:00:00,2016-11-07T20:15:00Z,2016-11-08T01:45:00+05:30,2016-11-07T21:15:00Z,2016-11-08T02:45:00+05:30,1,01:00:00,1,00:15:00,100.0,0.0,2016-11-07T21:00:00Z,2016-11-08T02:30:00+05:30,2016-11-07T21:15:00Z,2016-11-08T02:45:00+05:30
467.0,,,False,1,pm10,µg/m³,,raw,01:00:00,2016-11-07T20:30:00Z,2016-11-08T02:00:00+05:30,2016-11-07T21:30:00Z,2016-11-08T03:00:00+05:30,1,01:00:00,1,00:15:00,100.0,0.0,2016-11-07T21:15:00Z,2016-11-08T02:45:00+05:30,2016-11-07T21:30:00Z,2016-11-08T03:00:00+05:30
452.0,,,False,1,pm10,µg/m³,,raw,01:00:00,2016-11-07T20:45:00Z,2016-11-08T02:15:00+05:30,2016-11-07T21:45:00Z,2016-11-08T03:15:00+05:30,1,01:00:00,1,00:15:00,100.0,0.0,2016-11-07T21:30:00Z,2016-11-08T03:00:00+05:30,2016-11-07T21:45:00Z,2016-11-08T03:15:00+05:30
429.0,,,False,1,pm10,µg/m³,,raw,01:00:00,2016-11-07T21:00:00Z,2016-11-08T02:30:00+05:30,2016-11-07T22:00:00Z,2016-11-08T03:30:00+05:30,1,01:00:00,1,00:15:00,100.0,0.0,2016-11-07T21:45:00Z,2016-11-08T03:15:00+05:30,2016-11-07T22:00:00Z,2016-11-08T03:30:00+05:30
405.0,,,False,1,pm10,µg/m³,,raw,01:00:00,2016-11-07T21:15:00Z,2016-11-08T02:45:00+05:30,2016-11-07T22:15:00Z,2016-11-08T03:45:00+05:30,1,01:00:00,1,00:15:00,100.0,0.0,2016-11-07T22:00:00Z,2016-11-08T03:30:00+05:30,2016-11-07T22:15:00Z,2016-11-08T03:45:00+05:30
387.0,,,False,1,pm10,µg/m³,,raw,01:00:00,2016-11-07T21:30:00Z,2016-11-08T03:00:00+05:30,2016-11-07T22:30:00Z,2016-11-08T04:00:00+05:30,1,01:00:00,1,00:15:00,100.0,0.0,2016-11-07T22:15:00Z,2016-11-08T03:45:00+05:30,2016-11-07T22:30:00Z,2016-11-08T04:00:00+05:30
378.0,,,False,1,pm10,µg/m³,,raw,01:00:00,2016-11-07T21:45:00Z,2016-11-08T03:15:00+05:30,2016-11-07T22:45:00Z,2016-11-08T04:15:00+05:30,1,01:00:00,1,00:15:00,100.0,0.0,2016-11-07T22:30:00Z,2016-11-08T04:00:00+05:30,2016-11-07T22:45:00Z,2016-11-08T04:15:00+05:30
375.0,,,False,1,pm10,µg/m³,,raw,01:00:00,2016-11-07T22:00:00Z,2016-11-08T03:30:00+05:30,2016-11-07T23:00:00Z,2016-11-08T04:30:00+05:30,1,01:00:00,1,00:15:00,100.0,0.0,2016-11-07T22:45:00Z,2016-11-08T04:15:00+05:30,2016-11-07T23:00:00Z,2016-11-08T04:30:00+05:30
371.0,,,False,1,pm10,µg/m³,,raw,01:00:00,2016-11-07T22:15:00Z,2016-11-08T03:45:00+05:30,2016-11-07T23:15:00Z,2016-11-08T04:45:00+05:30,1,01:00:00,1,00:15:00,100.0,0.0,2016-11-07T23:00:00Z,2016-11-08T04:30:00+05:30,2016-11-07T23:15:00Z,2016-11-08T04:45:00+05:30
361.0,,,False,1,pm10,µg/m³,,raw,01:00:00,2016-11-07T22:30:00Z,2016-11-08T04:00:00+05:30,2016-11-07T23:30:00Z,2016-11-08T05:00:00+05:30,1,01:00:00,1,00:15:00,100.0,0.0,2016-11-07T23:15:00Z,2016-11-08T04:45:00+05:30,2016-11-07T23:30:00Z,2016-11-08T05:00:00+05:30
346.0,,,False,1,pm10,µg/m³,,raw,01:00:00,2016-11-07T22:45:00Z,2016-11-08T04:15:00+05:30,2016-11-07T23:45:00Z,2016-11-08T05:15:00+05:30,1,01:00:00,1,00:15:00,100.0,0.0,2016-11-07T23:30:00Z,2016-11-08T05:00:00+05:30,2016-11-07T23:45:00Z,2016-11-08T05:15:00+05:30
331.0,,,False,1,pm10,µg/m³,,raw,01:00:00,2016-11-07T23:00:00Z,2016-11-08T04:30:00+05:30,2016-11-08T00:00:00Z,2016-11-08T05:30:00+05:30,1,01:00:00,1,00:15:00,100.0,0.0,2016-11-07T23:45:00Z,2016-11-08T05:15:00+05:30,2016-11-08T00:00:00Z,2016-11-08T05:30:00+05:30
319.0,,,False,1,pm10,µg/m³,,raw,01:00:00,2016-11-07T23:15:00Z,2016-11-08T04:45:00+05:30,2016-11-08T00:15:00Z,2016-11-08T05:45:00+05:30,1,01:00:00,1,00:15:00,100.0,0.0,2016-11-08T00:00:00Z,2016-11-08T05:30:00+05:30,2016-11-08T00:15:00Z,2016-11-08T05:45:00+05:30
310.0,,,False,1,pm10,µg/m³,,raw,01:00:00,2016-11-07T23:30:00Z,2016-11-08T05:00:00+05:30,2016-11-08T00:30:00Z,2016-11-08T06:00:00+05:30,1,01:00:00,1,00:15:00,100.0,0.0,2016-11-08T00:15:00Z,2016-11-08T05:45:00+05:30,2016-11-08T00:30:00Z,2016-11-08T06:00:00+05:30
304.0,,,False,1,pm10,µg/m³,,raw,01:00:00,2016-11-07T23:45:00Z,2016-11-08T05:15:00+05:30,2016-11-08T00:45:00Z,2016-11-08T06:15:00+05:30,1,01:00:00,1,00:15:00,100.0,0.0,2016-11-08T00:30:00Z,2016-11-08T06:00:00+05:30,2016-11-08T00:45:00Z,2016-11-08T06:15:00+05:30
299.0,,,False,1,pm10,µg/m³,,raw,01:00:00,2016-11-08T00:00:00Z,2016-11-08T05:30:00+05:30,2016-11-08T01:00:00Z,2016-11-08T06:30:00+05:30,1,01:00:00,1,00:15:00,100.0,0.0,2016-11-08T00:45:00Z,2016-11-08T06:15:00+05:30,2016-11-08T01:00:00Z,2016-11-08T06:30:00+05:30
294.0,,,False,1,pm10,µg/m³,,raw,01:00:00,2016-11-08T00:15:00Z,2016-11-08T05:45:00+05:30,2016-11-08T01:15:00Z,2016-11-08T06:45:00+05:30,1,01:00:00,1,00:15:00,100.0,0.0,2016-11-08T01:00:00Z,2016-11-08T06:30:00+05:30,2016-11-08T01:15:00Z,2016-11-08T06:45:00+05:30
290.0,,,False,1,pm10,µg/m³,,raw,01:00:00,2016-11-08T00:30:00Z,2016-11-08T06:00:00+05:30,2016-11-08T01:30:00Z,2016-11-08T07:00:00+05:30,1,01:00:00,1,00:15:00,100.0,0.0,2016-11-08T01:15:00Z,2016-11-08T06:45:00+05:30,2016-11-08T01:30:00Z,2016-11-08T07:00:00+05:30
286.0,,,False,1,pm10,µg/m³,,raw,01:00:00,2016-11-08T00:45:00Z,2016-11-08T06:15:00+05:30,2016-11-08T01:45:00Z,2016-11-08T07:15:00+05:30,1,01:00:00,1,00:15:00,100.0,0.0,2016-11-08T01:30:00Z,2016-11-08T07:00:00+05:30,2016-11-08T01:45:00Z,2016-11-08T07:15:00+05:30
284.0,,,False,1,pm10,µg/m³,,raw,01:00:00,2016-11-08T01:00:00Z,2016-11-08T06:30:00+05:30,2016-11-08T02:00:00Z,2016-11-08T07:30:00+05:30,1,01:00:00,1,00:15:00,100.0,0.0,2016-11-08T01:45:00Z,2016-11-08T07:15:00+05:30,2016-11-08T02:00:00Z,2016-11-08T07:30:00+05:30
284.0,,,False,1,pm10,µg/m³,,raw,01:00:00,2016-11-08T01:15:00Z,2016-11-08T06:45:00+05:30,2016-11-08T02:15:00Z,2016-11-08T07:45:00+05:30,1,01:00:00,1,00:15:00,100.0,0.0,2016-11-08T02:00:00Z,2016-11-08T07:30:00+05:30,2016-11-08T02:15:00Z,2016-11-08T07:45:00+05:30
288.0,,,False,1,pm10,µg/m³,,raw,01:00:00,2016-11-08T01:30:00Z,2016-11-08T07:00:00+05:30,2016-11-08T02:30:00Z,2016-11-08T08:00:00+05:30,1,01:00:00,1,00:15:00,100.0,0.0,2016-11-08T02:15:00Z,2016-11-08T07:45:00+05:30,2016-11-08T02:30:00Z,2016-11-08T08:00:00+05:30
291.0,,,False,1,pm10,µg/m³,,raw,01:00:00,2016-11-08T01:45:00Z,2016-11-08T07:15:00+05:30,2016-11-08T02:45:00Z,2016-11-08T08:15:00+05:30,1,01:00:00,1,00:15:00,100.0,0.0,2016-11-08T02:30:00Z,2016-11-08T08:00:00+05:30,2016-11-08T02:45:00Z,2016-11-08T08:15:00+05:30
294.0,,,False,1,pm10,µg/m³,,raw,01:00:00,2016-11-08T02:00:00Z,2016-11-08T07:30:00+05:30,2016-11-08T03:00:00Z,2016-11-08T08:30:00+05:30,1,01:00:00,1,00:15:00,100.0,0.0,2016-11-08T02:45:00Z,2016-11-08T08:15:00+05:30,2016-11-08T03:00:00Z,2016-11-08T08:30:00+05:30
296.0,,,False,1,pm10,µg/m³,,raw,01:00:00,2016-11-08T02:15:00Z,2016-11-08T07:45:00+05:30,2016-11-08T03:15:00Z,2016-11-08T08:45:00+05:30,1,01:00:00,1,00:15:00,100.0,0.0,2016-11-08T03:00:00Z,2016-11-08T08:30:00+05:30,2016-11-08T03:15:00Z,2016-11-08T08:45:00+05:30
297.0,,,False,1,pm10,µg/m³,,raw,01:00:00,2016-11-08T02:30:00Z,2016-11-08T08:00:00+05:30,2016-11-08T03:30:00Z,2016-11-08T09:00:00+05:30,1,01:00:00,1,00:15:00,100.0,0.0,2016-11-08T03:15:00Z,2016-11-08T08:45:00+05:30,2016-11-08T03:30:00Z,2016-11-08T09:00:00+05:30
300.0,,,False,1,pm10,µg/m³,,raw,01:00:00,2016-11-08T02:45:00Z,2016-11-08T08:15:00+05:30,2016-11-08T03:45:00Z,2016-11-08T09:15:00+05:30,1,01:00:00,1,00:15:00,100.0,0.0,2016-11-08T03:30:00Z,2016-11-08T09:00:00+05:30,2016-11-08T03:45:00Z,2016-11-08T09:15:00+05:30
297.0,,,False,1,pm10,µg/m³,,raw,01:00:00,2016-11-08T03:00:00Z,2016-11-08T08:30:00+05:30,2016-11-08T04:00:00Z,2016-11-08T09:30:00+05:30,1,01:00:00,1,00:15:00,100.0,0.0,2016-11-08T03:45:00Z,2016-11-08T09:15:00+05:30,2016-11-08T04:00:00Z,2016-11-08T09:30:00+05:30
295.0,,,False,1,pm10,µg/m³,,raw,01:00:00,2016-11-08T03:15:00Z,2016-11-08T08:45:00+05:30,2016-11-08T04:15:00Z,2016-11-08T09:45:00+05:30,1,01:00:00,1,00:15:00,100.0,0.0,2016-11-08T04:00:00Z,2016-11-08T09:30:00+05:30,2016-11-08T04:15:00Z,2016-11-08T09:45:00+05:30
289.0,,,False,1,pm10,µg/m³,,raw,01:00:00,2016-11-08T03:30:00Z,2016-11-08T09:00:00+05:30,2016-11-08T04:30:00Z,2016-11-08T10:00:00+05:30,1,01:00:00,1,00:15:00,100.0,0.0,2016-11-08T04:15:00Z,2016-11-08T09:45:00+05:30,2016-11-08T04:30:00Z,2016-11-08T10:00:00+05:30
283.0,,,False,1,pm10,µg/m³,,raw,01:00:00,2016-11-08T03:45:00Z,2016-11-08T09:15:00+05:30,2016-11-08T04:45:00Z,2016-11-08T10:15:00+05:30,1,01:00:00,1,00:15:00,100.0,0.0,2016-11-08T04:30:00Z,2016-11-08T10:00:00+05:30,2016-11-08T04:45:00Z,2016-11-08T10:15:00+05:30
280.0,,,False,1,pm10,µg/m³,,raw,01:00:00,2016-11-08T04:00:00Z,2016-11-08T09:30:00+05:30,2016-11-08T05:00:00Z,2016-11-08T10:30:00+05:30,1,01:00:00,1,00:15:00,100.0,0.0,2016-11-08T04:45:00Z,2016-11-08T10:15:00+05:30,2016-11-08T05:00:00Z,2016-11-08T10:30:00+05:30
275.0,,,False,1,pm10,µg/m³,,raw,01:00:00,2016-11-08T04:15:00Z,2016-11-08T09:45:00+05:30,2016-11-08T05:15:00Z,2016-11-08T10:45:00+05:30,1,01:00:00,1,00:15:00,100.0,0.0,2016-11-08T05:00:00Z,2016-11-08T10:30:00+05:30,2016-11-08T05:15:00Z,2016-11-08T10:45:00+05:30
270.0,,,False,1,pm10,µg/m³,,raw,01:00:00,2016-11-08T04:30:00Z,2016-11-08T10:00:00+05:30,2016-11-08T05:30:00Z,2016-11-08T11:00:00+05:30,1,01:00:00,1,00:15:00,100.0,0.0,2016-11-08T05:15:00Z,2016-11-08T10:45:00+05:30,2016-11-08T05:30:00Z,2016-11-08T11:00:00+05:30
265.0,,,False,1,pm10,µg/m³,,raw,01:00:00,2016-11-08T04:45:00Z,2016-11-08T10:15:00+05:30,2016-11-08T05:45:00Z,2016-11-08T11:15:00+05:30,1,01:00:00,1,00:15:00,100.0,0.0,2016-11-08T05:30:00Z,2016-11-08T11:00:00+05:30,2016-11-08T05:45:00Z,2016-11-08T11:15:00+05:30
260.0,,,False,1,pm10,µg/m³,,raw,01:00:00,2016-11-08T05:00:00Z,2016-11-08T10:30:00+05:30,2016-11-08T06:00:00Z,2016-11-08T11:30:00+05:30,1,01:00:00,1,00:15:00,100.0,0.0,2016-11-08T05:45:00Z,2016-11-08T11:15:00+05:30,2016-11-08T06:00:00Z,2016-11-08T11:30:00+05:30
257.0,,,False,1,pm10,µg/m³,,raw,01:00:00,2016-11-08T05:15:00Z,2016-11-08T10:45:00+05:30,2016-11-08T06:15:00Z,2016-11-08T11:45:00+05:30,1,01:00:00,1,00:15:00,100.0,0.0,2016-11-08T06:00:00Z,2016-11-08T11:30:00+05:30,2016-11-08T06:15:00Z,2016-11-08T11:45:00+05:30
253.0,,,False,1,pm10,µg/m³,,raw,01:00:00,2016-11-08T05:30:00Z,2016-11-08T11:00:00+05:30,2016-11-08T06:30:00Z,2016-11-08T12:00:00+05:30,1,01:00:00,1,00:15:00,100.0,0.0,2016-11-08T06:15:00Z,2016-11-08T11:45:00+05:30,2016-11-08T06:30:00Z,2016-11-08T12:00:00+05:30
251.0,,,False,1,pm10,µg/m³,,raw,01:00:00,2016-11-08T05:45:00Z,2016-11-08T11:15:00+05:30,2016-11-08T06:45:00Z,2016-11-08T12:15:00+05:30,1,01:00:00,1,00:15:00,100.0,0.0,2016-11-08T06:30:00Z,2016-11-08T12:00:00+05:30,2016-11-08T06:45:00Z,2016-11-08T12:15:00+05:30
243.0,,,False,1,pm10,µg/m³,,raw,01:00:00,2016-11-08T06:00:00Z,2016-11-08T11:30:00+05:30,2016-11-08T07:00:00Z,2016-11-08T12:30:00+05:30,1,01:00:00,1,00:15:00,100.0,0.0,2016-11-08T06:45:00Z,2016-11-08T12:15:00+05:30,2016-11-08T07:00:00Z,2016-11-08T12:30:00+05:30
228.0,,,False,1,pm10,µg/m³,,raw,01:00:00,2016-11-08T06:15:00Z,2016-11-08T11:45:00+05:30,2016-11-08T07:15:00Z,2016-11-08T12:45:00+05:30,1,01:00:00,1,00:15:00,100.0,0.0,2016-11-08T07:00:00Z,2016-11-08T12:30:00+05:30,2016-11-08T07:15:00Z,2016-11-08T12:45:00+05:30
208.0,,,False,1,pm10,µg/m³,,raw,01:00:00,2016-11-08T06:45:00Z,2016-11-08T12:15:00+05:30,2016-11-08T07:45:00Z,2016-11-08T13:15:00+05:30,1,01:00:00,1,00:15:00,100.0,0.0,2016-11-08T07:30:00Z,2016-11-08T13:00:00+05:30,2016-11-08T07:45:00Z,2016-11-08T13:15:00+05:30
196.0,,,False,1,pm10,µg/m³,,raw,01:00:00,2016-11-08T07:00:00Z,2016-11-08T12:30:00+05:30,2016-11-08T08:00:00Z,2016-11-08T13:30:00+05:30,1,01:00:00,1,00:15:00,100.0,0.0,2016-11-08T07:45:00Z,2016-11-08T13:15:00+05:30,2016-11-08T08:00:00Z,2016-11-08T13:30:00+05:30
187.0,,,False,1,pm10,µg/m³,,raw,01:00:00,2016-11-08T07:15:00Z,2016-11-08T12:45:00+05:30,2016-11-08T08:15:00Z,2016-11-08T13:45:00+05:30,1,01:00:00,1,00:15:00,100.0,0.0,2016-11-08T08:00:00Z,2016-11-08T13:30:00+05:30,2016-11-08T08:15:00Z,2016-11-08T13:45:00+05:30
168.0,,,False,1,pm10,µg/m³,,raw,01:00:00,2016-11-08T07:30:00Z,2016-11-08T13:00:00+05:30,2016-11-08T08:30:00Z,2016-11-08T14:00:00+05:30,1,01:00:00,1,00:15:00,100.0,0.0,2016-11-08T08:15:00Z,2016-11-08T13:45:00+05:30,2016-11-08T08:30:00Z,2016-11-08T14:00:00+05:30
158.0,,,False,1,pm10,µg/m³,,raw,01:00:00,2016-11-08T07:45:00Z,2016-11-08T13:15:00+05:30,2016-11-08T08:45:00Z,2016-11-08T14:15:00+05:30,1,01:00:00,1,00:15:00,100.0,0.0,2016-11-08T08:30:00Z,2016-11-08T14:00:00+05:30,2016-11-08T08:45:00Z,2016-11-08T14:15:00+05:30
154.0,,,False,1,pm10,µg/m³,,raw,01:00:00,2016-11-08T08:00:00Z,2016-11-08T13:30:00+05:30,2016-11-08T09:00:00Z,2016-11-08T14:30:00+05:30,1,01:00:00,1,00:15:00,100.0,0.0,2016-11-08T08:45:00Z,2016-11-08T14:15:00+05:30,2016-11-08T09:00:00Z,2016-11-08T14:30:00+05:30
147.0,,,False,1,pm10,µg/m³,,raw,01:00:00,2016-11-08T08:15:00Z,2016-11-08T13:45:00+05:30,2016-11-08T09:15:00Z,2016-11-08T14:45:00+05:30,1,01:00:00,1,00:15:00,100.0,0.0,2016-11-08T09:00:00Z,2016-11-08T14:30:00+05:30,2016-11-08T09:15:00Z,2016-11-08T14:45:00+05:30
151.0,,,False,1,pm10,µg/m³,,raw,01:00:00,2016-11-08T08:30:00Z,2016-11-08T14:00:00+05:30,2016-11-08T09:30:00Z,2016-11-08T15:00:00+05:30,1,01:00:00,1,00:15:00,100.0,0.0,2016-11-08T09:15:00Z,2016-11-08T14:45:00+05:30,2016-11-08T09:30:00Z,2016-11-08T15:00:00+05:30
148.0,,,False,1,pm10,µg/m³,,raw,01:00:00,2016-11-08T08:45:00Z,2016-11-08T14:15:00+05:30,2016-11-08T09:45:00Z,2016-11-08T15:15:00+05:30,1,01:00:00,1,00:15:00,100.0,0.0,2016-11-08T09:30:00Z,2016-11-08T15:00:00+05:30,2016-11-08T09:45:00Z,2016-11-08T15:15:00+05:30
140.0,,,False,1,pm10,µg/m³,,raw,01:00:00,2016-11-08T09:00:00Z,2016-11-08T14:30:00+05:30,2016-11-08T10:00:00Z,2016-11-08T15:30:00+05:30,1,01:00:00,1,00:15:00,100.0,0.0,2016-11-08T09:45:00Z,2016-11-08T15:15:00+05:30,2016-11-08T10:00:00Z,2016-11-08T15:30:00+05:30
140.0,,,False,1,pm10,µg/m³,,raw,01:00:00,2016-11-08T09:15:00Z,2016-11-08T14:45:00+05:30,2016-11-08T10:15:00Z,2016-11-08T15:45:00+05:30,1,01:00:00,1,00:15:00,100.0,0.0,2016-11-08T10:00:00Z,2016-11-08T15:30:00+05:30,2016-11-08T10:15:00Z,2016-11-08T15:45:00+05:30
135.0,,,False,1,pm10,µg/m³,,raw,01:00:00,2016-11-08T09:30:00Z,2016-11-08T15:00:00+05:30,2016-11-08T10:30:00Z,2016-11-08T16:00:00+05:30,1,01:00:00,1,00:15:00,100.0,0.0,2016-11-08T10:15:00Z,2016-11-08T15:45:00+05:30,2016-11-08T10:30:00Z,2016-11-08T16:00:00+05:30
128.0,,,False,1,pm10,µg/m³,,raw,01:00:00,2016-11-08T09:45:00Z,2016-11-08T15:15:00+05:30,2016-11-08T10:45:00Z,2016-11-08T16:15:00+05:30,1,01:00:00,1,00:15:00,100.0,0.0,2016-11-08T10:30:00Z,2016-11-08T16:00:00+05:30,2016-11-08T10:45:00Z,2016-11-08T16:15:00+05:30
131.0,,,False,1,pm10,µg/m³,,raw,01:00:00,2016-11-08T10:00:00Z,2016-11-08T15:30:00+05:30,2016-11-08T11:00:00Z,2016-11-08T16:30:00+05:30,1,01:00:00,1,00:15:00,100.0,0.0,2016-11-08T10:45:00Z,2016-11-08T16:15:00+05:30,2016-11-08T11:00:00Z,2016-11-08T16:30:00+05:30
135.0,,,False,1,pm10,µg/m³,,raw,01:00:00,2016-11-08T10:15:00Z,2016-11-08T15:45:00+05:30,2016-11-08T11:15:00Z,2016-11-08T16:45:00+05:30,1,01:00:00,1,00:15:00,100.0,0.0,2016-11-08T11:00:00Z,2016-11-08T16:30:00+05:30,2016-11-08T11:15:00Z,2016-11-08T16:45:00+05:30
142.0,,,False,1,pm10,µg/m³,,raw,01:00:00,2016-11-08T10:30:00Z,2016-11-08T16:00:00+05:30,2016-11-08T11:30:00Z,2016-11-08T17:00:00+05:30,1,01:00:00,1,00:15:00,100.0,0.0,2016-11-08T11:15:00Z,2016-11-08T16:45:00+05:30,2016-11-08T11:30:00Z,2016-11-08T17:00:00+05:30
150.0,,,False,1,pm10,µg/m³,,raw,01:00:00,2016-11-08T10:45:00Z,2016-11-08T16:15:00+05:30,2016-11-08T11:45:00Z,2016-11-08T17:15:00+05:30,1,01:00:00,1,00:15:00,100.0,0.0,2016-11-08T11:30:00Z,2016-11-08T17:00:00+05:30,2016-11-08T11:45:00Z,2016-11-08T17:15:00+05:30
157.0,,,False,1,pm10,µg/m³,,raw,01:00:00,2016-11-08T11:00:00Z,2016-11-08T16:30:00+05:30,2016-11-08T12:00:00Z,2016-11-08T17:30:00+05:30,1,01:00:00,1,00:15:00,100.0,0.0,2016-11-08T11:45:00Z,2016-11-08T17:15:00+05:30,2016-11-08T12:00:00Z,2016-11-08T17:30:00+05:30
158.0,,,False,1,pm10,µg/m³,,raw,01:00:00,2016-11-08T11:15:00Z,2016-11-08T16:45:00+05:30,2016-11-08T12:15:00Z,2016-11-08T17:45:00+05:30,1,01:00:00,1,00:15:00,100.0,0.0,2016-11-08T12:00:00Z,2016-11-08T17:30:00+05:30,2016-11-08T12:15:00Z,2016-11-08T17:45:00+05:30
159.0,,,False,1,pm10,µg/m³,,raw,01:00:00,2016-11-08T11:30:00Z,2016-11-08T17:00:00+05:30,2016-11-08T12:30:00Z,2016-11-08T18:00:00+05:30,1,01:00:00,1,00:15:00,100.0,0.0,2016-11-08T12:15:00Z,2016-11-08T17:45:00+05:30,2016-11-08T12:30:00Z,2016-11-08T18:00:00+05:30
165.0,,,False,1,pm10,µg/m³,,raw,01:00:00,2016-11-08T11:45:00Z,2016-11-08T17:15:00+05:30,2016-11-08T12:45:00Z,2016-11-08T18:15:00+05:30,1,01:00:00,1,00:15:00,100.0,0.0,2016-11-08T12:30:00Z,2016-11-08T18:00:00+05:30,2016-11-08T12:45:00Z,2016-11-08T18:15:00+05:30
169.0,,,False,1,pm10,µg/m³,,raw,01:00:00,2016-11-08T12:00:00Z,2016-11-08T17:30:00+05:30,2016-11-08T13:00:00Z,2016-11-08T18:30:00+05:30,1,01:00:00,1,00:15:00,100.0,0.0,2016-11-08T12:45:00Z,2016-11-08T18:15:00+05:30,2016-11-08T13:00:00Z,2016-11-08T18:30:00+05:30
176.0,,,False,1,pm10,µg/m³,,raw,01:00:00,2016-11-08T12:15:00Z,2016-11-08T17:45:00+05:30,2016-11-08T13:15:00Z,2016-11-08T18:45:00+05:30,1,01:00:00,1,00:15:00,100.0,0.0,2016-11-08T13:00:00Z,2016-11-08T18:30:00+05:30,2016-11-08T13:15:00Z,2016-11-08T18:45:00+05:30
184.0,,,False,1,pm10,µg/m³,,raw,01:00:00,2016-11-08T12:30:00Z,2016-11-08T18:00:00+05:30,2016-11-08T13:30:00Z,2016-11-08T19:00:00+05:30,1,01:00:00,1,00:15:00,100.0,0.0,2016-11-08T13:15:00Z,2016-11-08T18:45:00+05:30,2016-11-08T13:30:00Z,2016-11-08T19:00:00+05:30
191.0,,,False,1,pm10,µg/m³,,raw,01:00:00,2016-11-08T12:45:00Z,2016-11-08T18:15:00+05:30,2016-11-08T13:45:00Z,2016-11-08T19:15:00+05:30,1,01:00:00,1,00:15:00,100.0,0.0,2016-11-08T13:30:00Z,2016-11-08T19:00:00+05:30,2016-11-08T13:45:00Z,2016-11-08T19:15:00+05:30
198.0,,,False,1,pm10,µg/m³,,raw,01:00:00,2016-11-08T13:00:00Z,2016-11-08T18:30:00+05:30,2016-11-08T14:00:00Z,2016-11-08T19:30:00+05:30,1,01:00:00,1,00:15:00,100.0,0.0,2016-11-08T13:45:00Z,2016-11-08T19:15:00+05:30,2016-11-08T14:00:00Z,2016-11-08T19:30:00+05:30
204.0,,,False,1,pm10,µg/m³,,raw,01:00:00,2016-11-08T13:15:00Z,2016-11-08T18:45:00+05:30,2016-11-08T14:15:00Z,2016-11-08T19:45:00+05:30,1,01:00:00,1,00:15:00,100.0,0.0,2016-11-08T14:00:00Z,2016-11-08T19:30:00+05:30,2016-11-08T14:15:00Z,2016-11-08T19:45:00+05:30
208.0,,,False,1,pm10,µg/m³,,raw,01:00:00,2016-11-08T13:30:00Z,2016-11-08T19:00:00+05:30,2016-11-08T14:30:00Z,2016-11-08T20:00:00+05:30,1,01:00:00,1,00:15:00,100.0,0.0,2016-11-08T14:15:00Z,2016-11-08T19:45:00+05:30,2016-11-08T14:30:00Z,2016-11-08T20:00:00+05:30
214.0,,,False,1,pm10,µg/m³,,raw,01:00:00,2016-11-08T13:45:00Z,2016-11-08T19:15:00+05:30,2016-11-08T14:45:00Z,2016-11-08T20:15:00+05:30,1,01:00:00,1,00:15:00,100.0,0.0,2016-11-08T14:30:00Z,2016-11-08T20:00:00+05:30,2016-11-08T14:45:00Z,2016-11-08T20:15:00+05:30
220.0,,,False,1,pm10,µg/m³,,raw,01:00:00,2016-11-08T14:00:00Z,2016-11-08T19:30:00+05:30,2016-11-08T15:00:00Z,2016-11-08T20:30:00+05:30,1,01:00:00,1,00:15:00,100.0,0.0,2016-11-08T14:45:00Z,2016-11-08T20:15:00+05:30,2016-11-08T15:00:00Z,2016-11-08T20:30:00+05:30
227.0,,,False,1,pm10,µg/m³,,raw,01:00:00,2016-11-08T14:15:00Z,2016-11-08T19:45:00+05:30,2016-11-08T15:15:00Z,2016-11-08T20:45:00+05:30,1,01:00:00,1,00:15:00,100.0,0.0,2016-11-08T15:00:00Z,2016-11-08T20:30:00+05:30,2016-11-08T15:15:00Z,2016-11-08T20:45:00+05:30
232.0,,,False,1,pm10,µg/m³,,raw,01:00:00,2016-11-08T14:30:00Z,2016-11-08T20:00:00+05:30,2016-11-08T15:30:00Z,2016-11-08T21:00:00+05:30,1,01:00:00,1,00:15:00,100.0,0.0,2016-11-08T15:15:00Z,2016-11-08T20:45:00+05:30,2016-11-08T15:30:00Z,2016-11-08T21:00:00+05:30
238.0,,,False,1,pm10,µg/m³,,raw,01:00:00,2016-11-08T14:45:00Z,2016-11-08T20:15:00+05:30,2016-11-08T15:45:00Z,2016-11-08T21:15:00+05:30,1,01:00:00,1,00:15:00,100.0,0.0,2016-11-08T15:30:00Z,2016-11-08T21:00:00+05:30,2016-11-08T15:45:00Z,2016-11-08T21:15:00+05:30
245.0,,,False,1,pm10,µg/m³,,raw,01:00:00,2016-11-08T15:00:00Z,2016-11-08T20:30:00+05:30,2016-11-08T16:00:00Z,2016-11-08T21:30:00+05:30,1,01:00:00,1,00:15:00,100.0,0.0,2016-11-08T15:45:00Z,2016-11-08T21:15:00+05:30,2016-11-08T16:00:00Z,2016-11-08T21:30:00+05:30
251.0,,,False,1,pm10,µg/m³,,raw,01:00:00,2016-11-08T15:15:00Z,2016-11-08T20:45:00+05:30,2016-11-08T16:15:00Z,2016-11-08T21:45:00+05:30,1,01:00:00,1,00:15:00,100.0,0.0,2016-11-08T16:00:00Z,2016-11-08T21:30:00+05:30,2016-11-08T16:15:00Z,2016-11-08T21:45:00+05:30
256.0,,,False,1,pm10,µg/m³,,raw,01:00:00,2016-11-08T15:30:00Z,2016-11-08T21:00:00+05:30,2016-11-08T16:30:00Z,2016-11-08T22:00:00+05:30,1,01:00:00,1,00:15:00,100.0,0.0,2016-11-08T16:15:00Z,2016-11-08T21:45:00+05:30,2016-11-08T16:30:00Z,2016-11-08T22:00:00+05:30
257.0,,,False,1,pm10,µg/m³,,raw,01:00:00,2016-11-08T15:45:00Z,2016-11-08T21:15:00+05:30,2016-11-08T16:45:00Z,2016-11-08T22:15:00+05:30,1,01:00:00,1,00:15:00,100.0,0.0,2016-11-08T16:30:00Z,2016-11-08T22:00:00+05:30,2016-11-08T16:45:00Z,2016-11-08T22:15:00+05:30
258.0,,,False,1,pm10,µg/m³,,raw,01:00:00,2016-11-08T16:00:00Z,2016-11-08T21:30:00+05:30,2016-11-08T17:00:00Z,2016-11-08T22:30:00+05:30,1,01:00:00,1,00:15:00,100.0,0.0,2016-11-08T16:45:00Z,2016-11-08T22:15:00+05:30,2016-11-08T17:00:00Z,2016-11-08T22:30:00+05:30
262.0,,,False,1,pm10,µg/m³,,raw,01:00:00,2016-11-08T16:15:00Z,2016-11-08T21:45:00+05:30,2016-11-08T17:15:00Z,2016-11-08T22:45:00+05:30,1,01:00:00,1,00:15:00,100.0,0.0,2016-11-08T17:00:00Z,2016-11-08T22:30:00+05:30,2016-11-08T17:15:00Z,2016-11-08T22:45:00+05:30
270.0,,,False,1,pm10,µg/m³,,raw,01:00:00,2016-11-08T16:30:00Z,2016-11-08T22:00:00+05:30,2016-11-08T17:30:00Z,2016-11-08T23:00:00+05:30,1,01:00:00,1,00:15:00,100.0,0.0,2016-11-08T17:15:00Z,2016-11-08T22:45:00+05:30,2016-11-08T17:30:00Z,2016-11-08T23:00:00+05:30
280.0,,,False,1,pm10,µg/m³,,raw,01:00:00,2016-11-08T16:45:00Z,2016-11-08T22:15:00+05:30,2016-11-08T17:45:00Z,2016-11-08T23:15:00+05:30,1,01:00:00,1,00:15:00,100.0,0.0,2016-11-08T17:30:00Z,2016-11-08T23:00:00+05:30,2016-11-08T17:45:00Z,2016-11-08T23:15:00+05:30
289.0,,,False,1,pm10,µg/m³,,raw,01:00:00,2016-11-08T17:00:00Z,2016-11-08T22:30:00+05:30,2016-11-08T18:00:00Z,2016-11-08T23:30:00+05:30,1,01:00:00,1,00:15:00,100.0,0.0,2016-11-08T17:45:00Z,2016-11-08T23:15:00+05:30,2016-11-08T18:00:00Z,2016-11-08T23:30:00+05:30
298.0,,,False,1,pm10,µg/m³,,raw,01:00:00,2016-11-08T17:15:00Z,2016-11-08T22:45:00+05:30,2016-11-08T18:15:00Z,2016-11-08T23:45:00+05:30,1,01:00:00,1,00:15:00,100.0,0.0,2016-11-08T18:00:00Z,2016-11-08T23:30:00+05:30,2016-11-08T18:15:00Z,2016-11-08T23:45:00+05:30
249.0,,,False,1,pm10,µg/m³,,raw,01:00:00,2016-11-08T17:30:00Z,2016-11-08T23:00:00+05:30,2016-11-08T18:30:00Z,2016-11-09T00:00:00+05:30,1,01:00:00,1,00:15:00,100.0,0.0,2016-11-08T18:15:00Z,2016-11-08T23:45:00+05:30,2016-11-08T18:30:00Z,2016-11-09T00:00:00+05:30
309.0,,,False,1,pm10,µg/m³,,raw,01:00:00,2016-11-08T17:45:00Z,2016-11-08T23:15:00+05:30,2016-11-08T18:45:00Z,2016-11-09T00:15:00+05:30,1,01:00:00,1,00:15:00,100.0,0.0,2016-11-08T18:30:00Z,2016-11-09T00:00:00+05:30,2016-11-08T18:45:00Z,2016-11-09T00:15:00+05:30
310.0,,,False,1,pm10,µg/m³,,raw,01:00:00,2016-11-08T18:00:00Z,2016-11-08T23:30:00+05:30,2016-11-08T19:00:00Z,2016-11-09T00:30:00+05:30,1,01:00:00,1,00:15:00,100.0,0.0,2016-11-08T18:45:00Z,2016-11-09T00:15:00+05:30,2016-11-08T19:00:00Z,2016-11-09T00:30:00+05:30
308.0,,,False,1,pm10,µg/m³,,raw,01:00:00,2016-11-08T18:15:00Z,2016-11-08T23:45:00+05:30,2016-11-08T19:15:00Z,2016-11-09T00:45:00+05:30,1,01:00:00,1,00:15:00,100.0,0.0,2016-11-08T19:00:00Z,2016-11-09T00:30:00+05:30,2016-11-08T19:15:00Z,2016-11-09T00:45:00+05:30
308.0,,,False,1,pm10,µg/m³,,raw,01:00:00,2016-11-08T18:30:00Z,2016-11-09T00:00:00+05:30,2016-11-08T19:30:00Z,2016-11-09T01:00:00+05:30,1,01:00:00,1,00:15:00,100.0,0.0,2016-11-08T19:15:00Z,2016-11-09T00:45:00+05:30,2016-11-08T19:30:00Z,2016-11-09T01:00:00+05:30
308.0,,,False,1,pm10,µg/m³,,raw,01:00:00,2016-11-08T18:45:00Z,2016-11-09T00:15:00+05:30,2016-11-08T19:45:00Z,2016-11-09T01:15:00+05:30,1,01:00:00,1,00:15:00,100.0,0.0,2016-11-08T19:30:00Z,2016-11-09T01:00:00+05:30,2016-11-08T19:45:00Z,2016-11-09T01:15:00+05:30
303.0,,,False,1,pm10,µg/m³,,raw,01:00:00,2016-11-08T19:00:00Z,2016-11-09T00:30:00+05:30,2016-11-08T20:00:00Z,2016-11-09T01:30:00+05:30,1,01:00:00,1,00:15:00,100.0,0.0,2016-11-08T19:45:00Z,2016-11-09T01:15:00+05:30,2016-11-08T20:00:00Z,2016-11-09T01:30:00+05:30
301.0,,,False,1,pm10,µg/m³,,raw,01:00:00,2016-11-08T19:15:00Z,2016-11-09T00:45:00+05:30,2016-11-08T20:15:00Z,2016-11-09T01:45:00+05:30,1,01:00:00,1,00:15:00,100.0,0.0,2016-11-08T20:00:00Z,2016-11-09T01:30:00+05:30,2016-11-08T20:15:00Z,2016-11-09T01:45:00+05:30
296.0,,,False,1,pm10,µg/m³,,raw,01:00:00,2016-11-08T19:30:00Z,2016-11-09T01:00:00+05:30,2016-11-08T20:30:00Z,2016-11-09T02:00:00+05:30,1,01:00:00,1,00:15:00,100.0,0.0,2016-11-08T20:15:00Z,2016-11-09T01:45:00+05:30,2016-11-08T20:30:00Z,2016-11-09T02:00:00+05:30
290.0,,,False,1,pm10,µg/m³,,raw,01:00:00,2016-11-08T19:45:00Z,2016-11-09T01:15:00+05:30,2016-11-08T20:45:00Z,2016-11-09T02:15:00+05:30,1,01:00:00,1,00:15:00,100.0,0.0,2016-11-08T20:30:00Z,2016-11-09T02:00:00+05:30,2016-11-08T20:45:00Z,2016-11-09T02:15:00+05:30
289.0,,,False,1,pm10,µg/m³,,raw,01:00:00,2016-11-08T20:00:00Z,2016-11-09T01:30:00+05:30,2016-11-08T21:00:00Z,2016-11-09T02:30:00+05:30,1,01:00:00,1,00:15:00,100.0,0.0,2016-11-08T20:45:00Z,2016-11-09T02:15:00+05:30,2016-11-08T21:00:00Z,2016-11-09T02:30:00+05:30
285.0,,,False,1,pm10,µg/m³,,raw,01:00:00,2016-11-08T20:15:00Z,2016-11-09T01:45:00+05:30,2016-11-08T21:15:00Z,2016-11-09T02:45:00+05:30,1,01:00:00,1,00:15:00,100.0,0.0,2016-11-08T21:00:00Z,2016-11-09T02:30:00+05:30,2016-11-08T21:15:00Z,2016-11-09T02:45:00+05:30
282.0,,,False,1,pm10,µg/m³,,raw,01:00:00,2016-11-08T20:30:00Z,2016-11-09T02:00:00+05:30,2016-11-08T21:30:00Z,2016-11-09T03:00:00+05:30,1,01:00:00,1,00:15:00,100.0,0.0,2016-11-08T21:15:00Z,2016-11-09T02:45:00+05:30,2016-11-08T21:30:00Z,2016-11-09T03:00:00+05:30
280.0,,,False,1,pm10,µg/m³,,raw,01:00:00,2016-11-08T20:45:00Z,2016-11-09T02:15:00+05:30,2016-11-08T21:45:00Z,2016-11-09T03:15:00+05:30,1,01:00:00,1,00:15:00,100.0,0.0,2016-11-08T21:30:00Z,2016-11-09T03:00:00+05:30,2016-11-08T21:45:00Z,2016-11-09T03:15:00+05:30
277.0,,,False,1,pm10,µg/m³,,raw,01:00:00,2016-11-08T21:00:00Z,2016-11-09T02:30:00+05:30,2016-11-08T22:00:00Z,2016-11-09T03:30:00+05:30,1,01:00:00,1,00:15:00,100.0,0.0,2016-11-08T21:45:00Z,2016-11-09T03:15:00+05:30,2016-11-08T22:00:00Z,2016-11-09T03:30:00+05:30
276.0,,,False,1,pm10,µg/m³,,raw,01:00:00,2016-11-08T21:15:00Z,2016-11-09T02:45:00+05:30,2016-11-08T22:15:00Z,2016-11-09T03:45:00+05:30,1,01:00:00,1,00:15:00,100.0,0.0,2016-11-08T22:00:00Z,2016-11-09T03:30:00+05:30,2016-11-08T22:15:00Z,2016-11-09T03:45:00+05:30
278.0,,,False,1,pm10,µg/m³,,raw,01:00:00,2016-11-08T21:30:00Z,2016-11-09T03:00:00+05:30,2016-11-08T22:30:00Z,2016-11-09T04:00:00+05:30,1,01:00:00,1,00:15:00,100.0,0.0,2016-11-08T22:15:00Z,2016-11-09T03:45:00+05:30,2016-11-08T22:30:00Z,2016-11-09T04:00:00+05:30
282.0,,,False,1,pm10,µg/m³,,raw,01:00:00,2016-11-08T21:45:00Z,2016-11-09T03:15:00+05:30,2016-11-08T22:45:00Z,2016-11-09T04:15:00+05:30,1,01:00:00,1,00:15:00,100.0,0.0,2016-11-08T22:30:00Z,2016-11-09T04:00:00+05:30,2016-11-08T22:45:00Z,2016-11-09T04:15:00+05:30
286.0,,,False,1,pm10,µg/m³,,raw,01:00:00,2016-11-08T22:00:00Z,2016-11-09T03:30:00+05:30,2016-11-08T23:00:00Z,2016-11-09T04:30:00+05:30,1,01:00:00,1,00:15:00,100.0,0.0,2016-11-08T22:45:00Z,2016-11-09T04:15:00+05:30,2016-11-08T23:00:00Z,2016-11-09T04:30:00+05:30
287.0,,,False,1,pm10,µg/m³,,raw,01:00:00,2016-11-08T22:15:00Z,2016-11-09T03:45:00+05:30,2016-11-08T23:15:00Z,2016-11-09T04:45:00+05:30,1,01:00:00,1,00:15:00,100.0,0.0,2016-11-08T23:00:00Z,2016-11-09T04:30:00+05:30,2016-11-08T23:15:00Z,2016-11-09T04:45:00+05:30
281.0,,,False,1,pm10,µg/m³,,raw,01:00:00,2016-11-08T22:30:00Z,2016-11-09T04:00:00+05:30,2016-11-08T23:30:00Z,2016-11-09T05:00:00+05:30,1,01:00:00,1,00:15:00,100.0,0.0,2016-11-08T23:15:00Z,2016-11-09T04:45:00+05:30,2016-11-08T23:30:00Z,2016-11-09T05:00:00+05:30
271.0,,,False,1,pm10,µg/m³,,raw,01:00:00,2016-11-08T22:45:00Z,2016-11-09T04:15:00+05:30,2016-11-08T23:45:00Z,2016-11-09T05:15:00+05:30,1,01:00:00,1,00:15:00,100.0,0.0,2016-11-08T23:30:00Z,2016-11-09T05:00:00+05:30,2016-11-08T23:45:00Z,2016-11-09T05:15:00+05:30
261.0,,,False,1,pm10,µg/m³,,raw,01:00:00,2016-11-08T23:00:00Z,2016-11-09T04:30:00+05:30,2016-11-09T00:00:00Z,2016-11-09T05:30:00+05:30,1,01:00:00,1,00:15:00,100.0,0.0,2016-11-08T23:45:00Z,2016-11-09T05:15:00+05:30,2016-11-09T00:00:00Z,2016-11-09T05:30:00+05:30
253.0,,,False,1,pm10,µg/m³,,raw,01:00:00,2016-11-08T23:15:00Z,2016-11-09T04:45:00+05:30,2016-11-09T00:15:00Z,2016-11-09T05:45:00+05:30,1,01:00:00,1,00:15:00,100.0,0.0,2016-11-09T00:00:00Z,2016-11-09T05:30:00+05:30,2016-11-09T00:15:00Z,2016-11-09T05:45:00+05:30
248.0,,,False,1,pm10,µg/m³,,raw,01:00:00,2016-11-08T23:30:00Z,2016-11-09T05:00:00+05:30,2016-11-09T00:30:00Z,2016-11-09T06:00:00+05:30,1,01:00:00,1,00:15:00,100.0,0.0,2016-11-09T00:15:00Z,2016-11-09T05:45:00+05:30,2016-11-09T00:30:00Z,2016-11-09T06:00:00+05:30
246.0,,,False,1,pm10,µg/m³,,raw,01:00:00,2016-11-08T23:45:00Z,2016-11-09T05:15:00+05:30,2016-11-09T00:45:00Z,2016-11-09T06:15:00+05:30,1,01:00:00,1,00:15:00,100.0,0.0,2016-11-09T00:30:00Z,2016-11-09T06:00:00+05:30,2016-11-09T00:45:00Z,2016-11-09T06:15:00+05:30
243.0,,,False,1,pm10,µg/m³,,raw,01:00:00,2016-11-09T00:00:00Z,2016-11-09T05:30:00+05:30,2016-11-09T01:00:00Z,2016-11-09T06:30:00+05:30,1,01:00:00,1,00:15:00,100.0,0.0,2016-11-09T00:45:00Z,2016-11-09T06:15:00+05:30,2016-11-09T01:00:00Z,2016-11-09T06:30:00+05:30
242.0,,,False,1,pm10,µg/m³,,raw,01:00:00,2016-11-09T00:15:00Z,2016-11-09T05:45:00+05:30,2016-11-09T01:15:00Z,2016-11-09T06:45:00+05:30,1,01:00:00,1,00:15:00,100.0,0.0,2016-11-09T01:00:00Z,2016-11-09T06:30:00+05:30,2016-11-09T01:15:00Z,2016-11-09T06:45:00+05:30
243.0,,,False,1,pm10,µg/m³,,raw,01:00:00,2016-11-09T00:30:00Z,2016-11-09T06:00:00+05:30,2016-11-09T01:30:00Z,2016-11-09T07:00:00+05:30,1,01:00:00,1,00:15:00,100.0,0.0,2016-11-09T01:15:00Z,2016-11-09T06:45:00+05:30,2016-11-09T01:30:00Z,2016-11-09T07:00:00+05:30
242.0,,,False,1,pm10,µg/m³,,raw,01:00:00,2016-11-09T00:45:00Z,2016-11-09T06:15:00+05:30,2016-11-09T01:45:00Z,2016-11-09T07:15:00+05:30,1,01:00:00,1,00:15:00,100.0,0.0,2016-11-09T01:30:00Z,2016-11-09T07:00:00+05:30,2016-11-09T01:45:00Z,2016-11-09T07:15:00+05:30
243.0,,,False,1,pm10,µg/m³,,raw,01:00:00,2016-11-09T01:00:00Z,2016-11-09T06:30:00+05:30,2016-11-09T02:00:00Z,2016-11-09T07:30:00+05:30,1,01:00:00,1,00:15:00,100.0,0.0,2016-11-09T01:45:00Z,2016-11-09T07:15:00+05:30,2016-11-09T02:00:00Z,2016-11-09T07:30:00+05:30
244.0,,,False,1,pm10,µg/m³,,raw,01:00:00,2016-11-09T01:15:00Z,2016-11-09T06:45:00+05:30,2016-11-09T02:15:00Z,2016-11-09T07:45:00+05:30,1,01:00:00,1,00:15:00,100.0,0.0,2016-11-09T02:00:00Z,2016-11-09T07:30:00+05:30,2016-11-09T02:15:00Z,2016-11-09T07:45:00+05:30
249.0,,,False,1,pm10,µg/m³,,raw,01:00:00,2016-11-09T01:30:00Z,2016-11-09T07:00:00+05:30,2016-11-09T02:30:00Z,2016-11-09T08:00:00+05:30,1,01:00:00,1,00:15:00,100.0,0.0,2016-11-09T02:15:00Z,2016-11-09T07:45:00+05:30,2016-11-09T02:30:00Z,2016-11-09T08:00:00+05:30
256.0,,,False,1,pm10,µg/m³,,raw,01:00:00,2016-11-09T01:45:00Z,2016-11-09T07:15:00+05:30,2016-11-09T02:45:00Z,2016-11-09T08:15:00+05:30,1,01:00:00,1,00:15:00,100.0,0.0,2016-11-09T02:30:00Z,2016-11-09T08:00:00+05:30,2016-11-09T02:45:00Z,2016-11-09T08:15:00+05:30
264.0,,,False,1,pm10,µg/m³,,raw,01:00:00,2016-11-09T02:00:00Z,2016-11-09T07:30:00+05:30,2016-11-09T03:00:00Z,2016-11-09T08:30:00+05:30,1,01:00:00,1,00:15:00,100.0,0.0,2016-11-09T02:45:00Z,2016-11-09T08:15:00+05:30,2016-11-09T03:00:00Z,2016-11-09T08:30:00+05:30
271.0,,,False,1,pm10,µg/m³,,raw,01:00:00,2016-11-09T02:15:00Z,2016-11-09T07:45:00+05:30,2016-11-09T03:15:00Z,2016-11-09T08:45:00+05:30,1,01:00:00,1,00:15:00,100.0,0.0,2016-11-09T03:00:00Z,2016-11-09T08:30:00+05:30,2016-11-09T03:15:00Z,2016-11-09T08:45:00+05:30
273.0,,,False,1,pm10,µg/m³,,raw,01:00:00,2016-11-09T02:30:00Z,2016-11-09T08:00:00+05:30,2016-11-09T03:30:00Z,2016-11-09T09:00:00+05:30,1,01:00:00,1,00:15:00,100.0,0.0,2016-11-09T03:15:00Z,2016-11-09T08:45:00+05:30,2016-11-09T03:30:00Z,2016-11-09T09:00:00+05:30
274.0,,,False,1,pm10,µg/m³,,raw,01:00:00,2016-11-09T02:45:00Z,2016-11-09T08:15:00+05:30,2016-11-09T03:45:00Z,2016-11-09T09:15:00+05:30,1,01:00:00,1,00:15:00,100.0,0.0,2016-11-09T03:30:00Z,2016-11-09T09:00:00+05:30,2016-11-09T03:45:00Z,2016-11-09T09:15:00+05:30
273.0,,,False,1,pm10,µg/m³,,raw,01:00:00,2016-11-09T03:00:00Z,2016-11-09T08:30:00+05:30,2016-11-09T04:00:00Z,2016-11-09T09:30:00+05:30,1,01:00:00,1,00:15:00,100.0,0.0,2016-11-09T03:45:00Z,2016-11-09T09:15:00+05:30,2016-11-09T04:00:00Z,2016-11-09T09:30:00+05:30
271.0,,,False,1,pm10,µg/m³,,raw,01:00:00,2016-11-09T03:15:00Z,2016-11-09T08:45:00+05:30,2016-11-09T04:15:00Z,2016-11-09T09:45:00+05:30,1,01:00:00,1,00:15:00,100.0,0.0,2016-11-09T04:00:00Z,2016-11-09T09:30:00+05:30,2016-11-09T04:15:00Z,2016-11-09T09:45:00+05:30
271.0,,,False,1,pm10,µg/m³,,raw,01:00:00,2016-11-09T03:30:00Z,2016-11-09T09:00:00+05:30,2016-11-09T04:30:00Z,2016-11-09T10:00:00+05:30,1,01:00:00,1,00:15:00,100.0,0.0,2016-11-09T04:15:00Z,2016-11-09T09:45:00+05:30,2016-11-09T04:30:00Z,2016-11-09T10:00:00+05:30
270.0,,,False,1,pm10,µg/m³,,raw,01:00:00,2016-11-09T03:45:00Z,2016-11-09T09:15:00+05:30,2016-11-09T04:45:00Z,2016-11-09T10:15:00+05:30,1,01:00:00,1,00:15:00,100.0,0.0,2016-11-09T04:30:00Z,2016-11-09T10:00:00+05:30,2016-11-09T04:45:00Z,2016-11-09T10:15:00+05:30
273.0,,,False,1,pm10,µg/m³,,raw,01:00:00,2016-11-09T04:00:00Z,2016-11-09T09:30:00+05:30,2016-11-09T05:00:00Z,2016-11-09T10:30:00+05:30,1,01:00:00,1,00:15:00,100.0,0.0,2016-11-09T04:45:00Z,2016-11-09T10:15:00+05:30,2016-11-09T05:00:00Z,2016-11-09T10:30:00+05:30
273.0,,,False,1,pm10,µg/m³,,raw,01:00:00,2016-11-09T04:15:00Z,2016-11-09T09:45:00+05:30,2016-11-09T05:15:00Z,2016-11-09T10:45:00+05:30,1,01:00:00,1,00:15:00,100.0,0.0,2016-11-09T05:00:00Z,2016-11-09T10:30:00+05:30,2016-11-09T05:15:00Z,2016-11-09T10:45:00+05:30
273.0,,,False,1,pm10,µg/m³,,raw,01:00:00,2016-11-09T04:30:00Z,2016-11-09T10:00:00+05:30,2016-11-09T05:30:00Z,2016-11-09T11:00:00+05:30,1,01:00:00,1,00:15:00,100.0,0.0,2016-11-09T05:15:00Z,2016-11-09T10:45:00+05:30,2016-11-09T05:30:00Z,2016-11-09T11:00:00+05:30
273.0,,,False,1,pm10,µg/m³,,raw,01:00:00,2016-11-09T04:45:00Z,2016-11-09T10:15:00+05:30,2016-11-09T05:45:00Z,2016-11-09T11:15:00+05:30,1,01:00:00,1,00:15:00,100.0,0.0,2016-11-09T05:30:00Z,2016-11-09T11:00:00+05:30,2016-11-09T05:45:00Z,2016-11-09T11:15:00+05:30
269.0,,,False,1,pm10,µg/m³,,raw,01:00:00,2016-11-09T05:00:00Z,2016-11-09T10:30:00+05:30,2016-11-09T06:00:00Z,2016-11-09T11:30:00+05:30,1,01:00:00,1,00:15:00,100.0,0.0,2016-11-09T05:45:00Z,2016-11-09T11:15:00+05:30,2016-11-09T06:00:00Z,2016-11-09T11:30:00+05:30
267.0,,,False,1,pm10,µg/m³,,raw,01:00:00,2016-11-09T05:15:00Z,2016-11-09T10:45:00+05:30,2016-11-09T06:15:00Z,2016-11-09T11:45:00+05:30,1,01:00:00,1,00:15:00,100.0,0.0,2016-11-09T06:00:00Z,2016-11-09T11:30:00+05:30,2016-11-09T06:15:00Z,2016-11-09T11:45:00+05:30
262.0,,,False,1,pm10,µg/m³,,raw,01:00:00,2016-11-09T05:30:00Z,2016-11-09T11:00:00+05:30,2016-11-09T06:30:00Z,2016-11-09T12:00:00+05:30,1,01:00:00,1,00:15:00,100.0,0.0,2016-11-09T06:15:00Z,2016-11-09T11:45:00+05:30,2016-11-09T06:30:00Z,2016-11-09T12:00:00+05:30
259.0,,,False,1,pm10,µg/m³,,raw,01:00:00,2016-11-09T05:45:00Z,2016-11-09T11:15:00+05:30,2016-11-09T06:45:00Z,2016-11-09T12:15:00+05:30,1,01:00:00,1,00:15:00,100.0,0.0,2016-11-09T06:30:00Z,2016-11-09T12:00:00+05:30,2016-11-09T06:45:00Z,2016-11-09T12:15:00+05:30
251.0,,,False,1,pm10,µg/m³,,raw,01:00:00,2016-11-09T06:00:00Z,2016-11-09T11:30:00+05:30,2016-11-09T07:00:00Z,2016-11-09T12:30:00+05:30,1,01:00:00,1,00:15:00,100.0,0.0,2016-11-09T06:45:00Z,2016-11-09T12:15:00+05:30,2016-11-09T07:00:00Z,2016-11-09T12:30:00+05:30
237.0,,,False,1,pm10,µg/m³,,raw,01:00:00,2016-11-09T06:15:00Z,2016-11-09T11:45:00+05:30,2016-11-09T07:15:00Z,2016-11-09T12:45:00+05:30,1,01:00:00,1,00:15:00,100.0,0.0,2016-11-09T07:00:00Z,2016-11-09T12:30:00+05:30,2016-11-09T07:15:00Z,2016-11-09T12:45:00+05:30
227.0,,,False,1,pm10,µg/m³,,raw,01:00:00,2016-11-09T06:30:00Z,2016-11-09T12:00:00+05:30,2016-11-09T07:30:00Z,2016-11-09T13:00:00+05:30,1,01:00:00,1,00:15:00,100.0,0.0,2016-11-09T07:15:00Z,2016-11-09T12:45:00+05:30,2016-11-09T07:30:00Z,2016-11-09T13:00:00+05:30
213.0,,,False,1,pm10,µg/m³,,raw,01:00:00,2016-11-09T06:45:00Z,2016-11-09T12:15:00+05:30,2016-11-09T07:45:00Z,2016-11-09T13:15:00+05:30,1,01:00:00,1,00:15:00,100.0,0.0,2016-11-09T07:30:00Z,2016-11-09T13:00:00+05:30,2016-11-09T07:45:00Z,2016-11-09T13:15:00+05:30
208.0,,,False,1,pm10,µg/m³,,raw,01:00:00,2016-11-09T07:00:00Z,2016-11-09T12:30:00+05:30,2016-11-09T08:00:00Z,2016-11-09T13:30:00+05:30,1,01:00:00,1,00:15:00,100.0,0.0,2016-11-09T07:45:00Z,2016-11-09T13:15:00+05:30,2016-11-09T08:00:00Z,2016-11-09T13:30:00+05:30
207.0,,,False,1,pm10,µg/m³,,raw,01:00:00,2016-11-09T07:15:00Z,2016-11-09T12:45:00+05:30,2016-11-09T08:15:00Z,2016-11-09T13:45:00+05:30,1,01:00:00,1,00:15:00,100.0,0.0,2016-11-09T08:00:00Z,2016-11-09T13:30:00+05:30,2016-11-09T08:15:00Z,2016-11-09T13:45:00+05:30
207.0,,,False,1,pm10,µg/m³,,raw,01:00:00,2016-11-09T07:30:00Z,2016-11-09T13:00:00+05:30,2016-11-09T08:30:00Z,2016-11-09T14:00:00+05:30,1,01:00:00,1,00:15:00,100.0,0.0,2016-11-09T08:15:00Z,2016-11-09T13:45:00+05:30,2016-11-09T08:30:00Z,2016-11-09T14:00:00+05:30
210.0,,,False,1,pm10,µg/m³,,raw,01:00:00,2016-11-09T07:45:00Z,2016-11-09T13:15:00+05:30,2016-11-09T08:45:00Z,2016-11-09T14:15:00+05:30,1,01:00:00,1,00:15:00,100.0,0.0,2016-11-09T08:30:00Z,2016-11-09T14:00:00+05:30,2016-11-09T08:45:00Z,2016-11-09T14:15:00+05:30
210.0,,,False,1,pm10,µg/m³,,raw,01:00:00,2016-11-09T08:00:00Z,2016-11-09T13:30:00+05:30,2016-11-09T09:00:00Z,2016-11-09T14:30:00+05:30,1,01:00:00,1,00:15:00,100.0,0.0,2016-11-09T08:45:00Z,2016-11-09T14:15:00+05:30,2016-11-09T09:00:00Z,2016-11-09T14:30:00+05:30
212.0,,,False,1,pm10,µg/m³,,raw,01:00:00,2016-11-09T08:15:00Z,2016-11-09T13:45:00+05:30,2016-11-09T09:15:00Z,2016-11-09T14:45:00+05:30,1,01:00:00,1,00:15:00,100.0,0.0,2016-11-09T09:00:00Z,2016-11-09T14:30:00+05:30,2016-11-09T09:15:00Z,2016-11-09T14:45:00+05:30
210.0,,,False,1,pm10,µg/m³,,raw,01:00:00,2016-11-09T08:30:00Z,2016-11-09T14:00:00+05:30,2016-11-09T09:30:00Z,2016-11-09T15:00:00+05:30,1,01:00:00,1,00:15:00,100.0,0.0,2016-11-09T09:15:00Z,2016-11-09T14:45:00+05:30,2016-11-09T09:30:00Z,2016-11-09T15:00:00+05:30
205.0,,,False,1,pm10,µg/m³,,raw,01:00:00,2016-11-09T08:45:00Z,2016-11-09T14:15:00+05:30,2016-11-09T09:45:00Z,2016-11-09T15:15:00+05:30,1,01:00:00,1,00:15:00,100.0,0.0,2016-11-09T09:30:00Z,2016-11-09T15:00:00+05:30,2016-11-09T09:45:00Z,2016-11-09T15:15:00+05:30
169.0,,,False,1,pm10,µg/m³,,raw,01:00:00,2016-11-09T09:15:00Z,2016-11-09T14:45:00+05:30,2016-11-09T10:15:00Z,2016-11-09T15:45:00+05:30,1,01:00:00,1,00:15:00,100.0,0.0,2016-11-09T10:00:00Z,2016-11-09T15:30:00+05:30,2016-11-09T10:15:00Z,2016-11-09T15:45:00+05:30
155.0,,,False,1,pm10,µg/m³,,raw,01:00:00,2016-11-09T09:30:00Z,2016-11-09T15:00:00+05:30,2016-11-09T10:30:00Z,2016-11-09T16:00:00+05:30,1,01:00:00,1,00:15:00,100.0,0.0,2016-11-09T10:15:00Z,2016-11-09T15:45:00+05:30,2016-11-09T10:30:00Z,2016-11-09T16:00:00+05:30
143.0,,,False,1,pm10,µg/m³,,raw,01:00:00,2016-11-09T09:45:00Z,2016-11-09T15:15:00+05:30,2016-11-09T10:45:00Z,2016-11-09T16:15:00+05:30,1,01:00:00,1,00:15:00,100.0,0.0,2016-11-09T10:30:00Z,2016-11-09T16:00:00+05:30,2016-11-09T10:45:00Z,2016-11-09T16:15:00+05:30
145.0,,,False,1,pm10,µg/m³,,raw,01:00:00,2016-11-09T10:00:00Z,2016-11-09T15:30:00+05:30,2016-11-09T11:00:00Z,2016-11-09T16:30:00+05:30,1,01:00:00,1,00:15:00,100.0,0.0,2016-11-09T10:45:00Z,2016-11-09T16:15:00+05:30,2016-11-09T11:00:00Z,2016-11-09T16:30:00+05:30
149.0,,,False,1,pm10,µg/m³,,raw,01:00:00,2016-11-09T10:15:00Z,2016-11-09T15:45:00+05:30,2016-11-09T11:15:00Z,2016-11-09T16:45:00+05:30,1,01:00:00,1,00:15:00,100.0,0.0,2016-11-09T11:00:00Z,2016-11-09T16:30:00+05:30,2016-11-09T11:15:00Z,2016-11-09T16:45:00+05:30
149.0,,,False,1,pm10,µg/m³,,raw,01:00:00,2016-11-09T10:30:00Z,2016-11-09T16:00:00+05:30,2016-11-09T11:30:00Z,2016-11-09T17:00:00+05:30,1,01:00:00,1,00:15:00,100.0,0.0,2016-11-09T11:15:00Z,2016-11-09T16:45:00+05:30,2016-11-09T11:30:00Z,2016-11-09T17:00:00+05:30
149.0,,,False,1,pm10,µg/m³,,raw,01:00:00,2016-11-09T10:45:00Z,2016-11-09T16:15:00+05:30,2016-11-09T11:45:00Z,2016-11-09T17:15:00+05:30,1,01:00:00,1,00:15:00,100.0,0.0,2016-11-09T11:30:00Z,2016-11-09T17:00:00+05:30,2016-11-09T11:45:00Z,2016-11-09T17:15:00+05:30
155.0,,,False,1,pm10,µg/m³,,raw,01:00:00,2016-11-09T11:00:00Z,2016-11-09T16:30:00+05:30,2016-11-09T12:00:00Z,2016-11-09T17:30:00+05:30,1,01:00:00,1,00:15:00,100.0,0.0,2016-11-09T11:45:00Z,2016-11-09T17:15:00+05:30,2016-11-09T12:00:00Z,2016-11-09T17:30:00+05:30
160.0,,,False,1,pm10,µg/m³,,raw,01:00:00,2016-11-09T11:15:00Z,2016-11-09T16:45:00+05:30,2016-11-09T12:15:00Z,2016-11-09T17:45:00+05:30,1,01:00:00,1,00:15:00,100.0,0.0,2016-11-09T12:00:00Z,2016-11-09T17:30:00+05:30,2016-11-09T12:15:00Z,2016-11-09T17:45:00+05:30
164.0,,,False,1,pm10,µg/m³,,raw,01:00:00,2016-11-09T11:30:00Z,2016-11-09T17:00:00+05:30,2016-11-09T12:30:00Z,2016-11-09T18:00:00+05:30,1,01:00:00,1,00:15:00,100.0,0.0,2016-11-09T12:15:00Z,2016-11-09T17:45:00+05:30,2016-11-09T12:30:00Z,2016-11-09T18:00:00+05:30
169.0,,,False,1,pm10,µg/m³,,raw,01:00:00,2016-11-09T11:45:00Z,2016-11-09T17:15:00+05:30,2016-11-09T12:45:00Z,2016-11-09T18:15:00+05:30,1,01:00:00,1,00:15:00,100.0,0.0,2016-11-09T12:30:00Z,2016-11-09T18:00:00+05:30,2016-11-09T12:45:00Z,2016-11-09T18:15:00+05:30
171.0,,,False,1,pm10,µg/m³,,raw,01:00:00,2016-11-09T12:00:00Z,2016-11-09T17:30:00+05:30,2016-11-09T13:00:00Z,2016-11-09T18:30:00+05:30,1,01:00:00,1,00:15:00,100.0,0.0,2016-11-09T12:45:00Z,2016-11-09T18:15:00+05:30,2016-11-09T13:00:00Z,2016-11-09T18:30:00+05:30
175.0,,,False,1,pm10,µg/m³,,raw,01:00:00,2016-11-09T12:15:00Z,2016-11-09T17:45:00+05:30,2016-11-09T13:15:00Z,2016-11-09T18:45:00+05:30,1,01:00:00,1,00:15:00,100.0,0.0,2016-11-09T13:00:00Z,2016-11-09T18:30:00+05:30,2016-11-09T13:15:00Z,2016-11-09T18:45:00+05:30
181.0,,,False,1,pm10,µg/m³,,raw,01:00:00,2016-11-09T12:30:00Z,2016-11-09T18:00:00+05:30,2016-11-09T13:30:00Z,2016-11-09T19:00:00+05:30,1,01:00:00,1,00:15:00,100.0,0.0,2016-11-09T13:15:00Z,2016-11-09T18:45:00+05:30,2016-11-09T13:30:00Z,2016-11-09T19:00:00+05:30
186.0,,,False,1,pm10,µg/m³,,raw,01:00:00,2016-11-09T12:45:00Z,2016-11-09T18:15:00+05:30,2016-11-09T13:45:00Z,2016-11-09T19:15:00+05:30,1,01:00:00,1,00:15:00,100.0,0.0,2016-11-09T13:30:00Z,2016-11-09T19:00:00+05:30,2016-11-09T13:45:00Z,2016-11-09T19:15:00+05:30
186.0,,,False,1,pm10,µg/m³,,raw,01:00:00,2016-11-09T13:00:00Z,2016-11-09T18:30:00+05:30,2016-11-09T14:00:00Z,2016-11-09T19:30:00+05:30,1,01:00:00,1,00:15:00,100.0,0.0,2016-11-09T13:45:00Z,2016-11-09T19:15:00+05:30,2016-11-09T14:00:00Z,2016-11-09T19:30:00+05:30
184.0,,,False,1,pm10,µg/m³,,raw,01:00:00,2016-11-09T13:15:00Z,2016-11-09T18:45:00+05:30,2016-11-09T14:15:00Z,2016-11-09T19:45:00+05:30,1,01:00:00,1,00:15:00,100.0,0.0,2016-11-09T14:00:00Z,2016-11-09T19:30:00+05:30,2016-11-09T14:15:00Z,2016-11-09T19:45:00+05:30
182.0,,,False,1,pm10,µg/m³,,raw,01:00:00,2016-11-09T13:30:00Z,2016-11-09T19:00:00+05:30,2016-11-09T14:30:00Z,2016-11-09T20:00:00+05:30,1,01:00:00,1,00:15:00,100.0,0.0,2016-11-09T14:15:00Z,2016-11-09T19:45:00+05:30,2016-11-09T14:30:00Z,2016-11-09T20:00:00+05:30
178.0,,,False,1,pm10,µg/m³,,raw,01:00:00,2016-11-09T13:45:00Z,2016-11-09T19:15:00+05:30,2016-11-09T14:45:00Z,2016-11-09T20:15:00+05:30,1,01:00:00,1,00:15:00,100.0,0.0,2016-11-09T14:30:00Z,2016-11-09T20:00:00+05:30,2016-11-09T14:45:00Z,2016-11-09T20:15:00+05:30
177.0,,,False,1,pm10,µg/m³,,raw,01:00:00,2016-11-09T14:00:00Z,2016-11-09T19:30:00+05:30,2016-11-09T15:00:00Z,2016-11-09T20:30:00+05:30,1,01:00:00,1,00:15:00,100.0,0.0,2016-11-09T14:45:00Z,2016-11-09T20:15:00+05:30,2016-11-09T15:00:00Z,2016-11-09T20:30:00+05:30
180.0,,,False,1,pm10,µg/m³,,raw,01:00:00,2016-11-09T14:15:00Z,2016-11-09T19:45:00+05:30,2016-11-09T15:15:00Z,2016-11-09T20:45:00+05:30,1,01:00:00,1,00:15:00,100.0,0.0,2016-11-09T15:00:00Z,2016-11-09T20:30:00+05:30,2016-11-09T15:15:00Z,2016-11-09T20:45:00+05:30
189.0,,,False,1,pm10,µg/m³,,raw,01:00:00,2016-11-09T14:30:00Z,2016-11-09T20:00:00+05:30,2016-11-09T15:30:00Z,2016-11-09T21:00:00+05:30,1,01:00:00,1,00:15:00,100.0,0.0,2016-11-09T15:15:00Z,2016-11-09T20:45:00+05:30,2016-11-09T15:30:00Z,2016-11-09T21:00:00+05:30
198.0,,,False,1,pm10,µg/m³,,raw,01:00:00,2016-11-09T14:45:00Z,2016-11-09T20:15:00+05:30,2016-11-09T15:45:00Z,2016-11-09T21:15:00+05:30,1,01:00:00,1,00:15:00,100.0,0.0,2016-11-09T15:30:00Z,2016-11-09T21:00:00+05:30,2016-11-09T15:45:00Z,2016-11-09T21:15:00+05:30
205.0,,,False,1,pm10,µg/m³,,raw,01:00:00,2016-11-09T15:00:00Z,2016-11-09T20:30:00+05:30,2016-11-09T16:00:00Z,2016-11-09T21:30:00+05:30,1,01:00:00,1,00:15:00,100.0,0.0,2016-11-09T15:45:00Z,2016-11-09T21:15:00+05:30,2016-11-09T16:00:00Z,2016-11-09T21:30:00+05:30
205.0,,,False,1,pm10,µg/m³,,raw,01:00:00,2016-11-09T15:15:00Z,2016-11-09T20:45:00+05:30,2016-11-09T16:15:00Z,2016-11-09T21:45:00+05:30,1,01:00:00,1,00:15:00,100.0,0.0,2016-11-09T16:00:00Z,2016-11-09T21:30:00+05:30,2016-11-09T16:15:00Z,2016-11-09T21:45:00+05:30
202.0,,,False,1,pm10,µg/m³,,raw,01:00:00,2016-11-09T15:30:00Z,2016-11-09T21:00:00+05:30,2016-11-09T16:30:00Z,2016-11-09T22:00:00+05:30,1,01:00:00,1,00:15:00,100.0,0.0,2016-11-09T16:15:00Z,2016-11-09T21:45:00+05:30,2016-11-09T16:30:00Z,2016-11-09T22:00:00+05:30
203.0,,,False,1,pm10,µg/m³,,raw,01:00:00,2016-11-09T15:45:00Z,2016-11-09T21:15:00+05:30,2016-11-09T16:45:00Z,2016-11-09T22:15:00+05:30,1,01:00:00,1,00:15:00,100.0,0.0,2016-11-09T16:30:00Z,2016-11-09T22:00:00+05:30,2016-11-09T16:45:00Z,2016-11-09T22:15:00+05:30
207.0,,,False,1,pm10,µg/m³,,raw,01:00:00,2016-11-09T16:00:00Z,2016-11-09T21:30:00+05:30,2016-11-09T17:00:00Z,2016-11-09T22:30:00+05:30,1,01:00:00,1,00:15:00,100.0,0.0,2016-11-09T16:45:00Z,2016-11-09T22:15:00+05:30,2016-11-09T17:00:00Z,2016-11-09T22:30:00+05:30
214.0,,,False,1,pm10,µg/m³,,raw,01:00:00,2016-11-09T16:15:00Z,2016-11-09T21:45:00+05:30,2016-11-09T17:15:00Z,2016-11-09T22:45:00+05:30,1,01:00:00,1,00:15:00,100.0,0.0,2016-11-09T17:00:00Z,2016-11-09T22:30:00+05:30,2016-11-09T17:15:00Z,2016-11-09T22:45:00+05:30
222.0,,,False,1,pm10,µg/m³,,raw,01:00:00,2016-11-09T16:30:00Z,2016-11-09T22:00:00+05:30,2016-11-09T17:30:00Z,2016-11-09T23:00:00+05:30,1,01:00:00,1,00:15:00,100.0,0.0,2016-11-09T17:15:00Z,2016-11-09T22:45:00+05:30,2016-11-09T17:30:00Z,2016-11-09T23:00:00+05:30
231.0,,,False,1,pm10,µg/m³,,raw,01:00:00,2016-11-09T16:45:00Z,2016-11-09T22:15:00+05:30,2016-11-09T17:45:00Z,2016-11-09T23:15:00+05:30,1,01:00:00,1,00:15:00,100.0,0.0,2016-11-09T17:30:00Z,2016-11-09T23:00:00+05:30,2016-11-09T17:45:00Z,2016-11-09T23:15:00+05:30
240.0,,,False,1,pm10,µg/m³,,raw,01:00:00,2016-11-09T17:00:00Z,2016-11-09T22:30:00+05:30,2016-11-09T18:00:00Z,2016-11-09T23:30:00+05:30,1,01:00:00,1,00:15:00,100.0,0.0,2016-11-09T17:45:00Z,2016-11-09T23:15:00+05:30,2016-11-09T18:00:00Z,2016-11-09T23:30:00+05:30
245.0,,,False,1,pm10,µg/m³,,raw,01:00:00,2016-11-09T17:15:00Z,2016-11-09T22:45:00+05:30,2016-11-09T18:15:00Z,2016-11-09T23:45:00+05:30,1,01:00:00,1,00:15:00,100.0,0.0,2016-11-09T18:00:00Z,2016-11-09T23:30:00+05:30,2016-11-09T18:15:00Z,2016-11-09T23:45:00+05:30
285.0,,,False,1,pm10,µg/m³,,raw,01:00:00,2016-11-09T17:30:00Z,2016-11-09T23:00:00+05:30,2016-11-09T18:30:00Z,2016-11-10T00:00:00+05:30,1,01:00:00,1,00:15:00,100.0,0.0,2016-11-09T18:15:00Z,2016-11-09T23:45:00+05:30,2016-11-09T18:30:00Z,2016-11-10T00:00:00+05:30
250.0,,,False,1,pm10,µg/m³,,raw,01:00:00,2016-11-09T17:45:00Z,2016-11-09T23:15:00+05:30,2016-11-09T18:45:00Z,2016-11-10T00:15:00+05:30,1,01:00:00,1,00:15:00,100.0,0.0,2016-11-09T18:30:00Z,2016-11-10T00:00:00+05:30,2016-11-09T18:45:00Z,2016-11-10T00:15:00+05:30
245.0,,,False,1,pm10,µg/m³,,raw,01:00:00,2016-11-09T18:00:00Z,2016-11-09T23:30:00+05:30,2016-11-09T19:00:00Z,2016-11-10T00:30:00+05:30,1,01:00:00,1,00:15:00,100.0,0.0,2016-11-09T18:45:00Z,2016-11-10T00:15:00+05:30,2016-11-09T19:00:00Z,2016-11-10T00:30:00+05:30
243.0,,,False,1,pm10,µg/m³,,raw,01:00:00,2016-11-09T18:15:00Z,2016-11-09T23:45:00+05:30,2016-11-09T19:15:00Z,2016-11-10T00:45:00+05:30,1,01:00:00,1,00:15:00,100.0,0.0,2016-11-09T19:00:00Z,2016-11-10T00:30:00+05:30,2016-11-09T19:15:00Z,2016-11-10T00:45:00+05:30
239.0,,,False,1,pm10,µg/m³,,raw,01:00:00,2016-11-09T18:30:00Z,2016-11-10T00:00:00+05:30,2016-11-09T19:30:00Z,2016-11-10T01:00:00+05:30,1,01:00:00,1,00:15:00,100.0,0.0,2016-11-09T19:15:00Z,2016-11-10T00:45:00+05:30,2016-11-09T19:30:00Z,2016-11-10T01:00:00+05:30
234.0,,,False,1,pm10,µg/m³,,raw,01:00:00,2016-11-09T18:45:00Z,2016-11-10T00:15:00+05:30,2016-11-09T19:45:00Z,2016-11-10T01:15:00+05:30,1,01:00:00,1,00:15:00,100.0,0.0,2016-11-09T19:30:00Z,2016-11-10T01:00:00+05:30,2016-11-09T19:45:00Z,2016-11-10T01:15:00+05:30
232.0,,,False,1,pm10,µg/m³,,raw,01:00:00,2016-11-09T19:00:00Z,2016-11-10T00:30:00+05:30,2016-11-09T20:00:00Z,2016-11-10T01:30:00+05:30,1,01:00:00,1,00:15:00,100.0,0.0,2016-11-09T19:45:00Z,2016-11-10T01:15:00+05:30,2016-11-09T20:00:00Z,2016-11-10T01:30:00+05:30
230.0,,,False,1,pm10,µg/m³,,raw,01:00:00,2016-11-09T19:15:00Z,2016-11-10T00:45:00+05:30,2016-11-09T20:15:00Z,2016-11-10T01:45:00+05:30,1,01:00:00,1,00:15:00,100.0,0.0,2016-11-09T20:00:00Z,2016-11-10T01:30:00+05:30,2016-11-09T20:15:00Z,2016-11-10T01:45:00+05:30
226.0,,,False,1,pm10,µg/m³,,raw,01:00:00,2016-11-09T19:30:00Z,2016-11-10T01:00:00+05:30,2016-11-09T20:30:00Z,2016-11-10T02:00:00+05:30,1,01:00:00,1,00:15:00,100.0,0.0,2016-11-09T20:15:00Z,2016-11-10T01:45:00+05:30,2016-11-09T20:30:00Z,2016-11-10T02:00:00+05:30
223.0,,,False,1,pm10,µg/m³,,raw,01:00:00,2016-11-09T19:45:00Z,2016-11-10T01:15:00+05:30,2016-11-09T20:45:00Z,2016-11-10T02:15:00+05:30,1,01:00:00,1,00:15:00,100.0,0.0,2016-11-09T20:30:00Z,2016-11-10T02:00:00+05:30,2016-11-09T20:45:00Z,2016-11-10T02:15:00+05:30
221.0,,,False,1,pm10,µg/m³,,raw,01:00:00,2016-11-09T20:00:00Z,2016-11-10T01:30:00+05:30,2016-11-09T21:00:00Z,2016-11-10T02:30:00+05:30,1,01:00:00,1,00:15:00,100.0,0.0,2016-11-09T20:45:00Z,2016-11-10T02:15:00+05:30,2016-11-09T21:00:00Z,2016-11-10T02:30:00+05:30
229.0,,,False,1,pm10,µg/m³,,raw,01:00:00,2016-11-09T21:00:00Z,2016-11-10T02:30:00+05:30,2016-11-09T22:00:00Z,2016-11-10T03:30:00+05:30,1,01:00:00,1,00:15:00,100.0,0.0,2016-11-09T21:45:00Z,2016-11-10T03:15:00+05:30,2016-11-09T22:00:00Z,2016-11-10T03:30:00+05:30
232.0,,,False,1,pm10,µg/m³,,raw,01:00:00,2016-11-09T21:15:00Z,2016-11-10T02:45:00+05:30,2016-11-09T22:15:00Z,2016-11-10T03:45:00+05:30,1,01:00:00,1,00:15:00,100.0,0.0,2016-11-09T22:00:00Z,2016-11-10T03:30:00+05:30,2016-11-09T22:15:00Z,2016-11-10T03:45:00+05:30
237.0,,,False,1,pm10,µg/m³,,raw,01:00:00,2016-11-09T21:30:00Z,2016-11-10T03:00:00+05:30,2016-11-09T22:30:00Z,2016-11-10T04:00:00+05:30,1,01:00:00,1,00:15:00,100.0,0.0,2016-11-09T22:15:00Z,2016-11-10T03:45:00+05:30,2016-11-09T22:30:00Z,2016-11-10T04:00:00+05:30
240.0,,,False,1,pm10,µg/m³,,raw,01:00:00,2016-11-09T21:45:00Z,2016-11-10T03:15:00+05:30,2016-11-09T22:45:00Z,2016-11-10T04:15:00+05:30,1,01:00:00,1,00:15:00,100.0,0.0,2016-11-09T22:30:00Z,2016-11-10T04:00:00+05:30,2016-11-09T22:45:00Z,2016-11-10T04:15:00+05:30
242.0,,,False,1,pm10,µg/m³,,raw,01:00:00,2016-11-09T22:00:00Z,2016-11-10T03:30:00+05:30,2016-11-09T23:00:00Z,2016-11-10T04:30:00+05:30,1,01:00:00,1,00:15:00,100.0,0.0,2016-11-09T22:45:00Z,2016-11-10T04:15:00+05:30,2016-11-09T23:00:00Z,2016-11-10T04:30:00+05:30
241.0,,,False,1,pm10,µg/m³,,raw,01:00:00,2016-11-09T22:15:00Z,2016-11-10T03:45:00+05:30,2016-11-09T23:15:00Z,2016-11-10T04:45:00+05:30,1,01:00:00,1,00:15:00,100.0,0.0,2016-11-09T23:00:00Z,2016-11-10T04:30:00+05:30,2016-11-09T23:15:00Z,2016-11-10T04:45:00+05:30
238.0,,,False,1,pm10,µg/m³,,raw,01:00:00,2016-11-09T22:30:00Z,2016-11-10T04:00:00+05:30,2016-11-09T23:30:00Z,2016-11-10T05:00:00+05:30,1,01:00:00,1,00:15:00,100.0,0.0,2016-11-09T23:15:00Z,2016-11-10T04:45:00+05:30,2016-11-09T23:30:00Z,2016-11-10T05:00:00+05:30
231.0,,,False,1,pm10,µg/m³,,raw,01:00:00,2016-11-09T22:45:00Z,2016-11-10T04:15:00+05:30,2016-11-09T23:45:00Z,2016-11-10T05:15:00+05:30,1,01:00:00,1,00:15:00,100.0,0.0,2016-11-09T23:30:00Z,2016-11-10T05:00:00+05:30,2016-11-09T23:45:00Z,2016-11-10T05:15:00+05:30
221.0,,,False,1,pm10,µg/m³,,raw,01:00:00,2016-11-09T23:00:00Z,2016-11-10T04:30:00+05:30,2016-11-10T00:00:00Z,2016-11-10T05:30:00+05:30,1,01:00:00,1,00:15:00,100.0,0.0,2016-11-09T23:45:00Z,2016-11-10T05:15:00+05:30,2016-11-10T00:00:00Z,2016-11-10T05:30:00+05:30
211.0,,,False,1,pm10,µg/m³,,raw,01:00:00,2016-11-09T23:15:00Z,2016-11-10T04:45:00+05:30,2016-11-10T00:15:00Z,2016-11-10T05:45:00+05:30,1,01:00:00,1,00:15:00,100.0,0.0,2016-11-10T00:00:00Z,2016-11-10T05:30:00+05:30,2016-11-10T00:15:00Z,2016-11-10T05:45:00+05:30
199.0,,,False,1,pm10,µg/m³,,raw,01:00:00,2016-11-09T23:30:00Z,2016-11-10T05:00:00+05:30,2016-11-10T00:30:00Z,2016-11-10T06:00:00+05:30,1,01:00:00,1,00:15:00,100.0,0.0,2016-11-10T00:15:00Z,2016-11-10T05:45:00+05:30,2016-11-10T00:30:00Z,2016-11-10T06:00:00+05:30
190.0,,,False,1,pm10,µg/m³,,raw,01:00:00,2016-11-09T23:45:00Z,2016-11-10T05:15:00+05:30,2016-11-10T00:45:00Z,2016-11-10T06:15:00+05:30,1,01:00:00,1,00:15:00,100.0,0.0,2016-11-10T00:30:00Z,2016-11-10T06:00:00+05:30,2016-11-10T00:45:00Z,2016-11-10T06:15:00+05:30
181.0,,,False,1,pm10,µg/m³,,raw,01:00:00,2016-11-10T00:00:00Z,2016-11-10T05:30:00+05:30,2016-11-10T01:00:00Z,2016-11-10T06:30:00+05:30,1,01:00:00,1,00:15:00,100.0,0.0,2016-11-10T00:45:00Z,2016-11-10T06:15:00+05:30,2016-11-10T01:00:00Z,2016-11-10T06:30:00+05:30
175.0,,,False,1,pm10,µg/m³,,raw,01:00:00,2016-11-10T00:15:00Z,2016-11-10T05:45:00+05:30,2016-11-10T01:15:00Z,2016-11-10T06:45:00+05:30,1,01:00:00,1,00:15:00,100.0,0.0,2016-11-10T01:00:00Z,2016-11-10T06:30:00+05:30,2016-11-10T01:15:00Z,2016-11-10T06:45:00+05:30
173.0,,,False,1,pm10,µg/m³,,raw,01:00:00,2016-11-10T00:30:00Z,2016-11-10T06:00:00+05:30,2016-11-10T01:30:00Z,2016-11-10T07:00:00+05:30,1,01:00:00,1,00:15:00,100.0,0.0,2016-11-10T01:15:00Z,2016-11-10T06:45:00+05:30,2016-11-10T01:30:00Z,2016-11-10T07:00:00+05:30
169.0,,,False,1,pm10,µg/m³,,raw,01:00:00,2016-11-10T00:45:00Z,2016-11-10T06:15:00+05:30,2016-11-10T01:45:00Z,2016-11-10T07:15:00+05:30,1,01:00:00,1,00:15:00,100.0,0.0,2016-11-10T01:30:00Z,2016-11-10T07:00:00+05:30,2016-11-10T01:45:00Z,2016-11-10T07:15:00+05:30
163.0,,,False,1,pm10,µg/m³,,raw,01:00:00,2016-11-10T01:00:00Z,2016-11-10T06:30:00+05:30,2016-11-10T02:00:00Z,2016-11-10T07:30:00+05:30,1,01:00:00,1,00:15:00,100.0,0.0,2016-11-10T01:45:00Z,2016-11-10T07:15:00+05:30,2016-11-10T02:00:00Z,2016-11-10T07:30:00+05:30
157.0,,,False,1,pm10,µg/m³,,raw,01:00:00,2016-11-10T01:15:00Z,2016-11-10T06:45:00+05:30,2016-11-10T02:15:00Z,2016-11-10T07:45:00+05:30,1,01:00:00,1,00:15:00,100.0,0.0,2016-11-10T02:00:00Z,2016-11-10T07:30:00+05:30,2016-11-10T02:15:00Z,2016-11-10T07:45:00+05:30
152.0,,,False,1,pm10,µg/m³,,raw,01:00:00,2016-11-10T01:30:00Z,2016-11-10T07:00:00+05:30,2016-11-10T02:30:00Z,2016-11-10T08:00:00+05:30,1,01:00:00,1,00:15:00,100.0,0.0,2016-11-10T02:15:00Z,2016-11-10T07:45:00+05:30,2016-11-10T02:30:00Z,2016-11-10T08:00:00+05:30
147.0,,,False,1,pm10,µg/m³,,raw,01:00:00,2016-11-10T01:45:00Z,2016-11-10T07:15:00+05:30,2016-11-10T02:45:00Z,2016-11-10T08:15:00+05:30,1,01:00:00,1,00:15:00,100.0,0.0,2016-11-10T02:30:00Z,2016-11-10T08:00:00+05:30,2016-11-10T02:45:00Z,2016-11-10T08:15:00+05:30
148.0,,,False,1,pm10,µg/m³,,raw,01:00:00,2016-11-10T02:00:00Z,2016-11-10T07:30:00+05:30,2016-11-10T03:00:00Z,2016-11-10T08:30:00+05:30,1,01:00:00,1,00:15:00,100.0,0.0,2016-11-10T02:45:00Z,2016-11-10T08:15:00+05:30,2016-11-10T03:00:00Z,2016-11-10T08:30:00+05:30
149.0,,,False,1,pm10,µg/m³,,raw,01:00:00,2016-11-10T02:15:00Z,2016-11-10T07:45:00+05:30,2016-11-10T03:15:00Z,2016-11-10T08:45:00+05:30,1,01:00:00,1,00:15:00,100.0,0.0,2016-11-10T03:00:00Z,2016-11-10T08:30:00+05:30,2016-11-10T03:15:00Z,2016-11-10T08:45:00+05:30
149.0,,,False,1,pm10,µg/m³,,raw,01:00:00,2016-11-10T02:30:00Z,2016-11-10T08:00:00+05:30,2016-11-10T03:30:00Z,2016-11-10T09:00:00+05:30,1,01:00:00,1,00:15:00,100.0,0.0,2016-11-10T03:15:00Z,2016-11-10T08:45:00+05:30,2016-11-10T03:30:00Z,2016-11-10T09:00:00+05:30
152.0,,,False,1,pm10,µg/m³,,raw,01:00:00,2016-11-10T02:45:00Z,2016-11-10T08:15:00+05:30,2016-11-10T03:45:00Z,2016-11-10T09:15:00+05:30,1,01:00:00,1,00:15:00,100.0,0.0,2016-11-10T03:30:00Z,2016-11-10T09:00:00+05:30,2016-11-10T03:45:00Z,2016-11-10T09:15:00+05:30
159.0,,,False,1,pm10,µg/m³,,raw,01:00:00,2016-11-10T03:00:00Z,2016-11-10T08:30:00+05:30,2016-11-10T04:00:00Z,2016-11-10T09:30:00+05:30,1,01:00:00,1,00:15:00,100.0,0.0,2016-11-10T03:45:00Z,2016-11-10T09:15:00+05:30,2016-11-10T04:00:00Z,2016-11-10T09:30:00+05:30
167.0,,,False,1,pm10,µg/m³,,raw,01:00:00,2016-11-10T03:15:00Z,2016-11-10T08:45:00+05:30,2016-11-10T04:15:00Z,2016-11-10T09:45:00+05:30,1,01:00:00,1,00:15:00,100.0,0.0,2016-11-10T04:00:00Z,2016-11-10T09:30:00+05:30,2016-11-10T04:15:00Z,2016-11-10T09:45:00+05:30
177.0,,,False,1,pm10,µg/m³,,raw,01:00:00,2016-11-10T03:30:00Z,2016-11-10T09:00:00+05:30,2016-11-10T04:30:00Z,2016-11-10T10:00:00+05:30,1,01:00:00,1,00:15:00,100.0,0.0,2016-11-10T04:15:00Z,2016-11-10T09:45:00+05:30,2016-11-10T04:30:00Z,2016-11-10T10:00:00+05:30
186.0,,,False,1,pm10,µg/m³,,raw,01:00:00,2016-11-10T03:45:00Z,2016-11-10T09:15:00+05:30,2016-11-10T04:45:00Z,2016-11-10T10:15:00+05:30,1,01:00:00,1,00:15:00,100.0,0.0,2016-11-10T04:30:00Z,2016-11-10T10:00:00+05:30,2016-11-10T04:45:00Z,2016-11-10T10:15:00+05:30
20.0,,,False,1,pm10,µg/m³,,raw,01:00:00,2016-11-10T05:00:00Z,2016-11-10T10:30:00+05:30,2016-11-10T06:00:00Z,2016-11-10T11:30:00+05:30,1,01:00:00,1,00:15:00,100.0,0.0,2016-11-10T05:45:00Z,2016-11-10T11:15:00+05:30,2016-11-10T06:00:00Z,2016-11-10T11:30:00+05:30
77.0,,,False,1,pm10,µg/m³,,raw,01:00:00,2016-11-10T05:15:00Z,2016-11-10T10:45:00+05:30,2016-11-10T06:15:00Z,2016-11-10T11:45:00+05:30,1,01:00:00,1,00:15:00,100.0,0.0,2016-11-10T06:00:00Z,2016-11-10T11:30:00+05:30,2016-11-10T06:15:00Z,2016-11-10T11:45:00+05:30
133.0,,,False,1,pm10,µg/m³,,raw,01:00:00,2016-11-10T05:30:00Z,2016-11-10T11:00:00+05:30,2016-11-10T06:30:00Z,2016-11-10T12:00:00+05:30,1,01:00:00,1,00:15:00,100.0,0.0,2016-11-10T06:15:00Z,2016-11-10T11:45:00+05:30,2016-11-10T06:30:00Z,2016-11-10T12:00:00+05:30
188.0,,,False,1,pm10,µg/m³,,raw,01:00:00,2016-11-10T05:45:00Z,2016-11-10T11:15:00+05:30,2016-11-10T06:45:00Z,2016-11-10T12:15:00+05:30,1,01:00:00,1,00:15:00,100.0,0.0,2016-11-10T06:30:00Z,2016-11-10T12:00:00+05:30,2016-11-10T06:45:00Z,2016-11-10T12:15:00+05:30
223.0,,,False,1,pm10,µg/m³,,raw,01:00:00,2016-11-10T06:00:00Z,2016-11-10T11:30:00+05:30,2016-11-10T07:00:00Z,2016-11-10T12:30:00+05:30,1,01:00:00,1,00:15:00,100.0,0.0,2016-11-10T06:45:00Z,2016-11-10T12:15:00+05:30,2016-11-10T07:00:00Z,2016-11-10T12:30:00+05:30
225.0,,,False,1,pm10,µg/m³,,raw,01:00:00,2016-11-10T06:15:00Z,2016-11-10T11:45:00+05:30,2016-11-10T07:15:00Z,2016-11-10T12:45:00+05:30,1,01:00:00,1,00:15:00,100.0,0.0,2016-11-10T07:00:00Z,2016-11-10T12:30:00+05:30,2016-11-10T07:15:00Z,2016-11-10T12:45:00+05:30
233.0,,,False,1,pm10,µg/m³,,raw,01:00:00,2016-11-10T06:30:00Z,2016-11-10T12:00:00+05:30,2016-11-10T07:30:00Z,2016-11-10T13:00:00+05:30,1,01:00:00,1,00:15:00,100.0,0.0,2016-11-10T07:15:00Z,2016-11-10T12:45:00+05:30,2016-11-10T07:30:00Z,2016-11-10T13:00:00+05:30
238.0,,,False,1,pm10,µg/m³,,raw,01:00:00,2016-11-10T06:45:00Z,2016-11-10T12:15:00+05:30,2016-11-10T07:45:00Z,2016-11-10T13:15:00+05:30,1,01:00:00,1,00:15:00,100.0,0.0,2016-11-10T07:30:00Z,2016-11-10T13:00:00+05:30,2016-11-10T07:45:00Z,2016-11-10T13:15:00+05:30
239.0,,,False,1,pm10,µg/m³,,raw,01:00:00,2016-11-10T07:00:00Z,2016-11-10T12:30:00+05:30,2016-11-10T08:00:00Z,2016-11-10T13:30:00+05:30,1,01:00:00,1,00:15:00,100.0,0.0,2016-11-10T07:45:00Z,2016-11-10T13:15:00+05:30,2016-11-10T08:00:00Z,2016-11-10T13:30:00+05:30
241.0,,,False,1,pm10,µg/m³,,raw,01:00:00,2016-11-10T07:15:00Z,2016-11-10T12:45:00+05:30,2016-11-10T08:15:00Z,2016-11-10T13:45:00+05:30,1,01:00:00,1,00:15:00,100.0,0.0,2016-11-10T08:00:00Z,2016-11-10T13:30:00+05:30,2016-11-10T08:15:00Z,2016-11-10T13:45:00+05:30
239.0,,,False,1,pm10,µg/m³,,raw,01:00:00,2016-11-10T07:30:00Z,2016-11-10T13:00:00+05:30,2016-11-10T08:30:00Z,2016-11-10T14:00:00+05:30,1,01:00:00,1,00:15:00,100.0,0.0,2016-11-10T08:15:00Z,2016-11-10T13:45:00+05:30,2016-11-10T08:30:00Z,2016-11-10T14:00:00+05:30
240.0,,,False,1,pm10,µg/m³,,raw,01:00:00,2016-11-10T07:45:00Z,2016-11-10T13:15:00+05:30,2016-11-10T08:45:00Z,2016-11-10T14:15:00+05:30,1,01:00:00,1,00:15:00,100.0,0.0,2016-11-10T08:30:00Z,2016-11-10T14:00:00+05:30,2016-11-10T08:45:00Z,2016-11-10T14:15:00+05:30
242.0,,,False,1,pm10,µg/m³,,raw,01:00:00,2016-11-10T08:00:00Z,2016-11-10T13:30:00+05:30,2016-11-10T09:00:00Z,2016-11-10T14:30:00+05:30,1,01:00:00,1,00:15:00,100.0,0.0,2016-11-10T08:45:00Z,2016-11-10T14:15:00+05:30,2016-11-10T09:00:00Z,2016-11-10T14:30:00+05:30
240.0,,,False,1,pm10,µg/m³,,raw,01:00:00,2016-11-10T08:15:00Z,2016-11-10T13:45:00+05:30,2016-11-10T09:15:00Z,2016-11-10T14:45:00+05:30,1,01:00:00,1,00:15:00,100.0,0.0,2016-11-10T09:00:00Z,2016-11-10T14:30:00+05:30,2016-11-10T09:15:00Z,2016-11-10T14:45:00+05:30
248.0,,,False,1,pm10,µg/m³,,raw,01:00:00,2016-11-10T09:15:00Z,2016-11-10T14:45:00+05:30,2016-11-10T10:15:00Z,2016-11-10T15:45:00+05:30,1,01:00:00,1,00:15:00,100.0,0.0,2016-11-10T10:00:00Z,2016-11-10T15:30:00+05:30,2016-11-10T10:15:00Z,2016-11-10T15:45:00+05:30
257.0,,,False,1,pm10,µg/m³,,raw,01:00:00,2016-11-10T09:30:00Z,2016-11-10T15:00:00+05:30,2016-11-10T10:30:00Z,2016-11-10T16:00:00+05:30,1,01:00:00,1,00:15:00,100.0,0.0,2016-11-10T10:15:00Z,2016-11-10T15:45:00+05:30,2016-11-10T10:30:00Z,2016-11-10T16:00:00+05:30
266.0,,,False,1,pm10,µg/m³,,raw,01:00:00,2016-11-10T09:45:00Z,2016-11-10T15:15:00+05:30,2016-11-10T10:45:00Z,2016-11-10T16:15:00+05:30,1,01:00:00,1,00:15:00,100.0,0.0,2016-11-10T10:30:00Z,2016-11-10T16:00:00+05:30,2016-11-10T10:45:00Z,2016-11-10T16:15:00+05:30
267.0,,,False,1,pm10,µg/m³,,raw,01:00:00,2016-11-10T10:00:00Z,2016-11-10T15:30:00+05:30,2016-11-10T11:00:00Z,2016-11-10T16:30:00+05:30,1,01:00:00,1,00:15:00,100.0,0.0,2016-11-10T10:45:00Z,2016-11-10T16:15:00+05:30,2016-11-10T11:00:00Z,2016-11-10T16:30:00+05:30
258.0,,,False,1,pm10,µg/m³,,raw,01:00:00,2016-11-10T10:15:00Z,2016-11-10T15:45:00+05:30,2016-11-10T11:15:00Z,2016-11-10T16:45:00+05:30,1,01:00:00,1,00:15:00,100.0,0.0,2016-11-10T11:00:00Z,2016-11-10T16:30:00+05:30,2016-11-10T11:15:00Z,2016-11-10T16:45:00+05:30
242.0,,,False,1,pm10,µg/m³,,raw,01:00:00,2016-11-10T10:30:00Z,2016-11-10T16:00:00+05:30,2016-11-10T11:30:00Z,2016-11-10T17:00:00+05:30,1,01:00:00,1,00:15:00,100.0,0.0,2016-11-10T11:15:00Z,2016-11-10T16:45:00+05:30,2016-11-10T11:30:00Z,2016-11-10T17:00:00+05:30
225.0,,,False,1,pm10,µg/m³,,raw,01:00:00,2016-11-10T10:45:00Z,2016-11-10T16:15:00+05:30,2016-11-10T11:45:00Z,2016-11-10T17:15:00+05:30,1,01:00:00,1,00:15:00,100.0,0.0,2016-11-10T11:30:00Z,2016-11-10T17:00:00+05:30,2016-11-10T11:45:00Z,2016-11-10T17:15:00+05:30
216.0,,,False,1,pm10,µg/m³,,raw,01:00:00,2016-11-10T11:00:00Z,2016-11-10T16:30:00+05:30,2016-11-10T12:00:00Z,2016-11-10T17:30:00+05:30,1,01:00:00,1,00:15:00,100.0,0.0,2016-11-10T11:45:00Z,2016-11-10T17:15:00+05:30,2016-11-10T12:00:00Z,2016-11-10T17:30:00+05:30
217.0,,,False,1,pm10,µg/m³,,raw,01:00:00,2016-11-10T11:15:00Z,2016-11-10T16:45:00+05:30,2016-11-10T12:15:00Z,2016-11-10T17:45:00+05:30,1,01:00:00,1,00:15:00,100.0,0.0,2016-11-10T12:00:00Z,2016-11-10T17:30:00+05:30,2016-11-10T12:15:00Z,2016-11-10T17:45:00+05:30
222.0,,,False,1,pm10,µg/m³,,raw,01:00:00,2016-11-10T11:30:00Z,2016-11-10T17:00:00+05:30,2016-11-10T12:30:00Z,2016-11-10T18:00:00+05:30,1,01:00:00,1,00:15:00,100.0,0.0,2016-11-10T12:15:00Z,2016-11-10T17:45:00+05:30,2016-11-10T12:30:00Z,2016-11-10T18:00:00+05:30
232.0,,,False,1,pm10,µg/m³,,raw,01:00:00,2016-11-10T11:45:00Z,2016-11-10T17:15:00+05:30,2016-11-10T12:45:00Z,2016-11-10T18:15:00+05:30,1,01:00:00,1,00:15:00,100.0,0.0,2016-11-10T12:30:00Z,2016-11-10T18:00:00+05:30,2016-11-10T12:45:00Z,2016-11-10T18:15:00+05:30
246.0,,,False,1,pm10,µg/m³,,raw,01:00:00,2016-11-10T12:00:00Z,2016-11-10T17:30:00+05:30,2016-11-10T13:00:00Z,2016-11-10T18:30:00+05:30,1,01:00:00,1,00:15:00,100.0,0.0,2016-11-10T12:45:00Z,2016-11-10T18:15:00+05:30,2016-11-10T13:00:00Z,2016-11-10T18:30:00+05:30
265.0,,,False,1,pm10,µg/m³,,raw,01:00:00,2016-11-10T12:15:00Z,2016-11-10T17:45:00+05:30,2016-11-10T13:15:00Z,2016-11-10T18:45:00+05:30,1,01:00:00,1,00:15:00,100.0,0.0,2016-11-10T13:00:00Z,2016-11-10T18:30:00+05:30,2016-11-10T13:15:00Z,2016-11-10T18:45:00+05:30
291.0,,,False,1,pm10,µg/m³,,raw,01:00:00,2016-11-10T12:30:00Z,2016-11-10T18:00:00+05:30,2016-11-10T13:30:00Z,2016-11-10T19:00:00+05:30,1,01:00:00,1,00:15:00,100.0,0.0,2016-11-10T13:15:00Z,2016-11-10T18:45:00+05:30,2016-11-10T13:30:00Z,2016-11-10T19:00:00+05:30
314.0,,,False,1,pm10,µg/m³,,raw,01:00:00,2016-11-10T12:45:00Z,2016-11-10T18:15:00+05:30,2016-11-10T13:45:00Z,2016-11-10T19:15:00+05:30,1,01:00:00,1,00:15:00,100.0,0.0,2016-11-10T13:30:00Z,2016-11-10T19:00:00+05:30,2016-11-10T13:45:00Z,2016-11-10T19:15:00+05:30
329.0,,,False,1,pm10,µg/m³,,raw,01:00:00,2016-11-10T13:00:00Z,2016-11-10T18:30:00+05:30,2016-11-10T14:00:00Z,2016-11-10T19:30:00+05:30,1,01:00:00,1,00:15:00,100.0,0.0,2016-11-10T13:45:00Z,2016-11-10T19:15:00+05:30,2016-11-10T14:00:00Z,2016-11-10T19:30:00+05:30
340.0,,,False,1,pm10,µg/m³,,raw,01:00:00,2016-11-10T13:15:00Z,2016-11-10T18:45:00+05:30,2016-11-10T14:15:00Z,2016-11-10T19:45:00+05:30,1,01:00:00,1,00:15:00,100.0,0.0,2016-11-10T14:00:00Z,2016-11-10T19:30:00+05:30,2016-11-10T14:15:00Z,2016-11-10T19:45:00+05:30
344.0,,,False,1,pm10,µg/m³,,raw,01:00:00,2016-11-10T13:30:00Z,2016-11-10T19:00:00+05:30,2016-11-10T14:30:00Z,2016-11-10T20:00:00+05:30,1,01:00:00,1,00:15:00,100.0,0.0,2016-11-10T14:15:00Z,2016-11-10T19:45:00+05:30,2016-11-10T14:30:00Z,2016-11-10T20:00:00+05:30
347.0,,,False,1,pm10,µg/m³,,raw,01:00:00,2016-11-10T13:45:00Z,2016-11-10T19:15:00+05:30,2016-11-10T14:45:00Z,2016-11-10T20:15:00+05:30,1,01:00:00,1,00:15:00,100.0,0.0,2016-11-10T14:30:00Z,2016-11-10T20:00:00+05:30,2016-11-10T14:45:00Z,2016-11-10T20:15:00+05:30
347.0,,,False,1,pm10,µg/m³,,raw,01:00:00,2016-11-10T14:00:00Z,2016-11-10T19:30:00+05:30,2016-11-10T15:00:00Z,2016-11-10T20:30:00+05:30,1,01:00:00,1,00:15:00,100.0,0.0,2016-11-10T14:45:00Z,2016-11-10T20:15:00+05:30,2016-11-10T15:00:00Z,2016-11-10T20:30:00+05:30
344.0,,,False,1,pm10,µg/m³,,raw,01:00:00,2016-11-10T14:15:00Z,2016-11-10T19:45:00+05:30,2016-11-10T15:15:00Z,2016-11-10T20:45:00+05:30,1,01:00:00,1,00:15:00,100.0,0.0,2016-11-10T15:00:00Z,2016-11-10T20:30:00+05:30,2016-11-10T15:15:00Z,2016-11-10T20:45:00+05:30
337.0,,,False,1,pm10,µg/m³,,raw,01:00:00,2016-11-10T14:30:00Z,2016-11-10T20:00:00+05:30,2016-11-10T15:30:00Z,2016-11-10T21:00:00+05:30,1,01:00:00,1,00:15:00,100.0,0.0,2016-11-10T15:15:00Z,2016-11-10T20:45:00+05:30,2016-11-10T15:30:00Z,2016-11-10T21:00:00+05:30
332.0,,,False,1,pm10,µg/m³,,raw,01:00:00,2016-11-10T14:45:00Z,2016-11-10T20:15:00+05:30,2016-11-10T15:45:00Z,2016-11-10T21:15:00+05:30,1,01:00:00,1,00:15:00,100.0,0.0,2016-11-10T15:30:00Z,2016-11-10T21:00:00+05:30,2016-11-10T15:45:00Z,2016-11-10T21:15:00+05:30
330.0,,,False,1,pm10,µg/m³,,raw,01:00:00,2016-11-10T15:00:00Z,2016-11-10T20:30:00+05:30,2016-11-10T16:00:00Z,2016-11-10T21:30:00+05:30,1,01:00:00,1,00:15:00,100.0,0.0,2016-11-10T15:45:00Z,2016-11-10T21:15:00+05:30,2016-11-10T16:00:00Z,2016-11-10T21:30:00+05:30
332.0,,,False,1,pm10,µg/m³,,raw,01:00:00,2016-11-10T15:15:00Z,2016-11-10T20:45:00+05:30,2016-11-10T16:15:00Z,2016-11-10T21:45:00+05:30,1,01:00:00,1,00:15:00,100.0,0.0,2016-11-10T16:00:00Z,2016-11-10T21:30:00+05:30,2016-11-10T16:15:00Z,2016-11-10T21:45:00+05:30
335.0,,,False,1,pm10,µg/m³,,raw,01:00:00,2016-11-10T15:30:00Z,2016-11-10T21:00:00+05:30,2016-11-10T16:30:00Z,2016-11-10T22:00:00+05:30,1,01:00:00,1,00:15:00,100.0,0.0,2016-11-10T16:15:00Z,2016-11-10T21:45:00+05:30,2016-11-10T16:30:00Z,2016-11-10T22:00:00+05:30
337.0,,,False,1,pm10,µg/m³,,raw,01:00:00,2016-11-10T15:45:00Z,2016-11-10T21:15:00+05:30,2016-11-10T16:45:00Z,2016-11-10T22:15:00+05:30,1,01:00:00,1,00:15:00,100.0,0.0,2016-11-10T16:30:00Z,2016-11-10T22:00:00+05:30,2016-11-10T16:45:00Z,2016-11-10T22:15:00+05:30
337.0,,,False,1,pm10,µg/m³,,raw,01:00:00,2016-11-10T16:00:00Z,2016-11-10T21:30:00+05:30,2016-11-10T17:00:00Z,2016-11-10T22:30:00+05:30,1,01:00:00,1,00:15:00,100.0,0.0,2016-11-10T16:45:00Z,2016-11-10T22:15:00+05:30,2016-11-10T17:00:00Z,2016-11-10T22:30:00+05:30
333.0,,,False,1,pm10,µg/m³,,raw,01:00:00,2016-11-10T16:15:00Z,2016-11-10T21:45:00+05:30,2016-11-10T17:15:00Z,2016-11-10T22:45:00+05:30,1,01:00:00,1,00:15:00,100.0,0.0,2016-11-10T17:00:00Z,2016-11-10T22:30:00+05:30,2016-11-10T17:15:00Z,2016-11-10T22:45:00+05:30
324.0,,,False,1,pm10,µg/m³,,raw,01:00:00,2016-11-10T16:30:00Z,2016-11-10T22:00:00+05:30,2016-11-10T17:30:00Z,2016-11-10T23:00:00+05:30,1,01:00:00,1,00:15:00,100.0,0.0,2016-11-10T17:15:00Z,2016-11-10T22:45:00+05:30,2016-11-10T17:30:00Z,2016-11-10T23:00:00+05:30
312.0,,,False,1,pm10,µg/m³,,raw,01:00:00,2016-11-10T16:45:00Z,2016-11-10T22:15:00+05:30,2016-11-10T17:45:00Z,2016-11-10T23:15:00+05:30,1,01:00:00,1,00:15:00,100.0,0.0,2016-11-10T17:30:00Z,2016-11-10T23:00:00+05:30,2016-11-10T17:45:00Z,2016-11-10T23:15:00+05:30
302.0,,,False,1,pm10,µg/m³,,raw,01:00:00,2016-11-10T17:00:00Z,2016-11-10T22:30:00+05:30,2016-11-10T18:00:00Z,2016-11-10T23:30:00+05:30,1,01:00:00,1,00:15:00,100.0,0.0,2016-11-10T17:45:00Z,2016-11-10T23:15:00+05:30,2016-11-10T18:00:00Z,2016-11-10T23:30:00+05:30
293.0,,,False,1,pm10,µg/m³,,raw,01:00:00,2016-11-10T17:15:00Z,2016-11-10T22:45:00+05:30,2016-11-10T18:15:00Z,2016-11-10T23:45:00+05:30,1,01:00:00,1,00:15:00,100.0,0.0,2016-11-10T18:00:00Z,2016-11-10T23:30:00+05:30,2016-11-10T18:15:00Z,2016-11-10T23:45:00+05:30
268.0,,,False,1,pm10,µg/m³,,raw,01:00:00,2016-11-10T17:30:00Z,2016-11-10T23:00:00+05:30,2016-11-10T18:30:00Z,2016-11-11T00:00:00+05:30,1,01:00:00,1,00:15:00,100.0,0.0,2016-11-10T18:15:00Z,2016-11-10T23:45:00+05:30,2016-11-10T18:30:00Z,2016-11-11T00:00:00+05:30
280.0,,,False,1,pm10,µg/m³,,raw,01:00:00,2016-11-10T17:45:00Z,2016-11-10T23:15:00+05:30,2016-11-10T18:45:00Z,2016-11-11T00:15:00+05:30,1,01:00:00,1,00:15:00,100.0,0.0,2016-11-10T18:30:00Z,2016-11-11T00:00:00+05:30,2016-11-10T18:45:00Z,2016-11-11T00:15:00+05:30
278.0,,,False,1,pm10,µg/m³,,raw,01:00:00,2016-11-10T18:00:00Z,2016-11-10T23:30:00+05:30,2016-11-10T19:00:00Z,2016-11-11T00:30:00+05:30,1,01:00:00,1,00:15:00,100.0,0.0,2016-11-10T18:45:00Z,2016-11-11T00:15:00+05:30,2016-11-10T19:00:00Z,2016-11-11T00:30:00+05:30
278.0,,,False,1,pm10,µg/m³,,raw,01:00:00,2016-11-10T18:15:00Z,2016-11-10T23:45:00+05:30,2016-11-10T19:15:00Z,2016-11-11T00:45:00+05:30,1,01:00:00,1,00:15:00,100.0,0.0,2016-11-10T19:00:00Z,2016-11-11T00:30:00+05:30,2016-11-10T19:15:00Z,2016-11-11T00:45:00+05:30
282.0,,,False,1,pm10,µg/m³,,raw,01:00:00,2016-11-10T18:30:00Z,2016-11-11T00:00:00+05:30,2016-11-10T19:30:00Z,2016-11-11T01:00:00+05:30,1,01:00:00,1,00:15:00,100.0,0.0,2016-11-10T19:15:00Z,2016-11-11T00:45:00+05:30,2016-11-10T19:30:00Z,2016-11-11T01:00:00+05:30
288.0,,,False,1,pm10,µg/m³,,raw,01:00:00,2016-11-10T18:45:00Z,2016-11-11T00:15:00+05:30,2016-11-10T19:45:00Z,2016-11-11T01:15:00+05:30,1,01:00:00,1,00:15:00,100.0,0.0,2016-11-10T19:30:00Z,2016-11-11T01:00:00+05:30,2016-11-10T19:45:00Z,2016-11-11T01:15:00+05:30
291.0,,,False,1,pm10,µg/m³,,raw,01:00:00,2016-11-10T19:00:00Z,2016-11-11T00:30:00+05:30,2016-11-10T20:00:00Z,2016-11-11T01:30:00+05:30,1,01:00:00,1,00:15:00,100.0,0.0,2016-11-10T19:45:00Z,2016-11-11T01:15:00+05:30,2016-11-10T20:00:00Z,2016-11-11T01:30:00+05:30
297.0,,,False,1,pm10,µg/m³,,raw,01:00:00,2016-11-10T19:15:00Z,2016-11-11T00:45:00+05:30,2016-11-10T20:15:00Z,2016-11-11T01:45:00+05:30,1,01:00:00,1,00:15:00,100.0,0.0,2016-11-10T20:00:00Z,2016-11-11T01:30:00+05:30,2016-11-10T20:15:00Z,2016-11-11T01:45:00+05:30
302.0,,,False,1,pm10,µg/m³,,raw,01:00:00,2016-11-10T19:30:00Z,2016-11-11T01:00:00+05:30,2016-11-10T20:30:00Z,2016-11-11T02:00:00+05:30,1,01:00:00,1,00:15:00,100.0,0.0,2016-11-10T20:15:00Z,2016-11-11T01:45:00+05:30,2016-11-10T20:30:00Z,2016-11-11T02:00:00+05:30
308.0,,,False,1,pm10,µg/m³,,raw,01:00:00,2016-11-10T19:45:00Z,2016-11-11T01:15:00+05:30,2016-11-10T20:45:00Z,2016-11-11T02:15:00+05:30,1,01:00:00,1,00:15:00,100.0,0.0,2016-11-10T20:30:00Z,2016-11-11T02:00:00+05:30,2016-11-10T20:45:00Z,2016-11-11T02:15:00+05:30
312.0,,,False,1,pm10,µg/m³,,raw,01:00:00,2016-11-10T20:00:00Z,2016-11-11T01:30:00+05:30,2016-11-10T21:00:00Z,2016-11-11T02:30:00+05:30,1,01:00:00,1,00:15:00,100.0,0.0,2016-11-10T20:45:00Z,2016-11-11T02:15:00+05:30,2016-11-10T21:00:00Z,2016-11-11T02:30:00+05:30
316.0,,,False,1,pm10,µg/m³,,raw,01:00:00,2016-11-10T20:15:00Z,2016-11-11T01:45:00+05:30,2016-11-10T21:15:00Z,2016-11-11T02:45:00+05:30,1,01:00:00,1,00:15:00,100.0,0.0,2016-11-10T21:00:00Z,2016-11-11T02:30:00+05:30,2016-11-10T21:15:00Z,2016-11-11T02:45:00+05:30
321.0,,,False,1,pm10,µg/m³,,raw,01:00:00,2016-11-10T20:30:00Z,2016-11-11T02:00:00+05:30,2016-11-10T21:30:00Z,2016-11-11T03:00:00+05:30,1,01:00:00,1,00:15:00,100.0,0.0,2016-11-10T21:15:00Z,2016-11-11T02:45:00+05:30,2016-11-10T21:30:00Z,2016-11-11T03:00:00+05:30
323.0,,,False,1,pm10,µg/m³,,raw,01:00:00,2016-11-10T20:45:00Z,2016-11-11T02:15:00+05:30,2016-11-10T21:45:00Z,2016-11-11T03:15:00+05:30,1,01:00:00,1,00:15:00,100.0,0.0,2016-11-10T21:30:00Z,2016-11-11T03:00:00+05:30,2016-11-10T21:45:00Z,2016-11-11T03:15:00+05:30
327.0,,,False,1,pm10,µg/m³,,raw,01:00:00,2016-11-10T21:00:00Z,2016-11-11T02:30:00+05:30,2016-11-10T22:00:00Z,2016-11-11T03:30:00+05:30,1,01:00:00,1,00:15:00,100.0,0.0,2016-11-10T21:45:00Z,2016-11-11T03:15:00+05:30,2016-11-10T22:00:00Z,2016-11-11T03:30:00+05:30
332.0,,,False,1,pm10,µg/m³,,raw,01:00:00,2016-11-10T21:15:00Z,2016-11-11T02:45:00+05:30,2016-11-10T22:15:00Z,2016-11-11T03:45:00+05:30,1,01:00:00,1,00:15:00,100.0,0.0,2016-11-10T22:00:00Z,2016-11-11T03:30:00+05:30,2016-11-10T22:15:00Z,2016-11-11T03:45:00+05:30
330.0,,,False,1,pm10,µg/m³,,raw,01:00:00,2016-11-10T21:30:00Z,2016-11-11T03:00:00+05:30,2016-11-10T22:30:00Z,2016-11-11T04:00:00+05:30,1,01:00:00,1,00:15:00,100.0,0.0,2016-11-10T22:15:00Z,2016-11-11T03:45:00+05:30,2016-11-10T22:30:00Z,2016-11-11T04:00:00+05:30
323.0,,,False,1,pm10,µg/m³,,raw,01:00:00,2016-11-10T21:45:00Z,2016-11-11T03:15:00+05:30,2016-11-10T22:45:00Z,2016-11-11T04:15:00+05:30,1,01:00:00,1,00:15:00,100.0,0.0,2016-11-10T22:30:00Z,2016-11-11T04:00:00+05:30,2016-11-10T22:45:00Z,2016-11-11T04:15:00+05:30
315.0,,,False,1,pm10,µg/m³,,raw,01:00:00,2016-11-10T22:00:00Z,2016-11-11T03:30:00+05:30,2016-11-10T23:00:00Z,2016-11-11T04:30:00+05:30,1,01:00:00,1,00:15:00,100.0,0.0,2016-11-10T22:45:00Z,2016-11-11T04:15:00+05:30,2016-11-10T23:00:00Z,2016-11-11T04:30:00+05:30
303.0,,,False,1,pm10,µg/m³,,raw,01:00:00,2016-11-10T22:15:00Z,2016-11-11T03:45:00+05:30,2016-11-10T23:15:00Z,2016-11-11T04:45:00+05:30,1,01:00:00,1,00:15:00,100.0,0.0,2016-11-10T23:00:00Z,2016-11-11T04:30:00+05:30,2016-11-10T23:15:00Z,2016-11-11T04:45:00+05:30
300.0,,,False,1,pm10,µg/m³,,raw,01:00:00,2016-11-10T22:30:00Z,2016-11-11T04:00:00+05:30,2016-11-10T23:30:00Z,2016-11-11T05:00:00+05:30,1,01:00:00,1,00:15:00,100.0,0.0,2016-11-10T23:15:00Z,2016-11-11T04:45:00+05:30,2016-11-10T23:30:00Z,2016-11-11T05:00:00+05:30
313.0,,,False,1,pm10,µg/m³,,raw,01:00:00,2016-11-10T22:45:00Z,2016-11-11T04:15:00+05:30,2016-11-10T23:45:00Z,2016-11-11T05:15:00+05:30,1,01:00:00,1,00:15:00,100.0,0.0,2016-11-10T23:30:00Z,2016-11-11T05:00:00+05:30,2016-11-10T23:45:00Z,2016-11-11T05:15:00+05:30
324.0,,,False,1,pm10,µg/m³,,raw,01:00:00,2016-11-10T23:00:00Z,2016-11-11T04:30:00+05:30,2016-11-11T00:00:00Z,2016-11-11T05:30:00+05:30,1,01:00:00,1,00:15:00,100.0,0.0,2016-11-10T23:45:00Z,2016-11-11T05:15:00+05:30,2016-11-11T00:00:00Z,2016-11-11T05:30:00+05:30
328.0,,,False,1,pm10,µg/m³,,raw,01:00:00,2016-11-10T23:15:00Z,2016-11-11T04:45:00+05:30,2016-11-11T00:15:00Z,2016-11-11T05:45:00+05:30,1,01:00:00,1,00:15:00,100.0,0.0,2016-11-11T00:00:00Z,2016-11-11T05:30:00+05:30,2016-11-11T00:15:00Z,2016-11-11T05:45:00+05:30
332.0,,,False,1,pm10,µg/m³,,raw,01:00:00,2016-11-10T23:30:00Z,2016-11-11T05:00:00+05:30,2016-11-11T00:30:00Z,2016-11-11T06:00:00+05:30,1,01:00:00,1,00:15:00,100.0,0.0,2016-11-11T00:15:00Z,2016-11-11T05:45:00+05:30,2016-11-11T00:30:00Z,2016-11-11T06:00:00+05:30
328.0,,,False,1,pm10,µg/m³,,raw,01:00:00,2016-11-10T23:45:00Z,2016-11-11T05:15:00+05:30,2016-11-11T00:45:00Z,2016-11-11T06:15:00+05:30,1,01:00:00,1,00:15:00,100.0,0.0,2016-11-11T00:30:00Z,2016-11-11T06:00:00+05:30,2016-11-11T00:45:00Z,2016-11-11T06:15:00+05:30
327.0,,,False,1,pm10,µg/m³,,raw,01:00:00,2016-11-11T00:00:00Z,2016-11-11T05:30:00+05:30,2016-11-11T01:00:00Z,2016-11-11T06:30:00+05:30,1,01:00:00,1,00:15:00,100.0,0.0,2016-11-11T00:45:00Z,2016-11-11T06:15:00+05:30,2016-11-11T01:00:00Z,2016-11-11T06:30:00+05:30
333.0,,,False,1,pm10,µg/m³,,raw,01:00:00,2016-11-11T00:15:00Z,2016-11-11T05:45:00+05:30,2016-11-11T01:15:00Z,2016-11-11T06:45:00+05:30,1,01:00:00,1,00:15:00,100.0,0.0,2016-11-11T01:00:00Z,2016-11-11T06:30:00+05:30,2016-11-11T01:15:00Z,2016-11-11T06:45:00+05:30
338.0,,,False,1,pm10,µg/m³,,raw,01:00:00,2016-11-11T00:30:00Z,2016-11-11T06:00:00+05:30,2016-11-11T01:30:00Z,2016-11-11T07:00:00+05:30,1,01:00:00,1,00:15:00,100.0,0.0,2016-11-11T01:15:00Z,2016-11-11T06:45:00+05:30,2016-11-11T01:30:00Z,2016-11-11T07:00:00+05:30
344.0,,,False,1,pm10,µg/m³,,raw,01:00:00,2016-11-11T00:45:00Z,2016-11-11T06:15:00+05:30,2016-11-11T01:45:00Z,2016-11-11T07:15:00+05:30,1,01:00:00,1,00:15:00,100.0,0.0,2016-11-11T01:30:00Z,2016-11-11T07:00:00+05:30,2016-11-11T01:45:00Z,2016-11-11T07:15:00+05:30
342.0,,,False,1,pm10,µg/m³,,raw,01:00:00,2016-11-11T01:00:00Z,2016-11-11T06:30:00+05:30,2016-11-11T02:00:00Z,2016-11-11T07:30:00+05:30,1,01:00:00,1,00:15:00,100.0,0.0,2016-11-11T01:45:00Z,2016-11-11T07:15:00+05:30,2016-11-11T02:00:00Z,2016-11-11T07:30:00+05:30
341.0,,,False,1,pm10,µg/m³,,raw,01:00:00,2016-11-11T01:15:00Z,2016-11-11T06:45:00+05:30,2016-11-11T02:15:00Z,2016-11-11T07:45:00+05:30,1,01:00:00,1,00:15:00,100.0,0.0,2016-11-11T02:00:00Z,2016-11-11T07:30:00+05:30,2016-11-11T02:15:00Z,2016-11-11T07:45:00+05:30
350.0,,,False,1,pm10,µg/m³,,raw,01:00:00,2016-11-11T01:30:00Z,2016-11-11T07:00:00+05:30,2016-11-11T02:30:00Z,2016-11-11T08:00:00+05:30,1,01:00:00,1,00:15:00,100.0,0.0,2016-11-11T02:15:00Z,2016-11-11T07:45:00+05:30,2016-11-11T02:30:00Z,2016-11-11T08:00:00+05:30
361.0,,,False,1,pm10,µg/m³,,raw,01:00:00,2016-11-11T01:45:00Z,2016-11-11T07:15:00+05:30,2016-11-11T02:45:00Z,2016-11-11T08:15:00+05:30,1,01:00:00,1,00:15:00,100.0,0.0,2016-11-11T02:30:00Z,2016-11-11T08:00:00+05:30,2016-11-11T02:45:00Z,2016-11-11T08:15:00+05:30
380.0,,,False,1,pm10,µg/m³,,raw,01:00:00,2016-11-11T02:00:00Z,2016-11-11T07:30:00+05:30,2016-11-11T03:00:00Z,2016-11-11T08:30:00+05:30,1,01:00:00,1,00:15:00,100.0,0.0,2016-11-11T02:45:00Z,2016-11-11T08:15:00+05:30,2016-11-11T03:00:00Z,2016-11-11T08:30:00+05:30
401.0,,,False,1,pm10,µg/m³,,raw,01:00:00,2016-11-11T02:15:00Z,2016-11-11T07:45:00+05:30,2016-11-11T03:15:00Z,2016-11-11T08:45:00+05:30,1,01:00:00,1,00:15:00,100.0,0.0,2016-11-11T03:00:00Z,2016-11-11T08:30:00+05:30,2016-11-11T03:15:00Z,2016-11-11T08:45:00+05:30
414.0,,,False,1,pm10,µg/m³,,raw,01:00:00,2016-11-11T02:30:00Z,2016-11-11T08:00:00+05:30,2016-11-11T03:30:00Z,2016-11-11T09:00:00+05:30,1,01:00:00,1,00:15:00,100.0,0.0,2016-11-11T03:15:00Z,2016-11-11T08:45:00+05:30,2016-11-11T03:30:00Z,2016-11-11T09:00:00+05:30
420.0,,,False,1,pm10,µg/m³,,raw,01:00:00,2016-11-11T02:45:00Z,2016-11-11T08:15:00+05:30,2016-11-11T03:45:00Z,2016-11-11T09:15:00+05:30,1,01:00:00,1,00:15:00,100.0,0.0,2016-11-11T03:30:00Z,2016-11-11T09:00:00+05:30,2016-11-11T03:45:00Z,2016-11-11T09:15:00+05:30
420.0,,,False,1,pm10,µg/m³,,raw,01:00:00,2016-11-11T03:00:00Z,2016-11-11T08:30:00+05:30,2016-11-11T04:00:00Z,2016-11-11T09:30:00+05:30,1,01:00:00,1,00:15:00,100.0,0.0,2016-11-11T03:45:00Z,2016-11-11T09:15:00+05:30,2016-11-11T04:00:00Z,2016-11-11T09:30:00+05:30
415.0,,,False,1,pm10,µg/m³,,raw,01:00:00,2016-11-11T03:15:00Z,2016-11-11T08:45:00+05:30,2016-11-11T04:15:00Z,2016-11-11T09:45:00+05:30,1,01:00:00,1,00:15:00,100.0,0.0,2016-11-11T04:00:00Z,2016-11-11T09:30:00+05:30,2016-11-11T04:15:00Z,2016-11-11T09:45:00+05:30
398.0,,,False,1,pm10,µg/m³,,raw,01:00:00,2016-11-11T03:30:00Z,2016-11-11T09:00:00+05:30,2016-11-11T04:30:00Z,2016-11-11T10:00:00+05:30,1,01:00:00,1,00:15:00,100.0,0.0,2016-11-11T04:15:00Z,2016-11-11T09:45:00+05:30,2016-11-11T04:30:00Z,2016-11-11T10:00:00+05:30
371.0,,,False,1,pm10,µg/m³,,raw,01:00:00,2016-11-11T03:45:00Z,2016-11-11T09:15:00+05:30,2016-11-11T04:45:00Z,2016-11-11T10:15:00+05:30,1,01:00:00,1,00:15:00,100.0,0.0,2016-11-11T04:30:00Z,2016-11-11T10:00:00+05:30,2016-11-11T04:45:00Z,2016-11-11T10:15:00+05:30
340.0,,,False,1,pm10,µg/m³,,raw,01:00:00,2016-11-11T04:00:00Z,2016-11-11T09:30:00+05:30,2016-11-11T05:00:00Z,2016-11-11T10:30:00+05:30,1,01:00:00,1,00:15:00,100.0,0.0,2016-11-11T04:45:00Z,2016-11-11T10:15:00+05:30,2016-11-11T05:00:00Z,2016-11-11T10:30:00+05:30
307.0,,,False,1,pm10,µg/m³,,raw,01:00:00,2016-11-11T04:15:00Z,2016-11-11T09:45:00+05:30,2016-11-11T05:15:00Z,2016-11-11T10:45:00+05:30,1,01:00:00,1,00:15:00,100.0,0.0,2016-11-11T05:00:00Z,2016-11-11T10:30:00+05:30,2016-11-11T05:15:00Z,2016-11-11T10:45:00+05:30
287.0,,,False,1,pm10,µg/m³,,raw,01:00:00,2016-11-11T04:30:00Z,2016-11-11T10:00:00+05:30,2016-11-11T05:30:00Z,2016-11-11T11:00:00+05:30,1,01:00:00,1,00:15:00,100.0,0.0,2016-11-11T05:15:00Z,2016-11-11T10:45:00+05:30,2016-11-11T05:30:00Z,2016-11-11T11:00:00+05:30
279.0,,,False,1,pm10,µg/m³,,raw,01:00:00,2016-11-11T04:45:00Z,2016-11-11T10:15:00+05:30,2016-11-11T05:45:00Z,2016-11-11T11:15:00+05:30,1,01:00:00,1,00:15:00,100.0,0.0,2016-11-11T05:30:00Z,2016-11-11T11:00:00+05:30,2016-11-11T05:45:00Z,2016-11-11T11:15:00+05:30
278.0,,,False,1,pm10,µg/m³,,raw,01:00:00,2016-11-11T05:00:00Z,2016-11-11T10:30:00+05:30,2016-11-11T06:00:00Z,2016-11-11T11:30:00+05:30,1,01:00:00,1,00:15:00,100.0,0.0,2016-11-11T05:45:00Z,2016-11-11T11:15:00+05:30,2016-11-11T06:00:00Z,2016-11-11T11:30:00+05:30
274.0,,,False,1,pm10,µg/m³,,raw,01:00:00,2016-11-11T05:15:00Z,2016-11-11T10:45:00+05:30,2016-11-11T06:15:00Z,2016-11-11T11:45:00+05:30,1,01:00:00,1,00:15:00,100.0,0.0,2016-11-11T06:00:00Z,2016-11-11T11:30:00+05:30,2016-11-11T06:15:00Z,2016-11-11T11:45:00+05:30
267.0,,,False,1,pm10,µg/m³,,raw,01:00:00,2016-11-11T05:30:00Z,2016-11-11T11:00:00+05:30,2016-11-11T06:30:00Z,2016-11-11T12:00:00+05:30,1,01:00:00,1,00:15:00,100.0,0.0,2016-11-11T06:15:00Z,2016-11-11T11:45:00+05:30,2016-11-11T06:30:00Z,2016-11-11T12:00:00+05:30
256.0,,,False,1,pm10,µg/m³,,raw,01:00:00,2016-11-11T05:45:00Z,2016-11-11T11:15:00+05:30,2016-11-11T06:45:00Z,2016-11-11T12:15:00+05:30,1,01:00:00,1,00:15:00,100.0,0.0,2016-11-11T06:30:00Z,2016-11-11T12:00:00+05:30,2016-11-11T06:45:00Z,2016-11-11T12:15:00+05:30
243.0,,,False,1,pm10,µg/m³,,raw,01:00:00,2016-11-11T06:00:00Z,2016-11-11T11:30:00+05:30,2016-11-11T07:00:00Z,2016-11-11T12:30:00+05:30,1,01:00:00,1,00:15:00,100.0,0.0,2016-11-11T06:45:00Z,2016-11-11T12:15:00+05:30,2016-11-11T07:00:00Z,2016-11-11T12:30:00+05:30
237.0,,,False,1,pm10,µg/m³,,raw,01:00:00,2016-11-11T06:15:00Z,2016-11-11T11:45:00+05:30,2016-11-11T07:15:00Z,2016-11-11T12:45:00+05:30,1,01:00:00,1,00:15:00,100.0,0.0,2016-11-11T07:00:00Z,2016-11-11T12:30:00+05:30,2016-11-11T07:15:00Z,2016-11-11T12:45:00+05:30
230.0,,,False,1,pm10,µg/m³,,raw,01:00:00,2016-11-11T06:30:00Z,2016-11-11T12:00:00+05:30,2016-11-11T07:30:00Z,2016-11-11T13:00:00+05:30,1,01:00:00,1,00:15:00,100.0,0.0,2016-11-11T07:15:00Z,2016-11-11T12:45:00+05:30,2016-11-11T07:30:00Z,2016-11-11T13:00:00+05:30
223.0,,,False,1,pm10,µg/m³,,raw,01:00:00,2016-11-11T06:45:00Z,2016-11-11T12:15:00+05:30,2016-11-11T07:45:00Z,2016-11-11T13:15:00+05:30,1,01:00:00,1,00:15:00,100.0,0.0,2016-11-11T07:30:00Z,2016-11-11T13:00:00+05:30,2016-11-11T07:45:00Z,2016-11-11T13:15:00+05:30
217.0,,,False,1,pm10,µg/m³,,raw,01:00:00,2016-11-11T07:00:00Z,2016-11-11T12:30:00+05:30,2016-11-11T08:00:00Z,2016-11-11T13:30:00+05:30,1,01:00:00,1,00:15:00,100.0,0.0,2016-11-11T07:45:00Z,2016-11-11T13:15:00+05:30,2016-11-11T08:00:00Z,2016-11-11T13:30:00+05:30
208.0,,,False,1,pm10,µg/m³,,raw,01:00:00,2016-11-11T07:15:00Z,2016-11-11T12:45:00+05:30,2016-11-11T08:15:00Z,2016-11-11T13:45:00+05:30,1,01:00:00,1,00:15:00,100.0,0.0,2016-11-11T08:00:00Z,2016-11-11T13:30:00+05:30,2016-11-11T08:15:00Z,2016-11-11T13:45:00+05:30
202.0,,,False,1,pm10,µg/m³,,raw,01:00:00,2016-11-11T07:30:00Z,2016-11-11T13:00:00+05:30,2016-11-11T08:30:00Z,2016-11-11T14:00:00+05:30,1,01:00:00,1,00:15:00,100.0,0.0,2016-11-11T08:15:00Z,2016-11-11T13:45:00+05:30,2016-11-11T08:30:00Z,2016-11-11T14:00:00+05:30
199.0,,,False,1,pm10,µg/m³,,raw,01:00:00,2016-11-11T07:45:00Z,2016-11-11T13:15:00+05:30,2016-11-11T08:45:00Z,2016-11-11T14:15:00+05:30,1,01:00:00,1,00:15:00,100.0,0.0,2016-11-11T08:30:00Z,2016-11-11T14:00:00+05:30,2016-11-11T08:45:00Z,2016-11-11T14:15:00+05:30
195.0,,,False,1,pm10,µg/m³,,raw,01:00:00,2016-11-11T08:00:00Z,2016-11-11T13:30:00+05:30,2016-11-11T09:00:00Z,2016-11-11T14:30:00+05:30,1,01:00:00,1,00:15:00,100.0,0.0,2016-11-11T08:45:00Z,2016-11-11T14:15:00+05:30,2016-11-11T09:00:00Z,2016-11-11T14:30:00+05:30
193.0,,,False,1,pm10,µg/m³,,raw,01:00:00,2016-11-11T08:15:00Z,2016-11-11T13:45:00+05:30,2016-11-11T09:15:00Z,2016-11-11T14:45:00+05:30,1,01:00:00,1,00:15:00,100.0,0.0,2016-11-11T09:00:00Z,2016-11-11T14:30:00+05:30,2016-11-11T09:15:00Z,2016-11-11T14:45:00+05:30
192.0,,,False,1,pm10,µg/m³,,raw,01:00:00,2016-11-11T08:30:00Z,2016-11-11T14:00:00+05:30,2016-11-11T09:30:00Z,2016-11-11T15:00:00+05:30,1,01:00:00,1,00:15:00,100.0,0.0,2016-11-11T09:15:00Z,2016-11-11T14:45:00+05:30,2016-11-11T09:30:00Z,2016-11-11T15:00:00+05:30
191.0,,,False,1,pm10,µg/m³,,raw,01:00:00,2016-11-11T08:45:00Z,2016-11-11T14:15:00+05:30,2016-11-11T09:45:00Z,2016-11-11T15:15:00+05:30,1,01:00:00,1,00:15:00,100.0,0.0,2016-11-11T09:30:00Z,2016-11-11T15:00:00+05:30,2016-11-11T09:45:00Z,2016-11-11T15:15:00+05:30
191.0,,,False,1,pm10,µg/m³,,raw,01:00:00,2016-11-11T09:00:00Z,2016-11-11T14:30:00+05:30,2016-11-11T10:00:00Z,2016-11-11T15:30:00+05:30,1,01:00:00,1,00:15:00,100.0,0.0,2016-11-11T09:45:00Z,2016-11-11T15:15:00+05:30,2016-11-11T10:00:00Z,2016-11-11T15:30:00+05:30
189.0,,,False,1,pm10,µg/m³,,raw,01:00:00,2016-11-11T09:15:00Z,2016-11-11T14:45:00+05:30,2016-11-11T10:15:00Z,2016-11-11T15:45:00+05:30,1,01:00:00,1,00:15:00,100.0,0.0,2016-11-11T10:00:00Z,2016-11-11T15:30:00+05:30,2016-11-11T10:15:00Z,2016-11-11T15:45:00+05:30
185.0,,,False,1,pm10,µg/m³,,raw,01:00:00,2016-11-11T09:30:00Z,2016-11-11T15:00:00+05:30,2016-11-11T10:30:00Z,2016-11-11T16:00:00+05:30,1,01:00:00,1,00:15:00,100.0,0.0,2016-11-11T10:15:00Z,2016-11-11T15:45:00+05:30,2016-11-11T10:30:00Z,2016-11-11T16:00:00+05:30
180.0,,,False,1,pm10,µg/m³,,raw,01:00:00,2016-11-11T09:45:00Z,2016-11-11T15:15:00+05:30,2016-11-11T10:45:00Z,2016-11-11T16:15:00+05:30,1,01:00:00,1,00:15:00,100.0,0.0,2016-11-11T10:30:00Z,2016-11-11T16:00:00+05:30,2016-11-11T10:45:00Z,2016-11-11T16:15:00+05:30
174.0,,,False,1,pm10,µg/m³,,raw,01:00:00,2016-11-11T10:00:00Z,2016-11-11T15:30:00+05:30,2016-11-11T11:00:00Z,2016-11-11T16:30:00+05:30,1,01:00:00,1,00:15:00,100.0,0.0,2016-11-11T10:45:00Z,2016-11-11T16:15:00+05:30,2016-11-11T11:00:00Z,2016-11-11T16:30:00+05:30
174.0,,,False,1,pm10,µg/m³,,raw,01:00:00,2016-11-11T10:15:00Z,2016-11-11T15:45:00+05:30,2016-11-11T11:15:00Z,2016-11-11T16:45:00+05:30,1,01:00:00,1,00:15:00,100.0,0.0,2016-11-11T11:00:00Z,2016-11-11T16:30:00+05:30,2016-11-11T11:15:00Z,2016-11-11T16:45:00+05:30
178.0,,,False,1,pm10,µg/m³,,raw,01:00:00,2016-11-11T10:30:00Z,2016-11-11T16:00:00+05:30,2016-11-11T11:30:00Z,2016-11-11T17:00:00+05:30,1,01:00:00,1,00:15:00,100.0,0.0,2016-11-11T11:15:00Z,2016-11-11T16:45:00+05:30,2016-11-11T11:30:00Z,2016-11-11T17:00:00+05:30
183.0,,,False,1,pm10,µg/m³,,raw,01:00:00,2016-11-11T10:45:00Z,2016-11-11T16:15:00+05:30,2016-11-11T11:45:00Z,2016-11-11T17:15:00+05:30,1,01:00:00,1,00:15:00,100.0,0.0,2016-11-11T11:30:00Z,2016-11-11T17:00:00+05:30,2016-11-11T11:45:00Z,2016-11-11T17:15:00+05:30
192.0,,,False,1,pm10,µg/m³,,raw,01:00:00,2016-11-11T11:00:00Z,2016-11-11T16:30:00+05:30,2016-11-11T12:00:00Z,2016-11-11T17:30:00+05:30,1,01:00:00,1,00:15:00,100.0,0.0,2016-11-11T11:45:00Z,2016-11-11T17:15:00+05:30,2016-11-11T12:00:00Z,2016-11-11T17:30:00+05:30
201.0,,,False,1,pm10,µg/m³,,raw,01:00:00,2016-11-11T11:15:00Z,2016-11-11T16:45:00+05:30,2016-11-11T12:15:00Z,2016-11-11T17:45:00+05:30,1,01:00:00,1,00:15:00,100.0,0.0,2016-11-11T12:00:00Z,2016-11-11T17:30:00+05:30,2016-11-11T12:15:00Z,2016-11-11T17:45:00+05:30
210.0,,,False,1,pm10,µg/m³,,raw,01:00:00,2016-11-11T11:30:00Z,2016-11-11T17:00:00+05:30,2016-11-11T12:30:00Z,2016-11-11T18:00:00+05:30,1,01:00:00,1,00:15:00,100.0,0.0,2016-11-11T12:15:00Z,2016-11-11T17:45:00+05:30,2016-11-11T12:30:00Z,2016-11-11T18:00:00+05:30
217.0,,,False,1,pm10,µg/m³,,raw,01:00:00,2016-11-11T11:45:00Z,2016-11-11T17:15:00+05:30,2016-11-11T12:45:00Z,2016-11-11T18:15:00+05:30,1,01:00:00,1,00:15:00,100.0,0.0,2016-11-11T12:30:00Z,2016-11-11T18:00:00+05:30,2016-11-11T12:45:00Z,2016-11-11T18:15:00+05:30
224.0,,,False,1,pm10,µg/m³,,raw,01:00:00,2016-11-11T12:00:00Z,2016-11-11T17:30:00+05:30,2016-11-11T13:00:00Z,2016-11-11T18:30:00+05:30,1,01:00:00,1,00:15:00,100.0,0.0,2016-11-11T12:45:00Z,2016-11-11T18:15:00+05:30,2016-11-11T13:00:00Z,2016-11-11T18:30:00+05:30
231.0,,,False,1,pm10,µg/m³,,raw,01:00:00,2016-11-11T12:15:00Z,2016-11-11T17:45:00+05:30,2016-11-11T13:15:00Z,2016-11-11T18:45:00+05:30,1,01:00:00,1,00:15:00,100.0,0.0,2016-11-11T13:00:00Z,2016-11-11T18:30:00+05:30,2016-11-11T13:15:00Z,2016-11-11T18:45:00+05:30
243.0,,,False,1,pm10,µg/m³,,raw,01:00:00,2016-11-11T12:45:00Z,2016-11-11T18:15:00+05:30,2016-11-11T13:45:00Z,2016-11-11T19:15:00+05:30,1,01:00:00,1,00:15:00,100.0,0.0,2016-11-11T13:30:00Z,2016-11-11T19:00:00+05:30,2016-11-11T13:45:00Z,2016-11-11T19:15:00+05:30
251.0,,,False,1,pm10,µg/m³,,raw,01:00:00,2016-11-11T13:00:00Z,2016-11-11T18:30:00+05:30,2016-11-11T14:00:00Z,2016-11-11T19:30:00+05:30,1,01:00:00,1,00:15:00,100.0,0.0,2016-11-11T13:45:00Z,2016-11-11T19:15:00+05:30,2016-11-11T14:00:00Z,2016-11-11T19:30:00+05:30
257.0,,,False,1,pm10,µg/m³,,raw,01:00:00,2016-11-11T13:15:00Z,2016-11-11T18:45:00+05:30,2016-11-11T14:15:00Z,2016-11-11T19:45:00+05:30,1,01:00:00,1,00:15:00,100.0,0.0,2016-11-11T14:00:00Z,2016-11-11T19:30:00+05:30,2016-11-11T14:15:00Z,2016-11-11T19:45:00+05:30
260.0,,,False,1,pm10,µg/m³,,raw,01:00:00,2016-11-11T13:30:00Z,2016-11-11T19:00:00+05:30,2016-11-11T14:30:00Z,2016-11-11T20:00:00+05:30,1,01:00:00,1,00:15:00,100.0,0.0,2016-11-11T14:15:00Z,2016-11-11T19:45:00+05:30,2016-11-11T14:30:00Z,2016-11-11T20:00:00+05:30
261.0,,,False,1,pm10,µg/m³,,raw,01:00:00,2016-11-11T13:45:00Z,2016-11-11T19:15:00+05:30,2016-11-11T14:45:00Z,2016-11-11T20:15:00+05:30,1,01:00:00,1,00:15:00,100.0,0.0,2016-11-11T14:30:00Z,2016-11-11T20:00:00+05:30,2016-11-11T14:45:00Z,2016-11-11T20:15:00+05:30
257.0,,,False,1,pm10,µg/m³,,raw,01:00:00,2016-11-11T14:00:00Z,2016-11-11T19:30:00+05:30,2016-11-11T15:00:00Z,2016-11-11T20:30:00+05:30,1,01:00:00,1,00:15:00,100.0,0.0,2016-11-11T14:45:00Z,2016-11-11T20:15:00+05:30,2016-11-11T15:00:00Z,2016-11-11T20:30:00+05:30
254.0,,,False,1,pm10,µg/m³,,raw,01:00:00,2016-11-11T14:15:00Z,2016-11-11T19:45:00+05:30,2016-11-11T15:15:00Z,2016-11-11T20:45:00+05:30,1,01:00:00,1,00:15:00,100.0,0.0,2016-11-11T15:00:00Z,2016-11-11T20:30:00+05:30,2016-11-11T15:15:00Z,2016-11-11T20:45:00+05:30
253.0,,,False,1,pm10,µg/m³,,raw,01:00:00,2016-11-11T14:30:00Z,2016-11-11T20:00:00+05:30,2016-11-11T15:30:00Z,2016-11-11T21:00:00+05:30,1,01:00:00,1,00:15:00,100.0,0.0,2016-11-11T15:15:00Z,2016-11-11T20:45:00+05:30,2016-11-11T15:30:00Z,2016-11-11T21:00:00+05:30
254.0,,,False,1,pm10,µg/m³,,raw,01:00:00,2016-11-11T14:45:00Z,2016-11-11T20:15:00+05:30,2016-11-11T15:45:00Z,2016-11-11T21:15:00+05:30,1,01:00:00,1,00:15:00,100.0,0.0,2016-11-11T15:30:00Z,2016-11-11T21:00:00+05:30,2016-11-11T15:45:00Z,2016-11-11T21:15:00+05:30
257.0,,,False,1,pm10,µg/m³,,raw,01:00:00,2016-11-11T15:00:00Z,2016-11-11T20:30:00+05:30,2016-11-11T16:00:00Z,2016-11-11T21:30:00+05:30,1,01:00:00,1,00:15:00,100.0,0.0,2016-11-11T15:45:00Z,2016-11-11T21:15:00+05:30,2016-11-11T16:00:00Z,2016-11-11T21:30:00+05:30
259.0,,,False,1,pm10,µg/m³,,raw,01:00:00,2016-11-11T15:15:00Z,2016-11-11T20:45:00+05:30,2016-11-11T16:15:00Z,2016-11-11T21:45:00+05:30,1,01:00:00,1,00:15:00,100.0,0.0,2016-11-11T16:00:00Z,2016-11-11T21:30:00+05:30,2016-11-11T16:15:00Z,2016-11-11T21:45:00+05:30
265.0,,,False,1,pm10,µg/m³,,raw,01:00:00,2016-11-11T15:30:00Z,2016-11-11T21:00:00+05:30,2016-11-11T16:30:00Z,2016-11-11T22:00:00+05:30,1,01:00:00,1,00:15:00,100.0,0.0,2016-11-11T16:15:00Z,2016-11-11T21:45:00+05:30,2016-11-11T16:30:00Z,2016-11-11T22:00:00+05:30
271.0,,,False,1,pm10,µg/m³,,raw,01:00:00,2016-11-11T15:45:00Z,2016-11-11T21:15:00+05:30,2016-11-11T16:45:00Z,2016-11-11T22:15:00+05:30,1,01:00:00,1,00:15:00,100.0,0.0,2016-11-11T16:30:00Z,2016-11-11T22:00:00+05:30,2016-11-11T16:45:00Z,2016-11-11T22:15:00+05:30
278.0,,,False,1,pm10,µg/m³,,raw,01:00:00,2016-11-11T16:00:00Z,2016-11-11T21:30:00+05:30,2016-11-11T17:00:00Z,2016-11-11T22:30:00+05:30,1,01:00:00,1,00:15:00,100.0,0.0,2016-11-11T16:45:00Z,2016-11-11T22:15:00+05:30,2016-11-11T17:00:00Z,2016-11-11T22:30:00+05:30
284.0,,,False,1,pm10,µg/m³,,raw,01:00:00,2016-11-11T16:15:00Z,2016-11-11T21:45:00+05:30,2016-11-11T17:15:00Z,2016-11-11T22:45:00+05:30,1,01:00:00,1,00:15:00,100.0,0.0,2016-11-11T17:00:00Z,2016-11-11T22:30:00+05:30,2016-11-11T17:15:00Z,2016-11-11T22:45:00+05:30
284.0,,,False,1,pm10,µg/m³,,raw,01:00:00,2016-11-11T16:30:00Z,2016-11-11T22:00:00+05:30,2016-11-11T17:30:00Z,2016-11-11T23:00:00+05:30,1,01:00:00,1,00:15:00,100.0,0.0,2016-11-11T17:15:00Z,2016-11-11T22:45:00+05:30,2016-11-11T17:30:00Z,2016-11-11T23:00:00+05:30
283.0,,,False,1,pm10,µg/m³,,raw,01:00:00,2016-11-11T16:45:00Z,2016-11-11T22:15:00+05:30,2016-11-11T17:45:00Z,2016-11-11T23:15:00+05:30,1,01:00:00,1,00:15:00,100.0,0.0,2016-11-11T17:30:00Z,2016-11-11T23:00:00+05:30,2016-11-11T17:45:00Z,2016-11-11T23:15:00+05:30
278.0,,,False,1,pm10,µg/m³,,raw,01:00:00,2016-11-11T17:00:00Z,2016-11-11T22:30:00+05:30,2016-11-11T18:00:00Z,2016-11-11T23:30:00+05:30,1,01:00:00,1,00:15:00,100.0,0.0,2016-11-11T17:45:00Z,2016-11-11T23:15:00+05:30,2016-11-11T18:00:00Z,2016-11-11T23:30:00+05:30
273.0,,,False,1,pm10,µg/m³,,raw,01:00:00,2016-11-11T17:15:00Z,2016-11-11T22:45:00+05:30,2016-11-11T18:15:00Z,2016-11-11T23:45:00+05:30,1,01:00:00,1,00:15:00,100.0,0.0,2016-11-11T18:00:00Z,2016-11-11T23:30:00+05:30,2016-11-11T18:15:00Z,2016-11-11T23:45:00+05:30
257.0,,,False,1,pm10,µg/m³,,raw,01:00:00,2016-11-11T17:30:00Z,2016-11-11T23:00:00+05:30,2016-11-11T18:30:00Z,2016-11-12T00:00:00+05:30,1,01:00:00,1,00:15:00,100.0,0.0,2016-11-11T18:15:00Z,2016-11-11T23:45:00+05:30,2016-11-11T18:30:00Z,2016-11-12T00:00:00+05:30
264.0,,,False,1,pm10,µg/m³,,raw,01:00:00,2016-11-11T17:45:00Z,2016-11-11T23:15:00+05:30,2016-11-11T18:45:00Z,2016-11-12T00:15:00+05:30,1,01:00:00,1,00:15:00,100.0,0.0,2016-11-11T18:30:00Z,2016-11-12T00:00:00+05:30,2016-11-11T18:45:00Z,2016-11-12T00:15:00+05:30
263.0,,,False,1,pm10,µg/m³,,raw,01:00:00,2016-11-11T18:00:00Z,2016-11-11T23:30:00+05:30,2016-11-11T19:00:00Z,2016-11-12T00:30:00+05:30,1,01:00:00,1,00:15:00,100.0,0.0,2016-11-11T18:45:00Z,2016-11-12T00:15:00+05:30,2016-11-11T19:00:00Z,2016-11-12T00:30:00+05:30
263.0,,,False,1,pm10,µg/m³,,raw,01:00:00,2016-11-11T18:15:00Z,2016-11-11T23:45:00+05:30,2016-11-11T19:15:00Z,2016-11-12T00:45:00+05:30,1,01:00:00,1,00:15:00,100.0,0.0,2016-11-11T19:00:00Z,2016-11-12T00:30:00+05:30,2016-11-11T19:15:00Z,2016-11-12T00:45:00+05:30
263.0,,,False,1,pm10,µg/m³,,raw,01:00:00,2016-11-11T18:30:00Z,2016-11-12T00:00:00+05:30,2016-11-11T19:30:00Z,2016-11-12T01:00:00+05:30,1,01:00:00,1,00:15:00,100.0,0.0,2016-11-11T19:15:00Z,2016-11-12T00:45:00+05:30,2016-11-11T19:30:00Z,2016-11-12T01:00:00+05:30
263.0,,,False,1,pm10,µg/m³,,raw,01:00:00,2016-11-11T18:45:00Z,2016-11-12T00:15:00+05:30,2016-11-11T19:45:00Z,2016-11-12T01:15:00+05:30,1,01:00:00,1,00:15:00,100.0,0.0,2016-11-11T19:30:00Z,2016-11-12T01:00:00+05:30,2016-11-11T19:45:00Z,2016-11-12T01:15:00+05:30
262.0,,,False,1,pm10,µg/m³,,raw,01:00:00,2016-11-11T19:00:00Z,2016-11-12T00:30:00+05:30,2016-11-11T20:00:00Z,2016-11-12T01:30:00+05:30,1,01:00:00,1,00:15:00,100.0,0.0,2016-11-11T19:45:00Z,2016-11-12T01:15:00+05:30,2016-11-11T20:00:00Z,2016-11-12T01:30:00+05:30
260.0,,,False,1,pm10,µg/m³,,raw,01:00:00,2016-11-11T19:15:00Z,2016-11-12T00:45:00+05:30,2016-11-11T20:15:00Z,2016-11-12T01:45:00+05:30,1,01:00:00,1,00:15:00,100.0,0.0,2016-11-11T20:00:00Z,2016-11-12T01:30:00+05:30,2016-11-11T20:15:00Z,2016-11-12T01:45:00+05:30
261.0,,,False,1,pm10,µg/m³,,raw,01:00:00,2016-11-11T19:30:00Z,2016-11-12T01:00:00+05:30,2016-11-11T20:30:00Z,2016-11-12T02:00:00+05:30,1,01:00:00,1,00:15:00,100.0,0.0,2016-11-11T20:15:00Z,2016-11-12T01:45:00+05:30,2016-11-11T20:30:00Z,2016-11-12T02:00:00+05:30
259.0,,,False,1,pm10,µg/m³,,raw,01:00:00,2016-11-11T19:45:00Z,2016-11-12T01:15:00+05:30,2016-11-11T20:45:00Z,2016-11-12T02:15:00+05:30,1,01:00:00,1,00:15:00,100.0,0.0,2016-11-11T20:30:00Z,2016-11-12T02:00:00+05:30,2016-11-11T20:45:00Z,2016-11-12T02:15:00+05:30
258.0,,,False,1,pm10,µg/m³,,raw,01:00:00,2016-11-11T20:00:00Z,2016-11-12T01:30:00+05:30,2016-11-11T21:00:00Z,2016-11-12T02:30:00+05:30,1,01:00:00,1,00:15:00,100.0,0.0,2016-11-11T20:45:00Z,2016-11-12T02:15:00+05:30,2016-11-11T21:00:00Z,2016-11-12T02:30:00+05:30
255.0,,,False,1,pm10,µg/m³,,raw,01:00:00,2016-11-11T20:15:00Z,2016-11-12T01:45:00+05:30,2016-11-11T21:15:00Z,2016-11-12T02:45:00+05:30,1,01:00:00,1,00:15:00,100.0,0.0,2016-11-11T21:00:00Z,2016-11-12T02:30:00+05:30,2016-11-11T21:15:00Z,2016-11-12T02:45:00+05:30
249.0,,,False,1,pm10,µg/m³,,raw,01:00:00,2016-11-11T20:30:00Z,2016-11-12T02:00:00+05:30,2016-11-11T21:30:00Z,2016-11-12T03:00:00+05:30,1,01:00:00,1,00:15:00,100.0,0.0,2016-11-11T21:15:00Z,2016-11-12T02:45:00+05:30,2016-11-11T21:30:00Z,2016-11-12T03:00:00+05:30
245.0,,,False,1,pm10,µg/m³,,raw,01:00:00,2016-11-11T20:45:00Z,2016-11-12T02:15:00+05:30,2016-11-11T21:45:00Z,2016-11-12T03:15:00+05:30,1,01:00:00,1,00:15:00,100.0,0.0,2016-11-11T21:30:00Z,2016-11-12T03:00:00+05:30,2016-11-11T21:45:00Z,2016-11-12T03:15:00+05:30
245.0,,,False,1,pm10,µg/m³,,raw,01:00:00,2016-11-11T21:00:00Z,2016-11-12T02:30:00+05:30,2016-11-11T22:00:00Z,2016-11-12T03:30:00+05:30,1,01:00:00,1,00:15:00,100.0,0.0,2016-11-11T21:45:00Z,2016-11-12T03:15:00+05:30,2016-11-11T22:00:00Z,2016-11-12T03:30:00+05:30
246.0,,,False,1,pm10,µg/m³,,raw,01:00:00,2016-11-11T21:15:00Z,2016-11-12T02:45:00+05:30,2016-11-11T22:15:00Z,2016-11-12T03:45:00+05:30,1,01:00:00,1,00:15:00,100.0,0.0,2016-11-11T22:00:00Z,2016-11-12T03:30:00+05:30,2016-11-11T22:15:00Z,2016-11-12T03:45:00+05:30
250.0,,,False,1,pm10,µg/m³,,raw,01:00:00,2016-11-11T21:30:00Z,2016-11-12T03:00:00+05:30,2016-11-11T22:30:00Z,2016-11-12T04:00:00+05:30,1,01:00:00,1,00:15:00,100.0,0.0,2016-11-11T22:15:00Z,2016-11-12T03:45:00+05:30,2016-11-11T22:30:00Z,2016-11-12T04:00:00+05:30
252.0,,,False,1,pm10,µg/m³,,raw,01:00:00,2016-11-11T21:45:00Z,2016-11-12T03:15:00+05:30,2016-11-11T22:45:00Z,2016-11-12T04:15:00+05:30,1,01:00:00,1,00:15:00,100.0,0.0,2016-11-11T22:30:00Z,2016-11-12T04:00:00+05:30,2016-11-11T22:45:00Z,2016-11-12T04:15:00+05:30
247.0,,,False,1,pm10,µg/m³,,raw,01:00:00,2016-11-11T22:00:00Z,2016-11-12T03:30:00+05:30,2016-11-11T23:00:00Z,2016-11-12T04:30:00+05:30,1,01:00:00,1,00:15:00,100.0,0.0,2016-11-11T22:45:00Z,2016-11-12T04:15:00+05:30,2016-11-11T23:00:00Z,2016-11-12T04:30:00+05:30
241.0,,,False,1,pm10,µg/m³,,raw,01:00:00,2016-11-11T22:15:00Z,2016-11-12T03:45:00+05:30,2016-11-11T23:15:00Z,2016-11-12T04:45:00+05:30,1,01:00:00,1,00:15:00,100.0,0.0,2016-11-11T23:00:00Z,2016-11-12T04:30:00+05:30,2016-11-11T23:15:00Z,2016-11-12T04:45:00+05:30
234.0,,,False,1,pm10,µg/m³,,raw,01:00:00,2016-11-11T22:30:00Z,2016-11-12T04:00:00+05:30,2016-11-11T23:30:00Z,2016-11-12T05:00:00+05:30,1,01:00:00,1,00:15:00,100.0,0.0,2016-11-11T23:15:00Z,2016-11-12T04:45:00+05:30,2016-11-11T23:30:00Z,2016-11-12T05:00:00+05:30
229.0,,,False,1,pm10,µg/m³,,raw,01:00:00,2016-11-11T22:45:00Z,2016-11-12T04:15:00+05:30,2016-11-11T23:45:00Z,2016-11-12T05:15:00+05:30,1,01:00:00,1,00:15:00,100.0,0.0,2016-11-11T23:30:00Z,2016-11-12T05:00:00+05:30,2016-11-11T23:45:00Z,2016-11-12T05:15:00+05:30
227.0,,,False,1,pm10,µg/m³,,raw,01:00:00,2016-11-11T23:00:00Z,2016-11-12T04:30:00+05:30,2016-11-12T00:00:00Z,2016-11-12T05:30:00+05:30,1,01:00:00,1,00:15:00,100.0,0.0,2016-11-11T23:45:00Z,2016-11-12T05:15:00+05:30,2016-11-12T00:00:00Z,2016-11-12T05:30:00+05:30
226.0,,,False,1,pm10,µg/m³,,raw,01:00:00,2016-11-11T23:15:00Z,2016-11-12T04:45:00+05:30,2016-11-12T00:15:00Z,2016-11-12T05:45:00+05:30,1,01:00:00,1,00:15:00,100.0,0.0,2016-11-12T00:00:00Z,2016-11-12T05:30:00+05:30,2016-11-12T00:15:00Z,2016-11-12T05:45:00+05:30
227.0,,,False,1,pm10,µg/m³,,raw,01:00:00,2016-11-11T23:30:00Z,2016-11-12T05:00:00+05:30,2016-11-12T00:30:00Z,2016-11-12T06:00:00+05:30,1,01:00:00,1,00:15:00,100.0,0.0,2016-11-12T00:15:00Z,2016-11-12T05:45:00+05:30,2016-11-12T00:30:00Z,2016-11-12T06:00:00+05:30
224.0,,,False,1,pm10,µg/m³,,raw,01:00:00,2016-11-11T23:45:00Z,2016-11-12T05:15:00+05:30,2016-11-12T00:45:00Z,2016-11-12T06:15:00+05:30,1,01:00:00,1,00:15:00,100.0,0.0,2016-11-12T00:30:00Z,2016-11-12T06:00:00+05:30,2016-11-12T00:45:00Z,2016-11-12T06:15:00+05:30
221.0,,,False,1,pm10,µg/m³,,raw,01:00:00,2016-11-12T00:00:00Z,2016-11-12T05:30:00+05:30,2016-11-12T01:00:00Z,2016-11-12T06:30:00+05:30,1,01:00:00,1,00:15:00,100.0,0.0,2016-11-12T00:45:00Z,2016-11-12T06:15:00+05:30,2016-11-12T01:00:00Z,2016-11-12T06:30:00+05:30
223.0,,,False,1,pm10,µg/m³,,raw,01:00:00,2016-11-12T00:15:00Z,2016-11-12T05:45:00+05:30,2016-11-12T01:15:00Z,2016-11-12T06:45:00+05:30,1,01:00:00,1,00:15:00,100.0,0.0,2016-11-12T01:00:00Z,2016-11-12T06:30:00+05:30,2016-11-12T01:15:00Z,2016-11-12T06:45:00+05:30
226.0,,,False,1,pm10,µg/m³,,raw,01:00:00,2016-11-12T00:30:00Z,2016-11-12T06:00:00+05:30,2016-11-12T01:30:00Z,2016-11-12T07:00:00+05:30,1,01:00:00,1,00:15:00,100.0,0.0,2016-11-12T01:15:00Z,2016-11-12T06:45:00+05:30,2016-11-12T01:30:00Z,2016-11-12T07:00:00+05:30
231.0,,,False,1,pm10,µg/m³,,raw,01:00:00,2016-11-12T00:45:00Z,2016-11-12T06:15:00+05:30,2016-11-12T01:45:00Z,2016-11-12T07:15:00+05:30,1,01:00:00,1,00:15:00,100.0,0.0,2016-11-12T01:30:00Z,2016-11-12T07:00:00+05:30,2016-11-12T01:45:00Z,2016-11-12T07:15:00+05:30
247.0,,,False,1,pm10,µg/m³,,raw,01:00:00,2016-11-12T01:15:00Z,2016-11-12T06:45:00+05:30,2016-11-12T02:15:00Z,2016-11-12T07:45:00+05:30,1,01:00:00,1,00:15:00,100.0,0.0,2016-11-12T02:00:00Z,2016-11-12T07:30:00+05:30,2016-11-12T02:15:00Z,2016-11-12T07:45:00+05:30
254.0,,,False,1,pm10,µg/m³,,raw,01:00:00,2016-11-12T01:30:00Z,2016-11-12T07:00:00+05:30,2016-11-12T02:30:00Z,2016-11-12T08:00:00+05:30,1,01:00:00,1,00:15:00,100.0,0.0,2016-11-12T02:15:00Z,2016-11-12T07:45:00+05:30,2016-11-12T02:30:00Z,2016-11-12T08:00:00+05:30
263.0,,,False,1,pm10,µg/m³,,raw,01:00:00,2016-11-12T01:45:00Z,2016-11-12T07:15:00+05:30,2016-11-12T02:45:00Z,2016-11-12T08:15:00+05:30,1,01:00:00,1,00:15:00,100.0,0.0,2016-11-12T02:30:00Z,2016-11-12T08:00:00+05:30,2016-11-12T02:45:00Z,2016-11-12T08:15:00+05:30
273.0,,,False,1,pm10,µg/m³,,raw,01:00:00,2016-11-12T02:00:00Z,2016-11-12T07:30:00+05:30,2016-11-12T03:00:00Z,2016-11-12T08:30:00+05:30,1,01:00:00,1,00:15:00,100.0,0.0,2016-11-12T02:45:00Z,2016-11-12T08:15:00+05:30,2016-11-12T03:00:00Z,2016-11-12T08:30:00+05:30
283.0,,,False,1,pm10,µg/m³,,raw,01:00:00,2016-11-12T02:15:00Z,2016-11-12T07:45:00+05:30,2016-11-12T03:15:00Z,2016-11-12T08:45:00+05:30,1,01:00:00,1,00:15:00,100.0,0.0,2016-11-12T03:00:00Z,2016-11-12T08:30:00+05:30,2016-11-12T03:15:00Z,2016-11-12T08:45:00+05:30
288.0,,,False,1,pm10,µg/m³,,raw,01:00:00,2016-11-12T02:30:00Z,2016-11-12T08:00:00+05:30,2016-11-12T03:30:00Z,2016-11-12T09:00:00+05:30,1,01:00:00,1,00:15:00,100.0,0.0,2016-11-12T03:15:00Z,2016-11-12T08:45:00+05:30,2016-11-12T03:30:00Z,2016-11-12T09:00:00+05:30
280.0,,,False,1,pm10,µg/m³,,raw,01:00:00,2016-11-12T02:45:00Z,2016-11-12T08:15:00+05:30,2016-11-12T03:45:00Z,2016-11-12T09:15:00+05:30,1,01:00:00,1,00:15:00,100.0,0.0,2016-11-12T03:30:00Z,2016-11-12T09:00:00+05:30,2016-11-12T03:45:00Z,2016-11-12T09:15:00+05:30
260.0,,,False,1,pm10,µg/m³,,raw,01:00:00,2016-11-12T03:00:00Z,2016-11-12T08:30:00+05:30,2016-11-12T04:00:00Z,2016-11-12T09:30:00+05:30,1,01:00:00,1,00:15:00,100.0,0.0,2016-11-12T03:45:00Z,2016-11-12T09:15:00+05:30,2016-11-12T04:00:00Z,2016-11-12T09:30:00+05:30
233.0,,,False,1,pm10,µg/m³,,raw,01:00:00,2016-11-12T03:15:00Z,2016-11-12T08:45:00+05:30,2016-11-12T04:15:00Z,2016-11-12T09:45:00+05:30,1,01:00:00,1,00:15:00,100.0,0.0,2016-11-12T04:00:00Z,2016-11-12T09:30:00+05:30,2016-11-12T04:15:00Z,2016-11-12T09:45:00+05:30
206.0,,,False,1,pm10,µg/m³,,raw,01:00:00,2016-11-12T03:30:00Z,2016-11-12T09:00:00+05:30,2016-11-12T04:30:00Z,2016-11-12T10:00:00+05:30,1,01:00:00,1,00:15:00,100.0,0.0,2016-11-12T04:15:00Z,2016-11-12T09:45:00+05:30,2016-11-12T04:30:00Z,2016-11-12T10:00:00+05:30
190.0,,,False,1,pm10,µg/m³,,raw,01:00:00,2016-11-12T03:45:00Z,2016-11-12T09:15:00+05:30,2016-11-12T04:45:00Z,2016-11-12T10:15:00+05:30,1,01:00:00,1,00:15:00,100.0,0.0,2016-11-12T04:30:00Z,2016-11-12T10:00:00+05:30,2016-11-12T04:45:00Z,2016-11-12T10:15:00+05:30
182.0,,,False,1,pm10,µg/m³,,raw,01:00:00,2016-11-12T04:00:00Z,2016-11-12T09:30:00+05:30,2016-11-12T05:00:00Z,2016-11-12T10:30:00+05:30,1,01:00:00,1,00:15:00,100.0,0.0,2016-11-12T04:45:00Z,2016-11-12T10:15:00+05:30,2016-11-12T05:00:00Z,2016-11-12T10:30:00+05:30
175.0,,,False,1,pm10,µg/m³,,raw,01:00:00,2016-11-12T04:15:00Z,2016-11-12T09:45:00+05:30,2016-11-12T05:15:00Z,2016-11-12T10:45:00+05:30,1,01:00:00,1,00:15:00,100.0,0.0,2016-11-12T05:00:00Z,2016-11-12T10:30:00+05:30,2016-11-12T05:15:00Z,2016-11-12T10:45:00+05:30
174.0,,,False,1,pm10,µg/m³,,raw,01:00:00,2016-11-12T04:30:00Z,2016-11-12T10:00:00+05:30,2016-11-12T05:30:00Z,2016-11-12T11:00:00+05:30,1,01:00:00,1,00:15:00,100.0,0.0,2016-11-12T05:15:00Z,2016-11-12T10:45:00+05:30,2016-11-12T05:30:00Z,2016-11-12T11:00:00+05:30
179.0,,,False,1,pm10,µg/m³,,raw,01:00:00,2016-11-12T04:45:00Z,2016-11-12T10:15:00+05:30,2016-11-12T05:45:00Z,2016-11-12T11:15:00+05:30,1,01:00:00,1,00:15:00,100.0,0.0,2016-11-12T05:30:00Z,2016-11-12T11:00:00+05:30,2016-11-12T05:45:00Z,2016-11-12T11:15:00+05:30
189.0,,,False,1,pm10,µg/m³,,raw,01:00:00,2016-11-12T05:00:00Z,2016-11-12T10:30:00+05:30,2016-11-12T06:00:00Z,2016-11-12T11:30:00+05:30,1,01:00:00,1,00:15:00,100.0,0.0,2016-11-12T05:45:00Z,2016-11-12T11:15:00+05:30,2016-11-12T06:00:00Z,2016-11-12T11:30:00+05:30
206.0,,,False,1,pm10,µg/m³,,raw,01:00:00,2016-11-12T05:15:00Z,2016-11-12T10:45:00+05:30,2016-11-12T06:15:00Z,2016-11-12T11:45:00+05:30,1,01:00:00,1,00:15:00,100.0,0.0,2016-11-12T06:00:00Z,2016-11-12T11:30:00+05:30,2016-11-12T06:15:00Z,2016-11-12T11:45:00+05:30
229.0,,,False,1,pm10,µg/m³,,raw,01:00:00,2016-11-12T05:30:00Z,2016-11-12T11:00:00+05:30,2016-11-12T06:30:00Z,2016-11-12T12:00:00+05:30,1,01:00:00,1,00:15:00,100.0,0.0,2016-11-12T06:15:00Z,2016-11-12T11:45:00+05:30,2016-11-12T06:30:00Z,2016-11-12T12:00:00+05:30
245.0,,,False,1,pm10,µg/m³,,raw,01:00:00,2016-11-12T05:45:00Z,2016-11-12T11:15:00+05:30,2016-11-12T06:45:00Z,2016-11-12T12:15:00+05:30,1,01:00:00,1,00:15:00,100.0,0.0,2016-11-12T06:30:00Z,2016-11-12T12:00:00+05:30,2016-11-12T06:45:00Z,2016-11-12T12:15:00+05:30
253.0,,,False,1,pm10,µg/m³,,raw,01:00:00,2016-11-12T06:00:00Z,2016-11-12T11:30:00+05:30,2016-11-12T07:00:00Z,2016-11-12T12:30:00+05:30,1,01:00:00,1,00:15:00,100.0,0.0,2016-11-12T06:45:00Z,2016-11-12T12:15:00+05:30,2016-11-12T07:00:00Z,2016-11-12T12:30:00+05:30
255.0,,,False,1,pm10,µg/m³,,raw,01:00:00,2016-11-12T06:15:00Z,2016-11-12T11:45:00+05:30,2016-11-12T07:15:00Z,2016-11-12T12:45:00+05:30,1,01:00:00,1,00:15:00,100.0,0.0,2016-11-12T07:00:00Z,2016-11-12T12:30:00+05:30,2016-11-12T07:15:00Z,2016-11-12T12:45:00+05:30
247.0,,,False,1,pm10,µg/m³,,raw,01:00:00,2016-11-12T06:30:00Z,2016-11-12T12:00:00+05:30,2016-11-12T07:30:00Z,2016-11-12T13:00:00+05:30,1,01:00:00,1,00:15:00,100.0,0.0,2016-11-12T07:15:00Z,2016-11-12T12:45:00+05:30,2016-11-12T07:30:00Z,2016-11-12T13:00:00+05:30
239.0,,,False,1,pm10,µg/m³,,raw,01:00:00,2016-11-12T06:45:00Z,2016-11-12T12:15:00+05:30,2016-11-12T07:45:00Z,2016-11-12T13:15:00+05:30,1,01:00:00,1,00:15:00,100.0,0.0,2016-11-12T07:30:00Z,2016-11-12T13:00:00+05:30,2016-11-12T07:45:00Z,2016-11-12T13:15:00+05:30
232.0,,,False,1,pm10,µg/m³,,raw,01:00:00,2016-11-12T07:00:00Z,2016-11-12T12:30:00+05:30,2016-11-12T08:00:00Z,2016-11-12T13:30:00+05:30,1,01:00:00,1,00:15:00,100.0,0.0,2016-11-12T07:45:00Z,2016-11-12T13:15:00+05:30,2016-11-12T08:00:00Z,2016-11-12T13:30:00+05:30
227.0,,,False,1,pm10,µg/m³,,raw,01:00:00,2016-11-12T07:15:00Z,2016-11-12T12:45:00+05:30,2016-11-12T08:15:00Z,2016-11-12T13:45:00+05:30,1,01:00:00,1,00:15:00,100.0,0.0,2016-11-12T08:00:00Z,2016-11-12T13:30:00+05:30,2016-11-12T08:15:00Z,2016-11-12T13:45:00+05:30
223.0,,,False,1,pm10,µg/m³,,raw,01:00:00,2016-11-12T07:30:00Z,2016-11-12T13:00:00+05:30,2016-11-12T08:30:00Z,2016-11-12T14:00:00+05:30,1,01:00:00,1,00:15:00,100.0,0.0,2016-11-12T08:15:00Z,2016-11-12T13:45:00+05:30,2016-11-12T08:30:00Z,2016-11-12T14:00:00+05:30
221.0,,,False,1,pm10,µg/m³,,raw,01:00:00,2016-11-12T07:45:00Z,2016-11-12T13:15:00+05:30,2016-11-12T08:45:00Z,2016-11-12T14:15:00+05:30,1,01:00:00,1,00:15:00,100.0,0.0,2016-11-12T08:30:00Z,2016-11-12T14:00:00+05:30,2016-11-12T08:45:00Z,2016-11-12T14:15:00+05:30
220.0,,,False,1,pm10,µg/m³,,raw,01:00:00,2016-11-12T08:00:00Z,2016-11-12T13:30:00+05:30,2016-11-12T09:00:00Z,2016-11-12T14:30:00+05:30,1,01:00:00,1,00:15:00,100.0,0.0,2016-11-12T08:45:00Z,2016-11-12T14:15:00+05:30,2016-11-12T09:00:00Z,2016-11-12T14:30:00+05:30
220.0,,,False,1,pm10,µg/m³,,raw,01:00:00,2016-11-12T08:15:00Z,2016-11-12T13:45:00+05:30,2016-11-12T09:15:00Z,2016-11-12T14:45:00+05:30,1,01:00:00,1,00:15:00,100.0,0.0,2016-11-12T09:00:00Z,2016-11-12T14:30:00+05:30,2016-11-12T09:15:00Z,2016-11-12T14:45:00+05:30
220.0,,,False,1,pm10,µg/m³,,raw,01:00:00,2016-11-12T08:30:00Z,2016-11-12T14:00:00+05:30,2016-11-12T09:30:00Z,2016-11-12T15:00:00+05:30,1,01:00:00,1,00:15:00,100.0,0.0,2016-11-12T09:15:00Z,2016-11-12T14:45:00+05:30,2016-11-12T09:30:00Z,2016-11-12T15:00:00+05:30
220.0,,,False,1,pm10,µg/m³,,raw,01:00:00,2016-11-12T08:45:00Z,2016-11-12T14:15:00+05:30,2016-11-12T09:45:00Z,2016-11-12T15:15:00+05:30,1,01:00:00,1,00:15:00,100.0,0.0,2016-11-12T09:30:00Z,2016-11-12T15:00:00+05:30,2016-11-12T09:45:00Z,2016-11-12T15:15:00+05:30
216.0,,,False,1,pm10,µg/m³,,raw,01:00:00,2016-11-12T09:00:00Z,2016-11-12T14:30:00+05:30,2016-11-12T10:00:00Z,2016-11-12T15:30:00+05:30,1,01:00:00,1,00:15:00,100.0,0.0,2016-11-12T09:45:00Z,2016-11-12T15:15:00+05:30,2016-11-12T10:00:00Z,2016-11-12T15:30:00+05:30
211.0,,,False,1,pm10,µg/m³,,raw,01:00:00,2016-11-12T09:15:00Z,2016-11-12T14:45:00+05:30,2016-11-12T10:15:00Z,2016-11-12T15:45:00+05:30,1,01:00:00,1,00:15:00,100.0,0.0,2016-11-12T10:00:00Z,2016-11-12T15:30:00+05:30,2016-11-12T10:15:00Z,2016-11-12T15:45:00+05:30
208.0,,,False,1,pm10,µg/m³,,raw,01:00:00,2016-11-12T09:30:00Z,2016-11-12T15:00:00+05:30,2016-11-12T10:30:00Z,2016-11-12T16:00:00+05:30,1,01:00:00,1,00:15:00,100.0,0.0,2016-11-12T10:15:00Z,2016-11-12T15:45:00+05:30,2016-11-12T10:30:00Z,2016-11-12T16:00:00+05:30
205.0,,,False,1,pm10,µg/m³,,raw,01:00:00,2016-11-12T09:45:00Z,2016-11-12T15:15:00+05:30,2016-11-12T10:45:00Z,2016-11-12T16:15:00+05:30,1,01:00:00,1,00:15:00,100.0,0.0,2016-11-12T10:30:00Z,2016-11-12T16:00:00+05:30,2016-11-12T10:45:00Z,2016-11-12T16:15:00+05:30
204.0,,,False,1,pm10,µg/m³,,raw,01:00:00,2016-11-12T10:00:00Z,2016-11-12T15:30:00+05:30,2016-11-12T11:00:00Z,2016-11-12T16:30:00+05:30,1,01:00:00,1,00:15:00,100.0,0.0,2016-11-12T10:45:00Z,2016-11-12T16:15:00+05:30,2016-11-12T11:00:00Z,2016-11-12T16:30:00+05:30
202.0,,,False,1,pm10,µg/m³,,raw,01:00:00,2016-11-12T10:15:00Z,2016-11-12T15:45:00+05:30,2016-11-12T11:15:00Z,2016-11-12T16:45:00+05:30,1,01:00:00,1,00:15:00,100.0,0.0,2016-11-12T11:00:00Z,2016-11-12T16:30:00+05:30,2016-11-12T11:15:00Z,2016-11-12T16:45:00+05:30
196.0,,,False,1,pm10,µg/m³,,raw,01:00:00,2016-11-12T10:30:00Z,2016-11-12T16:00:00+05:30,2016-11-12T11:30:00Z,2016-11-12T17:00:00+05:30,1,01:00:00,1,00:15:00,100.0,0.0,2016-11-12T11:15:00Z,2016-11-12T16:45:00+05:30,2016-11-12T11:30:00Z,2016-11-12T17:00:00+05:30
191.0,,,False,1,pm10,µg/m³,,raw,01:00:00,2016-11-12T10:45:00Z,2016-11-12T16:15:00+05:30,2016-11-12T11:45:00Z,2016-11-12T17:15:00+05:30,1,01:00:00,1,00:15:00,100.0,0.0,2016-11-12T11:30:00Z,2016-11-12T17:00:00+05:30,2016-11-12T11:45:00Z,2016-11-12T17:15:00+05:30
185.0,,,False,1,pm10,µg/m³,,raw,01:00:00,2016-11-12T11:00:00Z,2016-11-12T16:30:00+05:30,2016-11-12T12:00:00Z,2016-11-12T17:30:00+05:30,1,01:00:00,1,00:15:00,100.0,0.0,2016-11-12T11:45:00Z,2016-11-12T17:15:00+05:30,2016-11-12T12:00:00Z,2016-11-12T17:30:00+05:30
184.0,,,False,1,pm10,µg/m³,,raw,01:00:00,2016-11-12T11:15:00Z,2016-11-12T16:45:00+05:30,2016-11-12T12:15:00Z,2016-11-12T17:45:00+05:30,1,01:00:00,1,00:15:00,100.0,0.0,2016-11-12T12:00:00Z,2016-11-12T17:30:00+05:30,2016-11-12T12:15:00Z,2016-11-12T17:45:00+05:30
188.0,,,False,1,pm10,µg/m³,,raw,01:00:00,2016-11-12T11:30:00Z,2016-11-12T17:00:00+05:30,2016-11-12T12:30:00Z,2016-11-12T18:00:00+05:30,1,01:00:00,1,00:15:00,100.0,0.0,2016-11-12T12:15:00Z,2016-11-12T17:45:00+05:30,2016-11-12T12:30:00Z,2016-11-12T18:00:00+05:30
195.0,,,False,1,pm10,µg/m³,,raw,01:00:00,2016-11-12T11:45:00Z,2016-11-12T17:15:00+05:30,2016-11-12T12:45:00Z,2016-11-12T18:15:00+05:30,1,01:00:00,1,00:15:00,100.0,0.0,2016-11-12T12:30:00Z,2016-11-12T18:00:00+05:30,2016-11-12T12:45:00Z,2016-11-12T18:15:00+05:30
207.0,,,False,1,pm10,µg/m³,,raw,01:00:00,2016-11-12T12:00:00Z,2016-11-12T17:30:00+05:30,2016-11-12T13:00:00Z,2016-11-12T18:30:00+05:30,1,01:00:00,1,00:15:00,100.0,0.0,2016-11-12T12:45:00Z,2016-11-12T18:15:00+05:30,2016-11-12T13:00:00Z,2016-11-12T18:30:00+05:30
220.0,,,False,1,pm10,µg/m³,,raw,01:00:00,2016-11-12T12:15:00Z,2016-11-12T17:45:00+05:30,2016-11-12T13:15:00Z,2016-11-12T18:45:00+05:30,1,01:00:00,1,00:15:00,100.0,0.0,2016-11-12T13:00:00Z,2016-11-12T18:30:00+05:30,2016-11-12T13:15:00Z,2016-11-12T18:45:00+05:30
231.0,,,False,1,pm10,µg/m³,,raw,01:00:00,2016-11-12T12:30:00Z,2016-11-12T18:00:00+05:30,2016-11-12T13:30:00Z,2016-11-12T19:00:00+05:30,1,01:00:00,1,00:15:00,100.0,0.0,2016-11-12T13:15:00Z,2016-11-12T18:45:00+05:30,2016-11-12T13:30:00Z,2016-11-12T19:00:00+05:30
237.0,,,False,1,pm10,µg/m³,,raw,01:00:00,2016-11-12T12:45:00Z,2016-11-12T18:15:00+05:30,2016-11-12T13:45:00Z,2016-11-12T19:15:00+05:30,1,01:00:00,1,00:15:00,100.0,0.0,2016-11-12T13:30:00Z,2016-11-12T19:00:00+05:30,2016-11-12T13:45:00Z,2016-11-12T19:15:00+05:30
241.0,,,False,1,pm10,µg/m³,,raw,01:00:00,2016-11-12T13:00:00Z,2016-11-12T18:30:00+05:30,2016-11-12T14:00:00Z,2016-11-12T19:30:00+05:30,1,01:00:00,1,00:15:00,100.0,0.0,2016-11-12T13:45:00Z,2016-11-12T19:15:00+05:30,2016-11-12T14:00:00Z,2016-11-12T19:30:00+05:30
244.0,,,False,1,pm10,µg/m³,,raw,01:00:00,2016-11-12T13:15:00Z,2016-11-12T18:45:00+05:30,2016-11-12T14:15:00Z,2016-11-12T19:45:00+05:30,1,01:00:00,1,00:15:00,100.0,0.0,2016-11-12T14:00:00Z,2016-11-12T19:30:00+05:30,2016-11-12T14:15:00Z,2016-11-12T19:45:00+05:30
244.0,,,False,1,pm10,µg/m³,,raw,01:00:00,2016-11-12T13:30:00Z,2016-11-12T19:00:00+05:30,2016-11-12T14:30:00Z,2016-11-12T20:00:00+05:30,1,01:00:00,1,00:15:00,100.0,0.0,2016-11-12T14:15:00Z,2016-11-12T19:45:00+05:30,2016-11-12T14:30:00Z,2016-11-12T20:00:00+05:30
244.0,,,False,1,pm10,µg/m³,,raw,01:00:00,2016-11-12T13:45:00Z,2016-11-12T19:15:00+05:30,2016-11-12T14:45:00Z,2016-11-12T20:15:00+05:30,1,01:00:00,1,00:15:00,100.0,0.0,2016-11-12T14:30:00Z,2016-11-12T20:00:00+05:30,2016-11-12T14:45:00Z,2016-11-12T20:15:00+05:30
246.0,,,False,1,pm10,µg/m³,,raw,01:00:00,2016-11-12T14:00:00Z,2016-11-12T19:30:00+05:30,2016-11-12T15:00:00Z,2016-11-12T20:30:00+05:30,1,01:00:00,1,00:15:00,100.0,0.0,2016-11-12T14:45:00Z,2016-11-12T20:15:00+05:30,2016-11-12T15:00:00Z,2016-11-12T20:30:00+05:30
244.0,,,False,1,pm10,µg/m³,,raw,01:00:00,2016-11-12T14:15:00Z,2016-11-12T19:45:00+05:30,2016-11-12T15:15:00Z,2016-11-12T20:45:00+05:30,1,01:00:00,1,00:15:00,100.0,0.0,2016-11-12T15:00:00Z,2016-11-12T20:30:00+05:30,2016-11-12T15:15:00Z,2016-11-12T20:45:00+05:30
245.0,,,False,1,pm10,µg/m³,,raw,01:00:00,2016-11-12T14:30:00Z,2016-11-12T20:00:00+05:30,2016-11-12T15:30:00Z,2016-11-12T21:00:00+05:30,1,01:00:00,1,00:15:00,100.0,0.0,2016-11-12T15:15:00Z,2016-11-12T20:45:00+05:30,2016-11-12T15:30:00Z,2016-11-12T21:00:00+05:30
244.0,,,False,1,pm10,µg/m³,,raw,01:00:00,2016-11-12T14:45:00Z,2016-11-12T20:15:00+05:30,2016-11-12T15:45:00Z,2016-11-12T21:15:00+05:30,1,01:00:00,1,00:15:00,100.0,0.0,2016-11-12T15:30:00Z,2016-11-12T21:00:00+05:30,2016-11-12T15:45:00Z,2016-11-12T21:15:00+05:30
245.0,,,False,1,pm10,µg/m³,,raw,01:00:00,2016-11-12T15:00:00Z,2016-11-12T20:30:00+05:30,2016-11-12T16:00:00Z,2016-11-12T21:30:00+05:30,1,01:00:00,1,00:15:00,100.0,0.0,2016-11-12T15:45:00Z,2016-11-12T21:15:00+05:30,2016-11-12T16:00:00Z,2016-11-12T21:30:00+05:30
249.0,,,False,1,pm10,µg/m³,,raw,01:00:00,2016-11-12T15:15:00Z,2016-11-12T20:45:00+05:30,2016-11-12T16:15:00Z,2016-11-12T21:45:00+05:30,1,01:00:00,1,00:15:00,100.0,0.0,2016-11-12T16:00:00Z,2016-11-12T21:30:00+05:30,2016-11-12T16:15:00Z,2016-11-12T21:45:00+05:30
252.0,,,False,1,pm10,µg/m³,,raw,01:00:00,2016-11-12T15:30:00Z,2016-11-12T21:00:00+05:30,2016-11-12T16:30:00Z,2016-11-12T22:00:00+05:30,1,01:00:00,1,00:15:00,100.0,0.0,2016-11-12T16:15:00Z,2016-11-12T21:45:00+05:30,2016-11-12T16:30:00Z,2016-11-12T22:00:00+05:30
255.0,,,False,1,pm10,µg/m³,,raw,01:00:00,2016-11-12T15:45:00Z,2016-11-12T21:15:00+05:30,2016-11-12T16:45:00Z,2016-11-12T22:15:00+05:30,1,01:00:00,1,00:15:00,100.0,0.0,2016-11-12T16:30:00Z,2016-11-12T22:00:00+05:30,2016-11-12T16:45:00Z,2016-11-12T22:15:00+05:30
255.0,,,False,1,pm10,µg/m³,,raw,01:00:00,2016-11-12T16:00:00Z,2016-11-12T21:30:00+05:30,2016-11-12T17:00:00Z,2016-11-12T22:30:00+05:30,1,01:00:00,1,00:15:00,100.0,0.0,2016-11-12T16:45:00Z,2016-11-12T22:15:00+05:30,2016-11-12T17:00:00Z,2016-11-12T22:30:00+05:30
255.0,,,False,1,pm10,µg/m³,,raw,01:00:00,2016-11-12T16:15:00Z,2016-11-12T21:45:00+05:30,2016-11-12T17:15:00Z,2016-11-12T22:45:00+05:30,1,01:00:00,1,00:15:00,100.0,0.0,2016-11-12T17:00:00Z,2016-11-12T22:30:00+05:30,2016-11-12T17:15:00Z,2016-11-12T22:45:00+05:30
255.0,,,False,1,pm10,µg/m³,,raw,01:00:00,2016-11-12T16:30:00Z,2016-11-12T22:00:00+05:30,2016-11-12T17:30:00Z,2016-11-12T23:00:00+05:30,1,01:00:00,1,00:15:00,100.0,0.0,2016-11-12T17:15:00Z,2016-11-12T22:45:00+05:30,2016-11-12T17:30:00Z,2016-11-12T23:00:00+05:30
254.0,,,False,1,pm10,µg/m³,,raw,01:00:00,2016-11-12T16:45:00Z,2016-11-12T22:15:00+05:30,2016-11-12T17:45:00Z,2016-11-12T23:15:00+05:30,1,01:00:00,1,00:15:00,100.0,0.0,2016-11-12T17:30:00Z,2016-11-12T23:00:00+05:30,2016-11-12T17:45:00Z,2016-11-12T23:15:00+05:30
254.0,,,False,1,pm10,µg/m³,,raw,01:00:00,2016-11-12T17:00:00Z,2016-11-12T22:30:00+05:30,2016-11-12T18:00:00Z,2016-11-12T23:30:00+05:30,1,01:00:00,1,00:15:00,100.0,0.0,2016-11-12T17:45:00Z,2016-11-12T23:15:00+05:30,2016-11-12T18:00:00Z,2016-11-12T23:30:00+05:30
255.0,,,False,1,pm10,µg/m³,,raw,01:00:00,2016-11-12T17:15:00Z,2016-11-12T22:45:00+05:30,2016-11-12T18:15:00Z,2016-11-12T23:45:00+05:30,1,01:00:00,1,00:15:00,100.0,0.0,2016-11-12T18:00:00Z,2016-11-12T23:30:00+05:30,2016-11-12T18:15:00Z,2016-11-12T23:45:00+05:30
192.0,,,False,1,pm10,µg/m³,,raw,01:00:00,2016-11-12T17:30:00Z,2016-11-12T23:00:00+05:30,2016-11-12T18:30:00Z,2016-11-13T00:00:00+05:30,1,01:00:00,1,00:15:00,100.0,0.0,2016-11-12T18:15:00Z,2016-11-12T23:45:00+05:30,2016-11-12T18:30:00Z,2016-11-13T00:00:00+05:30
261.0,,,False,1,pm10,µg/m³,,raw,01:00:00,2016-11-12T17:45:00Z,2016-11-12T23:15:00+05:30,2016-11-12T18:45:00Z,2016-11-13T00:15:00+05:30,1,01:00:00,1,00:15:00,100.0,0.0,2016-11-12T18:30:00Z,2016-11-13T00:00:00+05:30,2016-11-12T18:45:00Z,2016-11-13T00:15:00+05:30
263.0,,,False,1,pm10,µg/m³,,raw,01:00:00,2016-11-12T18:00:00Z,2016-11-12T23:30:00+05:30,2016-11-12T19:00:00Z,2016-11-13T00:30:00+05:30,1,01:00:00,1,00:15:00,100.0,0.0,2016-11-12T18:45:00Z,2016-11-13T00:15:00+05:30,2016-11-12T19:00:00Z,2016-11-13T00:30:00+05:30
265.0,,,False,1,pm10,µg/m³,,raw,01:00:00,2016-11-12T18:15:00Z,2016-11-12T23:45:00+05:30,2016-11-12T19:15:00Z,2016-11-13T00:45:00+05:30,1,01:00:00,1,00:15:00,100.0,0.0,2016-11-12T19:00:00Z,2016-11-13T00:30:00+05:30,2016-11-12T19:15:00Z,2016-11-13T00:45:00+05:30
264.0,,,False,1,pm10,µg/m³,,raw,01:00:00,2016-11-12T18:30:00Z,2016-11-13T00:00:00+05:30,2016-11-12T19:30:00Z,2016-11-13T01:00:00+05:30,1,01:00:00,1,00:15:00,100.0,0.0,2016-11-12T19:15:00Z,2016-11-13T00:45:00+05:30,2016-11-12T19:30:00Z,2016-11-13T01:00:00+05:30
262.0,,,False,1,pm10,µg/m³,,raw,01:00:00,2016-11-12T18:45:00Z,2016-11-13T00:15:00+05:30,2016-11-12T19:45:00Z,2016-11-13T01:15:00+05:30,1,01:00:00,1,00:15:00,100.0,0.0,2016-11-12T19:30:00Z,2016-11-13T01:00:00+05:30,2016-11-12T19:45:00Z,2016-11-13T01:15:00+05:30
258.0,,,False,1,pm10,µg/m³,,raw,01:00:00,2016-11-12T19:00:00Z,2016-11-13T00:30:00+05:30,2016-11-12T20:00:00Z,2016-11-13T01:30:00+05:30,1,01:00:00,1,00:15:00,100.0,0.0,2016-11-12T19:45:00Z,2016-11-13T01:15:00+05:30,2016-11-12T20:00:00Z,2016-11-13T01:30:00+05:30
252.0,,,False,1,pm10,µg/m³,,raw,01:00:00,2016-11-12T19:15:00Z,2016-11-13T00:45:00+05:30,2016-11-12T20:15:00Z,2016-11-13T01:45:00+05:30,1,01:00:00,1,00:15:00,100.0,0.0,2016-11-12T20:00:00Z,2016-11-13T01:30:00+05:30,2016-11-12T20:15:00Z,2016-11-13T01:45:00+05:30
245.0,,,False,1,pm10,µg/m³,,raw,01:00:00,2016-11-12T19:30:00Z,2016-11-13T01:00:00+05:30,2016-11-12T20:30:00Z,2016-11-13T02:00:00+05:30,1,01:00:00,1,00:15:00,100.0,0.0,2016-11-12T20:15:00Z,2016-11-13T01:45:00+05:30,2016-11-12T20:30:00Z,2016-11-13T02:00:00+05:30
237.0,,,False,1,pm10,µg/m³,,raw,01:00:00,2016-11-12T19:45:00Z,2016-11-13T01:15:00+05:30,2016-11-12T20:45:00Z,2016-11-13T02:15:00+05:30,1,01:00:00,1,00:15:00,100.0,0.0,2016-11-12T20:30:00Z,2016-11-13T02:00:00+05:30,2016-11-12T20:45:00Z,2016-11-13T02:15:00+05:30
233.0,,,False,1,pm10,µg/m³,,raw,01:00:00,2016-11-12T20:00:00Z,2016-11-13T01:30:00+05:30,2016-11-12T21:00:00Z,2016-11-13T02:30:00+05:30,1,01:00:00,1,00:15:00,100.0,0.0,2016-11-12T20:45:00Z,2016-11-13T02:15:00+05:30,2016-11-12T21:00:00Z,2016-11-13T02:30:00+05:30
228.0,,,False,1,pm10,µg/m³,,raw,01:00:00,2016-11-12T20:15:00Z,2016-11-13T01:45:00+05:30,2016-11-12T21:15:00Z,2016-11-13T02:45:00+05:30,1,01:00:00,1,00:15:00,100.0,0.0,2016-11-12T21:00:00Z,2016-11-13T02:30:00+05:30,2016-11-12T21:15:00Z,2016-11-13T02:45:00+05:30
226.0,,,False,1,pm10,µg/m³,,raw,01:00:00,2016-11-12T20:30:00Z,2016-11-13T02:00:00+05:30,2016-11-12T21:30:00Z,2016-11-13T03:00:00+05:30,1,01:00:00,1,00:15:00,100.0,0.0,2016-11-12T21:15:00Z,2016-11-13T02:45:00+05:30,2016-11-12T21:30:00Z,2016-11-13T03:00:00+05:30
228.0,,,False,1,pm10,µg/m³,,raw,01:00:00,2016-11-12T20:45:00Z,2016-11-13T02:15:00+05:30,2016-11-12T21:45:00Z,2016-11-13T03:15:00+05:30,1,01:00:00,1,00:15:00,100.0,0.0,2016-11-12T21:30:00Z,2016-11-13T03:00:00+05:30,2016-11-12T21:45:00Z,2016-11-13T03:15:00+05:30
224.0,,,False,1,pm10,µg/m³,,raw,01:00:00,2016-11-12T21:00:00Z,2016-11-13T02:30:00+05:30,2016-11-12T22:00:00Z,2016-11-13T03:30:00+05:30,1,01:00:00,1,00:15:00,100.0,0.0,2016-11-12T21:45:00Z,2016-11-13T03:15:00+05:30,2016-11-12T22:00:00Z,2016-11-13T03:30:00+05:30
219.0,,,False,1,pm10,µg/m³,,raw,01:00:00,2016-11-12T21:15:00Z,2016-11-13T02:45:00+05:30,2016-11-12T22:15:00Z,2016-11-13T03:45:00+05:30,1,01:00:00,1,00:15:00,100.0,0.0,2016-11-12T22:00:00Z,2016-11-13T03:30:00+05:30,2016-11-12T22:15:00Z,2016-11-13T03:45:00+05:30
210.0,,,False,1,pm10,µg/m³,,raw,01:00:00,2016-11-12T21:30:00Z,2016-11-13T03:00:00+05:30,2016-11-12T22:30:00Z,2016-11-13T04:00:00+05:30,1,01:00:00,1,00:15:00,100.0,0.0,2016-11-12T22:15:00Z,2016-11-13T03:45:00+05:30,2016-11-12T22:30:00Z,2016-11-13T04:00:00+05:30
198.0,,,False,1,pm10,µg/m³,,raw,01:00:00,2016-11-12T21:45:00Z,2016-11-13T03:15:00+05:30,2016-11-12T22:45:00Z,2016-11-13T04:15:00+05:30,1,01:00:00,1,00:15:00,100.0,0.0,2016-11-12T22:30:00Z,2016-11-13T04:00:00+05:30,2016-11-12T22:45:00Z,2016-11-13T04:15:00+05:30
191.0,,,False,1,pm10,µg/m³,,raw,01:00:00,2016-11-12T22:00:00Z,2016-11-13T03:30:00+05:30,2016-11-12T23:00:00Z,2016-11-13T04:30:00+05:30,1,01:00:00,1,00:15:00,100.0,0.0,2016-11-12T22:45:00Z,2016-11-13T04:15:00+05:30,2016-11-12T23:00:00Z,2016-11-13T04:30:00+05:30
186.0,,,False,1,pm10,µg/m³,,raw,01:00:00,2016-11-12T22:15:00Z,2016-11-13T03:45:00+05:30,2016-11-12T23:15:00Z,2016-11-13T04:45:00+05:30,1,01:00:00,1,00:15:00,100.0,0.0,2016-11-12T23:00:00Z,2016-11-13T04:30:00+05:30,2016-11-12T23:15:00Z,2016-11-13T04:45:00+05:30
184.0,,,False,1,pm10,µg/m³,,raw,01:00:00,2016-11-12T22:30:00Z,2016-11-13T04:00:00+05:30,2016-11-12T23:30:00Z,2016-11-13T05:00:00+05:30,1,01:00:00,1,00:15:00,100.0,0.0,2016-11-12T23:15:00Z,2016-11-13T04:45:00+05:30,2016-11-12T23:30:00Z,2016-11-13T05:00:00+05:30
183.0,,,False,1,pm10,µg/m³,,raw,01:00:00,2016-11-12T22:45:00Z,2016-11-13T04:15:00+05:30,2016-11-12T23:45:00Z,2016-11-13T05:15:00+05:30,1,01:00:00,1,00:15:00,100.0,0.0,2016-11-12T23:30:00Z,2016-11-13T05:00:00+05:30,2016-11-12T23:45:00Z,2016-11-13T05:15:00+05:30
183.0,,,False,1,pm10,µg/m³,,raw,01:00:00,2016-11-12T23:00:00Z,2016-11-13T04:30:00+05:30,2016-11-13T00:00:00Z,2016-11-13T05:30:00+05:30,1,01:00:00,1,00:15:00,100.0,0.0,2016-11-12T23:45:00Z,2016-11-13T05:15:00+05:30,2016-11-13T00:00:00Z,2016-11-13T05:30:00+05:30
186.0,,,False,1,pm10,µg/m³,,raw,01:00:00,2016-11-12T23:15:00Z,2016-11-13T04:45:00+05:30,2016-11-13T00:15:00Z,2016-11-13T05:45:00+05:30,1,01:00:00,1,00:15:00,100.0,0.0,2016-11-13T00:00:00Z,2016-11-13T05:30:00+05:30,2016-11-13T00:15:00Z,2016-11-13T05:45:00+05:30
191.0,,,False,1,pm10,µg/m³,,raw,01:00:00,2016-11-12T23:30:00Z,2016-11-13T05:00:00+05:30,2016-11-13T00:30:00Z,2016-11-13T06:00:00+05:30,1,01:00:00,1,00:15:00,100.0,0.0,2016-11-13T00:15:00Z,2016-11-13T05:45:00+05:30,2016-11-13T00:30:00Z,2016-11-13T06:00:00+05:30
196.0,,,False,1,pm10,µg/m³,,raw,01:00:00,2016-11-12T23:45:00Z,2016-11-13T05:15:00+05:30,2016-11-13T00:45:00Z,2016-11-13T06:15:00+05:30,1,01:00:00,1,00:15:00,100.0,0.0,2016-11-13T00:30:00Z,2016-11-13T06:00:00+05:30,2016-11-13T00:45:00Z,2016-11-13T06:15:00+05:30
200.0,,,False,1,pm10,µg/m³,,raw,01:00:00,2016-11-13T00:00:00Z,2016-11-13T05:30:00+05:30,2016-11-13T01:00:00Z,2016-11-13T06:30:00+05:30,1,01:00:00,1,00:15:00,100.0,0.0,2016-11-13T00:45:00Z,2016-11-13T06:15:00+05:30,2016-11-13T01:00:00Z,2016-11-13T06:30:00+05:30
204.0,,,False,1,pm10,µg/m³,,raw,01:00:00,2016-11-13T00:15:00Z,2016-11-13T05:45:00+05:30,2016-11-13T01:15:00Z,2016-11-13T06:45:00+05:30,1,01:00:00,1,00:15:00,100.0,0.0,2016-11-13T01:00:00Z,2016-11-13T06:30:00+05:30,2016-11-13T01:15:00Z,2016-11-13T06:45:00+05:30
211.0,,,False,1,pm10,µg/m³,,raw,01:00:00,2016-11-13T00:30:00Z,2016-11-13T06:00:00+05:30,2016-11-13T01:30:00Z,2016-11-13T07:00:00+05:30,1,01:00:00,1,00:15:00,100.0,0.0,2016-11-13T01:15:00Z,2016-11-13T06:45:00+05:30,2016-11-13T01:30:00Z,2016-11-13T07:00:00+05:30
228.0,,,False,1,pm10,µg/m³,,raw,01:00:00,2016-11-13T00:45:00Z,2016-11-13T06:15:00+05:30,2016-11-13T01:45:00Z,2016-11-13T07:15:00+05:30,1,01:00:00,1,00:15:00,100.0,0.0,2016-11-13T01:30:00Z,2016-11-13T07:00:00+05:30,2016-11-13T01:45:00Z,2016-11-13T07:15:00+05:30
244.0,,,False,1,pm10,µg/m³,,raw,01:00:00,2016-11-13T01:00:00Z,2016-11-13T06:30:00+05:30,2016-11-13T02:00:00Z,2016-11-13T07:30:00+05:30,1,01:00:00,1,00:15:00,100.0,0.0,2016-11-13T01:45:00Z,2016-11-13T07:15:00+05:30,2016-11-13T02:00:00Z,2016-11-13T07:30:00+05:30
254.0,,,False,1,pm10,µg/m³,,raw,01:00:00,2016-11-13T01:15:00Z,2016-11-13T06:45:00+05:30,2016-11-13T02:15:00Z,2016-11-13T07:45:00+05:30,1,01:00:00,1,00:15:00,100.0,0.0,2016-11-13T02:00:00Z,2016-11-13T07:30:00+05:30,2016-11-13T02:15:00Z,2016-11-13T07:45:00+05:30
260.0,,,False,1,pm10,µg/m³,,raw,01:00:00,2016-11-13T01:30:00Z,2016-11-13T07:00:00+05:30,2016-11-13T02:30:00Z,2016-11-13T08:00:00+05:30,1,01:00:00,1,00:15:00,100.0,0.0,2016-11-13T02:15:00Z,2016-11-13T07:45:00+05:30,2016-11-13T02:30:00Z,2016-11-13T08:00:00+05:30
257.0,,,False,1,pm10,µg/m³,,raw,01:00:00,2016-11-13T01:45:00Z,2016-11-13T07:15:00+05:30,2016-11-13T02:45:00Z,2016-11-13T08:15:00+05:30,1,01:00:00,1,00:15:00,100.0,0.0,2016-11-13T02:30:00Z,2016-11-13T08:00:00+05:30,2016-11-13T02:45:00Z,2016-11-13T08:15:00+05:30
256.0,,,False,1,pm10,µg/m³,,raw,01:00:00,2016-11-13T02:00:00Z,2016-11-13T07:30:00+05:30,2016-11-13T03:00:00Z,2016-11-13T08:30:00+05:30,1,01:00:00,1,00:15:00,100.0,0.0,2016-11-13T02:45:00Z,2016-11-13T08:15:00+05:30,2016-11-13T03:00:00Z,2016-11-13T08:30:00+05:30
261.0,,,False,1,pm10,µg/m³,,raw,01:00:00,2016-11-13T02:15:00Z,2016-11-13T07:45:00+05:30,2016-11-13T03:15:00Z,2016-11-13T08:45:00+05:30,1,01:00:00,1,00:15:00,100.0,0.0,2016-11-13T03:00:00Z,2016-11-13T08:30:00+05:30,2016-11-13T03:15:00Z,2016-11-13T08:45:00+05:30
268.0,,,False,1,pm10,µg/m³,,raw,01:00:00,2016-11-13T02:30:00Z,2016-11-13T08:00:00+05:30,2016-11-13T03:30:00Z,2016-11-13T09:00:00+05:30,1,01:00:00,1,00:15:00,100.0,0.0,2016-11-13T03:15:00Z,2016-11-13T08:45:00+05:30,2016-11-13T03:30:00Z,2016-11-13T09:00:00+05:30
271.0,,,False,1,pm10,µg/m³,,raw,01:00:00,2016-11-13T02:45:00Z,2016-11-13T08:15:00+05:30,2016-11-13T03:45:00Z,2016-11-13T09:15:00+05:30,1,01:00:00,1,00:15:00,100.0,0.0,2016-11-13T03:30:00Z,2016-11-13T09:00:00+05:30,2016-11-13T03:45:00Z,2016-11-13T09:15:00+05:30
274.0,,,False,1,pm10,µg/m³,,raw,01:00:00,2016-11-13T03:00:00Z,2016-11-13T08:30:00+05:30,2016-11-13T04:00:00Z,2016-11-13T09:30:00+05:30,1,01:00:00,1,00:15:00,100.0,0.0,2016-11-13T03:45:00Z,2016-11-13T09:15:00+05:30,2016-11-13T04:00:00Z,2016-11-13T09:30:00+05:30
275.0,,,False,1,pm10,µg/m³,,raw,01:00:00,2016-11-13T03:15:00Z,2016-11-13T08:45:00+05:30,2016-11-13T04:15:00Z,2016-11-13T09:45:00+05:30,1,01:00:00,1,00:15:00,100.0,0.0,2016-11-13T04:00:00Z,2016-11-13T09:30:00+05:30,2016-11-13T04:15:00Z,2016-11-13T09:45:00+05:30
273.0,,,False,1,pm10,µg/m³,,raw,01:00:00,2016-11-13T03:30:00Z,2016-11-13T09:00:00+05:30,2016-11-13T04:30:00Z,2016-11-13T10:00:00+05:30,1,01:00:00,1,00:15:00,100.0,0.0,2016-11-13T04:15:00Z,2016-11-13T09:45:00+05:30,2016-11-13T04:30:00Z,2016-11-13T10:00:00+05:30
269.0,,,False,1,pm10,µg/m³,,raw,01:00:00,2016-11-13T03:45:00Z,2016-11-13T09:15:00+05:30,2016-11-13T04:45:00Z,2016-11-13T10:15:00+05:30,1,01:00:00,1,00:15:00,100.0,0.0,2016-11-13T04:30:00Z,2016-11-13T10:00:00+05:30,2016-11-13T04:45:00Z,2016-11-13T10:15:00+05:30
255.0,,,False,1,pm10,µg/m³,,raw,01:00:00,2016-11-13T04:00:00Z,2016-11-13T09:30:00+05:30,2016-11-13T05:00:00Z,2016-11-13T10:30:00+05:30,1,01:00:00,1,00:15:00,100.0,0.0,2016-11-13T04:45:00Z,2016-11-13T10:15:00+05:30,2016-11-13T05:00:00Z,2016-11-13T10:30:00+05:30
229.0,,,False,1,pm10,µg/m³,,raw,01:00:00,2016-11-13T04:15:00Z,2016-11-13T09:45:00+05:30,2016-11-13T05:15:00Z,2016-11-13T10:45:00+05:30,1,01:00:00,1,00:15:00,100.0,0.0,2016-11-13T05:00:00Z,2016-11-13T10:30:00+05:30,2016-11-13T05:15:00Z,2016-11-13T10:45:00+05:30
196.0,,,False,1,pm10,µg/m³,,raw,01:00:00,2016-11-13T04:30:00Z,2016-11-13T10:00:00+05:30,2016-11-13T05:30:00Z,2016-11-13T11:00:00+05:30,1,01:00:00,1,00:15:00,100.0,0.0,2016-11-13T05:15:00Z,2016-11-13T10:45:00+05:30,2016-11-13T05:30:00Z,2016-11-13T11:00:00+05:30
166.0,,,False,1,pm10,µg/m³,,raw,01:00:00,2016-11-13T04:45:00Z,2016-11-13T10:15:00+05:30,2016-11-13T05:45:00Z,2016-11-13T11:15:00+05:30,1,01:00:00,1,00:15:00,100.0,0.0,2016-11-13T05:30:00Z,2016-11-13T11:00:00+05:30,2016-11-13T05:45:00Z,2016-11-13T11:15:00+05:30
149.0,,,False,1,pm10,µg/m³,,raw,01:00:00,2016-11-13T05:00:00Z,2016-11-13T10:30:00+05:30,2016-11-13T06:00:00Z,2016-11-13T11:30:00+05:30,1,01:00:00,1,00:15:00,100.0,0.0,2016-11-13T05:45:00Z,2016-11-13T11:15:00+05:30,2016-11-13T06:00:00Z,2016-11-13T11:30:00+05:30
142.0,,,False,1,pm10,µg/m³,,raw,01:00:00,2016-11-13T05:15:00Z,2016-11-13T10:45:00+05:30,2016-11-13T06:15:00Z,2016-11-13T11:45:00+05:30,1,01:00:00,1,00:15:00,100.0,0.0,2016-11-13T06:00:00Z,2016-11-13T11:30:00+05:30,2016-11-13T06:15:00Z,2016-11-13T11:45:00+05:30
144.0,,,False,1,pm10,µg/m³,,raw,01:00:00,2016-11-13T05:30:00Z,2016-11-13T11:00:00+05:30,2016-11-13T06:30:00Z,2016-11-13T12:00:00+05:30,1,01:00:00,1,00:15:00,100.0,0.0,2016-11-13T06:15:00Z,2016-11-13T11:45:00+05:30,2016-11-13T06:30:00Z,2016-11-13T12:00:00+05:30
145.0,,,False,1,pm10,µg/m³,,raw,01:00:00,2016-11-13T05:45:00Z,2016-11-13T11:15:00+05:30,2016-11-13T06:45:00Z,2016-11-13T12:15:00+05:30,1,01:00:00,1,00:15:00,100.0,0.0,2016-11-13T06:30:00Z,2016-11-13T12:00:00+05:30,2016-11-13T06:45:00Z,2016-11-13T12:15:00+05:30
143.0,,,False,1,pm10,µg/m³,,raw,01:00:00,2016-11-13T06:00:00Z,2016-11-13T11:30:00+05:30,2016-11-13T07:00:00Z,2016-11-13T12:30:00+05:30,1,01:00:00,1,00:15:00,100.0,0.0,2016-11-13T06:45:00Z,2016-11-13T12:15:00+05:30,2016-11-13T07:00:00Z,2016-11-13T12:30:00+05:30
143.0,,,False,1,pm10,µg/m³,,raw,01:00:00,2016-11-13T06:15:00Z,2016-11-13T11:45:00+05:30,2016-11-13T07:15:00Z,2016-11-13T12:45:00+05:30,1,01:00:00,1,00:15:00,100.0,0.0,2016-11-13T07:00:00Z,2016-11-13T12:30:00+05:30,2016-11-13T07:15:00Z,2016-11-13T12:45:00+05:30
144.0,,,False,1,pm10,µg/m³,,raw,01:00:00,2016-11-13T06:30:00Z,2016-11-13T12:00:00+05:30,2016-11-13T07:30:00Z,2016-11-13T13:00:00+05:30,1,01:00:00,1,00:15:00,100.0,0.0,2016-11-13T07:15:00Z,2016-11-13T12:45:00+05:30,2016-11-13T07:30:00Z,2016-11-13T13:00:00+05:30
144.0,,,False,1,pm10,µg/m³,,raw,01:00:00,2016-11-13T06:45:00Z,2016-11-13T12:15:00+05:30,2016-11-13T07:45:00Z,2016-11-13T13:15:00+05:30,1,01:00:00,1,00:15:00,100.0,0.0,2016-11-13T07:30:00Z,2016-11-13T13:00:00+05:30,2016-11-13T07:45:00Z,2016-11-13T13:15:00+05:30
143.0,,,False,1,pm10,µg/m³,,raw,01:00:00,2016-11-13T07:00:00Z,2016-11-13T12:30:00+05:30,2016-11-13T08:00:00Z,2016-11-13T13:30:00+05:30,1,01:00:00,1,00:15:00,100.0,0.0,2016-11-13T07:45:00Z,2016-11-13T13:15:00+05:30,2016-11-13T08:00:00Z,2016-11-13T13:30:00+05:30
140.0,,,False,1,pm10,µg/m³,,raw,01:00:00,2016-11-13T07:15:00Z,2016-11-13T12:45:00+05:30,2016-11-13T08:15:00Z,2016-11-13T13:45:00+05:30,1,01:00:00,1,00:15:00,100.0,0.0,2016-11-13T08:00:00Z,2016-11-13T13:30:00+05:30,2016-11-13T08:15:00Z,2016-11-13T13:45:00+05:30
132.0,,,False,1,pm10,µg/m³,,raw,01:00:00,2016-11-13T07:30:00Z,2016-11-13T13:00:00+05:30,2016-11-13T08:30:00Z,2016-11-13T14:00:00+05:30,1,01:00:00,1,00:15:00,100.0,0.0,2016-11-13T08:15:00Z,2016-11-13T13:45:00+05:30,2016-11-13T08:30:00Z,2016-11-13T14:00:00+05:30
124.0,,,False,1,pm10,µg/m³,,raw,01:00:00,2016-11-13T07:45:00Z,2016-11-13T13:15:00+05:30,2016-11-13T08:45:00Z,2016-11-13T14:15:00+05:30,1,01:00:00,1,00:15:00,100.0,0.0,2016-11-13T08:30:00Z,2016-11-13T14:00:00+05:30,2016-11-13T08:45:00Z,2016-11-13T14:15:00+05:30
117.0,,,False,1,pm10,µg/m³,,raw,01:00:00,2016-11-13T08:00:00Z,2016-11-13T13:30:00+05:30,2016-11-13T09:00:00Z,2016-11-13T14:30:00+05:30,1,01:00:00,1,00:15:00,100.0,0.0,2016-11-13T08:45:00Z,2016-11-13T14:15:00+05:30,2016-11-13T09:00:00Z,2016-11-13T14:30:00+05:30
111.0,,,False,1,pm10,µg/m³,,raw,01:00:00,2016-11-13T08:15:00Z,2016-11-13T13:45:00+05:30,2016-11-13T09:15:00Z,2016-11-13T14:45:00+05:30,1,01:00:00,1,00:15:00,100.0,0.0,2016-11-13T09:00:00Z,2016-11-13T14:30:00+05:30,2016-11-13T09:15:00Z,2016-11-13T14:45:00+05:30
107.0,,,False,1,pm10,µg/m³,,raw,01:00:00,2016-11-13T08:30:00Z,2016-11-13T14:00:00+05:30,2016-11-13T09:30:00Z,2016-11-13T15:00:00+05:30,1,01:00:00,1,00:15:00,100.0,0.0,2016-11-13T09:15:00Z,2016-11-13T14:45:00+05:30,2016-11-13T09:30:00Z,2016-11-13T15:00:00+05:30
108.0,,,False,1,pm10,µg/m³,,raw,01:00:00,2016-11-13T08:45:00Z,2016-11-13T14:15:00+05:30,2016-11-13T09:45:00Z,2016-11-13T15:15:00+05:30,1,01:00:00,1,00:15:00,100.0,0.0,2016-11-13T09:30:00Z,2016-11-13T15:00:00+05:30,2016-11-13T09:45:00Z,2016-11-13T15:15:00+05:30
107.0,,,False,1,pm10,µg/m³,,raw,01:00:00,2016-11-13T09:00:00Z,2016-11-13T14:30:00+05:30,2016-11-13T10:00:00Z,2016-11-13T15:30:00+05:30,1,01:00:00,1,00:15:00,100.0,0.0,2016-11-13T09:45:00Z,2016-11-13T15:15:00+05:30,2016-11-13T10:00:00Z,2016-11-13T15:30:00+05:30
104.0,,,False,1,pm10,µg/m³,,raw,01:00:00,2016-11-13T09:15:00Z,2016-11-13T14:45:00+05:30,2016-11-13T10:15:00Z,2016-11-13T15:45:00+05:30,1,01:00:00,1,00:15:00,100.0,0.0,2016-11-13T10:00:00Z,2016-11-13T15:30:00+05:30,2016-11-13T10:15:00Z,2016-11-13T15:45:00+05:30
102.0,,,False,1,pm10,µg/m³,,raw,01:00:00,2016-11-13T09:30:00Z,2016-11-13T15:00:00+05:30,2016-11-13T10:30:00Z,2016-11-13T16:00:00+05:30,1,01:00:00,1,00:15:00,100.0,0.0,2016-11-13T10:15:00Z,2016-11-13T15:45:00+05:30,2016-11-13T10:30:00Z,2016-11-13T16:00:00+05:30
102.0,,,False,1,pm10,µg/m³,,raw,01:00:00,2016-11-13T09:45:00Z,2016-11-13T15:15:00+05:30,2016-11-13T10:45:00Z,2016-11-13T16:15:00+05:30,1,01:00:00,1,00:15:00,100.0,0.0,2016-11-13T10:30:00Z,2016-11-13T16:00:00+05:30,2016-11-13T10:45:00Z,2016-11-13T16:15:00+05:30
107.0,,,False,1,pm10,µg/m³,,raw,01:00:00,2016-11-13T10:00:00Z,2016-11-13T15:30:00+05:30,2016-11-13T11:00:00Z,2016-11-13T16:30:00+05:30,1,01:00:00,1,00:15:00,100.0,0.0,2016-11-13T10:45:00Z,2016-11-13T16:15:00+05:30,2016-11-13T11:00:00Z,2016-11-13T16:30:00+05:30
115.0,,,False,1,pm10,µg/m³,,raw,01:00:00,2016-11-13T10:15:00Z,2016-11-13T15:45:00+05:30,2016-11-13T11:15:00Z,2016-11-13T16:45:00+05:30,1,01:00:00,1,00:15:00,100.0,0.0,2016-11-13T11:00:00Z,2016-11-13T16:30:00+05:30,2016-11-13T11:15:00Z,2016-11-13T16:45:00+05:30
127.0,,,False,1,pm10,µg/m³,,raw,01:00:00,2016-11-13T10:30:00Z,2016-11-13T16:00:00+05:30,2016-11-13T11:30:00Z,2016-11-13T17:00:00+05:30,1,01:00:00,1,00:15:00,100.0,0.0,2016-11-13T11:15:00Z,2016-11-13T16:45:00+05:30,2016-11-13T11:30:00Z,2016-11-13T17:00:00+05:30
138.0,,,False,1,pm10,µg/m³,,raw,01:00:00,2016-11-13T10:45:00Z,2016-11-13T16:15:00+05:30,2016-11-13T11:45:00Z,2016-11-13T17:15:00+05:30,1,01:00:00,1,00:15:00,100.0,0.0,2016-11-13T11:30:00Z,2016-11-13T17:00:00+05:30,2016-11-13T11:45:00Z,2016-11-13T17:15:00+05:30
147.0,,,False,1,pm10,µg/m³,,raw,01:00:00,2016-11-13T11:00:00Z,2016-11-13T16:30:00+05:30,2016-11-13T12:00:00Z,2016-11-13T17:30:00+05:30,1,01:00:00,1,00:15:00,100.0,0.0,2016-11-13T11:45:00Z,2016-11-13T17:15:00+05:30,2016-11-13T12:00:00Z,2016-11-13T17:30:00+05:30
155.0,,,False,1,pm10,µg/m³,,raw,01:00:00,2016-11-13T11:15:00Z,2016-11-13T16:45:00+05:30,2016-11-13T12:15:00Z,2016-11-13T17:45:00+05:30,1,01:00:00,1,00:15:00,100.0,0.0,2016-11-13T12:00:00Z,2016-11-13T17:30:00+05:30,2016-11-13T12:15:00Z,2016-11-13T17:45:00+05:30
164.0,,,False,1,pm10,µg/m³,,raw,01:00:00,2016-11-13T11:30:00Z,2016-11-13T17:00:00+05:30,2016-11-13T12:30:00Z,2016-11-13T18:00:00+05:30,1,01:00:00,1,00:15:00,100.0,0.0,2016-11-13T12:15:00Z,2016-11-13T17:45:00+05:30,2016-11-13T12:30:00Z,2016-11-13T18:00:00+05:30
173.0,,,False,1,pm10,µg/m³,,raw,01:00:00,2016-11-13T11:45:00Z,2016-11-13T17:15:00+05:30,2016-11-13T12:45:00Z,2016-11-13T18:15:00+05:30,1,01:00:00,1,00:15:00,100.0,0.0,2016-11-13T12:30:00Z,2016-11-13T18:00:00+05:30,2016-11-13T12:45:00Z,2016-11-13T18:15:00+05:30
186.0,,,False,1,pm10,µg/m³,,raw,01:00:00,2016-11-13T12:00:00Z,2016-11-13T17:30:00+05:30,2016-11-13T13:00:00Z,2016-11-13T18:30:00+05:30,1,01:00:00,1,00:15:00,100.0,0.0,2016-11-13T12:45:00Z,2016-11-13T18:15:00+05:30,2016-11-13T13:00:00Z,2016-11-13T18:30:00+05:30
199.0,,,False,1,pm10,µg/m³,,raw,01:00:00,2016-11-13T12:15:00Z,2016-11-13T17:45:00+05:30,2016-11-13T13:15:00Z,2016-11-13T18:45:00+05:30,1,01:00:00,1,00:15:00,100.0,0.0,2016-11-13T13:00:00Z,2016-11-13T18:30:00+05:30,2016-11-13T13:15:00Z,2016-11-13T18:45:00+05:30
205.0,,,False,1,pm10,µg/m³,,raw,01:00:00,2016-11-13T12:30:00Z,2016-11-13T18:00:00+05:30,2016-11-13T13:30:00Z,2016-11-13T19:00:00+05:30,1,01:00:00,1,00:15:00,100.0,0.0,2016-11-13T13:15:00Z,2016-11-13T18:45:00+05:30,2016-11-13T13:30:00Z,2016-11-13T19:00:00+05:30
208.0,,,False,1,pm10,µg/m³,,raw,01:00:00,2016-11-13T12:45:00Z,2016-11-13T18:15:00+05:30,2016-11-13T13:45:00Z,2016-11-13T19:15:00+05:30,1,01:00:00,1,00:15:00,100.0,0.0,2016-11-13T13:30:00Z,2016-11-13T19:00:00+05:30,2016-11-13T13:45:00Z,2016-11-13T19:15:00+05:30
205.0,,,False,1,pm10,µg/m³,,raw,01:00:00,2016-11-13T13:00:00Z,2016-11-13T18:30:00+05:30,2016-11-13T14:00:00Z,2016-11-13T19:30:00+05:30,1,01:00:00,1,00:15:00,100.0,0.0,2016-11-13T13:45:00Z,2016-11-13T19:15:00+05:30,2016-11-13T14:00:00Z,2016-11-13T19:30:00+05:30
200.0,,,False,1,pm10,µg/m³,,raw,01:00:00,2016-11-13T13:15:00Z,2016-11-13T18:45:00+05:30,2016-11-13T14:15:00Z,2016-11-13T19:45:00+05:30,1,01:00:00,1,00:15:00,100.0,0.0,2016-11-13T14:00:00Z,2016-11-13T19:30:00+05:30,2016-11-13T14:15:00Z,2016-11-13T19:45:00+05:30
195.0,,,False,1,pm10,µg/m³,,raw,01:00:00,2016-11-13T13:30:00Z,2016-11-13T19:00:00+05:30,2016-11-13T14:30:00Z,2016-11-13T20:00:00+05:30,1,01:00:00,1,00:15:00,100.0,0.0,2016-11-13T14:15:00Z,2016-11-13T19:45:00+05:30,2016-11-13T14:30:00Z,2016-11-13T20:00:00+05:30
192.0,,,False,1,pm10,µg/m³,,raw,01:00:00,2016-11-13T13:45:00Z,2016-11-13T19:15:00+05:30,2016-11-13T14:45:00Z,2016-11-13T20:15:00+05:30,1,01:00:00,1,00:15:00,100.0,0.0,2016-11-13T14:30:00Z,2016-11-13T20:00:00+05:30,2016-11-13T14:45:00Z,2016-11-13T20:15:00+05:30
191.0,,,False,1,pm10,µg/m³,,raw,01:00:00,2016-11-13T14:00:00Z,2016-11-13T19:30:00+05:30,2016-11-13T15:00:00Z,2016-11-13T20:30:00+05:30,1,01:00:00,1,00:15:00,100.0,0.0,2016-11-13T14:45:00Z,2016-11-13T20:15:00+05:30,2016-11-13T15:00:00Z,2016-11-13T20:30:00+05:30
191.0,,,False,1,pm10,µg/m³,,raw,01:00:00,2016-11-13T14:15:00Z,2016-11-13T19:45:00+05:30,2016-11-13T15:15:00Z,2016-11-13T20:45:00+05:30,1,01:00:00,1,00:15:00,100.0,0.0,2016-11-13T15:00:00Z,2016-11-13T20:30:00+05:30,2016-11-13T15:15:00Z,2016-11-13T20:45:00+05:30
194.0,,,False,1,pm10,µg/m³,,raw,01:00:00,2016-11-13T14:30:00Z,2016-11-13T20:00:00+05:30,2016-11-13T15:30:00Z,2016-11-13T21:00:00+05:30,1,01:00:00,1,00:15:00,100.0,0.0,2016-11-13T15:15:00Z,2016-11-13T20:45:00+05:30,2016-11-13T15:30:00Z,2016-11-13T21:00:00+05:30
194.0,,,False,1,pm10,µg/m³,,raw,01:00:00,2016-11-13T15:45:00Z,2016-11-13T21:15:00+05:30,2016-11-13T16:45:00Z,2016-11-13T22:15:00+05:30,1,01:00:00,1,00:15:00,100.0,0.0,2016-11-13T16:30:00Z,2016-11-13T22:00:00+05:30,2016-11-13T16:45:00Z,2016-11-13T22:15:00+05:30
195.0,,,False,1,pm10,µg/m³,,raw,01:00:00,2016-11-13T16:00:00Z,2016-11-13T21:30:00+05:30,2016-11-13T17:00:00Z,2016-11-13T22:30:00+05:30,1,01:00:00,1,00:15:00,100.0,0.0,2016-11-13T16:45:00Z,2016-11-13T22:15:00+05:30,2016-11-13T17:00:00Z,2016-11-13T22:30:00+05:30
194.0,,,False,1,pm10,µg/m³,,raw,01:00:00,2016-11-13T16:15:00Z,2016-11-13T21:45:00+05:30,2016-11-13T17:15:00Z,2016-11-13T22:45:00+05:30,1,01:00:00,1,00:15:00,100.0,0.0,2016-11-13T17:00:00Z,2016-11-13T22:30:00+05:30,2016-11-13T17:15:00Z,2016-11-13T22:45:00+05:30
196.0,,,False,1,pm10,µg/m³,,raw,01:00:00,2016-11-13T16:30:00Z,2016-11-13T22:00:00+05:30,2016-11-13T17:30:00Z,2016-11-13T23:00:00+05:30,1,01:00:00,1,00:15:00,100.0,0.0,2016-11-13T17:15:00Z,2016-11-13T22:45:00+05:30,2016-11-13T17:30:00Z,2016-11-13T23:00:00+05:30
198.0,,,False,1,pm10,µg/m³,,raw,01:00:00,2016-11-13T16:45:00Z,2016-11-13T22:15:00+05:30,2016-11-13T17:45:00Z,2016-11-13T23:15:00+05:30,1,01:00:00,1,00:15:00,100.0,0.0,2016-11-13T17:30:00Z,2016-11-13T23:00:00+05:30,2016-11-13T17:45:00Z,2016-11-13T23:15:00+05:30
198.0,,,False,1,pm10,µg/m³,,raw,01:00:00,2016-11-13T17:00:00Z,2016-11-13T22:30:00+05:30,2016-11-13T18:00:00Z,2016-11-13T23:30:00+05:30,1,01:00:00,1,00:15:00,100.0,0.0,2016-11-13T17:45:00Z,2016-11-13T23:15:00+05:30,2016-11-13T18:00:00Z,2016-11-13T23:30:00+05:30
196.0,,,False,1,pm10,µg/m³,,raw,01:00:00,2016-11-13T17:15:00Z,2016-11-13T22:45:00+05:30,2016-11-13T18:15:00Z,2016-11-13T23:45:00+05:30,1,01:00:00,1,00:15:00,100.0,0.0,2016-11-13T18:00:00Z,2016-11-13T23:30:00+05:30,2016-11-13T18:15:00Z,2016-11-13T23:45:00+05:30
201.0,,,False,1,pm10,µg/m³,,raw,01:00:00,2016-11-13T17:30:00Z,2016-11-13T23:00:00+05:30,2016-11-13T18:30:00Z,2016-11-14T00:00:00+05:30,1,01:00:00,1,00:15:00,100.0,0.0,2016-11-13T18:15:00Z,2016-11-13T23:45:00+05:30,2016-11-13T18:30:00Z,2016-11-14T00:00:00+05:30
185.0,,,False,1,pm10,µg/m³,,raw,01:00:00,2016-11-13T17:45:00Z,2016-11-13T23:15:00+05:30,2016-11-13T18:45:00Z,2016-11-14T00:15:00+05:30,1,01:00:00,1,00:15:00,100.0,0.0,2016-11-13T18:30:00Z,2016-11-14T00:00:00+05:30,2016-11-13T18:45:00Z,2016-11-14T00:15:00+05:30
178.0,,,False,1,pm10,µg/m³,,raw,01:00:00,2016-11-13T18:00:00Z,2016-11-13T23:30:00+05:30,2016-11-13T19:00:00Z,2016-11-14T00:30:00+05:30,1,01:00:00,1,00:15:00,100.0,0.0,2016-11-13T18:45:00Z,2016-11-14T00:15:00+05:30,2016-11-13T19:00:00Z,2016-11-14T00:30:00+05:30
175.0,,,False,1,pm10,µg/m³,,raw,01:00:00,2016-11-13T18:45:00Z,2016-11-14T00:15:00+05:30,2016-11-13T19:45:00Z,2016-11-14T01:15:00+05:30,1,01:00:00,1,00:15:00,100.0,0.0,2016-11-13T19:30:00Z,2016-11-14T01:00:00+05:30,2016-11-13T19:45:00Z,2016-11-14T01:15:00+05:30
175.0,,,False,1,pm10,µg/m³,,raw,01:00:00,2016-11-13T19:00:00Z,2016-11-14T00:30:00+05:30,2016-11-13T20:00:00Z,2016-11-14T01:30:00+05:30,1,01:00:00,1,00:15:00,100.0,0.0,2016-11-13T19:45:00Z,2016-11-14T01:15:00+05:30,2016-11-13T20:00:00Z,2016-11-14T01:30:00+05:30
173.0,,,False,1,pm10,µg/m³,,raw,01:00:00,2016-11-13T19:15:00Z,2016-11-14T00:45:00+05:30,2016-11-13T20:15:00Z,2016-11-14T01:45:00+05:30,1,01:00:00,1,00:15:00,100.0,0.0,2016-11-13T20:00:00Z,2016-11-14T01:30:00+05:30,2016-11-13T20:15:00Z,2016-11-14T01:45:00+05:30
170.0,,,False,1,pm10,µg/m³,,raw,01:00:00,2016-11-13T19:30:00Z,2016-11-14T01:00:00+05:30,2016-11-13T20:30:00Z,2016-11-14T02:00:00+05:30,1,01:00:00,1,00:15:00,100.0,0.0,2016-11-13T20:15:00Z,2016-11-14T01:45:00+05:30,2016-11-13T20:30:00Z,2016-11-14T02:00:00+05:30
169.0,,,False,1,pm10,µg/m³,,raw,01:00:00,2016-11-13T20:00:00Z,2016-11-14T01:30:00+05:30,2016-11-13T21:00:00Z,2016-11-14T02:30:00+05:30,1,01:00:00,1,00:15:00,100.0,0.0,2016-11-13T20:45:00Z,2016-11-14T02:15:00+05:30,2016-11-13T21:00:00Z,2016-11-14T02:30:00+05:30
169.0,,,False,1,pm10,µg/m³,,raw,01:00:00,2016-11-13T20:15:00Z,2016-11-14T01:45:00+05:30,2016-11-13T21:15:00Z,2016-11-14T02:45:00+05:30,1,01:00:00,1,00:15:00,100.0,0.0,2016-11-13T21:00:00Z,2016-11-14T02:30:00+05:30,2016-11-13T21:15:00Z,2016-11-14T02:45:00+05:30
170.0,,,False,1,pm10,µg/m³,,raw,01:00:00,2016-11-13T20:30:00Z,2016-11-14T02:00:00+05:30,2016-11-13T21:30:00Z,2016-11-14T03:00:00+05:30,1,01:00:00,1,00:15:00,100.0,0.0,2016-11-13T21:15:00Z,2016-11-14T02:45:00+05:30,2016-11-13T21:30:00Z,2016-11-14T03:00:00+05:30
176.0,,,False,1,pm10,µg/m³,,raw,01:00:00,2016-11-13T20:45:00Z,2016-11-14T02:15:00+05:30,2016-11-13T21:45:00Z,2016-11-14T03:15:00+05:30,1,01:00:00,1,00:15:00,100.0,0.0,2016-11-13T21:30:00Z,2016-11-14T03:00:00+05:30,2016-11-13T21:45:00Z,2016-11-14T03:15:00+05:30
187.0,,,False,1,pm10,µg/m³,,raw,01:00:00,2016-11-13T21:00:00Z,2016-11-14T02:30:00+05:30,2016-11-13T22:00:00Z,2016-11-14T03:30:00+05:30,1,01:00:00,1,00:15:00,100.0,0.0,2016-11-13T21:45:00Z,2016-11-14T03:15:00+05:30,2016-11-13T22:00:00Z,2016-11-14T03:30:00+05:30
198.0,,,False,1,pm10,µg/m³,,raw,01:00:00,2016-11-13T21:15:00Z,2016-11-14T02:45:00+05:30,2016-11-13T22:15:00Z,2016-11-14T03:45:00+05:30,1,01:00:00,1,00:15:00,100.0,0.0,2016-11-13T22:00:00Z,2016-11-14T03:30:00+05:30,2016-11-13T22:15:00Z,2016-11-14T03:45:00+05:30
207.0,,,False,1,pm10,µg/m³,,raw,01:00:00,2016-11-13T21:30:00Z,2016-11-14T03:00:00+05:30,2016-11-13T22:30:00Z,2016-11-14T04:00:00+05:30,1,01:00:00,1,00:15:00,100.0,0.0,2016-11-13T22:15:00Z,2016-11-14T03:45:00+05:30,2016-11-13T22:30:00Z,2016-11-14T04:00:00+05:30
208.0,,,False,1,pm10,µg/m³,,raw,01:00:00,2016-11-13T21:45:00Z,2016-11-14T03:15:00+05:30,2016-11-13T22:45:00Z,2016-11-14T04:15:00+05:30,1,01:00:00,1,00:15:00,100.0,0.0,2016-11-13T22:30:00Z,2016-11-14T04:00:00+05:30,2016-11-13T22:45:00Z,2016-11-14T04:15:00+05:30
199.0,,,False,1,pm10,µg/m³,,raw,01:00:00,2016-11-13T22:00:00Z,2016-11-14T03:30:00+05:30,2016-11-13T23:00:00Z,2016-11-14T04:30:00+05:30,1,01:00:00,1,00:15:00,100.0,0.0,2016-11-13T22:45:00Z,2016-11-14T04:15:00+05:30,2016-11-13T23:00:00Z,2016-11-14T04:30:00+05:30
193.0,,,False,1,pm10,µg/m³,,raw,01:00:00,2016-11-13T22:15:00Z,2016-11-14T03:45:00+05:30,2016-11-13T23:15:00Z,2016-11-14T04:45:00+05:30,1,01:00:00,1,00:15:00,100.0,0.0,2016-11-13T23:00:00Z,2016-11-14T04:30:00+05:30,2016-11-13T23:15:00Z,2016-11-14T04:45:00+05:30
186.0,,,False,1,pm10,µg/m³,,raw,01:00:00,2016-11-13T22:30:00Z,2016-11-14T04:00:00+05:30,2016-11-13T23:30:00Z,2016-11-14T05:00:00+05:30,1,01:00:00,1,00:15:00,100.0,0.0,2016-11-13T23:15:00Z,2016-11-14T04:45:00+05:30,2016-11-13T23:30:00Z,2016-11-14T05:00:00+05:30
176.0,,,False,1,pm10,µg/m³,,raw,01:00:00,2016-11-13T22:45:00Z,2016-11-14T04:15:00+05:30,2016-11-13T23:45:00Z,2016-11-14T05:15:00+05:30,1,01:00:00,1,00:15:00,100.0,0.0,2016-11-13T23:30:00Z,2016-11-14T05:00:00+05:30,2016-11-13T23:45:00Z,2016-11-14T05:15:00+05:30
169.0,,,False,1,pm10,µg/m³,,raw,01:00:00,2016-11-13T23:00:00Z,2016-11-14T04:30:00+05:30,2016-11-14T00:00:00Z,2016-11-14T05:30:00+05:30,1,01:00:00,1,00:15:00,100.0,0.0,2016-11-13T23:45:00Z,2016-11-14T05:15:00+05:30,2016-11-14T00:00:00Z,2016-11-14T05:30:00+05:30
162.0,,,False,1,pm10,µg/m³,,raw,01:00:00,2016-11-13T23:15:00Z,2016-11-14T04:45:00+05:30,2016-11-14T00:15:00Z,2016-11-14T05:45:00+05:30,1,01:00:00,1,00:15:00,100.0,0.0,2016-11-14T00:00:00Z,2016-11-14T05:30:00+05:30,2016-11-14T00:15:00Z,2016-11-14T05:45:00+05:30
164.0,,,False,1,pm10,µg/m³,,raw,01:00:00,2016-11-13T23:30:00Z,2016-11-14T05:00:00+05:30,2016-11-14T00:30:00Z,2016-11-14T06:00:00+05:30,1,01:00:00,1,00:15:00,100.0,0.0,2016-11-14T00:15:00Z,2016-11-14T05:45:00+05:30,2016-11-14T00:30:00Z,2016-11-14T06:00:00+05:30
167.0,,,False,1,pm10,µg/m³,,raw,01:00:00,2016-11-13T23:45:00Z,2016-11-14T05:15:00+05:30,2016-11-14T00:45:00Z,2016-11-14T06:15:00+05:30,1,01:00:00,1,00:15:00,100.0,0.0,2016-11-14T00:30:00Z,2016-11-14T06:00:00+05:30,2016-11-14T00:45:00Z,2016-11-14T06:15:00+05:30
171.0,,,False,1,pm10,µg/m³,,raw,01:00:00,2016-11-14T00:00:00Z,2016-11-14T05:30:00+05:30,2016-11-14T01:00:00Z,2016-11-14T06:30:00+05:30,1,01:00:00,1,00:15:00,100.0,0.0,2016-11-14T00:45:00Z,2016-11-14T06:15:00+05:30,2016-11-14T01:00:00Z,2016-11-14T06:30:00+05:30
173.0,,,False,1,pm10,µg/m³,,raw,01:00:00,2016-11-14T00:15:00Z,2016-11-14T05:45:00+05:30,2016-11-14T01:15:00Z,2016-11-14T06:45:00+05:30,1,01:00:00,1,00:15:00,100.0,0.0,2016-11-14T01:00:00Z,2016-11-14T06:30:00+05:30,2016-11-14T01:15:00Z,2016-11-14T06:45:00+05:30
174.0,,,False,1,pm10,µg/m³,,raw,01:00:00,2016-11-14T00:30:00Z,2016-11-14T06:00:00+05:30,2016-11-14T01:30:00Z,2016-11-14T07:00:00+05:30,1,01:00:00,1,00:15:00,100.0,0.0,2016-11-14T01:15:00Z,2016-11-14T06:45:00+05:30,2016-11-14T01:30:00Z,2016-11-14T07:00:00+05:30
176.0,,,False,1,pm10,µg/m³,,raw,01:00:00,2016-11-14T00:45:00Z,2016-11-14T06:15:00+05:30,2016-11-14T01:45:00Z,2016-11-14T07:15:00+05:30,1,01:00:00,1,00:15:00,100.0,0.0,2016-11-14T01:30:00Z,2016-11-14T07:00:00+05:30,2016-11-14T01:45:00Z,2016-11-14T07:15:00+05:30
183.0,,,False,1,pm10,µg/m³,,raw,01:00:00,2016-11-14T01:00:00Z,2016-11-14T06:30:00+05:30,2016-11-14T02:00:00Z,2016-11-14T07:30:00+05:30,1,01:00:00,1,00:15:00,100.0,0.0,2016-11-14T01:45:00Z,2016-11-14T07:15:00+05:30,2016-11-14T02:00:00Z,2016-11-14T07:30:00+05:30
188.0,,,False,1,pm10,µg/m³,,raw,01:00:00,2016-11-14T01:15:00Z,2016-11-14T06:45:00+05:30,2016-11-14T02:15:00Z,2016-11-14T07:45:00+05:30,1,01:00:00,1,00:15:00,100.0,0.0,2016-11-14T02:00:00Z,2016-11-14T07:30:00+05:30,2016-11-14T02:15:00Z,2016-11-14T07:45:00+05:30
193.0,,,False,1,pm10,µg/m³,,raw,01:00:00,2016-11-14T01:30:00Z,2016-11-14T07:00:00+05:30,2016-11-14T02:30:00Z,2016-11-14T08:00:00+05:30,1,01:00:00,1,00:15:00,100.0,0.0,2016-11-14T02:15:00Z,2016-11-14T07:45:00+05:30,2016-11-14T02:30:00Z,2016-11-14T08:00:00+05:30
202.0,,,False,1,pm10,µg/m³,,raw,01:00:00,2016-11-14T01:45:00Z,2016-11-14T07:15:00+05:30,2016-11-14T02:45:00Z,2016-11-14T08:15:00+05:30,1,01:00:00,1,00:15:00,100.0,0.0,2016-11-14T02:30:00Z,2016-11-14T08:00:00+05:30,2016-11-14T02:45:00Z,2016-11-14T08:15:00+05:30
209.0,,,False,1,pm10,µg/m³,,raw,01:00:00,2016-11-14T02:00:00Z,2016-11-14T07:30:00+05:30,2016-11-14T03:00:00Z,2016-11-14T08:30:00+05:30,1,01:00:00,1,00:15:00,100.0,0.0,2016-11-14T02:45:00Z,2016-11-14T08:15:00+05:30,2016-11-14T03:00:00Z,2016-11-14T08:30:00+05:30
220.0,,,False,1,pm10,µg/m³,,raw,01:00:00,2016-11-14T02:15:00Z,2016-11-14T07:45:00+05:30,2016-11-14T03:15:00Z,2016-11-14T08:45:00+05:30,1,01:00:00,1,00:15:00,100.0,0.0,2016-11-14T03:00:00Z,2016-11-14T08:30:00+05:30,2016-11-14T03:15:00Z,2016-11-14T08:45:00+05:30
228.0,,,False,1,pm10,µg/m³,,raw,01:00:00,2016-11-14T02:30:00Z,2016-11-14T08:00:00+05:30,2016-11-14T03:30:00Z,2016-11-14T09:00:00+05:30,1,01:00:00,1,00:15:00,100.0,0.0,2016-11-14T03:15:00Z,2016-11-14T08:45:00+05:30,2016-11-14T03:30:00Z,2016-11-14T09:00:00+05:30
226.0,,,False,1,pm10,µg/m³,,raw,01:00:00,2016-11-14T02:45:00Z,2016-11-14T08:15:00+05:30,2016-11-14T03:45:00Z,2016-11-14T09:15:00+05:30,1,01:00:00,1,00:15:00,100.0,0.0,2016-11-14T03:30:00Z,2016-11-14T09:00:00+05:30,2016-11-14T03:45:00Z,2016-11-14T09:15:00+05:30
204.0,,,False,1,pm10,µg/m³,,raw,01:00:00,2016-11-14T03:15:00Z,2016-11-14T08:45:00+05:30,2016-11-14T04:15:00Z,2016-11-14T09:45:00+05:30,1,01:00:00,1,00:15:00,100.0,0.0,2016-11-14T04:00:00Z,2016-11-14T09:30:00+05:30,2016-11-14T04:15:00Z,2016-11-14T09:45:00+05:30
185.0,,,False,1,pm10,µg/m³,,raw,01:00:00,2016-11-14T03:30:00Z,2016-11-14T09:00:00+05:30,2016-11-14T04:30:00Z,2016-11-14T10:00:00+05:30,1,01:00:00,1,00:15:00,100.0,0.0,2016-11-14T04:15:00Z,2016-11-14T09:45:00+05:30,2016-11-14T04:30:00Z,2016-11-14T10:00:00+05:30
171.0,,,False,1,pm10,µg/m³,,raw,01:00:00,2016-11-14T03:45:00Z,2016-11-14T09:15:00+05:30,2016-11-14T04:45:00Z,2016-11-14T10:15:00+05:30,1,01:00:00,1,00:15:00,100.0,0.0,2016-11-14T04:30:00Z,2016-11-14T10:00:00+05:30,2016-11-14T04:45:00Z,2016-11-14T10:15:00+05:30
162.0,,,False,1,pm10,µg/m³,,raw,01:00:00,2016-11-14T04:00:00Z,2016-11-14T09:30:00+05:30,2016-11-14T05:00:00Z,2016-11-14T10:30:00+05:30,1,01:00:00,1,00:15:00,100.0,0.0,2016-11-14T04:45:00Z,2016-11-14T10:15:00+05:30,2016-11-14T05:00:00Z,2016-11-14T10:30:00+05:30
159.0,,,False,1,pm10,µg/m³,,raw,01:00:00,2016-11-14T04:15:00Z,2016-11-14T09:45:00+05:30,2016-11-14T05:15:00Z,2016-11-14T10:45:00+05:30,1,01:00:00,1,00:15:00,100.0,0.0,2016-11-14T05:00:00Z,2016-11-14T10:30:00+05:30,2016-11-14T05:15:00Z,2016-11-14T10:45:00+05:30
164.0,,,False,1,pm10,µg/m³,,raw,01:00:00,2016-11-14T04:30:00Z,2016-11-14T10:00:00+05:30,2016-11-14T05:30:00Z,2016-11-14T11:00:00+05:30,1,01:00:00,1,00:15:00,100.0,0.0,2016-11-14T05:15:00Z,2016-11-14T10:45:00+05:30,2016-11-14T05:30:00Z,2016-11-14T11:00:00+05:30
165.0,,,False,1,pm10,µg/m³,,raw,01:00:00,2016-11-14T04:45:00Z,2016-11-14T10:15:00+05:30,2016-11-14T05:45:00Z,2016-11-14T11:15:00+05:30,1,01:00:00,1,00:15:00,100.0,0.0,2016-11-14T05:30:00Z,2016-11-14T11:00:00+05:30,2016-11-14T05:45:00Z,2016-11-14T11:15:00+05:30
160.0,,,False,1,pm10,µg/m³,,raw,01:00:00,2016-11-14T05:00:00Z,2016-11-14T10:30:00+05:30,2016-11-14T06:00:00Z,2016-11-14T11:30:00+05:30,1,01:00:00,1,00:15:00,100.0,0.0,2016-11-14T05:45:00Z,2016-11-14T11:15:00+05:30,2016-11-14T06:00:00Z,2016-11-14T11:30:00+05:30
147.0,,,False,1,pm10,µg/m³,,raw,01:00:00,2016-11-14T05:15:00Z,2016-11-14T10:45:00+05:30,2016-11-14T06:15:00Z,2016-11-14T11:45:00+05:30,1,01:00:00,1,00:15:00,100.0,0.0,2016-11-14T06:00:00Z,2016-11-14T11:30:00+05:30,2016-11-14T06:15:00Z,2016-11-14T11:45:00+05:30
136.0,,,False,1,pm10,µg/m³,,raw,01:00:00,2016-11-14T05:30:00Z,2016-11-14T11:00:00+05:30,2016-11-14T06:30:00Z,2016-11-14T12:00:00+05:30,1,01:00:00,1,00:15:00,100.0,0.0,2016-11-14T06:15:00Z,2016-11-14T11:45:00+05:30,2016-11-14T06:30:00Z,2016-11-14T12:00:00+05:30
124.0,,,False,1,pm10,µg/m³,,raw,01:00:00,2016-11-14T05:45:00Z,2016-11-14T11:15:00+05:30,2016-11-14T06:45:00Z,2016-11-14T12:15:00+05:30,1,01:00:00,1,00:15:00,100.0,0.0,2016-11-14T06:30:00Z,2016-11-14T12:00:00+05:30,2016-11-14T06:45:00Z,2016-11-14T12:15:00+05:30
