value,coordinates,summary,flagInfo.hasFlags,parameter.id,parameter.name,parameter.units,parameter.displayName,period.label,period.interval,period.datetimeFrom.utc,period.datetimeFrom.local,period.datetimeTo.utc,period.datetimeTo.local,coverage.expectedCount,coverage.expectedInterval,coverage.observedCount,coverage.observedInterval,coverage.percentComplete,coverage.percentCoverage,coverage.datetimeFrom.utc,coverage.datetimeFrom.local,coverage.datetimeTo.utc,coverage.datetimeTo.local
44.88,,,False,1,pm10,µg/m³,,raw,01:00:00,2016-01-30T00:00:00Z,2016-01-29T21:00:00-03:00,2016-01-30T01:00:00Z,2016-01-29T22:00:00-03:00,1,01:00:00,1,01:00:00,100.0,100.0,2016-01-30T00:00:00Z,2016-01-29T21:00:00-03:00,2016-01-30T01:00:00Z,2016-01-29T22:00:00-03:00
32.79,,,False,1,pm10,µg/m³,,raw,01:00:00,2016-01-30T01:00:00Z,2016-01-29T22:00:00-03:00,2016-01-30T02:00:00Z,2016-01-29T23:00:00-03:00,1,01:00:00,1,01:00:00,100.0,100.0,2016-01-30T01:00:00Z,2016-01-29T22:00:00-03:00,2016-01-30T02:00:00Z,2016-01-29T23:00:00-03:00
29.42,,,False,1,pm10,µg/m³,,raw,01:00:00,2016-01-30T02:00:00Z,2016-01-29T23:00:00-03:00,2016-01-30T03:00:00Z,2016-01-30T00:00:00-03:00,1,01:00:00,1,01:00:00,100.0,100.0,2016-01-30T02:00:00Z,2016-01-29T23:00:00-03:00,2016-01-30T03:00:00Z,2016-01-30T00:00:00-03:00
25.85,,,False,1,pm10,µg/m³,,raw,01:00:00,2016-01-30T03:00:00Z,2016-01-30T00:00:00-03:00,2016-01-30T04:00:00Z,2016-01-30T01:00:00-03:00,1,01:00:00,1,01:00:00,100.0,100.0,2016-01-30T03:00:00Z,2016-01-30T00:00:00-03:00,2016-01-30T04:00:00Z,2016-01-30T01:00:00-03:00
31.62,,,False,1,pm10,µg/m³,,raw,01:00:00,2016-01-30T04:00:00Z,2016-01-30T01:00:00-03:00,2016-01-30T05:00:00Z,2016-01-30T02:00:00-03:00,1,01:00:00,1,01:00:00,100.0,100.0,2016-01-30T04:00:00Z,2016-01-30T01:00:00-03:00,2016-01-30T05:00:00Z,2016-01-30T02:00:00-03:00
35.63,,,False,1,pm10,µg/m³,,raw,01:00:00,2016-01-30T05:00:00Z,2016-01-30T02:00:00-03:00,2016-01-30T06:00:00Z,2016-01-30T03:00:00-03:00,1,01:00:00,1,01:00:00,100.0,100.0,2016-01-30T05:00:00Z,2016-01-30T02:00:00-03:00,2016-01-30T06:00:00Z,2016-01-30T03:00:00-03:00
33.73,,,False,1,pm10,µg/m³,,raw,01:00:00,2016-01-30T06:00:00Z,2016-01-30T03:00:00-03:00,2016-01-30T07:00:00Z,2016-01-30T04:00:00-03:00,1,01:00:00,1,01:00:00,100.0,100.0,2016-01-30T06:00:00Z,2016-01-30T03:00:00-03:00,2016-01-30T07:00:00Z,2016-01-30T04:00:00-03:00
39.0,,,False,1,pm10,µg/m³,,raw,01:00:00,2016-01-30T07:00:00Z,2016-01-30T04:00:00-03:00,2016-01-30T08:00:00Z,2016-01-30T05:00:00-03:00,1,01:00:00,1,01:00:00,100.0,100.0,2016-01-30T07:00:00Z,2016-01-30T04:00:00-03:00,2016-01-30T08:00:00Z,2016-01-30T05:00:00-03:00
31.63,,,False,1,pm10,µg/m³,,raw,01:00:00,2016-01-30T08:00:00Z,2016-01-30T05:00:00-03:00,2016-01-30T09:00:00Z,2016-01-30T06:00:00-03:00,1,01:00:00,1,01:00:00,100.0,100.0,2016-01-30T08:00:00Z,2016-01-30T05:00:00-03:00,2016-01-30T09:00:00Z,2016-01-30T06:00:00-03:00
28.12,,,False,1,pm10,µg/m³,,raw,01:00:00,2016-01-30T09:00:00Z,2016-01-30T06:00:00-03:00,2016-01-30T10:00:00Z,2016-01-30T07:00:00-03:00,1,01:00:00,1,01:00:00,100.0,100.0,2016-01-30T09:00:00Z,2016-01-30T06:00:00-03:00,2016-01-30T10:00:00Z,2016-01-30T07:00:00-03:00
27.25,,,False,1,pm10,µg/m³,,raw,01:00:00,2016-01-30T10:00:00Z,2016-01-30T07:00:00-03:00,2016-01-30T11:00:00Z,2016-01-30T08:00:00-03:00,1,01:00:00,1,01:00:00,100.0,100.0,2016-01-30T10:00:00Z,2016-01-30T07:00:00-03:00,2016-01-30T11:00:00Z,2016-01-30T08:00:00-03:00
34.58,,,False,1,pm10,µg/m³,,raw,01:00:00,2016-01-30T11:00:00Z,2016-01-30T08:00:00-03:00,2016-01-30T12:00:00Z,2016-01-30T09:00:00-03:00,1,01:00:00,1,01:00:00,100.0,100.0,2016-01-30T11:00:00Z,2016-01-30T08:00:00-03:00,2016-01-30T12:00:00Z,2016-01-30T09:00:00-03:00
38.28,,,False,1,pm10,µg/m³,,raw,01:00:00,2016-01-30T12:00:00Z,2016-01-30T09:00:00-03:00,2016-01-30T13:00:00Z,2016-01-30T10:00:00-03:00,1,01:00:00,1,01:00:00,100.0,100.0,2016-01-30T12:00:00Z,2016-01-30T09:00:00-03:00,2016-01-30T13:00:00Z,2016-01-30T10:00:00-03:00
42.93,,,False,1,pm10,µg/m³,,raw,01:00:00,2016-01-30T13:00:00Z,2016-01-30T10:00:00-03:00,2016-01-30T14:00:00Z,2016-01-30T11:00:00-03:00,1,01:00:00,1,01:00:00,100.0,100.0,2016-01-30T13:00:00Z,2016-01-30T10:00:00-03:00,2016-01-30T14:00:00Z,2016-01-30T11:00:00-03:00
42.78,,,False,1,pm10,µg/m³,,raw,01:00:00,2016-01-30T14:00:00Z,2016-01-30T11:00:00-03:00,2016-01-30T15:00:00Z,2016-01-30T12:00:00-03:00,1,01:00:00,1,01:00:00,100.0,100.0,2016-01-30T14:00:00Z,2016-01-30T11:00:00-03:00,2016-01-30T15:00:00Z,2016-01-30T12:00:00-03:00
31.73,,,False,1,pm10,µg/m³,,raw,01:00:00,2016-01-30T15:00:00Z,2016-01-30T12:00:00-03:00,2016-01-30T16:00:00Z,2016-01-30T13:00:00-03:00,1,01:00:00,1,01:00:00,100.0,100.0,2016-01-30T15:00:00Z,2016-01-30T12:00:00-03:00,2016-01-30T16:00:00Z,2016-01-30T13:00:00-03:00
29.72,,,False,1,pm10,µg/m³,,raw,01:00:00,2016-01-30T16:00:00Z,2016-01-30T13:00:00-03:00,2016-01-30T17:00:00Z,2016-01-30T14:00:00-03:00,1,01:00:00,1,01:00:00,100.0,100.0,2016-01-30T16:00:00Z,2016-01-30T13:00:00-03:00,2016-01-30T17:00:00Z,2016-01-30T14:00:00-03:00
26.18,,,False,1,pm10,µg/m³,,raw,01:00:00,2016-01-30T17:00:00Z,2016-01-30T14:00:00-03:00,2016-01-30T18:00:00Z,2016-01-30T15:00:00-03:00,1,01:00:00,1,01:00:00,100.0,100.0,2016-01-30T17:00:00Z,2016-01-30T14:00:00-03:00,2016-01-30T18:00:00Z,2016-01-30T15:00:00-03:00
30.1,,,False,1,pm10,µg/m³,,raw,01:00:00,2016-01-30T18:00:00Z,2016-01-30T15:00:00-03:00,2016-01-30T19:00:00Z,2016-01-30T16:00:00-03:00,1,01:00:00,1,01:00:00,100.0,100.0,2016-01-30T18:00:00Z,2016-01-30T15:00:00-03:00,2016-01-30T19:00:00Z,2016-01-30T16:00:00-03:00
37.12,,,False,1,pm10,µg/m³,,raw,01:00:00,2016-01-30T19:00:00Z,2016-01-30T16:00:00-03:00,2016-01-30T20:00:00Z,2016-01-30T17:00:00-03:00,1,01:00:00,1,01:00:00,100.0,100.0,2016-01-30T19:00:00Z,2016-01-30T16:00:00-03:00,2016-01-30T20:00:00Z,2016-01-30T17:00:00-03:00
36.44,,,False,1,pm10,µg/m³,,raw,01:00:00,2016-01-30T20:00:00Z,2016-01-30T17:00:00-03:00,2016-01-30T21:00:00Z,2016-01-30T18:00:00-03:00,1,01:00:00,1,01:00:00,100.0,100.0,2016-01-30T20:00:00Z,2016-01-30T17:00:00-03:00,2016-01-30T21:00:00Z,2016-01-30T18:00:00-03:00
40.97,,,False,1,pm10,µg/m³,,raw,01:00:00,2016-01-30T21:00:00Z,2016-01-30T18:00:00-03:00,2016-01-30T22:00:00Z,2016-01-30T19:00:00-03:00,1,01:00:00,1,01:00:00,100.0,100.0,2016-01-30T21:00:00Z,2016-01-30T18:00:00-03:00,2016-01-30T22:00:00Z,2016-01-30T19:00:00-03:00
37.26,,,False,1,pm10,µg/m³,,raw,01:00:00,2016-01-30T22:00:00Z,2016-01-30T19:00:00-03:00,2016-01-30T23:00:00Z,2016-01-30T20:00:00-03:00,1,01:00:00,1,01:00:00,100.0,100.0,2016-01-30T22:00:00Z,2016-01-30T19:00:00-03:00,2016-01-30T23:00:00Z,2016-01-30T20:00:00-03:00
35.58,,,False,1,pm10,µg/m³,,raw,01:00:00,2016-01-31T00:00:00Z,2016-01-30T21:00:00-03:00,2016-01-31T01:00:00Z,2016-01-30T22:00:00-03:00,1,01:00:00,1,01:00:00,100.0,100.0,2016-01-31T00:00:00Z,2016-01-30T21:00:00-03:00,2016-01-31T01:00:00Z,2016-01-30T22:00:00-03:00
27.22,,,False,1,pm10,µg/m³,,raw,01:00:00,2016-01-31T01:00:00Z,2016-01-30T22:00:00-03:00,2016-01-31T02:00:00Z,2016-01-30T23:00:00-03:00,1,01:00:00,1,01:00:00,100.0,100.0,2016-01-31T01:00:00Z,2016-01-30T22:00:00-03:00,2016-01-31T02:00:00Z,2016-01-30T23:00:00-03:00
56.59,,,False,1,pm10,µg/m³,,raw,01:00:00,2016-01-31T02:00:00Z,2016-01-30T23:00:00-03:00,2016-01-31T03:00:00Z,2016-01-31T00:00:00-03:00,1,01:00:00,1,01:00:00,100.0,100.0,2016-01-31T02:00:00Z,2016-01-30T23:00:00-03:00,2016-01-31T03:00:00Z,2016-01-31T00:00:00-03:00
64.61,,,False,1,pm10,µg/m³,,raw,01:00:00,2016-01-31T03:00:00Z,2016-01-31T00:00:00-03:00,2016-01-31T04:00:00Z,2016-01-31T01:00:00-03:00,1,01:00:00,1,01:00:00,100.0,100.0,2016-01-31T03:00:00Z,2016-01-31T00:00:00-03:00,2016-01-31T04:00:00Z,2016-01-31T01:00:00-03:00
41.99,,,False,1,pm10,µg/m³,,raw,01:00:00,2016-01-31T04:00:00Z,2016-01-31T01:00:00-03:00,2016-01-31T05:00:00Z,2016-01-31T02:00:00-03:00,1,01:00:00,1,01:00:00,100.0,100.0,2016-01-31T04:00:00Z,2016-01-31T01:00:00-03:00,2016-01-31T05:00:00Z,2016-01-31T02:00:00-03:00
40.24,,,False,1,pm10,µg/m³,,raw,01:00:00,2016-01-31T05:00:00Z,2016-01-31T02:00:00-03:00,2016-01-31T06:00:00Z,2016-01-31T03:00:00-03:00,1,01:00:00,1,01:00:00,100.0,100.0,2016-01-31T05:00:00Z,2016-01-31T02:00:00-03:00,2016-01-31T06:00:00Z,2016-01-31T03:00:00-03:00
32.62,,,False,1,pm10,µg/m³,,raw,01:00:00,2016-01-31T06:00:00Z,2016-01-31T03:00:00-03:00,2016-01-31T07:00:00Z,2016-01-31T04:00:00-03:00,1,01:00:00,1,01:00:00,100.0,100.0,2016-01-31T06:00:00Z,2016-01-31T03:00:00-03:00,2016-01-31T07:00:00Z,2016-01-31T04:00:00-03:00
23.92,,,False,1,pm10,µg/m³,,raw,01:00:00,2016-01-31T07:00:00Z,2016-01-31T04:00:00-03:00,2016-01-31T08:00:00Z,2016-01-31T05:00:00-03:00,1,01:00:00,1,01:00:00,100.0,100.0,2016-01-31T07:00:00Z,2016-01-31T04:00:00-03:00,2016-01-31T08:00:00Z,2016-01-31T05:00:00-03:00
25.8,,,False,1,pm10,µg/m³,,raw,01:00:00,2016-01-31T08:00:00Z,2016-01-31T05:00:00-03:00,2016-01-31T09:00:00Z,2016-01-31T06:00:00-03:00,1,01:00:00,1,01:00:00,100.0,100.0,2016-01-31T08:00:00Z,2016-01-31T05:00:00-03:00,2016-01-31T09:00:00Z,2016-01-31T06:00:00-03:00
28.72,,,False,1,pm10,µg/m³,,raw,01:00:00,2016-01-31T09:00:00Z,2016-01-31T06:00:00-03:00,2016-01-31T10:00:00Z,2016-01-31T07:00:00-03:00,1,01:00:00,1,01:00:00,100.0,100.0,2016-01-31T09:00:00Z,2016-01-31T06:00:00-03:00,2016-01-31T10:00:00Z,2016-01-31T07:00:00-03:00
23.32,,,False,1,pm10,µg/m³,,raw,01:00:00,2016-01-31T10:00:00Z,2016-01-31T07:00:00-03:00,2016-01-31T11:00:00Z,2016-01-31T08:00:00-03:00,1,01:00:00,1,01:00:00,100.0,100.0,2016-01-31T10:00:00Z,2016-01-31T07:00:00-03:00,2016-01-31T11:00:00Z,2016-01-31T08:00:00-03:00
26.89,,,False,1,pm10,µg/m³,,raw,01:00:00,2016-01-31T11:00:00Z,2016-01-31T08:00:00-03:00,2016-01-31T12:00:00Z,2016-01-31T09:00:00-03:00,1,01:00:00,1,01:00:00,100.0,100.0,2016-01-31T11:00:00Z,2016-01-31T08:00:00-03:00,2016-01-31T12:00:00Z,2016-01-31T09:00:00-03:00
30.57,,,False,1,pm10,µg/m³,,raw,01:00:00,2016-01-31T12:00:00Z,2016-01-31T09:00:00-03:00,2016-01-31T13:00:00Z,2016-01-31T10:00:00-03:00,1,01:00:00,1,01:00:00,100.0,100.0,2016-01-31T12:00:00Z,2016-01-31T09:00:00-03:00,2016-01-31T13:00:00Z,2016-01-31T10:00:00-03:00
27.3,,,False,1,pm10,µg/m³,,raw,01:00:00,2016-01-31T13:00:00Z,2016-01-31T10:00:00-03:00,2016-01-31T14:00:00Z,2016-01-31T11:00:00-03:00,1,01:00:00,1,01:00:00,100.0,100.0,2016-01-31T13:00:00Z,2016-01-31T10:00:00-03:00,2016-01-31T14:00:00Z,2016-01-31T11:00:00-03:00
51.79,,,False,1,pm10,µg/m³,,raw,01:00:00,2016-01-31T14:00:00Z,2016-01-31T11:00:00-03:00,2016-01-31T15:00:00Z,2016-01-31T12:00:00-03:00,1,01:00:00,1,01:00:00,100.0,100.0,2016-01-31T14:00:00Z,2016-01-31T11:00:00-03:00,2016-01-31T15:00:00Z,2016-01-31T12:00:00-03:00
36.44,,,False,1,pm10,µg/m³,,raw,01:00:00,2016-01-31T15:00:00Z,2016-01-31T12:00:00-03:00,2016-01-31T16:00:00Z,2016-01-31T13:00:00-03:00,1,01:00:00,1,01:00:00,100.0,100.0,2016-01-31T15:00:00Z,2016-01-31T12:00:00-03:00,2016-01-31T16:00:00Z,2016-01-31T13:00:00-03:00
36.71,,,False,1,pm10,µg/m³,,raw,01:00:00,2016-01-31T16:00:00Z,2016-01-31T13:00:00-03:00,2016-01-31T17:00:00Z,2016-01-31T14:00:00-03:00,1,01:00:00,1,01:00:00,100.0,100.0,2016-01-31T16:00:00Z,2016-01-31T13:00:00-03:00,2016-01-31T17:00:00Z,2016-01-31T14:00:00-03:00
31.39,,,False,1,pm10,µg/m³,,raw,01:00:00,2016-01-31T17:00:00Z,2016-01-31T14:00:00-03:00,2016-01-31T18:00:00Z,2016-01-31T15:00:00-03:00,1,01:00:00,1,01:00:00,100.0,100.0,2016-01-31T17:00:00Z,2016-01-31T14:00:00-03:00,2016-01-31T18:00:00Z,2016-01-31T15:00:00-03:00
35.49,,,False,1,pm10,µg/m³,,raw,01:00:00,2016-01-31T18:00:00Z,2016-01-31T15:00:00-03:00,2016-01-31T19:00:00Z,2016-01-31T16:00:00-03:00,1,01:00:00,1,01:00:00,100.0,100.0,2016-01-31T18:00:00Z,2016-01-31T15:00:00-03:00,2016-01-31T19:00:00Z,2016-01-31T16:00:00-03:00
43.57,,,False,1,pm10,µg/m³,,raw,01:00:00,2016-01-31T19:00:00Z,2016-01-31T16:00:00-03:00,2016-01-31T20:00:00Z,2016-01-31T17:00:00-03:00,1,01:00:00,1,01:00:00,100.0,100.0,2016-01-31T19:00:00Z,2016-01-31T16:00:00-03:00,2016-01-31T20:00:00Z,2016-01-31T17:00:00-03:00
39.96,,,False,1,pm10,µg/m³,,raw,01:00:00,2016-01-31T20:00:00Z,2016-01-31T17:00:00-03:00,2016-01-31T21:00:00Z,2016-01-31T18:00:00-03:00,1,01:00:00,1,01:00:00,100.0,100.0,2016-01-31T20:00:00Z,2016-01-31T17:00:00-03:00,2016-01-31T21:00:00Z,2016-01-31T18:00:00-03:00
39.65,,,False,1,pm10,µg/m³,,raw,01:00:00,2016-01-31T22:00:00Z,2016-01-31T19:00:00-03:00,2016-01-31T23:00:00Z,2016-01-31T20:00:00-03:00,1,01:00:00,1,01:00:00,100.0,100.0,2016-01-31T22:00:00Z,2016-01-31T19:00:00-03:00,2016-01-31T23:00:00Z,2016-01-31T20:00:00-03:00
41.6,,,False,1,pm10,µg/m³,,raw,01:00:00,2016-02-01T01:00:00Z,2016-01-31T22:00:00-03:00,2016-02-01T02:00:00Z,2016-01-31T23:00:00-03:00,1,01:00:00,1,01:00:00,100.0,100.0,2016-02-01T01:00:00Z,2016-01-31T22:00:00-03:00,2016-02-01T02:00:00Z,2016-01-31T23:00:00-03:00
37.33,,,False,1,pm10,µg/m³,,raw,01:00:00,2016-02-01T02:00:00Z,2016-01-31T23:00:00-03:00,2016-02-01T03:00:00Z,2016-02-01T00:00:00-03:00,1,01:00:00,1,01:00:00,100.0,100.0,2016-02-01T02:00:00Z,2016-01-31T23:00:00-03:00,2016-02-01T03:00:00Z,2016-02-01T00:00:00-03:00
45.65,,,False,1,pm10,µg/m³,,raw,01:00:00,2016-02-01T03:00:00Z,2016-02-01T00:00:00-03:00,2016-02-01T04:00:00Z,2016-02-01T01:00:00-03:00,1,01:00:00,1,01:00:00,100.0,100.0,2016-02-01T03:00:00Z,2016-02-01T00:00:00-03:00,2016-02-01T04:00:00Z,2016-02-01T01:00:00-03:00
36.92,,,False,1,pm10,µg/m³,,raw,01:00:00,2016-02-01T04:00:00Z,2016-02-01T01:00:00-03:00,2016-02-01T05:00:00Z,2016-02-01T02:00:00-03:00,1,01:00:00,1,01:00:00,100.0,100.0,2016-02-01T04:00:00Z,2016-02-01T01:00:00-03:00,2016-02-01T05:00:00Z,2016-02-01T02:00:00-03:00
35.3,,,False,1,pm10,µg/m³,,raw,01:00:00,2016-02-01T05:00:00Z,2016-02-01T02:00:00-03:00,2016-02-01T06:00:00Z,2016-02-01T03:00:00-03:00,1,01:00:00,1,01:00:00,100.0,100.0,2016-02-01T05:00:00Z,2016-02-01T02:00:00-03:00,2016-02-01T06:00:00Z,2016-02-01T03:00:00-03:00
32.34,,,False,1,pm10,µg/m³,,raw,01:00:00,2016-02-01T06:00:00Z,2016-02-01T03:00:00-03:00,2016-02-01T07:00:00Z,2016-02-01T04:00:00-03:00,1,01:00:00,1,01:00:00,100.0,100.0,2016-02-01T06:00:00Z,2016-02-01T03:00:00-03:00,2016-02-01T07:00:00Z,2016-02-01T04:00:00-03:00
32.62,,,False,1,pm10,µg/m³,,raw,01:00:00,2016-02-01T08:00:00Z,2016-02-01T05:00:00-03:00,2016-02-01T09:00:00Z,2016-02-01T06:00:00-03:00,1,01:00:00,1,01:00:00,100.0,100.0,2016-02-01T08:00:00Z,2016-02-01T05:00:00-03:00,2016-02-01T09:00:00Z,2016-02-01T06:00:00-03:00
34.04,,,False,1,pm10,µg/m³,,raw,01:00:00,2016-02-01T09:00:00Z,2016-02-01T06:00:00-03:00,2016-02-01T10:00:00Z,2016-02-01T07:00:00-03:00,1,01:00:00,1,01:00:00,100.0,100.0,2016-02-01T09:00:00Z,2016-02-01T06:00:00-03:00,2016-02-01T10:00:00Z,2016-02-01T07:00:00-03:00
33.89,,,False,1,pm10,µg/m³,,raw,01:00:00,2016-02-01T10:00:00Z,2016-02-01T07:00:00-03:00,2016-02-01T11:00:00Z,2016-02-01T08:00:00-03:00,1,01:00:00,1,01:00:00,100.0,100.0,2016-02-01T10:00:00Z,2016-02-01T07:00:00-03:00,2016-02-01T11:00:00Z,2016-02-01T08:00:00-03:00
39.03,,,False,1,pm10,µg/m³,,raw,01:00:00,2016-02-01T11:00:00Z,2016-02-01T08:00:00-03:00,2016-02-01T12:00:00Z,2016-02-01T09:00:00-03:00,1,01:00:00,1,01:00:00,100.0,100.0,2016-02-01T11:00:00Z,2016-02-01T08:00:00-03:00,2016-02-01T12:00:00Z,2016-02-01T09:00:00-03:00
37.67,,,False,1,pm10,µg/m³,,raw,01:00:00,2016-02-01T12:00:00Z,2016-02-01T09:00:00-03:00,2016-02-01T13:00:00Z,2016-02-01T10:00:00-03:00,1,01:00:00,1,01:00:00,100.0,100.0,2016-02-01T12:00:00Z,2016-02-01T09:00:00-03:00,2016-02-01T13:00:00Z,2016-02-01T10:00:00-03:00
18.65,,,False,1,pm10,µg/m³,,raw,01:00:00,2016-02-01T14:00:00Z,2016-02-01T11:00:00-03:00,2016-02-01T15:00:00Z,2016-02-01T12:00:00-03:00,1,01:00:00,1,01:00:00,100.0,100.0,2016-02-01T14:00:00Z,2016-02-01T11:00:00-03:00,2016-02-01T15:00:00Z,2016-02-01T12:00:00-03:00
55.44,,,False,1,pm10,µg/m³,,raw,01:00:00,2016-02-01T15:00:00Z,2016-02-01T12:00:00-03:00,2016-02-01T16:00:00Z,2016-02-01T13:00:00-03:00,1,01:00:00,1,01:00:00,100.0,100.0,2016-02-01T15:00:00Z,2016-02-01T12:00:00-03:00,2016-02-01T16:00:00Z,2016-02-01T13:00:00-03:00
42.65,,,False,1,pm10,µg/m³,,raw,01:00:00,2016-02-01T16:00:00Z,2016-02-01T13:00:00-03:00,2016-02-01T17:00:00Z,2016-02-01T14:00:00-03:00,1,01:00:00,1,01:00:00,100.0,100.0,2016-02-01T16:00:00Z,2016-02-01T13:00:00-03:00,2016-02-01T17:00:00Z,2016-02-01T14:00:00-03:00
53.62,,,False,1,pm10,µg/m³,,raw,01:00:00,2016-02-01T17:00:00Z,2016-02-01T14:00:00-03:00,2016-02-01T18:00:00Z,2016-02-01T15:00:00-03:00,1,01:00:00,1,01:00:00,100.0,100.0,2016-02-01T17:00:00Z,2016-02-01T14:00:00-03:00,2016-02-01T18:00:00Z,2016-02-01T15:00:00-03:00
46.61,,,False,1,pm10,µg/m³,,raw,01:00:00,2016-02-01T18:00:00Z,2016-02-01T15:00:00-03:00,2016-02-01T19:00:00Z,2016-02-01T16:00:00-03:00,1,01:00:00,1,01:00:00,100.0,100.0,2016-02-01T18:00:00Z,2016-02-01T15:00:00-03:00,2016-02-01T19:00:00Z,2016-02-01T16:00:00-03:00
37.29,,,False,1,pm10,µg/m³,,raw,01:00:00,2016-02-01T20:00:00Z,2016-02-01T17:00:00-03:00,2016-02-01T21:00:00Z,2016-02-01T18:00:00-03:00,1,01:00:00,1,01:00:00,100.0,100.0,2016-02-01T20:00:00Z,2016-02-01T17:00:00-03:00,2016-02-01T21:00:00Z,2016-02-01T18:00:00-03:00
40.92,,,False,1,pm10,µg/m³,,raw,01:00:00,2016-02-01T21:00:00Z,2016-02-01T18:00:00-03:00,2016-02-01T22:00:00Z,2016-02-01T19:00:00-03:00,1,01:00:00,1,01:00:00,100.0,100.0,2016-02-01T21:00:00Z,2016-02-01T18:00:00-03:00,2016-02-01T22:00:00Z,2016-02-01T19:00:00-03:00
52.44,,,False,1,pm10,µg/m³,,raw,01:00:00,2016-02-01T22:00:00Z,2016-02-01T19:00:00-03:00,2016-02-01T23:00:00Z,2016-02-01T20:00:00-03:00,1,01:00:00,1,01:00:00,100.0,100.0,2016-02-01T22:00:00Z,2016-02-01T19:00:00-03:00,2016-02-01T23:00:00Z,2016-02-01T20:00:00-03:00
90.67,,,False,1,pm10,µg/m³,,raw,01:00:00,2016-02-01T23:00:00Z,2016-02-01T20:00:00-03:00,2016-02-02T00:00:00Z,2016-02-01T21:00:00-03:00,1,01:00:00,1,01:00:00,100.0,100.0,2016-02-01T23:00:00Z,2016-02-01T20:00:00-03:00,2016-02-02T00:00:00Z,2016-02-01T21:00:00-03:00
53.31,,,False,1,pm10,µg/m³,,raw,01:00:00,2016-02-02T00:00:00Z,2016-02-01T21:00:00-03:00,2016-02-02T01:00:00Z,2016-02-01T22:00:00-03:00,1,01:00:00,1,01:00:00,100.0,100.0,2016-02-02T00:00:00Z,2016-02-01T21:00:00-03:00,2016-02-02T01:00:00Z,2016-02-01T22:00:00-03:00
27.82,,,False,1,pm10,µg/m³,,raw,01:00:00,2016-02-02T01:00:00Z,2016-02-01T22:00:00-03:00,2016-02-02T02:00:00Z,2016-02-01T23:00:00-03:00,1,01:00:00,1,01:00:00,100.0,100.0,2016-02-02T01:00:00Z,2016-02-01T22:00:00-03:00,2016-02-02T02:00:00Z,2016-02-01T23:00:00-03:00
32.98,,,False,1,pm10,µg/m³,,raw,01:00:00,2016-02-02T02:00:00Z,2016-02-01T23:00:00-03:00,2016-02-02T03:00:00Z,2016-02-02T00:00:00-03:00,1,01:00:00,1,01:00:00,100.0,100.0,2016-02-02T02:00:00Z,2016-02-01T23:00:00-03:00,2016-02-02T03:00:00Z,2016-02-02T00:00:00-03:00
33.75,,,False,1,pm10,µg/m³,,raw,01:00:00,2016-02-02T03:00:00Z,2016-02-02T00:00:00-03:00,2016-02-02T04:00:00Z,2016-02-02T01:00:00-03:00,1,01:00:00,1,01:00:00,100.0,100.0,2016-02-02T03:00:00Z,2016-02-02T00:00:00-03:00,2016-02-02T04:00:00Z,2016-02-02T01:00:00-03:00
36.15,,,False,1,pm10,µg/m³,,raw,01:00:00,2016-02-02T05:00:00Z,2016-02-02T02:00:00-03:00,2016-02-02T06:00:00Z,2016-02-02T03:00:00-03:00,1,01:00:00,1,01:00:00,100.0,100.0,2016-02-02T05:00:00Z,2016-02-02T02:00:00-03:00,2016-02-02T06:00:00Z,2016-02-02T03:00:00-03:00
36.31,,,False,1,pm10,µg/m³,,raw,01:00:00,2016-02-02T06:00:00Z,2016-02-02T03:00:00-03:00,2016-02-02T07:00:00Z,2016-02-02T04:00:00-03:00,1,01:00:00,1,01:00:00,100.0,100.0,2016-02-02T06:00:00Z,2016-02-02T03:00:00-03:00,2016-02-02T07:00:00Z,2016-02-02T04:00:00-03:00
23.57,,,False,1,pm10,µg/m³,,raw,01:00:00,2016-02-02T07:00:00Z,2016-02-02T04:00:00-03:00,2016-02-02T08:00:00Z,2016-02-02T05:00:00-03:00,1,01:00:00,1,01:00:00,100.0,100.0,2016-02-02T07:00:00Z,2016-02-02T04:00:00-03:00,2016-02-02T08:00:00Z,2016-02-02T05:00:00-03:00
31.12,,,False,1,pm10,µg/m³,,raw,01:00:00,2016-02-02T08:00:00Z,2016-02-02T05:00:00-03:00,2016-02-02T09:00:00Z,2016-02-02T06:00:00-03:00,1,01:00:00,1,01:00:00,100.0,100.0,2016-02-02T08:00:00Z,2016-02-02T05:00:00-03:00,2016-02-02T09:00:00Z,2016-02-02T06:00:00-03:00
37.49,,,False,1,pm10,µg/m³,,raw,01:00:00,2016-02-02T09:00:00Z,2016-02-02T06:00:00-03:00,2016-02-02T10:00:00Z,2016-02-02T07:00:00-03:00,1,01:00:00,1,01:00:00,100.0,100.0,2016-02-02T09:00:00Z,2016-02-02T06:00:00-03:00,2016-02-02T10:00:00Z,2016-02-02T07:00:00-03:00
32.09,,,False,1,pm10,µg/m³,,raw,01:00:00,2016-02-02T10:00:00Z,2016-02-02T07:00:00-03:00,2016-02-02T11:00:00Z,2016-02-02T08:00:00-03:00,1,01:00:00,1,01:00:00,100.0,100.0,2016-02-02T10:00:00Z,2016-02-02T07:00:00-03:00,2016-02-02T11:00:00Z,2016-02-02T08:00:00-03:00
31.77,,,False,1,pm10,µg/m³,,raw,01:00:00,2016-02-02T11:00:00Z,2016-02-02T08:00:00-03:00,2016-02-02T12:00:00Z,2016-02-02T09:00:00-03:00,1,01:00:00,1,01:00:00,100.0,100.0,2016-02-02T11:00:00Z,2016-02-02T08:00:00-03:00,2016-02-02T12:00:00Z,2016-02-02T09:00:00-03:00
33.25,,,False,1,pm10,µg/m³,,raw,01:00:00,2016-02-02T12:00:00Z,2016-02-02T09:00:00-03:00,2016-02-02T13:00:00Z,2016-02-02T10:00:00-03:00,1,01:00:00,1,01:00:00,100.0,100.0,2016-02-02T12:00:00Z,2016-02-02T09:00:00-03:00,2016-02-02T13:00:00Z,2016-02-02T10:00:00-03:00
29.46,,,False,1,pm10,µg/m³,,raw,01:00:00,2016-02-02T13:00:00Z,2016-02-02T10:00:00-03:00,2016-02-02T14:00:00Z,2016-02-02T11:00:00-03:00,1,01:00:00,1,01:00:00,100.0,100.0,2016-02-02T13:00:00Z,2016-02-02T10:00:00-03:00,2016-02-02T14:00:00Z,2016-02-02T11:00:00-03:00
33.83,,,False,1,pm10,µg/m³,,raw,01:00:00,2016-02-02T14:00:00Z,2016-02-02T11:00:00-03:00,2016-02-02T15:00:00Z,2016-02-02T12:00:00-03:00,1,01:00:00,1,01:00:00,100.0,100.0,2016-02-02T14:00:00Z,2016-02-02T11:00:00-03:00,2016-02-02T15:00:00Z,2016-02-02T12:00:00-03:00
39.7,,,False,1,pm10,µg/m³,,raw,01:00:00,2016-02-02T16:00:00Z,2016-02-02T13:00:00-03:00,2016-02-02T17:00:00Z,2016-02-02T14:00:00-03:00,1,01:00:00,1,01:00:00,100.0,100.0,2016-02-02T16:00:00Z,2016-02-02T13:00:00-03:00,2016-02-02T17:00:00Z,2016-02-02T14:00:00-03:00
37.42,,,False,1,pm10,µg/m³,,raw,01:00:00,2016-02-02T17:00:00Z,2016-02-02T14:00:00-03:00,2016-02-02T18:00:00Z,2016-02-02T15:00:00-03:00,1,01:00:00,1,01:00:00,100.0,100.0,2016-02-02T17:00:00Z,2016-02-02T14:00:00-03:00,2016-02-02T18:00:00Z,2016-02-02T15:00:00-03:00
37.38,,,False,1,pm10,µg/m³,,raw,01:00:00,2016-02-02T18:00:00Z,2016-02-02T15:00:00-03:00,2016-02-02T19:00:00Z,2016-02-02T16:00:00-03:00,1,01:00:00,1,01:00:00,100.0,100.0,2016-02-02T18:00:00Z,2016-02-02T15:00:00-03:00,2016-02-02T19:00:00Z,2016-02-02T16:00:00-03:00
47.38,,,False,1,pm10,µg/m³,,raw,01:00:00,2016-02-02T19:00:00Z,2016-02-02T16:00:00-03:00,2016-02-02T20:00:00Z,2016-02-02T17:00:00-03:00,1,01:00:00,1,01:00:00,100.0,100.0,2016-02-02T19:00:00Z,2016-02-02T16:00:00-03:00,2016-02-02T20:00:00Z,2016-02-02T17:00:00-03:00
34.65,,,False,1,pm10,µg/m³,,raw,01:00:00,2016-02-02T20:00:00Z,2016-02-02T17:00:00-03:00,2016-02-02T21:00:00Z,2016-02-02T18:00:00-03:00,1,01:00:00,1,01:00:00,100.0,100.0,2016-02-02T20:00:00Z,2016-02-02T17:00:00-03:00,2016-02-02T21:00:00Z,2016-02-02T18:00:00-03:00
37.18,,,False,1,pm10,µg/m³,,raw,01:00:00,2016-02-02T21:00:00Z,2016-02-02T18:00:00-03:00,2016-02-02T22:00:00Z,2016-02-02T19:00:00-03:00,1,01:00:00,1,01:00:00,100.0,100.0,2016-02-02T21:00:00Z,2016-02-02T18:00:00-03:00,2016-02-02T22:00:00Z,2016-02-02T19:00:00-03:00
32.44,,,False,1,pm10,µg/m³,,raw,01:00:00,2016-02-02T22:00:00Z,2016-02-02T19:00:00-03:00,2016-02-02T23:00:00Z,2016-02-02T20:00:00-03:00,1,01:00:00,1,01:00:00,100.0,100.0,2016-02-02T22:00:00Z,2016-02-02T19:00:00-03:00,2016-02-02T23:00:00Z,2016-02-02T20:00:00-03:00
38.07,,,False,1,pm10,µg/m³,,raw,01:00:00,2016-02-02T23:00:00Z,2016-02-02T20:00:00-03:00,2016-02-03T00:00:00Z,2016-02-02T21:00:00-03:00,1,01:00:00,1,01:00:00,100.0,100.0,2016-02-02T23:00:00Z,2016-02-02T20:00:00-03:00,2016-02-03T00:00:00Z,2016-02-02T21:00:00-03:00
49.19,,,False,1,pm10,µg/m³,,raw,01:00:00,2016-02-03T00:00:00Z,2016-02-02T21:00:00-03:00,2016-02-03T01:00:00Z,2016-02-02T22:00:00-03:00,1,01:00:00,1,01:00:00,100.0,100.0,2016-02-03T00:00:00Z,2016-02-02T21:00:00-03:00,2016-02-03T01:00:00Z,2016-02-02T22:00:00-03:00
35.9,,,False,1,pm10,µg/m³,,raw,01:00:00,2016-02-03T01:00:00Z,2016-02-02T22:00:00-03:00,2016-02-03T02:00:00Z,2016-02-02T23:00:00-03:00,1,01:00:00,1,01:00:00,100.0,100.0,2016-02-03T01:00:00Z,2016-02-02T22:00:00-03:00,2016-02-03T02:00:00Z,2016-02-02T23:00:00-03:00
24.36,,,False,1,pm10,µg/m³,,raw,01:00:00,2016-02-03T02:00:00Z,2016-02-02T23:00:00-03:00,2016-02-03T03:00:00Z,2016-02-03T00:00:00-03:00,1,01:00:00,1,01:00:00,100.0,100.0,2016-02-03T02:00:00Z,2016-02-02T23:00:00-03:00,2016-02-03T03:00:00Z,2016-02-03T00:00:00-03:00
15.09,,,False,1,pm10,µg/m³,,raw,01:00:00,2016-02-03T03:00:00Z,2016-02-03T00:00:00-03:00,2016-02-03T04:00:00Z,2016-02-03T01:00:00-03:00,1,01:00:00,1,01:00:00,100.0,100.0,2016-02-03T03:00:00Z,2016-02-03T00:00:00-03:00,2016-02-03T04:00:00Z,2016-02-03T01:00:00-03:00
21.96,,,False,1,pm10,µg/m³,,raw,01:00:00,2016-02-03T04:00:00Z,2016-02-03T01:00:00-03:00,2016-02-03T05:00:00Z,2016-02-03T02:00:00-03:00,1,01:00:00,1,01:00:00,100.0,100.0,2016-02-03T04:00:00Z,2016-02-03T01:00:00-03:00,2016-02-03T05:00:00Z,2016-02-03T02:00:00-03:00
31.63,,,False,1,pm10,µg/m³,,raw,01:00:00,2016-02-03T05:00:00Z,2016-02-03T02:00:00-03:00,2016-02-03T06:00:00Z,2016-02-03T03:00:00-03:00,1,01:00:00,1,01:00:00,100.0,100.0,2016-02-03T05:00:00Z,2016-02-03T02:00:00-03:00,2016-02-03T06:00:00Z,2016-02-03T03:00:00-03:00
55.79,,,False,1,pm10,µg/m³,,raw,01:00:00,2016-02-03T06:00:00Z,2016-02-03T03:00:00-03:00,2016-02-03T07:00:00Z,2016-02-03T04:00:00-03:00,1,01:00:00,1,01:00:00,100.0,100.0,2016-02-03T06:00:00Z,2016-02-03T03:00:00-03:00,2016-02-03T07:00:00Z,2016-02-03T04:00:00-03:00
10.67,,,False,1,pm10,µg/m³,,raw,01:00:00,2016-02-03T07:00:00Z,2016-02-03T04:00:00-03:00,2016-02-03T08:00:00Z,2016-02-03T05:00:00-03:00,1,01:00:00,1,01:00:00,100.0,100.0,2016-02-03T07:00:00Z,2016-02-03T04:00:00-03:00,2016-02-03T08:00:00Z,2016-02-03T05:00:00-03:00
25.55,,,False,1,pm10,µg/m³,,raw,01:00:00,2016-02-03T09:00:00Z,2016-02-03T06:00:00-03:00,2016-02-03T10:00:00Z,2016-02-03T07:00:00-03:00,1,01:00:00,1,01:00:00,100.0,100.0,2016-02-03T09:00:00Z,2016-02-03T06:00:00-03:00,2016-02-03T10:00:00Z,2016-02-03T07:00:00-03:00
22.65,,,False,1,pm10,µg/m³,,raw,01:00:00,2016-02-03T10:00:00Z,2016-02-03T07:00:00-03:00,2016-02-03T11:00:00Z,2016-02-03T08:00:00-03:00,1,01:00:00,1,01:00:00,100.0,100.0,2016-02-03T10:00:00Z,2016-02-03T07:00:00-03:00,2016-02-03T11:00:00Z,2016-02-03T08:00:00-03:00
30.44,,,False,1,pm10,µg/m³,,raw,01:00:00,2016-02-03T11:00:00Z,2016-02-03T08:00:00-03:00,2016-02-03T12:00:00Z,2016-02-03T09:00:00-03:00,1,01:00:00,1,01:00:00,100.0,100.0,2016-02-03T11:00:00Z,2016-02-03T08:00:00-03:00,2016-02-03T12:00:00Z,2016-02-03T09:00:00-03:00
47.47,,,False,1,pm10,µg/m³,,raw,01:00:00,2016-02-03T12:00:00Z,2016-02-03T09:00:00-03:00,2016-02-03T13:00:00Z,2016-02-03T10:00:00-03:00,1,01:00:00,1,01:00:00,100.0,100.0,2016-02-03T12:00:00Z,2016-02-03T09:00:00-03:00,2016-02-03T13:00:00Z,2016-02-03T10:00:00-03:00
41.76,,,False,1,pm10,µg/m³,,raw,01:00:00,2016-02-03T13:00:00Z,2016-02-03T10:00:00-03:00,2016-02-03T14:00:00Z,2016-02-03T11:00:00-03:00,1,01:00:00,1,01:00:00,100.0,100.0,2016-02-03T13:00:00Z,2016-02-03T10:00:00-03:00,2016-02-03T14:00:00Z,2016-02-03T11:00:00-03:00
37.42,,,False,1,pm10,µg/m³,,raw,01:00:00,2016-02-03T14:00:00Z,2016-02-03T11:00:00-03:00,2016-02-03T15:00:00Z,2016-02-03T12:00:00-03:00,1,01:00:00,1,01:00:00,100.0,100.0,2016-02-03T14:00:00Z,2016-02-03T11:00:00-03:00,2016-02-03T15:00:00Z,2016-02-03T12:00:00-03:00
55.81,,,False,1,pm10,µg/m³,,raw,01:00:00,2016-02-03T15:00:00Z,2016-02-03T12:00:00-03:00,2016-02-03T16:00:00Z,2016-02-03T13:00:00-03:00,1,01:00:00,1,01:00:00,100.0,100.0,2016-02-03T15:00:00Z,2016-02-03T12:00:00-03:00,2016-02-03T16:00:00Z,2016-02-03T13:00:00-03:00
51.88,,,False,1,pm10,µg/m³,,raw,01:00:00,2016-02-03T16:00:00Z,2016-02-03T13:00:00-03:00,2016-02-03T17:00:00Z,2016-02-03T14:00:00-03:00,1,01:00:00,1,01:00:00,100.0,100.0,2016-02-03T16:00:00Z,2016-02-03T13:00:00-03:00,2016-02-03T17:00:00Z,2016-02-03T14:00:00-03:00
57.0,,,False,1,pm10,µg/m³,,raw,01:00:00,2016-02-03T17:00:00Z,2016-02-03T14:00:00-03:00,2016-02-03T18:00:00Z,2016-02-03T15:00:00-03:00,1,01:00:00,1,01:00:00,100.0,100.0,2016-02-03T17:00:00Z,2016-02-03T14:00:00-03:00,2016-02-03T18:00:00Z,2016-02-03T15:00:00-03:00
57.65,,,False,1,pm10,µg/m³,,raw,01:00:00,2016-02-03T18:00:00Z,2016-02-03T15:00:00-03:00,2016-02-03T19:00:00Z,2016-02-03T16:00:00-03:00,1,01:00:00,1,01:00:00,100.0,100.0,2016-02-03T18:00:00Z,2016-02-03T15:00:00-03:00,2016-02-03T19:00:00Z,2016-02-03T16:00:00-03:00
55.79,,,False,1,pm10,µg/m³,,raw,01:00:00,2016-02-03T19:00:00Z,2016-02-03T16:00:00-03:00,2016-02-03T20:00:00Z,2016-02-03T17:00:00-03:00,1,01:00:00,1,01:00:00,100.0,100.0,2016-02-03T19:00:00Z,2016-02-03T16:00:00-03:00,2016-02-03T20:00:00Z,2016-02-03T17:00:00-03:00
59.28,,,False,1,pm10,µg/m³,,raw,01:00:00,2016-02-03T20:00:00Z,2016-02-03T17:00:00-03:00,2016-02-03T21:00:00Z,2016-02-03T18:00:00-03:00,1,01:00:00,1,01:00:00,100.0,100.0,2016-02-03T20:00:00Z,2016-02-03T17:00:00-03:00,2016-02-03T21:00:00Z,2016-02-03T18:00:00-03:00
73.6,,,False,1,pm10,µg/m³,,raw,01:00:00,2016-02-03T21:00:00Z,2016-02-03T18:00:00-03:00,2016-02-03T22:00:00Z,2016-02-03T19:00:00-03:00,1,01:00:00,1,01:00:00,100.0,100.0,2016-02-03T21:00:00Z,2016-02-03T18:00:00-03:00,2016-02-03T22:00:00Z,2016-02-03T19:00:00-03:00
59.56,,,False,1,pm10,µg/m³,,raw,01:00:00,2016-02-03T22:00:00Z,2016-02-03T19:00:00-03:00,2016-02-03T23:00:00Z,2016-02-03T20:00:00-03:00,1,01:00:00,1,01:00:00,100.0,100.0,2016-02-03T22:00:00Z,2016-02-03T19:00:00-03:00,2016-02-03T23:00:00Z,2016-02-03T20:00:00-03:00
42.84,,,False,1,pm10,µg/m³,,raw,01:00:00,2016-02-03T23:00:00Z,2016-02-03T20:00:00-03:00,2016-02-04T00:00:00Z,2016-02-03T21:00:00-03:00,1,01:00:00,1,01:00:00,100.0,100.0,2016-02-03T23:00:00Z,2016-02-03T20:00:00-03:00,2016-02-04T00:00:00Z,2016-02-03T21:00:00-03:00
33.93,,,False,1,pm10,µg/m³,,raw,01:00:00,2016-02-04T00:00:00Z,2016-02-03T21:00:00-03:00,2016-02-04T01:00:00Z,2016-02-03T22:00:00-03:00,1,01:00:00,1,01:00:00,100.0,100.0,2016-02-04T00:00:00Z,2016-02-03T21:00:00-03:00,2016-02-04T01:00:00Z,2016-02-03T22:00:00-03:00
23.87,,,False,1,pm10,µg/m³,,raw,01:00:00,2016-02-04T01:00:00Z,2016-02-03T22:00:00-03:00,2016-02-04T02:00:00Z,2016-02-03T23:00:00-03:00,1,01:00:00,1,01:00:00,100.0,100.0,2016-02-04T01:00:00Z,2016-02-03T22:00:00-03:00,2016-02-04T02:00:00Z,2016-02-03T23:00:00-03:00
31.2,,,False,1,pm10,µg/m³,,raw,01:00:00,2016-02-04T02:00:00Z,2016-02-03T23:00:00-03:00,2016-02-04T03:00:00Z,2016-02-04T00:00:00-03:00,1,01:00:00,1,01:00:00,100.0,100.0,2016-02-04T02:00:00Z,2016-02-03T23:00:00-03:00,2016-02-04T03:00:00Z,2016-02-04T00:00:00-03:00
25.03,,,False,1,pm10,µg/m³,,raw,01:00:00,2016-02-04T03:00:00Z,2016-02-04T00:00:00-03:00,2016-02-04T04:00:00Z,2016-02-04T01:00:00-03:00,1,01:00:00,1,01:00:00,100.0,100.0,2016-02-04T03:00:00Z,2016-02-04T00:00:00-03:00,2016-02-04T04:00:00Z,2016-02-04T01:00:00-03:00
42.97,,,False,1,pm10,µg/m³,,raw,01:00:00,2016-02-04T04:00:00Z,2016-02-04T01:00:00-03:00,2016-02-04T05:00:00Z,2016-02-04T02:00:00-03:00,1,01:00:00,1,01:00:00,100.0,100.0,2016-02-04T04:00:00Z,2016-02-04T01:00:00-03:00,2016-02-04T05:00:00Z,2016-02-04T02:00:00-03:00
36.37,,,False,1,pm10,µg/m³,,raw,01:00:00,2016-02-04T05:00:00Z,2016-02-04T02:00:00-03:00,2016-02-04T06:00:00Z,2016-02-04T03:00:00-03:00,1,01:00:00,1,01:00:00,100.0,100.0,2016-02-04T05:00:00Z,2016-02-04T02:00:00-03:00,2016-02-04T06:00:00Z,2016-02-04T03:00:00-03:00
23.81,,,False,1,pm10,µg/m³,,raw,01:00:00,2016-02-04T07:00:00Z,2016-02-04T04:00:00-03:00,2016-02-04T08:00:00Z,2016-02-04T05:00:00-03:00,1,01:00:00,1,01:00:00,100.0,100.0,2016-02-04T07:00:00Z,2016-02-04T04:00:00-03:00,2016-02-04T08:00:00Z,2016-02-04T05:00:00-03:00
26.55,,,False,1,pm10,µg/m³,,raw,01:00:00,2016-02-04T08:00:00Z,2016-02-04T05:00:00-03:00,2016-02-04T09:00:00Z,2016-02-04T06:00:00-03:00,1,01:00:00,1,01:00:00,100.0,100.0,2016-02-04T08:00:00Z,2016-02-04T05:00:00-03:00,2016-02-04T09:00:00Z,2016-02-04T06:00:00-03:00
29.03,,,False,1,pm10,µg/m³,,raw,01:00:00,2016-02-04T09:00:00Z,2016-02-04T06:00:00-03:00,2016-02-04T10:00:00Z,2016-02-04T07:00:00-03:00,1,01:00:00,1,01:00:00,100.0,100.0,2016-02-04T09:00:00Z,2016-02-04T06:00:00-03:00,2016-02-04T10:00:00Z,2016-02-04T07:00:00-03:00
37.85,,,False,1,pm10,µg/m³,,raw,01:00:00,2016-02-04T10:00:00Z,2016-02-04T07:00:00-03:00,2016-02-04T11:00:00Z,2016-02-04T08:00:00-03:00,1,01:00:00,1,01:00:00,100.0,100.0,2016-02-04T10:00:00Z,2016-02-04T07:00:00-03:00,2016-02-04T11:00:00Z,2016-02-04T08:00:00-03:00
55.05,,,False,1,pm10,µg/m³,,raw,01:00:00,2016-02-04T11:00:00Z,2016-02-04T08:00:00-03:00,2016-02-04T12:00:00Z,2016-02-04T09:00:00-03:00,1,01:00:00,1,01:00:00,100.0,100.0,2016-02-04T11:00:00Z,2016-02-04T08:00:00-03:00,2016-02-04T12:00:00Z,2016-02-04T09:00:00-03:00
47.15,,,False,1,pm10,µg/m³,,raw,01:00:00,2016-02-04T12:00:00Z,2016-02-04T09:00:00-03:00,2016-02-04T13:00:00Z,2016-02-04T10:00:00-03:00,1,01:00:00,1,01:00:00,100.0,100.0,2016-02-04T12:00:00Z,2016-02-04T09:00:00-03:00,2016-02-04T13:00:00Z,2016-02-04T10:00:00-03:00
50.78,,,False,1,pm10,µg/m³,,raw,01:00:00,2016-02-04T13:00:00Z,2016-02-04T10:00:00-03:00,2016-02-04T14:00:00Z,2016-02-04T11:00:00-03:00,1,01:00:00,1,01:00:00,100.0,100.0,2016-02-04T13:00:00Z,2016-02-04T10:00:00-03:00,2016-02-04T14:00:00Z,2016-02-04T11:00:00-03:00
47.29,,,False,1,pm10,µg/m³,,raw,01:00:00,2016-02-04T14:00:00Z,2016-02-04T11:00:00-03:00,2016-02-04T15:00:00Z,2016-02-04T12:00:00-03:00,1,01:00:00,1,01:00:00,100.0,100.0,2016-02-04T14:00:00Z,2016-02-04T11:00:00-03:00,2016-02-04T15:00:00Z,2016-02-04T12:00:00-03:00
40.94,,,False,1,pm10,µg/m³,,raw,01:00:00,2016-02-04T15:00:00Z,2016-02-04T12:00:00-03:00,2016-02-04T16:00:00Z,2016-02-04T13:00:00-03:00,1,01:00:00,1,01:00:00,100.0,100.0,2016-02-04T15:00:00Z,2016-02-04T12:00:00-03:00,2016-02-04T16:00:00Z,2016-02-04T13:00:00-03:00
42.64,,,False,1,pm10,µg/m³,,raw,01:00:00,2016-02-04T16:00:00Z,2016-02-04T13:00:00-03:00,2016-02-04T17:00:00Z,2016-02-04T14:00:00-03:00,1,01:00:00,1,01:00:00,100.0,100.0,2016-02-04T16:00:00Z,2016-02-04T13:00:00-03:00,2016-02-04T17:00:00Z,2016-02-04T14:00:00-03:00
44.36,,,False,1,pm10,µg/m³,,raw,01:00:00,2016-02-04T17:00:00Z,2016-02-04T14:00:00-03:00,2016-02-04T18:00:00Z,2016-02-04T15:00:00-03:00,1,01:00:00,1,01:00:00,100.0,100.0,2016-02-04T17:00:00Z,2016-02-04T14:00:00-03:00,2016-02-04T18:00:00Z,2016-02-04T15:00:00-03:00
46.27,,,False,1,pm10,µg/m³,,raw,01:00:00,2016-02-04T18:00:00Z,2016-02-04T15:00:00-03:00,2016-02-04T19:00:00Z,2016-02-04T16:00:00-03:00,1,01:00:00,1,01:00:00,100.0,100.0,2016-02-04T18:00:00Z,2016-02-04T15:00:00-03:00,2016-02-04T19:00:00Z,2016-02-04T16:00:00-03:00
44.51,,,False,1,pm10,µg/m³,,raw,01:00:00,2016-02-04T19:00:00Z,2016-02-04T16:00:00-03:00,2016-02-04T20:00:00Z,2016-02-04T17:00:00-03:00,1,01:00:00,1,01:00:00,100.0,100.0,2016-02-04T19:00:00Z,2016-02-04T16:00:00-03:00,2016-02-04T20:00:00Z,2016-02-04T17:00:00-03:00
49.21,,,False,1,pm10,µg/m³,,raw,01:00:00,2016-02-04T20:00:00Z,2016-02-04T17:00:00-03:00,2016-02-04T21:00:00Z,2016-02-04T18:00:00-03:00,1,01:00:00,1,01:00:00,100.0,100.0,2016-02-04T20:00:00Z,2016-02-04T17:00:00-03:00,2016-02-04T21:00:00Z,2016-02-04T18:00:00-03:00
46.69,,,False,1,pm10,µg/m³,,raw,01:00:00,2016-02-04T21:00:00Z,2016-02-04T18:00:00-03:00,2016-02-04T22:00:00Z,2016-02-04T19:00:00-03:00,1,01:00:00,1,01:00:00,100.0,100.0,2016-02-04T21:00:00Z,2016-02-04T18:00:00-03:00,2016-02-04T22:00:00Z,2016-02-04T19:00:00-03:00
47.09,,,False,1,pm10,µg/m³,,raw,01:00:00,2016-02-04T22:00:00Z,2016-02-04T19:00:00-03:00,2016-02-04T23:00:00Z,2016-02-04T20:00:00-03:00,1,01:00:00,1,01:00:00,100.0,100.0,2016-02-04T22:00:00Z,2016-02-04T19:00:00-03:00,2016-02-04T23:00:00Z,2016-02-04T20:00:00-03:00
45.03,,,False,1,pm10,µg/m³,,raw,01:00:00,2016-02-04T23:00:00Z,2016-02-04T20:00:00-03:00,2016-02-05T00:00:00Z,2016-02-04T21:00:00-03:00,1,01:00:00,1,01:00:00,100.0,100.0,2016-02-04T23:00:00Z,2016-02-04T20:00:00-03:00,2016-02-05T00:00:00Z,2016-02-04T21:00:00-03:00
29.57,,,False,1,pm10,µg/m³,,raw,01:00:00,2016-02-05T01:00:00Z,2016-02-04T22:00:00-03:00,2016-02-05T02:00:00Z,2016-02-04T23:00:00-03:00,1,01:00:00,1,01:00:00,100.0,100.0,2016-02-05T01:00:00Z,2016-02-04T22:00:00-03:00,2016-02-05T02:00:00Z,2016-02-04T23:00:00-03:00
29.64,,,False,1,pm10,µg/m³,,raw,01:00:00,2016-02-05T02:00:00Z,2016-02-04T23:00:00-03:00,2016-02-05T03:00:00Z,2016-02-05T00:00:00-03:00,1,01:00:00,1,01:00:00,100.0,100.0,2016-02-05T02:00:00Z,2016-02-04T23:00:00-03:00,2016-02-05T03:00:00Z,2016-02-05T00:00:00-03:00
29.25,,,False,1,pm10,µg/m³,,raw,01:00:00,2016-02-05T03:00:00Z,2016-02-05T00:00:00-03:00,2016-02-05T04:00:00Z,2016-02-05T01:00:00-03:00,1,01:00:00,1,01:00:00,100.0,100.0,2016-02-05T03:00:00Z,2016-02-05T00:00:00-03:00,2016-02-05T04:00:00Z,2016-02-05T01:00:00-03:00
36.66,,,False,1,pm10,µg/m³,,raw,01:00:00,2016-02-05T04:00:00Z,2016-02-05T01:00:00-03:00,2016-02-05T05:00:00Z,2016-02-05T02:00:00-03:00,1,01:00:00,1,01:00:00,100.0,100.0,2016-02-05T04:00:00Z,2016-02-05T01:00:00-03:00,2016-02-05T05:00:00Z,2016-02-05T02:00:00-03:00
32.74,,,False,1,pm10,µg/m³,,raw,01:00:00,2016-02-05T05:00:00Z,2016-02-05T02:00:00-03:00,2016-02-05T06:00:00Z,2016-02-05T03:00:00-03:00,1,01:00:00,1,01:00:00,100.0,100.0,2016-02-05T05:00:00Z,2016-02-05T02:00:00-03:00,2016-02-05T06:00:00Z,2016-02-05T03:00:00-03:00
34.54,,,False,1,pm10,µg/m³,,raw,01:00:00,2016-02-05T06:00:00Z,2016-02-05T03:00:00-03:00,2016-02-05T07:00:00Z,2016-02-05T04:00:00-03:00,1,01:00:00,1,01:00:00,100.0,100.0,2016-02-05T06:00:00Z,2016-02-05T03:00:00-03:00,2016-02-05T07:00:00Z,2016-02-05T04:00:00-03:00
31.02,,,False,1,pm10,µg/m³,,raw,01:00:00,2016-02-05T07:00:00Z,2016-02-05T04:00:00-03:00,2016-02-05T08:00:00Z,2016-02-05T05:00:00-03:00,1,01:00:00,1,01:00:00,100.0,100.0,2016-02-05T07:00:00Z,2016-02-05T04:00:00-03:00,2016-02-05T08:00:00Z,2016-02-05T05:00:00-03:00
26.57,,,False,1,pm10,µg/m³,,raw,01:00:00,2016-02-05T09:00:00Z,2016-02-05T06:00:00-03:00,2016-02-05T10:00:00Z,2016-02-05T07:00:00-03:00,1,01:00:00,1,01:00:00,100.0,100.0,2016-02-05T09:00:00Z,2016-02-05T06:00:00-03:00,2016-02-05T10:00:00Z,2016-02-05T07:00:00-03:00
28.04,,,False,1,pm10,µg/m³,,raw,01:00:00,2016-02-05T10:00:00Z,2016-02-05T07:00:00-03:00,2016-02-05T11:00:00Z,2016-02-05T08:00:00-03:00,1,01:00:00,1,01:00:00,100.0,100.0,2016-02-05T10:00:00Z,2016-02-05T07:00:00-03:00,2016-02-05T11:00:00Z,2016-02-05T08:00:00-03:00
32.59,,,False,1,pm10,µg/m³,,raw,01:00:00,2016-02-05T11:00:00Z,2016-02-05T08:00:00-03:00,2016-02-05T12:00:00Z,2016-02-05T09:00:00-03:00,1,01:00:00,1,01:00:00,100.0,100.0,2016-02-05T11:00:00Z,2016-02-05T08:00:00-03:00,2016-02-05T12:00:00Z,2016-02-05T09:00:00-03:00
39.1,,,False,1,pm10,µg/m³,,raw,01:00:00,2016-02-05T12:00:00Z,2016-02-05T09:00:00-03:00,2016-02-05T13:00:00Z,2016-02-05T10:00:00-03:00,1,01:00:00,1,01:00:00,100.0,100.0,2016-02-05T12:00:00Z,2016-02-05T09:00:00-03:00,2016-02-05T13:00:00Z,2016-02-05T10:00:00-03:00
35.04,,,False,1,pm10,µg/m³,,raw,01:00:00,2016-02-05T13:00:00Z,2016-02-05T10:00:00-03:00,2016-02-05T14:00:00Z,2016-02-05T11:00:00-03:00,1,01:00:00,1,01:00:00,100.0,100.0,2016-02-05T13:00:00Z,2016-02-05T10:00:00-03:00,2016-02-05T14:00:00Z,2016-02-05T11:00:00-03:00
40.63,,,False,1,pm10,µg/m³,,raw,01:00:00,2016-02-05T15:00:00Z,2016-02-05T12:00:00-03:00,2016-02-05T16:00:00Z,2016-02-05T13:00:00-03:00,1,01:00:00,1,01:00:00,100.0,100.0,2016-02-05T15:00:00Z,2016-02-05T12:00:00-03:00,2016-02-05T16:00:00Z,2016-02-05T13:00:00-03:00
34.2,,,False,1,pm10,µg/m³,,raw,01:00:00,2016-02-05T16:00:00Z,2016-02-05T13:00:00-03:00,2016-02-05T17:00:00Z,2016-02-05T14:00:00-03:00,1,01:00:00,1,01:00:00,100.0,100.0,2016-02-05T16:00:00Z,2016-02-05T13:00:00-03:00,2016-02-05T17:00:00Z,2016-02-05T14:00:00-03:00
27.75,,,False,1,pm10,µg/m³,,raw,01:00:00,2016-02-05T18:00:00Z,2016-02-05T15:00:00-03:00,2016-02-05T19:00:00Z,2016-02-05T16:00:00-03:00,1,01:00:00,1,01:00:00,100.0,100.0,2016-02-05T18:00:00Z,2016-02-05T15:00:00-03:00,2016-02-05T19:00:00Z,2016-02-05T16:00:00-03:00
37.86,,,False,1,pm10,µg/m³,,raw,01:00:00,2016-02-05T20:00:00Z,2016-02-05T17:00:00-03:00,2016-02-05T21:00:00Z,2016-02-05T18:00:00-03:00,1,01:00:00,1,01:00:00,100.0,100.0,2016-02-05T20:00:00Z,2016-02-05T17:00:00-03:00,2016-02-05T21:00:00Z,2016-02-05T18:00:00-03:00
37.91,,,False,1,pm10,µg/m³,,raw,01:00:00,2016-02-05T21:00:00Z,2016-02-05T18:00:00-03:00,2016-02-05T22:00:00Z,2016-02-05T19:00:00-03:00,1,01:00:00,1,01:00:00,100.0,100.0,2016-02-05T21:00:00Z,2016-02-05T18:00:00-03:00,2016-02-05T22:00:00Z,2016-02-05T19:00:00-03:00
47.47,,,False,1,pm10,µg/m³,,raw,01:00:00,2016-02-05T22:00:00Z,2016-02-05T19:00:00-03:00,2016-02-05T23:00:00Z,2016-02-05T20:00:00-03:00,1,01:00:00,1,01:00:00,100.0,100.0,2016-02-05T22:00:00Z,2016-02-05T19:00:00-03:00,2016-02-05T23:00:00Z,2016-02-05T20:00:00-03:00
44.01,,,False,1,pm10,µg/m³,,raw,01:00:00,2016-02-05T23:00:00Z,2016-02-05T20:00:00-03:00,2016-02-06T00:00:00Z,2016-02-05T21:00:00-03:00,1,01:00:00,1,01:00:00,100.0,100.0,2016-02-05T23:00:00Z,2016-02-05T20:00:00-03:00,2016-02-06T00:00:00Z,2016-02-05T21:00:00-03:00
44.78,,,False,1,pm10,µg/m³,,raw,01:00:00,2016-02-06T00:00:00Z,2016-02-05T21:00:00-03:00,2016-02-06T01:00:00Z,2016-02-05T22:00:00-03:00,1,01:00:00,1,01:00:00,100.0,100.0,2016-02-06T00:00:00Z,2016-02-05T21:00:00-03:00,2016-02-06T01:00:00Z,2016-02-05T22:00:00-03:00
32.01,,,False,1,pm10,µg/m³,,raw,01:00:00,2016-02-06T01:00:00Z,2016-02-05T22:00:00-03:00,2016-02-06T02:00:00Z,2016-02-05T23:00:00-03:00,1,01:00:00,1,01:00:00,100.0,100.0,2016-02-06T01:00:00Z,2016-02-05T22:00:00-03:00,2016-02-06T02:00:00Z,2016-02-05T23:00:00-03:00
32.99,,,False,1,pm10,µg/m³,,raw,01:00:00,2016-02-06T02:00:00Z,2016-02-05T23:00:00-03:00,2016-02-06T03:00:00Z,2016-02-06T00:00:00-03:00,1,01:00:00,1,01:00:00,100.0,100.0,2016-02-06T02:00:00Z,2016-02-05T23:00:00-03:00,2016-02-06T03:00:00Z,2016-02-06T00:00:00-03:00
22.71,,,False,1,pm10,µg/m³,,raw,01:00:00,2016-02-06T03:00:00Z,2016-02-06T00:00:00-03:00,2016-02-06T04:00:00Z,2016-02-06T01:00:00-03:00,1,01:00:00,1,01:00:00,100.0,100.0,2016-02-06T03:00:00Z,2016-02-06T00:00:00-03:00,2016-02-06T04:00:00Z,2016-02-06T01:00:00-03:00
40.24,,,False,1,pm10,µg/m³,,raw,01:00:00,2016-02-06T04:00:00Z,2016-02-06T01:00:00-03:00,2016-02-06T05:00:00Z,2016-02-06T02:00:00-03:00,1,01:00:00,1,01:00:00,100.0,100.0,2016-02-06T04:00:00Z,2016-02-06T01:00:00-03:00,2016-02-06T05:00:00Z,2016-02-06T02:00:00-03:00
83.28,,,False,1,pm10,µg/m³,,raw,01:00:00,2016-02-06T05:00:00Z,2016-02-06T02:00:00-03:00,2016-02-06T06:00:00Z,2016-02-06T03:00:00-03:00,1,01:00:00,1,01:00:00,100.0,100.0,2016-02-06T05:00:00Z,2016-02-06T02:00:00-03:00,2016-02-06T06:00:00Z,2016-02-06T03:00:00-03:00
38.22,,,False,1,pm10,µg/m³,,raw,01:00:00,2016-02-06T06:00:00Z,2016-02-06T03:00:00-03:00,2016-02-06T07:00:00Z,2016-02-06T04:00:00-03:00,1,01:00:00,1,01:00:00,100.0,100.0,2016-02-06T06:00:00Z,2016-02-06T03:00:00-03:00,2016-02-06T07:00:00Z,2016-02-06T04:00:00-03:00
13.37,,,False,1,pm10,µg/m³,,raw,01:00:00,2016-02-06T07:00:00Z,2016-02-06T04:00:00-03:00,2016-02-06T08:00:00Z,2016-02-06T05:00:00-03:00,1,01:00:00,1,01:00:00,100.0,100.0,2016-02-06T07:00:00Z,2016-02-06T04:00:00-03:00,2016-02-06T08:00:00Z,2016-02-06T05:00:00-03:00
29.17,,,False,1,pm10,µg/m³,,raw,01:00:00,2016-02-06T08:00:00Z,2016-02-06T05:00:00-03:00,2016-02-06T09:00:00Z,2016-02-06T06:00:00-03:00,1,01:00:00,1,01:00:00,100.0,100.0,2016-02-06T08:00:00Z,2016-02-06T05:00:00-03:00,2016-02-06T09:00:00Z,2016-02-06T06:00:00-03:00
24.28,,,False,1,pm10,µg/m³,,raw,01:00:00,2016-02-06T09:00:00Z,2016-02-06T06:00:00-03:00,2016-02-06T10:00:00Z,2016-02-06T07:00:00-03:00,1,01:00:00,1,01:00:00,100.0,100.0,2016-02-06T09:00:00Z,2016-02-06T06:00:00-03:00,2016-02-06T10:00:00Z,2016-02-06T07:00:00-03:00
33.18,,,False,1,pm10,µg/m³,,raw,01:00:00,2016-02-06T10:00:00Z,2016-02-06T07:00:00-03:00,2016-02-06T11:00:00Z,2016-02-06T08:00:00-03:00,1,01:00:00,1,01:00:00,100.0,100.0,2016-02-06T10:00:00Z,2016-02-06T07:00:00-03:00,2016-02-06T11:00:00Z,2016-02-06T08:00:00-03:00
38.12,,,False,1,pm10,µg/m³,,raw,01:00:00,2016-02-06T11:00:00Z,2016-02-06T08:00:00-03:00,2016-02-06T12:00:00Z,2016-02-06T09:00:00-03:00,1,01:00:00,1,01:00:00,100.0,100.0,2016-02-06T11:00:00Z,2016-02-06T08:00:00-03:00,2016-02-06T12:00:00Z,2016-02-06T09:00:00-03:00
43.1,,,False,1,pm10,µg/m³,,raw,01:00:00,2016-02-06T12:00:00Z,2016-02-06T09:00:00-03:00,2016-02-06T13:00:00Z,2016-02-06T10:00:00-03:00,1,01:00:00,1,01:00:00,100.0,100.0,2016-02-06T12:00:00Z,2016-02-06T09:00:00-03:00,2016-02-06T13:00:00Z,2016-02-06T10:00:00-03:00
51.94,,,False,1,pm10,µg/m³,,raw,01:00:00,2016-02-06T13:00:00Z,2016-02-06T10:00:00-03:00,2016-02-06T14:00:00Z,2016-02-06T11:00:00-03:00,1,01:00:00,1,01:00:00,100.0,100.0,2016-02-06T13:00:00Z,2016-02-06T10:00:00-03:00,2016-02-06T14:00:00Z,2016-02-06T11:00:00-03:00
53.81,,,False,1,pm10,µg/m³,,raw,01:00:00,2016-02-06T14:00:00Z,2016-02-06T11:00:00-03:00,2016-02-06T15:00:00Z,2016-02-06T12:00:00-03:00,1,01:00:00,1,01:00:00,100.0,100.0,2016-02-06T14:00:00Z,2016-02-06T11:00:00-03:00,2016-02-06T15:00:00Z,2016-02-06T12:00:00-03:00
50.11,,,False,1,pm10,µg/m³,,raw,01:00:00,2016-02-06T15:00:00Z,2016-02-06T12:00:00-03:00,2016-02-06T16:00:00Z,2016-02-06T13:00:00-03:00,1,01:00:00,1,01:00:00,100.0,100.0,2016-02-06T15:00:00Z,2016-02-06T12:00:00-03:00,2016-02-06T16:00:00Z,2016-02-06T13:00:00-03:00
49.09,,,False,1,pm10,µg/m³,,raw,01:00:00,2016-02-06T16:00:00Z,2016-02-06T13:00:00-03:00,2016-02-06T17:00:00Z,2016-02-06T14:00:00-03:00,1,01:00:00,1,01:00:00,100.0,100.0,2016-02-06T16:00:00Z,2016-02-06T13:00:00-03:00,2016-02-06T17:00:00Z,2016-02-06T14:00:00-03:00
94.6,,,False,1,pm10,µg/m³,,raw,01:00:00,2016-02-06T17:00:00Z,2016-02-06T14:00:00-03:00,2016-02-06T18:00:00Z,2016-02-06T15:00:00-03:00,1,01:00:00,1,01:00:00,100.0,100.0,2016-02-06T17:00:00Z,2016-02-06T14:00:00-03:00,2016-02-06T18:00:00Z,2016-02-06T15:00:00-03:00
10.43,,,False,1,pm10,µg/m³,,raw,01:00:00,2016-02-06T18:00:00Z,2016-02-06T15:00:00-03:00,2016-02-06T19:00:00Z,2016-02-06T16:00:00-03:00,1,01:00:00,1,01:00:00,100.0,100.0,2016-02-06T18:00:00Z,2016-02-06T15:00:00-03:00,2016-02-06T19:00:00Z,2016-02-06T16:00:00-03:00
34.53,,,False,1,pm10,µg/m³,,raw,01:00:00,2016-02-06T19:00:00Z,2016-02-06T16:00:00-03:00,2016-02-06T20:00:00Z,2016-02-06T17:00:00-03:00,1,01:00:00,1,01:00:00,100.0,100.0,2016-02-06T19:00:00Z,2016-02-06T16:00:00-03:00,2016-02-06T20:00:00Z,2016-02-06T17:00:00-03:00
90.89,,,False,1,pm10,µg/m³,,raw,01:00:00,2016-02-06T20:00:00Z,2016-02-06T17:00:00-03:00,2016-02-06T21:00:00Z,2016-02-06T18:00:00-03:00,1,01:00:00,1,01:00:00,100.0,100.0,2016-02-06T20:00:00Z,2016-02-06T17:00:00-03:00,2016-02-06T21:00:00Z,2016-02-06T18:00:00-03:00
44.64,,,False,1,pm10,µg/m³,,raw,01:00:00,2016-02-06T21:00:00Z,2016-02-06T18:00:00-03:00,2016-02-06T22:00:00Z,2016-02-06T19:00:00-03:00,1,01:00:00,1,01:00:00,100.0,100.0,2016-02-06T21:00:00Z,2016-02-06T18:00:00-03:00,2016-02-06T22:00:00Z,2016-02-06T19:00:00-03:00
27.67,,,False,1,pm10,µg/m³,,raw,01:00:00,2016-02-06T22:00:00Z,2016-02-06T19:00:00-03:00,2016-02-06T23:00:00Z,2016-02-06T20:00:00-03:00,1,01:00:00,1,01:00:00,100.0,100.0,2016-02-06T22:00:00Z,2016-02-06T19:00:00-03:00,2016-02-06T23:00:00Z,2016-02-06T20:00:00-03:00
26.34,,,False,1,pm10,µg/m³,,raw,01:00:00,2016-02-06T23:00:00Z,2016-02-06T20:00:00-03:00,2016-02-07T00:00:00Z,2016-02-06T21:00:00-03:00,1,01:00:00,1,01:00:00,100.0,100.0,2016-02-06T23:00:00Z,2016-02-06T20:00:00-03:00,2016-02-07T00:00:00Z,2016-02-06T21:00:00-03:00
30.87,,,False,1,pm10,µg/m³,,raw,01:00:00,2016-02-07T00:00:00Z,2016-02-06T21:00:00-03:00,2016-02-07T01:00:00Z,2016-02-06T22:00:00-03:00,1,01:00:00,1,01:00:00,100.0,100.0,2016-02-07T00:00:00Z,2016-02-06T21:00:00-03:00,2016-02-07T01:00:00Z,2016-02-06T22:00:00-03:00
28.54,,,False,1,pm10,µg/m³,,raw,01:00:00,2016-02-07T01:00:00Z,2016-02-06T22:00:00-03:00,2016-02-07T02:00:00Z,2016-02-06T23:00:00-03:00,1,01:00:00,1,01:00:00,100.0,100.0,2016-02-07T01:00:00Z,2016-02-06T22:00:00-03:00,2016-02-07T02:00:00Z,2016-02-06T23:00:00-03:00
28.49,,,False,1,pm10,µg/m³,,raw,01:00:00,2016-02-07T02:00:00Z,2016-02-06T23:00:00-03:00,2016-02-07T03:00:00Z,2016-02-07T00:00:00-03:00,1,01:00:00,1,01:00:00,100.0,100.0,2016-02-07T02:00:00Z,2016-02-06T23:00:00-03:00,2016-02-07T03:00:00Z,2016-02-07T00:00:00-03:00
22.98,,,False,1,pm10,µg/m³,,raw,01:00:00,2016-02-07T03:00:00Z,2016-02-07T00:00:00-03:00,2016-02-07T04:00:00Z,2016-02-07T01:00:00-03:00,1,01:00:00,1,01:00:00,100.0,100.0,2016-02-07T03:00:00Z,2016-02-07T00:00:00-03:00,2016-02-07T04:00:00Z,2016-02-07T01:00:00-03:00
39.76,,,False,1,pm10,µg/m³,,raw,01:00:00,2016-02-07T04:00:00Z,2016-02-07T01:00:00-03:00,2016-02-07T05:00:00Z,2016-02-07T02:00:00-03:00,1,01:00:00,1,01:00:00,100.0,100.0,2016-02-07T04:00:00Z,2016-02-07T01:00:00-03:00,2016-02-07T05:00:00Z,2016-02-07T02:00:00-03:00
31.05,,,False,1,pm10,µg/m³,,raw,01:00:00,2016-02-07T05:00:00Z,2016-02-07T02:00:00-03:00,2016-02-07T06:00:00Z,2016-02-07T03:00:00-03:00,1,01:00:00,1,01:00:00,100.0,100.0,2016-02-07T05:00:00Z,2016-02-07T02:00:00-03:00,2016-02-07T06:00:00Z,2016-02-07T03:00:00-03:00
28.6,,,False,1,pm10,µg/m³,,raw,01:00:00,2016-02-07T06:00:00Z,2016-02-07T03:00:00-03:00,2016-02-07T07:00:00Z,2016-02-07T04:00:00-03:00,1,01:00:00,1,01:00:00,100.0,100.0,2016-02-07T06:00:00Z,2016-02-07T03:00:00-03:00,2016-02-07T07:00:00Z,2016-02-07T04:00:00-03:00
29.24,,,False,1,pm10,µg/m³,,raw,01:00:00,2016-02-07T08:00:00Z,2016-02-07T05:00:00-03:00,2016-02-07T09:00:00Z,2016-02-07T06:00:00-03:00,1,01:00:00,1,01:00:00,100.0,100.0,2016-02-07T08:00:00Z,2016-02-07T05:00:00-03:00,2016-02-07T09:00:00Z,2016-02-07T06:00:00-03:00
22.74,,,False,1,pm10,µg/m³,,raw,01:00:00,2016-02-07T09:00:00Z,2016-02-07T06:00:00-03:00,2016-02-07T10:00:00Z,2016-02-07T07:00:00-03:00,1,01:00:00,1,01:00:00,100.0,100.0,2016-02-07T09:00:00Z,2016-02-07T06:00:00-03:00,2016-02-07T10:00:00Z,2016-02-07T07:00:00-03:00
17.92,,,False,1,pm10,µg/m³,,raw,01:00:00,2016-02-07T10:00:00Z,2016-02-07T07:00:00-03:00,2016-02-07T11:00:00Z,2016-02-07T08:00:00-03:00,1,01:00:00,1,01:00:00,100.0,100.0,2016-02-07T10:00:00Z,2016-02-07T07:00:00-03:00,2016-02-07T11:00:00Z,2016-02-07T08:00:00-03:00
25.25,,,False,1,pm10,µg/m³,,raw,01:00:00,2016-02-07T11:00:00Z,2016-02-07T08:00:00-03:00,2016-02-07T12:00:00Z,2016-02-07T09:00:00-03:00,1,01:00:00,1,01:00:00,100.0,100.0,2016-02-07T11:00:00Z,2016-02-07T08:00:00-03:00,2016-02-07T12:00:00Z,2016-02-07T09:00:00-03:00
31.15,,,False,1,pm10,µg/m³,,raw,01:00:00,2016-02-07T12:00:00Z,2016-02-07T09:00:00-03:00,2016-02-07T13:00:00Z,2016-02-07T10:00:00-03:00,1,01:00:00,1,01:00:00,100.0,100.0,2016-02-07T12:00:00Z,2016-02-07T09:00:00-03:00,2016-02-07T13:00:00Z,2016-02-07T10:00:00-03:00
29.26,,,False,1,pm10,µg/m³,,raw,01:00:00,2016-02-07T13:00:00Z,2016-02-07T10:00:00-03:00,2016-02-07T14:00:00Z,2016-02-07T11:00:00-03:00,1,01:00:00,1,01:00:00,100.0,100.0,2016-02-07T13:00:00Z,2016-02-07T10:00:00-03:00,2016-02-07T14:00:00Z,2016-02-07T11:00:00-03:00
32.96,,,False,1,pm10,µg/m³,,raw,01:00:00,2016-02-07T14:00:00Z,2016-02-07T11:00:00-03:00,2016-02-07T15:00:00Z,2016-02-07T12:00:00-03:00,1,01:00:00,1,01:00:00,100.0,100.0,2016-02-07T14:00:00Z,2016-02-07T11:00:00-03:00,2016-02-07T15:00:00Z,2016-02-07T12:00:00-03:00
32.78,,,False,1,pm10,µg/m³,,raw,01:00:00,2016-02-07T15:00:00Z,2016-02-07T12:00:00-03:00,2016-02-07T16:00:00Z,2016-02-07T13:00:00-03:00,1,01:00:00,1,01:00:00,100.0,100.0,2016-02-07T15:00:00Z,2016-02-07T12:00:00-03:00,2016-02-07T16:00:00Z,2016-02-07T13:00:00-03:00
32.12,,,False,1,pm10,µg/m³,,raw,01:00:00,2016-02-07T16:00:00Z,2016-02-07T13:00:00-03:00,2016-02-07T17:00:00Z,2016-02-07T14:00:00-03:00,1,01:00:00,1,01:00:00,100.0,100.0,2016-02-07T16:00:00Z,2016-02-07T13:00:00-03:00,2016-02-07T17:00:00Z,2016-02-07T14:00:00-03:00
34.99,,,False,1,pm10,µg/m³,,raw,01:00:00,2016-02-07T17:00:00Z,2016-02-07T14:00:00-03:00,2016-02-07T18:00:00Z,2016-02-07T15:00:00-03:00,1,01:00:00,1,01:00:00,100.0,100.0,2016-02-07T17:00:00Z,2016-02-07T14:00:00-03:00,2016-02-07T18:00:00Z,2016-02-07T15:00:00-03:00
31.77,,,False,1,pm10,µg/m³,,raw,01:00:00,2016-02-07T18:00:00Z,2016-02-07T15:00:00-03:00,2016-02-07T19:00:00Z,2016-02-07T16:00:00-03:00,1,01:00:00,1,01:00:00,100.0,100.0,2016-02-07T18:00:00Z,2016-02-07T15:00:00-03:00,2016-02-07T19:00:00Z,2016-02-07T16:00:00-03:00
19.64,,,False,1,pm10,µg/m³,,raw,01:00:00,2016-02-07T19:00:00Z,2016-02-07T16:00:00-03:00,2016-02-07T20:00:00Z,2016-02-07T17:00:00-03:00,1,01:00:00,1,01:00:00,100.0,100.0,2016-02-07T19:00:00Z,2016-02-07T16:00:00-03:00,2016-02-07T20:00:00Z,2016-02-07T17:00:00-03:00
37.85,,,False,1,pm10,µg/m³,,raw,01:00:00,2016-02-07T20:00:00Z,2016-02-07T17:00:00-03:00,2016-02-07T21:00:00Z,2016-02-07T18:00:00-03:00,1,01:00:00,1,01:00:00,100.0,100.0,2016-02-07T20:00:00Z,2016-02-07T17:00:00-03:00,2016-02-07T21:00:00Z,2016-02-07T18:00:00-03:00
39.34,,,False,1,pm10,µg/m³,,raw,01:00:00,2016-02-07T21:00:00Z,2016-02-07T18:00:00-03:00,2016-02-07T22:00:00Z,2016-02-07T19:00:00-03:00,1,01:00:00,1,01:00:00,100.0,100.0,2016-02-07T21:00:00Z,2016-02-07T18:00:00-03:00,2016-02-07T22:00:00Z,2016-02-07T19:00:00-03:00
37.66,,,False,1,pm10,µg/m³,,raw,01:00:00,2016-02-07T22:00:00Z,2016-02-07T19:00:00-03:00,2016-02-07T23:00:00Z,2016-02-07T20:00:00-03:00,1,01:00:00,1,01:00:00,100.0,100.0,2016-02-07T22:00:00Z,2016-02-07T19:00:00-03:00,2016-02-07T23:00:00Z,2016-02-07T20:00:00-03:00
39.1,,,False,1,pm10,µg/m³,,raw,01:00:00,2016-02-07T23:00:00Z,2016-02-07T20:00:00-03:00,2016-02-08T00:00:00Z,2016-02-07T21:00:00-03:00,1,01:00:00,1,01:00:00,100.0,100.0,2016-02-07T23:00:00Z,2016-02-07T20:00:00-03:00,2016-02-08T00:00:00Z,2016-02-07T21:00:00-03:00
45.65,,,False,1,pm10,µg/m³,,raw,01:00:00,2016-02-08T00:00:00Z,2016-02-07T21:00:00-03:00,2016-02-08T01:00:00Z,2016-02-07T22:00:00-03:00,1,01:00:00,1,01:00:00,100.0,100.0,2016-02-08T00:00:00Z,2016-02-07T21:00:00-03:00,2016-02-08T01:00:00Z,2016-02-07T22:00:00-03:00
26.71,,,False,1,pm10,µg/m³,,raw,01:00:00,2016-02-08T01:00:00Z,2016-02-07T22:00:00-03:00,2016-02-08T02:00:00Z,2016-02-07T23:00:00-03:00,1,01:00:00,1,01:00:00,100.0,100.0,2016-02-08T01:00:00Z,2016-02-07T22:00:00-03:00,2016-02-08T02:00:00Z,2016-02-07T23:00:00-03:00
29.29,,,False,1,pm10,µg/m³,,raw,01:00:00,2016-02-08T02:00:00Z,2016-02-07T23:00:00-03:00,2016-02-08T03:00:00Z,2016-02-08T00:00:00-03:00,1,01:00:00,1,01:00:00,100.0,100.0,2016-02-08T02:00:00Z,2016-02-07T23:00:00-03:00,2016-02-08T03:00:00Z,2016-02-08T00:00:00-03:00
27.79,,,False,1,pm10,µg/m³,,raw,01:00:00,2016-02-08T03:00:00Z,2016-02-08T00:00:00-03:00,2016-02-08T04:00:00Z,2016-02-08T01:00:00-03:00,1,01:00:00,1,01:00:00,100.0,100.0,2016-02-08T03:00:00Z,2016-02-08T00:00:00-03:00,2016-02-08T04:00:00Z,2016-02-08T01:00:00-03:00
34.05,,,False,1,pm10,µg/m³,,raw,01:00:00,2016-02-08T04:00:00Z,2016-02-08T01:00:00-03:00,2016-02-08T05:00:00Z,2016-02-08T02:00:00-03:00,1,01:00:00,1,01:00:00,100.0,100.0,2016-02-08T04:00:00Z,2016-02-08T01:00:00-03:00,2016-02-08T05:00:00Z,2016-02-08T02:00:00-03:00
35.26,,,False,1,pm10,µg/m³,,raw,01:00:00,2016-02-08T05:00:00Z,2016-02-08T02:00:00-03:00,2016-02-08T06:00:00Z,2016-02-08T03:00:00-03:00,1,01:00:00,1,01:00:00,100.0,100.0,2016-02-08T05:00:00Z,2016-02-08T02:00:00-03:00,2016-02-08T06:00:00Z,2016-02-08T03:00:00-03:00
32.31,,,False,1,pm10,µg/m³,,raw,01:00:00,2016-02-08T06:00:00Z,2016-02-08T03:00:00-03:00,2016-02-08T07:00:00Z,2016-02-08T04:00:00-03:00,1,01:00:00,1,01:00:00,100.0,100.0,2016-02-08T06:00:00Z,2016-02-08T03:00:00-03:00,2016-02-08T07:00:00Z,2016-02-08T04:00:00-03:00
33.04,,,False,1,pm10,µg/m³,,raw,01:00:00,2016-02-08T07:00:00Z,2016-02-08T04:00:00-03:00,2016-02-08T08:00:00Z,2016-02-08T05:00:00-03:00,1,01:00:00,1,01:00:00,100.0,100.0,2016-02-08T07:00:00Z,2016-02-08T04:00:00-03:00,2016-02-08T08:00:00Z,2016-02-08T05:00:00-03:00
27.07,,,False,1,pm10,µg/m³,,raw,01:00:00,2016-02-08T08:00:00Z,2016-02-08T05:00:00-03:00,2016-02-08T09:00:00Z,2016-02-08T06:00:00-03:00,1,01:00:00,1,01:00:00,100.0,100.0,2016-02-08T08:00:00Z,2016-02-08T05:00:00-03:00,2016-02-08T09:00:00Z,2016-02-08T06:00:00-03:00
25.39,,,False,1,pm10,µg/m³,,raw,01:00:00,2016-02-08T09:00:00Z,2016-02-08T06:00:00-03:00,2016-02-08T10:00:00Z,2016-02-08T07:00:00-03:00,1,01:00:00,1,01:00:00,100.0,100.0,2016-02-08T09:00:00Z,2016-02-08T06:00:00-03:00,2016-02-08T10:00:00Z,2016-02-08T07:00:00-03:00
30.08,,,False,1,pm10,µg/m³,,raw,01:00:00,2016-02-08T10:00:00Z,2016-02-08T07:00:00-03:00,2016-02-08T11:00:00Z,2016-02-08T08:00:00-03:00,1,01:00:00,1,01:00:00,100.0,100.0,2016-02-08T10:00:00Z,2016-02-08T07:00:00-03:00,2016-02-08T11:00:00Z,2016-02-08T08:00:00-03:00
36.57,,,False,1,pm10,µg/m³,,raw,01:00:00,2016-02-08T11:00:00Z,2016-02-08T08:00:00-03:00,2016-02-08T12:00:00Z,2016-02-08T09:00:00-03:00,1,01:00:00,1,01:00:00,100.0,100.0,2016-02-08T11:00:00Z,2016-02-08T08:00:00-03:00,2016-02-08T12:00:00Z,2016-02-08T09:00:00-03:00
32.12,,,False,1,pm10,µg/m³,,raw,01:00:00,2016-02-08T12:00:00Z,2016-02-08T09:00:00-03:00,2016-02-08T13:00:00Z,2016-02-08T10:00:00-03:00,1,01:00:00,1,01:00:00,100.0,100.0,2016-02-08T12:00:00Z,2016-02-08T09:00:00-03:00,2016-02-08T13:00:00Z,2016-02-08T10:00:00-03:00
37.56,,,False,1,pm10,µg/m³,,raw,01:00:00,2016-02-08T13:00:00Z,2016-02-08T10:00:00-03:00,2016-02-08T14:00:00Z,2016-02-08T11:00:00-03:00,1,01:00:00,1,01:00:00,100.0,100.0,2016-02-08T13:00:00Z,2016-02-08T10:00:00-03:00,2016-02-08T14:00:00Z,2016-02-08T11:00:00-03:00
35.92,,,False,1,pm10,µg/m³,,raw,01:00:00,2016-02-08T14:00:00Z,2016-02-08T11:00:00-03:00,2016-02-08T15:00:00Z,2016-02-08T12:00:00-03:00,1,01:00:00,1,01:00:00,100.0,100.0,2016-02-08T14:00:00Z,2016-02-08T11:00:00-03:00,2016-02-08T15:00:00Z,2016-02-08T12:00:00-03:00
38.33,,,False,1,pm10,µg/m³,,raw,01:00:00,2016-02-08T15:00:00Z,2016-02-08T12:00:00-03:00,2016-02-08T16:00:00Z,2016-02-08T13:00:00-03:00,1,01:00:00,1,01:00:00,100.0,100.0,2016-02-08T15:00:00Z,2016-02-08T12:00:00-03:00,2016-02-08T16:00:00Z,2016-02-08T13:00:00-03:00
87.78,,,False,1,pm10,µg/m³,,raw,01:00:00,2016-02-08T16:00:00Z,2016-02-08T13:00:00-03:00,2016-02-08T17:00:00Z,2016-02-08T14:00:00-03:00,1,01:00:00,1,01:00:00,100.0,100.0,2016-02-08T16:00:00Z,2016-02-08T13:00:00-03:00,2016-02-08T17:00:00Z,2016-02-08T14:00:00-03:00
31.75,,,False,1,pm10,µg/m³,,raw,01:00:00,2016-02-08T17:00:00Z,2016-02-08T14:00:00-03:00,2016-02-08T18:00:00Z,2016-02-08T15:00:00-03:00,1,01:00:00,1,01:00:00,100.0,100.0,2016-02-08T17:00:00Z,2016-02-08T14:00:00-03:00,2016-02-08T18:00:00Z,2016-02-08T15:00:00-03:00
28.64,,,False,1,pm10,µg/m³,,raw,01:00:00,2016-02-08T18:00:00Z,2016-02-08T15:00:00-03:00,2016-02-08T19:00:00Z,2016-02-08T16:00:00-03:00,1,01:00:00,1,01:00:00,100.0,100.0,2016-02-08T18:00:00Z,2016-02-08T15:00:00-03:00,2016-02-08T19:00:00Z,2016-02-08T16:00:00-03:00
45.36,,,False,1,pm10,µg/m³,,raw,01:00:00,2016-02-08T19:00:00Z,2016-02-08T16:00:00-03:00,2016-02-08T20:00:00Z,2016-02-08T17:00:00-03:00,1,01:00:00,1,01:00:00,100.0,100.0,2016-02-08T19:00:00Z,2016-02-08T16:00:00-03:00,2016-02-08T20:00:00Z,2016-02-08T17:00:00-03:00
46.21,,,False,1,pm10,µg/m³,,raw,01:00:00,2016-02-08T20:00:00Z,2016-02-08T17:00:00-03:00,2016-02-08T21:00:00Z,2016-02-08T18:00:00-03:00,1,01:00:00,1,01:00:00,100.0,100.0,2016-02-08T20:00:00Z,2016-02-08T17:00:00-03:00,2016-02-08T21:00:00Z,2016-02-08T18:00:00-03:00
46.85,,,False,1,pm10,µg/m³,,raw,01:00:00,2016-02-08T21:00:00Z,2016-02-08T18:00:00-03:00,2016-02-08T22:00:00Z,2016-02-08T19:00:00-03:00,1,01:00:00,1,01:00:00,100.0,100.0,2016-02-08T21:00:00Z,2016-02-08T18:00:00-03:00,2016-02-08T22:00:00Z,2016-02-08T19:00:00-03:00
57.91,,,False,1,pm10,µg/m³,,raw,01:00:00,2016-02-08T22:00:00Z,2016-02-08T19:00:00-03:00,2016-02-08T23:00:00Z,2016-02-08T20:00:00-03:00,1,01:00:00,1,01:00:00,100.0,100.0,2016-02-08T22:00:00Z,2016-02-08T19:00:00-03:00,2016-02-08T23:00:00Z,2016-02-08T20:00:00-03:00
81.67,,,False,1,pm10,µg/m³,,raw,01:00:00,2016-02-08T23:00:00Z,2016-02-08T20:00:00-03:00,2016-02-09T00:00:00Z,2016-02-08T21:00:00-03:00,1,01:00:00,1,01:00:00,100.0,100.0,2016-02-08T23:00:00Z,2016-02-08T20:00:00-03:00,2016-02-09T00:00:00Z,2016-02-08T21:00:00-03:00
76.8,,,False,1,pm10,µg/m³,,raw,01:00:00,2016-02-09T00:00:00Z,2016-02-08T21:00:00-03:00,2016-02-09T01:00:00Z,2016-02-08T22:00:00-03:00,1,01:00:00,1,01:00:00,100.0,100.0,2016-02-09T00:00:00Z,2016-02-08T21:00:00-03:00,2016-02-09T01:00:00Z,2016-02-08T22:00:00-03:00
45.8,,,False,1,pm10,µg/m³,,raw,01:00:00,2016-02-09T01:00:00Z,2016-02-08T22:00:00-03:00,2016-02-09T02:00:00Z,2016-02-08T23:00:00-03:00,1,01:00:00,1,01:00:00,100.0,100.0,2016-02-09T01:00:00Z,2016-02-08T22:00:00-03:00,2016-02-09T02:00:00Z,2016-02-08T23:00:00-03:00
54.01,,,False,1,pm10,µg/m³,,raw,01:00:00,2016-02-09T02:00:00Z,2016-02-08T23:00:00-03:00,2016-02-09T03:00:00Z,2016-02-09T00:00:00-03:00,1,01:00:00,1,01:00:00,100.0,100.0,2016-02-09T02:00:00Z,2016-02-08T23:00:00-03:00,2016-02-09T03:00:00Z,2016-02-09T00:00:00-03:00
36.57,,,False,1,pm10,µg/m³,,raw,01:00:00,2016-02-09T03:00:00Z,2016-02-09T00:00:00-03:00,2016-02-09T04:00:00Z,2016-02-09T01:00:00-03:00,1,01:00:00,1,01:00:00,100.0,100.0,2016-02-09T03:00:00Z,2016-02-09T00:00:00-03:00,2016-02-09T04:00:00Z,2016-02-09T01:00:00-03:00
36.47,,,False,1,pm10,µg/m³,,raw,01:00:00,2016-02-09T04:00:00Z,2016-02-09T01:00:00-03:00,2016-02-09T05:00:00Z,2016-02-09T02:00:00-03:00,1,01:00:00,1,01:00:00,100.0,100.0,2016-02-09T04:00:00Z,2016-02-09T01:00:00-03:00,2016-02-09T05:00:00Z,2016-02-09T02:00:00-03:00
42.23,,,False,1,pm10,µg/m³,,raw,01:00:00,2016-02-09T05:00:00Z,2016-02-09T02:00:00-03:00,2016-02-09T06:00:00Z,2016-02-09T03:00:00-03:00,1,01:00:00,1,01:00:00,100.0,100.0,2016-02-09T05:00:00Z,2016-02-09T02:00:00-03:00,2016-02-09T06:00:00Z,2016-02-09T03:00:00-03:00
33.99,,,False,1,pm10,µg/m³,,raw,01:00:00,2016-02-09T06:00:00Z,2016-02-09T03:00:00-03:00,2016-02-09T07:00:00Z,2016-02-09T04:00:00-03:00,1,01:00:00,1,01:00:00,100.0,100.0,2016-02-09T06:00:00Z,2016-02-09T03:00:00-03:00,2016-02-09T07:00:00Z,2016-02-09T04:00:00-03:00
50.29,,,False,1,pm10,µg/m³,,raw,01:00:00,2016-02-09T07:00:00Z,2016-02-09T04:00:00-03:00,2016-02-09T08:00:00Z,2016-02-09T05:00:00-03:00,1,01:00:00,1,01:00:00,100.0,100.0,2016-02-09T07:00:00Z,2016-02-09T04:00:00-03:00,2016-02-09T08:00:00Z,2016-02-09T05:00:00-03:00
75.78,,,False,1,pm10,µg/m³,,raw,01:00:00,2016-02-09T08:00:00Z,2016-02-09T05:00:00-03:00,2016-02-09T09:00:00Z,2016-02-09T06:00:00-03:00,1,01:00:00,1,01:00:00,100.0,100.0,2016-02-09T08:00:00Z,2016-02-09T05:00:00-03:00,2016-02-09T09:00:00Z,2016-02-09T06:00:00-03:00
7.076,,,False,1,pm10,µg/m³,,raw,01:00:00,2016-02-09T09:00:00Z,2016-02-09T06:00:00-03:00,2016-02-09T10:00:00Z,2016-02-09T07:00:00-03:00,1,01:00:00,1,01:00:00,100.0,100.0,2016-02-09T09:00:00Z,2016-02-09T06:00:00-03:00,2016-02-09T10:00:00Z,2016-02-09T07:00:00-03:00
19.3,,,False,1,pm10,µg/m³,,raw,01:00:00,2016-02-09T10:00:00Z,2016-02-09T07:00:00-03:00,2016-02-09T11:00:00Z,2016-02-09T08:00:00-03:00,1,01:00:00,1,01:00:00,100.0,100.0,2016-02-09T10:00:00Z,2016-02-09T07:00:00-03:00,2016-02-09T11:00:00Z,2016-02-09T08:00:00-03:00
29.32,,,False,1,pm10,µg/m³,,raw,01:00:00,2016-02-09T11:00:00Z,2016-02-09T08:00:00-03:00,2016-02-09T12:00:00Z,2016-02-09T09:00:00-03:00,1,01:00:00,1,01:00:00,100.0,100.0,2016-02-09T11:00:00Z,2016-02-09T08:00:00-03:00,2016-02-09T12:00:00Z,2016-02-09T09:00:00-03:00
41.92,,,False,1,pm10,µg/m³,,raw,01:00:00,2016-02-09T12:00:00Z,2016-02-09T09:00:00-03:00,2016-02-09T13:00:00Z,2016-02-09T10:00:00-03:00,1,01:00:00,1,01:00:00,100.0,100.0,2016-02-09T12:00:00Z,2016-02-09T09:00:00-03:00,2016-02-09T13:00:00Z,2016-02-09T10:00:00-03:00
53.6,,,False,1,pm10,µg/m³,,raw,01:00:00,2016-02-09T13:00:00Z,2016-02-09T10:00:00-03:00,2016-02-09T14:00:00Z,2016-02-09T11:00:00-03:00,1,01:00:00,1,01:00:00,100.0,100.0,2016-02-09T13:00:00Z,2016-02-09T10:00:00-03:00,2016-02-09T14:00:00Z,2016-02-09T11:00:00-03:00
55.54,,,False,1,pm10,µg/m³,,raw,01:00:00,2016-02-09T14:00:00Z,2016-02-09T11:00:00-03:00,2016-02-09T15:00:00Z,2016-02-09T12:00:00-03:00,1,01:00:00,1,01:00:00,100.0,100.0,2016-02-09T14:00:00Z,2016-02-09T11:00:00-03:00,2016-02-09T15:00:00Z,2016-02-09T12:00:00-03:00
49.63,,,False,1,pm10,µg/m³,,raw,01:00:00,2016-02-09T15:00:00Z,2016-02-09T12:00:00-03:00,2016-02-09T16:00:00Z,2016-02-09T13:00:00-03:00,1,01:00:00,1,01:00:00,100.0,100.0,2016-02-09T15:00:00Z,2016-02-09T12:00:00-03:00,2016-02-09T16:00:00Z,2016-02-09T13:00:00-03:00
39.66,,,False,1,pm10,µg/m³,,raw,01:00:00,2016-02-09T16:00:00Z,2016-02-09T13:00:00-03:00,2016-02-09T17:00:00Z,2016-02-09T14:00:00-03:00,1,01:00:00,1,01:00:00,100.0,100.0,2016-02-09T16:00:00Z,2016-02-09T13:00:00-03:00,2016-02-09T17:00:00Z,2016-02-09T14:00:00-03:00
48.42,,,False,1,pm10,µg/m³,,raw,01:00:00,2016-02-09T17:00:00Z,2016-02-09T14:00:00-03:00,2016-02-09T18:00:00Z,2016-02-09T15:00:00-03:00,1,01:00:00,1,01:00:00,100.0,100.0,2016-02-09T17:00:00Z,2016-02-09T14:00:00-03:00,2016-02-09T18:00:00Z,2016-02-09T15:00:00-03:00
32.72,,,False,1,pm10,µg/m³,,raw,01:00:00,2016-02-09T18:00:00Z,2016-02-09T15:00:00-03:00,2016-02-09T19:00:00Z,2016-02-09T16:00:00-03:00,1,01:00:00,1,01:00:00,100.0,100.0,2016-02-09T18:00:00Z,2016-02-09T15:00:00-03:00,2016-02-09T19:00:00Z,2016-02-09T16:00:00-03:00
54.58,,,False,1,pm10,µg/m³,,raw,01:00:00,2016-02-09T19:00:00Z,2016-02-09T16:00:00-03:00,2016-02-09T20:00:00Z,2016-02-09T17:00:00-03:00,1,01:00:00,1,01:00:00,100.0,100.0,2016-02-09T19:00:00Z,2016-02-09T16:00:00-03:00,2016-02-09T20:00:00Z,2016-02-09T17:00:00-03:00
80.99,,,False,1,pm10,µg/m³,,raw,01:00:00,2016-02-09T20:00:00Z,2016-02-09T17:00:00-03:00,2016-02-09T21:00:00Z,2016-02-09T18:00:00-03:00,1,01:00:00,1,01:00:00,100.0,100.0,2016-02-09T20:00:00Z,2016-02-09T17:00:00-03:00,2016-02-09T21:00:00Z,2016-02-09T18:00:00-03:00
71.31,,,False,1,pm10,µg/m³,,raw,01:00:00,2016-02-09T21:00:00Z,2016-02-09T18:00:00-03:00,2016-02-09T22:00:00Z,2016-02-09T19:00:00-03:00,1,01:00:00,1,01:00:00,100.0,100.0,2016-02-09T21:00:00Z,2016-02-09T18:00:00-03:00,2016-02-09T22:00:00Z,2016-02-09T19:00:00-03:00
59.82,,,False,1,pm10,µg/m³,,raw,01:00:00,2016-02-09T22:00:00Z,2016-02-09T19:00:00-03:00,2016-02-09T23:00:00Z,2016-02-09T20:00:00-03:00,1,01:00:00,1,01:00:00,100.0,100.0,2016-02-09T22:00:00Z,2016-02-09T19:00:00-03:00,2016-02-09T23:00:00Z,2016-02-09T20:00:00-03:00
38.8,,,False,1,pm10,µg/m³,,raw,01:00:00,2016-02-09T23:00:00Z,2016-02-09T20:00:00-03:00,2016-02-10T00:00:00Z,2016-02-09T21:00:00-03:00,1,01:00:00,1,01:00:00,100.0,100.0,2016-02-09T23:00:00Z,2016-02-09T20:00:00-03:00,2016-02-10T00:00:00Z,2016-02-09T21:00:00-03:00
3.795,,,False,1,pm10,µg/m³,,raw,01:00:00,2016-02-10T01:00:00Z,2016-02-09T22:00:00-03:00,2016-02-10T02:00:00Z,2016-02-09T23:00:00-03:00,1,01:00:00,1,01:00:00,100.0,100.0,2016-02-10T01:00:00Z,2016-02-09T22:00:00-03:00,2016-02-10T02:00:00Z,2016-02-09T23:00:00-03:00
17.88,,,False,1,pm10,µg/m³,,raw,01:00:00,2016-02-10T02:00:00Z,2016-02-09T23:00:00-03:00,2016-02-10T03:00:00Z,2016-02-10T00:00:00-03:00,1,01:00:00,1,01:00:00,100.0,100.0,2016-02-10T02:00:00Z,2016-02-09T23:00:00-03:00,2016-02-10T03:00:00Z,2016-02-10T00:00:00-03:00
41.39,,,False,1,pm10,µg/m³,,raw,01:00:00,2016-02-10T03:00:00Z,2016-02-10T00:00:00-03:00,2016-02-10T04:00:00Z,2016-02-10T01:00:00-03:00,1,01:00:00,1,01:00:00,100.0,100.0,2016-02-10T03:00:00Z,2016-02-10T00:00:00-03:00,2016-02-10T04:00:00Z,2016-02-10T01:00:00-03:00
32.72,,,False,1,pm10,µg/m³,,raw,01:00:00,2016-02-10T04:00:00Z,2016-02-10T01:00:00-03:00,2016-02-10T05:00:00Z,2016-02-10T02:00:00-03:00,1,01:00:00,1,01:00:00,100.0,100.0,2016-02-10T04:00:00Z,2016-02-10T01:00:00-03:00,2016-02-10T05:00:00Z,2016-02-10T02:00:00-03:00
32.04,,,False,1,pm10,µg/m³,,raw,01:00:00,2016-02-10T05:00:00Z,2016-02-10T02:00:00-03:00,2016-02-10T06:00:00Z,2016-02-10T03:00:00-03:00,1,01:00:00,1,01:00:00,100.0,100.0,2016-02-10T05:00:00Z,2016-02-10T02:00:00-03:00,2016-02-10T06:00:00Z,2016-02-10T03:00:00-03:00
21.24,,,False,1,pm10,µg/m³,,raw,01:00:00,2016-02-10T07:00:00Z,2016-02-10T04:00:00-03:00,2016-02-10T08:00:00Z,2016-02-10T05:00:00-03:00,1,01:00:00,1,01:00:00,100.0,100.0,2016-02-10T07:00:00Z,2016-02-10T04:00:00-03:00,2016-02-10T08:00:00Z,2016-02-10T05:00:00-03:00
22.14,,,False,1,pm10,µg/m³,,raw,01:00:00,2016-02-10T08:00:00Z,2016-02-10T05:00:00-03:00,2016-02-10T09:00:00Z,2016-02-10T06:00:00-03:00,1,01:00:00,1,01:00:00,100.0,100.0,2016-02-10T08:00:00Z,2016-02-10T05:00:00-03:00,2016-02-10T09:00:00Z,2016-02-10T06:00:00-03:00
27.28,,,False,1,pm10,µg/m³,,raw,01:00:00,2016-02-10T09:00:00Z,2016-02-10T06:00:00-03:00,2016-02-10T10:00:00Z,2016-02-10T07:00:00-03:00,1,01:00:00,1,01:00:00,100.0,100.0,2016-02-10T09:00:00Z,2016-02-10T06:00:00-03:00,2016-02-10T10:00:00Z,2016-02-10T07:00:00-03:00
20.79,,,False,1,pm10,µg/m³,,raw,01:00:00,2016-02-10T10:00:00Z,2016-02-10T07:00:00-03:00,2016-02-10T11:00:00Z,2016-02-10T08:00:00-03:00,1,01:00:00,1,01:00:00,100.0,100.0,2016-02-10T10:00:00Z,2016-02-10T07:00:00-03:00,2016-02-10T11:00:00Z,2016-02-10T08:00:00-03:00
31.99,,,False,1,pm10,µg/m³,,raw,01:00:00,2016-02-10T11:00:00Z,2016-02-10T08:00:00-03:00,2016-02-10T12:00:00Z,2016-02-10T09:00:00-03:00,1,01:00:00,1,01:00:00,100.0,100.0,2016-02-10T11:00:00Z,2016-02-10T08:00:00-03:00,2016-02-10T12:00:00Z,2016-02-10T09:00:00-03:00
32.25,,,False,1,pm10,µg/m³,,raw,01:00:00,2016-02-10T12:00:00Z,2016-02-10T09:00:00-03:00,2016-02-10T13:00:00Z,2016-02-10T10:00:00-03:00,1,01:00:00,1,01:00:00,100.0,100.0,2016-02-10T12:00:00Z,2016-02-10T09:00:00-03:00,2016-02-10T13:00:00Z,2016-02-10T10:00:00-03:00
35.37,,,False,1,pm10,µg/m³,,raw,01:00:00,2016-02-10T13:00:00Z,2016-02-10T10:00:00-03:00,2016-02-10T14:00:00Z,2016-02-10T11:00:00-03:00,1,01:00:00,1,01:00:00,100.0,100.0,2016-02-10T13:00:00Z,2016-02-10T10:00:00-03:00,2016-02-10T14:00:00Z,2016-02-10T11:00:00-03:00
31.58,,,False,1,pm10,µg/m³,,raw,01:00:00,2016-02-10T14:00:00Z,2016-02-10T11:00:00-03:00,2016-02-10T15:00:00Z,2016-02-10T12:00:00-03:00,1,01:00:00,1,01:00:00,100.0,100.0,2016-02-10T14:00:00Z,2016-02-10T11:00:00-03:00,2016-02-10T15:00:00Z,2016-02-10T12:00:00-03:00
26.99,,,False,1,pm10,µg/m³,,raw,01:00:00,2016-02-10T15:00:00Z,2016-02-10T12:00:00-03:00,2016-02-10T16:00:00Z,2016-02-10T13:00:00-03:00,1,01:00:00,1,01:00:00,100.0,100.0,2016-02-10T15:00:00Z,2016-02-10T12:00:00-03:00,2016-02-10T16:00:00Z,2016-02-10T13:00:00-03:00
38.9,,,False,1,pm10,µg/m³,,raw,01:00:00,2016-02-10T16:00:00Z,2016-02-10T13:00:00-03:00,2016-02-10T17:00:00Z,2016-02-10T14:00:00-03:00,1,01:00:00,1,01:00:00,100.0,100.0,2016-02-10T16:00:00Z,2016-02-10T13:00:00-03:00,2016-02-10T17:00:00Z,2016-02-10T14:00:00-03:00
26.08,,,False,1,pm10,µg/m³,,raw,01:00:00,2016-02-10T17:00:00Z,2016-02-10T14:00:00-03:00,2016-02-10T18:00:00Z,2016-02-10T15:00:00-03:00,1,01:00:00,1,01:00:00,100.0,100.0,2016-02-10T17:00:00Z,2016-02-10T14:00:00-03:00,2016-02-10T18:00:00Z,2016-02-10T15:00:00-03:00
28.76,,,False,1,pm10,µg/m³,,raw,01:00:00,2016-02-10T18:00:00Z,2016-02-10T15:00:00-03:00,2016-02-10T19:00:00Z,2016-02-10T16:00:00-03:00,1,01:00:00,1,01:00:00,100.0,100.0,2016-02-10T18:00:00Z,2016-02-10T15:00:00-03:00,2016-02-10T19:00:00Z,2016-02-10T16:00:00-03:00
32.36,,,False,1,pm10,µg/m³,,raw,01:00:00,2016-02-10T19:00:00Z,2016-02-10T16:00:00-03:00,2016-02-10T20:00:00Z,2016-02-10T17:00:00-03:00,1,01:00:00,1,01:00:00,100.0,100.0,2016-02-10T19:00:00Z,2016-02-10T16:00:00-03:00,2016-02-10T20:00:00Z,2016-02-10T17:00:00-03:00
41.74,,,False,1,pm10,µg/m³,,raw,01:00:00,2016-02-10T20:00:00Z,2016-02-10T17:00:00-03:00,2016-02-10T21:00:00Z,2016-02-10T18:00:00-03:00,1,01:00:00,1,01:00:00,100.0,100.0,2016-02-10T20:00:00Z,2016-02-10T17:00:00-03:00,2016-02-10T21:00:00Z,2016-02-10T18:00:00-03:00
39.77,,,False,1,pm10,µg/m³,,raw,01:00:00,2016-02-10T21:00:00Z,2016-02-10T18:00:00-03:00,2016-02-10T22:00:00Z,2016-02-10T19:00:00-03:00,1,01:00:00,1,01:00:00,100.0,100.0,2016-02-10T21:00:00Z,2016-02-10T18:00:00-03:00,2016-02-10T22:00:00Z,2016-02-10T19:00:00-03:00
46.28,,,False,1,pm10,µg/m³,,raw,01:00:00,2016-02-10T22:00:00Z,2016-02-10T19:00:00-03:00,2016-02-10T23:00:00Z,2016-02-10T20:00:00-03:00,1,01:00:00,1,01:00:00,100.0,100.0,2016-02-10T22:00:00Z,2016-02-10T19:00:00-03:00,2016-02-10T23:00:00Z,2016-02-10T20:00:00-03:00
44.82,,,False,1,pm10,µg/m³,,raw,01:00:00,2016-02-10T23:00:00Z,2016-02-10T20:00:00-03:00,2016-02-11T00:00:00Z,2016-02-10T21:00:00-03:00,1,01:00:00,1,01:00:00,100.0,100.0,2016-02-10T23:00:00Z,2016-02-10T20:00:00-03:00,2016-02-11T00:00:00Z,2016-02-10T21:00:00-03:00
38.72,,,False,1,pm10,µg/m³,,raw,01:00:00,2016-02-11T00:00:00Z,2016-02-10T21:00:00-03:00,2016-02-11T01:00:00Z,2016-02-10T22:00:00-03:00,1,01:00:00,1,01:00:00,100.0,100.0,2016-02-11T00:00:00Z,2016-02-10T21:00:00-03:00,2016-02-11T01:00:00Z,2016-02-10T22:00:00-03:00
26.4,,,False,1,pm10,µg/m³,,raw,01:00:00,2016-02-11T01:00:00Z,2016-02-10T22:00:00-03:00,2016-02-11T02:00:00Z,2016-02-10T23:00:00-03:00,1,01:00:00,1,01:00:00,100.0,100.0,2016-02-11T01:00:00Z,2016-02-10T22:00:00-03:00,2016-02-11T02:00:00Z,2016-02-10T23:00:00-03:00
25.96,,,False,1,pm10,µg/m³,,raw,01:00:00,2016-02-11T02:00:00Z,2016-02-10T23:00:00-03:00,2016-02-11T03:00:00Z,2016-02-11T00:00:00-03:00,1,01:00:00,1,01:00:00,100.0,100.0,2016-02-11T02:00:00Z,2016-02-10T23:00:00-03:00,2016-02-11T03:00:00Z,2016-02-11T00:00:00-03:00
21.16,,,False,1,pm10,µg/m³,,raw,01:00:00,2016-02-11T03:00:00Z,2016-02-11T00:00:00-03:00,2016-02-11T04:00:00Z,2016-02-11T01:00:00-03:00,1,01:00:00,1,01:00:00,100.0,100.0,2016-02-11T03:00:00Z,2016-02-11T00:00:00-03:00,2016-02-11T04:00:00Z,2016-02-11T01:00:00-03:00
21.2,,,False,1,pm10,µg/m³,,raw,01:00:00,2016-02-11T04:00:00Z,2016-02-11T01:00:00-03:00,2016-02-11T05:00:00Z,2016-02-11T02:00:00-03:00,1,01:00:00,1,01:00:00,100.0,100.0,2016-02-11T04:00:00Z,2016-02-11T01:00:00-03:00,2016-02-11T05:00:00Z,2016-02-11T02:00:00-03:00
98.29,,,False,1,pm10,µg/m³,,raw,01:00:00,2016-02-11T05:00:00Z,2016-02-11T02:00:00-03:00,2016-02-11T06:00:00Z,2016-02-11T03:00:00-03:00,1,01:00:00,1,01:00:00,100.0,100.0,2016-02-11T05:00:00Z,2016-02-11T02:00:00-03:00,2016-02-11T06:00:00Z,2016-02-11T03:00:00-03:00
1.0,,,False,1,pm10,µg/m³,,raw,01:00:00,2016-02-11T06:00:00Z,2016-02-11T03:00:00-03:00,2016-02-11T07:00:00Z,2016-02-11T04:00:00-03:00,1,01:00:00,1,01:00:00,100.0,100.0,2016-02-11T06:00:00Z,2016-02-11T03:00:00-03:00,2016-02-11T07:00:00Z,2016-02-11T04:00:00-03:00
19.26,,,False,1,pm10,µg/m³,,raw,01:00:00,2016-02-11T07:00:00Z,2016-02-11T04:00:00-03:00,2016-02-11T08:00:00Z,2016-02-11T05:00:00-03:00,1,01:00:00,1,01:00:00,100.0,100.0,2016-02-11T07:00:00Z,2016-02-11T04:00:00-03:00,2016-02-11T08:00:00Z,2016-02-11T05:00:00-03:00
27.7,,,False,1,pm10,µg/m³,,raw,01:00:00,2016-02-11T08:00:00Z,2016-02-11T05:00:00-03:00,2016-02-11T09:00:00Z,2016-02-11T06:00:00-03:00,1,01:00:00,1,01:00:00,100.0,100.0,2016-02-11T08:00:00Z,2016-02-11T05:00:00-03:00,2016-02-11T09:00:00Z,2016-02-11T06:00:00-03:00
32.02,,,False,1,pm10,µg/m³,,raw,01:00:00,2016-02-11T09:00:00Z,2016-02-11T06:00:00-03:00,2016-02-11T10:00:00Z,2016-02-11T07:00:00-03:00,1,01:00:00,1,01:00:00,100.0,100.0,2016-02-11T09:00:00Z,2016-02-11T06:00:00-03:00,2016-02-11T10:00:00Z,2016-02-11T07:00:00-03:00
38.34,,,False,1,pm10,µg/m³,,raw,01:00:00,2016-02-11T10:00:00Z,2016-02-11T07:00:00-03:00,2016-02-11T11:00:00Z,2016-02-11T08:00:00-03:00,1,01:00:00,1,01:00:00,100.0,100.0,2016-02-11T10:00:00Z,2016-02-11T07:00:00-03:00,2016-02-11T11:00:00Z,2016-02-11T08:00:00-03:00
41.92,,,False,1,pm10,µg/m³,,raw,01:00:00,2016-02-11T11:00:00Z,2016-02-11T08:00:00-03:00,2016-02-11T12:00:00Z,2016-02-11T09:00:00-03:00,1,01:00:00,1,01:00:00,100.0,100.0,2016-02-11T11:00:00Z,2016-02-11T08:00:00-03:00,2016-02-11T12:00:00Z,2016-02-11T09:00:00-03:00
28.62,,,False,1,pm10,µg/m³,,raw,01:00:00,2016-02-11T12:00:00Z,2016-02-11T09:00:00-03:00,2016-02-11T13:00:00Z,2016-02-11T10:00:00-03:00,1,01:00:00,1,01:00:00,100.0,100.0,2016-02-11T12:00:00Z,2016-02-11T09:00:00-03:00,2016-02-11T13:00:00Z,2016-02-11T10:00:00-03:00
39.17,,,False,1,pm10,µg/m³,,raw,01:00:00,2016-02-11T13:00:00Z,2016-02-11T10:00:00-03:00,2016-02-11T14:00:00Z,2016-02-11T11:00:00-03:00,1,01:00:00,1,01:00:00,100.0,100.0,2016-02-11T13:00:00Z,2016-02-11T10:00:00-03:00,2016-02-11T14:00:00Z,2016-02-11T11:00:00-03:00
102.3,,,False,1,pm10,µg/m³,,raw,01:00:00,2016-02-11T14:00:00Z,2016-02-11T11:00:00-03:00,2016-02-11T15:00:00Z,2016-02-11T12:00:00-03:00,1,01:00:00,1,01:00:00,100.0,100.0,2016-02-11T14:00:00Z,2016-02-11T11:00:00-03:00,2016-02-11T15:00:00Z,2016-02-11T12:00:00-03:00
8.511,,,False,1,pm10,µg/m³,,raw,01:00:00,2016-02-11T15:00:00Z,2016-02-11T12:00:00-03:00,2016-02-11T16:00:00Z,2016-02-11T13:00:00-03:00,1,01:00:00,1,01:00:00,100.0,100.0,2016-02-11T15:00:00Z,2016-02-11T12:00:00-03:00,2016-02-11T16:00:00Z,2016-02-11T13:00:00-03:00
30.66,,,False,1,pm10,µg/m³,,raw,01:00:00,2016-02-11T16:00:00Z,2016-02-11T13:00:00-03:00,2016-02-11T17:00:00Z,2016-02-11T14:00:00-03:00,1,01:00:00,1,01:00:00,100.0,100.0,2016-02-11T16:00:00Z,2016-02-11T13:00:00-03:00,2016-02-11T17:00:00Z,2016-02-11T14:00:00-03:00
28.01,,,False,1,pm10,µg/m³,,raw,01:00:00,2016-02-11T17:00:00Z,2016-02-11T14:00:00-03:00,2016-02-11T18:00:00Z,2016-02-11T15:00:00-03:00,1,01:00:00,1,01:00:00,100.0,100.0,2016-02-11T17:00:00Z,2016-02-11T14:00:00-03:00,2016-02-11T18:00:00Z,2016-02-11T15:00:00-03:00
24.6,,,False,1,pm10,µg/m³,,raw,01:00:00,2016-02-11T18:00:00Z,2016-02-11T15:00:00-03:00,2016-02-11T19:00:00Z,2016-02-11T16:00:00-03:00,1,01:00:00,1,01:00:00,100.0,100.0,2016-02-11T18:00:00Z,2016-02-11T15:00:00-03:00,2016-02-11T19:00:00Z,2016-02-11T16:00:00-03:00
31.62,,,False,1,pm10,µg/m³,,raw,01:00:00,2016-02-11T19:00:00Z,2016-02-11T16:00:00-03:00,2016-02-11T20:00:00Z,2016-02-11T17:00:00-03:00,1,01:00:00,1,01:00:00,100.0,100.0,2016-02-11T19:00:00Z,2016-02-11T16:00:00-03:00,2016-02-11T20:00:00Z,2016-02-11T17:00:00-03:00
30.86,,,False,1,pm10,µg/m³,,raw,01:00:00,2016-02-11T20:00:00Z,2016-02-11T17:00:00-03:00,2016-02-11T21:00:00Z,2016-02-11T18:00:00-03:00,1,01:00:00,1,01:00:00,100.0,100.0,2016-02-11T20:00:00Z,2016-02-11T17:00:00-03:00,2016-02-11T21:00:00Z,2016-02-11T18:00:00-03:00
47.58,,,False,1,pm10,µg/m³,,raw,01:00:00,2016-02-11T21:00:00Z,2016-02-11T18:00:00-03:00,2016-02-11T22:00:00Z,2016-02-11T19:00:00-03:00,1,01:00:00,1,01:00:00,100.0,100.0,2016-02-11T21:00:00Z,2016-02-11T18:00:00-03:00,2016-02-11T22:00:00Z,2016-02-11T19:00:00-03:00
60.56,,,False,1,pm10,µg/m³,,raw,01:00:00,2016-02-11T22:00:00Z,2016-02-11T19:00:00-03:00,2016-02-11T23:00:00Z,2016-02-11T20:00:00-03:00,1,01:00:00,1,01:00:00,100.0,100.0,2016-02-11T22:00:00Z,2016-02-11T19:00:00-03:00,2016-02-11T23:00:00Z,2016-02-11T20:00:00-03:00
53.04,,,False,1,pm10,µg/m³,,raw,01:00:00,2016-02-11T23:00:00Z,2016-02-11T20:00:00-03:00,2016-02-12T00:00:00Z,2016-02-11T21:00:00-03:00,1,01:00:00,1,01:00:00,100.0,100.0,2016-02-11T23:00:00Z,2016-02-11T20:00:00-03:00,2016-02-12T00:00:00Z,2016-02-11T21:00:00-03:00
28.09,,,False,1,pm10,µg/m³,,raw,01:00:00,2016-02-12T00:00:00Z,2016-02-11T21:00:00-03:00,2016-02-12T01:00:00Z,2016-02-11T22:00:00-03:00,1,01:00:00,1,01:00:00,100.0,100.0,2016-02-12T00:00:00Z,2016-02-11T21:00:00-03:00,2016-02-12T01:00:00Z,2016-02-11T22:00:00-03:00
33.35,,,False,1,pm10,µg/m³,,raw,01:00:00,2016-02-12T01:00:00Z,2016-02-11T22:00:00-03:00,2016-02-12T02:00:00Z,2016-02-11T23:00:00-03:00,1,01:00:00,1,01:00:00,100.0,100.0,2016-02-12T01:00:00Z,2016-02-11T22:00:00-03:00,2016-02-12T02:00:00Z,2016-02-11T23:00:00-03:00
27.31,,,False,1,pm10,µg/m³,,raw,01:00:00,2016-02-12T02:00:00Z,2016-02-11T23:00:00-03:00,2016-02-12T03:00:00Z,2016-02-12T00:00:00-03:00,1,01:00:00,1,01:00:00,100.0,100.0,2016-02-12T02:00:00Z,2016-02-11T23:00:00-03:00,2016-02-12T03:00:00Z,2016-02-12T00:00:00-03:00
32.27,,,False,1,pm10,µg/m³,,raw,01:00:00,2016-02-12T03:00:00Z,2016-02-12T00:00:00-03:00,2016-02-12T04:00:00Z,2016-02-12T01:00:00-03:00,1,01:00:00,1,01:00:00,100.0,100.0,2016-02-12T03:00:00Z,2016-02-12T00:00:00-03:00,2016-02-12T04:00:00Z,2016-02-12T01:00:00-03:00
27.74,,,False,1,pm10,µg/m³,,raw,01:00:00,2016-02-12T04:00:00Z,2016-02-12T01:00:00-03:00,2016-02-12T05:00:00Z,2016-02-12T02:00:00-03:00,1,01:00:00,1,01:00:00,100.0,100.0,2016-02-12T04:00:00Z,2016-02-12T01:00:00-03:00,2016-02-12T05:00:00Z,2016-02-12T02:00:00-03:00
22.28,,,False,1,pm10,µg/m³,,raw,01:00:00,2016-02-12T05:00:00Z,2016-02-12T02:00:00-03:00,2016-02-12T06:00:00Z,2016-02-12T03:00:00-03:00,1,01:00:00,1,01:00:00,100.0,100.0,2016-02-12T05:00:00Z,2016-02-12T02:00:00-03:00,2016-02-12T06:00:00Z,2016-02-12T03:00:00-03:00
26.42,,,False,1,pm10,µg/m³,,raw,01:00:00,2016-02-12T06:00:00Z,2016-02-12T03:00:00-03:00,2016-02-12T07:00:00Z,2016-02-12T04:00:00-03:00,1,01:00:00,1,01:00:00,100.0,100.0,2016-02-12T06:00:00Z,2016-02-12T03:00:00-03:00,2016-02-12T07:00:00Z,2016-02-12T04:00:00-03:00
19.54,,,False,1,pm10,µg/m³,,raw,01:00:00,2016-02-12T07:00:00Z,2016-02-12T04:00:00-03:00,2016-02-12T08:00:00Z,2016-02-12T05:00:00-03:00,1,01:00:00,1,01:00:00,100.0,100.0,2016-02-12T07:00:00Z,2016-02-12T04:00:00-03:00,2016-02-12T08:00:00Z,2016-02-12T05:00:00-03:00
22.29,,,False,1,pm10,µg/m³,,raw,01:00:00,2016-02-12T08:00:00Z,2016-02-12T05:00:00-03:00,2016-02-12T09:00:00Z,2016-02-12T06:00:00-03:00,1,01:00:00,1,01:00:00,100.0,100.0,2016-02-12T08:00:00Z,2016-02-12T05:00:00-03:00,2016-02-12T09:00:00Z,2016-02-12T06:00:00-03:00
21.72,,,False,1,pm10,µg/m³,,raw,01:00:00,2016-02-12T09:00:00Z,2016-02-12T06:00:00-03:00,2016-02-12T10:00:00Z,2016-02-12T07:00:00-03:00,1,01:00:00,1,01:00:00,100.0,100.0,2016-02-12T09:00:00Z,2016-02-12T06:00:00-03:00,2016-02-12T10:00:00Z,2016-02-12T07:00:00-03:00
27.06,,,False,1,pm10,µg/m³,,raw,01:00:00,2016-02-12T10:00:00Z,2016-02-12T07:00:00-03:00,2016-02-12T11:00:00Z,2016-02-12T08:00:00-03:00,1,01:00:00,1,01:00:00,100.0,100.0,2016-02-12T10:00:00Z,2016-02-12T07:00:00-03:00,2016-02-12T11:00:00Z,2016-02-12T08:00:00-03:00
36.78,,,False,1,pm10,µg/m³,,raw,01:00:00,2016-02-12T11:00:00Z,2016-02-12T08:00:00-03:00,2016-02-12T12:00:00Z,2016-02-12T09:00:00-03:00,1,01:00:00,1,01:00:00,100.0,100.0,2016-02-12T11:00:00Z,2016-02-12T08:00:00-03:00,2016-02-12T12:00:00Z,2016-02-12T09:00:00-03:00
31.86,,,False,1,pm10,µg/m³,,raw,01:00:00,2016-02-12T14:00:00Z,2016-02-12T11:00:00-03:00,2016-02-12T15:00:00Z,2016-02-12T12:00:00-03:00,1,01:00:00,1,01:00:00,100.0,100.0,2016-02-12T14:00:00Z,2016-02-12T11:00:00-03:00,2016-02-12T15:00:00Z,2016-02-12T12:00:00-03:00
38.35,,,False,1,pm10,µg/m³,,raw,01:00:00,2016-02-12T15:00:00Z,2016-02-12T12:00:00-03:00,2016-02-12T16:00:00Z,2016-02-12T13:00:00-03:00,1,01:00:00,1,01:00:00,100.0,100.0,2016-02-12T15:00:00Z,2016-02-12T12:00:00-03:00,2016-02-12T16:00:00Z,2016-02-12T13:00:00-03:00
38.29,,,False,1,pm10,µg/m³,,raw,01:00:00,2016-02-12T16:00:00Z,2016-02-12T13:00:00-03:00,2016-02-12T17:00:00Z,2016-02-12T14:00:00-03:00,1,01:00:00,1,01:00:00,100.0,100.0,2016-02-12T16:00:00Z,2016-02-12T13:00:00-03:00,2016-02-12T17:00:00Z,2016-02-12T14:00:00-03:00
41.45,,,False,1,pm10,µg/m³,,raw,01:00:00,2016-02-12T17:00:00Z,2016-02-12T14:00:00-03:00,2016-02-12T18:00:00Z,2016-02-12T15:00:00-03:00,1,01:00:00,1,01:00:00,100.0,100.0,2016-02-12T17:00:00Z,2016-02-12T14:00:00-03:00,2016-02-12T18:00:00Z,2016-02-12T15:00:00-03:00
41.11,,,False,1,pm10,µg/m³,,raw,01:00:00,2016-02-12T18:00:00Z,2016-02-12T15:00:00-03:00,2016-02-12T19:00:00Z,2016-02-12T16:00:00-03:00,1,01:00:00,1,01:00:00,100.0,100.0,2016-02-12T18:00:00Z,2016-02-12T15:00:00-03:00,2016-02-12T19:00:00Z,2016-02-12T16:00:00-03:00
38.21,,,False,1,pm10,µg/m³,,raw,01:00:00,2016-02-12T19:00:00Z,2016-02-12T16:00:00-03:00,2016-02-12T20:00:00Z,2016-02-12T17:00:00-03:00,1,01:00:00,1,01:00:00,100.0,100.0,2016-02-12T19:00:00Z,2016-02-12T16:00:00-03:00,2016-02-12T20:00:00Z,2016-02-12T17:00:00-03:00
42.27,,,False,1,pm10,µg/m³,,raw,01:00:00,2016-02-12T20:00:00Z,2016-02-12T17:00:00-03:00,2016-02-12T21:00:00Z,2016-02-12T18:00:00-03:00,1,01:00:00,1,01:00:00,100.0,100.0,2016-02-12T20:00:00Z,2016-02-12T17:00:00-03:00,2016-02-12T21:00:00Z,2016-02-12T18:00:00-03:00
45.75,,,False,1,pm10,µg/m³,,raw,01:00:00,2016-02-12T21:00:00Z,2016-02-12T18:00:00-03:00,2016-02-12T22:00:00Z,2016-02-12T19:00:00-03:00,1,01:00:00,1,01:00:00,100.0,100.0,2016-02-12T21:00:00Z,2016-02-12T18:00:00-03:00,2016-02-12T22:00:00Z,2016-02-12T19:00:00-03:00
113.3,,,False,1,pm10,µg/m³,,raw,01:00:00,2016-02-12T22:00:00Z,2016-02-12T19:00:00-03:00,2016-02-12T23:00:00Z,2016-02-12T20:00:00-03:00,1,01:00:00,1,01:00:00,100.0,100.0,2016-02-12T22:00:00Z,2016-02-12T19:00:00-03:00,2016-02-12T23:00:00Z,2016-02-12T20:00:00-03:00
15.49,,,False,1,pm10,µg/m³,,raw,01:00:00,2016-02-12T23:00:00Z,2016-02-12T20:00:00-03:00,2016-02-13T00:00:00Z,2016-02-12T21:00:00-03:00,1,01:00:00,1,01:00:00,100.0,100.0,2016-02-12T23:00:00Z,2016-02-12T20:00:00-03:00,2016-02-13T00:00:00Z,2016-02-12T21:00:00-03:00
29.11,,,False,1,pm10,µg/m³,,raw,01:00:00,2016-02-13T00:00:00Z,2016-02-12T21:00:00-03:00,2016-02-13T01:00:00Z,2016-02-12T22:00:00-03:00,1,01:00:00,1,01:00:00,100.0,100.0,2016-02-13T00:00:00Z,2016-02-12T21:00:00-03:00,2016-02-13T01:00:00Z,2016-02-12T22:00:00-03:00
32.9,,,False,1,pm10,µg/m³,,raw,01:00:00,2016-02-13T02:00:00Z,2016-02-12T23:00:00-03:00,2016-02-13T03:00:00Z,2016-02-13T00:00:00-03:00,1,01:00:00,1,01:00:00,100.0,100.0,2016-02-13T02:00:00Z,2016-02-12T23:00:00-03:00,2016-02-13T03:00:00Z,2016-02-13T00:00:00-03:00
19.96,,,False,1,pm10,µg/m³,,raw,01:00:00,2016-02-13T03:00:00Z,2016-02-13T00:00:00-03:00,2016-02-13T04:00:00Z,2016-02-13T01:00:00-03:00,1,01:00:00,1,01:00:00,100.0,100.0,2016-02-13T03:00:00Z,2016-02-13T00:00:00-03:00,2016-02-13T04:00:00Z,2016-02-13T01:00:00-03:00
16.29,,,False,1,pm10,µg/m³,,raw,01:00:00,2016-02-13T04:00:00Z,2016-02-13T01:00:00-03:00,2016-02-13T05:00:00Z,2016-02-13T02:00:00-03:00,1,01:00:00,1,01:00:00,100.0,100.0,2016-02-13T04:00:00Z,2016-02-13T01:00:00-03:00,2016-02-13T05:00:00Z,2016-02-13T02:00:00-03:00
13.91,,,False,1,pm10,µg/m³,,raw,01:00:00,2016-02-13T05:00:00Z,2016-02-13T02:00:00-03:00,2016-02-13T06:00:00Z,2016-02-13T03:00:00-03:00,1,01:00:00,1,01:00:00,100.0,100.0,2016-02-13T05:00:00Z,2016-02-13T02:00:00-03:00,2016-02-13T06:00:00Z,2016-02-13T03:00:00-03:00
24.42,,,False,1,pm10,µg/m³,,raw,01:00:00,2016-02-13T06:00:00Z,2016-02-13T03:00:00-03:00,2016-02-13T07:00:00Z,2016-02-13T04:00:00-03:00,1,01:00:00,1,01:00:00,100.0,100.0,2016-02-13T06:00:00Z,2016-02-13T03:00:00-03:00,2016-02-13T07:00:00Z,2016-02-13T04:00:00-03:00
18.47,,,False,1,pm10,µg/m³,,raw,01:00:00,2016-02-13T07:00:00Z,2016-02-13T04:00:00-03:00,2016-02-13T08:00:00Z,2016-02-13T05:00:00-03:00,1,01:00:00,1,01:00:00,100.0,100.0,2016-02-13T07:00:00Z,2016-02-13T04:00:00-03:00,2016-02-13T08:00:00Z,2016-02-13T05:00:00-03:00
5.712,,,False,1,pm10,µg/m³,,raw,01:00:00,2016-02-13T08:00:00Z,2016-02-13T05:00:00-03:00,2016-02-13T09:00:00Z,2016-02-13T06:00:00-03:00,1,01:00:00,1,01:00:00,100.0,100.0,2016-02-13T08:00:00Z,2016-02-13T05:00:00-03:00,2016-02-13T09:00:00Z,2016-02-13T06:00:00-03:00
13.59,,,False,1,pm10,µg/m³,,raw,01:00:00,2016-02-13T09:00:00Z,2016-02-13T06:00:00-03:00,2016-02-13T10:00:00Z,2016-02-13T07:00:00-03:00,1,01:00:00,1,01:00:00,100.0,100.0,2016-02-13T09:00:00Z,2016-02-13T06:00:00-03:00,2016-02-13T10:00:00Z,2016-02-13T07:00:00-03:00
14.45,,,False,1,pm10,µg/m³,,raw,01:00:00,2016-02-13T10:00:00Z,2016-02-13T07:00:00-03:00,2016-02-13T11:00:00Z,2016-02-13T08:00:00-03:00,1,01:00:00,1,01:00:00,100.0,100.0,2016-02-13T10:00:00Z,2016-02-13T07:00:00-03:00,2016-02-13T11:00:00Z,2016-02-13T08:00:00-03:00
26.99,,,False,1,pm10,µg/m³,,raw,01:00:00,2016-02-13T11:00:00Z,2016-02-13T08:00:00-03:00,2016-02-13T12:00:00Z,2016-02-13T09:00:00-03:00,1,01:00:00,1,01:00:00,100.0,100.0,2016-02-13T11:00:00Z,2016-02-13T08:00:00-03:00,2016-02-13T12:00:00Z,2016-02-13T09:00:00-03:00
24.51,,,False,1,pm10,µg/m³,,raw,01:00:00,2016-02-13T12:00:00Z,2016-02-13T09:00:00-03:00,2016-02-13T13:00:00Z,2016-02-13T10:00:00-03:00,1,01:00:00,1,01:00:00,100.0,100.0,2016-02-13T12:00:00Z,2016-02-13T09:00:00-03:00,2016-02-13T13:00:00Z,2016-02-13T10:00:00-03:00
29.48,,,False,1,pm10,µg/m³,,raw,01:00:00,2016-02-13T13:00:00Z,2016-02-13T10:00:00-03:00,2016-02-13T14:00:00Z,2016-02-13T11:00:00-03:00,1,01:00:00,1,01:00:00,100.0,100.0,2016-02-13T13:00:00Z,2016-02-13T10:00:00-03:00,2016-02-13T14:00:00Z,2016-02-13T11:00:00-03:00
46.54,,,False,1,pm10,µg/m³,,raw,01:00:00,2016-02-13T14:00:00Z,2016-02-13T11:00:00-03:00,2016-02-13T15:00:00Z,2016-02-13T12:00:00-03:00,1,01:00:00,1,01:00:00,100.0,100.0,2016-02-13T14:00:00Z,2016-02-13T11:00:00-03:00,2016-02-13T15:00:00Z,2016-02-13T12:00:00-03:00
40.46,,,False,1,pm10,µg/m³,,raw,01:00:00,2016-02-13T15:00:00Z,2016-02-13T12:00:00-03:00,2016-02-13T16:00:00Z,2016-02-13T13:00:00-03:00,1,01:00:00,1,01:00:00,100.0,100.0,2016-02-13T15:00:00Z,2016-02-13T12:00:00-03:00,2016-02-13T16:00:00Z,2016-02-13T13:00:00-03:00
33.09,,,False,1,pm10,µg/m³,,raw,01:00:00,2016-02-13T16:00:00Z,2016-02-13T13:00:00-03:00,2016-02-13T17:00:00Z,2016-02-13T14:00:00-03:00,1,01:00:00,1,01:00:00,100.0,100.0,2016-02-13T16:00:00Z,2016-02-13T13:00:00-03:00,2016-02-13T17:00:00Z,2016-02-13T14:00:00-03:00
31.65,,,False,1,pm10,µg/m³,,raw,01:00:00,2016-02-13T17:00:00Z,2016-02-13T14:00:00-03:00,2016-02-13T18:00:00Z,2016-02-13T15:00:00-03:00,1,01:00:00,1,01:00:00,100.0,100.0,2016-02-13T17:00:00Z,2016-02-13T14:00:00-03:00,2016-02-13T18:00:00Z,2016-02-13T15:00:00-03:00
41.66,,,False,1,pm10,µg/m³,,raw,01:00:00,2016-02-13T18:00:00Z,2016-02-13T15:00:00-03:00,2016-02-13T19:00:00Z,2016-02-13T16:00:00-03:00,1,01:00:00,1,01:00:00,100.0,100.0,2016-02-13T18:00:00Z,2016-02-13T15:00:00-03:00,2016-02-13T19:00:00Z,2016-02-13T16:00:00-03:00
31.84,,,False,1,pm10,µg/m³,,raw,01:00:00,2016-02-13T19:00:00Z,2016-02-13T16:00:00-03:00,2016-02-13T20:00:00Z,2016-02-13T17:00:00-03:00,1,01:00:00,1,01:00:00,100.0,100.0,2016-02-13T19:00:00Z,2016-02-13T16:00:00-03:00,2016-02-13T20:00:00Z,2016-02-13T17:00:00-03:00
20.33,,,False,1,pm10,µg/m³,,raw,01:00:00,2016-02-13T20:00:00Z,2016-02-13T17:00:00-03:00,2016-02-13T21:00:00Z,2016-02-13T18:00:00-03:00,1,01:00:00,1,01:00:00,100.0,100.0,2016-02-13T20:00:00Z,2016-02-13T17:00:00-03:00,2016-02-13T21:00:00Z,2016-02-13T18:00:00-03:00
23.18,,,False,1,pm10,µg/m³,,raw,01:00:00,2016-02-13T21:00:00Z,2016-02-13T18:00:00-03:00,2016-02-13T22:00:00Z,2016-02-13T19:00:00-03:00,1,01:00:00,1,01:00:00,100.0,100.0,2016-02-13T21:00:00Z,2016-02-13T18:00:00-03:00,2016-02-13T22:00:00Z,2016-02-13T19:00:00-03:00
24.84,,,False,1,pm10,µg/m³,,raw,01:00:00,2016-02-13T22:00:00Z,2016-02-13T19:00:00-03:00,2016-02-13T23:00:00Z,2016-02-13T20:00:00-03:00,1,01:00:00,1,01:00:00,100.0,100.0,2016-02-13T22:00:00Z,2016-02-13T19:00:00-03:00,2016-02-13T23:00:00Z,2016-02-13T20:00:00-03:00
43.61,,,False,1,pm10,µg/m³,,raw,01:00:00,2016-02-13T23:00:00Z,2016-02-13T20:00:00-03:00,2016-02-14T00:00:00Z,2016-02-13T21:00:00-03:00,1,01:00:00,1,01:00:00,100.0,100.0,2016-02-13T23:00:00Z,2016-02-13T20:00:00-03:00,2016-02-14T00:00:00Z,2016-02-13T21:00:00-03:00
38.04,,,False,1,pm10,µg/m³,,raw,01:00:00,2016-02-14T00:00:00Z,2016-02-13T21:00:00-03:00,2016-02-14T01:00:00Z,2016-02-13T22:00:00-03:00,1,01:00:00,1,01:00:00,100.0,100.0,2016-02-14T00:00:00Z,2016-02-13T21:00:00-03:00,2016-02-14T01:00:00Z,2016-02-13T22:00:00-03:00
43.72,,,False,1,pm10,µg/m³,,raw,01:00:00,2016-02-14T01:00:00Z,2016-02-13T22:00:00-03:00,2016-02-14T02:00:00Z,2016-02-13T23:00:00-03:00,1,01:00:00,1,01:00:00,100.0,100.0,2016-02-14T01:00:00Z,2016-02-13T22:00:00-03:00,2016-02-14T02:00:00Z,2016-02-13T23:00:00-03:00
42.07,,,False,1,pm10,µg/m³,,raw,01:00:00,2016-02-14T03:00:00Z,2016-02-14T00:00:00-03:00,2016-02-14T04:00:00Z,2016-02-14T01:00:00-03:00,1,01:00:00,1,01:00:00,100.0,100.0,2016-02-14T03:00:00Z,2016-02-14T00:00:00-03:00,2016-02-14T04:00:00Z,2016-02-14T01:00:00-03:00
79.97,,,False,1,pm10,µg/m³,,raw,01:00:00,2016-02-14T04:00:00Z,2016-02-14T01:00:00-03:00,2016-02-14T05:00:00Z,2016-02-14T02:00:00-03:00,1,01:00:00,1,01:00:00,100.0,100.0,2016-02-14T04:00:00Z,2016-02-14T01:00:00-03:00,2016-02-14T05:00:00Z,2016-02-14T02:00:00-03:00
28.39,,,False,1,pm10,µg/m³,,raw,01:00:00,2016-02-14T05:00:00Z,2016-02-14T02:00:00-03:00,2016-02-14T06:00:00Z,2016-02-14T03:00:00-03:00,1,01:00:00,1,01:00:00,100.0,100.0,2016-02-14T05:00:00Z,2016-02-14T02:00:00-03:00,2016-02-14T06:00:00Z,2016-02-14T03:00:00-03:00
14.73,,,False,1,pm10,µg/m³,,raw,01:00:00,2016-02-14T06:00:00Z,2016-02-14T03:00:00-03:00,2016-02-14T07:00:00Z,2016-02-14T04:00:00-03:00,1,01:00:00,1,01:00:00,100.0,100.0,2016-02-14T06:00:00Z,2016-02-14T03:00:00-03:00,2016-02-14T07:00:00Z,2016-02-14T04:00:00-03:00
26.02,,,False,1,pm10,µg/m³,,raw,01:00:00,2016-02-14T07:00:00Z,2016-02-14T04:00:00-03:00,2016-02-14T08:00:00Z,2016-02-14T05:00:00-03:00,1,01:00:00,1,01:00:00,100.0,100.0,2016-02-14T07:00:00Z,2016-02-14T04:00:00-03:00,2016-02-14T08:00:00Z,2016-02-14T05:00:00-03:00
22.45,,,False,1,pm10,µg/m³,,raw,01:00:00,2016-02-14T08:00:00Z,2016-02-14T05:00:00-03:00,2016-02-14T09:00:00Z,2016-02-14T06:00:00-03:00,1,01:00:00,1,01:00:00,100.0,100.0,2016-02-14T08:00:00Z,2016-02-14T05:00:00-03:00,2016-02-14T09:00:00Z,2016-02-14T06:00:00-03:00
20.49,,,False,1,pm10,µg/m³,,raw,01:00:00,2016-02-14T09:00:00Z,2016-02-14T06:00:00-03:00,2016-02-14T10:00:00Z,2016-02-14T07:00:00-03:00,1,01:00:00,1,01:00:00,100.0,100.0,2016-02-14T09:00:00Z,2016-02-14T06:00:00-03:00,2016-02-14T10:00:00Z,2016-02-14T07:00:00-03:00
13.42,,,False,1,pm10,µg/m³,,raw,01:00:00,2016-02-14T10:00:00Z,2016-02-14T07:00:00-03:00,2016-02-14T11:00:00Z,2016-02-14T08:00:00-03:00,1,01:00:00,1,01:00:00,100.0,100.0,2016-02-14T10:00:00Z,2016-02-14T07:00:00-03:00,2016-02-14T11:00:00Z,2016-02-14T08:00:00-03:00
13.9,,,False,1,pm10,µg/m³,,raw,01:00:00,2016-02-14T11:00:00Z,2016-02-14T08:00:00-03:00,2016-02-14T12:00:00Z,2016-02-14T09:00:00-03:00,1,01:00:00,1,01:00:00,100.0,100.0,2016-02-14T11:00:00Z,2016-02-14T08:00:00-03:00,2016-02-14T12:00:00Z,2016-02-14T09:00:00-03:00
23.8,,,False,1,pm10,µg/m³,,raw,01:00:00,2016-02-14T12:00:00Z,2016-02-14T09:00:00-03:00,2016-02-14T13:00:00Z,2016-02-14T10:00:00-03:00,1,01:00:00,1,01:00:00,100.0,100.0,2016-02-14T12:00:00Z,2016-02-14T09:00:00-03:00,2016-02-14T13:00:00Z,2016-02-14T10:00:00-03:00
28.58,,,False,1,pm10,µg/m³,,raw,01:00:00,2016-02-14T13:00:00Z,2016-02-14T10:00:00-03:00,2016-02-14T14:00:00Z,2016-02-14T11:00:00-03:00,1,01:00:00,1,01:00:00,100.0,100.0,2016-02-14T13:00:00Z,2016-02-14T10:00:00-03:00,2016-02-14T14:00:00Z,2016-02-14T11:00:00-03:00
32.11,,,False,1,pm10,µg/m³,,raw,01:00:00,2016-02-14T14:00:00Z,2016-02-14T11:00:00-03:00,2016-02-14T15:00:00Z,2016-02-14T12:00:00-03:00,1,01:00:00,1,01:00:00,100.0,100.0,2016-02-14T14:00:00Z,2016-02-14T11:00:00-03:00,2016-02-14T15:00:00Z,2016-02-14T12:00:00-03:00
36.15,,,False,1,pm10,µg/m³,,raw,01:00:00,2016-02-14T15:00:00Z,2016-02-14T12:00:00-03:00,2016-02-14T16:00:00Z,2016-02-14T13:00:00-03:00,1,01:00:00,1,01:00:00,100.0,100.0,2016-02-14T15:00:00Z,2016-02-14T12:00:00-03:00,2016-02-14T16:00:00Z,2016-02-14T13:00:00-03:00
39.96,,,False,1,pm10,µg/m³,,raw,01:00:00,2016-02-14T16:00:00Z,2016-02-14T13:00:00-03:00,2016-02-14T17:00:00Z,2016-02-14T14:00:00-03:00,1,01:00:00,1,01:00:00,100.0,100.0,2016-02-14T16:00:00Z,2016-02-14T13:00:00-03:00,2016-02-14T17:00:00Z,2016-02-14T14:00:00-03:00
31.94,,,False,1,pm10,µg/m³,,raw,01:00:00,2016-02-14T17:00:00Z,2016-02-14T14:00:00-03:00,2016-02-14T18:00:00Z,2016-02-14T15:00:00-03:00,1,01:00:00,1,01:00:00,100.0,100.0,2016-02-14T17:00:00Z,2016-02-14T14:00:00-03:00,2016-02-14T18:00:00Z,2016-02-14T15:00:00-03:00
31.53,,,False,1,pm10,µg/m³,,raw,01:00:00,2016-02-14T18:00:00Z,2016-02-14T15:00:00-03:00,2016-02-14T19:00:00Z,2016-02-14T16:00:00-03:00,1,01:00:00,1,01:00:00,100.0,100.0,2016-02-14T18:00:00Z,2016-02-14T15:00:00-03:00,2016-02-14T19:00:00Z,2016-02-14T16:00:00-03:00
35.25,,,False,1,pm10,µg/m³,,raw,01:00:00,2016-02-14T19:00:00Z,2016-02-14T16:00:00-03:00,2016-02-14T20:00:00Z,2016-02-14T17:00:00-03:00,1,01:00:00,1,01:00:00,100.0,100.0,2016-02-14T19:00:00Z,2016-02-14T16:00:00-03:00,2016-02-14T20:00:00Z,2016-02-14T17:00:00-03:00
39.51,,,False,1,pm10,µg/m³,,raw,01:00:00,2016-02-14T20:00:00Z,2016-02-14T17:00:00-03:00,2016-02-14T21:00:00Z,2016-02-14T18:00:00-03:00,1,01:00:00,1,01:00:00,100.0,100.0,2016-02-14T20:00:00Z,2016-02-14T17:00:00-03:00,2016-02-14T21:00:00Z,2016-02-14T18:00:00-03:00
39.43,,,False,1,pm10,µg/m³,,raw,01:00:00,2016-02-14T21:00:00Z,2016-02-14T18:00:00-03:00,2016-02-14T22:00:00Z,2016-02-14T19:00:00-03:00,1,01:00:00,1,01:00:00,100.0,100.0,2016-02-14T21:00:00Z,2016-02-14T18:00:00-03:00,2016-02-14T22:00:00Z,2016-02-14T19:00:00-03:00
100.4,,,False,1,pm10,µg/m³,,raw,01:00:00,2016-02-14T22:00:00Z,2016-02-14T19:00:00-03:00,2016-02-14T23:00:00Z,2016-02-14T20:00:00-03:00,1,01:00:00,1,01:00:00,100.0,100.0,2016-02-14T22:00:00Z,2016-02-14T19:00:00-03:00,2016-02-14T23:00:00Z,2016-02-14T20:00:00-03:00
7.959,,,False,1,pm10,µg/m³,,raw,01:00:00,2016-02-14T23:00:00Z,2016-02-14T20:00:00-03:00,2016-02-15T00:00:00Z,2016-02-14T21:00:00-03:00,1,01:00:00,1,01:00:00,100.0,100.0,2016-02-14T23:00:00Z,2016-02-14T20:00:00-03:00,2016-02-15T00:00:00Z,2016-02-14T21:00:00-03:00
31.28,,,False,1,pm10,µg/m³,,raw,01:00:00,2016-02-15T00:00:00Z,2016-02-14T21:00:00-03:00,2016-02-15T01:00:00Z,2016-02-14T22:00:00-03:00,1,01:00:00,1,01:00:00,100.0,100.0,2016-02-15T00:00:00Z,2016-02-14T21:00:00-03:00,2016-02-15T01:00:00Z,2016-02-14T22:00:00-03:00
40.33,,,False,1,pm10,µg/m³,,raw,01:00:00,2016-02-15T01:00:00Z,2016-02-14T22:00:00-03:00,2016-02-15T02:00:00Z,2016-02-14T23:00:00-03:00,1,01:00:00,1,01:00:00,100.0,100.0,2016-02-15T01:00:00Z,2016-02-14T22:00:00-03:00,2016-02-15T02:00:00Z,2016-02-14T23:00:00-03:00
45.33,,,False,1,pm10,µg/m³,,raw,01:00:00,2016-02-15T02:00:00Z,2016-02-14T23:00:00-03:00,2016-02-15T03:00:00Z,2016-02-15T00:00:00-03:00,1,01:00:00,1,01:00:00,100.0,100.0,2016-02-15T02:00:00Z,2016-02-14T23:00:00-03:00,2016-02-15T03:00:00Z,2016-02-15T00:00:00-03:00
25.61,,,False,1,pm10,µg/m³,,raw,01:00:00,2016-02-15T03:00:00Z,2016-02-15T00:00:00-03:00,2016-02-15T04:00:00Z,2016-02-15T01:00:00-03:00,1,01:00:00,1,01:00:00,100.0,100.0,2016-02-15T03:00:00Z,2016-02-15T00:00:00-03:00,2016-02-15T04:00:00Z,2016-02-15T01:00:00-03:00
35.36,,,False,1,pm10,µg/m³,,raw,01:00:00,2016-02-15T04:00:00Z,2016-02-15T01:00:00-03:00,2016-02-15T05:00:00Z,2016-02-15T02:00:00-03:00,1,01:00:00,1,01:00:00,100.0,100.0,2016-02-15T04:00:00Z,2016-02-15T01:00:00-03:00,2016-02-15T05:00:00Z,2016-02-15T02:00:00-03:00
33.02,,,False,1,pm10,µg/m³,,raw,01:00:00,2016-02-15T05:00:00Z,2016-02-15T02:00:00-03:00,2016-02-15T06:00:00Z,2016-02-15T03:00:00-03:00,1,01:00:00,1,01:00:00,100.0,100.0,2016-02-15T05:00:00Z,2016-02-15T02:00:00-03:00,2016-02-15T06:00:00Z,2016-02-15T03:00:00-03:00
25.77,,,False,1,pm10,µg/m³,,raw,01:00:00,2016-02-15T06:00:00Z,2016-02-15T03:00:00-03:00,2016-02-15T07:00:00Z,2016-02-15T04:00:00-03:00,1,01:00:00,1,01:00:00,100.0,100.0,2016-02-15T06:00:00Z,2016-02-15T03:00:00-03:00,2016-02-15T07:00:00Z,2016-02-15T04:00:00-03:00
29.26,,,False,1,pm10,µg/m³,,raw,01:00:00,2016-02-15T07:00:00Z,2016-02-15T04:00:00-03:00,2016-02-15T08:00:00Z,2016-02-15T05:00:00-03:00,1,01:00:00,1,01:00:00,100.0,100.0,2016-02-15T07:00:00Z,2016-02-15T04:00:00-03:00,2016-02-15T08:00:00Z,2016-02-15T05:00:00-03:00
21.87,,,False,1,pm10,µg/m³,,raw,01:00:00,2016-02-15T08:00:00Z,2016-02-15T05:00:00-03:00,2016-02-15T09:00:00Z,2016-02-15T06:00:00-03:00,1,01:00:00,1,01:00:00,100.0,100.0,2016-02-15T08:00:00Z,2016-02-15T05:00:00-03:00,2016-02-15T09:00:00Z,2016-02-15T06:00:00-03:00
27.45,,,False,1,pm10,µg/m³,,raw,01:00:00,2016-02-15T09:00:00Z,2016-02-15T06:00:00-03:00,2016-02-15T10:00:00Z,2016-02-15T07:00:00-03:00,1,01:00:00,1,01:00:00,100.0,100.0,2016-02-15T09:00:00Z,2016-02-15T06:00:00-03:00,2016-02-15T10:00:00Z,2016-02-15T07:00:00-03:00
16.3,,,False,1,pm10,µg/m³,,raw,01:00:00,2016-02-15T10:00:00Z,2016-02-15T07:00:00-03:00,2016-02-15T11:00:00Z,2016-02-15T08:00:00-03:00,1,01:00:00,1,01:00:00,100.0,100.0,2016-02-15T10:00:00Z,2016-02-15T07:00:00-03:00,2016-02-15T11:00:00Z,2016-02-15T08:00:00-03:00
28.73,,,False,1,pm10,µg/m³,,raw,01:00:00,2016-02-15T11:00:00Z,2016-02-15T08:00:00-03:00,2016-02-15T12:00:00Z,2016-02-15T09:00:00-03:00,1,01:00:00,1,01:00:00,100.0,100.0,2016-02-15T11:00:00Z,2016-02-15T08:00:00-03:00,2016-02-15T12:00:00Z,2016-02-15T09:00:00-03:00
23.99,,,False,1,pm10,µg/m³,,raw,01:00:00,2016-02-15T12:00:00Z,2016-02-15T09:00:00-03:00,2016-02-15T13:00:00Z,2016-02-15T10:00:00-03:00,1,01:00:00,1,01:00:00,100.0,100.0,2016-02-15T12:00:00Z,2016-02-15T09:00:00-03:00,2016-02-15T13:00:00Z,2016-02-15T10:00:00-03:00
39.67,,,False,1,pm10,µg/m³,,raw,01:00:00,2016-02-15T13:00:00Z,2016-02-15T10:00:00-03:00,2016-02-15T14:00:00Z,2016-02-15T11:00:00-03:00,1,01:00:00,1,01:00:00,100.0,100.0,2016-02-15T13:00:00Z,2016-02-15T10:00:00-03:00,2016-02-15T14:00:00Z,2016-02-15T11:00:00-03:00
44.4,,,False,1,pm10,µg/m³,,raw,01:00:00,2016-02-15T14:00:00Z,2016-02-15T11:00:00-03:00,2016-02-15T15:00:00Z,2016-02-15T12:00:00-03:00,1,01:00:00,1,01:00:00,100.0,100.0,2016-02-15T14:00:00Z,2016-02-15T11:00:00-03:00,2016-02-15T15:00:00Z,2016-02-15T12:00:00-03:00
38.78,,,False,1,pm10,µg/m³,,raw,01:00:00,2016-02-15T15:00:00Z,2016-02-15T12:00:00-03:00,2016-02-15T16:00:00Z,2016-02-15T13:00:00-03:00,1,01:00:00,1,01:00:00,100.0,100.0,2016-02-15T15:00:00Z,2016-02-15T12:00:00-03:00,2016-02-15T16:00:00Z,2016-02-15T13:00:00-03:00
30.08,,,False,1,pm10,µg/m³,,raw,01:00:00,2016-02-15T16:00:00Z,2016-02-15T13:00:00-03:00,2016-02-15T17:00:00Z,2016-02-15T14:00:00-03:00,1,01:00:00,1,01:00:00,100.0,100.0,2016-02-15T16:00:00Z,2016-02-15T13:00:00-03:00,2016-02-15T17:00:00Z,2016-02-15T14:00:00-03:00
41.96,,,False,1,pm10,µg/m³,,raw,01:00:00,2016-02-15T17:00:00Z,2016-02-15T14:00:00-03:00,2016-02-15T18:00:00Z,2016-02-15T15:00:00-03:00,1,01:00:00,1,01:00:00,100.0,100.0,2016-02-15T17:00:00Z,2016-02-15T14:00:00-03:00,2016-02-15T18:00:00Z,2016-02-15T15:00:00-03:00
34.86,,,False,1,pm10,µg/m³,,raw,01:00:00,2016-02-15T18:00:00Z,2016-02-15T15:00:00-03:00,2016-02-15T19:00:00Z,2016-02-15T16:00:00-03:00,1,01:00:00,1,01:00:00,100.0,100.0,2016-02-15T18:00:00Z,2016-02-15T15:00:00-03:00,2016-02-15T19:00:00Z,2016-02-15T16:00:00-03:00
58.28,,,False,1,pm10,µg/m³,,raw,01:00:00,2016-02-15T20:00:00Z,2016-02-15T17:00:00-03:00,2016-02-15T21:00:00Z,2016-02-15T18:00:00-03:00,1,01:00:00,1,01:00:00,100.0,100.0,2016-02-15T20:00:00Z,2016-02-15T17:00:00-03:00,2016-02-15T21:00:00Z,2016-02-15T18:00:00-03:00
49.4,,,False,1,pm10,µg/m³,,raw,01:00:00,2016-02-15T21:00:00Z,2016-02-15T18:00:00-03:00,2016-02-15T22:00:00Z,2016-02-15T19:00:00-03:00,1,01:00:00,1,01:00:00,100.0,100.0,2016-02-15T21:00:00Z,2016-02-15T18:00:00-03:00,2016-02-15T22:00:00Z,2016-02-15T19:00:00-03:00
47.68,,,False,1,pm10,µg/m³,,raw,01:00:00,2016-02-15T23:00:00Z,2016-02-15T20:00:00-03:00,2016-02-16T00:00:00Z,2016-02-15T21:00:00-03:00,1,01:00:00,1,01:00:00,100.0,100.0,2016-02-15T23:00:00Z,2016-02-15T20:00:00-03:00,2016-02-16T00:00:00Z,2016-02-15T21:00:00-03:00
27.77,,,False,1,pm10,µg/m³,,raw,01:00:00,2016-02-16T00:00:00Z,2016-02-15T21:00:00-03:00,2016-02-16T01:00:00Z,2016-02-15T22:00:00-03:00,1,01:00:00,1,01:00:00,100.0,100.0,2016-02-16T00:00:00Z,2016-02-15T21:00:00-03:00,2016-02-16T01:00:00Z,2016-02-15T22:00:00-03:00
27.94,,,False,1,pm10,µg/m³,,raw,01:00:00,2016-02-16T01:00:00Z,2016-02-15T22:00:00-03:00,2016-02-16T02:00:00Z,2016-02-15T23:00:00-03:00,1,01:00:00,1,01:00:00,100.0,100.0,2016-02-16T01:00:00Z,2016-02-15T22:00:00-03:00,2016-02-16T02:00:00Z,2016-02-15T23:00:00-03:00
35.5,,,False,1,pm10,µg/m³,,raw,01:00:00,2016-02-16T02:00:00Z,2016-02-15T23:00:00-03:00,2016-02-16T03:00:00Z,2016-02-16T00:00:00-03:00,1,01:00:00,1,01:00:00,100.0,100.0,2016-02-16T02:00:00Z,2016-02-15T23:00:00-03:00,2016-02-16T03:00:00Z,2016-02-16T00:00:00-03:00
22.87,,,False,1,pm10,µg/m³,,raw,01:00:00,2016-02-16T03:00:00Z,2016-02-16T00:00:00-03:00,2016-02-16T04:00:00Z,2016-02-16T01:00:00-03:00,1,01:00:00,1,01:00:00,100.0,100.0,2016-02-16T03:00:00Z,2016-02-16T00:00:00-03:00,2016-02-16T04:00:00Z,2016-02-16T01:00:00-03:00
37.65,,,False,1,pm10,µg/m³,,raw,01:00:00,2016-02-16T04:00:00Z,2016-02-16T01:00:00-03:00,2016-02-16T05:00:00Z,2016-02-16T02:00:00-03:00,1,01:00:00,1,01:00:00,100.0,100.0,2016-02-16T04:00:00Z,2016-02-16T01:00:00-03:00,2016-02-16T05:00:00Z,2016-02-16T02:00:00-03:00
29.27,,,False,1,pm10,µg/m³,,raw,01:00:00,2016-02-16T05:00:00Z,2016-02-16T02:00:00-03:00,2016-02-16T06:00:00Z,2016-02-16T03:00:00-03:00,1,01:00:00,1,01:00:00,100.0,100.0,2016-02-16T05:00:00Z,2016-02-16T02:00:00-03:00,2016-02-16T06:00:00Z,2016-02-16T03:00:00-03:00
25.09,,,False,1,pm10,µg/m³,,raw,01:00:00,2016-02-16T06:00:00Z,2016-02-16T03:00:00-03:00,2016-02-16T07:00:00Z,2016-02-16T04:00:00-03:00,1,01:00:00,1,01:00:00,100.0,100.0,2016-02-16T06:00:00Z,2016-02-16T03:00:00-03:00,2016-02-16T07:00:00Z,2016-02-16T04:00:00-03:00
22.57,,,False,1,pm10,µg/m³,,raw,01:00:00,2016-02-16T07:00:00Z,2016-02-16T04:00:00-03:00,2016-02-16T08:00:00Z,2016-02-16T05:00:00-03:00,1,01:00:00,1,01:00:00,100.0,100.0,2016-02-16T07:00:00Z,2016-02-16T04:00:00-03:00,2016-02-16T08:00:00Z,2016-02-16T05:00:00-03:00
22.01,,,False,1,pm10,µg/m³,,raw,01:00:00,2016-02-16T08:00:00Z,2016-02-16T05:00:00-03:00,2016-02-16T09:00:00Z,2016-02-16T06:00:00-03:00,1,01:00:00,1,01:00:00,100.0,100.0,2016-02-16T08:00:00Z,2016-02-16T05:00:00-03:00,2016-02-16T09:00:00Z,2016-02-16T06:00:00-03:00
30.4,,,False,1,pm10,µg/m³,,raw,01:00:00,2016-02-16T09:00:00Z,2016-02-16T06:00:00-03:00,2016-02-16T10:00:00Z,2016-02-16T07:00:00-03:00,1,01:00:00,1,01:00:00,100.0,100.0,2016-02-16T09:00:00Z,2016-02-16T06:00:00-03:00,2016-02-16T10:00:00Z,2016-02-16T07:00:00-03:00
40.16,,,False,1,pm10,µg/m³,,raw,01:00:00,2016-02-16T13:00:00Z,2016-02-16T10:00:00-03:00,2016-02-16T14:00:00Z,2016-02-16T11:00:00-03:00,1,01:00:00,1,01:00:00,100.0,100.0,2016-02-16T13:00:00Z,2016-02-16T10:00:00-03:00,2016-02-16T14:00:00Z,2016-02-16T11:00:00-03:00
30.76,,,False,1,pm10,µg/m³,,raw,01:00:00,2016-02-16T14:00:00Z,2016-02-16T11:00:00-03:00,2016-02-16T15:00:00Z,2016-02-16T12:00:00-03:00,1,01:00:00,1,01:00:00,100.0,100.0,2016-02-16T14:00:00Z,2016-02-16T11:00:00-03:00,2016-02-16T15:00:00Z,2016-02-16T12:00:00-03:00
17.1,,,False,1,pm10,µg/m³,,raw,01:00:00,2016-02-16T15:00:00Z,2016-02-16T12:00:00-03:00,2016-02-16T16:00:00Z,2016-02-16T13:00:00-03:00,1,01:00:00,1,01:00:00,100.0,100.0,2016-02-16T15:00:00Z,2016-02-16T12:00:00-03:00,2016-02-16T16:00:00Z,2016-02-16T13:00:00-03:00
20.34,,,False,1,pm10,µg/m³,,raw,01:00:00,2016-02-16T16:00:00Z,2016-02-16T13:00:00-03:00,2016-02-16T17:00:00Z,2016-02-16T14:00:00-03:00,1,01:00:00,1,01:00:00,100.0,100.0,2016-02-16T16:00:00Z,2016-02-16T13:00:00-03:00,2016-02-16T17:00:00Z,2016-02-16T14:00:00-03:00
28.92,,,False,1,pm10,µg/m³,,raw,01:00:00,2016-02-16T17:00:00Z,2016-02-16T14:00:00-03:00,2016-02-16T18:00:00Z,2016-02-16T15:00:00-03:00,1,01:00:00,1,01:00:00,100.0,100.0,2016-02-16T17:00:00Z,2016-02-16T14:00:00-03:00,2016-02-16T18:00:00Z,2016-02-16T15:00:00-03:00
11.05,,,False,1,pm10,µg/m³,,raw,01:00:00,2016-02-16T18:00:00Z,2016-02-16T15:00:00-03:00,2016-02-16T19:00:00Z,2016-02-16T16:00:00-03:00,1,01:00:00,1,01:00:00,100.0,100.0,2016-02-16T18:00:00Z,2016-02-16T15:00:00-03:00,2016-02-16T19:00:00Z,2016-02-16T16:00:00-03:00
14.65,,,False,1,pm10,µg/m³,,raw,01:00:00,2016-02-16T19:00:00Z,2016-02-16T16:00:00-03:00,2016-02-16T20:00:00Z,2016-02-16T17:00:00-03:00,1,01:00:00,1,01:00:00,100.0,100.0,2016-02-16T19:00:00Z,2016-02-16T16:00:00-03:00,2016-02-16T20:00:00Z,2016-02-16T17:00:00-03:00
16.54,,,False,1,pm10,µg/m³,,raw,01:00:00,2016-02-16T20:00:00Z,2016-02-16T17:00:00-03:00,2016-02-16T21:00:00Z,2016-02-16T18:00:00-03:00,1,01:00:00,1,01:00:00,100.0,100.0,2016-02-16T20:00:00Z,2016-02-16T17:00:00-03:00,2016-02-16T21:00:00Z,2016-02-16T18:00:00-03:00
23.28,,,False,1,pm10,µg/m³,,raw,01:00:00,2016-02-16T21:00:00Z,2016-02-16T18:00:00-03:00,2016-02-16T22:00:00Z,2016-02-16T19:00:00-03:00,1,01:00:00,1,01:00:00,100.0,100.0,2016-02-16T21:00:00Z,2016-02-16T18:00:00-03:00,2016-02-16T22:00:00Z,2016-02-16T19:00:00-03:00
38.72,,,False,1,pm10,µg/m³,,raw,01:00:00,2016-02-16T22:00:00Z,2016-02-16T19:00:00-03:00,2016-02-16T23:00:00Z,2016-02-16T20:00:00-03:00,1,01:00:00,1,01:00:00,100.0,100.0,2016-02-16T22:00:00Z,2016-02-16T19:00:00-03:00,2016-02-16T23:00:00Z,2016-02-16T20:00:00-03:00
34.49,,,False,1,pm10,µg/m³,,raw,01:00:00,2016-02-17T00:00:00Z,2016-02-16T21:00:00-03:00,2016-02-17T01:00:00Z,2016-02-16T22:00:00-03:00,1,01:00:00,1,01:00:00,100.0,100.0,2016-02-17T00:00:00Z,2016-02-16T21:00:00-03:00,2016-02-17T01:00:00Z,2016-02-16T22:00:00-03:00
28.91,,,False,1,pm10,µg/m³,,raw,01:00:00,2016-02-17T02:00:00Z,2016-02-16T23:00:00-03:00,2016-02-17T03:00:00Z,2016-02-17T00:00:00-03:00,1,01:00:00,1,01:00:00,100.0,100.0,2016-02-17T02:00:00Z,2016-02-16T23:00:00-03:00,2016-02-17T03:00:00Z,2016-02-17T00:00:00-03:00
31.0,,,False,1,pm10,µg/m³,,raw,01:00:00,2016-02-17T03:00:00Z,2016-02-17T00:00:00-03:00,2016-02-17T04:00:00Z,2016-02-17T01:00:00-03:00,1,01:00:00,1,01:00:00,100.0,100.0,2016-02-17T03:00:00Z,2016-02-17T00:00:00-03:00,2016-02-17T04:00:00Z,2016-02-17T01:00:00-03:00
39.1,,,False,1,pm10,µg/m³,,raw,01:00:00,2016-02-17T04:00:00Z,2016-02-17T01:00:00-03:00,2016-02-17T05:00:00Z,2016-02-17T02:00:00-03:00,1,01:00:00,1,01:00:00,100.0,100.0,2016-02-17T04:00:00Z,2016-02-17T01:00:00-03:00,2016-02-17T05:00:00Z,2016-02-17T02:00:00-03:00
35.44,,,False,1,pm10,µg/m³,,raw,01:00:00,2016-02-17T05:00:00Z,2016-02-17T02:00:00-03:00,2016-02-17T06:00:00Z,2016-02-17T03:00:00-03:00,1,01:00:00,1,01:00:00,100.0,100.0,2016-02-17T05:00:00Z,2016-02-17T02:00:00-03:00,2016-02-17T06:00:00Z,2016-02-17T03:00:00-03:00
27.34,,,False,1,pm10,µg/m³,,raw,01:00:00,2016-02-17T06:00:00Z,2016-02-17T03:00:00-03:00,2016-02-17T07:00:00Z,2016-02-17T04:00:00-03:00,1,01:00:00,1,01:00:00,100.0,100.0,2016-02-17T06:00:00Z,2016-02-17T03:00:00-03:00,2016-02-17T07:00:00Z,2016-02-17T04:00:00-03:00
26.83,,,False,1,pm10,µg/m³,,raw,01:00:00,2016-02-17T07:00:00Z,2016-02-17T04:00:00-03:00,2016-02-17T08:00:00Z,2016-02-17T05:00:00-03:00,1,01:00:00,1,01:00:00,100.0,100.0,2016-02-17T07:00:00Z,2016-02-17T04:00:00-03:00,2016-02-17T08:00:00Z,2016-02-17T05:00:00-03:00
19.37,,,False,1,pm10,µg/m³,,raw,01:00:00,2016-02-17T08:00:00Z,2016-02-17T05:00:00-03:00,2016-02-17T09:00:00Z,2016-02-17T06:00:00-03:00,1,01:00:00,1,01:00:00,100.0,100.0,2016-02-17T08:00:00Z,2016-02-17T05:00:00-03:00,2016-02-17T09:00:00Z,2016-02-17T06:00:00-03:00
33.68,,,False,1,pm10,µg/m³,,raw,01:00:00,2016-02-17T09:00:00Z,2016-02-17T06:00:00-03:00,2016-02-17T10:00:00Z,2016-02-17T07:00:00-03:00,1,01:00:00,1,01:00:00,100.0,100.0,2016-02-17T09:00:00Z,2016-02-17T06:00:00-03:00,2016-02-17T10:00:00Z,2016-02-17T07:00:00-03:00
40.01,,,False,1,pm10,µg/m³,,raw,01:00:00,2016-02-17T10:00:00Z,2016-02-17T07:00:00-03:00,2016-02-17T11:00:00Z,2016-02-17T08:00:00-03:00,1,01:00:00,1,01:00:00,100.0,100.0,2016-02-17T10:00:00Z,2016-02-17T07:00:00-03:00,2016-02-17T11:00:00Z,2016-02-17T08:00:00-03:00
25.99,,,False,1,pm10,µg/m³,,raw,01:00:00,2016-02-17T11:00:00Z,2016-02-17T08:00:00-03:00,2016-02-17T12:00:00Z,2016-02-17T09:00:00-03:00,1,01:00:00,1,01:00:00,100.0,100.0,2016-02-17T11:00:00Z,2016-02-17T08:00:00-03:00,2016-02-17T12:00:00Z,2016-02-17T09:00:00-03:00
29.55,,,False,1,pm10,µg/m³,,raw,01:00:00,2016-02-17T12:00:00Z,2016-02-17T09:00:00-03:00,2016-02-17T13:00:00Z,2016-02-17T10:00:00-03:00,1,01:00:00,1,01:00:00,100.0,100.0,2016-02-17T12:00:00Z,2016-02-17T09:00:00-03:00,2016-02-17T13:00:00Z,2016-02-17T10:00:00-03:00
35.1,,,False,1,pm10,µg/m³,,raw,01:00:00,2016-02-17T13:00:00Z,2016-02-17T10:00:00-03:00,2016-02-17T14:00:00Z,2016-02-17T11:00:00-03:00,1,01:00:00,1,01:00:00,100.0,100.0,2016-02-17T13:00:00Z,2016-02-17T10:00:00-03:00,2016-02-17T14:00:00Z,2016-02-17T11:00:00-03:00
38.01,,,False,1,pm10,µg/m³,,raw,01:00:00,2016-02-17T14:00:00Z,2016-02-17T11:00:00-03:00,2016-02-17T15:00:00Z,2016-02-17T12:00:00-03:00,1,01:00:00,1,01:00:00,100.0,100.0,2016-02-17T14:00:00Z,2016-02-17T11:00:00-03:00,2016-02-17T15:00:00Z,2016-02-17T12:00:00-03:00
33.82,,,False,1,pm10,µg/m³,,raw,01:00:00,2016-02-17T15:00:00Z,2016-02-17T12:00:00-03:00,2016-02-17T16:00:00Z,2016-02-17T13:00:00-03:00,1,01:00:00,1,01:00:00,100.0,100.0,2016-02-17T15:00:00Z,2016-02-17T12:00:00-03:00,2016-02-17T16:00:00Z,2016-02-17T13:00:00-03:00
37.61,,,False,1,pm10,µg/m³,,raw,01:00:00,2016-02-17T16:00:00Z,2016-02-17T13:00:00-03:00,2016-02-17T17:00:00Z,2016-02-17T14:00:00-03:00,1,01:00:00,1,01:00:00,100.0,100.0,2016-02-17T16:00:00Z,2016-02-17T13:00:00-03:00,2016-02-17T17:00:00Z,2016-02-17T14:00:00-03:00
36.09,,,False,1,pm10,µg/m³,,raw,01:00:00,2016-02-17T17:00:00Z,2016-02-17T14:00:00-03:00,2016-02-17T18:00:00Z,2016-02-17T15:00:00-03:00,1,01:00:00,1,01:00:00,100.0,100.0,2016-02-17T17:00:00Z,2016-02-17T14:00:00-03:00,2016-02-17T18:00:00Z,2016-02-17T15:00:00-03:00
31.59,,,False,1,pm10,µg/m³,,raw,01:00:00,2016-02-17T18:00:00Z,2016-02-17T15:00:00-03:00,2016-02-17T19:00:00Z,2016-02-17T16:00:00-03:00,1,01:00:00,1,01:00:00,100.0,100.0,2016-02-17T18:00:00Z,2016-02-17T15:00:00-03:00,2016-02-17T19:00:00Z,2016-02-17T16:00:00-03:00
36.96,,,False,1,pm10,µg/m³,,raw,01:00:00,2016-02-17T19:00:00Z,2016-02-17T16:00:00-03:00,2016-02-17T20:00:00Z,2016-02-17T17:00:00-03:00,1,01:00:00,1,01:00:00,100.0,100.0,2016-02-17T19:00:00Z,2016-02-17T16:00:00-03:00,2016-02-17T20:00:00Z,2016-02-17T17:00:00-03:00
39.29,,,False,1,pm10,µg/m³,,raw,01:00:00,2016-02-17T21:00:00Z,2016-02-17T18:00:00-03:00,2016-02-17T22:00:00Z,2016-02-17T19:00:00-03:00,1,01:00:00,1,01:00:00,100.0,100.0,2016-02-17T21:00:00Z,2016-02-17T18:00:00-03:00,2016-02-17T22:00:00Z,2016-02-17T19:00:00-03:00
50.16,,,False,1,pm10,µg/m³,,raw,01:00:00,2016-02-17T22:00:00Z,2016-02-17T19:00:00-03:00,2016-02-17T23:00:00Z,2016-02-17T20:00:00-03:00,1,01:00:00,1,01:00:00,100.0,100.0,2016-02-17T22:00:00Z,2016-02-17T19:00:00-03:00,2016-02-17T23:00:00Z,2016-02-17T20:00:00-03:00
45.45,,,False,1,pm10,µg/m³,,raw,01:00:00,2016-02-17T23:00:00Z,2016-02-17T20:00:00-03:00,2016-02-18T00:00:00Z,2016-02-17T21:00:00-03:00,1,01:00:00,1,01:00:00,100.0,100.0,2016-02-17T23:00:00Z,2016-02-17T20:00:00-03:00,2016-02-18T00:00:00Z,2016-02-17T21:00:00-03:00
23.85,,,False,1,pm10,µg/m³,,raw,01:00:00,2016-02-18T00:00:00Z,2016-02-17T21:00:00-03:00,2016-02-18T01:00:00Z,2016-02-17T22:00:00-03:00,1,01:00:00,1,01:00:00,100.0,100.0,2016-02-18T00:00:00Z,2016-02-17T21:00:00-03:00,2016-02-18T01:00:00Z,2016-02-17T22:00:00-03:00
27.8,,,False,1,pm10,µg/m³,,raw,01:00:00,2016-02-18T01:00:00Z,2016-02-17T22:00:00-03:00,2016-02-18T02:00:00Z,2016-02-17T23:00:00-03:00,1,01:00:00,1,01:00:00,100.0,100.0,2016-02-18T01:00:00Z,2016-02-17T22:00:00-03:00,2016-02-18T02:00:00Z,2016-02-17T23:00:00-03:00
29.99,,,False,1,pm10,µg/m³,,raw,01:00:00,2016-02-18T02:00:00Z,2016-02-17T23:00:00-03:00,2016-02-18T03:00:00Z,2016-02-18T00:00:00-03:00,1,01:00:00,1,01:00:00,100.0,100.0,2016-02-18T02:00:00Z,2016-02-17T23:00:00-03:00,2016-02-18T03:00:00Z,2016-02-18T00:00:00-03:00
34.45,,,False,1,pm10,µg/m³,,raw,01:00:00,2016-02-18T03:00:00Z,2016-02-18T00:00:00-03:00,2016-02-18T04:00:00Z,2016-02-18T01:00:00-03:00,1,01:00:00,1,01:00:00,100.0,100.0,2016-02-18T03:00:00Z,2016-02-18T00:00:00-03:00,2016-02-18T04:00:00Z,2016-02-18T01:00:00-03:00
89.5,,,False,1,pm10,µg/m³,,raw,01:00:00,2016-02-18T04:00:00Z,2016-02-18T01:00:00-03:00,2016-02-18T05:00:00Z,2016-02-18T02:00:00-03:00,1,01:00:00,1,01:00:00,100.0,100.0,2016-02-18T04:00:00Z,2016-02-18T01:00:00-03:00,2016-02-18T05:00:00Z,2016-02-18T02:00:00-03:00
38.46,,,False,1,pm10,µg/m³,,raw,01:00:00,2016-02-18T05:00:00Z,2016-02-18T02:00:00-03:00,2016-02-18T06:00:00Z,2016-02-18T03:00:00-03:00,1,01:00:00,1,01:00:00,100.0,100.0,2016-02-18T05:00:00Z,2016-02-18T02:00:00-03:00,2016-02-18T06:00:00Z,2016-02-18T03:00:00-03:00
1.0,,,False,1,pm10,µg/m³,,raw,01:00:00,2016-02-18T06:00:00Z,2016-02-18T03:00:00-03:00,2016-02-18T07:00:00Z,2016-02-18T04:00:00-03:00,1,01:00:00,1,01:00:00,100.0,100.0,2016-02-18T06:00:00Z,2016-02-18T03:00:00-03:00,2016-02-18T07:00:00Z,2016-02-18T04:00:00-03:00
17.79,,,False,1,pm10,µg/m³,,raw,01:00:00,2016-02-18T07:00:00Z,2016-02-18T04:00:00-03:00,2016-02-18T08:00:00Z,2016-02-18T05:00:00-03:00,1,01:00:00,1,01:00:00,100.0,100.0,2016-02-18T07:00:00Z,2016-02-18T04:00:00-03:00,2016-02-18T08:00:00Z,2016-02-18T05:00:00-03:00
39.82,,,False,1,pm10,µg/m³,,raw,01:00:00,2016-02-18T08:00:00Z,2016-02-18T05:00:00-03:00,2016-02-18T09:00:00Z,2016-02-18T06:00:00-03:00,1,01:00:00,1,01:00:00,100.0,100.0,2016-02-18T08:00:00Z,2016-02-18T05:00:00-03:00,2016-02-18T09:00:00Z,2016-02-18T06:00:00-03:00
1.835,,,False,1,pm10,µg/m³,,raw,01:00:00,2016-02-18T09:00:00Z,2016-02-18T06:00:00-03:00,2016-02-18T10:00:00Z,2016-02-18T07:00:00-03:00,1,01:00:00,1,01:00:00,100.0,100.0,2016-02-18T09:00:00Z,2016-02-18T06:00:00-03:00,2016-02-18T10:00:00Z,2016-02-18T07:00:00-03:00
70.17,,,False,1,pm10,µg/m³,,raw,01:00:00,2016-02-18T10:00:00Z,2016-02-18T07:00:00-03:00,2016-02-18T11:00:00Z,2016-02-18T08:00:00-03:00,1,01:00:00,1,01:00:00,100.0,100.0,2016-02-18T10:00:00Z,2016-02-18T07:00:00-03:00,2016-02-18T11:00:00Z,2016-02-18T08:00:00-03:00
2.683,,,False,1,pm10,µg/m³,,raw,01:00:00,2016-02-18T11:00:00Z,2016-02-18T08:00:00-03:00,2016-02-18T12:00:00Z,2016-02-18T09:00:00-03:00,1,01:00:00,1,01:00:00,100.0,100.0,2016-02-18T11:00:00Z,2016-02-18T08:00:00-03:00,2016-02-18T12:00:00Z,2016-02-18T09:00:00-03:00
11.38,,,False,1,pm10,µg/m³,,raw,01:00:00,2016-02-18T12:00:00Z,2016-02-18T09:00:00-03:00,2016-02-18T13:00:00Z,2016-02-18T10:00:00-03:00,1,01:00:00,1,01:00:00,100.0,100.0,2016-02-18T12:00:00Z,2016-02-18T09:00:00-03:00,2016-02-18T13:00:00Z,2016-02-18T10:00:00-03:00
34.61,,,False,1,pm10,µg/m³,,raw,01:00:00,2016-02-18T13:00:00Z,2016-02-18T10:00:00-03:00,2016-02-18T14:00:00Z,2016-02-18T11:00:00-03:00,1,01:00:00,1,01:00:00,100.0,100.0,2016-02-18T13:00:00Z,2016-02-18T10:00:00-03:00,2016-02-18T14:00:00Z,2016-02-18T11:00:00-03:00
53.15,,,False,1,pm10,µg/m³,,raw,01:00:00,2016-02-18T14:00:00Z,2016-02-18T11:00:00-03:00,2016-02-18T15:00:00Z,2016-02-18T12:00:00-03:00,1,01:00:00,1,01:00:00,100.0,100.0,2016-02-18T14:00:00Z,2016-02-18T11:00:00-03:00,2016-02-18T15:00:00Z,2016-02-18T12:00:00-03:00
30.5,,,False,1,pm10,µg/m³,,raw,01:00:00,2016-02-18T15:00:00Z,2016-02-18T12:00:00-03:00,2016-02-18T16:00:00Z,2016-02-18T13:00:00-03:00,1,01:00:00,1,01:00:00,100.0,100.0,2016-02-18T15:00:00Z,2016-02-18T12:00:00-03:00,2016-02-18T16:00:00Z,2016-02-18T13:00:00-03:00
40.07,,,False,1,pm10,µg/m³,,raw,01:00:00,2016-02-18T17:00:00Z,2016-02-18T14:00:00-03:00,2016-02-18T18:00:00Z,2016-02-18T15:00:00-03:00,1,01:00:00,1,01:00:00,100.0,100.0,2016-02-18T17:00:00Z,2016-02-18T14:00:00-03:00,2016-02-18T18:00:00Z,2016-02-18T15:00:00-03:00
46.57,,,False,1,pm10,µg/m³,,raw,01:00:00,2016-02-18T18:00:00Z,2016-02-18T15:00:00-03:00,2016-02-18T19:00:00Z,2016-02-18T16:00:00-03:00,1,01:00:00,1,01:00:00,100.0,100.0,2016-02-18T18:00:00Z,2016-02-18T15:00:00-03:00,2016-02-18T19:00:00Z,2016-02-18T16:00:00-03:00
110.3,,,False,1,pm10,µg/m³,,raw,01:00:00,2016-02-18T19:00:00Z,2016-02-18T16:00:00-03:00,2016-02-18T20:00:00Z,2016-02-18T17:00:00-03:00,1,01:00:00,1,01:00:00,100.0,100.0,2016-02-18T19:00:00Z,2016-02-18T16:00:00-03:00,2016-02-18T20:00:00Z,2016-02-18T17:00:00-03:00
16.79,,,False,1,pm10,µg/m³,,raw,01:00:00,2016-02-18T20:00:00Z,2016-02-18T17:00:00-03:00,2016-02-18T21:00:00Z,2016-02-18T18:00:00-03:00,1,01:00:00,1,01:00:00,100.0,100.0,2016-02-18T20:00:00Z,2016-02-18T17:00:00-03:00,2016-02-18T21:00:00Z,2016-02-18T18:00:00-03:00
35.93,,,False,1,pm10,µg/m³,,raw,01:00:00,2016-02-18T21:00:00Z,2016-02-18T18:00:00-03:00,2016-02-18T22:00:00Z,2016-02-18T19:00:00-03:00,1,01:00:00,1,01:00:00,100.0,100.0,2016-02-18T21:00:00Z,2016-02-18T18:00:00-03:00,2016-02-18T22:00:00Z,2016-02-18T19:00:00-03:00
51.63,,,False,1,pm10,µg/m³,,raw,01:00:00,2016-02-19T02:00:00Z,2016-02-18T23:00:00-03:00,2016-02-19T03:00:00Z,2016-02-19T00:00:00-03:00,1,01:00:00,1,01:00:00,100.0,100.0,2016-02-19T02:00:00Z,2016-02-18T23:00:00-03:00,2016-02-19T03:00:00Z,2016-02-19T00:00:00-03:00
19.63,,,False,1,pm10,µg/m³,,raw,01:00:00,2016-02-19T04:00:00Z,2016-02-19T01:00:00-03:00,2016-02-19T05:00:00Z,2016-02-19T02:00:00-03:00,1,01:00:00,1,01:00:00,100.0,100.0,2016-02-19T04:00:00Z,2016-02-19T01:00:00-03:00,2016-02-19T05:00:00Z,2016-02-19T02:00:00-03:00
29.68,,,False,1,pm10,µg/m³,,raw,01:00:00,2016-02-19T05:00:00Z,2016-02-19T02:00:00-03:00,2016-02-19T06:00:00Z,2016-02-19T03:00:00-03:00,1,01:00:00,1,01:00:00,100.0,100.0,2016-02-19T05:00:00Z,2016-02-19T02:00:00-03:00,2016-02-19T06:00:00Z,2016-02-19T03:00:00-03:00
30.59,,,False,1,pm10,µg/m³,,raw,01:00:00,2016-02-19T07:00:00Z,2016-02-19T04:00:00-03:00,2016-02-19T08:00:00Z,2016-02-19T05:00:00-03:00,1,01:00:00,1,01:00:00,100.0,100.0,2016-02-19T07:00:00Z,2016-02-19T04:00:00-03:00,2016-02-19T08:00:00Z,2016-02-19T05:00:00-03:00
18.98,,,False,1,pm10,µg/m³,,raw,01:00:00,2016-02-19T08:00:00Z,2016-02-19T05:00:00-03:00,2016-02-19T09:00:00Z,2016-02-19T06:00:00-03:00,1,01:00:00,1,01:00:00,100.0,100.0,2016-02-19T08:00:00Z,2016-02-19T05:00:00-03:00,2016-02-19T09:00:00Z,2016-02-19T06:00:00-03:00
23.71,,,False,1,pm10,µg/m³,,raw,01:00:00,2016-02-19T09:00:00Z,2016-02-19T06:00:00-03:00,2016-02-19T10:00:00Z,2016-02-19T07:00:00-03:00,1,01:00:00,1,01:00:00,100.0,100.0,2016-02-19T09:00:00Z,2016-02-19T06:00:00-03:00,2016-02-19T10:00:00Z,2016-02-19T07:00:00-03:00
26.69,,,False,1,pm10,µg/m³,,raw,01:00:00,2016-02-19T11:00:00Z,2016-02-19T08:00:00-03:00,2016-02-19T12:00:00Z,2016-02-19T09:00:00-03:00,1,01:00:00,1,01:00:00,100.0,100.0,2016-02-19T11:00:00Z,2016-02-19T08:00:00-03:00,2016-02-19T12:00:00Z,2016-02-19T09:00:00-03:00
32.73,,,False,1,pm10,µg/m³,,raw,01:00:00,2016-02-19T12:00:00Z,2016-02-19T09:00:00-03:00,2016-02-19T13:00:00Z,2016-02-19T10:00:00-03:00,1,01:00:00,1,01:00:00,100.0,100.0,2016-02-19T12:00:00Z,2016-02-19T09:00:00-03:00,2016-02-19T13:00:00Z,2016-02-19T10:00:00-03:00
33.18,,,False,1,pm10,µg/m³,,raw,01:00:00,2016-02-19T13:00:00Z,2016-02-19T10:00:00-03:00,2016-02-19T14:00:00Z,2016-02-19T11:00:00-03:00,1,01:00:00,1,01:00:00,100.0,100.0,2016-02-19T13:00:00Z,2016-02-19T10:00:00-03:00,2016-02-19T14:00:00Z,2016-02-19T11:00:00-03:00
48.74,,,False,1,pm10,µg/m³,,raw,01:00:00,2016-02-19T14:00:00Z,2016-02-19T11:00:00-03:00,2016-02-19T15:00:00Z,2016-02-19T12:00:00-03:00,1,01:00:00,1,01:00:00,100.0,100.0,2016-02-19T14:00:00Z,2016-02-19T11:00:00-03:00,2016-02-19T15:00:00Z,2016-02-19T12:00:00-03:00
36.13,,,False,1,pm10,µg/m³,,raw,01:00:00,2016-02-19T15:00:00Z,2016-02-19T12:00:00-03:00,2016-02-19T16:00:00Z,2016-02-19T13:00:00-03:00,1,01:00:00,1,01:00:00,100.0,100.0,2016-02-19T15:00:00Z,2016-02-19T12:00:00-03:00,2016-02-19T16:00:00Z,2016-02-19T13:00:00-03:00
45.99,,,False,1,pm10,µg/m³,,raw,01:00:00,2016-02-19T16:00:00Z,2016-02-19T13:00:00-03:00,2016-02-19T17:00:00Z,2016-02-19T14:00:00-03:00,1,01:00:00,1,01:00:00,100.0,100.0,2016-02-19T16:00:00Z,2016-02-19T13:00:00-03:00,2016-02-19T17:00:00Z,2016-02-19T14:00:00-03:00
46.02,,,False,1,pm10,µg/m³,,raw,01:00:00,2016-02-19T17:00:00Z,2016-02-19T14:00:00-03:00,2016-02-19T18:00:00Z,2016-02-19T15:00:00-03:00,1,01:00:00,1,01:00:00,100.0,100.0,2016-02-19T17:00:00Z,2016-02-19T14:00:00-03:00,2016-02-19T18:00:00Z,2016-02-19T15:00:00-03:00
41.14,,,False,1,pm10,µg/m³,,raw,01:00:00,2016-02-19T18:00:00Z,2016-02-19T15:00:00-03:00,2016-02-19T19:00:00Z,2016-02-19T16:00:00-03:00,1,01:00:00,1,01:00:00,100.0,100.0,2016-02-19T18:00:00Z,2016-02-19T15:00:00-03:00,2016-02-19T19:00:00Z,2016-02-19T16:00:00-03:00
61.3,,,False,1,pm10,µg/m³,,raw,01:00:00,2016-02-19T19:00:00Z,2016-02-19T16:00:00-03:00,2016-02-19T20:00:00Z,2016-02-19T17:00:00-03:00,1,01:00:00,1,01:00:00,100.0,100.0,2016-02-19T19:00:00Z,2016-02-19T16:00:00-03:00,2016-02-19T20:00:00Z,2016-02-19T17:00:00-03:00
46.57,,,False,1,pm10,µg/m³,,raw,01:00:00,2016-02-19T20:00:00Z,2016-02-19T17:00:00-03:00,2016-02-19T21:00:00Z,2016-02-19T18:00:00-03:00,1,01:00:00,1,01:00:00,100.0,100.0,2016-02-19T20:00:00Z,2016-02-19T17:00:00-03:00,2016-02-19T21:00:00Z,2016-02-19T18:00:00-03:00
40.97,,,False,1,pm10,µg/m³,,raw,01:00:00,2016-02-19T21:00:00Z,2016-02-19T18:00:00-03:00,2016-02-19T22:00:00Z,2016-02-19T19:00:00-03:00,1,01:00:00,1,01:00:00,100.0,100.0,2016-02-19T21:00:00Z,2016-02-19T18:00:00-03:00,2016-02-19T22:00:00Z,2016-02-19T19:00:00-03:00
49.33,,,False,1,pm10,µg/m³,,raw,01:00:00,2016-02-19T22:00:00Z,2016-02-19T19:00:00-03:00,2016-02-19T23:00:00Z,2016-02-19T20:00:00-03:00,1,01:00:00,1,01:00:00,100.0,100.0,2016-02-19T22:00:00Z,2016-02-19T19:00:00-03:00,2016-02-19T23:00:00Z,2016-02-19T20:00:00-03:00
70.02,,,False,1,pm10,µg/m³,,raw,01:00:00,2016-02-19T23:00:00Z,2016-02-19T20:00:00-03:00,2016-02-20T00:00:00Z,2016-02-19T21:00:00-03:00,1,01:00:00,1,01:00:00,100.0,100.0,2016-02-19T23:00:00Z,2016-02-19T20:00:00-03:00,2016-02-20T00:00:00Z,2016-02-19T21:00:00-03:00
56.21,,,False,1,pm10,µg/m³,,raw,01:00:00,2016-02-20T00:00:00Z,2016-02-19T21:00:00-03:00,2016-02-20T01:00:00Z,2016-02-19T22:00:00-03:00,1,01:00:00,1,01:00:00,100.0,100.0,2016-02-20T00:00:00Z,2016-02-19T21:00:00-03:00,2016-02-20T01:00:00Z,2016-02-19T22:00:00-03:00
61.91,,,False,1,pm10,µg/m³,,raw,01:00:00,2016-02-20T01:00:00Z,2016-02-19T22:00:00-03:00,2016-02-20T02:00:00Z,2016-02-19T23:00:00-03:00,1,01:00:00,1,01:00:00,100.0,100.0,2016-02-20T01:00:00Z,2016-02-19T22:00:00-03:00,2016-02-20T02:00:00Z,2016-02-19T23:00:00-03:00
58.84,,,False,1,pm10,µg/m³,,raw,01:00:00,2016-02-20T02:00:00Z,2016-02-19T23:00:00-03:00,2016-02-20T03:00:00Z,2016-02-20T00:00:00-03:00,1,01:00:00,1,01:00:00,100.0,100.0,2016-02-20T02:00:00Z,2016-02-19T23:00:00-03:00,2016-02-20T03:00:00Z,2016-02-20T00:00:00-03:00
26.27,,,False,1,pm10,µg/m³,,raw,01:00:00,2016-02-20T03:00:00Z,2016-02-20T00:00:00-03:00,2016-02-20T04:00:00Z,2016-02-20T01:00:00-03:00,1,01:00:00,1,01:00:00,100.0,100.0,2016-02-20T03:00:00Z,2016-02-20T00:00:00-03:00,2016-02-20T04:00:00Z,2016-02-20T01:00:00-03:00
52.1,,,False,1,pm10,µg/m³,,raw,01:00:00,2016-02-20T04:00:00Z,2016-02-20T01:00:00-03:00,2016-02-20T05:00:00Z,2016-02-20T02:00:00-03:00,1,01:00:00,1,01:00:00,100.0,100.0,2016-02-20T04:00:00Z,2016-02-20T01:00:00-03:00,2016-02-20T05:00:00Z,2016-02-20T02:00:00-03:00
45.88,,,False,1,pm10,µg/m³,,raw,01:00:00,2016-02-20T05:00:00Z,2016-02-20T02:00:00-03:00,2016-02-20T06:00:00Z,2016-02-20T03:00:00-03:00,1,01:00:00,1,01:00:00,100.0,100.0,2016-02-20T05:00:00Z,2016-02-20T02:00:00-03:00,2016-02-20T06:00:00Z,2016-02-20T03:00:00-03:00
40.41,,,False,1,pm10,µg/m³,,raw,01:00:00,2016-02-20T06:00:00Z,2016-02-20T03:00:00-03:00,2016-02-20T07:00:00Z,2016-02-20T04:00:00-03:00,1,01:00:00,1,01:00:00,100.0,100.0,2016-02-20T06:00:00Z,2016-02-20T03:00:00-03:00,2016-02-20T07:00:00Z,2016-02-20T04:00:00-03:00
42.17,,,False,1,pm10,µg/m³,,raw,01:00:00,2016-02-20T09:00:00Z,2016-02-20T06:00:00-03:00,2016-02-20T10:00:00Z,2016-02-20T07:00:00-03:00,1,01:00:00,1,01:00:00,100.0,100.0,2016-02-20T09:00:00Z,2016-02-20T06:00:00-03:00,2016-02-20T10:00:00Z,2016-02-20T07:00:00-03:00
28.24,,,False,1,pm10,µg/m³,,raw,01:00:00,2016-02-20T10:00:00Z,2016-02-20T07:00:00-03:00,2016-02-20T11:00:00Z,2016-02-20T08:00:00-03:00,1,01:00:00,1,01:00:00,100.0,100.0,2016-02-20T10:00:00Z,2016-02-20T07:00:00-03:00,2016-02-20T11:00:00Z,2016-02-20T08:00:00-03:00
33.85,,,False,1,pm10,µg/m³,,raw,01:00:00,2016-02-20T11:00:00Z,2016-02-20T08:00:00-03:00,2016-02-20T12:00:00Z,2016-02-20T09:00:00-03:00,1,01:00:00,1,01:00:00,100.0,100.0,2016-02-20T11:00:00Z,2016-02-20T08:00:00-03:00,2016-02-20T12:00:00Z,2016-02-20T09:00:00-03:00
43.85,,,False,1,pm10,µg/m³,,raw,01:00:00,2016-02-20T12:00:00Z,2016-02-20T09:00:00-03:00,2016-02-20T13:00:00Z,2016-02-20T10:00:00-03:00,1,01:00:00,1,01:00:00,100.0,100.0,2016-02-20T12:00:00Z,2016-02-20T09:00:00-03:00,2016-02-20T13:00:00Z,2016-02-20T10:00:00-03:00
49.36,,,False,1,pm10,µg/m³,,raw,01:00:00,2016-02-20T13:00:00Z,2016-02-20T10:00:00-03:00,2016-02-20T14:00:00Z,2016-02-20T11:00:00-03:00,1,01:00:00,1,01:00:00,100.0,100.0,2016-02-20T13:00:00Z,2016-02-20T10:00:00-03:00,2016-02-20T14:00:00Z,2016-02-20T11:00:00-03:00
101.3,,,False,1,pm10,µg/m³,,raw,01:00:00,2016-02-20T14:00:00Z,2016-02-20T11:00:00-03:00,2016-02-20T15:00:00Z,2016-02-20T12:00:00-03:00,1,01:00:00,1,01:00:00,100.0,100.0,2016-02-20T14:00:00Z,2016-02-20T11:00:00-03:00,2016-02-20T15:00:00Z,2016-02-20T12:00:00-03:00
67.89,,,False,1,pm10,µg/m³,,raw,01:00:00,2016-02-20T15:00:00Z,2016-02-20T12:00:00-03:00,2016-02-20T16:00:00Z,2016-02-20T13:00:00-03:00,1,01:00:00,1,01:00:00,100.0,100.0,2016-02-20T15:00:00Z,2016-02-20T12:00:00-03:00,2016-02-20T16:00:00Z,2016-02-20T13:00:00-03:00
54.51,,,False,1,pm10,µg/m³,,raw,01:00:00,2016-02-20T16:00:00Z,2016-02-20T13:00:00-03:00,2016-02-20T17:00:00Z,2016-02-20T14:00:00-03:00,1,01:00:00,1,01:00:00,100.0,100.0,2016-02-20T16:00:00Z,2016-02-20T13:00:00-03:00,2016-02-20T17:00:00Z,2016-02-20T14:00:00-03:00
74.42,,,False,1,pm10,µg/m³,,raw,01:00:00,2016-02-20T17:00:00Z,2016-02-20T14:00:00-03:00,2016-02-20T18:00:00Z,2016-02-20T15:00:00-03:00,1,01:00:00,1,01:00:00,100.0,100.0,2016-02-20T17:00:00Z,2016-02-20T14:00:00-03:00,2016-02-20T18:00:00Z,2016-02-20T15:00:00-03:00
60.73,,,False,1,pm10,µg/m³,,raw,01:00:00,2016-02-20T18:00:00Z,2016-02-20T15:00:00-03:00,2016-02-20T19:00:00Z,2016-02-20T16:00:00-03:00,1,01:00:00,1,01:00:00,100.0,100.0,2016-02-20T18:00:00Z,2016-02-20T15:00:00-03:00,2016-02-20T19:00:00Z,2016-02-20T16:00:00-03:00
60.2,,,False,1,pm10,µg/m³,,raw,01:00:00,2016-02-20T19:00:00Z,2016-02-20T16:00:00-03:00,2016-02-20T20:00:00Z,2016-02-20T17:00:00-03:00,1,01:00:00,1,01:00:00,100.0,100.0,2016-02-20T19:00:00Z,2016-02-20T16:00:00-03:00,2016-02-20T20:00:00Z,2016-02-20T17:00:00-03:00
45.61,,,False,1,pm10,µg/m³,,raw,01:00:00,2016-02-20T20:00:00Z,2016-02-20T17:00:00-03:00,2016-02-20T21:00:00Z,2016-02-20T18:00:00-03:00,1,01:00:00,1,01:00:00,100.0,100.0,2016-02-20T20:00:00Z,2016-02-20T17:00:00-03:00,2016-02-20T21:00:00Z,2016-02-20T18:00:00-03:00
45.5,,,False,1,pm10,µg/m³,,raw,01:00:00,2016-02-20T21:00:00Z,2016-02-20T18:00:00-03:00,2016-02-20T22:00:00Z,2016-02-20T19:00:00-03:00,1,01:00:00,1,01:00:00,100.0,100.0,2016-02-20T21:00:00Z,2016-02-20T18:00:00-03:00,2016-02-20T22:00:00Z,2016-02-20T19:00:00-03:00
54.05,,,False,1,pm10,µg/m³,,raw,01:00:00,2016-02-20T22:00:00Z,2016-02-20T19:00:00-03:00,2016-02-20T23:00:00Z,2016-02-20T20:00:00-03:00,1,01:00:00,1,01:00:00,100.0,100.0,2016-02-20T22:00:00Z,2016-02-20T19:00:00-03:00,2016-02-20T23:00:00Z,2016-02-20T20:00:00-03:00
56.85,,,False,1,pm10,µg/m³,,raw,01:00:00,2016-02-20T23:00:00Z,2016-02-20T20:00:00-03:00,2016-02-21T00:00:00Z,2016-02-20T21:00:00-03:00,1,01:00:00,1,01:00:00,100.0,100.0,2016-02-20T23:00:00Z,2016-02-20T20:00:00-03:00,2016-02-21T00:00:00Z,2016-02-20T21:00:00-03:00
89.06,,,False,1,pm10,µg/m³,,raw,01:00:00,2016-02-21T00:00:00Z,2016-02-20T21:00:00-03:00,2016-02-21T01:00:00Z,2016-02-20T22:00:00-03:00,1,01:00:00,1,01:00:00,100.0,100.0,2016-02-21T00:00:00Z,2016-02-20T21:00:00-03:00,2016-02-21T01:00:00Z,2016-02-20T22:00:00-03:00
186.1,,,False,1,pm10,µg/m³,,raw,01:00:00,2016-02-21T01:00:00Z,2016-02-20T22:00:00-03:00,2016-02-21T02:00:00Z,2016-02-20T23:00:00-03:00,1,01:00:00,1,01:00:00,100.0,100.0,2016-02-21T01:00:00Z,2016-02-20T22:00:00-03:00,2016-02-21T02:00:00Z,2016-02-20T23:00:00-03:00
122.3,,,False,1,pm10,µg/m³,,raw,01:00:00,2016-02-21T02:00:00Z,2016-02-20T23:00:00-03:00,2016-02-21T03:00:00Z,2016-02-21T00:00:00-03:00,1,01:00:00,1,01:00:00,100.0,100.0,2016-02-21T02:00:00Z,2016-02-20T23:00:00-03:00,2016-02-21T03:00:00Z,2016-02-21T00:00:00-03:00
71.62,,,False,1,pm10,µg/m³,,raw,01:00:00,2016-02-21T03:00:00Z,2016-02-21T00:00:00-03:00,2016-02-21T04:00:00Z,2016-02-21T01:00:00-03:00,1,01:00:00,1,01:00:00,100.0,100.0,2016-02-21T03:00:00Z,2016-02-21T00:00:00-03:00,2016-02-21T04:00:00Z,2016-02-21T01:00:00-03:00
49.72,,,False,1,pm10,µg/m³,,raw,01:00:00,2016-02-21T04:00:00Z,2016-02-21T01:00:00-03:00,2016-02-21T05:00:00Z,2016-02-21T02:00:00-03:00,1,01:00:00,1,01:00:00,100.0,100.0,2016-02-21T04:00:00Z,2016-02-21T01:00:00-03:00,2016-02-21T05:00:00Z,2016-02-21T02:00:00-03:00
38.31,,,False,1,pm10,µg/m³,,raw,01:00:00,2016-02-21T05:00:00Z,2016-02-21T02:00:00-03:00,2016-02-21T06:00:00Z,2016-02-21T03:00:00-03:00,1,01:00:00,1,01:00:00,100.0,100.0,2016-02-21T05:00:00Z,2016-02-21T02:00:00-03:00,2016-02-21T06:00:00Z,2016-02-21T03:00:00-03:00
58.61,,,False,1,pm10,µg/m³,,raw,01:00:00,2016-02-21T06:00:00Z,2016-02-21T03:00:00-03:00,2016-02-21T07:00:00Z,2016-02-21T04:00:00-03:00,1,01:00:00,1,01:00:00,100.0,100.0,2016-02-21T06:00:00Z,2016-02-21T03:00:00-03:00,2016-02-21T07:00:00Z,2016-02-21T04:00:00-03:00
67.49,,,False,1,pm10,µg/m³,,raw,01:00:00,2016-02-21T07:00:00Z,2016-02-21T04:00:00-03:00,2016-02-21T08:00:00Z,2016-02-21T05:00:00-03:00,1,01:00:00,1,01:00:00,100.0,100.0,2016-02-21T07:00:00Z,2016-02-21T04:00:00-03:00,2016-02-21T08:00:00Z,2016-02-21T05:00:00-03:00
40.57,,,False,1,pm10,µg/m³,,raw,01:00:00,2016-02-21T08:00:00Z,2016-02-21T05:00:00-03:00,2016-02-21T09:00:00Z,2016-02-21T06:00:00-03:00,1,01:00:00,1,01:00:00,100.0,100.0,2016-02-21T08:00:00Z,2016-02-21T05:00:00-03:00,2016-02-21T09:00:00Z,2016-02-21T06:00:00-03:00
33.57,,,False,1,pm10,µg/m³,,raw,01:00:00,2016-02-21T09:00:00Z,2016-02-21T06:00:00-03:00,2016-02-21T10:00:00Z,2016-02-21T07:00:00-03:00,1,01:00:00,1,01:00:00,100.0,100.0,2016-02-21T09:00:00Z,2016-02-21T06:00:00-03:00,2016-02-21T10:00:00Z,2016-02-21T07:00:00-03:00
16.83,,,False,1,pm10,µg/m³,,raw,01:00:00,2016-02-21T10:00:00Z,2016-02-21T07:00:00-03:00,2016-02-21T11:00:00Z,2016-02-21T08:00:00-03:00,1,01:00:00,1,01:00:00,100.0,100.0,2016-02-21T10:00:00Z,2016-02-21T07:00:00-03:00,2016-02-21T11:00:00Z,2016-02-21T08:00:00-03:00
13.46,,,False,1,pm10,µg/m³,,raw,01:00:00,2016-02-21T11:00:00Z,2016-02-21T08:00:00-03:00,2016-02-21T12:00:00Z,2016-02-21T09:00:00-03:00,1,01:00:00,1,01:00:00,100.0,100.0,2016-02-21T11:00:00Z,2016-02-21T08:00:00-03:00,2016-02-21T12:00:00Z,2016-02-21T09:00:00-03:00
29.41,,,False,1,pm10,µg/m³,,raw,01:00:00,2016-02-21T12:00:00Z,2016-02-21T09:00:00-03:00,2016-02-21T13:00:00Z,2016-02-21T10:00:00-03:00,1,01:00:00,1,01:00:00,100.0,100.0,2016-02-21T12:00:00Z,2016-02-21T09:00:00-03:00,2016-02-21T13:00:00Z,2016-02-21T10:00:00-03:00
43.36,,,False,1,pm10,µg/m³,,raw,01:00:00,2016-02-21T13:00:00Z,2016-02-21T10:00:00-03:00,2016-02-21T14:00:00Z,2016-02-21T11:00:00-03:00,1,01:00:00,1,01:00:00,100.0,100.0,2016-02-21T13:00:00Z,2016-02-21T10:00:00-03:00,2016-02-21T14:00:00Z,2016-02-21T11:00:00-03:00
50.26,,,False,1,pm10,µg/m³,,raw,01:00:00,2016-02-21T14:00:00Z,2016-02-21T11:00:00-03:00,2016-02-21T15:00:00Z,2016-02-21T12:00:00-03:00,1,01:00:00,1,01:00:00,100.0,100.0,2016-02-21T14:00:00Z,2016-02-21T11:00:00-03:00,2016-02-21T15:00:00Z,2016-02-21T12:00:00-03:00
52.49,,,False,1,pm10,µg/m³,,raw,01:00:00,2016-02-21T15:00:00Z,2016-02-21T12:00:00-03:00,2016-02-21T16:00:00Z,2016-02-21T13:00:00-03:00,1,01:00:00,1,01:00:00,100.0,100.0,2016-02-21T15:00:00Z,2016-02-21T12:00:00-03:00,2016-02-21T16:00:00Z,2016-02-21T13:00:00-03:00
49.5,,,False,1,pm10,µg/m³,,raw,01:00:00,2016-02-21T16:00:00Z,2016-02-21T13:00:00-03:00,2016-02-21T17:00:00Z,2016-02-21T14:00:00-03:00,1,01:00:00,1,01:00:00,100.0,100.0,2016-02-21T16:00:00Z,2016-02-21T13:00:00-03:00,2016-02-21T17:00:00Z,2016-02-21T14:00:00-03:00
45.83,,,False,1,pm10,µg/m³,,raw,01:00:00,2016-02-21T17:00:00Z,2016-02-21T14:00:00-03:00,2016-02-21T18:00:00Z,2016-02-21T15:00:00-03:00,1,01:00:00,1,01:00:00,100.0,100.0,2016-02-21T17:00:00Z,2016-02-21T14:00:00-03:00,2016-02-21T18:00:00Z,2016-02-21T15:00:00-03:00
24.24,,,False,1,pm10,µg/m³,,raw,01:00:00,2016-02-21T18:00:00Z,2016-02-21T15:00:00-03:00,2016-02-21T19:00:00Z,2016-02-21T16:00:00-03:00,1,01:00:00,1,01:00:00,100.0,100.0,2016-02-21T18:00:00Z,2016-02-21T15:00:00-03:00,2016-02-21T19:00:00Z,2016-02-21T16:00:00-03:00
30.15,,,False,1,pm10,µg/m³,,raw,01:00:00,2016-02-21T19:00:00Z,2016-02-21T16:00:00-03:00,2016-02-21T20:00:00Z,2016-02-21T17:00:00-03:00,1,01:00:00,1,01:00:00,100.0,100.0,2016-02-21T19:00:00Z,2016-02-21T16:00:00-03:00,2016-02-21T20:00:00Z,2016-02-21T17:00:00-03:00
33.42,,,False,1,pm10,µg/m³,,raw,01:00:00,2016-02-21T20:00:00Z,2016-02-21T17:00:00-03:00,2016-02-21T21:00:00Z,2016-02-21T18:00:00-03:00,1,01:00:00,1,01:00:00,100.0,100.0,2016-02-21T20:00:00Z,2016-02-21T17:00:00-03:00,2016-02-21T21:00:00Z,2016-02-21T18:00:00-03:00
51.81,,,False,1,pm10,µg/m³,,raw,01:00:00,2016-02-21T21:00:00Z,2016-02-21T18:00:00-03:00,2016-02-21T22:00:00Z,2016-02-21T19:00:00-03:00,1,01:00:00,1,01:00:00,100.0,100.0,2016-02-21T21:00:00Z,2016-02-21T18:00:00-03:00,2016-02-21T22:00:00Z,2016-02-21T19:00:00-03:00
67.99,,,False,1,pm10,µg/m³,,raw,01:00:00,2016-02-21T22:00:00Z,2016-02-21T19:00:00-03:00,2016-02-21T23:00:00Z,2016-02-21T20:00:00-03:00,1,01:00:00,1,01:00:00,100.0,100.0,2016-02-21T22:00:00Z,2016-02-21T19:00:00-03:00,2016-02-21T23:00:00Z,2016-02-21T20:00:00-03:00
52.61,,,False,1,pm10,µg/m³,,raw,01:00:00,2016-02-21T23:00:00Z,2016-02-21T20:00:00-03:00,2016-02-22T00:00:00Z,2016-02-21T21:00:00-03:00,1,01:00:00,1,01:00:00,100.0,100.0,2016-02-21T23:00:00Z,2016-02-21T20:00:00-03:00,2016-02-22T00:00:00Z,2016-02-21T21:00:00-03:00
17.28,,,False,1,pm10,µg/m³,,raw,01:00:00,2016-02-22T00:00:00Z,2016-02-21T21:00:00-03:00,2016-02-22T01:00:00Z,2016-02-21T22:00:00-03:00,1,01:00:00,1,01:00:00,100.0,100.0,2016-02-22T00:00:00Z,2016-02-21T21:00:00-03:00,2016-02-22T01:00:00Z,2016-02-21T22:00:00-03:00
28.73,,,False,1,pm10,µg/m³,,raw,01:00:00,2016-02-22T01:00:00Z,2016-02-21T22:00:00-03:00,2016-02-22T02:00:00Z,2016-02-21T23:00:00-03:00,1,01:00:00,1,01:00:00,100.0,100.0,2016-02-22T01:00:00Z,2016-02-21T22:00:00-03:00,2016-02-22T02:00:00Z,2016-02-21T23:00:00-03:00
23.55,,,False,1,pm10,µg/m³,,raw,01:00:00,2016-02-22T02:00:00Z,2016-02-21T23:00:00-03:00,2016-02-22T03:00:00Z,2016-02-22T00:00:00-03:00,1,01:00:00,1,01:00:00,100.0,100.0,2016-02-22T02:00:00Z,2016-02-21T23:00:00-03:00,2016-02-22T03:00:00Z,2016-02-22T00:00:00-03:00
8.066,,,False,1,pm10,µg/m³,,raw,01:00:00,2016-02-22T03:00:00Z,2016-02-22T00:00:00-03:00,2016-02-22T04:00:00Z,2016-02-22T01:00:00-03:00,1,01:00:00,1,01:00:00,100.0,100.0,2016-02-22T03:00:00Z,2016-02-22T00:00:00-03:00,2016-02-22T04:00:00Z,2016-02-22T01:00:00-03:00
20.96,,,False,1,pm10,µg/m³,,raw,01:00:00,2016-02-22T04:00:00Z,2016-02-22T01:00:00-03:00,2016-02-22T05:00:00Z,2016-02-22T02:00:00-03:00,1,01:00:00,1,01:00:00,100.0,100.0,2016-02-22T04:00:00Z,2016-02-22T01:00:00-03:00,2016-02-22T05:00:00Z,2016-02-22T02:00:00-03:00
28.68,,,False,1,pm10,µg/m³,,raw,01:00:00,2016-02-22T05:00:00Z,2016-02-22T02:00:00-03:00,2016-02-22T06:00:00Z,2016-02-22T03:00:00-03:00,1,01:00:00,1,01:00:00,100.0,100.0,2016-02-22T05:00:00Z,2016-02-22T02:00:00-03:00,2016-02-22T06:00:00Z,2016-02-22T03:00:00-03:00
30.03,,,False,1,pm10,µg/m³,,raw,01:00:00,2016-02-22T06:00:00Z,2016-02-22T03:00:00-03:00,2016-02-22T07:00:00Z,2016-02-22T04:00:00-03:00,1,01:00:00,1,01:00:00,100.0,100.0,2016-02-22T06:00:00Z,2016-02-22T03:00:00-03:00,2016-02-22T07:00:00Z,2016-02-22T04:00:00-03:00
30.06,,,False,1,pm10,µg/m³,,raw,01:00:00,2016-02-22T07:00:00Z,2016-02-22T04:00:00-03:00,2016-02-22T08:00:00Z,2016-02-22T05:00:00-03:00,1,01:00:00,1,01:00:00,100.0,100.0,2016-02-22T07:00:00Z,2016-02-22T04:00:00-03:00,2016-02-22T08:00:00Z,2016-02-22T05:00:00-03:00
26.47,,,False,1,pm10,µg/m³,,raw,01:00:00,2016-02-22T08:00:00Z,2016-02-22T05:00:00-03:00,2016-02-22T09:00:00Z,2016-02-22T06:00:00-03:00,1,01:00:00,1,01:00:00,100.0,100.0,2016-02-22T08:00:00Z,2016-02-22T05:00:00-03:00,2016-02-22T09:00:00Z,2016-02-22T06:00:00-03:00
27.16,,,False,1,pm10,µg/m³,,raw,01:00:00,2016-02-22T09:00:00Z,2016-02-22T06:00:00-03:00,2016-02-22T10:00:00Z,2016-02-22T07:00:00-03:00,1,01:00:00,1,01:00:00,100.0,100.0,2016-02-22T09:00:00Z,2016-02-22T06:00:00-03:00,2016-02-22T10:00:00Z,2016-02-22T07:00:00-03:00
12.31,,,False,1,pm10,µg/m³,,raw,01:00:00,2016-02-22T10:00:00Z,2016-02-22T07:00:00-03:00,2016-02-22T11:00:00Z,2016-02-22T08:00:00-03:00,1,01:00:00,1,01:00:00,100.0,100.0,2016-02-22T10:00:00Z,2016-02-22T07:00:00-03:00,2016-02-22T11:00:00Z,2016-02-22T08:00:00-03:00
28.34,,,False,1,pm10,µg/m³,,raw,01:00:00,2016-02-22T11:00:00Z,2016-02-22T08:00:00-03:00,2016-02-22T12:00:00Z,2016-02-22T09:00:00-03:00,1,01:00:00,1,01:00:00,100.0,100.0,2016-02-22T11:00:00Z,2016-02-22T08:00:00-03:00,2016-02-22T12:00:00Z,2016-02-22T09:00:00-03:00
44.46,,,False,1,pm10,µg/m³,,raw,01:00:00,2016-02-22T12:00:00Z,2016-02-22T09:00:00-03:00,2016-02-22T13:00:00Z,2016-02-22T10:00:00-03:00,1,01:00:00,1,01:00:00,100.0,100.0,2016-02-22T12:00:00Z,2016-02-22T09:00:00-03:00,2016-02-22T13:00:00Z,2016-02-22T10:00:00-03:00
46.49,,,False,1,pm10,µg/m³,,raw,01:00:00,2016-02-22T13:00:00Z,2016-02-22T10:00:00-03:00,2016-02-22T14:00:00Z,2016-02-22T11:00:00-03:00,1,01:00:00,1,01:00:00,100.0,100.0,2016-02-22T13:00:00Z,2016-02-22T10:00:00-03:00,2016-02-22T14:00:00Z,2016-02-22T11:00:00-03:00
70.5,,,False,1,pm10,µg/m³,,raw,01:00:00,2016-02-22T15:00:00Z,2016-02-22T12:00:00-03:00,2016-02-22T16:00:00Z,2016-02-22T13:00:00-03:00,1,01:00:00,1,01:00:00,100.0,100.0,2016-02-22T15:00:00Z,2016-02-22T12:00:00-03:00,2016-02-22T16:00:00Z,2016-02-22T13:00:00-03:00
60.71,,,False,1,pm10,µg/m³,,raw,01:00:00,2016-02-22T16:00:00Z,2016-02-22T13:00:00-03:00,2016-02-22T17:00:00Z,2016-02-22T14:00:00-03:00,1,01:00:00,1,01:00:00,100.0,100.0,2016-02-22T16:00:00Z,2016-02-22T13:00:00-03:00,2016-02-22T17:00:00Z,2016-02-22T14:00:00-03:00
58.1,,,False,1,pm10,µg/m³,,raw,01:00:00,2016-02-22T17:00:00Z,2016-02-22T14:00:00-03:00,2016-02-22T18:00:00Z,2016-02-22T15:00:00-03:00,1,01:00:00,1,01:00:00,100.0,100.0,2016-02-22T17:00:00Z,2016-02-22T14:00:00-03:00,2016-02-22T18:00:00Z,2016-02-22T15:00:00-03:00
77.54,,,False,1,pm10,µg/m³,,raw,01:00:00,2016-02-22T19:00:00Z,2016-02-22T16:00:00-03:00,2016-02-22T20:00:00Z,2016-02-22T17:00:00-03:00,1,01:00:00,1,01:00:00,100.0,100.0,2016-02-22T19:00:00Z,2016-02-22T16:00:00-03:00,2016-02-22T20:00:00Z,2016-02-22T17:00:00-03:00
58.39,,,False,1,pm10,µg/m³,,raw,01:00:00,2016-02-22T20:00:00Z,2016-02-22T17:00:00-03:00,2016-02-22T21:00:00Z,2016-02-22T18:00:00-03:00,1,01:00:00,1,01:00:00,100.0,100.0,2016-02-22T20:00:00Z,2016-02-22T17:00:00-03:00,2016-02-22T21:00:00Z,2016-02-22T18:00:00-03:00
58.9,,,False,1,pm10,µg/m³,,raw,01:00:00,2016-02-22T21:00:00Z,2016-02-22T18:00:00-03:00,2016-02-22T22:00:00Z,2016-02-22T19:00:00-03:00,1,01:00:00,1,01:00:00,100.0,100.0,2016-02-22T21:00:00Z,2016-02-22T18:00:00-03:00,2016-02-22T22:00:00Z,2016-02-22T19:00:00-03:00
70.25,,,False,1,pm10,µg/m³,,raw,01:00:00,2016-02-22T22:00:00Z,2016-02-22T19:00:00-03:00,2016-02-22T23:00:00Z,2016-02-22T20:00:00-03:00,1,01:00:00,1,01:00:00,100.0,100.0,2016-02-22T22:00:00Z,2016-02-22T19:00:00-03:00,2016-02-22T23:00:00Z,2016-02-22T20:00:00-03:00
67.05,,,False,1,pm10,µg/m³,,raw,01:00:00,2016-02-22T23:00:00Z,2016-02-22T20:00:00-03:00,2016-02-23T00:00:00Z,2016-02-22T21:00:00-03:00,1,01:00:00,1,01:00:00,100.0,100.0,2016-02-22T23:00:00Z,2016-02-22T20:00:00-03:00,2016-02-23T00:00:00Z,2016-02-22T21:00:00-03:00
66.77,,,False,1,pm10,µg/m³,,raw,01:00:00,2016-02-23T00:00:00Z,2016-02-22T21:00:00-03:00,2016-02-23T01:00:00Z,2016-02-22T22:00:00-03:00,1,01:00:00,1,01:00:00,100.0,100.0,2016-02-23T00:00:00Z,2016-02-22T21:00:00-03:00,2016-02-23T01:00:00Z,2016-02-22T22:00:00-03:00
59.75,,,False,1,pm10,µg/m³,,raw,01:00:00,2016-02-23T01:00:00Z,2016-02-22T22:00:00-03:00,2016-02-23T02:00:00Z,2016-02-22T23:00:00-03:00,1,01:00:00,1,01:00:00,100.0,100.0,2016-02-23T01:00:00Z,2016-02-22T22:00:00-03:00,2016-02-23T02:00:00Z,2016-02-22T23:00:00-03:00
50.69,,,False,1,pm10,µg/m³,,raw,01:00:00,2016-02-23T02:00:00Z,2016-02-22T23:00:00-03:00,2016-02-23T03:00:00Z,2016-02-23T00:00:00-03:00,1,01:00:00,1,01:00:00,100.0,100.0,2016-02-23T02:00:00Z,2016-02-22T23:00:00-03:00,2016-02-23T03:00:00Z,2016-02-23T00:00:00-03:00
48.97,,,False,1,pm10,µg/m³,,raw,01:00:00,2016-02-23T03:00:00Z,2016-02-23T00:00:00-03:00,2016-02-23T04:00:00Z,2016-02-23T01:00:00-03:00,1,01:00:00,1,01:00:00,100.0,100.0,2016-02-23T03:00:00Z,2016-02-23T00:00:00-03:00,2016-02-23T04:00:00Z,2016-02-23T01:00:00-03:00
27.65,,,False,1,pm10,µg/m³,,raw,01:00:00,2016-02-23T04:00:00Z,2016-02-23T01:00:00-03:00,2016-02-23T05:00:00Z,2016-02-23T02:00:00-03:00,1,01:00:00,1,01:00:00,100.0,100.0,2016-02-23T04:00:00Z,2016-02-23T01:00:00-03:00,2016-02-23T05:00:00Z,2016-02-23T02:00:00-03:00
29.26,,,False,1,pm10,µg/m³,,raw,01:00:00,2016-02-23T05:00:00Z,2016-02-23T02:00:00-03:00,2016-02-23T06:00:00Z,2016-02-23T03:00:00-03:00,1,01:00:00,1,01:00:00,100.0,100.0,2016-02-23T05:00:00Z,2016-02-23T02:00:00-03:00,2016-02-23T06:00:00Z,2016-02-23T03:00:00-03:00
37.26,,,False,1,pm10,µg/m³,,raw,01:00:00,2016-02-23T06:00:00Z,2016-02-23T03:00:00-03:00,2016-02-23T07:00:00Z,2016-02-23T04:00:00-03:00,1,01:00:00,1,01:00:00,100.0,100.0,2016-02-23T06:00:00Z,2016-02-23T03:00:00-03:00,2016-02-23T07:00:00Z,2016-02-23T04:00:00-03:00
26.37,,,False,1,pm10,µg/m³,,raw,01:00:00,2016-02-23T07:00:00Z,2016-02-23T04:00:00-03:00,2016-02-23T08:00:00Z,2016-02-23T05:00:00-03:00,1,01:00:00,1,01:00:00,100.0,100.0,2016-02-23T07:00:00Z,2016-02-23T04:00:00-03:00,2016-02-23T08:00:00Z,2016-02-23T05:00:00-03:00
28.93,,,False,1,pm10,µg/m³,,raw,01:00:00,2016-02-23T08:00:00Z,2016-02-23T05:00:00-03:00,2016-02-23T09:00:00Z,2016-02-23T06:00:00-03:00,1,01:00:00,1,01:00:00,100.0,100.0,2016-02-23T08:00:00Z,2016-02-23T05:00:00-03:00,2016-02-23T09:00:00Z,2016-02-23T06:00:00-03:00
30.59,,,False,1,pm10,µg/m³,,raw,01:00:00,2016-02-23T09:00:00Z,2016-02-23T06:00:00-03:00,2016-02-23T10:00:00Z,2016-02-23T07:00:00-03:00,1,01:00:00,1,01:00:00,100.0,100.0,2016-02-23T09:00:00Z,2016-02-23T06:00:00-03:00,2016-02-23T10:00:00Z,2016-02-23T07:00:00-03:00
24.06,,,False,1,pm10,µg/m³,,raw,01:00:00,2016-02-23T10:00:00Z,2016-02-23T07:00:00-03:00,2016-02-23T11:00:00Z,2016-02-23T08:00:00-03:00,1,01:00:00,1,01:00:00,100.0,100.0,2016-02-23T10:00:00Z,2016-02-23T07:00:00-03:00,2016-02-23T11:00:00Z,2016-02-23T08:00:00-03:00
37.84,,,False,1,pm10,µg/m³,,raw,01:00:00,2016-02-23T11:00:00Z,2016-02-23T08:00:00-03:00,2016-02-23T12:00:00Z,2016-02-23T09:00:00-03:00,1,01:00:00,1,01:00:00,100.0,100.0,2016-02-23T11:00:00Z,2016-02-23T08:00:00-03:00,2016-02-23T12:00:00Z,2016-02-23T09:00:00-03:00
44.59,,,False,1,pm10,µg/m³,,raw,01:00:00,2016-02-23T12:00:00Z,2016-02-23T09:00:00-03:00,2016-02-23T13:00:00Z,2016-02-23T10:00:00-03:00,1,01:00:00,1,01:00:00,100.0,100.0,2016-02-23T12:00:00Z,2016-02-23T09:00:00-03:00,2016-02-23T13:00:00Z,2016-02-23T10:00:00-03:00
64.84,,,False,1,pm10,µg/m³,,raw,01:00:00,2016-02-23T13:00:00Z,2016-02-23T10:00:00-03:00,2016-02-23T14:00:00Z,2016-02-23T11:00:00-03:00,1,01:00:00,1,01:00:00,100.0,100.0,2016-02-23T13:00:00Z,2016-02-23T10:00:00-03:00,2016-02-23T14:00:00Z,2016-02-23T11:00:00-03:00
65.05,,,False,1,pm10,µg/m³,,raw,01:00:00,2016-02-23T14:00:00Z,2016-02-23T11:00:00-03:00,2016-02-23T15:00:00Z,2016-02-23T12:00:00-03:00,1,01:00:00,1,01:00:00,100.0,100.0,2016-02-23T14:00:00Z,2016-02-23T11:00:00-03:00,2016-02-23T15:00:00Z,2016-02-23T12:00:00-03:00
56.06,,,False,1,pm10,µg/m³,,raw,01:00:00,2016-02-23T15:00:00Z,2016-02-23T12:00:00-03:00,2016-02-23T16:00:00Z,2016-02-23T13:00:00-03:00,1,01:00:00,1,01:00:00,100.0,100.0,2016-02-23T15:00:00Z,2016-02-23T12:00:00-03:00,2016-02-23T16:00:00Z,2016-02-23T13:00:00-03:00
51.76,,,False,1,pm10,µg/m³,,raw,01:00:00,2016-02-23T16:00:00Z,2016-02-23T13:00:00-03:00,2016-02-23T17:00:00Z,2016-02-23T14:00:00-03:00,1,01:00:00,1,01:00:00,100.0,100.0,2016-02-23T16:00:00Z,2016-02-23T13:00:00-03:00,2016-02-23T17:00:00Z,2016-02-23T14:00:00-03:00
58.12,,,False,1,pm10,µg/m³,,raw,01:00:00,2016-02-23T17:00:00Z,2016-02-23T14:00:00-03:00,2016-02-23T18:00:00Z,2016-02-23T15:00:00-03:00,1,01:00:00,1,01:00:00,100.0,100.0,2016-02-23T17:00:00Z,2016-02-23T14:00:00-03:00,2016-02-23T18:00:00Z,2016-02-23T15:00:00-03:00
75.47,,,False,1,pm10,µg/m³,,raw,01:00:00,2016-02-23T18:00:00Z,2016-02-23T15:00:00-03:00,2016-02-23T19:00:00Z,2016-02-23T16:00:00-03:00,1,01:00:00,1,01:00:00,100.0,100.0,2016-02-23T18:00:00Z,2016-02-23T15:00:00-03:00,2016-02-23T19:00:00Z,2016-02-23T16:00:00-03:00
57.64,,,False,1,pm10,µg/m³,,raw,01:00:00,2016-02-23T19:00:00Z,2016-02-23T16:00:00-03:00,2016-02-23T20:00:00Z,2016-02-23T17:00:00-03:00,1,01:00:00,1,01:00:00,100.0,100.0,2016-02-23T19:00:00Z,2016-02-23T16:00:00-03:00,2016-02-23T20:00:00Z,2016-02-23T17:00:00-03:00
58.96,,,False,1,pm10,µg/m³,,raw,01:00:00,2016-02-23T20:00:00Z,2016-02-23T17:00:00-03:00,2016-02-23T21:00:00Z,2016-02-23T18:00:00-03:00,1,01:00:00,1,01:00:00,100.0,100.0,2016-02-23T20:00:00Z,2016-02-23T17:00:00-03:00,2016-02-23T21:00:00Z,2016-02-23T18:00:00-03:00
57.0,,,False,1,pm10,µg/m³,,raw,01:00:00,2016-02-23T21:00:00Z,2016-02-23T18:00:00-03:00,2016-02-23T22:00:00Z,2016-02-23T19:00:00-03:00,1,01:00:00,1,01:00:00,100.0,100.0,2016-02-23T21:00:00Z,2016-02-23T18:00:00-03:00,2016-02-23T22:00:00Z,2016-02-23T19:00:00-03:00
74.61,,,False,1,pm10,µg/m³,,raw,01:00:00,2016-02-23T22:00:00Z,2016-02-23T19:00:00-03:00,2016-02-23T23:00:00Z,2016-02-23T20:00:00-03:00,1,01:00:00,1,01:00:00,100.0,100.0,2016-02-23T22:00:00Z,2016-02-23T19:00:00-03:00,2016-02-23T23:00:00Z,2016-02-23T20:00:00-03:00
81.91,,,False,1,pm10,µg/m³,,raw,01:00:00,2016-02-23T23:00:00Z,2016-02-23T20:00:00-03:00,2016-02-24T00:00:00Z,2016-02-23T21:00:00-03:00,1,01:00:00,1,01:00:00,100.0,100.0,2016-02-23T23:00:00Z,2016-02-23T20:00:00-03:00,2016-02-24T00:00:00Z,2016-02-23T21:00:00-03:00
88.1,,,False,1,pm10,µg/m³,,raw,01:00:00,2016-02-24T00:00:00Z,2016-02-23T21:00:00-03:00,2016-02-24T01:00:00Z,2016-02-23T22:00:00-03:00,1,01:00:00,1,01:00:00,100.0,100.0,2016-02-24T00:00:00Z,2016-02-23T21:00:00-03:00,2016-02-24T01:00:00Z,2016-02-23T22:00:00-03:00
94.78,,,False,1,pm10,µg/m³,,raw,01:00:00,2016-02-24T01:00:00Z,2016-02-23T22:00:00-03:00,2016-02-24T02:00:00Z,2016-02-23T23:00:00-03:00,1,01:00:00,1,01:00:00,100.0,100.0,2016-02-24T01:00:00Z,2016-02-23T22:00:00-03:00,2016-02-24T02:00:00Z,2016-02-23T23:00:00-03:00
65.25,,,False,1,pm10,µg/m³,,raw,01:00:00,2016-02-24T02:00:00Z,2016-02-23T23:00:00-03:00,2016-02-24T03:00:00Z,2016-02-24T00:00:00-03:00,1,01:00:00,1,01:00:00,100.0,100.0,2016-02-24T02:00:00Z,2016-02-23T23:00:00-03:00,2016-02-24T03:00:00Z,2016-02-24T00:00:00-03:00
58.31,,,False,1,pm10,µg/m³,,raw,01:00:00,2016-02-24T03:00:00Z,2016-02-24T00:00:00-03:00,2016-02-24T04:00:00Z,2016-02-24T01:00:00-03:00,1,01:00:00,1,01:00:00,100.0,100.0,2016-02-24T03:00:00Z,2016-02-24T00:00:00-03:00,2016-02-24T04:00:00Z,2016-02-24T01:00:00-03:00
33.39,,,False,1,pm10,µg/m³,,raw,01:00:00,2016-02-24T04:00:00Z,2016-02-24T01:00:00-03:00,2016-02-24T05:00:00Z,2016-02-24T02:00:00-03:00,1,01:00:00,1,01:00:00,100.0,100.0,2016-02-24T04:00:00Z,2016-02-24T01:00:00-03:00,2016-02-24T05:00:00Z,2016-02-24T02:00:00-03:00
33.16,,,False,1,pm10,µg/m³,,raw,01:00:00,2016-02-24T05:00:00Z,2016-02-24T02:00:00-03:00,2016-02-24T06:00:00Z,2016-02-24T03:00:00-03:00,1,01:00:00,1,01:00:00,100.0,100.0,2016-02-24T05:00:00Z,2016-02-24T02:00:00-03:00,2016-02-24T06:00:00Z,2016-02-24T03:00:00-03:00
31.39,,,False,1,pm10,µg/m³,,raw,01:00:00,2016-02-24T06:00:00Z,2016-02-24T03:00:00-03:00,2016-02-24T07:00:00Z,2016-02-24T04:00:00-03:00,1,01:00:00,1,01:00:00,100.0,100.0,2016-02-24T06:00:00Z,2016-02-24T03:00:00-03:00,2016-02-24T07:00:00Z,2016-02-24T04:00:00-03:00
20.91,,,False,1,pm10,µg/m³,,raw,01:00:00,2016-02-24T07:00:00Z,2016-02-24T04:00:00-03:00,2016-02-24T08:00:00Z,2016-02-24T05:00:00-03:00,1,01:00:00,1,01:00:00,100.0,100.0,2016-02-24T07:00:00Z,2016-02-24T04:00:00-03:00,2016-02-24T08:00:00Z,2016-02-24T05:00:00-03:00
18.09,,,False,1,pm10,µg/m³,,raw,01:00:00,2016-02-24T09:00:00Z,2016-02-24T06:00:00-03:00,2016-02-24T10:00:00Z,2016-02-24T07:00:00-03:00,1,01:00:00,1,01:00:00,100.0,100.0,2016-02-24T09:00:00Z,2016-02-24T06:00:00-03:00,2016-02-24T10:00:00Z,2016-02-24T07:00:00-03:00
29.6,,,False,1,pm10,µg/m³,,raw,01:00:00,2016-02-24T10:00:00Z,2016-02-24T07:00:00-03:00,2016-02-24T11:00:00Z,2016-02-24T08:00:00-03:00,1,01:00:00,1,01:00:00,100.0,100.0,2016-02-24T10:00:00Z,2016-02-24T07:00:00-03:00,2016-02-24T11:00:00Z,2016-02-24T08:00:00-03:00
66.34,,,False,1,pm10,µg/m³,,raw,01:00:00,2016-02-24T11:00:00Z,2016-02-24T08:00:00-03:00,2016-02-24T12:00:00Z,2016-02-24T09:00:00-03:00,1,01:00:00,1,01:00:00,100.0,100.0,2016-02-24T11:00:00Z,2016-02-24T08:00:00-03:00,2016-02-24T12:00:00Z,2016-02-24T09:00:00-03:00
21.31,,,False,1,pm10,µg/m³,,raw,01:00:00,2016-02-24T12:00:00Z,2016-02-24T09:00:00-03:00,2016-02-24T13:00:00Z,2016-02-24T10:00:00-03:00,1,01:00:00,1,01:00:00,100.0,100.0,2016-02-24T12:00:00Z,2016-02-24T09:00:00-03:00,2016-02-24T13:00:00Z,2016-02-24T10:00:00-03:00
56.6,,,False,1,pm10,µg/m³,,raw,01:00:00,2016-02-24T13:00:00Z,2016-02-24T10:00:00-03:00,2016-02-24T14:00:00Z,2016-02-24T11:00:00-03:00,1,01:00:00,1,01:00:00,100.0,100.0,2016-02-24T13:00:00Z,2016-02-24T10:00:00-03:00,2016-02-24T14:00:00Z,2016-02-24T11:00:00-03:00
56.76,,,False,1,pm10,µg/m³,,raw,01:00:00,2016-02-24T14:00:00Z,2016-02-24T11:00:00-03:00,2016-02-24T15:00:00Z,2016-02-24T12:00:00-03:00,1,01:00:00,1,01:00:00,100.0,100.0,2016-02-24T14:00:00Z,2016-02-24T11:00:00-03:00,2016-02-24T15:00:00Z,2016-02-24T12:00:00-03:00
54.2,,,False,1,pm10,µg/m³,,raw,01:00:00,2016-02-24T15:00:00Z,2016-02-24T12:00:00-03:00,2016-02-24T16:00:00Z,2016-02-24T13:00:00-03:00,1,01:00:00,1,01:00:00,100.0,100.0,2016-02-24T15:00:00Z,2016-02-24T12:00:00-03:00,2016-02-24T16:00:00Z,2016-02-24T13:00:00-03:00
52.5,,,False,1,pm10,µg/m³,,raw,01:00:00,2016-02-24T16:00:00Z,2016-02-24T13:00:00-03:00,2016-02-24T17:00:00Z,2016-02-24T14:00:00-03:00,1,01:00:00,1,01:00:00,100.0,100.0,2016-02-24T16:00:00Z,2016-02-24T13:00:00-03:00,2016-02-24T17:00:00Z,2016-02-24T14:00:00-03:00
63.94,,,False,1,pm10,µg/m³,,raw,01:00:00,2016-02-24T17:00:00Z,2016-02-24T14:00:00-03:00,2016-02-24T18:00:00Z,2016-02-24T15:00:00-03:00,1,01:00:00,1,01:00:00,100.0,100.0,2016-02-24T17:00:00Z,2016-02-24T14:00:00-03:00,2016-02-24T18:00:00Z,2016-02-24T15:00:00-03:00
85.24,,,False,1,pm10,µg/m³,,raw,01:00:00,2016-02-24T18:00:00Z,2016-02-24T15:00:00-03:00,2016-02-24T19:00:00Z,2016-02-24T16:00:00-03:00,1,01:00:00,1,01:00:00,100.0,100.0,2016-02-24T18:00:00Z,2016-02-24T15:00:00-03:00,2016-02-24T19:00:00Z,2016-02-24T16:00:00-03:00
401.9,,,False,1,pm10,µg/m³,,raw,01:00:00,2016-02-24T19:00:00Z,2016-02-24T16:00:00-03:00,2016-02-24T20:00:00Z,2016-02-24T17:00:00-03:00,1,01:00:00,1,01:00:00,100.0,100.0,2016-02-24T19:00:00Z,2016-02-24T16:00:00-03:00,2016-02-24T20:00:00Z,2016-02-24T17:00:00-03:00
167.3,,,False,1,pm10,µg/m³,,raw,01:00:00,2016-02-24T20:00:00Z,2016-02-24T17:00:00-03:00,2016-02-24T21:00:00Z,2016-02-24T18:00:00-03:00,1,01:00:00,1,01:00:00,100.0,100.0,2016-02-24T20:00:00Z,2016-02-24T17:00:00-03:00,2016-02-24T21:00:00Z,2016-02-24T18:00:00-03:00
28.58,,,False,1,pm10,µg/m³,,raw,01:00:00,2016-02-24T21:00:00Z,2016-02-24T18:00:00-03:00,2016-02-24T22:00:00Z,2016-02-24T19:00:00-03:00,1,01:00:00,1,01:00:00,100.0,100.0,2016-02-24T21:00:00Z,2016-02-24T18:00:00-03:00,2016-02-24T22:00:00Z,2016-02-24T19:00:00-03:00
52.53,,,False,1,pm10,µg/m³,,raw,01:00:00,2016-02-24T22:00:00Z,2016-02-24T19:00:00-03:00,2016-02-24T23:00:00Z,2016-02-24T20:00:00-03:00,1,01:00:00,1,01:00:00,100.0,100.0,2016-02-24T22:00:00Z,2016-02-24T19:00:00-03:00,2016-02-24T23:00:00Z,2016-02-24T20:00:00-03:00
33.96,,,False,1,pm10,µg/m³,,raw,01:00:00,2016-02-24T23:00:00Z,2016-02-24T20:00:00-03:00,2016-02-25T00:00:00Z,2016-02-24T21:00:00-03:00,1,01:00:00,1,01:00:00,100.0,100.0,2016-02-24T23:00:00Z,2016-02-24T20:00:00-03:00,2016-02-25T00:00:00Z,2016-02-24T21:00:00-03:00
44.35,,,False,1,pm10,µg/m³,,raw,01:00:00,2016-02-25T00:00:00Z,2016-02-24T21:00:00-03:00,2016-02-25T01:00:00Z,2016-02-24T22:00:00-03:00,1,01:00:00,1,01:00:00,100.0,100.0,2016-02-25T00:00:00Z,2016-02-24T21:00:00-03:00,2016-02-25T01:00:00Z,2016-02-24T22:00:00-03:00
53.55,,,False,1,pm10,µg/m³,,raw,01:00:00,2016-02-25T01:00:00Z,2016-02-24T22:00:00-03:00,2016-02-25T02:00:00Z,2016-02-24T23:00:00-03:00,1,01:00:00,1,01:00:00,100.0,100.0,2016-02-25T01:00:00Z,2016-02-24T22:00:00-03:00,2016-02-25T02:00:00Z,2016-02-24T23:00:00-03:00
45.9,,,False,1,pm10,µg/m³,,raw,01:00:00,2016-02-25T02:00:00Z,2016-02-24T23:00:00-03:00,2016-02-25T03:00:00Z,2016-02-25T00:00:00-03:00,1,01:00:00,1,01:00:00,100.0,100.0,2016-02-25T02:00:00Z,2016-02-24T23:00:00-03:00,2016-02-25T03:00:00Z,2016-02-25T00:00:00-03:00
35.94,,,False,1,pm10,µg/m³,,raw,01:00:00,2016-02-25T03:00:00Z,2016-02-25T00:00:00-03:00,2016-02-25T04:00:00Z,2016-02-25T01:00:00-03:00,1,01:00:00,1,01:00:00,100.0,100.0,2016-02-25T03:00:00Z,2016-02-25T00:00:00-03:00,2016-02-25T04:00:00Z,2016-02-25T01:00:00-03:00
47.5,,,False,1,pm10,µg/m³,,raw,01:00:00,2016-02-25T04:00:00Z,2016-02-25T01:00:00-03:00,2016-02-25T05:00:00Z,2016-02-25T02:00:00-03:00,1,01:00:00,1,01:00:00,100.0,100.0,2016-02-25T04:00:00Z,2016-02-25T01:00:00-03:00,2016-02-25T05:00:00Z,2016-02-25T02:00:00-03:00
83.6,,,False,1,pm10,µg/m³,,raw,01:00:00,2016-02-25T05:00:00Z,2016-02-25T02:00:00-03:00,2016-02-25T06:00:00Z,2016-02-25T03:00:00-03:00,1,01:00:00,1,01:00:00,100.0,100.0,2016-02-25T05:00:00Z,2016-02-25T02:00:00-03:00,2016-02-25T06:00:00Z,2016-02-25T03:00:00-03:00
13.18,,,False,1,pm10,µg/m³,,raw,01:00:00,2016-02-25T06:00:00Z,2016-02-25T03:00:00-03:00,2016-02-25T07:00:00Z,2016-02-25T04:00:00-03:00,1,01:00:00,1,01:00:00,100.0,100.0,2016-02-25T06:00:00Z,2016-02-25T03:00:00-03:00,2016-02-25T07:00:00Z,2016-02-25T04:00:00-03:00
26.52,,,False,1,pm10,µg/m³,,raw,01:00:00,2016-02-25T07:00:00Z,2016-02-25T04:00:00-03:00,2016-02-25T08:00:00Z,2016-02-25T05:00:00-03:00,1,01:00:00,1,01:00:00,100.0,100.0,2016-02-25T07:00:00Z,2016-02-25T04:00:00-03:00,2016-02-25T08:00:00Z,2016-02-25T05:00:00-03:00
26.29,,,False,1,pm10,µg/m³,,raw,01:00:00,2016-02-25T08:00:00Z,2016-02-25T05:00:00-03:00,2016-02-25T09:00:00Z,2016-02-25T06:00:00-03:00,1,01:00:00,1,01:00:00,100.0,100.0,2016-02-25T08:00:00Z,2016-02-25T05:00:00-03:00,2016-02-25T09:00:00Z,2016-02-25T06:00:00-03:00
35.83,,,False,1,pm10,µg/m³,,raw,01:00:00,2016-02-25T09:00:00Z,2016-02-25T06:00:00-03:00,2016-02-25T10:00:00Z,2016-02-25T07:00:00-03:00,1,01:00:00,1,01:00:00,100.0,100.0,2016-02-25T09:00:00Z,2016-02-25T06:00:00-03:00,2016-02-25T10:00:00Z,2016-02-25T07:00:00-03:00
29.63,,,False,1,pm10,µg/m³,,raw,01:00:00,2016-02-25T10:00:00Z,2016-02-25T07:00:00-03:00,2016-02-25T11:00:00Z,2016-02-25T08:00:00-03:00,1,01:00:00,1,01:00:00,100.0,100.0,2016-02-25T10:00:00Z,2016-02-25T07:00:00-03:00,2016-02-25T11:00:00Z,2016-02-25T08:00:00-03:00
45.71,,,False,1,pm10,µg/m³,,raw,01:00:00,2016-02-25T11:00:00Z,2016-02-25T08:00:00-03:00,2016-02-25T12:00:00Z,2016-02-25T09:00:00-03:00,1,01:00:00,1,01:00:00,100.0,100.0,2016-02-25T11:00:00Z,2016-02-25T08:00:00-03:00,2016-02-25T12:00:00Z,2016-02-25T09:00:00-03:00
68.87,,,False,1,pm10,µg/m³,,raw,01:00:00,2016-02-25T12:00:00Z,2016-02-25T09:00:00-03:00,2016-02-25T13:00:00Z,2016-02-25T10:00:00-03:00,1,01:00:00,1,01:00:00,100.0,100.0,2016-02-25T12:00:00Z,2016-02-25T09:00:00-03:00,2016-02-25T13:00:00Z,2016-02-25T10:00:00-03:00
77.21,,,False,1,pm10,µg/m³,,raw,01:00:00,2016-02-25T13:00:00Z,2016-02-25T10:00:00-03:00,2016-02-25T14:00:00Z,2016-02-25T11:00:00-03:00,1,01:00:00,1,01:00:00,100.0,100.0,2016-02-25T13:00:00Z,2016-02-25T10:00:00-03:00,2016-02-25T14:00:00Z,2016-02-25T11:00:00-03:00
53.86,,,False,1,pm10,µg/m³,,raw,01:00:00,2016-02-25T14:00:00Z,2016-02-25T11:00:00-03:00,2016-02-25T15:00:00Z,2016-02-25T12:00:00-03:00,1,01:00:00,1,01:00:00,100.0,100.0,2016-02-25T14:00:00Z,2016-02-25T11:00:00-03:00,2016-02-25T15:00:00Z,2016-02-25T12:00:00-03:00
42.29,,,False,1,pm10,µg/m³,,raw,01:00:00,2016-02-25T15:00:00Z,2016-02-25T12:00:00-03:00,2016-02-25T16:00:00Z,2016-02-25T13:00:00-03:00,1,01:00:00,1,01:00:00,100.0,100.0,2016-02-25T15:00:00Z,2016-02-25T12:00:00-03:00,2016-02-25T16:00:00Z,2016-02-25T13:00:00-03:00
96.08,,,False,1,pm10,µg/m³,,raw,01:00:00,2016-02-25T16:00:00Z,2016-02-25T13:00:00-03:00,2016-02-25T17:00:00Z,2016-02-25T14:00:00-03:00,1,01:00:00,1,01:00:00,100.0,100.0,2016-02-25T16:00:00Z,2016-02-25T13:00:00-03:00,2016-02-25T17:00:00Z,2016-02-25T14:00:00-03:00
5.919,,,False,1,pm10,µg/m³,,raw,01:00:00,2016-02-25T17:00:00Z,2016-02-25T14:00:00-03:00,2016-02-25T18:00:00Z,2016-02-25T15:00:00-03:00,1,01:00:00,1,01:00:00,100.0,100.0,2016-02-25T17:00:00Z,2016-02-25T14:00:00-03:00,2016-02-25T18:00:00Z,2016-02-25T15:00:00-03:00
17.36,,,False,1,pm10,µg/m³,,raw,01:00:00,2016-02-25T18:00:00Z,2016-02-25T15:00:00-03:00,2016-02-25T19:00:00Z,2016-02-25T16:00:00-03:00,1,01:00:00,1,01:00:00,100.0,100.0,2016-02-25T18:00:00Z,2016-02-25T15:00:00-03:00,2016-02-25T19:00:00Z,2016-02-25T16:00:00-03:00
34.29,,,False,1,pm10,µg/m³,,raw,01:00:00,2016-02-25T19:00:00Z,2016-02-25T16:00:00-03:00,2016-02-25T20:00:00Z,2016-02-25T17:00:00-03:00,1,01:00:00,1,01:00:00,100.0,100.0,2016-02-25T19:00:00Z,2016-02-25T16:00:00-03:00,2016-02-25T20:00:00Z,2016-02-25T17:00:00-03:00
32.58,,,False,1,pm10,µg/m³,,raw,01:00:00,2016-02-25T20:00:00Z,2016-02-25T17:00:00-03:00,2016-02-25T21:00:00Z,2016-02-25T18:00:00-03:00,1,01:00:00,1,01:00:00,100.0,100.0,2016-02-25T20:00:00Z,2016-02-25T17:00:00-03:00,2016-02-25T21:00:00Z,2016-02-25T18:00:00-03:00
45.66,,,False,1,pm10,µg/m³,,raw,01:00:00,2016-02-25T21:00:00Z,2016-02-25T18:00:00-03:00,2016-02-25T22:00:00Z,2016-02-25T19:00:00-03:00,1,01:00:00,1,01:00:00,100.0,100.0,2016-02-25T21:00:00Z,2016-02-25T18:00:00-03:00,2016-02-25T22:00:00Z,2016-02-25T19:00:00-03:00
64.23,,,False,1,pm10,µg/m³,,raw,01:00:00,2016-02-25T22:00:00Z,2016-02-25T19:00:00-03:00,2016-02-25T23:00:00Z,2016-02-25T20:00:00-03:00,1,01:00:00,1,01:00:00,100.0,100.0,2016-02-25T22:00:00Z,2016-02-25T19:00:00-03:00,2016-02-25T23:00:00Z,2016-02-25T20:00:00-03:00
52.71,,,False,1,pm10,µg/m³,,raw,01:00:00,2016-02-25T23:00:00Z,2016-02-25T20:00:00-03:00,2016-02-26T00:00:00Z,2016-02-25T21:00:00-03:00,1,01:00:00,1,01:00:00,100.0,100.0,2016-02-25T23:00:00Z,2016-02-25T20:00:00-03:00,2016-02-26T00:00:00Z,2016-02-25T21:00:00-03:00
46.68,,,False,1,pm10,µg/m³,,raw,01:00:00,2016-02-26T00:00:00Z,2016-02-25T21:00:00-03:00,2016-02-26T01:00:00Z,2016-02-25T22:00:00-03:00,1,01:00:00,1,01:00:00,100.0,100.0,2016-02-26T00:00:00Z,2016-02-25T21:00:00-03:00,2016-02-26T01:00:00Z,2016-02-25T22:00:00-03:00
41.85,,,False,1,pm10,µg/m³,,raw,01:00:00,2016-02-26T01:00:00Z,2016-02-25T22:00:00-03:00,2016-02-26T02:00:00Z,2016-02-25T23:00:00-03:00,1,01:00:00,1,01:00:00,100.0,100.0,2016-02-26T01:00:00Z,2016-02-25T22:00:00-03:00,2016-02-26T02:00:00Z,2016-02-25T23:00:00-03:00
53.42,,,False,1,pm10,µg/m³,,raw,01:00:00,2016-02-26T02:00:00Z,2016-02-25T23:00:00-03:00,2016-02-26T03:00:00Z,2016-02-26T00:00:00-03:00,1,01:00:00,1,01:00:00,100.0,100.0,2016-02-26T02:00:00Z,2016-02-25T23:00:00-03:00,2016-02-26T03:00:00Z,2016-02-26T00:00:00-03:00
32.5,,,False,1,pm10,µg/m³,,raw,01:00:00,2016-02-26T03:00:00Z,2016-02-26T00:00:00-03:00,2016-02-26T04:00:00Z,2016-02-26T01:00:00-03:00,1,01:00:00,1,01:00:00,100.0,100.0,2016-02-26T03:00:00Z,2016-02-26T00:00:00-03:00,2016-02-26T04:00:00Z,2016-02-26T01:00:00-03:00
29.52,,,False,1,pm10,µg/m³,,raw,01:00:00,2016-02-26T04:00:00Z,2016-02-26T01:00:00-03:00,2016-02-26T05:00:00Z,2016-02-26T02:00:00-03:00,1,01:00:00,1,01:00:00,100.0,100.0,2016-02-26T04:00:00Z,2016-02-26T01:00:00-03:00,2016-02-26T05:00:00Z,2016-02-26T02:00:00-03:00
26.0,,,False,1,pm10,µg/m³,,raw,01:00:00,2016-02-26T05:00:00Z,2016-02-26T02:00:00-03:00,2016-02-26T06:00:00Z,2016-02-26T03:00:00-03:00,1,01:00:00,1,01:00:00,100.0,100.0,2016-02-26T05:00:00Z,2016-02-26T02:00:00-03:00,2016-02-26T06:00:00Z,2016-02-26T03:00:00-03:00
29.01,,,False,1,pm10,µg/m³,,raw,01:00:00,2016-02-26T06:00:00Z,2016-02-26T03:00:00-03:00,2016-02-26T07:00:00Z,2016-02-26T04:00:00-03:00,1,01:00:00,1,01:00:00,100.0,100.0,2016-02-26T06:00:00Z,2016-02-26T03:00:00-03:00,2016-02-26T07:00:00Z,2016-02-26T04:00:00-03:00
22.83,,,False,1,pm10,µg/m³,,raw,01:00:00,2016-02-26T07:00:00Z,2016-02-26T04:00:00-03:00,2016-02-26T08:00:00Z,2016-02-26T05:00:00-03:00,1,01:00:00,1,01:00:00,100.0,100.0,2016-02-26T07:00:00Z,2016-02-26T04:00:00-03:00,2016-02-26T08:00:00Z,2016-02-26T05:00:00-03:00
21.65,,,False,1,pm10,µg/m³,,raw,01:00:00,2016-02-26T08:00:00Z,2016-02-26T05:00:00-03:00,2016-02-26T09:00:00Z,2016-02-26T06:00:00-03:00,1,01:00:00,1,01:00:00,100.0,100.0,2016-02-26T08:00:00Z,2016-02-26T05:00:00-03:00,2016-02-26T09:00:00Z,2016-02-26T06:00:00-03:00
28.73,,,False,1,pm10,µg/m³,,raw,01:00:00,2016-02-26T09:00:00Z,2016-02-26T06:00:00-03:00,2016-02-26T10:00:00Z,2016-02-26T07:00:00-03:00,1,01:00:00,1,01:00:00,100.0,100.0,2016-02-26T09:00:00Z,2016-02-26T06:00:00-03:00,2016-02-26T10:00:00Z,2016-02-26T07:00:00-03:00
25.73,,,False,1,pm10,µg/m³,,raw,01:00:00,2016-02-26T10:00:00Z,2016-02-26T07:00:00-03:00,2016-02-26T11:00:00Z,2016-02-26T08:00:00-03:00,1,01:00:00,1,01:00:00,100.0,100.0,2016-02-26T10:00:00Z,2016-02-26T07:00:00-03:00,2016-02-26T11:00:00Z,2016-02-26T08:00:00-03:00
27.75,,,False,1,pm10,µg/m³,,raw,01:00:00,2016-02-26T11:00:00Z,2016-02-26T08:00:00-03:00,2016-02-26T12:00:00Z,2016-02-26T09:00:00-03:00,1,01:00:00,1,01:00:00,100.0,100.0,2016-02-26T11:00:00Z,2016-02-26T08:00:00-03:00,2016-02-26T12:00:00Z,2016-02-26T09:00:00-03:00
41.16,,,False,1,pm10,µg/m³,,raw,01:00:00,2016-02-26T12:00:00Z,2016-02-26T09:00:00-03:00,2016-02-26T13:00:00Z,2016-02-26T10:00:00-03:00,1,01:00:00,1,01:00:00,100.0,100.0,2016-02-26T12:00:00Z,2016-02-26T09:00:00-03:00,2016-02-26T13:00:00Z,2016-02-26T10:00:00-03:00
28.0,,,False,1,pm10,µg/m³,,raw,01:00:00,2016-02-26T13:00:00Z,2016-02-26T10:00:00-03:00,2016-02-26T14:00:00Z,2016-02-26T11:00:00-03:00,1,01:00:00,1,01:00:00,100.0,100.0,2016-02-26T13:00:00Z,2016-02-26T10:00:00-03:00,2016-02-26T14:00:00Z,2016-02-26T11:00:00-03:00
35.7,,,False,1,pm10,µg/m³,,raw,01:00:00,2016-02-26T14:00:00Z,2016-02-26T11:00:00-03:00,2016-02-26T15:00:00Z,2016-02-26T12:00:00-03:00,1,01:00:00,1,01:00:00,100.0,100.0,2016-02-26T14:00:00Z,2016-02-26T11:00:00-03:00,2016-02-26T15:00:00Z,2016-02-26T12:00:00-03:00
47.37,,,False,1,pm10,µg/m³,,raw,01:00:00,2016-02-26T15:00:00Z,2016-02-26T12:00:00-03:00,2016-02-26T16:00:00Z,2016-02-26T13:00:00-03:00,1,01:00:00,1,01:00:00,100.0,100.0,2016-02-26T15:00:00Z,2016-02-26T12:00:00-03:00,2016-02-26T16:00:00Z,2016-02-26T13:00:00-03:00
37.01,,,False,1,pm10,µg/m³,,raw,01:00:00,2016-02-26T16:00:00Z,2016-02-26T13:00:00-03:00,2016-02-26T17:00:00Z,2016-02-26T14:00:00-03:00,1,01:00:00,1,01:00:00,100.0,100.0,2016-02-26T16:00:00Z,2016-02-26T13:00:00-03:00,2016-02-26T17:00:00Z,2016-02-26T14:00:00-03:00
36.8,,,False,1,pm10,µg/m³,,raw,01:00:00,2016-02-26T17:00:00Z,2016-02-26T14:00:00-03:00,2016-02-26T18:00:00Z,2016-02-26T15:00:00-03:00,1,01:00:00,1,01:00:00,100.0,100.0,2016-02-26T17:00:00Z,2016-02-26T14:00:00-03:00,2016-02-26T18:00:00Z,2016-02-26T15:00:00-03:00
30.65,,,False,1,pm10,µg/m³,,raw,01:00:00,2016-02-26T18:00:00Z,2016-02-26T15:00:00-03:00,2016-02-26T19:00:00Z,2016-02-26T16:00:00-03:00,1,01:00:00,1,01:00:00,100.0,100.0,2016-02-26T18:00:00Z,2016-02-26T15:00:00-03:00,2016-02-26T19:00:00Z,2016-02-26T16:00:00-03:00
27.86,,,False,1,pm10,µg/m³,,raw,01:00:00,2016-02-26T19:00:00Z,2016-02-26T16:00:00-03:00,2016-02-26T20:00:00Z,2016-02-26T17:00:00-03:00,1,01:00:00,1,01:00:00,100.0,100.0,2016-02-26T19:00:00Z,2016-02-26T16:00:00-03:00,2016-02-26T20:00:00Z,2016-02-26T17:00:00-03:00
40.1,,,False,1,pm10,µg/m³,,raw,01:00:00,2016-02-26T20:00:00Z,2016-02-26T17:00:00-03:00,2016-02-26T21:00:00Z,2016-02-26T18:00:00-03:00,1,01:00:00,1,01:00:00,100.0,100.0,2016-02-26T20:00:00Z,2016-02-26T17:00:00-03:00,2016-02-26T21:00:00Z,2016-02-26T18:00:00-03:00
65.47,,,False,1,pm10,µg/m³,,raw,01:00:00,2016-02-26T22:00:00Z,2016-02-26T19:00:00-03:00,2016-02-26T23:00:00Z,2016-02-26T20:00:00-03:00,1,01:00:00,1,01:00:00,100.0,100.0,2016-02-26T22:00:00Z,2016-02-26T19:00:00-03:00,2016-02-26T23:00:00Z,2016-02-26T20:00:00-03:00
60.0,,,False,1,pm10,µg/m³,,raw,01:00:00,2016-02-26T23:00:00Z,2016-02-26T20:00:00-03:00,2016-02-27T00:00:00Z,2016-02-26T21:00:00-03:00,1,01:00:00,1,01:00:00,100.0,100.0,2016-02-26T23:00:00Z,2016-02-26T20:00:00-03:00,2016-02-27T00:00:00Z,2016-02-26T21:00:00-03:00
79.45,,,False,1,pm10,µg/m³,,raw,01:00:00,2016-02-27T00:00:00Z,2016-02-26T21:00:00-03:00,2016-02-27T01:00:00Z,2016-02-26T22:00:00-03:00,1,01:00:00,1,01:00:00,100.0,100.0,2016-02-27T00:00:00Z,2016-02-26T21:00:00-03:00,2016-02-27T01:00:00Z,2016-02-26T22:00:00-03:00
58.51,,,False,1,pm10,µg/m³,,raw,01:00:00,2016-02-27T01:00:00Z,2016-02-26T22:00:00-03:00,2016-02-27T02:00:00Z,2016-02-26T23:00:00-03:00,1,01:00:00,1,01:00:00,100.0,100.0,2016-02-27T01:00:00Z,2016-02-26T22:00:00-03:00,2016-02-27T02:00:00Z,2016-02-26T23:00:00-03:00
63.85,,,False,1,pm10,µg/m³,,raw,01:00:00,2016-02-27T03:00:00Z,2016-02-27T00:00:00-03:00,2016-02-27T04:00:00Z,2016-02-27T01:00:00-03:00,1,01:00:00,1,01:00:00,100.0,100.0,2016-02-27T03:00:00Z,2016-02-27T00:00:00-03:00,2016-02-27T04:00:00Z,2016-02-27T01:00:00-03:00
40.85,,,False,1,pm10,µg/m³,,raw,01:00:00,2016-02-27T04:00:00Z,2016-02-27T01:00:00-03:00,2016-02-27T05:00:00Z,2016-02-27T02:00:00-03:00,1,01:00:00,1,01:00:00,100.0,100.0,2016-02-27T04:00:00Z,2016-02-27T01:00:00-03:00,2016-02-27T05:00:00Z,2016-02-27T02:00:00-03:00
44.0,,,False,1,pm10,µg/m³,,raw,01:00:00,2016-02-27T05:00:00Z,2016-02-27T02:00:00-03:00,2016-02-27T06:00:00Z,2016-02-27T03:00:00-03:00,1,01:00:00,1,01:00:00,100.0,100.0,2016-02-27T05:00:00Z,2016-02-27T02:00:00-03:00,2016-02-27T06:00:00Z,2016-02-27T03:00:00-03:00
39.86,,,False,1,pm10,µg/m³,,raw,01:00:00,2016-02-27T06:00:00Z,2016-02-27T03:00:00-03:00,2016-02-27T07:00:00Z,2016-02-27T04:00:00-03:00,1,01:00:00,1,01:00:00,100.0,100.0,2016-02-27T06:00:00Z,2016-02-27T03:00:00-03:00,2016-02-27T07:00:00Z,2016-02-27T04:00:00-03:00
42.38,,,False,1,pm10,µg/m³,,raw,01:00:00,2016-02-27T07:00:00Z,2016-02-27T04:00:00-03:00,2016-02-27T08:00:00Z,2016-02-27T05:00:00-03:00,1,01:00:00,1,01:00:00,100.0,100.0,2016-02-27T07:00:00Z,2016-02-27T04:00:00-03:00,2016-02-27T08:00:00Z,2016-02-27T05:00:00-03:00
43.22,,,False,1,pm10,µg/m³,,raw,01:00:00,2016-02-27T08:00:00Z,2016-02-27T05:00:00-03:00,2016-02-27T09:00:00Z,2016-02-27T06:00:00-03:00,1,01:00:00,1,01:00:00,100.0,100.0,2016-02-27T08:00:00Z,2016-02-27T05:00:00-03:00,2016-02-27T09:00:00Z,2016-02-27T06:00:00-03:00
46.92,,,False,1,pm10,µg/m³,,raw,01:00:00,2016-02-27T09:00:00Z,2016-02-27T06:00:00-03:00,2016-02-27T10:00:00Z,2016-02-27T07:00:00-03:00,1,01:00:00,1,01:00:00,100.0,100.0,2016-02-27T09:00:00Z,2016-02-27T06:00:00-03:00,2016-02-27T10:00:00Z,2016-02-27T07:00:00-03:00
35.52,,,False,1,pm10,µg/m³,,raw,01:00:00,2016-02-27T10:00:00Z,2016-02-27T07:00:00-03:00,2016-02-27T11:00:00Z,2016-02-27T08:00:00-03:00,1,01:00:00,1,01:00:00,100.0,100.0,2016-02-27T10:00:00Z,2016-02-27T07:00:00-03:00,2016-02-27T11:00:00Z,2016-02-27T08:00:00-03:00
45.27,,,False,1,pm10,µg/m³,,raw,01:00:00,2016-02-27T11:00:00Z,2016-02-27T08:00:00-03:00,2016-02-27T12:00:00Z,2016-02-27T09:00:00-03:00,1,01:00:00,1,01:00:00,100.0,100.0,2016-02-27T11:00:00Z,2016-02-27T08:00:00-03:00,2016-02-27T12:00:00Z,2016-02-27T09:00:00-03:00
43.05,,,False,1,pm10,µg/m³,,raw,01:00:00,2016-02-27T12:00:00Z,2016-02-27T09:00:00-03:00,2016-02-27T13:00:00Z,2016-02-27T10:00:00-03:00,1,01:00:00,1,01:00:00,100.0,100.0,2016-02-27T12:00:00Z,2016-02-27T09:00:00-03:00,2016-02-27T13:00:00Z,2016-02-27T10:00:00-03:00
48.58,,,False,1,pm10,µg/m³,,raw,01:00:00,2016-02-27T13:00:00Z,2016-02-27T10:00:00-03:00,2016-02-27T14:00:00Z,2016-02-27T11:00:00-03:00,1,01:00:00,1,01:00:00,100.0,100.0,2016-02-27T13:00:00Z,2016-02-27T10:00:00-03:00,2016-02-27T14:00:00Z,2016-02-27T11:00:00-03:00
41.88,,,False,1,pm10,µg/m³,,raw,01:00:00,2016-02-27T14:00:00Z,2016-02-27T11:00:00-03:00,2016-02-27T15:00:00Z,2016-02-27T12:00:00-03:00,1,01:00:00,1,01:00:00,100.0,100.0,2016-02-27T14:00:00Z,2016-02-27T11:00:00-03:00,2016-02-27T15:00:00Z,2016-02-27T12:00:00-03:00
37.14,,,False,1,pm10,µg/m³,,raw,01:00:00,2016-02-27T15:00:00Z,2016-02-27T12:00:00-03:00,2016-02-27T16:00:00Z,2016-02-27T13:00:00-03:00,1,01:00:00,1,01:00:00,100.0,100.0,2016-02-27T15:00:00Z,2016-02-27T12:00:00-03:00,2016-02-27T16:00:00Z,2016-02-27T13:00:00-03:00
29.26,,,False,1,pm10,µg/m³,,raw,01:00:00,2016-02-27T16:00:00Z,2016-02-27T13:00:00-03:00,2016-02-27T17:00:00Z,2016-02-27T14:00:00-03:00,1,01:00:00,1,01:00:00,100.0,100.0,2016-02-27T16:00:00Z,2016-02-27T13:00:00-03:00,2016-02-27T17:00:00Z,2016-02-27T14:00:00-03:00
48.53,,,False,1,pm10,µg/m³,,raw,01:00:00,2016-02-27T17:00:00Z,2016-02-27T14:00:00-03:00,2016-02-27T18:00:00Z,2016-02-27T15:00:00-03:00,1,01:00:00,1,01:00:00,100.0,100.0,2016-02-27T17:00:00Z,2016-02-27T14:00:00-03:00,2016-02-27T18:00:00Z,2016-02-27T15:00:00-03:00
32.38,,,False,1,pm10,µg/m³,,raw,01:00:00,2016-02-27T18:00:00Z,2016-02-27T15:00:00-03:00,2016-02-27T19:00:00Z,2016-02-27T16:00:00-03:00,1,01:00:00,1,01:00:00,100.0,100.0,2016-02-27T18:00:00Z,2016-02-27T15:00:00-03:00,2016-02-27T19:00:00Z,2016-02-27T16:00:00-03:00
37.09,,,False,1,pm10,µg/m³,,raw,01:00:00,2016-02-27T19:00:00Z,2016-02-27T16:00:00-03:00,2016-02-27T20:00:00Z,2016-02-27T17:00:00-03:00,1,01:00:00,1,01:00:00,100.0,100.0,2016-02-27T19:00:00Z,2016-02-27T16:00:00-03:00,2016-02-27T20:00:00Z,2016-02-27T17:00:00-03:00
36.63,,,False,1,pm10,µg/m³,,raw,01:00:00,2016-02-27T20:00:00Z,2016-02-27T17:00:00-03:00,2016-02-27T21:00:00Z,2016-02-27T18:00:00-03:00,1,01:00:00,1,01:00:00,100.0,100.0,2016-02-27T20:00:00Z,2016-02-27T17:00:00-03:00,2016-02-27T21:00:00Z,2016-02-27T18:00:00-03:00
55.53,,,False,1,pm10,µg/m³,,raw,01:00:00,2016-02-27T23:00:00Z,2016-02-27T20:00:00-03:00,2016-02-28T00:00:00Z,2016-02-27T21:00:00-03:00,1,01:00:00,1,01:00:00,100.0,100.0,2016-02-27T23:00:00Z,2016-02-27T20:00:00-03:00,2016-02-28T00:00:00Z,2016-02-27T21:00:00-03:00
37.75,,,False,1,pm10,µg/m³,,raw,01:00:00,2016-02-29T00:00:00Z,2016-02-28T21:00:00-03:00,2016-02-29T01:00:00Z,2016-02-28T22:00:00-03:00,1,01:00:00,1,01:00:00,100.0,100.0,2016-02-29T00:00:00Z,2016-02-28T21:00:00-03:00,2016-02-29T01:00:00Z,2016-02-28T22:00:00-03:00
24.65,,,False,1,pm10,µg/m³,,raw,01:00:00,2016-02-29T02:00:00Z,2016-02-28T23:00:00-03:00,2016-02-29T03:00:00Z,2016-02-29T00:00:00-03:00,1,01:00:00,1,01:00:00,100.0,100.0,2016-02-29T02:00:00Z,2016-02-28T23:00:00-03:00,2016-02-29T03:00:00Z,2016-02-29T00:00:00-03:00
47.24,,,False,1,pm10,µg/m³,,raw,01:00:00,2016-02-29T04:00:00Z,2016-02-29T01:00:00-03:00,2016-02-29T05:00:00Z,2016-02-29T02:00:00-03:00,1,01:00:00,1,01:00:00,100.0,100.0,2016-02-29T04:00:00Z,2016-02-29T01:00:00-03:00,2016-02-29T05:00:00Z,2016-02-29T02:00:00-03:00
43.38,,,False,1,pm10,µg/m³,,raw,01:00:00,2016-02-29T05:00:00Z,2016-02-29T02:00:00-03:00,2016-02-29T06:00:00Z,2016-02-29T03:00:00-03:00,1,01:00:00,1,01:00:00,100.0,100.0,2016-02-29T05:00:00Z,2016-02-29T02:00:00-03:00,2016-02-29T06:00:00Z,2016-02-29T03:00:00-03:00
35.99,,,False,1,pm10,µg/m³,,raw,01:00:00,2016-02-29T06:00:00Z,2016-02-29T03:00:00-03:00,2016-02-29T07:00:00Z,2016-02-29T04:00:00-03:00,1,01:00:00,1,01:00:00,100.0,100.0,2016-02-29T06:00:00Z,2016-02-29T03:00:00-03:00,2016-02-29T07:00:00Z,2016-02-29T04:00:00-03:00
32.14,,,False,1,pm10,µg/m³,,raw,01:00:00,2016-02-29T07:00:00Z,2016-02-29T04:00:00-03:00,2016-02-29T08:00:00Z,2016-02-29T05:00:00-03:00,1,01:00:00,1,01:00:00,100.0,100.0,2016-02-29T07:00:00Z,2016-02-29T04:00:00-03:00,2016-02-29T08:00:00Z,2016-02-29T05:00:00-03:00
26.7,,,False,1,pm10,µg/m³,,raw,01:00:00,2016-02-29T08:00:00Z,2016-02-29T05:00:00-03:00,2016-02-29T09:00:00Z,2016-02-29T06:00:00-03:00,1,01:00:00,1,01:00:00,100.0,100.0,2016-02-29T08:00:00Z,2016-02-29T05:00:00-03:00,2016-02-29T09:00:00Z,2016-02-29T06:00:00-03:00
22.95,,,False,1,pm10,µg/m³,,raw,01:00:00,2016-02-29T09:00:00Z,2016-02-29T06:00:00-03:00,2016-02-29T10:00:00Z,2016-02-29T07:00:00-03:00,1,01:00:00,1,01:00:00,100.0,100.0,2016-02-29T09:00:00Z,2016-02-29T06:00:00-03:00,2016-02-29T10:00:00Z,2016-02-29T07:00:00-03:00
32.93,,,False,1,pm10,µg/m³,,raw,01:00:00,2016-02-29T10:00:00Z,2016-02-29T07:00:00-03:00,2016-02-29T11:00:00Z,2016-02-29T08:00:00-03:00,1,01:00:00,1,01:00:00,100.0,100.0,2016-02-29T10:00:00Z,2016-02-29T07:00:00-03:00,2016-02-29T11:00:00Z,2016-02-29T08:00:00-03:00
49.24,,,False,1,pm10,µg/m³,,raw,01:00:00,2016-02-29T11:00:00Z,2016-02-29T08:00:00-03:00,2016-02-29T12:00:00Z,2016-02-29T09:00:00-03:00,1,01:00:00,1,01:00:00,100.0,100.0,2016-02-29T11:00:00Z,2016-02-29T08:00:00-03:00,2016-02-29T12:00:00Z,2016-02-29T09:00:00-03:00
60.88,,,False,1,pm10,µg/m³,,raw,01:00:00,2016-02-29T12:00:00Z,2016-02-29T09:00:00-03:00,2016-02-29T13:00:00Z,2016-02-29T10:00:00-03:00,1,01:00:00,1,01:00:00,100.0,100.0,2016-02-29T12:00:00Z,2016-02-29T09:00:00-03:00,2016-02-29T13:00:00Z,2016-02-29T10:00:00-03:00
62.12,,,False,1,pm10,µg/m³,,raw,01:00:00,2016-02-29T13:00:00Z,2016-02-29T10:00:00-03:00,2016-02-29T14:00:00Z,2016-02-29T11:00:00-03:00,1,01:00:00,1,01:00:00,100.0,100.0,2016-02-29T13:00:00Z,2016-02-29T10:00:00-03:00,2016-02-29T14:00:00Z,2016-02-29T11:00:00-03:00
61.85,,,False,1,pm10,µg/m³,,raw,01:00:00,2016-02-29T14:00:00Z,2016-02-29T11:00:00-03:00,2016-02-29T15:00:00Z,2016-02-29T12:00:00-03:00,1,01:00:00,1,01:00:00,100.0,100.0,2016-02-29T14:00:00Z,2016-02-29T11:00:00-03:00,2016-02-29T15:00:00Z,2016-02-29T12:00:00-03:00
54.72,,,False,1,pm10,µg/m³,,raw,01:00:00,2016-02-29T15:00:00Z,2016-02-29T12:00:00-03:00,2016-02-29T16:00:00Z,2016-02-29T13:00:00-03:00,1,01:00:00,1,01:00:00,100.0,100.0,2016-02-29T15:00:00Z,2016-02-29T12:00:00-03:00,2016-02-29T16:00:00Z,2016-02-29T13:00:00-03:00
35.2,,,False,1,pm10,µg/m³,,raw,01:00:00,2016-02-29T16:00:00Z,2016-02-29T13:00:00-03:00,2016-02-29T17:00:00Z,2016-02-29T14:00:00-03:00,1,01:00:00,1,01:00:00,100.0,100.0,2016-02-29T16:00:00Z,2016-02-29T13:00:00-03:00,2016-02-29T17:00:00Z,2016-02-29T14:00:00-03:00
43.47,,,False,1,pm10,µg/m³,,raw,01:00:00,2016-02-29T17:00:00Z,2016-02-29T14:00:00-03:00,2016-02-29T18:00:00Z,2016-02-29T15:00:00-03:00,1,01:00:00,1,01:00:00,100.0,100.0,2016-02-29T17:00:00Z,2016-02-29T14:00:00-03:00,2016-02-29T18:00:00Z,2016-02-29T15:00:00-03:00
34.22,,,False,1,pm10,µg/m³,,raw,01:00:00,2016-02-29T18:00:00Z,2016-02-29T15:00:00-03:00,2016-02-29T19:00:00Z,2016-02-29T16:00:00-03:00,1,01:00:00,1,01:00:00,100.0,100.0,2016-02-29T18:00:00Z,2016-02-29T15:00:00-03:00,2016-02-29T19:00:00Z,2016-02-29T16:00:00-03:00
40.57,,,False,1,pm10,µg/m³,,raw,01:00:00,2016-02-29T20:00:00Z,2016-02-29T17:00:00-03:00,2016-02-29T21:00:00Z,2016-02-29T18:00:00-03:00,1,01:00:00,1,01:00:00,100.0,100.0,2016-02-29T20:00:00Z,2016-02-29T17:00:00-03:00,2016-02-29T21:00:00Z,2016-02-29T18:00:00-03:00
35.21,,,False,1,pm10,µg/m³,,raw,01:00:00,2016-02-29T21:00:00Z,2016-02-29T18:00:00-03:00,2016-02-29T22:00:00Z,2016-02-29T19:00:00-03:00,1,01:00:00,1,01:00:00,100.0,100.0,2016-02-29T21:00:00Z,2016-02-29T18:00:00-03:00,2016-02-29T22:00:00Z,2016-02-29T19:00:00-03:00
59.01,,,False,1,pm10,µg/m³,,raw,01:00:00,2016-02-29T22:00:00Z,2016-02-29T19:00:00-03:00,2016-02-29T23:00:00Z,2016-02-29T20:00:00-03:00,1,01:00:00,1,01:00:00,100.0,100.0,2016-02-29T22:00:00Z,2016-02-29T19:00:00-03:00,2016-02-29T23:00:00Z,2016-02-29T20:00:00-03:00
53.4,,,False,1,pm10,µg/m³,,raw,01:00:00,2016-03-01T00:00:00Z,2016-02-29T21:00:00-03:00,2016-03-01T01:00:00Z,2016-02-29T22:00:00-03:00,1,01:00:00,1,01:00:00,100.0,100.0,2016-03-01T00:00:00Z,2016-02-29T21:00:00-03:00,2016-03-01T01:00:00Z,2016-02-29T22:00:00-03:00
38.95,,,False,1,pm10,µg/m³,,raw,01:00:00,2016-03-01T01:00:00Z,2016-02-29T22:00:00-03:00,2016-03-01T02:00:00Z,2016-02-29T23:00:00-03:00,1,01:00:00,1,01:00:00,100.0,100.0,2016-03-01T01:00:00Z,2016-02-29T22:00:00-03:00,2016-03-01T02:00:00Z,2016-02-29T23:00:00-03:00
27.83,,,False,1,pm10,µg/m³,,raw,01:00:00,2016-03-01T02:00:00Z,2016-02-29T23:00:00-03:00,2016-03-01T03:00:00Z,2016-03-01T00:00:00-03:00,1,01:00:00,1,01:00:00,100.0,100.0,2016-03-01T02:00:00Z,2016-02-29T23:00:00-03:00,2016-03-01T03:00:00Z,2016-03-01T00:00:00-03:00
50.66,,,False,1,pm10,µg/m³,,raw,01:00:00,2016-03-01T03:00:00Z,2016-03-01T00:00:00-03:00,2016-03-01T04:00:00Z,2016-03-01T01:00:00-03:00,1,01:00:00,1,01:00:00,100.0,100.0,2016-03-01T03:00:00Z,2016-03-01T00:00:00-03:00,2016-03-01T04:00:00Z,2016-03-01T01:00:00-03:00
53.46,,,False,1,pm10,µg/m³,,raw,01:00:00,2016-03-01T04:00:00Z,2016-03-01T01:00:00-03:00,2016-03-01T05:00:00Z,2016-03-01T02:00:00-03:00,1,01:00:00,1,01:00:00,100.0,100.0,2016-03-01T04:00:00Z,2016-03-01T01:00:00-03:00,2016-03-01T05:00:00Z,2016-03-01T02:00:00-03:00
38.94,,,False,1,pm10,µg/m³,,raw,01:00:00,2016-03-01T05:00:00Z,2016-03-01T02:00:00-03:00,2016-03-01T06:00:00Z,2016-03-01T03:00:00-03:00,1,01:00:00,1,01:00:00,100.0,100.0,2016-03-01T05:00:00Z,2016-03-01T02:00:00-03:00,2016-03-01T06:00:00Z,2016-03-01T03:00:00-03:00
37.21,,,False,1,pm10,µg/m³,,raw,01:00:00,2016-03-01T06:00:00Z,2016-03-01T03:00:00-03:00,2016-03-01T07:00:00Z,2016-03-01T04:00:00-03:00,1,01:00:00,1,01:00:00,100.0,100.0,2016-03-01T06:00:00Z,2016-03-01T03:00:00-03:00,2016-03-01T07:00:00Z,2016-03-01T04:00:00-03:00
36.5,,,False,1,pm10,µg/m³,,raw,01:00:00,2016-03-01T07:00:00Z,2016-03-01T04:00:00-03:00,2016-03-01T08:00:00Z,2016-03-01T05:00:00-03:00,1,01:00:00,1,01:00:00,100.0,100.0,2016-03-01T07:00:00Z,2016-03-01T04:00:00-03:00,2016-03-01T08:00:00Z,2016-03-01T05:00:00-03:00
30.76,,,False,1,pm10,µg/m³,,raw,01:00:00,2016-03-01T08:00:00Z,2016-03-01T05:00:00-03:00,2016-03-01T09:00:00Z,2016-03-01T06:00:00-03:00,1,01:00:00,1,01:00:00,100.0,100.0,2016-03-01T08:00:00Z,2016-03-01T05:00:00-03:00,2016-03-01T09:00:00Z,2016-03-01T06:00:00-03:00
39.8,,,False,1,pm10,µg/m³,,raw,01:00:00,2016-03-01T09:00:00Z,2016-03-01T06:00:00-03:00,2016-03-01T10:00:00Z,2016-03-01T07:00:00-03:00,1,01:00:00,1,01:00:00,100.0,100.0,2016-03-01T09:00:00Z,2016-03-01T06:00:00-03:00,2016-03-01T10:00:00Z,2016-03-01T07:00:00-03:00
40.29,,,False,1,pm10,µg/m³,,raw,01:00:00,2016-03-01T10:00:00Z,2016-03-01T07:00:00-03:00,2016-03-01T11:00:00Z,2016-03-01T08:00:00-03:00,1,01:00:00,1,01:00:00,100.0,100.0,2016-03-01T10:00:00Z,2016-03-01T07:00:00-03:00,2016-03-01T11:00:00Z,2016-03-01T08:00:00-03:00
55.33,,,False,1,pm10,µg/m³,,raw,01:00:00,2016-03-01T11:00:00Z,2016-03-01T08:00:00-03:00,2016-03-01T12:00:00Z,2016-03-01T09:00:00-03:00,1,01:00:00,1,01:00:00,100.0,100.0,2016-03-01T11:00:00Z,2016-03-01T08:00:00-03:00,2016-03-01T12:00:00Z,2016-03-01T09:00:00-03:00
70.19,,,False,1,pm10,µg/m³,,raw,01:00:00,2016-03-01T12:00:00Z,2016-03-01T09:00:00-03:00,2016-03-01T13:00:00Z,2016-03-01T10:00:00-03:00,1,01:00:00,1,01:00:00,100.0,100.0,2016-03-01T12:00:00Z,2016-03-01T09:00:00-03:00,2016-03-01T13:00:00Z,2016-03-01T10:00:00-03:00
56.87,,,False,1,pm10,µg/m³,,raw,01:00:00,2016-03-01T13:00:00Z,2016-03-01T10:00:00-03:00,2016-03-01T14:00:00Z,2016-03-01T11:00:00-03:00,1,01:00:00,1,01:00:00,100.0,100.0,2016-03-01T13:00:00Z,2016-03-01T10:00:00-03:00,2016-03-01T14:00:00Z,2016-03-01T11:00:00-03:00
53.59,,,False,1,pm10,µg/m³,,raw,01:00:00,2016-03-01T14:00:00Z,2016-03-01T11:00:00-03:00,2016-03-01T15:00:00Z,2016-03-01T12:00:00-03:00,1,01:00:00,1,01:00:00,100.0,100.0,2016-03-01T14:00:00Z,2016-03-01T11:00:00-03:00,2016-03-01T15:00:00Z,2016-03-01T12:00:00-03:00
53.8,,,False,1,pm10,µg/m³,,raw,01:00:00,2016-03-01T15:00:00Z,2016-03-01T12:00:00-03:00,2016-03-01T16:00:00Z,2016-03-01T13:00:00-03:00,1,01:00:00,1,01:00:00,100.0,100.0,2016-03-01T15:00:00Z,2016-03-01T12:00:00-03:00,2016-03-01T16:00:00Z,2016-03-01T13:00:00-03:00
32.81,,,False,1,pm10,µg/m³,,raw,01:00:00,2016-03-01T16:00:00Z,2016-03-01T13:00:00-03:00,2016-03-01T17:00:00Z,2016-03-01T14:00:00-03:00,1,01:00:00,1,01:00:00,100.0,100.0,2016-03-01T16:00:00Z,2016-03-01T13:00:00-03:00,2016-03-01T17:00:00Z,2016-03-01T14:00:00-03:00
39.92,,,False,1,pm10,µg/m³,,raw,01:00:00,2016-03-01T17:00:00Z,2016-03-01T14:00:00-03:00,2016-03-01T18:00:00Z,2016-03-01T15:00:00-03:00,1,01:00:00,1,01:00:00,100.0,100.0,2016-03-01T17:00:00Z,2016-03-01T14:00:00-03:00,2016-03-01T18:00:00Z,2016-03-01T15:00:00-03:00
39.92,,,False,1,pm10,µg/m³,,raw,01:00:00,2016-03-01T18:00:00Z,2016-03-01T15:00:00-03:00,2016-03-01T19:00:00Z,2016-03-01T16:00:00-03:00,1,01:00:00,1,01:00:00,100.0,100.0,2016-03-01T18:00:00Z,2016-03-01T15:00:00-03:00,2016-03-01T19:00:00Z,2016-03-01T16:00:00-03:00
46.43,,,False,1,pm10,µg/m³,,raw,01:00:00,2016-03-01T19:00:00Z,2016-03-01T16:00:00-03:00,2016-03-01T20:00:00Z,2016-03-01T17:00:00-03:00,1,01:00:00,1,01:00:00,100.0,100.0,2016-03-01T19:00:00Z,2016-03-01T16:00:00-03:00,2016-03-01T20:00:00Z,2016-03-01T17:00:00-03:00
46.58,,,False,1,pm10,µg/m³,,raw,01:00:00,2016-03-01T20:00:00Z,2016-03-01T17:00:00-03:00,2016-03-01T21:00:00Z,2016-03-01T18:00:00-03:00,1,01:00:00,1,01:00:00,100.0,100.0,2016-03-01T20:00:00Z,2016-03-01T17:00:00-03:00,2016-03-01T21:00:00Z,2016-03-01T18:00:00-03:00
43.3,,,False,1,pm10,µg/m³,,raw,01:00:00,2016-03-01T21:00:00Z,2016-03-01T18:00:00-03:00,2016-03-01T22:00:00Z,2016-03-01T19:00:00-03:00,1,01:00:00,1,01:00:00,100.0,100.0,2016-03-01T21:00:00Z,2016-03-01T18:00:00-03:00,2016-03-01T22:00:00Z,2016-03-01T19:00:00-03:00
65.42,,,False,1,pm10,µg/m³,,raw,01:00:00,2016-03-01T22:00:00Z,2016-03-01T19:00:00-03:00,2016-03-01T23:00:00Z,2016-03-01T20:00:00-03:00,1,01:00:00,1,01:00:00,100.0,100.0,2016-03-01T22:00:00Z,2016-03-01T19:00:00-03:00,2016-03-01T23:00:00Z,2016-03-01T20:00:00-03:00
57.12,,,False,1,pm10,µg/m³,,raw,01:00:00,2016-03-01T23:00:00Z,2016-03-01T20:00:00-03:00,2016-03-02T00:00:00Z,2016-03-01T21:00:00-03:00,1,01:00:00,1,01:00:00,100.0,100.0,2016-03-01T23:00:00Z,2016-03-01T20:00:00-03:00,2016-03-02T00:00:00Z,2016-03-01T21:00:00-03:00
63.31,,,False,1,pm10,µg/m³,,raw,01:00:00,2016-03-02T00:00:00Z,2016-03-01T21:00:00-03:00,2016-03-02T01:00:00Z,2016-03-01T22:00:00-03:00,1,01:00:00,1,01:00:00,100.0,100.0,2016-03-02T00:00:00Z,2016-03-01T21:00:00-03:00,2016-03-02T01:00:00Z,2016-03-01T22:00:00-03:00
66.93,,,False,1,pm10,µg/m³,,raw,01:00:00,2016-03-02T01:00:00Z,2016-03-01T22:00:00-03:00,2016-03-02T02:00:00Z,2016-03-01T23:00:00-03:00,1,01:00:00,1,01:00:00,100.0,100.0,2016-03-02T01:00:00Z,2016-03-01T22:00:00-03:00,2016-03-02T02:00:00Z,2016-03-01T23:00:00-03:00
59.52,,,False,1,pm10,µg/m³,,raw,01:00:00,2016-03-02T02:00:00Z,2016-03-01T23:00:00-03:00,2016-03-02T03:00:00Z,2016-03-02T00:00:00-03:00,1,01:00:00,1,01:00:00,100.0,100.0,2016-03-02T02:00:00Z,2016-03-01T23:00:00-03:00,2016-03-02T03:00:00Z,2016-03-02T00:00:00-03:00
47.32,,,False,1,pm10,µg/m³,,raw,01:00:00,2016-03-02T03:00:00Z,2016-03-02T00:00:00-03:00,2016-03-02T04:00:00Z,2016-03-02T01:00:00-03:00,1,01:00:00,1,01:00:00,100.0,100.0,2016-03-02T03:00:00Z,2016-03-02T00:00:00-03:00,2016-03-02T04:00:00Z,2016-03-02T01:00:00-03:00
41.12,,,False,1,pm10,µg/m³,,raw,01:00:00,2016-03-02T04:00:00Z,2016-03-02T01:00:00-03:00,2016-03-02T05:00:00Z,2016-03-02T02:00:00-03:00,1,01:00:00,1,01:00:00,100.0,100.0,2016-03-02T04:00:00Z,2016-03-02T01:00:00-03:00,2016-03-02T05:00:00Z,2016-03-02T02:00:00-03:00
43.66,,,False,1,pm10,µg/m³,,raw,01:00:00,2016-03-02T05:00:00Z,2016-03-02T02:00:00-03:00,2016-03-02T06:00:00Z,2016-03-02T03:00:00-03:00,1,01:00:00,1,01:00:00,100.0,100.0,2016-03-02T05:00:00Z,2016-03-02T02:00:00-03:00,2016-03-02T06:00:00Z,2016-03-02T03:00:00-03:00
40.62,,,False,1,pm10,µg/m³,,raw,01:00:00,2016-03-02T06:00:00Z,2016-03-02T03:00:00-03:00,2016-03-02T07:00:00Z,2016-03-02T04:00:00-03:00,1,01:00:00,1,01:00:00,100.0,100.0,2016-03-02T06:00:00Z,2016-03-02T03:00:00-03:00,2016-03-02T07:00:00Z,2016-03-02T04:00:00-03:00
39.3,,,False,1,pm10,µg/m³,,raw,01:00:00,2016-03-02T07:00:00Z,2016-03-02T04:00:00-03:00,2016-03-02T08:00:00Z,2016-03-02T05:00:00-03:00,1,01:00:00,1,01:00:00,100.0,100.0,2016-03-02T07:00:00Z,2016-03-02T04:00:00-03:00,2016-03-02T08:00:00Z,2016-03-02T05:00:00-03:00
34.53,,,False,1,pm10,µg/m³,,raw,01:00:00,2016-03-02T08:00:00Z,2016-03-02T05:00:00-03:00,2016-03-02T09:00:00Z,2016-03-02T06:00:00-03:00,1,01:00:00,1,01:00:00,100.0,100.0,2016-03-02T08:00:00Z,2016-03-02T05:00:00-03:00,2016-03-02T09:00:00Z,2016-03-02T06:00:00-03:00
38.62,,,False,1,pm10,µg/m³,,raw,01:00:00,2016-03-02T09:00:00Z,2016-03-02T06:00:00-03:00,2016-03-02T10:00:00Z,2016-03-02T07:00:00-03:00,1,01:00:00,1,01:00:00,100.0,100.0,2016-03-02T09:00:00Z,2016-03-02T06:00:00-03:00,2016-03-02T10:00:00Z,2016-03-02T07:00:00-03:00
51.33,,,False,1,pm10,µg/m³,,raw,01:00:00,2016-03-02T10:00:00Z,2016-03-02T07:00:00-03:00,2016-03-02T11:00:00Z,2016-03-02T08:00:00-03:00,1,01:00:00,1,01:00:00,100.0,100.0,2016-03-02T10:00:00Z,2016-03-02T07:00:00-03:00,2016-03-02T11:00:00Z,2016-03-02T08:00:00-03:00
59.07,,,False,1,pm10,µg/m³,,raw,01:00:00,2016-03-02T11:00:00Z,2016-03-02T08:00:00-03:00,2016-03-02T12:00:00Z,2016-03-02T09:00:00-03:00,1,01:00:00,1,01:00:00,100.0,100.0,2016-03-02T11:00:00Z,2016-03-02T08:00:00-03:00,2016-03-02T12:00:00Z,2016-03-02T09:00:00-03:00
64.41,,,False,1,pm10,µg/m³,,raw,01:00:00,2016-03-02T12:00:00Z,2016-03-02T09:00:00-03:00,2016-03-02T13:00:00Z,2016-03-02T10:00:00-03:00,1,01:00:00,1,01:00:00,100.0,100.0,2016-03-02T12:00:00Z,2016-03-02T09:00:00-03:00,2016-03-02T13:00:00Z,2016-03-02T10:00:00-03:00
65.45,,,False,1,pm10,µg/m³,,raw,01:00:00,2016-03-02T13:00:00Z,2016-03-02T10:00:00-03:00,2016-03-02T14:00:00Z,2016-03-02T11:00:00-03:00,1,01:00:00,1,01:00:00,100.0,100.0,2016-03-02T13:00:00Z,2016-03-02T10:00:00-03:00,2016-03-02T14:00:00Z,2016-03-02T11:00:00-03:00
49.38,,,False,1,pm10,µg/m³,,raw,01:00:00,2016-03-02T14:00:00Z,2016-03-02T11:00:00-03:00,2016-03-02T15:00:00Z,2016-03-02T12:00:00-03:00,1,01:00:00,1,01:00:00,100.0,100.0,2016-03-02T14:00:00Z,2016-03-02T11:00:00-03:00,2016-03-02T15:00:00Z,2016-03-02T12:00:00-03:00
50.13,,,False,1,pm10,µg/m³,,raw,01:00:00,2016-03-02T15:00:00Z,2016-03-02T12:00:00-03:00,2016-03-02T16:00:00Z,2016-03-02T13:00:00-03:00,1,01:00:00,1,01:00:00,100.0,100.0,2016-03-02T15:00:00Z,2016-03-02T12:00:00-03:00,2016-03-02T16:00:00Z,2016-03-02T13:00:00-03:00
36.82,,,False,1,pm10,µg/m³,,raw,01:00:00,2016-03-02T16:00:00Z,2016-03-02T13:00:00-03:00,2016-03-02T17:00:00Z,2016-03-02T14:00:00-03:00,1,01:00:00,1,01:00:00,100.0,100.0,2016-03-02T16:00:00Z,2016-03-02T13:00:00-03:00,2016-03-02T17:00:00Z,2016-03-02T14:00:00-03:00
54.58,,,False,1,pm10,µg/m³,,raw,01:00:00,2016-03-02T17:00:00Z,2016-03-02T14:00:00-03:00,2016-03-02T18:00:00Z,2016-03-02T15:00:00-03:00,1,01:00:00,1,01:00:00,100.0,100.0,2016-03-02T17:00:00Z,2016-03-02T14:00:00-03:00,2016-03-02T18:00:00Z,2016-03-02T15:00:00-03:00
56.79,,,False,1,pm10,µg/m³,,raw,01:00:00,2016-03-02T18:00:00Z,2016-03-02T15:00:00-03:00,2016-03-02T19:00:00Z,2016-03-02T16:00:00-03:00,1,01:00:00,1,01:00:00,100.0,100.0,2016-03-02T18:00:00Z,2016-03-02T15:00:00-03:00,2016-03-02T19:00:00Z,2016-03-02T16:00:00-03:00
57.13,,,False,1,pm10,µg/m³,,raw,01:00:00,2016-03-02T19:00:00Z,2016-03-02T16:00:00-03:00,2016-03-02T20:00:00Z,2016-03-02T17:00:00-03:00,1,01:00:00,1,01:00:00,100.0,100.0,2016-03-02T19:00:00Z,2016-03-02T16:00:00-03:00,2016-03-02T20:00:00Z,2016-03-02T17:00:00-03:00
48.56,,,False,1,pm10,µg/m³,,raw,01:00:00,2016-03-02T20:00:00Z,2016-03-02T17:00:00-03:00,2016-03-02T21:00:00Z,2016-03-02T18:00:00-03:00,1,01:00:00,1,01:00:00,100.0,100.0,2016-03-02T20:00:00Z,2016-03-02T17:00:00-03:00,2016-03-02T21:00:00Z,2016-03-02T18:00:00-03:00
59.0,,,False,1,pm10,µg/m³,,raw,01:00:00,2016-03-02T21:00:00Z,2016-03-02T18:00:00-03:00,2016-03-02T22:00:00Z,2016-03-02T19:00:00-03:00,1,01:00:00,1,01:00:00,100.0,100.0,2016-03-02T21:00:00Z,2016-03-02T18:00:00-03:00,2016-03-02T22:00:00Z,2016-03-02T19:00:00-03:00
75.55,,,False,1,pm10,µg/m³,,raw,01:00:00,2016-03-02T22:00:00Z,2016-03-02T19:00:00-03:00,2016-03-02T23:00:00Z,2016-03-02T20:00:00-03:00,1,01:00:00,1,01:00:00,100.0,100.0,2016-03-02T22:00:00Z,2016-03-02T19:00:00-03:00,2016-03-02T23:00:00Z,2016-03-02T20:00:00-03:00
74.13,,,False,1,pm10,µg/m³,,raw,01:00:00,2016-03-02T23:00:00Z,2016-03-02T20:00:00-03:00,2016-03-03T00:00:00Z,2016-03-02T21:00:00-03:00,1,01:00:00,1,01:00:00,100.0,100.0,2016-03-02T23:00:00Z,2016-03-02T20:00:00-03:00,2016-03-03T00:00:00Z,2016-03-02T21:00:00-03:00
70.82,,,False,1,pm10,µg/m³,,raw,01:00:00,2016-03-03T00:00:00Z,2016-03-02T21:00:00-03:00,2016-03-03T01:00:00Z,2016-03-02T22:00:00-03:00,1,01:00:00,1,01:00:00,100.0,100.0,2016-03-03T00:00:00Z,2016-03-02T21:00:00-03:00,2016-03-03T01:00:00Z,2016-03-02T22:00:00-03:00
64.07,,,False,1,pm10,µg/m³,,raw,01:00:00,2016-03-03T01:00:00Z,2016-03-02T22:00:00-03:00,2016-03-03T02:00:00Z,2016-03-02T23:00:00-03:00,1,01:00:00,1,01:00:00,100.0,100.0,2016-03-03T01:00:00Z,2016-03-02T22:00:00-03:00,2016-03-03T02:00:00Z,2016-03-02T23:00:00-03:00
43.57,,,False,1,pm10,µg/m³,,raw,01:00:00,2016-03-03T03:00:00Z,2016-03-03T00:00:00-03:00,2016-03-03T04:00:00Z,2016-03-03T01:00:00-03:00,1,01:00:00,1,01:00:00,100.0,100.0,2016-03-03T03:00:00Z,2016-03-03T00:00:00-03:00,2016-03-03T04:00:00Z,2016-03-03T01:00:00-03:00
34.41,,,False,1,pm10,µg/m³,,raw,01:00:00,2016-03-03T10:00:00Z,2016-03-03T07:00:00-03:00,2016-03-03T11:00:00Z,2016-03-03T08:00:00-03:00,1,01:00:00,1,01:00:00,100.0,100.0,2016-03-03T10:00:00Z,2016-03-03T07:00:00-03:00,2016-03-03T11:00:00Z,2016-03-03T08:00:00-03:00
32.1,,,False,1,pm10,µg/m³,,raw,01:00:00,2016-03-03T11:00:00Z,2016-03-03T08:00:00-03:00,2016-03-03T12:00:00Z,2016-03-03T09:00:00-03:00,1,01:00:00,1,01:00:00,100.0,100.0,2016-03-03T11:00:00Z,2016-03-03T08:00:00-03:00,2016-03-03T12:00:00Z,2016-03-03T09:00:00-03:00
43.6,,,False,1,pm10,µg/m³,,raw,01:00:00,2016-03-03T12:00:00Z,2016-03-03T09:00:00-03:00,2016-03-03T13:00:00Z,2016-03-03T10:00:00-03:00,1,01:00:00,1,01:00:00,100.0,100.0,2016-03-03T12:00:00Z,2016-03-03T09:00:00-03:00,2016-03-03T13:00:00Z,2016-03-03T10:00:00-03:00
79.09,,,False,1,pm10,µg/m³,,raw,01:00:00,2016-03-03T13:00:00Z,2016-03-03T10:00:00-03:00,2016-03-03T14:00:00Z,2016-03-03T11:00:00-03:00,1,01:00:00,1,01:00:00,100.0,100.0,2016-03-03T13:00:00Z,2016-03-03T10:00:00-03:00,2016-03-03T14:00:00Z,2016-03-03T11:00:00-03:00
103.7,,,False,1,pm10,µg/m³,,raw,01:00:00,2016-03-03T14:00:00Z,2016-03-03T11:00:00-03:00,2016-03-03T15:00:00Z,2016-03-03T12:00:00-03:00,1,01:00:00,1,01:00:00,100.0,100.0,2016-03-03T14:00:00Z,2016-03-03T11:00:00-03:00,2016-03-03T15:00:00Z,2016-03-03T12:00:00-03:00
206.0,,,False,1,pm10,µg/m³,,raw,01:00:00,2016-03-03T16:00:00Z,2016-03-03T13:00:00-03:00,2016-03-03T17:00:00Z,2016-03-03T14:00:00-03:00,1,01:00:00,1,01:00:00,100.0,100.0,2016-03-03T16:00:00Z,2016-03-03T13:00:00-03:00,2016-03-03T17:00:00Z,2016-03-03T14:00:00-03:00
85.09,,,False,1,pm10,µg/m³,,raw,01:00:00,2016-03-03T17:00:00Z,2016-03-03T14:00:00-03:00,2016-03-03T18:00:00Z,2016-03-03T15:00:00-03:00,1,01:00:00,1,01:00:00,100.0,100.0,2016-03-03T17:00:00Z,2016-03-03T14:00:00-03:00,2016-03-03T18:00:00Z,2016-03-03T15:00:00-03:00
93.38,,,False,1,pm10,µg/m³,,raw,01:00:00,2016-03-03T18:00:00Z,2016-03-03T15:00:00-03:00,2016-03-03T19:00:00Z,2016-03-03T16:00:00-03:00,1,01:00:00,1,01:00:00,100.0,100.0,2016-03-03T18:00:00Z,2016-03-03T15:00:00-03:00,2016-03-03T19:00:00Z,2016-03-03T16:00:00-03:00
138.2,,,False,1,pm10,µg/m³,,raw,01:00:00,2016-03-03T19:00:00Z,2016-03-03T16:00:00-03:00,2016-03-03T20:00:00Z,2016-03-03T17:00:00-03:00,1,01:00:00,1,01:00:00,100.0,100.0,2016-03-03T19:00:00Z,2016-03-03T16:00:00-03:00,2016-03-03T20:00:00Z,2016-03-03T17:00:00-03:00
60.03,,,False,1,pm10,µg/m³,,raw,01:00:00,2016-03-03T20:00:00Z,2016-03-03T17:00:00-03:00,2016-03-03T21:00:00Z,2016-03-03T18:00:00-03:00,1,01:00:00,1,01:00:00,100.0,100.0,2016-03-03T20:00:00Z,2016-03-03T17:00:00-03:00,2016-03-03T21:00:00Z,2016-03-03T18:00:00-03:00
67.3,,,False,1,pm10,µg/m³,,raw,01:00:00,2016-03-03T21:00:00Z,2016-03-03T18:00:00-03:00,2016-03-03T22:00:00Z,2016-03-03T19:00:00-03:00,1,01:00:00,1,01:00:00,100.0,100.0,2016-03-03T21:00:00Z,2016-03-03T18:00:00-03:00,2016-03-03T22:00:00Z,2016-03-03T19:00:00-03:00
70.8,,,False,1,pm10,µg/m³,,raw,01:00:00,2016-03-03T22:00:00Z,2016-03-03T19:00:00-03:00,2016-03-03T23:00:00Z,2016-03-03T20:00:00-03:00,1,01:00:00,1,01:00:00,100.0,100.0,2016-03-03T22:00:00Z,2016-03-03T19:00:00-03:00,2016-03-03T23:00:00Z,2016-03-03T20:00:00-03:00
64.22,,,False,1,pm10,µg/m³,,raw,01:00:00,2016-03-03T23:00:00Z,2016-03-03T20:00:00-03:00,2016-03-04T00:00:00Z,2016-03-03T21:00:00-03:00,1,01:00:00,1,01:00:00,100.0,100.0,2016-03-03T23:00:00Z,2016-03-03T20:00:00-03:00,2016-03-04T00:00:00Z,2016-03-03T21:00:00-03:00
60.83,,,False,1,pm10,µg/m³,,raw,01:00:00,2016-03-04T00:00:00Z,2016-03-03T21:00:00-03:00,2016-03-04T01:00:00Z,2016-03-03T22:00:00-03:00,1,01:00:00,1,01:00:00,100.0,100.0,2016-03-04T00:00:00Z,2016-03-03T21:00:00-03:00,2016-03-04T01:00:00Z,2016-03-03T22:00:00-03:00
53.0,,,False,1,pm10,µg/m³,,raw,01:00:00,2016-03-04T01:00:00Z,2016-03-03T22:00:00-03:00,2016-03-04T02:00:00Z,2016-03-03T23:00:00-03:00,1,01:00:00,1,01:00:00,100.0,100.0,2016-03-04T01:00:00Z,2016-03-03T22:00:00-03:00,2016-03-04T02:00:00Z,2016-03-03T23:00:00-03:00
60.44,,,False,1,pm10,µg/m³,,raw,01:00:00,2016-03-04T03:00:00Z,2016-03-04T00:00:00-03:00,2016-03-04T04:00:00Z,2016-03-04T01:00:00-03:00,1,01:00:00,1,01:00:00,100.0,100.0,2016-03-04T03:00:00Z,2016-03-04T00:00:00-03:00,2016-03-04T04:00:00Z,2016-03-04T01:00:00-03:00
52.06,,,False,1,pm10,µg/m³,,raw,01:00:00,2016-03-04T05:00:00Z,2016-03-04T02:00:00-03:00,2016-03-04T06:00:00Z,2016-03-04T03:00:00-03:00,1,01:00:00,1,01:00:00,100.0,100.0,2016-03-04T05:00:00Z,2016-03-04T02:00:00-03:00,2016-03-04T06:00:00Z,2016-03-04T03:00:00-03:00
38.57,,,False,1,pm10,µg/m³,,raw,01:00:00,2016-03-04T06:00:00Z,2016-03-04T03:00:00-03:00,2016-03-04T07:00:00Z,2016-03-04T04:00:00-03:00,1,01:00:00,1,01:00:00,100.0,100.0,2016-03-04T06:00:00Z,2016-03-04T03:00:00-03:00,2016-03-04T07:00:00Z,2016-03-04T04:00:00-03:00
34.23,,,False,1,pm10,µg/m³,,raw,01:00:00,2016-03-04T07:00:00Z,2016-03-04T04:00:00-03:00,2016-03-04T08:00:00Z,2016-03-04T05:00:00-03:00,1,01:00:00,1,01:00:00,100.0,100.0,2016-03-04T07:00:00Z,2016-03-04T04:00:00-03:00,2016-03-04T08:00:00Z,2016-03-04T05:00:00-03:00
30.2,,,False,1,pm10,µg/m³,,raw,01:00:00,2016-03-04T08:00:00Z,2016-03-04T05:00:00-03:00,2016-03-04T09:00:00Z,2016-03-04T06:00:00-03:00,1,01:00:00,1,01:00:00,100.0,100.0,2016-03-04T08:00:00Z,2016-03-04T05:00:00-03:00,2016-03-04T09:00:00Z,2016-03-04T06:00:00-03:00
36.83,,,False,1,pm10,µg/m³,,raw,01:00:00,2016-03-04T09:00:00Z,2016-03-04T06:00:00-03:00,2016-03-04T10:00:00Z,2016-03-04T07:00:00-03:00,1,01:00:00,1,01:00:00,100.0,100.0,2016-03-04T09:00:00Z,2016-03-04T06:00:00-03:00,2016-03-04T10:00:00Z,2016-03-04T07:00:00-03:00
58.53,,,False,1,pm10,µg/m³,,raw,01:00:00,2016-03-04T10:00:00Z,2016-03-04T07:00:00-03:00,2016-03-04T11:00:00Z,2016-03-04T08:00:00-03:00,1,01:00:00,1,01:00:00,100.0,100.0,2016-03-04T10:00:00Z,2016-03-04T07:00:00-03:00,2016-03-04T11:00:00Z,2016-03-04T08:00:00-03:00
74.47,,,False,1,pm10,µg/m³,,raw,01:00:00,2016-03-04T11:00:00Z,2016-03-04T08:00:00-03:00,2016-03-04T12:00:00Z,2016-03-04T09:00:00-03:00,1,01:00:00,1,01:00:00,100.0,100.0,2016-03-04T11:00:00Z,2016-03-04T08:00:00-03:00,2016-03-04T12:00:00Z,2016-03-04T09:00:00-03:00
76.62,,,False,1,pm10,µg/m³,,raw,01:00:00,2016-03-04T12:00:00Z,2016-03-04T09:00:00-03:00,2016-03-04T13:00:00Z,2016-03-04T10:00:00-03:00,1,01:00:00,1,01:00:00,100.0,100.0,2016-03-04T12:00:00Z,2016-03-04T09:00:00-03:00,2016-03-04T13:00:00Z,2016-03-04T10:00:00-03:00
76.32,,,False,1,pm10,µg/m³,,raw,01:00:00,2016-03-04T13:00:00Z,2016-03-04T10:00:00-03:00,2016-03-04T14:00:00Z,2016-03-04T11:00:00-03:00,1,01:00:00,1,01:00:00,100.0,100.0,2016-03-04T13:00:00Z,2016-03-04T10:00:00-03:00,2016-03-04T14:00:00Z,2016-03-04T11:00:00-03:00
74.74,,,False,1,pm10,µg/m³,,raw,01:00:00,2016-03-04T14:00:00Z,2016-03-04T11:00:00-03:00,2016-03-04T15:00:00Z,2016-03-04T12:00:00-03:00,1,01:00:00,1,01:00:00,100.0,100.0,2016-03-04T14:00:00Z,2016-03-04T11:00:00-03:00,2016-03-04T15:00:00Z,2016-03-04T12:00:00-03:00
64.32,,,False,1,pm10,µg/m³,,raw,01:00:00,2016-03-04T15:00:00Z,2016-03-04T12:00:00-03:00,2016-03-04T16:00:00Z,2016-03-04T13:00:00-03:00,1,01:00:00,1,01:00:00,100.0,100.0,2016-03-04T15:00:00Z,2016-03-04T12:00:00-03:00,2016-03-04T16:00:00Z,2016-03-04T13:00:00-03:00
49.45,,,False,1,pm10,µg/m³,,raw,01:00:00,2016-03-04T16:00:00Z,2016-03-04T13:00:00-03:00,2016-03-04T17:00:00Z,2016-03-04T14:00:00-03:00,1,01:00:00,1,01:00:00,100.0,100.0,2016-03-04T16:00:00Z,2016-03-04T13:00:00-03:00,2016-03-04T17:00:00Z,2016-03-04T14:00:00-03:00
112.6,,,False,1,pm10,µg/m³,,raw,01:00:00,2016-03-04T17:00:00Z,2016-03-04T14:00:00-03:00,2016-03-04T18:00:00Z,2016-03-04T15:00:00-03:00,1,01:00:00,1,01:00:00,100.0,100.0,2016-03-04T17:00:00Z,2016-03-04T14:00:00-03:00,2016-03-04T18:00:00Z,2016-03-04T15:00:00-03:00
6.37,,,False,1,pm10,µg/m³,,raw,01:00:00,2016-03-04T18:00:00Z,2016-03-04T15:00:00-03:00,2016-03-04T19:00:00Z,2016-03-04T16:00:00-03:00,1,01:00:00,1,01:00:00,100.0,100.0,2016-03-04T18:00:00Z,2016-03-04T15:00:00-03:00,2016-03-04T19:00:00Z,2016-03-04T16:00:00-03:00
27.96,,,False,1,pm10,µg/m³,,raw,01:00:00,2016-03-04T19:00:00Z,2016-03-04T16:00:00-03:00,2016-03-04T20:00:00Z,2016-03-04T17:00:00-03:00,1,01:00:00,1,01:00:00,100.0,100.0,2016-03-04T19:00:00Z,2016-03-04T16:00:00-03:00,2016-03-04T20:00:00Z,2016-03-04T17:00:00-03:00
32.39,,,False,1,pm10,µg/m³,,raw,01:00:00,2016-03-04T20:00:00Z,2016-03-04T17:00:00-03:00,2016-03-04T21:00:00Z,2016-03-04T18:00:00-03:00,1,01:00:00,1,01:00:00,100.0,100.0,2016-03-04T20:00:00Z,2016-03-04T17:00:00-03:00,2016-03-04T21:00:00Z,2016-03-04T18:00:00-03:00
44.07,,,False,1,pm10,µg/m³,,raw,01:00:00,2016-03-04T21:00:00Z,2016-03-04T18:00:00-03:00,2016-03-04T22:00:00Z,2016-03-04T19:00:00-03:00,1,01:00:00,1,01:00:00,100.0,100.0,2016-03-04T21:00:00Z,2016-03-04T18:00:00-03:00,2016-03-04T22:00:00Z,2016-03-04T19:00:00-03:00
58.75,,,False,1,pm10,µg/m³,,raw,01:00:00,2016-03-04T22:00:00Z,2016-03-04T19:00:00-03:00,2016-03-04T23:00:00Z,2016-03-04T20:00:00-03:00,1,01:00:00,1,01:00:00,100.0,100.0,2016-03-04T22:00:00Z,2016-03-04T19:00:00-03:00,2016-03-04T23:00:00Z,2016-03-04T20:00:00-03:00
88.8,,,False,1,pm10,µg/m³,,raw,01:00:00,2016-03-04T23:00:00Z,2016-03-04T20:00:00-03:00,2016-03-05T00:00:00Z,2016-03-04T21:00:00-03:00,1,01:00:00,1,01:00:00,100.0,100.0,2016-03-04T23:00:00Z,2016-03-04T20:00:00-03:00,2016-03-05T00:00:00Z,2016-03-04T21:00:00-03:00
92.29,,,False,1,pm10,µg/m³,,raw,01:00:00,2016-03-05T00:00:00Z,2016-03-04T21:00:00-03:00,2016-03-05T01:00:00Z,2016-03-04T22:00:00-03:00,1,01:00:00,1,01:00:00,100.0,100.0,2016-03-05T00:00:00Z,2016-03-04T21:00:00-03:00,2016-03-05T01:00:00Z,2016-03-04T22:00:00-03:00
63.23,,,False,1,pm10,µg/m³,,raw,01:00:00,2016-03-05T01:00:00Z,2016-03-04T22:00:00-03:00,2016-03-05T02:00:00Z,2016-03-04T23:00:00-03:00,1,01:00:00,1,01:00:00,100.0,100.0,2016-03-05T01:00:00Z,2016-03-04T22:00:00-03:00,2016-03-05T02:00:00Z,2016-03-04T23:00:00-03:00
70.64,,,False,1,pm10,µg/m³,,raw,01:00:00,2016-03-05T02:00:00Z,2016-03-04T23:00:00-03:00,2016-03-05T03:00:00Z,2016-03-05T00:00:00-03:00,1,01:00:00,1,01:00:00,100.0,100.0,2016-03-05T02:00:00Z,2016-03-04T23:00:00-03:00,2016-03-05T03:00:00Z,2016-03-05T00:00:00-03:00
67.2,,,False,1,pm10,µg/m³,,raw,01:00:00,2016-03-05T03:00:00Z,2016-03-05T00:00:00-03:00,2016-03-05T04:00:00Z,2016-03-05T01:00:00-03:00,1,01:00:00,1,01:00:00,100.0,100.0,2016-03-05T03:00:00Z,2016-03-05T00:00:00-03:00,2016-03-05T04:00:00Z,2016-03-05T01:00:00-03:00
65.11,,,False,1,pm10,µg/m³,,raw,01:00:00,2016-03-05T04:00:00Z,2016-03-05T01:00:00-03:00,2016-03-05T05:00:00Z,2016-03-05T02:00:00-03:00,1,01:00:00,1,01:00:00,100.0,100.0,2016-03-05T04:00:00Z,2016-03-05T01:00:00-03:00,2016-03-05T05:00:00Z,2016-03-05T02:00:00-03:00
58.5,,,False,1,pm10,µg/m³,,raw,01:00:00,2016-03-05T05:00:00Z,2016-03-05T02:00:00-03:00,2016-03-05T06:00:00Z,2016-03-05T03:00:00-03:00,1,01:00:00,1,01:00:00,100.0,100.0,2016-03-05T05:00:00Z,2016-03-05T02:00:00-03:00,2016-03-05T06:00:00Z,2016-03-05T03:00:00-03:00
39.89,,,False,1,pm10,µg/m³,,raw,01:00:00,2016-03-05T07:00:00Z,2016-03-05T04:00:00-03:00,2016-03-05T08:00:00Z,2016-03-05T05:00:00-03:00,1,01:00:00,1,01:00:00,100.0,100.0,2016-03-05T07:00:00Z,2016-03-05T04:00:00-03:00,2016-03-05T08:00:00Z,2016-03-05T05:00:00-03:00
41.79,,,False,1,pm10,µg/m³,,raw,01:00:00,2016-03-05T08:00:00Z,2016-03-05T05:00:00-03:00,2016-03-05T09:00:00Z,2016-03-05T06:00:00-03:00,1,01:00:00,1,01:00:00,100.0,100.0,2016-03-05T08:00:00Z,2016-03-05T05:00:00-03:00,2016-03-05T09:00:00Z,2016-03-05T06:00:00-03:00
41.13,,,False,1,pm10,µg/m³,,raw,01:00:00,2016-03-05T09:00:00Z,2016-03-05T06:00:00-03:00,2016-03-05T10:00:00Z,2016-03-05T07:00:00-03:00,1,01:00:00,1,01:00:00,100.0,100.0,2016-03-05T09:00:00Z,2016-03-05T06:00:00-03:00,2016-03-05T10:00:00Z,2016-03-05T07:00:00-03:00
54.87,,,False,1,pm10,µg/m³,,raw,01:00:00,2016-03-05T10:00:00Z,2016-03-05T07:00:00-03:00,2016-03-05T11:00:00Z,2016-03-05T08:00:00-03:00,1,01:00:00,1,01:00:00,100.0,100.0,2016-03-05T10:00:00Z,2016-03-05T07:00:00-03:00,2016-03-05T11:00:00Z,2016-03-05T08:00:00-03:00
49.6,,,False,1,pm10,µg/m³,,raw,01:00:00,2016-03-05T11:00:00Z,2016-03-05T08:00:00-03:00,2016-03-05T12:00:00Z,2016-03-05T09:00:00-03:00,1,01:00:00,1,01:00:00,100.0,100.0,2016-03-05T11:00:00Z,2016-03-05T08:00:00-03:00,2016-03-05T12:00:00Z,2016-03-05T09:00:00-03:00
58.37,,,False,1,pm10,µg/m³,,raw,01:00:00,2016-03-05T12:00:00Z,2016-03-05T09:00:00-03:00,2016-03-05T13:00:00Z,2016-03-05T10:00:00-03:00,1,01:00:00,1,01:00:00,100.0,100.0,2016-03-05T12:00:00Z,2016-03-05T09:00:00-03:00,2016-03-05T13:00:00Z,2016-03-05T10:00:00-03:00
74.61,,,False,1,pm10,µg/m³,,raw,01:00:00,2016-03-05T13:00:00Z,2016-03-05T10:00:00-03:00,2016-03-05T14:00:00Z,2016-03-05T11:00:00-03:00,1,01:00:00,1,01:00:00,100.0,100.0,2016-03-05T13:00:00Z,2016-03-05T10:00:00-03:00,2016-03-05T14:00:00Z,2016-03-05T11:00:00-03:00
70.29,,,False,1,pm10,µg/m³,,raw,01:00:00,2016-03-05T14:00:00Z,2016-03-05T11:00:00-03:00,2016-03-05T15:00:00Z,2016-03-05T12:00:00-03:00,1,01:00:00,1,01:00:00,100.0,100.0,2016-03-05T14:00:00Z,2016-03-05T11:00:00-03:00,2016-03-05T15:00:00Z,2016-03-05T12:00:00-03:00
73.08,,,False,1,pm10,µg/m³,,raw,01:00:00,2016-03-05T15:00:00Z,2016-03-05T12:00:00-03:00,2016-03-05T16:00:00Z,2016-03-05T13:00:00-03:00,1,01:00:00,1,01:00:00,100.0,100.0,2016-03-05T15:00:00Z,2016-03-05T12:00:00-03:00,2016-03-05T16:00:00Z,2016-03-05T13:00:00-03:00
55.02,,,False,1,pm10,µg/m³,,raw,01:00:00,2016-03-05T16:00:00Z,2016-03-05T13:00:00-03:00,2016-03-05T17:00:00Z,2016-03-05T14:00:00-03:00,1,01:00:00,1,01:00:00,100.0,100.0,2016-03-05T16:00:00Z,2016-03-05T13:00:00-03:00,2016-03-05T17:00:00Z,2016-03-05T14:00:00-03:00
43.35,,,False,1,pm10,µg/m³,,raw,01:00:00,2016-03-05T17:00:00Z,2016-03-05T14:00:00-03:00,2016-03-05T18:00:00Z,2016-03-05T15:00:00-03:00,1,01:00:00,1,01:00:00,100.0,100.0,2016-03-05T17:00:00Z,2016-03-05T14:00:00-03:00,2016-03-05T18:00:00Z,2016-03-05T15:00:00-03:00
32.72,,,False,1,pm10,µg/m³,,raw,01:00:00,2016-03-05T18:00:00Z,2016-03-05T15:00:00-03:00,2016-03-05T19:00:00Z,2016-03-05T16:00:00-03:00,1,01:00:00,1,01:00:00,100.0,100.0,2016-03-05T18:00:00Z,2016-03-05T15:00:00-03:00,2016-03-05T19:00:00Z,2016-03-05T16:00:00-03:00
38.55,,,False,1,pm10,µg/m³,,raw,01:00:00,2016-03-05T19:00:00Z,2016-03-05T16:00:00-03:00,2016-03-05T20:00:00Z,2016-03-05T17:00:00-03:00,1,01:00:00,1,01:00:00,100.0,100.0,2016-03-05T19:00:00Z,2016-03-05T16:00:00-03:00,2016-03-05T20:00:00Z,2016-03-05T17:00:00-03:00
37.22,,,False,1,pm10,µg/m³,,raw,01:00:00,2016-03-05T20:00:00Z,2016-03-05T17:00:00-03:00,2016-03-05T21:00:00Z,2016-03-05T18:00:00-03:00,1,01:00:00,1,01:00:00,100.0,100.0,2016-03-05T20:00:00Z,2016-03-05T17:00:00-03:00,2016-03-05T21:00:00Z,2016-03-05T18:00:00-03:00
57.96,,,False,1,pm10,µg/m³,,raw,01:00:00,2016-03-05T21:00:00Z,2016-03-05T18:00:00-03:00,2016-03-05T22:00:00Z,2016-03-05T19:00:00-03:00,1,01:00:00,1,01:00:00,100.0,100.0,2016-03-05T21:00:00Z,2016-03-05T18:00:00-03:00,2016-03-05T22:00:00Z,2016-03-05T19:00:00-03:00
48.53,,,False,1,pm10,µg/m³,,raw,01:00:00,2016-03-05T22:00:00Z,2016-03-05T19:00:00-03:00,2016-03-05T23:00:00Z,2016-03-05T20:00:00-03:00,1,01:00:00,1,01:00:00,100.0,100.0,2016-03-05T22:00:00Z,2016-03-05T19:00:00-03:00,2016-03-05T23:00:00Z,2016-03-05T20:00:00-03:00
48.27,,,False,1,pm10,µg/m³,,raw,01:00:00,2016-03-06T00:00:00Z,2016-03-05T21:00:00-03:00,2016-03-06T01:00:00Z,2016-03-05T22:00:00-03:00,1,01:00:00,1,01:00:00,100.0,100.0,2016-03-06T00:00:00Z,2016-03-05T21:00:00-03:00,2016-03-06T01:00:00Z,2016-03-05T22:00:00-03:00
47.04,,,False,1,pm10,µg/m³,,raw,01:00:00,2016-03-06T01:00:00Z,2016-03-05T22:00:00-03:00,2016-03-06T02:00:00Z,2016-03-05T23:00:00-03:00,1,01:00:00,1,01:00:00,100.0,100.0,2016-03-06T01:00:00Z,2016-03-05T22:00:00-03:00,2016-03-06T02:00:00Z,2016-03-05T23:00:00-03:00
36.22,,,False,1,pm10,µg/m³,,raw,01:00:00,2016-03-06T02:00:00Z,2016-03-05T23:00:00-03:00,2016-03-06T03:00:00Z,2016-03-06T00:00:00-03:00,1,01:00:00,1,01:00:00,100.0,100.0,2016-03-06T02:00:00Z,2016-03-05T23:00:00-03:00,2016-03-06T03:00:00Z,2016-03-06T00:00:00-03:00
38.57,,,False,1,pm10,µg/m³,,raw,01:00:00,2016-03-06T03:00:00Z,2016-03-06T00:00:00-03:00,2016-03-06T04:00:00Z,2016-03-06T01:00:00-03:00,1,01:00:00,1,01:00:00,100.0,100.0,2016-03-06T03:00:00Z,2016-03-06T00:00:00-03:00,2016-03-06T04:00:00Z,2016-03-06T01:00:00-03:00
42.02,,,False,1,pm10,µg/m³,,raw,01:00:00,2016-03-06T05:00:00Z,2016-03-06T02:00:00-03:00,2016-03-06T06:00:00Z,2016-03-06T03:00:00-03:00,1,01:00:00,1,01:00:00,100.0,100.0,2016-03-06T05:00:00Z,2016-03-06T02:00:00-03:00,2016-03-06T06:00:00Z,2016-03-06T03:00:00-03:00
35.42,,,False,1,pm10,µg/m³,,raw,01:00:00,2016-03-06T06:00:00Z,2016-03-06T03:00:00-03:00,2016-03-06T07:00:00Z,2016-03-06T04:00:00-03:00,1,01:00:00,1,01:00:00,100.0,100.0,2016-03-06T06:00:00Z,2016-03-06T03:00:00-03:00,2016-03-06T07:00:00Z,2016-03-06T04:00:00-03:00
31.69,,,False,1,pm10,µg/m³,,raw,01:00:00,2016-03-06T07:00:00Z,2016-03-06T04:00:00-03:00,2016-03-06T08:00:00Z,2016-03-06T05:00:00-03:00,1,01:00:00,1,01:00:00,100.0,100.0,2016-03-06T07:00:00Z,2016-03-06T04:00:00-03:00,2016-03-06T08:00:00Z,2016-03-06T05:00:00-03:00
27.73,,,False,1,pm10,µg/m³,,raw,01:00:00,2016-03-06T08:00:00Z,2016-03-06T05:00:00-03:00,2016-03-06T09:00:00Z,2016-03-06T06:00:00-03:00,1,01:00:00,1,01:00:00,100.0,100.0,2016-03-06T08:00:00Z,2016-03-06T05:00:00-03:00,2016-03-06T09:00:00Z,2016-03-06T06:00:00-03:00
31.41,,,False,1,pm10,µg/m³,,raw,01:00:00,2016-03-06T09:00:00Z,2016-03-06T06:00:00-03:00,2016-03-06T10:00:00Z,2016-03-06T07:00:00-03:00,1,01:00:00,1,01:00:00,100.0,100.0,2016-03-06T09:00:00Z,2016-03-06T06:00:00-03:00,2016-03-06T10:00:00Z,2016-03-06T07:00:00-03:00
27.29,,,False,1,pm10,µg/m³,,raw,01:00:00,2016-03-06T10:00:00Z,2016-03-06T07:00:00-03:00,2016-03-06T11:00:00Z,2016-03-06T08:00:00-03:00,1,01:00:00,1,01:00:00,100.0,100.0,2016-03-06T10:00:00Z,2016-03-06T07:00:00-03:00,2016-03-06T11:00:00Z,2016-03-06T08:00:00-03:00
25.66,,,False,1,pm10,µg/m³,,raw,01:00:00,2016-03-06T11:00:00Z,2016-03-06T08:00:00-03:00,2016-03-06T12:00:00Z,2016-03-06T09:00:00-03:00,1,01:00:00,1,01:00:00,100.0,100.0,2016-03-06T11:00:00Z,2016-03-06T08:00:00-03:00,2016-03-06T12:00:00Z,2016-03-06T09:00:00-03:00
32.18,,,False,1,pm10,µg/m³,,raw,01:00:00,2016-03-06T12:00:00Z,2016-03-06T09:00:00-03:00,2016-03-06T13:00:00Z,2016-03-06T10:00:00-03:00,1,01:00:00,1,01:00:00,100.0,100.0,2016-03-06T12:00:00Z,2016-03-06T09:00:00-03:00,2016-03-06T13:00:00Z,2016-03-06T10:00:00-03:00
30.59,,,False,1,pm10,µg/m³,,raw,01:00:00,2016-03-06T13:00:00Z,2016-03-06T10:00:00-03:00,2016-03-06T14:00:00Z,2016-03-06T11:00:00-03:00,1,01:00:00,1,01:00:00,100.0,100.0,2016-03-06T13:00:00Z,2016-03-06T10:00:00-03:00,2016-03-06T14:00:00Z,2016-03-06T11:00:00-03:00
28.81,,,False,1,pm10,µg/m³,,raw,01:00:00,2016-03-06T14:00:00Z,2016-03-06T11:00:00-03:00,2016-03-06T15:00:00Z,2016-03-06T12:00:00-03:00,1,01:00:00,1,01:00:00,100.0,100.0,2016-03-06T14:00:00Z,2016-03-06T11:00:00-03:00,2016-03-06T15:00:00Z,2016-03-06T12:00:00-03:00
38.07,,,False,1,pm10,µg/m³,,raw,01:00:00,2016-03-06T15:00:00Z,2016-03-06T12:00:00-03:00,2016-03-06T16:00:00Z,2016-03-06T13:00:00-03:00,1,01:00:00,1,01:00:00,100.0,100.0,2016-03-06T15:00:00Z,2016-03-06T12:00:00-03:00,2016-03-06T16:00:00Z,2016-03-06T13:00:00-03:00
35.48,,,False,1,pm10,µg/m³,,raw,01:00:00,2016-03-06T16:00:00Z,2016-03-06T13:00:00-03:00,2016-03-06T17:00:00Z,2016-03-06T14:00:00-03:00,1,01:00:00,1,01:00:00,100.0,100.0,2016-03-06T16:00:00Z,2016-03-06T13:00:00-03:00,2016-03-06T17:00:00Z,2016-03-06T14:00:00-03:00
31.5,,,False,1,pm10,µg/m³,,raw,01:00:00,2016-03-06T17:00:00Z,2016-03-06T14:00:00-03:00,2016-03-06T18:00:00Z,2016-03-06T15:00:00-03:00,1,01:00:00,1,01:00:00,100.0,100.0,2016-03-06T17:00:00Z,2016-03-06T14:00:00-03:00,2016-03-06T18:00:00Z,2016-03-06T15:00:00-03:00
33.13,,,False,1,pm10,µg/m³,,raw,01:00:00,2016-03-06T18:00:00Z,2016-03-06T15:00:00-03:00,2016-03-06T19:00:00Z,2016-03-06T16:00:00-03:00,1,01:00:00,1,01:00:00,100.0,100.0,2016-03-06T18:00:00Z,2016-03-06T15:00:00-03:00,2016-03-06T19:00:00Z,2016-03-06T16:00:00-03:00
40.61,,,False,1,pm10,µg/m³,,raw,01:00:00,2016-03-06T19:00:00Z,2016-03-06T16:00:00-03:00,2016-03-06T20:00:00Z,2016-03-06T17:00:00-03:00,1,01:00:00,1,01:00:00,100.0,100.0,2016-03-06T19:00:00Z,2016-03-06T16:00:00-03:00,2016-03-06T20:00:00Z,2016-03-06T17:00:00-03:00
29.69,,,False,1,pm10,µg/m³,,raw,01:00:00,2016-03-06T20:00:00Z,2016-03-06T17:00:00-03:00,2016-03-06T21:00:00Z,2016-03-06T18:00:00-03:00,1,01:00:00,1,01:00:00,100.0,100.0,2016-03-06T20:00:00Z,2016-03-06T17:00:00-03:00,2016-03-06T21:00:00Z,2016-03-06T18:00:00-03:00
30.18,,,False,1,pm10,µg/m³,,raw,01:00:00,2016-03-06T21:00:00Z,2016-03-06T18:00:00-03:00,2016-03-06T22:00:00Z,2016-03-06T19:00:00-03:00,1,01:00:00,1,01:00:00,100.0,100.0,2016-03-06T21:00:00Z,2016-03-06T18:00:00-03:00,2016-03-06T22:00:00Z,2016-03-06T19:00:00-03:00
29.42,,,False,1,pm10,µg/m³,,raw,01:00:00,2016-03-06T22:00:00Z,2016-03-06T19:00:00-03:00,2016-03-06T23:00:00Z,2016-03-06T20:00:00-03:00,1,01:00:00,1,01:00:00,100.0,100.0,2016-03-06T22:00:00Z,2016-03-06T19:00:00-03:00,2016-03-06T23:00:00Z,2016-03-06T20:00:00-03:00
29.58,,,False,1,pm10,µg/m³,,raw,01:00:00,2016-03-06T23:00:00Z,2016-03-06T20:00:00-03:00,2016-03-07T00:00:00Z,2016-03-06T21:00:00-03:00,1,01:00:00,1,01:00:00,100.0,100.0,2016-03-06T23:00:00Z,2016-03-06T20:00:00-03:00,2016-03-07T00:00:00Z,2016-03-06T21:00:00-03:00
16.84,,,False,1,pm10,µg/m³,,raw,01:00:00,2016-03-07T00:00:00Z,2016-03-06T21:00:00-03:00,2016-03-07T01:00:00Z,2016-03-06T22:00:00-03:00,1,01:00:00,1,01:00:00,100.0,100.0,2016-03-07T00:00:00Z,2016-03-06T21:00:00-03:00,2016-03-07T01:00:00Z,2016-03-06T22:00:00-03:00
15.73,,,False,1,pm10,µg/m³,,raw,01:00:00,2016-03-07T01:00:00Z,2016-03-06T22:00:00-03:00,2016-03-07T02:00:00Z,2016-03-06T23:00:00-03:00,1,01:00:00,1,01:00:00,100.0,100.0,2016-03-07T01:00:00Z,2016-03-06T22:00:00-03:00,2016-03-07T02:00:00Z,2016-03-06T23:00:00-03:00
16.91,,,False,1,pm10,µg/m³,,raw,01:00:00,2016-03-07T02:00:00Z,2016-03-06T23:00:00-03:00,2016-03-07T03:00:00Z,2016-03-07T00:00:00-03:00,1,01:00:00,1,01:00:00,100.0,100.0,2016-03-07T02:00:00Z,2016-03-06T23:00:00-03:00,2016-03-07T03:00:00Z,2016-03-07T00:00:00-03:00
10.71,,,False,1,pm10,µg/m³,,raw,01:00:00,2016-03-07T03:00:00Z,2016-03-07T00:00:00-03:00,2016-03-07T04:00:00Z,2016-03-07T01:00:00-03:00,1,01:00:00,1,01:00:00,100.0,100.0,2016-03-07T03:00:00Z,2016-03-07T00:00:00-03:00,2016-03-07T04:00:00Z,2016-03-07T01:00:00-03:00
15.9,,,False,1,pm10,µg/m³,,raw,01:00:00,2016-03-07T04:00:00Z,2016-03-07T01:00:00-03:00,2016-03-07T05:00:00Z,2016-03-07T02:00:00-03:00,1,01:00:00,1,01:00:00,100.0,100.0,2016-03-07T04:00:00Z,2016-03-07T01:00:00-03:00,2016-03-07T05:00:00Z,2016-03-07T02:00:00-03:00
17.58,,,False,1,pm10,µg/m³,,raw,01:00:00,2016-03-07T05:00:00Z,2016-03-07T02:00:00-03:00,2016-03-07T06:00:00Z,2016-03-07T03:00:00-03:00,1,01:00:00,1,01:00:00,100.0,100.0,2016-03-07T05:00:00Z,2016-03-07T02:00:00-03:00,2016-03-07T06:00:00Z,2016-03-07T03:00:00-03:00
13.79,,,False,1,pm10,µg/m³,,raw,01:00:00,2016-03-07T06:00:00Z,2016-03-07T03:00:00-03:00,2016-03-07T07:00:00Z,2016-03-07T04:00:00-03:00,1,01:00:00,1,01:00:00,100.0,100.0,2016-03-07T06:00:00Z,2016-03-07T03:00:00-03:00,2016-03-07T07:00:00Z,2016-03-07T04:00:00-03:00
18.43,,,False,1,pm10,µg/m³,,raw,01:00:00,2016-03-07T07:00:00Z,2016-03-07T04:00:00-03:00,2016-03-07T08:00:00Z,2016-03-07T05:00:00-03:00,1,01:00:00,1,01:00:00,100.0,100.0,2016-03-07T07:00:00Z,2016-03-07T04:00:00-03:00,2016-03-07T08:00:00Z,2016-03-07T05:00:00-03:00
21.31,,,False,1,pm10,µg/m³,,raw,01:00:00,2016-03-07T08:00:00Z,2016-03-07T05:00:00-03:00,2016-03-07T09:00:00Z,2016-03-07T06:00:00-03:00,1,01:00:00,1,01:00:00,100.0,100.0,2016-03-07T08:00:00Z,2016-03-07T05:00:00-03:00,2016-03-07T09:00:00Z,2016-03-07T06:00:00-03:00
23.49,,,False,1,pm10,µg/m³,,raw,01:00:00,2016-03-07T09:00:00Z,2016-03-07T06:00:00-03:00,2016-03-07T10:00:00Z,2016-03-07T07:00:00-03:00,1,01:00:00,1,01:00:00,100.0,100.0,2016-03-07T09:00:00Z,2016-03-07T06:00:00-03:00,2016-03-07T10:00:00Z,2016-03-07T07:00:00-03:00
19.95,,,False,1,pm10,µg/m³,,raw,01:00:00,2016-03-07T10:00:00Z,2016-03-07T07:00:00-03:00,2016-03-07T11:00:00Z,2016-03-07T08:00:00-03:00,1,01:00:00,1,01:00:00,100.0,100.0,2016-03-07T10:00:00Z,2016-03-07T07:00:00-03:00,2016-03-07T11:00:00Z,2016-03-07T08:00:00-03:00
31.56,,,False,1,pm10,µg/m³,,raw,01:00:00,2016-03-07T11:00:00Z,2016-03-07T08:00:00-03:00,2016-03-07T12:00:00Z,2016-03-07T09:00:00-03:00,1,01:00:00,1,01:00:00,100.0,100.0,2016-03-07T11:00:00Z,2016-03-07T08:00:00-03:00,2016-03-07T12:00:00Z,2016-03-07T09:00:00-03:00
28.51,,,False,1,pm10,µg/m³,,raw,01:00:00,2016-03-07T12:00:00Z,2016-03-07T09:00:00-03:00,2016-03-07T13:00:00Z,2016-03-07T10:00:00-03:00,1,01:00:00,1,01:00:00,100.0,100.0,2016-03-07T12:00:00Z,2016-03-07T09:00:00-03:00,2016-03-07T13:00:00Z,2016-03-07T10:00:00-03:00
50.61,,,False,1,pm10,µg/m³,,raw,01:00:00,2016-03-07T13:00:00Z,2016-03-07T10:00:00-03:00,2016-03-07T14:00:00Z,2016-03-07T11:00:00-03:00,1,01:00:00,1,01:00:00,100.0,100.0,2016-03-07T13:00:00Z,2016-03-07T10:00:00-03:00,2016-03-07T14:00:00Z,2016-03-07T11:00:00-03:00
40.99,,,False,1,pm10,µg/m³,,raw,01:00:00,2016-03-07T14:00:00Z,2016-03-07T11:00:00-03:00,2016-03-07T15:00:00Z,2016-03-07T12:00:00-03:00,1,01:00:00,1,01:00:00,100.0,100.0,2016-03-07T14:00:00Z,2016-03-07T11:00:00-03:00,2016-03-07T15:00:00Z,2016-03-07T12:00:00-03:00
17.8,,,False,1,pm10,µg/m³,,raw,01:00:00,2016-03-07T15:00:00Z,2016-03-07T12:00:00-03:00,2016-03-07T16:00:00Z,2016-03-07T13:00:00-03:00,1,01:00:00,1,01:00:00,100.0,100.0,2016-03-07T15:00:00Z,2016-03-07T12:00:00-03:00,2016-03-07T16:00:00Z,2016-03-07T13:00:00-03:00
30.92,,,False,1,pm10,µg/m³,,raw,01:00:00,2016-03-07T16:00:00Z,2016-03-07T13:00:00-03:00,2016-03-07T17:00:00Z,2016-03-07T14:00:00-03:00,1,01:00:00,1,01:00:00,100.0,100.0,2016-03-07T16:00:00Z,2016-03-07T13:00:00-03:00,2016-03-07T17:00:00Z,2016-03-07T14:00:00-03:00
39.87,,,False,1,pm10,µg/m³,,raw,01:00:00,2016-03-07T17:00:00Z,2016-03-07T14:00:00-03:00,2016-03-07T18:00:00Z,2016-03-07T15:00:00-03:00,1,01:00:00,1,01:00:00,100.0,100.0,2016-03-07T17:00:00Z,2016-03-07T14:00:00-03:00,2016-03-07T18:00:00Z,2016-03-07T15:00:00-03:00
37.72,,,False,1,pm10,µg/m³,,raw,01:00:00,2016-03-07T18:00:00Z,2016-03-07T15:00:00-03:00,2016-03-07T19:00:00Z,2016-03-07T16:00:00-03:00,1,01:00:00,1,01:00:00,100.0,100.0,2016-03-07T18:00:00Z,2016-03-07T15:00:00-03:00,2016-03-07T19:00:00Z,2016-03-07T16:00:00-03:00
43.85,,,False,1,pm10,µg/m³,,raw,01:00:00,2016-03-07T19:00:00Z,2016-03-07T16:00:00-03:00,2016-03-07T20:00:00Z,2016-03-07T17:00:00-03:00,1,01:00:00,1,01:00:00,100.0,100.0,2016-03-07T19:00:00Z,2016-03-07T16:00:00-03:00,2016-03-07T20:00:00Z,2016-03-07T17:00:00-03:00
42.47,,,False,1,pm10,µg/m³,,raw,01:00:00,2016-03-07T20:00:00Z,2016-03-07T17:00:00-03:00,2016-03-07T21:00:00Z,2016-03-07T18:00:00-03:00,1,01:00:00,1,01:00:00,100.0,100.0,2016-03-07T20:00:00Z,2016-03-07T17:00:00-03:00,2016-03-07T21:00:00Z,2016-03-07T18:00:00-03:00
50.28,,,False,1,pm10,µg/m³,,raw,01:00:00,2016-03-07T21:00:00Z,2016-03-07T18:00:00-03:00,2016-03-07T22:00:00Z,2016-03-07T19:00:00-03:00,1,01:00:00,1,01:00:00,100.0,100.0,2016-03-07T21:00:00Z,2016-03-07T18:00:00-03:00,2016-03-07T22:00:00Z,2016-03-07T19:00:00-03:00
53.79,,,False,1,pm10,µg/m³,,raw,01:00:00,2016-03-07T22:00:00Z,2016-03-07T19:00:00-03:00,2016-03-07T23:00:00Z,2016-03-07T20:00:00-03:00,1,01:00:00,1,01:00:00,100.0,100.0,2016-03-07T22:00:00Z,2016-03-07T19:00:00-03:00,2016-03-07T23:00:00Z,2016-03-07T20:00:00-03:00
52.05,,,False,1,pm10,µg/m³,,raw,01:00:00,2016-03-07T23:00:00Z,2016-03-07T20:00:00-03:00,2016-03-08T00:00:00Z,2016-03-07T21:00:00-03:00,1,01:00:00,1,01:00:00,100.0,100.0,2016-03-07T23:00:00Z,2016-03-07T20:00:00-03:00,2016-03-08T00:00:00Z,2016-03-07T21:00:00-03:00
32.51,,,False,1,pm10,µg/m³,,raw,01:00:00,2016-03-08T00:00:00Z,2016-03-07T21:00:00-03:00,2016-03-08T01:00:00Z,2016-03-07T22:00:00-03:00,1,01:00:00,1,01:00:00,100.0,100.0,2016-03-08T00:00:00Z,2016-03-07T21:00:00-03:00,2016-03-08T01:00:00Z,2016-03-07T22:00:00-03:00
28.03,,,False,1,pm10,µg/m³,,raw,01:00:00,2016-03-08T01:00:00Z,2016-03-07T22:00:00-03:00,2016-03-08T02:00:00Z,2016-03-07T23:00:00-03:00,1,01:00:00,1,01:00:00,100.0,100.0,2016-03-08T01:00:00Z,2016-03-07T22:00:00-03:00,2016-03-08T02:00:00Z,2016-03-07T23:00:00-03:00
22.77,,,False,1,pm10,µg/m³,,raw,01:00:00,2016-03-08T02:00:00Z,2016-03-07T23:00:00-03:00,2016-03-08T03:00:00Z,2016-03-08T00:00:00-03:00,1,01:00:00,1,01:00:00,100.0,100.0,2016-03-08T02:00:00Z,2016-03-07T23:00:00-03:00,2016-03-08T03:00:00Z,2016-03-08T00:00:00-03:00
34.82,,,False,1,pm10,µg/m³,,raw,01:00:00,2016-03-08T03:00:00Z,2016-03-08T00:00:00-03:00,2016-03-08T04:00:00Z,2016-03-08T01:00:00-03:00,1,01:00:00,1,01:00:00,100.0,100.0,2016-03-08T03:00:00Z,2016-03-08T00:00:00-03:00,2016-03-08T04:00:00Z,2016-03-08T01:00:00-03:00
43.53,,,False,1,pm10,µg/m³,,raw,01:00:00,2016-03-08T04:00:00Z,2016-03-08T01:00:00-03:00,2016-03-08T05:00:00Z,2016-03-08T02:00:00-03:00,1,01:00:00,1,01:00:00,100.0,100.0,2016-03-08T04:00:00Z,2016-03-08T01:00:00-03:00,2016-03-08T05:00:00Z,2016-03-08T02:00:00-03:00
39.91,,,False,1,pm10,µg/m³,,raw,01:00:00,2016-03-08T05:00:00Z,2016-03-08T02:00:00-03:00,2016-03-08T06:00:00Z,2016-03-08T03:00:00-03:00,1,01:00:00,1,01:00:00,100.0,100.0,2016-03-08T05:00:00Z,2016-03-08T02:00:00-03:00,2016-03-08T06:00:00Z,2016-03-08T03:00:00-03:00
29.77,,,False,1,pm10,µg/m³,,raw,01:00:00,2016-03-08T06:00:00Z,2016-03-08T03:00:00-03:00,2016-03-08T07:00:00Z,2016-03-08T04:00:00-03:00,1,01:00:00,1,01:00:00,100.0,100.0,2016-03-08T06:00:00Z,2016-03-08T03:00:00-03:00,2016-03-08T07:00:00Z,2016-03-08T04:00:00-03:00
28.83,,,False,1,pm10,µg/m³,,raw,01:00:00,2016-03-08T07:00:00Z,2016-03-08T04:00:00-03:00,2016-03-08T08:00:00Z,2016-03-08T05:00:00-03:00,1,01:00:00,1,01:00:00,100.0,100.0,2016-03-08T07:00:00Z,2016-03-08T04:00:00-03:00,2016-03-08T08:00:00Z,2016-03-08T05:00:00-03:00
28.55,,,False,1,pm10,µg/m³,,raw,01:00:00,2016-03-08T08:00:00Z,2016-03-08T05:00:00-03:00,2016-03-08T09:00:00Z,2016-03-08T06:00:00-03:00,1,01:00:00,1,01:00:00,100.0,100.0,2016-03-08T08:00:00Z,2016-03-08T05:00:00-03:00,2016-03-08T09:00:00Z,2016-03-08T06:00:00-03:00
36.03,,,False,1,pm10,µg/m³,,raw,01:00:00,2016-03-08T09:00:00Z,2016-03-08T06:00:00-03:00,2016-03-08T10:00:00Z,2016-03-08T07:00:00-03:00,1,01:00:00,1,01:00:00,100.0,100.0,2016-03-08T09:00:00Z,2016-03-08T06:00:00-03:00,2016-03-08T10:00:00Z,2016-03-08T07:00:00-03:00
44.48,,,False,1,pm10,µg/m³,,raw,01:00:00,2016-03-08T10:00:00Z,2016-03-08T07:00:00-03:00,2016-03-08T11:00:00Z,2016-03-08T08:00:00-03:00,1,01:00:00,1,01:00:00,100.0,100.0,2016-03-08T10:00:00Z,2016-03-08T07:00:00-03:00,2016-03-08T11:00:00Z,2016-03-08T08:00:00-03:00
42.41,,,False,1,pm10,µg/m³,,raw,01:00:00,2016-03-08T11:00:00Z,2016-03-08T08:00:00-03:00,2016-03-08T12:00:00Z,2016-03-08T09:00:00-03:00,1,01:00:00,1,01:00:00,100.0,100.0,2016-03-08T11:00:00Z,2016-03-08T08:00:00-03:00,2016-03-08T12:00:00Z,2016-03-08T09:00:00-03:00
65.26,,,False,1,pm10,µg/m³,,raw,01:00:00,2016-03-08T12:00:00Z,2016-03-08T09:00:00-03:00,2016-03-08T13:00:00Z,2016-03-08T10:00:00-03:00,1,01:00:00,1,01:00:00,100.0,100.0,2016-03-08T12:00:00Z,2016-03-08T09:00:00-03:00,2016-03-08T13:00:00Z,2016-03-08T10:00:00-03:00
79.4,,,False,1,pm10,µg/m³,,raw,01:00:00,2016-03-08T13:00:00Z,2016-03-08T10:00:00-03:00,2016-03-08T14:00:00Z,2016-03-08T11:00:00-03:00,1,01:00:00,1,01:00:00,100.0,100.0,2016-03-08T13:00:00Z,2016-03-08T10:00:00-03:00,2016-03-08T14:00:00Z,2016-03-08T11:00:00-03:00
74.72,,,False,1,pm10,µg/m³,,raw,01:00:00,2016-03-08T14:00:00Z,2016-03-08T11:00:00-03:00,2016-03-08T15:00:00Z,2016-03-08T12:00:00-03:00,1,01:00:00,1,01:00:00,100.0,100.0,2016-03-08T14:00:00Z,2016-03-08T11:00:00-03:00,2016-03-08T15:00:00Z,2016-03-08T12:00:00-03:00
72.68,,,False,1,pm10,µg/m³,,raw,01:00:00,2016-03-08T15:00:00Z,2016-03-08T12:00:00-03:00,2016-03-08T16:00:00Z,2016-03-08T13:00:00-03:00,1,01:00:00,1,01:00:00,100.0,100.0,2016-03-08T15:00:00Z,2016-03-08T12:00:00-03:00,2016-03-08T16:00:00Z,2016-03-08T13:00:00-03:00
68.3,,,False,1,pm10,µg/m³,,raw,01:00:00,2016-03-08T16:00:00Z,2016-03-08T13:00:00-03:00,2016-03-08T17:00:00Z,2016-03-08T14:00:00-03:00,1,01:00:00,1,01:00:00,100.0,100.0,2016-03-08T16:00:00Z,2016-03-08T13:00:00-03:00,2016-03-08T17:00:00Z,2016-03-08T14:00:00-03:00
66.36,,,False,1,pm10,µg/m³,,raw,01:00:00,2016-03-08T17:00:00Z,2016-03-08T14:00:00-03:00,2016-03-08T18:00:00Z,2016-03-08T15:00:00-03:00,1,01:00:00,1,01:00:00,100.0,100.0,2016-03-08T17:00:00Z,2016-03-08T14:00:00-03:00,2016-03-08T18:00:00Z,2016-03-08T15:00:00-03:00
65.58,,,False,1,pm10,µg/m³,,raw,01:00:00,2016-03-08T18:00:00Z,2016-03-08T15:00:00-03:00,2016-03-08T19:00:00Z,2016-03-08T16:00:00-03:00,1,01:00:00,1,01:00:00,100.0,100.0,2016-03-08T18:00:00Z,2016-03-08T15:00:00-03:00,2016-03-08T19:00:00Z,2016-03-08T16:00:00-03:00
54.01,,,False,1,pm10,µg/m³,,raw,01:00:00,2016-03-08T19:00:00Z,2016-03-08T16:00:00-03:00,2016-03-08T20:00:00Z,2016-03-08T17:00:00-03:00,1,01:00:00,1,01:00:00,100.0,100.0,2016-03-08T19:00:00Z,2016-03-08T16:00:00-03:00,2016-03-08T20:00:00Z,2016-03-08T17:00:00-03:00
61.72,,,False,1,pm10,µg/m³,,raw,01:00:00,2016-03-08T20:00:00Z,2016-03-08T17:00:00-03:00,2016-03-08T21:00:00Z,2016-03-08T18:00:00-03:00,1,01:00:00,1,01:00:00,100.0,100.0,2016-03-08T20:00:00Z,2016-03-08T17:00:00-03:00,2016-03-08T21:00:00Z,2016-03-08T18:00:00-03:00
62.81,,,False,1,pm10,µg/m³,,raw,01:00:00,2016-03-08T21:00:00Z,2016-03-08T18:00:00-03:00,2016-03-08T22:00:00Z,2016-03-08T19:00:00-03:00,1,01:00:00,1,01:00:00,100.0,100.0,2016-03-08T21:00:00Z,2016-03-08T18:00:00-03:00,2016-03-08T22:00:00Z,2016-03-08T19:00:00-03:00
57.61,,,False,1,pm10,µg/m³,,raw,01:00:00,2016-03-08T22:00:00Z,2016-03-08T19:00:00-03:00,2016-03-08T23:00:00Z,2016-03-08T20:00:00-03:00,1,01:00:00,1,01:00:00,100.0,100.0,2016-03-08T22:00:00Z,2016-03-08T19:00:00-03:00,2016-03-08T23:00:00Z,2016-03-08T20:00:00-03:00
81.16,,,False,1,pm10,µg/m³,,raw,01:00:00,2016-03-08T23:00:00Z,2016-03-08T20:00:00-03:00,2016-03-09T00:00:00Z,2016-03-08T21:00:00-03:00,1,01:00:00,1,01:00:00,100.0,100.0,2016-03-08T23:00:00Z,2016-03-08T20:00:00-03:00,2016-03-09T00:00:00Z,2016-03-08T21:00:00-03:00
99.17,,,False,1,pm10,µg/m³,,raw,01:00:00,2016-03-09T00:00:00Z,2016-03-08T21:00:00-03:00,2016-03-09T01:00:00Z,2016-03-08T22:00:00-03:00,1,01:00:00,1,01:00:00,100.0,100.0,2016-03-09T00:00:00Z,2016-03-08T21:00:00-03:00,2016-03-09T01:00:00Z,2016-03-08T22:00:00-03:00
87.95,,,False,1,pm10,µg/m³,,raw,01:00:00,2016-03-09T01:00:00Z,2016-03-08T22:00:00-03:00,2016-03-09T02:00:00Z,2016-03-08T23:00:00-03:00,1,01:00:00,1,01:00:00,100.0,100.0,2016-03-09T01:00:00Z,2016-03-08T22:00:00-03:00,2016-03-09T02:00:00Z,2016-03-08T23:00:00-03:00
105.3,,,False,1,pm10,µg/m³,,raw,01:00:00,2016-03-09T02:00:00Z,2016-03-08T23:00:00-03:00,2016-03-09T03:00:00Z,2016-03-09T00:00:00-03:00,1,01:00:00,1,01:00:00,100.0,100.0,2016-03-09T02:00:00Z,2016-03-08T23:00:00-03:00,2016-03-09T03:00:00Z,2016-03-09T00:00:00-03:00
94.35,,,False,1,pm10,µg/m³,,raw,01:00:00,2016-03-09T03:00:00Z,2016-03-09T00:00:00-03:00,2016-03-09T04:00:00Z,2016-03-09T01:00:00-03:00,1,01:00:00,1,01:00:00,100.0,100.0,2016-03-09T03:00:00Z,2016-03-09T00:00:00-03:00,2016-03-09T04:00:00Z,2016-03-09T01:00:00-03:00
72.65,,,False,1,pm10,µg/m³,,raw,01:00:00,2016-03-09T04:00:00Z,2016-03-09T01:00:00-03:00,2016-03-09T05:00:00Z,2016-03-09T02:00:00-03:00,1,01:00:00,1,01:00:00,100.0,100.0,2016-03-09T04:00:00Z,2016-03-09T01:00:00-03:00,2016-03-09T05:00:00Z,2016-03-09T02:00:00-03:00
56.57,,,False,1,pm10,µg/m³,,raw,01:00:00,2016-03-09T05:00:00Z,2016-03-09T02:00:00-03:00,2016-03-09T06:00:00Z,2016-03-09T03:00:00-03:00,1,01:00:00,1,01:00:00,100.0,100.0,2016-03-09T05:00:00Z,2016-03-09T02:00:00-03:00,2016-03-09T06:00:00Z,2016-03-09T03:00:00-03:00
58.6,,,False,1,pm10,µg/m³,,raw,01:00:00,2016-03-09T06:00:00Z,2016-03-09T03:00:00-03:00,2016-03-09T07:00:00Z,2016-03-09T04:00:00-03:00,1,01:00:00,1,01:00:00,100.0,100.0,2016-03-09T06:00:00Z,2016-03-09T03:00:00-03:00,2016-03-09T07:00:00Z,2016-03-09T04:00:00-03:00
54.83,,,False,1,pm10,µg/m³,,raw,01:00:00,2016-03-09T07:00:00Z,2016-03-09T04:00:00-03:00,2016-03-09T08:00:00Z,2016-03-09T05:00:00-03:00,1,01:00:00,1,01:00:00,100.0,100.0,2016-03-09T07:00:00Z,2016-03-09T04:00:00-03:00,2016-03-09T08:00:00Z,2016-03-09T05:00:00-03:00
52.24,,,False,1,pm10,µg/m³,,raw,01:00:00,2016-03-09T08:00:00Z,2016-03-09T05:00:00-03:00,2016-03-09T09:00:00Z,2016-03-09T06:00:00-03:00,1,01:00:00,1,01:00:00,100.0,100.0,2016-03-09T08:00:00Z,2016-03-09T05:00:00-03:00,2016-03-09T09:00:00Z,2016-03-09T06:00:00-03:00
33.38,,,False,1,pm10,µg/m³,,raw,01:00:00,2016-03-09T09:00:00Z,2016-03-09T06:00:00-03:00,2016-03-09T10:00:00Z,2016-03-09T07:00:00-03:00,1,01:00:00,1,01:00:00,100.0,100.0,2016-03-09T09:00:00Z,2016-03-09T06:00:00-03:00,2016-03-09T10:00:00Z,2016-03-09T07:00:00-03:00
31.41,,,False,1,pm10,µg/m³,,raw,01:00:00,2016-03-09T10:00:00Z,2016-03-09T07:00:00-03:00,2016-03-09T11:00:00Z,2016-03-09T08:00:00-03:00,1,01:00:00,1,01:00:00,100.0,100.0,2016-03-09T10:00:00Z,2016-03-09T07:00:00-03:00,2016-03-09T11:00:00Z,2016-03-09T08:00:00-03:00
64.79,,,False,1,pm10,µg/m³,,raw,01:00:00,2016-03-09T11:00:00Z,2016-03-09T08:00:00-03:00,2016-03-09T12:00:00Z,2016-03-09T09:00:00-03:00,1,01:00:00,1,01:00:00,100.0,100.0,2016-03-09T11:00:00Z,2016-03-09T08:00:00-03:00,2016-03-09T12:00:00Z,2016-03-09T09:00:00-03:00
138.6,,,False,1,pm10,µg/m³,,raw,01:00:00,2016-03-09T12:00:00Z,2016-03-09T09:00:00-03:00,2016-03-09T13:00:00Z,2016-03-09T10:00:00-03:00,1,01:00:00,1,01:00:00,100.0,100.0,2016-03-09T12:00:00Z,2016-03-09T09:00:00-03:00,2016-03-09T13:00:00Z,2016-03-09T10:00:00-03:00
48.6,,,False,1,pm10,µg/m³,,raw,01:00:00,2016-03-09T13:00:00Z,2016-03-09T10:00:00-03:00,2016-03-09T14:00:00Z,2016-03-09T11:00:00-03:00,1,01:00:00,1,01:00:00,100.0,100.0,2016-03-09T13:00:00Z,2016-03-09T10:00:00-03:00,2016-03-09T14:00:00Z,2016-03-09T11:00:00-03:00
48.12,,,False,1,pm10,µg/m³,,raw,01:00:00,2016-03-09T14:00:00Z,2016-03-09T11:00:00-03:00,2016-03-09T15:00:00Z,2016-03-09T12:00:00-03:00,1,01:00:00,1,01:00:00,100.0,100.0,2016-03-09T14:00:00Z,2016-03-09T11:00:00-03:00,2016-03-09T15:00:00Z,2016-03-09T12:00:00-03:00
47.18,,,False,1,pm10,µg/m³,,raw,01:00:00,2016-03-09T15:00:00Z,2016-03-09T12:00:00-03:00,2016-03-09T16:00:00Z,2016-03-09T13:00:00-03:00,1,01:00:00,1,01:00:00,100.0,100.0,2016-03-09T15:00:00Z,2016-03-09T12:00:00-03:00,2016-03-09T16:00:00Z,2016-03-09T13:00:00-03:00
39.35,,,False,1,pm10,µg/m³,,raw,01:00:00,2016-03-09T16:00:00Z,2016-03-09T13:00:00-03:00,2016-03-09T17:00:00Z,2016-03-09T14:00:00-03:00,1,01:00:00,1,01:00:00,100.0,100.0,2016-03-09T16:00:00Z,2016-03-09T13:00:00-03:00,2016-03-09T17:00:00Z,2016-03-09T14:00:00-03:00
53.51,,,False,1,pm10,µg/m³,,raw,01:00:00,2016-03-09T17:00:00Z,2016-03-09T14:00:00-03:00,2016-03-09T18:00:00Z,2016-03-09T15:00:00-03:00,1,01:00:00,1,01:00:00,100.0,100.0,2016-03-09T17:00:00Z,2016-03-09T14:00:00-03:00,2016-03-09T18:00:00Z,2016-03-09T15:00:00-03:00
40.25,,,False,1,pm10,µg/m³,,raw,01:00:00,2016-03-09T18:00:00Z,2016-03-09T15:00:00-03:00,2016-03-09T19:00:00Z,2016-03-09T16:00:00-03:00,1,01:00:00,1,01:00:00,100.0,100.0,2016-03-09T18:00:00Z,2016-03-09T15:00:00-03:00,2016-03-09T19:00:00Z,2016-03-09T16:00:00-03:00
38.14,,,False,1,pm10,µg/m³,,raw,01:00:00,2016-03-09T19:00:00Z,2016-03-09T16:00:00-03:00,2016-03-09T20:00:00Z,2016-03-09T17:00:00-03:00,1,01:00:00,1,01:00:00,100.0,100.0,2016-03-09T19:00:00Z,2016-03-09T16:00:00-03:00,2016-03-09T20:00:00Z,2016-03-09T17:00:00-03:00
39.45,,,False,1,pm10,µg/m³,,raw,01:00:00,2016-03-09T20:00:00Z,2016-03-09T17:00:00-03:00,2016-03-09T21:00:00Z,2016-03-09T18:00:00-03:00,1,01:00:00,1,01:00:00,100.0,100.0,2016-03-09T20:00:00Z,2016-03-09T17:00:00-03:00,2016-03-09T21:00:00Z,2016-03-09T18:00:00-03:00
41.07,,,False,1,pm10,µg/m³,,raw,01:00:00,2016-03-09T21:00:00Z,2016-03-09T18:00:00-03:00,2016-03-09T22:00:00Z,2016-03-09T19:00:00-03:00,1,01:00:00,1,01:00:00,100.0,100.0,2016-03-09T21:00:00Z,2016-03-09T18:00:00-03:00,2016-03-09T22:00:00Z,2016-03-09T19:00:00-03:00
48.96,,,False,1,pm10,µg/m³,,raw,01:00:00,2016-03-09T22:00:00Z,2016-03-09T19:00:00-03:00,2016-03-09T23:00:00Z,2016-03-09T20:00:00-03:00,1,01:00:00,1,01:00:00,100.0,100.0,2016-03-09T22:00:00Z,2016-03-09T19:00:00-03:00,2016-03-09T23:00:00Z,2016-03-09T20:00:00-03:00
61.23,,,False,1,pm10,µg/m³,,raw,01:00:00,2016-03-09T23:00:00Z,2016-03-09T20:00:00-03:00,2016-03-10T00:00:00Z,2016-03-09T21:00:00-03:00,1,01:00:00,1,01:00:00,100.0,100.0,2016-03-09T23:00:00Z,2016-03-09T20:00:00-03:00,2016-03-10T00:00:00Z,2016-03-09T21:00:00-03:00
76.1,,,False,1,pm10,µg/m³,,raw,01:00:00,2016-03-10T00:00:00Z,2016-03-09T21:00:00-03:00,2016-03-10T01:00:00Z,2016-03-09T22:00:00-03:00,1,01:00:00,1,01:00:00,100.0,100.0,2016-03-10T00:00:00Z,2016-03-09T21:00:00-03:00,2016-03-10T01:00:00Z,2016-03-09T22:00:00-03:00
146.7,,,False,1,pm10,µg/m³,,raw,01:00:00,2016-03-10T01:00:00Z,2016-03-09T22:00:00-03:00,2016-03-10T02:00:00Z,2016-03-09T23:00:00-03:00,1,01:00:00,1,01:00:00,100.0,100.0,2016-03-10T01:00:00Z,2016-03-09T22:00:00-03:00,2016-03-10T02:00:00Z,2016-03-09T23:00:00-03:00
142.4,,,False,1,pm10,µg/m³,,raw,01:00:00,2016-03-10T02:00:00Z,2016-03-09T23:00:00-03:00,2016-03-10T03:00:00Z,2016-03-10T00:00:00-03:00,1,01:00:00,1,01:00:00,100.0,100.0,2016-03-10T02:00:00Z,2016-03-09T23:00:00-03:00,2016-03-10T03:00:00Z,2016-03-10T00:00:00-03:00
123.7,,,False,1,pm10,µg/m³,,raw,01:00:00,2016-03-10T03:00:00Z,2016-03-10T00:00:00-03:00,2016-03-10T04:00:00Z,2016-03-10T01:00:00-03:00,1,01:00:00,1,01:00:00,100.0,100.0,2016-03-10T03:00:00Z,2016-03-10T00:00:00-03:00,2016-03-10T04:00:00Z,2016-03-10T01:00:00-03:00
90.82,,,False,1,pm10,µg/m³,,raw,01:00:00,2016-03-10T04:00:00Z,2016-03-10T01:00:00-03:00,2016-03-10T05:00:00Z,2016-03-10T02:00:00-03:00,1,01:00:00,1,01:00:00,100.0,100.0,2016-03-10T04:00:00Z,2016-03-10T01:00:00-03:00,2016-03-10T05:00:00Z,2016-03-10T02:00:00-03:00
68.89,,,False,1,pm10,µg/m³,,raw,01:00:00,2016-03-10T05:00:00Z,2016-03-10T02:00:00-03:00,2016-03-10T06:00:00Z,2016-03-10T03:00:00-03:00,1,01:00:00,1,01:00:00,100.0,100.0,2016-03-10T05:00:00Z,2016-03-10T02:00:00-03:00,2016-03-10T06:00:00Z,2016-03-10T03:00:00-03:00
48.6,,,False,1,pm10,µg/m³,,raw,01:00:00,2016-03-10T06:00:00Z,2016-03-10T03:00:00-03:00,2016-03-10T07:00:00Z,2016-03-10T04:00:00-03:00,1,01:00:00,1,01:00:00,100.0,100.0,2016-03-10T06:00:00Z,2016-03-10T03:00:00-03:00,2016-03-10T07:00:00Z,2016-03-10T04:00:00-03:00
41.93,,,False,1,pm10,µg/m³,,raw,01:00:00,2016-03-10T08:00:00Z,2016-03-10T05:00:00-03:00,2016-03-10T09:00:00Z,2016-03-10T06:00:00-03:00,1,01:00:00,1,01:00:00,100.0,100.0,2016-03-10T08:00:00Z,2016-03-10T05:00:00-03:00,2016-03-10T09:00:00Z,2016-03-10T06:00:00-03:00
59.2,,,False,1,pm10,µg/m³,,raw,01:00:00,2016-03-10T09:00:00Z,2016-03-10T06:00:00-03:00,2016-03-10T10:00:00Z,2016-03-10T07:00:00-03:00,1,01:00:00,1,01:00:00,100.0,100.0,2016-03-10T09:00:00Z,2016-03-10T06:00:00-03:00,2016-03-10T10:00:00Z,2016-03-10T07:00:00-03:00
86.94,,,False,1,pm10,µg/m³,,raw,01:00:00,2016-03-10T10:00:00Z,2016-03-10T07:00:00-03:00,2016-03-10T11:00:00Z,2016-03-10T08:00:00-03:00,1,01:00:00,1,01:00:00,100.0,100.0,2016-03-10T10:00:00Z,2016-03-10T07:00:00-03:00,2016-03-10T11:00:00Z,2016-03-10T08:00:00-03:00
56.24,,,False,1,pm10,µg/m³,,raw,01:00:00,2016-03-10T11:00:00Z,2016-03-10T08:00:00-03:00,2016-03-10T12:00:00Z,2016-03-10T09:00:00-03:00,1,01:00:00,1,01:00:00,100.0,100.0,2016-03-10T11:00:00Z,2016-03-10T08:00:00-03:00,2016-03-10T12:00:00Z,2016-03-10T09:00:00-03:00
60.58,,,False,1,pm10,µg/m³,,raw,01:00:00,2016-03-10T12:00:00Z,2016-03-10T09:00:00-03:00,2016-03-10T13:00:00Z,2016-03-10T10:00:00-03:00,1,01:00:00,1,01:00:00,100.0,100.0,2016-03-10T12:00:00Z,2016-03-10T09:00:00-03:00,2016-03-10T13:00:00Z,2016-03-10T10:00:00-03:00
63.79,,,False,1,pm10,µg/m³,,raw,01:00:00,2016-03-10T13:00:00Z,2016-03-10T10:00:00-03:00,2016-03-10T14:00:00Z,2016-03-10T11:00:00-03:00,1,01:00:00,1,01:00:00,100.0,100.0,2016-03-10T13:00:00Z,2016-03-10T10:00:00-03:00,2016-03-10T14:00:00Z,2016-03-10T11:00:00-03:00
59.63,,,False,1,pm10,µg/m³,,raw,01:00:00,2016-03-10T14:00:00Z,2016-03-10T11:00:00-03:00,2016-03-10T15:00:00Z,2016-03-10T12:00:00-03:00,1,01:00:00,1,01:00:00,100.0,100.0,2016-03-10T14:00:00Z,2016-03-10T11:00:00-03:00,2016-03-10T15:00:00Z,2016-03-10T12:00:00-03:00
60.72,,,False,1,pm10,µg/m³,,raw,01:00:00,2016-03-10T15:00:00Z,2016-03-10T12:00:00-03:00,2016-03-10T16:00:00Z,2016-03-10T13:00:00-03:00,1,01:00:00,1,01:00:00,100.0,100.0,2016-03-10T15:00:00Z,2016-03-10T12:00:00-03:00,2016-03-10T16:00:00Z,2016-03-10T13:00:00-03:00
51.54,,,False,1,pm10,µg/m³,,raw,01:00:00,2016-03-10T16:00:00Z,2016-03-10T13:00:00-03:00,2016-03-10T17:00:00Z,2016-03-10T14:00:00-03:00,1,01:00:00,1,01:00:00,100.0,100.0,2016-03-10T16:00:00Z,2016-03-10T13:00:00-03:00,2016-03-10T17:00:00Z,2016-03-10T14:00:00-03:00
48.71,,,False,1,pm10,µg/m³,,raw,01:00:00,2016-03-10T17:00:00Z,2016-03-10T14:00:00-03:00,2016-03-10T18:00:00Z,2016-03-10T15:00:00-03:00,1,01:00:00,1,01:00:00,100.0,100.0,2016-03-10T17:00:00Z,2016-03-10T14:00:00-03:00,2016-03-10T18:00:00Z,2016-03-10T15:00:00-03:00
46.77,,,False,1,pm10,µg/m³,,raw,01:00:00,2016-03-10T18:00:00Z,2016-03-10T15:00:00-03:00,2016-03-10T19:00:00Z,2016-03-10T16:00:00-03:00,1,01:00:00,1,01:00:00,100.0,100.0,2016-03-10T18:00:00Z,2016-03-10T15:00:00-03:00,2016-03-10T19:00:00Z,2016-03-10T16:00:00-03:00
50.63,,,False,1,pm10,µg/m³,,raw,01:00:00,2016-03-10T19:00:00Z,2016-03-10T16:00:00-03:00,2016-03-10T20:00:00Z,2016-03-10T17:00:00-03:00,1,01:00:00,1,01:00:00,100.0,100.0,2016-03-10T19:00:00Z,2016-03-10T16:00:00-03:00,2016-03-10T20:00:00Z,2016-03-10T17:00:00-03:00
50.24,,,False,1,pm10,µg/m³,,raw,01:00:00,2016-03-10T20:00:00Z,2016-03-10T17:00:00-03:00,2016-03-10T21:00:00Z,2016-03-10T18:00:00-03:00,1,01:00:00,1,01:00:00,100.0,100.0,2016-03-10T20:00:00Z,2016-03-10T17:00:00-03:00,2016-03-10T21:00:00Z,2016-03-10T18:00:00-03:00
56.48,,,False,1,pm10,µg/m³,,raw,01:00:00,2016-03-10T21:00:00Z,2016-03-10T18:00:00-03:00,2016-03-10T22:00:00Z,2016-03-10T19:00:00-03:00,1,01:00:00,1,01:00:00,100.0,100.0,2016-03-10T21:00:00Z,2016-03-10T18:00:00-03:00,2016-03-10T22:00:00Z,2016-03-10T19:00:00-03:00
60.19,,,False,1,pm10,µg/m³,,raw,01:00:00,2016-03-10T22:00:00Z,2016-03-10T19:00:00-03:00,2016-03-10T23:00:00Z,2016-03-10T20:00:00-03:00,1,01:00:00,1,01:00:00,100.0,100.0,2016-03-10T22:00:00Z,2016-03-10T19:00:00-03:00,2016-03-10T23:00:00Z,2016-03-10T20:00:00-03:00
53.47,,,False,1,pm10,µg/m³,,raw,01:00:00,2016-03-10T23:00:00Z,2016-03-10T20:00:00-03:00,2016-03-11T00:00:00Z,2016-03-10T21:00:00-03:00,1,01:00:00,1,01:00:00,100.0,100.0,2016-03-10T23:00:00Z,2016-03-10T20:00:00-03:00,2016-03-11T00:00:00Z,2016-03-10T21:00:00-03:00
40.01,,,False,1,pm10,µg/m³,,raw,01:00:00,2016-03-11T00:00:00Z,2016-03-10T21:00:00-03:00,2016-03-11T01:00:00Z,2016-03-10T22:00:00-03:00,1,01:00:00,1,01:00:00,100.0,100.0,2016-03-11T00:00:00Z,2016-03-10T21:00:00-03:00,2016-03-11T01:00:00Z,2016-03-10T22:00:00-03:00
50.62,,,False,1,pm10,µg/m³,,raw,01:00:00,2016-03-11T01:00:00Z,2016-03-10T22:00:00-03:00,2016-03-11T02:00:00Z,2016-03-10T23:00:00-03:00,1,01:00:00,1,01:00:00,100.0,100.0,2016-03-11T01:00:00Z,2016-03-10T22:00:00-03:00,2016-03-11T02:00:00Z,2016-03-10T23:00:00-03:00
67.12,,,False,1,pm10,µg/m³,,raw,01:00:00,2016-03-11T02:00:00Z,2016-03-10T23:00:00-03:00,2016-03-11T03:00:00Z,2016-03-11T00:00:00-03:00,1,01:00:00,1,01:00:00,100.0,100.0,2016-03-11T02:00:00Z,2016-03-10T23:00:00-03:00,2016-03-11T03:00:00Z,2016-03-11T00:00:00-03:00
83.93,,,False,1,pm10,µg/m³,,raw,01:00:00,2016-03-11T03:00:00Z,2016-03-11T00:00:00-03:00,2016-03-11T04:00:00Z,2016-03-11T01:00:00-03:00,1,01:00:00,1,01:00:00,100.0,100.0,2016-03-11T03:00:00Z,2016-03-11T00:00:00-03:00,2016-03-11T04:00:00Z,2016-03-11T01:00:00-03:00
75.53,,,False,1,pm10,µg/m³,,raw,01:00:00,2016-03-11T04:00:00Z,2016-03-11T01:00:00-03:00,2016-03-11T05:00:00Z,2016-03-11T02:00:00-03:00,1,01:00:00,1,01:00:00,100.0,100.0,2016-03-11T04:00:00Z,2016-03-11T01:00:00-03:00,2016-03-11T05:00:00Z,2016-03-11T02:00:00-03:00
60.56,,,False,1,pm10,µg/m³,,raw,01:00:00,2016-03-11T05:00:00Z,2016-03-11T02:00:00-03:00,2016-03-11T06:00:00Z,2016-03-11T03:00:00-03:00,1,01:00:00,1,01:00:00,100.0,100.0,2016-03-11T05:00:00Z,2016-03-11T02:00:00-03:00,2016-03-11T06:00:00Z,2016-03-11T03:00:00-03:00
48.91,,,False,1,pm10,µg/m³,,raw,01:00:00,2016-03-11T06:00:00Z,2016-03-11T03:00:00-03:00,2016-03-11T07:00:00Z,2016-03-11T04:00:00-03:00,1,01:00:00,1,01:00:00,100.0,100.0,2016-03-11T06:00:00Z,2016-03-11T03:00:00-03:00,2016-03-11T07:00:00Z,2016-03-11T04:00:00-03:00
41.82,,,False,1,pm10,µg/m³,,raw,01:00:00,2016-03-11T07:00:00Z,2016-03-11T04:00:00-03:00,2016-03-11T08:00:00Z,2016-03-11T05:00:00-03:00,1,01:00:00,1,01:00:00,100.0,100.0,2016-03-11T07:00:00Z,2016-03-11T04:00:00-03:00,2016-03-11T08:00:00Z,2016-03-11T05:00:00-03:00
36.76,,,False,1,pm10,µg/m³,,raw,01:00:00,2016-03-11T08:00:00Z,2016-03-11T05:00:00-03:00,2016-03-11T09:00:00Z,2016-03-11T06:00:00-03:00,1,01:00:00,1,01:00:00,100.0,100.0,2016-03-11T08:00:00Z,2016-03-11T05:00:00-03:00,2016-03-11T09:00:00Z,2016-03-11T06:00:00-03:00
35.47,,,False,1,pm10,µg/m³,,raw,01:00:00,2016-03-11T09:00:00Z,2016-03-11T06:00:00-03:00,2016-03-11T10:00:00Z,2016-03-11T07:00:00-03:00,1,01:00:00,1,01:00:00,100.0,100.0,2016-03-11T09:00:00Z,2016-03-11T06:00:00-03:00,2016-03-11T10:00:00Z,2016-03-11T07:00:00-03:00
35.82,,,False,1,pm10,µg/m³,,raw,01:00:00,2016-03-11T10:00:00Z,2016-03-11T07:00:00-03:00,2016-03-11T11:00:00Z,2016-03-11T08:00:00-03:00,1,01:00:00,1,01:00:00,100.0,100.0,2016-03-11T10:00:00Z,2016-03-11T07:00:00-03:00,2016-03-11T11:00:00Z,2016-03-11T08:00:00-03:00
31.47,,,False,1,pm10,µg/m³,,raw,01:00:00,2016-03-11T11:00:00Z,2016-03-11T08:00:00-03:00,2016-03-11T12:00:00Z,2016-03-11T09:00:00-03:00,1,01:00:00,1,01:00:00,100.0,100.0,2016-03-11T11:00:00Z,2016-03-11T08:00:00-03:00,2016-03-11T12:00:00Z,2016-03-11T09:00:00-03:00
51.38,,,False,1,pm10,µg/m³,,raw,01:00:00,2016-03-11T12:00:00Z,2016-03-11T09:00:00-03:00,2016-03-11T13:00:00Z,2016-03-11T10:00:00-03:00,1,01:00:00,1,01:00:00,100.0,100.0,2016-03-11T12:00:00Z,2016-03-11T09:00:00-03:00,2016-03-11T13:00:00Z,2016-03-11T10:00:00-03:00
45.0,,,False,1,pm10,µg/m³,,raw,01:00:00,2016-03-11T13:00:00Z,2016-03-11T10:00:00-03:00,2016-03-11T14:00:00Z,2016-03-11T11:00:00-03:00,1,01:00:00,1,01:00:00,100.0,100.0,2016-03-11T13:00:00Z,2016-03-11T10:00:00-03:00,2016-03-11T14:00:00Z,2016-03-11T11:00:00-03:00
55.93,,,False,1,pm10,µg/m³,,raw,01:00:00,2016-03-11T14:00:00Z,2016-03-11T11:00:00-03:00,2016-03-11T15:00:00Z,2016-03-11T12:00:00-03:00,1,01:00:00,1,01:00:00,100.0,100.0,2016-03-11T14:00:00Z,2016-03-11T11:00:00-03:00,2016-03-11T15:00:00Z,2016-03-11T12:00:00-03:00
56.26,,,False,1,pm10,µg/m³,,raw,01:00:00,2016-03-11T15:00:00Z,2016-03-11T12:00:00-03:00,2016-03-11T16:00:00Z,2016-03-11T13:00:00-03:00,1,01:00:00,1,01:00:00,100.0,100.0,2016-03-11T15:00:00Z,2016-03-11T12:00:00-03:00,2016-03-11T16:00:00Z,2016-03-11T13:00:00-03:00
46.18,,,False,1,pm10,µg/m³,,raw,01:00:00,2016-03-11T16:00:00Z,2016-03-11T13:00:00-03:00,2016-03-11T17:00:00Z,2016-03-11T14:00:00-03:00,1,01:00:00,1,01:00:00,100.0,100.0,2016-03-11T16:00:00Z,2016-03-11T13:00:00-03:00,2016-03-11T17:00:00Z,2016-03-11T14:00:00-03:00
54.02,,,False,1,pm10,µg/m³,,raw,01:00:00,2016-03-11T17:00:00Z,2016-03-11T14:00:00-03:00,2016-03-11T18:00:00Z,2016-03-11T15:00:00-03:00,1,01:00:00,1,01:00:00,100.0,100.0,2016-03-11T17:00:00Z,2016-03-11T14:00:00-03:00,2016-03-11T18:00:00Z,2016-03-11T15:00:00-03:00
50.65,,,False,1,pm10,µg/m³,,raw,01:00:00,2016-03-11T18:00:00Z,2016-03-11T15:00:00-03:00,2016-03-11T19:00:00Z,2016-03-11T16:00:00-03:00,1,01:00:00,1,01:00:00,100.0,100.0,2016-03-11T18:00:00Z,2016-03-11T15:00:00-03:00,2016-03-11T19:00:00Z,2016-03-11T16:00:00-03:00
53.55,,,False,1,pm10,µg/m³,,raw,01:00:00,2016-03-11T19:00:00Z,2016-03-11T16:00:00-03:00,2016-03-11T20:00:00Z,2016-03-11T17:00:00-03:00,1,01:00:00,1,01:00:00,100.0,100.0,2016-03-11T19:00:00Z,2016-03-11T16:00:00-03:00,2016-03-11T20:00:00Z,2016-03-11T17:00:00-03:00
43.69,,,False,1,pm10,µg/m³,,raw,01:00:00,2016-03-11T20:00:00Z,2016-03-11T17:00:00-03:00,2016-03-11T21:00:00Z,2016-03-11T18:00:00-03:00,1,01:00:00,1,01:00:00,100.0,100.0,2016-03-11T20:00:00Z,2016-03-11T17:00:00-03:00,2016-03-11T21:00:00Z,2016-03-11T18:00:00-03:00
45.1,,,False,1,pm10,µg/m³,,raw,01:00:00,2016-03-11T21:00:00Z,2016-03-11T18:00:00-03:00,2016-03-11T22:00:00Z,2016-03-11T19:00:00-03:00,1,01:00:00,1,01:00:00,100.0,100.0,2016-03-11T21:00:00Z,2016-03-11T18:00:00-03:00,2016-03-11T22:00:00Z,2016-03-11T19:00:00-03:00
65.83,,,False,1,pm10,µg/m³,,raw,01:00:00,2016-03-11T22:00:00Z,2016-03-11T19:00:00-03:00,2016-03-11T23:00:00Z,2016-03-11T20:00:00-03:00,1,01:00:00,1,01:00:00,100.0,100.0,2016-03-11T22:00:00Z,2016-03-11T19:00:00-03:00,2016-03-11T23:00:00Z,2016-03-11T20:00:00-03:00
55.06,,,False,1,pm10,µg/m³,,raw,01:00:00,2016-03-11T23:00:00Z,2016-03-11T20:00:00-03:00,2016-03-12T00:00:00Z,2016-03-11T21:00:00-03:00,1,01:00:00,1,01:00:00,100.0,100.0,2016-03-11T23:00:00Z,2016-03-11T20:00:00-03:00,2016-03-12T00:00:00Z,2016-03-11T21:00:00-03:00
50.06,,,False,1,pm10,µg/m³,,raw,01:00:00,2016-03-12T00:00:00Z,2016-03-11T21:00:00-03:00,2016-03-12T01:00:00Z,2016-03-11T22:00:00-03:00,1,01:00:00,1,01:00:00,100.0,100.0,2016-03-12T00:00:00Z,2016-03-11T21:00:00-03:00,2016-03-12T01:00:00Z,2016-03-11T22:00:00-03:00
44.61,,,False,1,pm10,µg/m³,,raw,01:00:00,2016-03-12T01:00:00Z,2016-03-11T22:00:00-03:00,2016-03-12T02:00:00Z,2016-03-11T23:00:00-03:00,1,01:00:00,1,01:00:00,100.0,100.0,2016-03-12T01:00:00Z,2016-03-11T22:00:00-03:00,2016-03-12T02:00:00Z,2016-03-11T23:00:00-03:00
42.63,,,False,1,pm10,µg/m³,,raw,01:00:00,2016-03-12T02:00:00Z,2016-03-11T23:00:00-03:00,2016-03-12T03:00:00Z,2016-03-12T00:00:00-03:00,1,01:00:00,1,01:00:00,100.0,100.0,2016-03-12T02:00:00Z,2016-03-11T23:00:00-03:00,2016-03-12T03:00:00Z,2016-03-12T00:00:00-03:00
48.64,,,False,1,pm10,µg/m³,,raw,01:00:00,2016-03-12T03:00:00Z,2016-03-12T00:00:00-03:00,2016-03-12T04:00:00Z,2016-03-12T01:00:00-03:00,1,01:00:00,1,01:00:00,100.0,100.0,2016-03-12T03:00:00Z,2016-03-12T00:00:00-03:00,2016-03-12T04:00:00Z,2016-03-12T01:00:00-03:00
50.64,,,False,1,pm10,µg/m³,,raw,01:00:00,2016-03-12T04:00:00Z,2016-03-12T01:00:00-03:00,2016-03-12T05:00:00Z,2016-03-12T02:00:00-03:00,1,01:00:00,1,01:00:00,100.0,100.0,2016-03-12T04:00:00Z,2016-03-12T01:00:00-03:00,2016-03-12T05:00:00Z,2016-03-12T02:00:00-03:00
44.09,,,False,1,pm10,µg/m³,,raw,01:00:00,2016-03-12T05:00:00Z,2016-03-12T02:00:00-03:00,2016-03-12T06:00:00Z,2016-03-12T03:00:00-03:00,1,01:00:00,1,01:00:00,100.0,100.0,2016-03-12T05:00:00Z,2016-03-12T02:00:00-03:00,2016-03-12T06:00:00Z,2016-03-12T03:00:00-03:00
36.19,,,False,1,pm10,µg/m³,,raw,01:00:00,2016-03-12T06:00:00Z,2016-03-12T03:00:00-03:00,2016-03-12T07:00:00Z,2016-03-12T04:00:00-03:00,1,01:00:00,1,01:00:00,100.0,100.0,2016-03-12T06:00:00Z,2016-03-12T03:00:00-03:00,2016-03-12T07:00:00Z,2016-03-12T04:00:00-03:00
27.55,,,False,1,pm10,µg/m³,,raw,01:00:00,2016-03-12T07:00:00Z,2016-03-12T04:00:00-03:00,2016-03-12T08:00:00Z,2016-03-12T05:00:00-03:00,1,01:00:00,1,01:00:00,100.0,100.0,2016-03-12T07:00:00Z,2016-03-12T04:00:00-03:00,2016-03-12T08:00:00Z,2016-03-12T05:00:00-03:00
24.42,,,False,1,pm10,µg/m³,,raw,01:00:00,2016-03-12T08:00:00Z,2016-03-12T05:00:00-03:00,2016-03-12T09:00:00Z,2016-03-12T06:00:00-03:00,1,01:00:00,1,01:00:00,100.0,100.0,2016-03-12T08:00:00Z,2016-03-12T05:00:00-03:00,2016-03-12T09:00:00Z,2016-03-12T06:00:00-03:00
32.51,,,False,1,pm10,µg/m³,,raw,01:00:00,2016-03-12T09:00:00Z,2016-03-12T06:00:00-03:00,2016-03-12T10:00:00Z,2016-03-12T07:00:00-03:00,1,01:00:00,1,01:00:00,100.0,100.0,2016-03-12T09:00:00Z,2016-03-12T06:00:00-03:00,2016-03-12T10:00:00Z,2016-03-12T07:00:00-03:00
30.59,,,False,1,pm10,µg/m³,,raw,01:00:00,2016-03-12T10:00:00Z,2016-03-12T07:00:00-03:00,2016-03-12T11:00:00Z,2016-03-12T08:00:00-03:00,1,01:00:00,1,01:00:00,100.0,100.0,2016-03-12T10:00:00Z,2016-03-12T07:00:00-03:00,2016-03-12T11:00:00Z,2016-03-12T08:00:00-03:00
32.9,,,False,1,pm10,µg/m³,,raw,01:00:00,2016-03-12T11:00:00Z,2016-03-12T08:00:00-03:00,2016-03-12T12:00:00Z,2016-03-12T09:00:00-03:00,1,01:00:00,1,01:00:00,100.0,100.0,2016-03-12T11:00:00Z,2016-03-12T08:00:00-03:00,2016-03-12T12:00:00Z,2016-03-12T09:00:00-03:00
22.74,,,False,1,pm10,µg/m³,,raw,01:00:00,2016-03-12T12:00:00Z,2016-03-12T09:00:00-03:00,2016-03-12T13:00:00Z,2016-03-12T10:00:00-03:00,1,01:00:00,1,01:00:00,100.0,100.0,2016-03-12T12:00:00Z,2016-03-12T09:00:00-03:00,2016-03-12T13:00:00Z,2016-03-12T10:00:00-03:00
25.98,,,False,1,pm10,µg/m³,,raw,01:00:00,2016-03-12T13:00:00Z,2016-03-12T10:00:00-03:00,2016-03-12T14:00:00Z,2016-03-12T11:00:00-03:00,1,01:00:00,1,01:00:00,100.0,100.0,2016-03-12T13:00:00Z,2016-03-12T10:00:00-03:00,2016-03-12T14:00:00Z,2016-03-12T11:00:00-03:00
30.6,,,False,1,pm10,µg/m³,,raw,01:00:00,2016-03-12T14:00:00Z,2016-03-12T11:00:00-03:00,2016-03-12T15:00:00Z,2016-03-12T12:00:00-03:00,1,01:00:00,1,01:00:00,100.0,100.0,2016-03-12T14:00:00Z,2016-03-12T11:00:00-03:00,2016-03-12T15:00:00Z,2016-03-12T12:00:00-03:00
23.03,,,False,1,pm10,µg/m³,,raw,01:00:00,2016-03-12T15:00:00Z,2016-03-12T12:00:00-03:00,2016-03-12T16:00:00Z,2016-03-12T13:00:00-03:00,1,01:00:00,1,01:00:00,100.0,100.0,2016-03-12T15:00:00Z,2016-03-12T12:00:00-03:00,2016-03-12T16:00:00Z,2016-03-12T13:00:00-03:00
23.98,,,False,1,pm10,µg/m³,,raw,01:00:00,2016-03-12T17:00:00Z,2016-03-12T14:00:00-03:00,2016-03-12T18:00:00Z,2016-03-12T15:00:00-03:00,1,01:00:00,1,01:00:00,100.0,100.0,2016-03-12T17:00:00Z,2016-03-12T14:00:00-03:00,2016-03-12T18:00:00Z,2016-03-12T15:00:00-03:00
28.25,,,False,1,pm10,µg/m³,,raw,01:00:00,2016-03-12T18:00:00Z,2016-03-12T15:00:00-03:00,2016-03-12T19:00:00Z,2016-03-12T16:00:00-03:00,1,01:00:00,1,01:00:00,100.0,100.0,2016-03-12T18:00:00Z,2016-03-12T15:00:00-03:00,2016-03-12T19:00:00Z,2016-03-12T16:00:00-03:00
27.84,,,False,1,pm10,µg/m³,,raw,01:00:00,2016-03-12T19:00:00Z,2016-03-12T16:00:00-03:00,2016-03-12T20:00:00Z,2016-03-12T17:00:00-03:00,1,01:00:00,1,01:00:00,100.0,100.0,2016-03-12T19:00:00Z,2016-03-12T16:00:00-03:00,2016-03-12T20:00:00Z,2016-03-12T17:00:00-03:00
33.93,,,False,1,pm10,µg/m³,,raw,01:00:00,2016-03-12T20:00:00Z,2016-03-12T17:00:00-03:00,2016-03-12T21:00:00Z,2016-03-12T18:00:00-03:00,1,01:00:00,1,01:00:00,100.0,100.0,2016-03-12T20:00:00Z,2016-03-12T17:00:00-03:00,2016-03-12T21:00:00Z,2016-03-12T18:00:00-03:00
35.49,,,False,1,pm10,µg/m³,,raw,01:00:00,2016-03-12T21:00:00Z,2016-03-12T18:00:00-03:00,2016-03-12T22:00:00Z,2016-03-12T19:00:00-03:00,1,01:00:00,1,01:00:00,100.0,100.0,2016-03-12T21:00:00Z,2016-03-12T18:00:00-03:00,2016-03-12T22:00:00Z,2016-03-12T19:00:00-03:00
46.32,,,False,1,pm10,µg/m³,,raw,01:00:00,2016-03-12T22:00:00Z,2016-03-12T19:00:00-03:00,2016-03-12T23:00:00Z,2016-03-12T20:00:00-03:00,1,01:00:00,1,01:00:00,100.0,100.0,2016-03-12T22:00:00Z,2016-03-12T19:00:00-03:00,2016-03-12T23:00:00Z,2016-03-12T20:00:00-03:00
51.87,,,False,1,pm10,µg/m³,,raw,01:00:00,2016-03-12T23:00:00Z,2016-03-12T20:00:00-03:00,2016-03-13T00:00:00Z,2016-03-12T21:00:00-03:00,1,01:00:00,1,01:00:00,100.0,100.0,2016-03-12T23:00:00Z,2016-03-12T20:00:00-03:00,2016-03-13T00:00:00Z,2016-03-12T21:00:00-03:00
36.56,,,False,1,pm10,µg/m³,,raw,01:00:00,2016-03-13T00:00:00Z,2016-03-12T21:00:00-03:00,2016-03-13T01:00:00Z,2016-03-12T22:00:00-03:00,1,01:00:00,1,01:00:00,100.0,100.0,2016-03-13T00:00:00Z,2016-03-12T21:00:00-03:00,2016-03-13T01:00:00Z,2016-03-12T22:00:00-03:00
31.04,,,False,1,pm10,µg/m³,,raw,01:00:00,2016-03-13T01:00:00Z,2016-03-12T22:00:00-03:00,2016-03-13T02:00:00Z,2016-03-12T23:00:00-03:00,1,01:00:00,1,01:00:00,100.0,100.0,2016-03-13T01:00:00Z,2016-03-12T22:00:00-03:00,2016-03-13T02:00:00Z,2016-03-12T23:00:00-03:00
50.89,,,False,1,pm10,µg/m³,,raw,01:00:00,2016-03-13T02:00:00Z,2016-03-12T23:00:00-03:00,2016-03-13T03:00:00Z,2016-03-13T00:00:00-03:00,1,01:00:00,1,01:00:00,100.0,100.0,2016-03-13T02:00:00Z,2016-03-12T23:00:00-03:00,2016-03-13T03:00:00Z,2016-03-13T00:00:00-03:00
46.36,,,False,1,pm10,µg/m³,,raw,01:00:00,2016-03-13T03:00:00Z,2016-03-13T00:00:00-03:00,2016-03-13T04:00:00Z,2016-03-13T01:00:00-03:00,1,01:00:00,1,01:00:00,100.0,100.0,2016-03-13T03:00:00Z,2016-03-13T00:00:00-03:00,2016-03-13T04:00:00Z,2016-03-13T01:00:00-03:00
27.2,,,False,1,pm10,µg/m³,,raw,01:00:00,2016-03-13T11:00:00Z,2016-03-13T08:00:00-03:00,2016-03-13T12:00:00Z,2016-03-13T09:00:00-03:00,1,01:00:00,1,01:00:00,100.0,100.0,2016-03-13T11:00:00Z,2016-03-13T08:00:00-03:00,2016-03-13T12:00:00Z,2016-03-13T09:00:00-03:00
20.39,,,False,1,pm10,µg/m³,,raw,01:00:00,2016-03-13T12:00:00Z,2016-03-13T09:00:00-03:00,2016-03-13T13:00:00Z,2016-03-13T10:00:00-03:00,1,01:00:00,1,01:00:00,100.0,100.0,2016-03-13T12:00:00Z,2016-03-13T09:00:00-03:00,2016-03-13T13:00:00Z,2016-03-13T10:00:00-03:00
33.43,,,False,1,pm10,µg/m³,,raw,01:00:00,2016-03-13T13:00:00Z,2016-03-13T10:00:00-03:00,2016-03-13T14:00:00Z,2016-03-13T11:00:00-03:00,1,01:00:00,1,01:00:00,100.0,100.0,2016-03-13T13:00:00Z,2016-03-13T10:00:00-03:00,2016-03-13T14:00:00Z,2016-03-13T11:00:00-03:00
32.53,,,False,1,pm10,µg/m³,,raw,01:00:00,2016-03-13T14:00:00Z,2016-03-13T11:00:00-03:00,2016-03-13T15:00:00Z,2016-03-13T12:00:00-03:00,1,01:00:00,1,01:00:00,100.0,100.0,2016-03-13T14:00:00Z,2016-03-13T11:00:00-03:00,2016-03-13T15:00:00Z,2016-03-13T12:00:00-03:00
25.45,,,False,1,pm10,µg/m³,,raw,01:00:00,2016-03-13T15:00:00Z,2016-03-13T12:00:00-03:00,2016-03-13T16:00:00Z,2016-03-13T13:00:00-03:00,1,01:00:00,1,01:00:00,100.0,100.0,2016-03-13T15:00:00Z,2016-03-13T12:00:00-03:00,2016-03-13T16:00:00Z,2016-03-13T13:00:00-03:00
25.82,,,False,1,pm10,µg/m³,,raw,01:00:00,2016-03-13T16:00:00Z,2016-03-13T13:00:00-03:00,2016-03-13T17:00:00Z,2016-03-13T14:00:00-03:00,1,01:00:00,1,01:00:00,100.0,100.0,2016-03-13T16:00:00Z,2016-03-13T13:00:00-03:00,2016-03-13T17:00:00Z,2016-03-13T14:00:00-03:00
33.05,,,False,1,pm10,µg/m³,,raw,01:00:00,2016-03-13T17:00:00Z,2016-03-13T14:00:00-03:00,2016-03-13T18:00:00Z,2016-03-13T15:00:00-03:00,1,01:00:00,1,01:00:00,100.0,100.0,2016-03-13T17:00:00Z,2016-03-13T14:00:00-03:00,2016-03-13T18:00:00Z,2016-03-13T15:00:00-03:00
31.23,,,False,1,pm10,µg/m³,,raw,01:00:00,2016-03-13T18:00:00Z,2016-03-13T15:00:00-03:00,2016-03-13T19:00:00Z,2016-03-13T16:00:00-03:00,1,01:00:00,1,01:00:00,100.0,100.0,2016-03-13T18:00:00Z,2016-03-13T15:00:00-03:00,2016-03-13T19:00:00Z,2016-03-13T16:00:00-03:00
34.95,,,False,1,pm10,µg/m³,,raw,01:00:00,2016-03-13T19:00:00Z,2016-03-13T16:00:00-03:00,2016-03-13T20:00:00Z,2016-03-13T17:00:00-03:00,1,01:00:00,1,01:00:00,100.0,100.0,2016-03-13T19:00:00Z,2016-03-13T16:00:00-03:00,2016-03-13T20:00:00Z,2016-03-13T17:00:00-03:00
41.29,,,False,1,pm10,µg/m³,,raw,01:00:00,2016-03-13T20:00:00Z,2016-03-13T17:00:00-03:00,2016-03-13T21:00:00Z,2016-03-13T18:00:00-03:00,1,01:00:00,1,01:00:00,100.0,100.0,2016-03-13T20:00:00Z,2016-03-13T17:00:00-03:00,2016-03-13T21:00:00Z,2016-03-13T18:00:00-03:00
42.05,,,False,1,pm10,µg/m³,,raw,01:00:00,2016-03-13T21:00:00Z,2016-03-13T18:00:00-03:00,2016-03-13T22:00:00Z,2016-03-13T19:00:00-03:00,1,01:00:00,1,01:00:00,100.0,100.0,2016-03-13T21:00:00Z,2016-03-13T18:00:00-03:00,2016-03-13T22:00:00Z,2016-03-13T19:00:00-03:00
40.92,,,False,1,pm10,µg/m³,,raw,01:00:00,2016-03-14T00:00:00Z,2016-03-13T21:00:00-03:00,2016-03-14T01:00:00Z,2016-03-13T22:00:00-03:00,1,01:00:00,1,01:00:00,100.0,100.0,2016-03-14T00:00:00Z,2016-03-13T21:00:00-03:00,2016-03-14T01:00:00Z,2016-03-13T22:00:00-03:00
60.51,,,False,1,pm10,µg/m³,,raw,01:00:00,2016-03-14T01:00:00Z,2016-03-13T22:00:00-03:00,2016-03-14T02:00:00Z,2016-03-13T23:00:00-03:00,1,01:00:00,1,01:00:00,100.0,100.0,2016-03-14T01:00:00Z,2016-03-13T22:00:00-03:00,2016-03-14T02:00:00Z,2016-03-13T23:00:00-03:00
60.51,,,False,1,pm10,µg/m³,,raw,01:00:00,2016-03-14T02:00:00Z,2016-03-13T23:00:00-03:00,2016-03-14T03:00:00Z,2016-03-14T00:00:00-03:00,1,01:00:00,1,01:00:00,100.0,100.0,2016-03-14T02:00:00Z,2016-03-13T23:00:00-03:00,2016-03-14T03:00:00Z,2016-03-14T00:00:00-03:00
29.96,,,False,1,pm10,µg/m³,,raw,01:00:00,2016-03-14T03:00:00Z,2016-03-14T00:00:00-03:00,2016-03-14T04:00:00Z,2016-03-14T01:00:00-03:00,1,01:00:00,1,01:00:00,100.0,100.0,2016-03-14T03:00:00Z,2016-03-14T00:00:00-03:00,2016-03-14T04:00:00Z,2016-03-14T01:00:00-03:00
37.85,,,False,1,pm10,µg/m³,,raw,01:00:00,2016-03-14T05:00:00Z,2016-03-14T02:00:00-03:00,2016-03-14T06:00:00Z,2016-03-14T03:00:00-03:00,1,01:00:00,1,01:00:00,100.0,100.0,2016-03-14T05:00:00Z,2016-03-14T02:00:00-03:00,2016-03-14T06:00:00Z,2016-03-14T03:00:00-03:00
39.4,,,False,1,pm10,µg/m³,,raw,01:00:00,2016-03-14T06:00:00Z,2016-03-14T03:00:00-03:00,2016-03-14T07:00:00Z,2016-03-14T04:00:00-03:00,1,01:00:00,1,01:00:00,100.0,100.0,2016-03-14T06:00:00Z,2016-03-14T03:00:00-03:00,2016-03-14T07:00:00Z,2016-03-14T04:00:00-03:00
33.39,,,False,1,pm10,µg/m³,,raw,01:00:00,2016-03-14T08:00:00Z,2016-03-14T05:00:00-03:00,2016-03-14T09:00:00Z,2016-03-14T06:00:00-03:00,1,01:00:00,1,01:00:00,100.0,100.0,2016-03-14T08:00:00Z,2016-03-14T05:00:00-03:00,2016-03-14T09:00:00Z,2016-03-14T06:00:00-03:00
35.54,,,False,1,pm10,µg/m³,,raw,01:00:00,2016-03-14T09:00:00Z,2016-03-14T06:00:00-03:00,2016-03-14T10:00:00Z,2016-03-14T07:00:00-03:00,1,01:00:00,1,01:00:00,100.0,100.0,2016-03-14T09:00:00Z,2016-03-14T06:00:00-03:00,2016-03-14T10:00:00Z,2016-03-14T07:00:00-03:00
37.04,,,False,1,pm10,µg/m³,,raw,01:00:00,2016-03-14T10:00:00Z,2016-03-14T07:00:00-03:00,2016-03-14T11:00:00Z,2016-03-14T08:00:00-03:00,1,01:00:00,1,01:00:00,100.0,100.0,2016-03-14T10:00:00Z,2016-03-14T07:00:00-03:00,2016-03-14T11:00:00Z,2016-03-14T08:00:00-03:00
45.61,,,False,1,pm10,µg/m³,,raw,01:00:00,2016-03-14T11:00:00Z,2016-03-14T08:00:00-03:00,2016-03-14T12:00:00Z,2016-03-14T09:00:00-03:00,1,01:00:00,1,01:00:00,100.0,100.0,2016-03-14T11:00:00Z,2016-03-14T08:00:00-03:00,2016-03-14T12:00:00Z,2016-03-14T09:00:00-03:00
52.48,,,False,1,pm10,µg/m³,,raw,01:00:00,2016-03-14T12:00:00Z,2016-03-14T09:00:00-03:00,2016-03-14T13:00:00Z,2016-03-14T10:00:00-03:00,1,01:00:00,1,01:00:00,100.0,100.0,2016-03-14T12:00:00Z,2016-03-14T09:00:00-03:00,2016-03-14T13:00:00Z,2016-03-14T10:00:00-03:00
55.75,,,False,1,pm10,µg/m³,,raw,01:00:00,2016-03-14T13:00:00Z,2016-03-14T10:00:00-03:00,2016-03-14T14:00:00Z,2016-03-14T11:00:00-03:00,1,01:00:00,1,01:00:00,100.0,100.0,2016-03-14T13:00:00Z,2016-03-14T10:00:00-03:00,2016-03-14T14:00:00Z,2016-03-14T11:00:00-03:00
62.34,,,False,1,pm10,µg/m³,,raw,01:00:00,2016-03-14T14:00:00Z,2016-03-14T11:00:00-03:00,2016-03-14T15:00:00Z,2016-03-14T12:00:00-03:00,1,01:00:00,1,01:00:00,100.0,100.0,2016-03-14T14:00:00Z,2016-03-14T11:00:00-03:00,2016-03-14T15:00:00Z,2016-03-14T12:00:00-03:00
58.18,,,False,1,pm10,µg/m³,,raw,01:00:00,2016-03-14T15:00:00Z,2016-03-14T12:00:00-03:00,2016-03-14T16:00:00Z,2016-03-14T13:00:00-03:00,1,01:00:00,1,01:00:00,100.0,100.0,2016-03-14T15:00:00Z,2016-03-14T12:00:00-03:00,2016-03-14T16:00:00Z,2016-03-14T13:00:00-03:00
36.55,,,False,1,pm10,µg/m³,,raw,01:00:00,2016-03-14T16:00:00Z,2016-03-14T13:00:00-03:00,2016-03-14T17:00:00Z,2016-03-14T14:00:00-03:00,1,01:00:00,1,01:00:00,100.0,100.0,2016-03-14T16:00:00Z,2016-03-14T13:00:00-03:00,2016-03-14T17:00:00Z,2016-03-14T14:00:00-03:00
51.59,,,False,1,pm10,µg/m³,,raw,01:00:00,2016-03-14T17:00:00Z,2016-03-14T14:00:00-03:00,2016-03-14T18:00:00Z,2016-03-14T15:00:00-03:00,1,01:00:00,1,01:00:00,100.0,100.0,2016-03-14T17:00:00Z,2016-03-14T14:00:00-03:00,2016-03-14T18:00:00Z,2016-03-14T15:00:00-03:00
43.99,,,False,1,pm10,µg/m³,,raw,01:00:00,2016-03-14T18:00:00Z,2016-03-14T15:00:00-03:00,2016-03-14T19:00:00Z,2016-03-14T16:00:00-03:00,1,01:00:00,1,01:00:00,100.0,100.0,2016-03-14T18:00:00Z,2016-03-14T15:00:00-03:00,2016-03-14T19:00:00Z,2016-03-14T16:00:00-03:00
49.09,,,False,1,pm10,µg/m³,,raw,01:00:00,2016-03-14T19:00:00Z,2016-03-14T16:00:00-03:00,2016-03-14T20:00:00Z,2016-03-14T17:00:00-03:00,1,01:00:00,1,01:00:00,100.0,100.0,2016-03-14T19:00:00Z,2016-03-14T16:00:00-03:00,2016-03-14T20:00:00Z,2016-03-14T17:00:00-03:00
51.25,,,False,1,pm10,µg/m³,,raw,01:00:00,2016-03-14T20:00:00Z,2016-03-14T17:00:00-03:00,2016-03-14T21:00:00Z,2016-03-14T18:00:00-03:00,1,01:00:00,1,01:00:00,100.0,100.0,2016-03-14T20:00:00Z,2016-03-14T17:00:00-03:00,2016-03-14T21:00:00Z,2016-03-14T18:00:00-03:00
49.48,,,False,1,pm10,µg/m³,,raw,01:00:00,2016-03-14T21:00:00Z,2016-03-14T18:00:00-03:00,2016-03-14T22:00:00Z,2016-03-14T19:00:00-03:00,1,01:00:00,1,01:00:00,100.0,100.0,2016-03-14T21:00:00Z,2016-03-14T18:00:00-03:00,2016-03-14T22:00:00Z,2016-03-14T19:00:00-03:00
62.51,,,False,1,pm10,µg/m³,,raw,01:00:00,2016-03-14T22:00:00Z,2016-03-14T19:00:00-03:00,2016-03-14T23:00:00Z,2016-03-14T20:00:00-03:00,1,01:00:00,1,01:00:00,100.0,100.0,2016-03-14T22:00:00Z,2016-03-14T19:00:00-03:00,2016-03-14T23:00:00Z,2016-03-14T20:00:00-03:00
82.36,,,False,1,pm10,µg/m³,,raw,01:00:00,2016-03-14T23:00:00Z,2016-03-14T20:00:00-03:00,2016-03-15T00:00:00Z,2016-03-14T21:00:00-03:00,1,01:00:00,1,01:00:00,100.0,100.0,2016-03-14T23:00:00Z,2016-03-14T20:00:00-03:00,2016-03-15T00:00:00Z,2016-03-14T21:00:00-03:00
66.5,,,False,1,pm10,µg/m³,,raw,01:00:00,2016-03-15T00:00:00Z,2016-03-14T21:00:00-03:00,2016-03-15T01:00:00Z,2016-03-14T22:00:00-03:00,1,01:00:00,1,01:00:00,100.0,100.0,2016-03-15T00:00:00Z,2016-03-14T21:00:00-03:00,2016-03-15T01:00:00Z,2016-03-14T22:00:00-03:00
43.75,,,False,1,pm10,µg/m³,,raw,01:00:00,2016-03-15T01:00:00Z,2016-03-14T22:00:00-03:00,2016-03-15T02:00:00Z,2016-03-14T23:00:00-03:00,1,01:00:00,1,01:00:00,100.0,100.0,2016-03-15T01:00:00Z,2016-03-14T22:00:00-03:00,2016-03-15T02:00:00Z,2016-03-14T23:00:00-03:00
46.33,,,False,1,pm10,µg/m³,,raw,01:00:00,2016-03-15T02:00:00Z,2016-03-14T23:00:00-03:00,2016-03-15T03:00:00Z,2016-03-15T00:00:00-03:00,1,01:00:00,1,01:00:00,100.0,100.0,2016-03-15T02:00:00Z,2016-03-14T23:00:00-03:00,2016-03-15T03:00:00Z,2016-03-15T00:00:00-03:00
50.21,,,False,1,pm10,µg/m³,,raw,01:00:00,2016-03-15T03:00:00Z,2016-03-15T00:00:00-03:00,2016-03-15T04:00:00Z,2016-03-15T01:00:00-03:00,1,01:00:00,1,01:00:00,100.0,100.0,2016-03-15T03:00:00Z,2016-03-15T00:00:00-03:00,2016-03-15T04:00:00Z,2016-03-15T01:00:00-03:00
50.06,,,False,1,pm10,µg/m³,,raw,01:00:00,2016-03-15T04:00:00Z,2016-03-15T01:00:00-03:00,2016-03-15T05:00:00Z,2016-03-15T02:00:00-03:00,1,01:00:00,1,01:00:00,100.0,100.0,2016-03-15T04:00:00Z,2016-03-15T01:00:00-03:00,2016-03-15T05:00:00Z,2016-03-15T02:00:00-03:00
46.88,,,False,1,pm10,µg/m³,,raw,01:00:00,2016-03-15T05:00:00Z,2016-03-15T02:00:00-03:00,2016-03-15T06:00:00Z,2016-03-15T03:00:00-03:00,1,01:00:00,1,01:00:00,100.0,100.0,2016-03-15T05:00:00Z,2016-03-15T02:00:00-03:00,2016-03-15T06:00:00Z,2016-03-15T03:00:00-03:00
43.71,,,False,1,pm10,µg/m³,,raw,01:00:00,2016-03-15T06:00:00Z,2016-03-15T03:00:00-03:00,2016-03-15T07:00:00Z,2016-03-15T04:00:00-03:00,1,01:00:00,1,01:00:00,100.0,100.0,2016-03-15T06:00:00Z,2016-03-15T03:00:00-03:00,2016-03-15T07:00:00Z,2016-03-15T04:00:00-03:00
47.89,,,False,1,pm10,µg/m³,,raw,01:00:00,2016-03-15T07:00:00Z,2016-03-15T04:00:00-03:00,2016-03-15T08:00:00Z,2016-03-15T05:00:00-03:00,1,01:00:00,1,01:00:00,100.0,100.0,2016-03-15T07:00:00Z,2016-03-15T04:00:00-03:00,2016-03-15T08:00:00Z,2016-03-15T05:00:00-03:00
48.59,,,False,1,pm10,µg/m³,,raw,01:00:00,2016-03-15T08:00:00Z,2016-03-15T05:00:00-03:00,2016-03-15T09:00:00Z,2016-03-15T06:00:00-03:00,1,01:00:00,1,01:00:00,100.0,100.0,2016-03-15T08:00:00Z,2016-03-15T05:00:00-03:00,2016-03-15T09:00:00Z,2016-03-15T06:00:00-03:00
47.21,,,False,1,pm10,µg/m³,,raw,01:00:00,2016-03-15T09:00:00Z,2016-03-15T06:00:00-03:00,2016-03-15T10:00:00Z,2016-03-15T07:00:00-03:00,1,01:00:00,1,01:00:00,100.0,100.0,2016-03-15T09:00:00Z,2016-03-15T06:00:00-03:00,2016-03-15T10:00:00Z,2016-03-15T07:00:00-03:00
48.34,,,False,1,pm10,µg/m³,,raw,01:00:00,2016-03-15T10:00:00Z,2016-03-15T07:00:00-03:00,2016-03-15T11:00:00Z,2016-03-15T08:00:00-03:00,1,01:00:00,1,01:00:00,100.0,100.0,2016-03-15T10:00:00Z,2016-03-15T07:00:00-03:00,2016-03-15T11:00:00Z,2016-03-15T08:00:00-03:00
51.61,,,False,1,pm10,µg/m³,,raw,01:00:00,2016-03-15T11:00:00Z,2016-03-15T08:00:00-03:00,2016-03-15T12:00:00Z,2016-03-15T09:00:00-03:00,1,01:00:00,1,01:00:00,100.0,100.0,2016-03-15T11:00:00Z,2016-03-15T08:00:00-03:00,2016-03-15T12:00:00Z,2016-03-15T09:00:00-03:00
56.68,,,False,1,pm10,µg/m³,,raw,01:00:00,2016-03-15T12:00:00Z,2016-03-15T09:00:00-03:00,2016-03-15T13:00:00Z,2016-03-15T10:00:00-03:00,1,01:00:00,1,01:00:00,100.0,100.0,2016-03-15T12:00:00Z,2016-03-15T09:00:00-03:00,2016-03-15T13:00:00Z,2016-03-15T10:00:00-03:00
67.97,,,False,1,pm10,µg/m³,,raw,01:00:00,2016-03-15T13:00:00Z,2016-03-15T10:00:00-03:00,2016-03-15T14:00:00Z,2016-03-15T11:00:00-03:00,1,01:00:00,1,01:00:00,100.0,100.0,2016-03-15T13:00:00Z,2016-03-15T10:00:00-03:00,2016-03-15T14:00:00Z,2016-03-15T11:00:00-03:00
57.96,,,False,1,pm10,µg/m³,,raw,01:00:00,2016-03-15T14:00:00Z,2016-03-15T11:00:00-03:00,2016-03-15T15:00:00Z,2016-03-15T12:00:00-03:00,1,01:00:00,1,01:00:00,100.0,100.0,2016-03-15T14:00:00Z,2016-03-15T11:00:00-03:00,2016-03-15T15:00:00Z,2016-03-15T12:00:00-03:00
64.46,,,False,1,pm10,µg/m³,,raw,01:00:00,2016-03-15T15:00:00Z,2016-03-15T12:00:00-03:00,2016-03-15T16:00:00Z,2016-03-15T13:00:00-03:00,1,01:00:00,1,01:00:00,100.0,100.0,2016-03-15T15:00:00Z,2016-03-15T12:00:00-03:00,2016-03-15T16:00:00Z,2016-03-15T13:00:00-03:00
48.17,,,False,1,pm10,µg/m³,,raw,01:00:00,2016-03-15T16:00:00Z,2016-03-15T13:00:00-03:00,2016-03-15T17:00:00Z,2016-03-15T14:00:00-03:00,1,01:00:00,1,01:00:00,100.0,100.0,2016-03-15T16:00:00Z,2016-03-15T13:00:00-03:00,2016-03-15T17:00:00Z,2016-03-15T14:00:00-03:00
45.59,,,False,1,pm10,µg/m³,,raw,01:00:00,2016-03-15T17:00:00Z,2016-03-15T14:00:00-03:00,2016-03-15T18:00:00Z,2016-03-15T15:00:00-03:00,1,01:00:00,1,01:00:00,100.0,100.0,2016-03-15T17:00:00Z,2016-03-15T14:00:00-03:00,2016-03-15T18:00:00Z,2016-03-15T15:00:00-03:00
46.83,,,False,1,pm10,µg/m³,,raw,01:00:00,2016-03-15T18:00:00Z,2016-03-15T15:00:00-03:00,2016-03-15T19:00:00Z,2016-03-15T16:00:00-03:00,1,01:00:00,1,01:00:00,100.0,100.0,2016-03-15T18:00:00Z,2016-03-15T15:00:00-03:00,2016-03-15T19:00:00Z,2016-03-15T16:00:00-03:00
43.15,,,False,1,pm10,µg/m³,,raw,01:00:00,2016-03-15T19:00:00Z,2016-03-15T16:00:00-03:00,2016-03-15T20:00:00Z,2016-03-15T17:00:00-03:00,1,01:00:00,1,01:00:00,100.0,100.0,2016-03-15T19:00:00Z,2016-03-15T16:00:00-03:00,2016-03-15T20:00:00Z,2016-03-15T17:00:00-03:00
36.38,,,False,1,pm10,µg/m³,,raw,01:00:00,2016-03-15T20:00:00Z,2016-03-15T17:00:00-03:00,2016-03-15T21:00:00Z,2016-03-15T18:00:00-03:00,1,01:00:00,1,01:00:00,100.0,100.0,2016-03-15T20:00:00Z,2016-03-15T17:00:00-03:00,2016-03-15T21:00:00Z,2016-03-15T18:00:00-03:00
37.81,,,False,1,pm10,µg/m³,,raw,01:00:00,2016-03-15T21:00:00Z,2016-03-15T18:00:00-03:00,2016-03-15T22:00:00Z,2016-03-15T19:00:00-03:00,1,01:00:00,1,01:00:00,100.0,100.0,2016-03-15T21:00:00Z,2016-03-15T18:00:00-03:00,2016-03-15T22:00:00Z,2016-03-15T19:00:00-03:00
16.2,,,False,2,pm25,µg/m³,,raw,01:00:00,2016-01-30T00:00:00Z,2016-01-29T21:00:00-03:00,2016-01-30T01:00:00Z,2016-01-29T22:00:00-03:00,1,01:00:00,1,01:00:00,100.0,100.0,2016-01-30T00:00:00Z,2016-01-29T21:00:00-03:00,2016-01-30T01:00:00Z,2016-01-29T22:00:00-03:00
8.1,,,False,2,pm25,µg/m³,,raw,01:00:00,2016-01-30T01:00:00Z,2016-01-29T22:00:00-03:00,2016-01-30T02:00:00Z,2016-01-29T23:00:00-03:00,1,01:00:00,1,01:00:00,100.0,100.0,2016-01-30T01:00:00Z,2016-01-29T22:00:00-03:00,2016-01-30T02:00:00Z,2016-01-29T23:00:00-03:00
10.8,,,False,2,pm25,µg/m³,,raw,01:00:00,2016-01-30T02:00:00Z,2016-01-29T23:00:00-03:00,2016-01-30T03:00:00Z,2016-01-30T00:00:00-03:00,1,01:00:00,1,01:00:00,100.0,100.0,2016-01-30T02:00:00Z,2016-01-29T23:00:00-03:00,2016-01-30T03:00:00Z,2016-01-30T00:00:00-03:00
10.8,,,False,2,pm25,µg/m³,,raw,01:00:00,2016-01-30T03:00:00Z,2016-01-30T00:00:00-03:00,2016-01-30T04:00:00Z,2016-01-30T01:00:00-03:00,1,01:00:00,1,01:00:00,100.0,100.0,2016-01-30T03:00:00Z,2016-01-30T00:00:00-03:00,2016-01-30T04:00:00Z,2016-01-30T01:00:00-03:00
11.48,,,False,2,pm25,µg/m³,,raw,01:00:00,2016-01-30T04:00:00Z,2016-01-30T01:00:00-03:00,2016-01-30T05:00:00Z,2016-01-30T02:00:00-03:00,1,01:00:00,1,01:00:00,100.0,100.0,2016-01-30T04:00:00Z,2016-01-30T01:00:00-03:00,2016-01-30T05:00:00Z,2016-01-30T02:00:00-03:00
8.78,,,False,2,pm25,µg/m³,,raw,01:00:00,2016-01-30T05:00:00Z,2016-01-30T02:00:00-03:00,2016-01-30T06:00:00Z,2016-01-30T03:00:00-03:00,1,01:00:00,1,01:00:00,100.0,100.0,2016-01-30T05:00:00Z,2016-01-30T02:00:00-03:00,2016-01-30T06:00:00Z,2016-01-30T03:00:00-03:00
10.13,,,False,2,pm25,µg/m³,,raw,01:00:00,2016-01-30T06:00:00Z,2016-01-30T03:00:00-03:00,2016-01-30T07:00:00Z,2016-01-30T04:00:00-03:00,1,01:00:00,1,01:00:00,100.0,100.0,2016-01-30T06:00:00Z,2016-01-30T03:00:00-03:00,2016-01-30T07:00:00Z,2016-01-30T04:00:00-03:00
12.83,,,False,2,pm25,µg/m³,,raw,01:00:00,2016-01-30T07:00:00Z,2016-01-30T04:00:00-03:00,2016-01-30T08:00:00Z,2016-01-30T05:00:00-03:00,1,01:00:00,1,01:00:00,100.0,100.0,2016-01-30T07:00:00Z,2016-01-30T04:00:00-03:00,2016-01-30T08:00:00Z,2016-01-30T05:00:00-03:00
11.48,,,False,2,pm25,µg/m³,,raw,01:00:00,2016-01-30T08:00:00Z,2016-01-30T05:00:00-03:00,2016-01-30T09:00:00Z,2016-01-30T06:00:00-03:00,1,01:00:00,1,01:00:00,100.0,100.0,2016-01-30T08:00:00Z,2016-01-30T05:00:00-03:00,2016-01-30T09:00:00Z,2016-01-30T06:00:00-03:00
8.1,,,False,2,pm25,µg/m³,,raw,01:00:00,2016-01-30T09:00:00Z,2016-01-30T06:00:00-03:00,2016-01-30T10:00:00Z,2016-01-30T07:00:00-03:00,1,01:00:00,1,01:00:00,100.0,100.0,2016-01-30T09:00:00Z,2016-01-30T06:00:00-03:00,2016-01-30T10:00:00Z,2016-01-30T07:00:00-03:00
15.55,,,False,2,pm25,µg/m³,,raw,01:00:00,2016-01-30T10:00:00Z,2016-01-30T07:00:00-03:00,2016-01-30T11:00:00Z,2016-01-30T08:00:00-03:00,1,01:00:00,1,01:00:00,100.0,100.0,2016-01-30T10:00:00Z,2016-01-30T07:00:00-03:00,2016-01-30T11:00:00Z,2016-01-30T08:00:00-03:00
16.21,,,False,2,pm25,µg/m³,,raw,01:00:00,2016-01-30T11:00:00Z,2016-01-30T08:00:00-03:00,2016-01-30T12:00:00Z,2016-01-30T09:00:00-03:00,1,01:00:00,1,01:00:00,100.0,100.0,2016-01-30T11:00:00Z,2016-01-30T08:00:00-03:00,2016-01-30T12:00:00Z,2016-01-30T09:00:00-03:00
12.15,,,False,2,pm25,µg/m³,,raw,01:00:00,2016-01-30T12:00:00Z,2016-01-30T09:00:00-03:00,2016-01-30T13:00:00Z,2016-01-30T10:00:00-03:00,1,01:00:00,1,01:00:00,100.0,100.0,2016-01-30T12:00:00Z,2016-01-30T09:00:00-03:00,2016-01-30T13:00:00Z,2016-01-30T10:00:00-03:00
16.2,,,False,2,pm25,µg/m³,,raw,01:00:00,2016-01-30T13:00:00Z,2016-01-30T10:00:00-03:00,2016-01-30T14:00:00Z,2016-01-30T11:00:00-03:00,1,01:00:00,1,01:00:00,100.0,100.0,2016-01-30T13:00:00Z,2016-01-30T10:00:00-03:00,2016-01-30T14:00:00Z,2016-01-30T11:00:00-03:00
10.13,,,False,2,pm25,µg/m³,,raw,01:00:00,2016-01-30T14:00:00Z,2016-01-30T11:00:00-03:00,2016-01-30T15:00:00Z,2016-01-30T12:00:00-03:00,1,01:00:00,1,01:00:00,100.0,100.0,2016-01-30T14:00:00Z,2016-01-30T11:00:00-03:00,2016-01-30T15:00:00Z,2016-01-30T12:00:00-03:00
9.44,,,False,2,pm25,µg/m³,,raw,01:00:00,2016-01-30T15:00:00Z,2016-01-30T12:00:00-03:00,2016-01-30T16:00:00Z,2016-01-30T13:00:00-03:00,1,01:00:00,1,01:00:00,100.0,100.0,2016-01-30T15:00:00Z,2016-01-30T12:00:00-03:00,2016-01-30T16:00:00Z,2016-01-30T13:00:00-03:00
6.732,,,False,2,pm25,µg/m³,,raw,01:00:00,2016-01-30T16:00:00Z,2016-01-30T13:00:00-03:00,2016-01-30T17:00:00Z,2016-01-30T14:00:00-03:00,1,01:00:00,1,01:00:00,100.0,100.0,2016-01-30T16:00:00Z,2016-01-30T13:00:00-03:00,2016-01-30T17:00:00Z,2016-01-30T14:00:00-03:00
4.724,,,False,2,pm25,µg/m³,,raw,01:00:00,2016-01-30T17:00:00Z,2016-01-30T14:00:00-03:00,2016-01-30T18:00:00Z,2016-01-30T15:00:00-03:00,1,01:00:00,1,01:00:00,100.0,100.0,2016-01-30T17:00:00Z,2016-01-30T14:00:00-03:00,2016-01-30T18:00:00Z,2016-01-30T15:00:00-03:00
3.373,,,False,2,pm25,µg/m³,,raw,01:00:00,2016-01-30T18:00:00Z,2016-01-30T15:00:00-03:00,2016-01-30T19:00:00Z,2016-01-30T16:00:00-03:00,1,01:00:00,1,01:00:00,100.0,100.0,2016-01-30T18:00:00Z,2016-01-30T15:00:00-03:00,2016-01-30T19:00:00Z,2016-01-30T16:00:00-03:00
2.023,,,False,2,pm25,µg/m³,,raw,01:00:00,2016-01-30T19:00:00Z,2016-01-30T16:00:00-03:00,2016-01-30T20:00:00Z,2016-01-30T17:00:00-03:00,1,01:00:00,1,01:00:00,100.0,100.0,2016-01-30T19:00:00Z,2016-01-30T16:00:00-03:00,2016-01-30T20:00:00Z,2016-01-30T17:00:00-03:00
2.697,,,False,2,pm25,µg/m³,,raw,01:00:00,2016-01-30T20:00:00Z,2016-01-30T17:00:00-03:00,2016-01-30T21:00:00Z,2016-01-30T18:00:00-03:00,1,01:00:00,1,01:00:00,100.0,100.0,2016-01-30T20:00:00Z,2016-01-30T17:00:00-03:00,2016-01-30T21:00:00Z,2016-01-30T18:00:00-03:00
3.371,,,False,2,pm25,µg/m³,,raw,01:00:00,2016-01-30T21:00:00Z,2016-01-30T18:00:00-03:00,2016-01-30T22:00:00Z,2016-01-30T19:00:00-03:00,1,01:00:00,1,01:00:00,100.0,100.0,2016-01-30T21:00:00Z,2016-01-30T18:00:00-03:00,2016-01-30T22:00:00Z,2016-01-30T19:00:00-03:00
10.12,,,False,2,pm25,µg/m³,,raw,01:00:00,2016-01-30T23:00:00Z,2016-01-30T20:00:00-03:00,2016-01-31T00:00:00Z,2016-01-30T21:00:00-03:00,1,01:00:00,1,01:00:00,100.0,100.0,2016-01-30T23:00:00Z,2016-01-30T20:00:00-03:00,2016-01-31T00:00:00Z,2016-01-30T21:00:00-03:00
16.87,,,False,2,pm25,µg/m³,,raw,01:00:00,2016-01-31T00:00:00Z,2016-01-30T21:00:00-03:00,2016-01-31T01:00:00Z,2016-01-30T22:00:00-03:00,1,01:00:00,1,01:00:00,100.0,100.0,2016-01-31T00:00:00Z,2016-01-30T21:00:00-03:00,2016-01-31T01:00:00Z,2016-01-30T22:00:00-03:00
18.9,,,False,2,pm25,µg/m³,,raw,01:00:00,2016-01-31T01:00:00Z,2016-01-30T22:00:00-03:00,2016-01-31T02:00:00Z,2016-01-30T23:00:00-03:00,1,01:00:00,1,01:00:00,100.0,100.0,2016-01-31T01:00:00Z,2016-01-30T22:00:00-03:00,2016-01-31T02:00:00Z,2016-01-30T23:00:00-03:00
32.39,,,False,2,pm25,µg/m³,,raw,01:00:00,2016-01-31T02:00:00Z,2016-01-30T23:00:00-03:00,2016-01-31T03:00:00Z,2016-01-31T00:00:00-03:00,1,01:00:00,1,01:00:00,100.0,100.0,2016-01-31T02:00:00Z,2016-01-30T23:00:00-03:00,2016-01-31T03:00:00Z,2016-01-31T00:00:00-03:00
12.15,,,False,2,pm25,µg/m³,,raw,01:00:00,2016-01-31T03:00:00Z,2016-01-31T00:00:00-03:00,2016-01-31T04:00:00Z,2016-01-31T01:00:00-03:00,1,01:00:00,1,01:00:00,100.0,100.0,2016-01-31T03:00:00Z,2016-01-31T00:00:00-03:00,2016-01-31T04:00:00Z,2016-01-31T01:00:00-03:00
19.98,,,False,2,pm25,µg/m³,,raw,01:00:00,2016-01-31T04:00:00Z,2016-01-31T01:00:00-03:00,2016-01-31T05:00:00Z,2016-01-31T02:00:00-03:00,1,01:00:00,1,01:00:00,100.0,100.0,2016-01-31T04:00:00Z,2016-01-31T01:00:00-03:00,2016-01-31T05:00:00Z,2016-01-31T02:00:00-03:00
11.48,,,False,2,pm25,µg/m³,,raw,01:00:00,2016-01-31T05:00:00Z,2016-01-31T02:00:00-03:00,2016-01-31T06:00:00Z,2016-01-31T03:00:00-03:00,1,01:00:00,1,01:00:00,100.0,100.0,2016-01-31T05:00:00Z,2016-01-31T02:00:00-03:00,2016-01-31T06:00:00Z,2016-01-31T03:00:00-03:00
10.13,,,False,2,pm25,µg/m³,,raw,01:00:00,2016-01-31T06:00:00Z,2016-01-31T03:00:00-03:00,2016-01-31T07:00:00Z,2016-01-31T04:00:00-03:00,1,01:00:00,1,01:00:00,100.0,100.0,2016-01-31T06:00:00Z,2016-01-31T03:00:00-03:00,2016-01-31T07:00:00Z,2016-01-31T04:00:00-03:00
12.83,,,False,2,pm25,µg/m³,,raw,01:00:00,2016-01-31T07:00:00Z,2016-01-31T04:00:00-03:00,2016-01-31T08:00:00Z,2016-01-31T05:00:00-03:00,1,01:00:00,1,01:00:00,100.0,100.0,2016-01-31T07:00:00Z,2016-01-31T04:00:00-03:00,2016-01-31T08:00:00Z,2016-01-31T05:00:00-03:00
10.8,,,False,2,pm25,µg/m³,,raw,01:00:00,2016-01-31T08:00:00Z,2016-01-31T05:00:00-03:00,2016-01-31T09:00:00Z,2016-01-31T06:00:00-03:00,1,01:00:00,1,01:00:00,100.0,100.0,2016-01-31T08:00:00Z,2016-01-31T05:00:00-03:00,2016-01-31T09:00:00Z,2016-01-31T06:00:00-03:00
10.36,,,False,2,pm25,µg/m³,,raw,01:00:00,2016-01-31T09:00:00Z,2016-01-31T06:00:00-03:00,2016-01-31T10:00:00Z,2016-01-31T07:00:00-03:00,1,01:00:00,1,01:00:00,100.0,100.0,2016-01-31T09:00:00Z,2016-01-31T06:00:00-03:00,2016-01-31T10:00:00Z,2016-01-31T07:00:00-03:00
10.8,,,False,2,pm25,µg/m³,,raw,01:00:00,2016-01-31T10:00:00Z,2016-01-31T07:00:00-03:00,2016-01-31T11:00:00Z,2016-01-31T08:00:00-03:00,1,01:00:00,1,01:00:00,100.0,100.0,2016-01-31T10:00:00Z,2016-01-31T07:00:00-03:00,2016-01-31T11:00:00Z,2016-01-31T08:00:00-03:00
8.78,,,False,2,pm25,µg/m³,,raw,01:00:00,2016-01-31T11:00:00Z,2016-01-31T08:00:00-03:00,2016-01-31T12:00:00Z,2016-01-31T09:00:00-03:00,1,01:00:00,1,01:00:00,100.0,100.0,2016-01-31T11:00:00Z,2016-01-31T08:00:00-03:00,2016-01-31T12:00:00Z,2016-01-31T09:00:00-03:00
10.8,,,False,2,pm25,µg/m³,,raw,01:00:00,2016-01-31T12:00:00Z,2016-01-31T09:00:00-03:00,2016-01-31T13:00:00Z,2016-01-31T10:00:00-03:00,1,01:00:00,1,01:00:00,100.0,100.0,2016-01-31T12:00:00Z,2016-01-31T09:00:00-03:00,2016-01-31T13:00:00Z,2016-01-31T10:00:00-03:00
6.749,,,False,2,pm25,µg/m³,,raw,01:00:00,2016-01-31T13:00:00Z,2016-01-31T10:00:00-03:00,2016-01-31T14:00:00Z,2016-01-31T11:00:00-03:00,1,01:00:00,1,01:00:00,100.0,100.0,2016-01-31T13:00:00Z,2016-01-31T10:00:00-03:00,2016-01-31T14:00:00Z,2016-01-31T11:00:00-03:00
10.8,,,False,2,pm25,µg/m³,,raw,01:00:00,2016-01-31T15:00:00Z,2016-01-31T12:00:00-03:00,2016-01-31T16:00:00Z,2016-01-31T13:00:00-03:00,1,01:00:00,1,01:00:00,100.0,100.0,2016-01-31T15:00:00Z,2016-01-31T12:00:00-03:00,2016-01-31T16:00:00Z,2016-01-31T13:00:00-03:00
11.42,,,False,2,pm25,µg/m³,,raw,01:00:00,2016-01-31T16:00:00Z,2016-01-31T13:00:00-03:00,2016-01-31T17:00:00Z,2016-01-31T14:00:00-03:00,1,01:00:00,1,01:00:00,100.0,100.0,2016-01-31T16:00:00Z,2016-01-31T13:00:00-03:00,2016-01-31T17:00:00Z,2016-01-31T14:00:00-03:00
10.8,,,False,2,pm25,µg/m³,,raw,01:00:00,2016-01-31T18:00:00Z,2016-01-31T15:00:00-03:00,2016-01-31T19:00:00Z,2016-01-31T16:00:00-03:00,1,01:00:00,1,01:00:00,100.0,100.0,2016-01-31T18:00:00Z,2016-01-31T15:00:00-03:00,2016-01-31T19:00:00Z,2016-01-31T16:00:00-03:00
6.746,,,False,2,pm25,µg/m³,,raw,01:00:00,2016-01-31T19:00:00Z,2016-01-31T16:00:00-03:00,2016-01-31T20:00:00Z,2016-01-31T17:00:00-03:00,1,01:00:00,1,01:00:00,100.0,100.0,2016-01-31T19:00:00Z,2016-01-31T16:00:00-03:00,2016-01-31T20:00:00Z,2016-01-31T17:00:00-03:00
6.07,,,False,2,pm25,µg/m³,,raw,01:00:00,2016-01-31T20:00:00Z,2016-01-31T17:00:00-03:00,2016-01-31T21:00:00Z,2016-01-31T18:00:00-03:00,1,01:00:00,1,01:00:00,100.0,100.0,2016-01-31T20:00:00Z,2016-01-31T17:00:00-03:00,2016-01-31T21:00:00Z,2016-01-31T18:00:00-03:00
8.57,,,False,2,pm25,µg/m³,,raw,01:00:00,2016-01-31T21:00:00Z,2016-01-31T18:00:00-03:00,2016-01-31T22:00:00Z,2016-01-31T19:00:00-03:00,1,01:00:00,1,01:00:00,100.0,100.0,2016-01-31T21:00:00Z,2016-01-31T18:00:00-03:00,2016-01-31T22:00:00Z,2016-01-31T19:00:00-03:00
16.2,,,False,2,pm25,µg/m³,,raw,01:00:00,2016-01-31T23:00:00Z,2016-01-31T20:00:00-03:00,2016-02-01T00:00:00Z,2016-01-31T21:00:00-03:00,1,01:00:00,1,01:00:00,100.0,100.0,2016-01-31T23:00:00Z,2016-01-31T20:00:00-03:00,2016-02-01T00:00:00Z,2016-01-31T21:00:00-03:00
14.85,,,False,2,pm25,µg/m³,,raw,01:00:00,2016-02-01T00:00:00Z,2016-01-31T21:00:00-03:00,2016-02-01T01:00:00Z,2016-01-31T22:00:00-03:00,1,01:00:00,1,01:00:00,100.0,100.0,2016-02-01T00:00:00Z,2016-01-31T21:00:00-03:00,2016-02-01T01:00:00Z,2016-01-31T22:00:00-03:00
12.83,,,False,2,pm25,µg/m³,,raw,01:00:00,2016-02-01T01:00:00Z,2016-01-31T22:00:00-03:00,2016-02-01T02:00:00Z,2016-01-31T23:00:00-03:00,1,01:00:00,1,01:00:00,100.0,100.0,2016-02-01T01:00:00Z,2016-01-31T22:00:00-03:00,2016-02-01T02:00:00Z,2016-01-31T23:00:00-03:00
12.15,,,False,2,pm25,µg/m³,,raw,01:00:00,2016-02-01T02:00:00Z,2016-01-31T23:00:00-03:00,2016-02-01T03:00:00Z,2016-02-01T00:00:00-03:00,1,01:00:00,1,01:00:00,100.0,100.0,2016-02-01T02:00:00Z,2016-01-31T23:00:00-03:00,2016-02-01T03:00:00Z,2016-02-01T00:00:00-03:00
12.15,,,False,2,pm25,µg/m³,,raw,01:00:00,2016-02-01T03:00:00Z,2016-02-01T00:00:00-03:00,2016-02-01T04:00:00Z,2016-02-01T01:00:00-03:00,1,01:00:00,1,01:00:00,100.0,100.0,2016-02-01T03:00:00Z,2016-02-01T00:00:00-03:00,2016-02-01T04:00:00Z,2016-02-01T01:00:00-03:00
13.5,,,False,2,pm25,µg/m³,,raw,01:00:00,2016-02-01T04:00:00Z,2016-02-01T01:00:00-03:00,2016-02-01T05:00:00Z,2016-02-01T02:00:00-03:00,1,01:00:00,1,01:00:00,100.0,100.0,2016-02-01T04:00:00Z,2016-02-01T01:00:00-03:00,2016-02-01T05:00:00Z,2016-02-01T02:00:00-03:00
12.15,,,False,2,pm25,µg/m³,,raw,01:00:00,2016-02-01T05:00:00Z,2016-02-01T02:00:00-03:00,2016-02-01T06:00:00Z,2016-02-01T03:00:00-03:00,1,01:00:00,1,01:00:00,100.0,100.0,2016-02-01T05:00:00Z,2016-02-01T02:00:00-03:00,2016-02-01T06:00:00Z,2016-02-01T03:00:00-03:00
14.18,,,False,2,pm25,µg/m³,,raw,01:00:00,2016-02-01T06:00:00Z,2016-02-01T03:00:00-03:00,2016-02-01T07:00:00Z,2016-02-01T04:00:00-03:00,1,01:00:00,1,01:00:00,100.0,100.0,2016-02-01T06:00:00Z,2016-02-01T03:00:00-03:00,2016-02-01T07:00:00Z,2016-02-01T04:00:00-03:00
12.17,,,False,2,pm25,µg/m³,,raw,01:00:00,2016-02-01T07:00:00Z,2016-02-01T04:00:00-03:00,2016-02-01T08:00:00Z,2016-02-01T05:00:00-03:00,1,01:00:00,1,01:00:00,100.0,100.0,2016-02-01T07:00:00Z,2016-02-01T04:00:00-03:00,2016-02-01T08:00:00Z,2016-02-01T05:00:00-03:00
13.51,,,False,2,pm25,µg/m³,,raw,01:00:00,2016-02-01T08:00:00Z,2016-02-01T05:00:00-03:00,2016-02-01T09:00:00Z,2016-02-01T06:00:00-03:00,1,01:00:00,1,01:00:00,100.0,100.0,2016-02-01T08:00:00Z,2016-02-01T05:00:00-03:00,2016-02-01T09:00:00Z,2016-02-01T06:00:00-03:00
15.54,,,False,2,pm25,µg/m³,,raw,01:00:00,2016-02-01T09:00:00Z,2016-02-01T06:00:00-03:00,2016-02-01T10:00:00Z,2016-02-01T07:00:00-03:00,1,01:00:00,1,01:00:00,100.0,100.0,2016-02-01T09:00:00Z,2016-02-01T06:00:00-03:00,2016-02-01T10:00:00Z,2016-02-01T07:00:00-03:00
12.83,,,False,2,pm25,µg/m³,,raw,01:00:00,2016-02-01T10:00:00Z,2016-02-01T07:00:00-03:00,2016-02-01T11:00:00Z,2016-02-01T08:00:00-03:00,1,01:00:00,1,01:00:00,100.0,100.0,2016-02-01T10:00:00Z,2016-02-01T07:00:00-03:00,2016-02-01T11:00:00Z,2016-02-01T08:00:00-03:00
18.17,,,False,2,pm25,µg/m³,,raw,01:00:00,2016-02-01T11:00:00Z,2016-02-01T08:00:00-03:00,2016-02-01T12:00:00Z,2016-02-01T09:00:00-03:00,1,01:00:00,1,01:00:00,100.0,100.0,2016-02-01T11:00:00Z,2016-02-01T08:00:00-03:00,2016-02-01T12:00:00Z,2016-02-01T09:00:00-03:00
12.83,,,False,2,pm25,µg/m³,,raw,01:00:00,2016-02-01T12:00:00Z,2016-02-01T09:00:00-03:00,2016-02-01T13:00:00Z,2016-02-01T10:00:00-03:00,1,01:00:00,1,01:00:00,100.0,100.0,2016-02-01T12:00:00Z,2016-02-01T09:00:00-03:00,2016-02-01T13:00:00Z,2016-02-01T10:00:00-03:00
18.94,,,False,2,pm25,µg/m³,,raw,01:00:00,2016-02-01T14:00:00Z,2016-02-01T11:00:00-03:00,2016-02-01T15:00:00Z,2016-02-01T12:00:00-03:00,1,01:00:00,1,01:00:00,100.0,100.0,2016-02-01T14:00:00Z,2016-02-01T11:00:00-03:00,2016-02-01T15:00:00Z,2016-02-01T12:00:00-03:00
14.85,,,False,2,pm25,µg/m³,,raw,01:00:00,2016-02-01T15:00:00Z,2016-02-01T12:00:00-03:00,2016-02-01T16:00:00Z,2016-02-01T13:00:00-03:00,1,01:00:00,1,01:00:00,100.0,100.0,2016-02-01T15:00:00Z,2016-02-01T12:00:00-03:00,2016-02-01T16:00:00Z,2016-02-01T13:00:00-03:00
11.48,,,False,2,pm25,µg/m³,,raw,01:00:00,2016-02-01T16:00:00Z,2016-02-01T13:00:00-03:00,2016-02-01T17:00:00Z,2016-02-01T14:00:00-03:00,1,01:00:00,1,01:00:00,100.0,100.0,2016-02-01T16:00:00Z,2016-02-01T13:00:00-03:00,2016-02-01T17:00:00Z,2016-02-01T14:00:00-03:00
16.88,,,False,2,pm25,µg/m³,,raw,01:00:00,2016-02-01T17:00:00Z,2016-02-01T14:00:00-03:00,2016-02-01T18:00:00Z,2016-02-01T15:00:00-03:00,1,01:00:00,1,01:00:00,100.0,100.0,2016-02-01T17:00:00Z,2016-02-01T14:00:00-03:00,2016-02-01T18:00:00Z,2016-02-01T15:00:00-03:00
10.8,,,False,2,pm25,µg/m³,,raw,01:00:00,2016-02-01T18:00:00Z,2016-02-01T15:00:00-03:00,2016-02-01T19:00:00Z,2016-02-01T16:00:00-03:00,1,01:00:00,1,01:00:00,100.0,100.0,2016-02-01T18:00:00Z,2016-02-01T15:00:00-03:00,2016-02-01T19:00:00Z,2016-02-01T16:00:00-03:00
12.15,,,False,2,pm25,µg/m³,,raw,01:00:00,2016-02-01T20:00:00Z,2016-02-01T17:00:00-03:00,2016-02-01T21:00:00Z,2016-02-01T18:00:00-03:00,1,01:00:00,1,01:00:00,100.0,100.0,2016-02-01T20:00:00Z,2016-02-01T17:00:00-03:00,2016-02-01T21:00:00Z,2016-02-01T18:00:00-03:00
12.83,,,False,2,pm25,µg/m³,,raw,01:00:00,2016-02-01T21:00:00Z,2016-02-01T18:00:00-03:00,2016-02-01T22:00:00Z,2016-02-01T19:00:00-03:00,1,01:00:00,1,01:00:00,100.0,100.0,2016-02-01T21:00:00Z,2016-02-01T18:00:00-03:00,2016-02-01T22:00:00Z,2016-02-01T19:00:00-03:00
16.25,,,False,2,pm25,µg/m³,,raw,01:00:00,2016-02-01T22:00:00Z,2016-02-01T19:00:00-03:00,2016-02-01T23:00:00Z,2016-02-01T20:00:00-03:00,1,01:00:00,1,01:00:00,100.0,100.0,2016-02-01T22:00:00Z,2016-02-01T19:00:00-03:00,2016-02-01T23:00:00Z,2016-02-01T20:00:00-03:00
30.38,,,False,2,pm25,µg/m³,,raw,01:00:00,2016-02-01T23:00:00Z,2016-02-01T20:00:00-03:00,2016-02-02T00:00:00Z,2016-02-01T21:00:00-03:00,1,01:00:00,1,01:00:00,100.0,100.0,2016-02-01T23:00:00Z,2016-02-01T20:00:00-03:00,2016-02-02T00:00:00Z,2016-02-01T21:00:00-03:00
23.63,,,False,2,pm25,µg/m³,,raw,01:00:00,2016-02-02T00:00:00Z,2016-02-01T21:00:00-03:00,2016-02-02T01:00:00Z,2016-02-01T22:00:00-03:00,1,01:00:00,1,01:00:00,100.0,100.0,2016-02-02T00:00:00Z,2016-02-01T21:00:00-03:00,2016-02-02T01:00:00Z,2016-02-01T22:00:00-03:00
22.42,,,False,2,pm25,µg/m³,,raw,01:00:00,2016-02-02T01:00:00Z,2016-02-01T22:00:00-03:00,2016-02-02T02:00:00Z,2016-02-01T23:00:00-03:00,1,01:00:00,1,01:00:00,100.0,100.0,2016-02-02T01:00:00Z,2016-02-01T22:00:00-03:00,2016-02-02T02:00:00Z,2016-02-01T23:00:00-03:00
12.15,,,False,2,pm25,µg/m³,,raw,01:00:00,2016-02-02T02:00:00Z,2016-02-01T23:00:00-03:00,2016-02-02T03:00:00Z,2016-02-02T00:00:00-03:00,1,01:00:00,1,01:00:00,100.0,100.0,2016-02-02T02:00:00Z,2016-02-01T23:00:00-03:00,2016-02-02T03:00:00Z,2016-02-02T00:00:00-03:00
10.8,,,False,2,pm25,µg/m³,,raw,01:00:00,2016-02-02T03:00:00Z,2016-02-02T00:00:00-03:00,2016-02-02T04:00:00Z,2016-02-02T01:00:00-03:00,1,01:00:00,1,01:00:00,100.0,100.0,2016-02-02T03:00:00Z,2016-02-02T00:00:00-03:00,2016-02-02T04:00:00Z,2016-02-02T01:00:00-03:00
14.84,,,False,2,pm25,µg/m³,,raw,01:00:00,2016-02-02T05:00:00Z,2016-02-02T02:00:00-03:00,2016-02-02T06:00:00Z,2016-02-02T03:00:00-03:00,1,01:00:00,1,01:00:00,100.0,100.0,2016-02-02T05:00:00Z,2016-02-02T02:00:00-03:00,2016-02-02T06:00:00Z,2016-02-02T03:00:00-03:00
10.46,,,False,2,pm25,µg/m³,,raw,01:00:00,2016-02-02T06:00:00Z,2016-02-02T03:00:00-03:00,2016-02-02T07:00:00Z,2016-02-02T04:00:00-03:00,1,01:00:00,1,01:00:00,100.0,100.0,2016-02-02T06:00:00Z,2016-02-02T03:00:00-03:00,2016-02-02T07:00:00Z,2016-02-02T04:00:00-03:00
12.83,,,False,2,pm25,µg/m³,,raw,01:00:00,2016-02-02T07:00:00Z,2016-02-02T04:00:00-03:00,2016-02-02T08:00:00Z,2016-02-02T05:00:00-03:00,1,01:00:00,1,01:00:00,100.0,100.0,2016-02-02T07:00:00Z,2016-02-02T04:00:00-03:00,2016-02-02T08:00:00Z,2016-02-02T05:00:00-03:00
13.51,,,False,2,pm25,µg/m³,,raw,01:00:00,2016-02-02T08:00:00Z,2016-02-02T05:00:00-03:00,2016-02-02T09:00:00Z,2016-02-02T06:00:00-03:00,1,01:00:00,1,01:00:00,100.0,100.0,2016-02-02T08:00:00Z,2016-02-02T05:00:00-03:00,2016-02-02T09:00:00Z,2016-02-02T06:00:00-03:00
14.86,,,False,2,pm25,µg/m³,,raw,01:00:00,2016-02-02T09:00:00Z,2016-02-02T06:00:00-03:00,2016-02-02T10:00:00Z,2016-02-02T07:00:00-03:00,1,01:00:00,1,01:00:00,100.0,100.0,2016-02-02T09:00:00Z,2016-02-02T06:00:00-03:00,2016-02-02T10:00:00Z,2016-02-02T07:00:00-03:00
13.51,,,False,2,pm25,µg/m³,,raw,01:00:00,2016-02-02T10:00:00Z,2016-02-02T07:00:00-03:00,2016-02-02T11:00:00Z,2016-02-02T08:00:00-03:00,1,01:00:00,1,01:00:00,100.0,100.0,2016-02-02T10:00:00Z,2016-02-02T07:00:00-03:00,2016-02-02T11:00:00Z,2016-02-02T08:00:00-03:00
10.8,,,False,2,pm25,µg/m³,,raw,01:00:00,2016-02-02T11:00:00Z,2016-02-02T08:00:00-03:00,2016-02-02T12:00:00Z,2016-02-02T09:00:00-03:00,1,01:00:00,1,01:00:00,100.0,100.0,2016-02-02T11:00:00Z,2016-02-02T08:00:00-03:00,2016-02-02T12:00:00Z,2016-02-02T09:00:00-03:00
14.86,,,False,2,pm25,µg/m³,,raw,01:00:00,2016-02-02T12:00:00Z,2016-02-02T09:00:00-03:00,2016-02-02T13:00:00Z,2016-02-02T10:00:00-03:00,1,01:00:00,1,01:00:00,100.0,100.0,2016-02-02T12:00:00Z,2016-02-02T09:00:00-03:00,2016-02-02T13:00:00Z,2016-02-02T10:00:00-03:00
14.1,,,False,2,pm25,µg/m³,,raw,01:00:00,2016-02-02T13:00:00Z,2016-02-02T10:00:00-03:00,2016-02-02T14:00:00Z,2016-02-02T11:00:00-03:00,1,01:00:00,1,01:00:00,100.0,100.0,2016-02-02T13:00:00Z,2016-02-02T10:00:00-03:00,2016-02-02T14:00:00Z,2016-02-02T11:00:00-03:00
17.56,,,False,2,pm25,µg/m³,,raw,01:00:00,2016-02-02T14:00:00Z,2016-02-02T11:00:00-03:00,2016-02-02T15:00:00Z,2016-02-02T12:00:00-03:00,1,01:00:00,1,01:00:00,100.0,100.0,2016-02-02T14:00:00Z,2016-02-02T11:00:00-03:00,2016-02-02T15:00:00Z,2016-02-02T12:00:00-03:00
17.55,,,False,2,pm25,µg/m³,,raw,01:00:00,2016-02-02T16:00:00Z,2016-02-02T13:00:00-03:00,2016-02-02T17:00:00Z,2016-02-02T14:00:00-03:00,1,01:00:00,1,01:00:00,100.0,100.0,2016-02-02T16:00:00Z,2016-02-02T13:00:00-03:00,2016-02-02T17:00:00Z,2016-02-02T14:00:00-03:00
15.53,,,False,2,pm25,µg/m³,,raw,01:00:00,2016-02-02T17:00:00Z,2016-02-02T14:00:00-03:00,2016-02-02T18:00:00Z,2016-02-02T15:00:00-03:00,1,01:00:00,1,01:00:00,100.0,100.0,2016-02-02T17:00:00Z,2016-02-02T14:00:00-03:00,2016-02-02T18:00:00Z,2016-02-02T15:00:00-03:00
10.32,,,False,2,pm25,µg/m³,,raw,01:00:00,2016-02-02T18:00:00Z,2016-02-02T15:00:00-03:00,2016-02-02T19:00:00Z,2016-02-02T16:00:00-03:00,1,01:00:00,1,01:00:00,100.0,100.0,2016-02-02T18:00:00Z,2016-02-02T15:00:00-03:00,2016-02-02T19:00:00Z,2016-02-02T16:00:00-03:00
10.32,,,False,2,pm25,µg/m³,,raw,01:00:00,2016-02-02T19:00:00Z,2016-02-02T16:00:00-03:00,2016-02-02T20:00:00Z,2016-02-02T17:00:00-03:00,1,01:00:00,1,01:00:00,100.0,100.0,2016-02-02T19:00:00Z,2016-02-02T16:00:00-03:00,2016-02-02T20:00:00Z,2016-02-02T17:00:00-03:00
10.13,,,False,2,pm25,µg/m³,,raw,01:00:00,2016-02-02T20:00:00Z,2016-02-02T17:00:00-03:00,2016-02-02T21:00:00Z,2016-02-02T18:00:00-03:00,1,01:00:00,1,01:00:00,100.0,100.0,2016-02-02T20:00:00Z,2016-02-02T17:00:00-03:00,2016-02-02T21:00:00Z,2016-02-02T18:00:00-03:00
8.78,,,False,2,pm25,µg/m³,,raw,01:00:00,2016-02-02T21:00:00Z,2016-02-02T18:00:00-03:00,2016-02-02T22:00:00Z,2016-02-02T19:00:00-03:00,1,01:00:00,1,01:00:00,100.0,100.0,2016-02-02T21:00:00Z,2016-02-02T18:00:00-03:00,2016-02-02T22:00:00Z,2016-02-02T19:00:00-03:00
12.83,,,False,2,pm25,µg/m³,,raw,01:00:00,2016-02-02T22:00:00Z,2016-02-02T19:00:00-03:00,2016-02-02T23:00:00Z,2016-02-02T20:00:00-03:00,1,01:00:00,1,01:00:00,100.0,100.0,2016-02-02T22:00:00Z,2016-02-02T19:00:00-03:00,2016-02-02T23:00:00Z,2016-02-02T20:00:00-03:00
14.08,,,False,2,pm25,µg/m³,,raw,01:00:00,2016-02-02T23:00:00Z,2016-02-02T20:00:00-03:00,2016-02-03T00:00:00Z,2016-02-02T21:00:00-03:00,1,01:00:00,1,01:00:00,100.0,100.0,2016-02-02T23:00:00Z,2016-02-02T20:00:00-03:00,2016-02-03T00:00:00Z,2016-02-02T21:00:00-03:00
10.28,,,False,2,pm25,µg/m³,,raw,01:00:00,2016-02-03T01:00:00Z,2016-02-02T22:00:00-03:00,2016-02-03T02:00:00Z,2016-02-02T23:00:00-03:00,1,01:00:00,1,01:00:00,100.0,100.0,2016-02-03T01:00:00Z,2016-02-02T22:00:00-03:00,2016-02-03T02:00:00Z,2016-02-02T23:00:00-03:00
9.47,,,False,2,pm25,µg/m³,,raw,01:00:00,2016-02-03T02:00:00Z,2016-02-02T23:00:00-03:00,2016-02-03T03:00:00Z,2016-02-03T00:00:00-03:00,1,01:00:00,1,01:00:00,100.0,100.0,2016-02-03T02:00:00Z,2016-02-02T23:00:00-03:00,2016-02-03T03:00:00Z,2016-02-03T00:00:00-03:00
10.13,,,False,2,pm25,µg/m³,,raw,01:00:00,2016-02-03T03:00:00Z,2016-02-03T00:00:00-03:00,2016-02-03T04:00:00Z,2016-02-03T01:00:00-03:00,1,01:00:00,1,01:00:00,100.0,100.0,2016-02-03T03:00:00Z,2016-02-03T00:00:00-03:00,2016-02-03T04:00:00Z,2016-02-03T01:00:00-03:00
12.16,,,False,2,pm25,µg/m³,,raw,01:00:00,2016-02-03T04:00:00Z,2016-02-03T01:00:00-03:00,2016-02-03T05:00:00Z,2016-02-03T02:00:00-03:00,1,01:00:00,1,01:00:00,100.0,100.0,2016-02-03T04:00:00Z,2016-02-03T01:00:00-03:00,2016-02-03T05:00:00Z,2016-02-03T02:00:00-03:00
8.79,,,False,2,pm25,µg/m³,,raw,01:00:00,2016-02-03T05:00:00Z,2016-02-03T02:00:00-03:00,2016-02-03T06:00:00Z,2016-02-03T03:00:00-03:00,1,01:00:00,1,01:00:00,100.0,100.0,2016-02-03T05:00:00Z,2016-02-03T02:00:00-03:00,2016-02-03T06:00:00Z,2016-02-03T03:00:00-03:00
10.8,,,False,2,pm25,µg/m³,,raw,01:00:00,2016-02-03T06:00:00Z,2016-02-03T03:00:00-03:00,2016-02-03T07:00:00Z,2016-02-03T04:00:00-03:00,1,01:00:00,1,01:00:00,100.0,100.0,2016-02-03T06:00:00Z,2016-02-03T03:00:00-03:00,2016-02-03T07:00:00Z,2016-02-03T04:00:00-03:00
10.8,,,False,2,pm25,µg/m³,,raw,01:00:00,2016-02-03T07:00:00Z,2016-02-03T04:00:00-03:00,2016-02-03T08:00:00Z,2016-02-03T05:00:00-03:00,1,01:00:00,1,01:00:00,100.0,100.0,2016-02-03T07:00:00Z,2016-02-03T04:00:00-03:00,2016-02-03T08:00:00Z,2016-02-03T05:00:00-03:00
10.8,,,False,2,pm25,µg/m³,,raw,01:00:00,2016-02-03T09:00:00Z,2016-02-03T06:00:00-03:00,2016-02-03T10:00:00Z,2016-02-03T07:00:00-03:00,1,01:00:00,1,01:00:00,100.0,100.0,2016-02-03T09:00:00Z,2016-02-03T06:00:00-03:00,2016-02-03T10:00:00Z,2016-02-03T07:00:00-03:00
13.51,,,False,2,pm25,µg/m³,,raw,01:00:00,2016-02-03T11:00:00Z,2016-02-03T08:00:00-03:00,2016-02-03T12:00:00Z,2016-02-03T09:00:00-03:00,1,01:00:00,1,01:00:00,100.0,100.0,2016-02-03T11:00:00Z,2016-02-03T08:00:00-03:00,2016-02-03T12:00:00Z,2016-02-03T09:00:00-03:00
13.09,,,False,2,pm25,µg/m³,,raw,01:00:00,2016-02-03T13:00:00Z,2016-02-03T10:00:00-03:00,2016-02-03T14:00:00Z,2016-02-03T11:00:00-03:00,1,01:00:00,1,01:00:00,100.0,100.0,2016-02-03T13:00:00Z,2016-02-03T10:00:00-03:00,2016-02-03T14:00:00Z,2016-02-03T11:00:00-03:00
18.18,,,False,2,pm25,µg/m³,,raw,01:00:00,2016-02-03T15:00:00Z,2016-02-03T12:00:00-03:00,2016-02-03T16:00:00Z,2016-02-03T13:00:00-03:00,1,01:00:00,1,01:00:00,100.0,100.0,2016-02-03T15:00:00Z,2016-02-03T12:00:00-03:00,2016-02-03T16:00:00Z,2016-02-03T13:00:00-03:00
15.54,,,False,2,pm25,µg/m³,,raw,01:00:00,2016-02-03T16:00:00Z,2016-02-03T13:00:00-03:00,2016-02-03T17:00:00Z,2016-02-03T14:00:00-03:00,1,01:00:00,1,01:00:00,100.0,100.0,2016-02-03T16:00:00Z,2016-02-03T13:00:00-03:00,2016-02-03T17:00:00Z,2016-02-03T14:00:00-03:00
14.85,,,False,2,pm25,µg/m³,,raw,01:00:00,2016-02-03T18:00:00Z,2016-02-03T15:00:00-03:00,2016-02-03T19:00:00Z,2016-02-03T16:00:00-03:00,1,01:00:00,1,01:00:00,100.0,100.0,2016-02-03T18:00:00Z,2016-02-03T15:00:00-03:00,2016-02-03T19:00:00Z,2016-02-03T16:00:00-03:00
20.24,,,False,2,pm25,µg/m³,,raw,01:00:00,2016-02-03T20:00:00Z,2016-02-03T17:00:00-03:00,2016-02-03T21:00:00Z,2016-02-03T18:00:00-03:00,1,01:00:00,1,01:00:00,100.0,100.0,2016-02-03T20:00:00Z,2016-02-03T17:00:00-03:00,2016-02-03T21:00:00Z,2016-02-03T18:00:00-03:00
16.9,,,False,2,pm25,µg/m³,,raw,01:00:00,2016-02-03T21:00:00Z,2016-02-03T18:00:00-03:00,2016-02-03T22:00:00Z,2016-02-03T19:00:00-03:00,1,01:00:00,1,01:00:00,100.0,100.0,2016-02-03T21:00:00Z,2016-02-03T18:00:00-03:00,2016-02-03T22:00:00Z,2016-02-03T19:00:00-03:00
12.15,,,False,2,pm25,µg/m³,,raw,01:00:00,2016-02-03T22:00:00Z,2016-02-03T19:00:00-03:00,2016-02-03T23:00:00Z,2016-02-03T20:00:00-03:00,1,01:00:00,1,01:00:00,100.0,100.0,2016-02-03T22:00:00Z,2016-02-03T19:00:00-03:00,2016-02-03T23:00:00Z,2016-02-03T20:00:00-03:00
19.58,,,False,2,pm25,µg/m³,,raw,01:00:00,2016-02-03T23:00:00Z,2016-02-03T20:00:00-03:00,2016-02-04T00:00:00Z,2016-02-03T21:00:00-03:00,1,01:00:00,1,01:00:00,100.0,100.0,2016-02-03T23:00:00Z,2016-02-03T20:00:00-03:00,2016-02-04T00:00:00Z,2016-02-03T21:00:00-03:00
12.16,,,False,2,pm25,µg/m³,,raw,01:00:00,2016-02-04T01:00:00Z,2016-02-03T22:00:00-03:00,2016-02-04T02:00:00Z,2016-02-03T23:00:00-03:00,1,01:00:00,1,01:00:00,100.0,100.0,2016-02-04T01:00:00Z,2016-02-03T22:00:00-03:00,2016-02-04T02:00:00Z,2016-02-03T23:00:00-03:00
14.18,,,False,2,pm25,µg/m³,,raw,01:00:00,2016-02-04T04:00:00Z,2016-02-04T01:00:00-03:00,2016-02-04T05:00:00Z,2016-02-04T02:00:00-03:00,1,01:00:00,1,01:00:00,100.0,100.0,2016-02-04T04:00:00Z,2016-02-04T01:00:00-03:00,2016-02-04T05:00:00Z,2016-02-04T02:00:00-03:00
9.52,,,False,2,pm25,µg/m³,,raw,01:00:00,2016-02-04T06:00:00Z,2016-02-04T03:00:00-03:00,2016-02-04T07:00:00Z,2016-02-04T04:00:00-03:00,1,01:00:00,1,01:00:00,100.0,100.0,2016-02-04T06:00:00Z,2016-02-04T03:00:00-03:00,2016-02-04T07:00:00Z,2016-02-04T04:00:00-03:00
9.44,,,False,2,pm25,µg/m³,,raw,01:00:00,2016-02-04T07:00:00Z,2016-02-04T04:00:00-03:00,2016-02-04T08:00:00Z,2016-02-04T05:00:00-03:00,1,01:00:00,1,01:00:00,100.0,100.0,2016-02-04T07:00:00Z,2016-02-04T04:00:00-03:00,2016-02-04T08:00:00Z,2016-02-04T05:00:00-03:00
10.13,,,False,2,pm25,µg/m³,,raw,01:00:00,2016-02-04T08:00:00Z,2016-02-04T05:00:00-03:00,2016-02-04T09:00:00Z,2016-02-04T06:00:00-03:00,1,01:00:00,1,01:00:00,100.0,100.0,2016-02-04T08:00:00Z,2016-02-04T05:00:00-03:00,2016-02-04T09:00:00Z,2016-02-04T06:00:00-03:00
8.78,,,False,2,pm25,µg/m³,,raw,01:00:00,2016-02-04T09:00:00Z,2016-02-04T06:00:00-03:00,2016-02-04T10:00:00Z,2016-02-04T07:00:00-03:00,1,01:00:00,1,01:00:00,100.0,100.0,2016-02-04T09:00:00Z,2016-02-04T06:00:00-03:00,2016-02-04T10:00:00Z,2016-02-04T07:00:00-03:00
19.58,,,False,2,pm25,µg/m³,,raw,01:00:00,2016-02-04T10:00:00Z,2016-02-04T07:00:00-03:00,2016-02-04T11:00:00Z,2016-02-04T08:00:00-03:00,1,01:00:00,1,01:00:00,100.0,100.0,2016-02-04T10:00:00Z,2016-02-04T07:00:00-03:00,2016-02-04T11:00:00Z,2016-02-04T08:00:00-03:00
14.14,,,False,2,pm25,µg/m³,,raw,01:00:00,2016-02-04T12:00:00Z,2016-02-04T09:00:00-03:00,2016-02-04T13:00:00Z,2016-02-04T10:00:00-03:00,1,01:00:00,1,01:00:00,100.0,100.0,2016-02-04T12:00:00Z,2016-02-04T09:00:00-03:00,2016-02-04T13:00:00Z,2016-02-04T10:00:00-03:00
16.88,,,False,2,pm25,µg/m³,,raw,01:00:00,2016-02-04T13:00:00Z,2016-02-04T10:00:00-03:00,2016-02-04T14:00:00Z,2016-02-04T11:00:00-03:00,1,01:00:00,1,01:00:00,100.0,100.0,2016-02-04T13:00:00Z,2016-02-04T10:00:00-03:00,2016-02-04T14:00:00Z,2016-02-04T11:00:00-03:00
14.85,,,False,2,pm25,µg/m³,,raw,01:00:00,2016-02-04T14:00:00Z,2016-02-04T11:00:00-03:00,2016-02-04T15:00:00Z,2016-02-04T12:00:00-03:00,1,01:00:00,1,01:00:00,100.0,100.0,2016-02-04T14:00:00Z,2016-02-04T11:00:00-03:00,2016-02-04T15:00:00Z,2016-02-04T12:00:00-03:00
12.16,,,False,2,pm25,µg/m³,,raw,01:00:00,2016-02-04T16:00:00Z,2016-02-04T13:00:00-03:00,2016-02-04T17:00:00Z,2016-02-04T14:00:00-03:00,1,01:00:00,1,01:00:00,100.0,100.0,2016-02-04T16:00:00Z,2016-02-04T13:00:00-03:00,2016-02-04T17:00:00Z,2016-02-04T14:00:00-03:00
8.1,,,False,2,pm25,µg/m³,,raw,01:00:00,2016-02-04T17:00:00Z,2016-02-04T14:00:00-03:00,2016-02-04T18:00:00Z,2016-02-04T15:00:00-03:00,1,01:00:00,1,01:00:00,100.0,100.0,2016-02-04T17:00:00Z,2016-02-04T14:00:00-03:00,2016-02-04T18:00:00Z,2016-02-04T15:00:00-03:00
14.16,,,False,2,pm25,µg/m³,,raw,01:00:00,2016-02-04T18:00:00Z,2016-02-04T15:00:00-03:00,2016-02-04T19:00:00Z,2016-02-04T16:00:00-03:00,1,01:00:00,1,01:00:00,100.0,100.0,2016-02-04T18:00:00Z,2016-02-04T15:00:00-03:00,2016-02-04T19:00:00Z,2016-02-04T16:00:00-03:00
12.83,,,False,2,pm25,µg/m³,,raw,01:00:00,2016-02-04T19:00:00Z,2016-02-04T16:00:00-03:00,2016-02-04T20:00:00Z,2016-02-04T17:00:00-03:00,1,01:00:00,1,01:00:00,100.0,100.0,2016-02-04T19:00:00Z,2016-02-04T16:00:00-03:00,2016-02-04T20:00:00Z,2016-02-04T17:00:00-03:00
16.88,,,False,2,pm25,µg/m³,,raw,01:00:00,2016-02-04T21:00:00Z,2016-02-04T18:00:00-03:00,2016-02-04T22:00:00Z,2016-02-04T19:00:00-03:00,1,01:00:00,1,01:00:00,100.0,100.0,2016-02-04T21:00:00Z,2016-02-04T18:00:00-03:00,2016-02-04T22:00:00Z,2016-02-04T19:00:00-03:00
14.12,,,False,2,pm25,µg/m³,,raw,01:00:00,2016-02-04T22:00:00Z,2016-02-04T19:00:00-03:00,2016-02-04T23:00:00Z,2016-02-04T20:00:00-03:00,1,01:00:00,1,01:00:00,100.0,100.0,2016-02-04T22:00:00Z,2016-02-04T19:00:00-03:00,2016-02-04T23:00:00Z,2016-02-04T20:00:00-03:00
12.83,,,False,2,pm25,µg/m³,,raw,01:00:00,2016-02-04T23:00:00Z,2016-02-04T20:00:00-03:00,2016-02-05T00:00:00Z,2016-02-04T21:00:00-03:00,1,01:00:00,1,01:00:00,100.0,100.0,2016-02-04T23:00:00Z,2016-02-04T20:00:00-03:00,2016-02-05T00:00:00Z,2016-02-04T21:00:00-03:00
10.8,,,False,2,pm25,µg/m³,,raw,01:00:00,2016-02-05T00:00:00Z,2016-02-04T21:00:00-03:00,2016-02-05T01:00:00Z,2016-02-04T22:00:00-03:00,1,01:00:00,1,01:00:00,100.0,100.0,2016-02-05T00:00:00Z,2016-02-04T21:00:00-03:00,2016-02-05T01:00:00Z,2016-02-04T22:00:00-03:00
7.768,,,False,2,pm25,µg/m³,,raw,01:00:00,2016-02-05T01:00:00Z,2016-02-04T22:00:00-03:00,2016-02-05T02:00:00Z,2016-02-04T23:00:00-03:00,1,01:00:00,1,01:00:00,100.0,100.0,2016-02-05T01:00:00Z,2016-02-04T22:00:00-03:00,2016-02-05T02:00:00Z,2016-02-04T23:00:00-03:00
9.45,,,False,2,pm25,µg/m³,,raw,01:00:00,2016-02-05T02:00:00Z,2016-02-04T23:00:00-03:00,2016-02-05T03:00:00Z,2016-02-05T00:00:00-03:00,1,01:00:00,1,01:00:00,100.0,100.0,2016-02-05T02:00:00Z,2016-02-04T23:00:00-03:00,2016-02-05T03:00:00Z,2016-02-05T00:00:00-03:00
12.15,,,False,2,pm25,µg/m³,,raw,01:00:00,2016-02-05T03:00:00Z,2016-02-05T00:00:00-03:00,2016-02-05T04:00:00Z,2016-02-05T01:00:00-03:00,1,01:00:00,1,01:00:00,100.0,100.0,2016-02-05T03:00:00Z,2016-02-05T00:00:00-03:00,2016-02-05T04:00:00Z,2016-02-05T01:00:00-03:00
7.428,,,False,2,pm25,µg/m³,,raw,01:00:00,2016-02-05T04:00:00Z,2016-02-05T01:00:00-03:00,2016-02-05T05:00:00Z,2016-02-05T02:00:00-03:00,1,01:00:00,1,01:00:00,100.0,100.0,2016-02-05T04:00:00Z,2016-02-05T01:00:00-03:00,2016-02-05T05:00:00Z,2016-02-05T02:00:00-03:00
9.45,,,False,2,pm25,µg/m³,,raw,01:00:00,2016-02-05T05:00:00Z,2016-02-05T02:00:00-03:00,2016-02-05T06:00:00Z,2016-02-05T03:00:00-03:00,1,01:00:00,1,01:00:00,100.0,100.0,2016-02-05T05:00:00Z,2016-02-05T02:00:00-03:00,2016-02-05T06:00:00Z,2016-02-05T03:00:00-03:00
13.17,,,False,2,pm25,µg/m³,,raw,01:00:00,2016-02-05T06:00:00Z,2016-02-05T03:00:00-03:00,2016-02-05T07:00:00Z,2016-02-05T04:00:00-03:00,1,01:00:00,1,01:00:00,100.0,100.0,2016-02-05T06:00:00Z,2016-02-05T03:00:00-03:00,2016-02-05T07:00:00Z,2016-02-05T04:00:00-03:00
10.54,,,False,2,pm25,µg/m³,,raw,01:00:00,2016-02-05T08:00:00Z,2016-02-05T05:00:00-03:00,2016-02-05T09:00:00Z,2016-02-05T06:00:00-03:00,1,01:00:00,1,01:00:00,100.0,100.0,2016-02-05T08:00:00Z,2016-02-05T05:00:00-03:00,2016-02-05T09:00:00Z,2016-02-05T06:00:00-03:00
11.47,,,False,2,pm25,µg/m³,,raw,01:00:00,2016-02-05T09:00:00Z,2016-02-05T06:00:00-03:00,2016-02-05T10:00:00Z,2016-02-05T07:00:00-03:00,1,01:00:00,1,01:00:00,100.0,100.0,2016-02-05T09:00:00Z,2016-02-05T06:00:00-03:00,2016-02-05T10:00:00Z,2016-02-05T07:00:00-03:00
14.17,,,False,2,pm25,µg/m³,,raw,01:00:00,2016-02-05T11:00:00Z,2016-02-05T08:00:00-03:00,2016-02-05T12:00:00Z,2016-02-05T09:00:00-03:00,1,01:00:00,1,01:00:00,100.0,100.0,2016-02-05T11:00:00Z,2016-02-05T08:00:00-03:00,2016-02-05T12:00:00Z,2016-02-05T09:00:00-03:00
8.78,,,False,2,pm25,µg/m³,,raw,01:00:00,2016-02-05T12:00:00Z,2016-02-05T09:00:00-03:00,2016-02-05T13:00:00Z,2016-02-05T10:00:00-03:00,1,01:00:00,1,01:00:00,100.0,100.0,2016-02-05T12:00:00Z,2016-02-05T09:00:00-03:00,2016-02-05T13:00:00Z,2016-02-05T10:00:00-03:00
12.83,,,False,2,pm25,µg/m³,,raw,01:00:00,2016-02-05T14:00:00Z,2016-02-05T11:00:00-03:00,2016-02-05T15:00:00Z,2016-02-05T12:00:00-03:00,1,01:00:00,1,01:00:00,100.0,100.0,2016-02-05T14:00:00Z,2016-02-05T11:00:00-03:00,2016-02-05T15:00:00Z,2016-02-05T12:00:00-03:00
9.45,,,False,2,pm25,µg/m³,,raw,01:00:00,2016-02-05T15:00:00Z,2016-02-05T12:00:00-03:00,2016-02-05T16:00:00Z,2016-02-05T13:00:00-03:00,1,01:00:00,1,01:00:00,100.0,100.0,2016-02-05T15:00:00Z,2016-02-05T12:00:00-03:00,2016-02-05T16:00:00Z,2016-02-05T13:00:00-03:00
7.425,,,False,2,pm25,µg/m³,,raw,01:00:00,2016-02-05T17:00:00Z,2016-02-05T14:00:00-03:00,2016-02-05T18:00:00Z,2016-02-05T15:00:00-03:00,1,01:00:00,1,01:00:00,100.0,100.0,2016-02-05T17:00:00Z,2016-02-05T14:00:00-03:00,2016-02-05T18:00:00Z,2016-02-05T15:00:00-03:00
5.396,,,False,2,pm25,µg/m³,,raw,01:00:00,2016-02-05T18:00:00Z,2016-02-05T15:00:00-03:00,2016-02-05T19:00:00Z,2016-02-05T16:00:00-03:00,1,01:00:00,1,01:00:00,100.0,100.0,2016-02-05T18:00:00Z,2016-02-05T15:00:00-03:00,2016-02-05T19:00:00Z,2016-02-05T16:00:00-03:00
4.513,,,False,2,pm25,µg/m³,,raw,01:00:00,2016-02-05T19:00:00Z,2016-02-05T16:00:00-03:00,2016-02-05T20:00:00Z,2016-02-05T17:00:00-03:00,1,01:00:00,1,01:00:00,100.0,100.0,2016-02-05T19:00:00Z,2016-02-05T16:00:00-03:00,2016-02-05T20:00:00Z,2016-02-05T17:00:00-03:00
14.11,,,False,2,pm25,µg/m³,,raw,01:00:00,2016-02-05T20:00:00Z,2016-02-05T17:00:00-03:00,2016-02-05T21:00:00Z,2016-02-05T18:00:00-03:00,1,01:00:00,1,01:00:00,100.0,100.0,2016-02-05T20:00:00Z,2016-02-05T17:00:00-03:00,2016-02-05T21:00:00Z,2016-02-05T18:00:00-03:00
10.8,,,False,2,pm25,µg/m³,,raw,01:00:00,2016-02-05T21:00:00Z,2016-02-05T18:00:00-03:00,2016-02-05T22:00:00Z,2016-02-05T19:00:00-03:00,1,01:00:00,1,01:00:00,100.0,100.0,2016-02-05T21:00:00Z,2016-02-05T18:00:00-03:00,2016-02-05T22:00:00Z,2016-02-05T19:00:00-03:00
11.48,,,False,2,pm25,µg/m³,,raw,01:00:00,2016-02-05T22:00:00Z,2016-02-05T19:00:00-03:00,2016-02-05T23:00:00Z,2016-02-05T20:00:00-03:00,1,01:00:00,1,01:00:00,100.0,100.0,2016-02-05T22:00:00Z,2016-02-05T19:00:00-03:00,2016-02-05T23:00:00Z,2016-02-05T20:00:00-03:00
13.18,,,False,2,pm25,µg/m³,,raw,01:00:00,2016-02-05T23:00:00Z,2016-02-05T20:00:00-03:00,2016-02-06T00:00:00Z,2016-02-05T21:00:00-03:00,1,01:00:00,1,01:00:00,100.0,100.0,2016-02-05T23:00:00Z,2016-02-05T20:00:00-03:00,2016-02-06T00:00:00Z,2016-02-05T21:00:00-03:00
10.43,,,False,2,pm25,µg/m³,,raw,01:00:00,2016-02-06T00:00:00Z,2016-02-05T21:00:00-03:00,2016-02-06T01:00:00Z,2016-02-05T22:00:00-03:00,1,01:00:00,1,01:00:00,100.0,100.0,2016-02-06T00:00:00Z,2016-02-05T21:00:00-03:00,2016-02-06T01:00:00Z,2016-02-05T22:00:00-03:00
10.61,,,False,2,pm25,µg/m³,,raw,01:00:00,2016-02-06T02:00:00Z,2016-02-05T23:00:00-03:00,2016-02-06T03:00:00Z,2016-02-06T00:00:00-03:00,1,01:00:00,1,01:00:00,100.0,100.0,2016-02-06T02:00:00Z,2016-02-05T23:00:00-03:00,2016-02-06T03:00:00Z,2016-02-06T00:00:00-03:00
8.78,,,False,2,pm25,µg/m³,,raw,01:00:00,2016-02-06T03:00:00Z,2016-02-06T00:00:00-03:00,2016-02-06T04:00:00Z,2016-02-06T01:00:00-03:00,1,01:00:00,1,01:00:00,100.0,100.0,2016-02-06T03:00:00Z,2016-02-06T00:00:00-03:00,2016-02-06T04:00:00Z,2016-02-06T01:00:00-03:00
8.78,,,False,2,pm25,µg/m³,,raw,01:00:00,2016-02-06T04:00:00Z,2016-02-06T01:00:00-03:00,2016-02-06T05:00:00Z,2016-02-06T02:00:00-03:00,1,01:00:00,1,01:00:00,100.0,100.0,2016-02-06T04:00:00Z,2016-02-06T01:00:00-03:00,2016-02-06T05:00:00Z,2016-02-06T02:00:00-03:00
8.78,,,False,2,pm25,µg/m³,,raw,01:00:00,2016-02-06T05:00:00Z,2016-02-06T02:00:00-03:00,2016-02-06T06:00:00Z,2016-02-06T03:00:00-03:00,1,01:00:00,1,01:00:00,100.0,100.0,2016-02-06T05:00:00Z,2016-02-06T02:00:00-03:00,2016-02-06T06:00:00Z,2016-02-06T03:00:00-03:00
14.16,,,False,2,pm25,µg/m³,,raw,01:00:00,2016-02-06T06:00:00Z,2016-02-06T03:00:00-03:00,2016-02-06T07:00:00Z,2016-02-06T04:00:00-03:00,1,01:00:00,1,01:00:00,100.0,100.0,2016-02-06T06:00:00Z,2016-02-06T03:00:00-03:00,2016-02-06T07:00:00Z,2016-02-06T04:00:00-03:00
14.86,,,False,2,pm25,µg/m³,,raw,01:00:00,2016-02-06T07:00:00Z,2016-02-06T04:00:00-03:00,2016-02-06T08:00:00Z,2016-02-06T05:00:00-03:00,1,01:00:00,1,01:00:00,100.0,100.0,2016-02-06T07:00:00Z,2016-02-06T04:00:00-03:00,2016-02-06T08:00:00Z,2016-02-06T05:00:00-03:00
9.44,,,False,2,pm25,µg/m³,,raw,01:00:00,2016-02-06T08:00:00Z,2016-02-06T05:00:00-03:00,2016-02-06T09:00:00Z,2016-02-06T06:00:00-03:00,1,01:00:00,1,01:00:00,100.0,100.0,2016-02-06T08:00:00Z,2016-02-06T05:00:00-03:00,2016-02-06T09:00:00Z,2016-02-06T06:00:00-03:00
12.81,,,False,2,pm25,µg/m³,,raw,01:00:00,2016-02-06T09:00:00Z,2016-02-06T06:00:00-03:00,2016-02-06T10:00:00Z,2016-02-06T07:00:00-03:00,1,01:00:00,1,01:00:00,100.0,100.0,2016-02-06T09:00:00Z,2016-02-06T06:00:00-03:00,2016-02-06T10:00:00Z,2016-02-06T07:00:00-03:00
14.87,,,False,2,pm25,µg/m³,,raw,01:00:00,2016-02-06T10:00:00Z,2016-02-06T07:00:00-03:00,2016-02-06T11:00:00Z,2016-02-06T08:00:00-03:00,1,01:00:00,1,01:00:00,100.0,100.0,2016-02-06T10:00:00Z,2016-02-06T07:00:00-03:00,2016-02-06T11:00:00Z,2016-02-06T08:00:00-03:00
15.53,,,False,2,pm25,µg/m³,,raw,01:00:00,2016-02-06T11:00:00Z,2016-02-06T08:00:00-03:00,2016-02-06T12:00:00Z,2016-02-06T09:00:00-03:00,1,01:00:00,1,01:00:00,100.0,100.0,2016-02-06T11:00:00Z,2016-02-06T08:00:00-03:00,2016-02-06T12:00:00Z,2016-02-06T09:00:00-03:00
13.2,,,False,2,pm25,µg/m³,,raw,01:00:00,2016-02-06T12:00:00Z,2016-02-06T09:00:00-03:00,2016-02-06T13:00:00Z,2016-02-06T10:00:00-03:00,1,01:00:00,1,01:00:00,100.0,100.0,2016-02-06T12:00:00Z,2016-02-06T09:00:00-03:00,2016-02-06T13:00:00Z,2016-02-06T10:00:00-03:00
10.41,,,False,2,pm25,µg/m³,,raw,01:00:00,2016-02-06T13:00:00Z,2016-02-06T10:00:00-03:00,2016-02-06T14:00:00Z,2016-02-06T11:00:00-03:00,1,01:00:00,1,01:00:00,100.0,100.0,2016-02-06T13:00:00Z,2016-02-06T10:00:00-03:00,2016-02-06T14:00:00Z,2016-02-06T11:00:00-03:00
13.11,,,False,2,pm25,µg/m³,,raw,01:00:00,2016-02-06T14:00:00Z,2016-02-06T11:00:00-03:00,2016-02-06T15:00:00Z,2016-02-06T12:00:00-03:00,1,01:00:00,1,01:00:00,100.0,100.0,2016-02-06T14:00:00Z,2016-02-06T11:00:00-03:00,2016-02-06T15:00:00Z,2016-02-06T12:00:00-03:00
11.44,,,False,2,pm25,µg/m³,,raw,01:00:00,2016-02-06T15:00:00Z,2016-02-06T12:00:00-03:00,2016-02-06T16:00:00Z,2016-02-06T13:00:00-03:00,1,01:00:00,1,01:00:00,100.0,100.0,2016-02-06T15:00:00Z,2016-02-06T12:00:00-03:00,2016-02-06T16:00:00Z,2016-02-06T13:00:00-03:00
14.18,,,False,2,pm25,µg/m³,,raw,01:00:00,2016-02-06T16:00:00Z,2016-02-06T13:00:00-03:00,2016-02-06T17:00:00Z,2016-02-06T14:00:00-03:00,1,01:00:00,1,01:00:00,100.0,100.0,2016-02-06T16:00:00Z,2016-02-06T13:00:00-03:00,2016-02-06T17:00:00Z,2016-02-06T14:00:00-03:00
10.44,,,False,2,pm25,µg/m³,,raw,01:00:00,2016-02-06T17:00:00Z,2016-02-06T14:00:00-03:00,2016-02-06T18:00:00Z,2016-02-06T15:00:00-03:00,1,01:00:00,1,01:00:00,100.0,100.0,2016-02-06T17:00:00Z,2016-02-06T14:00:00-03:00,2016-02-06T18:00:00Z,2016-02-06T15:00:00-03:00
13.9,,,False,2,pm25,µg/m³,,raw,01:00:00,2016-02-06T18:00:00Z,2016-02-06T15:00:00-03:00,2016-02-06T19:00:00Z,2016-02-06T16:00:00-03:00,1,01:00:00,1,01:00:00,100.0,100.0,2016-02-06T18:00:00Z,2016-02-06T15:00:00-03:00,2016-02-06T19:00:00Z,2016-02-06T16:00:00-03:00
11.86,,,False,2,pm25,µg/m³,,raw,01:00:00,2016-02-06T19:00:00Z,2016-02-06T16:00:00-03:00,2016-02-06T20:00:00Z,2016-02-06T17:00:00-03:00,1,01:00:00,1,01:00:00,100.0,100.0,2016-02-06T19:00:00Z,2016-02-06T16:00:00-03:00,2016-02-06T20:00:00Z,2016-02-06T17:00:00-03:00
11.83,,,False,2,pm25,µg/m³,,raw,01:00:00,2016-02-06T20:00:00Z,2016-02-06T17:00:00-03:00,2016-02-06T21:00:00Z,2016-02-06T18:00:00-03:00,1,01:00:00,1,01:00:00,100.0,100.0,2016-02-06T20:00:00Z,2016-02-06T17:00:00-03:00,2016-02-06T21:00:00Z,2016-02-06T18:00:00-03:00
10.12,,,False,2,pm25,µg/m³,,raw,01:00:00,2016-02-06T21:00:00Z,2016-02-06T18:00:00-03:00,2016-02-06T22:00:00Z,2016-02-06T19:00:00-03:00,1,01:00:00,1,01:00:00,100.0,100.0,2016-02-06T21:00:00Z,2016-02-06T18:00:00-03:00,2016-02-06T22:00:00Z,2016-02-06T19:00:00-03:00
9.45,,,False,2,pm25,µg/m³,,raw,01:00:00,2016-02-06T22:00:00Z,2016-02-06T19:00:00-03:00,2016-02-06T23:00:00Z,2016-02-06T20:00:00-03:00,1,01:00:00,1,01:00:00,100.0,100.0,2016-02-06T22:00:00Z,2016-02-06T19:00:00-03:00,2016-02-06T23:00:00Z,2016-02-06T20:00:00-03:00
12.16,,,False,2,pm25,µg/m³,,raw,01:00:00,2016-02-06T23:00:00Z,2016-02-06T20:00:00-03:00,2016-02-07T00:00:00Z,2016-02-06T21:00:00-03:00,1,01:00:00,1,01:00:00,100.0,100.0,2016-02-06T23:00:00Z,2016-02-06T20:00:00-03:00,2016-02-07T00:00:00Z,2016-02-06T21:00:00-03:00
13.5,,,False,2,pm25,µg/m³,,raw,01:00:00,2016-02-07T00:00:00Z,2016-02-06T21:00:00-03:00,2016-02-07T01:00:00Z,2016-02-06T22:00:00-03:00,1,01:00:00,1,01:00:00,100.0,100.0,2016-02-07T00:00:00Z,2016-02-06T21:00:00-03:00,2016-02-07T01:00:00Z,2016-02-06T22:00:00-03:00
14.18,,,False,2,pm25,µg/m³,,raw,01:00:00,2016-02-07T01:00:00Z,2016-02-06T22:00:00-03:00,2016-02-07T02:00:00Z,2016-02-06T23:00:00-03:00,1,01:00:00,1,01:00:00,100.0,100.0,2016-02-07T01:00:00Z,2016-02-06T22:00:00-03:00,2016-02-07T02:00:00Z,2016-02-06T23:00:00-03:00
12.83,,,False,2,pm25,µg/m³,,raw,01:00:00,2016-02-07T02:00:00Z,2016-02-06T23:00:00-03:00,2016-02-07T03:00:00Z,2016-02-07T00:00:00-03:00,1,01:00:00,1,01:00:00,100.0,100.0,2016-02-07T02:00:00Z,2016-02-06T23:00:00-03:00,2016-02-07T03:00:00Z,2016-02-07T00:00:00-03:00
12.15,,,False,2,pm25,µg/m³,,raw,01:00:00,2016-02-07T03:00:00Z,2016-02-07T00:00:00-03:00,2016-02-07T04:00:00Z,2016-02-07T01:00:00-03:00,1,01:00:00,1,01:00:00,100.0,100.0,2016-02-07T03:00:00Z,2016-02-07T00:00:00-03:00,2016-02-07T04:00:00Z,2016-02-07T01:00:00-03:00
9.56,,,False,2,pm25,µg/m³,,raw,01:00:00,2016-02-07T04:00:00Z,2016-02-07T01:00:00-03:00,2016-02-07T05:00:00Z,2016-02-07T02:00:00-03:00,1,01:00:00,1,01:00:00,100.0,100.0,2016-02-07T04:00:00Z,2016-02-07T01:00:00-03:00,2016-02-07T05:00:00Z,2016-02-07T02:00:00-03:00
6.753,,,False,2,pm25,µg/m³,,raw,01:00:00,2016-02-07T05:00:00Z,2016-02-07T02:00:00-03:00,2016-02-07T06:00:00Z,2016-02-07T03:00:00-03:00,1,01:00:00,1,01:00:00,100.0,100.0,2016-02-07T05:00:00Z,2016-02-07T02:00:00-03:00,2016-02-07T06:00:00Z,2016-02-07T03:00:00-03:00
9.45,,,False,2,pm25,µg/m³,,raw,01:00:00,2016-02-07T07:00:00Z,2016-02-07T04:00:00-03:00,2016-02-07T08:00:00Z,2016-02-07T05:00:00-03:00,1,01:00:00,1,01:00:00,100.0,100.0,2016-02-07T07:00:00Z,2016-02-07T04:00:00-03:00,2016-02-07T08:00:00Z,2016-02-07T05:00:00-03:00
8.1,,,False,2,pm25,µg/m³,,raw,01:00:00,2016-02-07T08:00:00Z,2016-02-07T05:00:00-03:00,2016-02-07T09:00:00Z,2016-02-07T06:00:00-03:00,1,01:00:00,1,01:00:00,100.0,100.0,2016-02-07T08:00:00Z,2016-02-07T05:00:00-03:00,2016-02-07T09:00:00Z,2016-02-07T06:00:00-03:00
10.49,,,False,2,pm25,µg/m³,,raw,01:00:00,2016-02-07T09:00:00Z,2016-02-07T06:00:00-03:00,2016-02-07T10:00:00Z,2016-02-07T07:00:00-03:00,1,01:00:00,1,01:00:00,100.0,100.0,2016-02-07T09:00:00Z,2016-02-07T06:00:00-03:00,2016-02-07T10:00:00Z,2016-02-07T07:00:00-03:00
10.13,,,False,2,pm25,µg/m³,,raw,01:00:00,2016-02-07T10:00:00Z,2016-02-07T07:00:00-03:00,2016-02-07T11:00:00Z,2016-02-07T08:00:00-03:00,1,01:00:00,1,01:00:00,100.0,100.0,2016-02-07T10:00:00Z,2016-02-07T07:00:00-03:00,2016-02-07T11:00:00Z,2016-02-07T08:00:00-03:00
14.18,,,False,2,pm25,µg/m³,,raw,01:00:00,2016-02-07T11:00:00Z,2016-02-07T08:00:00-03:00,2016-02-07T12:00:00Z,2016-02-07T09:00:00-03:00,1,01:00:00,1,01:00:00,100.0,100.0,2016-02-07T11:00:00Z,2016-02-07T08:00:00-03:00,2016-02-07T12:00:00Z,2016-02-07T09:00:00-03:00
10.38,,,False,2,pm25,µg/m³,,raw,01:00:00,2016-02-07T12:00:00Z,2016-02-07T09:00:00-03:00,2016-02-07T13:00:00Z,2016-02-07T10:00:00-03:00,1,01:00:00,1,01:00:00,100.0,100.0,2016-02-07T12:00:00Z,2016-02-07T09:00:00-03:00,2016-02-07T13:00:00Z,2016-02-07T10:00:00-03:00
11.46,,,False,2,pm25,µg/m³,,raw,01:00:00,2016-02-07T13:00:00Z,2016-02-07T10:00:00-03:00,2016-02-07T14:00:00Z,2016-02-07T11:00:00-03:00,1,01:00:00,1,01:00:00,100.0,100.0,2016-02-07T13:00:00Z,2016-02-07T10:00:00-03:00,2016-02-07T14:00:00Z,2016-02-07T11:00:00-03:00
8.1,,,False,2,pm25,µg/m³,,raw,01:00:00,2016-02-07T14:00:00Z,2016-02-07T11:00:00-03:00,2016-02-07T15:00:00Z,2016-02-07T12:00:00-03:00,1,01:00:00,1,01:00:00,100.0,100.0,2016-02-07T14:00:00Z,2016-02-07T11:00:00-03:00,2016-02-07T15:00:00Z,2016-02-07T12:00:00-03:00
9.46,,,False,2,pm25,µg/m³,,raw,01:00:00,2016-02-07T15:00:00Z,2016-02-07T12:00:00-03:00,2016-02-07T16:00:00Z,2016-02-07T13:00:00-03:00,1,01:00:00,1,01:00:00,100.0,100.0,2016-02-07T15:00:00Z,2016-02-07T12:00:00-03:00,2016-02-07T16:00:00Z,2016-02-07T13:00:00-03:00
9.46,,,False,2,pm25,µg/m³,,raw,01:00:00,2016-02-07T16:00:00Z,2016-02-07T13:00:00-03:00,2016-02-07T17:00:00Z,2016-02-07T14:00:00-03:00,1,01:00:00,1,01:00:00,100.0,100.0,2016-02-07T16:00:00Z,2016-02-07T13:00:00-03:00,2016-02-07T17:00:00Z,2016-02-07T14:00:00-03:00
8.78,,,False,2,pm25,µg/m³,,raw,01:00:00,2016-02-07T17:00:00Z,2016-02-07T14:00:00-03:00,2016-02-07T18:00:00Z,2016-02-07T15:00:00-03:00,1,01:00:00,1,01:00:00,100.0,100.0,2016-02-07T17:00:00Z,2016-02-07T14:00:00-03:00,2016-02-07T18:00:00Z,2016-02-07T15:00:00-03:00
10.8,,,False,2,pm25,µg/m³,,raw,01:00:00,2016-02-07T18:00:00Z,2016-02-07T15:00:00-03:00,2016-02-07T19:00:00Z,2016-02-07T16:00:00-03:00,1,01:00:00,1,01:00:00,100.0,100.0,2016-02-07T18:00:00Z,2016-02-07T15:00:00-03:00,2016-02-07T19:00:00Z,2016-02-07T16:00:00-03:00
8.1,,,False,2,pm25,µg/m³,,raw,01:00:00,2016-02-07T19:00:00Z,2016-02-07T16:00:00-03:00,2016-02-07T20:00:00Z,2016-02-07T17:00:00-03:00,1,01:00:00,1,01:00:00,100.0,100.0,2016-02-07T19:00:00Z,2016-02-07T16:00:00-03:00,2016-02-07T20:00:00Z,2016-02-07T17:00:00-03:00
8.75,,,False,2,pm25,µg/m³,,raw,01:00:00,2016-02-07T20:00:00Z,2016-02-07T17:00:00-03:00,2016-02-07T21:00:00Z,2016-02-07T18:00:00-03:00,1,01:00:00,1,01:00:00,100.0,100.0,2016-02-07T20:00:00Z,2016-02-07T17:00:00-03:00,2016-02-07T21:00:00Z,2016-02-07T18:00:00-03:00
9.45,,,False,2,pm25,µg/m³,,raw,01:00:00,2016-02-07T21:00:00Z,2016-02-07T18:00:00-03:00,2016-02-07T22:00:00Z,2016-02-07T19:00:00-03:00,1,01:00:00,1,01:00:00,100.0,100.0,2016-02-07T21:00:00Z,2016-02-07T18:00:00-03:00,2016-02-07T22:00:00Z,2016-02-07T19:00:00-03:00
9.5,,,False,2,pm25,µg/m³,,raw,01:00:00,2016-02-07T22:00:00Z,2016-02-07T19:00:00-03:00,2016-02-07T23:00:00Z,2016-02-07T20:00:00-03:00,1,01:00:00,1,01:00:00,100.0,100.0,2016-02-07T22:00:00Z,2016-02-07T19:00:00-03:00,2016-02-07T23:00:00Z,2016-02-07T20:00:00-03:00
12.15,,,False,2,pm25,µg/m³,,raw,01:00:00,2016-02-07T23:00:00Z,2016-02-07T20:00:00-03:00,2016-02-08T00:00:00Z,2016-02-07T21:00:00-03:00,1,01:00:00,1,01:00:00,100.0,100.0,2016-02-07T23:00:00Z,2016-02-07T20:00:00-03:00,2016-02-08T00:00:00Z,2016-02-07T21:00:00-03:00
10.8,,,False,2,pm25,µg/m³,,raw,01:00:00,2016-02-08T00:00:00Z,2016-02-07T21:00:00-03:00,2016-02-08T01:00:00Z,2016-02-07T22:00:00-03:00,1,01:00:00,1,01:00:00,100.0,100.0,2016-02-08T00:00:00Z,2016-02-07T21:00:00-03:00,2016-02-08T01:00:00Z,2016-02-07T22:00:00-03:00
8.76,,,False,2,pm25,µg/m³,,raw,01:00:00,2016-02-08T01:00:00Z,2016-02-07T22:00:00-03:00,2016-02-08T02:00:00Z,2016-02-07T23:00:00-03:00,1,01:00:00,1,01:00:00,100.0,100.0,2016-02-08T01:00:00Z,2016-02-07T22:00:00-03:00,2016-02-08T02:00:00Z,2016-02-07T23:00:00-03:00
10.8,,,False,2,pm25,µg/m³,,raw,01:00:00,2016-02-08T02:00:00Z,2016-02-07T23:00:00-03:00,2016-02-08T03:00:00Z,2016-02-08T00:00:00-03:00,1,01:00:00,1,01:00:00,100.0,100.0,2016-02-08T02:00:00Z,2016-02-07T23:00:00-03:00,2016-02-08T03:00:00Z,2016-02-08T00:00:00-03:00
8.78,,,False,2,pm25,µg/m³,,raw,01:00:00,2016-02-08T03:00:00Z,2016-02-08T00:00:00-03:00,2016-02-08T04:00:00Z,2016-02-08T01:00:00-03:00,1,01:00:00,1,01:00:00,100.0,100.0,2016-02-08T03:00:00Z,2016-02-08T00:00:00-03:00,2016-02-08T04:00:00Z,2016-02-08T01:00:00-03:00
11.48,,,False,2,pm25,µg/m³,,raw,01:00:00,2016-02-08T04:00:00Z,2016-02-08T01:00:00-03:00,2016-02-08T05:00:00Z,2016-02-08T02:00:00-03:00,1,01:00:00,1,01:00:00,100.0,100.0,2016-02-08T04:00:00Z,2016-02-08T01:00:00-03:00,2016-02-08T05:00:00Z,2016-02-08T02:00:00-03:00
10.8,,,False,2,pm25,µg/m³,,raw,01:00:00,2016-02-08T05:00:00Z,2016-02-08T02:00:00-03:00,2016-02-08T06:00:00Z,2016-02-08T03:00:00-03:00,1,01:00:00,1,01:00:00,100.0,100.0,2016-02-08T05:00:00Z,2016-02-08T02:00:00-03:00,2016-02-08T06:00:00Z,2016-02-08T03:00:00-03:00
10.8,,,False,2,pm25,µg/m³,,raw,01:00:00,2016-02-08T06:00:00Z,2016-02-08T03:00:00-03:00,2016-02-08T07:00:00Z,2016-02-08T04:00:00-03:00,1,01:00:00,1,01:00:00,100.0,100.0,2016-02-08T06:00:00Z,2016-02-08T03:00:00-03:00,2016-02-08T07:00:00Z,2016-02-08T04:00:00-03:00
12.83,,,False,2,pm25,µg/m³,,raw,01:00:00,2016-02-08T07:00:00Z,2016-02-08T04:00:00-03:00,2016-02-08T08:00:00Z,2016-02-08T05:00:00-03:00,1,01:00:00,1,01:00:00,100.0,100.0,2016-02-08T07:00:00Z,2016-02-08T04:00:00-03:00,2016-02-08T08:00:00Z,2016-02-08T05:00:00-03:00
10.12,,,False,2,pm25,µg/m³,,raw,01:00:00,2016-02-08T08:00:00Z,2016-02-08T05:00:00-03:00,2016-02-08T09:00:00Z,2016-02-08T06:00:00-03:00,1,01:00:00,1,01:00:00,100.0,100.0,2016-02-08T08:00:00Z,2016-02-08T05:00:00-03:00,2016-02-08T09:00:00Z,2016-02-08T06:00:00-03:00
17.55,,,False,2,pm25,µg/m³,,raw,01:00:00,2016-02-08T10:00:00Z,2016-02-08T07:00:00-03:00,2016-02-08T11:00:00Z,2016-02-08T08:00:00-03:00,1,01:00:00,1,01:00:00,100.0,100.0,2016-02-08T10:00:00Z,2016-02-08T07:00:00-03:00,2016-02-08T11:00:00Z,2016-02-08T08:00:00-03:00
16.21,,,False,2,pm25,µg/m³,,raw,01:00:00,2016-02-08T11:00:00Z,2016-02-08T08:00:00-03:00,2016-02-08T12:00:00Z,2016-02-08T09:00:00-03:00,1,01:00:00,1,01:00:00,100.0,100.0,2016-02-08T11:00:00Z,2016-02-08T08:00:00-03:00,2016-02-08T12:00:00Z,2016-02-08T09:00:00-03:00
12.15,,,False,2,pm25,µg/m³,,raw,01:00:00,2016-02-08T12:00:00Z,2016-02-08T09:00:00-03:00,2016-02-08T13:00:00Z,2016-02-08T10:00:00-03:00,1,01:00:00,1,01:00:00,100.0,100.0,2016-02-08T12:00:00Z,2016-02-08T09:00:00-03:00,2016-02-08T13:00:00Z,2016-02-08T10:00:00-03:00
10.8,,,False,2,pm25,µg/m³,,raw,01:00:00,2016-02-08T13:00:00Z,2016-02-08T10:00:00-03:00,2016-02-08T14:00:00Z,2016-02-08T11:00:00-03:00,1,01:00:00,1,01:00:00,100.0,100.0,2016-02-08T13:00:00Z,2016-02-08T10:00:00-03:00,2016-02-08T14:00:00Z,2016-02-08T11:00:00-03:00
13.5,,,False,2,pm25,µg/m³,,raw,01:00:00,2016-02-08T14:00:00Z,2016-02-08T11:00:00-03:00,2016-02-08T15:00:00Z,2016-02-08T12:00:00-03:00,1,01:00:00,1,01:00:00,100.0,100.0,2016-02-08T14:00:00Z,2016-02-08T11:00:00-03:00,2016-02-08T15:00:00Z,2016-02-08T12:00:00-03:00
10.13,,,False,2,pm25,µg/m³,,raw,01:00:00,2016-02-08T15:00:00Z,2016-02-08T12:00:00-03:00,2016-02-08T16:00:00Z,2016-02-08T13:00:00-03:00,1,01:00:00,1,01:00:00,100.0,100.0,2016-02-08T15:00:00Z,2016-02-08T12:00:00-03:00,2016-02-08T16:00:00Z,2016-02-08T13:00:00-03:00
13.5,,,False,2,pm25,µg/m³,,raw,01:00:00,2016-02-08T16:00:00Z,2016-02-08T13:00:00-03:00,2016-02-08T17:00:00Z,2016-02-08T14:00:00-03:00,1,01:00:00,1,01:00:00,100.0,100.0,2016-02-08T16:00:00Z,2016-02-08T13:00:00-03:00,2016-02-08T17:00:00Z,2016-02-08T14:00:00-03:00
9.45,,,False,2,pm25,µg/m³,,raw,01:00:00,2016-02-08T18:00:00Z,2016-02-08T15:00:00-03:00,2016-02-08T19:00:00Z,2016-02-08T16:00:00-03:00,1,01:00:00,1,01:00:00,100.0,100.0,2016-02-08T18:00:00Z,2016-02-08T15:00:00-03:00,2016-02-08T19:00:00Z,2016-02-08T16:00:00-03:00
11.48,,,False,2,pm25,µg/m³,,raw,01:00:00,2016-02-08T19:00:00Z,2016-02-08T16:00:00-03:00,2016-02-08T20:00:00Z,2016-02-08T17:00:00-03:00,1,01:00:00,1,01:00:00,100.0,100.0,2016-02-08T19:00:00Z,2016-02-08T16:00:00-03:00,2016-02-08T20:00:00Z,2016-02-08T17:00:00-03:00
15.53,,,False,2,pm25,µg/m³,,raw,01:00:00,2016-02-08T20:00:00Z,2016-02-08T17:00:00-03:00,2016-02-08T21:00:00Z,2016-02-08T18:00:00-03:00,1,01:00:00,1,01:00:00,100.0,100.0,2016-02-08T20:00:00Z,2016-02-08T17:00:00-03:00,2016-02-08T21:00:00Z,2016-02-08T18:00:00-03:00
14.14,,,False,2,pm25,µg/m³,,raw,01:00:00,2016-02-08T21:00:00Z,2016-02-08T18:00:00-03:00,2016-02-08T22:00:00Z,2016-02-08T19:00:00-03:00,1,01:00:00,1,01:00:00,100.0,100.0,2016-02-08T21:00:00Z,2016-02-08T18:00:00-03:00,2016-02-08T22:00:00Z,2016-02-08T19:00:00-03:00
14.85,,,False,2,pm25,µg/m³,,raw,01:00:00,2016-02-08T22:00:00Z,2016-02-08T19:00:00-03:00,2016-02-08T23:00:00Z,2016-02-08T20:00:00-03:00,1,01:00:00,1,01:00:00,100.0,100.0,2016-02-08T22:00:00Z,2016-02-08T19:00:00-03:00,2016-02-08T23:00:00Z,2016-02-08T20:00:00-03:00
17.55,,,False,2,pm25,µg/m³,,raw,01:00:00,2016-02-08T23:00:00Z,2016-02-08T20:00:00-03:00,2016-02-09T00:00:00Z,2016-02-08T21:00:00-03:00,1,01:00:00,1,01:00:00,100.0,100.0,2016-02-08T23:00:00Z,2016-02-08T20:00:00-03:00,2016-02-09T00:00:00Z,2016-02-08T21:00:00-03:00
24.44,,,False,2,pm25,µg/m³,,raw,01:00:00,2016-02-09T00:00:00Z,2016-02-08T21:00:00-03:00,2016-02-09T01:00:00Z,2016-02-08T22:00:00-03:00,1,01:00:00,1,01:00:00,100.0,100.0,2016-02-09T00:00:00Z,2016-02-08T21:00:00-03:00,2016-02-09T01:00:00Z,2016-02-08T22:00:00-03:00
20.26,,,False,2,pm25,µg/m³,,raw,01:00:00,2016-02-09T01:00:00Z,2016-02-08T22:00:00-03:00,2016-02-09T02:00:00Z,2016-02-08T23:00:00-03:00,1,01:00:00,1,01:00:00,100.0,100.0,2016-02-09T01:00:00Z,2016-02-08T22:00:00-03:00,2016-02-09T02:00:00Z,2016-02-08T23:00:00-03:00
18.91,,,False,2,pm25,µg/m³,,raw,01:00:00,2016-02-09T02:00:00Z,2016-02-08T23:00:00-03:00,2016-02-09T03:00:00Z,2016-02-09T00:00:00-03:00,1,01:00:00,1,01:00:00,100.0,100.0,2016-02-09T02:00:00Z,2016-02-08T23:00:00-03:00,2016-02-09T03:00:00Z,2016-02-09T00:00:00-03:00
12.83,,,False,2,pm25,µg/m³,,raw,01:00:00,2016-02-09T03:00:00Z,2016-02-09T00:00:00-03:00,2016-02-09T04:00:00Z,2016-02-09T01:00:00-03:00,1,01:00:00,1,01:00:00,100.0,100.0,2016-02-09T03:00:00Z,2016-02-09T00:00:00-03:00,2016-02-09T04:00:00Z,2016-02-09T01:00:00-03:00
10.61,,,False,2,pm25,µg/m³,,raw,01:00:00,2016-02-09T04:00:00Z,2016-02-09T01:00:00-03:00,2016-02-09T05:00:00Z,2016-02-09T02:00:00-03:00,1,01:00:00,1,01:00:00,100.0,100.0,2016-02-09T04:00:00Z,2016-02-09T01:00:00-03:00,2016-02-09T05:00:00Z,2016-02-09T02:00:00-03:00
9.45,,,False,2,pm25,µg/m³,,raw,01:00:00,2016-02-09T05:00:00Z,2016-02-09T02:00:00-03:00,2016-02-09T06:00:00Z,2016-02-09T03:00:00-03:00,1,01:00:00,1,01:00:00,100.0,100.0,2016-02-09T05:00:00Z,2016-02-09T02:00:00-03:00,2016-02-09T06:00:00Z,2016-02-09T03:00:00-03:00
10.68,,,False,2,pm25,µg/m³,,raw,01:00:00,2016-02-09T06:00:00Z,2016-02-09T03:00:00-03:00,2016-02-09T07:00:00Z,2016-02-09T04:00:00-03:00,1,01:00:00,1,01:00:00,100.0,100.0,2016-02-09T06:00:00Z,2016-02-09T03:00:00-03:00,2016-02-09T07:00:00Z,2016-02-09T04:00:00-03:00
12.15,,,False,2,pm25,µg/m³,,raw,01:00:00,2016-02-09T07:00:00Z,2016-02-09T04:00:00-03:00,2016-02-09T08:00:00Z,2016-02-09T05:00:00-03:00,1,01:00:00,1,01:00:00,100.0,100.0,2016-02-09T07:00:00Z,2016-02-09T04:00:00-03:00,2016-02-09T08:00:00Z,2016-02-09T05:00:00-03:00
7.428,,,False,2,pm25,µg/m³,,raw,01:00:00,2016-02-09T08:00:00Z,2016-02-09T05:00:00-03:00,2016-02-09T09:00:00Z,2016-02-09T06:00:00-03:00,1,01:00:00,1,01:00:00,100.0,100.0,2016-02-09T08:00:00Z,2016-02-09T05:00:00-03:00,2016-02-09T09:00:00Z,2016-02-09T06:00:00-03:00
8.78,,,False,2,pm25,µg/m³,,raw,01:00:00,2016-02-09T09:00:00Z,2016-02-09T06:00:00-03:00,2016-02-09T10:00:00Z,2016-02-09T07:00:00-03:00,1,01:00:00,1,01:00:00,100.0,100.0,2016-02-09T09:00:00Z,2016-02-09T06:00:00-03:00,2016-02-09T10:00:00Z,2016-02-09T07:00:00-03:00
15.53,,,False,2,pm25,µg/m³,,raw,01:00:00,2016-02-09T10:00:00Z,2016-02-09T07:00:00-03:00,2016-02-09T11:00:00Z,2016-02-09T08:00:00-03:00,1,01:00:00,1,01:00:00,100.0,100.0,2016-02-09T10:00:00Z,2016-02-09T07:00:00-03:00,2016-02-09T11:00:00Z,2016-02-09T08:00:00-03:00
14.15,,,False,2,pm25,µg/m³,,raw,01:00:00,2016-02-09T11:00:00Z,2016-02-09T08:00:00-03:00,2016-02-09T12:00:00Z,2016-02-09T09:00:00-03:00,1,01:00:00,1,01:00:00,100.0,100.0,2016-02-09T11:00:00Z,2016-02-09T08:00:00-03:00,2016-02-09T12:00:00Z,2016-02-09T09:00:00-03:00
16.26,,,False,2,pm25,µg/m³,,raw,01:00:00,2016-02-09T12:00:00Z,2016-02-09T09:00:00-03:00,2016-02-09T13:00:00Z,2016-02-09T10:00:00-03:00,1,01:00:00,1,01:00:00,100.0,100.0,2016-02-09T12:00:00Z,2016-02-09T09:00:00-03:00,2016-02-09T13:00:00Z,2016-02-09T10:00:00-03:00
16.2,,,False,2,pm25,µg/m³,,raw,01:00:00,2016-02-09T13:00:00Z,2016-02-09T10:00:00-03:00,2016-02-09T14:00:00Z,2016-02-09T11:00:00-03:00,1,01:00:00,1,01:00:00,100.0,100.0,2016-02-09T13:00:00Z,2016-02-09T10:00:00-03:00,2016-02-09T14:00:00Z,2016-02-09T11:00:00-03:00
18.23,,,False,2,pm25,µg/m³,,raw,01:00:00,2016-02-09T14:00:00Z,2016-02-09T11:00:00-03:00,2016-02-09T15:00:00Z,2016-02-09T12:00:00-03:00,1,01:00:00,1,01:00:00,100.0,100.0,2016-02-09T14:00:00Z,2016-02-09T11:00:00-03:00,2016-02-09T15:00:00Z,2016-02-09T12:00:00-03:00
9.47,,,False,2,pm25,µg/m³,,raw,01:00:00,2016-02-09T15:00:00Z,2016-02-09T12:00:00-03:00,2016-02-09T16:00:00Z,2016-02-09T13:00:00-03:00,1,01:00:00,1,01:00:00,100.0,100.0,2016-02-09T15:00:00Z,2016-02-09T12:00:00-03:00,2016-02-09T16:00:00Z,2016-02-09T13:00:00-03:00
7.725,,,False,2,pm25,µg/m³,,raw,01:00:00,2016-02-09T16:00:00Z,2016-02-09T13:00:00-03:00,2016-02-09T17:00:00Z,2016-02-09T14:00:00-03:00,1,01:00:00,1,01:00:00,100.0,100.0,2016-02-09T16:00:00Z,2016-02-09T13:00:00-03:00,2016-02-09T17:00:00Z,2016-02-09T14:00:00-03:00
8.78,,,False,2,pm25,µg/m³,,raw,01:00:00,2016-02-09T17:00:00Z,2016-02-09T14:00:00-03:00,2016-02-09T18:00:00Z,2016-02-09T15:00:00-03:00,1,01:00:00,1,01:00:00,100.0,100.0,2016-02-09T17:00:00Z,2016-02-09T14:00:00-03:00,2016-02-09T18:00:00Z,2016-02-09T15:00:00-03:00
7.422,,,False,2,pm25,µg/m³,,raw,01:00:00,2016-02-09T18:00:00Z,2016-02-09T15:00:00-03:00,2016-02-09T19:00:00Z,2016-02-09T16:00:00-03:00,1,01:00:00,1,01:00:00,100.0,100.0,2016-02-09T18:00:00Z,2016-02-09T15:00:00-03:00,2016-02-09T19:00:00Z,2016-02-09T16:00:00-03:00
8.09,,,False,2,pm25,µg/m³,,raw,01:00:00,2016-02-09T19:00:00Z,2016-02-09T16:00:00-03:00,2016-02-09T20:00:00Z,2016-02-09T17:00:00-03:00,1,01:00:00,1,01:00:00,100.0,100.0,2016-02-09T19:00:00Z,2016-02-09T16:00:00-03:00,2016-02-09T20:00:00Z,2016-02-09T17:00:00-03:00
6.069,,,False,2,pm25,µg/m³,,raw,01:00:00,2016-02-09T20:00:00Z,2016-02-09T17:00:00-03:00,2016-02-09T21:00:00Z,2016-02-09T18:00:00-03:00,1,01:00:00,1,01:00:00,100.0,100.0,2016-02-09T20:00:00Z,2016-02-09T17:00:00-03:00,2016-02-09T21:00:00Z,2016-02-09T18:00:00-03:00
16.94,,,False,2,pm25,µg/m³,,raw,01:00:00,2016-02-09T21:00:00Z,2016-02-09T18:00:00-03:00,2016-02-09T22:00:00Z,2016-02-09T19:00:00-03:00,1,01:00:00,1,01:00:00,100.0,100.0,2016-02-09T21:00:00Z,2016-02-09T18:00:00-03:00,2016-02-09T22:00:00Z,2016-02-09T19:00:00-03:00
14.17,,,False,2,pm25,µg/m³,,raw,01:00:00,2016-02-09T22:00:00Z,2016-02-09T19:00:00-03:00,2016-02-09T23:00:00Z,2016-02-09T20:00:00-03:00,1,01:00:00,1,01:00:00,100.0,100.0,2016-02-09T22:00:00Z,2016-02-09T19:00:00-03:00,2016-02-09T23:00:00Z,2016-02-09T20:00:00-03:00
14.17,,,False,2,pm25,µg/m³,,raw,01:00:00,2016-02-09T23:00:00Z,2016-02-09T20:00:00-03:00,2016-02-10T00:00:00Z,2016-02-09T21:00:00-03:00,1,01:00:00,1,01:00:00,100.0,100.0,2016-02-09T23:00:00Z,2016-02-09T20:00:00-03:00,2016-02-10T00:00:00Z,2016-02-09T21:00:00-03:00
12.83,,,False,2,pm25,µg/m³,,raw,01:00:00,2016-02-10T00:00:00Z,2016-02-09T21:00:00-03:00,2016-02-10T01:00:00Z,2016-02-09T22:00:00-03:00,1,01:00:00,1,01:00:00,100.0,100.0,2016-02-10T00:00:00Z,2016-02-09T21:00:00-03:00,2016-02-10T01:00:00Z,2016-02-09T22:00:00-03:00
6.77,,,False,2,pm25,µg/m³,,raw,01:00:00,2016-02-10T01:00:00Z,2016-02-09T22:00:00-03:00,2016-02-10T02:00:00Z,2016-02-09T23:00:00-03:00,1,01:00:00,1,01:00:00,100.0,100.0,2016-02-10T01:00:00Z,2016-02-09T22:00:00-03:00,2016-02-10T02:00:00Z,2016-02-09T23:00:00-03:00
14.18,,,False,2,pm25,µg/m³,,raw,01:00:00,2016-02-10T02:00:00Z,2016-02-09T23:00:00-03:00,2016-02-10T03:00:00Z,2016-02-10T00:00:00-03:00,1,01:00:00,1,01:00:00,100.0,100.0,2016-02-10T02:00:00Z,2016-02-09T23:00:00-03:00,2016-02-10T03:00:00Z,2016-02-10T00:00:00-03:00
14.86,,,False,2,pm25,µg/m³,,raw,01:00:00,2016-02-10T03:00:00Z,2016-02-10T00:00:00-03:00,2016-02-10T04:00:00Z,2016-02-10T01:00:00-03:00,1,01:00:00,1,01:00:00,100.0,100.0,2016-02-10T03:00:00Z,2016-02-10T00:00:00-03:00,2016-02-10T04:00:00Z,2016-02-10T01:00:00-03:00
12.83,,,False,2,pm25,µg/m³,,raw,01:00:00,2016-02-10T04:00:00Z,2016-02-10T01:00:00-03:00,2016-02-10T05:00:00Z,2016-02-10T02:00:00-03:00,1,01:00:00,1,01:00:00,100.0,100.0,2016-02-10T04:00:00Z,2016-02-10T01:00:00-03:00,2016-02-10T05:00:00Z,2016-02-10T02:00:00-03:00
8.78,,,False,2,pm25,µg/m³,,raw,01:00:00,2016-02-10T06:00:00Z,2016-02-10T03:00:00-03:00,2016-02-10T07:00:00Z,2016-02-10T04:00:00-03:00,1,01:00:00,1,01:00:00,100.0,100.0,2016-02-10T06:00:00Z,2016-02-10T03:00:00-03:00,2016-02-10T07:00:00Z,2016-02-10T04:00:00-03:00
8.1,,,False,2,pm25,µg/m³,,raw,01:00:00,2016-02-10T07:00:00Z,2016-02-10T04:00:00-03:00,2016-02-10T08:00:00Z,2016-02-10T05:00:00-03:00,1,01:00:00,1,01:00:00,100.0,100.0,2016-02-10T07:00:00Z,2016-02-10T04:00:00-03:00,2016-02-10T08:00:00Z,2016-02-10T05:00:00-03:00
6.753,,,False,2,pm25,µg/m³,,raw,01:00:00,2016-02-10T08:00:00Z,2016-02-10T05:00:00-03:00,2016-02-10T09:00:00Z,2016-02-10T06:00:00-03:00,1,01:00:00,1,01:00:00,100.0,100.0,2016-02-10T08:00:00Z,2016-02-10T05:00:00-03:00,2016-02-10T09:00:00Z,2016-02-10T06:00:00-03:00
9.45,,,False,2,pm25,µg/m³,,raw,01:00:00,2016-02-10T09:00:00Z,2016-02-10T06:00:00-03:00,2016-02-10T10:00:00Z,2016-02-10T07:00:00-03:00,1,01:00:00,1,01:00:00,100.0,100.0,2016-02-10T09:00:00Z,2016-02-10T06:00:00-03:00,2016-02-10T10:00:00Z,2016-02-10T07:00:00-03:00
7.875,,,False,2,pm25,µg/m³,,raw,01:00:00,2016-02-10T10:00:00Z,2016-02-10T07:00:00-03:00,2016-02-10T11:00:00Z,2016-02-10T08:00:00-03:00,1,01:00:00,1,01:00:00,100.0,100.0,2016-02-10T10:00:00Z,2016-02-10T07:00:00-03:00,2016-02-10T11:00:00Z,2016-02-10T08:00:00-03:00
9.45,,,False,2,pm25,µg/m³,,raw,01:00:00,2016-02-10T11:00:00Z,2016-02-10T08:00:00-03:00,2016-02-10T12:00:00Z,2016-02-10T09:00:00-03:00,1,01:00:00,1,01:00:00,100.0,100.0,2016-02-10T11:00:00Z,2016-02-10T08:00:00-03:00,2016-02-10T12:00:00Z,2016-02-10T09:00:00-03:00
10.8,,,False,2,pm25,µg/m³,,raw,01:00:00,2016-02-10T12:00:00Z,2016-02-10T09:00:00-03:00,2016-02-10T13:00:00Z,2016-02-10T10:00:00-03:00,1,01:00:00,1,01:00:00,100.0,100.0,2016-02-10T12:00:00Z,2016-02-10T09:00:00-03:00,2016-02-10T13:00:00Z,2016-02-10T10:00:00-03:00
8.1,,,False,2,pm25,µg/m³,,raw,01:00:00,2016-02-10T14:00:00Z,2016-02-10T11:00:00-03:00,2016-02-10T15:00:00Z,2016-02-10T12:00:00-03:00,1,01:00:00,1,01:00:00,100.0,100.0,2016-02-10T14:00:00Z,2016-02-10T11:00:00-03:00,2016-02-10T15:00:00Z,2016-02-10T12:00:00-03:00
7.425,,,False,2,pm25,µg/m³,,raw,01:00:00,2016-02-10T15:00:00Z,2016-02-10T12:00:00-03:00,2016-02-10T16:00:00Z,2016-02-10T13:00:00-03:00,1,01:00:00,1,01:00:00,100.0,100.0,2016-02-10T15:00:00Z,2016-02-10T12:00:00-03:00,2016-02-10T16:00:00Z,2016-02-10T13:00:00-03:00
5.4,,,False,2,pm25,µg/m³,,raw,01:00:00,2016-02-10T16:00:00Z,2016-02-10T13:00:00-03:00,2016-02-10T17:00:00Z,2016-02-10T14:00:00-03:00,1,01:00:00,1,01:00:00,100.0,100.0,2016-02-10T16:00:00Z,2016-02-10T13:00:00-03:00,2016-02-10T17:00:00Z,2016-02-10T14:00:00-03:00
4.48,,,False,2,pm25,µg/m³,,raw,01:00:00,2016-02-10T17:00:00Z,2016-02-10T14:00:00-03:00,2016-02-10T18:00:00Z,2016-02-10T15:00:00-03:00,1,01:00:00,1,01:00:00,100.0,100.0,2016-02-10T17:00:00Z,2016-02-10T14:00:00-03:00,2016-02-10T18:00:00Z,2016-02-10T15:00:00-03:00
7.425,,,False,2,pm25,µg/m³,,raw,01:00:00,2016-02-10T18:00:00Z,2016-02-10T15:00:00-03:00,2016-02-10T19:00:00Z,2016-02-10T16:00:00-03:00,1,01:00:00,1,01:00:00,100.0,100.0,2016-02-10T18:00:00Z,2016-02-10T15:00:00-03:00,2016-02-10T19:00:00Z,2016-02-10T16:00:00-03:00
14.15,,,False,2,pm25,µg/m³,,raw,01:00:00,2016-02-10T19:00:00Z,2016-02-10T16:00:00-03:00,2016-02-10T20:00:00Z,2016-02-10T17:00:00-03:00,1,01:00:00,1,01:00:00,100.0,100.0,2016-02-10T19:00:00Z,2016-02-10T16:00:00-03:00,2016-02-10T20:00:00Z,2016-02-10T17:00:00-03:00
8.1,,,False,2,pm25,µg/m³,,raw,01:00:00,2016-02-10T21:00:00Z,2016-02-10T18:00:00-03:00,2016-02-10T22:00:00Z,2016-02-10T19:00:00-03:00,1,01:00:00,1,01:00:00,100.0,100.0,2016-02-10T21:00:00Z,2016-02-10T18:00:00-03:00,2016-02-10T22:00:00Z,2016-02-10T19:00:00-03:00
11.48,,,False,2,pm25,µg/m³,,raw,01:00:00,2016-02-10T22:00:00Z,2016-02-10T19:00:00-03:00,2016-02-10T23:00:00Z,2016-02-10T20:00:00-03:00,1,01:00:00,1,01:00:00,100.0,100.0,2016-02-10T22:00:00Z,2016-02-10T19:00:00-03:00,2016-02-10T23:00:00Z,2016-02-10T20:00:00-03:00
10.48,,,False,2,pm25,µg/m³,,raw,01:00:00,2016-02-10T23:00:00Z,2016-02-10T20:00:00-03:00,2016-02-11T00:00:00Z,2016-02-10T21:00:00-03:00,1,01:00:00,1,01:00:00,100.0,100.0,2016-02-10T23:00:00Z,2016-02-10T20:00:00-03:00,2016-02-11T00:00:00Z,2016-02-10T21:00:00-03:00
8.78,,,False,2,pm25,µg/m³,,raw,01:00:00,2016-02-11T00:00:00Z,2016-02-10T21:00:00-03:00,2016-02-11T01:00:00Z,2016-02-10T22:00:00-03:00,1,01:00:00,1,01:00:00,100.0,100.0,2016-02-11T00:00:00Z,2016-02-10T21:00:00-03:00,2016-02-11T01:00:00Z,2016-02-10T22:00:00-03:00
11.47,,,False,2,pm25,µg/m³,,raw,01:00:00,2016-02-11T02:00:00Z,2016-02-10T23:00:00-03:00,2016-02-11T03:00:00Z,2016-02-11T00:00:00-03:00,1,01:00:00,1,01:00:00,100.0,100.0,2016-02-11T02:00:00Z,2016-02-10T23:00:00-03:00,2016-02-11T03:00:00Z,2016-02-11T00:00:00-03:00
8.79,,,False,2,pm25,µg/m³,,raw,01:00:00,2016-02-11T03:00:00Z,2016-02-11T00:00:00-03:00,2016-02-11T04:00:00Z,2016-02-11T01:00:00-03:00,1,01:00:00,1,01:00:00,100.0,100.0,2016-02-11T03:00:00Z,2016-02-11T00:00:00-03:00,2016-02-11T04:00:00Z,2016-02-11T01:00:00-03:00
6.091,,,False,2,pm25,µg/m³,,raw,01:00:00,2016-02-11T04:00:00Z,2016-02-11T01:00:00-03:00,2016-02-11T05:00:00Z,2016-02-11T02:00:00-03:00,1,01:00:00,1,01:00:00,100.0,100.0,2016-02-11T04:00:00Z,2016-02-11T01:00:00-03:00,2016-02-11T05:00:00Z,2016-02-11T02:00:00-03:00
4.052,,,False,2,pm25,µg/m³,,raw,01:00:00,2016-02-11T05:00:00Z,2016-02-11T02:00:00-03:00,2016-02-11T06:00:00Z,2016-02-11T03:00:00-03:00,1,01:00:00,1,01:00:00,100.0,100.0,2016-02-11T05:00:00Z,2016-02-11T02:00:00-03:00,2016-02-11T06:00:00Z,2016-02-11T03:00:00-03:00
10.8,,,False,2,pm25,µg/m³,,raw,01:00:00,2016-02-11T07:00:00Z,2016-02-11T04:00:00-03:00,2016-02-11T08:00:00Z,2016-02-11T05:00:00-03:00,1,01:00:00,1,01:00:00,100.0,100.0,2016-02-11T07:00:00Z,2016-02-11T04:00:00-03:00,2016-02-11T08:00:00Z,2016-02-11T05:00:00-03:00
14.18,,,False,2,pm25,µg/m³,,raw,01:00:00,2016-02-11T08:00:00Z,2016-02-11T05:00:00-03:00,2016-02-11T09:00:00Z,2016-02-11T06:00:00-03:00,1,01:00:00,1,01:00:00,100.0,100.0,2016-02-11T08:00:00Z,2016-02-11T05:00:00-03:00,2016-02-11T09:00:00Z,2016-02-11T06:00:00-03:00
14.86,,,False,2,pm25,µg/m³,,raw,01:00:00,2016-02-11T09:00:00Z,2016-02-11T06:00:00-03:00,2016-02-11T10:00:00Z,2016-02-11T07:00:00-03:00,1,01:00:00,1,01:00:00,100.0,100.0,2016-02-11T09:00:00Z,2016-02-11T06:00:00-03:00,2016-02-11T10:00:00Z,2016-02-11T07:00:00-03:00
21.61,,,False,2,pm25,µg/m³,,raw,01:00:00,2016-02-11T10:00:00Z,2016-02-11T07:00:00-03:00,2016-02-11T11:00:00Z,2016-02-11T08:00:00-03:00,1,01:00:00,1,01:00:00,100.0,100.0,2016-02-11T10:00:00Z,2016-02-11T07:00:00-03:00,2016-02-11T11:00:00Z,2016-02-11T08:00:00-03:00
15.53,,,False,2,pm25,µg/m³,,raw,01:00:00,2016-02-11T11:00:00Z,2016-02-11T08:00:00-03:00,2016-02-11T12:00:00Z,2016-02-11T09:00:00-03:00,1,01:00:00,1,01:00:00,100.0,100.0,2016-02-11T11:00:00Z,2016-02-11T08:00:00-03:00,2016-02-11T12:00:00Z,2016-02-11T09:00:00-03:00
14.18,,,False,2,pm25,µg/m³,,raw,01:00:00,2016-02-11T12:00:00Z,2016-02-11T09:00:00-03:00,2016-02-11T13:00:00Z,2016-02-11T10:00:00-03:00,1,01:00:00,1,01:00:00,100.0,100.0,2016-02-11T12:00:00Z,2016-02-11T09:00:00-03:00,2016-02-11T13:00:00Z,2016-02-11T10:00:00-03:00
14.15,,,False,2,pm25,µg/m³,,raw,01:00:00,2016-02-11T13:00:00Z,2016-02-11T10:00:00-03:00,2016-02-11T14:00:00Z,2016-02-11T11:00:00-03:00,1,01:00:00,1,01:00:00,100.0,100.0,2016-02-11T13:00:00Z,2016-02-11T10:00:00-03:00,2016-02-11T14:00:00Z,2016-02-11T11:00:00-03:00
16.2,,,False,2,pm25,µg/m³,,raw,01:00:00,2016-02-11T14:00:00Z,2016-02-11T11:00:00-03:00,2016-02-11T15:00:00Z,2016-02-11T12:00:00-03:00,1,01:00:00,1,01:00:00,100.0,100.0,2016-02-11T14:00:00Z,2016-02-11T11:00:00-03:00,2016-02-11T15:00:00Z,2016-02-11T12:00:00-03:00
13.21,,,False,2,pm25,µg/m³,,raw,01:00:00,2016-02-11T15:00:00Z,2016-02-11T12:00:00-03:00,2016-02-11T16:00:00Z,2016-02-11T13:00:00-03:00,1,01:00:00,1,01:00:00,100.0,100.0,2016-02-11T15:00:00Z,2016-02-11T12:00:00-03:00,2016-02-11T16:00:00Z,2016-02-11T13:00:00-03:00
8.78,,,False,2,pm25,µg/m³,,raw,01:00:00,2016-02-11T17:00:00Z,2016-02-11T14:00:00-03:00,2016-02-11T18:00:00Z,2016-02-11T15:00:00-03:00,1,01:00:00,1,01:00:00,100.0,100.0,2016-02-11T17:00:00Z,2016-02-11T14:00:00-03:00,2016-02-11T18:00:00Z,2016-02-11T15:00:00-03:00
5.4,,,False,2,pm25,µg/m³,,raw,01:00:00,2016-02-11T18:00:00Z,2016-02-11T15:00:00-03:00,2016-02-11T19:00:00Z,2016-02-11T16:00:00-03:00,1,01:00:00,1,01:00:00,100.0,100.0,2016-02-11T18:00:00Z,2016-02-11T15:00:00-03:00,2016-02-11T19:00:00Z,2016-02-11T16:00:00-03:00
14.83,,,False,2,pm25,µg/m³,,raw,01:00:00,2016-02-11T19:00:00Z,2016-02-11T16:00:00-03:00,2016-02-11T20:00:00Z,2016-02-11T17:00:00-03:00,1,01:00:00,1,01:00:00,100.0,100.0,2016-02-11T19:00:00Z,2016-02-11T16:00:00-03:00,2016-02-11T20:00:00Z,2016-02-11T17:00:00-03:00
4.723,,,False,2,pm25,µg/m³,,raw,01:00:00,2016-02-11T20:00:00Z,2016-02-11T17:00:00-03:00,2016-02-11T21:00:00Z,2016-02-11T18:00:00-03:00,1,01:00:00,1,01:00:00,100.0,100.0,2016-02-11T20:00:00Z,2016-02-11T17:00:00-03:00,2016-02-11T21:00:00Z,2016-02-11T18:00:00-03:00
5.397,,,False,2,pm25,µg/m³,,raw,01:00:00,2016-02-11T21:00:00Z,2016-02-11T18:00:00-03:00,2016-02-11T22:00:00Z,2016-02-11T19:00:00-03:00,1,01:00:00,1,01:00:00,100.0,100.0,2016-02-11T21:00:00Z,2016-02-11T18:00:00-03:00,2016-02-11T22:00:00Z,2016-02-11T19:00:00-03:00
16.87,,,False,2,pm25,µg/m³,,raw,01:00:00,2016-02-11T23:00:00Z,2016-02-11T20:00:00-03:00,2016-02-12T00:00:00Z,2016-02-11T21:00:00-03:00,1,01:00:00,1,01:00:00,100.0,100.0,2016-02-11T23:00:00Z,2016-02-11T20:00:00-03:00,2016-02-12T00:00:00Z,2016-02-11T21:00:00-03:00
17.32,,,False,2,pm25,µg/m³,,raw,01:00:00,2016-02-12T00:00:00Z,2016-02-11T21:00:00-03:00,2016-02-12T01:00:00Z,2016-02-11T22:00:00-03:00,1,01:00:00,1,01:00:00,100.0,100.0,2016-02-12T00:00:00Z,2016-02-11T21:00:00-03:00,2016-02-12T01:00:00Z,2016-02-11T22:00:00-03:00
9.45,,,False,2,pm25,µg/m³,,raw,01:00:00,2016-02-12T01:00:00Z,2016-02-11T22:00:00-03:00,2016-02-12T02:00:00Z,2016-02-11T23:00:00-03:00,1,01:00:00,1,01:00:00,100.0,100.0,2016-02-12T01:00:00Z,2016-02-11T22:00:00-03:00,2016-02-12T02:00:00Z,2016-02-11T23:00:00-03:00
9.45,,,False,2,pm25,µg/m³,,raw,01:00:00,2016-02-12T02:00:00Z,2016-02-11T23:00:00-03:00,2016-02-12T03:00:00Z,2016-02-12T00:00:00-03:00,1,01:00:00,1,01:00:00,100.0,100.0,2016-02-12T02:00:00Z,2016-02-11T23:00:00-03:00,2016-02-12T03:00:00Z,2016-02-12T00:00:00-03:00
7.943,,,False,2,pm25,µg/m³,,raw,01:00:00,2016-02-12T03:00:00Z,2016-02-12T00:00:00-03:00,2016-02-12T04:00:00Z,2016-02-12T01:00:00-03:00,1,01:00:00,1,01:00:00,100.0,100.0,2016-02-12T03:00:00Z,2016-02-12T00:00:00-03:00,2016-02-12T04:00:00Z,2016-02-12T01:00:00-03:00
9.45,,,False,2,pm25,µg/m³,,raw,01:00:00,2016-02-12T04:00:00Z,2016-02-12T01:00:00-03:00,2016-02-12T05:00:00Z,2016-02-12T02:00:00-03:00,1,01:00:00,1,01:00:00,100.0,100.0,2016-02-12T04:00:00Z,2016-02-12T01:00:00-03:00,2016-02-12T05:00:00Z,2016-02-12T02:00:00-03:00
10.8,,,False,2,pm25,µg/m³,,raw,01:00:00,2016-02-12T05:00:00Z,2016-02-12T02:00:00-03:00,2016-02-12T06:00:00Z,2016-02-12T03:00:00-03:00,1,01:00:00,1,01:00:00,100.0,100.0,2016-02-12T05:00:00Z,2016-02-12T02:00:00-03:00,2016-02-12T06:00:00Z,2016-02-12T03:00:00-03:00
7.984,,,False,2,pm25,µg/m³,,raw,01:00:00,2016-02-12T06:00:00Z,2016-02-12T03:00:00-03:00,2016-02-12T07:00:00Z,2016-02-12T04:00:00-03:00,1,01:00:00,1,01:00:00,100.0,100.0,2016-02-12T06:00:00Z,2016-02-12T03:00:00-03:00,2016-02-12T07:00:00Z,2016-02-12T04:00:00-03:00
6.753,,,False,2,pm25,µg/m³,,raw,01:00:00,2016-02-12T07:00:00Z,2016-02-12T04:00:00-03:00,2016-02-12T08:00:00Z,2016-02-12T05:00:00-03:00,1,01:00:00,1,01:00:00,100.0,100.0,2016-02-12T07:00:00Z,2016-02-12T04:00:00-03:00,2016-02-12T08:00:00Z,2016-02-12T05:00:00-03:00
10.8,,,False,2,pm25,µg/m³,,raw,01:00:00,2016-02-12T08:00:00Z,2016-02-12T05:00:00-03:00,2016-02-12T09:00:00Z,2016-02-12T06:00:00-03:00,1,01:00:00,1,01:00:00,100.0,100.0,2016-02-12T08:00:00Z,2016-02-12T05:00:00-03:00,2016-02-12T09:00:00Z,2016-02-12T06:00:00-03:00
10.8,,,False,2,pm25,µg/m³,,raw,01:00:00,2016-02-12T09:00:00Z,2016-02-12T06:00:00-03:00,2016-02-12T10:00:00Z,2016-02-12T07:00:00-03:00,1,01:00:00,1,01:00:00,100.0,100.0,2016-02-12T09:00:00Z,2016-02-12T06:00:00-03:00,2016-02-12T10:00:00Z,2016-02-12T07:00:00-03:00
11.48,,,False,2,pm25,µg/m³,,raw,01:00:00,2016-02-12T10:00:00Z,2016-02-12T07:00:00-03:00,2016-02-12T11:00:00Z,2016-02-12T08:00:00-03:00,1,01:00:00,1,01:00:00,100.0,100.0,2016-02-12T10:00:00Z,2016-02-12T07:00:00-03:00,2016-02-12T11:00:00Z,2016-02-12T08:00:00-03:00
14.18,,,False,2,pm25,µg/m³,,raw,01:00:00,2016-02-12T11:00:00Z,2016-02-12T08:00:00-03:00,2016-02-12T12:00:00Z,2016-02-12T09:00:00-03:00,1,01:00:00,1,01:00:00,100.0,100.0,2016-02-12T11:00:00Z,2016-02-12T08:00:00-03:00,2016-02-12T12:00:00Z,2016-02-12T09:00:00-03:00
12.83,,,False,2,pm25,µg/m³,,raw,01:00:00,2016-02-12T13:00:00Z,2016-02-12T10:00:00-03:00,2016-02-12T14:00:00Z,2016-02-12T11:00:00-03:00,1,01:00:00,1,01:00:00,100.0,100.0,2016-02-12T13:00:00Z,2016-02-12T10:00:00-03:00,2016-02-12T14:00:00Z,2016-02-12T11:00:00-03:00
12.83,,,False,2,pm25,µg/m³,,raw,01:00:00,2016-02-12T14:00:00Z,2016-02-12T11:00:00-03:00,2016-02-12T15:00:00Z,2016-02-12T12:00:00-03:00,1,01:00:00,1,01:00:00,100.0,100.0,2016-02-12T14:00:00Z,2016-02-12T11:00:00-03:00,2016-02-12T15:00:00Z,2016-02-12T12:00:00-03:00
16.2,,,False,2,pm25,µg/m³,,raw,01:00:00,2016-02-12T15:00:00Z,2016-02-12T12:00:00-03:00,2016-02-12T16:00:00Z,2016-02-12T13:00:00-03:00,1,01:00:00,1,01:00:00,100.0,100.0,2016-02-12T15:00:00Z,2016-02-12T12:00:00-03:00,2016-02-12T16:00:00Z,2016-02-12T13:00:00-03:00
12.18,,,False,2,pm25,µg/m³,,raw,01:00:00,2016-02-12T16:00:00Z,2016-02-12T13:00:00-03:00,2016-02-12T17:00:00Z,2016-02-12T14:00:00-03:00,1,01:00:00,1,01:00:00,100.0,100.0,2016-02-12T16:00:00Z,2016-02-12T13:00:00-03:00,2016-02-12T17:00:00Z,2016-02-12T14:00:00-03:00
10.8,,,False,2,pm25,µg/m³,,raw,01:00:00,2016-02-12T17:00:00Z,2016-02-12T14:00:00-03:00,2016-02-12T18:00:00Z,2016-02-12T15:00:00-03:00,1,01:00:00,1,01:00:00,100.0,100.0,2016-02-12T17:00:00Z,2016-02-12T14:00:00-03:00,2016-02-12T18:00:00Z,2016-02-12T15:00:00-03:00
10.13,,,False,2,pm25,µg/m³,,raw,01:00:00,2016-02-12T18:00:00Z,2016-02-12T15:00:00-03:00,2016-02-12T19:00:00Z,2016-02-12T16:00:00-03:00,1,01:00:00,1,01:00:00,100.0,100.0,2016-02-12T18:00:00Z,2016-02-12T15:00:00-03:00,2016-02-12T19:00:00Z,2016-02-12T16:00:00-03:00
14.17,,,False,2,pm25,µg/m³,,raw,01:00:00,2016-02-12T19:00:00Z,2016-02-12T16:00:00-03:00,2016-02-12T20:00:00Z,2016-02-12T17:00:00-03:00,1,01:00:00,1,01:00:00,100.0,100.0,2016-02-12T19:00:00Z,2016-02-12T16:00:00-03:00,2016-02-12T20:00:00Z,2016-02-12T17:00:00-03:00
16.2,,,False,2,pm25,µg/m³,,raw,01:00:00,2016-02-12T21:00:00Z,2016-02-12T18:00:00-03:00,2016-02-12T22:00:00Z,2016-02-12T19:00:00-03:00,1,01:00:00,1,01:00:00,100.0,100.0,2016-02-12T21:00:00Z,2016-02-12T18:00:00-03:00,2016-02-12T22:00:00Z,2016-02-12T19:00:00-03:00
16.2,,,False,2,pm25,µg/m³,,raw,01:00:00,2016-02-12T22:00:00Z,2016-02-12T19:00:00-03:00,2016-02-12T23:00:00Z,2016-02-12T20:00:00-03:00,1,01:00:00,1,01:00:00,100.0,100.0,2016-02-12T22:00:00Z,2016-02-12T19:00:00-03:00,2016-02-12T23:00:00Z,2016-02-12T20:00:00-03:00
14.85,,,False,2,pm25,µg/m³,,raw,01:00:00,2016-02-12T23:00:00Z,2016-02-12T20:00:00-03:00,2016-02-13T00:00:00Z,2016-02-12T21:00:00-03:00,1,01:00:00,1,01:00:00,100.0,100.0,2016-02-12T23:00:00Z,2016-02-12T20:00:00-03:00,2016-02-13T00:00:00Z,2016-02-12T21:00:00-03:00
5.4,,,False,2,pm25,µg/m³,,raw,01:00:00,2016-02-13T01:00:00Z,2016-02-12T22:00:00-03:00,2016-02-13T02:00:00Z,2016-02-12T23:00:00-03:00,1,01:00:00,1,01:00:00,100.0,100.0,2016-02-13T01:00:00Z,2016-02-12T22:00:00-03:00,2016-02-13T02:00:00Z,2016-02-12T23:00:00-03:00
4.727,,,False,2,pm25,µg/m³,,raw,01:00:00,2016-02-13T02:00:00Z,2016-02-12T23:00:00-03:00,2016-02-13T03:00:00Z,2016-02-13T00:00:00-03:00,1,01:00:00,1,01:00:00,100.0,100.0,2016-02-13T02:00:00Z,2016-02-12T23:00:00-03:00,2016-02-13T03:00:00Z,2016-02-13T00:00:00-03:00
3.376,,,False,2,pm25,µg/m³,,raw,01:00:00,2016-02-13T03:00:00Z,2016-02-13T00:00:00-03:00,2016-02-13T04:00:00Z,2016-02-13T01:00:00-03:00,1,01:00:00,1,01:00:00,100.0,100.0,2016-02-13T03:00:00Z,2016-02-13T00:00:00-03:00,2016-02-13T04:00:00Z,2016-02-13T01:00:00-03:00
6.847,,,False,2,pm25,µg/m³,,raw,01:00:00,2016-02-13T04:00:00Z,2016-02-13T01:00:00-03:00,2016-02-13T05:00:00Z,2016-02-13T02:00:00-03:00,1,01:00:00,1,01:00:00,100.0,100.0,2016-02-13T04:00:00Z,2016-02-13T01:00:00-03:00,2016-02-13T05:00:00Z,2016-02-13T02:00:00-03:00
4.53,,,False,2,pm25,µg/m³,,raw,01:00:00,2016-02-13T05:00:00Z,2016-02-13T02:00:00-03:00,2016-02-13T06:00:00Z,2016-02-13T03:00:00-03:00,1,01:00:00,1,01:00:00,100.0,100.0,2016-02-13T05:00:00Z,2016-02-13T02:00:00-03:00,2016-02-13T06:00:00Z,2016-02-13T03:00:00-03:00
3.376,,,False,2,pm25,µg/m³,,raw,01:00:00,2016-02-13T06:00:00Z,2016-02-13T03:00:00-03:00,2016-02-13T07:00:00Z,2016-02-13T04:00:00-03:00,1,01:00:00,1,01:00:00,100.0,100.0,2016-02-13T06:00:00Z,2016-02-13T03:00:00-03:00,2016-02-13T07:00:00Z,2016-02-13T04:00:00-03:00
4.052,,,False,2,pm25,µg/m³,,raw,01:00:00,2016-02-13T07:00:00Z,2016-02-13T04:00:00-03:00,2016-02-13T08:00:00Z,2016-02-13T05:00:00-03:00,1,01:00:00,1,01:00:00,100.0,100.0,2016-02-13T07:00:00Z,2016-02-13T04:00:00-03:00,2016-02-13T08:00:00Z,2016-02-13T05:00:00-03:00
4.052,,,False,2,pm25,µg/m³,,raw,01:00:00,2016-02-13T08:00:00Z,2016-02-13T05:00:00-03:00,2016-02-13T09:00:00Z,2016-02-13T06:00:00-03:00,1,01:00:00,1,01:00:00,100.0,100.0,2016-02-13T08:00:00Z,2016-02-13T05:00:00-03:00,2016-02-13T09:00:00Z,2016-02-13T06:00:00-03:00
7.797,,,False,2,pm25,µg/m³,,raw,01:00:00,2016-02-13T09:00:00Z,2016-02-13T06:00:00-03:00,2016-02-13T10:00:00Z,2016-02-13T07:00:00-03:00,1,01:00:00,1,01:00:00,100.0,100.0,2016-02-13T09:00:00Z,2016-02-13T06:00:00-03:00,2016-02-13T10:00:00Z,2016-02-13T07:00:00-03:00
6.753,,,False,2,pm25,µg/m³,,raw,01:00:00,2016-02-13T10:00:00Z,2016-02-13T07:00:00-03:00,2016-02-13T11:00:00Z,2016-02-13T08:00:00-03:00,1,01:00:00,1,01:00:00,100.0,100.0,2016-02-13T10:00:00Z,2016-02-13T07:00:00-03:00,2016-02-13T11:00:00Z,2016-02-13T08:00:00-03:00
6.084,,,False,2,pm25,µg/m³,,raw,01:00:00,2016-02-13T11:00:00Z,2016-02-13T08:00:00-03:00,2016-02-13T12:00:00Z,2016-02-13T09:00:00-03:00,1,01:00:00,1,01:00:00,100.0,100.0,2016-02-13T11:00:00Z,2016-02-13T08:00:00-03:00,2016-02-13T12:00:00Z,2016-02-13T09:00:00-03:00
8.78,,,False,2,pm25,µg/m³,,raw,01:00:00,2016-02-13T12:00:00Z,2016-02-13T09:00:00-03:00,2016-02-13T13:00:00Z,2016-02-13T10:00:00-03:00,1,01:00:00,1,01:00:00,100.0,100.0,2016-02-13T12:00:00Z,2016-02-13T09:00:00-03:00,2016-02-13T13:00:00Z,2016-02-13T10:00:00-03:00
12.83,,,False,2,pm25,µg/m³,,raw,01:00:00,2016-02-13T13:00:00Z,2016-02-13T10:00:00-03:00,2016-02-13T14:00:00Z,2016-02-13T11:00:00-03:00,1,01:00:00,1,01:00:00,100.0,100.0,2016-02-13T13:00:00Z,2016-02-13T10:00:00-03:00,2016-02-13T14:00:00Z,2016-02-13T11:00:00-03:00
11.48,,,False,2,pm25,µg/m³,,raw,01:00:00,2016-02-13T14:00:00Z,2016-02-13T11:00:00-03:00,2016-02-13T15:00:00Z,2016-02-13T12:00:00-03:00,1,01:00:00,1,01:00:00,100.0,100.0,2016-02-13T14:00:00Z,2016-02-13T11:00:00-03:00,2016-02-13T15:00:00Z,2016-02-13T12:00:00-03:00
6.75,,,False,2,pm25,µg/m³,,raw,01:00:00,2016-02-13T15:00:00Z,2016-02-13T12:00:00-03:00,2016-02-13T16:00:00Z,2016-02-13T13:00:00-03:00,1,01:00:00,1,01:00:00,100.0,100.0,2016-02-13T15:00:00Z,2016-02-13T12:00:00-03:00,2016-02-13T16:00:00Z,2016-02-13T13:00:00-03:00
4.725,,,False,2,pm25,µg/m³,,raw,01:00:00,2016-02-13T16:00:00Z,2016-02-13T13:00:00-03:00,2016-02-13T17:00:00Z,2016-02-13T14:00:00-03:00,1,01:00:00,1,01:00:00,100.0,100.0,2016-02-13T16:00:00Z,2016-02-13T13:00:00-03:00,2016-02-13T17:00:00Z,2016-02-13T14:00:00-03:00
5.4,,,False,2,pm25,µg/m³,,raw,01:00:00,2016-02-13T19:00:00Z,2016-02-13T16:00:00-03:00,2016-02-13T20:00:00Z,2016-02-13T17:00:00-03:00,1,01:00:00,1,01:00:00,100.0,100.0,2016-02-13T19:00:00Z,2016-02-13T16:00:00-03:00,2016-02-13T20:00:00Z,2016-02-13T17:00:00-03:00
5.4,,,False,2,pm25,µg/m³,,raw,01:00:00,2016-02-13T20:00:00Z,2016-02-13T17:00:00-03:00,2016-02-13T21:00:00Z,2016-02-13T18:00:00-03:00,1,01:00:00,1,01:00:00,100.0,100.0,2016-02-13T20:00:00Z,2016-02-13T17:00:00-03:00,2016-02-13T21:00:00Z,2016-02-13T18:00:00-03:00
6.768,,,False,2,pm25,µg/m³,,raw,01:00:00,2016-02-13T21:00:00Z,2016-02-13T18:00:00-03:00,2016-02-13T22:00:00Z,2016-02-13T19:00:00-03:00,1,01:00:00,1,01:00:00,100.0,100.0,2016-02-13T21:00:00Z,2016-02-13T18:00:00-03:00,2016-02-13T22:00:00Z,2016-02-13T19:00:00-03:00
4.05,,,False,2,pm25,µg/m³,,raw,01:00:00,2016-02-13T22:00:00Z,2016-02-13T19:00:00-03:00,2016-02-13T23:00:00Z,2016-02-13T20:00:00-03:00,1,01:00:00,1,01:00:00,100.0,100.0,2016-02-13T22:00:00Z,2016-02-13T19:00:00-03:00,2016-02-13T23:00:00Z,2016-02-13T20:00:00-03:00
12.83,,,False,2,pm25,µg/m³,,raw,01:00:00,2016-02-13T23:00:00Z,2016-02-13T20:00:00-03:00,2016-02-14T00:00:00Z,2016-02-13T21:00:00-03:00,1,01:00:00,1,01:00:00,100.0,100.0,2016-02-13T23:00:00Z,2016-02-13T20:00:00-03:00,2016-02-14T00:00:00Z,2016-02-13T21:00:00-03:00
10.63,,,False,2,pm25,µg/m³,,raw,01:00:00,2016-02-14T00:00:00Z,2016-02-13T21:00:00-03:00,2016-02-14T01:00:00Z,2016-02-13T22:00:00-03:00,1,01:00:00,1,01:00:00,100.0,100.0,2016-02-14T00:00:00Z,2016-02-13T21:00:00-03:00,2016-02-14T01:00:00Z,2016-02-13T22:00:00-03:00
16.31,,,False,2,pm25,µg/m³,,raw,01:00:00,2016-02-14T01:00:00Z,2016-02-13T22:00:00-03:00,2016-02-14T02:00:00Z,2016-02-13T23:00:00-03:00,1,01:00:00,1,01:00:00,100.0,100.0,2016-02-14T01:00:00Z,2016-02-13T22:00:00-03:00,2016-02-14T02:00:00Z,2016-02-13T23:00:00-03:00
11.48,,,False,2,pm25,µg/m³,,raw,01:00:00,2016-02-14T03:00:00Z,2016-02-14T00:00:00-03:00,2016-02-14T04:00:00Z,2016-02-14T01:00:00-03:00,1,01:00:00,1,01:00:00,100.0,100.0,2016-02-14T03:00:00Z,2016-02-14T00:00:00-03:00,2016-02-14T04:00:00Z,2016-02-14T01:00:00-03:00
10.13,,,False,2,pm25,µg/m³,,raw,01:00:00,2016-02-14T04:00:00Z,2016-02-14T01:00:00-03:00,2016-02-14T05:00:00Z,2016-02-14T02:00:00-03:00,1,01:00:00,1,01:00:00,100.0,100.0,2016-02-14T04:00:00Z,2016-02-14T01:00:00-03:00,2016-02-14T05:00:00Z,2016-02-14T02:00:00-03:00
8.1,,,False,2,pm25,µg/m³,,raw,01:00:00,2016-02-14T05:00:00Z,2016-02-14T02:00:00-03:00,2016-02-14T06:00:00Z,2016-02-14T03:00:00-03:00,1,01:00:00,1,01:00:00,100.0,100.0,2016-02-14T05:00:00Z,2016-02-14T02:00:00-03:00,2016-02-14T06:00:00Z,2016-02-14T03:00:00-03:00
7.88,,,False,2,pm25,µg/m³,,raw,01:00:00,2016-02-14T06:00:00Z,2016-02-14T03:00:00-03:00,2016-02-14T07:00:00Z,2016-02-14T04:00:00-03:00,1,01:00:00,1,01:00:00,100.0,100.0,2016-02-14T06:00:00Z,2016-02-14T03:00:00-03:00,2016-02-14T07:00:00Z,2016-02-14T04:00:00-03:00
6.077,,,False,2,pm25,µg/m³,,raw,01:00:00,2016-02-14T07:00:00Z,2016-02-14T04:00:00-03:00,2016-02-14T08:00:00Z,2016-02-14T05:00:00-03:00,1,01:00:00,1,01:00:00,100.0,100.0,2016-02-14T07:00:00Z,2016-02-14T04:00:00-03:00,2016-02-14T08:00:00Z,2016-02-14T05:00:00-03:00
7.428,,,False,2,pm25,µg/m³,,raw,01:00:00,2016-02-14T08:00:00Z,2016-02-14T05:00:00-03:00,2016-02-14T09:00:00Z,2016-02-14T06:00:00-03:00,1,01:00:00,1,01:00:00,100.0,100.0,2016-02-14T08:00:00Z,2016-02-14T05:00:00-03:00,2016-02-14T09:00:00Z,2016-02-14T06:00:00-03:00
9.45,,,False,2,pm25,µg/m³,,raw,01:00:00,2016-02-14T09:00:00Z,2016-02-14T06:00:00-03:00,2016-02-14T10:00:00Z,2016-02-14T07:00:00-03:00,1,01:00:00,1,01:00:00,100.0,100.0,2016-02-14T09:00:00Z,2016-02-14T06:00:00-03:00,2016-02-14T10:00:00Z,2016-02-14T07:00:00-03:00
8.78,,,False,2,pm25,µg/m³,,raw,01:00:00,2016-02-14T10:00:00Z,2016-02-14T07:00:00-03:00,2016-02-14T11:00:00Z,2016-02-14T08:00:00-03:00,1,01:00:00,1,01:00:00,100.0,100.0,2016-02-14T10:00:00Z,2016-02-14T07:00:00-03:00,2016-02-14T11:00:00Z,2016-02-14T08:00:00-03:00
5.404,,,False,2,pm25,µg/m³,,raw,01:00:00,2016-02-14T11:00:00Z,2016-02-14T08:00:00-03:00,2016-02-14T12:00:00Z,2016-02-14T09:00:00-03:00,1,01:00:00,1,01:00:00,100.0,100.0,2016-02-14T11:00:00Z,2016-02-14T08:00:00-03:00,2016-02-14T12:00:00Z,2016-02-14T09:00:00-03:00
8.78,,,False,2,pm25,µg/m³,,raw,01:00:00,2016-02-14T12:00:00Z,2016-02-14T09:00:00-03:00,2016-02-14T13:00:00Z,2016-02-14T10:00:00-03:00,1,01:00:00,1,01:00:00,100.0,100.0,2016-02-14T12:00:00Z,2016-02-14T09:00:00-03:00,2016-02-14T13:00:00Z,2016-02-14T10:00:00-03:00
6.753,,,False,2,pm25,µg/m³,,raw,01:00:00,2016-02-14T13:00:00Z,2016-02-14T10:00:00-03:00,2016-02-14T14:00:00Z,2016-02-14T11:00:00-03:00,1,01:00:00,1,01:00:00,100.0,100.0,2016-02-14T13:00:00Z,2016-02-14T10:00:00-03:00,2016-02-14T14:00:00Z,2016-02-14T11:00:00-03:00
4.726,,,False,2,pm25,µg/m³,,raw,01:00:00,2016-02-14T14:00:00Z,2016-02-14T11:00:00-03:00,2016-02-14T15:00:00Z,2016-02-14T12:00:00-03:00,1,01:00:00,1,01:00:00,100.0,100.0,2016-02-14T14:00:00Z,2016-02-14T11:00:00-03:00,2016-02-14T15:00:00Z,2016-02-14T12:00:00-03:00
4.725,,,False,2,pm25,µg/m³,,raw,01:00:00,2016-02-14T15:00:00Z,2016-02-14T12:00:00-03:00,2016-02-14T16:00:00Z,2016-02-14T13:00:00-03:00,1,01:00:00,1,01:00:00,100.0,100.0,2016-02-14T15:00:00Z,2016-02-14T12:00:00-03:00,2016-02-14T16:00:00Z,2016-02-14T13:00:00-03:00
4.725,,,False,2,pm25,µg/m³,,raw,01:00:00,2016-02-14T16:00:00Z,2016-02-14T13:00:00-03:00,2016-02-14T17:00:00Z,2016-02-14T14:00:00-03:00,1,01:00:00,1,01:00:00,100.0,100.0,2016-02-14T16:00:00Z,2016-02-14T13:00:00-03:00,2016-02-14T17:00:00Z,2016-02-14T14:00:00-03:00
8.75,,,False,2,pm25,µg/m³,,raw,01:00:00,2016-02-14T17:00:00Z,2016-02-14T14:00:00-03:00,2016-02-14T18:00:00Z,2016-02-14T15:00:00-03:00,1,01:00:00,1,01:00:00,100.0,100.0,2016-02-14T17:00:00Z,2016-02-14T14:00:00-03:00,2016-02-14T18:00:00Z,2016-02-14T15:00:00-03:00
4.725,,,False,2,pm25,µg/m³,,raw,01:00:00,2016-02-14T18:00:00Z,2016-02-14T15:00:00-03:00,2016-02-14T19:00:00Z,2016-02-14T16:00:00-03:00,1,01:00:00,1,01:00:00,100.0,100.0,2016-02-14T18:00:00Z,2016-02-14T15:00:00-03:00,2016-02-14T19:00:00Z,2016-02-14T16:00:00-03:00
4.05,,,False,2,pm25,µg/m³,,raw,01:00:00,2016-02-14T19:00:00Z,2016-02-14T16:00:00-03:00,2016-02-14T20:00:00Z,2016-02-14T17:00:00-03:00,1,01:00:00,1,01:00:00,100.0,100.0,2016-02-14T19:00:00Z,2016-02-14T16:00:00-03:00,2016-02-14T20:00:00Z,2016-02-14T17:00:00-03:00
6.075,,,False,2,pm25,µg/m³,,raw,01:00:00,2016-02-14T20:00:00Z,2016-02-14T17:00:00-03:00,2016-02-14T21:00:00Z,2016-02-14T18:00:00-03:00,1,01:00:00,1,01:00:00,100.0,100.0,2016-02-14T20:00:00Z,2016-02-14T17:00:00-03:00,2016-02-14T21:00:00Z,2016-02-14T18:00:00-03:00
6.066,,,False,2,pm25,µg/m³,,raw,01:00:00,2016-02-14T21:00:00Z,2016-02-14T18:00:00-03:00,2016-02-14T22:00:00Z,2016-02-14T19:00:00-03:00,1,01:00:00,1,01:00:00,100.0,100.0,2016-02-14T21:00:00Z,2016-02-14T18:00:00-03:00,2016-02-14T22:00:00Z,2016-02-14T19:00:00-03:00
6.075,,,False,2,pm25,µg/m³,,raw,01:00:00,2016-02-14T22:00:00Z,2016-02-14T19:00:00-03:00,2016-02-14T23:00:00Z,2016-02-14T20:00:00-03:00,1,01:00:00,1,01:00:00,100.0,100.0,2016-02-14T22:00:00Z,2016-02-14T19:00:00-03:00,2016-02-14T23:00:00Z,2016-02-14T20:00:00-03:00
8.77,,,False,2,pm25,µg/m³,,raw,01:00:00,2016-02-14T23:00:00Z,2016-02-14T20:00:00-03:00,2016-02-15T00:00:00Z,2016-02-14T21:00:00-03:00,1,01:00:00,1,01:00:00,100.0,100.0,2016-02-14T23:00:00Z,2016-02-14T20:00:00-03:00,2016-02-15T00:00:00Z,2016-02-14T21:00:00-03:00
6.753,,,False,2,pm25,µg/m³,,raw,01:00:00,2016-02-15T00:00:00Z,2016-02-14T21:00:00-03:00,2016-02-15T01:00:00Z,2016-02-14T22:00:00-03:00,1,01:00:00,1,01:00:00,100.0,100.0,2016-02-15T00:00:00Z,2016-02-14T21:00:00-03:00,2016-02-15T01:00:00Z,2016-02-14T22:00:00-03:00
9.45,,,False,2,pm25,µg/m³,,raw,01:00:00,2016-02-15T01:00:00Z,2016-02-14T22:00:00-03:00,2016-02-15T02:00:00Z,2016-02-14T23:00:00-03:00,1,01:00:00,1,01:00:00,100.0,100.0,2016-02-15T01:00:00Z,2016-02-14T22:00:00-03:00,2016-02-15T02:00:00Z,2016-02-14T23:00:00-03:00
9.44,,,False,2,pm25,µg/m³,,raw,01:00:00,2016-02-15T02:00:00Z,2016-02-14T23:00:00-03:00,2016-02-15T03:00:00Z,2016-02-15T00:00:00-03:00,1,01:00:00,1,01:00:00,100.0,100.0,2016-02-15T02:00:00Z,2016-02-14T23:00:00-03:00,2016-02-15T03:00:00Z,2016-02-15T00:00:00-03:00
8.78,,,False,2,pm25,µg/m³,,raw,01:00:00,2016-02-15T03:00:00Z,2016-02-15T00:00:00-03:00,2016-02-15T04:00:00Z,2016-02-15T01:00:00-03:00,1,01:00:00,1,01:00:00,100.0,100.0,2016-02-15T03:00:00Z,2016-02-15T00:00:00-03:00,2016-02-15T04:00:00Z,2016-02-15T01:00:00-03:00
10.13,,,False,2,pm25,µg/m³,,raw,01:00:00,2016-02-15T04:00:00Z,2016-02-15T01:00:00-03:00,2016-02-15T05:00:00Z,2016-02-15T02:00:00-03:00,1,01:00:00,1,01:00:00,100.0,100.0,2016-02-15T04:00:00Z,2016-02-15T01:00:00-03:00,2016-02-15T05:00:00Z,2016-02-15T02:00:00-03:00
10.8,,,False,2,pm25,µg/m³,,raw,01:00:00,2016-02-15T05:00:00Z,2016-02-15T02:00:00-03:00,2016-02-15T06:00:00Z,2016-02-15T03:00:00-03:00,1,01:00:00,1,01:00:00,100.0,100.0,2016-02-15T05:00:00Z,2016-02-15T02:00:00-03:00,2016-02-15T06:00:00Z,2016-02-15T03:00:00-03:00
9.45,,,False,2,pm25,µg/m³,,raw,01:00:00,2016-02-15T06:00:00Z,2016-02-15T03:00:00-03:00,2016-02-15T07:00:00Z,2016-02-15T04:00:00-03:00,1,01:00:00,1,01:00:00,100.0,100.0,2016-02-15T06:00:00Z,2016-02-15T03:00:00-03:00,2016-02-15T07:00:00Z,2016-02-15T04:00:00-03:00
8.78,,,False,2,pm25,µg/m³,,raw,01:00:00,2016-02-15T07:00:00Z,2016-02-15T04:00:00-03:00,2016-02-15T08:00:00Z,2016-02-15T05:00:00-03:00,1,01:00:00,1,01:00:00,100.0,100.0,2016-02-15T07:00:00Z,2016-02-15T04:00:00-03:00,2016-02-15T08:00:00Z,2016-02-15T05:00:00-03:00
7.428,,,False,2,pm25,µg/m³,,raw,01:00:00,2016-02-15T08:00:00Z,2016-02-15T05:00:00-03:00,2016-02-15T09:00:00Z,2016-02-15T06:00:00-03:00,1,01:00:00,1,01:00:00,100.0,100.0,2016-02-15T08:00:00Z,2016-02-15T05:00:00-03:00,2016-02-15T09:00:00Z,2016-02-15T06:00:00-03:00
6.753,,,False,2,pm25,µg/m³,,raw,01:00:00,2016-02-15T09:00:00Z,2016-02-15T06:00:00-03:00,2016-02-15T10:00:00Z,2016-02-15T07:00:00-03:00,1,01:00:00,1,01:00:00,100.0,100.0,2016-02-15T09:00:00Z,2016-02-15T06:00:00-03:00,2016-02-15T10:00:00Z,2016-02-15T07:00:00-03:00
4.564,,,False,2,pm25,µg/m³,,raw,01:00:00,2016-02-15T10:00:00Z,2016-02-15T07:00:00-03:00,2016-02-15T11:00:00Z,2016-02-15T08:00:00-03:00,1,01:00:00,1,01:00:00,100.0,100.0,2016-02-15T10:00:00Z,2016-02-15T07:00:00-03:00,2016-02-15T11:00:00Z,2016-02-15T08:00:00-03:00
8.1,,,False,2,pm25,µg/m³,,raw,01:00:00,2016-02-15T11:00:00Z,2016-02-15T08:00:00-03:00,2016-02-15T12:00:00Z,2016-02-15T09:00:00-03:00,1,01:00:00,1,01:00:00,100.0,100.0,2016-02-15T11:00:00Z,2016-02-15T08:00:00-03:00,2016-02-15T12:00:00Z,2016-02-15T09:00:00-03:00
6.753,,,False,2,pm25,µg/m³,,raw,01:00:00,2016-02-15T12:00:00Z,2016-02-15T09:00:00-03:00,2016-02-15T13:00:00Z,2016-02-15T10:00:00-03:00,1,01:00:00,1,01:00:00,100.0,100.0,2016-02-15T12:00:00Z,2016-02-15T09:00:00-03:00,2016-02-15T13:00:00Z,2016-02-15T10:00:00-03:00
15.56,,,False,2,pm25,µg/m³,,raw,01:00:00,2016-02-15T13:00:00Z,2016-02-15T10:00:00-03:00,2016-02-15T14:00:00Z,2016-02-15T11:00:00-03:00,1,01:00:00,1,01:00:00,100.0,100.0,2016-02-15T13:00:00Z,2016-02-15T10:00:00-03:00,2016-02-15T14:00:00Z,2016-02-15T11:00:00-03:00
8.78,,,False,2,pm25,µg/m³,,raw,01:00:00,2016-02-15T14:00:00Z,2016-02-15T11:00:00-03:00,2016-02-15T15:00:00Z,2016-02-15T12:00:00-03:00,1,01:00:00,1,01:00:00,100.0,100.0,2016-02-15T14:00:00Z,2016-02-15T11:00:00-03:00,2016-02-15T15:00:00Z,2016-02-15T12:00:00-03:00
9.45,,,False,2,pm25,µg/m³,,raw,01:00:00,2016-02-15T15:00:00Z,2016-02-15T12:00:00-03:00,2016-02-15T16:00:00Z,2016-02-15T13:00:00-03:00,1,01:00:00,1,01:00:00,100.0,100.0,2016-02-15T15:00:00Z,2016-02-15T12:00:00-03:00,2016-02-15T16:00:00Z,2016-02-15T13:00:00-03:00
5.4,,,False,2,pm25,µg/m³,,raw,01:00:00,2016-02-15T16:00:00Z,2016-02-15T13:00:00-03:00,2016-02-15T17:00:00Z,2016-02-15T14:00:00-03:00,1,01:00:00,1,01:00:00,100.0,100.0,2016-02-15T16:00:00Z,2016-02-15T13:00:00-03:00,2016-02-15T17:00:00Z,2016-02-15T14:00:00-03:00
7.424,,,False,2,pm25,µg/m³,,raw,01:00:00,2016-02-15T17:00:00Z,2016-02-15T14:00:00-03:00,2016-02-15T18:00:00Z,2016-02-15T15:00:00-03:00,1,01:00:00,1,01:00:00,100.0,100.0,2016-02-15T17:00:00Z,2016-02-15T14:00:00-03:00,2016-02-15T18:00:00Z,2016-02-15T15:00:00-03:00
6.071,,,False,2,pm25,µg/m³,,raw,01:00:00,2016-02-15T18:00:00Z,2016-02-15T15:00:00-03:00,2016-02-15T19:00:00Z,2016-02-15T16:00:00-03:00,1,01:00:00,1,01:00:00,100.0,100.0,2016-02-15T18:00:00Z,2016-02-15T15:00:00-03:00,2016-02-15T19:00:00Z,2016-02-15T16:00:00-03:00
3.372,,,False,2,pm25,µg/m³,,raw,01:00:00,2016-02-15T19:00:00Z,2016-02-15T16:00:00-03:00,2016-02-15T20:00:00Z,2016-02-15T17:00:00-03:00,1,01:00:00,1,01:00:00,100.0,100.0,2016-02-15T19:00:00Z,2016-02-15T16:00:00-03:00,2016-02-15T20:00:00Z,2016-02-15T17:00:00-03:00
4.932,,,False,2,pm25,µg/m³,,raw,01:00:00,2016-02-15T20:00:00Z,2016-02-15T17:00:00-03:00,2016-02-15T21:00:00Z,2016-02-15T18:00:00-03:00,1,01:00:00,1,01:00:00,100.0,100.0,2016-02-15T20:00:00Z,2016-02-15T17:00:00-03:00,2016-02-15T21:00:00Z,2016-02-15T18:00:00-03:00
5.394,,,False,2,pm25,µg/m³,,raw,01:00:00,2016-02-15T21:00:00Z,2016-02-15T18:00:00-03:00,2016-02-15T22:00:00Z,2016-02-15T19:00:00-03:00,1,01:00:00,1,01:00:00,100.0,100.0,2016-02-15T21:00:00Z,2016-02-15T18:00:00-03:00,2016-02-15T22:00:00Z,2016-02-15T19:00:00-03:00
6.744,,,False,2,pm25,µg/m³,,raw,01:00:00,2016-02-15T22:00:00Z,2016-02-15T19:00:00-03:00,2016-02-15T23:00:00Z,2016-02-15T20:00:00-03:00,1,01:00:00,1,01:00:00,100.0,100.0,2016-02-15T22:00:00Z,2016-02-15T19:00:00-03:00,2016-02-15T23:00:00Z,2016-02-15T20:00:00-03:00
12.82,,,False,2,pm25,µg/m³,,raw,01:00:00,2016-02-15T23:00:00Z,2016-02-15T20:00:00-03:00,2016-02-16T00:00:00Z,2016-02-15T21:00:00-03:00,1,01:00:00,1,01:00:00,100.0,100.0,2016-02-15T23:00:00Z,2016-02-15T20:00:00-03:00,2016-02-16T00:00:00Z,2016-02-15T21:00:00-03:00
10.12,,,False,2,pm25,µg/m³,,raw,01:00:00,2016-02-16T00:00:00Z,2016-02-15T21:00:00-03:00,2016-02-16T01:00:00Z,2016-02-15T22:00:00-03:00,1,01:00:00,1,01:00:00,100.0,100.0,2016-02-16T00:00:00Z,2016-02-15T21:00:00-03:00,2016-02-16T01:00:00Z,2016-02-15T22:00:00-03:00
14.84,,,False,2,pm25,µg/m³,,raw,01:00:00,2016-02-16T01:00:00Z,2016-02-15T22:00:00-03:00,2016-02-16T02:00:00Z,2016-02-15T23:00:00-03:00,1,01:00:00,1,01:00:00,100.0,100.0,2016-02-16T01:00:00Z,2016-02-15T22:00:00-03:00,2016-02-16T02:00:00Z,2016-02-15T23:00:00-03:00
6.791,,,False,2,pm25,µg/m³,,raw,01:00:00,2016-02-16T02:00:00Z,2016-02-15T23:00:00-03:00,2016-02-16T03:00:00Z,2016-02-16T00:00:00-03:00,1,01:00:00,1,01:00:00,100.0,100.0,2016-02-16T02:00:00Z,2016-02-15T23:00:00-03:00,2016-02-16T03:00:00Z,2016-02-16T00:00:00-03:00
15.53,,,False,2,pm25,µg/m³,,raw,01:00:00,2016-02-16T03:00:00Z,2016-02-16T00:00:00-03:00,2016-02-16T04:00:00Z,2016-02-16T01:00:00-03:00,1,01:00:00,1,01:00:00,100.0,100.0,2016-02-16T03:00:00Z,2016-02-16T00:00:00-03:00,2016-02-16T04:00:00Z,2016-02-16T01:00:00-03:00
12.83,,,False,2,pm25,µg/m³,,raw,01:00:00,2016-02-16T04:00:00Z,2016-02-16T01:00:00-03:00,2016-02-16T05:00:00Z,2016-02-16T02:00:00-03:00,1,01:00:00,1,01:00:00,100.0,100.0,2016-02-16T04:00:00Z,2016-02-16T01:00:00-03:00,2016-02-16T05:00:00Z,2016-02-16T02:00:00-03:00
7.428,,,False,2,pm25,µg/m³,,raw,01:00:00,2016-02-16T05:00:00Z,2016-02-16T02:00:00-03:00,2016-02-16T06:00:00Z,2016-02-16T03:00:00-03:00,1,01:00:00,1,01:00:00,100.0,100.0,2016-02-16T05:00:00Z,2016-02-16T02:00:00-03:00,2016-02-16T06:00:00Z,2016-02-16T03:00:00-03:00
6.077,,,False,2,pm25,µg/m³,,raw,01:00:00,2016-02-16T06:00:00Z,2016-02-16T03:00:00-03:00,2016-02-16T07:00:00Z,2016-02-16T04:00:00-03:00,1,01:00:00,1,01:00:00,100.0,100.0,2016-02-16T06:00:00Z,2016-02-16T03:00:00-03:00,2016-02-16T07:00:00Z,2016-02-16T04:00:00-03:00
6.753,,,False,2,pm25,µg/m³,,raw,01:00:00,2016-02-16T07:00:00Z,2016-02-16T04:00:00-03:00,2016-02-16T08:00:00Z,2016-02-16T05:00:00-03:00,1,01:00:00,1,01:00:00,100.0,100.0,2016-02-16T07:00:00Z,2016-02-16T04:00:00-03:00,2016-02-16T08:00:00Z,2016-02-16T05:00:00-03:00
6.888,,,False,2,pm25,µg/m³,,raw,01:00:00,2016-02-16T08:00:00Z,2016-02-16T05:00:00-03:00,2016-02-16T09:00:00Z,2016-02-16T06:00:00-03:00,1,01:00:00,1,01:00:00,100.0,100.0,2016-02-16T08:00:00Z,2016-02-16T05:00:00-03:00,2016-02-16T09:00:00Z,2016-02-16T06:00:00-03:00
13.51,,,False,2,pm25,µg/m³,,raw,01:00:00,2016-02-16T09:00:00Z,2016-02-16T06:00:00-03:00,2016-02-16T10:00:00Z,2016-02-16T07:00:00-03:00,1,01:00:00,1,01:00:00,100.0,100.0,2016-02-16T09:00:00Z,2016-02-16T06:00:00-03:00,2016-02-16T10:00:00Z,2016-02-16T07:00:00-03:00
14.18,,,False,2,pm25,µg/m³,,raw,01:00:00,2016-02-16T12:00:00Z,2016-02-16T09:00:00-03:00,2016-02-16T13:00:00Z,2016-02-16T10:00:00-03:00,1,01:00:00,1,01:00:00,100.0,100.0,2016-02-16T12:00:00Z,2016-02-16T09:00:00-03:00,2016-02-16T13:00:00Z,2016-02-16T10:00:00-03:00
5.402,,,False,2,pm25,µg/m³,,raw,01:00:00,2016-02-16T13:00:00Z,2016-02-16T10:00:00-03:00,2016-02-16T14:00:00Z,2016-02-16T11:00:00-03:00,1,01:00:00,1,01:00:00,100.0,100.0,2016-02-16T13:00:00Z,2016-02-16T10:00:00-03:00,2016-02-16T14:00:00Z,2016-02-16T11:00:00-03:00
8.78,,,False,2,pm25,µg/m³,,raw,01:00:00,2016-02-16T14:00:00Z,2016-02-16T11:00:00-03:00,2016-02-16T15:00:00Z,2016-02-16T12:00:00-03:00,1,01:00:00,1,01:00:00,100.0,100.0,2016-02-16T14:00:00Z,2016-02-16T11:00:00-03:00,2016-02-16T15:00:00Z,2016-02-16T12:00:00-03:00
5.397,,,False,2,pm25,µg/m³,,raw,01:00:00,2016-02-16T15:00:00Z,2016-02-16T12:00:00-03:00,2016-02-16T16:00:00Z,2016-02-16T13:00:00-03:00,1,01:00:00,1,01:00:00,100.0,100.0,2016-02-16T15:00:00Z,2016-02-16T12:00:00-03:00,2016-02-16T16:00:00Z,2016-02-16T13:00:00-03:00
5.4,,,False,2,pm25,µg/m³,,raw,01:00:00,2016-02-16T16:00:00Z,2016-02-16T13:00:00-03:00,2016-02-16T17:00:00Z,2016-02-16T14:00:00-03:00,1,01:00:00,1,01:00:00,100.0,100.0,2016-02-16T16:00:00Z,2016-02-16T13:00:00-03:00,2016-02-16T17:00:00Z,2016-02-16T14:00:00-03:00
5.4,,,False,2,pm25,µg/m³,,raw,01:00:00,2016-02-16T18:00:00Z,2016-02-16T15:00:00-03:00,2016-02-16T19:00:00Z,2016-02-16T16:00:00-03:00,1,01:00:00,1,01:00:00,100.0,100.0,2016-02-16T18:00:00Z,2016-02-16T15:00:00-03:00,2016-02-16T19:00:00Z,2016-02-16T16:00:00-03:00
4.05,,,False,2,pm25,µg/m³,,raw,01:00:00,2016-02-16T19:00:00Z,2016-02-16T16:00:00-03:00,2016-02-16T20:00:00Z,2016-02-16T17:00:00-03:00,1,01:00:00,1,01:00:00,100.0,100.0,2016-02-16T19:00:00Z,2016-02-16T16:00:00-03:00,2016-02-16T20:00:00Z,2016-02-16T17:00:00-03:00
3.375,,,False,2,pm25,µg/m³,,raw,01:00:00,2016-02-16T20:00:00Z,2016-02-16T17:00:00-03:00,2016-02-16T21:00:00Z,2016-02-16T18:00:00-03:00,1,01:00:00,1,01:00:00,100.0,100.0,2016-02-16T20:00:00Z,2016-02-16T17:00:00-03:00,2016-02-16T21:00:00Z,2016-02-16T18:00:00-03:00
3.673,,,False,2,pm25,µg/m³,,raw,01:00:00,2016-02-16T21:00:00Z,2016-02-16T18:00:00-03:00,2016-02-16T22:00:00Z,2016-02-16T19:00:00-03:00,1,01:00:00,1,01:00:00,100.0,100.0,2016-02-16T21:00:00Z,2016-02-16T18:00:00-03:00,2016-02-16T22:00:00Z,2016-02-16T19:00:00-03:00
6.75,,,False,2,pm25,µg/m³,,raw,01:00:00,2016-02-16T22:00:00Z,2016-02-16T19:00:00-03:00,2016-02-16T23:00:00Z,2016-02-16T20:00:00-03:00,1,01:00:00,1,01:00:00,100.0,100.0,2016-02-16T22:00:00Z,2016-02-16T19:00:00-03:00,2016-02-16T23:00:00Z,2016-02-16T20:00:00-03:00
10.59,,,False,2,pm25,µg/m³,,raw,01:00:00,2016-02-16T23:00:00Z,2016-02-16T20:00:00-03:00,2016-02-17T00:00:00Z,2016-02-16T21:00:00-03:00,1,01:00:00,1,01:00:00,100.0,100.0,2016-02-16T23:00:00Z,2016-02-16T20:00:00-03:00,2016-02-17T00:00:00Z,2016-02-16T21:00:00-03:00
8.1,,,False,2,pm25,µg/m³,,raw,01:00:00,2016-02-17T00:00:00Z,2016-02-16T21:00:00-03:00,2016-02-17T01:00:00Z,2016-02-16T22:00:00-03:00,1,01:00:00,1,01:00:00,100.0,100.0,2016-02-17T00:00:00Z,2016-02-16T21:00:00-03:00,2016-02-17T01:00:00Z,2016-02-16T22:00:00-03:00
9.57,,,False,2,pm25,µg/m³,,raw,01:00:00,2016-02-17T01:00:00Z,2016-02-16T22:00:00-03:00,2016-02-17T02:00:00Z,2016-02-16T23:00:00-03:00,1,01:00:00,1,01:00:00,100.0,100.0,2016-02-17T01:00:00Z,2016-02-16T22:00:00-03:00,2016-02-17T02:00:00Z,2016-02-16T23:00:00-03:00
13.5,,,False,2,pm25,µg/m³,,raw,01:00:00,2016-02-17T02:00:00Z,2016-02-16T23:00:00-03:00,2016-02-17T03:00:00Z,2016-02-17T00:00:00-03:00,1,01:00:00,1,01:00:00,100.0,100.0,2016-02-17T02:00:00Z,2016-02-16T23:00:00-03:00,2016-02-17T03:00:00Z,2016-02-17T00:00:00-03:00
14.18,,,False,2,pm25,µg/m³,,raw,01:00:00,2016-02-17T03:00:00Z,2016-02-17T00:00:00-03:00,2016-02-17T04:00:00Z,2016-02-17T01:00:00-03:00,1,01:00:00,1,01:00:00,100.0,100.0,2016-02-17T03:00:00Z,2016-02-17T00:00:00-03:00,2016-02-17T04:00:00Z,2016-02-17T01:00:00-03:00
23.63,,,False,2,pm25,µg/m³,,raw,01:00:00,2016-02-17T04:00:00Z,2016-02-17T01:00:00-03:00,2016-02-17T05:00:00Z,2016-02-17T02:00:00-03:00,1,01:00:00,1,01:00:00,100.0,100.0,2016-02-17T04:00:00Z,2016-02-17T01:00:00-03:00,2016-02-17T05:00:00Z,2016-02-17T02:00:00-03:00
11.48,,,False,2,pm25,µg/m³,,raw,01:00:00,2016-02-17T06:00:00Z,2016-02-17T03:00:00-03:00,2016-02-17T07:00:00Z,2016-02-17T04:00:00-03:00,1,01:00:00,1,01:00:00,100.0,100.0,2016-02-17T06:00:00Z,2016-02-17T03:00:00-03:00,2016-02-17T07:00:00Z,2016-02-17T04:00:00-03:00
10.13,,,False,2,pm25,µg/m³,,raw,01:00:00,2016-02-17T07:00:00Z,2016-02-17T04:00:00-03:00,2016-02-17T08:00:00Z,2016-02-17T05:00:00-03:00,1,01:00:00,1,01:00:00,100.0,100.0,2016-02-17T07:00:00Z,2016-02-17T04:00:00-03:00,2016-02-17T08:00:00Z,2016-02-17T05:00:00-03:00
16.29,,,False,2,pm25,µg/m³,,raw,01:00:00,2016-02-17T09:00:00Z,2016-02-17T06:00:00-03:00,2016-02-17T10:00:00Z,2016-02-17T07:00:00-03:00,1,01:00:00,1,01:00:00,100.0,100.0,2016-02-17T09:00:00Z,2016-02-17T06:00:00-03:00,2016-02-17T10:00:00Z,2016-02-17T07:00:00-03:00
13.51,,,False,2,pm25,µg/m³,,raw,01:00:00,2016-02-17T10:00:00Z,2016-02-17T07:00:00-03:00,2016-02-17T11:00:00Z,2016-02-17T08:00:00-03:00,1,01:00:00,1,01:00:00,100.0,100.0,2016-02-17T10:00:00Z,2016-02-17T07:00:00-03:00,2016-02-17T11:00:00Z,2016-02-17T08:00:00-03:00
11.48,,,False,2,pm25,µg/m³,,raw,01:00:00,2016-02-17T11:00:00Z,2016-02-17T08:00:00-03:00,2016-02-17T12:00:00Z,2016-02-17T09:00:00-03:00,1,01:00:00,1,01:00:00,100.0,100.0,2016-02-17T11:00:00Z,2016-02-17T08:00:00-03:00,2016-02-17T12:00:00Z,2016-02-17T09:00:00-03:00
11.48,,,False,2,pm25,µg/m³,,raw,01:00:00,2016-02-17T13:00:00Z,2016-02-17T10:00:00-03:00,2016-02-17T14:00:00Z,2016-02-17T11:00:00-03:00,1,01:00:00,1,01:00:00,100.0,100.0,2016-02-17T13:00:00Z,2016-02-17T10:00:00-03:00,2016-02-17T14:00:00Z,2016-02-17T11:00:00-03:00
12.16,,,False,2,pm25,µg/m³,,raw,01:00:00,2016-02-17T14:00:00Z,2016-02-17T11:00:00-03:00,2016-02-17T15:00:00Z,2016-02-17T12:00:00-03:00,1,01:00:00,1,01:00:00,100.0,100.0,2016-02-17T14:00:00Z,2016-02-17T11:00:00-03:00,2016-02-17T15:00:00Z,2016-02-17T12:00:00-03:00
11.48,,,False,2,pm25,µg/m³,,raw,01:00:00,2016-02-17T15:00:00Z,2016-02-17T12:00:00-03:00,2016-02-17T16:00:00Z,2016-02-17T13:00:00-03:00,1,01:00:00,1,01:00:00,100.0,100.0,2016-02-17T15:00:00Z,2016-02-17T12:00:00-03:00,2016-02-17T16:00:00Z,2016-02-17T13:00:00-03:00
9.48,,,False,2,pm25,µg/m³,,raw,01:00:00,2016-02-17T16:00:00Z,2016-02-17T13:00:00-03:00,2016-02-17T17:00:00Z,2016-02-17T14:00:00-03:00,1,01:00:00,1,01:00:00,100.0,100.0,2016-02-17T16:00:00Z,2016-02-17T13:00:00-03:00,2016-02-17T17:00:00Z,2016-02-17T14:00:00-03:00
12.16,,,False,2,pm25,µg/m³,,raw,01:00:00,2016-02-17T17:00:00Z,2016-02-17T14:00:00-03:00,2016-02-17T18:00:00Z,2016-02-17T15:00:00-03:00,1,01:00:00,1,01:00:00,100.0,100.0,2016-02-17T17:00:00Z,2016-02-17T14:00:00-03:00,2016-02-17T18:00:00Z,2016-02-17T15:00:00-03:00
8.78,,,False,2,pm25,µg/m³,,raw,01:00:00,2016-02-17T18:00:00Z,2016-02-17T15:00:00-03:00,2016-02-17T19:00:00Z,2016-02-17T16:00:00-03:00,1,01:00:00,1,01:00:00,100.0,100.0,2016-02-17T18:00:00Z,2016-02-17T15:00:00-03:00,2016-02-17T19:00:00Z,2016-02-17T16:00:00-03:00
5.4,,,False,2,pm25,µg/m³,,raw,01:00:00,2016-02-17T19:00:00Z,2016-02-17T16:00:00-03:00,2016-02-17T20:00:00Z,2016-02-17T17:00:00-03:00,1,01:00:00,1,01:00:00,100.0,100.0,2016-02-17T19:00:00Z,2016-02-17T16:00:00-03:00,2016-02-17T20:00:00Z,2016-02-17T17:00:00-03:00
6.75,,,False,2,pm25,µg/m³,,raw,01:00:00,2016-02-17T20:00:00Z,2016-02-17T17:00:00-03:00,2016-02-17T21:00:00Z,2016-02-17T18:00:00-03:00,1,01:00:00,1,01:00:00,100.0,100.0,2016-02-17T20:00:00Z,2016-02-17T17:00:00-03:00,2016-02-17T21:00:00Z,2016-02-17T18:00:00-03:00
8.78,,,False,2,pm25,µg/m³,,raw,01:00:00,2016-02-17T21:00:00Z,2016-02-17T18:00:00-03:00,2016-02-17T22:00:00Z,2016-02-17T19:00:00-03:00,1,01:00:00,1,01:00:00,100.0,100.0,2016-02-17T21:00:00Z,2016-02-17T18:00:00-03:00,2016-02-17T22:00:00Z,2016-02-17T19:00:00-03:00
12.15,,,False,2,pm25,µg/m³,,raw,01:00:00,2016-02-17T22:00:00Z,2016-02-17T19:00:00-03:00,2016-02-17T23:00:00Z,2016-02-17T20:00:00-03:00,1,01:00:00,1,01:00:00,100.0,100.0,2016-02-17T22:00:00Z,2016-02-17T19:00:00-03:00,2016-02-17T23:00:00Z,2016-02-17T20:00:00-03:00
10.13,,,False,2,pm25,µg/m³,,raw,01:00:00,2016-02-17T23:00:00Z,2016-02-17T20:00:00-03:00,2016-02-18T00:00:00Z,2016-02-17T21:00:00-03:00,1,01:00:00,1,01:00:00,100.0,100.0,2016-02-17T23:00:00Z,2016-02-17T20:00:00-03:00,2016-02-18T00:00:00Z,2016-02-17T21:00:00-03:00
9.45,,,False,2,pm25,µg/m³,,raw,01:00:00,2016-02-18T00:00:00Z,2016-02-17T21:00:00-03:00,2016-02-18T01:00:00Z,2016-02-17T22:00:00-03:00,1,01:00:00,1,01:00:00,100.0,100.0,2016-02-18T00:00:00Z,2016-02-17T21:00:00-03:00,2016-02-18T01:00:00Z,2016-02-17T22:00:00-03:00
6.739,,,False,2,pm25,µg/m³,,raw,01:00:00,2016-02-18T01:00:00Z,2016-02-17T22:00:00-03:00,2016-02-18T02:00:00Z,2016-02-17T23:00:00-03:00,1,01:00:00,1,01:00:00,100.0,100.0,2016-02-18T01:00:00Z,2016-02-17T22:00:00-03:00,2016-02-18T02:00:00Z,2016-02-17T23:00:00-03:00
6.064,,,False,2,pm25,µg/m³,,raw,01:00:00,2016-02-18T02:00:00Z,2016-02-17T23:00:00-03:00,2016-02-18T03:00:00Z,2016-02-18T00:00:00-03:00,1,01:00:00,1,01:00:00,100.0,100.0,2016-02-18T02:00:00Z,2016-02-17T23:00:00-03:00,2016-02-18T03:00:00Z,2016-02-18T00:00:00-03:00
10.8,,,False,2,pm25,µg/m³,,raw,01:00:00,2016-02-18T03:00:00Z,2016-02-18T00:00:00-03:00,2016-02-18T04:00:00Z,2016-02-18T01:00:00-03:00,1,01:00:00,1,01:00:00,100.0,100.0,2016-02-18T03:00:00Z,2016-02-18T00:00:00-03:00,2016-02-18T04:00:00Z,2016-02-18T01:00:00-03:00
6.082,,,False,2,pm25,µg/m³,,raw,01:00:00,2016-02-18T04:00:00Z,2016-02-18T01:00:00-03:00,2016-02-18T05:00:00Z,2016-02-18T02:00:00-03:00,1,01:00:00,1,01:00:00,100.0,100.0,2016-02-18T04:00:00Z,2016-02-18T01:00:00-03:00,2016-02-18T05:00:00Z,2016-02-18T02:00:00-03:00
5.402,,,False,2,pm25,µg/m³,,raw,01:00:00,2016-02-18T05:00:00Z,2016-02-18T02:00:00-03:00,2016-02-18T06:00:00Z,2016-02-18T03:00:00-03:00,1,01:00:00,1,01:00:00,100.0,100.0,2016-02-18T05:00:00Z,2016-02-18T02:00:00-03:00,2016-02-18T06:00:00Z,2016-02-18T03:00:00-03:00
6.084,,,False,2,pm25,µg/m³,,raw,01:00:00,2016-02-18T06:00:00Z,2016-02-18T03:00:00-03:00,2016-02-18T07:00:00Z,2016-02-18T04:00:00-03:00,1,01:00:00,1,01:00:00,100.0,100.0,2016-02-18T06:00:00Z,2016-02-18T03:00:00-03:00,2016-02-18T07:00:00Z,2016-02-18T04:00:00-03:00
5.402,,,False,2,pm25,µg/m³,,raw,01:00:00,2016-02-18T07:00:00Z,2016-02-18T04:00:00-03:00,2016-02-18T08:00:00Z,2016-02-18T05:00:00-03:00,1,01:00:00,1,01:00:00,100.0,100.0,2016-02-18T07:00:00Z,2016-02-18T04:00:00-03:00,2016-02-18T08:00:00Z,2016-02-18T05:00:00-03:00
6.08,,,False,2,pm25,µg/m³,,raw,01:00:00,2016-02-18T08:00:00Z,2016-02-18T05:00:00-03:00,2016-02-18T09:00:00Z,2016-02-18T06:00:00-03:00,1,01:00:00,1,01:00:00,100.0,100.0,2016-02-18T08:00:00Z,2016-02-18T05:00:00-03:00,2016-02-18T09:00:00Z,2016-02-18T06:00:00-03:00
6.753,,,False,2,pm25,µg/m³,,raw,01:00:00,2016-02-18T09:00:00Z,2016-02-18T06:00:00-03:00,2016-02-18T10:00:00Z,2016-02-18T07:00:00-03:00,1,01:00:00,1,01:00:00,100.0,100.0,2016-02-18T09:00:00Z,2016-02-18T06:00:00-03:00,2016-02-18T10:00:00Z,2016-02-18T07:00:00-03:00
7.91,,,False,2,pm25,µg/m³,,raw,01:00:00,2016-02-18T10:00:00Z,2016-02-18T07:00:00-03:00,2016-02-18T11:00:00Z,2016-02-18T08:00:00-03:00,1,01:00:00,1,01:00:00,100.0,100.0,2016-02-18T10:00:00Z,2016-02-18T07:00:00-03:00,2016-02-18T11:00:00Z,2016-02-18T08:00:00-03:00
7.854,,,False,2,pm25,µg/m³,,raw,01:00:00,2016-02-18T11:00:00Z,2016-02-18T08:00:00-03:00,2016-02-18T12:00:00Z,2016-02-18T09:00:00-03:00,1,01:00:00,1,01:00:00,100.0,100.0,2016-02-18T11:00:00Z,2016-02-18T08:00:00-03:00,2016-02-18T12:00:00Z,2016-02-18T09:00:00-03:00
6.077,,,False,2,pm25,µg/m³,,raw,01:00:00,2016-02-18T12:00:00Z,2016-02-18T09:00:00-03:00,2016-02-18T13:00:00Z,2016-02-18T10:00:00-03:00,1,01:00:00,1,01:00:00,100.0,100.0,2016-02-18T12:00:00Z,2016-02-18T09:00:00-03:00,2016-02-18T13:00:00Z,2016-02-18T10:00:00-03:00
10.13,,,False,2,pm25,µg/m³,,raw,01:00:00,2016-02-18T13:00:00Z,2016-02-18T10:00:00-03:00,2016-02-18T14:00:00Z,2016-02-18T11:00:00-03:00,1,01:00:00,1,01:00:00,100.0,100.0,2016-02-18T13:00:00Z,2016-02-18T10:00:00-03:00,2016-02-18T14:00:00Z,2016-02-18T11:00:00-03:00
8.1,,,False,2,pm25,µg/m³,,raw,01:00:00,2016-02-18T14:00:00Z,2016-02-18T11:00:00-03:00,2016-02-18T15:00:00Z,2016-02-18T12:00:00-03:00,1,01:00:00,1,01:00:00,100.0,100.0,2016-02-18T14:00:00Z,2016-02-18T11:00:00-03:00,2016-02-18T15:00:00Z,2016-02-18T12:00:00-03:00
8.78,,,False,2,pm25,µg/m³,,raw,01:00:00,2016-02-18T17:00:00Z,2016-02-18T14:00:00-03:00,2016-02-18T18:00:00Z,2016-02-18T15:00:00-03:00,1,01:00:00,1,01:00:00,100.0,100.0,2016-02-18T17:00:00Z,2016-02-18T14:00:00-03:00,2016-02-18T18:00:00Z,2016-02-18T15:00:00-03:00
3.375,,,False,2,pm25,µg/m³,,raw,01:00:00,2016-02-18T19:00:00Z,2016-02-18T16:00:00-03:00,2016-02-18T20:00:00Z,2016-02-18T17:00:00-03:00,1,01:00:00,1,01:00:00,100.0,100.0,2016-02-18T19:00:00Z,2016-02-18T16:00:00-03:00,2016-02-18T20:00:00Z,2016-02-18T17:00:00-03:00
5.4,,,False,2,pm25,µg/m³,,raw,01:00:00,2016-02-18T20:00:00Z,2016-02-18T17:00:00-03:00,2016-02-18T21:00:00Z,2016-02-18T18:00:00-03:00,1,01:00:00,1,01:00:00,100.0,100.0,2016-02-18T20:00:00Z,2016-02-18T17:00:00-03:00,2016-02-18T21:00:00Z,2016-02-18T18:00:00-03:00
9.45,,,False,2,pm25,µg/m³,,raw,01:00:00,2016-02-18T21:00:00Z,2016-02-18T18:00:00-03:00,2016-02-18T22:00:00Z,2016-02-18T19:00:00-03:00,1,01:00:00,1,01:00:00,100.0,100.0,2016-02-18T21:00:00Z,2016-02-18T18:00:00-03:00,2016-02-18T22:00:00Z,2016-02-18T19:00:00-03:00
10.13,,,False,2,pm25,µg/m³,,raw,01:00:00,2016-02-19T01:00:00Z,2016-02-18T22:00:00-03:00,2016-02-19T02:00:00Z,2016-02-18T23:00:00-03:00,1,01:00:00,1,01:00:00,100.0,100.0,2016-02-19T01:00:00Z,2016-02-18T22:00:00-03:00,2016-02-19T02:00:00Z,2016-02-18T23:00:00-03:00
14.18,,,False,2,pm25,µg/m³,,raw,01:00:00,2016-02-19T03:00:00Z,2016-02-19T00:00:00-03:00,2016-02-19T04:00:00Z,2016-02-19T01:00:00-03:00,1,01:00:00,1,01:00:00,100.0,100.0,2016-02-19T03:00:00Z,2016-02-19T00:00:00-03:00,2016-02-19T04:00:00Z,2016-02-19T01:00:00-03:00
9.51,,,False,2,pm25,µg/m³,,raw,01:00:00,2016-02-19T04:00:00Z,2016-02-19T01:00:00-03:00,2016-02-19T05:00:00Z,2016-02-19T02:00:00-03:00,1,01:00:00,1,01:00:00,100.0,100.0,2016-02-19T04:00:00Z,2016-02-19T01:00:00-03:00,2016-02-19T05:00:00Z,2016-02-19T02:00:00-03:00
10.8,,,False,2,pm25,µg/m³,,raw,01:00:00,2016-02-19T05:00:00Z,2016-02-19T02:00:00-03:00,2016-02-19T06:00:00Z,2016-02-19T03:00:00-03:00,1,01:00:00,1,01:00:00,100.0,100.0,2016-02-19T05:00:00Z,2016-02-19T02:00:00-03:00,2016-02-19T06:00:00Z,2016-02-19T03:00:00-03:00
10.13,,,False,2,pm25,µg/m³,,raw,01:00:00,2016-02-19T06:00:00Z,2016-02-19T03:00:00-03:00,2016-02-19T07:00:00Z,2016-02-19T04:00:00-03:00,1,01:00:00,1,01:00:00,100.0,100.0,2016-02-19T06:00:00Z,2016-02-19T03:00:00-03:00,2016-02-19T07:00:00Z,2016-02-19T04:00:00-03:00
8.78,,,False,2,pm25,µg/m³,,raw,01:00:00,2016-02-19T07:00:00Z,2016-02-19T04:00:00-03:00,2016-02-19T08:00:00Z,2016-02-19T05:00:00-03:00,1,01:00:00,1,01:00:00,100.0,100.0,2016-02-19T07:00:00Z,2016-02-19T04:00:00-03:00,2016-02-19T08:00:00Z,2016-02-19T05:00:00-03:00
11.47,,,False,2,pm25,µg/m³,,raw,01:00:00,2016-02-19T08:00:00Z,2016-02-19T05:00:00-03:00,2016-02-19T09:00:00Z,2016-02-19T06:00:00-03:00,1,01:00:00,1,01:00:00,100.0,100.0,2016-02-19T08:00:00Z,2016-02-19T05:00:00-03:00,2016-02-19T09:00:00Z,2016-02-19T06:00:00-03:00
8.02,,,False,2,pm25,µg/m³,,raw,01:00:00,2016-02-19T10:00:00Z,2016-02-19T07:00:00-03:00,2016-02-19T11:00:00Z,2016-02-19T08:00:00-03:00,1,01:00:00,1,01:00:00,100.0,100.0,2016-02-19T10:00:00Z,2016-02-19T07:00:00-03:00,2016-02-19T11:00:00Z,2016-02-19T08:00:00-03:00
9.45,,,False,2,pm25,µg/m³,,raw,01:00:00,2016-02-19T11:00:00Z,2016-02-19T08:00:00-03:00,2016-02-19T12:00:00Z,2016-02-19T09:00:00-03:00,1,01:00:00,1,01:00:00,100.0,100.0,2016-02-19T11:00:00Z,2016-02-19T08:00:00-03:00,2016-02-19T12:00:00Z,2016-02-19T09:00:00-03:00
6.753,,,False,2,pm25,µg/m³,,raw,01:00:00,2016-02-19T12:00:00Z,2016-02-19T09:00:00-03:00,2016-02-19T13:00:00Z,2016-02-19T10:00:00-03:00,1,01:00:00,1,01:00:00,100.0,100.0,2016-02-19T12:00:00Z,2016-02-19T09:00:00-03:00,2016-02-19T13:00:00Z,2016-02-19T10:00:00-03:00
14.18,,,False,2,pm25,µg/m³,,raw,01:00:00,2016-02-19T14:00:00Z,2016-02-19T11:00:00-03:00,2016-02-19T15:00:00Z,2016-02-19T12:00:00-03:00,1,01:00:00,1,01:00:00,100.0,100.0,2016-02-19T14:00:00Z,2016-02-19T11:00:00-03:00,2016-02-19T15:00:00Z,2016-02-19T12:00:00-03:00
14.18,,,False,2,pm25,µg/m³,,raw,01:00:00,2016-02-19T15:00:00Z,2016-02-19T12:00:00-03:00,2016-02-19T16:00:00Z,2016-02-19T13:00:00-03:00,1,01:00:00,1,01:00:00,100.0,100.0,2016-02-19T15:00:00Z,2016-02-19T12:00:00-03:00,2016-02-19T16:00:00Z,2016-02-19T13:00:00-03:00
8.1,,,False,2,pm25,µg/m³,,raw,01:00:00,2016-02-19T16:00:00Z,2016-02-19T13:00:00-03:00,2016-02-19T17:00:00Z,2016-02-19T14:00:00-03:00,1,01:00:00,1,01:00:00,100.0,100.0,2016-02-19T16:00:00Z,2016-02-19T13:00:00-03:00,2016-02-19T17:00:00Z,2016-02-19T14:00:00-03:00
14.85,,,False,2,pm25,µg/m³,,raw,01:00:00,2016-02-19T17:00:00Z,2016-02-19T14:00:00-03:00,2016-02-19T18:00:00Z,2016-02-19T15:00:00-03:00,1,01:00:00,1,01:00:00,100.0,100.0,2016-02-19T17:00:00Z,2016-02-19T14:00:00-03:00,2016-02-19T18:00:00Z,2016-02-19T15:00:00-03:00
5.4,,,False,2,pm25,µg/m³,,raw,01:00:00,2016-02-19T18:00:00Z,2016-02-19T15:00:00-03:00,2016-02-19T19:00:00Z,2016-02-19T16:00:00-03:00,1,01:00:00,1,01:00:00,100.0,100.0,2016-02-19T18:00:00Z,2016-02-19T15:00:00-03:00,2016-02-19T19:00:00Z,2016-02-19T16:00:00-03:00
10.47,,,False,2,pm25,µg/m³,,raw,01:00:00,2016-02-19T19:00:00Z,2016-02-19T16:00:00-03:00,2016-02-19T20:00:00Z,2016-02-19T17:00:00-03:00,1,01:00:00,1,01:00:00,100.0,100.0,2016-02-19T19:00:00Z,2016-02-19T16:00:00-03:00,2016-02-19T20:00:00Z,2016-02-19T17:00:00-03:00
13.5,,,False,2,pm25,µg/m³,,raw,01:00:00,2016-02-19T21:00:00Z,2016-02-19T18:00:00-03:00,2016-02-19T22:00:00Z,2016-02-19T19:00:00-03:00,1,01:00:00,1,01:00:00,100.0,100.0,2016-02-19T21:00:00Z,2016-02-19T18:00:00-03:00,2016-02-19T22:00:00Z,2016-02-19T19:00:00-03:00
14.18,,,False,2,pm25,µg/m³,,raw,01:00:00,2016-02-19T22:00:00Z,2016-02-19T19:00:00-03:00,2016-02-19T23:00:00Z,2016-02-19T20:00:00-03:00,1,01:00:00,1,01:00:00,100.0,100.0,2016-02-19T22:00:00Z,2016-02-19T19:00:00-03:00,2016-02-19T23:00:00Z,2016-02-19T20:00:00-03:00
18.21,,,False,2,pm25,µg/m³,,raw,01:00:00,2016-02-19T23:00:00Z,2016-02-19T20:00:00-03:00,2016-02-20T00:00:00Z,2016-02-19T21:00:00-03:00,1,01:00:00,1,01:00:00,100.0,100.0,2016-02-19T23:00:00Z,2016-02-19T20:00:00-03:00,2016-02-20T00:00:00Z,2016-02-19T21:00:00-03:00
21.61,,,False,2,pm25,µg/m³,,raw,01:00:00,2016-02-20T01:00:00Z,2016-02-19T22:00:00-03:00,2016-02-20T02:00:00Z,2016-02-19T23:00:00-03:00,1,01:00:00,1,01:00:00,100.0,100.0,2016-02-20T01:00:00Z,2016-02-19T22:00:00-03:00,2016-02-20T02:00:00Z,2016-02-19T23:00:00-03:00
11.47,,,False,2,pm25,µg/m³,,raw,01:00:00,2016-02-20T03:00:00Z,2016-02-20T00:00:00-03:00,2016-02-20T04:00:00Z,2016-02-20T01:00:00-03:00,1,01:00:00,1,01:00:00,100.0,100.0,2016-02-20T03:00:00Z,2016-02-20T00:00:00-03:00,2016-02-20T04:00:00Z,2016-02-20T01:00:00-03:00
12.83,,,False,2,pm25,µg/m³,,raw,01:00:00,2016-02-20T05:00:00Z,2016-02-20T02:00:00-03:00,2016-02-20T06:00:00Z,2016-02-20T03:00:00-03:00,1,01:00:00,1,01:00:00,100.0,100.0,2016-02-20T05:00:00Z,2016-02-20T02:00:00-03:00,2016-02-20T06:00:00Z,2016-02-20T03:00:00-03:00
16.35,,,False,2,pm25,µg/m³,,raw,01:00:00,2016-02-20T06:00:00Z,2016-02-20T03:00:00-03:00,2016-02-20T07:00:00Z,2016-02-20T04:00:00-03:00,1,01:00:00,1,01:00:00,100.0,100.0,2016-02-20T06:00:00Z,2016-02-20T03:00:00-03:00,2016-02-20T07:00:00Z,2016-02-20T04:00:00-03:00
11.48,,,False,2,pm25,µg/m³,,raw,01:00:00,2016-02-20T07:00:00Z,2016-02-20T04:00:00-03:00,2016-02-20T08:00:00Z,2016-02-20T05:00:00-03:00,1,01:00:00,1,01:00:00,100.0,100.0,2016-02-20T07:00:00Z,2016-02-20T04:00:00-03:00,2016-02-20T08:00:00Z,2016-02-20T05:00:00-03:00
11.48,,,False,2,pm25,µg/m³,,raw,01:00:00,2016-02-20T08:00:00Z,2016-02-20T05:00:00-03:00,2016-02-20T09:00:00Z,2016-02-20T06:00:00-03:00,1,01:00:00,1,01:00:00,100.0,100.0,2016-02-20T08:00:00Z,2016-02-20T05:00:00-03:00,2016-02-20T09:00:00Z,2016-02-20T06:00:00-03:00
8.74,,,False,2,pm25,µg/m³,,raw,01:00:00,2016-02-20T10:00:00Z,2016-02-20T07:00:00-03:00,2016-02-20T11:00:00Z,2016-02-20T08:00:00-03:00,1,01:00:00,1,01:00:00,100.0,100.0,2016-02-20T10:00:00Z,2016-02-20T07:00:00-03:00,2016-02-20T11:00:00Z,2016-02-20T08:00:00-03:00
9.45,,,False,2,pm25,µg/m³,,raw,01:00:00,2016-02-20T11:00:00Z,2016-02-20T08:00:00-03:00,2016-02-20T12:00:00Z,2016-02-20T09:00:00-03:00,1,01:00:00,1,01:00:00,100.0,100.0,2016-02-20T11:00:00Z,2016-02-20T08:00:00-03:00,2016-02-20T12:00:00Z,2016-02-20T09:00:00-03:00
8.78,,,False,2,pm25,µg/m³,,raw,01:00:00,2016-02-20T13:00:00Z,2016-02-20T10:00:00-03:00,2016-02-20T14:00:00Z,2016-02-20T11:00:00-03:00,1,01:00:00,1,01:00:00,100.0,100.0,2016-02-20T13:00:00Z,2016-02-20T10:00:00-03:00,2016-02-20T14:00:00Z,2016-02-20T11:00:00-03:00
14.84,,,False,2,pm25,µg/m³,,raw,01:00:00,2016-02-20T14:00:00Z,2016-02-20T11:00:00-03:00,2016-02-20T15:00:00Z,2016-02-20T12:00:00-03:00,1,01:00:00,1,01:00:00,100.0,100.0,2016-02-20T14:00:00Z,2016-02-20T11:00:00-03:00,2016-02-20T15:00:00Z,2016-02-20T12:00:00-03:00
4.721,,,False,2,pm25,µg/m³,,raw,01:00:00,2016-02-20T15:00:00Z,2016-02-20T12:00:00-03:00,2016-02-20T16:00:00Z,2016-02-20T13:00:00-03:00,1,01:00:00,1,01:00:00,100.0,100.0,2016-02-20T15:00:00Z,2016-02-20T12:00:00-03:00,2016-02-20T16:00:00Z,2016-02-20T13:00:00-03:00
3.371,,,False,2,pm25,µg/m³,,raw,01:00:00,2016-02-20T16:00:00Z,2016-02-20T13:00:00-03:00,2016-02-20T17:00:00Z,2016-02-20T14:00:00-03:00,1,01:00:00,1,01:00:00,100.0,100.0,2016-02-20T16:00:00Z,2016-02-20T13:00:00-03:00,2016-02-20T17:00:00Z,2016-02-20T14:00:00-03:00
6.74,,,False,2,pm25,µg/m³,,raw,01:00:00,2016-02-20T17:00:00Z,2016-02-20T14:00:00-03:00,2016-02-20T18:00:00Z,2016-02-20T15:00:00-03:00,1,01:00:00,1,01:00:00,100.0,100.0,2016-02-20T17:00:00Z,2016-02-20T14:00:00-03:00,2016-02-20T18:00:00Z,2016-02-20T15:00:00-03:00
4.644,,,False,2,pm25,µg/m³,,raw,01:00:00,2016-02-20T18:00:00Z,2016-02-20T15:00:00-03:00,2016-02-20T19:00:00Z,2016-02-20T16:00:00-03:00,1,01:00:00,1,01:00:00,100.0,100.0,2016-02-20T18:00:00Z,2016-02-20T15:00:00-03:00,2016-02-20T19:00:00Z,2016-02-20T16:00:00-03:00
3.5,,,False,2,pm25,µg/m³,,raw,01:00:00,2016-02-20T19:00:00Z,2016-02-20T16:00:00-03:00,2016-02-20T20:00:00Z,2016-02-20T17:00:00-03:00,1,01:00:00,1,01:00:00,100.0,100.0,2016-02-20T19:00:00Z,2016-02-20T16:00:00-03:00,2016-02-20T20:00:00Z,2016-02-20T17:00:00-03:00
4.043,,,False,2,pm25,µg/m³,,raw,01:00:00,2016-02-20T20:00:00Z,2016-02-20T17:00:00-03:00,2016-02-20T21:00:00Z,2016-02-20T18:00:00-03:00,1,01:00:00,1,01:00:00,100.0,100.0,2016-02-20T20:00:00Z,2016-02-20T17:00:00-03:00,2016-02-20T21:00:00Z,2016-02-20T18:00:00-03:00
4.717,,,False,2,pm25,µg/m³,,raw,01:00:00,2016-02-20T21:00:00Z,2016-02-20T18:00:00-03:00,2016-02-20T22:00:00Z,2016-02-20T19:00:00-03:00,1,01:00:00,1,01:00:00,100.0,100.0,2016-02-20T21:00:00Z,2016-02-20T18:00:00-03:00,2016-02-20T22:00:00Z,2016-02-20T19:00:00-03:00
6.069,,,False,2,pm25,µg/m³,,raw,01:00:00,2016-02-20T22:00:00Z,2016-02-20T19:00:00-03:00,2016-02-20T23:00:00Z,2016-02-20T20:00:00-03:00,1,01:00:00,1,01:00:00,100.0,100.0,2016-02-20T22:00:00Z,2016-02-20T19:00:00-03:00,2016-02-20T23:00:00Z,2016-02-20T20:00:00-03:00
14.83,,,False,2,pm25,µg/m³,,raw,01:00:00,2016-02-20T23:00:00Z,2016-02-20T20:00:00-03:00,2016-02-21T00:00:00Z,2016-02-20T21:00:00-03:00,1,01:00:00,1,01:00:00,100.0,100.0,2016-02-20T23:00:00Z,2016-02-20T20:00:00-03:00,2016-02-21T00:00:00Z,2016-02-20T21:00:00-03:00
29.66,,,False,2,pm25,µg/m³,,raw,01:00:00,2016-02-21T00:00:00Z,2016-02-20T21:00:00-03:00,2016-02-21T01:00:00Z,2016-02-20T22:00:00-03:00,1,01:00:00,1,01:00:00,100.0,100.0,2016-02-21T00:00:00Z,2016-02-20T21:00:00-03:00,2016-02-21T01:00:00Z,2016-02-20T22:00:00-03:00
49.88,,,False,2,pm25,µg/m³,,raw,01:00:00,2016-02-21T01:00:00Z,2016-02-20T22:00:00-03:00,2016-02-21T02:00:00Z,2016-02-20T23:00:00-03:00,1,01:00:00,1,01:00:00,100.0,100.0,2016-02-21T01:00:00Z,2016-02-20T22:00:00-03:00,2016-02-21T02:00:00Z,2016-02-20T23:00:00-03:00
17.53,,,False,2,pm25,µg/m³,,raw,01:00:00,2016-02-21T02:00:00Z,2016-02-20T23:00:00-03:00,2016-02-21T03:00:00Z,2016-02-21T00:00:00-03:00,1,01:00:00,1,01:00:00,100.0,100.0,2016-02-21T02:00:00Z,2016-02-20T23:00:00-03:00,2016-02-21T03:00:00Z,2016-02-21T00:00:00-03:00
21.58,,,False,2,pm25,µg/m³,,raw,01:00:00,2016-02-21T03:00:00Z,2016-02-21T00:00:00-03:00,2016-02-21T04:00:00Z,2016-02-21T01:00:00-03:00,1,01:00:00,1,01:00:00,100.0,100.0,2016-02-21T03:00:00Z,2016-02-21T00:00:00-03:00,2016-02-21T04:00:00Z,2016-02-21T01:00:00-03:00
14.25,,,False,2,pm25,µg/m³,,raw,01:00:00,2016-02-21T04:00:00Z,2016-02-21T01:00:00-03:00,2016-02-21T05:00:00Z,2016-02-21T02:00:00-03:00,1,01:00:00,1,01:00:00,100.0,100.0,2016-02-21T04:00:00Z,2016-02-21T01:00:00-03:00,2016-02-21T05:00:00Z,2016-02-21T02:00:00-03:00
18.21,,,False,2,pm25,µg/m³,,raw,01:00:00,2016-02-21T05:00:00Z,2016-02-21T02:00:00-03:00,2016-02-21T06:00:00Z,2016-02-21T03:00:00-03:00,1,01:00:00,1,01:00:00,100.0,100.0,2016-02-21T05:00:00Z,2016-02-21T02:00:00-03:00,2016-02-21T06:00:00Z,2016-02-21T03:00:00-03:00
12.14,,,False,2,pm25,µg/m³,,raw,01:00:00,2016-02-21T06:00:00Z,2016-02-21T03:00:00-03:00,2016-02-21T07:00:00Z,2016-02-21T04:00:00-03:00,1,01:00:00,1,01:00:00,100.0,100.0,2016-02-21T06:00:00Z,2016-02-21T03:00:00-03:00,2016-02-21T07:00:00Z,2016-02-21T04:00:00-03:00
11.47,,,False,2,pm25,µg/m³,,raw,01:00:00,2016-02-21T07:00:00Z,2016-02-21T04:00:00-03:00,2016-02-21T08:00:00Z,2016-02-21T05:00:00-03:00,1,01:00:00,1,01:00:00,100.0,100.0,2016-02-21T07:00:00Z,2016-02-21T04:00:00-03:00,2016-02-21T08:00:00Z,2016-02-21T05:00:00-03:00
13.49,,,False,2,pm25,µg/m³,,raw,01:00:00,2016-02-21T08:00:00Z,2016-02-21T05:00:00-03:00,2016-02-21T09:00:00Z,2016-02-21T06:00:00-03:00,1,01:00:00,1,01:00:00,100.0,100.0,2016-02-21T08:00:00Z,2016-02-21T05:00:00-03:00,2016-02-21T09:00:00Z,2016-02-21T06:00:00-03:00
11.12,,,False,2,pm25,µg/m³,,raw,01:00:00,2016-02-21T09:00:00Z,2016-02-21T06:00:00-03:00,2016-02-21T10:00:00Z,2016-02-21T07:00:00-03:00,1,01:00:00,1,01:00:00,100.0,100.0,2016-02-21T09:00:00Z,2016-02-21T06:00:00-03:00,2016-02-21T10:00:00Z,2016-02-21T07:00:00-03:00
8.77,,,False,2,pm25,µg/m³,,raw,01:00:00,2016-02-21T10:00:00Z,2016-02-21T07:00:00-03:00,2016-02-21T11:00:00Z,2016-02-21T08:00:00-03:00,1,01:00:00,1,01:00:00,100.0,100.0,2016-02-21T10:00:00Z,2016-02-21T07:00:00-03:00,2016-02-21T11:00:00Z,2016-02-21T08:00:00-03:00
13.58,,,False,2,pm25,µg/m³,,raw,01:00:00,2016-02-21T12:00:00Z,2016-02-21T09:00:00-03:00,2016-02-21T13:00:00Z,2016-02-21T10:00:00-03:00,1,01:00:00,1,01:00:00,100.0,100.0,2016-02-21T12:00:00Z,2016-02-21T09:00:00-03:00,2016-02-21T13:00:00Z,2016-02-21T10:00:00-03:00
12.13,,,False,2,pm25,µg/m³,,raw,01:00:00,2016-02-21T13:00:00Z,2016-02-21T10:00:00-03:00,2016-02-21T14:00:00Z,2016-02-21T11:00:00-03:00,1,01:00:00,1,01:00:00,100.0,100.0,2016-02-21T13:00:00Z,2016-02-21T10:00:00-03:00,2016-02-21T14:00:00Z,2016-02-21T11:00:00-03:00
14.16,,,False,2,pm25,µg/m³,,raw,01:00:00,2016-02-21T14:00:00Z,2016-02-21T11:00:00-03:00,2016-02-21T15:00:00Z,2016-02-21T12:00:00-03:00,1,01:00:00,1,01:00:00,100.0,100.0,2016-02-21T14:00:00Z,2016-02-21T11:00:00-03:00,2016-02-21T15:00:00Z,2016-02-21T12:00:00-03:00
13.48,,,False,2,pm25,µg/m³,,raw,01:00:00,2016-02-21T15:00:00Z,2016-02-21T12:00:00-03:00,2016-02-21T16:00:00Z,2016-02-21T13:00:00-03:00,1,01:00:00,1,01:00:00,100.0,100.0,2016-02-21T15:00:00Z,2016-02-21T12:00:00-03:00,2016-02-21T16:00:00Z,2016-02-21T13:00:00-03:00
10.78,,,False,2,pm25,µg/m³,,raw,01:00:00,2016-02-21T16:00:00Z,2016-02-21T13:00:00-03:00,2016-02-21T17:00:00Z,2016-02-21T14:00:00-03:00,1,01:00:00,1,01:00:00,100.0,100.0,2016-02-21T16:00:00Z,2016-02-21T13:00:00-03:00,2016-02-21T17:00:00Z,2016-02-21T14:00:00-03:00
5.39,,,False,2,pm25,µg/m³,,raw,01:00:00,2016-02-21T17:00:00Z,2016-02-21T14:00:00-03:00,2016-02-21T18:00:00Z,2016-02-21T15:00:00-03:00,1,01:00:00,1,01:00:00,100.0,100.0,2016-02-21T17:00:00Z,2016-02-21T14:00:00-03:00,2016-02-21T18:00:00Z,2016-02-21T15:00:00-03:00
3.369,,,False,2,pm25,µg/m³,,raw,01:00:00,2016-02-21T18:00:00Z,2016-02-21T15:00:00-03:00,2016-02-21T19:00:00Z,2016-02-21T16:00:00-03:00,1,01:00:00,1,01:00:00,100.0,100.0,2016-02-21T18:00:00Z,2016-02-21T15:00:00-03:00,2016-02-21T19:00:00Z,2016-02-21T16:00:00-03:00
5.389,,,False,2,pm25,µg/m³,,raw,01:00:00,2016-02-21T19:00:00Z,2016-02-21T16:00:00-03:00,2016-02-21T20:00:00Z,2016-02-21T17:00:00-03:00,1,01:00:00,1,01:00:00,100.0,100.0,2016-02-21T19:00:00Z,2016-02-21T16:00:00-03:00,2016-02-21T20:00:00Z,2016-02-21T17:00:00-03:00
6.731,,,False,2,pm25,µg/m³,,raw,01:00:00,2016-02-21T21:00:00Z,2016-02-21T18:00:00-03:00,2016-02-21T22:00:00Z,2016-02-21T19:00:00-03:00,1,01:00:00,1,01:00:00,100.0,100.0,2016-02-21T21:00:00Z,2016-02-21T18:00:00-03:00,2016-02-21T22:00:00Z,2016-02-21T19:00:00-03:00
10.28,,,False,2,pm25,µg/m³,,raw,01:00:00,2016-02-21T22:00:00Z,2016-02-21T19:00:00-03:00,2016-02-21T23:00:00Z,2016-02-21T20:00:00-03:00,1,01:00:00,1,01:00:00,100.0,100.0,2016-02-21T22:00:00Z,2016-02-21T19:00:00-03:00,2016-02-21T23:00:00Z,2016-02-21T20:00:00-03:00
25.61,,,False,2,pm25,µg/m³,,raw,01:00:00,2016-02-22T01:00:00Z,2016-02-21T22:00:00-03:00,2016-02-22T02:00:00Z,2016-02-21T23:00:00-03:00,1,01:00:00,1,01:00:00,100.0,100.0,2016-02-22T01:00:00Z,2016-02-21T22:00:00-03:00,2016-02-22T02:00:00Z,2016-02-21T23:00:00-03:00
12.14,,,False,2,pm25,µg/m³,,raw,01:00:00,2016-02-22T02:00:00Z,2016-02-21T23:00:00-03:00,2016-02-22T03:00:00Z,2016-02-22T00:00:00-03:00,1,01:00:00,1,01:00:00,100.0,100.0,2016-02-22T02:00:00Z,2016-02-21T23:00:00-03:00,2016-02-22T03:00:00Z,2016-02-22T00:00:00-03:00
10.77,,,False,2,pm25,µg/m³,,raw,01:00:00,2016-02-22T03:00:00Z,2016-02-22T00:00:00-03:00,2016-02-22T04:00:00Z,2016-02-22T01:00:00-03:00,1,01:00:00,1,01:00:00,100.0,100.0,2016-02-22T03:00:00Z,2016-02-22T00:00:00-03:00,2016-02-22T04:00:00Z,2016-02-22T01:00:00-03:00
12.81,,,False,2,pm25,µg/m³,,raw,01:00:00,2016-02-22T04:00:00Z,2016-02-22T01:00:00-03:00,2016-02-22T05:00:00Z,2016-02-22T02:00:00-03:00,1,01:00:00,1,01:00:00,100.0,100.0,2016-02-22T04:00:00Z,2016-02-22T01:00:00-03:00,2016-02-22T05:00:00Z,2016-02-22T02:00:00-03:00
10.11,,,False,2,pm25,µg/m³,,raw,01:00:00,2016-02-22T05:00:00Z,2016-02-22T02:00:00-03:00,2016-02-22T06:00:00Z,2016-02-22T03:00:00-03:00,1,01:00:00,1,01:00:00,100.0,100.0,2016-02-22T05:00:00Z,2016-02-22T02:00:00-03:00,2016-02-22T06:00:00Z,2016-02-22T03:00:00-03:00
18.83,,,False,2,pm25,µg/m³,,raw,01:00:00,2016-02-22T06:00:00Z,2016-02-22T03:00:00-03:00,2016-02-22T07:00:00Z,2016-02-22T04:00:00-03:00,1,01:00:00,1,01:00:00,100.0,100.0,2016-02-22T06:00:00Z,2016-02-22T03:00:00-03:00,2016-02-22T07:00:00Z,2016-02-22T04:00:00-03:00
12.82,,,False,2,pm25,µg/m³,,raw,01:00:00,2016-02-22T07:00:00Z,2016-02-22T04:00:00-03:00,2016-02-22T08:00:00Z,2016-02-22T05:00:00-03:00,1,01:00:00,1,01:00:00,100.0,100.0,2016-02-22T07:00:00Z,2016-02-22T04:00:00-03:00,2016-02-22T08:00:00Z,2016-02-22T05:00:00-03:00
11.11,,,False,2,pm25,µg/m³,,raw,01:00:00,2016-02-22T09:00:00Z,2016-02-22T06:00:00-03:00,2016-02-22T10:00:00Z,2016-02-22T07:00:00-03:00,1,01:00:00,1,01:00:00,100.0,100.0,2016-02-22T09:00:00Z,2016-02-22T06:00:00-03:00,2016-02-22T10:00:00Z,2016-02-22T07:00:00-03:00
12.92,,,False,2,pm25,µg/m³,,raw,01:00:00,2016-02-22T10:00:00Z,2016-02-22T07:00:00-03:00,2016-02-22T11:00:00Z,2016-02-22T08:00:00-03:00,1,01:00:00,1,01:00:00,100.0,100.0,2016-02-22T10:00:00Z,2016-02-22T07:00:00-03:00,2016-02-22T11:00:00Z,2016-02-22T08:00:00-03:00
13.47,,,False,2,pm25,µg/m³,,raw,01:00:00,2016-02-22T12:00:00Z,2016-02-22T09:00:00-03:00,2016-02-22T13:00:00Z,2016-02-22T10:00:00-03:00,1,01:00:00,1,01:00:00,100.0,100.0,2016-02-22T12:00:00Z,2016-02-22T09:00:00-03:00,2016-02-22T13:00:00Z,2016-02-22T10:00:00-03:00
18.88,,,False,2,pm25,µg/m³,,raw,01:00:00,2016-02-22T14:00:00Z,2016-02-22T11:00:00-03:00,2016-02-22T15:00:00Z,2016-02-22T12:00:00-03:00,1,01:00:00,1,01:00:00,100.0,100.0,2016-02-22T14:00:00Z,2016-02-22T11:00:00-03:00,2016-02-22T15:00:00Z,2016-02-22T12:00:00-03:00
12.13,,,False,2,pm25,µg/m³,,raw,01:00:00,2016-02-22T15:00:00Z,2016-02-22T12:00:00-03:00,2016-02-22T16:00:00Z,2016-02-22T13:00:00-03:00,1,01:00:00,1,01:00:00,100.0,100.0,2016-02-22T15:00:00Z,2016-02-22T12:00:00-03:00,2016-02-22T16:00:00Z,2016-02-22T13:00:00-03:00
9.44,,,False,2,pm25,µg/m³,,raw,01:00:00,2016-02-22T16:00:00Z,2016-02-22T13:00:00-03:00,2016-02-22T17:00:00Z,2016-02-22T14:00:00-03:00,1,01:00:00,1,01:00:00,100.0,100.0,2016-02-22T16:00:00Z,2016-02-22T13:00:00-03:00,2016-02-22T17:00:00Z,2016-02-22T14:00:00-03:00
5.39,,,False,2,pm25,µg/m³,,raw,01:00:00,2016-02-22T18:00:00Z,2016-02-22T15:00:00-03:00,2016-02-22T19:00:00Z,2016-02-22T16:00:00-03:00,1,01:00:00,1,01:00:00,100.0,100.0,2016-02-22T18:00:00Z,2016-02-22T15:00:00-03:00,2016-02-22T19:00:00Z,2016-02-22T16:00:00-03:00
6.759,,,False,2,pm25,µg/m³,,raw,01:00:00,2016-02-22T19:00:00Z,2016-02-22T16:00:00-03:00,2016-02-22T20:00:00Z,2016-02-22T17:00:00-03:00,1,01:00:00,1,01:00:00,100.0,100.0,2016-02-22T19:00:00Z,2016-02-22T16:00:00-03:00,2016-02-22T20:00:00Z,2016-02-22T17:00:00-03:00
8.09,,,False,2,pm25,µg/m³,,raw,01:00:00,2016-02-22T20:00:00Z,2016-02-22T17:00:00-03:00,2016-02-22T21:00:00Z,2016-02-22T18:00:00-03:00,1,01:00:00,1,01:00:00,100.0,100.0,2016-02-22T20:00:00Z,2016-02-22T17:00:00-03:00,2016-02-22T21:00:00Z,2016-02-22T18:00:00-03:00
9.43,,,False,2,pm25,µg/m³,,raw,01:00:00,2016-02-22T21:00:00Z,2016-02-22T18:00:00-03:00,2016-02-22T22:00:00Z,2016-02-22T19:00:00-03:00,1,01:00:00,1,01:00:00,100.0,100.0,2016-02-22T21:00:00Z,2016-02-22T18:00:00-03:00,2016-02-22T22:00:00Z,2016-02-22T19:00:00-03:00
12.12,,,False,2,pm25,µg/m³,,raw,01:00:00,2016-02-22T22:00:00Z,2016-02-22T19:00:00-03:00,2016-02-22T23:00:00Z,2016-02-22T20:00:00-03:00,1,01:00:00,1,01:00:00,100.0,100.0,2016-02-22T22:00:00Z,2016-02-22T19:00:00-03:00,2016-02-22T23:00:00Z,2016-02-22T20:00:00-03:00
18.87,,,False,2,pm25,µg/m³,,raw,01:00:00,2016-02-23T00:00:00Z,2016-02-22T21:00:00-03:00,2016-02-23T01:00:00Z,2016-02-22T22:00:00-03:00,1,01:00:00,1,01:00:00,100.0,100.0,2016-02-23T00:00:00Z,2016-02-22T21:00:00-03:00,2016-02-23T01:00:00Z,2016-02-22T22:00:00-03:00
11.46,,,False,2,pm25,µg/m³,,raw,01:00:00,2016-02-23T01:00:00Z,2016-02-22T22:00:00-03:00,2016-02-23T02:00:00Z,2016-02-22T23:00:00-03:00,1,01:00:00,1,01:00:00,100.0,100.0,2016-02-23T01:00:00Z,2016-02-22T22:00:00-03:00,2016-02-23T02:00:00Z,2016-02-22T23:00:00-03:00
16.18,,,False,2,pm25,µg/m³,,raw,01:00:00,2016-02-23T02:00:00Z,2016-02-22T23:00:00-03:00,2016-02-23T03:00:00Z,2016-02-23T00:00:00-03:00,1,01:00:00,1,01:00:00,100.0,100.0,2016-02-23T02:00:00Z,2016-02-22T23:00:00-03:00,2016-02-23T03:00:00Z,2016-02-23T00:00:00-03:00
8.08,,,False,2,pm25,µg/m³,,raw,01:00:00,2016-02-23T03:00:00Z,2016-02-23T00:00:00-03:00,2016-02-23T04:00:00Z,2016-02-23T01:00:00-03:00,1,01:00:00,1,01:00:00,100.0,100.0,2016-02-23T03:00:00Z,2016-02-23T00:00:00-03:00,2016-02-23T04:00:00Z,2016-02-23T01:00:00-03:00
7.417,,,False,2,pm25,µg/m³,,raw,01:00:00,2016-02-23T04:00:00Z,2016-02-23T01:00:00-03:00,2016-02-23T05:00:00Z,2016-02-23T02:00:00-03:00,1,01:00:00,1,01:00:00,100.0,100.0,2016-02-23T04:00:00Z,2016-02-23T01:00:00-03:00,2016-02-23T05:00:00Z,2016-02-23T02:00:00-03:00
7.424,,,False,2,pm25,µg/m³,,raw,01:00:00,2016-02-23T05:00:00Z,2016-02-23T02:00:00-03:00,2016-02-23T06:00:00Z,2016-02-23T03:00:00-03:00,1,01:00:00,1,01:00:00,100.0,100.0,2016-02-23T05:00:00Z,2016-02-23T02:00:00-03:00,2016-02-23T06:00:00Z,2016-02-23T03:00:00-03:00
13.63,,,False,2,pm25,µg/m³,,raw,01:00:00,2016-02-23T06:00:00Z,2016-02-23T03:00:00-03:00,2016-02-23T07:00:00Z,2016-02-23T04:00:00-03:00,1,01:00:00,1,01:00:00,100.0,100.0,2016-02-23T06:00:00Z,2016-02-23T03:00:00-03:00,2016-02-23T07:00:00Z,2016-02-23T04:00:00-03:00
10.12,,,False,2,pm25,µg/m³,,raw,01:00:00,2016-02-23T07:00:00Z,2016-02-23T04:00:00-03:00,2016-02-23T08:00:00Z,2016-02-23T05:00:00-03:00,1,01:00:00,1,01:00:00,100.0,100.0,2016-02-23T07:00:00Z,2016-02-23T04:00:00-03:00,2016-02-23T08:00:00Z,2016-02-23T05:00:00-03:00
8.1,,,False,2,pm25,µg/m³,,raw,01:00:00,2016-02-23T09:00:00Z,2016-02-23T06:00:00-03:00,2016-02-23T10:00:00Z,2016-02-23T07:00:00-03:00,1,01:00:00,1,01:00:00,100.0,100.0,2016-02-23T09:00:00Z,2016-02-23T06:00:00-03:00,2016-02-23T10:00:00Z,2016-02-23T07:00:00-03:00
9.44,,,False,2,pm25,µg/m³,,raw,01:00:00,2016-02-23T11:00:00Z,2016-02-23T08:00:00-03:00,2016-02-23T12:00:00Z,2016-02-23T09:00:00-03:00,1,01:00:00,1,01:00:00,100.0,100.0,2016-02-23T11:00:00Z,2016-02-23T08:00:00-03:00,2016-02-23T12:00:00Z,2016-02-23T09:00:00-03:00
10.79,,,False,2,pm25,µg/m³,,raw,01:00:00,2016-02-23T12:00:00Z,2016-02-23T09:00:00-03:00,2016-02-23T13:00:00Z,2016-02-23T10:00:00-03:00,1,01:00:00,1,01:00:00,100.0,100.0,2016-02-23T12:00:00Z,2016-02-23T09:00:00-03:00,2016-02-23T13:00:00Z,2016-02-23T10:00:00-03:00
16.18,,,False,2,pm25,µg/m³,,raw,01:00:00,2016-02-23T13:00:00Z,2016-02-23T10:00:00-03:00,2016-02-23T14:00:00Z,2016-02-23T11:00:00-03:00,1,01:00:00,1,01:00:00,100.0,100.0,2016-02-23T13:00:00Z,2016-02-23T10:00:00-03:00,2016-02-23T14:00:00Z,2016-02-23T11:00:00-03:00
10.11,,,False,2,pm25,µg/m³,,raw,01:00:00,2016-02-23T15:00:00Z,2016-02-23T12:00:00-03:00,2016-02-23T16:00:00Z,2016-02-23T13:00:00-03:00,1,01:00:00,1,01:00:00,100.0,100.0,2016-02-23T15:00:00Z,2016-02-23T12:00:00-03:00,2016-02-23T16:00:00Z,2016-02-23T13:00:00-03:00
10.11,,,False,2,pm25,µg/m³,,raw,01:00:00,2016-02-23T16:00:00Z,2016-02-23T13:00:00-03:00,2016-02-23T17:00:00Z,2016-02-23T14:00:00-03:00,1,01:00:00,1,01:00:00,100.0,100.0,2016-02-23T16:00:00Z,2016-02-23T13:00:00-03:00,2016-02-23T17:00:00Z,2016-02-23T14:00:00-03:00
6.738,,,False,2,pm25,µg/m³,,raw,01:00:00,2016-02-23T17:00:00Z,2016-02-23T14:00:00-03:00,2016-02-23T18:00:00Z,2016-02-23T15:00:00-03:00,1,01:00:00,1,01:00:00,100.0,100.0,2016-02-23T17:00:00Z,2016-02-23T14:00:00-03:00,2016-02-23T18:00:00Z,2016-02-23T15:00:00-03:00
6.738,,,False,2,pm25,µg/m³,,raw,01:00:00,2016-02-23T18:00:00Z,2016-02-23T15:00:00-03:00,2016-02-23T19:00:00Z,2016-02-23T16:00:00-03:00,1,01:00:00,1,01:00:00,100.0,100.0,2016-02-23T18:00:00Z,2016-02-23T15:00:00-03:00,2016-02-23T19:00:00Z,2016-02-23T16:00:00-03:00
6.75,,,False,2,pm25,µg/m³,,raw,01:00:00,2016-02-23T20:00:00Z,2016-02-23T17:00:00-03:00,2016-02-23T21:00:00Z,2016-02-23T18:00:00-03:00,1,01:00:00,1,01:00:00,100.0,100.0,2016-02-23T20:00:00Z,2016-02-23T17:00:00-03:00,2016-02-23T21:00:00Z,2016-02-23T18:00:00-03:00
8.08,,,False,2,pm25,µg/m³,,raw,01:00:00,2016-02-23T21:00:00Z,2016-02-23T18:00:00-03:00,2016-02-23T22:00:00Z,2016-02-23T19:00:00-03:00,1,01:00:00,1,01:00:00,100.0,100.0,2016-02-23T21:00:00Z,2016-02-23T18:00:00-03:00,2016-02-23T22:00:00Z,2016-02-23T19:00:00-03:00
13.48,,,False,2,pm25,µg/m³,,raw,01:00:00,2016-02-23T22:00:00Z,2016-02-23T19:00:00-03:00,2016-02-23T23:00:00Z,2016-02-23T20:00:00-03:00,1,01:00:00,1,01:00:00,100.0,100.0,2016-02-23T22:00:00Z,2016-02-23T19:00:00-03:00,2016-02-23T23:00:00Z,2016-02-23T20:00:00-03:00
16.85,,,False,2,pm25,µg/m³,,raw,01:00:00,2016-02-23T23:00:00Z,2016-02-23T20:00:00-03:00,2016-02-24T00:00:00Z,2016-02-23T21:00:00-03:00,1,01:00:00,1,01:00:00,100.0,100.0,2016-02-23T23:00:00Z,2016-02-23T20:00:00-03:00,2016-02-24T00:00:00Z,2016-02-23T21:00:00-03:00
18.87,,,False,2,pm25,µg/m³,,raw,01:00:00,2016-02-24T01:00:00Z,2016-02-23T22:00:00-03:00,2016-02-24T02:00:00Z,2016-02-23T23:00:00-03:00,1,01:00:00,1,01:00:00,100.0,100.0,2016-02-24T01:00:00Z,2016-02-23T22:00:00-03:00,2016-02-24T02:00:00Z,2016-02-23T23:00:00-03:00
16.85,,,False,2,pm25,µg/m³,,raw,01:00:00,2016-02-24T02:00:00Z,2016-02-23T23:00:00-03:00,2016-02-24T03:00:00Z,2016-02-24T00:00:00-03:00,1,01:00:00,1,01:00:00,100.0,100.0,2016-02-24T02:00:00Z,2016-02-23T23:00:00-03:00,2016-02-24T03:00:00Z,2016-02-24T00:00:00-03:00
15.51,,,False,2,pm25,µg/m³,,raw,01:00:00,2016-02-24T03:00:00Z,2016-02-24T00:00:00-03:00,2016-02-24T04:00:00Z,2016-02-24T01:00:00-03:00,1,01:00:00,1,01:00:00,100.0,100.0,2016-02-24T03:00:00Z,2016-02-24T00:00:00-03:00,2016-02-24T04:00:00Z,2016-02-24T01:00:00-03:00
14.84,,,False,2,pm25,µg/m³,,raw,01:00:00,2016-02-24T05:00:00Z,2016-02-24T02:00:00-03:00,2016-02-24T06:00:00Z,2016-02-24T03:00:00-03:00,1,01:00:00,1,01:00:00,100.0,100.0,2016-02-24T05:00:00Z,2016-02-24T02:00:00-03:00,2016-02-24T06:00:00Z,2016-02-24T03:00:00-03:00
11.47,,,False,2,pm25,µg/m³,,raw,01:00:00,2016-02-24T06:00:00Z,2016-02-24T03:00:00-03:00,2016-02-24T07:00:00Z,2016-02-24T04:00:00-03:00,1,01:00:00,1,01:00:00,100.0,100.0,2016-02-24T06:00:00Z,2016-02-24T03:00:00-03:00,2016-02-24T07:00:00Z,2016-02-24T04:00:00-03:00
8.09,,,False,2,pm25,µg/m³,,raw,01:00:00,2016-02-24T08:00:00Z,2016-02-24T05:00:00-03:00,2016-02-24T09:00:00Z,2016-02-24T06:00:00-03:00,1,01:00:00,1,01:00:00,100.0,100.0,2016-02-24T08:00:00Z,2016-02-24T05:00:00-03:00,2016-02-24T09:00:00Z,2016-02-24T06:00:00-03:00
7.422,,,False,2,pm25,µg/m³,,raw,01:00:00,2016-02-24T09:00:00Z,2016-02-24T06:00:00-03:00,2016-02-24T10:00:00Z,2016-02-24T07:00:00-03:00,1,01:00:00,1,01:00:00,100.0,100.0,2016-02-24T09:00:00Z,2016-02-24T06:00:00-03:00,2016-02-24T10:00:00Z,2016-02-24T07:00:00-03:00
6.747,,,False,2,pm25,µg/m³,,raw,01:00:00,2016-02-24T10:00:00Z,2016-02-24T07:00:00-03:00,2016-02-24T11:00:00Z,2016-02-24T08:00:00-03:00,1,01:00:00,1,01:00:00,100.0,100.0,2016-02-24T10:00:00Z,2016-02-24T07:00:00-03:00,2016-02-24T11:00:00Z,2016-02-24T08:00:00-03:00
6.746,,,False,2,pm25,µg/m³,,raw,01:00:00,2016-02-24T11:00:00Z,2016-02-24T08:00:00-03:00,2016-02-24T12:00:00Z,2016-02-24T09:00:00-03:00,1,01:00:00,1,01:00:00,100.0,100.0,2016-02-24T11:00:00Z,2016-02-24T08:00:00-03:00,2016-02-24T12:00:00Z,2016-02-24T09:00:00-03:00
8.63,,,False,2,pm25,µg/m³,,raw,01:00:00,2016-02-24T12:00:00Z,2016-02-24T09:00:00-03:00,2016-02-24T13:00:00Z,2016-02-24T10:00:00-03:00,1,01:00:00,1,01:00:00,100.0,100.0,2016-02-24T12:00:00Z,2016-02-24T09:00:00-03:00,2016-02-24T13:00:00Z,2016-02-24T10:00:00-03:00
8.09,,,False,2,pm25,µg/m³,,raw,01:00:00,2016-02-24T14:00:00Z,2016-02-24T11:00:00-03:00,2016-02-24T15:00:00Z,2016-02-24T12:00:00-03:00,1,01:00:00,1,01:00:00,100.0,100.0,2016-02-24T14:00:00Z,2016-02-24T11:00:00-03:00,2016-02-24T15:00:00Z,2016-02-24T12:00:00-03:00
12.81,,,False,2,pm25,µg/m³,,raw,01:00:00,2016-02-24T15:00:00Z,2016-02-24T12:00:00-03:00,2016-02-24T16:00:00Z,2016-02-24T13:00:00-03:00,1,01:00:00,1,01:00:00,100.0,100.0,2016-02-24T15:00:00Z,2016-02-24T12:00:00-03:00,2016-02-24T16:00:00Z,2016-02-24T13:00:00-03:00
5.391,,,False,2,pm25,µg/m³,,raw,01:00:00,2016-02-24T17:00:00Z,2016-02-24T14:00:00-03:00,2016-02-24T18:00:00Z,2016-02-24T15:00:00-03:00,1,01:00:00,1,01:00:00,100.0,100.0,2016-02-24T17:00:00Z,2016-02-24T14:00:00-03:00,2016-02-24T18:00:00Z,2016-02-24T15:00:00-03:00
3.369,,,False,2,pm25,µg/m³,,raw,01:00:00,2016-02-24T18:00:00Z,2016-02-24T15:00:00-03:00,2016-02-24T19:00:00Z,2016-02-24T16:00:00-03:00,1,01:00:00,1,01:00:00,100.0,100.0,2016-02-24T18:00:00Z,2016-02-24T15:00:00-03:00,2016-02-24T19:00:00Z,2016-02-24T16:00:00-03:00
13.49,,,False,2,pm25,µg/m³,,raw,01:00:00,2016-02-24T21:00:00Z,2016-02-24T18:00:00-03:00,2016-02-24T22:00:00Z,2016-02-24T19:00:00-03:00,1,01:00:00,1,01:00:00,100.0,100.0,2016-02-24T21:00:00Z,2016-02-24T18:00:00-03:00,2016-02-24T22:00:00Z,2016-02-24T19:00:00-03:00
18.23,,,False,2,pm25,µg/m³,,raw,01:00:00,2016-02-24T22:00:00Z,2016-02-24T19:00:00-03:00,2016-02-24T23:00:00Z,2016-02-24T20:00:00-03:00,1,01:00:00,1,01:00:00,100.0,100.0,2016-02-24T22:00:00Z,2016-02-24T19:00:00-03:00,2016-02-24T23:00:00Z,2016-02-24T20:00:00-03:00
20.26,,,False,2,pm25,µg/m³,,raw,01:00:00,2016-02-24T23:00:00Z,2016-02-24T20:00:00-03:00,2016-02-25T00:00:00Z,2016-02-24T21:00:00-03:00,1,01:00:00,1,01:00:00,100.0,100.0,2016-02-24T23:00:00Z,2016-02-24T20:00:00-03:00,2016-02-25T00:00:00Z,2016-02-24T21:00:00-03:00
27.02,,,False,2,pm25,µg/m³,,raw,01:00:00,2016-02-25T00:00:00Z,2016-02-24T21:00:00-03:00,2016-02-25T01:00:00Z,2016-02-24T22:00:00-03:00,1,01:00:00,1,01:00:00,100.0,100.0,2016-02-25T00:00:00Z,2016-02-24T21:00:00-03:00,2016-02-25T01:00:00Z,2016-02-24T22:00:00-03:00
16.89,,,False,2,pm25,µg/m³,,raw,01:00:00,2016-02-25T01:00:00Z,2016-02-24T22:00:00-03:00,2016-02-25T02:00:00Z,2016-02-24T23:00:00-03:00,1,01:00:00,1,01:00:00,100.0,100.0,2016-02-25T01:00:00Z,2016-02-24T22:00:00-03:00,2016-02-25T02:00:00Z,2016-02-24T23:00:00-03:00
17.62,,,False,2,pm25,µg/m³,,raw,01:00:00,2016-02-25T02:00:00Z,2016-02-24T23:00:00-03:00,2016-02-25T03:00:00Z,2016-02-25T00:00:00-03:00,1,01:00:00,1,01:00:00,100.0,100.0,2016-02-25T02:00:00Z,2016-02-24T23:00:00-03:00,2016-02-25T03:00:00Z,2016-02-25T00:00:00-03:00
18.74,,,False,2,pm25,µg/m³,,raw,01:00:00,2016-02-25T03:00:00Z,2016-02-25T00:00:00-03:00,2016-02-25T04:00:00Z,2016-02-25T01:00:00-03:00,1,01:00:00,1,01:00:00,100.0,100.0,2016-02-25T03:00:00Z,2016-02-25T00:00:00-03:00,2016-02-25T04:00:00Z,2016-02-25T01:00:00-03:00
14.19,,,False,2,pm25,µg/m³,,raw,01:00:00,2016-02-25T04:00:00Z,2016-02-25T01:00:00-03:00,2016-02-25T05:00:00Z,2016-02-25T02:00:00-03:00,1,01:00:00,1,01:00:00,100.0,100.0,2016-02-25T04:00:00Z,2016-02-25T01:00:00-03:00,2016-02-25T05:00:00Z,2016-02-25T02:00:00-03:00
12.83,,,False,2,pm25,µg/m³,,raw,01:00:00,2016-02-25T06:00:00Z,2016-02-25T03:00:00-03:00,2016-02-25T07:00:00Z,2016-02-25T04:00:00-03:00,1,01:00:00,1,01:00:00,100.0,100.0,2016-02-25T06:00:00Z,2016-02-25T03:00:00-03:00,2016-02-25T07:00:00Z,2016-02-25T04:00:00-03:00
12.85,,,False,2,pm25,µg/m³,,raw,01:00:00,2016-02-25T07:00:00Z,2016-02-25T04:00:00-03:00,2016-02-25T08:00:00Z,2016-02-25T05:00:00-03:00,1,01:00:00,1,01:00:00,100.0,100.0,2016-02-25T07:00:00Z,2016-02-25T04:00:00-03:00,2016-02-25T08:00:00Z,2016-02-25T05:00:00-03:00
14.87,,,False,2,pm25,µg/m³,,raw,01:00:00,2016-02-25T08:00:00Z,2016-02-25T05:00:00-03:00,2016-02-25T09:00:00Z,2016-02-25T06:00:00-03:00,1,01:00:00,1,01:00:00,100.0,100.0,2016-02-25T08:00:00Z,2016-02-25T05:00:00-03:00,2016-02-25T09:00:00Z,2016-02-25T06:00:00-03:00
8.11,,,False,2,pm25,µg/m³,,raw,01:00:00,2016-02-25T09:00:00Z,2016-02-25T06:00:00-03:00,2016-02-25T10:00:00Z,2016-02-25T07:00:00-03:00,1,01:00:00,1,01:00:00,100.0,100.0,2016-02-25T09:00:00Z,2016-02-25T06:00:00-03:00,2016-02-25T10:00:00Z,2016-02-25T07:00:00-03:00
17.78,,,False,2,pm25,µg/m³,,raw,01:00:00,2016-02-25T10:00:00Z,2016-02-25T07:00:00-03:00,2016-02-25T11:00:00Z,2016-02-25T08:00:00-03:00,1,01:00:00,1,01:00:00,100.0,100.0,2016-02-25T10:00:00Z,2016-02-25T07:00:00-03:00,2016-02-25T11:00:00Z,2016-02-25T08:00:00-03:00
31.08,,,False,2,pm25,µg/m³,,raw,01:00:00,2016-02-25T11:00:00Z,2016-02-25T08:00:00-03:00,2016-02-25T12:00:00Z,2016-02-25T09:00:00-03:00,1,01:00:00,1,01:00:00,100.0,100.0,2016-02-25T11:00:00Z,2016-02-25T08:00:00-03:00,2016-02-25T12:00:00Z,2016-02-25T09:00:00-03:00
40.84,,,False,2,pm25,µg/m³,,raw,01:00:00,2016-02-25T12:00:00Z,2016-02-25T09:00:00-03:00,2016-02-25T13:00:00Z,2016-02-25T10:00:00-03:00,1,01:00:00,1,01:00:00,100.0,100.0,2016-02-25T12:00:00Z,2016-02-25T09:00:00-03:00,2016-02-25T13:00:00Z,2016-02-25T10:00:00-03:00
27.7,,,False,2,pm25,µg/m³,,raw,01:00:00,2016-02-25T13:00:00Z,2016-02-25T10:00:00-03:00,2016-02-25T14:00:00Z,2016-02-25T11:00:00-03:00,1,01:00:00,1,01:00:00,100.0,100.0,2016-02-25T13:00:00Z,2016-02-25T10:00:00-03:00,2016-02-25T14:00:00Z,2016-02-25T11:00:00-03:00
11.14,,,False,2,pm25,µg/m³,,raw,01:00:00,2016-02-25T15:00:00Z,2016-02-25T12:00:00-03:00,2016-02-25T16:00:00Z,2016-02-25T13:00:00-03:00,1,01:00:00,1,01:00:00,100.0,100.0,2016-02-25T15:00:00Z,2016-02-25T12:00:00-03:00,2016-02-25T16:00:00Z,2016-02-25T13:00:00-03:00
10.13,,,False,2,pm25,µg/m³,,raw,01:00:00,2016-02-25T16:00:00Z,2016-02-25T13:00:00-03:00,2016-02-25T17:00:00Z,2016-02-25T14:00:00-03:00,1,01:00:00,1,01:00:00,100.0,100.0,2016-02-25T16:00:00Z,2016-02-25T13:00:00-03:00,2016-02-25T17:00:00Z,2016-02-25T14:00:00-03:00
11.04,,,False,2,pm25,µg/m³,,raw,01:00:00,2016-02-25T17:00:00Z,2016-02-25T14:00:00-03:00,2016-02-25T18:00:00Z,2016-02-25T15:00:00-03:00,1,01:00:00,1,01:00:00,100.0,100.0,2016-02-25T17:00:00Z,2016-02-25T14:00:00-03:00,2016-02-25T18:00:00Z,2016-02-25T15:00:00-03:00
10.81,,,False,2,pm25,µg/m³,,raw,01:00:00,2016-02-25T18:00:00Z,2016-02-25T15:00:00-03:00,2016-02-25T19:00:00Z,2016-02-25T16:00:00-03:00,1,01:00:00,1,01:00:00,100.0,100.0,2016-02-25T18:00:00Z,2016-02-25T15:00:00-03:00,2016-02-25T19:00:00Z,2016-02-25T16:00:00-03:00
10.13,,,False,2,pm25,µg/m³,,raw,01:00:00,2016-02-25T19:00:00Z,2016-02-25T16:00:00-03:00,2016-02-25T20:00:00Z,2016-02-25T17:00:00-03:00,1,01:00:00,1,01:00:00,100.0,100.0,2016-02-25T19:00:00Z,2016-02-25T16:00:00-03:00,2016-02-25T20:00:00Z,2016-02-25T17:00:00-03:00
16.89,,,False,2,pm25,µg/m³,,raw,01:00:00,2016-02-25T21:00:00Z,2016-02-25T18:00:00-03:00,2016-02-25T22:00:00Z,2016-02-25T19:00:00-03:00,1,01:00:00,1,01:00:00,100.0,100.0,2016-02-25T21:00:00Z,2016-02-25T18:00:00-03:00,2016-02-25T22:00:00Z,2016-02-25T19:00:00-03:00
12.16,,,False,2,pm25,µg/m³,,raw,01:00:00,2016-02-25T23:00:00Z,2016-02-25T20:00:00-03:00,2016-02-26T00:00:00Z,2016-02-25T21:00:00-03:00,1,01:00:00,1,01:00:00,100.0,100.0,2016-02-25T23:00:00Z,2016-02-25T20:00:00-03:00,2016-02-26T00:00:00Z,2016-02-25T21:00:00-03:00
16.89,,,False,2,pm25,µg/m³,,raw,01:00:00,2016-02-26T01:00:00Z,2016-02-25T22:00:00-03:00,2016-02-26T02:00:00Z,2016-02-25T23:00:00-03:00,1,01:00:00,1,01:00:00,100.0,100.0,2016-02-26T01:00:00Z,2016-02-25T22:00:00-03:00,2016-02-26T02:00:00Z,2016-02-25T23:00:00-03:00
14.19,,,False,2,pm25,µg/m³,,raw,01:00:00,2016-02-26T02:00:00Z,2016-02-25T23:00:00-03:00,2016-02-26T03:00:00Z,2016-02-26T00:00:00-03:00,1,01:00:00,1,01:00:00,100.0,100.0,2016-02-26T02:00:00Z,2016-02-25T23:00:00-03:00,2016-02-26T03:00:00Z,2016-02-26T00:00:00-03:00
11.49,,,False,2,pm25,µg/m³,,raw,01:00:00,2016-02-26T03:00:00Z,2016-02-26T00:00:00-03:00,2016-02-26T04:00:00Z,2016-02-26T01:00:00-03:00,1,01:00:00,1,01:00:00,100.0,100.0,2016-02-26T03:00:00Z,2016-02-26T00:00:00-03:00,2016-02-26T04:00:00Z,2016-02-26T01:00:00-03:00
10.81,,,False,2,pm25,µg/m³,,raw,01:00:00,2016-02-26T04:00:00Z,2016-02-26T01:00:00-03:00,2016-02-26T05:00:00Z,2016-02-26T02:00:00-03:00,1,01:00:00,1,01:00:00,100.0,100.0,2016-02-26T04:00:00Z,2016-02-26T01:00:00-03:00,2016-02-26T05:00:00Z,2016-02-26T02:00:00-03:00
10.14,,,False,2,pm25,µg/m³,,raw,01:00:00,2016-02-26T05:00:00Z,2016-02-26T02:00:00-03:00,2016-02-26T06:00:00Z,2016-02-26T03:00:00-03:00,1,01:00:00,1,01:00:00,100.0,100.0,2016-02-26T05:00:00Z,2016-02-26T02:00:00-03:00,2016-02-26T06:00:00Z,2016-02-26T03:00:00-03:00
11.49,,,False,2,pm25,µg/m³,,raw,01:00:00,2016-02-26T06:00:00Z,2016-02-26T03:00:00-03:00,2016-02-26T07:00:00Z,2016-02-26T04:00:00-03:00,1,01:00:00,1,01:00:00,100.0,100.0,2016-02-26T06:00:00Z,2016-02-26T03:00:00-03:00,2016-02-26T07:00:00Z,2016-02-26T04:00:00-03:00
10.14,,,False,2,pm25,µg/m³,,raw,01:00:00,2016-02-26T08:00:00Z,2016-02-26T05:00:00-03:00,2016-02-26T09:00:00Z,2016-02-26T06:00:00-03:00,1,01:00:00,1,01:00:00,100.0,100.0,2016-02-26T08:00:00Z,2016-02-26T05:00:00-03:00,2016-02-26T09:00:00Z,2016-02-26T06:00:00-03:00
15.52,,,False,2,pm25,µg/m³,,raw,01:00:00,2016-02-26T10:00:00Z,2016-02-26T07:00:00-03:00,2016-02-26T11:00:00Z,2016-02-26T08:00:00-03:00,1,01:00:00,1,01:00:00,100.0,100.0,2016-02-26T10:00:00Z,2016-02-26T07:00:00-03:00,2016-02-26T11:00:00Z,2016-02-26T08:00:00-03:00
12.06,,,False,2,pm25,µg/m³,,raw,01:00:00,2016-02-26T11:00:00Z,2016-02-26T08:00:00-03:00,2016-02-26T12:00:00Z,2016-02-26T09:00:00-03:00,1,01:00:00,1,01:00:00,100.0,100.0,2016-02-26T11:00:00Z,2016-02-26T08:00:00-03:00,2016-02-26T12:00:00Z,2016-02-26T09:00:00-03:00
8.11,,,False,2,pm25,µg/m³,,raw,01:00:00,2016-02-26T12:00:00Z,2016-02-26T09:00:00-03:00,2016-02-26T13:00:00Z,2016-02-26T10:00:00-03:00,1,01:00:00,1,01:00:00,100.0,100.0,2016-02-26T12:00:00Z,2016-02-26T09:00:00-03:00,2016-02-26T13:00:00Z,2016-02-26T10:00:00-03:00
8.64,,,False,2,pm25,µg/m³,,raw,01:00:00,2016-02-26T13:00:00Z,2016-02-26T10:00:00-03:00,2016-02-26T14:00:00Z,2016-02-26T11:00:00-03:00,1,01:00:00,1,01:00:00,100.0,100.0,2016-02-26T13:00:00Z,2016-02-26T10:00:00-03:00,2016-02-26T14:00:00Z,2016-02-26T11:00:00-03:00
10.81,,,False,2,pm25,µg/m³,,raw,01:00:00,2016-02-26T14:00:00Z,2016-02-26T11:00:00-03:00,2016-02-26T15:00:00Z,2016-02-26T12:00:00-03:00,1,01:00:00,1,01:00:00,100.0,100.0,2016-02-26T14:00:00Z,2016-02-26T11:00:00-03:00,2016-02-26T15:00:00Z,2016-02-26T12:00:00-03:00
10.13,,,False,2,pm25,µg/m³,,raw,01:00:00,2016-02-26T15:00:00Z,2016-02-26T12:00:00-03:00,2016-02-26T16:00:00Z,2016-02-26T13:00:00-03:00,1,01:00:00,1,01:00:00,100.0,100.0,2016-02-26T15:00:00Z,2016-02-26T12:00:00-03:00,2016-02-26T16:00:00Z,2016-02-26T13:00:00-03:00
6.08,,,False,2,pm25,µg/m³,,raw,01:00:00,2016-02-26T16:00:00Z,2016-02-26T13:00:00-03:00,2016-02-26T17:00:00Z,2016-02-26T14:00:00-03:00,1,01:00:00,1,01:00:00,100.0,100.0,2016-02-26T16:00:00Z,2016-02-26T13:00:00-03:00,2016-02-26T17:00:00Z,2016-02-26T14:00:00-03:00
4.729,,,False,2,pm25,µg/m³,,raw,01:00:00,2016-02-26T17:00:00Z,2016-02-26T14:00:00-03:00,2016-02-26T18:00:00Z,2016-02-26T15:00:00-03:00,1,01:00:00,1,01:00:00,100.0,100.0,2016-02-26T17:00:00Z,2016-02-26T14:00:00-03:00,2016-02-26T18:00:00Z,2016-02-26T15:00:00-03:00
8.11,,,False,2,pm25,µg/m³,,raw,01:00:00,2016-02-26T18:00:00Z,2016-02-26T15:00:00-03:00,2016-02-26T19:00:00Z,2016-02-26T16:00:00-03:00,1,01:00:00,1,01:00:00,100.0,100.0,2016-02-26T18:00:00Z,2016-02-26T15:00:00-03:00,2016-02-26T19:00:00Z,2016-02-26T16:00:00-03:00
8.11,,,False,2,pm25,µg/m³,,raw,01:00:00,2016-02-26T19:00:00Z,2016-02-26T16:00:00-03:00,2016-02-26T20:00:00Z,2016-02-26T17:00:00-03:00,1,01:00:00,1,01:00:00,100.0,100.0,2016-02-26T19:00:00Z,2016-02-26T16:00:00-03:00,2016-02-26T20:00:00Z,2016-02-26T17:00:00-03:00
9.45,,,False,2,pm25,µg/m³,,raw,01:00:00,2016-02-26T20:00:00Z,2016-02-26T17:00:00-03:00,2016-02-26T21:00:00Z,2016-02-26T18:00:00-03:00,1,01:00:00,1,01:00:00,100.0,100.0,2016-02-26T20:00:00Z,2016-02-26T17:00:00-03:00,2016-02-26T21:00:00Z,2016-02-26T18:00:00-03:00
10.14,,,False,2,pm25,µg/m³,,raw,01:00:00,2016-02-26T21:00:00Z,2016-02-26T18:00:00-03:00,2016-02-26T22:00:00Z,2016-02-26T19:00:00-03:00,1,01:00:00,1,01:00:00,100.0,100.0,2016-02-26T21:00:00Z,2016-02-26T18:00:00-03:00,2016-02-26T22:00:00Z,2016-02-26T19:00:00-03:00
13.51,,,False,2,pm25,µg/m³,,raw,01:00:00,2016-02-26T22:00:00Z,2016-02-26T19:00:00-03:00,2016-02-26T23:00:00Z,2016-02-26T20:00:00-03:00,1,01:00:00,1,01:00:00,100.0,100.0,2016-02-26T22:00:00Z,2016-02-26T19:00:00-03:00,2016-02-26T23:00:00Z,2016-02-26T20:00:00-03:00
20.27,,,False,2,pm25,µg/m³,,raw,01:00:00,2016-02-27T00:00:00Z,2016-02-26T21:00:00-03:00,2016-02-27T01:00:00Z,2016-02-26T22:00:00-03:00,1,01:00:00,1,01:00:00,100.0,100.0,2016-02-27T00:00:00Z,2016-02-26T21:00:00-03:00,2016-02-27T01:00:00Z,2016-02-26T22:00:00-03:00
16.89,,,False,2,pm25,µg/m³,,raw,01:00:00,2016-02-27T01:00:00Z,2016-02-26T22:00:00-03:00,2016-02-27T02:00:00Z,2016-02-26T23:00:00-03:00,1,01:00:00,1,01:00:00,100.0,100.0,2016-02-27T01:00:00Z,2016-02-26T22:00:00-03:00,2016-02-27T02:00:00Z,2016-02-26T23:00:00-03:00
21.53,,,False,2,pm25,µg/m³,,raw,01:00:00,2016-02-27T02:00:00Z,2016-02-26T23:00:00-03:00,2016-02-27T03:00:00Z,2016-02-27T00:00:00-03:00,1,01:00:00,1,01:00:00,100.0,100.0,2016-02-27T02:00:00Z,2016-02-26T23:00:00-03:00,2016-02-27T03:00:00Z,2016-02-27T00:00:00-03:00
19.63,,,False,2,pm25,µg/m³,,raw,01:00:00,2016-02-27T03:00:00Z,2016-02-27T00:00:00-03:00,2016-02-27T04:00:00Z,2016-02-27T01:00:00-03:00,1,01:00:00,1,01:00:00,100.0,100.0,2016-02-27T03:00:00Z,2016-02-27T00:00:00-03:00,2016-02-27T04:00:00Z,2016-02-27T01:00:00-03:00
13.51,,,False,2,pm25,µg/m³,,raw,01:00:00,2016-02-27T04:00:00Z,2016-02-27T01:00:00-03:00,2016-02-27T05:00:00Z,2016-02-27T02:00:00-03:00,1,01:00:00,1,01:00:00,100.0,100.0,2016-02-27T04:00:00Z,2016-02-27T01:00:00-03:00,2016-02-27T05:00:00Z,2016-02-27T02:00:00-03:00
13.51,,,False,2,pm25,µg/m³,,raw,01:00:00,2016-02-27T05:00:00Z,2016-02-27T02:00:00-03:00,2016-02-27T06:00:00Z,2016-02-27T03:00:00-03:00,1,01:00:00,1,01:00:00,100.0,100.0,2016-02-27T05:00:00Z,2016-02-27T02:00:00-03:00,2016-02-27T06:00:00Z,2016-02-27T03:00:00-03:00
15.54,,,False,2,pm25,µg/m³,,raw,01:00:00,2016-02-27T06:00:00Z,2016-02-27T03:00:00-03:00,2016-02-27T07:00:00Z,2016-02-27T04:00:00-03:00,1,01:00:00,1,01:00:00,100.0,100.0,2016-02-27T06:00:00Z,2016-02-27T03:00:00-03:00,2016-02-27T07:00:00Z,2016-02-27T04:00:00-03:00
15.54,,,False,2,pm25,µg/m³,,raw,01:00:00,2016-02-27T07:00:00Z,2016-02-27T04:00:00-03:00,2016-02-27T08:00:00Z,2016-02-27T05:00:00-03:00,1,01:00:00,1,01:00:00,100.0,100.0,2016-02-27T07:00:00Z,2016-02-27T04:00:00-03:00,2016-02-27T08:00:00Z,2016-02-27T05:00:00-03:00
16.91,,,False,2,pm25,µg/m³,,raw,01:00:00,2016-02-27T08:00:00Z,2016-02-27T05:00:00-03:00,2016-02-27T09:00:00Z,2016-02-27T06:00:00-03:00,1,01:00:00,1,01:00:00,100.0,100.0,2016-02-27T08:00:00Z,2016-02-27T05:00:00-03:00,2016-02-27T09:00:00Z,2016-02-27T06:00:00-03:00
20.27,,,False,2,pm25,µg/m³,,raw,01:00:00,2016-02-27T09:00:00Z,2016-02-27T06:00:00-03:00,2016-02-27T10:00:00Z,2016-02-27T07:00:00-03:00,1,01:00:00,1,01:00:00,100.0,100.0,2016-02-27T09:00:00Z,2016-02-27T06:00:00-03:00,2016-02-27T10:00:00Z,2016-02-27T07:00:00-03:00
18.24,,,False,2,pm25,µg/m³,,raw,01:00:00,2016-02-27T10:00:00Z,2016-02-27T07:00:00-03:00,2016-02-27T11:00:00Z,2016-02-27T08:00:00-03:00,1,01:00:00,1,01:00:00,100.0,100.0,2016-02-27T10:00:00Z,2016-02-27T07:00:00-03:00,2016-02-27T11:00:00Z,2016-02-27T08:00:00-03:00
16.22,,,False,2,pm25,µg/m³,,raw,01:00:00,2016-02-27T11:00:00Z,2016-02-27T08:00:00-03:00,2016-02-27T12:00:00Z,2016-02-27T09:00:00-03:00,1,01:00:00,1,01:00:00,100.0,100.0,2016-02-27T11:00:00Z,2016-02-27T08:00:00-03:00,2016-02-27T12:00:00Z,2016-02-27T09:00:00-03:00
15.52,,,False,2,pm25,µg/m³,,raw,01:00:00,2016-02-27T12:00:00Z,2016-02-27T09:00:00-03:00,2016-02-27T13:00:00Z,2016-02-27T10:00:00-03:00,1,01:00:00,1,01:00:00,100.0,100.0,2016-02-27T12:00:00Z,2016-02-27T09:00:00-03:00,2016-02-27T13:00:00Z,2016-02-27T10:00:00-03:00
13.51,,,False,2,pm25,µg/m³,,raw,01:00:00,2016-02-27T13:00:00Z,2016-02-27T10:00:00-03:00,2016-02-27T14:00:00Z,2016-02-27T11:00:00-03:00,1,01:00:00,1,01:00:00,100.0,100.0,2016-02-27T13:00:00Z,2016-02-27T10:00:00-03:00,2016-02-27T14:00:00Z,2016-02-27T11:00:00-03:00
8.78,,,False,2,pm25,µg/m³,,raw,01:00:00,2016-02-27T14:00:00Z,2016-02-27T11:00:00-03:00,2016-02-27T15:00:00Z,2016-02-27T12:00:00-03:00,1,01:00:00,1,01:00:00,100.0,100.0,2016-02-27T14:00:00Z,2016-02-27T11:00:00-03:00,2016-02-27T15:00:00Z,2016-02-27T12:00:00-03:00
7.429,,,False,2,pm25,µg/m³,,raw,01:00:00,2016-02-27T15:00:00Z,2016-02-27T12:00:00-03:00,2016-02-27T16:00:00Z,2016-02-27T13:00:00-03:00,1,01:00:00,1,01:00:00,100.0,100.0,2016-02-27T15:00:00Z,2016-02-27T12:00:00-03:00,2016-02-27T16:00:00Z,2016-02-27T13:00:00-03:00
12.16,,,False,2,pm25,µg/m³,,raw,01:00:00,2016-02-27T17:00:00Z,2016-02-27T14:00:00-03:00,2016-02-27T18:00:00Z,2016-02-27T15:00:00-03:00,1,01:00:00,1,01:00:00,100.0,100.0,2016-02-27T17:00:00Z,2016-02-27T14:00:00-03:00,2016-02-27T18:00:00Z,2016-02-27T15:00:00-03:00
6.753,,,False,2,pm25,µg/m³,,raw,01:00:00,2016-02-27T18:00:00Z,2016-02-27T15:00:00-03:00,2016-02-27T19:00:00Z,2016-02-27T16:00:00-03:00,1,01:00:00,1,01:00:00,100.0,100.0,2016-02-27T18:00:00Z,2016-02-27T15:00:00-03:00,2016-02-27T19:00:00Z,2016-02-27T16:00:00-03:00
10.13,,,False,2,pm25,µg/m³,,raw,01:00:00,2016-02-27T19:00:00Z,2016-02-27T16:00:00-03:00,2016-02-27T20:00:00Z,2016-02-27T17:00:00-03:00,1,01:00:00,1,01:00:00,100.0,100.0,2016-02-27T19:00:00Z,2016-02-27T16:00:00-03:00,2016-02-27T20:00:00Z,2016-02-27T17:00:00-03:00
12.83,,,False,2,pm25,µg/m³,,raw,01:00:00,2016-02-27T22:00:00Z,2016-02-27T19:00:00-03:00,2016-02-27T23:00:00Z,2016-02-27T20:00:00-03:00,1,01:00:00,1,01:00:00,100.0,100.0,2016-02-27T22:00:00Z,2016-02-27T19:00:00-03:00,2016-02-27T23:00:00Z,2016-02-27T20:00:00-03:00
13.51,,,False,2,pm25,µg/m³,,raw,01:00:00,2016-02-27T23:00:00Z,2016-02-27T20:00:00-03:00,2016-02-28T00:00:00Z,2016-02-27T21:00:00-03:00,1,01:00:00,1,01:00:00,100.0,100.0,2016-02-27T23:00:00Z,2016-02-27T20:00:00-03:00,2016-02-28T00:00:00Z,2016-02-27T21:00:00-03:00
6.756,,,False,2,pm25,µg/m³,,raw,01:00:00,2016-02-29T00:00:00Z,2016-02-28T21:00:00-03:00,2016-02-29T01:00:00Z,2016-02-28T22:00:00-03:00,1,01:00:00,1,01:00:00,100.0,100.0,2016-02-29T00:00:00Z,2016-02-28T21:00:00-03:00,2016-02-29T01:00:00Z,2016-02-28T22:00:00-03:00
11.49,,,False,2,pm25,µg/m³,,raw,01:00:00,2016-02-29T01:00:00Z,2016-02-28T22:00:00-03:00,2016-02-29T02:00:00Z,2016-02-28T23:00:00-03:00,1,01:00:00,1,01:00:00,100.0,100.0,2016-02-29T01:00:00Z,2016-02-28T22:00:00-03:00,2016-02-29T02:00:00Z,2016-02-28T23:00:00-03:00
8.11,,,False,2,pm25,µg/m³,,raw,01:00:00,2016-02-29T02:00:00Z,2016-02-28T23:00:00-03:00,2016-02-29T03:00:00Z,2016-02-29T00:00:00-03:00,1,01:00:00,1,01:00:00,100.0,100.0,2016-02-29T02:00:00Z,2016-02-28T23:00:00-03:00,2016-02-29T03:00:00Z,2016-02-29T00:00:00-03:00
18.24,,,False,2,pm25,µg/m³,,raw,01:00:00,2016-02-29T03:00:00Z,2016-02-29T00:00:00-03:00,2016-02-29T04:00:00Z,2016-02-29T01:00:00-03:00,1,01:00:00,1,01:00:00,100.0,100.0,2016-02-29T03:00:00Z,2016-02-29T00:00:00-03:00,2016-02-29T04:00:00Z,2016-02-29T01:00:00-03:00
12.84,,,False,2,pm25,µg/m³,,raw,01:00:00,2016-02-29T04:00:00Z,2016-02-29T01:00:00-03:00,2016-02-29T05:00:00Z,2016-02-29T02:00:00-03:00,1,01:00:00,1,01:00:00,100.0,100.0,2016-02-29T04:00:00Z,2016-02-29T01:00:00-03:00,2016-02-29T05:00:00Z,2016-02-29T02:00:00-03:00
16.21,,,False,2,pm25,µg/m³,,raw,01:00:00,2016-02-29T05:00:00Z,2016-02-29T02:00:00-03:00,2016-02-29T06:00:00Z,2016-02-29T03:00:00-03:00,1,01:00:00,1,01:00:00,100.0,100.0,2016-02-29T05:00:00Z,2016-02-29T02:00:00-03:00,2016-02-29T06:00:00Z,2016-02-29T03:00:00-03:00
7.433,,,False,2,pm25,µg/m³,,raw,01:00:00,2016-02-29T06:00:00Z,2016-02-29T03:00:00-03:00,2016-02-29T07:00:00Z,2016-02-29T04:00:00-03:00,1,01:00:00,1,01:00:00,100.0,100.0,2016-02-29T06:00:00Z,2016-02-29T03:00:00-03:00,2016-02-29T07:00:00Z,2016-02-29T04:00:00-03:00
11.49,,,False,2,pm25,µg/m³,,raw,01:00:00,2016-02-29T07:00:00Z,2016-02-29T04:00:00-03:00,2016-02-29T08:00:00Z,2016-02-29T05:00:00-03:00,1,01:00:00,1,01:00:00,100.0,100.0,2016-02-29T07:00:00Z,2016-02-29T04:00:00-03:00,2016-02-29T08:00:00Z,2016-02-29T05:00:00-03:00
13.62,,,False,2,pm25,µg/m³,,raw,01:00:00,2016-02-29T08:00:00Z,2016-02-29T05:00:00-03:00,2016-02-29T09:00:00Z,2016-02-29T06:00:00-03:00,1,01:00:00,1,01:00:00,100.0,100.0,2016-02-29T08:00:00Z,2016-02-29T05:00:00-03:00,2016-02-29T09:00:00Z,2016-02-29T06:00:00-03:00
13.51,,,False,2,pm25,µg/m³,,raw,01:00:00,2016-02-29T09:00:00Z,2016-02-29T06:00:00-03:00,2016-02-29T10:00:00Z,2016-02-29T07:00:00-03:00,1,01:00:00,1,01:00:00,100.0,100.0,2016-02-29T09:00:00Z,2016-02-29T06:00:00-03:00,2016-02-29T10:00:00Z,2016-02-29T07:00:00-03:00
21.41,,,False,2,pm25,µg/m³,,raw,01:00:00,2016-02-29T10:00:00Z,2016-02-29T07:00:00-03:00,2016-02-29T11:00:00Z,2016-02-29T08:00:00-03:00,1,01:00:00,1,01:00:00,100.0,100.0,2016-02-29T10:00:00Z,2016-02-29T07:00:00-03:00,2016-02-29T11:00:00Z,2016-02-29T08:00:00-03:00
17.66,,,False,2,pm25,µg/m³,,raw,01:00:00,2016-02-29T11:00:00Z,2016-02-29T08:00:00-03:00,2016-02-29T12:00:00Z,2016-02-29T09:00:00-03:00,1,01:00:00,1,01:00:00,100.0,100.0,2016-02-29T11:00:00Z,2016-02-29T08:00:00-03:00,2016-02-29T12:00:00Z,2016-02-29T09:00:00-03:00
17.57,,,False,2,pm25,µg/m³,,raw,01:00:00,2016-02-29T12:00:00Z,2016-02-29T09:00:00-03:00,2016-02-29T13:00:00Z,2016-02-29T10:00:00-03:00,1,01:00:00,1,01:00:00,100.0,100.0,2016-02-29T12:00:00Z,2016-02-29T09:00:00-03:00,2016-02-29T13:00:00Z,2016-02-29T10:00:00-03:00
18.24,,,False,2,pm25,µg/m³,,raw,01:00:00,2016-02-29T13:00:00Z,2016-02-29T10:00:00-03:00,2016-02-29T14:00:00Z,2016-02-29T11:00:00-03:00,1,01:00:00,1,01:00:00,100.0,100.0,2016-02-29T13:00:00Z,2016-02-29T10:00:00-03:00,2016-02-29T14:00:00Z,2016-02-29T11:00:00-03:00
19.59,,,False,2,pm25,µg/m³,,raw,01:00:00,2016-02-29T14:00:00Z,2016-02-29T11:00:00-03:00,2016-02-29T15:00:00Z,2016-02-29T12:00:00-03:00,1,01:00:00,1,01:00:00,100.0,100.0,2016-02-29T14:00:00Z,2016-02-29T11:00:00-03:00,2016-02-29T15:00:00Z,2016-02-29T12:00:00-03:00
12.83,,,False,2,pm25,µg/m³,,raw,01:00:00,2016-02-29T15:00:00Z,2016-02-29T12:00:00-03:00,2016-02-29T16:00:00Z,2016-02-29T13:00:00-03:00,1,01:00:00,1,01:00:00,100.0,100.0,2016-02-29T15:00:00Z,2016-02-29T12:00:00-03:00,2016-02-29T16:00:00Z,2016-02-29T13:00:00-03:00
8.21,,,False,2,pm25,µg/m³,,raw,01:00:00,2016-02-29T16:00:00Z,2016-02-29T13:00:00-03:00,2016-02-29T17:00:00Z,2016-02-29T14:00:00-03:00,1,01:00:00,1,01:00:00,100.0,100.0,2016-02-29T16:00:00Z,2016-02-29T13:00:00-03:00,2016-02-29T17:00:00Z,2016-02-29T14:00:00-03:00
6.739,,,False,2,pm25,µg/m³,,raw,01:00:00,2016-02-29T18:00:00Z,2016-02-29T15:00:00-03:00,2016-02-29T19:00:00Z,2016-02-29T16:00:00-03:00,1,01:00:00,1,01:00:00,100.0,100.0,2016-02-29T18:00:00Z,2016-02-29T15:00:00-03:00,2016-02-29T19:00:00Z,2016-02-29T16:00:00-03:00
6.077,,,False,2,pm25,µg/m³,,raw,01:00:00,2016-02-29T19:00:00Z,2016-02-29T16:00:00-03:00,2016-02-29T20:00:00Z,2016-02-29T17:00:00-03:00,1,01:00:00,1,01:00:00,100.0,100.0,2016-02-29T19:00:00Z,2016-02-29T16:00:00-03:00,2016-02-29T20:00:00Z,2016-02-29T17:00:00-03:00
8.1,,,False,2,pm25,µg/m³,,raw,01:00:00,2016-02-29T20:00:00Z,2016-02-29T17:00:00-03:00,2016-02-29T21:00:00Z,2016-02-29T18:00:00-03:00,1,01:00:00,1,01:00:00,100.0,100.0,2016-02-29T20:00:00Z,2016-02-29T17:00:00-03:00,2016-02-29T21:00:00Z,2016-02-29T18:00:00-03:00
11.51,,,False,2,pm25,µg/m³,,raw,01:00:00,2016-02-29T21:00:00Z,2016-02-29T18:00:00-03:00,2016-02-29T22:00:00Z,2016-02-29T19:00:00-03:00,1,01:00:00,1,01:00:00,100.0,100.0,2016-02-29T21:00:00Z,2016-02-29T18:00:00-03:00,2016-02-29T22:00:00Z,2016-02-29T19:00:00-03:00
16.89,,,False,2,pm25,µg/m³,,raw,01:00:00,2016-03-01T00:00:00Z,2016-02-29T21:00:00-03:00,2016-03-01T01:00:00Z,2016-02-29T22:00:00-03:00,1,01:00:00,1,01:00:00,100.0,100.0,2016-03-01T00:00:00Z,2016-02-29T21:00:00-03:00,2016-03-01T01:00:00Z,2016-02-29T22:00:00-03:00
7.432,,,False,2,pm25,µg/m³,,raw,01:00:00,2016-03-01T01:00:00Z,2016-02-29T22:00:00-03:00,2016-03-01T02:00:00Z,2016-02-29T23:00:00-03:00,1,01:00:00,1,01:00:00,100.0,100.0,2016-03-01T01:00:00Z,2016-02-29T22:00:00-03:00,2016-03-01T02:00:00Z,2016-02-29T23:00:00-03:00
11.49,,,False,2,pm25,µg/m³,,raw,01:00:00,2016-03-01T02:00:00Z,2016-02-29T23:00:00-03:00,2016-03-01T03:00:00Z,2016-03-01T00:00:00-03:00,1,01:00:00,1,01:00:00,100.0,100.0,2016-03-01T02:00:00Z,2016-02-29T23:00:00-03:00,2016-03-01T03:00:00Z,2016-03-01T00:00:00-03:00
12.84,,,False,2,pm25,µg/m³,,raw,01:00:00,2016-03-01T03:00:00Z,2016-03-01T00:00:00-03:00,2016-03-01T04:00:00Z,2016-03-01T01:00:00-03:00,1,01:00:00,1,01:00:00,100.0,100.0,2016-03-01T03:00:00Z,2016-03-01T00:00:00-03:00,2016-03-01T04:00:00Z,2016-03-01T01:00:00-03:00
11.49,,,False,2,pm25,µg/m³,,raw,01:00:00,2016-03-01T04:00:00Z,2016-03-01T01:00:00-03:00,2016-03-01T05:00:00Z,2016-03-01T02:00:00-03:00,1,01:00:00,1,01:00:00,100.0,100.0,2016-03-01T04:00:00Z,2016-03-01T01:00:00-03:00,2016-03-01T05:00:00Z,2016-03-01T02:00:00-03:00
18.55,,,False,2,pm25,µg/m³,,raw,01:00:00,2016-03-01T05:00:00Z,2016-03-01T02:00:00-03:00,2016-03-01T06:00:00Z,2016-03-01T03:00:00-03:00,1,01:00:00,1,01:00:00,100.0,100.0,2016-03-01T05:00:00Z,2016-03-01T02:00:00-03:00,2016-03-01T06:00:00Z,2016-03-01T03:00:00-03:00
14.19,,,False,2,pm25,µg/m³,,raw,01:00:00,2016-03-01T06:00:00Z,2016-03-01T03:00:00-03:00,2016-03-01T07:00:00Z,2016-03-01T04:00:00-03:00,1,01:00:00,1,01:00:00,100.0,100.0,2016-03-01T06:00:00Z,2016-03-01T03:00:00-03:00,2016-03-01T07:00:00Z,2016-03-01T04:00:00-03:00
11.88,,,False,2,pm25,µg/m³,,raw,01:00:00,2016-03-01T07:00:00Z,2016-03-01T04:00:00-03:00,2016-03-01T08:00:00Z,2016-03-01T05:00:00-03:00,1,01:00:00,1,01:00:00,100.0,100.0,2016-03-01T07:00:00Z,2016-03-01T04:00:00-03:00,2016-03-01T08:00:00Z,2016-03-01T05:00:00-03:00
16.89,,,False,2,pm25,µg/m³,,raw,01:00:00,2016-03-01T08:00:00Z,2016-03-01T05:00:00-03:00,2016-03-01T09:00:00Z,2016-03-01T06:00:00-03:00,1,01:00:00,1,01:00:00,100.0,100.0,2016-03-01T08:00:00Z,2016-03-01T05:00:00-03:00,2016-03-01T09:00:00Z,2016-03-01T06:00:00-03:00
16.89,,,False,2,pm25,µg/m³,,raw,01:00:00,2016-03-01T09:00:00Z,2016-03-01T06:00:00-03:00,2016-03-01T10:00:00Z,2016-03-01T07:00:00-03:00,1,01:00:00,1,01:00:00,100.0,100.0,2016-03-01T09:00:00Z,2016-03-01T06:00:00-03:00,2016-03-01T10:00:00Z,2016-03-01T07:00:00-03:00
18.24,,,False,2,pm25,µg/m³,,raw,01:00:00,2016-03-01T10:00:00Z,2016-03-01T07:00:00-03:00,2016-03-01T11:00:00Z,2016-03-01T08:00:00-03:00,1,01:00:00,1,01:00:00,100.0,100.0,2016-03-01T10:00:00Z,2016-03-01T07:00:00-03:00,2016-03-01T11:00:00Z,2016-03-01T08:00:00-03:00
21.28,,,False,2,pm25,µg/m³,,raw,01:00:00,2016-03-01T11:00:00Z,2016-03-01T08:00:00-03:00,2016-03-01T12:00:00Z,2016-03-01T09:00:00-03:00,1,01:00:00,1,01:00:00,100.0,100.0,2016-03-01T11:00:00Z,2016-03-01T08:00:00-03:00,2016-03-01T12:00:00Z,2016-03-01T09:00:00-03:00
18.24,,,False,2,pm25,µg/m³,,raw,01:00:00,2016-03-01T12:00:00Z,2016-03-01T09:00:00-03:00,2016-03-01T13:00:00Z,2016-03-01T10:00:00-03:00,1,01:00:00,1,01:00:00,100.0,100.0,2016-03-01T12:00:00Z,2016-03-01T09:00:00-03:00,2016-03-01T13:00:00Z,2016-03-01T10:00:00-03:00
17.57,,,False,2,pm25,µg/m³,,raw,01:00:00,2016-03-01T13:00:00Z,2016-03-01T10:00:00-03:00,2016-03-01T14:00:00Z,2016-03-01T11:00:00-03:00,1,01:00:00,1,01:00:00,100.0,100.0,2016-03-01T13:00:00Z,2016-03-01T10:00:00-03:00,2016-03-01T14:00:00Z,2016-03-01T11:00:00-03:00
16.08,,,False,2,pm25,µg/m³,,raw,01:00:00,2016-03-01T14:00:00Z,2016-03-01T11:00:00-03:00,2016-03-01T15:00:00Z,2016-03-01T12:00:00-03:00,1,01:00:00,1,01:00:00,100.0,100.0,2016-03-01T14:00:00Z,2016-03-01T11:00:00-03:00,2016-03-01T15:00:00Z,2016-03-01T12:00:00-03:00
14.86,,,False,2,pm25,µg/m³,,raw,01:00:00,2016-03-01T16:00:00Z,2016-03-01T13:00:00-03:00,2016-03-01T17:00:00Z,2016-03-01T14:00:00-03:00,1,01:00:00,1,01:00:00,100.0,100.0,2016-03-01T16:00:00Z,2016-03-01T13:00:00-03:00,2016-03-01T17:00:00Z,2016-03-01T14:00:00-03:00
9.12,,,False,2,pm25,µg/m³,,raw,01:00:00,2016-03-01T17:00:00Z,2016-03-01T14:00:00-03:00,2016-03-01T18:00:00Z,2016-03-01T15:00:00-03:00,1,01:00:00,1,01:00:00,100.0,100.0,2016-03-01T17:00:00Z,2016-03-01T14:00:00-03:00,2016-03-01T18:00:00Z,2016-03-01T15:00:00-03:00
11.48,,,False,2,pm25,µg/m³,,raw,01:00:00,2016-03-01T18:00:00Z,2016-03-01T15:00:00-03:00,2016-03-01T19:00:00Z,2016-03-01T16:00:00-03:00,1,01:00:00,1,01:00:00,100.0,100.0,2016-03-01T18:00:00Z,2016-03-01T15:00:00-03:00,2016-03-01T19:00:00Z,2016-03-01T16:00:00-03:00
3.374,,,False,2,pm25,µg/m³,,raw,01:00:00,2016-03-01T20:00:00Z,2016-03-01T17:00:00-03:00,2016-03-01T21:00:00Z,2016-03-01T18:00:00-03:00,1,01:00:00,1,01:00:00,100.0,100.0,2016-03-01T20:00:00Z,2016-03-01T17:00:00-03:00,2016-03-01T21:00:00Z,2016-03-01T18:00:00-03:00
3.369,,,False,2,pm25,µg/m³,,raw,01:00:00,2016-03-01T21:00:00Z,2016-03-01T18:00:00-03:00,2016-03-01T22:00:00Z,2016-03-01T19:00:00-03:00,1,01:00:00,1,01:00:00,100.0,100.0,2016-03-01T21:00:00Z,2016-03-01T18:00:00-03:00,2016-03-01T22:00:00Z,2016-03-01T19:00:00-03:00
19.58,,,False,2,pm25,µg/m³,,raw,01:00:00,2016-03-01T22:00:00Z,2016-03-01T19:00:00-03:00,2016-03-01T23:00:00Z,2016-03-01T20:00:00-03:00,1,01:00:00,1,01:00:00,100.0,100.0,2016-03-01T22:00:00Z,2016-03-01T19:00:00-03:00,2016-03-01T23:00:00Z,2016-03-01T20:00:00-03:00
22.29,,,False,2,pm25,µg/m³,,raw,01:00:00,2016-03-01T23:00:00Z,2016-03-01T20:00:00-03:00,2016-03-02T00:00:00Z,2016-03-01T21:00:00-03:00,1,01:00:00,1,01:00:00,100.0,100.0,2016-03-01T23:00:00Z,2016-03-01T20:00:00-03:00,2016-03-02T00:00:00Z,2016-03-01T21:00:00-03:00
27.69,,,False,2,pm25,µg/m³,,raw,01:00:00,2016-03-02T00:00:00Z,2016-03-01T21:00:00-03:00,2016-03-02T01:00:00Z,2016-03-01T22:00:00-03:00,1,01:00:00,1,01:00:00,100.0,100.0,2016-03-02T00:00:00Z,2016-03-01T21:00:00-03:00,2016-03-02T01:00:00Z,2016-03-01T22:00:00-03:00
22.96,,,False,2,pm25,µg/m³,,raw,01:00:00,2016-03-02T01:00:00Z,2016-03-01T22:00:00-03:00,2016-03-02T02:00:00Z,2016-03-01T23:00:00-03:00,1,01:00:00,1,01:00:00,100.0,100.0,2016-03-02T01:00:00Z,2016-03-01T22:00:00-03:00,2016-03-02T02:00:00Z,2016-03-01T23:00:00-03:00
20.27,,,False,2,pm25,µg/m³,,raw,01:00:00,2016-03-02T02:00:00Z,2016-03-01T23:00:00-03:00,2016-03-02T03:00:00Z,2016-03-02T00:00:00-03:00,1,01:00:00,1,01:00:00,100.0,100.0,2016-03-02T02:00:00Z,2016-03-01T23:00:00-03:00,2016-03-02T03:00:00Z,2016-03-02T00:00:00-03:00
19.59,,,False,2,pm25,µg/m³,,raw,01:00:00,2016-03-02T04:00:00Z,2016-03-02T01:00:00-03:00,2016-03-02T05:00:00Z,2016-03-02T02:00:00-03:00,1,01:00:00,1,01:00:00,100.0,100.0,2016-03-02T04:00:00Z,2016-03-02T01:00:00-03:00,2016-03-02T05:00:00Z,2016-03-02T02:00:00-03:00
18.41,,,False,2,pm25,µg/m³,,raw,01:00:00,2016-03-02T05:00:00Z,2016-03-02T02:00:00-03:00,2016-03-02T06:00:00Z,2016-03-02T03:00:00-03:00,1,01:00:00,1,01:00:00,100.0,100.0,2016-03-02T05:00:00Z,2016-03-02T02:00:00-03:00,2016-03-02T06:00:00Z,2016-03-02T03:00:00-03:00
17.57,,,False,2,pm25,µg/m³,,raw,01:00:00,2016-03-02T06:00:00Z,2016-03-02T03:00:00-03:00,2016-03-02T07:00:00Z,2016-03-02T04:00:00-03:00,1,01:00:00,1,01:00:00,100.0,100.0,2016-03-02T06:00:00Z,2016-03-02T03:00:00-03:00,2016-03-02T07:00:00Z,2016-03-02T04:00:00-03:00
22.26,,,False,2,pm25,µg/m³,,raw,01:00:00,2016-03-02T07:00:00Z,2016-03-02T04:00:00-03:00,2016-03-02T08:00:00Z,2016-03-02T05:00:00-03:00,1,01:00:00,1,01:00:00,100.0,100.0,2016-03-02T07:00:00Z,2016-03-02T04:00:00-03:00,2016-03-02T08:00:00Z,2016-03-02T05:00:00-03:00
13.51,,,False,2,pm25,µg/m³,,raw,01:00:00,2016-03-02T08:00:00Z,2016-03-02T05:00:00-03:00,2016-03-02T09:00:00Z,2016-03-02T06:00:00-03:00,1,01:00:00,1,01:00:00,100.0,100.0,2016-03-02T08:00:00Z,2016-03-02T05:00:00-03:00,2016-03-02T09:00:00Z,2016-03-02T06:00:00-03:00
21.62,,,False,2,pm25,µg/m³,,raw,01:00:00,2016-03-02T09:00:00Z,2016-03-02T06:00:00-03:00,2016-03-02T10:00:00Z,2016-03-02T07:00:00-03:00,1,01:00:00,1,01:00:00,100.0,100.0,2016-03-02T09:00:00Z,2016-03-02T06:00:00-03:00,2016-03-02T10:00:00Z,2016-03-02T07:00:00-03:00
16.8,,,False,2,pm25,µg/m³,,raw,01:00:00,2016-03-02T10:00:00Z,2016-03-02T07:00:00-03:00,2016-03-02T11:00:00Z,2016-03-02T08:00:00-03:00,1,01:00:00,1,01:00:00,100.0,100.0,2016-03-02T10:00:00Z,2016-03-02T07:00:00-03:00,2016-03-02T11:00:00Z,2016-03-02T08:00:00-03:00
18.34,,,False,2,pm25,µg/m³,,raw,01:00:00,2016-03-02T11:00:00Z,2016-03-02T08:00:00-03:00,2016-03-02T12:00:00Z,2016-03-02T09:00:00-03:00,1,01:00:00,1,01:00:00,100.0,100.0,2016-03-02T11:00:00Z,2016-03-02T08:00:00-03:00,2016-03-02T12:00:00Z,2016-03-02T09:00:00-03:00
18.92,,,False,2,pm25,µg/m³,,raw,01:00:00,2016-03-02T12:00:00Z,2016-03-02T09:00:00-03:00,2016-03-02T13:00:00Z,2016-03-02T10:00:00-03:00,1,01:00:00,1,01:00:00,100.0,100.0,2016-03-02T12:00:00Z,2016-03-02T09:00:00-03:00,2016-03-02T13:00:00Z,2016-03-02T10:00:00-03:00
22.97,,,False,2,pm25,µg/m³,,raw,01:00:00,2016-03-02T13:00:00Z,2016-03-02T10:00:00-03:00,2016-03-02T14:00:00Z,2016-03-02T11:00:00-03:00,1,01:00:00,1,01:00:00,100.0,100.0,2016-03-02T13:00:00Z,2016-03-02T10:00:00-03:00,2016-03-02T14:00:00Z,2016-03-02T11:00:00-03:00
14.19,,,False,2,pm25,µg/m³,,raw,01:00:00,2016-03-02T14:00:00Z,2016-03-02T11:00:00-03:00,2016-03-02T15:00:00Z,2016-03-02T12:00:00-03:00,1,01:00:00,1,01:00:00,100.0,100.0,2016-03-02T14:00:00Z,2016-03-02T11:00:00-03:00,2016-03-02T15:00:00Z,2016-03-02T12:00:00-03:00
14.86,,,False,2,pm25,µg/m³,,raw,01:00:00,2016-03-02T15:00:00Z,2016-03-02T12:00:00-03:00,2016-03-02T16:00:00Z,2016-03-02T13:00:00-03:00,1,01:00:00,1,01:00:00,100.0,100.0,2016-03-02T15:00:00Z,2016-03-02T12:00:00-03:00,2016-03-02T16:00:00Z,2016-03-02T13:00:00-03:00
10.8,,,False,2,pm25,µg/m³,,raw,01:00:00,2016-03-02T16:00:00Z,2016-03-02T13:00:00-03:00,2016-03-02T17:00:00Z,2016-03-02T14:00:00-03:00,1,01:00:00,1,01:00:00,100.0,100.0,2016-03-02T16:00:00Z,2016-03-02T13:00:00-03:00,2016-03-02T17:00:00Z,2016-03-02T14:00:00-03:00
19.59,,,False,2,pm25,µg/m³,,raw,01:00:00,2016-03-02T17:00:00Z,2016-03-02T14:00:00-03:00,2016-03-02T18:00:00Z,2016-03-02T15:00:00-03:00,1,01:00:00,1,01:00:00,100.0,100.0,2016-03-02T17:00:00Z,2016-03-02T14:00:00-03:00,2016-03-02T18:00:00Z,2016-03-02T15:00:00-03:00
16.21,,,False,2,pm25,µg/m³,,raw,01:00:00,2016-03-02T18:00:00Z,2016-03-02T15:00:00-03:00,2016-03-02T19:00:00Z,2016-03-02T16:00:00-03:00,1,01:00:00,1,01:00:00,100.0,100.0,2016-03-02T18:00:00Z,2016-03-02T15:00:00-03:00,2016-03-02T19:00:00Z,2016-03-02T16:00:00-03:00
13.51,,,False,2,pm25,µg/m³,,raw,01:00:00,2016-03-02T19:00:00Z,2016-03-02T16:00:00-03:00,2016-03-02T20:00:00Z,2016-03-02T17:00:00-03:00,1,01:00:00,1,01:00:00,100.0,100.0,2016-03-02T19:00:00Z,2016-03-02T16:00:00-03:00,2016-03-02T20:00:00Z,2016-03-02T17:00:00-03:00
14.18,,,False,2,pm25,µg/m³,,raw,01:00:00,2016-03-02T20:00:00Z,2016-03-02T17:00:00-03:00,2016-03-02T21:00:00Z,2016-03-02T18:00:00-03:00,1,01:00:00,1,01:00:00,100.0,100.0,2016-03-02T20:00:00Z,2016-03-02T17:00:00-03:00,2016-03-02T21:00:00Z,2016-03-02T18:00:00-03:00
18.23,,,False,2,pm25,µg/m³,,raw,01:00:00,2016-03-02T21:00:00Z,2016-03-02T18:00:00-03:00,2016-03-02T22:00:00Z,2016-03-02T19:00:00-03:00,1,01:00:00,1,01:00:00,100.0,100.0,2016-03-02T21:00:00Z,2016-03-02T18:00:00-03:00,2016-03-02T22:00:00Z,2016-03-02T19:00:00-03:00
28.37,,,False,2,pm25,µg/m³,,raw,01:00:00,2016-03-02T22:00:00Z,2016-03-02T19:00:00-03:00,2016-03-02T23:00:00Z,2016-03-02T20:00:00-03:00,1,01:00:00,1,01:00:00,100.0,100.0,2016-03-02T22:00:00Z,2016-03-02T19:00:00-03:00,2016-03-02T23:00:00Z,2016-03-02T20:00:00-03:00
27.02,,,False,2,pm25,µg/m³,,raw,01:00:00,2016-03-02T23:00:00Z,2016-03-02T20:00:00-03:00,2016-03-03T00:00:00Z,2016-03-02T21:00:00-03:00,1,01:00:00,1,01:00:00,100.0,100.0,2016-03-02T23:00:00Z,2016-03-02T20:00:00-03:00,2016-03-03T00:00:00Z,2016-03-02T21:00:00-03:00
27.7,,,False,2,pm25,µg/m³,,raw,01:00:00,2016-03-03T00:00:00Z,2016-03-02T21:00:00-03:00,2016-03-03T01:00:00Z,2016-03-02T22:00:00-03:00,1,01:00:00,1,01:00:00,100.0,100.0,2016-03-03T00:00:00Z,2016-03-02T21:00:00-03:00,2016-03-03T01:00:00Z,2016-03-02T22:00:00-03:00
27.03,,,False,2,pm25,µg/m³,,raw,01:00:00,2016-03-03T01:00:00Z,2016-03-02T22:00:00-03:00,2016-03-03T02:00:00Z,2016-03-02T23:00:00-03:00,1,01:00:00,1,01:00:00,100.0,100.0,2016-03-03T01:00:00Z,2016-03-02T22:00:00-03:00,2016-03-03T02:00:00Z,2016-03-02T23:00:00-03:00
23.65,,,False,2,pm25,µg/m³,,raw,01:00:00,2016-03-03T02:00:00Z,2016-03-02T23:00:00-03:00,2016-03-03T03:00:00Z,2016-03-03T00:00:00-03:00,1,01:00:00,1,01:00:00,100.0,100.0,2016-03-03T02:00:00Z,2016-03-02T23:00:00-03:00,2016-03-03T03:00:00Z,2016-03-03T00:00:00-03:00
24.33,,,False,2,pm25,µg/m³,,raw,01:00:00,2016-03-03T03:00:00Z,2016-03-03T00:00:00-03:00,2016-03-03T04:00:00Z,2016-03-03T01:00:00-03:00,1,01:00:00,1,01:00:00,100.0,100.0,2016-03-03T03:00:00Z,2016-03-03T00:00:00-03:00,2016-03-03T04:00:00Z,2016-03-03T01:00:00-03:00
18.24,,,False,2,pm25,µg/m³,,raw,01:00:00,2016-03-03T09:00:00Z,2016-03-03T06:00:00-03:00,2016-03-03T10:00:00Z,2016-03-03T07:00:00-03:00,1,01:00:00,1,01:00:00,100.0,100.0,2016-03-03T09:00:00Z,2016-03-03T06:00:00-03:00,2016-03-03T10:00:00Z,2016-03-03T07:00:00-03:00
18.92,,,False,2,pm25,µg/m³,,raw,01:00:00,2016-03-03T10:00:00Z,2016-03-03T07:00:00-03:00,2016-03-03T11:00:00Z,2016-03-03T08:00:00-03:00,1,01:00:00,1,01:00:00,100.0,100.0,2016-03-03T10:00:00Z,2016-03-03T07:00:00-03:00,2016-03-03T11:00:00Z,2016-03-03T08:00:00-03:00
20.95,,,False,2,pm25,µg/m³,,raw,01:00:00,2016-03-03T12:00:00Z,2016-03-03T09:00:00-03:00,2016-03-03T13:00:00Z,2016-03-03T10:00:00-03:00,1,01:00:00,1,01:00:00,100.0,100.0,2016-03-03T12:00:00Z,2016-03-03T09:00:00-03:00,2016-03-03T13:00:00Z,2016-03-03T10:00:00-03:00
41.89,,,False,2,pm25,µg/m³,,raw,01:00:00,2016-03-03T13:00:00Z,2016-03-03T10:00:00-03:00,2016-03-03T14:00:00Z,2016-03-03T11:00:00-03:00,1,01:00:00,1,01:00:00,100.0,100.0,2016-03-03T13:00:00Z,2016-03-03T10:00:00-03:00,2016-03-03T14:00:00Z,2016-03-03T11:00:00-03:00
31.05,,,False,2,pm25,µg/m³,,raw,01:00:00,2016-03-03T16:00:00Z,2016-03-03T13:00:00-03:00,2016-03-03T17:00:00Z,2016-03-03T14:00:00-03:00,1,01:00:00,1,01:00:00,100.0,100.0,2016-03-03T16:00:00Z,2016-03-03T13:00:00-03:00,2016-03-03T17:00:00Z,2016-03-03T14:00:00-03:00
29.71,,,False,2,pm25,µg/m³,,raw,01:00:00,2016-03-03T17:00:00Z,2016-03-03T14:00:00-03:00,2016-03-03T18:00:00Z,2016-03-03T15:00:00-03:00,1,01:00:00,1,01:00:00,100.0,100.0,2016-03-03T17:00:00Z,2016-03-03T14:00:00-03:00,2016-03-03T18:00:00Z,2016-03-03T15:00:00-03:00
41.93,,,False,2,pm25,µg/m³,,raw,01:00:00,2016-03-03T18:00:00Z,2016-03-03T15:00:00-03:00,2016-03-03T19:00:00Z,2016-03-03T16:00:00-03:00,1,01:00:00,1,01:00:00,100.0,100.0,2016-03-03T18:00:00Z,2016-03-03T15:00:00-03:00,2016-03-03T19:00:00Z,2016-03-03T16:00:00-03:00
28.36,,,False,2,pm25,µg/m³,,raw,01:00:00,2016-03-03T19:00:00Z,2016-03-03T16:00:00-03:00,2016-03-03T20:00:00Z,2016-03-03T17:00:00-03:00,1,01:00:00,1,01:00:00,100.0,100.0,2016-03-03T19:00:00Z,2016-03-03T16:00:00-03:00,2016-03-03T20:00:00Z,2016-03-03T17:00:00-03:00
20.26,,,False,2,pm25,µg/m³,,raw,01:00:00,2016-03-03T20:00:00Z,2016-03-03T17:00:00-03:00,2016-03-03T21:00:00Z,2016-03-03T18:00:00-03:00,1,01:00:00,1,01:00:00,100.0,100.0,2016-03-03T20:00:00Z,2016-03-03T17:00:00-03:00,2016-03-03T21:00:00Z,2016-03-03T18:00:00-03:00
16.21,,,False,2,pm25,µg/m³,,raw,01:00:00,2016-03-03T21:00:00Z,2016-03-03T18:00:00-03:00,2016-03-03T22:00:00Z,2016-03-03T19:00:00-03:00,1,01:00:00,1,01:00:00,100.0,100.0,2016-03-03T21:00:00Z,2016-03-03T18:00:00-03:00,2016-03-03T22:00:00Z,2016-03-03T19:00:00-03:00
24.31,,,False,2,pm25,µg/m³,,raw,01:00:00,2016-03-03T22:00:00Z,2016-03-03T19:00:00-03:00,2016-03-03T23:00:00Z,2016-03-03T20:00:00-03:00,1,01:00:00,1,01:00:00,100.0,100.0,2016-03-03T22:00:00Z,2016-03-03T19:00:00-03:00,2016-03-03T23:00:00Z,2016-03-03T20:00:00-03:00
22.28,,,False,2,pm25,µg/m³,,raw,01:00:00,2016-03-03T23:00:00Z,2016-03-03T20:00:00-03:00,2016-03-04T00:00:00Z,2016-03-03T21:00:00-03:00,1,01:00:00,1,01:00:00,100.0,100.0,2016-03-03T23:00:00Z,2016-03-03T20:00:00-03:00,2016-03-04T00:00:00Z,2016-03-03T21:00:00-03:00
20.26,,,False,2,pm25,µg/m³,,raw,01:00:00,2016-03-04T00:00:00Z,2016-03-03T21:00:00-03:00,2016-03-04T01:00:00Z,2016-03-03T22:00:00-03:00,1,01:00:00,1,01:00:00,100.0,100.0,2016-03-04T00:00:00Z,2016-03-03T21:00:00-03:00,2016-03-04T01:00:00Z,2016-03-03T22:00:00-03:00
26.34,,,False,2,pm25,µg/m³,,raw,01:00:00,2016-03-04T01:00:00Z,2016-03-03T22:00:00-03:00,2016-03-04T02:00:00Z,2016-03-03T23:00:00-03:00,1,01:00:00,1,01:00:00,100.0,100.0,2016-03-04T01:00:00Z,2016-03-03T22:00:00-03:00,2016-03-04T02:00:00Z,2016-03-03T23:00:00-03:00
26.34,,,False,2,pm25,µg/m³,,raw,01:00:00,2016-03-04T02:00:00Z,2016-03-03T23:00:00-03:00,2016-03-04T03:00:00Z,2016-03-04T00:00:00-03:00,1,01:00:00,1,01:00:00,100.0,100.0,2016-03-04T02:00:00Z,2016-03-03T23:00:00-03:00,2016-03-04T03:00:00Z,2016-03-04T00:00:00-03:00
25.08,,,False,2,pm25,µg/m³,,raw,01:00:00,2016-03-04T03:00:00Z,2016-03-04T00:00:00-03:00,2016-03-04T04:00:00Z,2016-03-04T01:00:00-03:00,1,01:00:00,1,01:00:00,100.0,100.0,2016-03-04T03:00:00Z,2016-03-04T00:00:00-03:00,2016-03-04T04:00:00Z,2016-03-04T01:00:00-03:00
17.56,,,False,2,pm25,µg/m³,,raw,01:00:00,2016-03-04T05:00:00Z,2016-03-04T02:00:00-03:00,2016-03-04T06:00:00Z,2016-03-04T03:00:00-03:00,1,01:00:00,1,01:00:00,100.0,100.0,2016-03-04T05:00:00Z,2016-03-04T02:00:00-03:00,2016-03-04T06:00:00Z,2016-03-04T03:00:00-03:00
20.94,,,False,2,pm25,µg/m³,,raw,01:00:00,2016-03-04T06:00:00Z,2016-03-04T03:00:00-03:00,2016-03-04T07:00:00Z,2016-03-04T04:00:00-03:00,1,01:00:00,1,01:00:00,100.0,100.0,2016-03-04T06:00:00Z,2016-03-04T03:00:00-03:00,2016-03-04T07:00:00Z,2016-03-04T04:00:00-03:00
14.91,,,False,2,pm25,µg/m³,,raw,01:00:00,2016-03-04T07:00:00Z,2016-03-04T04:00:00-03:00,2016-03-04T08:00:00Z,2016-03-04T05:00:00-03:00,1,01:00:00,1,01:00:00,100.0,100.0,2016-03-04T07:00:00Z,2016-03-04T04:00:00-03:00,2016-03-04T08:00:00Z,2016-03-04T05:00:00-03:00
14.18,,,False,2,pm25,µg/m³,,raw,01:00:00,2016-03-04T08:00:00Z,2016-03-04T05:00:00-03:00,2016-03-04T09:00:00Z,2016-03-04T06:00:00-03:00,1,01:00:00,1,01:00:00,100.0,100.0,2016-03-04T08:00:00Z,2016-03-04T05:00:00-03:00,2016-03-04T09:00:00Z,2016-03-04T06:00:00-03:00
31.06,,,False,2,pm25,µg/m³,,raw,01:00:00,2016-03-04T09:00:00Z,2016-03-04T06:00:00-03:00,2016-03-04T10:00:00Z,2016-03-04T07:00:00-03:00,1,01:00:00,1,01:00:00,100.0,100.0,2016-03-04T09:00:00Z,2016-03-04T06:00:00-03:00,2016-03-04T10:00:00Z,2016-03-04T07:00:00-03:00
34.44,,,False,2,pm25,µg/m³,,raw,01:00:00,2016-03-04T10:00:00Z,2016-03-04T07:00:00-03:00,2016-03-04T11:00:00Z,2016-03-04T08:00:00-03:00,1,01:00:00,1,01:00:00,100.0,100.0,2016-03-04T10:00:00Z,2016-03-04T07:00:00-03:00,2016-03-04T11:00:00Z,2016-03-04T08:00:00-03:00
41.87,,,False,2,pm25,µg/m³,,raw,01:00:00,2016-03-04T11:00:00Z,2016-03-04T08:00:00-03:00,2016-03-04T12:00:00Z,2016-03-04T09:00:00-03:00,1,01:00:00,1,01:00:00,100.0,100.0,2016-03-04T11:00:00Z,2016-03-04T08:00:00-03:00,2016-03-04T12:00:00Z,2016-03-04T09:00:00-03:00
44.57,,,False,2,pm25,µg/m³,,raw,01:00:00,2016-03-04T12:00:00Z,2016-03-04T09:00:00-03:00,2016-03-04T13:00:00Z,2016-03-04T10:00:00-03:00,1,01:00:00,1,01:00:00,100.0,100.0,2016-03-04T12:00:00Z,2016-03-04T09:00:00-03:00,2016-03-04T13:00:00Z,2016-03-04T10:00:00-03:00
35.11,,,False,2,pm25,µg/m³,,raw,01:00:00,2016-03-04T13:00:00Z,2016-03-04T10:00:00-03:00,2016-03-04T14:00:00Z,2016-03-04T11:00:00-03:00,1,01:00:00,1,01:00:00,100.0,100.0,2016-03-04T13:00:00Z,2016-03-04T10:00:00-03:00,2016-03-04T14:00:00Z,2016-03-04T11:00:00-03:00
26.34,,,False,2,pm25,µg/m³,,raw,01:00:00,2016-03-04T14:00:00Z,2016-03-04T11:00:00-03:00,2016-03-04T15:00:00Z,2016-03-04T12:00:00-03:00,1,01:00:00,1,01:00:00,100.0,100.0,2016-03-04T14:00:00Z,2016-03-04T11:00:00-03:00,2016-03-04T15:00:00Z,2016-03-04T12:00:00-03:00
22.64,,,False,2,pm25,µg/m³,,raw,01:00:00,2016-03-04T15:00:00Z,2016-03-04T12:00:00-03:00,2016-03-04T16:00:00Z,2016-03-04T13:00:00-03:00,1,01:00:00,1,01:00:00,100.0,100.0,2016-03-04T15:00:00Z,2016-03-04T12:00:00-03:00,2016-03-04T16:00:00Z,2016-03-04T13:00:00-03:00
14.18,,,False,2,pm25,µg/m³,,raw,01:00:00,2016-03-04T16:00:00Z,2016-03-04T13:00:00-03:00,2016-03-04T17:00:00Z,2016-03-04T14:00:00-03:00,1,01:00:00,1,01:00:00,100.0,100.0,2016-03-04T16:00:00Z,2016-03-04T13:00:00-03:00,2016-03-04T17:00:00Z,2016-03-04T14:00:00-03:00
7.931,,,False,2,pm25,µg/m³,,raw,01:00:00,2016-03-04T17:00:00Z,2016-03-04T14:00:00-03:00,2016-03-04T18:00:00Z,2016-03-04T15:00:00-03:00,1,01:00:00,1,01:00:00,100.0,100.0,2016-03-04T17:00:00Z,2016-03-04T14:00:00-03:00,2016-03-04T18:00:00Z,2016-03-04T15:00:00-03:00
8.78,,,False,2,pm25,µg/m³,,raw,01:00:00,2016-03-04T18:00:00Z,2016-03-04T15:00:00-03:00,2016-03-04T19:00:00Z,2016-03-04T16:00:00-03:00,1,01:00:00,1,01:00:00,100.0,100.0,2016-03-04T18:00:00Z,2016-03-04T15:00:00-03:00,2016-03-04T19:00:00Z,2016-03-04T16:00:00-03:00
7.428,,,False,2,pm25,µg/m³,,raw,01:00:00,2016-03-04T19:00:00Z,2016-03-04T16:00:00-03:00,2016-03-04T20:00:00Z,2016-03-04T17:00:00-03:00,1,01:00:00,1,01:00:00,100.0,100.0,2016-03-04T19:00:00Z,2016-03-04T16:00:00-03:00,2016-03-04T20:00:00Z,2016-03-04T17:00:00-03:00
8.1,,,False,2,pm25,µg/m³,,raw,01:00:00,2016-03-04T20:00:00Z,2016-03-04T17:00:00-03:00,2016-03-04T21:00:00Z,2016-03-04T18:00:00-03:00,1,01:00:00,1,01:00:00,100.0,100.0,2016-03-04T20:00:00Z,2016-03-04T17:00:00-03:00,2016-03-04T21:00:00Z,2016-03-04T18:00:00-03:00
15.53,,,False,2,pm25,µg/m³,,raw,01:00:00,2016-03-04T21:00:00Z,2016-03-04T18:00:00-03:00,2016-03-04T22:00:00Z,2016-03-04T19:00:00-03:00,1,01:00:00,1,01:00:00,100.0,100.0,2016-03-04T21:00:00Z,2016-03-04T18:00:00-03:00,2016-03-04T22:00:00Z,2016-03-04T19:00:00-03:00
25.66,,,False,2,pm25,µg/m³,,raw,01:00:00,2016-03-04T22:00:00Z,2016-03-04T19:00:00-03:00,2016-03-04T23:00:00Z,2016-03-04T20:00:00-03:00,1,01:00:00,1,01:00:00,100.0,100.0,2016-03-04T22:00:00Z,2016-03-04T19:00:00-03:00,2016-03-04T23:00:00Z,2016-03-04T20:00:00-03:00
38.49,,,False,2,pm25,µg/m³,,raw,01:00:00,2016-03-04T23:00:00Z,2016-03-04T20:00:00-03:00,2016-03-05T00:00:00Z,2016-03-04T21:00:00-03:00,1,01:00:00,1,01:00:00,100.0,100.0,2016-03-04T23:00:00Z,2016-03-04T20:00:00-03:00,2016-03-05T00:00:00Z,2016-03-04T21:00:00-03:00
33.09,,,False,2,pm25,µg/m³,,raw,01:00:00,2016-03-05T00:00:00Z,2016-03-04T21:00:00-03:00,2016-03-05T01:00:00Z,2016-03-04T22:00:00-03:00,1,01:00:00,1,01:00:00,100.0,100.0,2016-03-05T00:00:00Z,2016-03-04T21:00:00-03:00,2016-03-05T01:00:00Z,2016-03-04T22:00:00-03:00
22.96,,,False,2,pm25,µg/m³,,raw,01:00:00,2016-03-05T01:00:00Z,2016-03-04T22:00:00-03:00,2016-03-05T02:00:00Z,2016-03-04T23:00:00-03:00,1,01:00:00,1,01:00:00,100.0,100.0,2016-03-05T01:00:00Z,2016-03-04T22:00:00-03:00,2016-03-05T02:00:00Z,2016-03-04T23:00:00-03:00
25.66,,,False,2,pm25,µg/m³,,raw,01:00:00,2016-03-05T02:00:00Z,2016-03-04T23:00:00-03:00,2016-03-05T03:00:00Z,2016-03-05T00:00:00-03:00,1,01:00:00,1,01:00:00,100.0,100.0,2016-03-05T02:00:00Z,2016-03-04T23:00:00-03:00,2016-03-05T03:00:00Z,2016-03-05T00:00:00-03:00
23.64,,,False,2,pm25,µg/m³,,raw,01:00:00,2016-03-05T03:00:00Z,2016-03-05T00:00:00-03:00,2016-03-05T04:00:00Z,2016-03-05T01:00:00-03:00,1,01:00:00,1,01:00:00,100.0,100.0,2016-03-05T03:00:00Z,2016-03-05T00:00:00-03:00,2016-03-05T04:00:00Z,2016-03-05T01:00:00-03:00
15.58,,,False,2,pm25,µg/m³,,raw,01:00:00,2016-03-05T05:00:00Z,2016-03-05T02:00:00-03:00,2016-03-05T06:00:00Z,2016-03-05T03:00:00-03:00,1,01:00:00,1,01:00:00,100.0,100.0,2016-03-05T05:00:00Z,2016-03-05T02:00:00-03:00,2016-03-05T06:00:00Z,2016-03-05T03:00:00-03:00
16.21,,,False,2,pm25,µg/m³,,raw,01:00:00,2016-03-05T06:00:00Z,2016-03-05T03:00:00-03:00,2016-03-05T07:00:00Z,2016-03-05T04:00:00-03:00,1,01:00:00,1,01:00:00,100.0,100.0,2016-03-05T06:00:00Z,2016-03-05T03:00:00-03:00,2016-03-05T07:00:00Z,2016-03-05T04:00:00-03:00
19.58,,,False,2,pm25,µg/m³,,raw,01:00:00,2016-03-05T07:00:00Z,2016-03-05T04:00:00-03:00,2016-03-05T08:00:00Z,2016-03-05T05:00:00-03:00,1,01:00:00,1,01:00:00,100.0,100.0,2016-03-05T07:00:00Z,2016-03-05T04:00:00-03:00,2016-03-05T08:00:00Z,2016-03-05T05:00:00-03:00
12.16,,,False,2,pm25,µg/m³,,raw,01:00:00,2016-03-05T08:00:00Z,2016-03-05T05:00:00-03:00,2016-03-05T09:00:00Z,2016-03-05T06:00:00-03:00,1,01:00:00,1,01:00:00,100.0,100.0,2016-03-05T08:00:00Z,2016-03-05T05:00:00-03:00,2016-03-05T09:00:00Z,2016-03-05T06:00:00-03:00
23.55,,,False,2,pm25,µg/m³,,raw,01:00:00,2016-03-05T09:00:00Z,2016-03-05T06:00:00-03:00,2016-03-05T10:00:00Z,2016-03-05T07:00:00-03:00,1,01:00:00,1,01:00:00,100.0,100.0,2016-03-05T09:00:00Z,2016-03-05T06:00:00-03:00,2016-03-05T10:00:00Z,2016-03-05T07:00:00-03:00
23.64,,,False,2,pm25,µg/m³,,raw,01:00:00,2016-03-05T10:00:00Z,2016-03-05T07:00:00-03:00,2016-03-05T11:00:00Z,2016-03-05T08:00:00-03:00,1,01:00:00,1,01:00:00,100.0,100.0,2016-03-05T10:00:00Z,2016-03-05T07:00:00-03:00,2016-03-05T11:00:00Z,2016-03-05T08:00:00-03:00
18.91,,,False,2,pm25,µg/m³,,raw,01:00:00,2016-03-05T11:00:00Z,2016-03-05T08:00:00-03:00,2016-03-05T12:00:00Z,2016-03-05T09:00:00-03:00,1,01:00:00,1,01:00:00,100.0,100.0,2016-03-05T11:00:00Z,2016-03-05T08:00:00-03:00,2016-03-05T12:00:00Z,2016-03-05T09:00:00-03:00
29.62,,,False,2,pm25,µg/m³,,raw,01:00:00,2016-03-05T13:00:00Z,2016-03-05T10:00:00-03:00,2016-03-05T14:00:00Z,2016-03-05T11:00:00-03:00,1,01:00:00,1,01:00:00,100.0,100.0,2016-03-05T13:00:00Z,2016-03-05T10:00:00-03:00,2016-03-05T14:00:00Z,2016-03-05T11:00:00-03:00
31.57,,,False,2,pm25,µg/m³,,raw,01:00:00,2016-03-05T14:00:00Z,2016-03-05T11:00:00-03:00,2016-03-05T15:00:00Z,2016-03-05T12:00:00-03:00,1,01:00:00,1,01:00:00,100.0,100.0,2016-03-05T14:00:00Z,2016-03-05T11:00:00-03:00,2016-03-05T15:00:00Z,2016-03-05T12:00:00-03:00
30.6,,,False,2,pm25,µg/m³,,raw,01:00:00,2016-03-05T15:00:00Z,2016-03-05T12:00:00-03:00,2016-03-05T16:00:00Z,2016-03-05T13:00:00-03:00,1,01:00:00,1,01:00:00,100.0,100.0,2016-03-05T15:00:00Z,2016-03-05T12:00:00-03:00,2016-03-05T16:00:00Z,2016-03-05T13:00:00-03:00
20.93,,,False,2,pm25,µg/m³,,raw,01:00:00,2016-03-05T16:00:00Z,2016-03-05T13:00:00-03:00,2016-03-05T17:00:00Z,2016-03-05T14:00:00-03:00,1,01:00:00,1,01:00:00,100.0,100.0,2016-03-05T16:00:00Z,2016-03-05T13:00:00-03:00,2016-03-05T17:00:00Z,2016-03-05T14:00:00-03:00
18.22,,,False,2,pm25,µg/m³,,raw,01:00:00,2016-03-05T17:00:00Z,2016-03-05T14:00:00-03:00,2016-03-05T18:00:00Z,2016-03-05T15:00:00-03:00,1,01:00:00,1,01:00:00,100.0,100.0,2016-03-05T17:00:00Z,2016-03-05T14:00:00-03:00,2016-03-05T18:00:00Z,2016-03-05T15:00:00-03:00
14.86,,,False,2,pm25,µg/m³,,raw,01:00:00,2016-03-05T18:00:00Z,2016-03-05T15:00:00-03:00,2016-03-05T19:00:00Z,2016-03-05T16:00:00-03:00,1,01:00:00,1,01:00:00,100.0,100.0,2016-03-05T18:00:00Z,2016-03-05T15:00:00-03:00,2016-03-05T19:00:00Z,2016-03-05T16:00:00-03:00
18.91,,,False,2,pm25,µg/m³,,raw,01:00:00,2016-03-05T19:00:00Z,2016-03-05T16:00:00-03:00,2016-03-05T20:00:00Z,2016-03-05T17:00:00-03:00,1,01:00:00,1,01:00:00,100.0,100.0,2016-03-05T19:00:00Z,2016-03-05T16:00:00-03:00,2016-03-05T20:00:00Z,2016-03-05T17:00:00-03:00
10.13,,,False,2,pm25,µg/m³,,raw,01:00:00,2016-03-05T20:00:00Z,2016-03-05T17:00:00-03:00,2016-03-05T21:00:00Z,2016-03-05T18:00:00-03:00,1,01:00:00,1,01:00:00,100.0,100.0,2016-03-05T20:00:00Z,2016-03-05T17:00:00-03:00,2016-03-05T21:00:00Z,2016-03-05T18:00:00-03:00
18.23,,,False,2,pm25,µg/m³,,raw,01:00:00,2016-03-05T21:00:00Z,2016-03-05T18:00:00-03:00,2016-03-05T22:00:00Z,2016-03-05T19:00:00-03:00,1,01:00:00,1,01:00:00,100.0,100.0,2016-03-05T21:00:00Z,2016-03-05T18:00:00-03:00,2016-03-05T22:00:00Z,2016-03-05T19:00:00-03:00
17.56,,,False,2,pm25,µg/m³,,raw,01:00:00,2016-03-05T22:00:00Z,2016-03-05T19:00:00-03:00,2016-03-05T23:00:00Z,2016-03-05T20:00:00-03:00,1,01:00:00,1,01:00:00,100.0,100.0,2016-03-05T22:00:00Z,2016-03-05T19:00:00-03:00,2016-03-05T23:00:00Z,2016-03-05T20:00:00-03:00
23.63,,,False,2,pm25,µg/m³,,raw,01:00:00,2016-03-05T23:00:00Z,2016-03-05T20:00:00-03:00,2016-03-06T00:00:00Z,2016-03-05T21:00:00-03:00,1,01:00:00,1,01:00:00,100.0,100.0,2016-03-05T23:00:00Z,2016-03-05T20:00:00-03:00,2016-03-06T00:00:00Z,2016-03-05T21:00:00-03:00
18.21,,,False,2,pm25,µg/m³,,raw,01:00:00,2016-03-06T00:00:00Z,2016-03-05T21:00:00-03:00,2016-03-06T01:00:00Z,2016-03-05T22:00:00-03:00,1,01:00:00,1,01:00:00,100.0,100.0,2016-03-06T00:00:00Z,2016-03-05T21:00:00-03:00,2016-03-06T01:00:00Z,2016-03-05T22:00:00-03:00
22.6,,,False,2,pm25,µg/m³,,raw,01:00:00,2016-03-06T01:00:00Z,2016-03-05T22:00:00-03:00,2016-03-06T02:00:00Z,2016-03-05T23:00:00-03:00,1,01:00:00,1,01:00:00,100.0,100.0,2016-03-06T01:00:00Z,2016-03-05T22:00:00-03:00,2016-03-06T02:00:00Z,2016-03-05T23:00:00-03:00
16.32,,,False,2,pm25,µg/m³,,raw,01:00:00,2016-03-06T02:00:00Z,2016-03-05T23:00:00-03:00,2016-03-06T03:00:00Z,2016-03-06T00:00:00-03:00,1,01:00:00,1,01:00:00,100.0,100.0,2016-03-06T02:00:00Z,2016-03-05T23:00:00-03:00,2016-03-06T03:00:00Z,2016-03-06T00:00:00-03:00
18.24,,,False,2,pm25,µg/m³,,raw,01:00:00,2016-03-06T03:00:00Z,2016-03-06T00:00:00-03:00,2016-03-06T04:00:00Z,2016-03-06T01:00:00-03:00,1,01:00:00,1,01:00:00,100.0,100.0,2016-03-06T03:00:00Z,2016-03-06T00:00:00-03:00,2016-03-06T04:00:00Z,2016-03-06T01:00:00-03:00
20.94,,,False,2,pm25,µg/m³,,raw,01:00:00,2016-03-06T04:00:00Z,2016-03-06T01:00:00-03:00,2016-03-06T05:00:00Z,2016-03-06T02:00:00-03:00,1,01:00:00,1,01:00:00,100.0,100.0,2016-03-06T04:00:00Z,2016-03-06T01:00:00-03:00,2016-03-06T05:00:00Z,2016-03-06T02:00:00-03:00
16.88,,,False,2,pm25,µg/m³,,raw,01:00:00,2016-03-06T05:00:00Z,2016-03-06T02:00:00-03:00,2016-03-06T06:00:00Z,2016-03-06T03:00:00-03:00,1,01:00:00,1,01:00:00,100.0,100.0,2016-03-06T05:00:00Z,2016-03-06T02:00:00-03:00,2016-03-06T06:00:00Z,2016-03-06T03:00:00-03:00
16.88,,,False,2,pm25,µg/m³,,raw,01:00:00,2016-03-06T07:00:00Z,2016-03-06T04:00:00-03:00,2016-03-06T08:00:00Z,2016-03-06T05:00:00-03:00,1,01:00:00,1,01:00:00,100.0,100.0,2016-03-06T07:00:00Z,2016-03-06T04:00:00-03:00,2016-03-06T08:00:00Z,2016-03-06T05:00:00-03:00
13.51,,,False,2,pm25,µg/m³,,raw,01:00:00,2016-03-06T08:00:00Z,2016-03-06T05:00:00-03:00,2016-03-06T09:00:00Z,2016-03-06T06:00:00-03:00,1,01:00:00,1,01:00:00,100.0,100.0,2016-03-06T08:00:00Z,2016-03-06T05:00:00-03:00,2016-03-06T09:00:00Z,2016-03-06T06:00:00-03:00
14.18,,,False,2,pm25,µg/m³,,raw,01:00:00,2016-03-06T09:00:00Z,2016-03-06T06:00:00-03:00,2016-03-06T10:00:00Z,2016-03-06T07:00:00-03:00,1,01:00:00,1,01:00:00,100.0,100.0,2016-03-06T09:00:00Z,2016-03-06T06:00:00-03:00,2016-03-06T10:00:00Z,2016-03-06T07:00:00-03:00
15.53,,,False,2,pm25,µg/m³,,raw,01:00:00,2016-03-06T11:00:00Z,2016-03-06T08:00:00-03:00,2016-03-06T12:00:00Z,2016-03-06T09:00:00-03:00,1,01:00:00,1,01:00:00,100.0,100.0,2016-03-06T11:00:00Z,2016-03-06T08:00:00-03:00,2016-03-06T12:00:00Z,2016-03-06T09:00:00-03:00
15.63,,,False,2,pm25,µg/m³,,raw,01:00:00,2016-03-06T12:00:00Z,2016-03-06T09:00:00-03:00,2016-03-06T13:00:00Z,2016-03-06T10:00:00-03:00,1,01:00:00,1,01:00:00,100.0,100.0,2016-03-06T12:00:00Z,2016-03-06T09:00:00-03:00,2016-03-06T13:00:00Z,2016-03-06T10:00:00-03:00
28.36,,,False,2,pm25,µg/m³,,raw,01:00:00,2016-03-06T14:00:00Z,2016-03-06T11:00:00-03:00,2016-03-06T15:00:00Z,2016-03-06T12:00:00-03:00,1,01:00:00,1,01:00:00,100.0,100.0,2016-03-06T14:00:00Z,2016-03-06T11:00:00-03:00,2016-03-06T15:00:00Z,2016-03-06T12:00:00-03:00
14.86,,,False,2,pm25,µg/m³,,raw,01:00:00,2016-03-06T15:00:00Z,2016-03-06T12:00:00-03:00,2016-03-06T16:00:00Z,2016-03-06T13:00:00-03:00,1,01:00:00,1,01:00:00,100.0,100.0,2016-03-06T15:00:00Z,2016-03-06T12:00:00-03:00,2016-03-06T16:00:00Z,2016-03-06T13:00:00-03:00
15.54,,,False,2,pm25,µg/m³,,raw,01:00:00,2016-03-06T17:00:00Z,2016-03-06T14:00:00-03:00,2016-03-06T18:00:00Z,2016-03-06T15:00:00-03:00,1,01:00:00,1,01:00:00,100.0,100.0,2016-03-06T17:00:00Z,2016-03-06T14:00:00-03:00,2016-03-06T18:00:00Z,2016-03-06T15:00:00-03:00
8.1,,,False,2,pm25,µg/m³,,raw,01:00:00,2016-03-06T18:00:00Z,2016-03-06T15:00:00-03:00,2016-03-06T19:00:00Z,2016-03-06T16:00:00-03:00,1,01:00:00,1,01:00:00,100.0,100.0,2016-03-06T18:00:00Z,2016-03-06T15:00:00-03:00,2016-03-06T19:00:00Z,2016-03-06T16:00:00-03:00
11.48,,,False,2,pm25,µg/m³,,raw,01:00:00,2016-03-06T19:00:00Z,2016-03-06T16:00:00-03:00,2016-03-06T20:00:00Z,2016-03-06T17:00:00-03:00,1,01:00:00,1,01:00:00,100.0,100.0,2016-03-06T19:00:00Z,2016-03-06T16:00:00-03:00,2016-03-06T20:00:00Z,2016-03-06T17:00:00-03:00
10.13,,,False,2,pm25,µg/m³,,raw,01:00:00,2016-03-06T20:00:00Z,2016-03-06T17:00:00-03:00,2016-03-06T21:00:00Z,2016-03-06T18:00:00-03:00,1,01:00:00,1,01:00:00,100.0,100.0,2016-03-06T20:00:00Z,2016-03-06T17:00:00-03:00,2016-03-06T21:00:00Z,2016-03-06T18:00:00-03:00
8.1,,,False,2,pm25,µg/m³,,raw,01:00:00,2016-03-06T21:00:00Z,2016-03-06T18:00:00-03:00,2016-03-06T22:00:00Z,2016-03-06T19:00:00-03:00,1,01:00:00,1,01:00:00,100.0,100.0,2016-03-06T21:00:00Z,2016-03-06T18:00:00-03:00,2016-03-06T22:00:00Z,2016-03-06T19:00:00-03:00
6.077,,,False,2,pm25,µg/m³,,raw,01:00:00,2016-03-06T22:00:00Z,2016-03-06T19:00:00-03:00,2016-03-06T23:00:00Z,2016-03-06T20:00:00-03:00,1,01:00:00,1,01:00:00,100.0,100.0,2016-03-06T22:00:00Z,2016-03-06T19:00:00-03:00,2016-03-06T23:00:00Z,2016-03-06T20:00:00-03:00
6.075,,,False,2,pm25,µg/m³,,raw,01:00:00,2016-03-06T23:00:00Z,2016-03-06T20:00:00-03:00,2016-03-07T00:00:00Z,2016-03-06T21:00:00-03:00,1,01:00:00,1,01:00:00,100.0,100.0,2016-03-06T23:00:00Z,2016-03-06T20:00:00-03:00,2016-03-07T00:00:00Z,2016-03-06T21:00:00-03:00
5.402,,,False,2,pm25,µg/m³,,raw,01:00:00,2016-03-07T00:00:00Z,2016-03-06T21:00:00-03:00,2016-03-07T01:00:00Z,2016-03-06T22:00:00-03:00,1,01:00:00,1,01:00:00,100.0,100.0,2016-03-07T00:00:00Z,2016-03-06T21:00:00-03:00,2016-03-07T01:00:00Z,2016-03-06T22:00:00-03:00
4.052,,,False,2,pm25,µg/m³,,raw,01:00:00,2016-03-07T01:00:00Z,2016-03-06T22:00:00-03:00,2016-03-07T02:00:00Z,2016-03-06T23:00:00-03:00,1,01:00:00,1,01:00:00,100.0,100.0,2016-03-07T01:00:00Z,2016-03-06T22:00:00-03:00,2016-03-07T02:00:00Z,2016-03-06T23:00:00-03:00
6.075,,,False,2,pm25,µg/m³,,raw,01:00:00,2016-03-07T02:00:00Z,2016-03-06T23:00:00-03:00,2016-03-07T03:00:00Z,2016-03-07T00:00:00-03:00,1,01:00:00,1,01:00:00,100.0,100.0,2016-03-07T02:00:00Z,2016-03-06T23:00:00-03:00,2016-03-07T03:00:00Z,2016-03-07T00:00:00-03:00
6.08,,,False,2,pm25,µg/m³,,raw,01:00:00,2016-03-07T03:00:00Z,2016-03-07T00:00:00-03:00,2016-03-07T04:00:00Z,2016-03-07T01:00:00-03:00,1,01:00:00,1,01:00:00,100.0,100.0,2016-03-07T03:00:00Z,2016-03-07T00:00:00-03:00,2016-03-07T04:00:00Z,2016-03-07T01:00:00-03:00
6.078,,,False,2,pm25,µg/m³,,raw,01:00:00,2016-03-07T05:00:00Z,2016-03-07T02:00:00-03:00,2016-03-07T06:00:00Z,2016-03-07T03:00:00-03:00,1,01:00:00,1,01:00:00,100.0,100.0,2016-03-07T05:00:00Z,2016-03-07T02:00:00-03:00,2016-03-07T06:00:00Z,2016-03-07T03:00:00-03:00
8.78,,,False,2,pm25,µg/m³,,raw,01:00:00,2016-03-07T06:00:00Z,2016-03-07T03:00:00-03:00,2016-03-07T07:00:00Z,2016-03-07T04:00:00-03:00,1,01:00:00,1,01:00:00,100.0,100.0,2016-03-07T06:00:00Z,2016-03-07T03:00:00-03:00,2016-03-07T07:00:00Z,2016-03-07T04:00:00-03:00
9.45,,,False,2,pm25,µg/m³,,raw,01:00:00,2016-03-07T07:00:00Z,2016-03-07T04:00:00-03:00,2016-03-07T08:00:00Z,2016-03-07T05:00:00-03:00,1,01:00:00,1,01:00:00,100.0,100.0,2016-03-07T07:00:00Z,2016-03-07T04:00:00-03:00,2016-03-07T08:00:00Z,2016-03-07T05:00:00-03:00
11.48,,,False,2,pm25,µg/m³,,raw,01:00:00,2016-03-07T08:00:00Z,2016-03-07T05:00:00-03:00,2016-03-07T09:00:00Z,2016-03-07T06:00:00-03:00,1,01:00:00,1,01:00:00,100.0,100.0,2016-03-07T08:00:00Z,2016-03-07T05:00:00-03:00,2016-03-07T09:00:00Z,2016-03-07T06:00:00-03:00
12.83,,,False,2,pm25,µg/m³,,raw,01:00:00,2016-03-07T09:00:00Z,2016-03-07T06:00:00-03:00,2016-03-07T10:00:00Z,2016-03-07T07:00:00-03:00,1,01:00:00,1,01:00:00,100.0,100.0,2016-03-07T09:00:00Z,2016-03-07T06:00:00-03:00,2016-03-07T10:00:00Z,2016-03-07T07:00:00-03:00
10.48,,,False,2,pm25,µg/m³,,raw,01:00:00,2016-03-07T10:00:00Z,2016-03-07T07:00:00-03:00,2016-03-07T11:00:00Z,2016-03-07T08:00:00-03:00,1,01:00:00,1,01:00:00,100.0,100.0,2016-03-07T10:00:00Z,2016-03-07T07:00:00-03:00,2016-03-07T11:00:00Z,2016-03-07T08:00:00-03:00
9.45,,,False,2,pm25,µg/m³,,raw,01:00:00,2016-03-07T11:00:00Z,2016-03-07T08:00:00-03:00,2016-03-07T12:00:00Z,2016-03-07T09:00:00-03:00,1,01:00:00,1,01:00:00,100.0,100.0,2016-03-07T11:00:00Z,2016-03-07T08:00:00-03:00,2016-03-07T12:00:00Z,2016-03-07T09:00:00-03:00
12.83,,,False,2,pm25,µg/m³,,raw,01:00:00,2016-03-07T13:00:00Z,2016-03-07T10:00:00-03:00,2016-03-07T14:00:00Z,2016-03-07T11:00:00-03:00,1,01:00:00,1,01:00:00,100.0,100.0,2016-03-07T13:00:00Z,2016-03-07T10:00:00-03:00,2016-03-07T14:00:00Z,2016-03-07T11:00:00-03:00
9.45,,,False,2,pm25,µg/m³,,raw,01:00:00,2016-03-07T14:00:00Z,2016-03-07T11:00:00-03:00,2016-03-07T15:00:00Z,2016-03-07T12:00:00-03:00,1,01:00:00,1,01:00:00,100.0,100.0,2016-03-07T14:00:00Z,2016-03-07T11:00:00-03:00,2016-03-07T15:00:00Z,2016-03-07T12:00:00-03:00
8.1,,,False,2,pm25,µg/m³,,raw,01:00:00,2016-03-07T15:00:00Z,2016-03-07T12:00:00-03:00,2016-03-07T16:00:00Z,2016-03-07T13:00:00-03:00,1,01:00:00,1,01:00:00,100.0,100.0,2016-03-07T15:00:00Z,2016-03-07T12:00:00-03:00,2016-03-07T16:00:00Z,2016-03-07T13:00:00-03:00
12.15,,,False,2,pm25,µg/m³,,raw,01:00:00,2016-03-07T16:00:00Z,2016-03-07T13:00:00-03:00,2016-03-07T17:00:00Z,2016-03-07T14:00:00-03:00,1,01:00:00,1,01:00:00,100.0,100.0,2016-03-07T16:00:00Z,2016-03-07T13:00:00-03:00,2016-03-07T17:00:00Z,2016-03-07T14:00:00-03:00
10.13,,,False,2,pm25,µg/m³,,raw,01:00:00,2016-03-07T17:00:00Z,2016-03-07T14:00:00-03:00,2016-03-07T18:00:00Z,2016-03-07T15:00:00-03:00,1,01:00:00,1,01:00:00,100.0,100.0,2016-03-07T17:00:00Z,2016-03-07T14:00:00-03:00,2016-03-07T18:00:00Z,2016-03-07T15:00:00-03:00
12.16,,,False,2,pm25,µg/m³,,raw,01:00:00,2016-03-07T18:00:00Z,2016-03-07T15:00:00-03:00,2016-03-07T19:00:00Z,2016-03-07T16:00:00-03:00,1,01:00:00,1,01:00:00,100.0,100.0,2016-03-07T18:00:00Z,2016-03-07T15:00:00-03:00,2016-03-07T19:00:00Z,2016-03-07T16:00:00-03:00
15.53,,,False,2,pm25,µg/m³,,raw,01:00:00,2016-03-07T20:00:00Z,2016-03-07T17:00:00-03:00,2016-03-07T21:00:00Z,2016-03-07T18:00:00-03:00,1,01:00:00,1,01:00:00,100.0,100.0,2016-03-07T20:00:00Z,2016-03-07T17:00:00-03:00,2016-03-07T21:00:00Z,2016-03-07T18:00:00-03:00
12.15,,,False,2,pm25,µg/m³,,raw,01:00:00,2016-03-07T21:00:00Z,2016-03-07T18:00:00-03:00,2016-03-07T22:00:00Z,2016-03-07T19:00:00-03:00,1,01:00:00,1,01:00:00,100.0,100.0,2016-03-07T21:00:00Z,2016-03-07T18:00:00-03:00,2016-03-07T22:00:00Z,2016-03-07T19:00:00-03:00
25.66,,,False,2,pm25,µg/m³,,raw,01:00:00,2016-03-07T22:00:00Z,2016-03-07T19:00:00-03:00,2016-03-07T23:00:00Z,2016-03-07T20:00:00-03:00,1,01:00:00,1,01:00:00,100.0,100.0,2016-03-07T22:00:00Z,2016-03-07T19:00:00-03:00,2016-03-07T23:00:00Z,2016-03-07T20:00:00-03:00
14.86,,,False,2,pm25,µg/m³,,raw,01:00:00,2016-03-07T23:00:00Z,2016-03-07T20:00:00-03:00,2016-03-08T00:00:00Z,2016-03-07T21:00:00-03:00,1,01:00:00,1,01:00:00,100.0,100.0,2016-03-07T23:00:00Z,2016-03-07T20:00:00-03:00,2016-03-08T00:00:00Z,2016-03-07T21:00:00-03:00
9.45,,,False,2,pm25,µg/m³,,raw,01:00:00,2016-03-08T01:00:00Z,2016-03-07T22:00:00-03:00,2016-03-08T02:00:00Z,2016-03-07T23:00:00-03:00,1,01:00:00,1,01:00:00,100.0,100.0,2016-03-08T01:00:00Z,2016-03-07T22:00:00-03:00,2016-03-08T02:00:00Z,2016-03-07T23:00:00-03:00
13.51,,,False,2,pm25,µg/m³,,raw,01:00:00,2016-03-08T02:00:00Z,2016-03-07T23:00:00-03:00,2016-03-08T03:00:00Z,2016-03-08T00:00:00-03:00,1,01:00:00,1,01:00:00,100.0,100.0,2016-03-08T02:00:00Z,2016-03-07T23:00:00-03:00,2016-03-08T03:00:00Z,2016-03-08T00:00:00-03:00
12.15,,,False,2,pm25,µg/m³,,raw,01:00:00,2016-03-08T03:00:00Z,2016-03-08T00:00:00-03:00,2016-03-08T04:00:00Z,2016-03-08T01:00:00-03:00,1,01:00:00,1,01:00:00,100.0,100.0,2016-03-08T03:00:00Z,2016-03-08T00:00:00-03:00,2016-03-08T04:00:00Z,2016-03-08T01:00:00-03:00
16.21,,,False,2,pm25,µg/m³,,raw,01:00:00,2016-03-08T04:00:00Z,2016-03-08T01:00:00-03:00,2016-03-08T05:00:00Z,2016-03-08T02:00:00-03:00,1,01:00:00,1,01:00:00,100.0,100.0,2016-03-08T04:00:00Z,2016-03-08T01:00:00-03:00,2016-03-08T05:00:00Z,2016-03-08T02:00:00-03:00
14.86,,,False,2,pm25,µg/m³,,raw,01:00:00,2016-03-08T07:00:00Z,2016-03-08T04:00:00-03:00,2016-03-08T08:00:00Z,2016-03-08T05:00:00-03:00,1,01:00:00,1,01:00:00,100.0,100.0,2016-03-08T07:00:00Z,2016-03-08T04:00:00-03:00,2016-03-08T08:00:00Z,2016-03-08T05:00:00-03:00
9.45,,,False,2,pm25,µg/m³,,raw,01:00:00,2016-03-08T08:00:00Z,2016-03-08T05:00:00-03:00,2016-03-08T09:00:00Z,2016-03-08T06:00:00-03:00,1,01:00:00,1,01:00:00,100.0,100.0,2016-03-08T08:00:00Z,2016-03-08T05:00:00-03:00,2016-03-08T09:00:00Z,2016-03-08T06:00:00-03:00
23.63,,,False,2,pm25,µg/m³,,raw,01:00:00,2016-03-08T09:00:00Z,2016-03-08T06:00:00-03:00,2016-03-08T10:00:00Z,2016-03-08T07:00:00-03:00,1,01:00:00,1,01:00:00,100.0,100.0,2016-03-08T09:00:00Z,2016-03-08T06:00:00-03:00,2016-03-08T10:00:00Z,2016-03-08T07:00:00-03:00
23.57,,,False,2,pm25,µg/m³,,raw,01:00:00,2016-03-08T10:00:00Z,2016-03-08T07:00:00-03:00,2016-03-08T11:00:00Z,2016-03-08T08:00:00-03:00,1,01:00:00,1,01:00:00,100.0,100.0,2016-03-08T10:00:00Z,2016-03-08T07:00:00-03:00,2016-03-08T11:00:00Z,2016-03-08T08:00:00-03:00
28.36,,,False,2,pm25,µg/m³,,raw,01:00:00,2016-03-08T11:00:00Z,2016-03-08T08:00:00-03:00,2016-03-08T12:00:00Z,2016-03-08T09:00:00-03:00,1,01:00:00,1,01:00:00,100.0,100.0,2016-03-08T11:00:00Z,2016-03-08T08:00:00-03:00,2016-03-08T12:00:00Z,2016-03-08T09:00:00-03:00
36.46,,,False,2,pm25,µg/m³,,raw,01:00:00,2016-03-08T12:00:00Z,2016-03-08T09:00:00-03:00,2016-03-08T13:00:00Z,2016-03-08T10:00:00-03:00,1,01:00:00,1,01:00:00,100.0,100.0,2016-03-08T12:00:00Z,2016-03-08T09:00:00-03:00,2016-03-08T13:00:00Z,2016-03-08T10:00:00-03:00
40.52,,,False,2,pm25,µg/m³,,raw,01:00:00,2016-03-08T13:00:00Z,2016-03-08T10:00:00-03:00,2016-03-08T14:00:00Z,2016-03-08T11:00:00-03:00,1,01:00:00,1,01:00:00,100.0,100.0,2016-03-08T13:00:00Z,2016-03-08T10:00:00-03:00,2016-03-08T14:00:00Z,2016-03-08T11:00:00-03:00
37.81,,,False,2,pm25,µg/m³,,raw,01:00:00,2016-03-08T14:00:00Z,2016-03-08T11:00:00-03:00,2016-03-08T15:00:00Z,2016-03-08T12:00:00-03:00,1,01:00:00,1,01:00:00,100.0,100.0,2016-03-08T14:00:00Z,2016-03-08T11:00:00-03:00,2016-03-08T15:00:00Z,2016-03-08T12:00:00-03:00
35.11,,,False,2,pm25,µg/m³,,raw,01:00:00,2016-03-08T15:00:00Z,2016-03-08T12:00:00-03:00,2016-03-08T16:00:00Z,2016-03-08T13:00:00-03:00,1,01:00:00,1,01:00:00,100.0,100.0,2016-03-08T15:00:00Z,2016-03-08T12:00:00-03:00,2016-03-08T16:00:00Z,2016-03-08T13:00:00-03:00
27.0,,,False,2,pm25,µg/m³,,raw,01:00:00,2016-03-08T17:00:00Z,2016-03-08T14:00:00-03:00,2016-03-08T18:00:00Z,2016-03-08T15:00:00-03:00,1,01:00:00,1,01:00:00,100.0,100.0,2016-03-08T17:00:00Z,2016-03-08T14:00:00-03:00,2016-03-08T18:00:00Z,2016-03-08T15:00:00-03:00
18.9,,,False,2,pm25,µg/m³,,raw,01:00:00,2016-03-08T18:00:00Z,2016-03-08T15:00:00-03:00,2016-03-08T19:00:00Z,2016-03-08T16:00:00-03:00,1,01:00:00,1,01:00:00,100.0,100.0,2016-03-08T18:00:00Z,2016-03-08T15:00:00-03:00,2016-03-08T19:00:00Z,2016-03-08T16:00:00-03:00
15.53,,,False,2,pm25,µg/m³,,raw,01:00:00,2016-03-08T20:00:00Z,2016-03-08T17:00:00-03:00,2016-03-08T21:00:00Z,2016-03-08T18:00:00-03:00,1,01:00:00,1,01:00:00,100.0,100.0,2016-03-08T20:00:00Z,2016-03-08T17:00:00-03:00,2016-03-08T21:00:00Z,2016-03-08T18:00:00-03:00
16.21,,,False,2,pm25,µg/m³,,raw,01:00:00,2016-03-08T21:00:00Z,2016-03-08T18:00:00-03:00,2016-03-08T22:00:00Z,2016-03-08T19:00:00-03:00,1,01:00:00,1,01:00:00,100.0,100.0,2016-03-08T21:00:00Z,2016-03-08T18:00:00-03:00,2016-03-08T22:00:00Z,2016-03-08T19:00:00-03:00
26.33,,,False,2,pm25,µg/m³,,raw,01:00:00,2016-03-08T22:00:00Z,2016-03-08T19:00:00-03:00,2016-03-08T23:00:00Z,2016-03-08T20:00:00-03:00,1,01:00:00,1,01:00:00,100.0,100.0,2016-03-08T22:00:00Z,2016-03-08T19:00:00-03:00,2016-03-08T23:00:00Z,2016-03-08T20:00:00-03:00
26.34,,,False,2,pm25,µg/m³,,raw,01:00:00,2016-03-08T23:00:00Z,2016-03-08T20:00:00-03:00,2016-03-09T00:00:00Z,2016-03-08T21:00:00-03:00,1,01:00:00,1,01:00:00,100.0,100.0,2016-03-08T23:00:00Z,2016-03-08T20:00:00-03:00,2016-03-09T00:00:00Z,2016-03-08T21:00:00-03:00
30.39,,,False,2,pm25,µg/m³,,raw,01:00:00,2016-03-09T00:00:00Z,2016-03-08T21:00:00-03:00,2016-03-09T01:00:00Z,2016-03-08T22:00:00-03:00,1,01:00:00,1,01:00:00,100.0,100.0,2016-03-09T00:00:00Z,2016-03-08T21:00:00-03:00,2016-03-09T01:00:00Z,2016-03-08T22:00:00-03:00
37.14,,,False,2,pm25,µg/m³,,raw,01:00:00,2016-03-09T01:00:00Z,2016-03-08T22:00:00-03:00,2016-03-09T02:00:00Z,2016-03-08T23:00:00-03:00,1,01:00:00,1,01:00:00,100.0,100.0,2016-03-09T01:00:00Z,2016-03-08T22:00:00-03:00,2016-03-09T02:00:00Z,2016-03-08T23:00:00-03:00
35.18,,,False,2,pm25,µg/m³,,raw,01:00:00,2016-03-09T02:00:00Z,2016-03-08T23:00:00-03:00,2016-03-09T03:00:00Z,2016-03-09T00:00:00-03:00,1,01:00:00,1,01:00:00,100.0,100.0,2016-03-09T02:00:00Z,2016-03-08T23:00:00-03:00,2016-03-09T03:00:00Z,2016-03-09T00:00:00-03:00
33.09,,,False,2,pm25,µg/m³,,raw,01:00:00,2016-03-09T03:00:00Z,2016-03-09T00:00:00-03:00,2016-03-09T04:00:00Z,2016-03-09T01:00:00-03:00,1,01:00:00,1,01:00:00,100.0,100.0,2016-03-09T03:00:00Z,2016-03-09T00:00:00-03:00,2016-03-09T04:00:00Z,2016-03-09T01:00:00-03:00
20.93,,,False,2,pm25,µg/m³,,raw,01:00:00,2016-03-09T04:00:00Z,2016-03-09T01:00:00-03:00,2016-03-09T05:00:00Z,2016-03-09T02:00:00-03:00,1,01:00:00,1,01:00:00,100.0,100.0,2016-03-09T04:00:00Z,2016-03-09T01:00:00-03:00,2016-03-09T05:00:00Z,2016-03-09T02:00:00-03:00
25.66,,,False,2,pm25,µg/m³,,raw,01:00:00,2016-03-09T05:00:00Z,2016-03-09T02:00:00-03:00,2016-03-09T06:00:00Z,2016-03-09T03:00:00-03:00,1,01:00:00,1,01:00:00,100.0,100.0,2016-03-09T05:00:00Z,2016-03-09T02:00:00-03:00,2016-03-09T06:00:00Z,2016-03-09T03:00:00-03:00
26.34,,,False,2,pm25,µg/m³,,raw,01:00:00,2016-03-09T06:00:00Z,2016-03-09T03:00:00-03:00,2016-03-09T07:00:00Z,2016-03-09T04:00:00-03:00,1,01:00:00,1,01:00:00,100.0,100.0,2016-03-09T06:00:00Z,2016-03-09T03:00:00-03:00,2016-03-09T07:00:00Z,2016-03-09T04:00:00-03:00
14.86,,,False,2,pm25,µg/m³,,raw,01:00:00,2016-03-09T08:00:00Z,2016-03-09T05:00:00-03:00,2016-03-09T09:00:00Z,2016-03-09T06:00:00-03:00,1,01:00:00,1,01:00:00,100.0,100.0,2016-03-09T08:00:00Z,2016-03-09T05:00:00-03:00,2016-03-09T09:00:00Z,2016-03-09T06:00:00-03:00
17.56,,,False,2,pm25,µg/m³,,raw,01:00:00,2016-03-09T09:00:00Z,2016-03-09T06:00:00-03:00,2016-03-09T10:00:00Z,2016-03-09T07:00:00-03:00,1,01:00:00,1,01:00:00,100.0,100.0,2016-03-09T09:00:00Z,2016-03-09T06:00:00-03:00,2016-03-09T10:00:00Z,2016-03-09T07:00:00-03:00
14.18,,,False,2,pm25,µg/m³,,raw,01:00:00,2016-03-09T10:00:00Z,2016-03-09T07:00:00-03:00,2016-03-09T11:00:00Z,2016-03-09T08:00:00-03:00,1,01:00:00,1,01:00:00,100.0,100.0,2016-03-09T10:00:00Z,2016-03-09T07:00:00-03:00,2016-03-09T11:00:00Z,2016-03-09T08:00:00-03:00
18.91,,,False,2,pm25,µg/m³,,raw,01:00:00,2016-03-09T11:00:00Z,2016-03-09T08:00:00-03:00,2016-03-09T12:00:00Z,2016-03-09T09:00:00-03:00,1,01:00:00,1,01:00:00,100.0,100.0,2016-03-09T11:00:00Z,2016-03-09T08:00:00-03:00,2016-03-09T12:00:00Z,2016-03-09T09:00:00-03:00
14.18,,,False,2,pm25,µg/m³,,raw,01:00:00,2016-03-09T12:00:00Z,2016-03-09T09:00:00-03:00,2016-03-09T13:00:00Z,2016-03-09T10:00:00-03:00,1,01:00:00,1,01:00:00,100.0,100.0,2016-03-09T12:00:00Z,2016-03-09T09:00:00-03:00,2016-03-09T13:00:00Z,2016-03-09T10:00:00-03:00
10.34,,,False,2,pm25,µg/m³,,raw,01:00:00,2016-03-09T14:00:00Z,2016-03-09T11:00:00-03:00,2016-03-09T15:00:00Z,2016-03-09T12:00:00-03:00,1,01:00:00,1,01:00:00,100.0,100.0,2016-03-09T14:00:00Z,2016-03-09T11:00:00-03:00,2016-03-09T15:00:00Z,2016-03-09T12:00:00-03:00
9.45,,,False,2,pm25,µg/m³,,raw,01:00:00,2016-03-09T15:00:00Z,2016-03-09T12:00:00-03:00,2016-03-09T16:00:00Z,2016-03-09T13:00:00-03:00,1,01:00:00,1,01:00:00,100.0,100.0,2016-03-09T15:00:00Z,2016-03-09T12:00:00-03:00,2016-03-09T16:00:00Z,2016-03-09T13:00:00-03:00
8.78,,,False,2,pm25,µg/m³,,raw,01:00:00,2016-03-09T16:00:00Z,2016-03-09T13:00:00-03:00,2016-03-09T17:00:00Z,2016-03-09T14:00:00-03:00,1,01:00:00,1,01:00:00,100.0,100.0,2016-03-09T16:00:00Z,2016-03-09T13:00:00-03:00,2016-03-09T17:00:00Z,2016-03-09T14:00:00-03:00
12.14,,,False,2,pm25,µg/m³,,raw,01:00:00,2016-03-09T17:00:00Z,2016-03-09T14:00:00-03:00,2016-03-09T18:00:00Z,2016-03-09T15:00:00-03:00,1,01:00:00,1,01:00:00,100.0,100.0,2016-03-09T17:00:00Z,2016-03-09T14:00:00-03:00,2016-03-09T18:00:00Z,2016-03-09T15:00:00-03:00
7.425,,,False,2,pm25,µg/m³,,raw,01:00:00,2016-03-09T18:00:00Z,2016-03-09T15:00:00-03:00,2016-03-09T19:00:00Z,2016-03-09T16:00:00-03:00,1,01:00:00,1,01:00:00,100.0,100.0,2016-03-09T18:00:00Z,2016-03-09T15:00:00-03:00,2016-03-09T19:00:00Z,2016-03-09T16:00:00-03:00
5.4,,,False,2,pm25,µg/m³,,raw,01:00:00,2016-03-09T19:00:00Z,2016-03-09T16:00:00-03:00,2016-03-09T20:00:00Z,2016-03-09T17:00:00-03:00,1,01:00:00,1,01:00:00,100.0,100.0,2016-03-09T19:00:00Z,2016-03-09T16:00:00-03:00,2016-03-09T20:00:00Z,2016-03-09T17:00:00-03:00
8.1,,,False,2,pm25,µg/m³,,raw,01:00:00,2016-03-09T20:00:00Z,2016-03-09T17:00:00-03:00,2016-03-09T21:00:00Z,2016-03-09T18:00:00-03:00,1,01:00:00,1,01:00:00,100.0,100.0,2016-03-09T20:00:00Z,2016-03-09T17:00:00-03:00,2016-03-09T21:00:00Z,2016-03-09T18:00:00-03:00
12.83,,,False,2,pm25,µg/m³,,raw,01:00:00,2016-03-09T22:00:00Z,2016-03-09T19:00:00-03:00,2016-03-09T23:00:00Z,2016-03-09T20:00:00-03:00,1,01:00:00,1,01:00:00,100.0,100.0,2016-03-09T22:00:00Z,2016-03-09T19:00:00-03:00,2016-03-09T23:00:00Z,2016-03-09T20:00:00-03:00
14.86,,,False,2,pm25,µg/m³,,raw,01:00:00,2016-03-09T23:00:00Z,2016-03-09T20:00:00-03:00,2016-03-10T00:00:00Z,2016-03-09T21:00:00-03:00,1,01:00:00,1,01:00:00,100.0,100.0,2016-03-09T23:00:00Z,2016-03-09T20:00:00-03:00,2016-03-10T00:00:00Z,2016-03-09T21:00:00-03:00
41.19,,,False,2,pm25,µg/m³,,raw,01:00:00,2016-03-10T01:00:00Z,2016-03-09T22:00:00-03:00,2016-03-10T02:00:00Z,2016-03-09T23:00:00-03:00,1,01:00:00,1,01:00:00,100.0,100.0,2016-03-10T01:00:00Z,2016-03-09T22:00:00-03:00,2016-03-10T02:00:00Z,2016-03-09T23:00:00-03:00
34.44,,,False,2,pm25,µg/m³,,raw,01:00:00,2016-03-10T02:00:00Z,2016-03-09T23:00:00-03:00,2016-03-10T03:00:00Z,2016-03-10T00:00:00-03:00,1,01:00:00,1,01:00:00,100.0,100.0,2016-03-10T02:00:00Z,2016-03-09T23:00:00-03:00,2016-03-10T03:00:00Z,2016-03-10T00:00:00-03:00
29.04,,,False,2,pm25,µg/m³,,raw,01:00:00,2016-03-10T03:00:00Z,2016-03-10T00:00:00-03:00,2016-03-10T04:00:00Z,2016-03-10T01:00:00-03:00,1,01:00:00,1,01:00:00,100.0,100.0,2016-03-10T03:00:00Z,2016-03-10T00:00:00-03:00,2016-03-10T04:00:00Z,2016-03-10T01:00:00-03:00
17.56,,,False,2,pm25,µg/m³,,raw,01:00:00,2016-03-10T05:00:00Z,2016-03-10T02:00:00-03:00,2016-03-10T06:00:00Z,2016-03-10T03:00:00-03:00,1,01:00:00,1,01:00:00,100.0,100.0,2016-03-10T05:00:00Z,2016-03-10T02:00:00-03:00,2016-03-10T06:00:00Z,2016-03-10T03:00:00-03:00
12.15,,,False,2,pm25,µg/m³,,raw,01:00:00,2016-03-10T07:00:00Z,2016-03-10T04:00:00-03:00,2016-03-10T08:00:00Z,2016-03-10T05:00:00-03:00,1,01:00:00,1,01:00:00,100.0,100.0,2016-03-10T07:00:00Z,2016-03-10T04:00:00-03:00,2016-03-10T08:00:00Z,2016-03-10T05:00:00-03:00
19.84,,,False,2,pm25,µg/m³,,raw,01:00:00,2016-03-10T08:00:00Z,2016-03-10T05:00:00-03:00,2016-03-10T09:00:00Z,2016-03-10T06:00:00-03:00,1,01:00:00,1,01:00:00,100.0,100.0,2016-03-10T08:00:00Z,2016-03-10T05:00:00-03:00,2016-03-10T09:00:00Z,2016-03-10T06:00:00-03:00
29.04,,,False,2,pm25,µg/m³,,raw,01:00:00,2016-03-10T09:00:00Z,2016-03-10T06:00:00-03:00,2016-03-10T10:00:00Z,2016-03-10T07:00:00-03:00,1,01:00:00,1,01:00:00,100.0,100.0,2016-03-10T09:00:00Z,2016-03-10T06:00:00-03:00,2016-03-10T10:00:00Z,2016-03-10T07:00:00-03:00
29.71,,,False,2,pm25,µg/m³,,raw,01:00:00,2016-03-10T10:00:00Z,2016-03-10T07:00:00-03:00,2016-03-10T11:00:00Z,2016-03-10T08:00:00-03:00,1,01:00:00,1,01:00:00,100.0,100.0,2016-03-10T10:00:00Z,2016-03-10T07:00:00-03:00,2016-03-10T11:00:00Z,2016-03-10T08:00:00-03:00
18.06,,,False,2,pm25,µg/m³,,raw,01:00:00,2016-03-10T11:00:00Z,2016-03-10T08:00:00-03:00,2016-03-10T12:00:00Z,2016-03-10T09:00:00-03:00,1,01:00:00,1,01:00:00,100.0,100.0,2016-03-10T11:00:00Z,2016-03-10T08:00:00-03:00,2016-03-10T12:00:00Z,2016-03-10T09:00:00-03:00
16.88,,,False,2,pm25,µg/m³,,raw,01:00:00,2016-03-10T12:00:00Z,2016-03-10T09:00:00-03:00,2016-03-10T13:00:00Z,2016-03-10T10:00:00-03:00,1,01:00:00,1,01:00:00,100.0,100.0,2016-03-10T12:00:00Z,2016-03-10T09:00:00-03:00,2016-03-10T13:00:00Z,2016-03-10T10:00:00-03:00
20.93,,,False,2,pm25,µg/m³,,raw,01:00:00,2016-03-10T13:00:00Z,2016-03-10T10:00:00-03:00,2016-03-10T14:00:00Z,2016-03-10T11:00:00-03:00,1,01:00:00,1,01:00:00,100.0,100.0,2016-03-10T13:00:00Z,2016-03-10T10:00:00-03:00,2016-03-10T14:00:00Z,2016-03-10T11:00:00-03:00
12.15,,,False,2,pm25,µg/m³,,raw,01:00:00,2016-03-10T14:00:00Z,2016-03-10T11:00:00-03:00,2016-03-10T15:00:00Z,2016-03-10T12:00:00-03:00,1,01:00:00,1,01:00:00,100.0,100.0,2016-03-10T14:00:00Z,2016-03-10T11:00:00-03:00,2016-03-10T15:00:00Z,2016-03-10T12:00:00-03:00
12.94,,,False,2,pm25,µg/m³,,raw,01:00:00,2016-03-10T15:00:00Z,2016-03-10T12:00:00-03:00,2016-03-10T16:00:00Z,2016-03-10T13:00:00-03:00,1,01:00:00,1,01:00:00,100.0,100.0,2016-03-10T15:00:00Z,2016-03-10T12:00:00-03:00,2016-03-10T16:00:00Z,2016-03-10T13:00:00-03:00
13.5,,,False,2,pm25,µg/m³,,raw,01:00:00,2016-03-10T16:00:00Z,2016-03-10T13:00:00-03:00,2016-03-10T17:00:00Z,2016-03-10T14:00:00-03:00,1,01:00:00,1,01:00:00,100.0,100.0,2016-03-10T16:00:00Z,2016-03-10T13:00:00-03:00,2016-03-10T17:00:00Z,2016-03-10T14:00:00-03:00
9.46,,,False,2,pm25,µg/m³,,raw,01:00:00,2016-03-10T17:00:00Z,2016-03-10T14:00:00-03:00,2016-03-10T18:00:00Z,2016-03-10T15:00:00-03:00,1,01:00:00,1,01:00:00,100.0,100.0,2016-03-10T17:00:00Z,2016-03-10T14:00:00-03:00,2016-03-10T18:00:00Z,2016-03-10T15:00:00-03:00
13.5,,,False,2,pm25,µg/m³,,raw,01:00:00,2016-03-10T18:00:00Z,2016-03-10T15:00:00-03:00,2016-03-10T19:00:00Z,2016-03-10T16:00:00-03:00,1,01:00:00,1,01:00:00,100.0,100.0,2016-03-10T18:00:00Z,2016-03-10T15:00:00-03:00,2016-03-10T19:00:00Z,2016-03-10T16:00:00-03:00
8.77,,,False,2,pm25,µg/m³,,raw,01:00:00,2016-03-10T19:00:00Z,2016-03-10T16:00:00-03:00,2016-03-10T20:00:00Z,2016-03-10T17:00:00-03:00,1,01:00:00,1,01:00:00,100.0,100.0,2016-03-10T19:00:00Z,2016-03-10T16:00:00-03:00,2016-03-10T20:00:00Z,2016-03-10T17:00:00-03:00
7.418,,,False,2,pm25,µg/m³,,raw,01:00:00,2016-03-10T20:00:00Z,2016-03-10T17:00:00-03:00,2016-03-10T21:00:00Z,2016-03-10T18:00:00-03:00,1,01:00:00,1,01:00:00,100.0,100.0,2016-03-10T20:00:00Z,2016-03-10T17:00:00-03:00,2016-03-10T21:00:00Z,2016-03-10T18:00:00-03:00
14.18,,,False,2,pm25,µg/m³,,raw,01:00:00,2016-03-10T21:00:00Z,2016-03-10T18:00:00-03:00,2016-03-10T22:00:00Z,2016-03-10T19:00:00-03:00,1,01:00:00,1,01:00:00,100.0,100.0,2016-03-10T21:00:00Z,2016-03-10T18:00:00-03:00,2016-03-10T22:00:00Z,2016-03-10T19:00:00-03:00
15.53,,,False,2,pm25,µg/m³,,raw,01:00:00,2016-03-10T22:00:00Z,2016-03-10T19:00:00-03:00,2016-03-10T23:00:00Z,2016-03-10T20:00:00-03:00,1,01:00:00,1,01:00:00,100.0,100.0,2016-03-10T22:00:00Z,2016-03-10T19:00:00-03:00,2016-03-10T23:00:00Z,2016-03-10T20:00:00-03:00
20.26,,,False,2,pm25,µg/m³,,raw,01:00:00,2016-03-10T23:00:00Z,2016-03-10T20:00:00-03:00,2016-03-11T00:00:00Z,2016-03-10T21:00:00-03:00,1,01:00:00,1,01:00:00,100.0,100.0,2016-03-10T23:00:00Z,2016-03-10T20:00:00-03:00,2016-03-11T00:00:00Z,2016-03-10T21:00:00-03:00
21.61,,,False,2,pm25,µg/m³,,raw,01:00:00,2016-03-11T00:00:00Z,2016-03-10T21:00:00-03:00,2016-03-11T01:00:00Z,2016-03-10T22:00:00-03:00,1,01:00:00,1,01:00:00,100.0,100.0,2016-03-11T00:00:00Z,2016-03-10T21:00:00-03:00,2016-03-11T01:00:00Z,2016-03-10T22:00:00-03:00
33.76,,,False,2,pm25,µg/m³,,raw,01:00:00,2016-03-11T01:00:00Z,2016-03-10T22:00:00-03:00,2016-03-11T02:00:00Z,2016-03-10T23:00:00-03:00,1,01:00:00,1,01:00:00,100.0,100.0,2016-03-11T01:00:00Z,2016-03-10T22:00:00-03:00,2016-03-11T02:00:00Z,2016-03-10T23:00:00-03:00
41.87,,,False,2,pm25,µg/m³,,raw,01:00:00,2016-03-11T02:00:00Z,2016-03-10T23:00:00-03:00,2016-03-11T03:00:00Z,2016-03-11T00:00:00-03:00,1,01:00:00,1,01:00:00,100.0,100.0,2016-03-11T02:00:00Z,2016-03-10T23:00:00-03:00,2016-03-11T03:00:00Z,2016-03-11T00:00:00-03:00
39.84,,,False,2,pm25,µg/m³,,raw,01:00:00,2016-03-11T03:00:00Z,2016-03-11T00:00:00-03:00,2016-03-11T04:00:00Z,2016-03-11T01:00:00-03:00,1,01:00:00,1,01:00:00,100.0,100.0,2016-03-11T03:00:00Z,2016-03-11T00:00:00-03:00,2016-03-11T04:00:00Z,2016-03-11T01:00:00-03:00
37.81,,,False,2,pm25,µg/m³,,raw,01:00:00,2016-03-11T04:00:00Z,2016-03-11T01:00:00-03:00,2016-03-11T05:00:00Z,2016-03-11T02:00:00-03:00,1,01:00:00,1,01:00:00,100.0,100.0,2016-03-11T04:00:00Z,2016-03-11T01:00:00-03:00,2016-03-11T05:00:00Z,2016-03-11T02:00:00-03:00
35.79,,,False,2,pm25,µg/m³,,raw,01:00:00,2016-03-11T05:00:00Z,2016-03-11T02:00:00-03:00,2016-03-11T06:00:00Z,2016-03-11T03:00:00-03:00,1,01:00:00,1,01:00:00,100.0,100.0,2016-03-11T05:00:00Z,2016-03-11T02:00:00-03:00,2016-03-11T06:00:00Z,2016-03-11T03:00:00-03:00
27.69,,,False,2,pm25,µg/m³,,raw,01:00:00,2016-03-11T06:00:00Z,2016-03-11T03:00:00-03:00,2016-03-11T07:00:00Z,2016-03-11T04:00:00-03:00,1,01:00:00,1,01:00:00,100.0,100.0,2016-03-11T06:00:00Z,2016-03-11T03:00:00-03:00,2016-03-11T07:00:00Z,2016-03-11T04:00:00-03:00
20.88,,,False,2,pm25,µg/m³,,raw,01:00:00,2016-03-11T07:00:00Z,2016-03-11T04:00:00-03:00,2016-03-11T08:00:00Z,2016-03-11T05:00:00-03:00,1,01:00:00,1,01:00:00,100.0,100.0,2016-03-11T07:00:00Z,2016-03-11T04:00:00-03:00,2016-03-11T08:00:00Z,2016-03-11T05:00:00-03:00
24.99,,,False,2,pm25,µg/m³,,raw,01:00:00,2016-03-11T08:00:00Z,2016-03-11T05:00:00-03:00,2016-03-11T09:00:00Z,2016-03-11T06:00:00-03:00,1,01:00:00,1,01:00:00,100.0,100.0,2016-03-11T08:00:00Z,2016-03-11T05:00:00-03:00,2016-03-11T09:00:00Z,2016-03-11T06:00:00-03:00
23.52,,,False,2,pm25,µg/m³,,raw,01:00:00,2016-03-11T10:00:00Z,2016-03-11T07:00:00-03:00,2016-03-11T11:00:00Z,2016-03-11T08:00:00-03:00,1,01:00:00,1,01:00:00,100.0,100.0,2016-03-11T10:00:00Z,2016-03-11T07:00:00-03:00,2016-03-11T11:00:00Z,2016-03-11T08:00:00-03:00
32.4,,,False,2,pm25,µg/m³,,raw,01:00:00,2016-03-11T11:00:00Z,2016-03-11T08:00:00-03:00,2016-03-11T12:00:00Z,2016-03-11T09:00:00-03:00,1,01:00:00,1,01:00:00,100.0,100.0,2016-03-11T11:00:00Z,2016-03-11T08:00:00-03:00,2016-03-11T12:00:00Z,2016-03-11T09:00:00-03:00
33.76,,,False,2,pm25,µg/m³,,raw,01:00:00,2016-03-11T12:00:00Z,2016-03-11T09:00:00-03:00,2016-03-11T13:00:00Z,2016-03-11T10:00:00-03:00,1,01:00:00,1,01:00:00,100.0,100.0,2016-03-11T12:00:00Z,2016-03-11T09:00:00-03:00,2016-03-11T13:00:00Z,2016-03-11T10:00:00-03:00
35.07,,,False,2,pm25,µg/m³,,raw,01:00:00,2016-03-11T13:00:00Z,2016-03-11T10:00:00-03:00,2016-03-11T14:00:00Z,2016-03-11T11:00:00-03:00,1,01:00:00,1,01:00:00,100.0,100.0,2016-03-11T13:00:00Z,2016-03-11T10:00:00-03:00,2016-03-11T14:00:00Z,2016-03-11T11:00:00-03:00
31.74,,,False,2,pm25,µg/m³,,raw,01:00:00,2016-03-11T14:00:00Z,2016-03-11T11:00:00-03:00,2016-03-11T15:00:00Z,2016-03-11T12:00:00-03:00,1,01:00:00,1,01:00:00,100.0,100.0,2016-03-11T14:00:00Z,2016-03-11T11:00:00-03:00,2016-03-11T15:00:00Z,2016-03-11T12:00:00-03:00
21.61,,,False,2,pm25,µg/m³,,raw,01:00:00,2016-03-11T15:00:00Z,2016-03-11T12:00:00-03:00,2016-03-11T16:00:00Z,2016-03-11T13:00:00-03:00,1,01:00:00,1,01:00:00,100.0,100.0,2016-03-11T15:00:00Z,2016-03-11T12:00:00-03:00,2016-03-11T16:00:00Z,2016-03-11T13:00:00-03:00
16.2,,,False,2,pm25,µg/m³,,raw,01:00:00,2016-03-11T16:00:00Z,2016-03-11T13:00:00-03:00,2016-03-11T17:00:00Z,2016-03-11T14:00:00-03:00,1,01:00:00,1,01:00:00,100.0,100.0,2016-03-11T16:00:00Z,2016-03-11T13:00:00-03:00,2016-03-11T17:00:00Z,2016-03-11T14:00:00-03:00
17.0,,,False,2,pm25,µg/m³,,raw,01:00:00,2016-03-11T17:00:00Z,2016-03-11T14:00:00-03:00,2016-03-11T18:00:00Z,2016-03-11T15:00:00-03:00,1,01:00:00,1,01:00:00,100.0,100.0,2016-03-11T17:00:00Z,2016-03-11T14:00:00-03:00,2016-03-11T18:00:00Z,2016-03-11T15:00:00-03:00
19.58,,,False,2,pm25,µg/m³,,raw,01:00:00,2016-03-11T18:00:00Z,2016-03-11T15:00:00-03:00,2016-03-11T19:00:00Z,2016-03-11T16:00:00-03:00,1,01:00:00,1,01:00:00,100.0,100.0,2016-03-11T18:00:00Z,2016-03-11T15:00:00-03:00,2016-03-11T19:00:00Z,2016-03-11T16:00:00-03:00
20.93,,,False,2,pm25,µg/m³,,raw,01:00:00,2016-03-11T19:00:00Z,2016-03-11T16:00:00-03:00,2016-03-11T20:00:00Z,2016-03-11T17:00:00-03:00,1,01:00:00,1,01:00:00,100.0,100.0,2016-03-11T19:00:00Z,2016-03-11T16:00:00-03:00,2016-03-11T20:00:00Z,2016-03-11T17:00:00-03:00
10.13,,,False,2,pm25,µg/m³,,raw,01:00:00,2016-03-11T20:00:00Z,2016-03-11T17:00:00-03:00,2016-03-11T21:00:00Z,2016-03-11T18:00:00-03:00,1,01:00:00,1,01:00:00,100.0,100.0,2016-03-11T20:00:00Z,2016-03-11T17:00:00-03:00,2016-03-11T21:00:00Z,2016-03-11T18:00:00-03:00
15.53,,,False,2,pm25,µg/m³,,raw,01:00:00,2016-03-11T21:00:00Z,2016-03-11T18:00:00-03:00,2016-03-11T22:00:00Z,2016-03-11T19:00:00-03:00,1,01:00:00,1,01:00:00,100.0,100.0,2016-03-11T21:00:00Z,2016-03-11T18:00:00-03:00,2016-03-11T22:00:00Z,2016-03-11T19:00:00-03:00
14.85,,,False,2,pm25,µg/m³,,raw,01:00:00,2016-03-11T22:00:00Z,2016-03-11T19:00:00-03:00,2016-03-11T23:00:00Z,2016-03-11T20:00:00-03:00,1,01:00:00,1,01:00:00,100.0,100.0,2016-03-11T22:00:00Z,2016-03-11T19:00:00-03:00,2016-03-11T23:00:00Z,2016-03-11T20:00:00-03:00
18.91,,,False,2,pm25,µg/m³,,raw,01:00:00,2016-03-11T23:00:00Z,2016-03-11T20:00:00-03:00,2016-03-12T00:00:00Z,2016-03-11T21:00:00-03:00,1,01:00:00,1,01:00:00,100.0,100.0,2016-03-11T23:00:00Z,2016-03-11T20:00:00-03:00,2016-03-12T00:00:00Z,2016-03-11T21:00:00-03:00
18.91,,,False,2,pm25,µg/m³,,raw,01:00:00,2016-03-12T00:00:00Z,2016-03-11T21:00:00-03:00,2016-03-12T01:00:00Z,2016-03-11T22:00:00-03:00,1,01:00:00,1,01:00:00,100.0,100.0,2016-03-12T00:00:00Z,2016-03-11T21:00:00-03:00,2016-03-12T01:00:00Z,2016-03-11T22:00:00-03:00
17.56,,,False,2,pm25,µg/m³,,raw,01:00:00,2016-03-12T01:00:00Z,2016-03-11T22:00:00-03:00,2016-03-12T02:00:00Z,2016-03-11T23:00:00-03:00,1,01:00:00,1,01:00:00,100.0,100.0,2016-03-12T01:00:00Z,2016-03-11T22:00:00-03:00,2016-03-12T02:00:00Z,2016-03-11T23:00:00-03:00
16.21,,,False,2,pm25,µg/m³,,raw,01:00:00,2016-03-12T02:00:00Z,2016-03-11T23:00:00-03:00,2016-03-12T03:00:00Z,2016-03-12T00:00:00-03:00,1,01:00:00,1,01:00:00,100.0,100.0,2016-03-12T02:00:00Z,2016-03-11T23:00:00-03:00,2016-03-12T03:00:00Z,2016-03-12T00:00:00-03:00
23.37,,,False,2,pm25,µg/m³,,raw,01:00:00,2016-03-12T03:00:00Z,2016-03-12T00:00:00-03:00,2016-03-12T04:00:00Z,2016-03-12T01:00:00-03:00,1,01:00:00,1,01:00:00,100.0,100.0,2016-03-12T03:00:00Z,2016-03-12T00:00:00-03:00,2016-03-12T04:00:00Z,2016-03-12T01:00:00-03:00
17.56,,,False,2,pm25,µg/m³,,raw,01:00:00,2016-03-12T04:00:00Z,2016-03-12T01:00:00-03:00,2016-03-12T05:00:00Z,2016-03-12T02:00:00-03:00,1,01:00:00,1,01:00:00,100.0,100.0,2016-03-12T04:00:00Z,2016-03-12T01:00:00-03:00,2016-03-12T05:00:00Z,2016-03-12T02:00:00-03:00
20.26,,,False,2,pm25,µg/m³,,raw,01:00:00,2016-03-12T05:00:00Z,2016-03-12T02:00:00-03:00,2016-03-12T06:00:00Z,2016-03-12T03:00:00-03:00,1,01:00:00,1,01:00:00,100.0,100.0,2016-03-12T05:00:00Z,2016-03-12T02:00:00-03:00,2016-03-12T06:00:00Z,2016-03-12T03:00:00-03:00
13.51,,,False,2,pm25,µg/m³,,raw,01:00:00,2016-03-12T06:00:00Z,2016-03-12T03:00:00-03:00,2016-03-12T07:00:00Z,2016-03-12T04:00:00-03:00,1,01:00:00,1,01:00:00,100.0,100.0,2016-03-12T06:00:00Z,2016-03-12T03:00:00-03:00,2016-03-12T07:00:00Z,2016-03-12T04:00:00-03:00
15.53,,,False,2,pm25,µg/m³,,raw,01:00:00,2016-03-12T07:00:00Z,2016-03-12T04:00:00-03:00,2016-03-12T08:00:00Z,2016-03-12T05:00:00-03:00,1,01:00:00,1,01:00:00,100.0,100.0,2016-03-12T07:00:00Z,2016-03-12T04:00:00-03:00,2016-03-12T08:00:00Z,2016-03-12T05:00:00-03:00
14.18,,,False,2,pm25,µg/m³,,raw,01:00:00,2016-03-12T08:00:00Z,2016-03-12T05:00:00-03:00,2016-03-12T09:00:00Z,2016-03-12T06:00:00-03:00,1,01:00:00,1,01:00:00,100.0,100.0,2016-03-12T08:00:00Z,2016-03-12T05:00:00-03:00,2016-03-12T09:00:00Z,2016-03-12T06:00:00-03:00
24.98,,,False,2,pm25,µg/m³,,raw,01:00:00,2016-03-12T09:00:00Z,2016-03-12T06:00:00-03:00,2016-03-12T10:00:00Z,2016-03-12T07:00:00-03:00,1,01:00:00,1,01:00:00,100.0,100.0,2016-03-12T09:00:00Z,2016-03-12T06:00:00-03:00,2016-03-12T10:00:00Z,2016-03-12T07:00:00-03:00
14.86,,,False,2,pm25,µg/m³,,raw,01:00:00,2016-03-12T11:00:00Z,2016-03-12T08:00:00-03:00,2016-03-12T12:00:00Z,2016-03-12T09:00:00-03:00,1,01:00:00,1,01:00:00,100.0,100.0,2016-03-12T11:00:00Z,2016-03-12T08:00:00-03:00,2016-03-12T12:00:00Z,2016-03-12T09:00:00-03:00
14.86,,,False,2,pm25,µg/m³,,raw,01:00:00,2016-03-12T12:00:00Z,2016-03-12T09:00:00-03:00,2016-03-12T13:00:00Z,2016-03-12T10:00:00-03:00,1,01:00:00,1,01:00:00,100.0,100.0,2016-03-12T12:00:00Z,2016-03-12T09:00:00-03:00,2016-03-12T13:00:00Z,2016-03-12T10:00:00-03:00
15.55,,,False,2,pm25,µg/m³,,raw,01:00:00,2016-03-12T13:00:00Z,2016-03-12T10:00:00-03:00,2016-03-12T14:00:00Z,2016-03-12T11:00:00-03:00,1,01:00:00,1,01:00:00,100.0,100.0,2016-03-12T13:00:00Z,2016-03-12T10:00:00-03:00,2016-03-12T14:00:00Z,2016-03-12T11:00:00-03:00
19.58,,,False,2,pm25,µg/m³,,raw,01:00:00,2016-03-12T14:00:00Z,2016-03-12T11:00:00-03:00,2016-03-12T15:00:00Z,2016-03-12T12:00:00-03:00,1,01:00:00,1,01:00:00,100.0,100.0,2016-03-12T14:00:00Z,2016-03-12T11:00:00-03:00,2016-03-12T15:00:00Z,2016-03-12T12:00:00-03:00
14.18,,,False,2,pm25,µg/m³,,raw,01:00:00,2016-03-12T16:00:00Z,2016-03-12T13:00:00-03:00,2016-03-12T17:00:00Z,2016-03-12T14:00:00-03:00,1,01:00:00,1,01:00:00,100.0,100.0,2016-03-12T16:00:00Z,2016-03-12T13:00:00-03:00,2016-03-12T17:00:00Z,2016-03-12T14:00:00-03:00
10.13,,,False,2,pm25,µg/m³,,raw,01:00:00,2016-03-12T17:00:00Z,2016-03-12T14:00:00-03:00,2016-03-12T18:00:00Z,2016-03-12T15:00:00-03:00,1,01:00:00,1,01:00:00,100.0,100.0,2016-03-12T17:00:00Z,2016-03-12T14:00:00-03:00,2016-03-12T18:00:00Z,2016-03-12T15:00:00-03:00
15.53,,,False,2,pm25,µg/m³,,raw,01:00:00,2016-03-12T18:00:00Z,2016-03-12T15:00:00-03:00,2016-03-12T19:00:00Z,2016-03-12T16:00:00-03:00,1,01:00:00,1,01:00:00,100.0,100.0,2016-03-12T18:00:00Z,2016-03-12T15:00:00-03:00,2016-03-12T19:00:00Z,2016-03-12T16:00:00-03:00
11.48,,,False,2,pm25,µg/m³,,raw,01:00:00,2016-03-12T19:00:00Z,2016-03-12T16:00:00-03:00,2016-03-12T20:00:00Z,2016-03-12T17:00:00-03:00,1,01:00:00,1,01:00:00,100.0,100.0,2016-03-12T19:00:00Z,2016-03-12T16:00:00-03:00,2016-03-12T20:00:00Z,2016-03-12T17:00:00-03:00
14.18,,,False,2,pm25,µg/m³,,raw,01:00:00,2016-03-12T20:00:00Z,2016-03-12T17:00:00-03:00,2016-03-12T21:00:00Z,2016-03-12T18:00:00-03:00,1,01:00:00,1,01:00:00,100.0,100.0,2016-03-12T20:00:00Z,2016-03-12T17:00:00-03:00,2016-03-12T21:00:00Z,2016-03-12T18:00:00-03:00
13.03,,,False,2,pm25,µg/m³,,raw,01:00:00,2016-03-12T21:00:00Z,2016-03-12T18:00:00-03:00,2016-03-12T22:00:00Z,2016-03-12T19:00:00-03:00,1,01:00:00,1,01:00:00,100.0,100.0,2016-03-12T21:00:00Z,2016-03-12T18:00:00-03:00,2016-03-12T22:00:00Z,2016-03-12T19:00:00-03:00
24.98,,,False,2,pm25,µg/m³,,raw,01:00:00,2016-03-12T22:00:00Z,2016-03-12T19:00:00-03:00,2016-03-12T23:00:00Z,2016-03-12T20:00:00-03:00,1,01:00:00,1,01:00:00,100.0,100.0,2016-03-12T22:00:00Z,2016-03-12T19:00:00-03:00,2016-03-12T23:00:00Z,2016-03-12T20:00:00-03:00
24.98,,,False,2,pm25,µg/m³,,raw,01:00:00,2016-03-12T23:00:00Z,2016-03-12T20:00:00-03:00,2016-03-13T00:00:00Z,2016-03-12T21:00:00-03:00,1,01:00:00,1,01:00:00,100.0,100.0,2016-03-12T23:00:00Z,2016-03-12T20:00:00-03:00,2016-03-13T00:00:00Z,2016-03-12T21:00:00-03:00
16.22,,,False,2,pm25,µg/m³,,raw,01:00:00,2016-03-13T00:00:00Z,2016-03-12T21:00:00-03:00,2016-03-13T01:00:00Z,2016-03-12T22:00:00-03:00,1,01:00:00,1,01:00:00,100.0,100.0,2016-03-13T00:00:00Z,2016-03-12T21:00:00-03:00,2016-03-13T01:00:00Z,2016-03-12T22:00:00-03:00
23.42,,,False,2,pm25,µg/m³,,raw,01:00:00,2016-03-13T01:00:00Z,2016-03-12T22:00:00-03:00,2016-03-13T02:00:00Z,2016-03-12T23:00:00-03:00,1,01:00:00,1,01:00:00,100.0,100.0,2016-03-13T01:00:00Z,2016-03-12T22:00:00-03:00,2016-03-13T02:00:00Z,2016-03-12T23:00:00-03:00
20.79,,,False,2,pm25,µg/m³,,raw,01:00:00,2016-03-13T02:00:00Z,2016-03-12T23:00:00-03:00,2016-03-13T03:00:00Z,2016-03-13T00:00:00-03:00,1,01:00:00,1,01:00:00,100.0,100.0,2016-03-13T02:00:00Z,2016-03-12T23:00:00-03:00,2016-03-13T03:00:00Z,2016-03-13T00:00:00-03:00
17.56,,,False,2,pm25,µg/m³,,raw,01:00:00,2016-03-13T11:00:00Z,2016-03-13T08:00:00-03:00,2016-03-13T12:00:00Z,2016-03-13T09:00:00-03:00,1,01:00:00,1,01:00:00,100.0,100.0,2016-03-13T11:00:00Z,2016-03-13T08:00:00-03:00,2016-03-13T12:00:00Z,2016-03-13T09:00:00-03:00
22.28,,,False,2,pm25,µg/m³,,raw,01:00:00,2016-03-13T12:00:00Z,2016-03-13T09:00:00-03:00,2016-03-13T13:00:00Z,2016-03-13T10:00:00-03:00,1,01:00:00,1,01:00:00,100.0,100.0,2016-03-13T12:00:00Z,2016-03-13T09:00:00-03:00,2016-03-13T13:00:00Z,2016-03-13T10:00:00-03:00
20.93,,,False,2,pm25,µg/m³,,raw,01:00:00,2016-03-13T13:00:00Z,2016-03-13T10:00:00-03:00,2016-03-13T14:00:00Z,2016-03-13T11:00:00-03:00,1,01:00:00,1,01:00:00,100.0,100.0,2016-03-13T13:00:00Z,2016-03-13T10:00:00-03:00,2016-03-13T14:00:00Z,2016-03-13T11:00:00-03:00
21.61,,,False,2,pm25,µg/m³,,raw,01:00:00,2016-03-13T14:00:00Z,2016-03-13T11:00:00-03:00,2016-03-13T15:00:00Z,2016-03-13T12:00:00-03:00,1,01:00:00,1,01:00:00,100.0,100.0,2016-03-13T14:00:00Z,2016-03-13T11:00:00-03:00,2016-03-13T15:00:00Z,2016-03-13T12:00:00-03:00
17.56,,,False,2,pm25,µg/m³,,raw,01:00:00,2016-03-13T15:00:00Z,2016-03-13T12:00:00-03:00,2016-03-13T16:00:00Z,2016-03-13T13:00:00-03:00,1,01:00:00,1,01:00:00,100.0,100.0,2016-03-13T15:00:00Z,2016-03-13T12:00:00-03:00,2016-03-13T16:00:00Z,2016-03-13T13:00:00-03:00
18.23,,,False,2,pm25,µg/m³,,raw,01:00:00,2016-03-13T16:00:00Z,2016-03-13T13:00:00-03:00,2016-03-13T17:00:00Z,2016-03-13T14:00:00-03:00,1,01:00:00,1,01:00:00,100.0,100.0,2016-03-13T16:00:00Z,2016-03-13T13:00:00-03:00,2016-03-13T17:00:00Z,2016-03-13T14:00:00-03:00
19.58,,,False,2,pm25,µg/m³,,raw,01:00:00,2016-03-13T17:00:00Z,2016-03-13T14:00:00-03:00,2016-03-13T18:00:00Z,2016-03-13T15:00:00-03:00,1,01:00:00,1,01:00:00,100.0,100.0,2016-03-13T17:00:00Z,2016-03-13T14:00:00-03:00,2016-03-13T18:00:00Z,2016-03-13T15:00:00-03:00
17.56,,,False,2,pm25,µg/m³,,raw,01:00:00,2016-03-13T18:00:00Z,2016-03-13T15:00:00-03:00,2016-03-13T19:00:00Z,2016-03-13T16:00:00-03:00,1,01:00:00,1,01:00:00,100.0,100.0,2016-03-13T18:00:00Z,2016-03-13T15:00:00-03:00,2016-03-13T19:00:00Z,2016-03-13T16:00:00-03:00
21.6,,,False,2,pm25,µg/m³,,raw,01:00:00,2016-03-13T19:00:00Z,2016-03-13T16:00:00-03:00,2016-03-13T20:00:00Z,2016-03-13T17:00:00-03:00,1,01:00:00,1,01:00:00,100.0,100.0,2016-03-13T19:00:00Z,2016-03-13T16:00:00-03:00,2016-03-13T20:00:00Z,2016-03-13T17:00:00-03:00
16.21,,,False,2,pm25,µg/m³,,raw,01:00:00,2016-03-13T20:00:00Z,2016-03-13T17:00:00-03:00,2016-03-13T21:00:00Z,2016-03-13T18:00:00-03:00,1,01:00:00,1,01:00:00,100.0,100.0,2016-03-13T20:00:00Z,2016-03-13T17:00:00-03:00,2016-03-13T21:00:00Z,2016-03-13T18:00:00-03:00
20.26,,,False,2,pm25,µg/m³,,raw,01:00:00,2016-03-13T21:00:00Z,2016-03-13T18:00:00-03:00,2016-03-13T22:00:00Z,2016-03-13T19:00:00-03:00,1,01:00:00,1,01:00:00,100.0,100.0,2016-03-13T21:00:00Z,2016-03-13T18:00:00-03:00,2016-03-13T22:00:00Z,2016-03-13T19:00:00-03:00
24.98,,,False,2,pm25,µg/m³,,raw,01:00:00,2016-03-14T00:00:00Z,2016-03-13T21:00:00-03:00,2016-03-14T01:00:00Z,2016-03-13T22:00:00-03:00,1,01:00:00,1,01:00:00,100.0,100.0,2016-03-14T00:00:00Z,2016-03-13T21:00:00-03:00,2016-03-14T01:00:00Z,2016-03-13T22:00:00-03:00
35.11,,,False,2,pm25,µg/m³,,raw,01:00:00,2016-03-14T01:00:00Z,2016-03-13T22:00:00-03:00,2016-03-14T02:00:00Z,2016-03-13T23:00:00-03:00,1,01:00:00,1,01:00:00,100.0,100.0,2016-03-14T01:00:00Z,2016-03-13T22:00:00-03:00,2016-03-14T02:00:00Z,2016-03-13T23:00:00-03:00
20.93,,,False,2,pm25,µg/m³,,raw,01:00:00,2016-03-14T02:00:00Z,2016-03-13T23:00:00-03:00,2016-03-14T03:00:00Z,2016-03-14T00:00:00-03:00,1,01:00:00,1,01:00:00,100.0,100.0,2016-03-14T02:00:00Z,2016-03-13T23:00:00-03:00,2016-03-14T03:00:00Z,2016-03-14T00:00:00-03:00
11.48,,,False,2,pm25,µg/m³,,raw,01:00:00,2016-03-14T03:00:00Z,2016-03-14T00:00:00-03:00,2016-03-14T04:00:00Z,2016-03-14T01:00:00-03:00,1,01:00:00,1,01:00:00,100.0,100.0,2016-03-14T03:00:00Z,2016-03-14T00:00:00-03:00,2016-03-14T04:00:00Z,2016-03-14T01:00:00-03:00
20.93,,,False,2,pm25,µg/m³,,raw,01:00:00,2016-03-14T05:00:00Z,2016-03-14T02:00:00-03:00,2016-03-14T06:00:00Z,2016-03-14T03:00:00-03:00,1,01:00:00,1,01:00:00,100.0,100.0,2016-03-14T05:00:00Z,2016-03-14T02:00:00-03:00,2016-03-14T06:00:00Z,2016-03-14T03:00:00-03:00
18.91,,,False,2,pm25,µg/m³,,raw,01:00:00,2016-03-14T06:00:00Z,2016-03-14T03:00:00-03:00,2016-03-14T07:00:00Z,2016-03-14T04:00:00-03:00,1,01:00:00,1,01:00:00,100.0,100.0,2016-03-14T06:00:00Z,2016-03-14T03:00:00-03:00,2016-03-14T07:00:00Z,2016-03-14T04:00:00-03:00
16.21,,,False,2,pm25,µg/m³,,raw,01:00:00,2016-03-14T08:00:00Z,2016-03-14T05:00:00-03:00,2016-03-14T09:00:00Z,2016-03-14T06:00:00-03:00,1,01:00:00,1,01:00:00,100.0,100.0,2016-03-14T08:00:00Z,2016-03-14T05:00:00-03:00,2016-03-14T09:00:00Z,2016-03-14T06:00:00-03:00
17.56,,,False,2,pm25,µg/m³,,raw,01:00:00,2016-03-14T09:00:00Z,2016-03-14T06:00:00-03:00,2016-03-14T10:00:00Z,2016-03-14T07:00:00-03:00,1,01:00:00,1,01:00:00,100.0,100.0,2016-03-14T09:00:00Z,2016-03-14T06:00:00-03:00,2016-03-14T10:00:00Z,2016-03-14T07:00:00-03:00
16.21,,,False,2,pm25,µg/m³,,raw,01:00:00,2016-03-14T10:00:00Z,2016-03-14T07:00:00-03:00,2016-03-14T11:00:00Z,2016-03-14T08:00:00-03:00,1,01:00:00,1,01:00:00,100.0,100.0,2016-03-14T10:00:00Z,2016-03-14T07:00:00-03:00,2016-03-14T11:00:00Z,2016-03-14T08:00:00-03:00
24.31,,,False,2,pm25,µg/m³,,raw,01:00:00,2016-03-14T11:00:00Z,2016-03-14T08:00:00-03:00,2016-03-14T12:00:00Z,2016-03-14T09:00:00-03:00,1,01:00:00,1,01:00:00,100.0,100.0,2016-03-14T11:00:00Z,2016-03-14T08:00:00-03:00,2016-03-14T12:00:00Z,2016-03-14T09:00:00-03:00
20.26,,,False,2,pm25,µg/m³,,raw,01:00:00,2016-03-14T12:00:00Z,2016-03-14T09:00:00-03:00,2016-03-14T13:00:00Z,2016-03-14T10:00:00-03:00,1,01:00:00,1,01:00:00,100.0,100.0,2016-03-14T12:00:00Z,2016-03-14T09:00:00-03:00,2016-03-14T13:00:00Z,2016-03-14T10:00:00-03:00
18.91,,,False,2,pm25,µg/m³,,raw,01:00:00,2016-03-14T13:00:00Z,2016-03-14T10:00:00-03:00,2016-03-14T14:00:00Z,2016-03-14T11:00:00-03:00,1,01:00:00,1,01:00:00,100.0,100.0,2016-03-14T13:00:00Z,2016-03-14T10:00:00-03:00,2016-03-14T14:00:00Z,2016-03-14T11:00:00-03:00
20.26,,,False,2,pm25,µg/m³,,raw,01:00:00,2016-03-14T14:00:00Z,2016-03-14T11:00:00-03:00,2016-03-14T15:00:00Z,2016-03-14T12:00:00-03:00,1,01:00:00,1,01:00:00,100.0,100.0,2016-03-14T14:00:00Z,2016-03-14T11:00:00-03:00,2016-03-14T15:00:00Z,2016-03-14T12:00:00-03:00
15.52,,,False,2,pm25,µg/m³,,raw,01:00:00,2016-03-14T15:00:00Z,2016-03-14T12:00:00-03:00,2016-03-14T16:00:00Z,2016-03-14T13:00:00-03:00,1,01:00:00,1,01:00:00,100.0,100.0,2016-03-14T15:00:00Z,2016-03-14T12:00:00-03:00,2016-03-14T16:00:00Z,2016-03-14T13:00:00-03:00
16.88,,,False,2,pm25,µg/m³,,raw,01:00:00,2016-03-14T16:00:00Z,2016-03-14T13:00:00-03:00,2016-03-14T17:00:00Z,2016-03-14T14:00:00-03:00,1,01:00:00,1,01:00:00,100.0,100.0,2016-03-14T16:00:00Z,2016-03-14T13:00:00-03:00,2016-03-14T17:00:00Z,2016-03-14T14:00:00-03:00
15.53,,,False,2,pm25,µg/m³,,raw,01:00:00,2016-03-14T18:00:00Z,2016-03-14T15:00:00-03:00,2016-03-14T19:00:00Z,2016-03-14T16:00:00-03:00,1,01:00:00,1,01:00:00,100.0,100.0,2016-03-14T18:00:00Z,2016-03-14T15:00:00-03:00,2016-03-14T19:00:00Z,2016-03-14T16:00:00-03:00
10.13,,,False,2,pm25,µg/m³,,raw,01:00:00,2016-03-14T19:00:00Z,2016-03-14T16:00:00-03:00,2016-03-14T20:00:00Z,2016-03-14T17:00:00-03:00,1,01:00:00,1,01:00:00,100.0,100.0,2016-03-14T19:00:00Z,2016-03-14T16:00:00-03:00,2016-03-14T20:00:00Z,2016-03-14T17:00:00-03:00
12.15,,,False,2,pm25,µg/m³,,raw,01:00:00,2016-03-14T20:00:00Z,2016-03-14T17:00:00-03:00,2016-03-14T21:00:00Z,2016-03-14T18:00:00-03:00,1,01:00:00,1,01:00:00,100.0,100.0,2016-03-14T20:00:00Z,2016-03-14T17:00:00-03:00,2016-03-14T21:00:00Z,2016-03-14T18:00:00-03:00
16.21,,,False,2,pm25,µg/m³,,raw,01:00:00,2016-03-14T21:00:00Z,2016-03-14T18:00:00-03:00,2016-03-14T22:00:00Z,2016-03-14T19:00:00-03:00,1,01:00:00,1,01:00:00,100.0,100.0,2016-03-14T21:00:00Z,2016-03-14T18:00:00-03:00,2016-03-14T22:00:00Z,2016-03-14T19:00:00-03:00
20.93,,,False,2,pm25,µg/m³,,raw,01:00:00,2016-03-14T22:00:00Z,2016-03-14T19:00:00-03:00,2016-03-14T23:00:00Z,2016-03-14T20:00:00-03:00,1,01:00:00,1,01:00:00,100.0,100.0,2016-03-14T22:00:00Z,2016-03-14T19:00:00-03:00,2016-03-14T23:00:00Z,2016-03-14T20:00:00-03:00
24.29,,,False,2,pm25,µg/m³,,raw,01:00:00,2016-03-14T23:00:00Z,2016-03-14T20:00:00-03:00,2016-03-15T00:00:00Z,2016-03-14T21:00:00-03:00,1,01:00:00,1,01:00:00,100.0,100.0,2016-03-14T23:00:00Z,2016-03-14T20:00:00-03:00,2016-03-15T00:00:00Z,2016-03-14T21:00:00-03:00
21.61,,,False,2,pm25,µg/m³,,raw,01:00:00,2016-03-15T00:00:00Z,2016-03-14T21:00:00-03:00,2016-03-15T01:00:00Z,2016-03-14T22:00:00-03:00,1,01:00:00,1,01:00:00,100.0,100.0,2016-03-15T00:00:00Z,2016-03-14T21:00:00-03:00,2016-03-15T01:00:00Z,2016-03-14T22:00:00-03:00
18.23,,,False,2,pm25,µg/m³,,raw,01:00:00,2016-03-15T01:00:00Z,2016-03-14T22:00:00-03:00,2016-03-15T02:00:00Z,2016-03-14T23:00:00-03:00,1,01:00:00,1,01:00:00,100.0,100.0,2016-03-15T01:00:00Z,2016-03-14T22:00:00-03:00,2016-03-15T02:00:00Z,2016-03-14T23:00:00-03:00
24.31,,,False,2,pm25,µg/m³,,raw,01:00:00,2016-03-15T03:00:00Z,2016-03-15T00:00:00-03:00,2016-03-15T04:00:00Z,2016-03-15T01:00:00-03:00,1,01:00:00,1,01:00:00,100.0,100.0,2016-03-15T03:00:00Z,2016-03-15T00:00:00-03:00,2016-03-15T04:00:00Z,2016-03-15T01:00:00-03:00
22.96,,,False,2,pm25,µg/m³,,raw,01:00:00,2016-03-15T04:00:00Z,2016-03-15T01:00:00-03:00,2016-03-15T05:00:00Z,2016-03-15T02:00:00-03:00,1,01:00:00,1,01:00:00,100.0,100.0,2016-03-15T04:00:00Z,2016-03-15T01:00:00-03:00,2016-03-15T05:00:00Z,2016-03-15T02:00:00-03:00
21.61,,,False,2,pm25,µg/m³,,raw,01:00:00,2016-03-15T05:00:00Z,2016-03-15T02:00:00-03:00,2016-03-15T06:00:00Z,2016-03-15T03:00:00-03:00,1,01:00:00,1,01:00:00,100.0,100.0,2016-03-15T05:00:00Z,2016-03-15T02:00:00-03:00,2016-03-15T06:00:00Z,2016-03-15T03:00:00-03:00
22.32,,,False,2,pm25,µg/m³,,raw,01:00:00,2016-03-15T06:00:00Z,2016-03-15T03:00:00-03:00,2016-03-15T07:00:00Z,2016-03-15T04:00:00-03:00,1,01:00:00,1,01:00:00,100.0,100.0,2016-03-15T06:00:00Z,2016-03-15T03:00:00-03:00,2016-03-15T07:00:00Z,2016-03-15T04:00:00-03:00
20.93,,,False,2,pm25,µg/m³,,raw,01:00:00,2016-03-15T07:00:00Z,2016-03-15T04:00:00-03:00,2016-03-15T08:00:00Z,2016-03-15T05:00:00-03:00,1,01:00:00,1,01:00:00,100.0,100.0,2016-03-15T07:00:00Z,2016-03-15T04:00:00-03:00,2016-03-15T08:00:00Z,2016-03-15T05:00:00-03:00
16.21,,,False,2,pm25,µg/m³,,raw,01:00:00,2016-03-15T08:00:00Z,2016-03-15T05:00:00-03:00,2016-03-15T09:00:00Z,2016-03-15T06:00:00-03:00,1,01:00:00,1,01:00:00,100.0,100.0,2016-03-15T08:00:00Z,2016-03-15T05:00:00-03:00,2016-03-15T09:00:00Z,2016-03-15T06:00:00-03:00
21.61,,,False,2,pm25,µg/m³,,raw,01:00:00,2016-03-15T09:00:00Z,2016-03-15T06:00:00-03:00,2016-03-15T10:00:00Z,2016-03-15T07:00:00-03:00,1,01:00:00,1,01:00:00,100.0,100.0,2016-03-15T09:00:00Z,2016-03-15T06:00:00-03:00,2016-03-15T10:00:00Z,2016-03-15T07:00:00-03:00
24.31,,,False,2,pm25,µg/m³,,raw,01:00:00,2016-03-15T10:00:00Z,2016-03-15T07:00:00-03:00,2016-03-15T11:00:00Z,2016-03-15T08:00:00-03:00,1,01:00:00,1,01:00:00,100.0,100.0,2016-03-15T10:00:00Z,2016-03-15T07:00:00-03:00,2016-03-15T11:00:00Z,2016-03-15T08:00:00-03:00
19.58,,,False,2,pm25,µg/m³,,raw,01:00:00,2016-03-15T12:00:00Z,2016-03-15T09:00:00-03:00,2016-03-15T13:00:00Z,2016-03-15T10:00:00-03:00,1,01:00:00,1,01:00:00,100.0,100.0,2016-03-15T12:00:00Z,2016-03-15T09:00:00-03:00,2016-03-15T13:00:00Z,2016-03-15T10:00:00-03:00
22.3,,,False,2,pm25,µg/m³,,raw,01:00:00,2016-03-15T13:00:00Z,2016-03-15T10:00:00-03:00,2016-03-15T14:00:00Z,2016-03-15T11:00:00-03:00,1,01:00:00,1,01:00:00,100.0,100.0,2016-03-15T13:00:00Z,2016-03-15T10:00:00-03:00,2016-03-15T14:00:00Z,2016-03-15T11:00:00-03:00
15.53,,,False,2,pm25,µg/m³,,raw,01:00:00,2016-03-15T15:00:00Z,2016-03-15T12:00:00-03:00,2016-03-15T16:00:00Z,2016-03-15T13:00:00-03:00,1,01:00:00,1,01:00:00,100.0,100.0,2016-03-15T15:00:00Z,2016-03-15T12:00:00-03:00,2016-03-15T16:00:00Z,2016-03-15T13:00:00-03:00
6.735,,,False,2,pm25,µg/m³,,raw,01:00:00,2016-03-15T16:00:00Z,2016-03-15T13:00:00-03:00,2016-03-15T17:00:00Z,2016-03-15T14:00:00-03:00,1,01:00:00,1,01:00:00,100.0,100.0,2016-03-15T16:00:00Z,2016-03-15T13:00:00-03:00,2016-03-15T17:00:00Z,2016-03-15T14:00:00-03:00
9.45,,,False,2,pm25,µg/m³,,raw,01:00:00,2016-03-15T17:00:00Z,2016-03-15T14:00:00-03:00,2016-03-15T18:00:00Z,2016-03-15T15:00:00-03:00,1,01:00:00,1,01:00:00,100.0,100.0,2016-03-15T17:00:00Z,2016-03-15T14:00:00-03:00,2016-03-15T18:00:00Z,2016-03-15T15:00:00-03:00
7.425,,,False,2,pm25,µg/m³,,raw,01:00:00,2016-03-15T18:00:00Z,2016-03-15T15:00:00-03:00,2016-03-15T19:00:00Z,2016-03-15T16:00:00-03:00,1,01:00:00,1,01:00:00,100.0,100.0,2016-03-15T18:00:00Z,2016-03-15T15:00:00-03:00,2016-03-15T19:00:00Z,2016-03-15T16:00:00-03:00
5.4,,,False,2,pm25,µg/m³,,raw,01:00:00,2016-03-15T20:00:00Z,2016-03-15T17:00:00-03:00,2016-03-15T21:00:00Z,2016-03-15T18:00:00-03:00,1,01:00:00,1,01:00:00,100.0,100.0,2016-03-15T20:00:00Z,2016-03-15T17:00:00-03:00,2016-03-15T21:00:00Z,2016-03-15T18:00:00-03:00
5.251,,,False,2,pm25,µg/m³,,raw,01:00:00,2016-03-15T21:00:00Z,2016-03-15T18:00:00-03:00,2016-03-15T22:00:00Z,2016-03-15T19:00:00-03:00,1,01:00:00,1,01:00:00,100.0,100.0,2016-03-15T21:00:00Z,2016-03-15T18:00:00-03:00,2016-03-15T22:00:00Z,2016-03-15T19:00:00-03:00
24.31,,,False,2,pm25,µg/m³,,raw,01:00:00,2016-03-15T22:00:00Z,2016-03-15T19:00:00-03:00,2016-03-15T23:00:00Z,2016-03-15T20:00:00-03:00,1,01:00:00,1,01:00:00,100.0,100.0,2016-03-15T22:00:00Z,2016-03-15T19:00:00-03:00,2016-03-15T23:00:00Z,2016-03-15T20:00:00-03:00
27.01,,,False,2,pm25,µg/m³,,raw,01:00:00,2016-03-15T23:00:00Z,2016-03-15T20:00:00-03:00,2016-03-16T00:00:00Z,2016-03-15T21:00:00-03:00,1,01:00:00,1,01:00:00,100.0,100.0,2016-03-15T23:00:00Z,2016-03-15T20:00:00-03:00,2016-03-16T00:00:00Z,2016-03-15T21:00:00-03:00
30.39,,,False,2,pm25,µg/m³,,raw,01:00:00,2016-03-16T00:00:00Z,2016-03-15T21:00:00-03:00,2016-03-16T01:00:00Z,2016-03-15T22:00:00-03:00,1,01:00:00,1,01:00:00,100.0,100.0,2016-03-16T00:00:00Z,2016-03-15T21:00:00-03:00,2016-03-16T01:00:00Z,2016-03-15T22:00:00-03:00
32.41,,,False,2,pm25,µg/m³,,raw,01:00:00,2016-03-16T01:00:00Z,2016-03-15T22:00:00-03:00,2016-03-16T02:00:00Z,2016-03-15T23:00:00-03:00,1,01:00:00,1,01:00:00,100.0,100.0,2016-03-16T01:00:00Z,2016-03-15T22:00:00-03:00,2016-03-16T02:00:00Z,2016-03-15T23:00:00-03:00
30.38,,,False,2,pm25,µg/m³,,raw,01:00:00,2016-03-16T02:00:00Z,2016-03-15T23:00:00-03:00,2016-03-16T03:00:00Z,2016-03-16T00:00:00-03:00,1,01:00:00,1,01:00:00,100.0,100.0,2016-03-16T02:00:00Z,2016-03-15T23:00:00-03:00,2016-03-16T03:00:00Z,2016-03-16T00:00:00-03:00
16.21,,,False,2,pm25,µg/m³,,raw,01:00:00,2016-03-16T03:00:00Z,2016-03-16T00:00:00-03:00,2016-03-16T04:00:00Z,2016-03-16T01:00:00-03:00,1,01:00:00,1,01:00:00,100.0,100.0,2016-03-16T03:00:00Z,2016-03-16T00:00:00-03:00,2016-03-16T04:00:00Z,2016-03-16T01:00:00-03:00
12.15,,,False,2,pm25,µg/m³,,raw,01:00:00,2016-03-16T04:00:00Z,2016-03-16T01:00:00-03:00,2016-03-16T05:00:00Z,2016-03-16T02:00:00-03:00,1,01:00:00,1,01:00:00,100.0,100.0,2016-03-16T04:00:00Z,2016-03-16T01:00:00-03:00,2016-03-16T05:00:00Z,2016-03-16T02:00:00-03:00
19.58,,,False,2,pm25,µg/m³,,raw,01:00:00,2016-03-16T05:00:00Z,2016-03-16T02:00:00-03:00,2016-03-16T06:00:00Z,2016-03-16T03:00:00-03:00,1,01:00:00,1,01:00:00,100.0,100.0,2016-03-16T05:00:00Z,2016-03-16T02:00:00-03:00,2016-03-16T06:00:00Z,2016-03-16T03:00:00-03:00
13.51,,,False,2,pm25,µg/m³,,raw,01:00:00,2016-03-16T06:00:00Z,2016-03-16T03:00:00-03:00,2016-03-16T07:00:00Z,2016-03-16T04:00:00-03:00,1,01:00:00,1,01:00:00,100.0,100.0,2016-03-16T06:00:00Z,2016-03-16T03:00:00-03:00,2016-03-16T07:00:00Z,2016-03-16T04:00:00-03:00
18.23,,,False,2,pm25,µg/m³,,raw,01:00:00,2016-03-16T07:00:00Z,2016-03-16T04:00:00-03:00,2016-03-16T08:00:00Z,2016-03-16T05:00:00-03:00,1,01:00:00,1,01:00:00,100.0,100.0,2016-03-16T07:00:00Z,2016-03-16T04:00:00-03:00,2016-03-16T08:00:00Z,2016-03-16T05:00:00-03:00
18.91,,,False,2,pm25,µg/m³,,raw,01:00:00,2016-03-16T08:00:00Z,2016-03-16T05:00:00-03:00,2016-03-16T09:00:00Z,2016-03-16T06:00:00-03:00,1,01:00:00,1,01:00:00,100.0,100.0,2016-03-16T08:00:00Z,2016-03-16T05:00:00-03:00,2016-03-16T09:00:00Z,2016-03-16T06:00:00-03:00
39.16,,,False,2,pm25,µg/m³,,raw,01:00:00,2016-03-16T09:00:00Z,2016-03-16T06:00:00-03:00,2016-03-16T10:00:00Z,2016-03-16T07:00:00-03:00,1,01:00:00,1,01:00:00,100.0,100.0,2016-03-16T09:00:00Z,2016-03-16T06:00:00-03:00,2016-03-16T10:00:00Z,2016-03-16T07:00:00-03:00
41.83,,,False,2,pm25,µg/m³,,raw,01:00:00,2016-03-16T10:00:00Z,2016-03-16T07:00:00-03:00,2016-03-16T11:00:00Z,2016-03-16T08:00:00-03:00,1,01:00:00,1,01:00:00,100.0,100.0,2016-03-16T10:00:00Z,2016-03-16T07:00:00-03:00,2016-03-16T11:00:00Z,2016-03-16T08:00:00-03:00
33.76,,,False,2,pm25,µg/m³,,raw,01:00:00,2016-03-16T11:00:00Z,2016-03-16T08:00:00-03:00,2016-03-16T12:00:00Z,2016-03-16T09:00:00-03:00,1,01:00:00,1,01:00:00,100.0,100.0,2016-03-16T11:00:00Z,2016-03-16T08:00:00-03:00,2016-03-16T12:00:00Z,2016-03-16T09:00:00-03:00
15.53,,,False,2,pm25,µg/m³,,raw,01:00:00,2016-03-16T13:00:00Z,2016-03-16T10:00:00-03:00,2016-03-16T14:00:00Z,2016-03-16T11:00:00-03:00,1,01:00:00,1,01:00:00,100.0,100.0,2016-03-16T13:00:00Z,2016-03-16T10:00:00-03:00,2016-03-16T14:00:00Z,2016-03-16T11:00:00-03:00
17.56,,,False,2,pm25,µg/m³,,raw,01:00:00,2016-03-16T14:00:00Z,2016-03-16T11:00:00-03:00,2016-03-16T15:00:00Z,2016-03-16T12:00:00-03:00,1,01:00:00,1,01:00:00,100.0,100.0,2016-03-16T14:00:00Z,2016-03-16T11:00:00-03:00,2016-03-16T15:00:00Z,2016-03-16T12:00:00-03:00
16.88,,,False,2,pm25,µg/m³,,raw,01:00:00,2016-03-16T15:00:00Z,2016-03-16T12:00:00-03:00,2016-03-16T16:00:00Z,2016-03-16T13:00:00-03:00,1,01:00:00,1,01:00:00,100.0,100.0,2016-03-16T15:00:00Z,2016-03-16T12:00:00-03:00,2016-03-16T16:00:00Z,2016-03-16T13:00:00-03:00
15.53,,,False,2,pm25,µg/m³,,raw,01:00:00,2016-03-16T16:00:00Z,2016-03-16T13:00:00-03:00,2016-03-16T17:00:00Z,2016-03-16T14:00:00-03:00,1,01:00:00,1,01:00:00,100.0,100.0,2016-03-16T16:00:00Z,2016-03-16T13:00:00-03:00,2016-03-16T17:00:00Z,2016-03-16T14:00:00-03:00
16.97,,,False,2,pm25,µg/m³,,raw,01:00:00,2016-03-16T17:00:00Z,2016-03-16T14:00:00-03:00,2016-03-16T18:00:00Z,2016-03-16T15:00:00-03:00,1,01:00:00,1,01:00:00,100.0,100.0,2016-03-16T17:00:00Z,2016-03-16T14:00:00-03:00,2016-03-16T18:00:00Z,2016-03-16T15:00:00-03:00
10.8,,,False,2,pm25,µg/m³,,raw,01:00:00,2016-03-16T18:00:00Z,2016-03-16T15:00:00-03:00,2016-03-16T19:00:00Z,2016-03-16T16:00:00-03:00,1,01:00:00,1,01:00:00,100.0,100.0,2016-03-16T18:00:00Z,2016-03-16T15:00:00-03:00,2016-03-16T19:00:00Z,2016-03-16T16:00:00-03:00
11.48,,,False,2,pm25,µg/m³,,raw,01:00:00,2016-03-16T19:00:00Z,2016-03-16T16:00:00-03:00,2016-03-16T20:00:00Z,2016-03-16T17:00:00-03:00,1,01:00:00,1,01:00:00,100.0,100.0,2016-03-16T19:00:00Z,2016-03-16T16:00:00-03:00,2016-03-16T20:00:00Z,2016-03-16T17:00:00-03:00
11.48,,,False,2,pm25,µg/m³,,raw,01:00:00,2016-03-16T20:00:00Z,2016-03-16T17:00:00-03:00,2016-03-16T21:00:00Z,2016-03-16T18:00:00-03:00,1,01:00:00,1,01:00:00,100.0,100.0,2016-03-16T20:00:00Z,2016-03-16T17:00:00-03:00,2016-03-16T21:00:00Z,2016-03-16T18:00:00-03:00
11.43,,,False,2,pm25,µg/m³,,raw,01:00:00,2016-03-16T21:00:00Z,2016-03-16T18:00:00-03:00,2016-03-16T22:00:00Z,2016-03-16T19:00:00-03:00,1,01:00:00,1,01:00:00,100.0,100.0,2016-03-16T21:00:00Z,2016-03-16T18:00:00-03:00,2016-03-16T22:00:00Z,2016-03-16T19:00:00-03:00
16.21,,,False,2,pm25,µg/m³,,raw,01:00:00,2016-03-16T22:00:00Z,2016-03-16T19:00:00-03:00,2016-03-16T23:00:00Z,2016-03-16T20:00:00-03:00,1,01:00:00,1,01:00:00,100.0,100.0,2016-03-16T22:00:00Z,2016-03-16T19:00:00-03:00,2016-03-16T23:00:00Z,2016-03-16T20:00:00-03:00
17.56,,,False,2,pm25,µg/m³,,raw,01:00:00,2016-03-16T23:00:00Z,2016-03-16T20:00:00-03:00,2016-03-17T00:00:00Z,2016-03-16T21:00:00-03:00,1,01:00:00,1,01:00:00,100.0,100.0,2016-03-16T23:00:00Z,2016-03-16T20:00:00-03:00,2016-03-17T00:00:00Z,2016-03-16T21:00:00-03:00
16.88,,,False,2,pm25,µg/m³,,raw,01:00:00,2016-03-17T00:00:00Z,2016-03-16T21:00:00-03:00,2016-03-17T01:00:00Z,2016-03-16T22:00:00-03:00,1,01:00:00,1,01:00:00,100.0,100.0,2016-03-17T00:00:00Z,2016-03-16T21:00:00-03:00,2016-03-17T01:00:00Z,2016-03-16T22:00:00-03:00
16.88,,,False,2,pm25,µg/m³,,raw,01:00:00,2016-03-17T01:00:00Z,2016-03-16T22:00:00-03:00,2016-03-17T02:00:00Z,2016-03-16T23:00:00-03:00,1,01:00:00,1,01:00:00,100.0,100.0,2016-03-17T01:00:00Z,2016-03-16T22:00:00-03:00,2016-03-17T02:00:00Z,2016-03-16T23:00:00-03:00
20.26,,,False,2,pm25,µg/m³,,raw,01:00:00,2016-03-17T02:00:00Z,2016-03-16T23:00:00-03:00,2016-03-17T03:00:00Z,2016-03-17T00:00:00-03:00,1,01:00:00,1,01:00:00,100.0,100.0,2016-03-17T02:00:00Z,2016-03-16T23:00:00-03:00,2016-03-17T03:00:00Z,2016-03-17T00:00:00-03:00
15.53,,,False,2,pm25,µg/m³,,raw,01:00:00,2016-03-17T03:00:00Z,2016-03-17T00:00:00-03:00,2016-03-17T04:00:00Z,2016-03-17T01:00:00-03:00,1,01:00:00,1,01:00:00,100.0,100.0,2016-03-17T03:00:00Z,2016-03-17T00:00:00-03:00,2016-03-17T04:00:00Z,2016-03-17T01:00:00-03:00
14.06,,,False,2,pm25,µg/m³,,raw,01:00:00,2016-03-17T04:00:00Z,2016-03-17T01:00:00-03:00,2016-03-17T05:00:00Z,2016-03-17T02:00:00-03:00,1,01:00:00,1,01:00:00,100.0,100.0,2016-03-17T04:00:00Z,2016-03-17T01:00:00-03:00,2016-03-17T05:00:00Z,2016-03-17T02:00:00-03:00
12.83,,,False,2,pm25,µg/m³,,raw,01:00:00,2016-03-17T05:00:00Z,2016-03-17T02:00:00-03:00,2016-03-17T06:00:00Z,2016-03-17T03:00:00-03:00,1,01:00:00,1,01:00:00,100.0,100.0,2016-03-17T05:00:00Z,2016-03-17T02:00:00-03:00,2016-03-17T06:00:00Z,2016-03-17T03:00:00-03:00
14.85,,,False,2,pm25,µg/m³,,raw,01:00:00,2016-03-17T06:00:00Z,2016-03-17T03:00:00-03:00,2016-03-17T07:00:00Z,2016-03-17T04:00:00-03:00,1,01:00:00,1,01:00:00,100.0,100.0,2016-03-17T06:00:00Z,2016-03-17T03:00:00-03:00,2016-03-17T07:00:00Z,2016-03-17T04:00:00-03:00
17.56,,,False,2,pm25,µg/m³,,raw,01:00:00,2016-03-17T07:00:00Z,2016-03-17T04:00:00-03:00,2016-03-17T08:00:00Z,2016-03-17T05:00:00-03:00,1,01:00:00,1,01:00:00,100.0,100.0,2016-03-17T07:00:00Z,2016-03-17T04:00:00-03:00,2016-03-17T08:00:00Z,2016-03-17T05:00:00-03:00
18.23,,,False,2,pm25,µg/m³,,raw,01:00:00,2016-03-17T08:00:00Z,2016-03-17T05:00:00-03:00,2016-03-17T09:00:00Z,2016-03-17T06:00:00-03:00,1,01:00:00,1,01:00:00,100.0,100.0,2016-03-17T08:00:00Z,2016-03-17T05:00:00-03:00,2016-03-17T09:00:00Z,2016-03-17T06:00:00-03:00
15.53,,,False,2,pm25,µg/m³,,raw,01:00:00,2016-03-17T09:00:00Z,2016-03-17T06:00:00-03:00,2016-03-17T10:00:00Z,2016-03-17T07:00:00-03:00,1,01:00:00,1,01:00:00,100.0,100.0,2016-03-17T09:00:00Z,2016-03-17T06:00:00-03:00,2016-03-17T10:00:00Z,2016-03-17T07:00:00-03:00
20.26,,,False,2,pm25,µg/m³,,raw,01:00:00,2016-03-17T10:00:00Z,2016-03-17T07:00:00-03:00,2016-03-17T11:00:00Z,2016-03-17T08:00:00-03:00,1,01:00:00,1,01:00:00,100.0,100.0,2016-03-17T10:00:00Z,2016-03-17T07:00:00-03:00,2016-03-17T11:00:00Z,2016-03-17T08:00:00-03:00
21.61,,,False,2,pm25,µg/m³,,raw,01:00:00,2016-03-17T11:00:00Z,2016-03-17T08:00:00-03:00,2016-03-17T12:00:00Z,2016-03-17T09:00:00-03:00,1,01:00:00,1,01:00:00,100.0,100.0,2016-03-17T11:00:00Z,2016-03-17T08:00:00-03:00,2016-03-17T12:00:00Z,2016-03-17T09:00:00-03:00
13.51,,,False,2,pm25,µg/m³,,raw,01:00:00,2016-03-17T12:00:00Z,2016-03-17T09:00:00-03:00,2016-03-17T13:00:00Z,2016-03-17T10:00:00-03:00,1,01:00:00,1,01:00:00,100.0,100.0,2016-03-17T12:00:00Z,2016-03-17T09:00:00-03:00,2016-03-17T13:00:00Z,2016-03-17T10:00:00-03:00
12.15,,,False,2,pm25,µg/m³,,raw,01:00:00,2016-03-17T13:00:00Z,2016-03-17T10:00:00-03:00,2016-03-17T14:00:00Z,2016-03-17T11:00:00-03:00,1,01:00:00,1,01:00:00,100.0,100.0,2016-03-17T13:00:00Z,2016-03-17T10:00:00-03:00,2016-03-17T14:00:00Z,2016-03-17T11:00:00-03:00
8.78,,,False,2,pm25,µg/m³,,raw,01:00:00,2016-03-17T15:00:00Z,2016-03-17T12:00:00-03:00,2016-03-17T16:00:00Z,2016-03-17T13:00:00-03:00,1,01:00:00,1,01:00:00,100.0,100.0,2016-03-17T15:00:00Z,2016-03-17T12:00:00-03:00,2016-03-17T16:00:00Z,2016-03-17T13:00:00-03:00
8.78,,,False,2,pm25,µg/m³,,raw,01:00:00,2016-03-17T16:00:00Z,2016-03-17T13:00:00-03:00,2016-03-17T17:00:00Z,2016-03-17T14:00:00-03:00,1,01:00:00,1,01:00:00,100.0,100.0,2016-03-17T16:00:00Z,2016-03-17T13:00:00-03:00,2016-03-17T17:00:00Z,2016-03-17T14:00:00-03:00
15.53,,,False,2,pm25,µg/m³,,raw,01:00:00,2016-03-17T17:00:00Z,2016-03-17T14:00:00-03:00,2016-03-17T18:00:00Z,2016-03-17T15:00:00-03:00,1,01:00:00,1,01:00:00,100.0,100.0,2016-03-17T17:00:00Z,2016-03-17T14:00:00-03:00,2016-03-17T18:00:00Z,2016-03-17T15:00:00-03:00
14.18,,,False,2,pm25,µg/m³,,raw,01:00:00,2016-03-17T18:00:00Z,2016-03-17T15:00:00-03:00,2016-03-17T19:00:00Z,2016-03-17T16:00:00-03:00,1,01:00:00,1,01:00:00,100.0,100.0,2016-03-17T18:00:00Z,2016-03-17T15:00:00-03:00,2016-03-17T19:00:00Z,2016-03-17T16:00:00-03:00
14.85,,,False,2,pm25,µg/m³,,raw,01:00:00,2016-03-17T19:00:00Z,2016-03-17T16:00:00-03:00,2016-03-17T20:00:00Z,2016-03-17T17:00:00-03:00,1,01:00:00,1,01:00:00,100.0,100.0,2016-03-17T19:00:00Z,2016-03-17T16:00:00-03:00,2016-03-17T20:00:00Z,2016-03-17T17:00:00-03:00
10.8,,,False,2,pm25,µg/m³,,raw,01:00:00,2016-03-17T20:00:00Z,2016-03-17T17:00:00-03:00,2016-03-17T21:00:00Z,2016-03-17T18:00:00-03:00,1,01:00:00,1,01:00:00,100.0,100.0,2016-03-17T20:00:00Z,2016-03-17T17:00:00-03:00,2016-03-17T21:00:00Z,2016-03-17T18:00:00-03:00
14.18,,,False,2,pm25,µg/m³,,raw,01:00:00,2016-03-17T21:00:00Z,2016-03-17T18:00:00-03:00,2016-03-17T22:00:00Z,2016-03-17T19:00:00-03:00,1,01:00:00,1,01:00:00,100.0,100.0,2016-03-17T21:00:00Z,2016-03-17T18:00:00-03:00,2016-03-17T22:00:00Z,2016-03-17T19:00:00-03:00
20.93,,,False,2,pm25,µg/m³,,raw,01:00:00,2016-03-17T22:00:00Z,2016-03-17T19:00:00-03:00,2016-03-17T23:00:00Z,2016-03-17T20:00:00-03:00,1,01:00:00,1,01:00:00,100.0,100.0,2016-03-17T22:00:00Z,2016-03-17T19:00:00-03:00,2016-03-17T23:00:00Z,2016-03-17T20:00:00-03:00
24.98,,,False,2,pm25,µg/m³,,raw,01:00:00,2016-03-17T23:00:00Z,2016-03-17T20:00:00-03:00,2016-03-18T00:00:00Z,2016-03-17T21:00:00-03:00,1,01:00:00,1,01:00:00,100.0,100.0,2016-03-17T23:00:00Z,2016-03-17T20:00:00-03:00,2016-03-18T00:00:00Z,2016-03-17T21:00:00-03:00
26.34,,,False,2,pm25,µg/m³,,raw,01:00:00,2016-03-18T00:00:00Z,2016-03-17T21:00:00-03:00,2016-03-18T01:00:00Z,2016-03-17T22:00:00-03:00,1,01:00:00,1,01:00:00,100.0,100.0,2016-03-18T00:00:00Z,2016-03-17T21:00:00-03:00,2016-03-18T01:00:00Z,2016-03-17T22:00:00-03:00
23.63,,,False,2,pm25,µg/m³,,raw,01:00:00,2016-03-18T01:00:00Z,2016-03-17T22:00:00-03:00,2016-03-18T02:00:00Z,2016-03-17T23:00:00-03:00,1,01:00:00,1,01:00:00,100.0,100.0,2016-03-18T01:00:00Z,2016-03-17T22:00:00-03:00,2016-03-18T02:00:00Z,2016-03-17T23:00:00-03:00
11.48,,,False,2,pm25,µg/m³,,raw,01:00:00,2016-03-18T02:00:00Z,2016-03-17T23:00:00-03:00,2016-03-18T03:00:00Z,2016-03-18T00:00:00-03:00,1,01:00:00,1,01:00:00,100.0,100.0,2016-03-18T02:00:00Z,2016-03-17T23:00:00-03:00,2016-03-18T03:00:00Z,2016-03-18T00:00:00-03:00
6.753,,,False,2,pm25,µg/m³,,raw,01:00:00,2016-03-18T03:00:00Z,2016-03-18T00:00:00-03:00,2016-03-18T04:00:00Z,2016-03-18T01:00:00-03:00,1,01:00:00,1,01:00:00,100.0,100.0,2016-03-18T03:00:00Z,2016-03-18T00:00:00-03:00,2016-03-18T04:00:00Z,2016-03-18T01:00:00-03:00
3.376,,,False,2,pm25,µg/m³,,raw,01:00:00,2016-03-18T04:00:00Z,2016-03-18T01:00:00-03:00,2016-03-18T05:00:00Z,2016-03-18T02:00:00-03:00,1,01:00:00,1,01:00:00,100.0,100.0,2016-03-18T04:00:00Z,2016-03-18T01:00:00-03:00,2016-03-18T05:00:00Z,2016-03-18T02:00:00-03:00
4.052,,,False,2,pm25,µg/m³,,raw,01:00:00,2016-03-18T05:00:00Z,2016-03-18T02:00:00-03:00,2016-03-18T06:00:00Z,2016-03-18T03:00:00-03:00,1,01:00:00,1,01:00:00,100.0,100.0,2016-03-18T05:00:00Z,2016-03-18T02:00:00-03:00,2016-03-18T06:00:00Z,2016-03-18T03:00:00-03:00
6.077,,,False,2,pm25,µg/m³,,raw,01:00:00,2016-03-18T06:00:00Z,2016-03-18T03:00:00-03:00,2016-03-18T07:00:00Z,2016-03-18T04:00:00-03:00,1,01:00:00,1,01:00:00,100.0,100.0,2016-03-18T06:00:00Z,2016-03-18T03:00:00-03:00,2016-03-18T07:00:00Z,2016-03-18T04:00:00-03:00
5.402,,,False,2,pm25,µg/m³,,raw,01:00:00,2016-03-18T07:00:00Z,2016-03-18T04:00:00-03:00,2016-03-18T08:00:00Z,2016-03-18T05:00:00-03:00,1,01:00:00,1,01:00:00,100.0,100.0,2016-03-18T07:00:00Z,2016-03-18T04:00:00-03:00,2016-03-18T08:00:00Z,2016-03-18T05:00:00-03:00
6.077,,,False,2,pm25,µg/m³,,raw,01:00:00,2016-03-18T08:00:00Z,2016-03-18T05:00:00-03:00,2016-03-18T09:00:00Z,2016-03-18T06:00:00-03:00,1,01:00:00,1,01:00:00,100.0,100.0,2016-03-18T08:00:00Z,2016-03-18T05:00:00-03:00,2016-03-18T09:00:00Z,2016-03-18T06:00:00-03:00
7.428,,,False,2,pm25,µg/m³,,raw,01:00:00,2016-03-18T09:00:00Z,2016-03-18T06:00:00-03:00,2016-03-18T10:00:00Z,2016-03-18T07:00:00-03:00,1,01:00:00,1,01:00:00,100.0,100.0,2016-03-18T09:00:00Z,2016-03-18T06:00:00-03:00,2016-03-18T10:00:00Z,2016-03-18T07:00:00-03:00
7.754,,,False,2,pm25,µg/m³,,raw,01:00:00,2016-03-18T11:00:00Z,2016-03-18T08:00:00-03:00,2016-03-18T12:00:00Z,2016-03-18T09:00:00-03:00,1,01:00:00,1,01:00:00,100.0,100.0,2016-03-18T11:00:00Z,2016-03-18T08:00:00-03:00,2016-03-18T12:00:00Z,2016-03-18T09:00:00-03:00
10.29,,,False,2,pm25,µg/m³,,raw,01:00:00,2016-03-18T13:00:00Z,2016-03-18T10:00:00-03:00,2016-03-18T14:00:00Z,2016-03-18T11:00:00-03:00,1,01:00:00,1,01:00:00,100.0,100.0,2016-03-18T13:00:00Z,2016-03-18T10:00:00-03:00,2016-03-18T14:00:00Z,2016-03-18T11:00:00-03:00
9.45,,,False,2,pm25,µg/m³,,raw,01:00:00,2016-03-18T14:00:00Z,2016-03-18T11:00:00-03:00,2016-03-18T15:00:00Z,2016-03-18T12:00:00-03:00,1,01:00:00,1,01:00:00,100.0,100.0,2016-03-18T14:00:00Z,2016-03-18T11:00:00-03:00,2016-03-18T15:00:00Z,2016-03-18T12:00:00-03:00
10.8,,,False,2,pm25,µg/m³,,raw,01:00:00,2016-03-18T15:00:00Z,2016-03-18T12:00:00-03:00,2016-03-18T16:00:00Z,2016-03-18T13:00:00-03:00,1,01:00:00,1,01:00:00,100.0,100.0,2016-03-18T15:00:00Z,2016-03-18T12:00:00-03:00,2016-03-18T16:00:00Z,2016-03-18T13:00:00-03:00
9.47,,,False,2,pm25,µg/m³,,raw,01:00:00,2016-03-18T16:00:00Z,2016-03-18T13:00:00-03:00,2016-03-18T17:00:00Z,2016-03-18T14:00:00-03:00,1,01:00:00,1,01:00:00,100.0,100.0,2016-03-18T16:00:00Z,2016-03-18T13:00:00-03:00,2016-03-18T17:00:00Z,2016-03-18T14:00:00-03:00
9.45,,,False,2,pm25,µg/m³,,raw,01:00:00,2016-03-18T17:00:00Z,2016-03-18T14:00:00-03:00,2016-03-18T18:00:00Z,2016-03-18T15:00:00-03:00,1,01:00:00,1,01:00:00,100.0,100.0,2016-03-18T17:00:00Z,2016-03-18T14:00:00-03:00,2016-03-18T18:00:00Z,2016-03-18T15:00:00-03:00
10.4,,,False,2,pm25,µg/m³,,raw,01:00:00,2016-03-18T18:00:00Z,2016-03-18T15:00:00-03:00,2016-03-18T19:00:00Z,2016-03-18T16:00:00-03:00,1,01:00:00,1,01:00:00,100.0,100.0,2016-03-18T18:00:00Z,2016-03-18T15:00:00-03:00,2016-03-18T19:00:00Z,2016-03-18T16:00:00-03:00
12.14,,,False,2,pm25,µg/m³,,raw,01:00:00,2016-03-18T19:00:00Z,2016-03-18T16:00:00-03:00,2016-03-18T20:00:00Z,2016-03-18T17:00:00-03:00,1,01:00:00,1,01:00:00,100.0,100.0,2016-03-18T19:00:00Z,2016-03-18T16:00:00-03:00,2016-03-18T20:00:00Z,2016-03-18T17:00:00-03:00
13.5,,,False,2,pm25,µg/m³,,raw,01:00:00,2016-03-18T20:00:00Z,2016-03-18T17:00:00-03:00,2016-03-18T21:00:00Z,2016-03-18T18:00:00-03:00,1,01:00:00,1,01:00:00,100.0,100.0,2016-03-18T20:00:00Z,2016-03-18T17:00:00-03:00,2016-03-18T21:00:00Z,2016-03-18T18:00:00-03:00
12.15,,,False,2,pm25,µg/m³,,raw,01:00:00,2016-03-18T21:00:00Z,2016-03-18T18:00:00-03:00,2016-03-18T22:00:00Z,2016-03-18T19:00:00-03:00,1,01:00:00,1,01:00:00,100.0,100.0,2016-03-18T21:00:00Z,2016-03-18T18:00:00-03:00,2016-03-18T22:00:00Z,2016-03-18T19:00:00-03:00
15.53,,,False,2,pm25,µg/m³,,raw,01:00:00,2016-03-18T22:00:00Z,2016-03-18T19:00:00-03:00,2016-03-18T23:00:00Z,2016-03-18T20:00:00-03:00,1,01:00:00,1,01:00:00,100.0,100.0,2016-03-18T22:00:00Z,2016-03-18T19:00:00-03:00,2016-03-18T23:00:00Z,2016-03-18T20:00:00-03:00
31.73,,,False,2,pm25,µg/m³,,raw,01:00:00,2016-03-18T23:00:00Z,2016-03-18T20:00:00-03:00,2016-03-19T00:00:00Z,2016-03-18T21:00:00-03:00,1,01:00:00,1,01:00:00,100.0,100.0,2016-03-18T23:00:00Z,2016-03-18T20:00:00-03:00,2016-03-19T00:00:00Z,2016-03-18T21:00:00-03:00
32.41,,,False,2,pm25,µg/m³,,raw,01:00:00,2016-03-19T00:00:00Z,2016-03-18T21:00:00-03:00,2016-03-19T01:00:00Z,2016-03-18T22:00:00-03:00,1,01:00:00,1,01:00:00,100.0,100.0,2016-03-19T00:00:00Z,2016-03-18T21:00:00-03:00,2016-03-19T01:00:00Z,2016-03-18T22:00:00-03:00
60.11,,,False,2,pm25,µg/m³,,raw,01:00:00,2016-03-23T16:00:00Z,2016-03-23T13:00:00-03:00,2016-03-23T17:00:00Z,2016-03-23T14:00:00-03:00,1,01:00:00,1,01:00:00,100.0,100.0,2016-03-23T16:00:00Z,2016-03-23T13:00:00-03:00,2016-03-23T17:00:00Z,2016-03-23T14:00:00-03:00
