value,coordinates,summary,flagInfo.hasFlags,parameter.id,parameter.name,parameter.units,parameter.displayName,period.label,period.interval,period.datetimeFrom.utc,period.datetimeFrom.local,period.datetimeTo.utc,period.datetimeTo.local,coverage.expectedCount,coverage.expectedInterval,coverage.observedCount,coverage.observedInterval,coverage.percentComplete,coverage.percentCoverage,coverage.datetimeFrom.utc,coverage.datetimeFrom.local,coverage.datetimeTo.utc,coverage.datetimeTo.local
0.0,,,False,6,so2,µg/m³,,raw,01:00:00,2016-02-11T11:00:00Z,2016-02-11T08:00:00-03:00,2016-02-11T12:00:00Z,2016-02-11T09:00:00-03:00,1,01:00:00,1,01:00:00,100.0,100.0,2016-02-11T11:00:00Z,2016-02-11T08:00:00-03:00,2016-02-11T12:00:00Z,2016-02-11T09:00:00-03:00
15.97,,,False,6,so2,µg/m³,,raw,01:00:00,2016-03-04T13:00:00Z,2016-03-04T10:00:00-03:00,2016-03-04T14:00:00Z,2016-03-04T11:00:00-03:00,1,01:00:00,1,01:00:00,100.0,100.0,2016-03-04T13:00:00Z,2016-03-04T10:00:00-03:00,2016-03-04T14:00:00Z,2016-03-04T11:00:00-03:00
0.0,,,False,6,so2,µg/m³,,raw,01:00:00,2016-03-10T16:00:00Z,2016-03-10T13:00:00-03:00,2016-03-10T17:00:00Z,2016-03-10T14:00:00-03:00,1,01:00:00,1,01:00:00,100.0,100.0,2016-03-10T16:00:00Z,2016-03-10T13:00:00-03:00,2016-03-10T17:00:00Z,2016-03-10T14:00:00-03:00
0.0,,,False,6,so2,µg/m³,,raw,01:00:00,2016-03-10T17:00:00Z,2016-03-10T14:00:00-03:00,2016-03-10T18:00:00Z,2016-03-10T15:00:00-03:00,1,01:00:00,1,01:00:00,100.0,100.0,2016-03-10T17:00:00Z,2016-03-10T14:00:00-03:00,2016-03-10T18:00:00Z,2016-03-10T15:00:00-03:00
0.0,,,False,6,so2,µg/m³,,raw,01:00:00,2016-03-10T18:00:00Z,2016-03-10T15:00:00-03:00,2016-03-10T19:00:00Z,2016-03-10T16:00:00-03:00,1,01:00:00,1,01:00:00,100.0,100.0,2016-03-10T18:00:00Z,2016-03-10T15:00:00-03:00,2016-03-10T19:00:00Z,2016-03-10T16:00:00-03:00
0.0,,,False,6,so2,µg/m³,,raw,01:00:00,2016-03-10T19:00:00Z,2016-03-10T16:00:00-03:00,2016-03-10T20:00:00Z,2016-03-10T17:00:00-03:00,1,01:00:00,1,01:00:00,100.0,100.0,2016-03-10T19:00:00Z,2016-03-10T16:00:00-03:00,2016-03-10T20:00:00Z,2016-03-10T17:00:00-03:00
0.0,,,False,6,so2,µg/m³,,raw,01:00:00,2016-03-10T20:00:00Z,2016-03-10T17:00:00-03:00,2016-03-10T21:00:00Z,2016-03-10T18:00:00-03:00,1,01:00:00,1,01:00:00,100.0,100.0,2016-03-10T20:00:00Z,2016-03-10T17:00:00-03:00,2016-03-10T21:00:00Z,2016-03-10T18:00:00-03:00
0.0,,,False,6,so2,µg/m³,,raw,01:00:00,2016-03-10T21:00:00Z,2016-03-10T18:00:00-03:00,2016-03-10T22:00:00Z,2016-03-10T19:00:00-03:00,1,01:00:00,1,01:00:00,100.0,100.0,2016-03-10T21:00:00Z,2016-03-10T18:00:00-03:00,2016-03-10T22:00:00Z,2016-03-10T19:00:00-03:00
0.0,,,False,6,so2,µg/m³,,raw,01:00:00,2016-03-10T22:00:00Z,2016-03-10T19:00:00-03:00,2016-03-10T23:00:00Z,2016-03-10T20:00:00-03:00,1,01:00:00,1,01:00:00,100.0,100.0,2016-03-10T22:00:00Z,2016-03-10T19:00:00-03:00,2016-03-10T23:00:00Z,2016-03-10T20:00:00-03:00
0.0,,,False,6,so2,µg/m³,,raw,01:00:00,2016-03-10T23:00:00Z,2016-03-10T20:00:00-03:00,2016-03-11T00:00:00Z,2016-03-10T21:00:00-03:00,1,01:00:00,1,01:00:00,100.0,100.0,2016-03-10T23:00:00Z,2016-03-10T20:00:00-03:00,2016-03-11T00:00:00Z,2016-03-10T21:00:00-03:00
0.0,,,False,6,so2,µg/m³,,raw,01:00:00,2016-03-11T00:00:00Z,2016-03-10T21:00:00-03:00,2016-03-11T01:00:00Z,2016-03-10T22:00:00-03:00,1,01:00:00,1,01:00:00,100.0,100.0,2016-03-11T00:00:00Z,2016-03-10T21:00:00-03:00,2016-03-11T01:00:00Z,2016-03-10T22:00:00-03:00
0.0,,,False,6,so2,µg/m³,,raw,01:00:00,2016-03-11T01:00:00Z,2016-03-10T22:00:00-03:00,2016-03-11T02:00:00Z,2016-03-10T23:00:00-03:00,1,01:00:00,1,01:00:00,100.0,100.0,2016-03-11T01:00:00Z,2016-03-10T22:00:00-03:00,2016-03-11T02:00:00Z,2016-03-10T23:00:00-03:00
0.0,,,False,6,so2,µg/m³,,raw,01:00:00,2016-03-11T02:00:00Z,2016-03-10T23:00:00-03:00,2016-03-11T03:00:00Z,2016-03-11T00:00:00-03:00,1,01:00:00,1,01:00:00,100.0,100.0,2016-03-11T02:00:00Z,2016-03-10T23:00:00-03:00,2016-03-11T03:00:00Z,2016-03-11T00:00:00-03:00
0.0,,,False,6,so2,µg/m³,,raw,01:00:00,2016-03-18T17:00:00Z,2016-03-18T14:00:00-03:00,2016-03-18T18:00:00Z,2016-03-18T15:00:00-03:00,1,01:00:00,1,01:00:00,100.0,100.0,2016-03-18T17:00:00Z,2016-03-18T14:00:00-03:00,2016-03-18T18:00:00Z,2016-03-18T15:00:00-03:00
0.0,,,False,6,so2,µg/m³,,raw,01:00:00,2016-03-18T18:00:00Z,2016-03-18T15:00:00-03:00,2016-03-18T19:00:00Z,2016-03-18T16:00:00-03:00,1,01:00:00,1,01:00:00,100.0,100.0,2016-03-18T18:00:00Z,2016-03-18T15:00:00-03:00,2016-03-18T19:00:00Z,2016-03-18T16:00:00-03:00
0.0,,,False,6,so2,µg/m³,,raw,01:00:00,2016-03-18T19:00:00Z,2016-03-18T16:00:00-03:00,2016-03-18T20:00:00Z,2016-03-18T17:00:00-03:00,1,01:00:00,1,01:00:00,100.0,100.0,2016-03-18T19:00:00Z,2016-03-18T16:00:00-03:00,2016-03-18T20:00:00Z,2016-03-18T17:00:00-03:00
0.0,,,False,6,so2,µg/m³,,raw,01:00:00,2016-03-18T20:00:00Z,2016-03-18T17:00:00-03:00,2016-03-18T21:00:00Z,2016-03-18T18:00:00-03:00,1,01:00:00,1,01:00:00,100.0,100.0,2016-03-18T20:00:00Z,2016-03-18T17:00:00-03:00,2016-03-18T21:00:00Z,2016-03-18T18:00:00-03:00
0.0,,,False,6,so2,µg/m³,,raw,01:00:00,2016-03-18T21:00:00Z,2016-03-18T18:00:00-03:00,2016-03-18T22:00:00Z,2016-03-18T19:00:00-03:00,1,01:00:00,1,01:00:00,100.0,100.0,2016-03-18T21:00:00Z,2016-03-18T18:00:00-03:00,2016-03-18T22:00:00Z,2016-03-18T19:00:00-03:00
0.0,,,False,6,so2,µg/m³,,raw,01:00:00,2016-03-18T22:00:00Z,2016-03-18T19:00:00-03:00,2016-03-18T23:00:00Z,2016-03-18T20:00:00-03:00,1,01:00:00,1,01:00:00,100.0,100.0,2016-03-18T22:00:00Z,2016-03-18T19:00:00-03:00,2016-03-18T23:00:00Z,2016-03-18T20:00:00-03:00
0.0,,,False,6,so2,µg/m³,,raw,01:00:00,2016-03-18T23:00:00Z,2016-03-18T20:00:00-03:00,2016-03-19T00:00:00Z,2016-03-18T21:00:00-03:00,1,01:00:00,1,01:00:00,100.0,100.0,2016-03-18T23:00:00Z,2016-03-18T20:00:00-03:00,2016-03-19T00:00:00Z,2016-03-18T21:00:00-03:00
0.0,,,False,6,so2,µg/m³,,raw,01:00:00,2016-03-19T00:00:00Z,2016-03-18T21:00:00-03:00,2016-03-19T01:00:00Z,2016-03-18T22:00:00-03:00,1,01:00:00,1,01:00:00,100.0,100.0,2016-03-19T00:00:00Z,2016-03-18T21:00:00-03:00,2016-03-19T01:00:00Z,2016-03-18T22:00:00-03:00
0.0,,,False,6,so2,µg/m³,,raw,01:00:00,2016-03-19T01:00:00Z,2016-03-18T22:00:00-03:00,2016-03-19T02:00:00Z,2016-03-18T23:00:00-03:00,1,01:00:00,1,01:00:00,100.0,100.0,2016-03-19T01:00:00Z,2016-03-18T22:00:00-03:00,2016-03-19T02:00:00Z,2016-03-18T23:00:00-03:00
0.0,,,False,6,so2,µg/m³,,raw,01:00:00,2016-03-19T02:00:00Z,2016-03-18T23:00:00-03:00,2016-03-19T03:00:00Z,2016-03-19T00:00:00-03:00,1,01:00:00,1,01:00:00,100.0,100.0,2016-03-19T02:00:00Z,2016-03-18T23:00:00-03:00,2016-03-19T03:00:00Z,2016-03-19T00:00:00-03:00
0.0,,,False,6,so2,µg/m³,,raw,01:00:00,2016-03-30T00:00:00Z,2016-03-29T21:00:00-03:00,2016-03-30T01:00:00Z,2016-03-29T22:00:00-03:00,1,01:00:00,1,01:00:00,100.0,100.0,2016-03-30T00:00:00Z,2016-03-29T21:00:00-03:00,2016-03-30T01:00:00Z,2016-03-29T22:00:00-03:00
0.0,,,False,6,so2,µg/m³,,raw,01:00:00,2016-03-30T01:00:00Z,2016-03-29T22:00:00-03:00,2016-03-30T02:00:00Z,2016-03-29T23:00:00-03:00,1,01:00:00,1,01:00:00,100.0,100.0,2016-03-30T01:00:00Z,2016-03-29T22:00:00-03:00,2016-03-30T02:00:00Z,2016-03-29T23:00:00-03:00
0.0,,,False,6,so2,µg/m³,,raw,01:00:00,2016-03-30T02:00:00Z,2016-03-29T23:00:00-03:00,2016-03-30T03:00:00Z,2016-03-30T00:00:00-03:00,1,01:00:00,1,01:00:00,100.0,100.0,2016-03-30T02:00:00Z,2016-03-29T23:00:00-03:00,2016-03-30T03:00:00Z,2016-03-30T00:00:00-03:00
0.0,,,False,6,so2,µg/m³,,raw,01:00:00,2016-03-30T03:00:00Z,2016-03-30T00:00:00-03:00,2016-03-30T04:00:00Z,2016-03-30T01:00:00-03:00,1,01:00:00,1,01:00:00,100.0,100.0,2016-03-30T03:00:00Z,2016-03-30T00:00:00-03:00,2016-03-30T04:00:00Z,2016-03-30T01:00:00-03:00
0.0,,,False,6,so2,µg/m³,,raw,01:00:00,2016-03-30T04:00:00Z,2016-03-30T01:00:00-03:00,2016-03-30T05:00:00Z,2016-03-30T02:00:00-03:00,1,01:00:00,1,01:00:00,100.0,100.0,2016-03-30T04:00:00Z,2016-03-30T01:00:00-03:00,2016-03-30T05:00:00Z,2016-03-30T02:00:00-03:00
0.0,,,False,6,so2,µg/m³,,raw,01:00:00,2016-03-30T05:00:00Z,2016-03-30T02:00:00-03:00,2016-03-30T06:00:00Z,2016-03-30T03:00:00-03:00,1,01:00:00,1,01:00:00,100.0,100.0,2016-03-30T05:00:00Z,2016-03-30T02:00:00-03:00,2016-03-30T06:00:00Z,2016-03-30T03:00:00-03:00
0.0,,,False,6,so2,µg/m³,,raw,01:00:00,2016-03-30T06:00:00Z,2016-03-30T03:00:00-03:00,2016-03-30T07:00:00Z,2016-03-30T04:00:00-03:00,1,01:00:00,1,01:00:00,100.0,100.0,2016-03-30T06:00:00Z,2016-03-30T03:00:00-03:00,2016-03-30T07:00:00Z,2016-03-30T04:00:00-03:00
0.0,,,False,6,so2,µg/m³,,raw,01:00:00,2016-03-30T07:00:00Z,2016-03-30T04:00:00-03:00,2016-03-30T08:00:00Z,2016-03-30T05:00:00-03:00,1,01:00:00,1,01:00:00,100.0,100.0,2016-03-30T07:00:00Z,2016-03-30T04:00:00-03:00,2016-03-30T08:00:00Z,2016-03-30T05:00:00-03:00
0.0,,,False,6,so2,µg/m³,,raw,01:00:00,2016-03-30T08:00:00Z,2016-03-30T05:00:00-03:00,2016-03-30T09:00:00Z,2016-03-30T06:00:00-03:00,1,01:00:00,1,01:00:00,100.0,100.0,2016-03-30T08:00:00Z,2016-03-30T05:00:00-03:00,2016-03-30T09:00:00Z,2016-03-30T06:00:00-03:00
0.0,,,False,6,so2,µg/m³,,raw,01:00:00,2016-03-30T09:00:00Z,2016-03-30T06:00:00-03:00,2016-03-30T10:00:00Z,2016-03-30T07:00:00-03:00,1,01:00:00,1,01:00:00,100.0,100.0,2016-03-30T09:00:00Z,2016-03-30T06:00:00-03:00,2016-03-30T10:00:00Z,2016-03-30T07:00:00-03:00
0.0,,,False,6,so2,µg/m³,,raw,01:00:00,2016-03-30T10:00:00Z,2016-03-30T07:00:00-03:00,2016-03-30T11:00:00Z,2016-03-30T08:00:00-03:00,1,01:00:00,1,01:00:00,100.0,100.0,2016-03-30T10:00:00Z,2016-03-30T07:00:00-03:00,2016-03-30T11:00:00Z,2016-03-30T08:00:00-03:00
0.0,,,False,6,so2,µg/m³,,raw,01:00:00,2016-03-30T11:00:00Z,2016-03-30T08:00:00-03:00,2016-03-30T12:00:00Z,2016-03-30T09:00:00-03:00,1,01:00:00,1,01:00:00,100.0,100.0,2016-03-30T11:00:00Z,2016-03-30T08:00:00-03:00,2016-03-30T12:00:00Z,2016-03-30T09:00:00-03:00
0.0,,,False,6,so2,µg/m³,,raw,01:00:00,2016-03-30T12:00:00Z,2016-03-30T09:00:00-03:00,2016-03-30T13:00:00Z,2016-03-30T10:00:00-03:00,1,01:00:00,1,01:00:00,100.0,100.0,2016-03-30T12:00:00Z,2016-03-30T09:00:00-03:00,2016-03-30T13:00:00Z,2016-03-30T10:00:00-03:00
0.0,,,False,6,so2,µg/m³,,raw,01:00:00,2016-03-30T13:00:00Z,2016-03-30T10:00:00-03:00,2016-03-30T14:00:00Z,2016-03-30T11:00:00-03:00,1,01:00:00,1,01:00:00,100.0,100.0,2016-03-30T13:00:00Z,2016-03-30T10:00:00-03:00,2016-03-30T14:00:00Z,2016-03-30T11:00:00-03:00
0.0,,,False,6,so2,µg/m³,,raw,01:00:00,2016-03-30T14:00:00Z,2016-03-30T11:00:00-03:00,2016-03-30T15:00:00Z,2016-03-30T12:00:00-03:00,1,01:00:00,1,01:00:00,100.0,100.0,2016-03-30T14:00:00Z,2016-03-30T11:00:00-03:00,2016-03-30T15:00:00Z,2016-03-30T12:00:00-03:00
0.0,,,False,6,so2,µg/m³,,raw,01:00:00,2016-03-30T15:00:00Z,2016-03-30T12:00:00-03:00,2016-03-30T16:00:00Z,2016-03-30T13:00:00-03:00,1,01:00:00,1,01:00:00,100.0,100.0,2016-03-30T15:00:00Z,2016-03-30T12:00:00-03:00,2016-03-30T16:00:00Z,2016-03-30T13:00:00-03:00
0.0,,,False,6,so2,µg/m³,,raw,01:00:00,2016-03-30T16:00:00Z,2016-03-30T13:00:00-03:00,2016-03-30T17:00:00Z,2016-03-30T14:00:00-03:00,1,01:00:00,1,01:00:00,100.0,100.0,2016-03-30T16:00:00Z,2016-03-30T13:00:00-03:00,2016-03-30T17:00:00Z,2016-03-30T14:00:00-03:00
0.0,,,False,6,so2,µg/m³,,raw,01:00:00,2016-03-30T17:00:00Z,2016-03-30T14:00:00-03:00,2016-03-30T18:00:00Z,2016-03-30T15:00:00-03:00,1,01:00:00,1,01:00:00,100.0,100.0,2016-03-30T17:00:00Z,2016-03-30T14:00:00-03:00,2016-03-30T18:00:00Z,2016-03-30T15:00:00-03:00
0.0,,,False,6,so2,µg/m³,,raw,01:00:00,2016-03-30T18:00:00Z,2016-03-30T15:00:00-03:00,2016-03-30T19:00:00Z,2016-03-30T16:00:00-03:00,1,01:00:00,1,01:00:00,100.0,100.0,2016-03-30T18:00:00Z,2016-03-30T15:00:00-03:00,2016-03-30T19:00:00Z,2016-03-30T16:00:00-03:00
0.0,,,False,6,so2,µg/m³,,raw,01:00:00,2016-03-30T19:00:00Z,2016-03-30T16:00:00-03:00,2016-03-30T20:00:00Z,2016-03-30T17:00:00-03:00,1,01:00:00,1,01:00:00,100.0,100.0,2016-03-30T19:00:00Z,2016-03-30T16:00:00-03:00,2016-03-30T20:00:00Z,2016-03-30T17:00:00-03:00
0.0,,,False,6,so2,µg/m³,,raw,01:00:00,2016-03-30T20:00:00Z,2016-03-30T17:00:00-03:00,2016-03-30T21:00:00Z,2016-03-30T18:00:00-03:00,1,01:00:00,1,01:00:00,100.0,100.0,2016-03-30T20:00:00Z,2016-03-30T17:00:00-03:00,2016-03-30T21:00:00Z,2016-03-30T18:00:00-03:00
0.0,,,False,6,so2,µg/m³,,raw,01:00:00,2016-03-30T21:00:00Z,2016-03-30T18:00:00-03:00,2016-03-30T22:00:00Z,2016-03-30T19:00:00-03:00,1,01:00:00,1,01:00:00,100.0,100.0,2016-03-30T21:00:00Z,2016-03-30T18:00:00-03:00,2016-03-30T22:00:00Z,2016-03-30T19:00:00-03:00
0.0,,,False,6,so2,µg/m³,,raw,01:00:00,2016-03-30T22:00:00Z,2016-03-30T19:00:00-03:00,2016-03-30T23:00:00Z,2016-03-30T20:00:00-03:00,1,01:00:00,1,01:00:00,100.0,100.0,2016-03-30T22:00:00Z,2016-03-30T19:00:00-03:00,2016-03-30T23:00:00Z,2016-03-30T20:00:00-03:00
0.0,,,False,6,so2,µg/m³,,raw,01:00:00,2016-03-30T23:00:00Z,2016-03-30T20:00:00-03:00,2016-03-31T00:00:00Z,2016-03-30T21:00:00-03:00,1,01:00:00,1,01:00:00,100.0,100.0,2016-03-30T23:00:00Z,2016-03-30T20:00:00-03:00,2016-03-31T00:00:00Z,2016-03-30T21:00:00-03:00
0.0,,,False,6,so2,µg/m³,,raw,01:00:00,2016-03-31T00:00:00Z,2016-03-30T21:00:00-03:00,2016-03-31T01:00:00Z,2016-03-30T22:00:00-03:00,1,01:00:00,1,01:00:00,100.0,100.0,2016-03-31T00:00:00Z,2016-03-30T21:00:00-03:00,2016-03-31T01:00:00Z,2016-03-30T22:00:00-03:00
0.0,,,False,6,so2,µg/m³,,raw,01:00:00,2016-03-31T01:00:00Z,2016-03-30T22:00:00-03:00,2016-03-31T02:00:00Z,2016-03-30T23:00:00-03:00,1,01:00:00,1,01:00:00,100.0,100.0,2016-03-31T01:00:00Z,2016-03-30T22:00:00-03:00,2016-03-31T02:00:00Z,2016-03-30T23:00:00-03:00
0.0,,,False,6,so2,µg/m³,,raw,01:00:00,2016-03-31T02:00:00Z,2016-03-30T23:00:00-03:00,2016-03-31T03:00:00Z,2016-03-31T00:00:00-03:00,1,01:00:00,1,01:00:00,100.0,100.0,2016-03-31T02:00:00Z,2016-03-30T23:00:00-03:00,2016-03-31T03:00:00Z,2016-03-31T00:00:00-03:00
0.0,,,False,6,so2,µg/m³,,raw,01:00:00,2016-03-31T03:00:00Z,2016-03-31T00:00:00-03:00,2016-03-31T04:00:00Z,2016-03-31T01:00:00-03:00,1,01:00:00,1,01:00:00,100.0,100.0,2016-03-31T03:00:00Z,2016-03-31T00:00:00-03:00,2016-03-31T04:00:00Z,2016-03-31T01:00:00-03:00
0.0,,,False,6,so2,µg/m³,,raw,01:00:00,2016-03-31T04:00:00Z,2016-03-31T01:00:00-03:00,2016-03-31T05:00:00Z,2016-03-31T02:00:00-03:00,1,01:00:00,1,01:00:00,100.0,100.0,2016-03-31T04:00:00Z,2016-03-31T01:00:00-03:00,2016-03-31T05:00:00Z,2016-03-31T02:00:00-03:00
0.0,,,False,6,so2,µg/m³,,raw,01:00:00,2016-03-31T05:00:00Z,2016-03-31T02:00:00-03:00,2016-03-31T06:00:00Z,2016-03-31T03:00:00-03:00,1,01:00:00,1,01:00:00,100.0,100.0,2016-03-31T05:00:00Z,2016-03-31T02:00:00-03:00,2016-03-31T06:00:00Z,2016-03-31T03:00:00-03:00
0.0,,,False,6,so2,µg/m³,,raw,01:00:00,2016-03-31T06:00:00Z,2016-03-31T03:00:00-03:00,2016-03-31T07:00:00Z,2016-03-31T04:00:00-03:00,1,01:00:00,1,01:00:00,100.0,100.0,2016-03-31T06:00:00Z,2016-03-31T03:00:00-03:00,2016-03-31T07:00:00Z,2016-03-31T04:00:00-03:00
0.0,,,False,6,so2,µg/m³,,raw,01:00:00,2016-03-31T07:00:00Z,2016-03-31T04:00:00-03:00,2016-03-31T08:00:00Z,2016-03-31T05:00:00-03:00,1,01:00:00,1,01:00:00,100.0,100.0,2016-03-31T07:00:00Z,2016-03-31T04:00:00-03:00,2016-03-31T08:00:00Z,2016-03-31T05:00:00-03:00
0.0,,,False,6,so2,µg/m³,,raw,01:00:00,2016-03-31T08:00:00Z,2016-03-31T05:00:00-03:00,2016-03-31T09:00:00Z,2016-03-31T06:00:00-03:00,1,01:00:00,1,01:00:00,100.0,100.0,2016-03-31T08:00:00Z,2016-03-31T05:00:00-03:00,2016-03-31T09:00:00Z,2016-03-31T06:00:00-03:00
0.0,,,False,6,so2,µg/m³,,raw,01:00:00,2016-03-31T09:00:00Z,2016-03-31T06:00:00-03:00,2016-03-31T10:00:00Z,2016-03-31T07:00:00-03:00,1,01:00:00,1,01:00:00,100.0,100.0,2016-03-31T09:00:00Z,2016-03-31T06:00:00-03:00,2016-03-31T10:00:00Z,2016-03-31T07:00:00-03:00
0.0,,,False,6,so2,µg/m³,,raw,01:00:00,2016-03-31T10:00:00Z,2016-03-31T07:00:00-03:00,2016-03-31T11:00:00Z,2016-03-31T08:00:00-03:00,1,01:00:00,1,01:00:00,100.0,100.0,2016-03-31T10:00:00Z,2016-03-31T07:00:00-03:00,2016-03-31T11:00:00Z,2016-03-31T08:00:00-03:00
0.0,,,False,6,so2,µg/m³,,raw,01:00:00,2016-03-31T11:00:00Z,2016-03-31T08:00:00-03:00,2016-03-31T12:00:00Z,2016-03-31T09:00:00-03:00,1,01:00:00,1,01:00:00,100.0,100.0,2016-03-31T11:00:00Z,2016-03-31T08:00:00-03:00,2016-03-31T12:00:00Z,2016-03-31T09:00:00-03:00
0.0,,,False,6,so2,µg/m³,,raw,01:00:00,2016-03-31T12:00:00Z,2016-03-31T09:00:00-03:00,2016-03-31T13:00:00Z,2016-03-31T10:00:00-03:00,1,01:00:00,1,01:00:00,100.0,100.0,2016-03-31T12:00:00Z,2016-03-31T09:00:00-03:00,2016-03-31T13:00:00Z,2016-03-31T10:00:00-03:00
0.0,,,False,6,so2,µg/m³,,raw,01:00:00,2016-03-31T13:00:00Z,2016-03-31T10:00:00-03:00,2016-03-31T14:00:00Z,2016-03-31T11:00:00-03:00,1,01:00:00,1,01:00:00,100.0,100.0,2016-03-31T13:00:00Z,2016-03-31T10:00:00-03:00,2016-03-31T14:00:00Z,2016-03-31T11:00:00-03:00
0.0,,,False,6,so2,µg/m³,,raw,01:00:00,2016-03-31T14:00:00Z,2016-03-31T11:00:00-03:00,2016-03-31T15:00:00Z,2016-03-31T12:00:00-03:00,1,01:00:00,1,01:00:00,100.0,100.0,2016-03-31T14:00:00Z,2016-03-31T11:00:00-03:00,2016-03-31T15:00:00Z,2016-03-31T12:00:00-03:00
0.0,,,False,6,so2,µg/m³,,raw,01:00:00,2016-03-31T15:00:00Z,2016-03-31T12:00:00-03:00,2016-03-31T16:00:00Z,2016-03-31T13:00:00-03:00,1,01:00:00,1,01:00:00,100.0,100.0,2016-03-31T15:00:00Z,2016-03-31T12:00:00-03:00,2016-03-31T16:00:00Z,2016-03-31T13:00:00-03:00
0.0,,,False,6,so2,µg/m³,,raw,01:00:00,2016-03-31T16:00:00Z,2016-03-31T13:00:00-03:00,2016-03-31T17:00:00Z,2016-03-31T14:00:00-03:00,1,01:00:00,1,01:00:00,100.0,100.0,2016-03-31T16:00:00Z,2016-03-31T13:00:00-03:00,2016-03-31T17:00:00Z,2016-03-31T14:00:00-03:00
0.0,,,False,6,so2,µg/m³,,raw,01:00:00,2016-03-31T17:00:00Z,2016-03-31T14:00:00-03:00,2016-03-31T18:00:00Z,2016-03-31T15:00:00-03:00,1,01:00:00,1,01:00:00,100.0,100.0,2016-03-31T17:00:00Z,2016-03-31T14:00:00-03:00,2016-03-31T18:00:00Z,2016-03-31T15:00:00-03:00
0.0,,,False,6,so2,µg/m³,,raw,01:00:00,2016-03-31T18:00:00Z,2016-03-31T15:00:00-03:00,2016-03-31T19:00:00Z,2016-03-31T16:00:00-03:00,1,01:00:00,1,01:00:00,100.0,100.0,2016-03-31T18:00:00Z,2016-03-31T15:00:00-03:00,2016-03-31T19:00:00Z,2016-03-31T16:00:00-03:00
0.0,,,False,6,so2,µg/m³,,raw,01:00:00,2016-03-31T19:00:00Z,2016-03-31T16:00:00-03:00,2016-03-31T20:00:00Z,2016-03-31T17:00:00-03:00,1,01:00:00,1,01:00:00,100.0,100.0,2016-03-31T19:00:00Z,2016-03-31T16:00:00-03:00,2016-03-31T20:00:00Z,2016-03-31T17:00:00-03:00
0.0,,,False,6,so2,µg/m³,,raw,01:00:00,2016-03-31T20:00:00Z,2016-03-31T17:00:00-03:00,2016-03-31T21:00:00Z,2016-03-31T18:00:00-03:00,1,01:00:00,1,01:00:00,100.0,100.0,2016-03-31T20:00:00Z,2016-03-31T17:00:00-03:00,2016-03-31T21:00:00Z,2016-03-31T18:00:00-03:00
0.0,,,False,6,so2,µg/m³,,raw,01:00:00,2016-04-01T02:00:00Z,2016-03-31T23:00:00-03:00,2016-04-01T03:00:00Z,2016-04-01T00:00:00-03:00,1,01:00:00,1,01:00:00,100.0,100.0,2016-04-01T02:00:00Z,2016-03-31T23:00:00-03:00,2016-04-01T03:00:00Z,2016-04-01T00:00:00-03:00
0.0,,,False,6,so2,µg/m³,,raw,01:00:00,2016-04-01T03:00:00Z,2016-04-01T00:00:00-03:00,2016-04-01T04:00:00Z,2016-04-01T01:00:00-03:00,1,01:00:00,1,01:00:00,100.0,100.0,2016-04-01T03:00:00Z,2016-04-01T00:00:00-03:00,2016-04-01T04:00:00Z,2016-04-01T01:00:00-03:00
0.0,,,False,6,so2,µg/m³,,raw,01:00:00,2016-04-01T05:00:00Z,2016-04-01T02:00:00-03:00,2016-04-01T06:00:00Z,2016-04-01T03:00:00-03:00,1,01:00:00,1,01:00:00,100.0,100.0,2016-04-01T05:00:00Z,2016-04-01T02:00:00-03:00,2016-04-01T06:00:00Z,2016-04-01T03:00:00-03:00
0.0,,,False,6,so2,µg/m³,,raw,01:00:00,2016-04-01T06:00:00Z,2016-04-01T03:00:00-03:00,2016-04-01T07:00:00Z,2016-04-01T04:00:00-03:00,1,01:00:00,1,01:00:00,100.0,100.0,2016-04-01T06:00:00Z,2016-04-01T03:00:00-03:00,2016-04-01T07:00:00Z,2016-04-01T04:00:00-03:00
0.0,,,False,6,so2,µg/m³,,raw,01:00:00,2016-04-01T07:00:00Z,2016-04-01T04:00:00-03:00,2016-04-01T08:00:00Z,2016-04-01T05:00:00-03:00,1,01:00:00,1,01:00:00,100.0,100.0,2016-04-01T07:00:00Z,2016-04-01T04:00:00-03:00,2016-04-01T08:00:00Z,2016-04-01T05:00:00-03:00
0.0,,,False,6,so2,µg/m³,,raw,01:00:00,2016-04-01T08:00:00Z,2016-04-01T05:00:00-03:00,2016-04-01T09:00:00Z,2016-04-01T06:00:00-03:00,1,01:00:00,1,01:00:00,100.0,100.0,2016-04-01T08:00:00Z,2016-04-01T05:00:00-03:00,2016-04-01T09:00:00Z,2016-04-01T06:00:00-03:00
0.0,,,False,6,so2,µg/m³,,raw,01:00:00,2016-04-01T09:00:00Z,2016-04-01T06:00:00-03:00,2016-04-01T10:00:00Z,2016-04-01T07:00:00-03:00,1,01:00:00,1,01:00:00,100.0,100.0,2016-04-01T09:00:00Z,2016-04-01T06:00:00-03:00,2016-04-01T10:00:00Z,2016-04-01T07:00:00-03:00
0.0,,,False,6,so2,µg/m³,,raw,01:00:00,2016-04-01T10:00:00Z,2016-04-01T07:00:00-03:00,2016-04-01T11:00:00Z,2016-04-01T08:00:00-03:00,1,01:00:00,1,01:00:00,100.0,100.0,2016-04-01T10:00:00Z,2016-04-01T07:00:00-03:00,2016-04-01T11:00:00Z,2016-04-01T08:00:00-03:00
0.0,,,False,6,so2,µg/m³,,raw,01:00:00,2016-04-01T11:00:00Z,2016-04-01T08:00:00-03:00,2016-04-01T12:00:00Z,2016-04-01T09:00:00-03:00,1,01:00:00,1,01:00:00,100.0,100.0,2016-04-01T11:00:00Z,2016-04-01T08:00:00-03:00,2016-04-01T12:00:00Z,2016-04-01T09:00:00-03:00
0.0,,,False,6,so2,µg/m³,,raw,01:00:00,2016-04-01T12:00:00Z,2016-04-01T09:00:00-03:00,2016-04-01T13:00:00Z,2016-04-01T10:00:00-03:00,1,01:00:00,1,01:00:00,100.0,100.0,2016-04-01T12:00:00Z,2016-04-01T09:00:00-03:00,2016-04-01T13:00:00Z,2016-04-01T10:00:00-03:00
0.0,,,False,6,so2,µg/m³,,raw,01:00:00,2016-04-01T13:00:00Z,2016-04-01T10:00:00-03:00,2016-04-01T14:00:00Z,2016-04-01T11:00:00-03:00,1,01:00:00,1,01:00:00,100.0,100.0,2016-04-01T13:00:00Z,2016-04-01T10:00:00-03:00,2016-04-01T14:00:00Z,2016-04-01T11:00:00-03:00
0.0,,,False,6,so2,µg/m³,,raw,01:00:00,2016-04-01T14:00:00Z,2016-04-01T11:00:00-03:00,2016-04-01T15:00:00Z,2016-04-01T12:00:00-03:00,1,01:00:00,1,01:00:00,100.0,100.0,2016-04-01T14:00:00Z,2016-04-01T11:00:00-03:00,2016-04-01T15:00:00Z,2016-04-01T12:00:00-03:00
0.0,,,False,6,so2,µg/m³,,raw,01:00:00,2016-04-01T15:00:00Z,2016-04-01T12:00:00-03:00,2016-04-01T16:00:00Z,2016-04-01T13:00:00-03:00,1,01:00:00,1,01:00:00,100.0,100.0,2016-04-01T15:00:00Z,2016-04-01T12:00:00-03:00,2016-04-01T16:00:00Z,2016-04-01T13:00:00-03:00
0.0,,,False,6,so2,µg/m³,,raw,01:00:00,2016-04-01T16:00:00Z,2016-04-01T13:00:00-03:00,2016-04-01T17:00:00Z,2016-04-01T14:00:00-03:00,1,01:00:00,1,01:00:00,100.0,100.0,2016-04-01T16:00:00Z,2016-04-01T13:00:00-03:00,2016-04-01T17:00:00Z,2016-04-01T14:00:00-03:00
0.0,,,False,6,so2,µg/m³,,raw,01:00:00,2016-04-01T17:00:00Z,2016-04-01T14:00:00-03:00,2016-04-01T18:00:00Z,2016-04-01T15:00:00-03:00,1,01:00:00,1,01:00:00,100.0,100.0,2016-04-01T17:00:00Z,2016-04-01T14:00:00-03:00,2016-04-01T18:00:00Z,2016-04-01T15:00:00-03:00
0.0,,,False,6,so2,µg/m³,,raw,01:00:00,2016-04-01T18:00:00Z,2016-04-01T15:00:00-03:00,2016-04-01T19:00:00Z,2016-04-01T16:00:00-03:00,1,01:00:00,1,01:00:00,100.0,100.0,2016-04-01T18:00:00Z,2016-04-01T15:00:00-03:00,2016-04-01T19:00:00Z,2016-04-01T16:00:00-03:00
0.0,,,False,6,so2,µg/m³,,raw,01:00:00,2016-04-01T19:00:00Z,2016-04-01T16:00:00-03:00,2016-04-01T20:00:00Z,2016-04-01T17:00:00-03:00,1,01:00:00,1,01:00:00,100.0,100.0,2016-04-01T19:00:00Z,2016-04-01T16:00:00-03:00,2016-04-01T20:00:00Z,2016-04-01T17:00:00-03:00
0.0,,,False,6,so2,µg/m³,,raw,01:00:00,2016-04-01T20:00:00Z,2016-04-01T17:00:00-03:00,2016-04-01T21:00:00Z,2016-04-01T18:00:00-03:00,1,01:00:00,1,01:00:00,100.0,100.0,2016-04-01T20:00:00Z,2016-04-01T17:00:00-03:00,2016-04-01T21:00:00Z,2016-04-01T18:00:00-03:00
0.0,,,False,6,so2,µg/m³,,raw,01:00:00,2016-04-01T21:00:00Z,2016-04-01T18:00:00-03:00,2016-04-01T22:00:00Z,2016-04-01T19:00:00-03:00,1,01:00:00,1,01:00:00,100.0,100.0,2016-04-01T21:00:00Z,2016-04-01T18:00:00-03:00,2016-04-01T22:00:00Z,2016-04-01T19:00:00-03:00
0.0,,,False,6,so2,µg/m³,,raw,01:00:00,2016-04-01T22:00:00Z,2016-04-01T19:00:00-03:00,2016-04-01T23:00:00Z,2016-04-01T20:00:00-03:00,1,01:00:00,1,01:00:00,100.0,100.0,2016-04-01T22:00:00Z,2016-04-01T19:00:00-03:00,2016-04-01T23:00:00Z,2016-04-01T20:00:00-03:00
0.0,,,False,6,so2,µg/m³,,raw,01:00:00,2016-04-01T23:00:00Z,2016-04-01T20:00:00-03:00,2016-04-02T00:00:00Z,2016-04-01T21:00:00-03:00,1,01:00:00,1,01:00:00,100.0,100.0,2016-04-01T23:00:00Z,2016-04-01T20:00:00-03:00,2016-04-02T00:00:00Z,2016-04-01T21:00:00-03:00
0.0,,,False,6,so2,µg/m³,,raw,01:00:00,2016-04-02T00:00:00Z,2016-04-01T21:00:00-03:00,2016-04-02T01:00:00Z,2016-04-01T22:00:00-03:00,1,01:00:00,1,01:00:00,100.0,100.0,2016-04-02T00:00:00Z,2016-04-01T21:00:00-03:00,2016-04-02T01:00:00Z,2016-04-01T22:00:00-03:00
0.0,,,False,6,so2,µg/m³,,raw,01:00:00,2016-04-02T01:00:00Z,2016-04-01T22:00:00-03:00,2016-04-02T02:00:00Z,2016-04-01T23:00:00-03:00,1,01:00:00,1,01:00:00,100.0,100.0,2016-04-02T01:00:00Z,2016-04-01T22:00:00-03:00,2016-04-02T02:00:00Z,2016-04-01T23:00:00-03:00
0.0,,,False,6,so2,µg/m³,,raw,01:00:00,2016-04-02T02:00:00Z,2016-04-01T23:00:00-03:00,2016-04-02T03:00:00Z,2016-04-02T00:00:00-03:00,1,01:00:00,1,01:00:00,100.0,100.0,2016-04-02T02:00:00Z,2016-04-01T23:00:00-03:00,2016-04-02T03:00:00Z,2016-04-02T00:00:00-03:00
0.0,,,False,6,so2,µg/m³,,raw,01:00:00,2016-04-02T03:00:00Z,2016-04-02T00:00:00-03:00,2016-04-02T04:00:00Z,2016-04-02T01:00:00-03:00,1,01:00:00,1,01:00:00,100.0,100.0,2016-04-02T03:00:00Z,2016-04-02T00:00:00-03:00,2016-04-02T04:00:00Z,2016-04-02T01:00:00-03:00
0.0,,,False,6,so2,µg/m³,,raw,01:00:00,2016-04-02T05:00:00Z,2016-04-02T02:00:00-03:00,2016-04-02T06:00:00Z,2016-04-02T03:00:00-03:00,1,01:00:00,1,01:00:00,100.0,100.0,2016-04-02T05:00:00Z,2016-04-02T02:00:00-03:00,2016-04-02T06:00:00Z,2016-04-02T03:00:00-03:00
0.0,,,False,6,so2,µg/m³,,raw,01:00:00,2016-04-02T06:00:00Z,2016-04-02T03:00:00-03:00,2016-04-02T07:00:00Z,2016-04-02T04:00:00-03:00,1,01:00:00,1,01:00:00,100.0,100.0,2016-04-02T06:00:00Z,2016-04-02T03:00:00-03:00,2016-04-02T07:00:00Z,2016-04-02T04:00:00-03:00
0.0,,,False,6,so2,µg/m³,,raw,01:00:00,2016-04-02T07:00:00Z,2016-04-02T04:00:00-03:00,2016-04-02T08:00:00Z,2016-04-02T05:00:00-03:00,1,01:00:00,1,01:00:00,100.0,100.0,2016-04-02T07:00:00Z,2016-04-02T04:00:00-03:00,2016-04-02T08:00:00Z,2016-04-02T05:00:00-03:00
0.0,,,False,6,so2,µg/m³,,raw,01:00:00,2016-04-02T08:00:00Z,2016-04-02T05:00:00-03:00,2016-04-02T09:00:00Z,2016-04-02T06:00:00-03:00,1,01:00:00,1,01:00:00,100.0,100.0,2016-04-02T08:00:00Z,2016-04-02T05:00:00-03:00,2016-04-02T09:00:00Z,2016-04-02T06:00:00-03:00
0.0,,,False,6,so2,µg/m³,,raw,01:00:00,2016-04-02T09:00:00Z,2016-04-02T06:00:00-03:00,2016-04-02T10:00:00Z,2016-04-02T07:00:00-03:00,1,01:00:00,1,01:00:00,100.0,100.0,2016-04-02T09:00:00Z,2016-04-02T06:00:00-03:00,2016-04-02T10:00:00Z,2016-04-02T07:00:00-03:00
0.0,,,False,6,so2,µg/m³,,raw,01:00:00,2016-04-02T10:00:00Z,2016-04-02T07:00:00-03:00,2016-04-02T11:00:00Z,2016-04-02T08:00:00-03:00,1,01:00:00,1,01:00:00,100.0,100.0,2016-04-02T10:00:00Z,2016-04-02T07:00:00-03:00,2016-04-02T11:00:00Z,2016-04-02T08:00:00-03:00
0.0,,,False,6,so2,µg/m³,,raw,01:00:00,2016-04-02T11:00:00Z,2016-04-02T08:00:00-03:00,2016-04-02T12:00:00Z,2016-04-02T09:00:00-03:00,1,01:00:00,1,01:00:00,100.0,100.0,2016-04-02T11:00:00Z,2016-04-02T08:00:00-03:00,2016-04-02T12:00:00Z,2016-04-02T09:00:00-03:00
0.0,,,False,6,so2,µg/m³,,raw,01:00:00,2016-04-02T12:00:00Z,2016-04-02T09:00:00-03:00,2016-04-02T13:00:00Z,2016-04-02T10:00:00-03:00,1,01:00:00,1,01:00:00,100.0,100.0,2016-04-02T12:00:00Z,2016-04-02T09:00:00-03:00,2016-04-02T13:00:00Z,2016-04-02T10:00:00-03:00
0.0,,,False,6,so2,µg/m³,,raw,01:00:00,2016-04-02T13:00:00Z,2016-04-02T10:00:00-03:00,2016-04-02T14:00:00Z,2016-04-02T11:00:00-03:00,1,01:00:00,1,01:00:00,100.0,100.0,2016-04-02T13:00:00Z,2016-04-02T10:00:00-03:00,2016-04-02T14:00:00Z,2016-04-02T11:00:00-03:00
0.0,,,False,6,so2,µg/m³,,raw,01:00:00,2016-04-02T14:00:00Z,2016-04-02T11:00:00-03:00,2016-04-02T15:00:00Z,2016-04-02T12:00:00-03:00,1,01:00:00,1,01:00:00,100.0,100.0,2016-04-02T14:00:00Z,2016-04-02T11:00:00-03:00,2016-04-02T15:00:00Z,2016-04-02T12:00:00-03:00
0.0,,,False,6,so2,µg/m³,,raw,01:00:00,2016-04-02T15:00:00Z,2016-04-02T12:00:00-03:00,2016-04-02T16:00:00Z,2016-04-02T13:00:00-03:00,1,01:00:00,1,01:00:00,100.0,100.0,2016-04-02T15:00:00Z,2016-04-02T12:00:00-03:00,2016-04-02T16:00:00Z,2016-04-02T13:00:00-03:00
0.0,,,False,6,so2,µg/m³,,raw,01:00:00,2016-04-02T16:00:00Z,2016-04-02T13:00:00-03:00,2016-04-02T17:00:00Z,2016-04-02T14:00:00-03:00,1,01:00:00,1,01:00:00,100.0,100.0,2016-04-02T16:00:00Z,2016-04-02T13:00:00-03:00,2016-04-02T17:00:00Z,2016-04-02T14:00:00-03:00
0.0,,,False,6,so2,µg/m³,,raw,01:00:00,2016-04-02T17:00:00Z,2016-04-02T14:00:00-03:00,2016-04-02T18:00:00Z,2016-04-02T15:00:00-03:00,1,01:00:00,1,01:00:00,100.0,100.0,2016-04-02T17:00:00Z,2016-04-02T14:00:00-03:00,2016-04-02T18:00:00Z,2016-04-02T15:00:00-03:00
0.0,,,False,6,so2,µg/m³,,raw,01:00:00,2016-04-02T18:00:00Z,2016-04-02T15:00:00-03:00,2016-04-02T19:00:00Z,2016-04-02T16:00:00-03:00,1,01:00:00,1,01:00:00,100.0,100.0,2016-04-02T18:00:00Z,2016-04-02T15:00:00-03:00,2016-04-02T19:00:00Z,2016-04-02T16:00:00-03:00
0.0,,,False,6,so2,µg/m³,,raw,01:00:00,2016-04-02T19:00:00Z,2016-04-02T16:00:00-03:00,2016-04-02T20:00:00Z,2016-04-02T17:00:00-03:00,1,01:00:00,1,01:00:00,100.0,100.0,2016-04-02T19:00:00Z,2016-04-02T16:00:00-03:00,2016-04-02T20:00:00Z,2016-04-02T17:00:00-03:00
0.0,,,False,6,so2,µg/m³,,raw,01:00:00,2016-04-02T20:00:00Z,2016-04-02T17:00:00-03:00,2016-04-02T21:00:00Z,2016-04-02T18:00:00-03:00,1,01:00:00,1,01:00:00,100.0,100.0,2016-04-02T20:00:00Z,2016-04-02T17:00:00-03:00,2016-04-02T21:00:00Z,2016-04-02T18:00:00-03:00
0.0,,,False,6,so2,µg/m³,,raw,01:00:00,2016-04-02T21:00:00Z,2016-04-02T18:00:00-03:00,2016-04-02T22:00:00Z,2016-04-02T19:00:00-03:00,1,01:00:00,1,01:00:00,100.0,100.0,2016-04-02T21:00:00Z,2016-04-02T18:00:00-03:00,2016-04-02T22:00:00Z,2016-04-02T19:00:00-03:00
0.0,,,False,6,so2,µg/m³,,raw,01:00:00,2016-04-02T22:00:00Z,2016-04-02T19:00:00-03:00,2016-04-02T23:00:00Z,2016-04-02T20:00:00-03:00,1,01:00:00,1,01:00:00,100.0,100.0,2016-04-02T22:00:00Z,2016-04-02T19:00:00-03:00,2016-04-02T23:00:00Z,2016-04-02T20:00:00-03:00
0.0,,,False,6,so2,µg/m³,,raw,01:00:00,2016-04-02T23:00:00Z,2016-04-02T20:00:00-03:00,2016-04-03T00:00:00Z,2016-04-02T21:00:00-03:00,1,01:00:00,1,01:00:00,100.0,100.0,2016-04-02T23:00:00Z,2016-04-02T20:00:00-03:00,2016-04-03T00:00:00Z,2016-04-02T21:00:00-03:00
0.0,,,False,6,so2,µg/m³,,raw,01:00:00,2016-04-03T00:00:00Z,2016-04-02T21:00:00-03:00,2016-04-03T01:00:00Z,2016-04-02T22:00:00-03:00,1,01:00:00,1,01:00:00,100.0,100.0,2016-04-03T00:00:00Z,2016-04-02T21:00:00-03:00,2016-04-03T01:00:00Z,2016-04-02T22:00:00-03:00
0.0,,,False,6,so2,µg/m³,,raw,01:00:00,2016-04-03T01:00:00Z,2016-04-02T22:00:00-03:00,2016-04-03T02:00:00Z,2016-04-02T23:00:00-03:00,1,01:00:00,1,01:00:00,100.0,100.0,2016-04-03T01:00:00Z,2016-04-02T22:00:00-03:00,2016-04-03T02:00:00Z,2016-04-02T23:00:00-03:00
0.0,,,False,6,so2,µg/m³,,raw,01:00:00,2016-04-03T02:00:00Z,2016-04-02T23:00:00-03:00,2016-04-03T03:00:00Z,2016-04-03T00:00:00-03:00,1,01:00:00,1,01:00:00,100.0,100.0,2016-04-03T02:00:00Z,2016-04-02T23:00:00-03:00,2016-04-03T03:00:00Z,2016-04-03T00:00:00-03:00
0.0,,,False,6,so2,µg/m³,,raw,01:00:00,2016-04-03T03:00:00Z,2016-04-03T00:00:00-03:00,2016-04-03T04:00:00Z,2016-04-03T01:00:00-03:00,1,01:00:00,1,01:00:00,100.0,100.0,2016-04-03T03:00:00Z,2016-04-03T00:00:00-03:00,2016-04-03T04:00:00Z,2016-04-03T01:00:00-03:00
0.0,,,False,6,so2,µg/m³,,raw,01:00:00,2016-04-03T04:00:00Z,2016-04-03T01:00:00-03:00,2016-04-03T05:00:00Z,2016-04-03T02:00:00-03:00,1,01:00:00,1,01:00:00,100.0,100.0,2016-04-03T04:00:00Z,2016-04-03T01:00:00-03:00,2016-04-03T05:00:00Z,2016-04-03T02:00:00-03:00
0.0,,,False,6,so2,µg/m³,,raw,01:00:00,2016-04-03T05:00:00Z,2016-04-03T02:00:00-03:00,2016-04-03T06:00:00Z,2016-04-03T03:00:00-03:00,1,01:00:00,1,01:00:00,100.0,100.0,2016-04-03T05:00:00Z,2016-04-03T02:00:00-03:00,2016-04-03T06:00:00Z,2016-04-03T03:00:00-03:00
0.0,,,False,6,so2,µg/m³,,raw,01:00:00,2016-04-03T06:00:00Z,2016-04-03T03:00:00-03:00,2016-04-03T07:00:00Z,2016-04-03T04:00:00-03:00,1,01:00:00,1,01:00:00,100.0,100.0,2016-04-03T06:00:00Z,2016-04-03T03:00:00-03:00,2016-04-03T07:00:00Z,2016-04-03T04:00:00-03:00
0.0,,,False,6,so2,µg/m³,,raw,01:00:00,2016-04-03T07:00:00Z,2016-04-03T04:00:00-03:00,2016-04-03T08:00:00Z,2016-04-03T05:00:00-03:00,1,01:00:00,1,01:00:00,100.0,100.0,2016-04-03T07:00:00Z,2016-04-03T04:00:00-03:00,2016-04-03T08:00:00Z,2016-04-03T05:00:00-03:00
0.0,,,False,6,so2,µg/m³,,raw,01:00:00,2016-04-03T08:00:00Z,2016-04-03T05:00:00-03:00,2016-04-03T09:00:00Z,2016-04-03T06:00:00-03:00,1,01:00:00,1,01:00:00,100.0,100.0,2016-04-03T08:00:00Z,2016-04-03T05:00:00-03:00,2016-04-03T09:00:00Z,2016-04-03T06:00:00-03:00
0.0,,,False,6,so2,µg/m³,,raw,01:00:00,2016-04-03T09:00:00Z,2016-04-03T06:00:00-03:00,2016-04-03T10:00:00Z,2016-04-03T07:00:00-03:00,1,01:00:00,1,01:00:00,100.0,100.0,2016-04-03T09:00:00Z,2016-04-03T06:00:00-03:00,2016-04-03T10:00:00Z,2016-04-03T07:00:00-03:00
0.0,,,False,6,so2,µg/m³,,raw,01:00:00,2016-04-03T10:00:00Z,2016-04-03T07:00:00-03:00,2016-04-03T11:00:00Z,2016-04-03T08:00:00-03:00,1,01:00:00,1,01:00:00,100.0,100.0,2016-04-03T10:00:00Z,2016-04-03T07:00:00-03:00,2016-04-03T11:00:00Z,2016-04-03T08:00:00-03:00
0.0,,,False,6,so2,µg/m³,,raw,01:00:00,2016-04-03T11:00:00Z,2016-04-03T08:00:00-03:00,2016-04-03T12:00:00Z,2016-04-03T09:00:00-03:00,1,01:00:00,1,01:00:00,100.0,100.0,2016-04-03T11:00:00Z,2016-04-03T08:00:00-03:00,2016-04-03T12:00:00Z,2016-04-03T09:00:00-03:00
0.0,,,False,6,so2,µg/m³,,raw,01:00:00,2016-04-03T12:00:00Z,2016-04-03T09:00:00-03:00,2016-04-03T13:00:00Z,2016-04-03T10:00:00-03:00,1,01:00:00,1,01:00:00,100.0,100.0,2016-04-03T12:00:00Z,2016-04-03T09:00:00-03:00,2016-04-03T13:00:00Z,2016-04-03T10:00:00-03:00
0.0,,,False,6,so2,µg/m³,,raw,01:00:00,2016-04-03T13:00:00Z,2016-04-03T10:00:00-03:00,2016-04-03T14:00:00Z,2016-04-03T11:00:00-03:00,1,01:00:00,1,01:00:00,100.0,100.0,2016-04-03T13:00:00Z,2016-04-03T10:00:00-03:00,2016-04-03T14:00:00Z,2016-04-03T11:00:00-03:00
0.0,,,False,6,so2,µg/m³,,raw,01:00:00,2016-04-03T14:00:00Z,2016-04-03T11:00:00-03:00,2016-04-03T15:00:00Z,2016-04-03T12:00:00-03:00,1,01:00:00,1,01:00:00,100.0,100.0,2016-04-03T14:00:00Z,2016-04-03T11:00:00-03:00,2016-04-03T15:00:00Z,2016-04-03T12:00:00-03:00
0.0,,,False,6,so2,µg/m³,,raw,01:00:00,2016-04-03T15:00:00Z,2016-04-03T12:00:00-03:00,2016-04-03T16:00:00Z,2016-04-03T13:00:00-03:00,1,01:00:00,1,01:00:00,100.0,100.0,2016-04-03T15:00:00Z,2016-04-03T12:00:00-03:00,2016-04-03T16:00:00Z,2016-04-03T13:00:00-03:00
0.0,,,False,6,so2,µg/m³,,raw,01:00:00,2016-04-03T16:00:00Z,2016-04-03T13:00:00-03:00,2016-04-03T17:00:00Z,2016-04-03T14:00:00-03:00,1,01:00:00,1,01:00:00,100.0,100.0,2016-04-03T16:00:00Z,2016-04-03T13:00:00-03:00,2016-04-03T17:00:00Z,2016-04-03T14:00:00-03:00
0.0,,,False,6,so2,µg/m³,,raw,01:00:00,2016-04-03T17:00:00Z,2016-04-03T14:00:00-03:00,2016-04-03T18:00:00Z,2016-04-03T15:00:00-03:00,1,01:00:00,1,01:00:00,100.0,100.0,2016-04-03T17:00:00Z,2016-04-03T14:00:00-03:00,2016-04-03T18:00:00Z,2016-04-03T15:00:00-03:00
0.0,,,False,6,so2,µg/m³,,raw,01:00:00,2016-04-03T18:00:00Z,2016-04-03T15:00:00-03:00,2016-04-03T19:00:00Z,2016-04-03T16:00:00-03:00,1,01:00:00,1,01:00:00,100.0,100.0,2016-04-03T18:00:00Z,2016-04-03T15:00:00-03:00,2016-04-03T19:00:00Z,2016-04-03T16:00:00-03:00
0.0,,,False,6,so2,µg/m³,,raw,01:00:00,2016-04-03T19:00:00Z,2016-04-03T16:00:00-03:00,2016-04-03T20:00:00Z,2016-04-03T17:00:00-03:00,1,01:00:00,1,01:00:00,100.0,100.0,2016-04-03T19:00:00Z,2016-04-03T16:00:00-03:00,2016-04-03T20:00:00Z,2016-04-03T17:00:00-03:00
0.0,,,False,6,so2,µg/m³,,raw,01:00:00,2016-04-03T20:00:00Z,2016-04-03T17:00:00-03:00,2016-04-03T21:00:00Z,2016-04-03T18:00:00-03:00,1,01:00:00,1,01:00:00,100.0,100.0,2016-04-03T20:00:00Z,2016-04-03T17:00:00-03:00,2016-04-03T21:00:00Z,2016-04-03T18:00:00-03:00
0.0,,,False,6,so2,µg/m³,,raw,01:00:00,2016-04-03T21:00:00Z,2016-04-03T18:00:00-03:00,2016-04-03T22:00:00Z,2016-04-03T19:00:00-03:00,1,01:00:00,1,01:00:00,100.0,100.0,2016-04-03T21:00:00Z,2016-04-03T18:00:00-03:00,2016-04-03T22:00:00Z,2016-04-03T19:00:00-03:00
0.0,,,False,6,so2,µg/m³,,raw,01:00:00,2016-04-03T22:00:00Z,2016-04-03T19:00:00-03:00,2016-04-03T23:00:00Z,2016-04-03T20:00:00-03:00,1,01:00:00,1,01:00:00,100.0,100.0,2016-04-03T22:00:00Z,2016-04-03T19:00:00-03:00,2016-04-03T23:00:00Z,2016-04-03T20:00:00-03:00
0.0,,,False,6,so2,µg/m³,,raw,01:00:00,2016-04-03T23:00:00Z,2016-04-03T20:00:00-03:00,2016-04-04T00:00:00Z,2016-04-03T21:00:00-03:00,1,01:00:00,1,01:00:00,100.0,100.0,2016-04-03T23:00:00Z,2016-04-03T20:00:00-03:00,2016-04-04T00:00:00Z,2016-04-03T21:00:00-03:00
0.0,,,False,6,so2,µg/m³,,raw,01:00:00,2016-04-04T00:00:00Z,2016-04-03T21:00:00-03:00,2016-04-04T01:00:00Z,2016-04-03T22:00:00-03:00,1,01:00:00,1,01:00:00,100.0,100.0,2016-04-04T00:00:00Z,2016-04-03T21:00:00-03:00,2016-04-04T01:00:00Z,2016-04-03T22:00:00-03:00
0.0,,,False,6,so2,µg/m³,,raw,01:00:00,2016-04-04T01:00:00Z,2016-04-03T22:00:00-03:00,2016-04-04T02:00:00Z,2016-04-03T23:00:00-03:00,1,01:00:00,1,01:00:00,100.0,100.0,2016-04-04T01:00:00Z,2016-04-03T22:00:00-03:00,2016-04-04T02:00:00Z,2016-04-03T23:00:00-03:00
0.0,,,False,6,so2,µg/m³,,raw,01:00:00,2016-04-04T02:00:00Z,2016-04-03T23:00:00-03:00,2016-04-04T03:00:00Z,2016-04-04T00:00:00-03:00,1,01:00:00,1,01:00:00,100.0,100.0,2016-04-04T02:00:00Z,2016-04-03T23:00:00-03:00,2016-04-04T03:00:00Z,2016-04-04T00:00:00-03:00
0.0,,,False,6,so2,µg/m³,,raw,01:00:00,2016-04-04T03:00:00Z,2016-04-04T00:00:00-03:00,2016-04-04T04:00:00Z,2016-04-04T01:00:00-03:00,1,01:00:00,1,01:00:00,100.0,100.0,2016-04-04T03:00:00Z,2016-04-04T00:00:00-03:00,2016-04-04T04:00:00Z,2016-04-04T01:00:00-03:00
0.0,,,False,6,so2,µg/m³,,raw,01:00:00,2016-04-04T05:00:00Z,2016-04-04T02:00:00-03:00,2016-04-04T06:00:00Z,2016-04-04T03:00:00-03:00,1,01:00:00,1,01:00:00,100.0,100.0,2016-04-04T05:00:00Z,2016-04-04T02:00:00-03:00,2016-04-04T06:00:00Z,2016-04-04T03:00:00-03:00
0.0,,,False,6,so2,µg/m³,,raw,01:00:00,2016-04-04T06:00:00Z,2016-04-04T03:00:00-03:00,2016-04-04T07:00:00Z,2016-04-04T04:00:00-03:00,1,01:00:00,1,01:00:00,100.0,100.0,2016-04-04T06:00:00Z,2016-04-04T03:00:00-03:00,2016-04-04T07:00:00Z,2016-04-04T04:00:00-03:00
0.0,,,False,6,so2,µg/m³,,raw,01:00:00,2016-04-04T07:00:00Z,2016-04-04T04:00:00-03:00,2016-04-04T08:00:00Z,2016-04-04T05:00:00-03:00,1,01:00:00,1,01:00:00,100.0,100.0,2016-04-04T07:00:00Z,2016-04-04T04:00:00-03:00,2016-04-04T08:00:00Z,2016-04-04T05:00:00-03:00
0.0,,,False,6,so2,µg/m³,,raw,01:00:00,2016-04-04T08:00:00Z,2016-04-04T05:00:00-03:00,2016-04-04T09:00:00Z,2016-04-04T06:00:00-03:00,1,01:00:00,1,01:00:00,100.0,100.0,2016-04-04T08:00:00Z,2016-04-04T05:00:00-03:00,2016-04-04T09:00:00Z,2016-04-04T06:00:00-03:00
0.0,,,False,6,so2,µg/m³,,raw,01:00:00,2016-04-04T09:00:00Z,2016-04-04T06:00:00-03:00,2016-04-04T10:00:00Z,2016-04-04T07:00:00-03:00,1,01:00:00,1,01:00:00,100.0,100.0,2016-04-04T09:00:00Z,2016-04-04T06:00:00-03:00,2016-04-04T10:00:00Z,2016-04-04T07:00:00-03:00
0.0,,,False,6,so2,µg/m³,,raw,01:00:00,2016-04-04T10:00:00Z,2016-04-04T07:00:00-03:00,2016-04-04T11:00:00Z,2016-04-04T08:00:00-03:00,1,01:00:00,1,01:00:00,100.0,100.0,2016-04-04T10:00:00Z,2016-04-04T07:00:00-03:00,2016-04-04T11:00:00Z,2016-04-04T08:00:00-03:00
0.0,,,False,6,so2,µg/m³,,raw,01:00:00,2016-04-04T11:00:00Z,2016-04-04T08:00:00-03:00,2016-04-04T12:00:00Z,2016-04-04T09:00:00-03:00,1,01:00:00,1,01:00:00,100.0,100.0,2016-04-04T11:00:00Z,2016-04-04T08:00:00-03:00,2016-04-04T12:00:00Z,2016-04-04T09:00:00-03:00
0.0,,,False,6,so2,µg/m³,,raw,01:00:00,2016-04-04T12:00:00Z,2016-04-04T09:00:00-03:00,2016-04-04T13:00:00Z,2016-04-04T10:00:00-03:00,1,01:00:00,1,01:00:00,100.0,100.0,2016-04-04T12:00:00Z,2016-04-04T09:00:00-03:00,2016-04-04T13:00:00Z,2016-04-04T10:00:00-03:00
0.0,,,False,6,so2,µg/m³,,raw,01:00:00,2016-04-04T13:00:00Z,2016-04-04T10:00:00-03:00,2016-04-04T14:00:00Z,2016-04-04T11:00:00-03:00,1,01:00:00,1,01:00:00,100.0,100.0,2016-04-04T13:00:00Z,2016-04-04T10:00:00-03:00,2016-04-04T14:00:00Z,2016-04-04T11:00:00-03:00
0.0,,,False,6,so2,µg/m³,,raw,01:00:00,2016-04-04T14:00:00Z,2016-04-04T11:00:00-03:00,2016-04-04T15:00:00Z,2016-04-04T12:00:00-03:00,1,01:00:00,1,01:00:00,100.0,100.0,2016-04-04T14:00:00Z,2016-04-04T11:00:00-03:00,2016-04-04T15:00:00Z,2016-04-04T12:00:00-03:00
0.0,,,False,6,so2,µg/m³,,raw,01:00:00,2016-04-04T15:00:00Z,2016-04-04T12:00:00-03:00,2016-04-04T16:00:00Z,2016-04-04T13:00:00-03:00,1,01:00:00,1,01:00:00,100.0,100.0,2016-04-04T15:00:00Z,2016-04-04T12:00:00-03:00,2016-04-04T16:00:00Z,2016-04-04T13:00:00-03:00
0.0,,,False,6,so2,µg/m³,,raw,01:00:00,2016-04-04T16:00:00Z,2016-04-04T13:00:00-03:00,2016-04-04T17:00:00Z,2016-04-04T14:00:00-03:00,1,01:00:00,1,01:00:00,100.0,100.0,2016-04-04T16:00:00Z,2016-04-04T13:00:00-03:00,2016-04-04T17:00:00Z,2016-04-04T14:00:00-03:00
0.0,,,False,6,so2,µg/m³,,raw,01:00:00,2016-04-04T17:00:00Z,2016-04-04T14:00:00-03:00,2016-04-04T18:00:00Z,2016-04-04T15:00:00-03:00,1,01:00:00,1,01:00:00,100.0,100.0,2016-04-04T17:00:00Z,2016-04-04T14:00:00-03:00,2016-04-04T18:00:00Z,2016-04-04T15:00:00-03:00
0.0,,,False,6,so2,µg/m³,,raw,01:00:00,2016-04-04T18:00:00Z,2016-04-04T15:00:00-03:00,2016-04-04T19:00:00Z,2016-04-04T16:00:00-03:00,1,01:00:00,1,01:00:00,100.0,100.0,2016-04-04T18:00:00Z,2016-04-04T15:00:00-03:00,2016-04-04T19:00:00Z,2016-04-04T16:00:00-03:00
0.0,,,False,6,so2,µg/m³,,raw,01:00:00,2016-04-04T19:00:00Z,2016-04-04T16:00:00-03:00,2016-04-04T20:00:00Z,2016-04-04T17:00:00-03:00,1,01:00:00,1,01:00:00,100.0,100.0,2016-04-04T19:00:00Z,2016-04-04T16:00:00-03:00,2016-04-04T20:00:00Z,2016-04-04T17:00:00-03:00
0.0,,,False,6,so2,µg/m³,,raw,01:00:00,2016-04-04T20:00:00Z,2016-04-04T17:00:00-03:00,2016-04-04T21:00:00Z,2016-04-04T18:00:00-03:00,1,01:00:00,1,01:00:00,100.0,100.0,2016-04-04T20:00:00Z,2016-04-04T17:00:00-03:00,2016-04-04T21:00:00Z,2016-04-04T18:00:00-03:00
0.0,,,False,6,so2,µg/m³,,raw,01:00:00,2016-04-04T21:00:00Z,2016-04-04T18:00:00-03:00,2016-04-04T22:00:00Z,2016-04-04T19:00:00-03:00,1,01:00:00,1,01:00:00,100.0,100.0,2016-04-04T21:00:00Z,2016-04-04T18:00:00-03:00,2016-04-04T22:00:00Z,2016-04-04T19:00:00-03:00
0.0,,,False,6,so2,µg/m³,,raw,01:00:00,2016-04-04T22:00:00Z,2016-04-04T19:00:00-03:00,2016-04-04T23:00:00Z,2016-04-04T20:00:00-03:00,1,01:00:00,1,01:00:00,100.0,100.0,2016-04-04T22:00:00Z,2016-04-04T19:00:00-03:00,2016-04-04T23:00:00Z,2016-04-04T20:00:00-03:00
0.0,,,False,6,so2,µg/m³,,raw,01:00:00,2016-04-04T23:00:00Z,2016-04-04T20:00:00-03:00,2016-04-05T00:00:00Z,2016-04-04T21:00:00-03:00,1,01:00:00,1,01:00:00,100.0,100.0,2016-04-04T23:00:00Z,2016-04-04T20:00:00-03:00,2016-04-05T00:00:00Z,2016-04-04T21:00:00-03:00
0.0,,,False,6,so2,µg/m³,,raw,01:00:00,2016-04-05T00:00:00Z,2016-04-04T21:00:00-03:00,2016-04-05T01:00:00Z,2016-04-04T22:00:00-03:00,1,01:00:00,1,01:00:00,100.0,100.0,2016-04-05T00:00:00Z,2016-04-04T21:00:00-03:00,2016-04-05T01:00:00Z,2016-04-04T22:00:00-03:00
0.0,,,False,6,so2,µg/m³,,raw,01:00:00,2016-04-05T01:00:00Z,2016-04-04T22:00:00-03:00,2016-04-05T02:00:00Z,2016-04-04T23:00:00-03:00,1,01:00:00,1,01:00:00,100.0,100.0,2016-04-05T01:00:00Z,2016-04-04T22:00:00-03:00,2016-04-05T02:00:00Z,2016-04-04T23:00:00-03:00
0.0,,,False,6,so2,µg/m³,,raw,01:00:00,2016-04-05T02:00:00Z,2016-04-04T23:00:00-03:00,2016-04-05T03:00:00Z,2016-04-05T00:00:00-03:00,1,01:00:00,1,01:00:00,100.0,100.0,2016-04-05T02:00:00Z,2016-04-04T23:00:00-03:00,2016-04-05T03:00:00Z,2016-04-05T00:00:00-03:00
0.0,,,False,6,so2,µg/m³,,raw,01:00:00,2016-04-05T03:00:00Z,2016-04-05T00:00:00-03:00,2016-04-05T04:00:00Z,2016-04-05T01:00:00-03:00,1,01:00:00,1,01:00:00,100.0,100.0,2016-04-05T03:00:00Z,2016-04-05T00:00:00-03:00,2016-04-05T04:00:00Z,2016-04-05T01:00:00-03:00
0.0,,,False,6,so2,µg/m³,,raw,01:00:00,2016-04-06T15:00:00Z,2016-04-06T12:00:00-03:00,2016-04-06T16:00:00Z,2016-04-06T13:00:00-03:00,1,01:00:00,1,01:00:00,100.0,100.0,2016-04-06T15:00:00Z,2016-04-06T12:00:00-03:00,2016-04-06T16:00:00Z,2016-04-06T13:00:00-03:00
0.0,,,False,6,so2,µg/m³,,raw,01:00:00,2016-04-06T16:00:00Z,2016-04-06T13:00:00-03:00,2016-04-06T17:00:00Z,2016-04-06T14:00:00-03:00,1,01:00:00,1,01:00:00,100.0,100.0,2016-04-06T16:00:00Z,2016-04-06T13:00:00-03:00,2016-04-06T17:00:00Z,2016-04-06T14:00:00-03:00
0.0,,,False,6,so2,µg/m³,,raw,01:00:00,2016-04-06T17:00:00Z,2016-04-06T14:00:00-03:00,2016-04-06T18:00:00Z,2016-04-06T15:00:00-03:00,1,01:00:00,1,01:00:00,100.0,100.0,2016-04-06T17:00:00Z,2016-04-06T14:00:00-03:00,2016-04-06T18:00:00Z,2016-04-06T15:00:00-03:00
0.0,,,False,6,so2,µg/m³,,raw,01:00:00,2016-04-06T18:00:00Z,2016-04-06T15:00:00-03:00,2016-04-06T19:00:00Z,2016-04-06T16:00:00-03:00,1,01:00:00,1,01:00:00,100.0,100.0,2016-04-06T18:00:00Z,2016-04-06T15:00:00-03:00,2016-04-06T19:00:00Z,2016-04-06T16:00:00-03:00
0.0,,,False,6,so2,µg/m³,,raw,01:00:00,2016-04-06T19:00:00Z,2016-04-06T16:00:00-03:00,2016-04-06T20:00:00Z,2016-04-06T17:00:00-03:00,1,01:00:00,1,01:00:00,100.0,100.0,2016-04-06T19:00:00Z,2016-04-06T16:00:00-03:00,2016-04-06T20:00:00Z,2016-04-06T17:00:00-03:00
0.0,,,False,6,so2,µg/m³,,raw,01:00:00,2016-04-06T20:00:00Z,2016-04-06T17:00:00-03:00,2016-04-06T21:00:00Z,2016-04-06T18:00:00-03:00,1,01:00:00,1,01:00:00,100.0,100.0,2016-04-06T20:00:00Z,2016-04-06T17:00:00-03:00,2016-04-06T21:00:00Z,2016-04-06T18:00:00-03:00
0.0,,,False,6,so2,µg/m³,,raw,01:00:00,2016-04-06T21:00:00Z,2016-04-06T18:00:00-03:00,2016-04-06T22:00:00Z,2016-04-06T19:00:00-03:00,1,01:00:00,1,01:00:00,100.0,100.0,2016-04-06T21:00:00Z,2016-04-06T18:00:00-03:00,2016-04-06T22:00:00Z,2016-04-06T19:00:00-03:00
0.0,,,False,6,so2,µg/m³,,raw,01:00:00,2016-04-07T01:00:00Z,2016-04-06T22:00:00-03:00,2016-04-07T02:00:00Z,2016-04-06T23:00:00-03:00,1,01:00:00,1,01:00:00,100.0,100.0,2016-04-07T01:00:00Z,2016-04-06T22:00:00-03:00,2016-04-07T02:00:00Z,2016-04-06T23:00:00-03:00
0.0,,,False,6,so2,µg/m³,,raw,01:00:00,2016-04-07T02:00:00Z,2016-04-06T23:00:00-03:00,2016-04-07T03:00:00Z,2016-04-07T00:00:00-03:00,1,01:00:00,1,01:00:00,100.0,100.0,2016-04-07T02:00:00Z,2016-04-06T23:00:00-03:00,2016-04-07T03:00:00Z,2016-04-07T00:00:00-03:00
0.0,,,False,6,so2,µg/m³,,raw,01:00:00,2016-04-07T03:00:00Z,2016-04-07T00:00:00-03:00,2016-04-07T04:00:00Z,2016-04-07T01:00:00-03:00,1,01:00:00,1,01:00:00,100.0,100.0,2016-04-07T03:00:00Z,2016-04-07T00:00:00-03:00,2016-04-07T04:00:00Z,2016-04-07T01:00:00-03:00
0.0,,,False,6,so2,µg/m³,,raw,01:00:00,2016-04-07T05:00:00Z,2016-04-07T02:00:00-03:00,2016-04-07T06:00:00Z,2016-04-07T03:00:00-03:00,1,01:00:00,1,01:00:00,100.0,100.0,2016-04-07T05:00:00Z,2016-04-07T02:00:00-03:00,2016-04-07T06:00:00Z,2016-04-07T03:00:00-03:00
0.0,,,False,6,so2,µg/m³,,raw,01:00:00,2016-04-07T06:00:00Z,2016-04-07T03:00:00-03:00,2016-04-07T07:00:00Z,2016-04-07T04:00:00-03:00,1,01:00:00,1,01:00:00,100.0,100.0,2016-04-07T06:00:00Z,2016-04-07T03:00:00-03:00,2016-04-07T07:00:00Z,2016-04-07T04:00:00-03:00
0.0,,,False,6,so2,µg/m³,,raw,01:00:00,2016-04-07T07:00:00Z,2016-04-07T04:00:00-03:00,2016-04-07T08:00:00Z,2016-04-07T05:00:00-03:00,1,01:00:00,1,01:00:00,100.0,100.0,2016-04-07T07:00:00Z,2016-04-07T04:00:00-03:00,2016-04-07T08:00:00Z,2016-04-07T05:00:00-03:00
0.0,,,False,6,so2,µg/m³,,raw,01:00:00,2016-04-07T08:00:00Z,2016-04-07T05:00:00-03:00,2016-04-07T09:00:00Z,2016-04-07T06:00:00-03:00,1,01:00:00,1,01:00:00,100.0,100.0,2016-04-07T08:00:00Z,2016-04-07T05:00:00-03:00,2016-04-07T09:00:00Z,2016-04-07T06:00:00-03:00
0.0,,,False,6,so2,µg/m³,,raw,01:00:00,2016-04-07T09:00:00Z,2016-04-07T06:00:00-03:00,2016-04-07T10:00:00Z,2016-04-07T07:00:00-03:00,1,01:00:00,1,01:00:00,100.0,100.0,2016-04-07T09:00:00Z,2016-04-07T06:00:00-03:00,2016-04-07T10:00:00Z,2016-04-07T07:00:00-03:00
0.0,,,False,6,so2,µg/m³,,raw,01:00:00,2016-04-07T10:00:00Z,2016-04-07T07:00:00-03:00,2016-04-07T11:00:00Z,2016-04-07T08:00:00-03:00,1,01:00:00,1,01:00:00,100.0,100.0,2016-04-07T10:00:00Z,2016-04-07T07:00:00-03:00,2016-04-07T11:00:00Z,2016-04-07T08:00:00-03:00
0.0,,,False,6,so2,µg/m³,,raw,01:00:00,2016-04-07T11:00:00Z,2016-04-07T08:00:00-03:00,2016-04-07T12:00:00Z,2016-04-07T09:00:00-03:00,1,01:00:00,1,01:00:00,100.0,100.0,2016-04-07T11:00:00Z,2016-04-07T08:00:00-03:00,2016-04-07T12:00:00Z,2016-04-07T09:00:00-03:00
0.0,,,False,6,so2,µg/m³,,raw,01:00:00,2016-04-07T12:00:00Z,2016-04-07T09:00:00-03:00,2016-04-07T13:00:00Z,2016-04-07T10:00:00-03:00,1,01:00:00,1,01:00:00,100.0,100.0,2016-04-07T12:00:00Z,2016-04-07T09:00:00-03:00,2016-04-07T13:00:00Z,2016-04-07T10:00:00-03:00
0.0,,,False,6,so2,µg/m³,,raw,01:00:00,2016-04-07T13:00:00Z,2016-04-07T10:00:00-03:00,2016-04-07T14:00:00Z,2016-04-07T11:00:00-03:00,1,01:00:00,1,01:00:00,100.0,100.0,2016-04-07T13:00:00Z,2016-04-07T10:00:00-03:00,2016-04-07T14:00:00Z,2016-04-07T11:00:00-03:00
0.0,,,False,6,so2,µg/m³,,raw,01:00:00,2016-04-07T14:00:00Z,2016-04-07T11:00:00-03:00,2016-04-07T15:00:00Z,2016-04-07T12:00:00-03:00,1,01:00:00,1,01:00:00,100.0,100.0,2016-04-07T14:00:00Z,2016-04-07T11:00:00-03:00,2016-04-07T15:00:00Z,2016-04-07T12:00:00-03:00
0.0,,,False,6,so2,µg/m³,,raw,01:00:00,2016-04-07T15:00:00Z,2016-04-07T12:00:00-03:00,2016-04-07T16:00:00Z,2016-04-07T13:00:00-03:00,1,01:00:00,1,01:00:00,100.0,100.0,2016-04-07T15:00:00Z,2016-04-07T12:00:00-03:00,2016-04-07T16:00:00Z,2016-04-07T13:00:00-03:00
0.0,,,False,6,so2,µg/m³,,raw,01:00:00,2016-04-07T16:00:00Z,2016-04-07T13:00:00-03:00,2016-04-07T17:00:00Z,2016-04-07T14:00:00-03:00,1,01:00:00,1,01:00:00,100.0,100.0,2016-04-07T16:00:00Z,2016-04-07T13:00:00-03:00,2016-04-07T17:00:00Z,2016-04-07T14:00:00-03:00
0.0,,,False,6,so2,µg/m³,,raw,01:00:00,2016-04-07T17:00:00Z,2016-04-07T14:00:00-03:00,2016-04-07T18:00:00Z,2016-04-07T15:00:00-03:00,1,01:00:00,1,01:00:00,100.0,100.0,2016-04-07T17:00:00Z,2016-04-07T14:00:00-03:00,2016-04-07T18:00:00Z,2016-04-07T15:00:00-03:00
0.0,,,False,6,so2,µg/m³,,raw,01:00:00,2016-04-07T18:00:00Z,2016-04-07T15:00:00-03:00,2016-04-07T19:00:00Z,2016-04-07T16:00:00-03:00,1,01:00:00,1,01:00:00,100.0,100.0,2016-04-07T18:00:00Z,2016-04-07T15:00:00-03:00,2016-04-07T19:00:00Z,2016-04-07T16:00:00-03:00
0.0,,,False,6,so2,µg/m³,,raw,01:00:00,2016-04-07T19:00:00Z,2016-04-07T16:00:00-03:00,2016-04-07T20:00:00Z,2016-04-07T17:00:00-03:00,1,01:00:00,1,01:00:00,100.0,100.0,2016-04-07T19:00:00Z,2016-04-07T16:00:00-03:00,2016-04-07T20:00:00Z,2016-04-07T17:00:00-03:00
0.0,,,False,6,so2,µg/m³,,raw,01:00:00,2016-04-07T20:00:00Z,2016-04-07T17:00:00-03:00,2016-04-07T21:00:00Z,2016-04-07T18:00:00-03:00,1,01:00:00,1,01:00:00,100.0,100.0,2016-04-07T20:00:00Z,2016-04-07T17:00:00-03:00,2016-04-07T21:00:00Z,2016-04-07T18:00:00-03:00
0.0,,,False,6,so2,µg/m³,,raw,01:00:00,2016-04-07T21:00:00Z,2016-04-07T18:00:00-03:00,2016-04-07T22:00:00Z,2016-04-07T19:00:00-03:00,1,01:00:00,1,01:00:00,100.0,100.0,2016-04-07T21:00:00Z,2016-04-07T18:00:00-03:00,2016-04-07T22:00:00Z,2016-04-07T19:00:00-03:00
0.0,,,False,6,so2,µg/m³,,raw,01:00:00,2016-04-07T22:00:00Z,2016-04-07T19:00:00-03:00,2016-04-07T23:00:00Z,2016-04-07T20:00:00-03:00,1,01:00:00,1,01:00:00,100.0,100.0,2016-04-07T22:00:00Z,2016-04-07T19:00:00-03:00,2016-04-07T23:00:00Z,2016-04-07T20:00:00-03:00
0.0,,,False,6,so2,µg/m³,,raw,01:00:00,2016-04-07T23:00:00Z,2016-04-07T20:00:00-03:00,2016-04-08T00:00:00Z,2016-04-07T21:00:00-03:00,1,01:00:00,1,01:00:00,100.0,100.0,2016-04-07T23:00:00Z,2016-04-07T20:00:00-03:00,2016-04-08T00:00:00Z,2016-04-07T21:00:00-03:00
0.0,,,False,6,so2,µg/m³,,raw,01:00:00,2016-04-08T00:00:00Z,2016-04-07T21:00:00-03:00,2016-04-08T01:00:00Z,2016-04-07T22:00:00-03:00,1,01:00:00,1,01:00:00,100.0,100.0,2016-04-08T00:00:00Z,2016-04-07T21:00:00-03:00,2016-04-08T01:00:00Z,2016-04-07T22:00:00-03:00
0.0,,,False,6,so2,µg/m³,,raw,01:00:00,2016-04-08T01:00:00Z,2016-04-07T22:00:00-03:00,2016-04-08T02:00:00Z,2016-04-07T23:00:00-03:00,1,01:00:00,1,01:00:00,100.0,100.0,2016-04-08T01:00:00Z,2016-04-07T22:00:00-03:00,2016-04-08T02:00:00Z,2016-04-07T23:00:00-03:00
0.0,,,False,6,so2,µg/m³,,raw,01:00:00,2016-04-08T02:00:00Z,2016-04-07T23:00:00-03:00,2016-04-08T03:00:00Z,2016-04-08T00:00:00-03:00,1,01:00:00,1,01:00:00,100.0,100.0,2016-04-08T02:00:00Z,2016-04-07T23:00:00-03:00,2016-04-08T03:00:00Z,2016-04-08T00:00:00-03:00
2.8,,,False,6,so2,µg/m³,,raw,01:00:00,2017-01-30T13:00:00Z,2017-01-30T10:00:00-03:00,2017-01-30T14:00:00Z,2017-01-30T11:00:00-03:00,1,01:00:00,1,01:00:00,100.0,100.0,2017-01-30T13:00:00Z,2017-01-30T10:00:00-03:00,2017-01-30T14:00:00Z,2017-01-30T11:00:00-03:00
3.04,,,False,6,so2,µg/m³,,raw,01:00:00,2017-01-30T14:00:00Z,2017-01-30T11:00:00-03:00,2017-01-30T15:00:00Z,2017-01-30T12:00:00-03:00,1,01:00:00,1,01:00:00,100.0,100.0,2017-01-30T14:00:00Z,2017-01-30T11:00:00-03:00,2017-01-30T15:00:00Z,2017-01-30T12:00:00-03:00
2.74,,,False,6,so2,µg/m³,,raw,01:00:00,2017-08-28T20:00:00Z,2017-08-28T17:00:00-03:00,2017-08-28T21:00:00Z,2017-08-28T18:00:00-03:00,1,01:00:00,1,01:00:00,100.0,100.0,2017-08-28T20:00:00Z,2017-08-28T17:00:00-03:00,2017-08-28T21:00:00Z,2017-08-28T18:00:00-03:00
2.54,,,False,6,so2,µg/m³,,raw,01:00:00,2017-08-28T21:00:00Z,2017-08-28T18:00:00-03:00,2017-08-28T22:00:00Z,2017-08-28T19:00:00-03:00,1,01:00:00,1,01:00:00,100.0,100.0,2017-08-28T21:00:00Z,2017-08-28T18:00:00-03:00,2017-08-28T22:00:00Z,2017-08-28T19:00:00-03:00
2.39,,,False,6,so2,µg/m³,,raw,01:00:00,2017-08-28T22:00:00Z,2017-08-28T19:00:00-03:00,2017-08-28T23:00:00Z,2017-08-28T20:00:00-03:00,1,01:00:00,1,01:00:00,100.0,100.0,2017-08-28T22:00:00Z,2017-08-28T19:00:00-03:00,2017-08-28T23:00:00Z,2017-08-28T20:00:00-03:00
2.45,,,False,6,so2,µg/m³,,raw,01:00:00,2017-08-28T23:00:00Z,2017-08-28T20:00:00-03:00,2017-08-29T00:00:00Z,2017-08-28T21:00:00-03:00,1,01:00:00,1,01:00:00,100.0,100.0,2017-08-28T23:00:00Z,2017-08-28T20:00:00-03:00,2017-08-29T00:00:00Z,2017-08-28T21:00:00-03:00
2.04,,,False,6,so2,µg/m³,,raw,01:00:00,2017-08-29T00:00:00Z,2017-08-28T21:00:00-03:00,2017-08-29T01:00:00Z,2017-08-28T22:00:00-03:00,1,01:00:00,1,01:00:00,100.0,100.0,2017-08-29T00:00:00Z,2017-08-28T21:00:00-03:00,2017-08-29T01:00:00Z,2017-08-28T22:00:00-03:00
2.0,,,False,6,so2,µg/m³,,raw,01:00:00,2017-08-29T02:00:00Z,2017-08-28T23:00:00-03:00,2017-08-29T03:00:00Z,2017-08-29T00:00:00-03:00,1,01:00:00,1,01:00:00,100.0,100.0,2017-08-29T02:00:00Z,2017-08-28T23:00:00-03:00,2017-08-29T03:00:00Z,2017-08-29T00:00:00-03:00
2.11,,,False,6,so2,µg/m³,,raw,01:00:00,2017-08-29T03:00:00Z,2017-08-29T00:00:00-03:00,2017-08-29T04:00:00Z,2017-08-29T01:00:00-03:00,1,01:00:00,1,01:00:00,100.0,100.0,2017-08-29T03:00:00Z,2017-08-29T00:00:00-03:00,2017-08-29T04:00:00Z,2017-08-29T01:00:00-03:00
1.97,,,False,6,so2,µg/m³,,raw,01:00:00,2017-08-29T04:00:00Z,2017-08-29T01:00:00-03:00,2017-08-29T05:00:00Z,2017-08-29T02:00:00-03:00,1,01:00:00,1,01:00:00,100.0,100.0,2017-08-29T04:00:00Z,2017-08-29T01:00:00-03:00,2017-08-29T05:00:00Z,2017-08-29T02:00:00-03:00
2.13,,,False,6,so2,µg/m³,,raw,01:00:00,2017-08-29T05:00:00Z,2017-08-29T02:00:00-03:00,2017-08-29T06:00:00Z,2017-08-29T03:00:00-03:00,1,01:00:00,1,01:00:00,100.0,100.0,2017-08-29T05:00:00Z,2017-08-29T02:00:00-03:00,2017-08-29T06:00:00Z,2017-08-29T03:00:00-03:00
2.32,,,False,6,so2,µg/m³,,raw,01:00:00,2017-08-29T06:00:00Z,2017-08-29T03:00:00-03:00,2017-08-29T07:00:00Z,2017-08-29T04:00:00-03:00,1,01:00:00,1,01:00:00,100.0,100.0,2017-08-29T06:00:00Z,2017-08-29T03:00:00-03:00,2017-08-29T07:00:00Z,2017-08-29T04:00:00-03:00
2.38,,,False,6,so2,µg/m³,,raw,01:00:00,2017-08-29T07:00:00Z,2017-08-29T04:00:00-03:00,2017-08-29T08:00:00Z,2017-08-29T05:00:00-03:00,1,01:00:00,1,01:00:00,100.0,100.0,2017-08-29T07:00:00Z,2017-08-29T04:00:00-03:00,2017-08-29T08:00:00Z,2017-08-29T05:00:00-03:00
2.21,,,False,6,so2,µg/m³,,raw,01:00:00,2017-08-29T08:00:00Z,2017-08-29T05:00:00-03:00,2017-08-29T09:00:00Z,2017-08-29T06:00:00-03:00,1,01:00:00,1,01:00:00,100.0,100.0,2017-08-29T08:00:00Z,2017-08-29T05:00:00-03:00,2017-08-29T09:00:00Z,2017-08-29T06:00:00-03:00
2.42,,,False,6,so2,µg/m³,,raw,01:00:00,2017-08-29T09:00:00Z,2017-08-29T06:00:00-03:00,2017-08-29T10:00:00Z,2017-08-29T07:00:00-03:00,1,01:00:00,1,01:00:00,100.0,100.0,2017-08-29T09:00:00Z,2017-08-29T06:00:00-03:00,2017-08-29T10:00:00Z,2017-08-29T07:00:00-03:00
2.44,,,False,6,so2,µg/m³,,raw,01:00:00,2017-08-29T10:00:00Z,2017-08-29T07:00:00-03:00,2017-08-29T11:00:00Z,2017-08-29T08:00:00-03:00,1,01:00:00,1,01:00:00,100.0,100.0,2017-08-29T10:00:00Z,2017-08-29T07:00:00-03:00,2017-08-29T11:00:00Z,2017-08-29T08:00:00-03:00
2.79,,,False,6,so2,µg/m³,,raw,01:00:00,2017-08-29T11:00:00Z,2017-08-29T08:00:00-03:00,2017-08-29T12:00:00Z,2017-08-29T09:00:00-03:00,1,01:00:00,1,01:00:00,100.0,100.0,2017-08-29T11:00:00Z,2017-08-29T08:00:00-03:00,2017-08-29T12:00:00Z,2017-08-29T09:00:00-03:00
3.2,,,False,6,so2,µg/m³,,raw,01:00:00,2017-08-29T12:00:00Z,2017-08-29T09:00:00-03:00,2017-08-29T13:00:00Z,2017-08-29T10:00:00-03:00,1,01:00:00,1,01:00:00,100.0,100.0,2017-08-29T12:00:00Z,2017-08-29T09:00:00-03:00,2017-08-29T13:00:00Z,2017-08-29T10:00:00-03:00
3.01,,,False,6,so2,µg/m³,,raw,01:00:00,2017-08-29T13:00:00Z,2017-08-29T10:00:00-03:00,2017-08-29T14:00:00Z,2017-08-29T11:00:00-03:00,1,01:00:00,1,01:00:00,100.0,100.0,2017-08-29T13:00:00Z,2017-08-29T10:00:00-03:00,2017-08-29T14:00:00Z,2017-08-29T11:00:00-03:00
3.27,,,False,6,so2,µg/m³,,raw,01:00:00,2017-08-29T14:00:00Z,2017-08-29T11:00:00-03:00,2017-08-29T15:00:00Z,2017-08-29T12:00:00-03:00,1,01:00:00,1,01:00:00,100.0,100.0,2017-08-29T14:00:00Z,2017-08-29T11:00:00-03:00,2017-08-29T15:00:00Z,2017-08-29T12:00:00-03:00
4.04,,,False,6,so2,µg/m³,,raw,01:00:00,2017-08-29T15:00:00Z,2017-08-29T12:00:00-03:00,2017-08-29T16:00:00Z,2017-08-29T13:00:00-03:00,1,01:00:00,1,01:00:00,100.0,100.0,2017-08-29T15:00:00Z,2017-08-29T12:00:00-03:00,2017-08-29T16:00:00Z,2017-08-29T13:00:00-03:00
3.55,,,False,6,so2,µg/m³,,raw,01:00:00,2017-08-29T17:00:00Z,2017-08-29T14:00:00-03:00,2017-08-29T18:00:00Z,2017-08-29T15:00:00-03:00,1,01:00:00,1,01:00:00,100.0,100.0,2017-08-29T17:00:00Z,2017-08-29T14:00:00-03:00,2017-08-29T18:00:00Z,2017-08-29T15:00:00-03:00
3.56,,,False,6,so2,µg/m³,,raw,01:00:00,2017-08-29T18:00:00Z,2017-08-29T15:00:00-03:00,2017-08-29T19:00:00Z,2017-08-29T16:00:00-03:00,1,01:00:00,1,01:00:00,100.0,100.0,2017-08-29T18:00:00Z,2017-08-29T15:00:00-03:00,2017-08-29T19:00:00Z,2017-08-29T16:00:00-03:00
3.56,,,False,6,so2,µg/m³,,raw,01:00:00,2017-08-29T19:00:00Z,2017-08-29T16:00:00-03:00,2017-08-29T20:00:00Z,2017-08-29T17:00:00-03:00,1,01:00:00,1,01:00:00,100.0,100.0,2017-08-29T19:00:00Z,2017-08-29T16:00:00-03:00,2017-08-29T20:00:00Z,2017-08-29T17:00:00-03:00
2.91,,,False,6,so2,µg/m³,,raw,01:00:00,2017-08-29T20:00:00Z,2017-08-29T17:00:00-03:00,2017-08-29T21:00:00Z,2017-08-29T18:00:00-03:00,1,01:00:00,1,01:00:00,100.0,100.0,2017-08-29T20:00:00Z,2017-08-29T17:00:00-03:00,2017-08-29T21:00:00Z,2017-08-29T18:00:00-03:00
2.56,,,False,6,so2,µg/m³,,raw,01:00:00,2017-08-29T21:00:00Z,2017-08-29T18:00:00-03:00,2017-08-29T22:00:00Z,2017-08-29T19:00:00-03:00,1,01:00:00,1,01:00:00,100.0,100.0,2017-08-29T21:00:00Z,2017-08-29T18:00:00-03:00,2017-08-29T22:00:00Z,2017-08-29T19:00:00-03:00
2.45,,,False,6,so2,µg/m³,,raw,01:00:00,2017-08-29T22:00:00Z,2017-08-29T19:00:00-03:00,2017-08-29T23:00:00Z,2017-08-29T20:00:00-03:00,1,01:00:00,1,01:00:00,100.0,100.0,2017-08-29T22:00:00Z,2017-08-29T19:00:00-03:00,2017-08-29T23:00:00Z,2017-08-29T20:00:00-03:00
2.51,,,False,6,so2,µg/m³,,raw,01:00:00,2017-08-29T23:00:00Z,2017-08-29T20:00:00-03:00,2017-08-30T00:00:00Z,2017-08-29T21:00:00-03:00,1,01:00:00,1,01:00:00,100.0,100.0,2017-08-29T23:00:00Z,2017-08-29T20:00:00-03:00,2017-08-30T00:00:00Z,2017-08-29T21:00:00-03:00
2.35,,,False,6,so2,µg/m³,,raw,01:00:00,2017-08-30T00:00:00Z,2017-08-29T21:00:00-03:00,2017-08-30T01:00:00Z,2017-08-29T22:00:00-03:00,1,01:00:00,1,01:00:00,100.0,100.0,2017-08-30T00:00:00Z,2017-08-29T21:00:00-03:00,2017-08-30T01:00:00Z,2017-08-29T22:00:00-03:00
2.34,,,False,6,so2,µg/m³,,raw,01:00:00,2017-08-30T01:00:00Z,2017-08-29T22:00:00-03:00,2017-08-30T02:00:00Z,2017-08-29T23:00:00-03:00,1,01:00:00,1,01:00:00,100.0,100.0,2017-08-30T01:00:00Z,2017-08-29T22:00:00-03:00,2017-08-30T02:00:00Z,2017-08-29T23:00:00-03:00
2.56,,,False,6,so2,µg/m³,,raw,01:00:00,2017-08-30T02:00:00Z,2017-08-29T23:00:00-03:00,2017-08-30T03:00:00Z,2017-08-30T00:00:00-03:00,1,01:00:00,1,01:00:00,100.0,100.0,2017-08-30T02:00:00Z,2017-08-29T23:00:00-03:00,2017-08-30T03:00:00Z,2017-08-30T00:00:00-03:00
2.59,,,False,6,so2,µg/m³,,raw,01:00:00,2017-08-30T03:00:00Z,2017-08-30T00:00:00-03:00,2017-08-30T04:00:00Z,2017-08-30T01:00:00-03:00,1,01:00:00,1,01:00:00,100.0,100.0,2017-08-30T03:00:00Z,2017-08-30T00:00:00-03:00,2017-08-30T04:00:00Z,2017-08-30T01:00:00-03:00
3.04,,,False,6,so2,µg/m³,,raw,01:00:00,2017-08-30T04:00:00Z,2017-08-30T01:00:00-03:00,2017-08-30T05:00:00Z,2017-08-30T02:00:00-03:00,1,01:00:00,1,01:00:00,100.0,100.0,2017-08-30T04:00:00Z,2017-08-30T01:00:00-03:00,2017-08-30T05:00:00Z,2017-08-30T02:00:00-03:00
3.36,,,False,6,so2,µg/m³,,raw,01:00:00,2017-08-30T05:00:00Z,2017-08-30T02:00:00-03:00,2017-08-30T06:00:00Z,2017-08-30T03:00:00-03:00,1,01:00:00,1,01:00:00,100.0,100.0,2017-08-30T05:00:00Z,2017-08-30T02:00:00-03:00,2017-08-30T06:00:00Z,2017-08-30T03:00:00-03:00
2.91,,,False,6,so2,µg/m³,,raw,01:00:00,2017-08-30T06:00:00Z,2017-08-30T03:00:00-03:00,2017-08-30T07:00:00Z,2017-08-30T04:00:00-03:00,1,01:00:00,1,01:00:00,100.0,100.0,2017-08-30T06:00:00Z,2017-08-30T03:00:00-03:00,2017-08-30T07:00:00Z,2017-08-30T04:00:00-03:00
2.97,,,False,6,so2,µg/m³,,raw,01:00:00,2017-08-30T07:00:00Z,2017-08-30T04:00:00-03:00,2017-08-30T08:00:00Z,2017-08-30T05:00:00-03:00,1,01:00:00,1,01:00:00,100.0,100.0,2017-08-30T07:00:00Z,2017-08-30T04:00:00-03:00,2017-08-30T08:00:00Z,2017-08-30T05:00:00-03:00
2.55,,,False,6,so2,µg/m³,,raw,01:00:00,2017-08-30T08:00:00Z,2017-08-30T05:00:00-03:00,2017-08-30T09:00:00Z,2017-08-30T06:00:00-03:00,1,01:00:00,1,01:00:00,100.0,100.0,2017-08-30T08:00:00Z,2017-08-30T05:00:00-03:00,2017-08-30T09:00:00Z,2017-08-30T06:00:00-03:00
2.36,,,False,6,so2,µg/m³,,raw,01:00:00,2017-08-30T09:00:00Z,2017-08-30T06:00:00-03:00,2017-08-30T10:00:00Z,2017-08-30T07:00:00-03:00,1,01:00:00,1,01:00:00,100.0,100.0,2017-08-30T09:00:00Z,2017-08-30T06:00:00-03:00,2017-08-30T10:00:00Z,2017-08-30T07:00:00-03:00
2.45,,,False,6,so2,µg/m³,,raw,01:00:00,2017-08-30T10:00:00Z,2017-08-30T07:00:00-03:00,2017-08-30T11:00:00Z,2017-08-30T08:00:00-03:00,1,01:00:00,1,01:00:00,100.0,100.0,2017-08-30T10:00:00Z,2017-08-30T07:00:00-03:00,2017-08-30T11:00:00Z,2017-08-30T08:00:00-03:00
3.03,,,False,6,so2,µg/m³,,raw,01:00:00,2017-08-30T11:00:00Z,2017-08-30T08:00:00-03:00,2017-08-30T12:00:00Z,2017-08-30T09:00:00-03:00,1,01:00:00,1,01:00:00,100.0,100.0,2017-08-30T11:00:00Z,2017-08-30T08:00:00-03:00,2017-08-30T12:00:00Z,2017-08-30T09:00:00-03:00
3.88,,,False,6,so2,µg/m³,,raw,01:00:00,2017-08-30T12:00:00Z,2017-08-30T09:00:00-03:00,2017-08-30T13:00:00Z,2017-08-30T10:00:00-03:00,1,01:00:00,1,01:00:00,100.0,100.0,2017-08-30T12:00:00Z,2017-08-30T09:00:00-03:00,2017-08-30T13:00:00Z,2017-08-30T10:00:00-03:00
43.6,,,False,6,so2,µg/m³,,raw,01:00:00,2017-08-30T13:00:00Z,2017-08-30T10:00:00-03:00,2017-08-30T14:00:00Z,2017-08-30T11:00:00-03:00,1,01:00:00,1,01:00:00,100.0,100.0,2017-08-30T13:00:00Z,2017-08-30T10:00:00-03:00,2017-08-30T14:00:00Z,2017-08-30T11:00:00-03:00
33.24,,,False,6,so2,µg/m³,,raw,01:00:00,2017-08-30T14:00:00Z,2017-08-30T11:00:00-03:00,2017-08-30T15:00:00Z,2017-08-30T12:00:00-03:00,1,01:00:00,1,01:00:00,100.0,100.0,2017-08-30T14:00:00Z,2017-08-30T11:00:00-03:00,2017-08-30T15:00:00Z,2017-08-30T12:00:00-03:00
16.26,,,False,6,so2,µg/m³,,raw,01:00:00,2017-08-30T16:00:00Z,2017-08-30T13:00:00-03:00,2017-08-30T17:00:00Z,2017-08-30T14:00:00-03:00,1,01:00:00,1,01:00:00,100.0,100.0,2017-08-30T16:00:00Z,2017-08-30T13:00:00-03:00,2017-08-30T17:00:00Z,2017-08-30T14:00:00-03:00
14.94,,,False,6,so2,µg/m³,,raw,01:00:00,2017-08-30T17:00:00Z,2017-08-30T14:00:00-03:00,2017-08-30T18:00:00Z,2017-08-30T15:00:00-03:00,1,01:00:00,1,01:00:00,100.0,100.0,2017-08-30T17:00:00Z,2017-08-30T14:00:00-03:00,2017-08-30T18:00:00Z,2017-08-30T15:00:00-03:00
12.85,,,False,6,so2,µg/m³,,raw,01:00:00,2017-08-30T18:00:00Z,2017-08-30T15:00:00-03:00,2017-08-30T19:00:00Z,2017-08-30T16:00:00-03:00,1,01:00:00,1,01:00:00,100.0,100.0,2017-08-30T18:00:00Z,2017-08-30T15:00:00-03:00,2017-08-30T19:00:00Z,2017-08-30T16:00:00-03:00
11.81,,,False,6,so2,µg/m³,,raw,01:00:00,2017-08-30T19:00:00Z,2017-08-30T16:00:00-03:00,2017-08-30T20:00:00Z,2017-08-30T17:00:00-03:00,1,01:00:00,1,01:00:00,100.0,100.0,2017-08-30T19:00:00Z,2017-08-30T16:00:00-03:00,2017-08-30T20:00:00Z,2017-08-30T17:00:00-03:00
8.5,,,False,6,so2,µg/m³,,raw,01:00:00,2017-08-30T20:00:00Z,2017-08-30T17:00:00-03:00,2017-08-30T21:00:00Z,2017-08-30T18:00:00-03:00,1,01:00:00,1,01:00:00,100.0,100.0,2017-08-30T20:00:00Z,2017-08-30T17:00:00-03:00,2017-08-30T21:00:00Z,2017-08-30T18:00:00-03:00
3.45,,,False,6,so2,µg/m³,,raw,01:00:00,2017-08-30T22:00:00Z,2017-08-30T19:00:00-03:00,2017-08-30T23:00:00Z,2017-08-30T20:00:00-03:00,1,01:00:00,1,01:00:00,100.0,100.0,2017-08-30T22:00:00Z,2017-08-30T19:00:00-03:00,2017-08-30T23:00:00Z,2017-08-30T20:00:00-03:00
2.24,,,False,6,so2,µg/m³,,raw,01:00:00,2017-08-30T23:00:00Z,2017-08-30T20:00:00-03:00,2017-08-31T00:00:00Z,2017-08-30T21:00:00-03:00,1,01:00:00,1,01:00:00,100.0,100.0,2017-08-30T23:00:00Z,2017-08-30T20:00:00-03:00,2017-08-31T00:00:00Z,2017-08-30T21:00:00-03:00
2.61,,,False,6,so2,µg/m³,,raw,01:00:00,2017-08-31T00:00:00Z,2017-08-30T21:00:00-03:00,2017-08-31T01:00:00Z,2017-08-30T22:00:00-03:00,1,01:00:00,1,01:00:00,100.0,100.0,2017-08-31T00:00:00Z,2017-08-30T21:00:00-03:00,2017-08-31T01:00:00Z,2017-08-30T22:00:00-03:00
2.44,,,False,6,so2,µg/m³,,raw,01:00:00,2017-08-31T02:00:00Z,2017-08-30T23:00:00-03:00,2017-08-31T03:00:00Z,2017-08-31T00:00:00-03:00,1,01:00:00,1,01:00:00,100.0,100.0,2017-08-31T02:00:00Z,2017-08-30T23:00:00-03:00,2017-08-31T03:00:00Z,2017-08-31T00:00:00-03:00
2.54,,,False,6,so2,µg/m³,,raw,01:00:00,2017-08-31T03:00:00Z,2017-08-31T00:00:00-03:00,2017-08-31T04:00:00Z,2017-08-31T01:00:00-03:00,1,01:00:00,1,01:00:00,100.0,100.0,2017-08-31T03:00:00Z,2017-08-31T00:00:00-03:00,2017-08-31T04:00:00Z,2017-08-31T01:00:00-03:00
2.33,,,False,6,so2,µg/m³,,raw,01:00:00,2017-08-31T04:00:00Z,2017-08-31T01:00:00-03:00,2017-08-31T05:00:00Z,2017-08-31T02:00:00-03:00,1,01:00:00,1,01:00:00,100.0,100.0,2017-08-31T04:00:00Z,2017-08-31T01:00:00-03:00,2017-08-31T05:00:00Z,2017-08-31T02:00:00-03:00
2.6,,,False,6,so2,µg/m³,,raw,01:00:00,2017-08-31T05:00:00Z,2017-08-31T02:00:00-03:00,2017-08-31T06:00:00Z,2017-08-31T03:00:00-03:00,1,01:00:00,1,01:00:00,100.0,100.0,2017-08-31T05:00:00Z,2017-08-31T02:00:00-03:00,2017-08-31T06:00:00Z,2017-08-31T03:00:00-03:00
2.62,,,False,6,so2,µg/m³,,raw,01:00:00,2017-08-31T06:00:00Z,2017-08-31T03:00:00-03:00,2017-08-31T07:00:00Z,2017-08-31T04:00:00-03:00,1,01:00:00,1,01:00:00,100.0,100.0,2017-08-31T06:00:00Z,2017-08-31T03:00:00-03:00,2017-08-31T07:00:00Z,2017-08-31T04:00:00-03:00
2.28,,,False,6,so2,µg/m³,,raw,01:00:00,2017-08-31T07:00:00Z,2017-08-31T04:00:00-03:00,2017-08-31T08:00:00Z,2017-08-31T05:00:00-03:00,1,01:00:00,1,01:00:00,100.0,100.0,2017-08-31T07:00:00Z,2017-08-31T04:00:00-03:00,2017-08-31T08:00:00Z,2017-08-31T05:00:00-03:00
2.72,,,False,6,so2,µg/m³,,raw,01:00:00,2017-08-31T09:00:00Z,2017-08-31T06:00:00-03:00,2017-08-31T10:00:00Z,2017-08-31T07:00:00-03:00,1,01:00:00,1,01:00:00,100.0,100.0,2017-08-31T09:00:00Z,2017-08-31T06:00:00-03:00,2017-08-31T10:00:00Z,2017-08-31T07:00:00-03:00
2.51,,,False,6,so2,µg/m³,,raw,01:00:00,2017-08-31T10:00:00Z,2017-08-31T07:00:00-03:00,2017-08-31T11:00:00Z,2017-08-31T08:00:00-03:00,1,01:00:00,1,01:00:00,100.0,100.0,2017-08-31T10:00:00Z,2017-08-31T07:00:00-03:00,2017-08-31T11:00:00Z,2017-08-31T08:00:00-03:00
2.93,,,False,6,so2,µg/m³,,raw,01:00:00,2017-08-31T11:00:00Z,2017-08-31T08:00:00-03:00,2017-08-31T12:00:00Z,2017-08-31T09:00:00-03:00,1,01:00:00,1,01:00:00,100.0,100.0,2017-08-31T11:00:00Z,2017-08-31T08:00:00-03:00,2017-08-31T12:00:00Z,2017-08-31T09:00:00-03:00
12.1,,,False,6,so2,µg/m³,,raw,01:00:00,2017-08-31T12:00:00Z,2017-08-31T09:00:00-03:00,2017-08-31T13:00:00Z,2017-08-31T10:00:00-03:00,1,01:00:00,1,01:00:00,100.0,100.0,2017-08-31T12:00:00Z,2017-08-31T09:00:00-03:00,2017-08-31T13:00:00Z,2017-08-31T10:00:00-03:00
39.44,,,False,6,so2,µg/m³,,raw,01:00:00,2017-08-31T13:00:00Z,2017-08-31T10:00:00-03:00,2017-08-31T14:00:00Z,2017-08-31T11:00:00-03:00,1,01:00:00,1,01:00:00,100.0,100.0,2017-08-31T13:00:00Z,2017-08-31T10:00:00-03:00,2017-08-31T14:00:00Z,2017-08-31T11:00:00-03:00
43.69,,,False,6,so2,µg/m³,,raw,01:00:00,2017-08-31T14:00:00Z,2017-08-31T11:00:00-03:00,2017-08-31T15:00:00Z,2017-08-31T12:00:00-03:00,1,01:00:00,1,01:00:00,100.0,100.0,2017-08-31T14:00:00Z,2017-08-31T11:00:00-03:00,2017-08-31T15:00:00Z,2017-08-31T12:00:00-03:00
34.32,,,False,6,so2,µg/m³,,raw,01:00:00,2017-08-31T15:00:00Z,2017-08-31T12:00:00-03:00,2017-08-31T16:00:00Z,2017-08-31T13:00:00-03:00,1,01:00:00,1,01:00:00,100.0,100.0,2017-08-31T15:00:00Z,2017-08-31T12:00:00-03:00,2017-08-31T16:00:00Z,2017-08-31T13:00:00-03:00
20.15,,,False,6,so2,µg/m³,,raw,01:00:00,2017-08-31T16:00:00Z,2017-08-31T13:00:00-03:00,2017-08-31T17:00:00Z,2017-08-31T14:00:00-03:00,1,01:00:00,1,01:00:00,100.0,100.0,2017-08-31T16:00:00Z,2017-08-31T13:00:00-03:00,2017-08-31T17:00:00Z,2017-08-31T14:00:00-03:00
15.37,,,False,6,so2,µg/m³,,raw,01:00:00,2017-08-31T17:00:00Z,2017-08-31T14:00:00-03:00,2017-08-31T18:00:00Z,2017-08-31T15:00:00-03:00,1,01:00:00,1,01:00:00,100.0,100.0,2017-08-31T17:00:00Z,2017-08-31T14:00:00-03:00,2017-08-31T18:00:00Z,2017-08-31T15:00:00-03:00
10.29,,,False,6,so2,µg/m³,,raw,01:00:00,2017-08-31T18:00:00Z,2017-08-31T15:00:00-03:00,2017-08-31T19:00:00Z,2017-08-31T16:00:00-03:00,1,01:00:00,1,01:00:00,100.0,100.0,2017-08-31T18:00:00Z,2017-08-31T15:00:00-03:00,2017-08-31T19:00:00Z,2017-08-31T16:00:00-03:00
9.74,,,False,6,so2,µg/m³,,raw,01:00:00,2017-08-31T19:00:00Z,2017-08-31T16:00:00-03:00,2017-08-31T20:00:00Z,2017-08-31T17:00:00-03:00,1,01:00:00,1,01:00:00,100.0,100.0,2017-08-31T19:00:00Z,2017-08-31T16:00:00-03:00,2017-08-31T20:00:00Z,2017-08-31T17:00:00-03:00
8.04,,,False,6,so2,µg/m³,,raw,01:00:00,2017-08-31T20:00:00Z,2017-08-31T17:00:00-03:00,2017-08-31T21:00:00Z,2017-08-31T18:00:00-03:00,1,01:00:00,1,01:00:00,100.0,100.0,2017-08-31T20:00:00Z,2017-08-31T17:00:00-03:00,2017-08-31T21:00:00Z,2017-08-31T18:00:00-03:00
5.8,,,False,6,so2,µg/m³,,raw,01:00:00,2017-08-31T21:00:00Z,2017-08-31T18:00:00-03:00,2017-08-31T22:00:00Z,2017-08-31T19:00:00-03:00,1,01:00:00,1,01:00:00,100.0,100.0,2017-08-31T21:00:00Z,2017-08-31T18:00:00-03:00,2017-08-31T22:00:00Z,2017-08-31T19:00:00-03:00
3.61,,,False,6,so2,µg/m³,,raw,01:00:00,2017-08-31T22:00:00Z,2017-08-31T19:00:00-03:00,2017-08-31T23:00:00Z,2017-08-31T20:00:00-03:00,1,01:00:00,1,01:00:00,100.0,100.0,2017-08-31T22:00:00Z,2017-08-31T19:00:00-03:00,2017-08-31T23:00:00Z,2017-08-31T20:00:00-03:00
2.12,,,False,6,so2,µg/m³,,raw,01:00:00,2017-08-31T23:00:00Z,2017-08-31T20:00:00-03:00,2017-09-01T00:00:00Z,2017-08-31T21:00:00-03:00,1,01:00:00,1,01:00:00,100.0,100.0,2017-08-31T23:00:00Z,2017-08-31T20:00:00-03:00,2017-09-01T00:00:00Z,2017-08-31T21:00:00-03:00
1.92,,,False,6,so2,µg/m³,,raw,01:00:00,2017-09-01T00:00:00Z,2017-08-31T21:00:00-03:00,2017-09-01T01:00:00Z,2017-08-31T22:00:00-03:00,1,01:00:00,1,01:00:00,100.0,100.0,2017-09-01T00:00:00Z,2017-08-31T21:00:00-03:00,2017-09-01T01:00:00Z,2017-08-31T22:00:00-03:00
2.22,,,False,6,so2,µg/m³,,raw,01:00:00,2017-09-01T01:00:00Z,2017-08-31T22:00:00-03:00,2017-09-01T02:00:00Z,2017-08-31T23:00:00-03:00,1,01:00:00,1,01:00:00,100.0,100.0,2017-09-01T01:00:00Z,2017-08-31T22:00:00-03:00,2017-09-01T02:00:00Z,2017-08-31T23:00:00-03:00
1.94,,,False,6,so2,µg/m³,,raw,01:00:00,2017-09-01T02:00:00Z,2017-08-31T23:00:00-03:00,2017-09-01T03:00:00Z,2017-09-01T00:00:00-03:00,1,01:00:00,1,01:00:00,100.0,100.0,2017-09-01T02:00:00Z,2017-08-31T23:00:00-03:00,2017-09-01T03:00:00Z,2017-09-01T00:00:00-03:00
1.78,,,False,6,so2,µg/m³,,raw,01:00:00,2017-09-01T03:00:00Z,2017-09-01T00:00:00-03:00,2017-09-01T04:00:00Z,2017-09-01T01:00:00-03:00,1,01:00:00,1,01:00:00,100.0,100.0,2017-09-01T03:00:00Z,2017-09-01T00:00:00-03:00,2017-09-01T04:00:00Z,2017-09-01T01:00:00-03:00
2.01,,,False,6,so2,µg/m³,,raw,01:00:00,2017-09-01T04:00:00Z,2017-09-01T01:00:00-03:00,2017-09-01T05:00:00Z,2017-09-01T02:00:00-03:00,1,01:00:00,1,01:00:00,100.0,100.0,2017-09-01T04:00:00Z,2017-09-01T01:00:00-03:00,2017-09-01T05:00:00Z,2017-09-01T02:00:00-03:00
2.15,,,False,6,so2,µg/m³,,raw,01:00:00,2017-09-01T06:00:00Z,2017-09-01T03:00:00-03:00,2017-09-01T07:00:00Z,2017-09-01T04:00:00-03:00,1,01:00:00,1,01:00:00,100.0,100.0,2017-09-01T06:00:00Z,2017-09-01T03:00:00-03:00,2017-09-01T07:00:00Z,2017-09-01T04:00:00-03:00
2.51,,,False,6,so2,µg/m³,,raw,01:00:00,2017-09-01T07:00:00Z,2017-09-01T04:00:00-03:00,2017-09-01T08:00:00Z,2017-09-01T05:00:00-03:00,1,01:00:00,1,01:00:00,100.0,100.0,2017-09-01T07:00:00Z,2017-09-01T04:00:00-03:00,2017-09-01T08:00:00Z,2017-09-01T05:00:00-03:00
2.29,,,False,6,so2,µg/m³,,raw,01:00:00,2017-09-01T08:00:00Z,2017-09-01T05:00:00-03:00,2017-09-01T09:00:00Z,2017-09-01T06:00:00-03:00,1,01:00:00,1,01:00:00,100.0,100.0,2017-09-01T08:00:00Z,2017-09-01T05:00:00-03:00,2017-09-01T09:00:00Z,2017-09-01T06:00:00-03:00
2.71,,,False,6,so2,µg/m³,,raw,01:00:00,2017-09-01T10:00:00Z,2017-09-01T07:00:00-03:00,2017-09-01T11:00:00Z,2017-09-01T08:00:00-03:00,1,01:00:00,1,01:00:00,100.0,100.0,2017-09-01T10:00:00Z,2017-09-01T07:00:00-03:00,2017-09-01T11:00:00Z,2017-09-01T08:00:00-03:00
2.49,,,False,6,so2,µg/m³,,raw,01:00:00,2017-09-01T11:00:00Z,2017-09-01T08:00:00-03:00,2017-09-01T12:00:00Z,2017-09-01T09:00:00-03:00,1,01:00:00,1,01:00:00,100.0,100.0,2017-09-01T11:00:00Z,2017-09-01T08:00:00-03:00,2017-09-01T12:00:00Z,2017-09-01T09:00:00-03:00
2.74,,,False,6,so2,µg/m³,,raw,01:00:00,2017-09-01T12:00:00Z,2017-09-01T09:00:00-03:00,2017-09-01T13:00:00Z,2017-09-01T10:00:00-03:00,1,01:00:00,1,01:00:00,100.0,100.0,2017-09-01T12:00:00Z,2017-09-01T09:00:00-03:00,2017-09-01T13:00:00Z,2017-09-01T10:00:00-03:00
3.6,,,False,6,so2,µg/m³,,raw,01:00:00,2017-09-01T13:00:00Z,2017-09-01T10:00:00-03:00,2017-09-01T14:00:00Z,2017-09-01T11:00:00-03:00,1,01:00:00,1,01:00:00,100.0,100.0,2017-09-01T13:00:00Z,2017-09-01T10:00:00-03:00,2017-09-01T14:00:00Z,2017-09-01T11:00:00-03:00
3.65,,,False,6,so2,µg/m³,,raw,01:00:00,2017-09-01T14:00:00Z,2017-09-01T11:00:00-03:00,2017-09-01T15:00:00Z,2017-09-01T12:00:00-03:00,1,01:00:00,1,01:00:00,100.0,100.0,2017-09-01T14:00:00Z,2017-09-01T11:00:00-03:00,2017-09-01T15:00:00Z,2017-09-01T12:00:00-03:00
3.31,,,False,6,so2,µg/m³,,raw,01:00:00,2017-09-01T15:00:00Z,2017-09-01T12:00:00-03:00,2017-09-01T16:00:00Z,2017-09-01T13:00:00-03:00,1,01:00:00,1,01:00:00,100.0,100.0,2017-09-01T15:00:00Z,2017-09-01T12:00:00-03:00,2017-09-01T16:00:00Z,2017-09-01T13:00:00-03:00
3.84,,,False,6,so2,µg/m³,,raw,01:00:00,2017-09-01T16:00:00Z,2017-09-01T13:00:00-03:00,2017-09-01T17:00:00Z,2017-09-01T14:00:00-03:00,1,01:00:00,1,01:00:00,100.0,100.0,2017-09-01T16:00:00Z,2017-09-01T13:00:00-03:00,2017-09-01T17:00:00Z,2017-09-01T14:00:00-03:00
8.66,,,False,6,so2,µg/m³,,raw,01:00:00,2017-09-01T17:00:00Z,2017-09-01T14:00:00-03:00,2017-09-01T18:00:00Z,2017-09-01T15:00:00-03:00,1,01:00:00,1,01:00:00,100.0,100.0,2017-09-01T17:00:00Z,2017-09-01T14:00:00-03:00,2017-09-01T18:00:00Z,2017-09-01T15:00:00-03:00
5.57,,,False,6,so2,µg/m³,,raw,01:00:00,2017-09-01T18:00:00Z,2017-09-01T15:00:00-03:00,2017-09-01T19:00:00Z,2017-09-01T16:00:00-03:00,1,01:00:00,1,01:00:00,100.0,100.0,2017-09-01T18:00:00Z,2017-09-01T15:00:00-03:00,2017-09-01T19:00:00Z,2017-09-01T16:00:00-03:00
3.8,,,False,6,so2,µg/m³,,raw,01:00:00,2017-09-01T19:00:00Z,2017-09-01T16:00:00-03:00,2017-09-01T20:00:00Z,2017-09-01T17:00:00-03:00,1,01:00:00,1,01:00:00,100.0,100.0,2017-09-01T19:00:00Z,2017-09-01T16:00:00-03:00,2017-09-01T20:00:00Z,2017-09-01T17:00:00-03:00
3.92,,,False,6,so2,µg/m³,,raw,01:00:00,2017-09-01T20:00:00Z,2017-09-01T17:00:00-03:00,2017-09-01T21:00:00Z,2017-09-01T18:00:00-03:00,1,01:00:00,1,01:00:00,100.0,100.0,2017-09-01T20:00:00Z,2017-09-01T17:00:00-03:00,2017-09-01T21:00:00Z,2017-09-01T18:00:00-03:00
3.53,,,False,6,so2,µg/m³,,raw,01:00:00,2017-09-01T21:00:00Z,2017-09-01T18:00:00-03:00,2017-09-01T22:00:00Z,2017-09-01T19:00:00-03:00,1,01:00:00,1,01:00:00,100.0,100.0,2017-09-01T21:00:00Z,2017-09-01T18:00:00-03:00,2017-09-01T22:00:00Z,2017-09-01T19:00:00-03:00
2.44,,,False,6,so2,µg/m³,,raw,01:00:00,2017-09-01T22:00:00Z,2017-09-01T19:00:00-03:00,2017-09-01T23:00:00Z,2017-09-01T20:00:00-03:00,1,01:00:00,1,01:00:00,100.0,100.0,2017-09-01T22:00:00Z,2017-09-01T19:00:00-03:00,2017-09-01T23:00:00Z,2017-09-01T20:00:00-03:00
2.22,,,False,6,so2,µg/m³,,raw,01:00:00,2017-09-01T23:00:00Z,2017-09-01T20:00:00-03:00,2017-09-02T00:00:00Z,2017-09-01T21:00:00-03:00,1,01:00:00,1,01:00:00,100.0,100.0,2017-09-01T23:00:00Z,2017-09-01T20:00:00-03:00,2017-09-02T00:00:00Z,2017-09-01T21:00:00-03:00
2.25,,,False,6,so2,µg/m³,,raw,01:00:00,2017-09-02T00:00:00Z,2017-09-01T21:00:00-03:00,2017-09-02T01:00:00Z,2017-09-01T22:00:00-03:00,1,01:00:00,1,01:00:00,100.0,100.0,2017-09-02T00:00:00Z,2017-09-01T21:00:00-03:00,2017-09-02T01:00:00Z,2017-09-01T22:00:00-03:00
2.24,,,False,6,so2,µg/m³,,raw,01:00:00,2017-09-02T01:00:00Z,2017-09-01T22:00:00-03:00,2017-09-02T02:00:00Z,2017-09-01T23:00:00-03:00,1,01:00:00,1,01:00:00,100.0,100.0,2017-09-02T01:00:00Z,2017-09-01T22:00:00-03:00,2017-09-02T02:00:00Z,2017-09-01T23:00:00-03:00
1.93,,,False,6,so2,µg/m³,,raw,01:00:00,2017-09-02T02:00:00Z,2017-09-01T23:00:00-03:00,2017-09-02T03:00:00Z,2017-09-02T00:00:00-03:00,1,01:00:00,1,01:00:00,100.0,100.0,2017-09-02T02:00:00Z,2017-09-01T23:00:00-03:00,2017-09-02T03:00:00Z,2017-09-02T00:00:00-03:00
2.03,,,False,6,so2,µg/m³,,raw,01:00:00,2017-09-02T03:00:00Z,2017-09-02T00:00:00-03:00,2017-09-02T04:00:00Z,2017-09-02T01:00:00-03:00,1,01:00:00,1,01:00:00,100.0,100.0,2017-09-02T03:00:00Z,2017-09-02T00:00:00-03:00,2017-09-02T04:00:00Z,2017-09-02T01:00:00-03:00
2.36,,,False,6,so2,µg/m³,,raw,01:00:00,2017-09-02T04:00:00Z,2017-09-02T01:00:00-03:00,2017-09-02T05:00:00Z,2017-09-02T02:00:00-03:00,1,01:00:00,1,01:00:00,100.0,100.0,2017-09-02T04:00:00Z,2017-09-02T01:00:00-03:00,2017-09-02T05:00:00Z,2017-09-02T02:00:00-03:00
2.05,,,False,6,so2,µg/m³,,raw,01:00:00,2017-09-02T05:00:00Z,2017-09-02T02:00:00-03:00,2017-09-02T06:00:00Z,2017-09-02T03:00:00-03:00,1,01:00:00,1,01:00:00,100.0,100.0,2017-09-02T05:00:00Z,2017-09-02T02:00:00-03:00,2017-09-02T06:00:00Z,2017-09-02T03:00:00-03:00
2.36,,,False,6,so2,µg/m³,,raw,01:00:00,2017-09-02T06:00:00Z,2017-09-02T03:00:00-03:00,2017-09-02T07:00:00Z,2017-09-02T04:00:00-03:00,1,01:00:00,1,01:00:00,100.0,100.0,2017-09-02T06:00:00Z,2017-09-02T03:00:00-03:00,2017-09-02T07:00:00Z,2017-09-02T04:00:00-03:00
2.28,,,False,6,so2,µg/m³,,raw,01:00:00,2017-09-02T07:00:00Z,2017-09-02T04:00:00-03:00,2017-09-02T08:00:00Z,2017-09-02T05:00:00-03:00,1,01:00:00,1,01:00:00,100.0,100.0,2017-09-02T07:00:00Z,2017-09-02T04:00:00-03:00,2017-09-02T08:00:00Z,2017-09-02T05:00:00-03:00
2.42,,,False,6,so2,µg/m³,,raw,01:00:00,2017-09-02T08:00:00Z,2017-09-02T05:00:00-03:00,2017-09-02T09:00:00Z,2017-09-02T06:00:00-03:00,1,01:00:00,1,01:00:00,100.0,100.0,2017-09-02T08:00:00Z,2017-09-02T05:00:00-03:00,2017-09-02T09:00:00Z,2017-09-02T06:00:00-03:00
2.06,,,False,6,so2,µg/m³,,raw,01:00:00,2017-09-02T09:00:00Z,2017-09-02T06:00:00-03:00,2017-09-02T10:00:00Z,2017-09-02T07:00:00-03:00,1,01:00:00,1,01:00:00,100.0,100.0,2017-09-02T09:00:00Z,2017-09-02T06:00:00-03:00,2017-09-02T10:00:00Z,2017-09-02T07:00:00-03:00
2.3,,,False,6,so2,µg/m³,,raw,01:00:00,2017-09-02T10:00:00Z,2017-09-02T07:00:00-03:00,2017-09-02T11:00:00Z,2017-09-02T08:00:00-03:00,1,01:00:00,1,01:00:00,100.0,100.0,2017-09-02T10:00:00Z,2017-09-02T07:00:00-03:00,2017-09-02T11:00:00Z,2017-09-02T08:00:00-03:00
2.48,,,False,6,so2,µg/m³,,raw,01:00:00,2017-09-02T11:00:00Z,2017-09-02T08:00:00-03:00,2017-09-02T12:00:00Z,2017-09-02T09:00:00-03:00,1,01:00:00,1,01:00:00,100.0,100.0,2017-09-02T11:00:00Z,2017-09-02T08:00:00-03:00,2017-09-02T12:00:00Z,2017-09-02T09:00:00-03:00
2.83,,,False,6,so2,µg/m³,,raw,01:00:00,2017-09-02T12:00:00Z,2017-09-02T09:00:00-03:00,2017-09-02T13:00:00Z,2017-09-02T10:00:00-03:00,1,01:00:00,1,01:00:00,100.0,100.0,2017-09-02T12:00:00Z,2017-09-02T09:00:00-03:00,2017-09-02T13:00:00Z,2017-09-02T10:00:00-03:00
3.3,,,False,6,so2,µg/m³,,raw,01:00:00,2017-09-02T13:00:00Z,2017-09-02T10:00:00-03:00,2017-09-02T14:00:00Z,2017-09-02T11:00:00-03:00,1,01:00:00,1,01:00:00,100.0,100.0,2017-09-02T13:00:00Z,2017-09-02T10:00:00-03:00,2017-09-02T14:00:00Z,2017-09-02T11:00:00-03:00
7.56,,,False,6,so2,µg/m³,,raw,01:00:00,2017-09-02T14:00:00Z,2017-09-02T11:00:00-03:00,2017-09-02T15:00:00Z,2017-09-02T12:00:00-03:00,1,01:00:00,1,01:00:00,100.0,100.0,2017-09-02T14:00:00Z,2017-09-02T11:00:00-03:00,2017-09-02T15:00:00Z,2017-09-02T12:00:00-03:00
8.81,,,False,6,so2,µg/m³,,raw,01:00:00,2017-09-02T15:00:00Z,2017-09-02T12:00:00-03:00,2017-09-02T16:00:00Z,2017-09-02T13:00:00-03:00,1,01:00:00,1,01:00:00,100.0,100.0,2017-09-02T15:00:00Z,2017-09-02T12:00:00-03:00,2017-09-02T16:00:00Z,2017-09-02T13:00:00-03:00
7.12,,,False,6,so2,µg/m³,,raw,01:00:00,2017-09-02T16:00:00Z,2017-09-02T13:00:00-03:00,2017-09-02T17:00:00Z,2017-09-02T14:00:00-03:00,1,01:00:00,1,01:00:00,100.0,100.0,2017-09-02T16:00:00Z,2017-09-02T13:00:00-03:00,2017-09-02T17:00:00Z,2017-09-02T14:00:00-03:00
5.3,,,False,6,so2,µg/m³,,raw,01:00:00,2017-09-02T17:00:00Z,2017-09-02T14:00:00-03:00,2017-09-02T18:00:00Z,2017-09-02T15:00:00-03:00,1,01:00:00,1,01:00:00,100.0,100.0,2017-09-02T17:00:00Z,2017-09-02T14:00:00-03:00,2017-09-02T18:00:00Z,2017-09-02T15:00:00-03:00
4.33,,,False,6,so2,µg/m³,,raw,01:00:00,2017-09-02T18:00:00Z,2017-09-02T15:00:00-03:00,2017-09-02T19:00:00Z,2017-09-02T16:00:00-03:00,1,01:00:00,1,01:00:00,100.0,100.0,2017-09-02T18:00:00Z,2017-09-02T15:00:00-03:00,2017-09-02T19:00:00Z,2017-09-02T16:00:00-03:00
3.89,,,False,6,so2,µg/m³,,raw,01:00:00,2017-09-02T19:00:00Z,2017-09-02T16:00:00-03:00,2017-09-02T20:00:00Z,2017-09-02T17:00:00-03:00,1,01:00:00,1,01:00:00,100.0,100.0,2017-09-02T19:00:00Z,2017-09-02T16:00:00-03:00,2017-09-02T20:00:00Z,2017-09-02T17:00:00-03:00
2.86,,,False,6,so2,µg/m³,,raw,01:00:00,2017-09-02T20:00:00Z,2017-09-02T17:00:00-03:00,2017-09-02T21:00:00Z,2017-09-02T18:00:00-03:00,1,01:00:00,1,01:00:00,100.0,100.0,2017-09-02T20:00:00Z,2017-09-02T17:00:00-03:00,2017-09-02T21:00:00Z,2017-09-02T18:00:00-03:00
2.57,,,False,6,so2,µg/m³,,raw,01:00:00,2017-09-02T21:00:00Z,2017-09-02T18:00:00-03:00,2017-09-02T22:00:00Z,2017-09-02T19:00:00-03:00,1,01:00:00,1,01:00:00,100.0,100.0,2017-09-02T21:00:00Z,2017-09-02T18:00:00-03:00,2017-09-02T22:00:00Z,2017-09-02T19:00:00-03:00
2.23,,,False,6,so2,µg/m³,,raw,01:00:00,2017-09-02T22:00:00Z,2017-09-02T19:00:00-03:00,2017-09-02T23:00:00Z,2017-09-02T20:00:00-03:00,1,01:00:00,1,01:00:00,100.0,100.0,2017-09-02T22:00:00Z,2017-09-02T19:00:00-03:00,2017-09-02T23:00:00Z,2017-09-02T20:00:00-03:00
2.13,,,False,6,so2,µg/m³,,raw,01:00:00,2017-09-02T23:00:00Z,2017-09-02T20:00:00-03:00,2017-09-03T00:00:00Z,2017-09-02T21:00:00-03:00,1,01:00:00,1,01:00:00,100.0,100.0,2017-09-02T23:00:00Z,2017-09-02T20:00:00-03:00,2017-09-03T00:00:00Z,2017-09-02T21:00:00-03:00
2.21,,,False,6,so2,µg/m³,,raw,01:00:00,2017-09-03T00:00:00Z,2017-09-02T21:00:00-03:00,2017-09-03T01:00:00Z,2017-09-02T22:00:00-03:00,1,01:00:00,1,01:00:00,100.0,100.0,2017-09-03T00:00:00Z,2017-09-02T21:00:00-03:00,2017-09-03T01:00:00Z,2017-09-02T22:00:00-03:00
1.88,,,False,6,so2,µg/m³,,raw,01:00:00,2017-09-03T02:00:00Z,2017-09-02T23:00:00-03:00,2017-09-03T03:00:00Z,2017-09-03T00:00:00-03:00,1,01:00:00,1,01:00:00,100.0,100.0,2017-09-03T02:00:00Z,2017-09-02T23:00:00-03:00,2017-09-03T03:00:00Z,2017-09-03T00:00:00-03:00
2.13,,,False,6,so2,µg/m³,,raw,01:00:00,2017-09-03T03:00:00Z,2017-09-03T00:00:00-03:00,2017-09-03T04:00:00Z,2017-09-03T01:00:00-03:00,1,01:00:00,1,01:00:00,100.0,100.0,2017-09-03T03:00:00Z,2017-09-03T00:00:00-03:00,2017-09-03T04:00:00Z,2017-09-03T01:00:00-03:00
2.31,,,False,6,so2,µg/m³,,raw,01:00:00,2017-09-03T04:00:00Z,2017-09-03T01:00:00-03:00,2017-09-03T05:00:00Z,2017-09-03T02:00:00-03:00,1,01:00:00,1,01:00:00,100.0,100.0,2017-09-03T04:00:00Z,2017-09-03T01:00:00-03:00,2017-09-03T05:00:00Z,2017-09-03T02:00:00-03:00
1.83,,,False,6,so2,µg/m³,,raw,01:00:00,2017-09-03T05:00:00Z,2017-09-03T02:00:00-03:00,2017-09-03T06:00:00Z,2017-09-03T03:00:00-03:00,1,01:00:00,1,01:00:00,100.0,100.0,2017-09-03T05:00:00Z,2017-09-03T02:00:00-03:00,2017-09-03T06:00:00Z,2017-09-03T03:00:00-03:00
1.81,,,False,6,so2,µg/m³,,raw,01:00:00,2017-09-03T06:00:00Z,2017-09-03T03:00:00-03:00,2017-09-03T07:00:00Z,2017-09-03T04:00:00-03:00,1,01:00:00,1,01:00:00,100.0,100.0,2017-09-03T06:00:00Z,2017-09-03T03:00:00-03:00,2017-09-03T07:00:00Z,2017-09-03T04:00:00-03:00
2.33,,,False,6,so2,µg/m³,,raw,01:00:00,2017-09-03T07:00:00Z,2017-09-03T04:00:00-03:00,2017-09-03T08:00:00Z,2017-09-03T05:00:00-03:00,1,01:00:00,1,01:00:00,100.0,100.0,2017-09-03T07:00:00Z,2017-09-03T04:00:00-03:00,2017-09-03T08:00:00Z,2017-09-03T05:00:00-03:00
2.33,,,False,6,so2,µg/m³,,raw,01:00:00,2017-09-03T08:00:00Z,2017-09-03T05:00:00-03:00,2017-09-03T09:00:00Z,2017-09-03T06:00:00-03:00,1,01:00:00,1,01:00:00,100.0,100.0,2017-09-03T08:00:00Z,2017-09-03T05:00:00-03:00,2017-09-03T09:00:00Z,2017-09-03T06:00:00-03:00
2.11,,,False,6,so2,µg/m³,,raw,01:00:00,2017-09-03T09:00:00Z,2017-09-03T06:00:00-03:00,2017-09-03T10:00:00Z,2017-09-03T07:00:00-03:00,1,01:00:00,1,01:00:00,100.0,100.0,2017-09-03T09:00:00Z,2017-09-03T06:00:00-03:00,2017-09-03T10:00:00Z,2017-09-03T07:00:00-03:00
2.29,,,False,6,so2,µg/m³,,raw,01:00:00,2017-09-03T10:00:00Z,2017-09-03T07:00:00-03:00,2017-09-03T11:00:00Z,2017-09-03T08:00:00-03:00,1,01:00:00,1,01:00:00,100.0,100.0,2017-09-03T10:00:00Z,2017-09-03T07:00:00-03:00,2017-09-03T11:00:00Z,2017-09-03T08:00:00-03:00
2.38,,,False,6,so2,µg/m³,,raw,01:00:00,2017-09-03T11:00:00Z,2017-09-03T08:00:00-03:00,2017-09-03T12:00:00Z,2017-09-03T09:00:00-03:00,1,01:00:00,1,01:00:00,100.0,100.0,2017-09-03T11:00:00Z,2017-09-03T08:00:00-03:00,2017-09-03T12:00:00Z,2017-09-03T09:00:00-03:00
2.61,,,False,6,so2,µg/m³,,raw,01:00:00,2017-09-03T12:00:00Z,2017-09-03T09:00:00-03:00,2017-09-03T13:00:00Z,2017-09-03T10:00:00-03:00,1,01:00:00,1,01:00:00,100.0,100.0,2017-09-03T12:00:00Z,2017-09-03T09:00:00-03:00,2017-09-03T13:00:00Z,2017-09-03T10:00:00-03:00
2.66,,,False,6,so2,µg/m³,,raw,01:00:00,2017-09-03T13:00:00Z,2017-09-03T10:00:00-03:00,2017-09-03T14:00:00Z,2017-09-03T11:00:00-03:00,1,01:00:00,1,01:00:00,100.0,100.0,2017-09-03T13:00:00Z,2017-09-03T10:00:00-03:00,2017-09-03T14:00:00Z,2017-09-03T11:00:00-03:00
2.61,,,False,6,so2,µg/m³,,raw,01:00:00,2017-09-03T14:00:00Z,2017-09-03T11:00:00-03:00,2017-09-03T15:00:00Z,2017-09-03T12:00:00-03:00,1,01:00:00,1,01:00:00,100.0,100.0,2017-09-03T14:00:00Z,2017-09-03T11:00:00-03:00,2017-09-03T15:00:00Z,2017-09-03T12:00:00-03:00
2.91,,,False,6,so2,µg/m³,,raw,01:00:00,2017-09-03T15:00:00Z,2017-09-03T12:00:00-03:00,2017-09-03T16:00:00Z,2017-09-03T13:00:00-03:00,1,01:00:00,1,01:00:00,100.0,100.0,2017-09-03T15:00:00Z,2017-09-03T12:00:00-03:00,2017-09-03T16:00:00Z,2017-09-03T13:00:00-03:00
2.93,,,False,6,so2,µg/m³,,raw,01:00:00,2017-09-03T17:00:00Z,2017-09-03T14:00:00-03:00,2017-09-03T18:00:00Z,2017-09-03T15:00:00-03:00,1,01:00:00,1,01:00:00,100.0,100.0,2017-09-03T17:00:00Z,2017-09-03T14:00:00-03:00,2017-09-03T18:00:00Z,2017-09-03T15:00:00-03:00
2.51,,,False,6,so2,µg/m³,,raw,01:00:00,2017-09-03T18:00:00Z,2017-09-03T15:00:00-03:00,2017-09-03T19:00:00Z,2017-09-03T16:00:00-03:00,1,01:00:00,1,01:00:00,100.0,100.0,2017-09-03T18:00:00Z,2017-09-03T15:00:00-03:00,2017-09-03T19:00:00Z,2017-09-03T16:00:00-03:00
2.7,,,False,6,so2,µg/m³,,raw,01:00:00,2017-09-03T19:00:00Z,2017-09-03T16:00:00-03:00,2017-09-03T20:00:00Z,2017-09-03T17:00:00-03:00,1,01:00:00,1,01:00:00,100.0,100.0,2017-09-03T19:00:00Z,2017-09-03T16:00:00-03:00,2017-09-03T20:00:00Z,2017-09-03T17:00:00-03:00
2.64,,,False,6,so2,µg/m³,,raw,01:00:00,2017-09-03T20:00:00Z,2017-09-03T17:00:00-03:00,2017-09-03T21:00:00Z,2017-09-03T18:00:00-03:00,1,01:00:00,1,01:00:00,100.0,100.0,2017-09-03T20:00:00Z,2017-09-03T17:00:00-03:00,2017-09-03T21:00:00Z,2017-09-03T18:00:00-03:00
2.38,,,False,6,so2,µg/m³,,raw,01:00:00,2017-09-03T21:00:00Z,2017-09-03T18:00:00-03:00,2017-09-03T22:00:00Z,2017-09-03T19:00:00-03:00,1,01:00:00,1,01:00:00,100.0,100.0,2017-09-03T21:00:00Z,2017-09-03T18:00:00-03:00,2017-09-03T22:00:00Z,2017-09-03T19:00:00-03:00
1.86,,,False,6,so2,µg/m³,,raw,01:00:00,2017-09-03T22:00:00Z,2017-09-03T19:00:00-03:00,2017-09-03T23:00:00Z,2017-09-03T20:00:00-03:00,1,01:00:00,1,01:00:00,100.0,100.0,2017-09-03T22:00:00Z,2017-09-03T19:00:00-03:00,2017-09-03T23:00:00Z,2017-09-03T20:00:00-03:00
2.13,,,False,6,so2,µg/m³,,raw,01:00:00,2017-09-03T23:00:00Z,2017-09-03T20:00:00-03:00,2017-09-04T00:00:00Z,2017-09-03T21:00:00-03:00,1,01:00:00,1,01:00:00,100.0,100.0,2017-09-03T23:00:00Z,2017-09-03T20:00:00-03:00,2017-09-04T00:00:00Z,2017-09-03T21:00:00-03:00
1.91,,,False,6,so2,µg/m³,,raw,01:00:00,2017-09-04T00:00:00Z,2017-09-03T21:00:00-03:00,2017-09-04T01:00:00Z,2017-09-03T22:00:00-03:00,1,01:00:00,1,01:00:00,100.0,100.0,2017-09-04T00:00:00Z,2017-09-03T21:00:00-03:00,2017-09-04T01:00:00Z,2017-09-03T22:00:00-03:00
1.92,,,False,6,so2,µg/m³,,raw,01:00:00,2017-09-04T01:00:00Z,2017-09-03T22:00:00-03:00,2017-09-04T02:00:00Z,2017-09-03T23:00:00-03:00,1,01:00:00,1,01:00:00,100.0,100.0,2017-09-04T01:00:00Z,2017-09-03T22:00:00-03:00,2017-09-04T02:00:00Z,2017-09-03T23:00:00-03:00
1.93,,,False,6,so2,µg/m³,,raw,01:00:00,2017-09-04T02:00:00Z,2017-09-03T23:00:00-03:00,2017-09-04T03:00:00Z,2017-09-04T00:00:00-03:00,1,01:00:00,1,01:00:00,100.0,100.0,2017-09-04T02:00:00Z,2017-09-03T23:00:00-03:00,2017-09-04T03:00:00Z,2017-09-04T00:00:00-03:00
1.95,,,False,6,so2,µg/m³,,raw,01:00:00,2017-09-04T03:00:00Z,2017-09-04T00:00:00-03:00,2017-09-04T04:00:00Z,2017-09-04T01:00:00-03:00,1,01:00:00,1,01:00:00,100.0,100.0,2017-09-04T03:00:00Z,2017-09-04T00:00:00-03:00,2017-09-04T04:00:00Z,2017-09-04T01:00:00-03:00
1.88,,,False,6,so2,µg/m³,,raw,01:00:00,2017-09-04T04:00:00Z,2017-09-04T01:00:00-03:00,2017-09-04T05:00:00Z,2017-09-04T02:00:00-03:00,1,01:00:00,1,01:00:00,100.0,100.0,2017-09-04T04:00:00Z,2017-09-04T01:00:00-03:00,2017-09-04T05:00:00Z,2017-09-04T02:00:00-03:00
1.81,,,False,6,so2,µg/m³,,raw,01:00:00,2017-09-04T05:00:00Z,2017-09-04T02:00:00-03:00,2017-09-04T06:00:00Z,2017-09-04T03:00:00-03:00,1,01:00:00,1,01:00:00,100.0,100.0,2017-09-04T05:00:00Z,2017-09-04T02:00:00-03:00,2017-09-04T06:00:00Z,2017-09-04T03:00:00-03:00
1.65,,,False,6,so2,µg/m³,,raw,01:00:00,2017-09-04T06:00:00Z,2017-09-04T03:00:00-03:00,2017-09-04T07:00:00Z,2017-09-04T04:00:00-03:00,1,01:00:00,1,01:00:00,100.0,100.0,2017-09-04T06:00:00Z,2017-09-04T03:00:00-03:00,2017-09-04T07:00:00Z,2017-09-04T04:00:00-03:00
1.98,,,False,6,so2,µg/m³,,raw,01:00:00,2017-09-04T07:00:00Z,2017-09-04T04:00:00-03:00,2017-09-04T08:00:00Z,2017-09-04T05:00:00-03:00,1,01:00:00,1,01:00:00,100.0,100.0,2017-09-04T07:00:00Z,2017-09-04T04:00:00-03:00,2017-09-04T08:00:00Z,2017-09-04T05:00:00-03:00
2.47,,,False,6,so2,µg/m³,,raw,01:00:00,2017-09-04T08:00:00Z,2017-09-04T05:00:00-03:00,2017-09-04T09:00:00Z,2017-09-04T06:00:00-03:00,1,01:00:00,1,01:00:00,100.0,100.0,2017-09-04T08:00:00Z,2017-09-04T05:00:00-03:00,2017-09-04T09:00:00Z,2017-09-04T06:00:00-03:00
3.0,,,False,6,so2,µg/m³,,raw,01:00:00,2017-09-04T11:00:00Z,2017-09-04T08:00:00-03:00,2017-09-04T12:00:00Z,2017-09-04T09:00:00-03:00,1,01:00:00,1,01:00:00,100.0,100.0,2017-09-04T11:00:00Z,2017-09-04T08:00:00-03:00,2017-09-04T12:00:00Z,2017-09-04T09:00:00-03:00
2.94,,,False,6,so2,µg/m³,,raw,01:00:00,2017-09-04T12:00:00Z,2017-09-04T09:00:00-03:00,2017-09-04T13:00:00Z,2017-09-04T10:00:00-03:00,1,01:00:00,1,01:00:00,100.0,100.0,2017-09-04T12:00:00Z,2017-09-04T09:00:00-03:00,2017-09-04T13:00:00Z,2017-09-04T10:00:00-03:00
12.19,,,False,6,so2,µg/m³,,raw,01:00:00,2017-09-04T13:00:00Z,2017-09-04T10:00:00-03:00,2017-09-04T14:00:00Z,2017-09-04T11:00:00-03:00,1,01:00:00,1,01:00:00,100.0,100.0,2017-09-04T13:00:00Z,2017-09-04T10:00:00-03:00,2017-09-04T14:00:00Z,2017-09-04T11:00:00-03:00
78.86,,,False,6,so2,µg/m³,,raw,01:00:00,2017-09-04T14:00:00Z,2017-09-04T11:00:00-03:00,2017-09-04T15:00:00Z,2017-09-04T12:00:00-03:00,1,01:00:00,1,01:00:00,100.0,100.0,2017-09-04T14:00:00Z,2017-09-04T11:00:00-03:00,2017-09-04T15:00:00Z,2017-09-04T12:00:00-03:00
26.96,,,False,6,so2,µg/m³,,raw,01:00:00,2017-09-04T15:00:00Z,2017-09-04T12:00:00-03:00,2017-09-04T16:00:00Z,2017-09-04T13:00:00-03:00,1,01:00:00,1,01:00:00,100.0,100.0,2017-09-04T15:00:00Z,2017-09-04T12:00:00-03:00,2017-09-04T16:00:00Z,2017-09-04T13:00:00-03:00
183.2,,,False,6,so2,µg/m³,,raw,01:00:00,2017-09-04T16:00:00Z,2017-09-04T13:00:00-03:00,2017-09-04T17:00:00Z,2017-09-04T14:00:00-03:00,1,01:00:00,1,01:00:00,100.0,100.0,2017-09-04T16:00:00Z,2017-09-04T13:00:00-03:00,2017-09-04T17:00:00Z,2017-09-04T14:00:00-03:00
5.4,,,False,6,so2,µg/m³,,raw,01:00:00,2017-09-04T17:00:00Z,2017-09-04T14:00:00-03:00,2017-09-04T18:00:00Z,2017-09-04T15:00:00-03:00,1,01:00:00,1,01:00:00,100.0,100.0,2017-09-04T17:00:00Z,2017-09-04T14:00:00-03:00,2017-09-04T18:00:00Z,2017-09-04T15:00:00-03:00
4.73,,,False,6,so2,µg/m³,,raw,01:00:00,2017-09-04T18:00:00Z,2017-09-04T15:00:00-03:00,2017-09-04T19:00:00Z,2017-09-04T16:00:00-03:00,1,01:00:00,1,01:00:00,100.0,100.0,2017-09-04T18:00:00Z,2017-09-04T15:00:00-03:00,2017-09-04T19:00:00Z,2017-09-04T16:00:00-03:00
5.75,,,False,6,so2,µg/m³,,raw,01:00:00,2017-09-04T19:00:00Z,2017-09-04T16:00:00-03:00,2017-09-04T20:00:00Z,2017-09-04T17:00:00-03:00,1,01:00:00,1,01:00:00,100.0,100.0,2017-09-04T19:00:00Z,2017-09-04T16:00:00-03:00,2017-09-04T20:00:00Z,2017-09-04T17:00:00-03:00
4.58,,,False,6,so2,µg/m³,,raw,01:00:00,2017-09-04T20:00:00Z,2017-09-04T17:00:00-03:00,2017-09-04T21:00:00Z,2017-09-04T18:00:00-03:00,1,01:00:00,1,01:00:00,100.0,100.0,2017-09-04T20:00:00Z,2017-09-04T17:00:00-03:00,2017-09-04T21:00:00Z,2017-09-04T18:00:00-03:00
4.15,,,False,6,so2,µg/m³,,raw,01:00:00,2017-09-04T21:00:00Z,2017-09-04T18:00:00-03:00,2017-09-04T22:00:00Z,2017-09-04T19:00:00-03:00,1,01:00:00,1,01:00:00,100.0,100.0,2017-09-04T21:00:00Z,2017-09-04T18:00:00-03:00,2017-09-04T22:00:00Z,2017-09-04T19:00:00-03:00
3.37,,,False,6,so2,µg/m³,,raw,01:00:00,2017-09-04T22:00:00Z,2017-09-04T19:00:00-03:00,2017-09-04T23:00:00Z,2017-09-04T20:00:00-03:00,1,01:00:00,1,01:00:00,100.0,100.0,2017-09-04T22:00:00Z,2017-09-04T19:00:00-03:00,2017-09-04T23:00:00Z,2017-09-04T20:00:00-03:00
2.85,,,False,6,so2,µg/m³,,raw,01:00:00,2017-09-04T23:00:00Z,2017-09-04T20:00:00-03:00,2017-09-05T00:00:00Z,2017-09-04T21:00:00-03:00,1,01:00:00,1,01:00:00,100.0,100.0,2017-09-04T23:00:00Z,2017-09-04T20:00:00-03:00,2017-09-05T00:00:00Z,2017-09-04T21:00:00-03:00
2.51,,,False,6,so2,µg/m³,,raw,01:00:00,2017-09-05T00:00:00Z,2017-09-04T21:00:00-03:00,2017-09-05T01:00:00Z,2017-09-04T22:00:00-03:00,1,01:00:00,1,01:00:00,100.0,100.0,2017-09-05T00:00:00Z,2017-09-04T21:00:00-03:00,2017-09-05T01:00:00Z,2017-09-04T22:00:00-03:00
2.59,,,False,6,so2,µg/m³,,raw,01:00:00,2017-09-05T01:00:00Z,2017-09-04T22:00:00-03:00,2017-09-05T02:00:00Z,2017-09-04T23:00:00-03:00,1,01:00:00,1,01:00:00,100.0,100.0,2017-09-05T01:00:00Z,2017-09-04T22:00:00-03:00,2017-09-05T02:00:00Z,2017-09-04T23:00:00-03:00
2.67,,,False,6,so2,µg/m³,,raw,01:00:00,2017-09-05T02:00:00Z,2017-09-04T23:00:00-03:00,2017-09-05T03:00:00Z,2017-09-05T00:00:00-03:00,1,01:00:00,1,01:00:00,100.0,100.0,2017-09-05T02:00:00Z,2017-09-04T23:00:00-03:00,2017-09-05T03:00:00Z,2017-09-05T00:00:00-03:00
2.38,,,False,6,so2,µg/m³,,raw,01:00:00,2017-09-05T03:00:00Z,2017-09-05T00:00:00-03:00,2017-09-05T04:00:00Z,2017-09-05T01:00:00-03:00,1,01:00:00,1,01:00:00,100.0,100.0,2017-09-05T03:00:00Z,2017-09-05T00:00:00-03:00,2017-09-05T04:00:00Z,2017-09-05T01:00:00-03:00
2.71,,,False,6,so2,µg/m³,,raw,01:00:00,2017-09-05T04:00:00Z,2017-09-05T01:00:00-03:00,2017-09-05T05:00:00Z,2017-09-05T02:00:00-03:00,1,01:00:00,1,01:00:00,100.0,100.0,2017-09-05T04:00:00Z,2017-09-05T01:00:00-03:00,2017-09-05T05:00:00Z,2017-09-05T02:00:00-03:00
2.71,,,False,6,so2,µg/m³,,raw,01:00:00,2017-09-05T06:00:00Z,2017-09-05T03:00:00-03:00,2017-09-05T07:00:00Z,2017-09-05T04:00:00-03:00,1,01:00:00,1,01:00:00,100.0,100.0,2017-09-05T06:00:00Z,2017-09-05T03:00:00-03:00,2017-09-05T07:00:00Z,2017-09-05T04:00:00-03:00
2.7,,,False,6,so2,µg/m³,,raw,01:00:00,2017-09-05T07:00:00Z,2017-09-05T04:00:00-03:00,2017-09-05T08:00:00Z,2017-09-05T05:00:00-03:00,1,01:00:00,1,01:00:00,100.0,100.0,2017-09-05T07:00:00Z,2017-09-05T04:00:00-03:00,2017-09-05T08:00:00Z,2017-09-05T05:00:00-03:00
2.77,,,False,6,so2,µg/m³,,raw,01:00:00,2017-09-05T09:00:00Z,2017-09-05T06:00:00-03:00,2017-09-05T10:00:00Z,2017-09-05T07:00:00-03:00,1,01:00:00,1,01:00:00,100.0,100.0,2017-09-05T09:00:00Z,2017-09-05T06:00:00-03:00,2017-09-05T10:00:00Z,2017-09-05T07:00:00-03:00
2.58,,,False,6,so2,µg/m³,,raw,01:00:00,2017-09-05T10:00:00Z,2017-09-05T07:00:00-03:00,2017-09-05T11:00:00Z,2017-09-05T08:00:00-03:00,1,01:00:00,1,01:00:00,100.0,100.0,2017-09-05T10:00:00Z,2017-09-05T07:00:00-03:00,2017-09-05T11:00:00Z,2017-09-05T08:00:00-03:00
3.23,,,False,6,so2,µg/m³,,raw,01:00:00,2017-09-05T11:00:00Z,2017-09-05T08:00:00-03:00,2017-09-05T12:00:00Z,2017-09-05T09:00:00-03:00,1,01:00:00,1,01:00:00,100.0,100.0,2017-09-05T11:00:00Z,2017-09-05T08:00:00-03:00,2017-09-05T12:00:00Z,2017-09-05T09:00:00-03:00
3.69,,,False,6,so2,µg/m³,,raw,01:00:00,2017-09-05T12:00:00Z,2017-09-05T09:00:00-03:00,2017-09-05T13:00:00Z,2017-09-05T10:00:00-03:00,1,01:00:00,1,01:00:00,100.0,100.0,2017-09-05T12:00:00Z,2017-09-05T09:00:00-03:00,2017-09-05T13:00:00Z,2017-09-05T10:00:00-03:00
18.46,,,False,6,so2,µg/m³,,raw,01:00:00,2017-09-05T13:00:00Z,2017-09-05T10:00:00-03:00,2017-09-05T14:00:00Z,2017-09-05T11:00:00-03:00,1,01:00:00,1,01:00:00,100.0,100.0,2017-09-05T13:00:00Z,2017-09-05T10:00:00-03:00,2017-09-05T14:00:00Z,2017-09-05T11:00:00-03:00
67.57,,,False,6,so2,µg/m³,,raw,01:00:00,2017-09-05T14:00:00Z,2017-09-05T11:00:00-03:00,2017-09-05T15:00:00Z,2017-09-05T12:00:00-03:00,1,01:00:00,1,01:00:00,100.0,100.0,2017-09-05T14:00:00Z,2017-09-05T11:00:00-03:00,2017-09-05T15:00:00Z,2017-09-05T12:00:00-03:00
42.17,,,False,6,so2,µg/m³,,raw,01:00:00,2017-09-05T15:00:00Z,2017-09-05T12:00:00-03:00,2017-09-05T16:00:00Z,2017-09-05T13:00:00-03:00,1,01:00:00,1,01:00:00,100.0,100.0,2017-09-05T15:00:00Z,2017-09-05T12:00:00-03:00,2017-09-05T16:00:00Z,2017-09-05T13:00:00-03:00
18.69,,,False,6,so2,µg/m³,,raw,01:00:00,2017-09-05T16:00:00Z,2017-09-05T13:00:00-03:00,2017-09-05T17:00:00Z,2017-09-05T14:00:00-03:00,1,01:00:00,1,01:00:00,100.0,100.0,2017-09-05T16:00:00Z,2017-09-05T13:00:00-03:00,2017-09-05T17:00:00Z,2017-09-05T14:00:00-03:00
15.53,,,False,6,so2,µg/m³,,raw,01:00:00,2017-09-05T17:00:00Z,2017-09-05T14:00:00-03:00,2017-09-05T18:00:00Z,2017-09-05T15:00:00-03:00,1,01:00:00,1,01:00:00,100.0,100.0,2017-09-05T17:00:00Z,2017-09-05T14:00:00-03:00,2017-09-05T18:00:00Z,2017-09-05T15:00:00-03:00
9.81,,,False,6,so2,µg/m³,,raw,01:00:00,2017-09-05T18:00:00Z,2017-09-05T15:00:00-03:00,2017-09-05T19:00:00Z,2017-09-05T16:00:00-03:00,1,01:00:00,1,01:00:00,100.0,100.0,2017-09-05T18:00:00Z,2017-09-05T15:00:00-03:00,2017-09-05T19:00:00Z,2017-09-05T16:00:00-03:00
11.62,,,False,6,so2,µg/m³,,raw,01:00:00,2017-09-05T19:00:00Z,2017-09-05T16:00:00-03:00,2017-09-05T20:00:00Z,2017-09-05T17:00:00-03:00,1,01:00:00,1,01:00:00,100.0,100.0,2017-09-05T19:00:00Z,2017-09-05T16:00:00-03:00,2017-09-05T20:00:00Z,2017-09-05T17:00:00-03:00
10.21,,,False,6,so2,µg/m³,,raw,01:00:00,2017-09-05T20:00:00Z,2017-09-05T17:00:00-03:00,2017-09-05T21:00:00Z,2017-09-05T18:00:00-03:00,1,01:00:00,1,01:00:00,100.0,100.0,2017-09-05T20:00:00Z,2017-09-05T17:00:00-03:00,2017-09-05T21:00:00Z,2017-09-05T18:00:00-03:00
7.32,,,False,6,so2,µg/m³,,raw,01:00:00,2017-09-05T21:00:00Z,2017-09-05T18:00:00-03:00,2017-09-05T22:00:00Z,2017-09-05T19:00:00-03:00,1,01:00:00,1,01:00:00,100.0,100.0,2017-09-05T21:00:00Z,2017-09-05T18:00:00-03:00,2017-09-05T22:00:00Z,2017-09-05T19:00:00-03:00
4.16,,,False,6,so2,µg/m³,,raw,01:00:00,2017-09-05T22:00:00Z,2017-09-05T19:00:00-03:00,2017-09-05T23:00:00Z,2017-09-05T20:00:00-03:00,1,01:00:00,1,01:00:00,100.0,100.0,2017-09-05T22:00:00Z,2017-09-05T19:00:00-03:00,2017-09-05T23:00:00Z,2017-09-05T20:00:00-03:00
3.0,,,False,6,so2,µg/m³,,raw,01:00:00,2017-09-05T23:00:00Z,2017-09-05T20:00:00-03:00,2017-09-06T00:00:00Z,2017-09-05T21:00:00-03:00,1,01:00:00,1,01:00:00,100.0,100.0,2017-09-05T23:00:00Z,2017-09-05T20:00:00-03:00,2017-09-06T00:00:00Z,2017-09-05T21:00:00-03:00
3.1,,,False,6,so2,µg/m³,,raw,01:00:00,2017-09-06T00:00:00Z,2017-09-05T21:00:00-03:00,2017-09-06T01:00:00Z,2017-09-05T22:00:00-03:00,1,01:00:00,1,01:00:00,100.0,100.0,2017-09-06T00:00:00Z,2017-09-05T21:00:00-03:00,2017-09-06T01:00:00Z,2017-09-05T22:00:00-03:00
2.84,,,False,6,so2,µg/m³,,raw,01:00:00,2017-09-06T02:00:00Z,2017-09-05T23:00:00-03:00,2017-09-06T03:00:00Z,2017-09-06T00:00:00-03:00,1,01:00:00,1,01:00:00,100.0,100.0,2017-09-06T02:00:00Z,2017-09-05T23:00:00-03:00,2017-09-06T03:00:00Z,2017-09-06T00:00:00-03:00
2.64,,,False,6,so2,µg/m³,,raw,01:00:00,2017-09-06T03:00:00Z,2017-09-06T00:00:00-03:00,2017-09-06T04:00:00Z,2017-09-06T01:00:00-03:00,1,01:00:00,1,01:00:00,100.0,100.0,2017-09-06T03:00:00Z,2017-09-06T00:00:00-03:00,2017-09-06T04:00:00Z,2017-09-06T01:00:00-03:00
2.84,,,False,6,so2,µg/m³,,raw,01:00:00,2017-09-06T04:00:00Z,2017-09-06T01:00:00-03:00,2017-09-06T05:00:00Z,2017-09-06T02:00:00-03:00,1,01:00:00,1,01:00:00,100.0,100.0,2017-09-06T04:00:00Z,2017-09-06T01:00:00-03:00,2017-09-06T05:00:00Z,2017-09-06T02:00:00-03:00
2.93,,,False,6,so2,µg/m³,,raw,01:00:00,2017-09-06T05:00:00Z,2017-09-06T02:00:00-03:00,2017-09-06T06:00:00Z,2017-09-06T03:00:00-03:00,1,01:00:00,1,01:00:00,100.0,100.0,2017-09-06T05:00:00Z,2017-09-06T02:00:00-03:00,2017-09-06T06:00:00Z,2017-09-06T03:00:00-03:00
2.77,,,False,6,so2,µg/m³,,raw,01:00:00,2017-09-06T06:00:00Z,2017-09-06T03:00:00-03:00,2017-09-06T07:00:00Z,2017-09-06T04:00:00-03:00,1,01:00:00,1,01:00:00,100.0,100.0,2017-09-06T06:00:00Z,2017-09-06T03:00:00-03:00,2017-09-06T07:00:00Z,2017-09-06T04:00:00-03:00
2.74,,,False,6,so2,µg/m³,,raw,01:00:00,2017-09-06T07:00:00Z,2017-09-06T04:00:00-03:00,2017-09-06T08:00:00Z,2017-09-06T05:00:00-03:00,1,01:00:00,1,01:00:00,100.0,100.0,2017-09-06T07:00:00Z,2017-09-06T04:00:00-03:00,2017-09-06T08:00:00Z,2017-09-06T05:00:00-03:00
2.9,,,False,6,so2,µg/m³,,raw,01:00:00,2017-09-06T08:00:00Z,2017-09-06T05:00:00-03:00,2017-09-06T09:00:00Z,2017-09-06T06:00:00-03:00,1,01:00:00,1,01:00:00,100.0,100.0,2017-09-06T08:00:00Z,2017-09-06T05:00:00-03:00,2017-09-06T09:00:00Z,2017-09-06T06:00:00-03:00
2.89,,,False,6,so2,µg/m³,,raw,01:00:00,2017-09-06T09:00:00Z,2017-09-06T06:00:00-03:00,2017-09-06T10:00:00Z,2017-09-06T07:00:00-03:00,1,01:00:00,1,01:00:00,100.0,100.0,2017-09-06T09:00:00Z,2017-09-06T06:00:00-03:00,2017-09-06T10:00:00Z,2017-09-06T07:00:00-03:00
2.76,,,False,6,so2,µg/m³,,raw,01:00:00,2017-09-06T10:00:00Z,2017-09-06T07:00:00-03:00,2017-09-06T11:00:00Z,2017-09-06T08:00:00-03:00,1,01:00:00,1,01:00:00,100.0,100.0,2017-09-06T10:00:00Z,2017-09-06T07:00:00-03:00,2017-09-06T11:00:00Z,2017-09-06T08:00:00-03:00
3.65,,,False,6,so2,µg/m³,,raw,01:00:00,2017-09-06T11:00:00Z,2017-09-06T08:00:00-03:00,2017-09-06T12:00:00Z,2017-09-06T09:00:00-03:00,1,01:00:00,1,01:00:00,100.0,100.0,2017-09-06T11:00:00Z,2017-09-06T08:00:00-03:00,2017-09-06T12:00:00Z,2017-09-06T09:00:00-03:00
3.75,,,False,6,so2,µg/m³,,raw,01:00:00,2017-09-06T12:00:00Z,2017-09-06T09:00:00-03:00,2017-09-06T13:00:00Z,2017-09-06T10:00:00-03:00,1,01:00:00,1,01:00:00,100.0,100.0,2017-09-06T12:00:00Z,2017-09-06T09:00:00-03:00,2017-09-06T13:00:00Z,2017-09-06T10:00:00-03:00
11.84,,,False,6,so2,µg/m³,,raw,01:00:00,2017-09-06T13:00:00Z,2017-09-06T10:00:00-03:00,2017-09-06T14:00:00Z,2017-09-06T11:00:00-03:00,1,01:00:00,1,01:00:00,100.0,100.0,2017-09-06T13:00:00Z,2017-09-06T10:00:00-03:00,2017-09-06T14:00:00Z,2017-09-06T11:00:00-03:00
13.4,,,False,6,so2,µg/m³,,raw,01:00:00,2017-09-06T14:00:00Z,2017-09-06T11:00:00-03:00,2017-09-06T15:00:00Z,2017-09-06T12:00:00-03:00,1,01:00:00,1,01:00:00,100.0,100.0,2017-09-06T14:00:00Z,2017-09-06T11:00:00-03:00,2017-09-06T15:00:00Z,2017-09-06T12:00:00-03:00
10.27,,,False,6,so2,µg/m³,,raw,01:00:00,2017-09-06T16:00:00Z,2017-09-06T13:00:00-03:00,2017-09-06T17:00:00Z,2017-09-06T14:00:00-03:00,1,01:00:00,1,01:00:00,100.0,100.0,2017-09-06T16:00:00Z,2017-09-06T13:00:00-03:00,2017-09-06T17:00:00Z,2017-09-06T14:00:00-03:00
6.87,,,False,6,so2,µg/m³,,raw,01:00:00,2017-09-06T17:00:00Z,2017-09-06T14:00:00-03:00,2017-09-06T18:00:00Z,2017-09-06T15:00:00-03:00,1,01:00:00,1,01:00:00,100.0,100.0,2017-09-06T17:00:00Z,2017-09-06T14:00:00-03:00,2017-09-06T18:00:00Z,2017-09-06T15:00:00-03:00
6.44,,,False,6,so2,µg/m³,,raw,01:00:00,2017-09-06T18:00:00Z,2017-09-06T15:00:00-03:00,2017-09-06T19:00:00Z,2017-09-06T16:00:00-03:00,1,01:00:00,1,01:00:00,100.0,100.0,2017-09-06T18:00:00Z,2017-09-06T15:00:00-03:00,2017-09-06T19:00:00Z,2017-09-06T16:00:00-03:00
5.29,,,False,6,so2,µg/m³,,raw,01:00:00,2017-09-06T19:00:00Z,2017-09-06T16:00:00-03:00,2017-09-06T20:00:00Z,2017-09-06T17:00:00-03:00,1,01:00:00,1,01:00:00,100.0,100.0,2017-09-06T19:00:00Z,2017-09-06T16:00:00-03:00,2017-09-06T20:00:00Z,2017-09-06T17:00:00-03:00
4.19,,,False,6,so2,µg/m³,,raw,01:00:00,2017-09-06T20:00:00Z,2017-09-06T17:00:00-03:00,2017-09-06T21:00:00Z,2017-09-06T18:00:00-03:00,1,01:00:00,1,01:00:00,100.0,100.0,2017-09-06T20:00:00Z,2017-09-06T17:00:00-03:00,2017-09-06T21:00:00Z,2017-09-06T18:00:00-03:00
2.8,,,False,6,so2,µg/m³,,raw,01:00:00,2017-09-07T02:00:00Z,2017-09-06T23:00:00-03:00,2017-09-07T03:00:00Z,2017-09-07T00:00:00-03:00,1,01:00:00,1,01:00:00,100.0,100.0,2017-09-07T02:00:00Z,2017-09-06T23:00:00-03:00,2017-09-07T03:00:00Z,2017-09-07T00:00:00-03:00
2.91,,,False,6,so2,µg/m³,,raw,01:00:00,2017-09-07T03:00:00Z,2017-09-07T00:00:00-03:00,2017-09-07T04:00:00Z,2017-09-07T01:00:00-03:00,1,01:00:00,1,01:00:00,100.0,100.0,2017-09-07T03:00:00Z,2017-09-07T00:00:00-03:00,2017-09-07T04:00:00Z,2017-09-07T01:00:00-03:00
2.75,,,False,6,so2,µg/m³,,raw,01:00:00,2017-09-07T04:00:00Z,2017-09-07T01:00:00-03:00,2017-09-07T05:00:00Z,2017-09-07T02:00:00-03:00,1,01:00:00,1,01:00:00,100.0,100.0,2017-09-07T04:00:00Z,2017-09-07T01:00:00-03:00,2017-09-07T05:00:00Z,2017-09-07T02:00:00-03:00
3.1,,,False,6,so2,µg/m³,,raw,01:00:00,2017-09-07T06:00:00Z,2017-09-07T03:00:00-03:00,2017-09-07T07:00:00Z,2017-09-07T04:00:00-03:00,1,01:00:00,1,01:00:00,100.0,100.0,2017-09-07T06:00:00Z,2017-09-07T03:00:00-03:00,2017-09-07T07:00:00Z,2017-09-07T04:00:00-03:00
2.96,,,False,6,so2,µg/m³,,raw,01:00:00,2017-09-07T07:00:00Z,2017-09-07T04:00:00-03:00,2017-09-07T08:00:00Z,2017-09-07T05:00:00-03:00,1,01:00:00,1,01:00:00,100.0,100.0,2017-09-07T07:00:00Z,2017-09-07T04:00:00-03:00,2017-09-07T08:00:00Z,2017-09-07T05:00:00-03:00
2.77,,,False,6,so2,µg/m³,,raw,01:00:00,2017-09-07T08:00:00Z,2017-09-07T05:00:00-03:00,2017-09-07T09:00:00Z,2017-09-07T06:00:00-03:00,1,01:00:00,1,01:00:00,100.0,100.0,2017-09-07T08:00:00Z,2017-09-07T05:00:00-03:00,2017-09-07T09:00:00Z,2017-09-07T06:00:00-03:00
2.78,,,False,6,so2,µg/m³,,raw,01:00:00,2017-09-07T09:00:00Z,2017-09-07T06:00:00-03:00,2017-09-07T10:00:00Z,2017-09-07T07:00:00-03:00,1,01:00:00,1,01:00:00,100.0,100.0,2017-09-07T09:00:00Z,2017-09-07T06:00:00-03:00,2017-09-07T10:00:00Z,2017-09-07T07:00:00-03:00
3.79,,,False,6,so2,µg/m³,,raw,01:00:00,2017-09-07T11:00:00Z,2017-09-07T08:00:00-03:00,2017-09-07T12:00:00Z,2017-09-07T09:00:00-03:00,1,01:00:00,1,01:00:00,100.0,100.0,2017-09-07T11:00:00Z,2017-09-07T08:00:00-03:00,2017-09-07T12:00:00Z,2017-09-07T09:00:00-03:00
5.84,,,False,6,so2,µg/m³,,raw,01:00:00,2017-09-07T12:00:00Z,2017-09-07T09:00:00-03:00,2017-09-07T13:00:00Z,2017-09-07T10:00:00-03:00,1,01:00:00,1,01:00:00,100.0,100.0,2017-09-07T12:00:00Z,2017-09-07T09:00:00-03:00,2017-09-07T13:00:00Z,2017-09-07T10:00:00-03:00
33.04,,,False,6,so2,µg/m³,,raw,01:00:00,2017-09-07T13:00:00Z,2017-09-07T10:00:00-03:00,2017-09-07T14:00:00Z,2017-09-07T11:00:00-03:00,1,01:00:00,1,01:00:00,100.0,100.0,2017-09-07T13:00:00Z,2017-09-07T10:00:00-03:00,2017-09-07T14:00:00Z,2017-09-07T11:00:00-03:00
31.1,,,False,6,so2,µg/m³,,raw,01:00:00,2017-09-07T14:00:00Z,2017-09-07T11:00:00-03:00,2017-09-07T15:00:00Z,2017-09-07T12:00:00-03:00,1,01:00:00,1,01:00:00,100.0,100.0,2017-09-07T14:00:00Z,2017-09-07T11:00:00-03:00,2017-09-07T15:00:00Z,2017-09-07T12:00:00-03:00
27.03,,,False,6,so2,µg/m³,,raw,01:00:00,2017-09-07T15:00:00Z,2017-09-07T12:00:00-03:00,2017-09-07T16:00:00Z,2017-09-07T13:00:00-03:00,1,01:00:00,1,01:00:00,100.0,100.0,2017-09-07T15:00:00Z,2017-09-07T12:00:00-03:00,2017-09-07T16:00:00Z,2017-09-07T13:00:00-03:00
18.8,,,False,6,so2,µg/m³,,raw,01:00:00,2017-09-07T16:00:00Z,2017-09-07T13:00:00-03:00,2017-09-07T17:00:00Z,2017-09-07T14:00:00-03:00,1,01:00:00,1,01:00:00,100.0,100.0,2017-09-07T16:00:00Z,2017-09-07T13:00:00-03:00,2017-09-07T17:00:00Z,2017-09-07T14:00:00-03:00
11.79,,,False,6,so2,µg/m³,,raw,01:00:00,2017-09-07T17:00:00Z,2017-09-07T14:00:00-03:00,2017-09-07T18:00:00Z,2017-09-07T15:00:00-03:00,1,01:00:00,1,01:00:00,100.0,100.0,2017-09-07T17:00:00Z,2017-09-07T14:00:00-03:00,2017-09-07T18:00:00Z,2017-09-07T15:00:00-03:00
8.17,,,False,6,so2,µg/m³,,raw,01:00:00,2017-09-07T18:00:00Z,2017-09-07T15:00:00-03:00,2017-09-07T19:00:00Z,2017-09-07T16:00:00-03:00,1,01:00:00,1,01:00:00,100.0,100.0,2017-09-07T18:00:00Z,2017-09-07T15:00:00-03:00,2017-09-07T19:00:00Z,2017-09-07T16:00:00-03:00
7.93,,,False,6,so2,µg/m³,,raw,01:00:00,2017-09-07T19:00:00Z,2017-09-07T16:00:00-03:00,2017-09-07T20:00:00Z,2017-09-07T17:00:00-03:00,1,01:00:00,1,01:00:00,100.0,100.0,2017-09-07T19:00:00Z,2017-09-07T16:00:00-03:00,2017-09-07T20:00:00Z,2017-09-07T17:00:00-03:00
7.17,,,False,6,so2,µg/m³,,raw,01:00:00,2017-09-07T20:00:00Z,2017-09-07T17:00:00-03:00,2017-09-07T21:00:00Z,2017-09-07T18:00:00-03:00,1,01:00:00,1,01:00:00,100.0,100.0,2017-09-07T20:00:00Z,2017-09-07T17:00:00-03:00,2017-09-07T21:00:00Z,2017-09-07T18:00:00-03:00
4.16,,,False,6,so2,µg/m³,,raw,01:00:00,2017-09-07T21:00:00Z,2017-09-07T18:00:00-03:00,2017-09-07T22:00:00Z,2017-09-07T19:00:00-03:00,1,01:00:00,1,01:00:00,100.0,100.0,2017-09-07T21:00:00Z,2017-09-07T18:00:00-03:00,2017-09-07T22:00:00Z,2017-09-07T19:00:00-03:00
3.24,,,False,6,so2,µg/m³,,raw,01:00:00,2017-09-07T22:00:00Z,2017-09-07T19:00:00-03:00,2017-09-07T23:00:00Z,2017-09-07T20:00:00-03:00,1,01:00:00,1,01:00:00,100.0,100.0,2017-09-07T22:00:00Z,2017-09-07T19:00:00-03:00,2017-09-07T23:00:00Z,2017-09-07T20:00:00-03:00
2.44,,,False,6,so2,µg/m³,,raw,01:00:00,2017-09-07T23:00:00Z,2017-09-07T20:00:00-03:00,2017-09-08T00:00:00Z,2017-09-07T21:00:00-03:00,1,01:00:00,1,01:00:00,100.0,100.0,2017-09-07T23:00:00Z,2017-09-07T20:00:00-03:00,2017-09-08T00:00:00Z,2017-09-07T21:00:00-03:00
2.84,,,False,6,so2,µg/m³,,raw,01:00:00,2017-09-08T00:00:00Z,2017-09-07T21:00:00-03:00,2017-09-08T01:00:00Z,2017-09-07T22:00:00-03:00,1,01:00:00,1,01:00:00,100.0,100.0,2017-09-08T00:00:00Z,2017-09-07T21:00:00-03:00,2017-09-08T01:00:00Z,2017-09-07T22:00:00-03:00
2.5,,,False,6,so2,µg/m³,,raw,01:00:00,2017-09-08T01:00:00Z,2017-09-07T22:00:00-03:00,2017-09-08T02:00:00Z,2017-09-07T23:00:00-03:00,1,01:00:00,1,01:00:00,100.0,100.0,2017-09-08T01:00:00Z,2017-09-07T22:00:00-03:00,2017-09-08T02:00:00Z,2017-09-07T23:00:00-03:00
2.57,,,False,6,so2,µg/m³,,raw,01:00:00,2017-09-08T04:00:00Z,2017-09-08T01:00:00-03:00,2017-09-08T05:00:00Z,2017-09-08T02:00:00-03:00,1,01:00:00,1,01:00:00,100.0,100.0,2017-09-08T04:00:00Z,2017-09-08T01:00:00-03:00,2017-09-08T05:00:00Z,2017-09-08T02:00:00-03:00
2.82,,,False,6,so2,µg/m³,,raw,01:00:00,2017-09-08T06:00:00Z,2017-09-08T03:00:00-03:00,2017-09-08T07:00:00Z,2017-09-08T04:00:00-03:00,1,01:00:00,1,01:00:00,100.0,100.0,2017-09-08T06:00:00Z,2017-09-08T03:00:00-03:00,2017-09-08T07:00:00Z,2017-09-08T04:00:00-03:00
2.52,,,False,6,so2,µg/m³,,raw,01:00:00,2017-09-08T07:00:00Z,2017-09-08T04:00:00-03:00,2017-09-08T08:00:00Z,2017-09-08T05:00:00-03:00,1,01:00:00,1,01:00:00,100.0,100.0,2017-09-08T07:00:00Z,2017-09-08T04:00:00-03:00,2017-09-08T08:00:00Z,2017-09-08T05:00:00-03:00
2.64,,,False,6,so2,µg/m³,,raw,01:00:00,2017-09-08T08:00:00Z,2017-09-08T05:00:00-03:00,2017-09-08T09:00:00Z,2017-09-08T06:00:00-03:00,1,01:00:00,1,01:00:00,100.0,100.0,2017-09-08T08:00:00Z,2017-09-08T05:00:00-03:00,2017-09-08T09:00:00Z,2017-09-08T06:00:00-03:00
2.72,,,False,6,so2,µg/m³,,raw,01:00:00,2017-09-08T09:00:00Z,2017-09-08T06:00:00-03:00,2017-09-08T10:00:00Z,2017-09-08T07:00:00-03:00,1,01:00:00,1,01:00:00,100.0,100.0,2017-09-08T09:00:00Z,2017-09-08T06:00:00-03:00,2017-09-08T10:00:00Z,2017-09-08T07:00:00-03:00
2.13,,,False,6,so2,µg/m³,,raw,01:00:00,2017-09-08T10:00:00Z,2017-09-08T07:00:00-03:00,2017-09-08T11:00:00Z,2017-09-08T08:00:00-03:00,1,01:00:00,1,01:00:00,100.0,100.0,2017-09-08T10:00:00Z,2017-09-08T07:00:00-03:00,2017-09-08T11:00:00Z,2017-09-08T08:00:00-03:00
2.89,,,False,6,so2,µg/m³,,raw,01:00:00,2017-09-08T11:00:00Z,2017-09-08T08:00:00-03:00,2017-09-08T12:00:00Z,2017-09-08T09:00:00-03:00,1,01:00:00,1,01:00:00,100.0,100.0,2017-09-08T11:00:00Z,2017-09-08T08:00:00-03:00,2017-09-08T12:00:00Z,2017-09-08T09:00:00-03:00
3.05,,,False,6,so2,µg/m³,,raw,01:00:00,2017-09-08T12:00:00Z,2017-09-08T09:00:00-03:00,2017-09-08T13:00:00Z,2017-09-08T10:00:00-03:00,1,01:00:00,1,01:00:00,100.0,100.0,2017-09-08T12:00:00Z,2017-09-08T09:00:00-03:00,2017-09-08T13:00:00Z,2017-09-08T10:00:00-03:00
3.24,,,False,6,so2,µg/m³,,raw,01:00:00,2017-09-08T13:00:00Z,2017-09-08T10:00:00-03:00,2017-09-08T14:00:00Z,2017-09-08T11:00:00-03:00,1,01:00:00,1,01:00:00,100.0,100.0,2017-09-08T13:00:00Z,2017-09-08T10:00:00-03:00,2017-09-08T14:00:00Z,2017-09-08T11:00:00-03:00
3.1,,,False,6,so2,µg/m³,,raw,01:00:00,2017-09-08T14:00:00Z,2017-09-08T11:00:00-03:00,2017-09-08T15:00:00Z,2017-09-08T12:00:00-03:00,1,01:00:00,1,01:00:00,100.0,100.0,2017-09-08T14:00:00Z,2017-09-08T11:00:00-03:00,2017-09-08T15:00:00Z,2017-09-08T12:00:00-03:00
3.1,,,False,6,so2,µg/m³,,raw,01:00:00,2017-09-08T15:00:00Z,2017-09-08T12:00:00-03:00,2017-09-08T16:00:00Z,2017-09-08T13:00:00-03:00,1,01:00:00,1,01:00:00,100.0,100.0,2017-09-08T15:00:00Z,2017-09-08T12:00:00-03:00,2017-09-08T16:00:00Z,2017-09-08T13:00:00-03:00
3.06,,,False,6,so2,µg/m³,,raw,01:00:00,2017-09-08T16:00:00Z,2017-09-08T13:00:00-03:00,2017-09-08T17:00:00Z,2017-09-08T14:00:00-03:00,1,01:00:00,1,01:00:00,100.0,100.0,2017-09-08T16:00:00Z,2017-09-08T13:00:00-03:00,2017-09-08T17:00:00Z,2017-09-08T14:00:00-03:00
3.15,,,False,6,so2,µg/m³,,raw,01:00:00,2017-09-08T17:00:00Z,2017-09-08T14:00:00-03:00,2017-09-08T18:00:00Z,2017-09-08T15:00:00-03:00,1,01:00:00,1,01:00:00,100.0,100.0,2017-09-08T17:00:00Z,2017-09-08T14:00:00-03:00,2017-09-08T18:00:00Z,2017-09-08T15:00:00-03:00
3.35,,,False,6,so2,µg/m³,,raw,01:00:00,2017-09-08T19:00:00Z,2017-09-08T16:00:00-03:00,2017-09-08T20:00:00Z,2017-09-08T17:00:00-03:00,1,01:00:00,1,01:00:00,100.0,100.0,2017-09-08T19:00:00Z,2017-09-08T16:00:00-03:00,2017-09-08T20:00:00Z,2017-09-08T17:00:00-03:00
3.24,,,False,6,so2,µg/m³,,raw,01:00:00,2017-09-08T20:00:00Z,2017-09-08T17:00:00-03:00,2017-09-08T21:00:00Z,2017-09-08T18:00:00-03:00,1,01:00:00,1,01:00:00,100.0,100.0,2017-09-08T20:00:00Z,2017-09-08T17:00:00-03:00,2017-09-08T21:00:00Z,2017-09-08T18:00:00-03:00
3.35,,,False,6,so2,µg/m³,,raw,01:00:00,2017-09-08T21:00:00Z,2017-09-08T18:00:00-03:00,2017-09-08T22:00:00Z,2017-09-08T19:00:00-03:00,1,01:00:00,1,01:00:00,100.0,100.0,2017-09-08T21:00:00Z,2017-09-08T18:00:00-03:00,2017-09-08T22:00:00Z,2017-09-08T19:00:00-03:00
3.06,,,False,6,so2,µg/m³,,raw,01:00:00,2017-09-08T22:00:00Z,2017-09-08T19:00:00-03:00,2017-09-08T23:00:00Z,2017-09-08T20:00:00-03:00,1,01:00:00,1,01:00:00,100.0,100.0,2017-09-08T22:00:00Z,2017-09-08T19:00:00-03:00,2017-09-08T23:00:00Z,2017-09-08T20:00:00-03:00
2.69,,,False,6,so2,µg/m³,,raw,01:00:00,2017-09-08T23:00:00Z,2017-09-08T20:00:00-03:00,2017-09-09T00:00:00Z,2017-09-08T21:00:00-03:00,1,01:00:00,1,01:00:00,100.0,100.0,2017-09-08T23:00:00Z,2017-09-08T20:00:00-03:00,2017-09-09T00:00:00Z,2017-09-08T21:00:00-03:00
2.55,,,False,6,so2,µg/m³,,raw,01:00:00,2017-09-09T00:00:00Z,2017-09-08T21:00:00-03:00,2017-09-09T01:00:00Z,2017-09-08T22:00:00-03:00,1,01:00:00,1,01:00:00,100.0,100.0,2017-09-09T00:00:00Z,2017-09-08T21:00:00-03:00,2017-09-09T01:00:00Z,2017-09-08T22:00:00-03:00
2.64,,,False,6,so2,µg/m³,,raw,01:00:00,2017-09-09T01:00:00Z,2017-09-08T22:00:00-03:00,2017-09-09T02:00:00Z,2017-09-08T23:00:00-03:00,1,01:00:00,1,01:00:00,100.0,100.0,2017-09-09T01:00:00Z,2017-09-08T22:00:00-03:00,2017-09-09T02:00:00Z,2017-09-08T23:00:00-03:00
2.92,,,False,6,so2,µg/m³,,raw,01:00:00,2017-09-09T02:00:00Z,2017-09-08T23:00:00-03:00,2017-09-09T03:00:00Z,2017-09-09T00:00:00-03:00,1,01:00:00,1,01:00:00,100.0,100.0,2017-09-09T02:00:00Z,2017-09-08T23:00:00-03:00,2017-09-09T03:00:00Z,2017-09-09T00:00:00-03:00
2.85,,,False,6,so2,µg/m³,,raw,01:00:00,2017-09-09T03:00:00Z,2017-09-09T00:00:00-03:00,2017-09-09T04:00:00Z,2017-09-09T01:00:00-03:00,1,01:00:00,1,01:00:00,100.0,100.0,2017-09-09T03:00:00Z,2017-09-09T00:00:00-03:00,2017-09-09T04:00:00Z,2017-09-09T01:00:00-03:00
2.63,,,False,6,so2,µg/m³,,raw,01:00:00,2017-09-09T04:00:00Z,2017-09-09T01:00:00-03:00,2017-09-09T05:00:00Z,2017-09-09T02:00:00-03:00,1,01:00:00,1,01:00:00,100.0,100.0,2017-09-09T04:00:00Z,2017-09-09T01:00:00-03:00,2017-09-09T05:00:00Z,2017-09-09T02:00:00-03:00
2.92,,,False,6,so2,µg/m³,,raw,01:00:00,2017-09-09T06:00:00Z,2017-09-09T03:00:00-03:00,2017-09-09T07:00:00Z,2017-09-09T04:00:00-03:00,1,01:00:00,1,01:00:00,100.0,100.0,2017-09-09T06:00:00Z,2017-09-09T03:00:00-03:00,2017-09-09T07:00:00Z,2017-09-09T04:00:00-03:00
3.07,,,False,6,so2,µg/m³,,raw,01:00:00,2017-09-09T07:00:00Z,2017-09-09T04:00:00-03:00,2017-09-09T08:00:00Z,2017-09-09T05:00:00-03:00,1,01:00:00,1,01:00:00,100.0,100.0,2017-09-09T07:00:00Z,2017-09-09T04:00:00-03:00,2017-09-09T08:00:00Z,2017-09-09T05:00:00-03:00
2.83,,,False,6,so2,µg/m³,,raw,01:00:00,2017-09-09T08:00:00Z,2017-09-09T05:00:00-03:00,2017-09-09T09:00:00Z,2017-09-09T06:00:00-03:00,1,01:00:00,1,01:00:00,100.0,100.0,2017-09-09T08:00:00Z,2017-09-09T05:00:00-03:00,2017-09-09T09:00:00Z,2017-09-09T06:00:00-03:00
2.95,,,False,6,so2,µg/m³,,raw,01:00:00,2017-09-09T09:00:00Z,2017-09-09T06:00:00-03:00,2017-09-09T10:00:00Z,2017-09-09T07:00:00-03:00,1,01:00:00,1,01:00:00,100.0,100.0,2017-09-09T09:00:00Z,2017-09-09T06:00:00-03:00,2017-09-09T10:00:00Z,2017-09-09T07:00:00-03:00
3.09,,,False,6,so2,µg/m³,,raw,01:00:00,2017-09-09T10:00:00Z,2017-09-09T07:00:00-03:00,2017-09-09T11:00:00Z,2017-09-09T08:00:00-03:00,1,01:00:00,1,01:00:00,100.0,100.0,2017-09-09T10:00:00Z,2017-09-09T07:00:00-03:00,2017-09-09T11:00:00Z,2017-09-09T08:00:00-03:00
3.25,,,False,6,so2,µg/m³,,raw,01:00:00,2017-09-09T11:00:00Z,2017-09-09T08:00:00-03:00,2017-09-09T12:00:00Z,2017-09-09T09:00:00-03:00,1,01:00:00,1,01:00:00,100.0,100.0,2017-09-09T11:00:00Z,2017-09-09T08:00:00-03:00,2017-09-09T12:00:00Z,2017-09-09T09:00:00-03:00
3.04,,,False,6,so2,µg/m³,,raw,01:00:00,2017-09-09T12:00:00Z,2017-09-09T09:00:00-03:00,2017-09-09T13:00:00Z,2017-09-09T10:00:00-03:00,1,01:00:00,1,01:00:00,100.0,100.0,2017-09-09T12:00:00Z,2017-09-09T09:00:00-03:00,2017-09-09T13:00:00Z,2017-09-09T10:00:00-03:00
3.43,,,False,6,so2,µg/m³,,raw,01:00:00,2017-09-09T13:00:00Z,2017-09-09T10:00:00-03:00,2017-09-09T14:00:00Z,2017-09-09T11:00:00-03:00,1,01:00:00,1,01:00:00,100.0,100.0,2017-09-09T13:00:00Z,2017-09-09T10:00:00-03:00,2017-09-09T14:00:00Z,2017-09-09T11:00:00-03:00
3.15,,,False,6,so2,µg/m³,,raw,01:00:00,2017-09-09T14:00:00Z,2017-09-09T11:00:00-03:00,2017-09-09T15:00:00Z,2017-09-09T12:00:00-03:00,1,01:00:00,1,01:00:00,100.0,100.0,2017-09-09T14:00:00Z,2017-09-09T11:00:00-03:00,2017-09-09T15:00:00Z,2017-09-09T12:00:00-03:00
3.42,,,False,6,so2,µg/m³,,raw,01:00:00,2017-09-09T15:00:00Z,2017-09-09T12:00:00-03:00,2017-09-09T16:00:00Z,2017-09-09T13:00:00-03:00,1,01:00:00,1,01:00:00,100.0,100.0,2017-09-09T15:00:00Z,2017-09-09T12:00:00-03:00,2017-09-09T16:00:00Z,2017-09-09T13:00:00-03:00
3.49,,,False,6,so2,µg/m³,,raw,01:00:00,2017-09-09T16:00:00Z,2017-09-09T13:00:00-03:00,2017-09-09T17:00:00Z,2017-09-09T14:00:00-03:00,1,01:00:00,1,01:00:00,100.0,100.0,2017-09-09T16:00:00Z,2017-09-09T13:00:00-03:00,2017-09-09T17:00:00Z,2017-09-09T14:00:00-03:00
3.59,,,False,6,so2,µg/m³,,raw,01:00:00,2017-09-09T17:00:00Z,2017-09-09T14:00:00-03:00,2017-09-09T18:00:00Z,2017-09-09T15:00:00-03:00,1,01:00:00,1,01:00:00,100.0,100.0,2017-09-09T17:00:00Z,2017-09-09T14:00:00-03:00,2017-09-09T18:00:00Z,2017-09-09T15:00:00-03:00
4.03,,,False,6,so2,µg/m³,,raw,01:00:00,2017-09-09T18:00:00Z,2017-09-09T15:00:00-03:00,2017-09-09T19:00:00Z,2017-09-09T16:00:00-03:00,1,01:00:00,1,01:00:00,100.0,100.0,2017-09-09T18:00:00Z,2017-09-09T15:00:00-03:00,2017-09-09T19:00:00Z,2017-09-09T16:00:00-03:00
4.94,,,False,6,so2,µg/m³,,raw,01:00:00,2017-09-09T19:00:00Z,2017-09-09T16:00:00-03:00,2017-09-09T20:00:00Z,2017-09-09T17:00:00-03:00,1,01:00:00,1,01:00:00,100.0,100.0,2017-09-09T19:00:00Z,2017-09-09T16:00:00-03:00,2017-09-09T20:00:00Z,2017-09-09T17:00:00-03:00
4.48,,,False,6,so2,µg/m³,,raw,01:00:00,2017-09-09T20:00:00Z,2017-09-09T17:00:00-03:00,2017-09-09T21:00:00Z,2017-09-09T18:00:00-03:00,1,01:00:00,1,01:00:00,100.0,100.0,2017-09-09T20:00:00Z,2017-09-09T17:00:00-03:00,2017-09-09T21:00:00Z,2017-09-09T18:00:00-03:00
3.83,,,False,6,so2,µg/m³,,raw,01:00:00,2017-09-09T21:00:00Z,2017-09-09T18:00:00-03:00,2017-09-09T22:00:00Z,2017-09-09T19:00:00-03:00,1,01:00:00,1,01:00:00,100.0,100.0,2017-09-09T21:00:00Z,2017-09-09T18:00:00-03:00,2017-09-09T22:00:00Z,2017-09-09T19:00:00-03:00
3.37,,,False,6,so2,µg/m³,,raw,01:00:00,2017-09-09T22:00:00Z,2017-09-09T19:00:00-03:00,2017-09-09T23:00:00Z,2017-09-09T20:00:00-03:00,1,01:00:00,1,01:00:00,100.0,100.0,2017-09-09T22:00:00Z,2017-09-09T19:00:00-03:00,2017-09-09T23:00:00Z,2017-09-09T20:00:00-03:00
2.67,,,False,6,so2,µg/m³,,raw,01:00:00,2017-09-09T23:00:00Z,2017-09-09T20:00:00-03:00,2017-09-10T00:00:00Z,2017-09-09T21:00:00-03:00,1,01:00:00,1,01:00:00,100.0,100.0,2017-09-09T23:00:00Z,2017-09-09T20:00:00-03:00,2017-09-10T00:00:00Z,2017-09-09T21:00:00-03:00
2.44,,,False,6,so2,µg/m³,,raw,01:00:00,2017-09-10T01:00:00Z,2017-09-09T22:00:00-03:00,2017-09-10T02:00:00Z,2017-09-09T23:00:00-03:00,1,01:00:00,1,01:00:00,100.0,100.0,2017-09-10T01:00:00Z,2017-09-09T22:00:00-03:00,2017-09-10T02:00:00Z,2017-09-09T23:00:00-03:00
2.41,,,False,6,so2,µg/m³,,raw,01:00:00,2017-09-10T02:00:00Z,2017-09-09T23:00:00-03:00,2017-09-10T03:00:00Z,2017-09-10T00:00:00-03:00,1,01:00:00,1,01:00:00,100.0,100.0,2017-09-10T02:00:00Z,2017-09-09T23:00:00-03:00,2017-09-10T03:00:00Z,2017-09-10T00:00:00-03:00
2.81,,,False,6,so2,µg/m³,,raw,01:00:00,2017-09-10T03:00:00Z,2017-09-10T00:00:00-03:00,2017-09-10T04:00:00Z,2017-09-10T01:00:00-03:00,1,01:00:00,1,01:00:00,100.0,100.0,2017-09-10T03:00:00Z,2017-09-10T00:00:00-03:00,2017-09-10T04:00:00Z,2017-09-10T01:00:00-03:00
2.66,,,False,6,so2,µg/m³,,raw,01:00:00,2017-09-10T04:00:00Z,2017-09-10T01:00:00-03:00,2017-09-10T05:00:00Z,2017-09-10T02:00:00-03:00,1,01:00:00,1,01:00:00,100.0,100.0,2017-09-10T04:00:00Z,2017-09-10T01:00:00-03:00,2017-09-10T05:00:00Z,2017-09-10T02:00:00-03:00
2.7,,,False,6,so2,µg/m³,,raw,01:00:00,2017-09-10T05:00:00Z,2017-09-10T02:00:00-03:00,2017-09-10T06:00:00Z,2017-09-10T03:00:00-03:00,1,01:00:00,1,01:00:00,100.0,100.0,2017-09-10T05:00:00Z,2017-09-10T02:00:00-03:00,2017-09-10T06:00:00Z,2017-09-10T03:00:00-03:00
2.63,,,False,6,so2,µg/m³,,raw,01:00:00,2017-09-10T06:00:00Z,2017-09-10T03:00:00-03:00,2017-09-10T07:00:00Z,2017-09-10T04:00:00-03:00,1,01:00:00,1,01:00:00,100.0,100.0,2017-09-10T06:00:00Z,2017-09-10T03:00:00-03:00,2017-09-10T07:00:00Z,2017-09-10T04:00:00-03:00
2.42,,,False,6,so2,µg/m³,,raw,01:00:00,2017-09-10T07:00:00Z,2017-09-10T04:00:00-03:00,2017-09-10T08:00:00Z,2017-09-10T05:00:00-03:00,1,01:00:00,1,01:00:00,100.0,100.0,2017-09-10T07:00:00Z,2017-09-10T04:00:00-03:00,2017-09-10T08:00:00Z,2017-09-10T05:00:00-03:00
1.89,,,False,6,so2,µg/m³,,raw,01:00:00,2017-09-10T08:00:00Z,2017-09-10T05:00:00-03:00,2017-09-10T09:00:00Z,2017-09-10T06:00:00-03:00,1,01:00:00,1,01:00:00,100.0,100.0,2017-09-10T08:00:00Z,2017-09-10T05:00:00-03:00,2017-09-10T09:00:00Z,2017-09-10T06:00:00-03:00
2.63,,,False,6,so2,µg/m³,,raw,01:00:00,2017-09-10T09:00:00Z,2017-09-10T06:00:00-03:00,2017-09-10T10:00:00Z,2017-09-10T07:00:00-03:00,1,01:00:00,1,01:00:00,100.0,100.0,2017-09-10T09:00:00Z,2017-09-10T06:00:00-03:00,2017-09-10T10:00:00Z,2017-09-10T07:00:00-03:00
2.82,,,False,6,so2,µg/m³,,raw,01:00:00,2017-09-10T10:00:00Z,2017-09-10T07:00:00-03:00,2017-09-10T11:00:00Z,2017-09-10T08:00:00-03:00,1,01:00:00,1,01:00:00,100.0,100.0,2017-09-10T10:00:00Z,2017-09-10T07:00:00-03:00,2017-09-10T11:00:00Z,2017-09-10T08:00:00-03:00
2.78,,,False,6,so2,µg/m³,,raw,01:00:00,2017-09-10T11:00:00Z,2017-09-10T08:00:00-03:00,2017-09-10T12:00:00Z,2017-09-10T09:00:00-03:00,1,01:00:00,1,01:00:00,100.0,100.0,2017-09-10T11:00:00Z,2017-09-10T08:00:00-03:00,2017-09-10T12:00:00Z,2017-09-10T09:00:00-03:00
2.61,,,False,6,so2,µg/m³,,raw,01:00:00,2017-09-10T12:00:00Z,2017-09-10T09:00:00-03:00,2017-09-10T13:00:00Z,2017-09-10T10:00:00-03:00,1,01:00:00,1,01:00:00,100.0,100.0,2017-09-10T12:00:00Z,2017-09-10T09:00:00-03:00,2017-09-10T13:00:00Z,2017-09-10T10:00:00-03:00
2.97,,,False,6,so2,µg/m³,,raw,01:00:00,2017-09-10T13:00:00Z,2017-09-10T10:00:00-03:00,2017-09-10T14:00:00Z,2017-09-10T11:00:00-03:00,1,01:00:00,1,01:00:00,100.0,100.0,2017-09-10T13:00:00Z,2017-09-10T10:00:00-03:00,2017-09-10T14:00:00Z,2017-09-10T11:00:00-03:00
2.9,,,False,6,so2,µg/m³,,raw,01:00:00,2017-09-10T14:00:00Z,2017-09-10T11:00:00-03:00,2017-09-10T15:00:00Z,2017-09-10T12:00:00-03:00,1,01:00:00,1,01:00:00,100.0,100.0,2017-09-10T14:00:00Z,2017-09-10T11:00:00-03:00,2017-09-10T15:00:00Z,2017-09-10T12:00:00-03:00
2.97,,,False,6,so2,µg/m³,,raw,01:00:00,2017-09-10T15:00:00Z,2017-09-10T12:00:00-03:00,2017-09-10T16:00:00Z,2017-09-10T13:00:00-03:00,1,01:00:00,1,01:00:00,100.0,100.0,2017-09-10T15:00:00Z,2017-09-10T12:00:00-03:00,2017-09-10T16:00:00Z,2017-09-10T13:00:00-03:00
2.86,,,False,6,so2,µg/m³,,raw,01:00:00,2017-09-10T16:00:00Z,2017-09-10T13:00:00-03:00,2017-09-10T17:00:00Z,2017-09-10T14:00:00-03:00,1,01:00:00,1,01:00:00,100.0,100.0,2017-09-10T16:00:00Z,2017-09-10T13:00:00-03:00,2017-09-10T17:00:00Z,2017-09-10T14:00:00-03:00
2.87,,,False,6,so2,µg/m³,,raw,01:00:00,2017-09-10T17:00:00Z,2017-09-10T14:00:00-03:00,2017-09-10T18:00:00Z,2017-09-10T15:00:00-03:00,1,01:00:00,1,01:00:00,100.0,100.0,2017-09-10T17:00:00Z,2017-09-10T14:00:00-03:00,2017-09-10T18:00:00Z,2017-09-10T15:00:00-03:00
3.1,,,False,6,so2,µg/m³,,raw,01:00:00,2017-09-10T18:00:00Z,2017-09-10T15:00:00-03:00,2017-09-10T19:00:00Z,2017-09-10T16:00:00-03:00,1,01:00:00,1,01:00:00,100.0,100.0,2017-09-10T18:00:00Z,2017-09-10T15:00:00-03:00,2017-09-10T19:00:00Z,2017-09-10T16:00:00-03:00
2.95,,,False,6,so2,µg/m³,,raw,01:00:00,2017-09-10T19:00:00Z,2017-09-10T16:00:00-03:00,2017-09-10T20:00:00Z,2017-09-10T17:00:00-03:00,1,01:00:00,1,01:00:00,100.0,100.0,2017-09-10T19:00:00Z,2017-09-10T16:00:00-03:00,2017-09-10T20:00:00Z,2017-09-10T17:00:00-03:00
3.09,,,False,6,so2,µg/m³,,raw,01:00:00,2017-09-10T20:00:00Z,2017-09-10T17:00:00-03:00,2017-09-10T21:00:00Z,2017-09-10T18:00:00-03:00,1,01:00:00,1,01:00:00,100.0,100.0,2017-09-10T20:00:00Z,2017-09-10T17:00:00-03:00,2017-09-10T21:00:00Z,2017-09-10T18:00:00-03:00
2.86,,,False,6,so2,µg/m³,,raw,01:00:00,2017-09-10T21:00:00Z,2017-09-10T18:00:00-03:00,2017-09-10T22:00:00Z,2017-09-10T19:00:00-03:00,1,01:00:00,1,01:00:00,100.0,100.0,2017-09-10T21:00:00Z,2017-09-10T18:00:00-03:00,2017-09-10T22:00:00Z,2017-09-10T19:00:00-03:00
2.64,,,False,6,so2,µg/m³,,raw,01:00:00,2017-09-10T22:00:00Z,2017-09-10T19:00:00-03:00,2017-09-10T23:00:00Z,2017-09-10T20:00:00-03:00,1,01:00:00,1,01:00:00,100.0,100.0,2017-09-10T22:00:00Z,2017-09-10T19:00:00-03:00,2017-09-10T23:00:00Z,2017-09-10T20:00:00-03:00
2.46,,,False,6,so2,µg/m³,,raw,01:00:00,2017-09-10T23:00:00Z,2017-09-10T20:00:00-03:00,2017-09-11T00:00:00Z,2017-09-10T21:00:00-03:00,1,01:00:00,1,01:00:00,100.0,100.0,2017-09-10T23:00:00Z,2017-09-10T20:00:00-03:00,2017-09-11T00:00:00Z,2017-09-10T21:00:00-03:00
2.38,,,False,6,so2,µg/m³,,raw,01:00:00,2017-09-11T00:00:00Z,2017-09-10T21:00:00-03:00,2017-09-11T01:00:00Z,2017-09-10T22:00:00-03:00,1,01:00:00,1,01:00:00,100.0,100.0,2017-09-11T00:00:00Z,2017-09-10T21:00:00-03:00,2017-09-11T01:00:00Z,2017-09-10T22:00:00-03:00
2.29,,,False,6,so2,µg/m³,,raw,01:00:00,2017-09-11T01:00:00Z,2017-09-10T22:00:00-03:00,2017-09-11T02:00:00Z,2017-09-10T23:00:00-03:00,1,01:00:00,1,01:00:00,100.0,100.0,2017-09-11T01:00:00Z,2017-09-10T22:00:00-03:00,2017-09-11T02:00:00Z,2017-09-10T23:00:00-03:00
2.69,,,False,6,so2,µg/m³,,raw,01:00:00,2017-09-11T02:00:00Z,2017-09-10T23:00:00-03:00,2017-09-11T03:00:00Z,2017-09-11T00:00:00-03:00,1,01:00:00,1,01:00:00,100.0,100.0,2017-09-11T02:00:00Z,2017-09-10T23:00:00-03:00,2017-09-11T03:00:00Z,2017-09-11T00:00:00-03:00
1.77,,,False,6,so2,µg/m³,,raw,01:00:00,2017-09-11T03:00:00Z,2017-09-11T00:00:00-03:00,2017-09-11T04:00:00Z,2017-09-11T01:00:00-03:00,1,01:00:00,1,01:00:00,100.0,100.0,2017-09-11T03:00:00Z,2017-09-11T00:00:00-03:00,2017-09-11T04:00:00Z,2017-09-11T01:00:00-03:00
2.53,,,False,6,so2,µg/m³,,raw,01:00:00,2017-09-11T04:00:00Z,2017-09-11T01:00:00-03:00,2017-09-11T05:00:00Z,2017-09-11T02:00:00-03:00,1,01:00:00,1,01:00:00,100.0,100.0,2017-09-11T04:00:00Z,2017-09-11T01:00:00-03:00,2017-09-11T05:00:00Z,2017-09-11T02:00:00-03:00
2.35,,,False,6,so2,µg/m³,,raw,01:00:00,2017-09-11T05:00:00Z,2017-09-11T02:00:00-03:00,2017-09-11T06:00:00Z,2017-09-11T03:00:00-03:00,1,01:00:00,1,01:00:00,100.0,100.0,2017-09-11T05:00:00Z,2017-09-11T02:00:00-03:00,2017-09-11T06:00:00Z,2017-09-11T03:00:00-03:00
2.66,,,False,6,so2,µg/m³,,raw,01:00:00,2017-09-11T06:00:00Z,2017-09-11T03:00:00-03:00,2017-09-11T07:00:00Z,2017-09-11T04:00:00-03:00,1,01:00:00,1,01:00:00,100.0,100.0,2017-09-11T06:00:00Z,2017-09-11T03:00:00-03:00,2017-09-11T07:00:00Z,2017-09-11T04:00:00-03:00
2.61,,,False,6,so2,µg/m³,,raw,01:00:00,2017-09-11T07:00:00Z,2017-09-11T04:00:00-03:00,2017-09-11T08:00:00Z,2017-09-11T05:00:00-03:00,1,01:00:00,1,01:00:00,100.0,100.0,2017-09-11T07:00:00Z,2017-09-11T04:00:00-03:00,2017-09-11T08:00:00Z,2017-09-11T05:00:00-03:00
2.81,,,False,6,so2,µg/m³,,raw,01:00:00,2017-09-11T08:00:00Z,2017-09-11T05:00:00-03:00,2017-09-11T09:00:00Z,2017-09-11T06:00:00-03:00,1,01:00:00,1,01:00:00,100.0,100.0,2017-09-11T08:00:00Z,2017-09-11T05:00:00-03:00,2017-09-11T09:00:00Z,2017-09-11T06:00:00-03:00
2.62,,,False,6,so2,µg/m³,,raw,01:00:00,2017-09-11T09:00:00Z,2017-09-11T06:00:00-03:00,2017-09-11T10:00:00Z,2017-09-11T07:00:00-03:00,1,01:00:00,1,01:00:00,100.0,100.0,2017-09-11T09:00:00Z,2017-09-11T06:00:00-03:00,2017-09-11T10:00:00Z,2017-09-11T07:00:00-03:00
2.33,,,False,6,so2,µg/m³,,raw,01:00:00,2017-09-11T10:00:00Z,2017-09-11T07:00:00-03:00,2017-09-11T11:00:00Z,2017-09-11T08:00:00-03:00,1,01:00:00,1,01:00:00,100.0,100.0,2017-09-11T10:00:00Z,2017-09-11T07:00:00-03:00,2017-09-11T11:00:00Z,2017-09-11T08:00:00-03:00
3.45,,,False,6,so2,µg/m³,,raw,01:00:00,2017-09-11T11:00:00Z,2017-09-11T08:00:00-03:00,2017-09-11T12:00:00Z,2017-09-11T09:00:00-03:00,1,01:00:00,1,01:00:00,100.0,100.0,2017-09-11T11:00:00Z,2017-09-11T08:00:00-03:00,2017-09-11T12:00:00Z,2017-09-11T09:00:00-03:00
3.65,,,False,6,so2,µg/m³,,raw,01:00:00,2017-09-11T12:00:00Z,2017-09-11T09:00:00-03:00,2017-09-11T13:00:00Z,2017-09-11T10:00:00-03:00,1,01:00:00,1,01:00:00,100.0,100.0,2017-09-11T12:00:00Z,2017-09-11T09:00:00-03:00,2017-09-11T13:00:00Z,2017-09-11T10:00:00-03:00
3.72,,,False,6,so2,µg/m³,,raw,01:00:00,2017-09-11T13:00:00Z,2017-09-11T10:00:00-03:00,2017-09-11T14:00:00Z,2017-09-11T11:00:00-03:00,1,01:00:00,1,01:00:00,100.0,100.0,2017-09-11T13:00:00Z,2017-09-11T10:00:00-03:00,2017-09-11T14:00:00Z,2017-09-11T11:00:00-03:00
2.79,,,False,6,so2,µg/m³,,raw,01:00:00,2017-09-11T14:00:00Z,2017-09-11T11:00:00-03:00,2017-09-11T15:00:00Z,2017-09-11T12:00:00-03:00,1,01:00:00,1,01:00:00,100.0,100.0,2017-09-11T14:00:00Z,2017-09-11T11:00:00-03:00,2017-09-11T15:00:00Z,2017-09-11T12:00:00-03:00
3.95,,,False,6,so2,µg/m³,,raw,01:00:00,2017-09-11T15:00:00Z,2017-09-11T12:00:00-03:00,2017-09-11T16:00:00Z,2017-09-11T13:00:00-03:00,1,01:00:00,1,01:00:00,100.0,100.0,2017-09-11T15:00:00Z,2017-09-11T12:00:00-03:00,2017-09-11T16:00:00Z,2017-09-11T13:00:00-03:00
189.5,,,False,6,so2,µg/m³,,raw,01:00:00,2017-09-11T16:00:00Z,2017-09-11T13:00:00-03:00,2017-09-11T17:00:00Z,2017-09-11T14:00:00-03:00,1,01:00:00,1,01:00:00,100.0,100.0,2017-09-11T16:00:00Z,2017-09-11T13:00:00-03:00,2017-09-11T17:00:00Z,2017-09-11T14:00:00-03:00
8.01,,,False,6,so2,µg/m³,,raw,01:00:00,2017-09-11T17:00:00Z,2017-09-11T14:00:00-03:00,2017-09-11T18:00:00Z,2017-09-11T15:00:00-03:00,1,01:00:00,1,01:00:00,100.0,100.0,2017-09-11T17:00:00Z,2017-09-11T14:00:00-03:00,2017-09-11T18:00:00Z,2017-09-11T15:00:00-03:00
6.96,,,False,6,so2,µg/m³,,raw,01:00:00,2017-09-11T18:00:00Z,2017-09-11T15:00:00-03:00,2017-09-11T19:00:00Z,2017-09-11T16:00:00-03:00,1,01:00:00,1,01:00:00,100.0,100.0,2017-09-11T18:00:00Z,2017-09-11T15:00:00-03:00,2017-09-11T19:00:00Z,2017-09-11T16:00:00-03:00
5.45,,,False,6,so2,µg/m³,,raw,01:00:00,2017-09-11T19:00:00Z,2017-09-11T16:00:00-03:00,2017-09-11T20:00:00Z,2017-09-11T17:00:00-03:00,1,01:00:00,1,01:00:00,100.0,100.0,2017-09-11T19:00:00Z,2017-09-11T16:00:00-03:00,2017-09-11T20:00:00Z,2017-09-11T17:00:00-03:00
5.0,,,False,6,so2,µg/m³,,raw,01:00:00,2017-09-11T20:00:00Z,2017-09-11T17:00:00-03:00,2017-09-11T21:00:00Z,2017-09-11T18:00:00-03:00,1,01:00:00,1,01:00:00,100.0,100.0,2017-09-11T20:00:00Z,2017-09-11T17:00:00-03:00,2017-09-11T21:00:00Z,2017-09-11T18:00:00-03:00
3.27,,,False,6,so2,µg/m³,,raw,01:00:00,2017-09-11T21:00:00Z,2017-09-11T18:00:00-03:00,2017-09-11T22:00:00Z,2017-09-11T19:00:00-03:00,1,01:00:00,1,01:00:00,100.0,100.0,2017-09-11T21:00:00Z,2017-09-11T18:00:00-03:00,2017-09-11T22:00:00Z,2017-09-11T19:00:00-03:00
2.35,,,False,6,so2,µg/m³,,raw,01:00:00,2017-09-11T22:00:00Z,2017-09-11T19:00:00-03:00,2017-09-11T23:00:00Z,2017-09-11T20:00:00-03:00,1,01:00:00,1,01:00:00,100.0,100.0,2017-09-11T22:00:00Z,2017-09-11T19:00:00-03:00,2017-09-11T23:00:00Z,2017-09-11T20:00:00-03:00
1.83,,,False,6,so2,µg/m³,,raw,01:00:00,2017-09-11T23:00:00Z,2017-09-11T20:00:00-03:00,2017-09-12T00:00:00Z,2017-09-11T21:00:00-03:00,1,01:00:00,1,01:00:00,100.0,100.0,2017-09-11T23:00:00Z,2017-09-11T20:00:00-03:00,2017-09-12T00:00:00Z,2017-09-11T21:00:00-03:00
2.03,,,False,6,so2,µg/m³,,raw,01:00:00,2017-09-12T00:00:00Z,2017-09-11T21:00:00-03:00,2017-09-12T01:00:00Z,2017-09-11T22:00:00-03:00,1,01:00:00,1,01:00:00,100.0,100.0,2017-09-12T00:00:00Z,2017-09-11T21:00:00-03:00,2017-09-12T01:00:00Z,2017-09-11T22:00:00-03:00
1.95,,,False,6,so2,µg/m³,,raw,01:00:00,2017-09-12T01:00:00Z,2017-09-11T22:00:00-03:00,2017-09-12T02:00:00Z,2017-09-11T23:00:00-03:00,1,01:00:00,1,01:00:00,100.0,100.0,2017-09-12T01:00:00Z,2017-09-11T22:00:00-03:00,2017-09-12T02:00:00Z,2017-09-11T23:00:00-03:00
2.82,,,False,6,so2,µg/m³,,raw,01:00:00,2017-09-12T02:00:00Z,2017-09-11T23:00:00-03:00,2017-09-12T03:00:00Z,2017-09-12T00:00:00-03:00,1,01:00:00,1,01:00:00,100.0,100.0,2017-09-12T02:00:00Z,2017-09-11T23:00:00-03:00,2017-09-12T03:00:00Z,2017-09-12T00:00:00-03:00
2.13,,,False,6,so2,µg/m³,,raw,01:00:00,2017-09-12T03:00:00Z,2017-09-12T00:00:00-03:00,2017-09-12T04:00:00Z,2017-09-12T01:00:00-03:00,1,01:00:00,1,01:00:00,100.0,100.0,2017-09-12T03:00:00Z,2017-09-12T00:00:00-03:00,2017-09-12T04:00:00Z,2017-09-12T01:00:00-03:00
2.16,,,False,6,so2,µg/m³,,raw,01:00:00,2017-09-12T04:00:00Z,2017-09-12T01:00:00-03:00,2017-09-12T05:00:00Z,2017-09-12T02:00:00-03:00,1,01:00:00,1,01:00:00,100.0,100.0,2017-09-12T04:00:00Z,2017-09-12T01:00:00-03:00,2017-09-12T05:00:00Z,2017-09-12T02:00:00-03:00
2.65,,,False,6,so2,µg/m³,,raw,01:00:00,2017-09-12T05:00:00Z,2017-09-12T02:00:00-03:00,2017-09-12T06:00:00Z,2017-09-12T03:00:00-03:00,1,01:00:00,1,01:00:00,100.0,100.0,2017-09-12T05:00:00Z,2017-09-12T02:00:00-03:00,2017-09-12T06:00:00Z,2017-09-12T03:00:00-03:00
2.33,,,False,6,so2,µg/m³,,raw,01:00:00,2017-09-12T06:00:00Z,2017-09-12T03:00:00-03:00,2017-09-12T07:00:00Z,2017-09-12T04:00:00-03:00,1,01:00:00,1,01:00:00,100.0,100.0,2017-09-12T06:00:00Z,2017-09-12T03:00:00-03:00,2017-09-12T07:00:00Z,2017-09-12T04:00:00-03:00
1.76,,,False,6,so2,µg/m³,,raw,01:00:00,2017-09-12T08:00:00Z,2017-09-12T05:00:00-03:00,2017-09-12T09:00:00Z,2017-09-12T06:00:00-03:00,1,01:00:00,1,01:00:00,100.0,100.0,2017-09-12T08:00:00Z,2017-09-12T05:00:00-03:00,2017-09-12T09:00:00Z,2017-09-12T06:00:00-03:00
1.61,,,False,6,so2,µg/m³,,raw,01:00:00,2017-09-12T09:00:00Z,2017-09-12T06:00:00-03:00,2017-09-12T10:00:00Z,2017-09-12T07:00:00-03:00,1,01:00:00,1,01:00:00,100.0,100.0,2017-09-12T09:00:00Z,2017-09-12T06:00:00-03:00,2017-09-12T10:00:00Z,2017-09-12T07:00:00-03:00
1.81,,,False,6,so2,µg/m³,,raw,01:00:00,2017-09-12T10:00:00Z,2017-09-12T07:00:00-03:00,2017-09-12T11:00:00Z,2017-09-12T08:00:00-03:00,1,01:00:00,1,01:00:00,100.0,100.0,2017-09-12T10:00:00Z,2017-09-12T07:00:00-03:00,2017-09-12T11:00:00Z,2017-09-12T08:00:00-03:00
2.67,,,False,6,so2,µg/m³,,raw,01:00:00,2017-09-12T11:00:00Z,2017-09-12T08:00:00-03:00,2017-09-12T12:00:00Z,2017-09-12T09:00:00-03:00,1,01:00:00,1,01:00:00,100.0,100.0,2017-09-12T11:00:00Z,2017-09-12T08:00:00-03:00,2017-09-12T12:00:00Z,2017-09-12T09:00:00-03:00
4.0,,,False,6,so2,µg/m³,,raw,01:00:00,2017-09-12T12:00:00Z,2017-09-12T09:00:00-03:00,2017-09-12T13:00:00Z,2017-09-12T10:00:00-03:00,1,01:00:00,1,01:00:00,100.0,100.0,2017-09-12T12:00:00Z,2017-09-12T09:00:00-03:00,2017-09-12T13:00:00Z,2017-09-12T10:00:00-03:00
11.07,,,False,6,so2,µg/m³,,raw,01:00:00,2017-09-12T13:00:00Z,2017-09-12T10:00:00-03:00,2017-09-12T14:00:00Z,2017-09-12T11:00:00-03:00,1,01:00:00,1,01:00:00,100.0,100.0,2017-09-12T13:00:00Z,2017-09-12T10:00:00-03:00,2017-09-12T14:00:00Z,2017-09-12T11:00:00-03:00
11.42,,,False,6,so2,µg/m³,,raw,01:00:00,2017-09-12T14:00:00Z,2017-09-12T11:00:00-03:00,2017-09-12T15:00:00Z,2017-09-12T12:00:00-03:00,1,01:00:00,1,01:00:00,100.0,100.0,2017-09-12T14:00:00Z,2017-09-12T11:00:00-03:00,2017-09-12T15:00:00Z,2017-09-12T12:00:00-03:00
9.36,,,False,6,so2,µg/m³,,raw,01:00:00,2017-09-12T15:00:00Z,2017-09-12T12:00:00-03:00,2017-09-12T16:00:00Z,2017-09-12T13:00:00-03:00,1,01:00:00,1,01:00:00,100.0,100.0,2017-09-12T15:00:00Z,2017-09-12T12:00:00-03:00,2017-09-12T16:00:00Z,2017-09-12T13:00:00-03:00
5.95,,,False,6,so2,µg/m³,,raw,01:00:00,2017-09-12T17:00:00Z,2017-09-12T14:00:00-03:00,2017-09-12T18:00:00Z,2017-09-12T15:00:00-03:00,1,01:00:00,1,01:00:00,100.0,100.0,2017-09-12T17:00:00Z,2017-09-12T14:00:00-03:00,2017-09-12T18:00:00Z,2017-09-12T15:00:00-03:00
5.49,,,False,6,so2,µg/m³,,raw,01:00:00,2017-09-12T18:00:00Z,2017-09-12T15:00:00-03:00,2017-09-12T19:00:00Z,2017-09-12T16:00:00-03:00,1,01:00:00,1,01:00:00,100.0,100.0,2017-09-12T18:00:00Z,2017-09-12T15:00:00-03:00,2017-09-12T19:00:00Z,2017-09-12T16:00:00-03:00
4.74,,,False,6,so2,µg/m³,,raw,01:00:00,2017-09-12T19:00:00Z,2017-09-12T16:00:00-03:00,2017-09-12T20:00:00Z,2017-09-12T17:00:00-03:00,1,01:00:00,1,01:00:00,100.0,100.0,2017-09-12T19:00:00Z,2017-09-12T16:00:00-03:00,2017-09-12T20:00:00Z,2017-09-12T17:00:00-03:00
3.79,,,False,6,so2,µg/m³,,raw,01:00:00,2017-09-12T20:00:00Z,2017-09-12T17:00:00-03:00,2017-09-12T21:00:00Z,2017-09-12T18:00:00-03:00,1,01:00:00,1,01:00:00,100.0,100.0,2017-09-12T20:00:00Z,2017-09-12T17:00:00-03:00,2017-09-12T21:00:00Z,2017-09-12T18:00:00-03:00
2.75,,,False,6,so2,µg/m³,,raw,01:00:00,2017-09-12T21:00:00Z,2017-09-12T18:00:00-03:00,2017-09-12T22:00:00Z,2017-09-12T19:00:00-03:00,1,01:00:00,1,01:00:00,100.0,100.0,2017-09-12T21:00:00Z,2017-09-12T18:00:00-03:00,2017-09-12T22:00:00Z,2017-09-12T19:00:00-03:00
2.18,,,False,6,so2,µg/m³,,raw,01:00:00,2017-09-12T22:00:00Z,2017-09-12T19:00:00-03:00,2017-09-12T23:00:00Z,2017-09-12T20:00:00-03:00,1,01:00:00,1,01:00:00,100.0,100.0,2017-09-12T22:00:00Z,2017-09-12T19:00:00-03:00,2017-09-12T23:00:00Z,2017-09-12T20:00:00-03:00
2.12,,,False,6,so2,µg/m³,,raw,01:00:00,2017-09-12T23:00:00Z,2017-09-12T20:00:00-03:00,2017-09-13T00:00:00Z,2017-09-12T21:00:00-03:00,1,01:00:00,1,01:00:00,100.0,100.0,2017-09-12T23:00:00Z,2017-09-12T20:00:00-03:00,2017-09-13T00:00:00Z,2017-09-12T21:00:00-03:00
2.04,,,False,6,so2,µg/m³,,raw,01:00:00,2017-09-13T00:00:00Z,2017-09-12T21:00:00-03:00,2017-09-13T01:00:00Z,2017-09-12T22:00:00-03:00,1,01:00:00,1,01:00:00,100.0,100.0,2017-09-13T00:00:00Z,2017-09-12T21:00:00-03:00,2017-09-13T01:00:00Z,2017-09-12T22:00:00-03:00
1.82,,,False,6,so2,µg/m³,,raw,01:00:00,2017-09-13T01:00:00Z,2017-09-12T22:00:00-03:00,2017-09-13T02:00:00Z,2017-09-12T23:00:00-03:00,1,01:00:00,1,01:00:00,100.0,100.0,2017-09-13T01:00:00Z,2017-09-12T22:00:00-03:00,2017-09-13T02:00:00Z,2017-09-12T23:00:00-03:00
1.85,,,False,6,so2,µg/m³,,raw,01:00:00,2017-09-13T02:00:00Z,2017-09-12T23:00:00-03:00,2017-09-13T03:00:00Z,2017-09-13T00:00:00-03:00,1,01:00:00,1,01:00:00,100.0,100.0,2017-09-13T02:00:00Z,2017-09-12T23:00:00-03:00,2017-09-13T03:00:00Z,2017-09-13T00:00:00-03:00
2.16,,,False,6,so2,µg/m³,,raw,01:00:00,2017-09-13T03:00:00Z,2017-09-13T00:00:00-03:00,2017-09-13T04:00:00Z,2017-09-13T01:00:00-03:00,1,01:00:00,1,01:00:00,100.0,100.0,2017-09-13T03:00:00Z,2017-09-13T00:00:00-03:00,2017-09-13T04:00:00Z,2017-09-13T01:00:00-03:00
2.11,,,False,6,so2,µg/m³,,raw,01:00:00,2017-09-13T04:00:00Z,2017-09-13T01:00:00-03:00,2017-09-13T05:00:00Z,2017-09-13T02:00:00-03:00,1,01:00:00,1,01:00:00,100.0,100.0,2017-09-13T04:00:00Z,2017-09-13T01:00:00-03:00,2017-09-13T05:00:00Z,2017-09-13T02:00:00-03:00
2.16,,,False,6,so2,µg/m³,,raw,01:00:00,2017-09-13T05:00:00Z,2017-09-13T02:00:00-03:00,2017-09-13T06:00:00Z,2017-09-13T03:00:00-03:00,1,01:00:00,1,01:00:00,100.0,100.0,2017-09-13T05:00:00Z,2017-09-13T02:00:00-03:00,2017-09-13T06:00:00Z,2017-09-13T03:00:00-03:00
1.84,,,False,6,so2,µg/m³,,raw,01:00:00,2017-09-13T06:00:00Z,2017-09-13T03:00:00-03:00,2017-09-13T07:00:00Z,2017-09-13T04:00:00-03:00,1,01:00:00,1,01:00:00,100.0,100.0,2017-09-13T06:00:00Z,2017-09-13T03:00:00-03:00,2017-09-13T07:00:00Z,2017-09-13T04:00:00-03:00
2.51,,,False,6,so2,µg/m³,,raw,01:00:00,2017-09-13T08:00:00Z,2017-09-13T05:00:00-03:00,2017-09-13T09:00:00Z,2017-09-13T06:00:00-03:00,1,01:00:00,1,01:00:00,100.0,100.0,2017-09-13T08:00:00Z,2017-09-13T05:00:00-03:00,2017-09-13T09:00:00Z,2017-09-13T06:00:00-03:00
1.46,,,False,6,so2,µg/m³,,raw,01:00:00,2017-09-13T09:00:00Z,2017-09-13T06:00:00-03:00,2017-09-13T10:00:00Z,2017-09-13T07:00:00-03:00,1,01:00:00,1,01:00:00,100.0,100.0,2017-09-13T09:00:00Z,2017-09-13T06:00:00-03:00,2017-09-13T10:00:00Z,2017-09-13T07:00:00-03:00
1.99,,,False,6,so2,µg/m³,,raw,01:00:00,2017-09-13T10:00:00Z,2017-09-13T07:00:00-03:00,2017-09-13T11:00:00Z,2017-09-13T08:00:00-03:00,1,01:00:00,1,01:00:00,100.0,100.0,2017-09-13T10:00:00Z,2017-09-13T07:00:00-03:00,2017-09-13T11:00:00Z,2017-09-13T08:00:00-03:00
2.03,,,False,6,so2,µg/m³,,raw,01:00:00,2017-09-13T11:00:00Z,2017-09-13T08:00:00-03:00,2017-09-13T12:00:00Z,2017-09-13T09:00:00-03:00,1,01:00:00,1,01:00:00,100.0,100.0,2017-09-13T11:00:00Z,2017-09-13T08:00:00-03:00,2017-09-13T12:00:00Z,2017-09-13T09:00:00-03:00
1.99,,,False,6,so2,µg/m³,,raw,01:00:00,2017-09-13T12:00:00Z,2017-09-13T09:00:00-03:00,2017-09-13T13:00:00Z,2017-09-13T10:00:00-03:00,1,01:00:00,1,01:00:00,100.0,100.0,2017-09-13T12:00:00Z,2017-09-13T09:00:00-03:00,2017-09-13T13:00:00Z,2017-09-13T10:00:00-03:00
1.93,,,False,6,so2,µg/m³,,raw,01:00:00,2017-09-13T13:00:00Z,2017-09-13T10:00:00-03:00,2017-09-13T14:00:00Z,2017-09-13T11:00:00-03:00,1,01:00:00,1,01:00:00,100.0,100.0,2017-09-13T13:00:00Z,2017-09-13T10:00:00-03:00,2017-09-13T14:00:00Z,2017-09-13T11:00:00-03:00
2.83,,,False,6,so2,µg/m³,,raw,01:00:00,2017-09-13T14:00:00Z,2017-09-13T11:00:00-03:00,2017-09-13T15:00:00Z,2017-09-13T12:00:00-03:00,1,01:00:00,1,01:00:00,100.0,100.0,2017-09-13T14:00:00Z,2017-09-13T11:00:00-03:00,2017-09-13T15:00:00Z,2017-09-13T12:00:00-03:00
4.09,,,False,6,so2,µg/m³,,raw,01:00:00,2017-09-13T15:00:00Z,2017-09-13T12:00:00-03:00,2017-09-13T16:00:00Z,2017-09-13T13:00:00-03:00,1,01:00:00,1,01:00:00,100.0,100.0,2017-09-13T15:00:00Z,2017-09-13T12:00:00-03:00,2017-09-13T16:00:00Z,2017-09-13T13:00:00-03:00
3.77,,,False,6,so2,µg/m³,,raw,01:00:00,2017-09-13T16:00:00Z,2017-09-13T13:00:00-03:00,2017-09-13T17:00:00Z,2017-09-13T14:00:00-03:00,1,01:00:00,1,01:00:00,100.0,100.0,2017-09-13T16:00:00Z,2017-09-13T13:00:00-03:00,2017-09-13T17:00:00Z,2017-09-13T14:00:00-03:00
3.75,,,False,6,so2,µg/m³,,raw,01:00:00,2017-09-13T17:00:00Z,2017-09-13T14:00:00-03:00,2017-09-13T18:00:00Z,2017-09-13T15:00:00-03:00,1,01:00:00,1,01:00:00,100.0,100.0,2017-09-13T17:00:00Z,2017-09-13T14:00:00-03:00,2017-09-13T18:00:00Z,2017-09-13T15:00:00-03:00
4.38,,,False,6,so2,µg/m³,,raw,01:00:00,2017-09-13T18:00:00Z,2017-09-13T15:00:00-03:00,2017-09-13T19:00:00Z,2017-09-13T16:00:00-03:00,1,01:00:00,1,01:00:00,100.0,100.0,2017-09-13T18:00:00Z,2017-09-13T15:00:00-03:00,2017-09-13T19:00:00Z,2017-09-13T16:00:00-03:00
3.65,,,False,6,so2,µg/m³,,raw,01:00:00,2017-09-13T19:00:00Z,2017-09-13T16:00:00-03:00,2017-09-13T20:00:00Z,2017-09-13T17:00:00-03:00,1,01:00:00,1,01:00:00,100.0,100.0,2017-09-13T19:00:00Z,2017-09-13T16:00:00-03:00,2017-09-13T20:00:00Z,2017-09-13T17:00:00-03:00
3.16,,,False,6,so2,µg/m³,,raw,01:00:00,2017-09-13T20:00:00Z,2017-09-13T17:00:00-03:00,2017-09-13T21:00:00Z,2017-09-13T18:00:00-03:00,1,01:00:00,1,01:00:00,100.0,100.0,2017-09-13T20:00:00Z,2017-09-13T17:00:00-03:00,2017-09-13T21:00:00Z,2017-09-13T18:00:00-03:00
2.38,,,False,6,so2,µg/m³,,raw,01:00:00,2017-09-13T21:00:00Z,2017-09-13T18:00:00-03:00,2017-09-13T22:00:00Z,2017-09-13T19:00:00-03:00,1,01:00:00,1,01:00:00,100.0,100.0,2017-09-13T21:00:00Z,2017-09-13T18:00:00-03:00,2017-09-13T22:00:00Z,2017-09-13T19:00:00-03:00
2.24,,,False,6,so2,µg/m³,,raw,01:00:00,2017-09-13T22:00:00Z,2017-09-13T19:00:00-03:00,2017-09-13T23:00:00Z,2017-09-13T20:00:00-03:00,1,01:00:00,1,01:00:00,100.0,100.0,2017-09-13T22:00:00Z,2017-09-13T19:00:00-03:00,2017-09-13T23:00:00Z,2017-09-13T20:00:00-03:00
1.94,,,False,6,so2,µg/m³,,raw,01:00:00,2017-09-13T23:00:00Z,2017-09-13T20:00:00-03:00,2017-09-14T00:00:00Z,2017-09-13T21:00:00-03:00,1,01:00:00,1,01:00:00,100.0,100.0,2017-09-13T23:00:00Z,2017-09-13T20:00:00-03:00,2017-09-14T00:00:00Z,2017-09-13T21:00:00-03:00
1.87,,,False,6,so2,µg/m³,,raw,01:00:00,2017-09-14T00:00:00Z,2017-09-13T21:00:00-03:00,2017-09-14T01:00:00Z,2017-09-13T22:00:00-03:00,1,01:00:00,1,01:00:00,100.0,100.0,2017-09-14T00:00:00Z,2017-09-13T21:00:00-03:00,2017-09-14T01:00:00Z,2017-09-13T22:00:00-03:00
1.98,,,False,6,so2,µg/m³,,raw,01:00:00,2017-09-14T01:00:00Z,2017-09-13T22:00:00-03:00,2017-09-14T02:00:00Z,2017-09-13T23:00:00-03:00,1,01:00:00,1,01:00:00,100.0,100.0,2017-09-14T01:00:00Z,2017-09-13T22:00:00-03:00,2017-09-14T02:00:00Z,2017-09-13T23:00:00-03:00
1.72,,,False,6,so2,µg/m³,,raw,01:00:00,2017-09-14T02:00:00Z,2017-09-13T23:00:00-03:00,2017-09-14T03:00:00Z,2017-09-14T00:00:00-03:00,1,01:00:00,1,01:00:00,100.0,100.0,2017-09-14T02:00:00Z,2017-09-13T23:00:00-03:00,2017-09-14T03:00:00Z,2017-09-14T00:00:00-03:00
1.99,,,False,6,so2,µg/m³,,raw,01:00:00,2017-09-14T03:00:00Z,2017-09-14T00:00:00-03:00,2017-09-14T04:00:00Z,2017-09-14T01:00:00-03:00,1,01:00:00,1,01:00:00,100.0,100.0,2017-09-14T03:00:00Z,2017-09-14T00:00:00-03:00,2017-09-14T04:00:00Z,2017-09-14T01:00:00-03:00
1.86,,,False,6,so2,µg/m³,,raw,01:00:00,2017-09-14T04:00:00Z,2017-09-14T01:00:00-03:00,2017-09-14T05:00:00Z,2017-09-14T02:00:00-03:00,1,01:00:00,1,01:00:00,100.0,100.0,2017-09-14T04:00:00Z,2017-09-14T01:00:00-03:00,2017-09-14T05:00:00Z,2017-09-14T02:00:00-03:00
1.9,,,False,6,so2,µg/m³,,raw,01:00:00,2017-09-14T05:00:00Z,2017-09-14T02:00:00-03:00,2017-09-14T06:00:00Z,2017-09-14T03:00:00-03:00,1,01:00:00,1,01:00:00,100.0,100.0,2017-09-14T05:00:00Z,2017-09-14T02:00:00-03:00,2017-09-14T06:00:00Z,2017-09-14T03:00:00-03:00
2.05,,,False,6,so2,µg/m³,,raw,01:00:00,2017-09-14T06:00:00Z,2017-09-14T03:00:00-03:00,2017-09-14T07:00:00Z,2017-09-14T04:00:00-03:00,1,01:00:00,1,01:00:00,100.0,100.0,2017-09-14T06:00:00Z,2017-09-14T03:00:00-03:00,2017-09-14T07:00:00Z,2017-09-14T04:00:00-03:00
1.74,,,False,6,so2,µg/m³,,raw,01:00:00,2017-09-14T07:00:00Z,2017-09-14T04:00:00-03:00,2017-09-14T08:00:00Z,2017-09-14T05:00:00-03:00,1,01:00:00,1,01:00:00,100.0,100.0,2017-09-14T07:00:00Z,2017-09-14T04:00:00-03:00,2017-09-14T08:00:00Z,2017-09-14T05:00:00-03:00
1.9,,,False,6,so2,µg/m³,,raw,01:00:00,2017-09-14T08:00:00Z,2017-09-14T05:00:00-03:00,2017-09-14T09:00:00Z,2017-09-14T06:00:00-03:00,1,01:00:00,1,01:00:00,100.0,100.0,2017-09-14T08:00:00Z,2017-09-14T05:00:00-03:00,2017-09-14T09:00:00Z,2017-09-14T06:00:00-03:00
2.02,,,False,6,so2,µg/m³,,raw,01:00:00,2017-09-14T09:00:00Z,2017-09-14T06:00:00-03:00,2017-09-14T10:00:00Z,2017-09-14T07:00:00-03:00,1,01:00:00,1,01:00:00,100.0,100.0,2017-09-14T09:00:00Z,2017-09-14T06:00:00-03:00,2017-09-14T10:00:00Z,2017-09-14T07:00:00-03:00
2.01,,,False,6,so2,µg/m³,,raw,01:00:00,2017-09-14T10:00:00Z,2017-09-14T07:00:00-03:00,2017-09-14T11:00:00Z,2017-09-14T08:00:00-03:00,1,01:00:00,1,01:00:00,100.0,100.0,2017-09-14T10:00:00Z,2017-09-14T07:00:00-03:00,2017-09-14T11:00:00Z,2017-09-14T08:00:00-03:00
2.23,,,False,6,so2,µg/m³,,raw,01:00:00,2017-09-14T11:00:00Z,2017-09-14T08:00:00-03:00,2017-09-14T12:00:00Z,2017-09-14T09:00:00-03:00,1,01:00:00,1,01:00:00,100.0,100.0,2017-09-14T11:00:00Z,2017-09-14T08:00:00-03:00,2017-09-14T12:00:00Z,2017-09-14T09:00:00-03:00
2.2,,,False,6,so2,µg/m³,,raw,01:00:00,2017-09-14T12:00:00Z,2017-09-14T09:00:00-03:00,2017-09-14T13:00:00Z,2017-09-14T10:00:00-03:00,1,01:00:00,1,01:00:00,100.0,100.0,2017-09-14T12:00:00Z,2017-09-14T09:00:00-03:00,2017-09-14T13:00:00Z,2017-09-14T10:00:00-03:00
2.14,,,False,6,so2,µg/m³,,raw,01:00:00,2017-09-14T13:00:00Z,2017-09-14T10:00:00-03:00,2017-09-14T14:00:00Z,2017-09-14T11:00:00-03:00,1,01:00:00,1,01:00:00,100.0,100.0,2017-09-14T13:00:00Z,2017-09-14T10:00:00-03:00,2017-09-14T14:00:00Z,2017-09-14T11:00:00-03:00
1.96,,,False,6,so2,µg/m³,,raw,01:00:00,2017-09-14T14:00:00Z,2017-09-14T11:00:00-03:00,2017-09-14T15:00:00Z,2017-09-14T12:00:00-03:00,1,01:00:00,1,01:00:00,100.0,100.0,2017-09-14T14:00:00Z,2017-09-14T11:00:00-03:00,2017-09-14T15:00:00Z,2017-09-14T12:00:00-03:00
1.19,,,False,6,so2,µg/m³,,raw,01:00:00,2017-09-14T15:00:00Z,2017-09-14T12:00:00-03:00,2017-09-14T16:00:00Z,2017-09-14T13:00:00-03:00,1,01:00:00,1,01:00:00,100.0,100.0,2017-09-14T15:00:00Z,2017-09-14T12:00:00-03:00,2017-09-14T16:00:00Z,2017-09-14T13:00:00-03:00
10.84,,,False,6,so2,µg/m³,,raw,01:00:00,2017-09-14T16:00:00Z,2017-09-14T13:00:00-03:00,2017-09-14T17:00:00Z,2017-09-14T14:00:00-03:00,1,01:00:00,1,01:00:00,100.0,100.0,2017-09-14T16:00:00Z,2017-09-14T13:00:00-03:00,2017-09-14T17:00:00Z,2017-09-14T14:00:00-03:00
9.57,,,False,6,so2,µg/m³,,raw,01:00:00,2017-09-14T17:00:00Z,2017-09-14T14:00:00-03:00,2017-09-14T18:00:00Z,2017-09-14T15:00:00-03:00,1,01:00:00,1,01:00:00,100.0,100.0,2017-09-14T17:00:00Z,2017-09-14T14:00:00-03:00,2017-09-14T18:00:00Z,2017-09-14T15:00:00-03:00
3.6,,,False,6,so2,µg/m³,,raw,01:00:00,2017-09-14T19:00:00Z,2017-09-14T16:00:00-03:00,2017-09-14T20:00:00Z,2017-09-14T17:00:00-03:00,1,01:00:00,1,01:00:00,100.0,100.0,2017-09-14T19:00:00Z,2017-09-14T16:00:00-03:00,2017-09-14T20:00:00Z,2017-09-14T17:00:00-03:00
2.14,,,False,6,so2,µg/m³,,raw,01:00:00,2017-09-14T21:00:00Z,2017-09-14T18:00:00-03:00,2017-09-14T22:00:00Z,2017-09-14T19:00:00-03:00,1,01:00:00,1,01:00:00,100.0,100.0,2017-09-14T21:00:00Z,2017-09-14T18:00:00-03:00,2017-09-14T22:00:00Z,2017-09-14T19:00:00-03:00
1.77,,,False,6,so2,µg/m³,,raw,01:00:00,2017-09-14T22:00:00Z,2017-09-14T19:00:00-03:00,2017-09-14T23:00:00Z,2017-09-14T20:00:00-03:00,1,01:00:00,1,01:00:00,100.0,100.0,2017-09-14T22:00:00Z,2017-09-14T19:00:00-03:00,2017-09-14T23:00:00Z,2017-09-14T20:00:00-03:00
2.04,,,False,6,so2,µg/m³,,raw,01:00:00,2017-09-14T23:00:00Z,2017-09-14T20:00:00-03:00,2017-09-15T00:00:00Z,2017-09-14T21:00:00-03:00,1,01:00:00,1,01:00:00,100.0,100.0,2017-09-14T23:00:00Z,2017-09-14T20:00:00-03:00,2017-09-15T00:00:00Z,2017-09-14T21:00:00-03:00
1.96,,,False,6,so2,µg/m³,,raw,01:00:00,2017-09-15T00:00:00Z,2017-09-14T21:00:00-03:00,2017-09-15T01:00:00Z,2017-09-14T22:00:00-03:00,1,01:00:00,1,01:00:00,100.0,100.0,2017-09-15T00:00:00Z,2017-09-14T21:00:00-03:00,2017-09-15T01:00:00Z,2017-09-14T22:00:00-03:00
1.85,,,False,6,so2,µg/m³,,raw,01:00:00,2017-09-15T01:00:00Z,2017-09-14T22:00:00-03:00,2017-09-15T02:00:00Z,2017-09-14T23:00:00-03:00,1,01:00:00,1,01:00:00,100.0,100.0,2017-09-15T01:00:00Z,2017-09-14T22:00:00-03:00,2017-09-15T02:00:00Z,2017-09-14T23:00:00-03:00
2.03,,,False,6,so2,µg/m³,,raw,01:00:00,2017-09-15T02:00:00Z,2017-09-14T23:00:00-03:00,2017-09-15T03:00:00Z,2017-09-15T00:00:00-03:00,1,01:00:00,1,01:00:00,100.0,100.0,2017-09-15T02:00:00Z,2017-09-14T23:00:00-03:00,2017-09-15T03:00:00Z,2017-09-15T00:00:00-03:00
1.93,,,False,6,so2,µg/m³,,raw,01:00:00,2017-09-15T03:00:00Z,2017-09-15T00:00:00-03:00,2017-09-15T04:00:00Z,2017-09-15T01:00:00-03:00,1,01:00:00,1,01:00:00,100.0,100.0,2017-09-15T03:00:00Z,2017-09-15T00:00:00-03:00,2017-09-15T04:00:00Z,2017-09-15T01:00:00-03:00
1.87,,,False,6,so2,µg/m³,,raw,01:00:00,2017-09-15T04:00:00Z,2017-09-15T01:00:00-03:00,2017-09-15T05:00:00Z,2017-09-15T02:00:00-03:00,1,01:00:00,1,01:00:00,100.0,100.0,2017-09-15T04:00:00Z,2017-09-15T01:00:00-03:00,2017-09-15T05:00:00Z,2017-09-15T02:00:00-03:00
1.95,,,False,6,so2,µg/m³,,raw,01:00:00,2017-09-15T05:00:00Z,2017-09-15T02:00:00-03:00,2017-09-15T06:00:00Z,2017-09-15T03:00:00-03:00,1,01:00:00,1,01:00:00,100.0,100.0,2017-09-15T05:00:00Z,2017-09-15T02:00:00-03:00,2017-09-15T06:00:00Z,2017-09-15T03:00:00-03:00
2.19,,,False,6,so2,µg/m³,,raw,01:00:00,2017-09-15T06:00:00Z,2017-09-15T03:00:00-03:00,2017-09-15T07:00:00Z,2017-09-15T04:00:00-03:00,1,01:00:00,1,01:00:00,100.0,100.0,2017-09-15T06:00:00Z,2017-09-15T03:00:00-03:00,2017-09-15T07:00:00Z,2017-09-15T04:00:00-03:00
2.13,,,False,6,so2,µg/m³,,raw,01:00:00,2017-09-15T07:00:00Z,2017-09-15T04:00:00-03:00,2017-09-15T08:00:00Z,2017-09-15T05:00:00-03:00,1,01:00:00,1,01:00:00,100.0,100.0,2017-09-15T07:00:00Z,2017-09-15T04:00:00-03:00,2017-09-15T08:00:00Z,2017-09-15T05:00:00-03:00
1.8,,,False,6,so2,µg/m³,,raw,01:00:00,2017-09-15T08:00:00Z,2017-09-15T05:00:00-03:00,2017-09-15T09:00:00Z,2017-09-15T06:00:00-03:00,1,01:00:00,1,01:00:00,100.0,100.0,2017-09-15T08:00:00Z,2017-09-15T05:00:00-03:00,2017-09-15T09:00:00Z,2017-09-15T06:00:00-03:00
2.08,,,False,6,so2,µg/m³,,raw,01:00:00,2017-09-15T09:00:00Z,2017-09-15T06:00:00-03:00,2017-09-15T10:00:00Z,2017-09-15T07:00:00-03:00,1,01:00:00,1,01:00:00,100.0,100.0,2017-09-15T09:00:00Z,2017-09-15T06:00:00-03:00,2017-09-15T10:00:00Z,2017-09-15T07:00:00-03:00
2.1,,,False,6,so2,µg/m³,,raw,01:00:00,2017-09-15T10:00:00Z,2017-09-15T07:00:00-03:00,2017-09-15T11:00:00Z,2017-09-15T08:00:00-03:00,1,01:00:00,1,01:00:00,100.0,100.0,2017-09-15T10:00:00Z,2017-09-15T07:00:00-03:00,2017-09-15T11:00:00Z,2017-09-15T08:00:00-03:00
2.25,,,False,6,so2,µg/m³,,raw,01:00:00,2017-09-15T11:00:00Z,2017-09-15T08:00:00-03:00,2017-09-15T12:00:00Z,2017-09-15T09:00:00-03:00,1,01:00:00,1,01:00:00,100.0,100.0,2017-09-15T11:00:00Z,2017-09-15T08:00:00-03:00,2017-09-15T12:00:00Z,2017-09-15T09:00:00-03:00
2.21,,,False,6,so2,µg/m³,,raw,01:00:00,2017-09-15T12:00:00Z,2017-09-15T09:00:00-03:00,2017-09-15T13:00:00Z,2017-09-15T10:00:00-03:00,1,01:00:00,1,01:00:00,100.0,100.0,2017-09-15T12:00:00Z,2017-09-15T09:00:00-03:00,2017-09-15T13:00:00Z,2017-09-15T10:00:00-03:00
64.27,,,False,6,so2,µg/m³,,raw,01:00:00,2017-09-15T13:00:00Z,2017-09-15T10:00:00-03:00,2017-09-15T14:00:00Z,2017-09-15T11:00:00-03:00,1,01:00:00,1,01:00:00,100.0,100.0,2017-09-15T13:00:00Z,2017-09-15T10:00:00-03:00,2017-09-15T14:00:00Z,2017-09-15T11:00:00-03:00
42.08,,,False,6,so2,µg/m³,,raw,01:00:00,2017-09-15T14:00:00Z,2017-09-15T11:00:00-03:00,2017-09-15T15:00:00Z,2017-09-15T12:00:00-03:00,1,01:00:00,1,01:00:00,100.0,100.0,2017-09-15T14:00:00Z,2017-09-15T11:00:00-03:00,2017-09-15T15:00:00Z,2017-09-15T12:00:00-03:00
13.37,,,False,6,so2,µg/m³,,raw,01:00:00,2017-09-15T15:00:00Z,2017-09-15T12:00:00-03:00,2017-09-15T16:00:00Z,2017-09-15T13:00:00-03:00,1,01:00:00,1,01:00:00,100.0,100.0,2017-09-15T15:00:00Z,2017-09-15T12:00:00-03:00,2017-09-15T16:00:00Z,2017-09-15T13:00:00-03:00
5.19,,,False,6,so2,µg/m³,,raw,01:00:00,2017-09-15T16:00:00Z,2017-09-15T13:00:00-03:00,2017-09-15T17:00:00Z,2017-09-15T14:00:00-03:00,1,01:00:00,1,01:00:00,100.0,100.0,2017-09-15T16:00:00Z,2017-09-15T13:00:00-03:00,2017-09-15T17:00:00Z,2017-09-15T14:00:00-03:00
3.7,,,False,6,so2,µg/m³,,raw,01:00:00,2017-09-15T17:00:00Z,2017-09-15T14:00:00-03:00,2017-09-15T18:00:00Z,2017-09-15T15:00:00-03:00,1,01:00:00,1,01:00:00,100.0,100.0,2017-09-15T17:00:00Z,2017-09-15T14:00:00-03:00,2017-09-15T18:00:00Z,2017-09-15T15:00:00-03:00
2.67,,,False,6,so2,µg/m³,,raw,01:00:00,2017-09-15T19:00:00Z,2017-09-15T16:00:00-03:00,2017-09-15T20:00:00Z,2017-09-15T17:00:00-03:00,1,01:00:00,1,01:00:00,100.0,100.0,2017-09-15T19:00:00Z,2017-09-15T16:00:00-03:00,2017-09-15T20:00:00Z,2017-09-15T17:00:00-03:00
2.18,,,False,6,so2,µg/m³,,raw,01:00:00,2017-09-15T20:00:00Z,2017-09-15T17:00:00-03:00,2017-09-15T21:00:00Z,2017-09-15T18:00:00-03:00,1,01:00:00,1,01:00:00,100.0,100.0,2017-09-15T20:00:00Z,2017-09-15T17:00:00-03:00,2017-09-15T21:00:00Z,2017-09-15T18:00:00-03:00
3.61,,,False,6,so2,µg/m³,,raw,01:00:00,2017-09-15T22:00:00Z,2017-09-15T19:00:00-03:00,2017-09-15T23:00:00Z,2017-09-15T20:00:00-03:00,1,01:00:00,1,01:00:00,100.0,100.0,2017-09-15T22:00:00Z,2017-09-15T19:00:00-03:00,2017-09-15T23:00:00Z,2017-09-15T20:00:00-03:00
2.35,,,False,6,so2,µg/m³,,raw,01:00:00,2017-09-15T23:00:00Z,2017-09-15T20:00:00-03:00,2017-09-16T00:00:00Z,2017-09-15T21:00:00-03:00,1,01:00:00,1,01:00:00,100.0,100.0,2017-09-15T23:00:00Z,2017-09-15T20:00:00-03:00,2017-09-16T00:00:00Z,2017-09-15T21:00:00-03:00
2.43,,,False,6,so2,µg/m³,,raw,01:00:00,2017-09-16T00:00:00Z,2017-09-15T21:00:00-03:00,2017-09-16T01:00:00Z,2017-09-15T22:00:00-03:00,1,01:00:00,1,01:00:00,100.0,100.0,2017-09-16T00:00:00Z,2017-09-15T21:00:00-03:00,2017-09-16T01:00:00Z,2017-09-15T22:00:00-03:00
2.27,,,False,6,so2,µg/m³,,raw,01:00:00,2017-09-16T01:00:00Z,2017-09-15T22:00:00-03:00,2017-09-16T02:00:00Z,2017-09-15T23:00:00-03:00,1,01:00:00,1,01:00:00,100.0,100.0,2017-09-16T01:00:00Z,2017-09-15T22:00:00-03:00,2017-09-16T02:00:00Z,2017-09-15T23:00:00-03:00
2.34,,,False,6,so2,µg/m³,,raw,01:00:00,2017-09-16T04:00:00Z,2017-09-16T01:00:00-03:00,2017-09-16T05:00:00Z,2017-09-16T02:00:00-03:00,1,01:00:00,1,01:00:00,100.0,100.0,2017-09-16T04:00:00Z,2017-09-16T01:00:00-03:00,2017-09-16T05:00:00Z,2017-09-16T02:00:00-03:00
2.53,,,False,6,so2,µg/m³,,raw,01:00:00,2017-09-16T05:00:00Z,2017-09-16T02:00:00-03:00,2017-09-16T06:00:00Z,2017-09-16T03:00:00-03:00,1,01:00:00,1,01:00:00,100.0,100.0,2017-09-16T05:00:00Z,2017-09-16T02:00:00-03:00,2017-09-16T06:00:00Z,2017-09-16T03:00:00-03:00
2.44,,,False,6,so2,µg/m³,,raw,01:00:00,2017-09-16T06:00:00Z,2017-09-16T03:00:00-03:00,2017-09-16T07:00:00Z,2017-09-16T04:00:00-03:00,1,01:00:00,1,01:00:00,100.0,100.0,2017-09-16T06:00:00Z,2017-09-16T03:00:00-03:00,2017-09-16T07:00:00Z,2017-09-16T04:00:00-03:00
2.61,,,False,6,so2,µg/m³,,raw,01:00:00,2017-09-16T08:00:00Z,2017-09-16T05:00:00-03:00,2017-09-16T09:00:00Z,2017-09-16T06:00:00-03:00,1,01:00:00,1,01:00:00,100.0,100.0,2017-09-16T08:00:00Z,2017-09-16T05:00:00-03:00,2017-09-16T09:00:00Z,2017-09-16T06:00:00-03:00
3.0,,,False,6,so2,µg/m³,,raw,01:00:00,2017-09-16T09:00:00Z,2017-09-16T06:00:00-03:00,2017-09-16T10:00:00Z,2017-09-16T07:00:00-03:00,1,01:00:00,1,01:00:00,100.0,100.0,2017-09-16T09:00:00Z,2017-09-16T06:00:00-03:00,2017-09-16T10:00:00Z,2017-09-16T07:00:00-03:00
39.11,,,False,6,so2,µg/m³,,raw,01:00:00,2017-09-16T11:00:00Z,2017-09-16T08:00:00-03:00,2017-09-16T12:00:00Z,2017-09-16T09:00:00-03:00,1,01:00:00,1,01:00:00,100.0,100.0,2017-09-16T11:00:00Z,2017-09-16T08:00:00-03:00,2017-09-16T12:00:00Z,2017-09-16T09:00:00-03:00
100.25,,,False,6,so2,µg/m³,,raw,01:00:00,2017-09-16T12:00:00Z,2017-09-16T09:00:00-03:00,2017-09-16T13:00:00Z,2017-09-16T10:00:00-03:00,1,01:00:00,1,01:00:00,100.0,100.0,2017-09-16T12:00:00Z,2017-09-16T09:00:00-03:00,2017-09-16T13:00:00Z,2017-09-16T10:00:00-03:00
178.58,,,False,6,so2,µg/m³,,raw,01:00:00,2017-09-16T14:00:00Z,2017-09-16T11:00:00-03:00,2017-09-16T15:00:00Z,2017-09-16T12:00:00-03:00,1,01:00:00,1,01:00:00,100.0,100.0,2017-09-16T14:00:00Z,2017-09-16T11:00:00-03:00,2017-09-16T15:00:00Z,2017-09-16T12:00:00-03:00
30.58,,,False,6,so2,µg/m³,,raw,01:00:00,2017-09-16T16:00:00Z,2017-09-16T13:00:00-03:00,2017-09-16T17:00:00Z,2017-09-16T14:00:00-03:00,1,01:00:00,1,01:00:00,100.0,100.0,2017-09-16T16:00:00Z,2017-09-16T13:00:00-03:00,2017-09-16T17:00:00Z,2017-09-16T14:00:00-03:00
37.36,,,False,6,so2,µg/m³,,raw,01:00:00,2017-09-16T17:00:00Z,2017-09-16T14:00:00-03:00,2017-09-16T18:00:00Z,2017-09-16T15:00:00-03:00,1,01:00:00,1,01:00:00,100.0,100.0,2017-09-16T17:00:00Z,2017-09-16T14:00:00-03:00,2017-09-16T18:00:00Z,2017-09-16T15:00:00-03:00
32.1,,,False,6,so2,µg/m³,,raw,01:00:00,2017-09-16T18:00:00Z,2017-09-16T15:00:00-03:00,2017-09-16T19:00:00Z,2017-09-16T16:00:00-03:00,1,01:00:00,1,01:00:00,100.0,100.0,2017-09-16T18:00:00Z,2017-09-16T15:00:00-03:00,2017-09-16T19:00:00Z,2017-09-16T16:00:00-03:00
27.34,,,False,6,so2,µg/m³,,raw,01:00:00,2017-09-16T19:00:00Z,2017-09-16T16:00:00-03:00,2017-09-16T20:00:00Z,2017-09-16T17:00:00-03:00,1,01:00:00,1,01:00:00,100.0,100.0,2017-09-16T19:00:00Z,2017-09-16T16:00:00-03:00,2017-09-16T20:00:00Z,2017-09-16T17:00:00-03:00
14.45,,,False,6,so2,µg/m³,,raw,01:00:00,2017-09-16T21:00:00Z,2017-09-16T18:00:00-03:00,2017-09-16T22:00:00Z,2017-09-16T19:00:00-03:00,1,01:00:00,1,01:00:00,100.0,100.0,2017-09-16T21:00:00Z,2017-09-16T18:00:00-03:00,2017-09-16T22:00:00Z,2017-09-16T19:00:00-03:00
9.18,,,False,6,so2,µg/m³,,raw,01:00:00,2017-09-16T23:00:00Z,2017-09-16T20:00:00-03:00,2017-09-17T00:00:00Z,2017-09-16T21:00:00-03:00,1,01:00:00,1,01:00:00,100.0,100.0,2017-09-16T23:00:00Z,2017-09-16T20:00:00-03:00,2017-09-17T00:00:00Z,2017-09-16T21:00:00-03:00
5.5,,,False,6,so2,µg/m³,,raw,01:00:00,2017-09-17T00:00:00Z,2017-09-16T21:00:00-03:00,2017-09-17T01:00:00Z,2017-09-16T22:00:00-03:00,1,01:00:00,1,01:00:00,100.0,100.0,2017-09-17T00:00:00Z,2017-09-16T21:00:00-03:00,2017-09-17T01:00:00Z,2017-09-16T22:00:00-03:00
3.46,,,False,6,so2,µg/m³,,raw,01:00:00,2017-09-17T02:00:00Z,2017-09-16T23:00:00-03:00,2017-09-17T03:00:00Z,2017-09-17T00:00:00-03:00,1,01:00:00,1,01:00:00,100.0,100.0,2017-09-17T02:00:00Z,2017-09-16T23:00:00-03:00,2017-09-17T03:00:00Z,2017-09-17T00:00:00-03:00
2.8,,,False,6,so2,µg/m³,,raw,01:00:00,2017-09-17T03:00:00Z,2017-09-17T00:00:00-03:00,2017-09-17T04:00:00Z,2017-09-17T01:00:00-03:00,1,01:00:00,1,01:00:00,100.0,100.0,2017-09-17T03:00:00Z,2017-09-17T00:00:00-03:00,2017-09-17T04:00:00Z,2017-09-17T01:00:00-03:00
2.3,,,False,6,so2,µg/m³,,raw,01:00:00,2017-09-17T04:00:00Z,2017-09-17T01:00:00-03:00,2017-09-17T05:00:00Z,2017-09-17T02:00:00-03:00,1,01:00:00,1,01:00:00,100.0,100.0,2017-09-17T04:00:00Z,2017-09-17T01:00:00-03:00,2017-09-17T05:00:00Z,2017-09-17T02:00:00-03:00
2.23,,,False,6,so2,µg/m³,,raw,01:00:00,2017-09-17T05:00:00Z,2017-09-17T02:00:00-03:00,2017-09-17T06:00:00Z,2017-09-17T03:00:00-03:00,1,01:00:00,1,01:00:00,100.0,100.0,2017-09-17T05:00:00Z,2017-09-17T02:00:00-03:00,2017-09-17T06:00:00Z,2017-09-17T03:00:00-03:00
2.18,,,False,6,so2,µg/m³,,raw,01:00:00,2017-09-17T07:00:00Z,2017-09-17T04:00:00-03:00,2017-09-17T08:00:00Z,2017-09-17T05:00:00-03:00,1,01:00:00,1,01:00:00,100.0,100.0,2017-09-17T07:00:00Z,2017-09-17T04:00:00-03:00,2017-09-17T08:00:00Z,2017-09-17T05:00:00-03:00
2.23,,,False,6,so2,µg/m³,,raw,01:00:00,2017-09-17T08:00:00Z,2017-09-17T05:00:00-03:00,2017-09-17T09:00:00Z,2017-09-17T06:00:00-03:00,1,01:00:00,1,01:00:00,100.0,100.0,2017-09-17T08:00:00Z,2017-09-17T05:00:00-03:00,2017-09-17T09:00:00Z,2017-09-17T06:00:00-03:00
2.45,,,False,6,so2,µg/m³,,raw,01:00:00,2017-09-17T09:00:00Z,2017-09-17T06:00:00-03:00,2017-09-17T10:00:00Z,2017-09-17T07:00:00-03:00,1,01:00:00,1,01:00:00,100.0,100.0,2017-09-17T09:00:00Z,2017-09-17T06:00:00-03:00,2017-09-17T10:00:00Z,2017-09-17T07:00:00-03:00
5.43,,,False,6,so2,µg/m³,,raw,01:00:00,2017-09-17T10:00:00Z,2017-09-17T07:00:00-03:00,2017-09-17T11:00:00Z,2017-09-17T08:00:00-03:00,1,01:00:00,1,01:00:00,100.0,100.0,2017-09-17T10:00:00Z,2017-09-17T07:00:00-03:00,2017-09-17T11:00:00Z,2017-09-17T08:00:00-03:00
57.53,,,False,6,so2,µg/m³,,raw,01:00:00,2017-09-17T11:00:00Z,2017-09-17T08:00:00-03:00,2017-09-17T12:00:00Z,2017-09-17T09:00:00-03:00,1,01:00:00,1,01:00:00,100.0,100.0,2017-09-17T11:00:00Z,2017-09-17T08:00:00-03:00,2017-09-17T12:00:00Z,2017-09-17T09:00:00-03:00
105.09,,,False,6,so2,µg/m³,,raw,01:00:00,2017-09-17T12:00:00Z,2017-09-17T09:00:00-03:00,2017-09-17T13:00:00Z,2017-09-17T10:00:00-03:00,1,01:00:00,1,01:00:00,100.0,100.0,2017-09-17T12:00:00Z,2017-09-17T09:00:00-03:00,2017-09-17T13:00:00Z,2017-09-17T10:00:00-03:00
97.68,,,False,6,so2,µg/m³,,raw,01:00:00,2017-09-17T13:00:00Z,2017-09-17T10:00:00-03:00,2017-09-17T14:00:00Z,2017-09-17T11:00:00-03:00,1,01:00:00,1,01:00:00,100.0,100.0,2017-09-17T13:00:00Z,2017-09-17T10:00:00-03:00,2017-09-17T14:00:00Z,2017-09-17T11:00:00-03:00
42.82,,,False,6,so2,µg/m³,,raw,01:00:00,2017-09-17T14:00:00Z,2017-09-17T11:00:00-03:00,2017-09-17T15:00:00Z,2017-09-17T12:00:00-03:00,1,01:00:00,1,01:00:00,100.0,100.0,2017-09-17T14:00:00Z,2017-09-17T11:00:00-03:00,2017-09-17T15:00:00Z,2017-09-17T12:00:00-03:00
34.95,,,False,6,so2,µg/m³,,raw,01:00:00,2017-09-17T15:00:00Z,2017-09-17T12:00:00-03:00,2017-09-17T16:00:00Z,2017-09-17T13:00:00-03:00,1,01:00:00,1,01:00:00,100.0,100.0,2017-09-17T15:00:00Z,2017-09-17T12:00:00-03:00,2017-09-17T16:00:00Z,2017-09-17T13:00:00-03:00
12.89,,,False,6,so2,µg/m³,,raw,01:00:00,2017-09-17T18:00:00Z,2017-09-17T15:00:00-03:00,2017-09-17T19:00:00Z,2017-09-17T16:00:00-03:00,1,01:00:00,1,01:00:00,100.0,100.0,2017-09-17T18:00:00Z,2017-09-17T15:00:00-03:00,2017-09-17T19:00:00Z,2017-09-17T16:00:00-03:00
12.14,,,False,6,so2,µg/m³,,raw,01:00:00,2017-09-17T20:00:00Z,2017-09-17T17:00:00-03:00,2017-09-17T21:00:00Z,2017-09-17T18:00:00-03:00,1,01:00:00,1,01:00:00,100.0,100.0,2017-09-17T20:00:00Z,2017-09-17T17:00:00-03:00,2017-09-17T21:00:00Z,2017-09-17T18:00:00-03:00
15.23,,,False,6,so2,µg/m³,,raw,01:00:00,2017-09-17T21:00:00Z,2017-09-17T18:00:00-03:00,2017-09-17T22:00:00Z,2017-09-17T19:00:00-03:00,1,01:00:00,1,01:00:00,100.0,100.0,2017-09-17T21:00:00Z,2017-09-17T18:00:00-03:00,2017-09-17T22:00:00Z,2017-09-17T19:00:00-03:00
4.64,,,False,6,so2,µg/m³,,raw,01:00:00,2017-09-17T23:00:00Z,2017-09-17T20:00:00-03:00,2017-09-18T00:00:00Z,2017-09-17T21:00:00-03:00,1,01:00:00,1,01:00:00,100.0,100.0,2017-09-17T23:00:00Z,2017-09-17T20:00:00-03:00,2017-09-18T00:00:00Z,2017-09-17T21:00:00-03:00
2.98,,,False,6,so2,µg/m³,,raw,01:00:00,2017-09-18T00:00:00Z,2017-09-17T21:00:00-03:00,2017-09-18T01:00:00Z,2017-09-17T22:00:00-03:00,1,01:00:00,1,01:00:00,100.0,100.0,2017-09-18T00:00:00Z,2017-09-17T21:00:00-03:00,2017-09-18T01:00:00Z,2017-09-17T22:00:00-03:00
2.27,,,False,6,so2,µg/m³,,raw,01:00:00,2017-09-18T01:00:00Z,2017-09-17T22:00:00-03:00,2017-09-18T02:00:00Z,2017-09-17T23:00:00-03:00,1,01:00:00,1,01:00:00,100.0,100.0,2017-09-18T01:00:00Z,2017-09-17T22:00:00-03:00,2017-09-18T02:00:00Z,2017-09-17T23:00:00-03:00
2.15,,,False,6,so2,µg/m³,,raw,01:00:00,2017-09-18T02:00:00Z,2017-09-17T23:00:00-03:00,2017-09-18T03:00:00Z,2017-09-18T00:00:00-03:00,1,01:00:00,1,01:00:00,100.0,100.0,2017-09-18T02:00:00Z,2017-09-17T23:00:00-03:00,2017-09-18T03:00:00Z,2017-09-18T00:00:00-03:00
2.27,,,False,6,so2,µg/m³,,raw,01:00:00,2017-09-18T03:00:00Z,2017-09-18T00:00:00-03:00,2017-09-18T04:00:00Z,2017-09-18T01:00:00-03:00,1,01:00:00,1,01:00:00,100.0,100.0,2017-09-18T03:00:00Z,2017-09-18T00:00:00-03:00,2017-09-18T04:00:00Z,2017-09-18T01:00:00-03:00
1.93,,,False,6,so2,µg/m³,,raw,01:00:00,2017-09-18T04:00:00Z,2017-09-18T01:00:00-03:00,2017-09-18T05:00:00Z,2017-09-18T02:00:00-03:00,1,01:00:00,1,01:00:00,100.0,100.0,2017-09-18T04:00:00Z,2017-09-18T01:00:00-03:00,2017-09-18T05:00:00Z,2017-09-18T02:00:00-03:00
1.92,,,False,6,so2,µg/m³,,raw,01:00:00,2017-09-18T05:00:00Z,2017-09-18T02:00:00-03:00,2017-09-18T06:00:00Z,2017-09-18T03:00:00-03:00,1,01:00:00,1,01:00:00,100.0,100.0,2017-09-18T05:00:00Z,2017-09-18T02:00:00-03:00,2017-09-18T06:00:00Z,2017-09-18T03:00:00-03:00
2.09,,,False,6,so2,µg/m³,,raw,01:00:00,2017-09-18T06:00:00Z,2017-09-18T03:00:00-03:00,2017-09-18T07:00:00Z,2017-09-18T04:00:00-03:00,1,01:00:00,1,01:00:00,100.0,100.0,2017-09-18T06:00:00Z,2017-09-18T03:00:00-03:00,2017-09-18T07:00:00Z,2017-09-18T04:00:00-03:00
2.43,,,False,6,so2,µg/m³,,raw,01:00:00,2017-09-18T07:00:00Z,2017-09-18T04:00:00-03:00,2017-09-18T08:00:00Z,2017-09-18T05:00:00-03:00,1,01:00:00,1,01:00:00,100.0,100.0,2017-09-18T07:00:00Z,2017-09-18T04:00:00-03:00,2017-09-18T08:00:00Z,2017-09-18T05:00:00-03:00
3.42,,,False,6,so2,µg/m³,,raw,01:00:00,2017-09-18T09:00:00Z,2017-09-18T06:00:00-03:00,2017-09-18T10:00:00Z,2017-09-18T07:00:00-03:00,1,01:00:00,1,01:00:00,100.0,100.0,2017-09-18T09:00:00Z,2017-09-18T06:00:00-03:00,2017-09-18T10:00:00Z,2017-09-18T07:00:00-03:00
2.46,,,False,6,so2,µg/m³,,raw,01:00:00,2017-09-18T10:00:00Z,2017-09-18T07:00:00-03:00,2017-09-18T11:00:00Z,2017-09-18T08:00:00-03:00,1,01:00:00,1,01:00:00,100.0,100.0,2017-09-18T10:00:00Z,2017-09-18T07:00:00-03:00,2017-09-18T11:00:00Z,2017-09-18T08:00:00-03:00
6.59,,,False,6,so2,µg/m³,,raw,01:00:00,2017-09-18T11:00:00Z,2017-09-18T08:00:00-03:00,2017-09-18T12:00:00Z,2017-09-18T09:00:00-03:00,1,01:00:00,1,01:00:00,100.0,100.0,2017-09-18T11:00:00Z,2017-09-18T08:00:00-03:00,2017-09-18T12:00:00Z,2017-09-18T09:00:00-03:00
12.22,,,False,6,so2,µg/m³,,raw,01:00:00,2017-09-18T14:00:00Z,2017-09-18T11:00:00-03:00,2017-09-18T15:00:00Z,2017-09-18T12:00:00-03:00,1,01:00:00,1,01:00:00,100.0,100.0,2017-09-18T14:00:00Z,2017-09-18T11:00:00-03:00,2017-09-18T15:00:00Z,2017-09-18T12:00:00-03:00
181.79,,,False,6,so2,µg/m³,,raw,01:00:00,2017-09-18T16:00:00Z,2017-09-18T13:00:00-03:00,2017-09-18T17:00:00Z,2017-09-18T14:00:00-03:00,1,01:00:00,1,01:00:00,100.0,100.0,2017-09-18T16:00:00Z,2017-09-18T13:00:00-03:00,2017-09-18T17:00:00Z,2017-09-18T14:00:00-03:00
5.79,,,False,6,so2,µg/m³,,raw,01:00:00,2017-09-18T19:00:00Z,2017-09-18T16:00:00-03:00,2017-09-18T20:00:00Z,2017-09-18T17:00:00-03:00,1,01:00:00,1,01:00:00,100.0,100.0,2017-09-18T19:00:00Z,2017-09-18T16:00:00-03:00,2017-09-18T20:00:00Z,2017-09-18T17:00:00-03:00
3.03,,,False,6,so2,µg/m³,,raw,01:00:00,2017-09-18T23:00:00Z,2017-09-18T20:00:00-03:00,2017-09-19T00:00:00Z,2017-09-18T21:00:00-03:00,1,01:00:00,1,01:00:00,100.0,100.0,2017-09-18T23:00:00Z,2017-09-18T20:00:00-03:00,2017-09-19T00:00:00Z,2017-09-18T21:00:00-03:00
3.13,,,False,6,so2,µg/m³,,raw,01:00:00,2017-09-19T00:00:00Z,2017-09-18T21:00:00-03:00,2017-09-19T01:00:00Z,2017-09-18T22:00:00-03:00,1,01:00:00,1,01:00:00,100.0,100.0,2017-09-19T00:00:00Z,2017-09-18T21:00:00-03:00,2017-09-19T01:00:00Z,2017-09-18T22:00:00-03:00
3.15,,,False,6,so2,µg/m³,,raw,01:00:00,2017-09-19T01:00:00Z,2017-09-18T22:00:00-03:00,2017-09-19T02:00:00Z,2017-09-18T23:00:00-03:00,1,01:00:00,1,01:00:00,100.0,100.0,2017-09-19T01:00:00Z,2017-09-18T22:00:00-03:00,2017-09-19T02:00:00Z,2017-09-18T23:00:00-03:00
3.2,,,False,6,so2,µg/m³,,raw,01:00:00,2017-09-19T02:00:00Z,2017-09-18T23:00:00-03:00,2017-09-19T03:00:00Z,2017-09-19T00:00:00-03:00,1,01:00:00,1,01:00:00,100.0,100.0,2017-09-19T02:00:00Z,2017-09-18T23:00:00-03:00,2017-09-19T03:00:00Z,2017-09-19T00:00:00-03:00
2.99,,,False,6,so2,µg/m³,,raw,01:00:00,2017-09-19T03:00:00Z,2017-09-19T00:00:00-03:00,2017-09-19T04:00:00Z,2017-09-19T01:00:00-03:00,1,01:00:00,1,01:00:00,100.0,100.0,2017-09-19T03:00:00Z,2017-09-19T00:00:00-03:00,2017-09-19T04:00:00Z,2017-09-19T01:00:00-03:00
3.08,,,False,6,so2,µg/m³,,raw,01:00:00,2017-09-19T04:00:00Z,2017-09-19T01:00:00-03:00,2017-09-19T05:00:00Z,2017-09-19T02:00:00-03:00,1,01:00:00,1,01:00:00,100.0,100.0,2017-09-19T04:00:00Z,2017-09-19T01:00:00-03:00,2017-09-19T05:00:00Z,2017-09-19T02:00:00-03:00
2.89,,,False,6,so2,µg/m³,,raw,01:00:00,2017-09-19T05:00:00Z,2017-09-19T02:00:00-03:00,2017-09-19T06:00:00Z,2017-09-19T03:00:00-03:00,1,01:00:00,1,01:00:00,100.0,100.0,2017-09-19T05:00:00Z,2017-09-19T02:00:00-03:00,2017-09-19T06:00:00Z,2017-09-19T03:00:00-03:00
2.81,,,False,6,so2,µg/m³,,raw,01:00:00,2017-09-19T08:00:00Z,2017-09-19T05:00:00-03:00,2017-09-19T09:00:00Z,2017-09-19T06:00:00-03:00,1,01:00:00,1,01:00:00,100.0,100.0,2017-09-19T08:00:00Z,2017-09-19T05:00:00-03:00,2017-09-19T09:00:00Z,2017-09-19T06:00:00-03:00
2.56,,,False,6,so2,µg/m³,,raw,01:00:00,2017-09-19T12:00:00Z,2017-09-19T09:00:00-03:00,2017-09-19T13:00:00Z,2017-09-19T10:00:00-03:00,1,01:00:00,1,01:00:00,100.0,100.0,2017-09-19T12:00:00Z,2017-09-19T09:00:00-03:00,2017-09-19T13:00:00Z,2017-09-19T10:00:00-03:00
2.9,,,False,6,so2,µg/m³,,raw,01:00:00,2017-09-19T14:00:00Z,2017-09-19T11:00:00-03:00,2017-09-19T15:00:00Z,2017-09-19T12:00:00-03:00,1,01:00:00,1,01:00:00,100.0,100.0,2017-09-19T14:00:00Z,2017-09-19T11:00:00-03:00,2017-09-19T15:00:00Z,2017-09-19T12:00:00-03:00
3.2,,,False,6,so2,µg/m³,,raw,01:00:00,2017-09-19T20:00:00Z,2017-09-19T17:00:00-03:00,2017-09-19T21:00:00Z,2017-09-19T18:00:00-03:00,1,01:00:00,1,01:00:00,100.0,100.0,2017-09-19T20:00:00Z,2017-09-19T17:00:00-03:00,2017-09-19T21:00:00Z,2017-09-19T18:00:00-03:00
2.97,,,False,6,so2,µg/m³,,raw,01:00:00,2017-09-21T00:00:00Z,2017-09-20T21:00:00-03:00,2017-09-21T01:00:00Z,2017-09-20T22:00:00-03:00,1,01:00:00,1,01:00:00,100.0,100.0,2017-09-21T00:00:00Z,2017-09-20T21:00:00-03:00,2017-09-21T01:00:00Z,2017-09-20T22:00:00-03:00
2.97,,,False,6,so2,µg/m³,,raw,01:00:00,2017-09-21T03:00:00Z,2017-09-21T00:00:00-03:00,2017-09-21T04:00:00Z,2017-09-21T01:00:00-03:00,1,01:00:00,1,01:00:00,100.0,100.0,2017-09-21T03:00:00Z,2017-09-21T00:00:00-03:00,2017-09-21T04:00:00Z,2017-09-21T01:00:00-03:00
3.16,,,False,6,so2,µg/m³,,raw,01:00:00,2017-09-21T07:00:00Z,2017-09-21T04:00:00-03:00,2017-09-21T08:00:00Z,2017-09-21T05:00:00-03:00,1,01:00:00,1,01:00:00,100.0,100.0,2017-09-21T07:00:00Z,2017-09-21T04:00:00-03:00,2017-09-21T08:00:00Z,2017-09-21T05:00:00-03:00
2.94,,,False,6,so2,µg/m³,,raw,01:00:00,2017-09-21T11:00:00Z,2017-09-21T08:00:00-03:00,2017-09-21T12:00:00Z,2017-09-21T09:00:00-03:00,1,01:00:00,1,01:00:00,100.0,100.0,2017-09-21T11:00:00Z,2017-09-21T08:00:00-03:00,2017-09-21T12:00:00Z,2017-09-21T09:00:00-03:00
51.7,,,False,6,so2,µg/m³,,raw,01:00:00,2017-09-21T14:00:00Z,2017-09-21T11:00:00-03:00,2017-09-21T15:00:00Z,2017-09-21T12:00:00-03:00,1,01:00:00,1,01:00:00,100.0,100.0,2017-09-21T14:00:00Z,2017-09-21T11:00:00-03:00,2017-09-21T15:00:00Z,2017-09-21T12:00:00-03:00
65.19,,,False,6,so2,µg/m³,,raw,01:00:00,2017-09-21T15:00:00Z,2017-09-21T12:00:00-03:00,2017-09-21T16:00:00Z,2017-09-21T13:00:00-03:00,1,01:00:00,1,01:00:00,100.0,100.0,2017-09-21T15:00:00Z,2017-09-21T12:00:00-03:00,2017-09-21T16:00:00Z,2017-09-21T13:00:00-03:00
399.48,,,False,6,so2,µg/m³,,raw,01:00:00,2017-09-21T18:00:00Z,2017-09-21T15:00:00-03:00,2017-09-21T19:00:00Z,2017-09-21T16:00:00-03:00,1,01:00:00,1,01:00:00,100.0,100.0,2017-09-21T18:00:00Z,2017-09-21T15:00:00-03:00,2017-09-21T19:00:00Z,2017-09-21T16:00:00-03:00
16.58,,,False,6,so2,µg/m³,,raw,01:00:00,2017-09-21T20:00:00Z,2017-09-21T17:00:00-03:00,2017-09-21T21:00:00Z,2017-09-21T18:00:00-03:00,1,01:00:00,1,01:00:00,100.0,100.0,2017-09-21T20:00:00Z,2017-09-21T17:00:00-03:00,2017-09-21T21:00:00Z,2017-09-21T18:00:00-03:00
14.27,,,False,6,so2,µg/m³,,raw,01:00:00,2017-09-21T21:00:00Z,2017-09-21T18:00:00-03:00,2017-09-21T22:00:00Z,2017-09-21T19:00:00-03:00,1,01:00:00,1,01:00:00,100.0,100.0,2017-09-21T21:00:00Z,2017-09-21T18:00:00-03:00,2017-09-21T22:00:00Z,2017-09-21T19:00:00-03:00
6.16,,,False,6,so2,µg/m³,,raw,01:00:00,2017-09-21T23:00:00Z,2017-09-21T20:00:00-03:00,2017-09-22T00:00:00Z,2017-09-21T21:00:00-03:00,1,01:00:00,1,01:00:00,100.0,100.0,2017-09-21T23:00:00Z,2017-09-21T20:00:00-03:00,2017-09-22T00:00:00Z,2017-09-21T21:00:00-03:00
5.44,,,False,6,so2,µg/m³,,raw,01:00:00,2017-09-22T00:00:00Z,2017-09-21T21:00:00-03:00,2017-09-22T01:00:00Z,2017-09-21T22:00:00-03:00,1,01:00:00,1,01:00:00,100.0,100.0,2017-09-22T00:00:00Z,2017-09-21T21:00:00-03:00,2017-09-22T01:00:00Z,2017-09-21T22:00:00-03:00
4.87,,,False,6,so2,µg/m³,,raw,01:00:00,2017-09-22T01:00:00Z,2017-09-21T22:00:00-03:00,2017-09-22T02:00:00Z,2017-09-21T23:00:00-03:00,1,01:00:00,1,01:00:00,100.0,100.0,2017-09-22T01:00:00Z,2017-09-21T22:00:00-03:00,2017-09-22T02:00:00Z,2017-09-21T23:00:00-03:00
4.98,,,False,6,so2,µg/m³,,raw,01:00:00,2017-09-22T02:00:00Z,2017-09-21T23:00:00-03:00,2017-09-22T03:00:00Z,2017-09-22T00:00:00-03:00,1,01:00:00,1,01:00:00,100.0,100.0,2017-09-22T02:00:00Z,2017-09-21T23:00:00-03:00,2017-09-22T03:00:00Z,2017-09-22T00:00:00-03:00
5.07,,,False,6,so2,µg/m³,,raw,01:00:00,2017-09-22T03:00:00Z,2017-09-22T00:00:00-03:00,2017-09-22T04:00:00Z,2017-09-22T01:00:00-03:00,1,01:00:00,1,01:00:00,100.0,100.0,2017-09-22T03:00:00Z,2017-09-22T00:00:00-03:00,2017-09-22T04:00:00Z,2017-09-22T01:00:00-03:00
5.1,,,False,6,so2,µg/m³,,raw,01:00:00,2017-09-22T04:00:00Z,2017-09-22T01:00:00-03:00,2017-09-22T05:00:00Z,2017-09-22T02:00:00-03:00,1,01:00:00,1,01:00:00,100.0,100.0,2017-09-22T04:00:00Z,2017-09-22T01:00:00-03:00,2017-09-22T05:00:00Z,2017-09-22T02:00:00-03:00
5.06,,,False,6,so2,µg/m³,,raw,01:00:00,2017-09-22T05:00:00Z,2017-09-22T02:00:00-03:00,2017-09-22T06:00:00Z,2017-09-22T03:00:00-03:00,1,01:00:00,1,01:00:00,100.0,100.0,2017-09-22T05:00:00Z,2017-09-22T02:00:00-03:00,2017-09-22T06:00:00Z,2017-09-22T03:00:00-03:00
4.93,,,False,6,so2,µg/m³,,raw,01:00:00,2017-09-22T06:00:00Z,2017-09-22T03:00:00-03:00,2017-09-22T07:00:00Z,2017-09-22T04:00:00-03:00,1,01:00:00,1,01:00:00,100.0,100.0,2017-09-22T06:00:00Z,2017-09-22T03:00:00-03:00,2017-09-22T07:00:00Z,2017-09-22T04:00:00-03:00
4.73,,,False,6,so2,µg/m³,,raw,01:00:00,2017-09-22T07:00:00Z,2017-09-22T04:00:00-03:00,2017-09-22T08:00:00Z,2017-09-22T05:00:00-03:00,1,01:00:00,1,01:00:00,100.0,100.0,2017-09-22T07:00:00Z,2017-09-22T04:00:00-03:00,2017-09-22T08:00:00Z,2017-09-22T05:00:00-03:00
4.4,,,False,6,so2,µg/m³,,raw,01:00:00,2017-09-22T08:00:00Z,2017-09-22T05:00:00-03:00,2017-09-22T09:00:00Z,2017-09-22T06:00:00-03:00,1,01:00:00,1,01:00:00,100.0,100.0,2017-09-22T08:00:00Z,2017-09-22T05:00:00-03:00,2017-09-22T09:00:00Z,2017-09-22T06:00:00-03:00
4.42,,,False,6,so2,µg/m³,,raw,01:00:00,2017-09-22T09:00:00Z,2017-09-22T06:00:00-03:00,2017-09-22T10:00:00Z,2017-09-22T07:00:00-03:00,1,01:00:00,1,01:00:00,100.0,100.0,2017-09-22T09:00:00Z,2017-09-22T06:00:00-03:00,2017-09-22T10:00:00Z,2017-09-22T07:00:00-03:00
5.03,,,False,6,so2,µg/m³,,raw,01:00:00,2017-09-22T10:00:00Z,2017-09-22T07:00:00-03:00,2017-09-22T11:00:00Z,2017-09-22T08:00:00-03:00,1,01:00:00,1,01:00:00,100.0,100.0,2017-09-22T10:00:00Z,2017-09-22T07:00:00-03:00,2017-09-22T11:00:00Z,2017-09-22T08:00:00-03:00
5.39,,,False,6,so2,µg/m³,,raw,01:00:00,2017-09-22T11:00:00Z,2017-09-22T08:00:00-03:00,2017-09-22T12:00:00Z,2017-09-22T09:00:00-03:00,1,01:00:00,1,01:00:00,100.0,100.0,2017-09-22T11:00:00Z,2017-09-22T08:00:00-03:00,2017-09-22T12:00:00Z,2017-09-22T09:00:00-03:00
15.85,,,False,6,so2,µg/m³,,raw,01:00:00,2017-09-22T12:00:00Z,2017-09-22T09:00:00-03:00,2017-09-22T13:00:00Z,2017-09-22T10:00:00-03:00,1,01:00:00,1,01:00:00,100.0,100.0,2017-09-22T12:00:00Z,2017-09-22T09:00:00-03:00,2017-09-22T13:00:00Z,2017-09-22T10:00:00-03:00
40.29,,,False,6,so2,µg/m³,,raw,01:00:00,2017-09-22T13:00:00Z,2017-09-22T10:00:00-03:00,2017-09-22T14:00:00Z,2017-09-22T11:00:00-03:00,1,01:00:00,1,01:00:00,100.0,100.0,2017-09-22T13:00:00Z,2017-09-22T10:00:00-03:00,2017-09-22T14:00:00Z,2017-09-22T11:00:00-03:00
38.56,,,False,6,so2,µg/m³,,raw,01:00:00,2017-09-22T14:00:00Z,2017-09-22T11:00:00-03:00,2017-09-22T15:00:00Z,2017-09-22T12:00:00-03:00,1,01:00:00,1,01:00:00,100.0,100.0,2017-09-22T14:00:00Z,2017-09-22T11:00:00-03:00,2017-09-22T15:00:00Z,2017-09-22T12:00:00-03:00
16.5,,,False,6,so2,µg/m³,,raw,01:00:00,2017-09-22T15:00:00Z,2017-09-22T12:00:00-03:00,2017-09-22T16:00:00Z,2017-09-22T13:00:00-03:00,1,01:00:00,1,01:00:00,100.0,100.0,2017-09-22T15:00:00Z,2017-09-22T12:00:00-03:00,2017-09-22T16:00:00Z,2017-09-22T13:00:00-03:00
10.69,,,False,6,so2,µg/m³,,raw,01:00:00,2017-09-22T16:00:00Z,2017-09-22T13:00:00-03:00,2017-09-22T17:00:00Z,2017-09-22T14:00:00-03:00,1,01:00:00,1,01:00:00,100.0,100.0,2017-09-22T16:00:00Z,2017-09-22T13:00:00-03:00,2017-09-22T17:00:00Z,2017-09-22T14:00:00-03:00
8.95,,,False,6,so2,µg/m³,,raw,01:00:00,2017-09-22T18:00:00Z,2017-09-22T15:00:00-03:00,2017-09-22T19:00:00Z,2017-09-22T16:00:00-03:00,1,01:00:00,1,01:00:00,100.0,100.0,2017-09-22T18:00:00Z,2017-09-22T15:00:00-03:00,2017-09-22T19:00:00Z,2017-09-22T16:00:00-03:00
7.69,,,False,6,so2,µg/m³,,raw,01:00:00,2017-09-22T19:00:00Z,2017-09-22T16:00:00-03:00,2017-09-22T20:00:00Z,2017-09-22T17:00:00-03:00,1,01:00:00,1,01:00:00,100.0,100.0,2017-09-22T19:00:00Z,2017-09-22T16:00:00-03:00,2017-09-22T20:00:00Z,2017-09-22T17:00:00-03:00
7.16,,,False,6,so2,µg/m³,,raw,01:00:00,2017-09-22T20:00:00Z,2017-09-22T17:00:00-03:00,2017-09-22T21:00:00Z,2017-09-22T18:00:00-03:00,1,01:00:00,1,01:00:00,100.0,100.0,2017-09-22T20:00:00Z,2017-09-22T17:00:00-03:00,2017-09-22T21:00:00Z,2017-09-22T18:00:00-03:00
6.23,,,False,6,so2,µg/m³,,raw,01:00:00,2017-09-22T21:00:00Z,2017-09-22T18:00:00-03:00,2017-09-22T22:00:00Z,2017-09-22T19:00:00-03:00,1,01:00:00,1,01:00:00,100.0,100.0,2017-09-22T21:00:00Z,2017-09-22T18:00:00-03:00,2017-09-22T22:00:00Z,2017-09-22T19:00:00-03:00
5.79,,,False,6,so2,µg/m³,,raw,01:00:00,2017-09-22T22:00:00Z,2017-09-22T19:00:00-03:00,2017-09-22T23:00:00Z,2017-09-22T20:00:00-03:00,1,01:00:00,1,01:00:00,100.0,100.0,2017-09-22T22:00:00Z,2017-09-22T19:00:00-03:00,2017-09-22T23:00:00Z,2017-09-22T20:00:00-03:00
5.93,,,False,6,so2,µg/m³,,raw,01:00:00,2017-09-22T23:00:00Z,2017-09-22T20:00:00-03:00,2017-09-23T00:00:00Z,2017-09-22T21:00:00-03:00,1,01:00:00,1,01:00:00,100.0,100.0,2017-09-22T23:00:00Z,2017-09-22T20:00:00-03:00,2017-09-23T00:00:00Z,2017-09-22T21:00:00-03:00
5.46,,,False,6,so2,µg/m³,,raw,01:00:00,2017-09-23T00:00:00Z,2017-09-22T21:00:00-03:00,2017-09-23T01:00:00Z,2017-09-22T22:00:00-03:00,1,01:00:00,1,01:00:00,100.0,100.0,2017-09-23T00:00:00Z,2017-09-22T21:00:00-03:00,2017-09-23T01:00:00Z,2017-09-22T22:00:00-03:00
5.26,,,False,6,so2,µg/m³,,raw,01:00:00,2017-09-23T01:00:00Z,2017-09-22T22:00:00-03:00,2017-09-23T02:00:00Z,2017-09-22T23:00:00-03:00,1,01:00:00,1,01:00:00,100.0,100.0,2017-09-23T01:00:00Z,2017-09-22T22:00:00-03:00,2017-09-23T02:00:00Z,2017-09-22T23:00:00-03:00
5.18,,,False,6,so2,µg/m³,,raw,01:00:00,2017-09-23T02:00:00Z,2017-09-22T23:00:00-03:00,2017-09-23T03:00:00Z,2017-09-23T00:00:00-03:00,1,01:00:00,1,01:00:00,100.0,100.0,2017-09-23T02:00:00Z,2017-09-22T23:00:00-03:00,2017-09-23T03:00:00Z,2017-09-23T00:00:00-03:00
5.36,,,False,6,so2,µg/m³,,raw,01:00:00,2017-09-23T04:00:00Z,2017-09-23T01:00:00-03:00,2017-09-23T05:00:00Z,2017-09-23T02:00:00-03:00,1,01:00:00,1,01:00:00,100.0,100.0,2017-09-23T04:00:00Z,2017-09-23T01:00:00-03:00,2017-09-23T05:00:00Z,2017-09-23T02:00:00-03:00
5.03,,,False,6,so2,µg/m³,,raw,01:00:00,2017-09-23T05:00:00Z,2017-09-23T02:00:00-03:00,2017-09-23T06:00:00Z,2017-09-23T03:00:00-03:00,1,01:00:00,1,01:00:00,100.0,100.0,2017-09-23T05:00:00Z,2017-09-23T02:00:00-03:00,2017-09-23T06:00:00Z,2017-09-23T03:00:00-03:00
4.83,,,False,6,so2,µg/m³,,raw,01:00:00,2017-09-23T06:00:00Z,2017-09-23T03:00:00-03:00,2017-09-23T07:00:00Z,2017-09-23T04:00:00-03:00,1,01:00:00,1,01:00:00,100.0,100.0,2017-09-23T06:00:00Z,2017-09-23T03:00:00-03:00,2017-09-23T07:00:00Z,2017-09-23T04:00:00-03:00
5.16,,,False,6,so2,µg/m³,,raw,01:00:00,2017-09-23T07:00:00Z,2017-09-23T04:00:00-03:00,2017-09-23T08:00:00Z,2017-09-23T05:00:00-03:00,1,01:00:00,1,01:00:00,100.0,100.0,2017-09-23T07:00:00Z,2017-09-23T04:00:00-03:00,2017-09-23T08:00:00Z,2017-09-23T05:00:00-03:00
5.4,,,False,6,so2,µg/m³,,raw,01:00:00,2017-09-23T08:00:00Z,2017-09-23T05:00:00-03:00,2017-09-23T09:00:00Z,2017-09-23T06:00:00-03:00,1,01:00:00,1,01:00:00,100.0,100.0,2017-09-23T08:00:00Z,2017-09-23T05:00:00-03:00,2017-09-23T09:00:00Z,2017-09-23T06:00:00-03:00
4.97,,,False,6,so2,µg/m³,,raw,01:00:00,2017-09-23T09:00:00Z,2017-09-23T06:00:00-03:00,2017-09-23T10:00:00Z,2017-09-23T07:00:00-03:00,1,01:00:00,1,01:00:00,100.0,100.0,2017-09-23T09:00:00Z,2017-09-23T06:00:00-03:00,2017-09-23T10:00:00Z,2017-09-23T07:00:00-03:00
5.4,,,False,6,so2,µg/m³,,raw,01:00:00,2017-09-23T10:00:00Z,2017-09-23T07:00:00-03:00,2017-09-23T11:00:00Z,2017-09-23T08:00:00-03:00,1,01:00:00,1,01:00:00,100.0,100.0,2017-09-23T10:00:00Z,2017-09-23T07:00:00-03:00,2017-09-23T11:00:00Z,2017-09-23T08:00:00-03:00
19.01,,,False,6,so2,µg/m³,,raw,01:00:00,2017-09-23T11:00:00Z,2017-09-23T08:00:00-03:00,2017-09-23T12:00:00Z,2017-09-23T09:00:00-03:00,1,01:00:00,1,01:00:00,100.0,100.0,2017-09-23T11:00:00Z,2017-09-23T08:00:00-03:00,2017-09-23T12:00:00Z,2017-09-23T09:00:00-03:00
67.38,,,False,6,so2,µg/m³,,raw,01:00:00,2017-09-23T12:00:00Z,2017-09-23T09:00:00-03:00,2017-09-23T13:00:00Z,2017-09-23T10:00:00-03:00,1,01:00:00,1,01:00:00,100.0,100.0,2017-09-23T12:00:00Z,2017-09-23T09:00:00-03:00,2017-09-23T13:00:00Z,2017-09-23T10:00:00-03:00
85.29,,,False,6,so2,µg/m³,,raw,01:00:00,2017-09-23T13:00:00Z,2017-09-23T10:00:00-03:00,2017-09-23T14:00:00Z,2017-09-23T11:00:00-03:00,1,01:00:00,1,01:00:00,100.0,100.0,2017-09-23T13:00:00Z,2017-09-23T10:00:00-03:00,2017-09-23T14:00:00Z,2017-09-23T11:00:00-03:00
30.6,,,False,6,so2,µg/m³,,raw,01:00:00,2017-09-23T14:00:00Z,2017-09-23T11:00:00-03:00,2017-09-23T15:00:00Z,2017-09-23T12:00:00-03:00,1,01:00:00,1,01:00:00,100.0,100.0,2017-09-23T14:00:00Z,2017-09-23T11:00:00-03:00,2017-09-23T15:00:00Z,2017-09-23T12:00:00-03:00
9.28,,,False,6,so2,µg/m³,,raw,01:00:00,2017-09-23T15:00:00Z,2017-09-23T12:00:00-03:00,2017-09-23T16:00:00Z,2017-09-23T13:00:00-03:00,1,01:00:00,1,01:00:00,100.0,100.0,2017-09-23T15:00:00Z,2017-09-23T12:00:00-03:00,2017-09-23T16:00:00Z,2017-09-23T13:00:00-03:00
8.21,,,False,6,so2,µg/m³,,raw,01:00:00,2017-09-23T16:00:00Z,2017-09-23T13:00:00-03:00,2017-09-23T17:00:00Z,2017-09-23T14:00:00-03:00,1,01:00:00,1,01:00:00,100.0,100.0,2017-09-23T16:00:00Z,2017-09-23T13:00:00-03:00,2017-09-23T17:00:00Z,2017-09-23T14:00:00-03:00
7.89,,,False,6,so2,µg/m³,,raw,01:00:00,2017-09-23T17:00:00Z,2017-09-23T14:00:00-03:00,2017-09-23T18:00:00Z,2017-09-23T15:00:00-03:00,1,01:00:00,1,01:00:00,100.0,100.0,2017-09-23T17:00:00Z,2017-09-23T14:00:00-03:00,2017-09-23T18:00:00Z,2017-09-23T15:00:00-03:00
7.43,,,False,6,so2,µg/m³,,raw,01:00:00,2017-09-23T18:00:00Z,2017-09-23T15:00:00-03:00,2017-09-23T19:00:00Z,2017-09-23T16:00:00-03:00,1,01:00:00,1,01:00:00,100.0,100.0,2017-09-23T18:00:00Z,2017-09-23T15:00:00-03:00,2017-09-23T19:00:00Z,2017-09-23T16:00:00-03:00
7.22,,,False,6,so2,µg/m³,,raw,01:00:00,2017-09-23T19:00:00Z,2017-09-23T16:00:00-03:00,2017-09-23T20:00:00Z,2017-09-23T17:00:00-03:00,1,01:00:00,1,01:00:00,100.0,100.0,2017-09-23T19:00:00Z,2017-09-23T16:00:00-03:00,2017-09-23T20:00:00Z,2017-09-23T17:00:00-03:00
7.68,,,False,6,so2,µg/m³,,raw,01:00:00,2017-09-23T20:00:00Z,2017-09-23T17:00:00-03:00,2017-09-23T21:00:00Z,2017-09-23T18:00:00-03:00,1,01:00:00,1,01:00:00,100.0,100.0,2017-09-23T20:00:00Z,2017-09-23T17:00:00-03:00,2017-09-23T21:00:00Z,2017-09-23T18:00:00-03:00
10.32,,,False,6,so2,µg/m³,,raw,01:00:00,2017-09-23T21:00:00Z,2017-09-23T18:00:00-03:00,2017-09-23T22:00:00Z,2017-09-23T19:00:00-03:00,1,01:00:00,1,01:00:00,100.0,100.0,2017-09-23T21:00:00Z,2017-09-23T18:00:00-03:00,2017-09-23T22:00:00Z,2017-09-23T19:00:00-03:00
9.43,,,False,6,so2,µg/m³,,raw,01:00:00,2017-09-23T22:00:00Z,2017-09-23T19:00:00-03:00,2017-09-23T23:00:00Z,2017-09-23T20:00:00-03:00,1,01:00:00,1,01:00:00,100.0,100.0,2017-09-23T22:00:00Z,2017-09-23T19:00:00-03:00,2017-09-23T23:00:00Z,2017-09-23T20:00:00-03:00
7.09,,,False,6,so2,µg/m³,,raw,01:00:00,2017-09-23T23:00:00Z,2017-09-23T20:00:00-03:00,2017-09-24T00:00:00Z,2017-09-23T21:00:00-03:00,1,01:00:00,1,01:00:00,100.0,100.0,2017-09-23T23:00:00Z,2017-09-23T20:00:00-03:00,2017-09-24T00:00:00Z,2017-09-23T21:00:00-03:00
5.86,,,False,6,so2,µg/m³,,raw,01:00:00,2017-09-24T00:00:00Z,2017-09-23T21:00:00-03:00,2017-09-24T01:00:00Z,2017-09-23T22:00:00-03:00,1,01:00:00,1,01:00:00,100.0,100.0,2017-09-24T00:00:00Z,2017-09-23T21:00:00-03:00,2017-09-24T01:00:00Z,2017-09-23T22:00:00-03:00
5.3,,,False,6,so2,µg/m³,,raw,01:00:00,2017-09-24T02:00:00Z,2017-09-23T23:00:00-03:00,2017-09-24T03:00:00Z,2017-09-24T00:00:00-03:00,1,01:00:00,1,01:00:00,100.0,100.0,2017-09-24T02:00:00Z,2017-09-23T23:00:00-03:00,2017-09-24T03:00:00Z,2017-09-24T00:00:00-03:00
5.32,,,False,6,so2,µg/m³,,raw,01:00:00,2017-09-24T04:00:00Z,2017-09-24T01:00:00-03:00,2017-09-24T05:00:00Z,2017-09-24T02:00:00-03:00,1,01:00:00,1,01:00:00,100.0,100.0,2017-09-24T04:00:00Z,2017-09-24T01:00:00-03:00,2017-09-24T05:00:00Z,2017-09-24T02:00:00-03:00
5.14,,,False,6,so2,µg/m³,,raw,01:00:00,2017-09-24T05:00:00Z,2017-09-24T02:00:00-03:00,2017-09-24T06:00:00Z,2017-09-24T03:00:00-03:00,1,01:00:00,1,01:00:00,100.0,100.0,2017-09-24T05:00:00Z,2017-09-24T02:00:00-03:00,2017-09-24T06:00:00Z,2017-09-24T03:00:00-03:00
4.98,,,False,6,so2,µg/m³,,raw,01:00:00,2017-09-24T06:00:00Z,2017-09-24T03:00:00-03:00,2017-09-24T07:00:00Z,2017-09-24T04:00:00-03:00,1,01:00:00,1,01:00:00,100.0,100.0,2017-09-24T06:00:00Z,2017-09-24T03:00:00-03:00,2017-09-24T07:00:00Z,2017-09-24T04:00:00-03:00
4.93,,,False,6,so2,µg/m³,,raw,01:00:00,2017-09-24T07:00:00Z,2017-09-24T04:00:00-03:00,2017-09-24T08:00:00Z,2017-09-24T05:00:00-03:00,1,01:00:00,1,01:00:00,100.0,100.0,2017-09-24T07:00:00Z,2017-09-24T04:00:00-03:00,2017-09-24T08:00:00Z,2017-09-24T05:00:00-03:00
4.89,,,False,6,so2,µg/m³,,raw,01:00:00,2017-09-24T09:00:00Z,2017-09-24T06:00:00-03:00,2017-09-24T10:00:00Z,2017-09-24T07:00:00-03:00,1,01:00:00,1,01:00:00,100.0,100.0,2017-09-24T09:00:00Z,2017-09-24T06:00:00-03:00,2017-09-24T10:00:00Z,2017-09-24T07:00:00-03:00
4.91,,,False,6,so2,µg/m³,,raw,01:00:00,2017-09-24T10:00:00Z,2017-09-24T07:00:00-03:00,2017-09-24T11:00:00Z,2017-09-24T08:00:00-03:00,1,01:00:00,1,01:00:00,100.0,100.0,2017-09-24T10:00:00Z,2017-09-24T07:00:00-03:00,2017-09-24T11:00:00Z,2017-09-24T08:00:00-03:00
5.21,,,False,6,so2,µg/m³,,raw,01:00:00,2017-09-24T11:00:00Z,2017-09-24T08:00:00-03:00,2017-09-24T12:00:00Z,2017-09-24T09:00:00-03:00,1,01:00:00,1,01:00:00,100.0,100.0,2017-09-24T11:00:00Z,2017-09-24T08:00:00-03:00,2017-09-24T12:00:00Z,2017-09-24T09:00:00-03:00
9.14,,,False,6,so2,µg/m³,,raw,01:00:00,2017-09-24T12:00:00Z,2017-09-24T09:00:00-03:00,2017-09-24T13:00:00Z,2017-09-24T10:00:00-03:00,1,01:00:00,1,01:00:00,100.0,100.0,2017-09-24T12:00:00Z,2017-09-24T09:00:00-03:00,2017-09-24T13:00:00Z,2017-09-24T10:00:00-03:00
13.14,,,False,6,so2,µg/m³,,raw,01:00:00,2017-09-24T13:00:00Z,2017-09-24T10:00:00-03:00,2017-09-24T14:00:00Z,2017-09-24T11:00:00-03:00,1,01:00:00,1,01:00:00,100.0,100.0,2017-09-24T13:00:00Z,2017-09-24T10:00:00-03:00,2017-09-24T14:00:00Z,2017-09-24T11:00:00-03:00
9.91,,,False,6,so2,µg/m³,,raw,01:00:00,2017-09-24T14:00:00Z,2017-09-24T11:00:00-03:00,2017-09-24T15:00:00Z,2017-09-24T12:00:00-03:00,1,01:00:00,1,01:00:00,100.0,100.0,2017-09-24T14:00:00Z,2017-09-24T11:00:00-03:00,2017-09-24T15:00:00Z,2017-09-24T12:00:00-03:00
9.72,,,False,6,so2,µg/m³,,raw,01:00:00,2017-09-24T15:00:00Z,2017-09-24T12:00:00-03:00,2017-09-24T16:00:00Z,2017-09-24T13:00:00-03:00,1,01:00:00,1,01:00:00,100.0,100.0,2017-09-24T15:00:00Z,2017-09-24T12:00:00-03:00,2017-09-24T16:00:00Z,2017-09-24T13:00:00-03:00
7.56,,,False,6,so2,µg/m³,,raw,01:00:00,2017-09-24T16:00:00Z,2017-09-24T13:00:00-03:00,2017-09-24T17:00:00Z,2017-09-24T14:00:00-03:00,1,01:00:00,1,01:00:00,100.0,100.0,2017-09-24T16:00:00Z,2017-09-24T13:00:00-03:00,2017-09-24T17:00:00Z,2017-09-24T14:00:00-03:00
6.87,,,False,6,so2,µg/m³,,raw,01:00:00,2017-09-24T17:00:00Z,2017-09-24T14:00:00-03:00,2017-09-24T18:00:00Z,2017-09-24T15:00:00-03:00,1,01:00:00,1,01:00:00,100.0,100.0,2017-09-24T17:00:00Z,2017-09-24T14:00:00-03:00,2017-09-24T18:00:00Z,2017-09-24T15:00:00-03:00
6.63,,,False,6,so2,µg/m³,,raw,01:00:00,2017-09-24T18:00:00Z,2017-09-24T15:00:00-03:00,2017-09-24T19:00:00Z,2017-09-24T16:00:00-03:00,1,01:00:00,1,01:00:00,100.0,100.0,2017-09-24T18:00:00Z,2017-09-24T15:00:00-03:00,2017-09-24T19:00:00Z,2017-09-24T16:00:00-03:00
6.31,,,False,6,so2,µg/m³,,raw,01:00:00,2017-09-24T19:00:00Z,2017-09-24T16:00:00-03:00,2017-09-24T20:00:00Z,2017-09-24T17:00:00-03:00,1,01:00:00,1,01:00:00,100.0,100.0,2017-09-24T19:00:00Z,2017-09-24T16:00:00-03:00,2017-09-24T20:00:00Z,2017-09-24T17:00:00-03:00
6.36,,,False,6,so2,µg/m³,,raw,01:00:00,2017-09-24T20:00:00Z,2017-09-24T17:00:00-03:00,2017-09-24T21:00:00Z,2017-09-24T18:00:00-03:00,1,01:00:00,1,01:00:00,100.0,100.0,2017-09-24T20:00:00Z,2017-09-24T17:00:00-03:00,2017-09-24T21:00:00Z,2017-09-24T18:00:00-03:00
5.97,,,False,6,so2,µg/m³,,raw,01:00:00,2017-09-24T21:00:00Z,2017-09-24T18:00:00-03:00,2017-09-24T22:00:00Z,2017-09-24T19:00:00-03:00,1,01:00:00,1,01:00:00,100.0,100.0,2017-09-24T21:00:00Z,2017-09-24T18:00:00-03:00,2017-09-24T22:00:00Z,2017-09-24T19:00:00-03:00
5.39,,,False,6,so2,µg/m³,,raw,01:00:00,2017-09-24T22:00:00Z,2017-09-24T19:00:00-03:00,2017-09-24T23:00:00Z,2017-09-24T20:00:00-03:00,1,01:00:00,1,01:00:00,100.0,100.0,2017-09-24T22:00:00Z,2017-09-24T19:00:00-03:00,2017-09-24T23:00:00Z,2017-09-24T20:00:00-03:00
5.46,,,False,6,so2,µg/m³,,raw,01:00:00,2017-09-24T23:00:00Z,2017-09-24T20:00:00-03:00,2017-09-25T00:00:00Z,2017-09-24T21:00:00-03:00,1,01:00:00,1,01:00:00,100.0,100.0,2017-09-24T23:00:00Z,2017-09-24T20:00:00-03:00,2017-09-25T00:00:00Z,2017-09-24T21:00:00-03:00
5.02,,,False,6,so2,µg/m³,,raw,01:00:00,2017-09-25T00:00:00Z,2017-09-24T21:00:00-03:00,2017-09-25T01:00:00Z,2017-09-24T22:00:00-03:00,1,01:00:00,1,01:00:00,100.0,100.0,2017-09-25T00:00:00Z,2017-09-24T21:00:00-03:00,2017-09-25T01:00:00Z,2017-09-24T22:00:00-03:00
4.55,,,False,6,so2,µg/m³,,raw,01:00:00,2017-09-25T01:00:00Z,2017-09-24T22:00:00-03:00,2017-09-25T02:00:00Z,2017-09-24T23:00:00-03:00,1,01:00:00,1,01:00:00,100.0,100.0,2017-09-25T01:00:00Z,2017-09-24T22:00:00-03:00,2017-09-25T02:00:00Z,2017-09-24T23:00:00-03:00
4.72,,,False,6,so2,µg/m³,,raw,01:00:00,2017-09-25T02:00:00Z,2017-09-24T23:00:00-03:00,2017-09-25T03:00:00Z,2017-09-25T00:00:00-03:00,1,01:00:00,1,01:00:00,100.0,100.0,2017-09-25T02:00:00Z,2017-09-24T23:00:00-03:00,2017-09-25T03:00:00Z,2017-09-25T00:00:00-03:00
5.12,,,False,6,so2,µg/m³,,raw,01:00:00,2017-09-25T03:00:00Z,2017-09-25T00:00:00-03:00,2017-09-25T04:00:00Z,2017-09-25T01:00:00-03:00,1,01:00:00,1,01:00:00,100.0,100.0,2017-09-25T03:00:00Z,2017-09-25T00:00:00-03:00,2017-09-25T04:00:00Z,2017-09-25T01:00:00-03:00
5.09,,,False,6,so2,µg/m³,,raw,01:00:00,2017-09-25T04:00:00Z,2017-09-25T01:00:00-03:00,2017-09-25T05:00:00Z,2017-09-25T02:00:00-03:00,1,01:00:00,1,01:00:00,100.0,100.0,2017-09-25T04:00:00Z,2017-09-25T01:00:00-03:00,2017-09-25T05:00:00Z,2017-09-25T02:00:00-03:00
4.88,,,False,6,so2,µg/m³,,raw,01:00:00,2017-09-25T05:00:00Z,2017-09-25T02:00:00-03:00,2017-09-25T06:00:00Z,2017-09-25T03:00:00-03:00,1,01:00:00,1,01:00:00,100.0,100.0,2017-09-25T05:00:00Z,2017-09-25T02:00:00-03:00,2017-09-25T06:00:00Z,2017-09-25T03:00:00-03:00
5.12,,,False,6,so2,µg/m³,,raw,01:00:00,2017-09-25T07:00:00Z,2017-09-25T04:00:00-03:00,2017-09-25T08:00:00Z,2017-09-25T05:00:00-03:00,1,01:00:00,1,01:00:00,100.0,100.0,2017-09-25T07:00:00Z,2017-09-25T04:00:00-03:00,2017-09-25T08:00:00Z,2017-09-25T05:00:00-03:00
5.2,,,False,6,so2,µg/m³,,raw,01:00:00,2017-09-25T08:00:00Z,2017-09-25T05:00:00-03:00,2017-09-25T09:00:00Z,2017-09-25T06:00:00-03:00,1,01:00:00,1,01:00:00,100.0,100.0,2017-09-25T08:00:00Z,2017-09-25T05:00:00-03:00,2017-09-25T09:00:00Z,2017-09-25T06:00:00-03:00
5.04,,,False,6,so2,µg/m³,,raw,01:00:00,2017-09-25T09:00:00Z,2017-09-25T06:00:00-03:00,2017-09-25T10:00:00Z,2017-09-25T07:00:00-03:00,1,01:00:00,1,01:00:00,100.0,100.0,2017-09-25T09:00:00Z,2017-09-25T06:00:00-03:00,2017-09-25T10:00:00Z,2017-09-25T07:00:00-03:00
5.22,,,False,6,so2,µg/m³,,raw,01:00:00,2017-09-25T10:00:00Z,2017-09-25T07:00:00-03:00,2017-09-25T11:00:00Z,2017-09-25T08:00:00-03:00,1,01:00:00,1,01:00:00,100.0,100.0,2017-09-25T10:00:00Z,2017-09-25T07:00:00-03:00,2017-09-25T11:00:00Z,2017-09-25T08:00:00-03:00
5.55,,,False,6,so2,µg/m³,,raw,01:00:00,2017-09-25T11:00:00Z,2017-09-25T08:00:00-03:00,2017-09-25T12:00:00Z,2017-09-25T09:00:00-03:00,1,01:00:00,1,01:00:00,100.0,100.0,2017-09-25T11:00:00Z,2017-09-25T08:00:00-03:00,2017-09-25T12:00:00Z,2017-09-25T09:00:00-03:00
5.36,,,False,6,so2,µg/m³,,raw,01:00:00,2017-09-25T12:00:00Z,2017-09-25T09:00:00-03:00,2017-09-25T13:00:00Z,2017-09-25T10:00:00-03:00,1,01:00:00,1,01:00:00,100.0,100.0,2017-09-25T12:00:00Z,2017-09-25T09:00:00-03:00,2017-09-25T13:00:00Z,2017-09-25T10:00:00-03:00
13.72,,,False,6,so2,µg/m³,,raw,01:00:00,2017-09-25T13:00:00Z,2017-09-25T10:00:00-03:00,2017-09-25T14:00:00Z,2017-09-25T11:00:00-03:00,1,01:00:00,1,01:00:00,100.0,100.0,2017-09-25T13:00:00Z,2017-09-25T10:00:00-03:00,2017-09-25T14:00:00Z,2017-09-25T11:00:00-03:00
25.99,,,False,6,so2,µg/m³,,raw,01:00:00,2017-09-25T14:00:00Z,2017-09-25T11:00:00-03:00,2017-09-25T15:00:00Z,2017-09-25T12:00:00-03:00,1,01:00:00,1,01:00:00,100.0,100.0,2017-09-25T14:00:00Z,2017-09-25T11:00:00-03:00,2017-09-25T15:00:00Z,2017-09-25T12:00:00-03:00
24.91,,,False,6,so2,µg/m³,,raw,01:00:00,2017-09-25T15:00:00Z,2017-09-25T12:00:00-03:00,2017-09-25T16:00:00Z,2017-09-25T13:00:00-03:00,1,01:00:00,1,01:00:00,100.0,100.0,2017-09-25T15:00:00Z,2017-09-25T12:00:00-03:00,2017-09-25T16:00:00Z,2017-09-25T13:00:00-03:00
188.89,,,False,6,so2,µg/m³,,raw,01:00:00,2017-09-25T16:00:00Z,2017-09-25T13:00:00-03:00,2017-09-25T17:00:00Z,2017-09-25T14:00:00-03:00,1,01:00:00,1,01:00:00,100.0,100.0,2017-09-25T16:00:00Z,2017-09-25T13:00:00-03:00,2017-09-25T17:00:00Z,2017-09-25T14:00:00-03:00
8.27,,,False,6,so2,µg/m³,,raw,01:00:00,2017-09-25T17:00:00Z,2017-09-25T14:00:00-03:00,2017-09-25T18:00:00Z,2017-09-25T15:00:00-03:00,1,01:00:00,1,01:00:00,100.0,100.0,2017-09-25T17:00:00Z,2017-09-25T14:00:00-03:00,2017-09-25T18:00:00Z,2017-09-25T15:00:00-03:00
6.58,,,False,6,so2,µg/m³,,raw,01:00:00,2017-09-25T18:00:00Z,2017-09-25T15:00:00-03:00,2017-09-25T19:00:00Z,2017-09-25T16:00:00-03:00,1,01:00:00,1,01:00:00,100.0,100.0,2017-09-25T18:00:00Z,2017-09-25T15:00:00-03:00,2017-09-25T19:00:00Z,2017-09-25T16:00:00-03:00
5.38,,,False,6,so2,µg/m³,,raw,01:00:00,2017-09-25T19:00:00Z,2017-09-25T16:00:00-03:00,2017-09-25T20:00:00Z,2017-09-25T17:00:00-03:00,1,01:00:00,1,01:00:00,100.0,100.0,2017-09-25T19:00:00Z,2017-09-25T16:00:00-03:00,2017-09-25T20:00:00Z,2017-09-25T17:00:00-03:00
4.87,,,False,6,so2,µg/m³,,raw,01:00:00,2017-09-25T20:00:00Z,2017-09-25T17:00:00-03:00,2017-09-25T21:00:00Z,2017-09-25T18:00:00-03:00,1,01:00:00,1,01:00:00,100.0,100.0,2017-09-25T20:00:00Z,2017-09-25T17:00:00-03:00,2017-09-25T21:00:00Z,2017-09-25T18:00:00-03:00
4.35,,,False,6,so2,µg/m³,,raw,01:00:00,2017-09-25T21:00:00Z,2017-09-25T18:00:00-03:00,2017-09-25T22:00:00Z,2017-09-25T19:00:00-03:00,1,01:00:00,1,01:00:00,100.0,100.0,2017-09-25T21:00:00Z,2017-09-25T18:00:00-03:00,2017-09-25T22:00:00Z,2017-09-25T19:00:00-03:00
4.18,,,False,6,so2,µg/m³,,raw,01:00:00,2017-09-25T22:00:00Z,2017-09-25T19:00:00-03:00,2017-09-25T23:00:00Z,2017-09-25T20:00:00-03:00,1,01:00:00,1,01:00:00,100.0,100.0,2017-09-25T22:00:00Z,2017-09-25T19:00:00-03:00,2017-09-25T23:00:00Z,2017-09-25T20:00:00-03:00
4.05,,,False,6,so2,µg/m³,,raw,01:00:00,2017-09-25T23:00:00Z,2017-09-25T20:00:00-03:00,2017-09-26T00:00:00Z,2017-09-25T21:00:00-03:00,1,01:00:00,1,01:00:00,100.0,100.0,2017-09-25T23:00:00Z,2017-09-25T20:00:00-03:00,2017-09-26T00:00:00Z,2017-09-25T21:00:00-03:00
3.7,,,False,6,so2,µg/m³,,raw,01:00:00,2017-09-26T00:00:00Z,2017-09-25T21:00:00-03:00,2017-09-26T01:00:00Z,2017-09-25T22:00:00-03:00,1,01:00:00,1,01:00:00,100.0,100.0,2017-09-26T00:00:00Z,2017-09-25T21:00:00-03:00,2017-09-26T01:00:00Z,2017-09-25T22:00:00-03:00
3.63,,,False,6,so2,µg/m³,,raw,01:00:00,2017-09-26T01:00:00Z,2017-09-25T22:00:00-03:00,2017-09-26T02:00:00Z,2017-09-25T23:00:00-03:00,1,01:00:00,1,01:00:00,100.0,100.0,2017-09-26T01:00:00Z,2017-09-25T22:00:00-03:00,2017-09-26T02:00:00Z,2017-09-25T23:00:00-03:00
3.53,,,False,6,so2,µg/m³,,raw,01:00:00,2017-09-26T02:00:00Z,2017-09-25T23:00:00-03:00,2017-09-26T03:00:00Z,2017-09-26T00:00:00-03:00,1,01:00:00,1,01:00:00,100.0,100.0,2017-09-26T02:00:00Z,2017-09-25T23:00:00-03:00,2017-09-26T03:00:00Z,2017-09-26T00:00:00-03:00
3.27,,,False,6,so2,µg/m³,,raw,01:00:00,2017-09-26T03:00:00Z,2017-09-26T00:00:00-03:00,2017-09-26T04:00:00Z,2017-09-26T01:00:00-03:00,1,01:00:00,1,01:00:00,100.0,100.0,2017-09-26T03:00:00Z,2017-09-26T00:00:00-03:00,2017-09-26T04:00:00Z,2017-09-26T01:00:00-03:00
3.37,,,False,6,so2,µg/m³,,raw,01:00:00,2017-09-26T04:00:00Z,2017-09-26T01:00:00-03:00,2017-09-26T05:00:00Z,2017-09-26T02:00:00-03:00,1,01:00:00,1,01:00:00,100.0,100.0,2017-09-26T04:00:00Z,2017-09-26T01:00:00-03:00,2017-09-26T05:00:00Z,2017-09-26T02:00:00-03:00
3.63,,,False,6,so2,µg/m³,,raw,01:00:00,2017-09-26T05:00:00Z,2017-09-26T02:00:00-03:00,2017-09-26T06:00:00Z,2017-09-26T03:00:00-03:00,1,01:00:00,1,01:00:00,100.0,100.0,2017-09-26T05:00:00Z,2017-09-26T02:00:00-03:00,2017-09-26T06:00:00Z,2017-09-26T03:00:00-03:00
3.45,,,False,6,so2,µg/m³,,raw,01:00:00,2017-09-26T07:00:00Z,2017-09-26T04:00:00-03:00,2017-09-26T08:00:00Z,2017-09-26T05:00:00-03:00,1,01:00:00,1,01:00:00,100.0,100.0,2017-09-26T07:00:00Z,2017-09-26T04:00:00-03:00,2017-09-26T08:00:00Z,2017-09-26T05:00:00-03:00
3.43,,,False,6,so2,µg/m³,,raw,01:00:00,2017-09-26T08:00:00Z,2017-09-26T05:00:00-03:00,2017-09-26T09:00:00Z,2017-09-26T06:00:00-03:00,1,01:00:00,1,01:00:00,100.0,100.0,2017-09-26T08:00:00Z,2017-09-26T05:00:00-03:00,2017-09-26T09:00:00Z,2017-09-26T06:00:00-03:00
3.45,,,False,6,so2,µg/m³,,raw,01:00:00,2017-09-26T09:00:00Z,2017-09-26T06:00:00-03:00,2017-09-26T10:00:00Z,2017-09-26T07:00:00-03:00,1,01:00:00,1,01:00:00,100.0,100.0,2017-09-26T09:00:00Z,2017-09-26T06:00:00-03:00,2017-09-26T10:00:00Z,2017-09-26T07:00:00-03:00
3.29,,,False,6,so2,µg/m³,,raw,01:00:00,2017-09-26T10:00:00Z,2017-09-26T07:00:00-03:00,2017-09-26T11:00:00Z,2017-09-26T08:00:00-03:00,1,01:00:00,1,01:00:00,100.0,100.0,2017-09-26T10:00:00Z,2017-09-26T07:00:00-03:00,2017-09-26T11:00:00Z,2017-09-26T08:00:00-03:00
4.11,,,False,6,so2,µg/m³,,raw,01:00:00,2017-09-26T12:00:00Z,2017-09-26T09:00:00-03:00,2017-09-26T13:00:00Z,2017-09-26T10:00:00-03:00,1,01:00:00,1,01:00:00,100.0,100.0,2017-09-26T12:00:00Z,2017-09-26T09:00:00-03:00,2017-09-26T13:00:00Z,2017-09-26T10:00:00-03:00
13.87,,,False,6,so2,µg/m³,,raw,01:00:00,2017-09-26T13:00:00Z,2017-09-26T10:00:00-03:00,2017-09-26T14:00:00Z,2017-09-26T11:00:00-03:00,1,01:00:00,1,01:00:00,100.0,100.0,2017-09-26T13:00:00Z,2017-09-26T10:00:00-03:00,2017-09-26T14:00:00Z,2017-09-26T11:00:00-03:00
20.6,,,False,6,so2,µg/m³,,raw,01:00:00,2017-09-26T14:00:00Z,2017-09-26T11:00:00-03:00,2017-09-26T15:00:00Z,2017-09-26T12:00:00-03:00,1,01:00:00,1,01:00:00,100.0,100.0,2017-09-26T14:00:00Z,2017-09-26T11:00:00-03:00,2017-09-26T15:00:00Z,2017-09-26T12:00:00-03:00
13.1,,,False,6,so2,µg/m³,,raw,01:00:00,2017-09-26T15:00:00Z,2017-09-26T12:00:00-03:00,2017-09-26T16:00:00Z,2017-09-26T13:00:00-03:00,1,01:00:00,1,01:00:00,100.0,100.0,2017-09-26T15:00:00Z,2017-09-26T12:00:00-03:00,2017-09-26T16:00:00Z,2017-09-26T13:00:00-03:00
10.84,,,False,6,so2,µg/m³,,raw,01:00:00,2017-09-26T16:00:00Z,2017-09-26T13:00:00-03:00,2017-09-26T17:00:00Z,2017-09-26T14:00:00-03:00,1,01:00:00,1,01:00:00,100.0,100.0,2017-09-26T16:00:00Z,2017-09-26T13:00:00-03:00,2017-09-26T17:00:00Z,2017-09-26T14:00:00-03:00
10.75,,,False,6,so2,µg/m³,,raw,01:00:00,2017-09-26T17:00:00Z,2017-09-26T14:00:00-03:00,2017-09-26T18:00:00Z,2017-09-26T15:00:00-03:00,1,01:00:00,1,01:00:00,100.0,100.0,2017-09-26T17:00:00Z,2017-09-26T14:00:00-03:00,2017-09-26T18:00:00Z,2017-09-26T15:00:00-03:00
11.66,,,False,6,so2,µg/m³,,raw,01:00:00,2017-09-26T18:00:00Z,2017-09-26T15:00:00-03:00,2017-09-26T19:00:00Z,2017-09-26T16:00:00-03:00,1,01:00:00,1,01:00:00,100.0,100.0,2017-09-26T18:00:00Z,2017-09-26T15:00:00-03:00,2017-09-26T19:00:00Z,2017-09-26T16:00:00-03:00
9.89,,,False,6,so2,µg/m³,,raw,01:00:00,2017-09-26T19:00:00Z,2017-09-26T16:00:00-03:00,2017-09-26T20:00:00Z,2017-09-26T17:00:00-03:00,1,01:00:00,1,01:00:00,100.0,100.0,2017-09-26T19:00:00Z,2017-09-26T16:00:00-03:00,2017-09-26T20:00:00Z,2017-09-26T17:00:00-03:00
8.76,,,False,6,so2,µg/m³,,raw,01:00:00,2017-09-26T20:00:00Z,2017-09-26T17:00:00-03:00,2017-09-26T21:00:00Z,2017-09-26T18:00:00-03:00,1,01:00:00,1,01:00:00,100.0,100.0,2017-09-26T20:00:00Z,2017-09-26T17:00:00-03:00,2017-09-26T21:00:00Z,2017-09-26T18:00:00-03:00
6.72,,,False,6,so2,µg/m³,,raw,01:00:00,2017-09-26T21:00:00Z,2017-09-26T18:00:00-03:00,2017-09-26T22:00:00Z,2017-09-26T19:00:00-03:00,1,01:00:00,1,01:00:00,100.0,100.0,2017-09-26T21:00:00Z,2017-09-26T18:00:00-03:00,2017-09-26T22:00:00Z,2017-09-26T19:00:00-03:00
6.05,,,False,6,so2,µg/m³,,raw,01:00:00,2017-09-26T22:00:00Z,2017-09-26T19:00:00-03:00,2017-09-26T23:00:00Z,2017-09-26T20:00:00-03:00,1,01:00:00,1,01:00:00,100.0,100.0,2017-09-26T22:00:00Z,2017-09-26T19:00:00-03:00,2017-09-26T23:00:00Z,2017-09-26T20:00:00-03:00
4.22,,,False,6,so2,µg/m³,,raw,01:00:00,2017-09-26T23:00:00Z,2017-09-26T20:00:00-03:00,2017-09-27T00:00:00Z,2017-09-26T21:00:00-03:00,1,01:00:00,1,01:00:00,100.0,100.0,2017-09-26T23:00:00Z,2017-09-26T20:00:00-03:00,2017-09-27T00:00:00Z,2017-09-26T21:00:00-03:00
3.66,,,False,6,so2,µg/m³,,raw,01:00:00,2017-09-27T00:00:00Z,2017-09-26T21:00:00-03:00,2017-09-27T01:00:00Z,2017-09-26T22:00:00-03:00,1,01:00:00,1,01:00:00,100.0,100.0,2017-09-27T00:00:00Z,2017-09-26T21:00:00-03:00,2017-09-27T01:00:00Z,2017-09-26T22:00:00-03:00
3.36,,,False,6,so2,µg/m³,,raw,01:00:00,2017-09-27T02:00:00Z,2017-09-26T23:00:00-03:00,2017-09-27T03:00:00Z,2017-09-27T00:00:00-03:00,1,01:00:00,1,01:00:00,100.0,100.0,2017-09-27T02:00:00Z,2017-09-26T23:00:00-03:00,2017-09-27T03:00:00Z,2017-09-27T00:00:00-03:00
3.73,,,False,6,so2,µg/m³,,raw,01:00:00,2017-09-27T03:00:00Z,2017-09-27T00:00:00-03:00,2017-09-27T04:00:00Z,2017-09-27T01:00:00-03:00,1,01:00:00,1,01:00:00,100.0,100.0,2017-09-27T03:00:00Z,2017-09-27T00:00:00-03:00,2017-09-27T04:00:00Z,2017-09-27T01:00:00-03:00
3.85,,,False,6,so2,µg/m³,,raw,01:00:00,2017-09-27T04:00:00Z,2017-09-27T01:00:00-03:00,2017-09-27T05:00:00Z,2017-09-27T02:00:00-03:00,1,01:00:00,1,01:00:00,100.0,100.0,2017-09-27T04:00:00Z,2017-09-27T01:00:00-03:00,2017-09-27T05:00:00Z,2017-09-27T02:00:00-03:00
3.5,,,False,6,so2,µg/m³,,raw,01:00:00,2017-09-27T06:00:00Z,2017-09-27T03:00:00-03:00,2017-09-27T07:00:00Z,2017-09-27T04:00:00-03:00,1,01:00:00,1,01:00:00,100.0,100.0,2017-09-27T06:00:00Z,2017-09-27T03:00:00-03:00,2017-09-27T07:00:00Z,2017-09-27T04:00:00-03:00
3.27,,,False,6,so2,µg/m³,,raw,01:00:00,2017-09-27T07:00:00Z,2017-09-27T04:00:00-03:00,2017-09-27T08:00:00Z,2017-09-27T05:00:00-03:00,1,01:00:00,1,01:00:00,100.0,100.0,2017-09-27T07:00:00Z,2017-09-27T04:00:00-03:00,2017-09-27T08:00:00Z,2017-09-27T05:00:00-03:00
3.55,,,False,6,so2,µg/m³,,raw,01:00:00,2017-09-27T08:00:00Z,2017-09-27T05:00:00-03:00,2017-09-27T09:00:00Z,2017-09-27T06:00:00-03:00,1,01:00:00,1,01:00:00,100.0,100.0,2017-09-27T08:00:00Z,2017-09-27T05:00:00-03:00,2017-09-27T09:00:00Z,2017-09-27T06:00:00-03:00
3.56,,,False,6,so2,µg/m³,,raw,01:00:00,2017-09-27T09:00:00Z,2017-09-27T06:00:00-03:00,2017-09-27T10:00:00Z,2017-09-27T07:00:00-03:00,1,01:00:00,1,01:00:00,100.0,100.0,2017-09-27T09:00:00Z,2017-09-27T06:00:00-03:00,2017-09-27T10:00:00Z,2017-09-27T07:00:00-03:00
3.66,,,False,6,so2,µg/m³,,raw,01:00:00,2017-09-27T10:00:00Z,2017-09-27T07:00:00-03:00,2017-09-27T11:00:00Z,2017-09-27T08:00:00-03:00,1,01:00:00,1,01:00:00,100.0,100.0,2017-09-27T10:00:00Z,2017-09-27T07:00:00-03:00,2017-09-27T11:00:00Z,2017-09-27T08:00:00-03:00
5.31,,,False,6,so2,µg/m³,,raw,01:00:00,2017-09-27T11:00:00Z,2017-09-27T08:00:00-03:00,2017-09-27T12:00:00Z,2017-09-27T09:00:00-03:00,1,01:00:00,1,01:00:00,100.0,100.0,2017-09-27T11:00:00Z,2017-09-27T08:00:00-03:00,2017-09-27T12:00:00Z,2017-09-27T09:00:00-03:00
68.26,,,False,6,so2,µg/m³,,raw,01:00:00,2017-09-27T13:00:00Z,2017-09-27T10:00:00-03:00,2017-09-27T14:00:00Z,2017-09-27T11:00:00-03:00,1,01:00:00,1,01:00:00,100.0,100.0,2017-09-27T13:00:00Z,2017-09-27T10:00:00-03:00,2017-09-27T14:00:00Z,2017-09-27T11:00:00-03:00
32.21,,,False,6,so2,µg/m³,,raw,01:00:00,2017-09-27T15:00:00Z,2017-09-27T12:00:00-03:00,2017-09-27T16:00:00Z,2017-09-27T13:00:00-03:00,1,01:00:00,1,01:00:00,100.0,100.0,2017-09-27T15:00:00Z,2017-09-27T12:00:00-03:00,2017-09-27T16:00:00Z,2017-09-27T13:00:00-03:00
21.07,,,False,6,so2,µg/m³,,raw,01:00:00,2017-09-27T16:00:00Z,2017-09-27T13:00:00-03:00,2017-09-27T17:00:00Z,2017-09-27T14:00:00-03:00,1,01:00:00,1,01:00:00,100.0,100.0,2017-09-27T16:00:00Z,2017-09-27T13:00:00-03:00,2017-09-27T17:00:00Z,2017-09-27T14:00:00-03:00
14.29,,,False,6,so2,µg/m³,,raw,01:00:00,2017-09-27T17:00:00Z,2017-09-27T14:00:00-03:00,2017-09-27T18:00:00Z,2017-09-27T15:00:00-03:00,1,01:00:00,1,01:00:00,100.0,100.0,2017-09-27T17:00:00Z,2017-09-27T14:00:00-03:00,2017-09-27T18:00:00Z,2017-09-27T15:00:00-03:00
8.74,,,False,6,so2,µg/m³,,raw,01:00:00,2017-09-27T18:00:00Z,2017-09-27T15:00:00-03:00,2017-09-27T19:00:00Z,2017-09-27T16:00:00-03:00,1,01:00:00,1,01:00:00,100.0,100.0,2017-09-27T18:00:00Z,2017-09-27T15:00:00-03:00,2017-09-27T19:00:00Z,2017-09-27T16:00:00-03:00
8.96,,,False,6,so2,µg/m³,,raw,01:00:00,2017-09-27T19:00:00Z,2017-09-27T16:00:00-03:00,2017-09-27T20:00:00Z,2017-09-27T17:00:00-03:00,1,01:00:00,1,01:00:00,100.0,100.0,2017-09-27T19:00:00Z,2017-09-27T16:00:00-03:00,2017-09-27T20:00:00Z,2017-09-27T17:00:00-03:00
7.88,,,False,6,so2,µg/m³,,raw,01:00:00,2017-09-27T20:00:00Z,2017-09-27T17:00:00-03:00,2017-09-27T21:00:00Z,2017-09-27T18:00:00-03:00,1,01:00:00,1,01:00:00,100.0,100.0,2017-09-27T20:00:00Z,2017-09-27T17:00:00-03:00,2017-09-27T21:00:00Z,2017-09-27T18:00:00-03:00
6.88,,,False,6,so2,µg/m³,,raw,01:00:00,2017-09-27T21:00:00Z,2017-09-27T18:00:00-03:00,2017-09-27T22:00:00Z,2017-09-27T19:00:00-03:00,1,01:00:00,1,01:00:00,100.0,100.0,2017-09-27T21:00:00Z,2017-09-27T18:00:00-03:00,2017-09-27T22:00:00Z,2017-09-27T19:00:00-03:00
6.45,,,False,6,so2,µg/m³,,raw,01:00:00,2017-09-27T22:00:00Z,2017-09-27T19:00:00-03:00,2017-09-27T23:00:00Z,2017-09-27T20:00:00-03:00,1,01:00:00,1,01:00:00,100.0,100.0,2017-09-27T22:00:00Z,2017-09-27T19:00:00-03:00,2017-09-27T23:00:00Z,2017-09-27T20:00:00-03:00
5.85,,,False,6,so2,µg/m³,,raw,01:00:00,2017-09-27T23:00:00Z,2017-09-27T20:00:00-03:00,2017-09-28T00:00:00Z,2017-09-27T21:00:00-03:00,1,01:00:00,1,01:00:00,100.0,100.0,2017-09-27T23:00:00Z,2017-09-27T20:00:00-03:00,2017-09-28T00:00:00Z,2017-09-27T21:00:00-03:00
4.94,,,False,6,so2,µg/m³,,raw,01:00:00,2017-09-28T00:00:00Z,2017-09-27T21:00:00-03:00,2017-09-28T01:00:00Z,2017-09-27T22:00:00-03:00,1,01:00:00,1,01:00:00,100.0,100.0,2017-09-28T00:00:00Z,2017-09-27T21:00:00-03:00,2017-09-28T01:00:00Z,2017-09-27T22:00:00-03:00
4.14,,,False,6,so2,µg/m³,,raw,01:00:00,2017-09-28T01:00:00Z,2017-09-27T22:00:00-03:00,2017-09-28T02:00:00Z,2017-09-27T23:00:00-03:00,1,01:00:00,1,01:00:00,100.0,100.0,2017-09-28T01:00:00Z,2017-09-27T22:00:00-03:00,2017-09-28T02:00:00Z,2017-09-27T23:00:00-03:00
3.8,,,False,6,so2,µg/m³,,raw,01:00:00,2017-09-28T02:00:00Z,2017-09-27T23:00:00-03:00,2017-09-28T03:00:00Z,2017-09-28T00:00:00-03:00,1,01:00:00,1,01:00:00,100.0,100.0,2017-09-28T02:00:00Z,2017-09-27T23:00:00-03:00,2017-09-28T03:00:00Z,2017-09-28T00:00:00-03:00
3.46,,,False,6,so2,µg/m³,,raw,01:00:00,2017-09-28T03:00:00Z,2017-09-28T00:00:00-03:00,2017-09-28T04:00:00Z,2017-09-28T01:00:00-03:00,1,01:00:00,1,01:00:00,100.0,100.0,2017-09-28T03:00:00Z,2017-09-28T00:00:00-03:00,2017-09-28T04:00:00Z,2017-09-28T01:00:00-03:00
3.34,,,False,6,so2,µg/m³,,raw,01:00:00,2017-09-28T04:00:00Z,2017-09-28T01:00:00-03:00,2017-09-28T05:00:00Z,2017-09-28T02:00:00-03:00,1,01:00:00,1,01:00:00,100.0,100.0,2017-09-28T04:00:00Z,2017-09-28T01:00:00-03:00,2017-09-28T05:00:00Z,2017-09-28T02:00:00-03:00
3.55,,,False,6,so2,µg/m³,,raw,01:00:00,2017-09-28T05:00:00Z,2017-09-28T02:00:00-03:00,2017-09-28T06:00:00Z,2017-09-28T03:00:00-03:00,1,01:00:00,1,01:00:00,100.0,100.0,2017-09-28T05:00:00Z,2017-09-28T02:00:00-03:00,2017-09-28T06:00:00Z,2017-09-28T03:00:00-03:00
3.28,,,False,6,so2,µg/m³,,raw,01:00:00,2017-09-28T06:00:00Z,2017-09-28T03:00:00-03:00,2017-09-28T07:00:00Z,2017-09-28T04:00:00-03:00,1,01:00:00,1,01:00:00,100.0,100.0,2017-09-28T06:00:00Z,2017-09-28T03:00:00-03:00,2017-09-28T07:00:00Z,2017-09-28T04:00:00-03:00
3.32,,,False,6,so2,µg/m³,,raw,01:00:00,2017-09-28T07:00:00Z,2017-09-28T04:00:00-03:00,2017-09-28T08:00:00Z,2017-09-28T05:00:00-03:00,1,01:00:00,1,01:00:00,100.0,100.0,2017-09-28T07:00:00Z,2017-09-28T04:00:00-03:00,2017-09-28T08:00:00Z,2017-09-28T05:00:00-03:00
3.44,,,False,6,so2,µg/m³,,raw,01:00:00,2017-09-28T08:00:00Z,2017-09-28T05:00:00-03:00,2017-09-28T09:00:00Z,2017-09-28T06:00:00-03:00,1,01:00:00,1,01:00:00,100.0,100.0,2017-09-28T08:00:00Z,2017-09-28T05:00:00-03:00,2017-09-28T09:00:00Z,2017-09-28T06:00:00-03:00
3.46,,,False,6,so2,µg/m³,,raw,01:00:00,2017-09-28T10:00:00Z,2017-09-28T07:00:00-03:00,2017-09-28T11:00:00Z,2017-09-28T08:00:00-03:00,1,01:00:00,1,01:00:00,100.0,100.0,2017-09-28T10:00:00Z,2017-09-28T07:00:00-03:00,2017-09-28T11:00:00Z,2017-09-28T08:00:00-03:00
3.58,,,False,6,so2,µg/m³,,raw,01:00:00,2017-09-28T11:00:00Z,2017-09-28T08:00:00-03:00,2017-09-28T12:00:00Z,2017-09-28T09:00:00-03:00,1,01:00:00,1,01:00:00,100.0,100.0,2017-09-28T11:00:00Z,2017-09-28T08:00:00-03:00,2017-09-28T12:00:00Z,2017-09-28T09:00:00-03:00
5.3,,,False,6,so2,µg/m³,,raw,01:00:00,2017-09-28T12:00:00Z,2017-09-28T09:00:00-03:00,2017-09-28T13:00:00Z,2017-09-28T10:00:00-03:00,1,01:00:00,1,01:00:00,100.0,100.0,2017-09-28T12:00:00Z,2017-09-28T09:00:00-03:00,2017-09-28T13:00:00Z,2017-09-28T10:00:00-03:00
9.03,,,False,6,so2,µg/m³,,raw,01:00:00,2017-09-28T13:00:00Z,2017-09-28T10:00:00-03:00,2017-09-28T14:00:00Z,2017-09-28T11:00:00-03:00,1,01:00:00,1,01:00:00,100.0,100.0,2017-09-28T13:00:00Z,2017-09-28T10:00:00-03:00,2017-09-28T14:00:00Z,2017-09-28T11:00:00-03:00
11.42,,,False,6,so2,µg/m³,,raw,01:00:00,2017-09-28T14:00:00Z,2017-09-28T11:00:00-03:00,2017-09-28T15:00:00Z,2017-09-28T12:00:00-03:00,1,01:00:00,1,01:00:00,100.0,100.0,2017-09-28T14:00:00Z,2017-09-28T11:00:00-03:00,2017-09-28T15:00:00Z,2017-09-28T12:00:00-03:00
7.96,,,False,6,so2,µg/m³,,raw,01:00:00,2017-09-28T15:00:00Z,2017-09-28T12:00:00-03:00,2017-09-28T16:00:00Z,2017-09-28T13:00:00-03:00,1,01:00:00,1,01:00:00,100.0,100.0,2017-09-28T15:00:00Z,2017-09-28T12:00:00-03:00,2017-09-28T16:00:00Z,2017-09-28T13:00:00-03:00
8.1,,,False,6,so2,µg/m³,,raw,01:00:00,2017-09-28T17:00:00Z,2017-09-28T14:00:00-03:00,2017-09-28T18:00:00Z,2017-09-28T15:00:00-03:00,1,01:00:00,1,01:00:00,100.0,100.0,2017-09-28T17:00:00Z,2017-09-28T14:00:00-03:00,2017-09-28T18:00:00Z,2017-09-28T15:00:00-03:00
5.91,,,False,6,so2,µg/m³,,raw,01:00:00,2017-09-28T18:00:00Z,2017-09-28T15:00:00-03:00,2017-09-28T19:00:00Z,2017-09-28T16:00:00-03:00,1,01:00:00,1,01:00:00,100.0,100.0,2017-09-28T18:00:00Z,2017-09-28T15:00:00-03:00,2017-09-28T19:00:00Z,2017-09-28T16:00:00-03:00
5.51,,,False,6,so2,µg/m³,,raw,01:00:00,2017-09-28T20:00:00Z,2017-09-28T17:00:00-03:00,2017-09-28T21:00:00Z,2017-09-28T18:00:00-03:00,1,01:00:00,1,01:00:00,100.0,100.0,2017-09-28T20:00:00Z,2017-09-28T17:00:00-03:00,2017-09-28T21:00:00Z,2017-09-28T18:00:00-03:00
5.3,,,False,6,so2,µg/m³,,raw,01:00:00,2017-09-28T21:00:00Z,2017-09-28T18:00:00-03:00,2017-09-28T22:00:00Z,2017-09-28T19:00:00-03:00,1,01:00:00,1,01:00:00,100.0,100.0,2017-09-28T21:00:00Z,2017-09-28T18:00:00-03:00,2017-09-28T22:00:00Z,2017-09-28T19:00:00-03:00
4.18,,,False,6,so2,µg/m³,,raw,01:00:00,2017-09-28T22:00:00Z,2017-09-28T19:00:00-03:00,2017-09-28T23:00:00Z,2017-09-28T20:00:00-03:00,1,01:00:00,1,01:00:00,100.0,100.0,2017-09-28T22:00:00Z,2017-09-28T19:00:00-03:00,2017-09-28T23:00:00Z,2017-09-28T20:00:00-03:00
3.93,,,False,6,so2,µg/m³,,raw,01:00:00,2017-09-28T23:00:00Z,2017-09-28T20:00:00-03:00,2017-09-29T00:00:00Z,2017-09-28T21:00:00-03:00,1,01:00:00,1,01:00:00,100.0,100.0,2017-09-28T23:00:00Z,2017-09-28T20:00:00-03:00,2017-09-29T00:00:00Z,2017-09-28T21:00:00-03:00
3.57,,,False,6,so2,µg/m³,,raw,01:00:00,2017-09-29T00:00:00Z,2017-09-28T21:00:00-03:00,2017-09-29T01:00:00Z,2017-09-28T22:00:00-03:00,1,01:00:00,1,01:00:00,100.0,100.0,2017-09-29T00:00:00Z,2017-09-28T21:00:00-03:00,2017-09-29T01:00:00Z,2017-09-28T22:00:00-03:00
3.55,,,False,6,so2,µg/m³,,raw,01:00:00,2017-09-29T01:00:00Z,2017-09-28T22:00:00-03:00,2017-09-29T02:00:00Z,2017-09-28T23:00:00-03:00,1,01:00:00,1,01:00:00,100.0,100.0,2017-09-29T01:00:00Z,2017-09-28T22:00:00-03:00,2017-09-29T02:00:00Z,2017-09-28T23:00:00-03:00
3.4,,,False,6,so2,µg/m³,,raw,01:00:00,2017-09-29T02:00:00Z,2017-09-28T23:00:00-03:00,2017-09-29T03:00:00Z,2017-09-29T00:00:00-03:00,1,01:00:00,1,01:00:00,100.0,100.0,2017-09-29T02:00:00Z,2017-09-28T23:00:00-03:00,2017-09-29T03:00:00Z,2017-09-29T00:00:00-03:00
3.56,,,False,6,so2,µg/m³,,raw,01:00:00,2017-09-29T03:00:00Z,2017-09-29T00:00:00-03:00,2017-09-29T04:00:00Z,2017-09-29T01:00:00-03:00,1,01:00:00,1,01:00:00,100.0,100.0,2017-09-29T03:00:00Z,2017-09-29T00:00:00-03:00,2017-09-29T04:00:00Z,2017-09-29T01:00:00-03:00
3.72,,,False,6,so2,µg/m³,,raw,01:00:00,2017-09-29T04:00:00Z,2017-09-29T01:00:00-03:00,2017-09-29T05:00:00Z,2017-09-29T02:00:00-03:00,1,01:00:00,1,01:00:00,100.0,100.0,2017-09-29T04:00:00Z,2017-09-29T01:00:00-03:00,2017-09-29T05:00:00Z,2017-09-29T02:00:00-03:00
3.63,,,False,6,so2,µg/m³,,raw,01:00:00,2017-09-29T05:00:00Z,2017-09-29T02:00:00-03:00,2017-09-29T06:00:00Z,2017-09-29T03:00:00-03:00,1,01:00:00,1,01:00:00,100.0,100.0,2017-09-29T05:00:00Z,2017-09-29T02:00:00-03:00,2017-09-29T06:00:00Z,2017-09-29T03:00:00-03:00
3.77,,,False,6,so2,µg/m³,,raw,01:00:00,2017-09-29T06:00:00Z,2017-09-29T03:00:00-03:00,2017-09-29T07:00:00Z,2017-09-29T04:00:00-03:00,1,01:00:00,1,01:00:00,100.0,100.0,2017-09-29T06:00:00Z,2017-09-29T03:00:00-03:00,2017-09-29T07:00:00Z,2017-09-29T04:00:00-03:00
4.39,,,False,6,so2,µg/m³,,raw,01:00:00,2017-09-29T07:00:00Z,2017-09-29T04:00:00-03:00,2017-09-29T08:00:00Z,2017-09-29T05:00:00-03:00,1,01:00:00,1,01:00:00,100.0,100.0,2017-09-29T07:00:00Z,2017-09-29T04:00:00-03:00,2017-09-29T08:00:00Z,2017-09-29T05:00:00-03:00
3.58,,,False,6,so2,µg/m³,,raw,01:00:00,2017-09-29T08:00:00Z,2017-09-29T05:00:00-03:00,2017-09-29T09:00:00Z,2017-09-29T06:00:00-03:00,1,01:00:00,1,01:00:00,100.0,100.0,2017-09-29T08:00:00Z,2017-09-29T05:00:00-03:00,2017-09-29T09:00:00Z,2017-09-29T06:00:00-03:00
4.03,,,False,6,so2,µg/m³,,raw,01:00:00,2017-09-29T11:00:00Z,2017-09-29T08:00:00-03:00,2017-09-29T12:00:00Z,2017-09-29T09:00:00-03:00,1,01:00:00,1,01:00:00,100.0,100.0,2017-09-29T11:00:00Z,2017-09-29T08:00:00-03:00,2017-09-29T12:00:00Z,2017-09-29T09:00:00-03:00
3.61,,,False,6,so2,µg/m³,,raw,01:00:00,2017-09-29T12:00:00Z,2017-09-29T09:00:00-03:00,2017-09-29T13:00:00Z,2017-09-29T10:00:00-03:00,1,01:00:00,1,01:00:00,100.0,100.0,2017-09-29T12:00:00Z,2017-09-29T09:00:00-03:00,2017-09-29T13:00:00Z,2017-09-29T10:00:00-03:00
3.65,,,False,6,so2,µg/m³,,raw,01:00:00,2017-09-29T13:00:00Z,2017-09-29T10:00:00-03:00,2017-09-29T14:00:00Z,2017-09-29T11:00:00-03:00,1,01:00:00,1,01:00:00,100.0,100.0,2017-09-29T13:00:00Z,2017-09-29T10:00:00-03:00,2017-09-29T14:00:00Z,2017-09-29T11:00:00-03:00
3.76,,,False,6,so2,µg/m³,,raw,01:00:00,2017-09-29T14:00:00Z,2017-09-29T11:00:00-03:00,2017-09-29T15:00:00Z,2017-09-29T12:00:00-03:00,1,01:00:00,1,01:00:00,100.0,100.0,2017-09-29T14:00:00Z,2017-09-29T11:00:00-03:00,2017-09-29T15:00:00Z,2017-09-29T12:00:00-03:00
3.67,,,False,6,so2,µg/m³,,raw,01:00:00,2017-09-29T15:00:00Z,2017-09-29T12:00:00-03:00,2017-09-29T16:00:00Z,2017-09-29T13:00:00-03:00,1,01:00:00,1,01:00:00,100.0,100.0,2017-09-29T15:00:00Z,2017-09-29T12:00:00-03:00,2017-09-29T16:00:00Z,2017-09-29T13:00:00-03:00
4.29,,,False,6,so2,µg/m³,,raw,01:00:00,2017-09-29T16:00:00Z,2017-09-29T13:00:00-03:00,2017-09-29T17:00:00Z,2017-09-29T14:00:00-03:00,1,01:00:00,1,01:00:00,100.0,100.0,2017-09-29T16:00:00Z,2017-09-29T13:00:00-03:00,2017-09-29T17:00:00Z,2017-09-29T14:00:00-03:00
4.46,,,False,6,so2,µg/m³,,raw,01:00:00,2017-09-29T17:00:00Z,2017-09-29T14:00:00-03:00,2017-09-29T18:00:00Z,2017-09-29T15:00:00-03:00,1,01:00:00,1,01:00:00,100.0,100.0,2017-09-29T17:00:00Z,2017-09-29T14:00:00-03:00,2017-09-29T18:00:00Z,2017-09-29T15:00:00-03:00
4.11,,,False,6,so2,µg/m³,,raw,01:00:00,2017-09-29T18:00:00Z,2017-09-29T15:00:00-03:00,2017-09-29T19:00:00Z,2017-09-29T16:00:00-03:00,1,01:00:00,1,01:00:00,100.0,100.0,2017-09-29T18:00:00Z,2017-09-29T15:00:00-03:00,2017-09-29T19:00:00Z,2017-09-29T16:00:00-03:00
3.93,,,False,6,so2,µg/m³,,raw,01:00:00,2017-09-29T19:00:00Z,2017-09-29T16:00:00-03:00,2017-09-29T20:00:00Z,2017-09-29T17:00:00-03:00,1,01:00:00,1,01:00:00,100.0,100.0,2017-09-29T19:00:00Z,2017-09-29T16:00:00-03:00,2017-09-29T20:00:00Z,2017-09-29T17:00:00-03:00
4.16,,,False,6,so2,µg/m³,,raw,01:00:00,2017-09-29T20:00:00Z,2017-09-29T17:00:00-03:00,2017-09-29T21:00:00Z,2017-09-29T18:00:00-03:00,1,01:00:00,1,01:00:00,100.0,100.0,2017-09-29T20:00:00Z,2017-09-29T17:00:00-03:00,2017-09-29T21:00:00Z,2017-09-29T18:00:00-03:00
3.98,,,False,6,so2,µg/m³,,raw,01:00:00,2017-09-29T21:00:00Z,2017-09-29T18:00:00-03:00,2017-09-29T22:00:00Z,2017-09-29T19:00:00-03:00,1,01:00:00,1,01:00:00,100.0,100.0,2017-09-29T21:00:00Z,2017-09-29T18:00:00-03:00,2017-09-29T22:00:00Z,2017-09-29T19:00:00-03:00
3.72,,,False,6,so2,µg/m³,,raw,01:00:00,2017-09-29T22:00:00Z,2017-09-29T19:00:00-03:00,2017-09-29T23:00:00Z,2017-09-29T20:00:00-03:00,1,01:00:00,1,01:00:00,100.0,100.0,2017-09-29T22:00:00Z,2017-09-29T19:00:00-03:00,2017-09-29T23:00:00Z,2017-09-29T20:00:00-03:00
3.51,,,False,6,so2,µg/m³,,raw,01:00:00,2017-09-29T23:00:00Z,2017-09-29T20:00:00-03:00,2017-09-30T00:00:00Z,2017-09-29T21:00:00-03:00,1,01:00:00,1,01:00:00,100.0,100.0,2017-09-29T23:00:00Z,2017-09-29T20:00:00-03:00,2017-09-30T00:00:00Z,2017-09-29T21:00:00-03:00
3.39,,,False,6,so2,µg/m³,,raw,01:00:00,2017-09-30T00:00:00Z,2017-09-29T21:00:00-03:00,2017-09-30T01:00:00Z,2017-09-29T22:00:00-03:00,1,01:00:00,1,01:00:00,100.0,100.0,2017-09-30T00:00:00Z,2017-09-29T21:00:00-03:00,2017-09-30T01:00:00Z,2017-09-29T22:00:00-03:00
3.55,,,False,6,so2,µg/m³,,raw,01:00:00,2017-09-30T01:00:00Z,2017-09-29T22:00:00-03:00,2017-09-30T02:00:00Z,2017-09-29T23:00:00-03:00,1,01:00:00,1,01:00:00,100.0,100.0,2017-09-30T01:00:00Z,2017-09-29T22:00:00-03:00,2017-09-30T02:00:00Z,2017-09-29T23:00:00-03:00
3.51,,,False,6,so2,µg/m³,,raw,01:00:00,2017-09-30T02:00:00Z,2017-09-29T23:00:00-03:00,2017-09-30T03:00:00Z,2017-09-30T00:00:00-03:00,1,01:00:00,1,01:00:00,100.0,100.0,2017-09-30T02:00:00Z,2017-09-29T23:00:00-03:00,2017-09-30T03:00:00Z,2017-09-30T00:00:00-03:00
3.74,,,False,6,so2,µg/m³,,raw,01:00:00,2017-09-30T03:00:00Z,2017-09-30T00:00:00-03:00,2017-09-30T04:00:00Z,2017-09-30T01:00:00-03:00,1,01:00:00,1,01:00:00,100.0,100.0,2017-09-30T03:00:00Z,2017-09-30T00:00:00-03:00,2017-09-30T04:00:00Z,2017-09-30T01:00:00-03:00
3.75,,,False,6,so2,µg/m³,,raw,01:00:00,2017-09-30T04:00:00Z,2017-09-30T01:00:00-03:00,2017-09-30T05:00:00Z,2017-09-30T02:00:00-03:00,1,01:00:00,1,01:00:00,100.0,100.0,2017-09-30T04:00:00Z,2017-09-30T01:00:00-03:00,2017-09-30T05:00:00Z,2017-09-30T02:00:00-03:00
3.23,,,False,6,so2,µg/m³,,raw,01:00:00,2017-09-30T05:00:00Z,2017-09-30T02:00:00-03:00,2017-09-30T06:00:00Z,2017-09-30T03:00:00-03:00,1,01:00:00,1,01:00:00,100.0,100.0,2017-09-30T05:00:00Z,2017-09-30T02:00:00-03:00,2017-09-30T06:00:00Z,2017-09-30T03:00:00-03:00
3.99,,,False,6,so2,µg/m³,,raw,01:00:00,2017-09-30T06:00:00Z,2017-09-30T03:00:00-03:00,2017-09-30T07:00:00Z,2017-09-30T04:00:00-03:00,1,01:00:00,1,01:00:00,100.0,100.0,2017-09-30T06:00:00Z,2017-09-30T03:00:00-03:00,2017-09-30T07:00:00Z,2017-09-30T04:00:00-03:00
3.56,,,False,6,so2,µg/m³,,raw,01:00:00,2017-09-30T07:00:00Z,2017-09-30T04:00:00-03:00,2017-09-30T08:00:00Z,2017-09-30T05:00:00-03:00,1,01:00:00,1,01:00:00,100.0,100.0,2017-09-30T07:00:00Z,2017-09-30T04:00:00-03:00,2017-09-30T08:00:00Z,2017-09-30T05:00:00-03:00
3.53,,,False,6,so2,µg/m³,,raw,01:00:00,2017-09-30T08:00:00Z,2017-09-30T05:00:00-03:00,2017-09-30T09:00:00Z,2017-09-30T06:00:00-03:00,1,01:00:00,1,01:00:00,100.0,100.0,2017-09-30T08:00:00Z,2017-09-30T05:00:00-03:00,2017-09-30T09:00:00Z,2017-09-30T06:00:00-03:00
4.11,,,False,6,so2,µg/m³,,raw,01:00:00,2017-09-30T09:00:00Z,2017-09-30T06:00:00-03:00,2017-09-30T10:00:00Z,2017-09-30T07:00:00-03:00,1,01:00:00,1,01:00:00,100.0,100.0,2017-09-30T09:00:00Z,2017-09-30T06:00:00-03:00,2017-09-30T10:00:00Z,2017-09-30T07:00:00-03:00
3.68,,,False,6,so2,µg/m³,,raw,01:00:00,2017-09-30T10:00:00Z,2017-09-30T07:00:00-03:00,2017-09-30T11:00:00Z,2017-09-30T08:00:00-03:00,1,01:00:00,1,01:00:00,100.0,100.0,2017-09-30T10:00:00Z,2017-09-30T07:00:00-03:00,2017-09-30T11:00:00Z,2017-09-30T08:00:00-03:00
3.58,,,False,6,so2,µg/m³,,raw,01:00:00,2017-09-30T11:00:00Z,2017-09-30T08:00:00-03:00,2017-09-30T12:00:00Z,2017-09-30T09:00:00-03:00,1,01:00:00,1,01:00:00,100.0,100.0,2017-09-30T11:00:00Z,2017-09-30T08:00:00-03:00,2017-09-30T12:00:00Z,2017-09-30T09:00:00-03:00
3.64,,,False,6,so2,µg/m³,,raw,01:00:00,2017-09-30T12:00:00Z,2017-09-30T09:00:00-03:00,2017-09-30T13:00:00Z,2017-09-30T10:00:00-03:00,1,01:00:00,1,01:00:00,100.0,100.0,2017-09-30T12:00:00Z,2017-09-30T09:00:00-03:00,2017-09-30T13:00:00Z,2017-09-30T10:00:00-03:00
3.26,,,False,6,so2,µg/m³,,raw,01:00:00,2017-09-30T13:00:00Z,2017-09-30T10:00:00-03:00,2017-09-30T14:00:00Z,2017-09-30T11:00:00-03:00,1,01:00:00,1,01:00:00,100.0,100.0,2017-09-30T13:00:00Z,2017-09-30T10:00:00-03:00,2017-09-30T14:00:00Z,2017-09-30T11:00:00-03:00
3.96,,,False,6,so2,µg/m³,,raw,01:00:00,2017-09-30T14:00:00Z,2017-09-30T11:00:00-03:00,2017-09-30T15:00:00Z,2017-09-30T12:00:00-03:00,1,01:00:00,1,01:00:00,100.0,100.0,2017-09-30T14:00:00Z,2017-09-30T11:00:00-03:00,2017-09-30T15:00:00Z,2017-09-30T12:00:00-03:00
3.58,,,False,6,so2,µg/m³,,raw,01:00:00,2017-09-30T15:00:00Z,2017-09-30T12:00:00-03:00,2017-09-30T16:00:00Z,2017-09-30T13:00:00-03:00,1,01:00:00,1,01:00:00,100.0,100.0,2017-09-30T15:00:00Z,2017-09-30T12:00:00-03:00,2017-09-30T16:00:00Z,2017-09-30T13:00:00-03:00
3.23,,,False,6,so2,µg/m³,,raw,01:00:00,2017-09-30T16:00:00Z,2017-09-30T13:00:00-03:00,2017-09-30T17:00:00Z,2017-09-30T14:00:00-03:00,1,01:00:00,1,01:00:00,100.0,100.0,2017-09-30T16:00:00Z,2017-09-30T13:00:00-03:00,2017-09-30T17:00:00Z,2017-09-30T14:00:00-03:00
3.76,,,False,6,so2,µg/m³,,raw,01:00:00,2017-09-30T17:00:00Z,2017-09-30T14:00:00-03:00,2017-09-30T18:00:00Z,2017-09-30T15:00:00-03:00,1,01:00:00,1,01:00:00,100.0,100.0,2017-09-30T17:00:00Z,2017-09-30T14:00:00-03:00,2017-09-30T18:00:00Z,2017-09-30T15:00:00-03:00
3.17,,,False,6,so2,µg/m³,,raw,01:00:00,2017-09-30T18:00:00Z,2017-09-30T15:00:00-03:00,2017-09-30T19:00:00Z,2017-09-30T16:00:00-03:00,1,01:00:00,1,01:00:00,100.0,100.0,2017-09-30T18:00:00Z,2017-09-30T15:00:00-03:00,2017-09-30T19:00:00Z,2017-09-30T16:00:00-03:00
3.95,,,False,6,so2,µg/m³,,raw,01:00:00,2017-09-30T19:00:00Z,2017-09-30T16:00:00-03:00,2017-09-30T20:00:00Z,2017-09-30T17:00:00-03:00,1,01:00:00,1,01:00:00,100.0,100.0,2017-09-30T19:00:00Z,2017-09-30T16:00:00-03:00,2017-09-30T20:00:00Z,2017-09-30T17:00:00-03:00
3.43,,,False,6,so2,µg/m³,,raw,01:00:00,2017-09-30T20:00:00Z,2017-09-30T17:00:00-03:00,2017-09-30T21:00:00Z,2017-09-30T18:00:00-03:00,1,01:00:00,1,01:00:00,100.0,100.0,2017-09-30T20:00:00Z,2017-09-30T17:00:00-03:00,2017-09-30T21:00:00Z,2017-09-30T18:00:00-03:00
3.51,,,False,6,so2,µg/m³,,raw,01:00:00,2017-09-30T21:00:00Z,2017-09-30T18:00:00-03:00,2017-09-30T22:00:00Z,2017-09-30T19:00:00-03:00,1,01:00:00,1,01:00:00,100.0,100.0,2017-09-30T21:00:00Z,2017-09-30T18:00:00-03:00,2017-09-30T22:00:00Z,2017-09-30T19:00:00-03:00
3.68,,,False,6,so2,µg/m³,,raw,01:00:00,2017-09-30T22:00:00Z,2017-09-30T19:00:00-03:00,2017-09-30T23:00:00Z,2017-09-30T20:00:00-03:00,1,01:00:00,1,01:00:00,100.0,100.0,2017-09-30T22:00:00Z,2017-09-30T19:00:00-03:00,2017-09-30T23:00:00Z,2017-09-30T20:00:00-03:00
3.26,,,False,6,so2,µg/m³,,raw,01:00:00,2017-09-30T23:00:00Z,2017-09-30T20:00:00-03:00,2017-10-01T00:00:00Z,2017-09-30T21:00:00-03:00,1,01:00:00,1,01:00:00,100.0,100.0,2017-09-30T23:00:00Z,2017-09-30T20:00:00-03:00,2017-10-01T00:00:00Z,2017-09-30T21:00:00-03:00
3.85,,,False,6,so2,µg/m³,,raw,01:00:00,2017-10-01T00:00:00Z,2017-09-30T21:00:00-03:00,2017-10-01T01:00:00Z,2017-09-30T22:00:00-03:00,1,01:00:00,1,01:00:00,100.0,100.0,2017-10-01T00:00:00Z,2017-09-30T21:00:00-03:00,2017-10-01T01:00:00Z,2017-09-30T22:00:00-03:00
3.45,,,False,6,so2,µg/m³,,raw,01:00:00,2017-10-01T01:00:00Z,2017-09-30T22:00:00-03:00,2017-10-01T02:00:00Z,2017-09-30T23:00:00-03:00,1,01:00:00,1,01:00:00,100.0,100.0,2017-10-01T01:00:00Z,2017-09-30T22:00:00-03:00,2017-10-01T02:00:00Z,2017-09-30T23:00:00-03:00
3.46,,,False,6,so2,µg/m³,,raw,01:00:00,2017-10-01T02:00:00Z,2017-09-30T23:00:00-03:00,2017-10-01T03:00:00Z,2017-10-01T00:00:00-03:00,1,01:00:00,1,01:00:00,100.0,100.0,2017-10-01T02:00:00Z,2017-09-30T23:00:00-03:00,2017-10-01T03:00:00Z,2017-10-01T00:00:00-03:00
3.33,,,False,6,so2,µg/m³,,raw,01:00:00,2017-10-01T03:00:00Z,2017-10-01T00:00:00-03:00,2017-10-01T04:00:00Z,2017-10-01T01:00:00-03:00,1,01:00:00,1,01:00:00,100.0,100.0,2017-10-01T03:00:00Z,2017-10-01T00:00:00-03:00,2017-10-01T04:00:00Z,2017-10-01T01:00:00-03:00
3.55,,,False,6,so2,µg/m³,,raw,01:00:00,2017-10-01T04:00:00Z,2017-10-01T01:00:00-03:00,2017-10-01T05:00:00Z,2017-10-01T02:00:00-03:00,1,01:00:00,1,01:00:00,100.0,100.0,2017-10-01T04:00:00Z,2017-10-01T01:00:00-03:00,2017-10-01T05:00:00Z,2017-10-01T02:00:00-03:00
3.44,,,False,6,so2,µg/m³,,raw,01:00:00,2017-10-01T05:00:00Z,2017-10-01T02:00:00-03:00,2017-10-01T06:00:00Z,2017-10-01T03:00:00-03:00,1,01:00:00,1,01:00:00,100.0,100.0,2017-10-01T05:00:00Z,2017-10-01T02:00:00-03:00,2017-10-01T06:00:00Z,2017-10-01T03:00:00-03:00
3.23,,,False,6,so2,µg/m³,,raw,01:00:00,2017-10-01T06:00:00Z,2017-10-01T03:00:00-03:00,2017-10-01T07:00:00Z,2017-10-01T04:00:00-03:00,1,01:00:00,1,01:00:00,100.0,100.0,2017-10-01T06:00:00Z,2017-10-01T03:00:00-03:00,2017-10-01T07:00:00Z,2017-10-01T04:00:00-03:00
3.45,,,False,6,so2,µg/m³,,raw,01:00:00,2017-10-01T07:00:00Z,2017-10-01T04:00:00-03:00,2017-10-01T08:00:00Z,2017-10-01T05:00:00-03:00,1,01:00:00,1,01:00:00,100.0,100.0,2017-10-01T07:00:00Z,2017-10-01T04:00:00-03:00,2017-10-01T08:00:00Z,2017-10-01T05:00:00-03:00
3.47,,,False,6,so2,µg/m³,,raw,01:00:00,2017-10-01T08:00:00Z,2017-10-01T05:00:00-03:00,2017-10-01T09:00:00Z,2017-10-01T06:00:00-03:00,1,01:00:00,1,01:00:00,100.0,100.0,2017-10-01T08:00:00Z,2017-10-01T05:00:00-03:00,2017-10-01T09:00:00Z,2017-10-01T06:00:00-03:00
3.4,,,False,6,so2,µg/m³,,raw,01:00:00,2017-10-01T09:00:00Z,2017-10-01T06:00:00-03:00,2017-10-01T10:00:00Z,2017-10-01T07:00:00-03:00,1,01:00:00,1,01:00:00,100.0,100.0,2017-10-01T09:00:00Z,2017-10-01T06:00:00-03:00,2017-10-01T10:00:00Z,2017-10-01T07:00:00-03:00
3.01,,,False,6,so2,µg/m³,,raw,01:00:00,2017-10-01T10:00:00Z,2017-10-01T07:00:00-03:00,2017-10-01T11:00:00Z,2017-10-01T08:00:00-03:00,1,01:00:00,1,01:00:00,100.0,100.0,2017-10-01T10:00:00Z,2017-10-01T07:00:00-03:00,2017-10-01T11:00:00Z,2017-10-01T08:00:00-03:00
3.5,,,False,6,so2,µg/m³,,raw,01:00:00,2017-10-01T11:00:00Z,2017-10-01T08:00:00-03:00,2017-10-01T12:00:00Z,2017-10-01T09:00:00-03:00,1,01:00:00,1,01:00:00,100.0,100.0,2017-10-01T11:00:00Z,2017-10-01T08:00:00-03:00,2017-10-01T12:00:00Z,2017-10-01T09:00:00-03:00
4.16,,,False,6,so2,µg/m³,,raw,01:00:00,2017-10-01T12:00:00Z,2017-10-01T09:00:00-03:00,2017-10-01T13:00:00Z,2017-10-01T10:00:00-03:00,1,01:00:00,1,01:00:00,100.0,100.0,2017-10-01T12:00:00Z,2017-10-01T09:00:00-03:00,2017-10-01T13:00:00Z,2017-10-01T10:00:00-03:00
18.49,,,False,6,so2,µg/m³,,raw,01:00:00,2017-10-01T13:00:00Z,2017-10-01T10:00:00-03:00,2017-10-01T14:00:00Z,2017-10-01T11:00:00-03:00,1,01:00:00,1,01:00:00,100.0,100.0,2017-10-01T13:00:00Z,2017-10-01T10:00:00-03:00,2017-10-01T14:00:00Z,2017-10-01T11:00:00-03:00
17.38,,,False,6,so2,µg/m³,,raw,01:00:00,2017-10-01T14:00:00Z,2017-10-01T11:00:00-03:00,2017-10-01T15:00:00Z,2017-10-01T12:00:00-03:00,1,01:00:00,1,01:00:00,100.0,100.0,2017-10-01T14:00:00Z,2017-10-01T11:00:00-03:00,2017-10-01T15:00:00Z,2017-10-01T12:00:00-03:00
6.25,,,False,6,so2,µg/m³,,raw,01:00:00,2017-10-01T15:00:00Z,2017-10-01T12:00:00-03:00,2017-10-01T16:00:00Z,2017-10-01T13:00:00-03:00,1,01:00:00,1,01:00:00,100.0,100.0,2017-10-01T15:00:00Z,2017-10-01T12:00:00-03:00,2017-10-01T16:00:00Z,2017-10-01T13:00:00-03:00
9.37,,,False,6,so2,µg/m³,,raw,01:00:00,2017-10-01T16:00:00Z,2017-10-01T13:00:00-03:00,2017-10-01T17:00:00Z,2017-10-01T14:00:00-03:00,1,01:00:00,1,01:00:00,100.0,100.0,2017-10-01T16:00:00Z,2017-10-01T13:00:00-03:00,2017-10-01T17:00:00Z,2017-10-01T14:00:00-03:00
7.13,,,False,6,so2,µg/m³,,raw,01:00:00,2017-10-01T17:00:00Z,2017-10-01T14:00:00-03:00,2017-10-01T18:00:00Z,2017-10-01T15:00:00-03:00,1,01:00:00,1,01:00:00,100.0,100.0,2017-10-01T17:00:00Z,2017-10-01T14:00:00-03:00,2017-10-01T18:00:00Z,2017-10-01T15:00:00-03:00
9.42,,,False,6,so2,µg/m³,,raw,01:00:00,2017-10-01T19:00:00Z,2017-10-01T16:00:00-03:00,2017-10-01T20:00:00Z,2017-10-01T17:00:00-03:00,1,01:00:00,1,01:00:00,100.0,100.0,2017-10-01T19:00:00Z,2017-10-01T16:00:00-03:00,2017-10-01T20:00:00Z,2017-10-01T17:00:00-03:00
3.92,,,False,6,so2,µg/m³,,raw,01:00:00,2017-10-01T20:00:00Z,2017-10-01T17:00:00-03:00,2017-10-01T21:00:00Z,2017-10-01T18:00:00-03:00,1,01:00:00,1,01:00:00,100.0,100.0,2017-10-01T20:00:00Z,2017-10-01T17:00:00-03:00,2017-10-01T21:00:00Z,2017-10-01T18:00:00-03:00
3.69,,,False,6,so2,µg/m³,,raw,01:00:00,2017-10-01T21:00:00Z,2017-10-01T18:00:00-03:00,2017-10-01T22:00:00Z,2017-10-01T19:00:00-03:00,1,01:00:00,1,01:00:00,100.0,100.0,2017-10-01T21:00:00Z,2017-10-01T18:00:00-03:00,2017-10-01T22:00:00Z,2017-10-01T19:00:00-03:00
3.58,,,False,6,so2,µg/m³,,raw,01:00:00,2017-10-01T22:00:00Z,2017-10-01T19:00:00-03:00,2017-10-01T23:00:00Z,2017-10-01T20:00:00-03:00,1,01:00:00,1,01:00:00,100.0,100.0,2017-10-01T22:00:00Z,2017-10-01T19:00:00-03:00,2017-10-01T23:00:00Z,2017-10-01T20:00:00-03:00
3.69,,,False,6,so2,µg/m³,,raw,01:00:00,2017-10-01T23:00:00Z,2017-10-01T20:00:00-03:00,2017-10-02T00:00:00Z,2017-10-01T21:00:00-03:00,1,01:00:00,1,01:00:00,100.0,100.0,2017-10-01T23:00:00Z,2017-10-01T20:00:00-03:00,2017-10-02T00:00:00Z,2017-10-01T21:00:00-03:00
3.94,,,False,6,so2,µg/m³,,raw,01:00:00,2017-10-02T00:00:00Z,2017-10-01T21:00:00-03:00,2017-10-02T01:00:00Z,2017-10-01T22:00:00-03:00,1,01:00:00,1,01:00:00,100.0,100.0,2017-10-02T00:00:00Z,2017-10-01T21:00:00-03:00,2017-10-02T01:00:00Z,2017-10-01T22:00:00-03:00
3.51,,,False,6,so2,µg/m³,,raw,01:00:00,2017-10-02T01:00:00Z,2017-10-01T22:00:00-03:00,2017-10-02T02:00:00Z,2017-10-01T23:00:00-03:00,1,01:00:00,1,01:00:00,100.0,100.0,2017-10-02T01:00:00Z,2017-10-01T22:00:00-03:00,2017-10-02T02:00:00Z,2017-10-01T23:00:00-03:00
3.02,,,False,6,so2,µg/m³,,raw,01:00:00,2017-10-02T02:00:00Z,2017-10-01T23:00:00-03:00,2017-10-02T03:00:00Z,2017-10-02T00:00:00-03:00,1,01:00:00,1,01:00:00,100.0,100.0,2017-10-02T02:00:00Z,2017-10-01T23:00:00-03:00,2017-10-02T03:00:00Z,2017-10-02T00:00:00-03:00
3.63,,,False,6,so2,µg/m³,,raw,01:00:00,2017-10-02T03:00:00Z,2017-10-02T00:00:00-03:00,2017-10-02T04:00:00Z,2017-10-02T01:00:00-03:00,1,01:00:00,1,01:00:00,100.0,100.0,2017-10-02T03:00:00Z,2017-10-02T00:00:00-03:00,2017-10-02T04:00:00Z,2017-10-02T01:00:00-03:00
3.91,,,False,6,so2,µg/m³,,raw,01:00:00,2017-10-02T04:00:00Z,2017-10-02T01:00:00-03:00,2017-10-02T05:00:00Z,2017-10-02T02:00:00-03:00,1,01:00:00,1,01:00:00,100.0,100.0,2017-10-02T04:00:00Z,2017-10-02T01:00:00-03:00,2017-10-02T05:00:00Z,2017-10-02T02:00:00-03:00
3.39,,,False,6,so2,µg/m³,,raw,01:00:00,2017-10-02T05:00:00Z,2017-10-02T02:00:00-03:00,2017-10-02T06:00:00Z,2017-10-02T03:00:00-03:00,1,01:00:00,1,01:00:00,100.0,100.0,2017-10-02T05:00:00Z,2017-10-02T02:00:00-03:00,2017-10-02T06:00:00Z,2017-10-02T03:00:00-03:00
3.33,,,False,6,so2,µg/m³,,raw,01:00:00,2017-10-02T06:00:00Z,2017-10-02T03:00:00-03:00,2017-10-02T07:00:00Z,2017-10-02T04:00:00-03:00,1,01:00:00,1,01:00:00,100.0,100.0,2017-10-02T06:00:00Z,2017-10-02T03:00:00-03:00,2017-10-02T07:00:00Z,2017-10-02T04:00:00-03:00
3.54,,,False,6,so2,µg/m³,,raw,01:00:00,2017-10-02T07:00:00Z,2017-10-02T04:00:00-03:00,2017-10-02T08:00:00Z,2017-10-02T05:00:00-03:00,1,01:00:00,1,01:00:00,100.0,100.0,2017-10-02T07:00:00Z,2017-10-02T04:00:00-03:00,2017-10-02T08:00:00Z,2017-10-02T05:00:00-03:00
3.76,,,False,6,so2,µg/m³,,raw,01:00:00,2017-10-02T08:00:00Z,2017-10-02T05:00:00-03:00,2017-10-02T09:00:00Z,2017-10-02T06:00:00-03:00,1,01:00:00,1,01:00:00,100.0,100.0,2017-10-02T08:00:00Z,2017-10-02T05:00:00-03:00,2017-10-02T09:00:00Z,2017-10-02T06:00:00-03:00
3.38,,,False,6,so2,µg/m³,,raw,01:00:00,2017-10-02T09:00:00Z,2017-10-02T06:00:00-03:00,2017-10-02T10:00:00Z,2017-10-02T07:00:00-03:00,1,01:00:00,1,01:00:00,100.0,100.0,2017-10-02T09:00:00Z,2017-10-02T06:00:00-03:00,2017-10-02T10:00:00Z,2017-10-02T07:00:00-03:00
3.57,,,False,6,so2,µg/m³,,raw,01:00:00,2017-10-02T10:00:00Z,2017-10-02T07:00:00-03:00,2017-10-02T11:00:00Z,2017-10-02T08:00:00-03:00,1,01:00:00,1,01:00:00,100.0,100.0,2017-10-02T10:00:00Z,2017-10-02T07:00:00-03:00,2017-10-02T11:00:00Z,2017-10-02T08:00:00-03:00
3.76,,,False,6,so2,µg/m³,,raw,01:00:00,2017-10-02T11:00:00Z,2017-10-02T08:00:00-03:00,2017-10-02T12:00:00Z,2017-10-02T09:00:00-03:00,1,01:00:00,1,01:00:00,100.0,100.0,2017-10-02T11:00:00Z,2017-10-02T08:00:00-03:00,2017-10-02T12:00:00Z,2017-10-02T09:00:00-03:00
18.26,,,False,6,so2,µg/m³,,raw,01:00:00,2017-10-02T12:00:00Z,2017-10-02T09:00:00-03:00,2017-10-02T13:00:00Z,2017-10-02T10:00:00-03:00,1,01:00:00,1,01:00:00,100.0,100.0,2017-10-02T12:00:00Z,2017-10-02T09:00:00-03:00,2017-10-02T13:00:00Z,2017-10-02T10:00:00-03:00
45.53,,,False,6,so2,µg/m³,,raw,01:00:00,2017-10-02T13:00:00Z,2017-10-02T10:00:00-03:00,2017-10-02T14:00:00Z,2017-10-02T11:00:00-03:00,1,01:00:00,1,01:00:00,100.0,100.0,2017-10-02T13:00:00Z,2017-10-02T10:00:00-03:00,2017-10-02T14:00:00Z,2017-10-02T11:00:00-03:00
16.35,,,False,6,so2,µg/m³,,raw,01:00:00,2017-10-02T14:00:00Z,2017-10-02T11:00:00-03:00,2017-10-02T15:00:00Z,2017-10-02T12:00:00-03:00,1,01:00:00,1,01:00:00,100.0,100.0,2017-10-02T14:00:00Z,2017-10-02T11:00:00-03:00,2017-10-02T15:00:00Z,2017-10-02T12:00:00-03:00
11.72,,,False,6,so2,µg/m³,,raw,01:00:00,2017-10-02T15:00:00Z,2017-10-02T12:00:00-03:00,2017-10-02T16:00:00Z,2017-10-02T13:00:00-03:00,1,01:00:00,1,01:00:00,100.0,100.0,2017-10-02T15:00:00Z,2017-10-02T12:00:00-03:00,2017-10-02T16:00:00Z,2017-10-02T13:00:00-03:00
187.17,,,False,6,so2,µg/m³,,raw,01:00:00,2017-10-02T16:00:00Z,2017-10-02T13:00:00-03:00,2017-10-02T17:00:00Z,2017-10-02T14:00:00-03:00,1,01:00:00,1,01:00:00,100.0,100.0,2017-10-02T16:00:00Z,2017-10-02T13:00:00-03:00,2017-10-02T17:00:00Z,2017-10-02T14:00:00-03:00
9.41,,,False,6,so2,µg/m³,,raw,01:00:00,2017-10-02T17:00:00Z,2017-10-02T14:00:00-03:00,2017-10-02T18:00:00Z,2017-10-02T15:00:00-03:00,1,01:00:00,1,01:00:00,100.0,100.0,2017-10-02T17:00:00Z,2017-10-02T14:00:00-03:00,2017-10-02T18:00:00Z,2017-10-02T15:00:00-03:00
10.36,,,False,6,so2,µg/m³,,raw,01:00:00,2017-10-02T18:00:00Z,2017-10-02T15:00:00-03:00,2017-10-02T19:00:00Z,2017-10-02T16:00:00-03:00,1,01:00:00,1,01:00:00,100.0,100.0,2017-10-02T18:00:00Z,2017-10-02T15:00:00-03:00,2017-10-02T19:00:00Z,2017-10-02T16:00:00-03:00
27.13,,,False,6,so2,µg/m³,,raw,01:00:00,2017-10-02T19:00:00Z,2017-10-02T16:00:00-03:00,2017-10-02T20:00:00Z,2017-10-02T17:00:00-03:00,1,01:00:00,1,01:00:00,100.0,100.0,2017-10-02T19:00:00Z,2017-10-02T16:00:00-03:00,2017-10-02T20:00:00Z,2017-10-02T17:00:00-03:00
22.45,,,False,6,so2,µg/m³,,raw,01:00:00,2017-10-02T20:00:00Z,2017-10-02T17:00:00-03:00,2017-10-02T21:00:00Z,2017-10-02T18:00:00-03:00,1,01:00:00,1,01:00:00,100.0,100.0,2017-10-02T20:00:00Z,2017-10-02T17:00:00-03:00,2017-10-02T21:00:00Z,2017-10-02T18:00:00-03:00
14.09,,,False,6,so2,µg/m³,,raw,01:00:00,2017-10-02T21:00:00Z,2017-10-02T18:00:00-03:00,2017-10-02T22:00:00Z,2017-10-02T19:00:00-03:00,1,01:00:00,1,01:00:00,100.0,100.0,2017-10-02T21:00:00Z,2017-10-02T18:00:00-03:00,2017-10-02T22:00:00Z,2017-10-02T19:00:00-03:00
9.84,,,False,6,so2,µg/m³,,raw,01:00:00,2017-10-02T22:00:00Z,2017-10-02T19:00:00-03:00,2017-10-02T23:00:00Z,2017-10-02T20:00:00-03:00,1,01:00:00,1,01:00:00,100.0,100.0,2017-10-02T22:00:00Z,2017-10-02T19:00:00-03:00,2017-10-02T23:00:00Z,2017-10-02T20:00:00-03:00
4.59,,,False,6,so2,µg/m³,,raw,01:00:00,2017-10-02T23:00:00Z,2017-10-02T20:00:00-03:00,2017-10-03T00:00:00Z,2017-10-02T21:00:00-03:00,1,01:00:00,1,01:00:00,100.0,100.0,2017-10-02T23:00:00Z,2017-10-02T20:00:00-03:00,2017-10-03T00:00:00Z,2017-10-02T21:00:00-03:00
4.53,,,False,6,so2,µg/m³,,raw,01:00:00,2017-10-03T00:00:00Z,2017-10-02T21:00:00-03:00,2017-10-03T01:00:00Z,2017-10-02T22:00:00-03:00,1,01:00:00,1,01:00:00,100.0,100.0,2017-10-03T00:00:00Z,2017-10-02T21:00:00-03:00,2017-10-03T01:00:00Z,2017-10-02T22:00:00-03:00
4.32,,,False,6,so2,µg/m³,,raw,01:00:00,2017-10-03T01:00:00Z,2017-10-02T22:00:00-03:00,2017-10-03T02:00:00Z,2017-10-02T23:00:00-03:00,1,01:00:00,1,01:00:00,100.0,100.0,2017-10-03T01:00:00Z,2017-10-02T22:00:00-03:00,2017-10-03T02:00:00Z,2017-10-02T23:00:00-03:00
4.18,,,False,6,so2,µg/m³,,raw,01:00:00,2017-10-03T02:00:00Z,2017-10-02T23:00:00-03:00,2017-10-03T03:00:00Z,2017-10-03T00:00:00-03:00,1,01:00:00,1,01:00:00,100.0,100.0,2017-10-03T02:00:00Z,2017-10-02T23:00:00-03:00,2017-10-03T03:00:00Z,2017-10-03T00:00:00-03:00
4.61,,,False,6,so2,µg/m³,,raw,01:00:00,2017-10-03T03:00:00Z,2017-10-03T00:00:00-03:00,2017-10-03T04:00:00Z,2017-10-03T01:00:00-03:00,1,01:00:00,1,01:00:00,100.0,100.0,2017-10-03T03:00:00Z,2017-10-03T00:00:00-03:00,2017-10-03T04:00:00Z,2017-10-03T01:00:00-03:00
4.03,,,False,6,so2,µg/m³,,raw,01:00:00,2017-10-03T04:00:00Z,2017-10-03T01:00:00-03:00,2017-10-03T05:00:00Z,2017-10-03T02:00:00-03:00,1,01:00:00,1,01:00:00,100.0,100.0,2017-10-03T04:00:00Z,2017-10-03T01:00:00-03:00,2017-10-03T05:00:00Z,2017-10-03T02:00:00-03:00
4.77,,,False,6,so2,µg/m³,,raw,01:00:00,2017-10-03T05:00:00Z,2017-10-03T02:00:00-03:00,2017-10-03T06:00:00Z,2017-10-03T03:00:00-03:00,1,01:00:00,1,01:00:00,100.0,100.0,2017-10-03T05:00:00Z,2017-10-03T02:00:00-03:00,2017-10-03T06:00:00Z,2017-10-03T03:00:00-03:00
4.19,,,False,6,so2,µg/m³,,raw,01:00:00,2017-10-03T06:00:00Z,2017-10-03T03:00:00-03:00,2017-10-03T07:00:00Z,2017-10-03T04:00:00-03:00,1,01:00:00,1,01:00:00,100.0,100.0,2017-10-03T06:00:00Z,2017-10-03T03:00:00-03:00,2017-10-03T07:00:00Z,2017-10-03T04:00:00-03:00
3.61,,,False,6,so2,µg/m³,,raw,01:00:00,2017-10-03T07:00:00Z,2017-10-03T04:00:00-03:00,2017-10-03T08:00:00Z,2017-10-03T05:00:00-03:00,1,01:00:00,1,01:00:00,100.0,100.0,2017-10-03T07:00:00Z,2017-10-03T04:00:00-03:00,2017-10-03T08:00:00Z,2017-10-03T05:00:00-03:00
4.24,,,False,6,so2,µg/m³,,raw,01:00:00,2017-10-03T08:00:00Z,2017-10-03T05:00:00-03:00,2017-10-03T09:00:00Z,2017-10-03T06:00:00-03:00,1,01:00:00,1,01:00:00,100.0,100.0,2017-10-03T08:00:00Z,2017-10-03T05:00:00-03:00,2017-10-03T09:00:00Z,2017-10-03T06:00:00-03:00
3.44,,,False,6,so2,µg/m³,,raw,01:00:00,2017-10-03T09:00:00Z,2017-10-03T06:00:00-03:00,2017-10-03T10:00:00Z,2017-10-03T07:00:00-03:00,1,01:00:00,1,01:00:00,100.0,100.0,2017-10-03T09:00:00Z,2017-10-03T06:00:00-03:00,2017-10-03T10:00:00Z,2017-10-03T07:00:00-03:00
4.26,,,False,6,so2,µg/m³,,raw,01:00:00,2017-10-03T10:00:00Z,2017-10-03T07:00:00-03:00,2017-10-03T11:00:00Z,2017-10-03T08:00:00-03:00,1,01:00:00,1,01:00:00,100.0,100.0,2017-10-03T10:00:00Z,2017-10-03T07:00:00-03:00,2017-10-03T11:00:00Z,2017-10-03T08:00:00-03:00
31.01,,,False,6,so2,µg/m³,,raw,01:00:00,2017-10-03T11:00:00Z,2017-10-03T08:00:00-03:00,2017-10-03T12:00:00Z,2017-10-03T09:00:00-03:00,1,01:00:00,1,01:00:00,100.0,100.0,2017-10-03T11:00:00Z,2017-10-03T08:00:00-03:00,2017-10-03T12:00:00Z,2017-10-03T09:00:00-03:00
98.6,,,False,6,so2,µg/m³,,raw,01:00:00,2017-10-03T12:00:00Z,2017-10-03T09:00:00-03:00,2017-10-03T13:00:00Z,2017-10-03T10:00:00-03:00,1,01:00:00,1,01:00:00,100.0,100.0,2017-10-03T12:00:00Z,2017-10-03T09:00:00-03:00,2017-10-03T13:00:00Z,2017-10-03T10:00:00-03:00
70.83,,,False,6,so2,µg/m³,,raw,01:00:00,2017-10-03T13:00:00Z,2017-10-03T10:00:00-03:00,2017-10-03T14:00:00Z,2017-10-03T11:00:00-03:00,1,01:00:00,1,01:00:00,100.0,100.0,2017-10-03T13:00:00Z,2017-10-03T10:00:00-03:00,2017-10-03T14:00:00Z,2017-10-03T11:00:00-03:00
15.39,,,False,6,so2,µg/m³,,raw,01:00:00,2017-10-03T14:00:00Z,2017-10-03T11:00:00-03:00,2017-10-03T15:00:00Z,2017-10-03T12:00:00-03:00,1,01:00:00,1,01:00:00,100.0,100.0,2017-10-03T14:00:00Z,2017-10-03T11:00:00-03:00,2017-10-03T15:00:00Z,2017-10-03T12:00:00-03:00
20.07,,,False,6,so2,µg/m³,,raw,01:00:00,2017-10-03T15:00:00Z,2017-10-03T12:00:00-03:00,2017-10-03T16:00:00Z,2017-10-03T13:00:00-03:00,1,01:00:00,1,01:00:00,100.0,100.0,2017-10-03T15:00:00Z,2017-10-03T12:00:00-03:00,2017-10-03T16:00:00Z,2017-10-03T13:00:00-03:00
14.49,,,False,6,so2,µg/m³,,raw,01:00:00,2017-10-03T16:00:00Z,2017-10-03T13:00:00-03:00,2017-10-03T17:00:00Z,2017-10-03T14:00:00-03:00,1,01:00:00,1,01:00:00,100.0,100.0,2017-10-03T16:00:00Z,2017-10-03T13:00:00-03:00,2017-10-03T17:00:00Z,2017-10-03T14:00:00-03:00
6.06,,,False,6,so2,µg/m³,,raw,01:00:00,2017-10-03T17:00:00Z,2017-10-03T14:00:00-03:00,2017-10-03T18:00:00Z,2017-10-03T15:00:00-03:00,1,01:00:00,1,01:00:00,100.0,100.0,2017-10-03T17:00:00Z,2017-10-03T14:00:00-03:00,2017-10-03T18:00:00Z,2017-10-03T15:00:00-03:00
5.73,,,False,6,so2,µg/m³,,raw,01:00:00,2017-10-03T18:00:00Z,2017-10-03T15:00:00-03:00,2017-10-03T19:00:00Z,2017-10-03T16:00:00-03:00,1,01:00:00,1,01:00:00,100.0,100.0,2017-10-03T18:00:00Z,2017-10-03T15:00:00-03:00,2017-10-03T19:00:00Z,2017-10-03T16:00:00-03:00
9.62,,,False,6,so2,µg/m³,,raw,01:00:00,2017-10-03T19:00:00Z,2017-10-03T16:00:00-03:00,2017-10-03T20:00:00Z,2017-10-03T17:00:00-03:00,1,01:00:00,1,01:00:00,100.0,100.0,2017-10-03T19:00:00Z,2017-10-03T16:00:00-03:00,2017-10-03T20:00:00Z,2017-10-03T17:00:00-03:00
9.61,,,False,6,so2,µg/m³,,raw,01:00:00,2017-10-03T20:00:00Z,2017-10-03T17:00:00-03:00,2017-10-03T21:00:00Z,2017-10-03T18:00:00-03:00,1,01:00:00,1,01:00:00,100.0,100.0,2017-10-03T20:00:00Z,2017-10-03T17:00:00-03:00,2017-10-03T21:00:00Z,2017-10-03T18:00:00-03:00
10.21,,,False,6,so2,µg/m³,,raw,01:00:00,2017-10-03T21:00:00Z,2017-10-03T18:00:00-03:00,2017-10-03T22:00:00Z,2017-10-03T19:00:00-03:00,1,01:00:00,1,01:00:00,100.0,100.0,2017-10-03T21:00:00Z,2017-10-03T18:00:00-03:00,2017-10-03T22:00:00Z,2017-10-03T19:00:00-03:00
7.82,,,False,6,so2,µg/m³,,raw,01:00:00,2017-10-03T22:00:00Z,2017-10-03T19:00:00-03:00,2017-10-03T23:00:00Z,2017-10-03T20:00:00-03:00,1,01:00:00,1,01:00:00,100.0,100.0,2017-10-03T22:00:00Z,2017-10-03T19:00:00-03:00,2017-10-03T23:00:00Z,2017-10-03T20:00:00-03:00
5.38,,,False,6,so2,µg/m³,,raw,01:00:00,2017-10-03T23:00:00Z,2017-10-03T20:00:00-03:00,2017-10-04T00:00:00Z,2017-10-03T21:00:00-03:00,1,01:00:00,1,01:00:00,100.0,100.0,2017-10-03T23:00:00Z,2017-10-03T20:00:00-03:00,2017-10-04T00:00:00Z,2017-10-03T21:00:00-03:00
4.01,,,False,6,so2,µg/m³,,raw,01:00:00,2017-10-04T00:00:00Z,2017-10-03T21:00:00-03:00,2017-10-04T01:00:00Z,2017-10-03T22:00:00-03:00,1,01:00:00,1,01:00:00,100.0,100.0,2017-10-04T00:00:00Z,2017-10-03T21:00:00-03:00,2017-10-04T01:00:00Z,2017-10-03T22:00:00-03:00
3.72,,,False,6,so2,µg/m³,,raw,01:00:00,2017-10-04T01:00:00Z,2017-10-03T22:00:00-03:00,2017-10-04T02:00:00Z,2017-10-03T23:00:00-03:00,1,01:00:00,1,01:00:00,100.0,100.0,2017-10-04T01:00:00Z,2017-10-03T22:00:00-03:00,2017-10-04T02:00:00Z,2017-10-03T23:00:00-03:00
3.81,,,False,6,so2,µg/m³,,raw,01:00:00,2017-10-04T02:00:00Z,2017-10-03T23:00:00-03:00,2017-10-04T03:00:00Z,2017-10-04T00:00:00-03:00,1,01:00:00,1,01:00:00,100.0,100.0,2017-10-04T02:00:00Z,2017-10-03T23:00:00-03:00,2017-10-04T03:00:00Z,2017-10-04T00:00:00-03:00
3.8,,,False,6,so2,µg/m³,,raw,01:00:00,2017-10-04T04:00:00Z,2017-10-04T01:00:00-03:00,2017-10-04T05:00:00Z,2017-10-04T02:00:00-03:00,1,01:00:00,1,01:00:00,100.0,100.0,2017-10-04T04:00:00Z,2017-10-04T01:00:00-03:00,2017-10-04T05:00:00Z,2017-10-04T02:00:00-03:00
3.79,,,False,6,so2,µg/m³,,raw,01:00:00,2017-10-04T05:00:00Z,2017-10-04T02:00:00-03:00,2017-10-04T06:00:00Z,2017-10-04T03:00:00-03:00,1,01:00:00,1,01:00:00,100.0,100.0,2017-10-04T05:00:00Z,2017-10-04T02:00:00-03:00,2017-10-04T06:00:00Z,2017-10-04T03:00:00-03:00
3.97,,,False,6,so2,µg/m³,,raw,01:00:00,2017-10-04T06:00:00Z,2017-10-04T03:00:00-03:00,2017-10-04T07:00:00Z,2017-10-04T04:00:00-03:00,1,01:00:00,1,01:00:00,100.0,100.0,2017-10-04T06:00:00Z,2017-10-04T03:00:00-03:00,2017-10-04T07:00:00Z,2017-10-04T04:00:00-03:00
3.68,,,False,6,so2,µg/m³,,raw,01:00:00,2017-10-04T07:00:00Z,2017-10-04T04:00:00-03:00,2017-10-04T08:00:00Z,2017-10-04T05:00:00-03:00,1,01:00:00,1,01:00:00,100.0,100.0,2017-10-04T07:00:00Z,2017-10-04T04:00:00-03:00,2017-10-04T08:00:00Z,2017-10-04T05:00:00-03:00
4.41,,,False,6,so2,µg/m³,,raw,01:00:00,2017-10-04T08:00:00Z,2017-10-04T05:00:00-03:00,2017-10-04T09:00:00Z,2017-10-04T06:00:00-03:00,1,01:00:00,1,01:00:00,100.0,100.0,2017-10-04T08:00:00Z,2017-10-04T05:00:00-03:00,2017-10-04T09:00:00Z,2017-10-04T06:00:00-03:00
3.88,,,False,6,so2,µg/m³,,raw,01:00:00,2017-10-04T09:00:00Z,2017-10-04T06:00:00-03:00,2017-10-04T10:00:00Z,2017-10-04T07:00:00-03:00,1,01:00:00,1,01:00:00,100.0,100.0,2017-10-04T09:00:00Z,2017-10-04T06:00:00-03:00,2017-10-04T10:00:00Z,2017-10-04T07:00:00-03:00
3.59,,,False,6,so2,µg/m³,,raw,01:00:00,2017-10-04T10:00:00Z,2017-10-04T07:00:00-03:00,2017-10-04T11:00:00Z,2017-10-04T08:00:00-03:00,1,01:00:00,1,01:00:00,100.0,100.0,2017-10-04T10:00:00Z,2017-10-04T07:00:00-03:00,2017-10-04T11:00:00Z,2017-10-04T08:00:00-03:00
4.39,,,False,6,so2,µg/m³,,raw,01:00:00,2017-10-04T11:00:00Z,2017-10-04T08:00:00-03:00,2017-10-04T12:00:00Z,2017-10-04T09:00:00-03:00,1,01:00:00,1,01:00:00,100.0,100.0,2017-10-04T11:00:00Z,2017-10-04T08:00:00-03:00,2017-10-04T12:00:00Z,2017-10-04T09:00:00-03:00
3.97,,,False,6,so2,µg/m³,,raw,01:00:00,2017-10-04T12:00:00Z,2017-10-04T09:00:00-03:00,2017-10-04T13:00:00Z,2017-10-04T10:00:00-03:00,1,01:00:00,1,01:00:00,100.0,100.0,2017-10-04T12:00:00Z,2017-10-04T09:00:00-03:00,2017-10-04T13:00:00Z,2017-10-04T10:00:00-03:00
3.98,,,False,6,so2,µg/m³,,raw,01:00:00,2017-10-04T13:00:00Z,2017-10-04T10:00:00-03:00,2017-10-04T14:00:00Z,2017-10-04T11:00:00-03:00,1,01:00:00,1,01:00:00,100.0,100.0,2017-10-04T13:00:00Z,2017-10-04T10:00:00-03:00,2017-10-04T14:00:00Z,2017-10-04T11:00:00-03:00
5.06,,,False,6,so2,µg/m³,,raw,01:00:00,2017-10-04T14:00:00Z,2017-10-04T11:00:00-03:00,2017-10-04T15:00:00Z,2017-10-04T12:00:00-03:00,1,01:00:00,1,01:00:00,100.0,100.0,2017-10-04T14:00:00Z,2017-10-04T11:00:00-03:00,2017-10-04T15:00:00Z,2017-10-04T12:00:00-03:00
5.1,,,False,6,so2,µg/m³,,raw,01:00:00,2017-10-04T15:00:00Z,2017-10-04T12:00:00-03:00,2017-10-04T16:00:00Z,2017-10-04T13:00:00-03:00,1,01:00:00,1,01:00:00,100.0,100.0,2017-10-04T15:00:00Z,2017-10-04T12:00:00-03:00,2017-10-04T16:00:00Z,2017-10-04T13:00:00-03:00
4.66,,,False,6,so2,µg/m³,,raw,01:00:00,2017-10-04T16:00:00Z,2017-10-04T13:00:00-03:00,2017-10-04T17:00:00Z,2017-10-04T14:00:00-03:00,1,01:00:00,1,01:00:00,100.0,100.0,2017-10-04T16:00:00Z,2017-10-04T13:00:00-03:00,2017-10-04T17:00:00Z,2017-10-04T14:00:00-03:00
4.96,,,False,6,so2,µg/m³,,raw,01:00:00,2017-10-04T17:00:00Z,2017-10-04T14:00:00-03:00,2017-10-04T18:00:00Z,2017-10-04T15:00:00-03:00,1,01:00:00,1,01:00:00,100.0,100.0,2017-10-04T17:00:00Z,2017-10-04T14:00:00-03:00,2017-10-04T18:00:00Z,2017-10-04T15:00:00-03:00
4.31,,,False,6,so2,µg/m³,,raw,01:00:00,2017-10-04T18:00:00Z,2017-10-04T15:00:00-03:00,2017-10-04T19:00:00Z,2017-10-04T16:00:00-03:00,1,01:00:00,1,01:00:00,100.0,100.0,2017-10-04T18:00:00Z,2017-10-04T15:00:00-03:00,2017-10-04T19:00:00Z,2017-10-04T16:00:00-03:00
3.91,,,False,6,so2,µg/m³,,raw,01:00:00,2017-10-04T19:00:00Z,2017-10-04T16:00:00-03:00,2017-10-04T20:00:00Z,2017-10-04T17:00:00-03:00,1,01:00:00,1,01:00:00,100.0,100.0,2017-10-04T19:00:00Z,2017-10-04T16:00:00-03:00,2017-10-04T20:00:00Z,2017-10-04T17:00:00-03:00
4.63,,,False,6,so2,µg/m³,,raw,01:00:00,2017-10-04T20:00:00Z,2017-10-04T17:00:00-03:00,2017-10-04T21:00:00Z,2017-10-04T18:00:00-03:00,1,01:00:00,1,01:00:00,100.0,100.0,2017-10-04T20:00:00Z,2017-10-04T17:00:00-03:00,2017-10-04T21:00:00Z,2017-10-04T18:00:00-03:00
3.84,,,False,6,so2,µg/m³,,raw,01:00:00,2017-10-04T21:00:00Z,2017-10-04T18:00:00-03:00,2017-10-04T22:00:00Z,2017-10-04T19:00:00-03:00,1,01:00:00,1,01:00:00,100.0,100.0,2017-10-04T21:00:00Z,2017-10-04T18:00:00-03:00,2017-10-04T22:00:00Z,2017-10-04T19:00:00-03:00
3.89,,,False,6,so2,µg/m³,,raw,01:00:00,2017-10-04T22:00:00Z,2017-10-04T19:00:00-03:00,2017-10-04T23:00:00Z,2017-10-04T20:00:00-03:00,1,01:00:00,1,01:00:00,100.0,100.0,2017-10-04T22:00:00Z,2017-10-04T19:00:00-03:00,2017-10-04T23:00:00Z,2017-10-04T20:00:00-03:00
4.0,,,False,6,so2,µg/m³,,raw,01:00:00,2017-10-04T23:00:00Z,2017-10-04T20:00:00-03:00,2017-10-05T00:00:00Z,2017-10-04T21:00:00-03:00,1,01:00:00,1,01:00:00,100.0,100.0,2017-10-04T23:00:00Z,2017-10-04T20:00:00-03:00,2017-10-05T00:00:00Z,2017-10-04T21:00:00-03:00
3.55,,,False,6,so2,µg/m³,,raw,01:00:00,2017-10-05T01:00:00Z,2017-10-04T22:00:00-03:00,2017-10-05T02:00:00Z,2017-10-04T23:00:00-03:00,1,01:00:00,1,01:00:00,100.0,100.0,2017-10-05T01:00:00Z,2017-10-04T22:00:00-03:00,2017-10-05T02:00:00Z,2017-10-04T23:00:00-03:00
4.03,,,False,6,so2,µg/m³,,raw,01:00:00,2017-10-05T03:00:00Z,2017-10-05T00:00:00-03:00,2017-10-05T04:00:00Z,2017-10-05T01:00:00-03:00,1,01:00:00,1,01:00:00,100.0,100.0,2017-10-05T03:00:00Z,2017-10-05T00:00:00-03:00,2017-10-05T04:00:00Z,2017-10-05T01:00:00-03:00
3.69,,,False,6,so2,µg/m³,,raw,01:00:00,2017-10-05T04:00:00Z,2017-10-05T01:00:00-03:00,2017-10-05T05:00:00Z,2017-10-05T02:00:00-03:00,1,01:00:00,1,01:00:00,100.0,100.0,2017-10-05T04:00:00Z,2017-10-05T01:00:00-03:00,2017-10-05T05:00:00Z,2017-10-05T02:00:00-03:00
3.4,,,False,6,so2,µg/m³,,raw,01:00:00,2017-10-05T05:00:00Z,2017-10-05T02:00:00-03:00,2017-10-05T06:00:00Z,2017-10-05T03:00:00-03:00,1,01:00:00,1,01:00:00,100.0,100.0,2017-10-05T05:00:00Z,2017-10-05T02:00:00-03:00,2017-10-05T06:00:00Z,2017-10-05T03:00:00-03:00
3.0,,,False,6,so2,µg/m³,,raw,01:00:00,2017-10-05T06:00:00Z,2017-10-05T03:00:00-03:00,2017-10-05T07:00:00Z,2017-10-05T04:00:00-03:00,1,01:00:00,1,01:00:00,100.0,100.0,2017-10-05T06:00:00Z,2017-10-05T03:00:00-03:00,2017-10-05T07:00:00Z,2017-10-05T04:00:00-03:00
3.74,,,False,6,so2,µg/m³,,raw,01:00:00,2017-10-05T07:00:00Z,2017-10-05T04:00:00-03:00,2017-10-05T08:00:00Z,2017-10-05T05:00:00-03:00,1,01:00:00,1,01:00:00,100.0,100.0,2017-10-05T07:00:00Z,2017-10-05T04:00:00-03:00,2017-10-05T08:00:00Z,2017-10-05T05:00:00-03:00
3.47,,,False,6,so2,µg/m³,,raw,01:00:00,2017-10-05T08:00:00Z,2017-10-05T05:00:00-03:00,2017-10-05T09:00:00Z,2017-10-05T06:00:00-03:00,1,01:00:00,1,01:00:00,100.0,100.0,2017-10-05T08:00:00Z,2017-10-05T05:00:00-03:00,2017-10-05T09:00:00Z,2017-10-05T06:00:00-03:00
3.55,,,False,6,so2,µg/m³,,raw,01:00:00,2017-10-05T09:00:00Z,2017-10-05T06:00:00-03:00,2017-10-05T10:00:00Z,2017-10-05T07:00:00-03:00,1,01:00:00,1,01:00:00,100.0,100.0,2017-10-05T09:00:00Z,2017-10-05T06:00:00-03:00,2017-10-05T10:00:00Z,2017-10-05T07:00:00-03:00
3.59,,,False,6,so2,µg/m³,,raw,01:00:00,2017-10-05T10:00:00Z,2017-10-05T07:00:00-03:00,2017-10-05T11:00:00Z,2017-10-05T08:00:00-03:00,1,01:00:00,1,01:00:00,100.0,100.0,2017-10-05T10:00:00Z,2017-10-05T07:00:00-03:00,2017-10-05T11:00:00Z,2017-10-05T08:00:00-03:00
3.43,,,False,6,so2,µg/m³,,raw,01:00:00,2017-10-05T11:00:00Z,2017-10-05T08:00:00-03:00,2017-10-05T12:00:00Z,2017-10-05T09:00:00-03:00,1,01:00:00,1,01:00:00,100.0,100.0,2017-10-05T11:00:00Z,2017-10-05T08:00:00-03:00,2017-10-05T12:00:00Z,2017-10-05T09:00:00-03:00
3.59,,,False,6,so2,µg/m³,,raw,01:00:00,2017-10-05T13:00:00Z,2017-10-05T10:00:00-03:00,2017-10-05T14:00:00Z,2017-10-05T11:00:00-03:00,1,01:00:00,1,01:00:00,100.0,100.0,2017-10-05T13:00:00Z,2017-10-05T10:00:00-03:00,2017-10-05T14:00:00Z,2017-10-05T11:00:00-03:00
3.51,,,False,6,so2,µg/m³,,raw,01:00:00,2017-10-05T14:00:00Z,2017-10-05T11:00:00-03:00,2017-10-05T15:00:00Z,2017-10-05T12:00:00-03:00,1,01:00:00,1,01:00:00,100.0,100.0,2017-10-05T14:00:00Z,2017-10-05T11:00:00-03:00,2017-10-05T15:00:00Z,2017-10-05T12:00:00-03:00
4.95,,,False,6,so2,µg/m³,,raw,01:00:00,2017-10-05T15:00:00Z,2017-10-05T12:00:00-03:00,2017-10-05T16:00:00Z,2017-10-05T13:00:00-03:00,1,01:00:00,1,01:00:00,100.0,100.0,2017-10-05T15:00:00Z,2017-10-05T12:00:00-03:00,2017-10-05T16:00:00Z,2017-10-05T13:00:00-03:00
5.05,,,False,6,so2,µg/m³,,raw,01:00:00,2017-10-05T16:00:00Z,2017-10-05T13:00:00-03:00,2017-10-05T17:00:00Z,2017-10-05T14:00:00-03:00,1,01:00:00,1,01:00:00,100.0,100.0,2017-10-05T16:00:00Z,2017-10-05T13:00:00-03:00,2017-10-05T17:00:00Z,2017-10-05T14:00:00-03:00
5.52,,,False,6,so2,µg/m³,,raw,01:00:00,2017-10-05T17:00:00Z,2017-10-05T14:00:00-03:00,2017-10-05T18:00:00Z,2017-10-05T15:00:00-03:00,1,01:00:00,1,01:00:00,100.0,100.0,2017-10-05T17:00:00Z,2017-10-05T14:00:00-03:00,2017-10-05T18:00:00Z,2017-10-05T15:00:00-03:00
5.12,,,False,6,so2,µg/m³,,raw,01:00:00,2017-10-05T18:00:00Z,2017-10-05T15:00:00-03:00,2017-10-05T19:00:00Z,2017-10-05T16:00:00-03:00,1,01:00:00,1,01:00:00,100.0,100.0,2017-10-05T18:00:00Z,2017-10-05T15:00:00-03:00,2017-10-05T19:00:00Z,2017-10-05T16:00:00-03:00
4.62,,,False,6,so2,µg/m³,,raw,01:00:00,2017-10-05T19:00:00Z,2017-10-05T16:00:00-03:00,2017-10-05T20:00:00Z,2017-10-05T17:00:00-03:00,1,01:00:00,1,01:00:00,100.0,100.0,2017-10-05T19:00:00Z,2017-10-05T16:00:00-03:00,2017-10-05T20:00:00Z,2017-10-05T17:00:00-03:00
4.72,,,False,6,so2,µg/m³,,raw,01:00:00,2017-10-05T20:00:00Z,2017-10-05T17:00:00-03:00,2017-10-05T21:00:00Z,2017-10-05T18:00:00-03:00,1,01:00:00,1,01:00:00,100.0,100.0,2017-10-05T20:00:00Z,2017-10-05T17:00:00-03:00,2017-10-05T21:00:00Z,2017-10-05T18:00:00-03:00
3.98,,,False,6,so2,µg/m³,,raw,01:00:00,2017-10-05T21:00:00Z,2017-10-05T18:00:00-03:00,2017-10-05T22:00:00Z,2017-10-05T19:00:00-03:00,1,01:00:00,1,01:00:00,100.0,100.0,2017-10-05T21:00:00Z,2017-10-05T18:00:00-03:00,2017-10-05T22:00:00Z,2017-10-05T19:00:00-03:00
3.97,,,False,6,so2,µg/m³,,raw,01:00:00,2017-10-05T22:00:00Z,2017-10-05T19:00:00-03:00,2017-10-05T23:00:00Z,2017-10-05T20:00:00-03:00,1,01:00:00,1,01:00:00,100.0,100.0,2017-10-05T22:00:00Z,2017-10-05T19:00:00-03:00,2017-10-05T23:00:00Z,2017-10-05T20:00:00-03:00
4.31,,,False,6,so2,µg/m³,,raw,01:00:00,2017-10-06T00:00:00Z,2017-10-05T21:00:00-03:00,2017-10-06T01:00:00Z,2017-10-05T22:00:00-03:00,1,01:00:00,1,01:00:00,100.0,100.0,2017-10-06T00:00:00Z,2017-10-05T21:00:00-03:00,2017-10-06T01:00:00Z,2017-10-05T22:00:00-03:00
3.26,,,False,6,so2,µg/m³,,raw,01:00:00,2017-10-06T01:00:00Z,2017-10-05T22:00:00-03:00,2017-10-06T02:00:00Z,2017-10-05T23:00:00-03:00,1,01:00:00,1,01:00:00,100.0,100.0,2017-10-06T01:00:00Z,2017-10-05T22:00:00-03:00,2017-10-06T02:00:00Z,2017-10-05T23:00:00-03:00
4.19,,,False,6,so2,µg/m³,,raw,01:00:00,2017-10-06T02:00:00Z,2017-10-05T23:00:00-03:00,2017-10-06T03:00:00Z,2017-10-06T00:00:00-03:00,1,01:00:00,1,01:00:00,100.0,100.0,2017-10-06T02:00:00Z,2017-10-05T23:00:00-03:00,2017-10-06T03:00:00Z,2017-10-06T00:00:00-03:00
4.02,,,False,6,so2,µg/m³,,raw,01:00:00,2017-10-06T03:00:00Z,2017-10-06T00:00:00-03:00,2017-10-06T04:00:00Z,2017-10-06T01:00:00-03:00,1,01:00:00,1,01:00:00,100.0,100.0,2017-10-06T03:00:00Z,2017-10-06T00:00:00-03:00,2017-10-06T04:00:00Z,2017-10-06T01:00:00-03:00
3.83,,,False,6,so2,µg/m³,,raw,01:00:00,2017-10-06T04:00:00Z,2017-10-06T01:00:00-03:00,2017-10-06T05:00:00Z,2017-10-06T02:00:00-03:00,1,01:00:00,1,01:00:00,100.0,100.0,2017-10-06T04:00:00Z,2017-10-06T01:00:00-03:00,2017-10-06T05:00:00Z,2017-10-06T02:00:00-03:00
3.71,,,False,6,so2,µg/m³,,raw,01:00:00,2017-10-06T06:00:00Z,2017-10-06T03:00:00-03:00,2017-10-06T07:00:00Z,2017-10-06T04:00:00-03:00,1,01:00:00,1,01:00:00,100.0,100.0,2017-10-06T06:00:00Z,2017-10-06T03:00:00-03:00,2017-10-06T07:00:00Z,2017-10-06T04:00:00-03:00
3.85,,,False,6,so2,µg/m³,,raw,01:00:00,2017-10-06T07:00:00Z,2017-10-06T04:00:00-03:00,2017-10-06T08:00:00Z,2017-10-06T05:00:00-03:00,1,01:00:00,1,01:00:00,100.0,100.0,2017-10-06T07:00:00Z,2017-10-06T04:00:00-03:00,2017-10-06T08:00:00Z,2017-10-06T05:00:00-03:00
3.74,,,False,6,so2,µg/m³,,raw,01:00:00,2017-10-06T08:00:00Z,2017-10-06T05:00:00-03:00,2017-10-06T09:00:00Z,2017-10-06T06:00:00-03:00,1,01:00:00,1,01:00:00,100.0,100.0,2017-10-06T08:00:00Z,2017-10-06T05:00:00-03:00,2017-10-06T09:00:00Z,2017-10-06T06:00:00-03:00
3.71,,,False,6,so2,µg/m³,,raw,01:00:00,2017-10-06T10:00:00Z,2017-10-06T07:00:00-03:00,2017-10-06T11:00:00Z,2017-10-06T08:00:00-03:00,1,01:00:00,1,01:00:00,100.0,100.0,2017-10-06T10:00:00Z,2017-10-06T07:00:00-03:00,2017-10-06T11:00:00Z,2017-10-06T08:00:00-03:00
3.93,,,False,6,so2,µg/m³,,raw,01:00:00,2017-10-06T11:00:00Z,2017-10-06T08:00:00-03:00,2017-10-06T12:00:00Z,2017-10-06T09:00:00-03:00,1,01:00:00,1,01:00:00,100.0,100.0,2017-10-06T11:00:00Z,2017-10-06T08:00:00-03:00,2017-10-06T12:00:00Z,2017-10-06T09:00:00-03:00
21.2,,,False,6,so2,µg/m³,,raw,01:00:00,2017-10-06T12:00:00Z,2017-10-06T09:00:00-03:00,2017-10-06T13:00:00Z,2017-10-06T10:00:00-03:00,1,01:00:00,1,01:00:00,100.0,100.0,2017-10-06T12:00:00Z,2017-10-06T09:00:00-03:00,2017-10-06T13:00:00Z,2017-10-06T10:00:00-03:00
16.75,,,False,6,so2,µg/m³,,raw,01:00:00,2017-10-06T13:00:00Z,2017-10-06T10:00:00-03:00,2017-10-06T14:00:00Z,2017-10-06T11:00:00-03:00,1,01:00:00,1,01:00:00,100.0,100.0,2017-10-06T13:00:00Z,2017-10-06T10:00:00-03:00,2017-10-06T14:00:00Z,2017-10-06T11:00:00-03:00
9.87,,,False,6,so2,µg/m³,,raw,01:00:00,2017-10-06T14:00:00Z,2017-10-06T11:00:00-03:00,2017-10-06T15:00:00Z,2017-10-06T12:00:00-03:00,1,01:00:00,1,01:00:00,100.0,100.0,2017-10-06T14:00:00Z,2017-10-06T11:00:00-03:00,2017-10-06T15:00:00Z,2017-10-06T12:00:00-03:00
8.11,,,False,6,so2,µg/m³,,raw,01:00:00,2017-10-06T15:00:00Z,2017-10-06T12:00:00-03:00,2017-10-06T16:00:00Z,2017-10-06T13:00:00-03:00,1,01:00:00,1,01:00:00,100.0,100.0,2017-10-06T15:00:00Z,2017-10-06T12:00:00-03:00,2017-10-06T16:00:00Z,2017-10-06T13:00:00-03:00
7.8,,,False,6,so2,µg/m³,,raw,01:00:00,2017-10-06T16:00:00Z,2017-10-06T13:00:00-03:00,2017-10-06T17:00:00Z,2017-10-06T14:00:00-03:00,1,01:00:00,1,01:00:00,100.0,100.0,2017-10-06T16:00:00Z,2017-10-06T13:00:00-03:00,2017-10-06T17:00:00Z,2017-10-06T14:00:00-03:00
6.76,,,False,6,so2,µg/m³,,raw,01:00:00,2017-10-06T17:00:00Z,2017-10-06T14:00:00-03:00,2017-10-06T18:00:00Z,2017-10-06T15:00:00-03:00,1,01:00:00,1,01:00:00,100.0,100.0,2017-10-06T17:00:00Z,2017-10-06T14:00:00-03:00,2017-10-06T18:00:00Z,2017-10-06T15:00:00-03:00
6.32,,,False,6,so2,µg/m³,,raw,01:00:00,2017-10-06T18:00:00Z,2017-10-06T15:00:00-03:00,2017-10-06T19:00:00Z,2017-10-06T16:00:00-03:00,1,01:00:00,1,01:00:00,100.0,100.0,2017-10-06T18:00:00Z,2017-10-06T15:00:00-03:00,2017-10-06T19:00:00Z,2017-10-06T16:00:00-03:00
6.9,,,False,6,so2,µg/m³,,raw,01:00:00,2017-10-06T19:00:00Z,2017-10-06T16:00:00-03:00,2017-10-06T20:00:00Z,2017-10-06T17:00:00-03:00,1,01:00:00,1,01:00:00,100.0,100.0,2017-10-06T19:00:00Z,2017-10-06T16:00:00-03:00,2017-10-06T20:00:00Z,2017-10-06T17:00:00-03:00
6.73,,,False,6,so2,µg/m³,,raw,01:00:00,2017-10-06T20:00:00Z,2017-10-06T17:00:00-03:00,2017-10-06T21:00:00Z,2017-10-06T18:00:00-03:00,1,01:00:00,1,01:00:00,100.0,100.0,2017-10-06T20:00:00Z,2017-10-06T17:00:00-03:00,2017-10-06T21:00:00Z,2017-10-06T18:00:00-03:00
5.73,,,False,6,so2,µg/m³,,raw,01:00:00,2017-10-06T21:00:00Z,2017-10-06T18:00:00-03:00,2017-10-06T22:00:00Z,2017-10-06T19:00:00-03:00,1,01:00:00,1,01:00:00,100.0,100.0,2017-10-06T21:00:00Z,2017-10-06T18:00:00-03:00,2017-10-06T22:00:00Z,2017-10-06T19:00:00-03:00
4.71,,,False,6,so2,µg/m³,,raw,01:00:00,2017-10-06T22:00:00Z,2017-10-06T19:00:00-03:00,2017-10-06T23:00:00Z,2017-10-06T20:00:00-03:00,1,01:00:00,1,01:00:00,100.0,100.0,2017-10-06T22:00:00Z,2017-10-06T19:00:00-03:00,2017-10-06T23:00:00Z,2017-10-06T20:00:00-03:00
