value,coordinates,summary,flagInfo.hasFlags,parameter.id,parameter.name,parameter.units,parameter.displayName,period.label,period.interval,period.datetimeFrom.utc,period.datetimeFrom.local,period.datetimeTo.utc,period.datetimeTo.local,coverage.expectedCount,coverage.expectedInterval,coverage.observedCount,coverage.observedInterval,coverage.percentComplete,coverage.percentCoverage,coverage.datetimeFrom.utc,coverage.datetimeFrom.local,coverage.datetimeTo.utc,coverage.datetimeTo.local
8.90909090909091,,,False,2,pm25,µg/m³,,raw,01:00:00,2016-01-30T00:00:00Z,2016-01-30T01:00:00+01:00,2016-01-30T01:00:00Z,2016-01-30T02:00:00+01:00,1,01:00:00,1,24:00:00,100.0,2400.0,2016-01-29T01:00:00Z,2016-01-29T02:00:00+01:00,2016-01-30T01:00:00Z,2016-01-30T02:00:00+01:00
8.85714285714286,,,False,2,pm25,µg/m³,,raw,01:00:00,2016-01-30T01:00:00Z,2016-01-30T02:00:00+01:00,2016-01-30T02:00:00Z,2016-01-30T03:00:00+01:00,1,01:00:00,1,24:00:00,100.0,2400.0,2016-01-29T02:00:00Z,2016-01-29T03:00:00+01:00,2016-01-30T02:00:00Z,2016-01-30T03:00:00+01:00
8.66666666666667,,,False,2,pm25,µg/m³,,raw,01:00:00,2016-01-30T02:00:00Z,2016-01-30T03:00:00+01:00,2016-01-30T03:00:00Z,2016-01-30T04:00:00+01:00,1,01:00:00,1,24:00:00,100.0,2400.0,2016-01-29T03:00:00Z,2016-01-29T04:00:00+01:00,2016-01-30T03:00:00Z,2016-01-30T04:00:00+01:00
8.34782608695652,,,False,2,pm25,µg/m³,,raw,01:00:00,2016-01-30T03:00:00Z,2016-01-30T04:00:00+01:00,2016-01-30T04:00:00Z,2016-01-30T05:00:00+01:00,1,01:00:00,1,24:00:00,100.0,2400.0,2016-01-29T04:00:00Z,2016-01-29T05:00:00+01:00,2016-01-30T04:00:00Z,2016-01-30T05:00:00+01:00
8.08695652173913,,,False,2,pm25,µg/m³,,raw,01:00:00,2016-01-30T04:00:00Z,2016-01-30T05:00:00+01:00,2016-01-30T05:00:00Z,2016-01-30T06:00:00+01:00,1,01:00:00,1,24:00:00,100.0,2400.0,2016-01-29T05:00:00Z,2016-01-29T06:00:00+01:00,2016-01-30T05:00:00Z,2016-01-30T06:00:00+01:00
8.13636363636364,,,False,2,pm25,µg/m³,,raw,01:00:00,2016-01-30T05:00:00Z,2016-01-30T06:00:00+01:00,2016-01-30T06:00:00Z,2016-01-30T07:00:00+01:00,1,01:00:00,1,24:00:00,100.0,2400.0,2016-01-29T06:00:00Z,2016-01-29T07:00:00+01:00,2016-01-30T06:00:00Z,2016-01-30T07:00:00+01:00
7.73913043478261,,,False,2,pm25,µg/m³,,raw,01:00:00,2016-01-30T06:00:00Z,2016-01-30T07:00:00+01:00,2016-01-30T07:00:00Z,2016-01-30T08:00:00+01:00,1,01:00:00,1,24:00:00,100.0,2400.0,2016-01-29T07:00:00Z,2016-01-29T08:00:00+01:00,2016-01-30T07:00:00Z,2016-01-30T08:00:00+01:00
7.34782608695652,,,False,2,pm25,µg/m³,,raw,01:00:00,2016-01-30T07:00:00Z,2016-01-30T08:00:00+01:00,2016-01-30T08:00:00Z,2016-01-30T09:00:00+01:00,1,01:00:00,1,24:00:00,100.0,2400.0,2016-01-29T08:00:00Z,2016-01-29T09:00:00+01:00,2016-01-30T08:00:00Z,2016-01-30T09:00:00+01:00
6.82608695652174,,,False,2,pm25,µg/m³,,raw,01:00:00,2016-01-30T08:00:00Z,2016-01-30T09:00:00+01:00,2016-01-30T09:00:00Z,2016-01-30T10:00:00+01:00,1,01:00:00,1,24:00:00,100.0,2400.0,2016-01-29T09:00:00Z,2016-01-29T10:00:00+01:00,2016-01-30T09:00:00Z,2016-01-30T10:00:00+01:00
6.52173913043478,,,False,2,pm25,µg/m³,,raw,01:00:00,2016-01-30T09:00:00Z,2016-01-30T10:00:00+01:00,2016-01-30T10:00:00Z,2016-01-30T11:00:00+01:00,1,01:00:00,1,24:00:00,100.0,2400.0,2016-01-29T10:00:00Z,2016-01-29T11:00:00+01:00,2016-01-30T10:00:00Z,2016-01-30T11:00:00+01:00
6.21739130434783,,,False,2,pm25,µg/m³,,raw,01:00:00,2016-01-30T10:00:00Z,2016-01-30T11:00:00+01:00,2016-01-30T11:00:00Z,2016-01-30T12:00:00+01:00,1,01:00:00,1,24:00:00,100.0,2400.0,2016-01-29T11:00:00Z,2016-01-29T12:00:00+01:00,2016-01-30T11:00:00Z,2016-01-30T12:00:00+01:00
6.0,,,False,2,pm25,µg/m³,,raw,01:00:00,2016-01-30T11:00:00Z,2016-01-30T12:00:00+01:00,2016-01-30T12:00:00Z,2016-01-30T13:00:00+01:00,1,01:00:00,1,24:00:00,100.0,2400.0,2016-01-29T12:00:00Z,2016-01-29T13:00:00+01:00,2016-01-30T12:00:00Z,2016-01-30T13:00:00+01:00
6.0,,,False,2,pm25,µg/m³,,raw,01:00:00,2016-01-30T12:00:00Z,2016-01-30T13:00:00+01:00,2016-01-30T13:00:00Z,2016-01-30T14:00:00+01:00,1,01:00:00,1,24:00:00,100.0,2400.0,2016-01-29T13:00:00Z,2016-01-29T14:00:00+01:00,2016-01-30T13:00:00Z,2016-01-30T14:00:00+01:00
5.95238095238095,,,False,2,pm25,µg/m³,,raw,01:00:00,2016-01-30T13:00:00Z,2016-01-30T14:00:00+01:00,2016-01-30T14:00:00Z,2016-01-30T15:00:00+01:00,1,01:00:00,1,24:00:00,100.0,2400.0,2016-01-29T14:00:00Z,2016-01-29T15:00:00+01:00,2016-01-30T14:00:00Z,2016-01-30T15:00:00+01:00
5.69565217391304,,,False,2,pm25,µg/m³,,raw,01:00:00,2016-01-30T14:00:00Z,2016-01-30T15:00:00+01:00,2016-01-30T15:00:00Z,2016-01-30T16:00:00+01:00,1,01:00:00,1,24:00:00,100.0,2400.0,2016-01-29T15:00:00Z,2016-01-29T16:00:00+01:00,2016-01-30T15:00:00Z,2016-01-30T16:00:00+01:00
5.30434782608696,,,False,2,pm25,µg/m³,,raw,01:00:00,2016-01-30T15:00:00Z,2016-01-30T16:00:00+01:00,2016-01-30T16:00:00Z,2016-01-30T17:00:00+01:00,1,01:00:00,1,24:00:00,100.0,2400.0,2016-01-29T16:00:00Z,2016-01-29T17:00:00+01:00,2016-01-30T16:00:00Z,2016-01-30T17:00:00+01:00
5.17391304347826,,,False,2,pm25,µg/m³,,raw,01:00:00,2016-01-30T16:00:00Z,2016-01-30T17:00:00+01:00,2016-01-30T17:00:00Z,2016-01-30T18:00:00+01:00,1,01:00:00,1,24:00:00,100.0,2400.0,2016-01-29T17:00:00Z,2016-01-29T18:00:00+01:00,2016-01-30T17:00:00Z,2016-01-30T18:00:00+01:00
5.21739130434783,,,False,2,pm25,µg/m³,,raw,01:00:00,2016-01-30T17:00:00Z,2016-01-30T18:00:00+01:00,2016-01-30T18:00:00Z,2016-01-30T19:00:00+01:00,1,01:00:00,1,24:00:00,100.0,2400.0,2016-01-29T18:00:00Z,2016-01-29T19:00:00+01:00,2016-01-30T18:00:00Z,2016-01-30T19:00:00+01:00
5.17391304347826,,,False,2,pm25,µg/m³,,raw,01:00:00,2016-01-30T18:00:00Z,2016-01-30T19:00:00+01:00,2016-01-30T19:00:00Z,2016-01-30T20:00:00+01:00,1,01:00:00,1,24:00:00,100.0,2400.0,2016-01-29T19:00:00Z,2016-01-29T20:00:00+01:00,2016-01-30T19:00:00Z,2016-01-30T20:00:00+01:00
5.0,,,False,2,pm25,µg/m³,,raw,01:00:00,2016-01-30T19:00:00Z,2016-01-30T20:00:00+01:00,2016-01-30T20:00:00Z,2016-01-30T21:00:00+01:00,1,01:00:00,1,24:00:00,100.0,2400.0,2016-01-29T20:00:00Z,2016-01-29T21:00:00+01:00,2016-01-30T20:00:00Z,2016-01-30T21:00:00+01:00
5.34782608695652,,,False,2,pm25,µg/m³,,raw,01:00:00,2016-01-30T20:00:00Z,2016-01-30T21:00:00+01:00,2016-01-30T21:00:00Z,2016-01-30T22:00:00+01:00,1,01:00:00,1,24:00:00,100.0,2400.0,2016-01-29T21:00:00Z,2016-01-29T22:00:00+01:00,2016-01-30T21:00:00Z,2016-01-30T22:00:00+01:00
5.52173913043478,,,False,2,pm25,µg/m³,,raw,01:00:00,2016-01-30T21:00:00Z,2016-01-30T22:00:00+01:00,2016-01-30T22:00:00Z,2016-01-30T23:00:00+01:00,1,01:00:00,1,24:00:00,100.0,2400.0,2016-01-29T22:00:00Z,2016-01-29T23:00:00+01:00,2016-01-30T22:00:00Z,2016-01-30T23:00:00+01:00
5.69565217391304,,,False,2,pm25,µg/m³,,raw,01:00:00,2016-01-30T22:00:00Z,2016-01-30T23:00:00+01:00,2016-01-30T23:00:00Z,2016-01-31T00:00:00+01:00,1,01:00:00,1,24:00:00,100.0,2400.0,2016-01-29T23:00:00Z,2016-01-30T00:00:00+01:00,2016-01-30T23:00:00Z,2016-01-31T00:00:00+01:00
5.78260869565217,,,False,2,pm25,µg/m³,,raw,01:00:00,2016-01-30T23:00:00Z,2016-01-31T00:00:00+01:00,2016-01-31T00:00:00Z,2016-01-31T01:00:00+01:00,1,01:00:00,1,24:00:00,100.0,2400.0,2016-01-30T00:00:00Z,2016-01-30T01:00:00+01:00,2016-01-31T00:00:00Z,2016-01-31T01:00:00+01:00
5.77272727272727,,,False,2,pm25,µg/m³,,raw,01:00:00,2016-01-31T00:00:00Z,2016-01-31T01:00:00+01:00,2016-01-31T01:00:00Z,2016-01-31T02:00:00+01:00,1,01:00:00,1,24:00:00,100.0,2400.0,2016-01-30T01:00:00Z,2016-01-30T02:00:00+01:00,2016-01-31T01:00:00Z,2016-01-31T02:00:00+01:00
5.71428571428571,,,False,2,pm25,µg/m³,,raw,01:00:00,2016-01-31T01:00:00Z,2016-01-31T02:00:00+01:00,2016-01-31T02:00:00Z,2016-01-31T03:00:00+01:00,1,01:00:00,1,24:00:00,100.0,2400.0,2016-01-30T02:00:00Z,2016-01-30T03:00:00+01:00,2016-01-31T02:00:00Z,2016-01-31T03:00:00+01:00
5.75,,,False,2,pm25,µg/m³,,raw,01:00:00,2016-01-31T02:00:00Z,2016-01-31T03:00:00+01:00,2016-01-31T03:00:00Z,2016-01-31T04:00:00+01:00,1,01:00:00,1,24:00:00,100.0,2400.0,2016-01-30T03:00:00Z,2016-01-30T04:00:00+01:00,2016-01-31T03:00:00Z,2016-01-31T04:00:00+01:00
6.04347826086957,,,False,2,pm25,µg/m³,,raw,01:00:00,2016-01-31T03:00:00Z,2016-01-31T04:00:00+01:00,2016-01-31T04:00:00Z,2016-01-31T05:00:00+01:00,1,01:00:00,1,24:00:00,100.0,2400.0,2016-01-30T04:00:00Z,2016-01-30T05:00:00+01:00,2016-01-31T04:00:00Z,2016-01-31T05:00:00+01:00
6.22727272727273,,,False,2,pm25,µg/m³,,raw,01:00:00,2016-01-31T04:00:00Z,2016-01-31T05:00:00+01:00,2016-01-31T05:00:00Z,2016-01-31T06:00:00+01:00,1,01:00:00,1,24:00:00,100.0,2400.0,2016-01-30T05:00:00Z,2016-01-30T06:00:00+01:00,2016-01-31T05:00:00Z,2016-01-31T06:00:00+01:00
6.40909090909091,,,False,2,pm25,µg/m³,,raw,01:00:00,2016-01-31T05:00:00Z,2016-01-31T06:00:00+01:00,2016-01-31T06:00:00Z,2016-01-31T07:00:00+01:00,1,01:00:00,1,24:00:00,100.0,2400.0,2016-01-30T06:00:00Z,2016-01-30T07:00:00+01:00,2016-01-31T06:00:00Z,2016-01-31T07:00:00+01:00
6.57142857142857,,,False,2,pm25,µg/m³,,raw,01:00:00,2016-01-31T06:00:00Z,2016-01-31T07:00:00+01:00,2016-01-31T07:00:00Z,2016-01-31T08:00:00+01:00,1,01:00:00,1,24:00:00,100.0,2400.0,2016-01-30T07:00:00Z,2016-01-30T08:00:00+01:00,2016-01-31T07:00:00Z,2016-01-31T08:00:00+01:00
6.69565217391304,,,False,2,pm25,µg/m³,,raw,01:00:00,2016-01-31T07:00:00Z,2016-01-31T08:00:00+01:00,2016-01-31T08:00:00Z,2016-01-31T09:00:00+01:00,1,01:00:00,1,24:00:00,100.0,2400.0,2016-01-30T08:00:00Z,2016-01-30T09:00:00+01:00,2016-01-31T08:00:00Z,2016-01-31T09:00:00+01:00
6.69565217391304,,,False,2,pm25,µg/m³,,raw,01:00:00,2016-01-31T08:00:00Z,2016-01-31T09:00:00+01:00,2016-01-31T09:00:00Z,2016-01-31T10:00:00+01:00,1,01:00:00,1,24:00:00,100.0,2400.0,2016-01-30T09:00:00Z,2016-01-30T10:00:00+01:00,2016-01-31T09:00:00Z,2016-01-31T10:00:00+01:00
6.65217391304348,,,False,2,pm25,µg/m³,,raw,01:00:00,2016-01-31T09:00:00Z,2016-01-31T10:00:00+01:00,2016-01-31T10:00:00Z,2016-01-31T11:00:00+01:00,1,01:00:00,1,24:00:00,100.0,2400.0,2016-01-30T10:00:00Z,2016-01-30T11:00:00+01:00,2016-01-31T10:00:00Z,2016-01-31T11:00:00+01:00
6.91304347826087,,,False,2,pm25,µg/m³,,raw,01:00:00,2016-01-31T10:00:00Z,2016-01-31T11:00:00+01:00,2016-01-31T11:00:00Z,2016-01-31T12:00:00+01:00,1,01:00:00,1,24:00:00,100.0,2400.0,2016-01-30T11:00:00Z,2016-01-30T12:00:00+01:00,2016-01-31T11:00:00Z,2016-01-31T12:00:00+01:00
7.04347826086957,,,False,2,pm25,µg/m³,,raw,01:00:00,2016-01-31T11:00:00Z,2016-01-31T12:00:00+01:00,2016-01-31T12:00:00Z,2016-01-31T13:00:00+01:00,1,01:00:00,1,24:00:00,100.0,2400.0,2016-01-30T12:00:00Z,2016-01-30T13:00:00+01:00,2016-01-31T12:00:00Z,2016-01-31T13:00:00+01:00
7.04347826086957,,,False,2,pm25,µg/m³,,raw,01:00:00,2016-01-31T12:00:00Z,2016-01-31T13:00:00+01:00,2016-01-31T13:00:00Z,2016-01-31T14:00:00+01:00,1,01:00:00,1,24:00:00,100.0,2400.0,2016-01-30T13:00:00Z,2016-01-30T14:00:00+01:00,2016-01-31T13:00:00Z,2016-01-31T14:00:00+01:00
7.22727272727273,,,False,2,pm25,µg/m³,,raw,01:00:00,2016-01-31T13:00:00Z,2016-01-31T14:00:00+01:00,2016-01-31T14:00:00Z,2016-01-31T15:00:00+01:00,1,01:00:00,1,24:00:00,100.0,2400.0,2016-01-30T14:00:00Z,2016-01-30T15:00:00+01:00,2016-01-31T14:00:00Z,2016-01-31T15:00:00+01:00
7.52173913043478,,,False,2,pm25,µg/m³,,raw,01:00:00,2016-01-31T14:00:00Z,2016-01-31T15:00:00+01:00,2016-01-31T15:00:00Z,2016-01-31T16:00:00+01:00,1,01:00:00,1,24:00:00,100.0,2400.0,2016-01-30T15:00:00Z,2016-01-30T16:00:00+01:00,2016-01-31T15:00:00Z,2016-01-31T16:00:00+01:00
7.56521739130435,,,False,2,pm25,µg/m³,,raw,01:00:00,2016-01-31T15:00:00Z,2016-01-31T16:00:00+01:00,2016-01-31T16:00:00Z,2016-01-31T17:00:00+01:00,1,01:00:00,1,24:00:00,100.0,2400.0,2016-01-30T16:00:00Z,2016-01-30T17:00:00+01:00,2016-01-31T16:00:00Z,2016-01-31T17:00:00+01:00
7.60869565217391,,,False,2,pm25,µg/m³,,raw,01:00:00,2016-01-31T16:00:00Z,2016-01-31T17:00:00+01:00,2016-01-31T17:00:00Z,2016-01-31T18:00:00+01:00,1,01:00:00,1,24:00:00,100.0,2400.0,2016-01-30T17:00:00Z,2016-01-30T18:00:00+01:00,2016-01-31T17:00:00Z,2016-01-31T18:00:00+01:00
7.60869565217391,,,False,2,pm25,µg/m³,,raw,01:00:00,2016-01-31T17:00:00Z,2016-01-31T18:00:00+01:00,2016-01-31T18:00:00Z,2016-01-31T19:00:00+01:00,1,01:00:00,1,24:00:00,100.0,2400.0,2016-01-30T18:00:00Z,2016-01-30T19:00:00+01:00,2016-01-31T18:00:00Z,2016-01-31T19:00:00+01:00
7.56521739130435,,,False,2,pm25,µg/m³,,raw,01:00:00,2016-01-31T18:00:00Z,2016-01-31T19:00:00+01:00,2016-01-31T19:00:00Z,2016-01-31T20:00:00+01:00,1,01:00:00,1,24:00:00,100.0,2400.0,2016-01-30T19:00:00Z,2016-01-30T20:00:00+01:00,2016-01-31T19:00:00Z,2016-01-31T20:00:00+01:00
7.04347826086957,,,False,2,pm25,µg/m³,,raw,01:00:00,2016-01-31T19:00:00Z,2016-01-31T20:00:00+01:00,2016-01-31T20:00:00Z,2016-01-31T21:00:00+01:00,1,01:00:00,1,24:00:00,100.0,2400.0,2016-01-30T20:00:00Z,2016-01-30T21:00:00+01:00,2016-01-31T20:00:00Z,2016-01-31T21:00:00+01:00
6.65217391304348,,,False,2,pm25,µg/m³,,raw,01:00:00,2016-01-31T20:00:00Z,2016-01-31T21:00:00+01:00,2016-01-31T21:00:00Z,2016-01-31T22:00:00+01:00,1,01:00:00,1,24:00:00,100.0,2400.0,2016-01-30T21:00:00Z,2016-01-30T22:00:00+01:00,2016-01-31T21:00:00Z,2016-01-31T22:00:00+01:00
6.34782608695652,,,False,2,pm25,µg/m³,,raw,01:00:00,2016-01-31T21:00:00Z,2016-01-31T22:00:00+01:00,2016-01-31T22:00:00Z,2016-01-31T23:00:00+01:00,1,01:00:00,1,24:00:00,100.0,2400.0,2016-01-30T22:00:00Z,2016-01-30T23:00:00+01:00,2016-01-31T22:00:00Z,2016-01-31T23:00:00+01:00
6.34782608695652,,,False,2,pm25,µg/m³,,raw,01:00:00,2016-01-31T22:00:00Z,2016-01-31T23:00:00+01:00,2016-01-31T23:00:00Z,2016-02-01T00:00:00+01:00,1,01:00:00,1,24:00:00,100.0,2400.0,2016-01-30T23:00:00Z,2016-01-31T00:00:00+01:00,2016-01-31T23:00:00Z,2016-02-01T00:00:00+01:00
6.39130434782609,,,False,2,pm25,µg/m³,,raw,01:00:00,2016-01-31T23:00:00Z,2016-02-01T00:00:00+01:00,2016-02-01T00:00:00Z,2016-02-01T01:00:00+01:00,1,01:00:00,1,24:00:00,100.0,2400.0,2016-01-31T00:00:00Z,2016-01-31T01:00:00+01:00,2016-02-01T00:00:00Z,2016-02-01T01:00:00+01:00
6.36363636363636,,,False,2,pm25,µg/m³,,raw,01:00:00,2016-02-01T00:00:00Z,2016-02-01T01:00:00+01:00,2016-02-01T01:00:00Z,2016-02-01T02:00:00+01:00,1,01:00:00,1,24:00:00,100.0,2400.0,2016-01-31T01:00:00Z,2016-01-31T02:00:00+01:00,2016-02-01T01:00:00Z,2016-02-01T02:00:00+01:00
6.28571428571429,,,False,2,pm25,µg/m³,,raw,01:00:00,2016-02-01T01:00:00Z,2016-02-01T02:00:00+01:00,2016-02-01T02:00:00Z,2016-02-01T03:00:00+01:00,1,01:00:00,1,24:00:00,100.0,2400.0,2016-01-31T02:00:00Z,2016-01-31T03:00:00+01:00,2016-02-01T02:00:00Z,2016-02-01T03:00:00+01:00
6.28571428571429,,,False,2,pm25,µg/m³,,raw,01:00:00,2016-02-01T02:00:00Z,2016-02-01T03:00:00+01:00,2016-02-01T03:00:00Z,2016-02-01T04:00:00+01:00,1,01:00:00,1,24:00:00,100.0,2400.0,2016-01-31T03:00:00Z,2016-01-31T04:00:00+01:00,2016-02-01T03:00:00Z,2016-02-01T04:00:00+01:00
6.08695652173913,,,False,2,pm25,µg/m³,,raw,01:00:00,2016-02-01T03:00:00Z,2016-02-01T04:00:00+01:00,2016-02-01T04:00:00Z,2016-02-01T05:00:00+01:00,1,01:00:00,1,24:00:00,100.0,2400.0,2016-01-31T04:00:00Z,2016-01-31T05:00:00+01:00,2016-02-01T04:00:00Z,2016-02-01T05:00:00+01:00
5.95652173913043,,,False,2,pm25,µg/m³,,raw,01:00:00,2016-02-01T04:00:00Z,2016-02-01T05:00:00+01:00,2016-02-01T05:00:00Z,2016-02-01T06:00:00+01:00,1,01:00:00,1,24:00:00,100.0,2400.0,2016-01-31T05:00:00Z,2016-01-31T06:00:00+01:00,2016-02-01T05:00:00Z,2016-02-01T06:00:00+01:00
6.0,,,False,2,pm25,µg/m³,,raw,01:00:00,2016-02-01T05:00:00Z,2016-02-01T06:00:00+01:00,2016-02-01T06:00:00Z,2016-02-01T07:00:00+01:00,1,01:00:00,1,24:00:00,100.0,2400.0,2016-01-31T06:00:00Z,2016-01-31T07:00:00+01:00,2016-02-01T06:00:00Z,2016-02-01T07:00:00+01:00
5.8695652173913,,,False,2,pm25,µg/m³,,raw,01:00:00,2016-02-01T06:00:00Z,2016-02-01T07:00:00+01:00,2016-02-01T07:00:00Z,2016-02-01T08:00:00+01:00,1,01:00:00,1,24:00:00,100.0,2400.0,2016-01-31T07:00:00Z,2016-01-31T08:00:00+01:00,2016-02-01T07:00:00Z,2016-02-01T08:00:00+01:00
5.69565217391304,,,False,2,pm25,µg/m³,,raw,01:00:00,2016-02-01T07:00:00Z,2016-02-01T08:00:00+01:00,2016-02-01T08:00:00Z,2016-02-01T09:00:00+01:00,1,01:00:00,1,24:00:00,100.0,2400.0,2016-01-31T08:00:00Z,2016-01-31T09:00:00+01:00,2016-02-01T08:00:00Z,2016-02-01T09:00:00+01:00
5.72727272727273,,,False,2,pm25,µg/m³,,raw,01:00:00,2016-02-01T08:00:00Z,2016-02-01T09:00:00+01:00,2016-02-01T09:00:00Z,2016-02-01T10:00:00+01:00,1,01:00:00,1,24:00:00,100.0,2400.0,2016-01-31T09:00:00Z,2016-01-31T10:00:00+01:00,2016-02-01T09:00:00Z,2016-02-01T10:00:00+01:00
5.69565217391304,,,False,2,pm25,µg/m³,,raw,01:00:00,2016-02-01T09:00:00Z,2016-02-01T10:00:00+01:00,2016-02-01T10:00:00Z,2016-02-01T11:00:00+01:00,1,01:00:00,1,24:00:00,100.0,2400.0,2016-01-31T10:00:00Z,2016-01-31T11:00:00+01:00,2016-02-01T10:00:00Z,2016-02-01T11:00:00+01:00
5.54545454545455,,,False,2,pm25,µg/m³,,raw,01:00:00,2016-02-01T10:00:00Z,2016-02-01T11:00:00+01:00,2016-02-01T11:00:00Z,2016-02-01T12:00:00+01:00,1,01:00:00,1,24:00:00,100.0,2400.0,2016-01-31T11:00:00Z,2016-01-31T12:00:00+01:00,2016-02-01T11:00:00Z,2016-02-01T12:00:00+01:00
5.52380952380952,,,False,2,pm25,µg/m³,,raw,01:00:00,2016-02-01T11:00:00Z,2016-02-01T12:00:00+01:00,2016-02-01T12:00:00Z,2016-02-01T13:00:00+01:00,1,01:00:00,1,24:00:00,100.0,2400.0,2016-01-31T12:00:00Z,2016-01-31T13:00:00+01:00,2016-02-01T12:00:00Z,2016-02-01T13:00:00+01:00
5.65217391304348,,,False,2,pm25,µg/m³,,raw,01:00:00,2016-02-01T12:00:00Z,2016-02-01T13:00:00+01:00,2016-02-01T13:00:00Z,2016-02-01T14:00:00+01:00,1,01:00:00,1,24:00:00,100.0,2400.0,2016-01-31T13:00:00Z,2016-01-31T14:00:00+01:00,2016-02-01T13:00:00Z,2016-02-01T14:00:00+01:00
5.91304347826087,,,False,2,pm25,µg/m³,,raw,01:00:00,2016-02-01T13:00:00Z,2016-02-01T14:00:00+01:00,2016-02-01T14:00:00Z,2016-02-01T15:00:00+01:00,1,01:00:00,1,24:00:00,100.0,2400.0,2016-01-31T14:00:00Z,2016-01-31T15:00:00+01:00,2016-02-01T14:00:00Z,2016-02-01T15:00:00+01:00
6.0,,,False,2,pm25,µg/m³,,raw,01:00:00,2016-02-01T14:00:00Z,2016-02-01T15:00:00+01:00,2016-02-01T15:00:00Z,2016-02-01T16:00:00+01:00,1,01:00:00,1,24:00:00,100.0,2400.0,2016-01-31T15:00:00Z,2016-01-31T16:00:00+01:00,2016-02-01T15:00:00Z,2016-02-01T16:00:00+01:00
6.0,,,False,2,pm25,µg/m³,,raw,01:00:00,2016-02-01T15:00:00Z,2016-02-01T16:00:00+01:00,2016-02-01T16:00:00Z,2016-02-01T17:00:00+01:00,1,01:00:00,1,24:00:00,100.0,2400.0,2016-01-31T16:00:00Z,2016-01-31T17:00:00+01:00,2016-02-01T16:00:00Z,2016-02-01T17:00:00+01:00
6.08695652173913,,,False,2,pm25,µg/m³,,raw,01:00:00,2016-02-01T16:00:00Z,2016-02-01T17:00:00+01:00,2016-02-01T17:00:00Z,2016-02-01T18:00:00+01:00,1,01:00:00,1,24:00:00,100.0,2400.0,2016-01-31T17:00:00Z,2016-01-31T18:00:00+01:00,2016-02-01T17:00:00Z,2016-02-01T18:00:00+01:00
6.26086956521739,,,False,2,pm25,µg/m³,,raw,01:00:00,2016-02-01T17:00:00Z,2016-02-01T18:00:00+01:00,2016-02-01T18:00:00Z,2016-02-01T19:00:00+01:00,1,01:00:00,1,24:00:00,100.0,2400.0,2016-01-31T18:00:00Z,2016-01-31T19:00:00+01:00,2016-02-01T18:00:00Z,2016-02-01T19:00:00+01:00
6.52173913043478,,,False,2,pm25,µg/m³,,raw,01:00:00,2016-02-01T18:00:00Z,2016-02-01T19:00:00+01:00,2016-02-01T19:00:00Z,2016-02-01T20:00:00+01:00,1,01:00:00,1,24:00:00,100.0,2400.0,2016-01-31T19:00:00Z,2016-01-31T20:00:00+01:00,2016-02-01T19:00:00Z,2016-02-01T20:00:00+01:00
6.69565217391304,,,False,2,pm25,µg/m³,,raw,01:00:00,2016-02-01T19:00:00Z,2016-02-01T20:00:00+01:00,2016-02-01T20:00:00Z,2016-02-01T21:00:00+01:00,1,01:00:00,1,24:00:00,100.0,2400.0,2016-01-31T20:00:00Z,2016-01-31T21:00:00+01:00,2016-02-01T20:00:00Z,2016-02-01T21:00:00+01:00
6.82608695652174,,,False,2,pm25,µg/m³,,raw,01:00:00,2016-02-01T20:00:00Z,2016-02-01T21:00:00+01:00,2016-02-01T21:00:00Z,2016-02-01T22:00:00+01:00,1,01:00:00,1,24:00:00,100.0,2400.0,2016-01-31T21:00:00Z,2016-01-31T22:00:00+01:00,2016-02-01T21:00:00Z,2016-02-01T22:00:00+01:00
6.60869565217391,,,False,2,pm25,µg/m³,,raw,01:00:00,2016-02-01T21:00:00Z,2016-02-01T22:00:00+01:00,2016-02-01T22:00:00Z,2016-02-01T23:00:00+01:00,1,01:00:00,1,24:00:00,100.0,2400.0,2016-01-31T22:00:00Z,2016-01-31T23:00:00+01:00,2016-02-01T22:00:00Z,2016-02-01T23:00:00+01:00
6.52173913043478,,,False,2,pm25,µg/m³,,raw,01:00:00,2016-02-01T22:00:00Z,2016-02-01T23:00:00+01:00,2016-02-01T23:00:00Z,2016-02-02T00:00:00+01:00,1,01:00:00,1,24:00:00,100.0,2400.0,2016-01-31T23:00:00Z,2016-02-01T00:00:00+01:00,2016-02-01T23:00:00Z,2016-02-02T00:00:00+01:00
6.47826086956522,,,False,2,pm25,µg/m³,,raw,01:00:00,2016-02-01T23:00:00Z,2016-02-02T00:00:00+01:00,2016-02-02T00:00:00Z,2016-02-02T01:00:00+01:00,1,01:00:00,1,24:00:00,100.0,2400.0,2016-02-01T00:00:00Z,2016-02-01T01:00:00+01:00,2016-02-02T00:00:00Z,2016-02-02T01:00:00+01:00
6.5,,,False,2,pm25,µg/m³,,raw,01:00:00,2016-02-02T00:00:00Z,2016-02-02T01:00:00+01:00,2016-02-02T01:00:00Z,2016-02-02T02:00:00+01:00,1,01:00:00,1,24:00:00,100.0,2400.0,2016-02-01T01:00:00Z,2016-02-01T02:00:00+01:00,2016-02-02T01:00:00Z,2016-02-02T02:00:00+01:00
6.61904761904762,,,False,2,pm25,µg/m³,,raw,01:00:00,2016-02-02T01:00:00Z,2016-02-02T02:00:00+01:00,2016-02-02T02:00:00Z,2016-02-02T03:00:00+01:00,1,01:00:00,1,24:00:00,100.0,2400.0,2016-02-01T02:00:00Z,2016-02-01T03:00:00+01:00,2016-02-02T02:00:00Z,2016-02-02T03:00:00+01:00
6.75,,,False,2,pm25,µg/m³,,raw,01:00:00,2016-02-02T02:00:00Z,2016-02-02T03:00:00+01:00,2016-02-02T03:00:00Z,2016-02-02T04:00:00+01:00,1,01:00:00,1,24:00:00,100.0,2400.0,2016-02-01T03:00:00Z,2016-02-01T04:00:00+01:00,2016-02-02T03:00:00Z,2016-02-02T04:00:00+01:00
6.34782608695652,,,False,2,pm25,µg/m³,,raw,01:00:00,2016-02-02T03:00:00Z,2016-02-02T04:00:00+01:00,2016-02-02T04:00:00Z,2016-02-02T05:00:00+01:00,1,01:00:00,1,24:00:00,100.0,2400.0,2016-02-01T04:00:00Z,2016-02-01T05:00:00+01:00,2016-02-02T04:00:00Z,2016-02-02T05:00:00+01:00
6.40909090909091,,,False,2,pm25,µg/m³,,raw,01:00:00,2016-02-02T04:00:00Z,2016-02-02T05:00:00+01:00,2016-02-02T05:00:00Z,2016-02-02T06:00:00+01:00,1,01:00:00,1,24:00:00,100.0,2400.0,2016-02-01T05:00:00Z,2016-02-01T06:00:00+01:00,2016-02-02T05:00:00Z,2016-02-02T06:00:00+01:00
6.21739130434783,,,False,2,pm25,µg/m³,,raw,01:00:00,2016-02-02T05:00:00Z,2016-02-02T06:00:00+01:00,2016-02-02T06:00:00Z,2016-02-02T07:00:00+01:00,1,01:00:00,1,24:00:00,100.0,2400.0,2016-02-01T06:00:00Z,2016-02-01T07:00:00+01:00,2016-02-02T06:00:00Z,2016-02-02T07:00:00+01:00
6.36363636363636,,,False,2,pm25,µg/m³,,raw,01:00:00,2016-02-02T06:00:00Z,2016-02-02T07:00:00+01:00,2016-02-02T07:00:00Z,2016-02-02T08:00:00+01:00,1,01:00:00,1,24:00:00,100.0,2400.0,2016-02-01T07:00:00Z,2016-02-01T08:00:00+01:00,2016-02-02T07:00:00Z,2016-02-02T08:00:00+01:00
6.21739130434783,,,False,2,pm25,µg/m³,,raw,01:00:00,2016-02-02T07:00:00Z,2016-02-02T08:00:00+01:00,2016-02-02T08:00:00Z,2016-02-02T09:00:00+01:00,1,01:00:00,1,24:00:00,100.0,2400.0,2016-02-01T08:00:00Z,2016-02-01T09:00:00+01:00,2016-02-02T08:00:00Z,2016-02-02T09:00:00+01:00
6.34782608695652,,,False,2,pm25,µg/m³,,raw,01:00:00,2016-02-02T08:00:00Z,2016-02-02T09:00:00+01:00,2016-02-02T09:00:00Z,2016-02-02T10:00:00+01:00,1,01:00:00,1,24:00:00,100.0,2400.0,2016-02-01T09:00:00Z,2016-02-01T10:00:00+01:00,2016-02-02T09:00:00Z,2016-02-02T10:00:00+01:00
6.47826086956522,,,False,2,pm25,µg/m³,,raw,01:00:00,2016-02-02T09:00:00Z,2016-02-02T10:00:00+01:00,2016-02-02T10:00:00Z,2016-02-02T11:00:00+01:00,1,01:00:00,1,24:00:00,100.0,2400.0,2016-02-01T10:00:00Z,2016-02-01T11:00:00+01:00,2016-02-02T10:00:00Z,2016-02-02T11:00:00+01:00
6.21739130434783,,,False,2,pm25,µg/m³,,raw,01:00:00,2016-02-02T10:00:00Z,2016-02-02T11:00:00+01:00,2016-02-02T11:00:00Z,2016-02-02T12:00:00+01:00,1,01:00:00,1,24:00:00,100.0,2400.0,2016-02-01T11:00:00Z,2016-02-01T12:00:00+01:00,2016-02-02T11:00:00Z,2016-02-02T12:00:00+01:00
6.0,,,False,2,pm25,µg/m³,,raw,01:00:00,2016-02-02T11:00:00Z,2016-02-02T12:00:00+01:00,2016-02-02T12:00:00Z,2016-02-02T13:00:00+01:00,1,01:00:00,1,24:00:00,100.0,2400.0,2016-02-01T12:00:00Z,2016-02-01T13:00:00+01:00,2016-02-02T12:00:00Z,2016-02-02T13:00:00+01:00
5.78260869565217,,,False,2,pm25,µg/m³,,raw,01:00:00,2016-02-02T12:00:00Z,2016-02-02T13:00:00+01:00,2016-02-02T13:00:00Z,2016-02-02T14:00:00+01:00,1,01:00:00,1,24:00:00,100.0,2400.0,2016-02-01T13:00:00Z,2016-02-01T14:00:00+01:00,2016-02-02T13:00:00Z,2016-02-02T14:00:00+01:00
5.78260869565217,,,False,2,pm25,µg/m³,,raw,01:00:00,2016-02-02T13:00:00Z,2016-02-02T14:00:00+01:00,2016-02-02T14:00:00Z,2016-02-02T15:00:00+01:00,1,01:00:00,1,24:00:00,100.0,2400.0,2016-02-01T14:00:00Z,2016-02-01T15:00:00+01:00,2016-02-02T14:00:00Z,2016-02-02T15:00:00+01:00
5.78260869565217,,,False,2,pm25,µg/m³,,raw,01:00:00,2016-02-02T14:00:00Z,2016-02-02T15:00:00+01:00,2016-02-02T15:00:00Z,2016-02-02T16:00:00+01:00,1,01:00:00,1,24:00:00,100.0,2400.0,2016-02-01T15:00:00Z,2016-02-01T16:00:00+01:00,2016-02-02T15:00:00Z,2016-02-02T16:00:00+01:00
6.1304347826087,,,False,2,pm25,µg/m³,,raw,01:00:00,2016-02-02T15:00:00Z,2016-02-02T16:00:00+01:00,2016-02-02T16:00:00Z,2016-02-02T17:00:00+01:00,1,01:00:00,1,24:00:00,100.0,2400.0,2016-02-01T16:00:00Z,2016-02-01T17:00:00+01:00,2016-02-02T16:00:00Z,2016-02-02T17:00:00+01:00
6.65217391304348,,,False,2,pm25,µg/m³,,raw,01:00:00,2016-02-02T16:00:00Z,2016-02-02T17:00:00+01:00,2016-02-02T17:00:00Z,2016-02-02T18:00:00+01:00,1,01:00:00,1,24:00:00,100.0,2400.0,2016-02-01T17:00:00Z,2016-02-01T18:00:00+01:00,2016-02-02T17:00:00Z,2016-02-02T18:00:00+01:00
6.91304347826087,,,False,2,pm25,µg/m³,,raw,01:00:00,2016-02-02T17:00:00Z,2016-02-02T18:00:00+01:00,2016-02-02T18:00:00Z,2016-02-02T19:00:00+01:00,1,01:00:00,1,24:00:00,100.0,2400.0,2016-02-01T18:00:00Z,2016-02-01T19:00:00+01:00,2016-02-02T18:00:00Z,2016-02-02T19:00:00+01:00
7.0,,,False,2,pm25,µg/m³,,raw,01:00:00,2016-02-02T18:00:00Z,2016-02-02T19:00:00+01:00,2016-02-02T19:00:00Z,2016-02-02T20:00:00+01:00,1,01:00:00,1,24:00:00,100.0,2400.0,2016-02-01T19:00:00Z,2016-02-01T20:00:00+01:00,2016-02-02T19:00:00Z,2016-02-02T20:00:00+01:00
7.0,,,False,2,pm25,µg/m³,,raw,01:00:00,2016-02-02T19:00:00Z,2016-02-02T20:00:00+01:00,2016-02-02T20:00:00Z,2016-02-02T21:00:00+01:00,1,01:00:00,1,24:00:00,100.0,2400.0,2016-02-01T20:00:00Z,2016-02-01T21:00:00+01:00,2016-02-02T20:00:00Z,2016-02-02T21:00:00+01:00
7.21739130434783,,,False,2,pm25,µg/m³,,raw,01:00:00,2016-02-02T20:00:00Z,2016-02-02T21:00:00+01:00,2016-02-02T21:00:00Z,2016-02-02T22:00:00+01:00,1,01:00:00,1,24:00:00,100.0,2400.0,2016-02-01T21:00:00Z,2016-02-01T22:00:00+01:00,2016-02-02T21:00:00Z,2016-02-02T22:00:00+01:00
7.39130434782609,,,False,2,pm25,µg/m³,,raw,01:00:00,2016-02-02T21:00:00Z,2016-02-02T22:00:00+01:00,2016-02-02T22:00:00Z,2016-02-02T23:00:00+01:00,1,01:00:00,1,24:00:00,100.0,2400.0,2016-02-01T22:00:00Z,2016-02-01T23:00:00+01:00,2016-02-02T22:00:00Z,2016-02-02T23:00:00+01:00
7.60869565217391,,,False,2,pm25,µg/m³,,raw,01:00:00,2016-02-02T22:00:00Z,2016-02-02T23:00:00+01:00,2016-02-02T23:00:00Z,2016-02-03T00:00:00+01:00,1,01:00:00,1,24:00:00,100.0,2400.0,2016-02-01T23:00:00Z,2016-02-02T00:00:00+01:00,2016-02-02T23:00:00Z,2016-02-03T00:00:00+01:00
7.91304347826087,,,False,2,pm25,µg/m³,,raw,01:00:00,2016-02-02T23:00:00Z,2016-02-03T00:00:00+01:00,2016-02-03T00:00:00Z,2016-02-03T01:00:00+01:00,1,01:00:00,1,24:00:00,100.0,2400.0,2016-02-02T00:00:00Z,2016-02-02T01:00:00+01:00,2016-02-03T00:00:00Z,2016-02-03T01:00:00+01:00
8.0,,,False,2,pm25,µg/m³,,raw,01:00:00,2016-02-03T00:00:00Z,2016-02-03T01:00:00+01:00,2016-02-03T01:00:00Z,2016-02-03T02:00:00+01:00,1,01:00:00,1,24:00:00,100.0,2400.0,2016-02-02T01:00:00Z,2016-02-02T02:00:00+01:00,2016-02-03T01:00:00Z,2016-02-03T02:00:00+01:00
8.19047619047619,,,False,2,pm25,µg/m³,,raw,01:00:00,2016-02-03T01:00:00Z,2016-02-03T02:00:00+01:00,2016-02-03T02:00:00Z,2016-02-03T03:00:00+01:00,1,01:00:00,1,24:00:00,100.0,2400.0,2016-02-02T02:00:00Z,2016-02-02T03:00:00+01:00,2016-02-03T02:00:00Z,2016-02-03T03:00:00+01:00
8.55,,,False,2,pm25,µg/m³,,raw,01:00:00,2016-02-03T02:00:00Z,2016-02-03T03:00:00+01:00,2016-02-03T03:00:00Z,2016-02-03T04:00:00+01:00,1,01:00:00,1,24:00:00,100.0,2400.0,2016-02-02T03:00:00Z,2016-02-02T04:00:00+01:00,2016-02-03T03:00:00Z,2016-02-03T04:00:00+01:00
8.69565217391304,,,False,2,pm25,µg/m³,,raw,01:00:00,2016-02-03T03:00:00Z,2016-02-03T04:00:00+01:00,2016-02-03T04:00:00Z,2016-02-03T05:00:00+01:00,1,01:00:00,1,24:00:00,100.0,2400.0,2016-02-02T04:00:00Z,2016-02-02T05:00:00+01:00,2016-02-03T04:00:00Z,2016-02-03T05:00:00+01:00
8.8695652173913,,,False,2,pm25,µg/m³,,raw,01:00:00,2016-02-03T04:00:00Z,2016-02-03T05:00:00+01:00,2016-02-03T05:00:00Z,2016-02-03T06:00:00+01:00,1,01:00:00,1,24:00:00,100.0,2400.0,2016-02-02T05:00:00Z,2016-02-02T06:00:00+01:00,2016-02-03T05:00:00Z,2016-02-03T06:00:00+01:00
9.04545454545454,,,False,2,pm25,µg/m³,,raw,01:00:00,2016-02-03T05:00:00Z,2016-02-03T06:00:00+01:00,2016-02-03T06:00:00Z,2016-02-03T07:00:00+01:00,1,01:00:00,1,24:00:00,100.0,2400.0,2016-02-02T06:00:00Z,2016-02-02T07:00:00+01:00,2016-02-03T06:00:00Z,2016-02-03T07:00:00+01:00
9.09090909090909,,,False,2,pm25,µg/m³,,raw,01:00:00,2016-02-03T06:00:00Z,2016-02-03T07:00:00+01:00,2016-02-03T07:00:00Z,2016-02-03T08:00:00+01:00,1,01:00:00,1,24:00:00,100.0,2400.0,2016-02-02T07:00:00Z,2016-02-02T08:00:00+01:00,2016-02-03T07:00:00Z,2016-02-03T08:00:00+01:00
8.95652173913044,,,False,2,pm25,µg/m³,,raw,01:00:00,2016-02-03T07:00:00Z,2016-02-03T08:00:00+01:00,2016-02-03T08:00:00Z,2016-02-03T09:00:00+01:00,1,01:00:00,1,24:00:00,100.0,2400.0,2016-02-02T08:00:00Z,2016-02-02T09:00:00+01:00,2016-02-03T08:00:00Z,2016-02-03T09:00:00+01:00
9.17391304347826,,,False,2,pm25,µg/m³,,raw,01:00:00,2016-02-03T08:00:00Z,2016-02-03T09:00:00+01:00,2016-02-03T09:00:00Z,2016-02-03T10:00:00+01:00,1,01:00:00,1,24:00:00,100.0,2400.0,2016-02-02T09:00:00Z,2016-02-02T10:00:00+01:00,2016-02-03T09:00:00Z,2016-02-03T10:00:00+01:00
9.56521739130435,,,False,2,pm25,µg/m³,,raw,01:00:00,2016-02-03T09:00:00Z,2016-02-03T10:00:00+01:00,2016-02-03T10:00:00Z,2016-02-03T11:00:00+01:00,1,01:00:00,1,24:00:00,100.0,2400.0,2016-02-02T10:00:00Z,2016-02-02T11:00:00+01:00,2016-02-03T10:00:00Z,2016-02-03T11:00:00+01:00
9.81818181818182,,,False,2,pm25,µg/m³,,raw,01:00:00,2016-02-03T10:00:00Z,2016-02-03T11:00:00+01:00,2016-02-03T11:00:00Z,2016-02-03T12:00:00+01:00,1,01:00:00,1,24:00:00,100.0,2400.0,2016-02-02T11:00:00Z,2016-02-02T12:00:00+01:00,2016-02-03T11:00:00Z,2016-02-03T12:00:00+01:00
9.91304347826087,,,False,2,pm25,µg/m³,,raw,01:00:00,2016-02-03T11:00:00Z,2016-02-03T12:00:00+01:00,2016-02-03T12:00:00Z,2016-02-03T13:00:00+01:00,1,01:00:00,1,24:00:00,100.0,2400.0,2016-02-02T12:00:00Z,2016-02-02T13:00:00+01:00,2016-02-03T12:00:00Z,2016-02-03T13:00:00+01:00
9.95454545454546,,,False,2,pm25,µg/m³,,raw,01:00:00,2016-02-03T12:00:00Z,2016-02-03T13:00:00+01:00,2016-02-03T13:00:00Z,2016-02-03T14:00:00+01:00,1,01:00:00,1,24:00:00,100.0,2400.0,2016-02-02T13:00:00Z,2016-02-02T14:00:00+01:00,2016-02-03T13:00:00Z,2016-02-03T14:00:00+01:00
10.3913043478261,,,False,2,pm25,µg/m³,,raw,01:00:00,2016-02-03T13:00:00Z,2016-02-03T14:00:00+01:00,2016-02-03T14:00:00Z,2016-02-03T15:00:00+01:00,1,01:00:00,1,24:00:00,100.0,2400.0,2016-02-02T14:00:00Z,2016-02-02T15:00:00+01:00,2016-02-03T14:00:00Z,2016-02-03T15:00:00+01:00
10.5652173913043,,,False,2,pm25,µg/m³,,raw,01:00:00,2016-02-03T14:00:00Z,2016-02-03T15:00:00+01:00,2016-02-03T15:00:00Z,2016-02-03T16:00:00+01:00,1,01:00:00,1,24:00:00,100.0,2400.0,2016-02-02T15:00:00Z,2016-02-02T16:00:00+01:00,2016-02-03T15:00:00Z,2016-02-03T16:00:00+01:00
10.3478260869565,,,False,2,pm25,µg/m³,,raw,01:00:00,2016-02-03T15:00:00Z,2016-02-03T16:00:00+01:00,2016-02-03T16:00:00Z,2016-02-03T17:00:00+01:00,1,01:00:00,1,24:00:00,100.0,2400.0,2016-02-02T16:00:00Z,2016-02-02T17:00:00+01:00,2016-02-03T16:00:00Z,2016-02-03T17:00:00+01:00
10.3478260869565,,,False,2,pm25,µg/m³,,raw,01:00:00,2016-02-03T16:00:00Z,2016-02-03T17:00:00+01:00,2016-02-03T17:00:00Z,2016-02-03T18:00:00+01:00,1,01:00:00,1,24:00:00,100.0,2400.0,2016-02-02T17:00:00Z,2016-02-02T18:00:00+01:00,2016-02-03T17:00:00Z,2016-02-03T18:00:00+01:00
10.3913043478261,,,False,2,pm25,µg/m³,,raw,01:00:00,2016-02-03T17:00:00Z,2016-02-03T18:00:00+01:00,2016-02-03T18:00:00Z,2016-02-03T19:00:00+01:00,1,01:00:00,1,24:00:00,100.0,2400.0,2016-02-02T18:00:00Z,2016-02-02T19:00:00+01:00,2016-02-03T18:00:00Z,2016-02-03T19:00:00+01:00
10.6086956521739,,,False,2,pm25,µg/m³,,raw,01:00:00,2016-02-03T18:00:00Z,2016-02-03T19:00:00+01:00,2016-02-03T19:00:00Z,2016-02-03T20:00:00+01:00,1,01:00:00,1,24:00:00,100.0,2400.0,2016-02-02T19:00:00Z,2016-02-02T20:00:00+01:00,2016-02-03T19:00:00Z,2016-02-03T20:00:00+01:00
10.695652173913,,,False,2,pm25,µg/m³,,raw,01:00:00,2016-02-03T19:00:00Z,2016-02-03T20:00:00+01:00,2016-02-03T20:00:00Z,2016-02-03T21:00:00+01:00,1,01:00:00,1,24:00:00,100.0,2400.0,2016-02-02T20:00:00Z,2016-02-02T21:00:00+01:00,2016-02-03T20:00:00Z,2016-02-03T21:00:00+01:00
11.2173913043478,,,False,2,pm25,µg/m³,,raw,01:00:00,2016-02-03T20:00:00Z,2016-02-03T21:00:00+01:00,2016-02-03T21:00:00Z,2016-02-03T22:00:00+01:00,1,01:00:00,1,24:00:00,100.0,2400.0,2016-02-02T21:00:00Z,2016-02-02T22:00:00+01:00,2016-02-03T21:00:00Z,2016-02-03T22:00:00+01:00
11.5652173913043,,,False,2,pm25,µg/m³,,raw,01:00:00,2016-02-03T21:00:00Z,2016-02-03T22:00:00+01:00,2016-02-03T22:00:00Z,2016-02-03T23:00:00+01:00,1,01:00:00,1,24:00:00,100.0,2400.0,2016-02-02T22:00:00Z,2016-02-02T23:00:00+01:00,2016-02-03T22:00:00Z,2016-02-03T23:00:00+01:00
11.5909090909091,,,False,2,pm25,µg/m³,,raw,01:00:00,2016-02-03T22:00:00Z,2016-02-03T23:00:00+01:00,2016-02-03T23:00:00Z,2016-02-04T00:00:00+01:00,1,01:00:00,1,24:00:00,100.0,2400.0,2016-02-02T23:00:00Z,2016-02-03T00:00:00+01:00,2016-02-03T23:00:00Z,2016-02-04T00:00:00+01:00
12.3913043478261,,,False,2,pm25,µg/m³,,raw,01:00:00,2016-02-03T23:00:00Z,2016-02-04T00:00:00+01:00,2016-02-04T00:00:00Z,2016-02-04T01:00:00+01:00,1,01:00:00,1,24:00:00,100.0,2400.0,2016-02-03T00:00:00Z,2016-02-03T01:00:00+01:00,2016-02-04T00:00:00Z,2016-02-04T01:00:00+01:00
12.5,,,False,2,pm25,µg/m³,,raw,01:00:00,2016-02-04T00:00:00Z,2016-02-04T01:00:00+01:00,2016-02-04T01:00:00Z,2016-02-04T02:00:00+01:00,1,01:00:00,1,24:00:00,100.0,2400.0,2016-02-03T01:00:00Z,2016-02-03T02:00:00+01:00,2016-02-04T01:00:00Z,2016-02-04T02:00:00+01:00
12.7619047619048,,,False,2,pm25,µg/m³,,raw,01:00:00,2016-02-04T01:00:00Z,2016-02-04T02:00:00+01:00,2016-02-04T02:00:00Z,2016-02-04T03:00:00+01:00,1,01:00:00,1,24:00:00,100.0,2400.0,2016-02-03T02:00:00Z,2016-02-03T03:00:00+01:00,2016-02-04T02:00:00Z,2016-02-04T03:00:00+01:00
13.9565217391304,,,False,2,pm25,µg/m³,,raw,01:00:00,2016-02-04T02:00:00Z,2016-02-04T03:00:00+01:00,2016-02-04T03:00:00Z,2016-02-04T04:00:00+01:00,1,01:00:00,1,24:00:00,100.0,2400.0,2016-02-03T03:00:00Z,2016-02-03T04:00:00+01:00,2016-02-04T03:00:00Z,2016-02-04T04:00:00+01:00
14.1304347826087,,,False,2,pm25,µg/m³,,raw,01:00:00,2016-02-04T03:00:00Z,2016-02-04T04:00:00+01:00,2016-02-04T04:00:00Z,2016-02-04T05:00:00+01:00,1,01:00:00,1,24:00:00,100.0,2400.0,2016-02-03T04:00:00Z,2016-02-03T05:00:00+01:00,2016-02-04T04:00:00Z,2016-02-04T05:00:00+01:00
14.3478260869565,,,False,2,pm25,µg/m³,,raw,01:00:00,2016-02-04T04:00:00Z,2016-02-04T05:00:00+01:00,2016-02-04T05:00:00Z,2016-02-04T06:00:00+01:00,1,01:00:00,1,24:00:00,100.0,2400.0,2016-02-03T05:00:00Z,2016-02-03T06:00:00+01:00,2016-02-04T05:00:00Z,2016-02-04T06:00:00+01:00
14.4347826086957,,,False,2,pm25,µg/m³,,raw,01:00:00,2016-02-04T05:00:00Z,2016-02-04T06:00:00+01:00,2016-02-04T06:00:00Z,2016-02-04T07:00:00+01:00,1,01:00:00,1,24:00:00,100.0,2400.0,2016-02-03T06:00:00Z,2016-02-03T07:00:00+01:00,2016-02-04T06:00:00Z,2016-02-04T07:00:00+01:00
14.7826086956522,,,False,2,pm25,µg/m³,,raw,01:00:00,2016-02-04T06:00:00Z,2016-02-04T07:00:00+01:00,2016-02-04T07:00:00Z,2016-02-04T08:00:00+01:00,1,01:00:00,1,24:00:00,100.0,2400.0,2016-02-03T07:00:00Z,2016-02-03T08:00:00+01:00,2016-02-04T07:00:00Z,2016-02-04T08:00:00+01:00
14.8260869565217,,,False,2,pm25,µg/m³,,raw,01:00:00,2016-02-04T07:00:00Z,2016-02-04T08:00:00+01:00,2016-02-04T08:00:00Z,2016-02-04T09:00:00+01:00,1,01:00:00,1,24:00:00,100.0,2400.0,2016-02-03T08:00:00Z,2016-02-03T09:00:00+01:00,2016-02-04T08:00:00Z,2016-02-04T09:00:00+01:00
14.8260869565217,,,False,2,pm25,µg/m³,,raw,01:00:00,2016-02-04T08:00:00Z,2016-02-04T09:00:00+01:00,2016-02-04T09:00:00Z,2016-02-04T10:00:00+01:00,1,01:00:00,1,24:00:00,100.0,2400.0,2016-02-03T09:00:00Z,2016-02-03T10:00:00+01:00,2016-02-04T09:00:00Z,2016-02-04T10:00:00+01:00
15.0,,,False,2,pm25,µg/m³,,raw,01:00:00,2016-02-04T09:00:00Z,2016-02-04T10:00:00+01:00,2016-02-04T10:00:00Z,2016-02-04T11:00:00+01:00,1,01:00:00,1,24:00:00,100.0,2400.0,2016-02-03T10:00:00Z,2016-02-03T11:00:00+01:00,2016-02-04T10:00:00Z,2016-02-04T11:00:00+01:00
14.8695652173913,,,False,2,pm25,µg/m³,,raw,01:00:00,2016-02-04T10:00:00Z,2016-02-04T11:00:00+01:00,2016-02-04T11:00:00Z,2016-02-04T12:00:00+01:00,1,01:00:00,1,24:00:00,100.0,2400.0,2016-02-03T11:00:00Z,2016-02-03T12:00:00+01:00,2016-02-04T11:00:00Z,2016-02-04T12:00:00+01:00
14.8260869565217,,,False,2,pm25,µg/m³,,raw,01:00:00,2016-02-04T11:00:00Z,2016-02-04T12:00:00+01:00,2016-02-04T12:00:00Z,2016-02-04T13:00:00+01:00,1,01:00:00,1,24:00:00,100.0,2400.0,2016-02-03T12:00:00Z,2016-02-03T13:00:00+01:00,2016-02-04T12:00:00Z,2016-02-04T13:00:00+01:00
14.5217391304348,,,False,2,pm25,µg/m³,,raw,01:00:00,2016-02-04T12:00:00Z,2016-02-04T13:00:00+01:00,2016-02-04T13:00:00Z,2016-02-04T14:00:00+01:00,1,01:00:00,1,24:00:00,100.0,2400.0,2016-02-03T13:00:00Z,2016-02-03T14:00:00+01:00,2016-02-04T13:00:00Z,2016-02-04T14:00:00+01:00
14.0,,,False,2,pm25,µg/m³,,raw,01:00:00,2016-02-04T13:00:00Z,2016-02-04T14:00:00+01:00,2016-02-04T14:00:00Z,2016-02-04T15:00:00+01:00,1,01:00:00,1,24:00:00,100.0,2400.0,2016-02-03T14:00:00Z,2016-02-03T15:00:00+01:00,2016-02-04T14:00:00Z,2016-02-04T15:00:00+01:00
13.9545454545455,,,False,2,pm25,µg/m³,,raw,01:00:00,2016-02-04T14:00:00Z,2016-02-04T15:00:00+01:00,2016-02-04T15:00:00Z,2016-02-04T16:00:00+01:00,1,01:00:00,1,24:00:00,100.0,2400.0,2016-02-03T15:00:00Z,2016-02-03T16:00:00+01:00,2016-02-04T15:00:00Z,2016-02-04T16:00:00+01:00
13.6086956521739,,,False,2,pm25,µg/m³,,raw,01:00:00,2016-02-04T15:00:00Z,2016-02-04T16:00:00+01:00,2016-02-04T16:00:00Z,2016-02-04T17:00:00+01:00,1,01:00:00,1,24:00:00,100.0,2400.0,2016-02-03T16:00:00Z,2016-02-03T17:00:00+01:00,2016-02-04T16:00:00Z,2016-02-04T17:00:00+01:00
13.6086956521739,,,False,2,pm25,µg/m³,,raw,01:00:00,2016-02-04T16:00:00Z,2016-02-04T17:00:00+01:00,2016-02-04T17:00:00Z,2016-02-04T18:00:00+01:00,1,01:00:00,1,24:00:00,100.0,2400.0,2016-02-03T17:00:00Z,2016-02-03T18:00:00+01:00,2016-02-04T17:00:00Z,2016-02-04T18:00:00+01:00
13.4782608695652,,,False,2,pm25,µg/m³,,raw,01:00:00,2016-02-04T17:00:00Z,2016-02-04T18:00:00+01:00,2016-02-04T18:00:00Z,2016-02-04T19:00:00+01:00,1,01:00:00,1,24:00:00,100.0,2400.0,2016-02-03T18:00:00Z,2016-02-03T19:00:00+01:00,2016-02-04T18:00:00Z,2016-02-04T19:00:00+01:00
13.4347826086957,,,False,2,pm25,µg/m³,,raw,01:00:00,2016-02-04T18:00:00Z,2016-02-04T19:00:00+01:00,2016-02-04T19:00:00Z,2016-02-04T20:00:00+01:00,1,01:00:00,1,24:00:00,100.0,2400.0,2016-02-03T19:00:00Z,2016-02-03T20:00:00+01:00,2016-02-04T19:00:00Z,2016-02-04T20:00:00+01:00
12.9565217391304,,,False,2,pm25,µg/m³,,raw,01:00:00,2016-02-04T19:00:00Z,2016-02-04T20:00:00+01:00,2016-02-04T20:00:00Z,2016-02-04T21:00:00+01:00,1,01:00:00,1,24:00:00,100.0,2400.0,2016-02-03T20:00:00Z,2016-02-03T21:00:00+01:00,2016-02-04T20:00:00Z,2016-02-04T21:00:00+01:00
12.6521739130435,,,False,2,pm25,µg/m³,,raw,01:00:00,2016-02-04T20:00:00Z,2016-02-04T21:00:00+01:00,2016-02-04T21:00:00Z,2016-02-04T22:00:00+01:00,1,01:00:00,1,24:00:00,100.0,2400.0,2016-02-03T21:00:00Z,2016-02-03T22:00:00+01:00,2016-02-04T21:00:00Z,2016-02-04T22:00:00+01:00
12.304347826087,,,False,2,pm25,µg/m³,,raw,01:00:00,2016-02-04T21:00:00Z,2016-02-04T22:00:00+01:00,2016-02-04T22:00:00Z,2016-02-04T23:00:00+01:00,1,01:00:00,1,24:00:00,100.0,2400.0,2016-02-03T22:00:00Z,2016-02-03T23:00:00+01:00,2016-02-04T22:00:00Z,2016-02-04T23:00:00+01:00
11.8260869565217,,,False,2,pm25,µg/m³,,raw,01:00:00,2016-02-04T22:00:00Z,2016-02-04T23:00:00+01:00,2016-02-04T23:00:00Z,2016-02-05T00:00:00+01:00,1,01:00:00,1,24:00:00,100.0,2400.0,2016-02-03T23:00:00Z,2016-02-04T00:00:00+01:00,2016-02-04T23:00:00Z,2016-02-05T00:00:00+01:00
11.3181818181818,,,False,2,pm25,µg/m³,,raw,01:00:00,2016-02-04T23:00:00Z,2016-02-05T00:00:00+01:00,2016-02-05T00:00:00Z,2016-02-05T01:00:00+01:00,1,01:00:00,1,24:00:00,100.0,2400.0,2016-02-04T00:00:00Z,2016-02-04T01:00:00+01:00,2016-02-05T00:00:00Z,2016-02-05T01:00:00+01:00
11.1428571428571,,,False,2,pm25,µg/m³,,raw,01:00:00,2016-02-05T00:00:00Z,2016-02-05T01:00:00+01:00,2016-02-05T01:00:00Z,2016-02-05T02:00:00+01:00,1,01:00:00,1,24:00:00,100.0,2400.0,2016-02-04T01:00:00Z,2016-02-04T02:00:00+01:00,2016-02-05T01:00:00Z,2016-02-05T02:00:00+01:00
10.65,,,False,2,pm25,µg/m³,,raw,01:00:00,2016-02-05T01:00:00Z,2016-02-05T02:00:00+01:00,2016-02-05T02:00:00Z,2016-02-05T03:00:00+01:00,1,01:00:00,1,24:00:00,100.0,2400.0,2016-02-04T02:00:00Z,2016-02-04T03:00:00+01:00,2016-02-05T02:00:00Z,2016-02-05T03:00:00+01:00
10.5789473684211,,,False,2,pm25,µg/m³,,raw,01:00:00,2016-02-05T02:00:00Z,2016-02-05T03:00:00+01:00,2016-02-05T03:00:00Z,2016-02-05T04:00:00+01:00,1,01:00:00,1,24:00:00,100.0,2400.0,2016-02-04T03:00:00Z,2016-02-04T04:00:00+01:00,2016-02-05T03:00:00Z,2016-02-05T04:00:00+01:00
10.4347826086957,,,False,2,pm25,µg/m³,,raw,01:00:00,2016-02-05T03:00:00Z,2016-02-05T04:00:00+01:00,2016-02-05T04:00:00Z,2016-02-05T05:00:00+01:00,1,01:00:00,1,24:00:00,100.0,2400.0,2016-02-04T04:00:00Z,2016-02-04T05:00:00+01:00,2016-02-05T04:00:00Z,2016-02-05T05:00:00+01:00
10.5217391304348,,,False,2,pm25,µg/m³,,raw,01:00:00,2016-02-05T04:00:00Z,2016-02-05T05:00:00+01:00,2016-02-05T05:00:00Z,2016-02-05T06:00:00+01:00,1,01:00:00,1,24:00:00,100.0,2400.0,2016-02-04T05:00:00Z,2016-02-04T06:00:00+01:00,2016-02-05T05:00:00Z,2016-02-05T06:00:00+01:00
10.3181818181818,,,False,2,pm25,µg/m³,,raw,01:00:00,2016-02-05T05:00:00Z,2016-02-05T06:00:00+01:00,2016-02-05T06:00:00Z,2016-02-05T07:00:00+01:00,1,01:00:00,1,24:00:00,100.0,2400.0,2016-02-04T06:00:00Z,2016-02-04T07:00:00+01:00,2016-02-05T06:00:00Z,2016-02-05T07:00:00+01:00
10.695652173913,,,False,2,pm25,µg/m³,,raw,01:00:00,2016-02-05T06:00:00Z,2016-02-05T07:00:00+01:00,2016-02-05T07:00:00Z,2016-02-05T08:00:00+01:00,1,01:00:00,1,24:00:00,100.0,2400.0,2016-02-04T07:00:00Z,2016-02-04T08:00:00+01:00,2016-02-05T07:00:00Z,2016-02-05T08:00:00+01:00
10.695652173913,,,False,2,pm25,µg/m³,,raw,01:00:00,2016-02-05T07:00:00Z,2016-02-05T08:00:00+01:00,2016-02-05T08:00:00Z,2016-02-05T09:00:00+01:00,1,01:00:00,1,24:00:00,100.0,2400.0,2016-02-04T08:00:00Z,2016-02-04T09:00:00+01:00,2016-02-05T08:00:00Z,2016-02-05T09:00:00+01:00
11.1304347826087,,,False,2,pm25,µg/m³,,raw,01:00:00,2016-02-05T08:00:00Z,2016-02-05T09:00:00+01:00,2016-02-05T09:00:00Z,2016-02-05T10:00:00+01:00,1,01:00:00,1,24:00:00,100.0,2400.0,2016-02-04T09:00:00Z,2016-02-04T10:00:00+01:00,2016-02-05T09:00:00Z,2016-02-05T10:00:00+01:00
11.5217391304348,,,False,2,pm25,µg/m³,,raw,01:00:00,2016-02-05T09:00:00Z,2016-02-05T10:00:00+01:00,2016-02-05T10:00:00Z,2016-02-05T11:00:00+01:00,1,01:00:00,1,24:00:00,100.0,2400.0,2016-02-04T10:00:00Z,2016-02-04T11:00:00+01:00,2016-02-05T10:00:00Z,2016-02-05T11:00:00+01:00
11.5909090909091,,,False,2,pm25,µg/m³,,raw,01:00:00,2016-02-05T10:00:00Z,2016-02-05T11:00:00+01:00,2016-02-05T11:00:00Z,2016-02-05T12:00:00+01:00,1,01:00:00,1,24:00:00,100.0,2400.0,2016-02-04T11:00:00Z,2016-02-04T12:00:00+01:00,2016-02-05T11:00:00Z,2016-02-05T12:00:00+01:00
12.0,,,False,2,pm25,µg/m³,,raw,01:00:00,2016-02-05T11:00:00Z,2016-02-05T12:00:00+01:00,2016-02-05T12:00:00Z,2016-02-05T13:00:00+01:00,1,01:00:00,1,24:00:00,100.0,2400.0,2016-02-04T12:00:00Z,2016-02-04T13:00:00+01:00,2016-02-05T12:00:00Z,2016-02-05T13:00:00+01:00
12.0869565217391,,,False,2,pm25,µg/m³,,raw,01:00:00,2016-02-05T12:00:00Z,2016-02-05T13:00:00+01:00,2016-02-05T13:00:00Z,2016-02-05T14:00:00+01:00,1,01:00:00,1,24:00:00,100.0,2400.0,2016-02-04T13:00:00Z,2016-02-04T14:00:00+01:00,2016-02-05T13:00:00Z,2016-02-05T14:00:00+01:00
12.3181818181818,,,False,2,pm25,µg/m³,,raw,01:00:00,2016-02-05T13:00:00Z,2016-02-05T14:00:00+01:00,2016-02-05T14:00:00Z,2016-02-05T15:00:00+01:00,1,01:00:00,1,24:00:00,100.0,2400.0,2016-02-04T14:00:00Z,2016-02-04T15:00:00+01:00,2016-02-05T14:00:00Z,2016-02-05T15:00:00+01:00
11.9565217391304,,,False,2,pm25,µg/m³,,raw,01:00:00,2016-02-05T14:00:00Z,2016-02-05T15:00:00+01:00,2016-02-05T15:00:00Z,2016-02-05T16:00:00+01:00,1,01:00:00,1,24:00:00,100.0,2400.0,2016-02-04T15:00:00Z,2016-02-04T16:00:00+01:00,2016-02-05T15:00:00Z,2016-02-05T16:00:00+01:00
11.7826086956522,,,False,2,pm25,µg/m³,,raw,01:00:00,2016-02-05T15:00:00Z,2016-02-05T16:00:00+01:00,2016-02-05T16:00:00Z,2016-02-05T17:00:00+01:00,1,01:00:00,1,24:00:00,100.0,2400.0,2016-02-04T16:00:00Z,2016-02-04T17:00:00+01:00,2016-02-05T16:00:00Z,2016-02-05T17:00:00+01:00
11.8636363636364,,,False,2,pm25,µg/m³,,raw,01:00:00,2016-02-05T16:00:00Z,2016-02-05T17:00:00+01:00,2016-02-05T17:00:00Z,2016-02-05T18:00:00+01:00,1,01:00:00,1,24:00:00,100.0,2400.0,2016-02-04T17:00:00Z,2016-02-04T18:00:00+01:00,2016-02-05T17:00:00Z,2016-02-05T18:00:00+01:00
11.7826086956522,,,False,2,pm25,µg/m³,,raw,01:00:00,2016-02-05T17:00:00Z,2016-02-05T18:00:00+01:00,2016-02-05T18:00:00Z,2016-02-05T19:00:00+01:00,1,01:00:00,1,24:00:00,100.0,2400.0,2016-02-04T18:00:00Z,2016-02-04T19:00:00+01:00,2016-02-05T18:00:00Z,2016-02-05T19:00:00+01:00
11.9090909090909,,,False,2,pm25,µg/m³,,raw,01:00:00,2016-02-05T18:00:00Z,2016-02-05T19:00:00+01:00,2016-02-05T19:00:00Z,2016-02-05T20:00:00+01:00,1,01:00:00,1,24:00:00,100.0,2400.0,2016-02-04T19:00:00Z,2016-02-04T20:00:00+01:00,2016-02-05T19:00:00Z,2016-02-05T20:00:00+01:00
11.6086956521739,,,False,2,pm25,µg/m³,,raw,01:00:00,2016-02-05T19:00:00Z,2016-02-05T20:00:00+01:00,2016-02-05T20:00:00Z,2016-02-05T21:00:00+01:00,1,01:00:00,1,24:00:00,100.0,2400.0,2016-02-04T20:00:00Z,2016-02-04T21:00:00+01:00,2016-02-05T20:00:00Z,2016-02-05T21:00:00+01:00
11.304347826087,,,False,2,pm25,µg/m³,,raw,01:00:00,2016-02-05T20:00:00Z,2016-02-05T21:00:00+01:00,2016-02-05T21:00:00Z,2016-02-05T22:00:00+01:00,1,01:00:00,1,24:00:00,100.0,2400.0,2016-02-04T21:00:00Z,2016-02-04T22:00:00+01:00,2016-02-05T21:00:00Z,2016-02-05T22:00:00+01:00
11.1739130434783,,,False,2,pm25,µg/m³,,raw,01:00:00,2016-02-05T21:00:00Z,2016-02-05T22:00:00+01:00,2016-02-05T22:00:00Z,2016-02-05T23:00:00+01:00,1,01:00:00,1,24:00:00,100.0,2400.0,2016-02-04T22:00:00Z,2016-02-04T23:00:00+01:00,2016-02-05T22:00:00Z,2016-02-05T23:00:00+01:00
10.9565217391304,,,False,2,pm25,µg/m³,,raw,01:00:00,2016-02-05T22:00:00Z,2016-02-05T23:00:00+01:00,2016-02-05T23:00:00Z,2016-02-06T00:00:00+01:00,1,01:00:00,1,24:00:00,100.0,2400.0,2016-02-04T23:00:00Z,2016-02-05T00:00:00+01:00,2016-02-05T23:00:00Z,2016-02-06T00:00:00+01:00
10.7391304347826,,,False,2,pm25,µg/m³,,raw,01:00:00,2016-02-05T23:00:00Z,2016-02-06T00:00:00+01:00,2016-02-06T00:00:00Z,2016-02-06T01:00:00+01:00,1,01:00:00,1,24:00:00,100.0,2400.0,2016-02-05T00:00:00Z,2016-02-05T01:00:00+01:00,2016-02-06T00:00:00Z,2016-02-06T01:00:00+01:00
10.5909090909091,,,False,2,pm25,µg/m³,,raw,01:00:00,2016-02-06T00:00:00Z,2016-02-06T01:00:00+01:00,2016-02-06T01:00:00Z,2016-02-06T02:00:00+01:00,1,01:00:00,1,24:00:00,100.0,2400.0,2016-02-05T01:00:00Z,2016-02-05T02:00:00+01:00,2016-02-06T01:00:00Z,2016-02-06T02:00:00+01:00
10.6190476190476,,,False,2,pm25,µg/m³,,raw,01:00:00,2016-02-06T01:00:00Z,2016-02-06T02:00:00+01:00,2016-02-06T02:00:00Z,2016-02-06T03:00:00+01:00,1,01:00:00,1,24:00:00,100.0,2400.0,2016-02-05T02:00:00Z,2016-02-05T03:00:00+01:00,2016-02-06T02:00:00Z,2016-02-06T03:00:00+01:00
10.5238095238095,,,False,2,pm25,µg/m³,,raw,01:00:00,2016-02-06T02:00:00Z,2016-02-06T03:00:00+01:00,2016-02-06T03:00:00Z,2016-02-06T04:00:00+01:00,1,01:00:00,1,24:00:00,100.0,2400.0,2016-02-05T03:00:00Z,2016-02-05T04:00:00+01:00,2016-02-06T03:00:00Z,2016-02-06T04:00:00+01:00
10.2380952380952,,,False,2,pm25,µg/m³,,raw,01:00:00,2016-02-06T03:00:00Z,2016-02-06T04:00:00+01:00,2016-02-06T04:00:00Z,2016-02-06T05:00:00+01:00,1,01:00:00,1,24:00:00,100.0,2400.0,2016-02-05T04:00:00Z,2016-02-05T05:00:00+01:00,2016-02-06T04:00:00Z,2016-02-06T05:00:00+01:00
9.47826086956522,,,False,2,pm25,µg/m³,,raw,01:00:00,2016-02-06T04:00:00Z,2016-02-06T05:00:00+01:00,2016-02-06T05:00:00Z,2016-02-06T06:00:00+01:00,1,01:00:00,1,24:00:00,100.0,2400.0,2016-02-05T05:00:00Z,2016-02-05T06:00:00+01:00,2016-02-06T05:00:00Z,2016-02-06T06:00:00+01:00
9.04347826086956,,,False,2,pm25,µg/m³,,raw,01:00:00,2016-02-06T05:00:00Z,2016-02-06T06:00:00+01:00,2016-02-06T06:00:00Z,2016-02-06T07:00:00+01:00,1,01:00:00,1,24:00:00,100.0,2400.0,2016-02-05T06:00:00Z,2016-02-05T07:00:00+01:00,2016-02-06T06:00:00Z,2016-02-06T07:00:00+01:00
8.78260869565217,,,False,2,pm25,µg/m³,,raw,01:00:00,2016-02-06T06:00:00Z,2016-02-06T07:00:00+01:00,2016-02-06T07:00:00Z,2016-02-06T08:00:00+01:00,1,01:00:00,1,24:00:00,100.0,2400.0,2016-02-05T07:00:00Z,2016-02-05T08:00:00+01:00,2016-02-06T07:00:00Z,2016-02-06T08:00:00+01:00
8.1304347826087,,,False,2,pm25,µg/m³,,raw,01:00:00,2016-02-06T07:00:00Z,2016-02-06T08:00:00+01:00,2016-02-06T08:00:00Z,2016-02-06T09:00:00+01:00,1,01:00:00,1,24:00:00,100.0,2400.0,2016-02-05T08:00:00Z,2016-02-05T09:00:00+01:00,2016-02-06T08:00:00Z,2016-02-06T09:00:00+01:00
7.60869565217391,,,False,2,pm25,µg/m³,,raw,01:00:00,2016-02-06T08:00:00Z,2016-02-06T09:00:00+01:00,2016-02-06T09:00:00Z,2016-02-06T10:00:00+01:00,1,01:00:00,1,24:00:00,100.0,2400.0,2016-02-05T09:00:00Z,2016-02-05T10:00:00+01:00,2016-02-06T09:00:00Z,2016-02-06T10:00:00+01:00
7.17391304347826,,,False,2,pm25,µg/m³,,raw,01:00:00,2016-02-06T09:00:00Z,2016-02-06T10:00:00+01:00,2016-02-06T10:00:00Z,2016-02-06T11:00:00+01:00,1,01:00:00,1,24:00:00,100.0,2400.0,2016-02-05T10:00:00Z,2016-02-05T11:00:00+01:00,2016-02-06T10:00:00Z,2016-02-06T11:00:00+01:00
6.95652173913043,,,False,2,pm25,µg/m³,,raw,01:00:00,2016-02-06T10:00:00Z,2016-02-06T11:00:00+01:00,2016-02-06T11:00:00Z,2016-02-06T12:00:00+01:00,1,01:00:00,1,24:00:00,100.0,2400.0,2016-02-05T11:00:00Z,2016-02-05T12:00:00+01:00,2016-02-06T11:00:00Z,2016-02-06T12:00:00+01:00
6.91304347826087,,,False,2,pm25,µg/m³,,raw,01:00:00,2016-02-06T11:00:00Z,2016-02-06T12:00:00+01:00,2016-02-06T12:00:00Z,2016-02-06T13:00:00+01:00,1,01:00:00,1,24:00:00,100.0,2400.0,2016-02-05T12:00:00Z,2016-02-05T13:00:00+01:00,2016-02-06T12:00:00Z,2016-02-06T13:00:00+01:00
6.65217391304348,,,False,2,pm25,µg/m³,,raw,01:00:00,2016-02-06T12:00:00Z,2016-02-06T13:00:00+01:00,2016-02-06T13:00:00Z,2016-02-06T14:00:00+01:00,1,01:00:00,1,24:00:00,100.0,2400.0,2016-02-05T13:00:00Z,2016-02-05T14:00:00+01:00,2016-02-06T13:00:00Z,2016-02-06T14:00:00+01:00
6.56521739130435,,,False,2,pm25,µg/m³,,raw,01:00:00,2016-02-06T13:00:00Z,2016-02-06T14:00:00+01:00,2016-02-06T14:00:00Z,2016-02-06T15:00:00+01:00,1,01:00:00,1,24:00:00,100.0,2400.0,2016-02-05T14:00:00Z,2016-02-05T15:00:00+01:00,2016-02-06T14:00:00Z,2016-02-06T15:00:00+01:00
6.60869565217391,,,False,2,pm25,µg/m³,,raw,01:00:00,2016-02-06T14:00:00Z,2016-02-06T15:00:00+01:00,2016-02-06T15:00:00Z,2016-02-06T16:00:00+01:00,1,01:00:00,1,24:00:00,100.0,2400.0,2016-02-05T15:00:00Z,2016-02-05T16:00:00+01:00,2016-02-06T15:00:00Z,2016-02-06T16:00:00+01:00
6.52173913043478,,,False,2,pm25,µg/m³,,raw,01:00:00,2016-02-06T15:00:00Z,2016-02-06T16:00:00+01:00,2016-02-06T16:00:00Z,2016-02-06T17:00:00+01:00,1,01:00:00,1,24:00:00,100.0,2400.0,2016-02-05T16:00:00Z,2016-02-05T17:00:00+01:00,2016-02-06T16:00:00Z,2016-02-06T17:00:00+01:00
6.31818181818182,,,False,2,pm25,µg/m³,,raw,01:00:00,2016-02-06T16:00:00Z,2016-02-06T17:00:00+01:00,2016-02-06T17:00:00Z,2016-02-06T18:00:00+01:00,1,01:00:00,1,24:00:00,100.0,2400.0,2016-02-05T17:00:00Z,2016-02-05T18:00:00+01:00,2016-02-06T17:00:00Z,2016-02-06T18:00:00+01:00
6.19047619047619,,,False,2,pm25,µg/m³,,raw,01:00:00,2016-02-06T17:00:00Z,2016-02-06T18:00:00+01:00,2016-02-06T18:00:00Z,2016-02-06T19:00:00+01:00,1,01:00:00,1,24:00:00,100.0,2400.0,2016-02-05T18:00:00Z,2016-02-05T19:00:00+01:00,2016-02-06T18:00:00Z,2016-02-06T19:00:00+01:00
6.17391304347826,,,False,2,pm25,µg/m³,,raw,01:00:00,2016-02-06T18:00:00Z,2016-02-06T19:00:00+01:00,2016-02-06T19:00:00Z,2016-02-06T20:00:00+01:00,1,01:00:00,1,24:00:00,100.0,2400.0,2016-02-05T19:00:00Z,2016-02-05T20:00:00+01:00,2016-02-06T19:00:00Z,2016-02-06T20:00:00+01:00
6.60869565217391,,,False,2,pm25,µg/m³,,raw,01:00:00,2016-02-06T19:00:00Z,2016-02-06T20:00:00+01:00,2016-02-06T20:00:00Z,2016-02-06T21:00:00+01:00,1,01:00:00,1,24:00:00,100.0,2400.0,2016-02-05T20:00:00Z,2016-02-05T21:00:00+01:00,2016-02-06T20:00:00Z,2016-02-06T21:00:00+01:00
7.0,,,False,2,pm25,µg/m³,,raw,01:00:00,2016-02-06T20:00:00Z,2016-02-06T21:00:00+01:00,2016-02-06T21:00:00Z,2016-02-06T22:00:00+01:00,1,01:00:00,1,24:00:00,100.0,2400.0,2016-02-05T21:00:00Z,2016-02-05T22:00:00+01:00,2016-02-06T21:00:00Z,2016-02-06T22:00:00+01:00
7.17391304347826,,,False,2,pm25,µg/m³,,raw,01:00:00,2016-02-06T21:00:00Z,2016-02-06T22:00:00+01:00,2016-02-06T22:00:00Z,2016-02-06T23:00:00+01:00,1,01:00:00,1,24:00:00,100.0,2400.0,2016-02-05T22:00:00Z,2016-02-05T23:00:00+01:00,2016-02-06T22:00:00Z,2016-02-06T23:00:00+01:00
7.39130434782609,,,False,2,pm25,µg/m³,,raw,01:00:00,2016-02-06T22:00:00Z,2016-02-06T23:00:00+01:00,2016-02-06T23:00:00Z,2016-02-07T00:00:00+01:00,1,01:00:00,1,24:00:00,100.0,2400.0,2016-02-05T23:00:00Z,2016-02-06T00:00:00+01:00,2016-02-06T23:00:00Z,2016-02-07T00:00:00+01:00
7.43478260869565,,,False,2,pm25,µg/m³,,raw,01:00:00,2016-02-06T23:00:00Z,2016-02-07T00:00:00+01:00,2016-02-07T00:00:00Z,2016-02-07T01:00:00+01:00,1,01:00:00,1,24:00:00,100.0,2400.0,2016-02-06T00:00:00Z,2016-02-06T01:00:00+01:00,2016-02-07T00:00:00Z,2016-02-07T01:00:00+01:00
7.5,,,False,2,pm25,µg/m³,,raw,01:00:00,2016-02-07T00:00:00Z,2016-02-07T01:00:00+01:00,2016-02-07T01:00:00Z,2016-02-07T02:00:00+01:00,1,01:00:00,1,24:00:00,100.0,2400.0,2016-02-06T01:00:00Z,2016-02-06T02:00:00+01:00,2016-02-07T01:00:00Z,2016-02-07T02:00:00+01:00
7.52380952380952,,,False,2,pm25,µg/m³,,raw,01:00:00,2016-02-07T01:00:00Z,2016-02-07T02:00:00+01:00,2016-02-07T02:00:00Z,2016-02-07T03:00:00+01:00,1,01:00:00,1,24:00:00,100.0,2400.0,2016-02-06T02:00:00Z,2016-02-06T03:00:00+01:00,2016-02-07T02:00:00Z,2016-02-07T03:00:00+01:00
7.65,,,False,2,pm25,µg/m³,,raw,01:00:00,2016-02-07T02:00:00Z,2016-02-07T03:00:00+01:00,2016-02-07T03:00:00Z,2016-02-07T04:00:00+01:00,1,01:00:00,1,24:00:00,100.0,2400.0,2016-02-06T03:00:00Z,2016-02-06T04:00:00+01:00,2016-02-07T03:00:00Z,2016-02-07T04:00:00+01:00
7.52173913043478,,,False,2,pm25,µg/m³,,raw,01:00:00,2016-02-07T03:00:00Z,2016-02-07T04:00:00+01:00,2016-02-07T04:00:00Z,2016-02-07T05:00:00+01:00,1,01:00:00,1,24:00:00,100.0,2400.0,2016-02-06T04:00:00Z,2016-02-06T05:00:00+01:00,2016-02-07T04:00:00Z,2016-02-07T05:00:00+01:00
7.21739130434783,,,False,2,pm25,µg/m³,,raw,01:00:00,2016-02-07T04:00:00Z,2016-02-07T05:00:00+01:00,2016-02-07T05:00:00Z,2016-02-07T06:00:00+01:00,1,01:00:00,1,24:00:00,100.0,2400.0,2016-02-06T05:00:00Z,2016-02-06T06:00:00+01:00,2016-02-07T05:00:00Z,2016-02-07T06:00:00+01:00
6.91304347826087,,,False,2,pm25,µg/m³,,raw,01:00:00,2016-02-07T05:00:00Z,2016-02-07T06:00:00+01:00,2016-02-07T06:00:00Z,2016-02-07T07:00:00+01:00,1,01:00:00,1,24:00:00,100.0,2400.0,2016-02-06T06:00:00Z,2016-02-06T07:00:00+01:00,2016-02-07T06:00:00Z,2016-02-07T07:00:00+01:00
6.73913043478261,,,False,2,pm25,µg/m³,,raw,01:00:00,2016-02-07T06:00:00Z,2016-02-07T07:00:00+01:00,2016-02-07T07:00:00Z,2016-02-07T08:00:00+01:00,1,01:00:00,1,24:00:00,100.0,2400.0,2016-02-06T07:00:00Z,2016-02-06T08:00:00+01:00,2016-02-07T07:00:00Z,2016-02-07T08:00:00+01:00
6.56521739130435,,,False,2,pm25,µg/m³,,raw,01:00:00,2016-02-07T07:00:00Z,2016-02-07T08:00:00+01:00,2016-02-07T08:00:00Z,2016-02-07T09:00:00+01:00,1,01:00:00,1,24:00:00,100.0,2400.0,2016-02-06T08:00:00Z,2016-02-06T09:00:00+01:00,2016-02-07T08:00:00Z,2016-02-07T09:00:00+01:00
6.56521739130435,,,False,2,pm25,µg/m³,,raw,01:00:00,2016-02-07T08:00:00Z,2016-02-07T09:00:00+01:00,2016-02-07T09:00:00Z,2016-02-07T10:00:00+01:00,1,01:00:00,1,24:00:00,100.0,2400.0,2016-02-06T09:00:00Z,2016-02-06T10:00:00+01:00,2016-02-07T09:00:00Z,2016-02-07T10:00:00+01:00
6.52173913043478,,,False,2,pm25,µg/m³,,raw,01:00:00,2016-02-07T09:00:00Z,2016-02-07T10:00:00+01:00,2016-02-07T10:00:00Z,2016-02-07T11:00:00+01:00,1,01:00:00,1,24:00:00,100.0,2400.0,2016-02-06T10:00:00Z,2016-02-06T11:00:00+01:00,2016-02-07T10:00:00Z,2016-02-07T11:00:00+01:00
6.39130434782609,,,False,2,pm25,µg/m³,,raw,01:00:00,2016-02-07T10:00:00Z,2016-02-07T11:00:00+01:00,2016-02-07T11:00:00Z,2016-02-07T12:00:00+01:00,1,01:00:00,1,24:00:00,100.0,2400.0,2016-02-06T11:00:00Z,2016-02-06T12:00:00+01:00,2016-02-07T11:00:00Z,2016-02-07T12:00:00+01:00
6.30434782608696,,,False,2,pm25,µg/m³,,raw,01:00:00,2016-02-07T11:00:00Z,2016-02-07T12:00:00+01:00,2016-02-07T12:00:00Z,2016-02-07T13:00:00+01:00,1,01:00:00,1,24:00:00,100.0,2400.0,2016-02-06T12:00:00Z,2016-02-06T13:00:00+01:00,2016-02-07T12:00:00Z,2016-02-07T13:00:00+01:00
6.34782608695652,,,False,2,pm25,µg/m³,,raw,01:00:00,2016-02-07T12:00:00Z,2016-02-07T13:00:00+01:00,2016-02-07T13:00:00Z,2016-02-07T14:00:00+01:00,1,01:00:00,1,24:00:00,100.0,2400.0,2016-02-06T13:00:00Z,2016-02-06T14:00:00+01:00,2016-02-07T13:00:00Z,2016-02-07T14:00:00+01:00
6.30434782608696,,,False,2,pm25,µg/m³,,raw,01:00:00,2016-02-07T13:00:00Z,2016-02-07T14:00:00+01:00,2016-02-07T14:00:00Z,2016-02-07T15:00:00+01:00,1,01:00:00,1,24:00:00,100.0,2400.0,2016-02-06T14:00:00Z,2016-02-06T15:00:00+01:00,2016-02-07T14:00:00Z,2016-02-07T15:00:00+01:00
6.17391304347826,,,False,2,pm25,µg/m³,,raw,01:00:00,2016-02-07T14:00:00Z,2016-02-07T15:00:00+01:00,2016-02-07T15:00:00Z,2016-02-07T16:00:00+01:00,1,01:00:00,1,24:00:00,100.0,2400.0,2016-02-06T15:00:00Z,2016-02-06T16:00:00+01:00,2016-02-07T15:00:00Z,2016-02-07T16:00:00+01:00
6.1304347826087,,,False,2,pm25,µg/m³,,raw,01:00:00,2016-02-07T15:00:00Z,2016-02-07T16:00:00+01:00,2016-02-07T16:00:00Z,2016-02-07T17:00:00+01:00,1,01:00:00,1,24:00:00,100.0,2400.0,2016-02-06T16:00:00Z,2016-02-06T17:00:00+01:00,2016-02-07T16:00:00Z,2016-02-07T17:00:00+01:00
6.04347826086957,,,False,2,pm25,µg/m³,,raw,01:00:00,2016-02-07T16:00:00Z,2016-02-07T17:00:00+01:00,2016-02-07T17:00:00Z,2016-02-07T18:00:00+01:00,1,01:00:00,1,24:00:00,100.0,2400.0,2016-02-06T17:00:00Z,2016-02-06T18:00:00+01:00,2016-02-07T17:00:00Z,2016-02-07T18:00:00+01:00
5.8695652173913,,,False,2,pm25,µg/m³,,raw,01:00:00,2016-02-07T17:00:00Z,2016-02-07T18:00:00+01:00,2016-02-07T18:00:00Z,2016-02-07T19:00:00+01:00,1,01:00:00,1,24:00:00,100.0,2400.0,2016-02-06T18:00:00Z,2016-02-06T19:00:00+01:00,2016-02-07T18:00:00Z,2016-02-07T19:00:00+01:00
5.47826086956522,,,False,2,pm25,µg/m³,,raw,01:00:00,2016-02-07T18:00:00Z,2016-02-07T19:00:00+01:00,2016-02-07T19:00:00Z,2016-02-07T20:00:00+01:00,1,01:00:00,1,24:00:00,100.0,2400.0,2016-02-06T19:00:00Z,2016-02-06T20:00:00+01:00,2016-02-07T19:00:00Z,2016-02-07T20:00:00+01:00
5.04347826086957,,,False,2,pm25,µg/m³,,raw,01:00:00,2016-02-07T19:00:00Z,2016-02-07T20:00:00+01:00,2016-02-07T20:00:00Z,2016-02-07T21:00:00+01:00,1,01:00:00,1,24:00:00,100.0,2400.0,2016-02-06T20:00:00Z,2016-02-06T21:00:00+01:00,2016-02-07T20:00:00Z,2016-02-07T21:00:00+01:00
4.95652173913043,,,False,2,pm25,µg/m³,,raw,01:00:00,2016-02-07T20:00:00Z,2016-02-07T21:00:00+01:00,2016-02-07T21:00:00Z,2016-02-07T22:00:00+01:00,1,01:00:00,1,24:00:00,100.0,2400.0,2016-02-06T21:00:00Z,2016-02-06T22:00:00+01:00,2016-02-07T21:00:00Z,2016-02-07T22:00:00+01:00
4.78260869565217,,,False,2,pm25,µg/m³,,raw,01:00:00,2016-02-07T21:00:00Z,2016-02-07T22:00:00+01:00,2016-02-07T22:00:00Z,2016-02-07T23:00:00+01:00,1,01:00:00,1,24:00:00,100.0,2400.0,2016-02-06T22:00:00Z,2016-02-06T23:00:00+01:00,2016-02-07T22:00:00Z,2016-02-07T23:00:00+01:00
4.73913043478261,,,False,2,pm25,µg/m³,,raw,01:00:00,2016-02-07T22:00:00Z,2016-02-07T23:00:00+01:00,2016-02-07T23:00:00Z,2016-02-08T00:00:00+01:00,1,01:00:00,1,24:00:00,100.0,2400.0,2016-02-06T23:00:00Z,2016-02-07T00:00:00+01:00,2016-02-07T23:00:00Z,2016-02-08T00:00:00+01:00
4.69565217391304,,,False,2,pm25,µg/m³,,raw,01:00:00,2016-02-07T23:00:00Z,2016-02-08T00:00:00+01:00,2016-02-08T00:00:00Z,2016-02-08T01:00:00+01:00,1,01:00:00,1,24:00:00,100.0,2400.0,2016-02-07T00:00:00Z,2016-02-07T01:00:00+01:00,2016-02-08T00:00:00Z,2016-02-08T01:00:00+01:00
4.54545454545455,,,False,2,pm25,µg/m³,,raw,01:00:00,2016-02-08T00:00:00Z,2016-02-08T01:00:00+01:00,2016-02-08T01:00:00Z,2016-02-08T02:00:00+01:00,1,01:00:00,1,24:00:00,100.0,2400.0,2016-02-07T01:00:00Z,2016-02-07T02:00:00+01:00,2016-02-08T01:00:00Z,2016-02-08T02:00:00+01:00
4.47619047619048,,,False,2,pm25,µg/m³,,raw,01:00:00,2016-02-08T01:00:00Z,2016-02-08T02:00:00+01:00,2016-02-08T02:00:00Z,2016-02-08T03:00:00+01:00,1,01:00:00,1,24:00:00,100.0,2400.0,2016-02-07T02:00:00Z,2016-02-07T03:00:00+01:00,2016-02-08T02:00:00Z,2016-02-08T03:00:00+01:00
4.5,,,False,2,pm25,µg/m³,,raw,01:00:00,2016-02-08T02:00:00Z,2016-02-08T03:00:00+01:00,2016-02-08T03:00:00Z,2016-02-08T04:00:00+01:00,1,01:00:00,1,24:00:00,100.0,2400.0,2016-02-07T03:00:00Z,2016-02-07T04:00:00+01:00,2016-02-08T03:00:00Z,2016-02-08T04:00:00+01:00
4.34782608695652,,,False,2,pm25,µg/m³,,raw,01:00:00,2016-02-08T03:00:00Z,2016-02-08T04:00:00+01:00,2016-02-08T04:00:00Z,2016-02-08T05:00:00+01:00,1,01:00:00,1,24:00:00,100.0,2400.0,2016-02-07T04:00:00Z,2016-02-07T05:00:00+01:00,2016-02-08T04:00:00Z,2016-02-08T05:00:00+01:00
4.39130434782609,,,False,2,pm25,µg/m³,,raw,01:00:00,2016-02-08T04:00:00Z,2016-02-08T05:00:00+01:00,2016-02-08T05:00:00Z,2016-02-08T06:00:00+01:00,1,01:00:00,1,24:00:00,100.0,2400.0,2016-02-07T05:00:00Z,2016-02-07T06:00:00+01:00,2016-02-08T05:00:00Z,2016-02-08T06:00:00+01:00
4.45454545454545,,,False,2,pm25,µg/m³,,raw,01:00:00,2016-02-08T05:00:00Z,2016-02-08T06:00:00+01:00,2016-02-08T06:00:00Z,2016-02-08T07:00:00+01:00,1,01:00:00,1,24:00:00,100.0,2400.0,2016-02-07T06:00:00Z,2016-02-07T07:00:00+01:00,2016-02-08T06:00:00Z,2016-02-08T07:00:00+01:00
4.52173913043478,,,False,2,pm25,µg/m³,,raw,01:00:00,2016-02-08T06:00:00Z,2016-02-08T07:00:00+01:00,2016-02-08T07:00:00Z,2016-02-08T08:00:00+01:00,1,01:00:00,1,24:00:00,100.0,2400.0,2016-02-07T07:00:00Z,2016-02-07T08:00:00+01:00,2016-02-08T07:00:00Z,2016-02-08T08:00:00+01:00
4.30434782608696,,,False,2,pm25,µg/m³,,raw,01:00:00,2016-02-08T07:00:00Z,2016-02-08T08:00:00+01:00,2016-02-08T08:00:00Z,2016-02-08T09:00:00+01:00,1,01:00:00,1,24:00:00,100.0,2400.0,2016-02-07T08:00:00Z,2016-02-07T09:00:00+01:00,2016-02-08T08:00:00Z,2016-02-08T09:00:00+01:00
4.04347826086957,,,False,2,pm25,µg/m³,,raw,01:00:00,2016-02-08T08:00:00Z,2016-02-08T09:00:00+01:00,2016-02-08T09:00:00Z,2016-02-08T10:00:00+01:00,1,01:00:00,1,24:00:00,100.0,2400.0,2016-02-07T09:00:00Z,2016-02-07T10:00:00+01:00,2016-02-08T09:00:00Z,2016-02-08T10:00:00+01:00
4.04347826086957,,,False,2,pm25,µg/m³,,raw,01:00:00,2016-02-08T09:00:00Z,2016-02-08T10:00:00+01:00,2016-02-08T10:00:00Z,2016-02-08T11:00:00+01:00,1,01:00:00,1,24:00:00,100.0,2400.0,2016-02-07T10:00:00Z,2016-02-07T11:00:00+01:00,2016-02-08T10:00:00Z,2016-02-08T11:00:00+01:00
4.17391304347826,,,False,2,pm25,µg/m³,,raw,01:00:00,2016-02-08T10:00:00Z,2016-02-08T11:00:00+01:00,2016-02-08T11:00:00Z,2016-02-08T12:00:00+01:00,1,01:00:00,1,24:00:00,100.0,2400.0,2016-02-07T11:00:00Z,2016-02-07T12:00:00+01:00,2016-02-08T11:00:00Z,2016-02-08T12:00:00+01:00
4.13636363636364,,,False,2,pm25,µg/m³,,raw,01:00:00,2016-02-08T11:00:00Z,2016-02-08T12:00:00+01:00,2016-02-08T12:00:00Z,2016-02-08T13:00:00+01:00,1,01:00:00,1,24:00:00,100.0,2400.0,2016-02-07T12:00:00Z,2016-02-07T13:00:00+01:00,2016-02-08T12:00:00Z,2016-02-08T13:00:00+01:00
4.34782608695652,,,False,2,pm25,µg/m³,,raw,01:00:00,2016-02-08T12:00:00Z,2016-02-08T13:00:00+01:00,2016-02-08T13:00:00Z,2016-02-08T14:00:00+01:00,1,01:00:00,1,24:00:00,100.0,2400.0,2016-02-07T13:00:00Z,2016-02-07T14:00:00+01:00,2016-02-08T13:00:00Z,2016-02-08T14:00:00+01:00
4.60869565217391,,,False,2,pm25,µg/m³,,raw,01:00:00,2016-02-08T13:00:00Z,2016-02-08T14:00:00+01:00,2016-02-08T14:00:00Z,2016-02-08T15:00:00+01:00,1,01:00:00,1,24:00:00,100.0,2400.0,2016-02-07T14:00:00Z,2016-02-07T15:00:00+01:00,2016-02-08T14:00:00Z,2016-02-08T15:00:00+01:00
4.63636363636364,,,False,2,pm25,µg/m³,,raw,01:00:00,2016-02-08T14:00:00Z,2016-02-08T15:00:00+01:00,2016-02-08T15:00:00Z,2016-02-08T16:00:00+01:00,1,01:00:00,1,24:00:00,100.0,2400.0,2016-02-07T15:00:00Z,2016-02-07T16:00:00+01:00,2016-02-08T15:00:00Z,2016-02-08T16:00:00+01:00
4.91304347826087,,,False,2,pm25,µg/m³,,raw,01:00:00,2016-02-08T15:00:00Z,2016-02-08T16:00:00+01:00,2016-02-08T16:00:00Z,2016-02-08T17:00:00+01:00,1,01:00:00,1,24:00:00,100.0,2400.0,2016-02-07T16:00:00Z,2016-02-07T17:00:00+01:00,2016-02-08T16:00:00Z,2016-02-08T17:00:00+01:00
4.91304347826087,,,False,2,pm25,µg/m³,,raw,01:00:00,2016-02-08T16:00:00Z,2016-02-08T17:00:00+01:00,2016-02-08T17:00:00Z,2016-02-08T18:00:00+01:00,1,01:00:00,1,24:00:00,100.0,2400.0,2016-02-07T17:00:00Z,2016-02-07T18:00:00+01:00,2016-02-08T17:00:00Z,2016-02-08T18:00:00+01:00
5.08695652173913,,,False,2,pm25,µg/m³,,raw,01:00:00,2016-02-08T17:00:00Z,2016-02-08T18:00:00+01:00,2016-02-08T18:00:00Z,2016-02-08T19:00:00+01:00,1,01:00:00,1,24:00:00,100.0,2400.0,2016-02-07T18:00:00Z,2016-02-07T19:00:00+01:00,2016-02-08T18:00:00Z,2016-02-08T19:00:00+01:00
5.17391304347826,,,False,2,pm25,µg/m³,,raw,01:00:00,2016-02-08T18:00:00Z,2016-02-08T19:00:00+01:00,2016-02-08T19:00:00Z,2016-02-08T20:00:00+01:00,1,01:00:00,1,24:00:00,100.0,2400.0,2016-02-07T19:00:00Z,2016-02-07T20:00:00+01:00,2016-02-08T19:00:00Z,2016-02-08T20:00:00+01:00
5.1304347826087,,,False,2,pm25,µg/m³,,raw,01:00:00,2016-02-08T19:00:00Z,2016-02-08T20:00:00+01:00,2016-02-08T20:00:00Z,2016-02-08T21:00:00+01:00,1,01:00:00,1,24:00:00,100.0,2400.0,2016-02-07T20:00:00Z,2016-02-07T21:00:00+01:00,2016-02-08T20:00:00Z,2016-02-08T21:00:00+01:00
5.17391304347826,,,False,2,pm25,µg/m³,,raw,01:00:00,2016-02-08T20:00:00Z,2016-02-08T21:00:00+01:00,2016-02-08T21:00:00Z,2016-02-08T22:00:00+01:00,1,01:00:00,1,24:00:00,100.0,2400.0,2016-02-07T21:00:00Z,2016-02-07T22:00:00+01:00,2016-02-08T21:00:00Z,2016-02-08T22:00:00+01:00
5.13636363636364,,,False,2,pm25,µg/m³,,raw,01:00:00,2016-02-08T21:00:00Z,2016-02-08T22:00:00+01:00,2016-02-08T22:00:00Z,2016-02-08T23:00:00+01:00,1,01:00:00,1,24:00:00,100.0,2400.0,2016-02-07T22:00:00Z,2016-02-07T23:00:00+01:00,2016-02-08T22:00:00Z,2016-02-08T23:00:00+01:00
5.22727272727273,,,False,2,pm25,µg/m³,,raw,01:00:00,2016-02-08T22:00:00Z,2016-02-08T23:00:00+01:00,2016-02-08T23:00:00Z,2016-02-09T00:00:00+01:00,1,01:00:00,1,24:00:00,100.0,2400.0,2016-02-07T23:00:00Z,2016-02-08T00:00:00+01:00,2016-02-08T23:00:00Z,2016-02-09T00:00:00+01:00
5.54545454545455,,,False,2,pm25,µg/m³,,raw,01:00:00,2016-02-08T23:00:00Z,2016-02-09T00:00:00+01:00,2016-02-09T00:00:00Z,2016-02-09T01:00:00+01:00,1,01:00:00,1,24:00:00,100.0,2400.0,2016-02-08T00:00:00Z,2016-02-08T01:00:00+01:00,2016-02-09T00:00:00Z,2016-02-09T01:00:00+01:00
5.81818181818182,,,False,2,pm25,µg/m³,,raw,01:00:00,2016-02-09T00:00:00Z,2016-02-09T01:00:00+01:00,2016-02-09T01:00:00Z,2016-02-09T02:00:00+01:00,1,01:00:00,1,24:00:00,100.0,2400.0,2016-02-08T01:00:00Z,2016-02-08T02:00:00+01:00,2016-02-09T01:00:00Z,2016-02-09T02:00:00+01:00
6.0,,,False,2,pm25,µg/m³,,raw,01:00:00,2016-02-09T01:00:00Z,2016-02-09T02:00:00+01:00,2016-02-09T02:00:00Z,2016-02-09T03:00:00+01:00,1,01:00:00,1,24:00:00,100.0,2400.0,2016-02-08T02:00:00Z,2016-02-08T03:00:00+01:00,2016-02-09T02:00:00Z,2016-02-09T03:00:00+01:00
6.38095238095238,,,False,2,pm25,µg/m³,,raw,01:00:00,2016-02-09T02:00:00Z,2016-02-09T03:00:00+01:00,2016-02-09T03:00:00Z,2016-02-09T04:00:00+01:00,1,01:00:00,1,24:00:00,100.0,2400.0,2016-02-08T03:00:00Z,2016-02-08T04:00:00+01:00,2016-02-09T03:00:00Z,2016-02-09T04:00:00+01:00
6.6,,,False,2,pm25,µg/m³,,raw,01:00:00,2016-02-09T03:00:00Z,2016-02-09T04:00:00+01:00,2016-02-09T04:00:00Z,2016-02-09T05:00:00+01:00,1,01:00:00,1,24:00:00,100.0,2400.0,2016-02-08T04:00:00Z,2016-02-08T05:00:00+01:00,2016-02-09T04:00:00Z,2016-02-09T05:00:00+01:00
6.65217391304348,,,False,2,pm25,µg/m³,,raw,01:00:00,2016-02-09T04:00:00Z,2016-02-09T05:00:00+01:00,2016-02-09T05:00:00Z,2016-02-09T06:00:00+01:00,1,01:00:00,1,24:00:00,100.0,2400.0,2016-02-08T05:00:00Z,2016-02-08T06:00:00+01:00,2016-02-09T05:00:00Z,2016-02-09T06:00:00+01:00
6.77272727272727,,,False,2,pm25,µg/m³,,raw,01:00:00,2016-02-09T05:00:00Z,2016-02-09T06:00:00+01:00,2016-02-09T06:00:00Z,2016-02-09T07:00:00+01:00,1,01:00:00,1,24:00:00,100.0,2400.0,2016-02-08T06:00:00Z,2016-02-08T07:00:00+01:00,2016-02-09T06:00:00Z,2016-02-09T07:00:00+01:00
6.95454545454545,,,False,2,pm25,µg/m³,,raw,01:00:00,2016-02-09T06:00:00Z,2016-02-09T07:00:00+01:00,2016-02-09T07:00:00Z,2016-02-09T08:00:00+01:00,1,01:00:00,1,24:00:00,100.0,2400.0,2016-02-08T07:00:00Z,2016-02-08T08:00:00+01:00,2016-02-09T07:00:00Z,2016-02-09T08:00:00+01:00
7.60869565217391,,,False,2,pm25,µg/m³,,raw,01:00:00,2016-02-09T07:00:00Z,2016-02-09T08:00:00+01:00,2016-02-09T08:00:00Z,2016-02-09T09:00:00+01:00,1,01:00:00,1,24:00:00,100.0,2400.0,2016-02-08T08:00:00Z,2016-02-08T09:00:00+01:00,2016-02-09T08:00:00Z,2016-02-09T09:00:00+01:00
7.72727272727273,,,False,2,pm25,µg/m³,,raw,01:00:00,2016-02-09T08:00:00Z,2016-02-09T09:00:00+01:00,2016-02-09T09:00:00Z,2016-02-09T10:00:00+01:00,1,01:00:00,1,24:00:00,100.0,2400.0,2016-02-08T09:00:00Z,2016-02-08T10:00:00+01:00,2016-02-09T09:00:00Z,2016-02-09T10:00:00+01:00
8.0,,,False,2,pm25,µg/m³,,raw,01:00:00,2016-02-09T09:00:00Z,2016-02-09T10:00:00+01:00,2016-02-09T10:00:00Z,2016-02-09T11:00:00+01:00,1,01:00:00,1,24:00:00,100.0,2400.0,2016-02-08T10:00:00Z,2016-02-08T11:00:00+01:00,2016-02-09T10:00:00Z,2016-02-09T11:00:00+01:00
8.27272727272727,,,False,2,pm25,µg/m³,,raw,01:00:00,2016-02-09T10:00:00Z,2016-02-09T11:00:00+01:00,2016-02-09T11:00:00Z,2016-02-09T12:00:00+01:00,1,01:00:00,1,24:00:00,100.0,2400.0,2016-02-08T11:00:00Z,2016-02-08T12:00:00+01:00,2016-02-09T11:00:00Z,2016-02-09T12:00:00+01:00
8.45454545454546,,,False,2,pm25,µg/m³,,raw,01:00:00,2016-02-09T11:00:00Z,2016-02-09T12:00:00+01:00,2016-02-09T12:00:00Z,2016-02-09T13:00:00+01:00,1,01:00:00,1,24:00:00,100.0,2400.0,2016-02-08T12:00:00Z,2016-02-08T13:00:00+01:00,2016-02-09T12:00:00Z,2016-02-09T13:00:00+01:00
8.40909090909091,,,False,2,pm25,µg/m³,,raw,01:00:00,2016-02-09T12:00:00Z,2016-02-09T13:00:00+01:00,2016-02-09T13:00:00Z,2016-02-09T14:00:00+01:00,1,01:00:00,1,24:00:00,100.0,2400.0,2016-02-08T13:00:00Z,2016-02-08T14:00:00+01:00,2016-02-09T13:00:00Z,2016-02-09T14:00:00+01:00
8.47619047619048,,,False,2,pm25,µg/m³,,raw,01:00:00,2016-02-09T13:00:00Z,2016-02-09T14:00:00+01:00,2016-02-09T14:00:00Z,2016-02-09T15:00:00+01:00,1,01:00:00,1,24:00:00,100.0,2400.0,2016-02-08T14:00:00Z,2016-02-08T15:00:00+01:00,2016-02-09T14:00:00Z,2016-02-09T15:00:00+01:00
8.31818181818182,,,False,2,pm25,µg/m³,,raw,01:00:00,2016-02-09T14:00:00Z,2016-02-09T15:00:00+01:00,2016-02-09T15:00:00Z,2016-02-09T16:00:00+01:00,1,01:00:00,1,24:00:00,100.0,2400.0,2016-02-08T15:00:00Z,2016-02-08T16:00:00+01:00,2016-02-09T15:00:00Z,2016-02-09T16:00:00+01:00
8.27272727272727,,,False,2,pm25,µg/m³,,raw,01:00:00,2016-02-09T15:00:00Z,2016-02-09T16:00:00+01:00,2016-02-09T16:00:00Z,2016-02-09T17:00:00+01:00,1,01:00:00,1,24:00:00,100.0,2400.0,2016-02-08T16:00:00Z,2016-02-08T17:00:00+01:00,2016-02-09T16:00:00Z,2016-02-09T17:00:00+01:00
8.17391304347826,,,False,2,pm25,µg/m³,,raw,01:00:00,2016-02-09T16:00:00Z,2016-02-09T17:00:00+01:00,2016-02-09T17:00:00Z,2016-02-09T18:00:00+01:00,1,01:00:00,1,24:00:00,100.0,2400.0,2016-02-08T17:00:00Z,2016-02-08T18:00:00+01:00,2016-02-09T17:00:00Z,2016-02-09T18:00:00+01:00
8.22727272727273,,,False,2,pm25,µg/m³,,raw,01:00:00,2016-02-09T17:00:00Z,2016-02-09T18:00:00+01:00,2016-02-09T18:00:00Z,2016-02-09T19:00:00+01:00,1,01:00:00,1,24:00:00,100.0,2400.0,2016-02-08T18:00:00Z,2016-02-08T19:00:00+01:00,2016-02-09T18:00:00Z,2016-02-09T19:00:00+01:00
8.1304347826087,,,False,2,pm25,µg/m³,,raw,01:00:00,2016-02-09T18:00:00Z,2016-02-09T19:00:00+01:00,2016-02-09T19:00:00Z,2016-02-09T20:00:00+01:00,1,01:00:00,1,24:00:00,100.0,2400.0,2016-02-08T19:00:00Z,2016-02-08T20:00:00+01:00,2016-02-09T19:00:00Z,2016-02-09T20:00:00+01:00
8.13636363636364,,,False,2,pm25,µg/m³,,raw,01:00:00,2016-02-09T19:00:00Z,2016-02-09T20:00:00+01:00,2016-02-09T20:00:00Z,2016-02-09T21:00:00+01:00,1,01:00:00,1,24:00:00,100.0,2400.0,2016-02-08T20:00:00Z,2016-02-08T21:00:00+01:00,2016-02-09T20:00:00Z,2016-02-09T21:00:00+01:00
8.14285714285714,,,False,2,pm25,µg/m³,,raw,01:00:00,2016-02-09T20:00:00Z,2016-02-09T21:00:00+01:00,2016-02-09T21:00:00Z,2016-02-09T22:00:00+01:00,1,01:00:00,1,24:00:00,100.0,2400.0,2016-02-08T21:00:00Z,2016-02-08T22:00:00+01:00,2016-02-09T21:00:00Z,2016-02-09T22:00:00+01:00
8.23809523809524,,,False,2,pm25,µg/m³,,raw,01:00:00,2016-02-09T21:00:00Z,2016-02-09T22:00:00+01:00,2016-02-09T22:00:00Z,2016-02-09T23:00:00+01:00,1,01:00:00,1,24:00:00,100.0,2400.0,2016-02-08T22:00:00Z,2016-02-08T23:00:00+01:00,2016-02-09T22:00:00Z,2016-02-09T23:00:00+01:00
9.13636363636364,,,False,2,pm25,µg/m³,,raw,01:00:00,2016-02-09T22:00:00Z,2016-02-09T23:00:00+01:00,2016-02-09T23:00:00Z,2016-02-10T00:00:00+01:00,1,01:00:00,1,24:00:00,100.0,2400.0,2016-02-08T23:00:00Z,2016-02-09T00:00:00+01:00,2016-02-09T23:00:00Z,2016-02-10T00:00:00+01:00
9.31818181818182,,,False,2,pm25,µg/m³,,raw,01:00:00,2016-02-09T23:00:00Z,2016-02-10T00:00:00+01:00,2016-02-10T00:00:00Z,2016-02-10T01:00:00+01:00,1,01:00:00,1,24:00:00,100.0,2400.0,2016-02-09T00:00:00Z,2016-02-09T01:00:00+01:00,2016-02-10T00:00:00Z,2016-02-10T01:00:00+01:00
9.5,,,False,2,pm25,µg/m³,,raw,01:00:00,2016-02-10T00:00:00Z,2016-02-10T01:00:00+01:00,2016-02-10T01:00:00Z,2016-02-10T02:00:00+01:00,1,01:00:00,1,24:00:00,100.0,2400.0,2016-02-09T01:00:00Z,2016-02-09T02:00:00+01:00,2016-02-10T01:00:00Z,2016-02-10T02:00:00+01:00
9.61904761904762,,,False,2,pm25,µg/m³,,raw,01:00:00,2016-02-10T01:00:00Z,2016-02-10T02:00:00+01:00,2016-02-10T02:00:00Z,2016-02-10T03:00:00+01:00,1,01:00:00,1,24:00:00,100.0,2400.0,2016-02-09T02:00:00Z,2016-02-09T03:00:00+01:00,2016-02-10T02:00:00Z,2016-02-10T03:00:00+01:00
9.85,,,False,2,pm25,µg/m³,,raw,01:00:00,2016-02-10T02:00:00Z,2016-02-10T03:00:00+01:00,2016-02-10T03:00:00Z,2016-02-10T04:00:00+01:00,1,01:00:00,1,24:00:00,100.0,2400.0,2016-02-09T03:00:00Z,2016-02-09T04:00:00+01:00,2016-02-10T03:00:00Z,2016-02-10T04:00:00+01:00
9.56521739130435,,,False,2,pm25,µg/m³,,raw,01:00:00,2016-02-10T03:00:00Z,2016-02-10T04:00:00+01:00,2016-02-10T04:00:00Z,2016-02-10T05:00:00+01:00,1,01:00:00,1,24:00:00,100.0,2400.0,2016-02-09T04:00:00Z,2016-02-09T05:00:00+01:00,2016-02-10T04:00:00Z,2016-02-10T05:00:00+01:00
9.47826086956522,,,False,2,pm25,µg/m³,,raw,01:00:00,2016-02-10T04:00:00Z,2016-02-10T05:00:00+01:00,2016-02-10T05:00:00Z,2016-02-10T06:00:00+01:00,1,01:00:00,1,24:00:00,100.0,2400.0,2016-02-09T05:00:00Z,2016-02-09T06:00:00+01:00,2016-02-10T05:00:00Z,2016-02-10T06:00:00+01:00
9.40909090909091,,,False,2,pm25,µg/m³,,raw,01:00:00,2016-02-10T05:00:00Z,2016-02-10T06:00:00+01:00,2016-02-10T06:00:00Z,2016-02-10T07:00:00+01:00,1,01:00:00,1,24:00:00,100.0,2400.0,2016-02-09T06:00:00Z,2016-02-09T07:00:00+01:00,2016-02-10T06:00:00Z,2016-02-10T07:00:00+01:00
8.82608695652174,,,False,2,pm25,µg/m³,,raw,01:00:00,2016-02-10T06:00:00Z,2016-02-10T07:00:00+01:00,2016-02-10T07:00:00Z,2016-02-10T08:00:00+01:00,1,01:00:00,1,24:00:00,100.0,2400.0,2016-02-09T07:00:00Z,2016-02-09T08:00:00+01:00,2016-02-10T07:00:00Z,2016-02-10T08:00:00+01:00
8.68181818181818,,,False,2,pm25,µg/m³,,raw,01:00:00,2016-02-10T07:00:00Z,2016-02-10T08:00:00+01:00,2016-02-10T08:00:00Z,2016-02-10T09:00:00+01:00,1,01:00:00,1,24:00:00,100.0,2400.0,2016-02-09T08:00:00Z,2016-02-09T09:00:00+01:00,2016-02-10T08:00:00Z,2016-02-10T09:00:00+01:00
8.36363636363636,,,False,2,pm25,µg/m³,,raw,01:00:00,2016-02-10T08:00:00Z,2016-02-10T09:00:00+01:00,2016-02-10T09:00:00Z,2016-02-10T10:00:00+01:00,1,01:00:00,1,24:00:00,100.0,2400.0,2016-02-09T09:00:00Z,2016-02-09T10:00:00+01:00,2016-02-10T09:00:00Z,2016-02-10T10:00:00+01:00
8.18181818181818,,,False,2,pm25,µg/m³,,raw,01:00:00,2016-02-10T09:00:00Z,2016-02-10T10:00:00+01:00,2016-02-10T10:00:00Z,2016-02-10T11:00:00+01:00,1,01:00:00,1,24:00:00,100.0,2400.0,2016-02-09T10:00:00Z,2016-02-09T11:00:00+01:00,2016-02-10T10:00:00Z,2016-02-10T11:00:00+01:00
8.13636363636364,,,False,2,pm25,µg/m³,,raw,01:00:00,2016-02-10T10:00:00Z,2016-02-10T11:00:00+01:00,2016-02-10T11:00:00Z,2016-02-10T12:00:00+01:00,1,01:00:00,1,24:00:00,100.0,2400.0,2016-02-09T11:00:00Z,2016-02-09T12:00:00+01:00,2016-02-10T11:00:00Z,2016-02-10T12:00:00+01:00
8.09090909090909,,,False,2,pm25,µg/m³,,raw,01:00:00,2016-02-10T11:00:00Z,2016-02-10T12:00:00+01:00,2016-02-10T12:00:00Z,2016-02-10T13:00:00+01:00,1,01:00:00,1,24:00:00,100.0,2400.0,2016-02-09T12:00:00Z,2016-02-09T13:00:00+01:00,2016-02-10T12:00:00Z,2016-02-10T13:00:00+01:00
8.22727272727273,,,False,2,pm25,µg/m³,,raw,01:00:00,2016-02-10T12:00:00Z,2016-02-10T13:00:00+01:00,2016-02-10T13:00:00Z,2016-02-10T14:00:00+01:00,1,01:00:00,1,24:00:00,100.0,2400.0,2016-02-09T13:00:00Z,2016-02-09T14:00:00+01:00,2016-02-10T13:00:00Z,2016-02-10T14:00:00+01:00
8.36363636363636,,,False,2,pm25,µg/m³,,raw,01:00:00,2016-02-10T13:00:00Z,2016-02-10T14:00:00+01:00,2016-02-10T14:00:00Z,2016-02-10T15:00:00+01:00,1,01:00:00,1,24:00:00,100.0,2400.0,2016-02-09T14:00:00Z,2016-02-09T15:00:00+01:00,2016-02-10T14:00:00Z,2016-02-10T15:00:00+01:00
8.31818181818182,,,False,2,pm25,µg/m³,,raw,01:00:00,2016-02-10T14:00:00Z,2016-02-10T15:00:00+01:00,2016-02-10T15:00:00Z,2016-02-10T16:00:00+01:00,1,01:00:00,1,24:00:00,100.0,2400.0,2016-02-09T15:00:00Z,2016-02-09T16:00:00+01:00,2016-02-10T15:00:00Z,2016-02-10T16:00:00+01:00
8.27272727272727,,,False,2,pm25,µg/m³,,raw,01:00:00,2016-02-10T15:00:00Z,2016-02-10T16:00:00+01:00,2016-02-10T16:00:00Z,2016-02-10T17:00:00+01:00,1,01:00:00,1,24:00:00,100.0,2400.0,2016-02-09T16:00:00Z,2016-02-09T17:00:00+01:00,2016-02-10T16:00:00Z,2016-02-10T17:00:00+01:00
8.22727272727273,,,False,2,pm25,µg/m³,,raw,01:00:00,2016-02-10T16:00:00Z,2016-02-10T17:00:00+01:00,2016-02-10T17:00:00Z,2016-02-10T18:00:00+01:00,1,01:00:00,1,24:00:00,100.0,2400.0,2016-02-09T17:00:00Z,2016-02-09T18:00:00+01:00,2016-02-10T17:00:00Z,2016-02-10T18:00:00+01:00
8.38095238095238,,,False,2,pm25,µg/m³,,raw,01:00:00,2016-02-10T17:00:00Z,2016-02-10T18:00:00+01:00,2016-02-10T18:00:00Z,2016-02-10T19:00:00+01:00,1,01:00:00,1,24:00:00,100.0,2400.0,2016-02-09T18:00:00Z,2016-02-09T19:00:00+01:00,2016-02-10T18:00:00Z,2016-02-10T19:00:00+01:00
8.0,,,False,2,pm25,µg/m³,,raw,01:00:00,2016-02-10T18:00:00Z,2016-02-10T19:00:00+01:00,2016-02-10T19:00:00Z,2016-02-10T20:00:00+01:00,1,01:00:00,1,24:00:00,100.0,2400.0,2016-02-09T19:00:00Z,2016-02-09T20:00:00+01:00,2016-02-10T19:00:00Z,2016-02-10T20:00:00+01:00
7.40909090909091,,,False,2,pm25,µg/m³,,raw,01:00:00,2016-02-10T19:00:00Z,2016-02-10T20:00:00+01:00,2016-02-10T20:00:00Z,2016-02-10T21:00:00+01:00,1,01:00:00,1,24:00:00,100.0,2400.0,2016-02-09T20:00:00Z,2016-02-09T21:00:00+01:00,2016-02-10T20:00:00Z,2016-02-10T21:00:00+01:00
7.09090909090909,,,False,2,pm25,µg/m³,,raw,01:00:00,2016-02-10T20:00:00Z,2016-02-10T21:00:00+01:00,2016-02-10T21:00:00Z,2016-02-10T22:00:00+01:00,1,01:00:00,1,24:00:00,100.0,2400.0,2016-02-09T21:00:00Z,2016-02-09T22:00:00+01:00,2016-02-10T21:00:00Z,2016-02-10T22:00:00+01:00
6.95454545454545,,,False,2,pm25,µg/m³,,raw,01:00:00,2016-02-10T21:00:00Z,2016-02-10T22:00:00+01:00,2016-02-10T22:00:00Z,2016-02-10T23:00:00+01:00,1,01:00:00,1,24:00:00,100.0,2400.0,2016-02-09T22:00:00Z,2016-02-09T23:00:00+01:00,2016-02-10T22:00:00Z,2016-02-10T23:00:00+01:00
7.0,,,False,2,pm25,µg/m³,,raw,01:00:00,2016-02-10T22:00:00Z,2016-02-10T23:00:00+01:00,2016-02-10T23:00:00Z,2016-02-11T00:00:00+01:00,1,01:00:00,1,24:00:00,100.0,2400.0,2016-02-09T23:00:00Z,2016-02-10T00:00:00+01:00,2016-02-10T23:00:00Z,2016-02-11T00:00:00+01:00
7.27272727272727,,,False,2,pm25,µg/m³,,raw,01:00:00,2016-02-10T23:00:00Z,2016-02-11T00:00:00+01:00,2016-02-11T00:00:00Z,2016-02-11T01:00:00+01:00,1,01:00:00,1,24:00:00,100.0,2400.0,2016-02-10T00:00:00Z,2016-02-10T01:00:00+01:00,2016-02-11T00:00:00Z,2016-02-11T01:00:00+01:00
7.31818181818182,,,False,2,pm25,µg/m³,,raw,01:00:00,2016-02-11T00:00:00Z,2016-02-11T01:00:00+01:00,2016-02-11T01:00:00Z,2016-02-11T02:00:00+01:00,1,01:00:00,1,24:00:00,100.0,2400.0,2016-02-10T01:00:00Z,2016-02-10T02:00:00+01:00,2016-02-11T01:00:00Z,2016-02-11T02:00:00+01:00
7.33333333333333,,,False,2,pm25,µg/m³,,raw,01:00:00,2016-02-11T01:00:00Z,2016-02-11T02:00:00+01:00,2016-02-11T02:00:00Z,2016-02-11T03:00:00+01:00,1,01:00:00,1,24:00:00,100.0,2400.0,2016-02-10T02:00:00Z,2016-02-10T03:00:00+01:00,2016-02-11T02:00:00Z,2016-02-11T03:00:00+01:00
7.71428571428571,,,False,2,pm25,µg/m³,,raw,01:00:00,2016-02-11T02:00:00Z,2016-02-11T03:00:00+01:00,2016-02-11T03:00:00Z,2016-02-11T04:00:00+01:00,1,01:00:00,1,24:00:00,100.0,2400.0,2016-02-10T03:00:00Z,2016-02-10T04:00:00+01:00,2016-02-11T03:00:00Z,2016-02-11T04:00:00+01:00
8.63636363636364,,,False,2,pm25,µg/m³,,raw,01:00:00,2016-02-11T03:00:00Z,2016-02-11T04:00:00+01:00,2016-02-11T04:00:00Z,2016-02-11T05:00:00+01:00,1,01:00:00,1,24:00:00,100.0,2400.0,2016-02-10T04:00:00Z,2016-02-10T05:00:00+01:00,2016-02-11T04:00:00Z,2016-02-11T05:00:00+01:00
8.85714285714286,,,False,2,pm25,µg/m³,,raw,01:00:00,2016-02-11T04:00:00Z,2016-02-11T05:00:00+01:00,2016-02-11T05:00:00Z,2016-02-11T06:00:00+01:00,1,01:00:00,1,24:00:00,100.0,2400.0,2016-02-10T05:00:00Z,2016-02-10T06:00:00+01:00,2016-02-11T05:00:00Z,2016-02-11T06:00:00+01:00
10.3478260869565,,,False,2,pm25,µg/m³,,raw,01:00:00,2016-02-11T05:00:00Z,2016-02-11T06:00:00+01:00,2016-02-11T06:00:00Z,2016-02-11T07:00:00+01:00,1,01:00:00,1,24:00:00,100.0,2400.0,2016-02-10T06:00:00Z,2016-02-10T07:00:00+01:00,2016-02-11T06:00:00Z,2016-02-11T07:00:00+01:00
10.5454545454545,,,False,2,pm25,µg/m³,,raw,01:00:00,2016-02-11T06:00:00Z,2016-02-11T07:00:00+01:00,2016-02-11T07:00:00Z,2016-02-11T08:00:00+01:00,1,01:00:00,1,24:00:00,100.0,2400.0,2016-02-10T07:00:00Z,2016-02-10T08:00:00+01:00,2016-02-11T07:00:00Z,2016-02-11T08:00:00+01:00
11.1739130434783,,,False,2,pm25,µg/m³,,raw,01:00:00,2016-02-11T07:00:00Z,2016-02-11T08:00:00+01:00,2016-02-11T08:00:00Z,2016-02-11T09:00:00+01:00,1,01:00:00,1,24:00:00,100.0,2400.0,2016-02-10T08:00:00Z,2016-02-10T09:00:00+01:00,2016-02-11T08:00:00Z,2016-02-11T09:00:00+01:00
11.8260869565217,,,False,2,pm25,µg/m³,,raw,01:00:00,2016-02-11T08:00:00Z,2016-02-11T09:00:00+01:00,2016-02-11T09:00:00Z,2016-02-11T10:00:00+01:00,1,01:00:00,1,24:00:00,100.0,2400.0,2016-02-10T09:00:00Z,2016-02-10T10:00:00+01:00,2016-02-11T09:00:00Z,2016-02-11T10:00:00+01:00
12.0909090909091,,,False,2,pm25,µg/m³,,raw,01:00:00,2016-02-11T09:00:00Z,2016-02-11T10:00:00+01:00,2016-02-11T10:00:00Z,2016-02-11T11:00:00+01:00,1,01:00:00,1,24:00:00,100.0,2400.0,2016-02-10T10:00:00Z,2016-02-10T11:00:00+01:00,2016-02-11T10:00:00Z,2016-02-11T11:00:00+01:00
12.5454545454545,,,False,2,pm25,µg/m³,,raw,01:00:00,2016-02-11T10:00:00Z,2016-02-11T11:00:00+01:00,2016-02-11T11:00:00Z,2016-02-11T12:00:00+01:00,1,01:00:00,1,24:00:00,100.0,2400.0,2016-02-10T11:00:00Z,2016-02-10T12:00:00+01:00,2016-02-11T11:00:00Z,2016-02-11T12:00:00+01:00
12.8636363636364,,,False,2,pm25,µg/m³,,raw,01:00:00,2016-02-11T11:00:00Z,2016-02-11T12:00:00+01:00,2016-02-11T12:00:00Z,2016-02-11T13:00:00+01:00,1,01:00:00,1,24:00:00,100.0,2400.0,2016-02-10T12:00:00Z,2016-02-10T13:00:00+01:00,2016-02-11T12:00:00Z,2016-02-11T13:00:00+01:00
13.5454545454545,,,False,2,pm25,µg/m³,,raw,01:00:00,2016-02-11T12:00:00Z,2016-02-11T13:00:00+01:00,2016-02-11T13:00:00Z,2016-02-11T14:00:00+01:00,1,01:00:00,1,24:00:00,100.0,2400.0,2016-02-10T13:00:00Z,2016-02-10T14:00:00+01:00,2016-02-11T13:00:00Z,2016-02-11T14:00:00+01:00
13.7727272727273,,,False,2,pm25,µg/m³,,raw,01:00:00,2016-02-11T13:00:00Z,2016-02-11T14:00:00+01:00,2016-02-11T14:00:00Z,2016-02-11T15:00:00+01:00,1,01:00:00,1,24:00:00,100.0,2400.0,2016-02-10T14:00:00Z,2016-02-10T15:00:00+01:00,2016-02-11T14:00:00Z,2016-02-11T15:00:00+01:00
14.1904761904762,,,False,2,pm25,µg/m³,,raw,01:00:00,2016-02-11T14:00:00Z,2016-02-11T15:00:00+01:00,2016-02-11T15:00:00Z,2016-02-11T16:00:00+01:00,1,01:00:00,1,24:00:00,100.0,2400.0,2016-02-10T15:00:00Z,2016-02-10T16:00:00+01:00,2016-02-11T15:00:00Z,2016-02-11T16:00:00+01:00
14.5714285714286,,,False,2,pm25,µg/m³,,raw,01:00:00,2016-02-11T15:00:00Z,2016-02-11T16:00:00+01:00,2016-02-11T16:00:00Z,2016-02-11T17:00:00+01:00,1,01:00:00,1,24:00:00,100.0,2400.0,2016-02-10T16:00:00Z,2016-02-10T17:00:00+01:00,2016-02-11T16:00:00Z,2016-02-11T17:00:00+01:00
14.6818181818182,,,False,2,pm25,µg/m³,,raw,01:00:00,2016-02-11T16:00:00Z,2016-02-11T17:00:00+01:00,2016-02-11T17:00:00Z,2016-02-11T18:00:00+01:00,1,01:00:00,1,24:00:00,100.0,2400.0,2016-02-10T17:00:00Z,2016-02-10T18:00:00+01:00,2016-02-11T17:00:00Z,2016-02-11T18:00:00+01:00
15.047619047619,,,False,2,pm25,µg/m³,,raw,01:00:00,2016-02-11T17:00:00Z,2016-02-11T18:00:00+01:00,2016-02-11T18:00:00Z,2016-02-11T19:00:00+01:00,1,01:00:00,1,24:00:00,100.0,2400.0,2016-02-10T18:00:00Z,2016-02-10T19:00:00+01:00,2016-02-11T18:00:00Z,2016-02-11T19:00:00+01:00
15.047619047619,,,False,2,pm25,µg/m³,,raw,01:00:00,2016-02-11T18:00:00Z,2016-02-11T19:00:00+01:00,2016-02-11T19:00:00Z,2016-02-11T20:00:00+01:00,1,01:00:00,1,24:00:00,100.0,2400.0,2016-02-10T19:00:00Z,2016-02-10T20:00:00+01:00,2016-02-11T19:00:00Z,2016-02-11T20:00:00+01:00
15.25,,,False,2,pm25,µg/m³,,raw,01:00:00,2016-02-11T19:00:00Z,2016-02-11T20:00:00+01:00,2016-02-11T20:00:00Z,2016-02-11T21:00:00+01:00,1,01:00:00,1,24:00:00,100.0,2400.0,2016-02-10T20:00:00Z,2016-02-10T21:00:00+01:00,2016-02-11T20:00:00Z,2016-02-11T21:00:00+01:00
14.9047619047619,,,False,2,pm25,µg/m³,,raw,01:00:00,2016-02-11T20:00:00Z,2016-02-11T21:00:00+01:00,2016-02-11T21:00:00Z,2016-02-11T22:00:00+01:00,1,01:00:00,1,24:00:00,100.0,2400.0,2016-02-10T21:00:00Z,2016-02-10T22:00:00+01:00,2016-02-11T21:00:00Z,2016-02-11T22:00:00+01:00
14.6190476190476,,,False,2,pm25,µg/m³,,raw,01:00:00,2016-02-11T21:00:00Z,2016-02-11T22:00:00+01:00,2016-02-11T22:00:00Z,2016-02-11T23:00:00+01:00,1,01:00:00,1,24:00:00,100.0,2400.0,2016-02-10T22:00:00Z,2016-02-10T23:00:00+01:00,2016-02-11T22:00:00Z,2016-02-11T23:00:00+01:00
14.6666666666667,,,False,2,pm25,µg/m³,,raw,01:00:00,2016-02-11T22:00:00Z,2016-02-11T23:00:00+01:00,2016-02-11T23:00:00Z,2016-02-12T00:00:00+01:00,1,01:00:00,1,24:00:00,100.0,2400.0,2016-02-10T23:00:00Z,2016-02-11T00:00:00+01:00,2016-02-11T23:00:00Z,2016-02-12T00:00:00+01:00
14.3809523809524,,,False,2,pm25,µg/m³,,raw,01:00:00,2016-02-11T23:00:00Z,2016-02-12T00:00:00+01:00,2016-02-12T00:00:00Z,2016-02-12T01:00:00+01:00,1,01:00:00,1,24:00:00,100.0,2400.0,2016-02-11T00:00:00Z,2016-02-11T01:00:00+01:00,2016-02-12T00:00:00Z,2016-02-12T01:00:00+01:00
13.9047619047619,,,False,2,pm25,µg/m³,,raw,01:00:00,2016-02-12T00:00:00Z,2016-02-12T01:00:00+01:00,2016-02-12T01:00:00Z,2016-02-12T02:00:00+01:00,1,01:00:00,1,24:00:00,100.0,2400.0,2016-02-11T01:00:00Z,2016-02-11T02:00:00+01:00,2016-02-12T01:00:00Z,2016-02-12T02:00:00+01:00
13.75,,,False,2,pm25,µg/m³,,raw,01:00:00,2016-02-12T01:00:00Z,2016-02-12T02:00:00+01:00,2016-02-12T02:00:00Z,2016-02-12T03:00:00+01:00,1,01:00:00,1,24:00:00,100.0,2400.0,2016-02-11T02:00:00Z,2016-02-11T03:00:00+01:00,2016-02-12T02:00:00Z,2016-02-12T03:00:00+01:00
13.5,,,False,2,pm25,µg/m³,,raw,01:00:00,2016-02-12T02:00:00Z,2016-02-12T03:00:00+01:00,2016-02-12T03:00:00Z,2016-02-12T04:00:00+01:00,1,01:00:00,1,24:00:00,100.0,2400.0,2016-02-11T03:00:00Z,2016-02-11T04:00:00+01:00,2016-02-12T03:00:00Z,2016-02-12T04:00:00+01:00
12.0909090909091,,,False,2,pm25,µg/m³,,raw,01:00:00,2016-02-12T03:00:00Z,2016-02-12T04:00:00+01:00,2016-02-12T04:00:00Z,2016-02-12T05:00:00+01:00,1,01:00:00,1,24:00:00,100.0,2400.0,2016-02-11T04:00:00Z,2016-02-11T05:00:00+01:00,2016-02-12T04:00:00Z,2016-02-12T05:00:00+01:00
11.6818181818182,,,False,2,pm25,µg/m³,,raw,01:00:00,2016-02-12T04:00:00Z,2016-02-12T05:00:00+01:00,2016-02-12T05:00:00Z,2016-02-12T06:00:00+01:00,1,01:00:00,1,24:00:00,100.0,2400.0,2016-02-11T05:00:00Z,2016-02-11T06:00:00+01:00,2016-02-12T05:00:00Z,2016-02-12T06:00:00+01:00
11.5238095238095,,,False,2,pm25,µg/m³,,raw,01:00:00,2016-02-12T05:00:00Z,2016-02-12T06:00:00+01:00,2016-02-12T06:00:00Z,2016-02-12T07:00:00+01:00,1,01:00:00,1,24:00:00,100.0,2400.0,2016-02-11T06:00:00Z,2016-02-11T07:00:00+01:00,2016-02-12T06:00:00Z,2016-02-12T07:00:00+01:00
11.5,,,False,2,pm25,µg/m³,,raw,01:00:00,2016-02-12T06:00:00Z,2016-02-12T07:00:00+01:00,2016-02-12T07:00:00Z,2016-02-12T08:00:00+01:00,1,01:00:00,1,24:00:00,100.0,2400.0,2016-02-11T07:00:00Z,2016-02-11T08:00:00+01:00,2016-02-12T07:00:00Z,2016-02-12T08:00:00+01:00
11.0,,,False,2,pm25,µg/m³,,raw,01:00:00,2016-02-12T07:00:00Z,2016-02-12T08:00:00+01:00,2016-02-12T08:00:00Z,2016-02-12T09:00:00+01:00,1,01:00:00,1,24:00:00,100.0,2400.0,2016-02-11T08:00:00Z,2016-02-11T09:00:00+01:00,2016-02-12T08:00:00Z,2016-02-12T09:00:00+01:00
10.7142857142857,,,False,2,pm25,µg/m³,,raw,01:00:00,2016-02-12T08:00:00Z,2016-02-12T09:00:00+01:00,2016-02-12T09:00:00Z,2016-02-12T10:00:00+01:00,1,01:00:00,1,24:00:00,100.0,2400.0,2016-02-11T09:00:00Z,2016-02-11T10:00:00+01:00,2016-02-12T09:00:00Z,2016-02-12T10:00:00+01:00
10.55,,,False,2,pm25,µg/m³,,raw,01:00:00,2016-02-12T09:00:00Z,2016-02-12T10:00:00+01:00,2016-02-12T10:00:00Z,2016-02-12T11:00:00+01:00,1,01:00:00,1,24:00:00,100.0,2400.0,2016-02-11T10:00:00Z,2016-02-11T11:00:00+01:00,2016-02-12T10:00:00Z,2016-02-12T11:00:00+01:00
11.2272727272727,,,False,2,pm25,µg/m³,,raw,01:00:00,2016-02-12T10:00:00Z,2016-02-12T11:00:00+01:00,2016-02-12T11:00:00Z,2016-02-12T12:00:00+01:00,1,01:00:00,1,24:00:00,100.0,2400.0,2016-02-11T11:00:00Z,2016-02-11T12:00:00+01:00,2016-02-12T11:00:00Z,2016-02-12T12:00:00+01:00
11.0454545454545,,,False,2,pm25,µg/m³,,raw,01:00:00,2016-02-12T11:00:00Z,2016-02-12T12:00:00+01:00,2016-02-12T12:00:00Z,2016-02-12T13:00:00+01:00,1,01:00:00,1,24:00:00,100.0,2400.0,2016-02-11T12:00:00Z,2016-02-11T13:00:00+01:00,2016-02-12T12:00:00Z,2016-02-12T13:00:00+01:00
11.0454545454545,,,False,2,pm25,µg/m³,,raw,01:00:00,2016-02-12T12:00:00Z,2016-02-12T13:00:00+01:00,2016-02-12T13:00:00Z,2016-02-12T14:00:00+01:00,1,01:00:00,1,24:00:00,100.0,2400.0,2016-02-11T13:00:00Z,2016-02-11T14:00:00+01:00,2016-02-12T13:00:00Z,2016-02-12T14:00:00+01:00
10.8571428571429,,,False,2,pm25,µg/m³,,raw,01:00:00,2016-02-12T13:00:00Z,2016-02-12T14:00:00+01:00,2016-02-12T14:00:00Z,2016-02-12T15:00:00+01:00,1,01:00:00,1,24:00:00,100.0,2400.0,2016-02-11T14:00:00Z,2016-02-11T15:00:00+01:00,2016-02-12T14:00:00Z,2016-02-12T15:00:00+01:00
10.7727272727273,,,False,2,pm25,µg/m³,,raw,01:00:00,2016-02-12T14:00:00Z,2016-02-12T15:00:00+01:00,2016-02-12T15:00:00Z,2016-02-12T16:00:00+01:00,1,01:00:00,1,24:00:00,100.0,2400.0,2016-02-11T15:00:00Z,2016-02-11T16:00:00+01:00,2016-02-12T15:00:00Z,2016-02-12T16:00:00+01:00
10.5909090909091,,,False,2,pm25,µg/m³,,raw,01:00:00,2016-02-12T15:00:00Z,2016-02-12T16:00:00+01:00,2016-02-12T16:00:00Z,2016-02-12T17:00:00+01:00,1,01:00:00,1,24:00:00,100.0,2400.0,2016-02-11T16:00:00Z,2016-02-11T17:00:00+01:00,2016-02-12T16:00:00Z,2016-02-12T17:00:00+01:00
10.5454545454545,,,False,2,pm25,µg/m³,,raw,01:00:00,2016-02-12T16:00:00Z,2016-02-12T17:00:00+01:00,2016-02-12T17:00:00Z,2016-02-12T18:00:00+01:00,1,01:00:00,1,24:00:00,100.0,2400.0,2016-02-11T17:00:00Z,2016-02-11T18:00:00+01:00,2016-02-12T17:00:00Z,2016-02-12T18:00:00+01:00
10.5909090909091,,,False,2,pm25,µg/m³,,raw,01:00:00,2016-02-12T17:00:00Z,2016-02-12T18:00:00+01:00,2016-02-12T18:00:00Z,2016-02-12T19:00:00+01:00,1,01:00:00,1,24:00:00,100.0,2400.0,2016-02-11T18:00:00Z,2016-02-11T19:00:00+01:00,2016-02-12T18:00:00Z,2016-02-12T19:00:00+01:00
10.7272727272727,,,False,2,pm25,µg/m³,,raw,01:00:00,2016-02-12T18:00:00Z,2016-02-12T19:00:00+01:00,2016-02-12T19:00:00Z,2016-02-12T20:00:00+01:00,1,01:00:00,1,24:00:00,100.0,2400.0,2016-02-11T19:00:00Z,2016-02-11T20:00:00+01:00,2016-02-12T19:00:00Z,2016-02-12T20:00:00+01:00
10.8571428571429,,,False,2,pm25,µg/m³,,raw,01:00:00,2016-02-12T19:00:00Z,2016-02-12T20:00:00+01:00,2016-02-12T20:00:00Z,2016-02-12T21:00:00+01:00,1,01:00:00,1,24:00:00,100.0,2400.0,2016-02-11T20:00:00Z,2016-02-11T21:00:00+01:00,2016-02-12T20:00:00Z,2016-02-12T21:00:00+01:00
11.0,,,False,2,pm25,µg/m³,,raw,01:00:00,2016-02-12T20:00:00Z,2016-02-12T21:00:00+01:00,2016-02-12T21:00:00Z,2016-02-12T22:00:00+01:00,1,01:00:00,1,24:00:00,100.0,2400.0,2016-02-11T21:00:00Z,2016-02-11T22:00:00+01:00,2016-02-12T21:00:00Z,2016-02-12T22:00:00+01:00
11.0909090909091,,,False,2,pm25,µg/m³,,raw,01:00:00,2016-02-12T21:00:00Z,2016-02-12T22:00:00+01:00,2016-02-12T22:00:00Z,2016-02-12T23:00:00+01:00,1,01:00:00,1,24:00:00,100.0,2400.0,2016-02-11T22:00:00Z,2016-02-11T23:00:00+01:00,2016-02-12T22:00:00Z,2016-02-12T23:00:00+01:00
11.2727272727273,,,False,2,pm25,µg/m³,,raw,01:00:00,2016-02-12T22:00:00Z,2016-02-12T23:00:00+01:00,2016-02-12T23:00:00Z,2016-02-13T00:00:00+01:00,1,01:00:00,1,24:00:00,100.0,2400.0,2016-02-11T23:00:00Z,2016-02-12T00:00:00+01:00,2016-02-12T23:00:00Z,2016-02-13T00:00:00+01:00
11.7272727272727,,,False,2,pm25,µg/m³,,raw,01:00:00,2016-02-12T23:00:00Z,2016-02-13T00:00:00+01:00,2016-02-13T00:00:00Z,2016-02-13T01:00:00+01:00,1,01:00:00,1,24:00:00,100.0,2400.0,2016-02-12T00:00:00Z,2016-02-12T01:00:00+01:00,2016-02-13T00:00:00Z,2016-02-13T01:00:00+01:00
11.9090909090909,,,False,2,pm25,µg/m³,,raw,01:00:00,2016-02-13T00:00:00Z,2016-02-13T01:00:00+01:00,2016-02-13T01:00:00Z,2016-02-13T02:00:00+01:00,1,01:00:00,1,24:00:00,100.0,2400.0,2016-02-12T01:00:00Z,2016-02-12T02:00:00+01:00,2016-02-13T01:00:00Z,2016-02-13T02:00:00+01:00
12.0952380952381,,,False,2,pm25,µg/m³,,raw,01:00:00,2016-02-13T01:00:00Z,2016-02-13T02:00:00+01:00,2016-02-13T02:00:00Z,2016-02-13T03:00:00+01:00,1,01:00:00,1,24:00:00,100.0,2400.0,2016-02-12T02:00:00Z,2016-02-12T03:00:00+01:00,2016-02-13T02:00:00Z,2016-02-13T03:00:00+01:00
12.9047619047619,,,False,2,pm25,µg/m³,,raw,01:00:00,2016-02-13T02:00:00Z,2016-02-13T03:00:00+01:00,2016-02-13T03:00:00Z,2016-02-13T04:00:00+01:00,1,01:00:00,1,24:00:00,100.0,2400.0,2016-02-12T03:00:00Z,2016-02-12T04:00:00+01:00,2016-02-13T03:00:00Z,2016-02-13T04:00:00+01:00
14.3478260869565,,,False,2,pm25,µg/m³,,raw,01:00:00,2016-02-13T03:00:00Z,2016-02-13T04:00:00+01:00,2016-02-13T04:00:00Z,2016-02-13T05:00:00+01:00,1,01:00:00,1,24:00:00,100.0,2400.0,2016-02-12T04:00:00Z,2016-02-12T05:00:00+01:00,2016-02-13T04:00:00Z,2016-02-13T05:00:00+01:00
14.695652173913,,,False,2,pm25,µg/m³,,raw,01:00:00,2016-02-13T04:00:00Z,2016-02-13T05:00:00+01:00,2016-02-13T05:00:00Z,2016-02-13T06:00:00+01:00,1,01:00:00,1,24:00:00,100.0,2400.0,2016-02-12T05:00:00Z,2016-02-12T06:00:00+01:00,2016-02-13T05:00:00Z,2016-02-13T06:00:00+01:00
15.0434782608696,,,False,2,pm25,µg/m³,,raw,01:00:00,2016-02-13T05:00:00Z,2016-02-13T06:00:00+01:00,2016-02-13T06:00:00Z,2016-02-13T07:00:00+01:00,1,01:00:00,1,24:00:00,100.0,2400.0,2016-02-12T06:00:00Z,2016-02-12T07:00:00+01:00,2016-02-13T06:00:00Z,2016-02-13T07:00:00+01:00
15.3913043478261,,,False,2,pm25,µg/m³,,raw,01:00:00,2016-02-13T06:00:00Z,2016-02-13T07:00:00+01:00,2016-02-13T07:00:00Z,2016-02-13T08:00:00+01:00,1,01:00:00,1,24:00:00,100.0,2400.0,2016-02-12T07:00:00Z,2016-02-12T08:00:00+01:00,2016-02-13T07:00:00Z,2016-02-13T08:00:00+01:00
15.2727272727273,,,False,2,pm25,µg/m³,,raw,01:00:00,2016-02-13T07:00:00Z,2016-02-13T08:00:00+01:00,2016-02-13T08:00:00Z,2016-02-13T09:00:00+01:00,1,01:00:00,1,24:00:00,100.0,2400.0,2016-02-12T08:00:00Z,2016-02-12T09:00:00+01:00,2016-02-13T08:00:00Z,2016-02-13T09:00:00+01:00
15.4090909090909,,,False,2,pm25,µg/m³,,raw,01:00:00,2016-02-13T08:00:00Z,2016-02-13T09:00:00+01:00,2016-02-13T09:00:00Z,2016-02-13T10:00:00+01:00,1,01:00:00,1,24:00:00,100.0,2400.0,2016-02-12T09:00:00Z,2016-02-12T10:00:00+01:00,2016-02-13T09:00:00Z,2016-02-13T10:00:00+01:00
16.304347826087,,,False,2,pm25,µg/m³,,raw,01:00:00,2016-02-13T09:00:00Z,2016-02-13T10:00:00+01:00,2016-02-13T10:00:00Z,2016-02-13T11:00:00+01:00,1,01:00:00,1,24:00:00,100.0,2400.0,2016-02-12T10:00:00Z,2016-02-12T11:00:00+01:00,2016-02-13T10:00:00Z,2016-02-13T11:00:00+01:00
16.8260869565217,,,False,2,pm25,µg/m³,,raw,01:00:00,2016-02-13T10:00:00Z,2016-02-13T11:00:00+01:00,2016-02-13T11:00:00Z,2016-02-13T12:00:00+01:00,1,01:00:00,1,24:00:00,100.0,2400.0,2016-02-12T11:00:00Z,2016-02-12T12:00:00+01:00,2016-02-13T11:00:00Z,2016-02-13T12:00:00+01:00
17.0454545454545,,,False,2,pm25,µg/m³,,raw,01:00:00,2016-02-13T11:00:00Z,2016-02-13T12:00:00+01:00,2016-02-13T12:00:00Z,2016-02-13T13:00:00+01:00,1,01:00:00,1,24:00:00,100.0,2400.0,2016-02-12T12:00:00Z,2016-02-12T13:00:00+01:00,2016-02-13T12:00:00Z,2016-02-13T13:00:00+01:00
17.8695652173913,,,False,2,pm25,µg/m³,,raw,01:00:00,2016-02-13T12:00:00Z,2016-02-13T13:00:00+01:00,2016-02-13T13:00:00Z,2016-02-13T14:00:00+01:00,1,01:00:00,1,24:00:00,100.0,2400.0,2016-02-12T13:00:00Z,2016-02-12T14:00:00+01:00,2016-02-13T13:00:00Z,2016-02-13T14:00:00+01:00
18.3913043478261,,,False,2,pm25,µg/m³,,raw,01:00:00,2016-02-13T13:00:00Z,2016-02-13T14:00:00+01:00,2016-02-13T14:00:00Z,2016-02-13T15:00:00+01:00,1,01:00:00,1,24:00:00,100.0,2400.0,2016-02-12T14:00:00Z,2016-02-12T15:00:00+01:00,2016-02-13T14:00:00Z,2016-02-13T15:00:00+01:00
19.304347826087,,,False,2,pm25,µg/m³,,raw,01:00:00,2016-02-13T14:00:00Z,2016-02-13T15:00:00+01:00,2016-02-13T15:00:00Z,2016-02-13T16:00:00+01:00,1,01:00:00,1,24:00:00,100.0,2400.0,2016-02-12T15:00:00Z,2016-02-12T16:00:00+01:00,2016-02-13T15:00:00Z,2016-02-13T16:00:00+01:00
19.8260869565217,,,False,2,pm25,µg/m³,,raw,01:00:00,2016-02-13T15:00:00Z,2016-02-13T16:00:00+01:00,2016-02-13T16:00:00Z,2016-02-13T17:00:00+01:00,1,01:00:00,1,24:00:00,100.0,2400.0,2016-02-12T16:00:00Z,2016-02-12T17:00:00+01:00,2016-02-13T16:00:00Z,2016-02-13T17:00:00+01:00
20.2173913043478,,,False,2,pm25,µg/m³,,raw,01:00:00,2016-02-13T16:00:00Z,2016-02-13T17:00:00+01:00,2016-02-13T17:00:00Z,2016-02-13T18:00:00+01:00,1,01:00:00,1,24:00:00,100.0,2400.0,2016-02-12T17:00:00Z,2016-02-12T18:00:00+01:00,2016-02-13T17:00:00Z,2016-02-13T18:00:00+01:00
20.6086956521739,,,False,2,pm25,µg/m³,,raw,01:00:00,2016-02-13T17:00:00Z,2016-02-13T18:00:00+01:00,2016-02-13T18:00:00Z,2016-02-13T19:00:00+01:00,1,01:00:00,1,24:00:00,100.0,2400.0,2016-02-12T18:00:00Z,2016-02-12T19:00:00+01:00,2016-02-13T18:00:00Z,2016-02-13T19:00:00+01:00
20.9545454545455,,,False,2,pm25,µg/m³,,raw,01:00:00,2016-02-13T18:00:00Z,2016-02-13T19:00:00+01:00,2016-02-13T19:00:00Z,2016-02-13T20:00:00+01:00,1,01:00:00,1,24:00:00,100.0,2400.0,2016-02-12T19:00:00Z,2016-02-12T20:00:00+01:00,2016-02-13T19:00:00Z,2016-02-13T20:00:00+01:00
21.4285714285714,,,False,2,pm25,µg/m³,,raw,01:00:00,2016-02-13T19:00:00Z,2016-02-13T20:00:00+01:00,2016-02-13T20:00:00Z,2016-02-13T21:00:00+01:00,1,01:00:00,1,24:00:00,100.0,2400.0,2016-02-12T20:00:00Z,2016-02-12T21:00:00+01:00,2016-02-13T20:00:00Z,2016-02-13T21:00:00+01:00
21.3636363636364,,,False,2,pm25,µg/m³,,raw,01:00:00,2016-02-13T20:00:00Z,2016-02-13T21:00:00+01:00,2016-02-13T21:00:00Z,2016-02-13T22:00:00+01:00,1,01:00:00,1,24:00:00,100.0,2400.0,2016-02-12T21:00:00Z,2016-02-12T22:00:00+01:00,2016-02-13T21:00:00Z,2016-02-13T22:00:00+01:00
21.7142857142857,,,False,2,pm25,µg/m³,,raw,01:00:00,2016-02-13T21:00:00Z,2016-02-13T22:00:00+01:00,2016-02-13T22:00:00Z,2016-02-13T23:00:00+01:00,1,01:00:00,1,24:00:00,100.0,2400.0,2016-02-12T22:00:00Z,2016-02-12T23:00:00+01:00,2016-02-13T22:00:00Z,2016-02-13T23:00:00+01:00
21.1363636363636,,,False,2,pm25,µg/m³,,raw,01:00:00,2016-02-13T22:00:00Z,2016-02-13T23:00:00+01:00,2016-02-13T23:00:00Z,2016-02-14T00:00:00+01:00,1,01:00:00,1,24:00:00,100.0,2400.0,2016-02-12T23:00:00Z,2016-02-13T00:00:00+01:00,2016-02-13T23:00:00Z,2016-02-14T00:00:00+01:00
20.8571428571429,,,False,2,pm25,µg/m³,,raw,01:00:00,2016-02-13T23:00:00Z,2016-02-14T00:00:00+01:00,2016-02-14T00:00:00Z,2016-02-14T01:00:00+01:00,1,01:00:00,1,24:00:00,100.0,2400.0,2016-02-13T00:00:00Z,2016-02-13T01:00:00+01:00,2016-02-14T00:00:00Z,2016-02-14T01:00:00+01:00
20.3636363636364,,,False,2,pm25,µg/m³,,raw,01:00:00,2016-02-14T00:00:00Z,2016-02-14T01:00:00+01:00,2016-02-14T01:00:00Z,2016-02-14T02:00:00+01:00,1,01:00:00,1,24:00:00,100.0,2400.0,2016-02-13T01:00:00Z,2016-02-13T02:00:00+01:00,2016-02-14T01:00:00Z,2016-02-14T02:00:00+01:00
20.4285714285714,,,False,2,pm25,µg/m³,,raw,01:00:00,2016-02-14T01:00:00Z,2016-02-14T02:00:00+01:00,2016-02-14T02:00:00Z,2016-02-14T03:00:00+01:00,1,01:00:00,1,24:00:00,100.0,2400.0,2016-02-13T02:00:00Z,2016-02-13T03:00:00+01:00,2016-02-14T02:00:00Z,2016-02-14T03:00:00+01:00
20.35,,,False,2,pm25,µg/m³,,raw,01:00:00,2016-02-14T02:00:00Z,2016-02-14T03:00:00+01:00,2016-02-14T03:00:00Z,2016-02-14T04:00:00+01:00,1,01:00:00,1,24:00:00,100.0,2400.0,2016-02-13T03:00:00Z,2016-02-13T04:00:00+01:00,2016-02-14T03:00:00Z,2016-02-14T04:00:00+01:00
19.5652173913043,,,False,2,pm25,µg/m³,,raw,01:00:00,2016-02-14T03:00:00Z,2016-02-14T04:00:00+01:00,2016-02-14T04:00:00Z,2016-02-14T05:00:00+01:00,1,01:00:00,1,24:00:00,100.0,2400.0,2016-02-13T04:00:00Z,2016-02-13T05:00:00+01:00,2016-02-14T04:00:00Z,2016-02-14T05:00:00+01:00
19.5652173913043,,,False,2,pm25,µg/m³,,raw,01:00:00,2016-02-14T04:00:00Z,2016-02-14T05:00:00+01:00,2016-02-14T05:00:00Z,2016-02-14T06:00:00+01:00,1,01:00:00,1,24:00:00,100.0,2400.0,2016-02-13T05:00:00Z,2016-02-13T06:00:00+01:00,2016-02-14T05:00:00Z,2016-02-14T06:00:00+01:00
19.5454545454545,,,False,2,pm25,µg/m³,,raw,01:00:00,2016-02-14T05:00:00Z,2016-02-14T06:00:00+01:00,2016-02-14T06:00:00Z,2016-02-14T07:00:00+01:00,1,01:00:00,1,24:00:00,100.0,2400.0,2016-02-13T06:00:00Z,2016-02-13T07:00:00+01:00,2016-02-14T06:00:00Z,2016-02-14T07:00:00+01:00
19.2173913043478,,,False,2,pm25,µg/m³,,raw,01:00:00,2016-02-14T06:00:00Z,2016-02-14T07:00:00+01:00,2016-02-14T07:00:00Z,2016-02-14T08:00:00+01:00,1,01:00:00,1,24:00:00,100.0,2400.0,2016-02-13T07:00:00Z,2016-02-13T08:00:00+01:00,2016-02-14T07:00:00Z,2016-02-14T08:00:00+01:00
18.7391304347826,,,False,2,pm25,µg/m³,,raw,01:00:00,2016-02-14T07:00:00Z,2016-02-14T08:00:00+01:00,2016-02-14T08:00:00Z,2016-02-14T09:00:00+01:00,1,01:00:00,1,24:00:00,100.0,2400.0,2016-02-13T08:00:00Z,2016-02-13T09:00:00+01:00,2016-02-14T08:00:00Z,2016-02-14T09:00:00+01:00
18.3913043478261,,,False,2,pm25,µg/m³,,raw,01:00:00,2016-02-14T08:00:00Z,2016-02-14T09:00:00+01:00,2016-02-14T09:00:00Z,2016-02-14T10:00:00+01:00,1,01:00:00,1,24:00:00,100.0,2400.0,2016-02-13T09:00:00Z,2016-02-13T10:00:00+01:00,2016-02-14T09:00:00Z,2016-02-14T10:00:00+01:00
18.0869565217391,,,False,2,pm25,µg/m³,,raw,01:00:00,2016-02-14T09:00:00Z,2016-02-14T10:00:00+01:00,2016-02-14T10:00:00Z,2016-02-14T11:00:00+01:00,1,01:00:00,1,24:00:00,100.0,2400.0,2016-02-13T10:00:00Z,2016-02-13T11:00:00+01:00,2016-02-14T10:00:00Z,2016-02-14T11:00:00+01:00
17.5652173913043,,,False,2,pm25,µg/m³,,raw,01:00:00,2016-02-14T10:00:00Z,2016-02-14T11:00:00+01:00,2016-02-14T11:00:00Z,2016-02-14T12:00:00+01:00,1,01:00:00,1,24:00:00,100.0,2400.0,2016-02-13T11:00:00Z,2016-02-13T12:00:00+01:00,2016-02-14T11:00:00Z,2016-02-14T12:00:00+01:00
17.4545454545455,,,False,2,pm25,µg/m³,,raw,01:00:00,2016-02-14T11:00:00Z,2016-02-14T12:00:00+01:00,2016-02-14T12:00:00Z,2016-02-14T13:00:00+01:00,1,01:00:00,1,24:00:00,100.0,2400.0,2016-02-13T12:00:00Z,2016-02-13T13:00:00+01:00,2016-02-14T12:00:00Z,2016-02-14T13:00:00+01:00
17.3809523809524,,,False,2,pm25,µg/m³,,raw,01:00:00,2016-02-14T12:00:00Z,2016-02-14T13:00:00+01:00,2016-02-14T13:00:00Z,2016-02-14T14:00:00+01:00,1,01:00:00,1,24:00:00,100.0,2400.0,2016-02-13T13:00:00Z,2016-02-13T14:00:00+01:00,2016-02-14T13:00:00Z,2016-02-14T14:00:00+01:00
16.695652173913,,,False,2,pm25,µg/m³,,raw,01:00:00,2016-02-14T13:00:00Z,2016-02-14T14:00:00+01:00,2016-02-14T14:00:00Z,2016-02-14T15:00:00+01:00,1,01:00:00,1,24:00:00,100.0,2400.0,2016-02-13T14:00:00Z,2016-02-13T15:00:00+01:00,2016-02-14T14:00:00Z,2016-02-14T15:00:00+01:00
16.6086956521739,,,False,2,pm25,µg/m³,,raw,01:00:00,2016-02-14T14:00:00Z,2016-02-14T15:00:00+01:00,2016-02-14T15:00:00Z,2016-02-14T16:00:00+01:00,1,01:00:00,1,24:00:00,100.0,2400.0,2016-02-13T15:00:00Z,2016-02-13T16:00:00+01:00,2016-02-14T15:00:00Z,2016-02-14T16:00:00+01:00
16.6086956521739,,,False,2,pm25,µg/m³,,raw,01:00:00,2016-02-14T15:00:00Z,2016-02-14T16:00:00+01:00,2016-02-14T16:00:00Z,2016-02-14T17:00:00+01:00,1,01:00:00,1,24:00:00,100.0,2400.0,2016-02-13T16:00:00Z,2016-02-13T17:00:00+01:00,2016-02-14T16:00:00Z,2016-02-14T17:00:00+01:00
16.7391304347826,,,False,2,pm25,µg/m³,,raw,01:00:00,2016-02-14T16:00:00Z,2016-02-14T17:00:00+01:00,2016-02-14T17:00:00Z,2016-02-14T18:00:00+01:00,1,01:00:00,1,24:00:00,100.0,2400.0,2016-02-13T17:00:00Z,2016-02-13T18:00:00+01:00,2016-02-14T17:00:00Z,2016-02-14T18:00:00+01:00
16.9130434782609,,,False,2,pm25,µg/m³,,raw,01:00:00,2016-02-14T17:00:00Z,2016-02-14T18:00:00+01:00,2016-02-14T18:00:00Z,2016-02-14T19:00:00+01:00,1,01:00:00,1,24:00:00,100.0,2400.0,2016-02-13T18:00:00Z,2016-02-13T19:00:00+01:00,2016-02-14T18:00:00Z,2016-02-14T19:00:00+01:00
17.0869565217391,,,False,2,pm25,µg/m³,,raw,01:00:00,2016-02-14T18:00:00Z,2016-02-14T19:00:00+01:00,2016-02-14T19:00:00Z,2016-02-14T20:00:00+01:00,1,01:00:00,1,24:00:00,100.0,2400.0,2016-02-13T19:00:00Z,2016-02-13T20:00:00+01:00,2016-02-14T19:00:00Z,2016-02-14T20:00:00+01:00
17.5217391304348,,,False,2,pm25,µg/m³,,raw,01:00:00,2016-02-14T19:00:00Z,2016-02-14T20:00:00+01:00,2016-02-14T20:00:00Z,2016-02-14T21:00:00+01:00,1,01:00:00,1,24:00:00,100.0,2400.0,2016-02-13T20:00:00Z,2016-02-13T21:00:00+01:00,2016-02-14T20:00:00Z,2016-02-14T21:00:00+01:00
17.7727272727273,,,False,2,pm25,µg/m³,,raw,01:00:00,2016-02-14T20:00:00Z,2016-02-14T21:00:00+01:00,2016-02-14T21:00:00Z,2016-02-14T22:00:00+01:00,1,01:00:00,1,24:00:00,100.0,2400.0,2016-02-13T21:00:00Z,2016-02-13T22:00:00+01:00,2016-02-14T21:00:00Z,2016-02-14T22:00:00+01:00
17.7142857142857,,,False,2,pm25,µg/m³,,raw,01:00:00,2016-02-14T21:00:00Z,2016-02-14T22:00:00+01:00,2016-02-14T22:00:00Z,2016-02-14T23:00:00+01:00,1,01:00:00,1,24:00:00,100.0,2400.0,2016-02-13T22:00:00Z,2016-02-13T23:00:00+01:00,2016-02-14T22:00:00Z,2016-02-14T23:00:00+01:00
17.8636363636364,,,False,2,pm25,µg/m³,,raw,01:00:00,2016-02-14T22:00:00Z,2016-02-14T23:00:00+01:00,2016-02-14T23:00:00Z,2016-02-15T00:00:00+01:00,1,01:00:00,1,24:00:00,100.0,2400.0,2016-02-13T23:00:00Z,2016-02-14T00:00:00+01:00,2016-02-14T23:00:00Z,2016-02-15T00:00:00+01:00
17.7619047619048,,,False,2,pm25,µg/m³,,raw,01:00:00,2016-02-14T23:00:00Z,2016-02-15T00:00:00+01:00,2016-02-15T00:00:00Z,2016-02-15T01:00:00+01:00,1,01:00:00,1,24:00:00,100.0,2400.0,2016-02-14T00:00:00Z,2016-02-14T01:00:00+01:00,2016-02-15T00:00:00Z,2016-02-15T01:00:00+01:00
17.7142857142857,,,False,2,pm25,µg/m³,,raw,01:00:00,2016-02-15T00:00:00Z,2016-02-15T01:00:00+01:00,2016-02-15T01:00:00Z,2016-02-15T02:00:00+01:00,1,01:00:00,1,24:00:00,100.0,2400.0,2016-02-14T01:00:00Z,2016-02-14T02:00:00+01:00,2016-02-15T01:00:00Z,2016-02-15T02:00:00+01:00
17.8,,,False,2,pm25,µg/m³,,raw,01:00:00,2016-02-15T01:00:00Z,2016-02-15T02:00:00+01:00,2016-02-15T02:00:00Z,2016-02-15T03:00:00+01:00,1,01:00:00,1,24:00:00,100.0,2400.0,2016-02-14T02:00:00Z,2016-02-14T03:00:00+01:00,2016-02-15T02:00:00Z,2016-02-15T03:00:00+01:00
17.9473684210526,,,False,2,pm25,µg/m³,,raw,01:00:00,2016-02-15T02:00:00Z,2016-02-15T03:00:00+01:00,2016-02-15T03:00:00Z,2016-02-15T04:00:00+01:00,1,01:00:00,1,24:00:00,100.0,2400.0,2016-02-14T03:00:00Z,2016-02-14T04:00:00+01:00,2016-02-15T03:00:00Z,2016-02-15T04:00:00+01:00
17.2380952380952,,,False,2,pm25,µg/m³,,raw,01:00:00,2016-02-15T03:00:00Z,2016-02-15T04:00:00+01:00,2016-02-15T04:00:00Z,2016-02-15T05:00:00+01:00,1,01:00:00,1,24:00:00,100.0,2400.0,2016-02-14T04:00:00Z,2016-02-14T05:00:00+01:00,2016-02-15T04:00:00Z,2016-02-15T05:00:00+01:00
17.05,,,False,2,pm25,µg/m³,,raw,01:00:00,2016-02-15T04:00:00Z,2016-02-15T05:00:00+01:00,2016-02-15T05:00:00Z,2016-02-15T06:00:00+01:00,1,01:00:00,1,24:00:00,100.0,2400.0,2016-02-14T05:00:00Z,2016-02-14T06:00:00+01:00,2016-02-15T05:00:00Z,2016-02-15T06:00:00+01:00
17.3157894736842,,,False,2,pm25,µg/m³,,raw,01:00:00,2016-02-15T05:00:00Z,2016-02-15T06:00:00+01:00,2016-02-15T06:00:00Z,2016-02-15T07:00:00+01:00,1,01:00:00,1,24:00:00,100.0,2400.0,2016-02-14T06:00:00Z,2016-02-14T07:00:00+01:00,2016-02-15T06:00:00Z,2016-02-15T07:00:00+01:00
17.4444444444444,,,False,2,pm25,µg/m³,,raw,01:00:00,2016-02-15T06:00:00Z,2016-02-15T07:00:00+01:00,2016-02-15T07:00:00Z,2016-02-15T08:00:00+01:00,1,01:00:00,1,24:00:00,100.0,2400.0,2016-02-14T07:00:00Z,2016-02-14T08:00:00+01:00,2016-02-15T07:00:00Z,2016-02-15T08:00:00+01:00
-996.0,,,False,2,pm25,µg/m³,,raw,01:00:00,2016-02-15T07:00:00Z,2016-02-15T08:00:00+01:00,2016-02-15T08:00:00Z,2016-02-15T09:00:00+01:00,1,01:00:00,1,24:00:00,100.0,2400.0,2016-02-14T08:00:00Z,2016-02-14T09:00:00+01:00,2016-02-15T08:00:00Z,2016-02-15T09:00:00+01:00
-996.0,,,False,2,pm25,µg/m³,,raw,01:00:00,2016-02-15T08:00:00Z,2016-02-15T09:00:00+01:00,2016-02-15T09:00:00Z,2016-02-15T10:00:00+01:00,1,01:00:00,1,24:00:00,100.0,2400.0,2016-02-14T09:00:00Z,2016-02-14T10:00:00+01:00,2016-02-15T09:00:00Z,2016-02-15T10:00:00+01:00
-996.0,,,False,2,pm25,µg/m³,,raw,01:00:00,2016-02-15T09:00:00Z,2016-02-15T10:00:00+01:00,2016-02-15T10:00:00Z,2016-02-15T11:00:00+01:00,1,01:00:00,1,24:00:00,100.0,2400.0,2016-02-14T10:00:00Z,2016-02-14T11:00:00+01:00,2016-02-15T10:00:00Z,2016-02-15T11:00:00+01:00
-996.0,,,False,2,pm25,µg/m³,,raw,01:00:00,2016-02-15T10:00:00Z,2016-02-15T11:00:00+01:00,2016-02-15T11:00:00Z,2016-02-15T12:00:00+01:00,1,01:00:00,1,24:00:00,100.0,2400.0,2016-02-14T11:00:00Z,2016-02-14T12:00:00+01:00,2016-02-15T11:00:00Z,2016-02-15T12:00:00+01:00
-996.0,,,False,2,pm25,µg/m³,,raw,01:00:00,2016-02-15T11:00:00Z,2016-02-15T12:00:00+01:00,2016-02-15T12:00:00Z,2016-02-15T13:00:00+01:00,1,01:00:00,1,24:00:00,100.0,2400.0,2016-02-14T12:00:00Z,2016-02-14T13:00:00+01:00,2016-02-15T12:00:00Z,2016-02-15T13:00:00+01:00
15.4761904761905,,,False,2,pm25,µg/m³,,raw,01:00:00,2016-02-15T12:00:00Z,2016-02-15T13:00:00+01:00,2016-02-15T13:00:00Z,2016-02-15T14:00:00+01:00,1,01:00:00,1,24:00:00,100.0,2400.0,2016-02-14T13:00:00Z,2016-02-14T14:00:00+01:00,2016-02-15T13:00:00Z,2016-02-15T14:00:00+01:00
15.0952380952381,,,False,2,pm25,µg/m³,,raw,01:00:00,2016-02-15T13:00:00Z,2016-02-15T14:00:00+01:00,2016-02-15T14:00:00Z,2016-02-15T15:00:00+01:00,1,01:00:00,1,24:00:00,100.0,2400.0,2016-02-14T14:00:00Z,2016-02-14T15:00:00+01:00,2016-02-15T14:00:00Z,2016-02-15T15:00:00+01:00
14.5714285714286,,,False,2,pm25,µg/m³,,raw,01:00:00,2016-02-15T14:00:00Z,2016-02-15T15:00:00+01:00,2016-02-15T15:00:00Z,2016-02-15T16:00:00+01:00,1,01:00:00,1,24:00:00,100.0,2400.0,2016-02-14T15:00:00Z,2016-02-14T16:00:00+01:00,2016-02-15T15:00:00Z,2016-02-15T16:00:00+01:00
13.8571428571429,,,False,2,pm25,µg/m³,,raw,01:00:00,2016-02-15T15:00:00Z,2016-02-15T16:00:00+01:00,2016-02-15T16:00:00Z,2016-02-15T17:00:00+01:00,1,01:00:00,1,24:00:00,100.0,2400.0,2016-02-14T16:00:00Z,2016-02-14T17:00:00+01:00,2016-02-15T16:00:00Z,2016-02-15T17:00:00+01:00
13.55,,,False,2,pm25,µg/m³,,raw,01:00:00,2016-02-15T16:00:00Z,2016-02-15T17:00:00+01:00,2016-02-15T17:00:00Z,2016-02-15T18:00:00+01:00,1,01:00:00,1,24:00:00,100.0,2400.0,2016-02-14T17:00:00Z,2016-02-14T18:00:00+01:00,2016-02-15T17:00:00Z,2016-02-15T18:00:00+01:00
12.9047619047619,,,False,2,pm25,µg/m³,,raw,01:00:00,2016-02-15T17:00:00Z,2016-02-15T18:00:00+01:00,2016-02-15T18:00:00Z,2016-02-15T19:00:00+01:00,1,01:00:00,1,24:00:00,100.0,2400.0,2016-02-14T18:00:00Z,2016-02-14T19:00:00+01:00,2016-02-15T18:00:00Z,2016-02-15T19:00:00+01:00
12.1904761904762,,,False,2,pm25,µg/m³,,raw,01:00:00,2016-02-15T18:00:00Z,2016-02-15T19:00:00+01:00,2016-02-15T19:00:00Z,2016-02-15T20:00:00+01:00,1,01:00:00,1,24:00:00,100.0,2400.0,2016-02-14T19:00:00Z,2016-02-14T20:00:00+01:00,2016-02-15T19:00:00Z,2016-02-15T20:00:00+01:00
11.5714285714286,,,False,2,pm25,µg/m³,,raw,01:00:00,2016-02-15T19:00:00Z,2016-02-15T20:00:00+01:00,2016-02-15T20:00:00Z,2016-02-15T21:00:00+01:00,1,01:00:00,1,24:00:00,100.0,2400.0,2016-02-14T20:00:00Z,2016-02-14T21:00:00+01:00,2016-02-15T20:00:00Z,2016-02-15T21:00:00+01:00
11.3809523809524,,,False,2,pm25,µg/m³,,raw,01:00:00,2016-02-15T20:00:00Z,2016-02-15T21:00:00+01:00,2016-02-15T21:00:00Z,2016-02-15T22:00:00+01:00,1,01:00:00,1,24:00:00,100.0,2400.0,2016-02-14T21:00:00Z,2016-02-14T22:00:00+01:00,2016-02-15T21:00:00Z,2016-02-15T22:00:00+01:00
11.2857142857143,,,False,2,pm25,µg/m³,,raw,01:00:00,2016-02-15T21:00:00Z,2016-02-15T22:00:00+01:00,2016-02-15T22:00:00Z,2016-02-15T23:00:00+01:00,1,01:00:00,1,24:00:00,100.0,2400.0,2016-02-14T22:00:00Z,2016-02-14T23:00:00+01:00,2016-02-15T22:00:00Z,2016-02-15T23:00:00+01:00
11.4285714285714,,,False,2,pm25,µg/m³,,raw,01:00:00,2016-02-15T22:00:00Z,2016-02-15T23:00:00+01:00,2016-02-15T23:00:00Z,2016-02-16T00:00:00+01:00,1,01:00:00,1,24:00:00,100.0,2400.0,2016-02-14T23:00:00Z,2016-02-15T00:00:00+01:00,2016-02-15T23:00:00Z,2016-02-16T00:00:00+01:00
11.1904761904762,,,False,2,pm25,µg/m³,,raw,01:00:00,2016-02-15T23:00:00Z,2016-02-16T00:00:00+01:00,2016-02-16T00:00:00Z,2016-02-16T01:00:00+01:00,1,01:00:00,1,24:00:00,100.0,2400.0,2016-02-15T00:00:00Z,2016-02-15T01:00:00+01:00,2016-02-16T00:00:00Z,2016-02-16T01:00:00+01:00
11.0,,,False,2,pm25,µg/m³,,raw,01:00:00,2016-02-16T00:00:00Z,2016-02-16T01:00:00+01:00,2016-02-16T01:00:00Z,2016-02-16T02:00:00+01:00,1,01:00:00,1,24:00:00,100.0,2400.0,2016-02-15T01:00:00Z,2016-02-15T02:00:00+01:00,2016-02-16T01:00:00Z,2016-02-16T02:00:00+01:00
11.05,,,False,2,pm25,µg/m³,,raw,01:00:00,2016-02-16T01:00:00Z,2016-02-16T02:00:00+01:00,2016-02-16T02:00:00Z,2016-02-16T03:00:00+01:00,1,01:00:00,1,24:00:00,100.0,2400.0,2016-02-15T02:00:00Z,2016-02-15T03:00:00+01:00,2016-02-16T02:00:00Z,2016-02-16T03:00:00+01:00
11.1,,,False,2,pm25,µg/m³,,raw,01:00:00,2016-02-16T02:00:00Z,2016-02-16T03:00:00+01:00,2016-02-16T03:00:00Z,2016-02-16T04:00:00+01:00,1,01:00:00,1,24:00:00,100.0,2400.0,2016-02-15T03:00:00Z,2016-02-15T04:00:00+01:00,2016-02-16T03:00:00Z,2016-02-16T04:00:00+01:00
11.047619047619,,,False,2,pm25,µg/m³,,raw,01:00:00,2016-02-16T03:00:00Z,2016-02-16T04:00:00+01:00,2016-02-16T04:00:00Z,2016-02-16T05:00:00+01:00,1,01:00:00,1,24:00:00,100.0,2400.0,2016-02-15T04:00:00Z,2016-02-15T05:00:00+01:00,2016-02-16T04:00:00Z,2016-02-16T05:00:00+01:00
11.2857142857143,,,False,2,pm25,µg/m³,,raw,01:00:00,2016-02-16T04:00:00Z,2016-02-16T05:00:00+01:00,2016-02-16T05:00:00Z,2016-02-16T06:00:00+01:00,1,01:00:00,1,24:00:00,100.0,2400.0,2016-02-15T05:00:00Z,2016-02-15T06:00:00+01:00,2016-02-16T05:00:00Z,2016-02-16T06:00:00+01:00
11.6190476190476,,,False,2,pm25,µg/m³,,raw,01:00:00,2016-02-16T05:00:00Z,2016-02-16T06:00:00+01:00,2016-02-16T06:00:00Z,2016-02-16T07:00:00+01:00,1,01:00:00,1,24:00:00,100.0,2400.0,2016-02-15T06:00:00Z,2016-02-15T07:00:00+01:00,2016-02-16T06:00:00Z,2016-02-16T07:00:00+01:00
11.6190476190476,,,False,2,pm25,µg/m³,,raw,01:00:00,2016-02-16T06:00:00Z,2016-02-16T07:00:00+01:00,2016-02-16T07:00:00Z,2016-02-16T08:00:00+01:00,1,01:00:00,1,24:00:00,100.0,2400.0,2016-02-15T07:00:00Z,2016-02-15T08:00:00+01:00,2016-02-16T07:00:00Z,2016-02-16T08:00:00+01:00
11.7619047619048,,,False,2,pm25,µg/m³,,raw,01:00:00,2016-02-16T07:00:00Z,2016-02-16T08:00:00+01:00,2016-02-16T08:00:00Z,2016-02-16T09:00:00+01:00,1,01:00:00,1,24:00:00,100.0,2400.0,2016-02-15T08:00:00Z,2016-02-15T09:00:00+01:00,2016-02-16T08:00:00Z,2016-02-16T09:00:00+01:00
12.1363636363636,,,False,2,pm25,µg/m³,,raw,01:00:00,2016-02-16T08:00:00Z,2016-02-16T09:00:00+01:00,2016-02-16T09:00:00Z,2016-02-16T10:00:00+01:00,1,01:00:00,1,24:00:00,100.0,2400.0,2016-02-15T09:00:00Z,2016-02-15T10:00:00+01:00,2016-02-16T09:00:00Z,2016-02-16T10:00:00+01:00
12.3333333333333,,,False,2,pm25,µg/m³,,raw,01:00:00,2016-02-16T09:00:00Z,2016-02-16T10:00:00+01:00,2016-02-16T10:00:00Z,2016-02-16T11:00:00+01:00,1,01:00:00,1,24:00:00,100.0,2400.0,2016-02-15T10:00:00Z,2016-02-15T11:00:00+01:00,2016-02-16T10:00:00Z,2016-02-16T11:00:00+01:00
12.2,,,False,2,pm25,µg/m³,,raw,01:00:00,2016-02-16T10:00:00Z,2016-02-16T11:00:00+01:00,2016-02-16T11:00:00Z,2016-02-16T12:00:00+01:00,1,01:00:00,1,24:00:00,100.0,2400.0,2016-02-15T11:00:00Z,2016-02-15T12:00:00+01:00,2016-02-16T11:00:00Z,2016-02-16T12:00:00+01:00
12.1052631578947,,,False,2,pm25,µg/m³,,raw,01:00:00,2016-02-16T11:00:00Z,2016-02-16T12:00:00+01:00,2016-02-16T12:00:00Z,2016-02-16T13:00:00+01:00,1,01:00:00,1,24:00:00,100.0,2400.0,2016-02-15T12:00:00Z,2016-02-15T13:00:00+01:00,2016-02-16T12:00:00Z,2016-02-16T13:00:00+01:00
12.2222222222222,,,False,2,pm25,µg/m³,,raw,01:00:00,2016-02-16T12:00:00Z,2016-02-16T13:00:00+01:00,2016-02-16T13:00:00Z,2016-02-16T14:00:00+01:00,1,01:00:00,1,24:00:00,100.0,2400.0,2016-02-15T13:00:00Z,2016-02-15T14:00:00+01:00,2016-02-16T13:00:00Z,2016-02-16T14:00:00+01:00
-996.0,,,False,2,pm25,µg/m³,,raw,01:00:00,2016-02-16T13:00:00Z,2016-02-16T14:00:00+01:00,2016-02-16T14:00:00Z,2016-02-16T15:00:00+01:00,1,01:00:00,1,24:00:00,100.0,2400.0,2016-02-15T14:00:00Z,2016-02-15T15:00:00+01:00,2016-02-16T14:00:00Z,2016-02-16T15:00:00+01:00
-996.0,,,False,2,pm25,µg/m³,,raw,01:00:00,2016-02-16T14:00:00Z,2016-02-16T15:00:00+01:00,2016-02-16T15:00:00Z,2016-02-16T16:00:00+01:00,1,01:00:00,1,24:00:00,100.0,2400.0,2016-02-15T15:00:00Z,2016-02-15T16:00:00+01:00,2016-02-16T15:00:00Z,2016-02-16T16:00:00+01:00
-996.0,,,False,2,pm25,µg/m³,,raw,01:00:00,2016-02-16T15:00:00Z,2016-02-16T16:00:00+01:00,2016-02-16T16:00:00Z,2016-02-16T17:00:00+01:00,1,01:00:00,1,24:00:00,100.0,2400.0,2016-02-15T16:00:00Z,2016-02-15T17:00:00+01:00,2016-02-16T16:00:00Z,2016-02-16T17:00:00+01:00
-996.0,,,False,2,pm25,µg/m³,,raw,01:00:00,2016-02-16T16:00:00Z,2016-02-16T17:00:00+01:00,2016-02-16T17:00:00Z,2016-02-16T18:00:00+01:00,1,01:00:00,1,24:00:00,100.0,2400.0,2016-02-15T17:00:00Z,2016-02-15T18:00:00+01:00,2016-02-16T17:00:00Z,2016-02-16T18:00:00+01:00
-996.0,,,False,2,pm25,µg/m³,,raw,01:00:00,2016-02-16T17:00:00Z,2016-02-16T18:00:00+01:00,2016-02-16T18:00:00Z,2016-02-16T19:00:00+01:00,1,01:00:00,1,24:00:00,100.0,2400.0,2016-02-15T18:00:00Z,2016-02-15T19:00:00+01:00,2016-02-16T18:00:00Z,2016-02-16T19:00:00+01:00
-996.0,,,False,2,pm25,µg/m³,,raw,01:00:00,2016-02-16T18:00:00Z,2016-02-16T19:00:00+01:00,2016-02-16T19:00:00Z,2016-02-16T20:00:00+01:00,1,01:00:00,1,24:00:00,100.0,2400.0,2016-02-15T19:00:00Z,2016-02-15T20:00:00+01:00,2016-02-16T19:00:00Z,2016-02-16T20:00:00+01:00
-996.0,,,False,2,pm25,µg/m³,,raw,01:00:00,2016-02-16T19:00:00Z,2016-02-16T20:00:00+01:00,2016-02-16T20:00:00Z,2016-02-16T21:00:00+01:00,1,01:00:00,1,24:00:00,100.0,2400.0,2016-02-15T20:00:00Z,2016-02-15T21:00:00+01:00,2016-02-16T20:00:00Z,2016-02-16T21:00:00+01:00
-996.0,,,False,2,pm25,µg/m³,,raw,01:00:00,2016-02-16T20:00:00Z,2016-02-16T21:00:00+01:00,2016-02-16T21:00:00Z,2016-02-16T22:00:00+01:00,1,01:00:00,1,24:00:00,100.0,2400.0,2016-02-15T21:00:00Z,2016-02-15T22:00:00+01:00,2016-02-16T21:00:00Z,2016-02-16T22:00:00+01:00
-996.0,,,False,2,pm25,µg/m³,,raw,01:00:00,2016-02-16T21:00:00Z,2016-02-16T22:00:00+01:00,2016-02-16T22:00:00Z,2016-02-16T23:00:00+01:00,1,01:00:00,1,24:00:00,100.0,2400.0,2016-02-15T22:00:00Z,2016-02-15T23:00:00+01:00,2016-02-16T22:00:00Z,2016-02-16T23:00:00+01:00
-996.0,,,False,2,pm25,µg/m³,,raw,01:00:00,2016-02-16T22:00:00Z,2016-02-16T23:00:00+01:00,2016-02-16T23:00:00Z,2016-02-17T00:00:00+01:00,1,01:00:00,1,24:00:00,100.0,2400.0,2016-02-15T23:00:00Z,2016-02-16T00:00:00+01:00,2016-02-16T23:00:00Z,2016-02-17T00:00:00+01:00
-996.0,,,False,2,pm25,µg/m³,,raw,01:00:00,2016-02-16T23:00:00Z,2016-02-17T00:00:00+01:00,2016-02-17T00:00:00Z,2016-02-17T01:00:00+01:00,1,01:00:00,1,24:00:00,100.0,2400.0,2016-02-16T00:00:00Z,2016-02-16T01:00:00+01:00,2016-02-17T00:00:00Z,2016-02-17T01:00:00+01:00
-996.0,,,False,2,pm25,µg/m³,,raw,01:00:00,2016-02-17T00:00:00Z,2016-02-17T01:00:00+01:00,2016-02-17T01:00:00Z,2016-02-17T02:00:00+01:00,1,01:00:00,1,24:00:00,100.0,2400.0,2016-02-16T01:00:00Z,2016-02-16T02:00:00+01:00,2016-02-17T01:00:00Z,2016-02-17T02:00:00+01:00
-996.0,,,False,2,pm25,µg/m³,,raw,01:00:00,2016-02-17T01:00:00Z,2016-02-17T02:00:00+01:00,2016-02-17T02:00:00Z,2016-02-17T03:00:00+01:00,1,01:00:00,1,24:00:00,100.0,2400.0,2016-02-16T02:00:00Z,2016-02-16T03:00:00+01:00,2016-02-17T02:00:00Z,2016-02-17T03:00:00+01:00
-996.0,,,False,2,pm25,µg/m³,,raw,01:00:00,2016-02-17T02:00:00Z,2016-02-17T03:00:00+01:00,2016-02-17T03:00:00Z,2016-02-17T04:00:00+01:00,1,01:00:00,1,24:00:00,100.0,2400.0,2016-02-16T03:00:00Z,2016-02-16T04:00:00+01:00,2016-02-17T03:00:00Z,2016-02-17T04:00:00+01:00
-996.0,,,False,2,pm25,µg/m³,,raw,01:00:00,2016-02-17T03:00:00Z,2016-02-17T04:00:00+01:00,2016-02-17T04:00:00Z,2016-02-17T05:00:00+01:00,1,01:00:00,1,24:00:00,100.0,2400.0,2016-02-16T04:00:00Z,2016-02-16T05:00:00+01:00,2016-02-17T04:00:00Z,2016-02-17T05:00:00+01:00
-996.0,,,False,2,pm25,µg/m³,,raw,01:00:00,2016-02-17T04:00:00Z,2016-02-17T05:00:00+01:00,2016-02-17T05:00:00Z,2016-02-17T06:00:00+01:00,1,01:00:00,1,24:00:00,100.0,2400.0,2016-02-16T05:00:00Z,2016-02-16T06:00:00+01:00,2016-02-17T05:00:00Z,2016-02-17T06:00:00+01:00
-996.0,,,False,2,pm25,µg/m³,,raw,01:00:00,2016-02-17T05:00:00Z,2016-02-17T06:00:00+01:00,2016-02-17T06:00:00Z,2016-02-17T07:00:00+01:00,1,01:00:00,1,24:00:00,100.0,2400.0,2016-02-16T06:00:00Z,2016-02-16T07:00:00+01:00,2016-02-17T06:00:00Z,2016-02-17T07:00:00+01:00
-999.0,,,False,2,pm25,µg/m³,,raw,01:00:00,2016-02-17T06:00:00Z,2016-02-17T07:00:00+01:00,2016-02-17T07:00:00Z,2016-02-17T08:00:00+01:00,1,01:00:00,1,24:00:00,100.0,2400.0,2016-02-16T07:00:00Z,2016-02-16T08:00:00+01:00,2016-02-17T07:00:00Z,2016-02-17T08:00:00+01:00
-999.0,,,False,2,pm25,µg/m³,,raw,01:00:00,2016-02-17T07:00:00Z,2016-02-17T08:00:00+01:00,2016-02-17T08:00:00Z,2016-02-17T09:00:00+01:00,1,01:00:00,1,24:00:00,100.0,2400.0,2016-02-16T08:00:00Z,2016-02-16T09:00:00+01:00,2016-02-17T08:00:00Z,2016-02-17T09:00:00+01:00
-999.0,,,False,2,pm25,µg/m³,,raw,01:00:00,2016-02-17T08:00:00Z,2016-02-17T09:00:00+01:00,2016-02-17T09:00:00Z,2016-02-17T10:00:00+01:00,1,01:00:00,1,24:00:00,100.0,2400.0,2016-02-16T09:00:00Z,2016-02-16T10:00:00+01:00,2016-02-17T09:00:00Z,2016-02-17T10:00:00+01:00
-999.0,,,False,2,pm25,µg/m³,,raw,01:00:00,2016-02-17T09:00:00Z,2016-02-17T10:00:00+01:00,2016-02-17T10:00:00Z,2016-02-17T11:00:00+01:00,1,01:00:00,1,24:00:00,100.0,2400.0,2016-02-16T10:00:00Z,2016-02-16T11:00:00+01:00,2016-02-17T10:00:00Z,2016-02-17T11:00:00+01:00
-999.0,,,False,2,pm25,µg/m³,,raw,01:00:00,2016-02-17T10:00:00Z,2016-02-17T11:00:00+01:00,2016-02-17T11:00:00Z,2016-02-17T12:00:00+01:00,1,01:00:00,1,24:00:00,100.0,2400.0,2016-02-16T11:00:00Z,2016-02-16T12:00:00+01:00,2016-02-17T11:00:00Z,2016-02-17T12:00:00+01:00
25.3913043478261,,,False,2,pm25,µg/m³,,raw,01:00:00,2016-02-17T11:00:00Z,2016-02-17T12:00:00+01:00,2016-02-17T12:00:00Z,2016-02-17T13:00:00+01:00,1,01:00:00,1,24:00:00,100.0,2400.0,2016-02-16T12:00:00Z,2016-02-16T13:00:00+01:00,2016-02-17T12:00:00Z,2016-02-17T13:00:00+01:00
25.2173913043478,,,False,2,pm25,µg/m³,,raw,01:00:00,2016-02-17T12:00:00Z,2016-02-17T13:00:00+01:00,2016-02-17T13:00:00Z,2016-02-17T14:00:00+01:00,1,01:00:00,1,24:00:00,100.0,2400.0,2016-02-16T13:00:00Z,2016-02-16T14:00:00+01:00,2016-02-17T13:00:00Z,2016-02-17T14:00:00+01:00
25.2608695652174,,,False,2,pm25,µg/m³,,raw,01:00:00,2016-02-17T13:00:00Z,2016-02-17T14:00:00+01:00,2016-02-17T14:00:00Z,2016-02-17T15:00:00+01:00,1,01:00:00,1,24:00:00,100.0,2400.0,2016-02-16T14:00:00Z,2016-02-16T15:00:00+01:00,2016-02-17T14:00:00Z,2016-02-17T15:00:00+01:00
25.695652173913,,,False,2,pm25,µg/m³,,raw,01:00:00,2016-02-17T14:00:00Z,2016-02-17T15:00:00+01:00,2016-02-17T15:00:00Z,2016-02-17T16:00:00+01:00,1,01:00:00,1,24:00:00,100.0,2400.0,2016-02-16T15:00:00Z,2016-02-16T16:00:00+01:00,2016-02-17T15:00:00Z,2016-02-17T16:00:00+01:00
26.0869565217391,,,False,2,pm25,µg/m³,,raw,01:00:00,2016-02-17T15:00:00Z,2016-02-17T16:00:00+01:00,2016-02-17T16:00:00Z,2016-02-17T17:00:00+01:00,1,01:00:00,1,24:00:00,100.0,2400.0,2016-02-16T16:00:00Z,2016-02-16T17:00:00+01:00,2016-02-17T16:00:00Z,2016-02-17T17:00:00+01:00
26.0869565217391,,,False,2,pm25,µg/m³,,raw,01:00:00,2016-02-17T16:00:00Z,2016-02-17T17:00:00+01:00,2016-02-17T17:00:00Z,2016-02-17T18:00:00+01:00,1,01:00:00,1,24:00:00,100.0,2400.0,2016-02-16T17:00:00Z,2016-02-16T18:00:00+01:00,2016-02-17T17:00:00Z,2016-02-17T18:00:00+01:00
26.6086956521739,,,False,2,pm25,µg/m³,,raw,01:00:00,2016-02-17T17:00:00Z,2016-02-17T18:00:00+01:00,2016-02-17T18:00:00Z,2016-02-17T19:00:00+01:00,1,01:00:00,1,24:00:00,100.0,2400.0,2016-02-16T18:00:00Z,2016-02-16T19:00:00+01:00,2016-02-17T18:00:00Z,2016-02-17T19:00:00+01:00
26.7391304347826,,,False,2,pm25,µg/m³,,raw,01:00:00,2016-02-17T18:00:00Z,2016-02-17T19:00:00+01:00,2016-02-17T19:00:00Z,2016-02-17T20:00:00+01:00,1,01:00:00,1,24:00:00,100.0,2400.0,2016-02-16T19:00:00Z,2016-02-16T20:00:00+01:00,2016-02-17T19:00:00Z,2016-02-17T20:00:00+01:00
26.8695652173913,,,False,2,pm25,µg/m³,,raw,01:00:00,2016-02-17T19:00:00Z,2016-02-17T20:00:00+01:00,2016-02-17T20:00:00Z,2016-02-17T21:00:00+01:00,1,01:00:00,1,24:00:00,100.0,2400.0,2016-02-16T20:00:00Z,2016-02-16T21:00:00+01:00,2016-02-17T20:00:00Z,2016-02-17T21:00:00+01:00
26.7826086956522,,,False,2,pm25,µg/m³,,raw,01:00:00,2016-02-17T20:00:00Z,2016-02-17T21:00:00+01:00,2016-02-17T21:00:00Z,2016-02-17T22:00:00+01:00,1,01:00:00,1,24:00:00,100.0,2400.0,2016-02-16T21:00:00Z,2016-02-16T22:00:00+01:00,2016-02-17T21:00:00Z,2016-02-17T22:00:00+01:00
27.0869565217391,,,False,2,pm25,µg/m³,,raw,01:00:00,2016-02-17T21:00:00Z,2016-02-17T22:00:00+01:00,2016-02-17T22:00:00Z,2016-02-17T23:00:00+01:00,1,01:00:00,1,24:00:00,100.0,2400.0,2016-02-16T22:00:00Z,2016-02-16T23:00:00+01:00,2016-02-17T22:00:00Z,2016-02-17T23:00:00+01:00
26.8695652173913,,,False,2,pm25,µg/m³,,raw,01:00:00,2016-02-17T22:00:00Z,2016-02-17T23:00:00+01:00,2016-02-17T23:00:00Z,2016-02-18T00:00:00+01:00,1,01:00:00,1,24:00:00,100.0,2400.0,2016-02-16T23:00:00Z,2016-02-17T00:00:00+01:00,2016-02-17T23:00:00Z,2016-02-18T00:00:00+01:00
27.2173913043478,,,False,2,pm25,µg/m³,,raw,01:00:00,2016-02-17T23:00:00Z,2016-02-18T00:00:00+01:00,2016-02-18T00:00:00Z,2016-02-18T01:00:00+01:00,1,01:00:00,1,24:00:00,100.0,2400.0,2016-02-17T00:00:00Z,2016-02-17T01:00:00+01:00,2016-02-18T00:00:00Z,2016-02-18T01:00:00+01:00
27.0909090909091,,,False,2,pm25,µg/m³,,raw,01:00:00,2016-02-18T00:00:00Z,2016-02-18T01:00:00+01:00,2016-02-18T01:00:00Z,2016-02-18T02:00:00+01:00,1,01:00:00,1,24:00:00,100.0,2400.0,2016-02-17T01:00:00Z,2016-02-17T02:00:00+01:00,2016-02-18T01:00:00Z,2016-02-18T02:00:00+01:00
27.047619047619,,,False,2,pm25,µg/m³,,raw,01:00:00,2016-02-18T01:00:00Z,2016-02-18T02:00:00+01:00,2016-02-18T02:00:00Z,2016-02-18T03:00:00+01:00,1,01:00:00,1,24:00:00,100.0,2400.0,2016-02-17T02:00:00Z,2016-02-17T03:00:00+01:00,2016-02-18T02:00:00Z,2016-02-18T03:00:00+01:00
26.952380952381,,,False,2,pm25,µg/m³,,raw,01:00:00,2016-02-18T02:00:00Z,2016-02-18T03:00:00+01:00,2016-02-18T03:00:00Z,2016-02-18T04:00:00+01:00,1,01:00:00,1,24:00:00,100.0,2400.0,2016-02-17T03:00:00Z,2016-02-17T04:00:00+01:00,2016-02-18T03:00:00Z,2016-02-18T04:00:00+01:00
26.8260869565217,,,False,2,pm25,µg/m³,,raw,01:00:00,2016-02-18T03:00:00Z,2016-02-18T04:00:00+01:00,2016-02-18T04:00:00Z,2016-02-18T05:00:00+01:00,1,01:00:00,1,24:00:00,100.0,2400.0,2016-02-17T04:00:00Z,2016-02-17T05:00:00+01:00,2016-02-18T04:00:00Z,2016-02-18T05:00:00+01:00
26.8260869565217,,,False,2,pm25,µg/m³,,raw,01:00:00,2016-02-18T04:00:00Z,2016-02-18T05:00:00+01:00,2016-02-18T05:00:00Z,2016-02-18T06:00:00+01:00,1,01:00:00,1,24:00:00,100.0,2400.0,2016-02-17T05:00:00Z,2016-02-17T06:00:00+01:00,2016-02-18T05:00:00Z,2016-02-18T06:00:00+01:00
26.5652173913043,,,False,2,pm25,µg/m³,,raw,01:00:00,2016-02-18T05:00:00Z,2016-02-18T06:00:00+01:00,2016-02-18T06:00:00Z,2016-02-18T07:00:00+01:00,1,01:00:00,1,24:00:00,100.0,2400.0,2016-02-17T06:00:00Z,2016-02-17T07:00:00+01:00,2016-02-18T06:00:00Z,2016-02-18T07:00:00+01:00
26.2173913043478,,,False,2,pm25,µg/m³,,raw,01:00:00,2016-02-18T06:00:00Z,2016-02-18T07:00:00+01:00,2016-02-18T07:00:00Z,2016-02-18T08:00:00+01:00,1,01:00:00,1,24:00:00,100.0,2400.0,2016-02-17T07:00:00Z,2016-02-17T08:00:00+01:00,2016-02-18T07:00:00Z,2016-02-18T08:00:00+01:00
26.4545454545455,,,False,2,pm25,µg/m³,,raw,01:00:00,2016-02-18T07:00:00Z,2016-02-18T08:00:00+01:00,2016-02-18T08:00:00Z,2016-02-18T09:00:00+01:00,1,01:00:00,1,24:00:00,100.0,2400.0,2016-02-17T08:00:00Z,2016-02-17T09:00:00+01:00,2016-02-18T08:00:00Z,2016-02-18T09:00:00+01:00
25.8695652173913,,,False,2,pm25,µg/m³,,raw,01:00:00,2016-02-18T08:00:00Z,2016-02-18T09:00:00+01:00,2016-02-18T09:00:00Z,2016-02-18T10:00:00+01:00,1,01:00:00,1,24:00:00,100.0,2400.0,2016-02-17T09:00:00Z,2016-02-17T10:00:00+01:00,2016-02-18T09:00:00Z,2016-02-18T10:00:00+01:00
25.9565217391304,,,False,2,pm25,µg/m³,,raw,01:00:00,2016-02-18T09:00:00Z,2016-02-18T10:00:00+01:00,2016-02-18T10:00:00Z,2016-02-18T11:00:00+01:00,1,01:00:00,1,24:00:00,100.0,2400.0,2016-02-17T10:00:00Z,2016-02-17T11:00:00+01:00,2016-02-18T10:00:00Z,2016-02-18T11:00:00+01:00
25.8260869565217,,,False,2,pm25,µg/m³,,raw,01:00:00,2016-02-18T10:00:00Z,2016-02-18T11:00:00+01:00,2016-02-18T11:00:00Z,2016-02-18T12:00:00+01:00,1,01:00:00,1,24:00:00,100.0,2400.0,2016-02-17T11:00:00Z,2016-02-17T12:00:00+01:00,2016-02-18T11:00:00Z,2016-02-18T12:00:00+01:00
26.0909090909091,,,False,2,pm25,µg/m³,,raw,01:00:00,2016-02-18T11:00:00Z,2016-02-18T12:00:00+01:00,2016-02-18T12:00:00Z,2016-02-18T13:00:00+01:00,1,01:00:00,1,24:00:00,100.0,2400.0,2016-02-17T12:00:00Z,2016-02-17T13:00:00+01:00,2016-02-18T12:00:00Z,2016-02-18T13:00:00+01:00
26.1739130434783,,,False,2,pm25,µg/m³,,raw,01:00:00,2016-02-18T12:00:00Z,2016-02-18T13:00:00+01:00,2016-02-18T13:00:00Z,2016-02-18T14:00:00+01:00,1,01:00:00,1,24:00:00,100.0,2400.0,2016-02-17T13:00:00Z,2016-02-17T14:00:00+01:00,2016-02-18T13:00:00Z,2016-02-18T14:00:00+01:00
26.1818181818182,,,False,2,pm25,µg/m³,,raw,01:00:00,2016-02-18T13:00:00Z,2016-02-18T14:00:00+01:00,2016-02-18T14:00:00Z,2016-02-18T15:00:00+01:00,1,01:00:00,1,24:00:00,100.0,2400.0,2016-02-17T14:00:00Z,2016-02-17T15:00:00+01:00,2016-02-18T14:00:00Z,2016-02-18T15:00:00+01:00
25.8260869565217,,,False,2,pm25,µg/m³,,raw,01:00:00,2016-02-18T14:00:00Z,2016-02-18T15:00:00+01:00,2016-02-18T15:00:00Z,2016-02-18T16:00:00+01:00,1,01:00:00,1,24:00:00,100.0,2400.0,2016-02-17T15:00:00Z,2016-02-17T16:00:00+01:00,2016-02-18T15:00:00Z,2016-02-18T16:00:00+01:00
25.4782608695652,,,False,2,pm25,µg/m³,,raw,01:00:00,2016-02-18T15:00:00Z,2016-02-18T16:00:00+01:00,2016-02-18T16:00:00Z,2016-02-18T17:00:00+01:00,1,01:00:00,1,24:00:00,100.0,2400.0,2016-02-17T16:00:00Z,2016-02-17T17:00:00+01:00,2016-02-18T16:00:00Z,2016-02-18T17:00:00+01:00
24.7826086956522,,,False,2,pm25,µg/m³,,raw,01:00:00,2016-02-18T16:00:00Z,2016-02-18T17:00:00+01:00,2016-02-18T17:00:00Z,2016-02-18T18:00:00+01:00,1,01:00:00,1,24:00:00,100.0,2400.0,2016-02-17T17:00:00Z,2016-02-17T18:00:00+01:00,2016-02-18T17:00:00Z,2016-02-18T18:00:00+01:00
24.4782608695652,,,False,2,pm25,µg/m³,,raw,01:00:00,2016-02-18T17:00:00Z,2016-02-18T18:00:00+01:00,2016-02-18T18:00:00Z,2016-02-18T19:00:00+01:00,1,01:00:00,1,24:00:00,100.0,2400.0,2016-02-17T18:00:00Z,2016-02-17T19:00:00+01:00,2016-02-18T18:00:00Z,2016-02-18T19:00:00+01:00
23.9565217391304,,,False,2,pm25,µg/m³,,raw,01:00:00,2016-02-18T18:00:00Z,2016-02-18T19:00:00+01:00,2016-02-18T19:00:00Z,2016-02-18T20:00:00+01:00,1,01:00:00,1,24:00:00,100.0,2400.0,2016-02-17T19:00:00Z,2016-02-17T20:00:00+01:00,2016-02-18T19:00:00Z,2016-02-18T20:00:00+01:00
23.7727272727273,,,False,2,pm25,µg/m³,,raw,01:00:00,2016-02-18T19:00:00Z,2016-02-18T20:00:00+01:00,2016-02-18T20:00:00Z,2016-02-18T21:00:00+01:00,1,01:00:00,1,24:00:00,100.0,2400.0,2016-02-17T20:00:00Z,2016-02-17T21:00:00+01:00,2016-02-18T20:00:00Z,2016-02-18T21:00:00+01:00
23.2173913043478,,,False,2,pm25,µg/m³,,raw,01:00:00,2016-02-18T20:00:00Z,2016-02-18T21:00:00+01:00,2016-02-18T21:00:00Z,2016-02-18T22:00:00+01:00,1,01:00:00,1,24:00:00,100.0,2400.0,2016-02-17T21:00:00Z,2016-02-17T22:00:00+01:00,2016-02-18T21:00:00Z,2016-02-18T22:00:00+01:00
23.3478260869565,,,False,2,pm25,µg/m³,,raw,01:00:00,2016-02-18T21:00:00Z,2016-02-18T22:00:00+01:00,2016-02-18T22:00:00Z,2016-02-18T23:00:00+01:00,1,01:00:00,1,24:00:00,100.0,2400.0,2016-02-17T22:00:00Z,2016-02-17T23:00:00+01:00,2016-02-18T22:00:00Z,2016-02-18T23:00:00+01:00
23.3478260869565,,,False,2,pm25,µg/m³,,raw,01:00:00,2016-02-18T22:00:00Z,2016-02-18T23:00:00+01:00,2016-02-18T23:00:00Z,2016-02-19T00:00:00+01:00,1,01:00:00,1,24:00:00,100.0,2400.0,2016-02-17T23:00:00Z,2016-02-18T00:00:00+01:00,2016-02-18T23:00:00Z,2016-02-19T00:00:00+01:00
23.8695652173913,,,False,2,pm25,µg/m³,,raw,01:00:00,2016-02-18T23:00:00Z,2016-02-19T00:00:00+01:00,2016-02-19T00:00:00Z,2016-02-19T01:00:00+01:00,1,01:00:00,1,24:00:00,100.0,2400.0,2016-02-18T00:00:00Z,2016-02-18T01:00:00+01:00,2016-02-19T00:00:00Z,2016-02-19T01:00:00+01:00
23.8636363636364,,,False,2,pm25,µg/m³,,raw,01:00:00,2016-02-19T00:00:00Z,2016-02-19T01:00:00+01:00,2016-02-19T01:00:00Z,2016-02-19T02:00:00+01:00,1,01:00:00,1,24:00:00,100.0,2400.0,2016-02-18T01:00:00Z,2016-02-18T02:00:00+01:00,2016-02-19T01:00:00Z,2016-02-19T02:00:00+01:00
23.6666666666667,,,False,2,pm25,µg/m³,,raw,01:00:00,2016-02-19T01:00:00Z,2016-02-19T02:00:00+01:00,2016-02-19T02:00:00Z,2016-02-19T03:00:00+01:00,1,01:00:00,1,24:00:00,100.0,2400.0,2016-02-18T02:00:00Z,2016-02-18T03:00:00+01:00,2016-02-19T02:00:00Z,2016-02-19T03:00:00+01:00
24.7391304347826,,,False,2,pm25,µg/m³,,raw,01:00:00,2016-02-19T02:00:00Z,2016-02-19T03:00:00+01:00,2016-02-19T03:00:00Z,2016-02-19T04:00:00+01:00,1,01:00:00,1,24:00:00,100.0,2400.0,2016-02-18T03:00:00Z,2016-02-18T04:00:00+01:00,2016-02-19T03:00:00Z,2016-02-19T04:00:00+01:00
24.9130434782609,,,False,2,pm25,µg/m³,,raw,01:00:00,2016-02-19T03:00:00Z,2016-02-19T04:00:00+01:00,2016-02-19T04:00:00Z,2016-02-19T05:00:00+01:00,1,01:00:00,1,24:00:00,100.0,2400.0,2016-02-18T04:00:00Z,2016-02-18T05:00:00+01:00,2016-02-19T04:00:00Z,2016-02-19T05:00:00+01:00
25.5217391304348,,,False,2,pm25,µg/m³,,raw,01:00:00,2016-02-19T04:00:00Z,2016-02-19T05:00:00+01:00,2016-02-19T05:00:00Z,2016-02-19T06:00:00+01:00,1,01:00:00,1,24:00:00,100.0,2400.0,2016-02-18T05:00:00Z,2016-02-18T06:00:00+01:00,2016-02-19T05:00:00Z,2016-02-19T06:00:00+01:00
26.1304347826087,,,False,2,pm25,µg/m³,,raw,01:00:00,2016-02-19T05:00:00Z,2016-02-19T06:00:00+01:00,2016-02-19T06:00:00Z,2016-02-19T07:00:00+01:00,1,01:00:00,1,24:00:00,100.0,2400.0,2016-02-18T06:00:00Z,2016-02-18T07:00:00+01:00,2016-02-19T06:00:00Z,2016-02-19T07:00:00+01:00
26.6521739130435,,,False,2,pm25,µg/m³,,raw,01:00:00,2016-02-19T06:00:00Z,2016-02-19T07:00:00+01:00,2016-02-19T07:00:00Z,2016-02-19T08:00:00+01:00,1,01:00:00,1,24:00:00,100.0,2400.0,2016-02-18T07:00:00Z,2016-02-18T08:00:00+01:00,2016-02-19T07:00:00Z,2016-02-19T08:00:00+01:00
26.7272727272727,,,False,2,pm25,µg/m³,,raw,01:00:00,2016-02-19T07:00:00Z,2016-02-19T08:00:00+01:00,2016-02-19T08:00:00Z,2016-02-19T09:00:00+01:00,1,01:00:00,1,24:00:00,100.0,2400.0,2016-02-18T08:00:00Z,2016-02-18T09:00:00+01:00,2016-02-19T08:00:00Z,2016-02-19T09:00:00+01:00
27.2173913043478,,,False,2,pm25,µg/m³,,raw,01:00:00,2016-02-19T08:00:00Z,2016-02-19T09:00:00+01:00,2016-02-19T09:00:00Z,2016-02-19T10:00:00+01:00,1,01:00:00,1,24:00:00,100.0,2400.0,2016-02-18T09:00:00Z,2016-02-18T10:00:00+01:00,2016-02-19T09:00:00Z,2016-02-19T10:00:00+01:00
27.3913043478261,,,False,2,pm25,µg/m³,,raw,01:00:00,2016-02-19T09:00:00Z,2016-02-19T10:00:00+01:00,2016-02-19T10:00:00Z,2016-02-19T11:00:00+01:00,1,01:00:00,1,24:00:00,100.0,2400.0,2016-02-18T10:00:00Z,2016-02-18T11:00:00+01:00,2016-02-19T10:00:00Z,2016-02-19T11:00:00+01:00
27.695652173913,,,False,2,pm25,µg/m³,,raw,01:00:00,2016-02-19T10:00:00Z,2016-02-19T11:00:00+01:00,2016-02-19T11:00:00Z,2016-02-19T12:00:00+01:00,1,01:00:00,1,24:00:00,100.0,2400.0,2016-02-18T11:00:00Z,2016-02-18T12:00:00+01:00,2016-02-19T11:00:00Z,2016-02-19T12:00:00+01:00
27.9565217391304,,,False,2,pm25,µg/m³,,raw,01:00:00,2016-02-19T11:00:00Z,2016-02-19T12:00:00+01:00,2016-02-19T12:00:00Z,2016-02-19T13:00:00+01:00,1,01:00:00,1,24:00:00,100.0,2400.0,2016-02-18T12:00:00Z,2016-02-18T13:00:00+01:00,2016-02-19T12:00:00Z,2016-02-19T13:00:00+01:00
28.2727272727273,,,False,2,pm25,µg/m³,,raw,01:00:00,2016-02-19T12:00:00Z,2016-02-19T13:00:00+01:00,2016-02-19T13:00:00Z,2016-02-19T14:00:00+01:00,1,01:00:00,1,24:00:00,100.0,2400.0,2016-02-18T13:00:00Z,2016-02-18T14:00:00+01:00,2016-02-19T13:00:00Z,2016-02-19T14:00:00+01:00
27.8260869565217,,,False,2,pm25,µg/m³,,raw,01:00:00,2016-02-19T13:00:00Z,2016-02-19T14:00:00+01:00,2016-02-19T14:00:00Z,2016-02-19T15:00:00+01:00,1,01:00:00,1,24:00:00,100.0,2400.0,2016-02-18T14:00:00Z,2016-02-18T15:00:00+01:00,2016-02-19T14:00:00Z,2016-02-19T15:00:00+01:00
27.6521739130435,,,False,2,pm25,µg/m³,,raw,01:00:00,2016-02-19T14:00:00Z,2016-02-19T15:00:00+01:00,2016-02-19T15:00:00Z,2016-02-19T16:00:00+01:00,1,01:00:00,1,24:00:00,100.0,2400.0,2016-02-18T15:00:00Z,2016-02-18T16:00:00+01:00,2016-02-19T15:00:00Z,2016-02-19T16:00:00+01:00
27.4782608695652,,,False,2,pm25,µg/m³,,raw,01:00:00,2016-02-19T15:00:00Z,2016-02-19T16:00:00+01:00,2016-02-19T16:00:00Z,2016-02-19T17:00:00+01:00,1,01:00:00,1,24:00:00,100.0,2400.0,2016-02-18T16:00:00Z,2016-02-18T17:00:00+01:00,2016-02-19T16:00:00Z,2016-02-19T17:00:00+01:00
27.1304347826087,,,False,2,pm25,µg/m³,,raw,01:00:00,2016-02-19T16:00:00Z,2016-02-19T17:00:00+01:00,2016-02-19T17:00:00Z,2016-02-19T18:00:00+01:00,1,01:00:00,1,24:00:00,100.0,2400.0,2016-02-18T17:00:00Z,2016-02-18T18:00:00+01:00,2016-02-19T17:00:00Z,2016-02-19T18:00:00+01:00
26.8695652173913,,,False,2,pm25,µg/m³,,raw,01:00:00,2016-02-19T17:00:00Z,2016-02-19T18:00:00+01:00,2016-02-19T18:00:00Z,2016-02-19T19:00:00+01:00,1,01:00:00,1,24:00:00,100.0,2400.0,2016-02-18T18:00:00Z,2016-02-18T19:00:00+01:00,2016-02-19T18:00:00Z,2016-02-19T19:00:00+01:00
26.4782608695652,,,False,2,pm25,µg/m³,,raw,01:00:00,2016-02-19T18:00:00Z,2016-02-19T19:00:00+01:00,2016-02-19T19:00:00Z,2016-02-19T20:00:00+01:00,1,01:00:00,1,24:00:00,100.0,2400.0,2016-02-18T19:00:00Z,2016-02-18T20:00:00+01:00,2016-02-19T19:00:00Z,2016-02-19T20:00:00+01:00
26.0434782608696,,,False,2,pm25,µg/m³,,raw,01:00:00,2016-02-19T19:00:00Z,2016-02-19T20:00:00+01:00,2016-02-19T20:00:00Z,2016-02-19T21:00:00+01:00,1,01:00:00,1,24:00:00,100.0,2400.0,2016-02-18T20:00:00Z,2016-02-18T21:00:00+01:00,2016-02-19T20:00:00Z,2016-02-19T21:00:00+01:00
25.4782608695652,,,False,2,pm25,µg/m³,,raw,01:00:00,2016-02-19T20:00:00Z,2016-02-19T21:00:00+01:00,2016-02-19T21:00:00Z,2016-02-19T22:00:00+01:00,1,01:00:00,1,24:00:00,100.0,2400.0,2016-02-18T21:00:00Z,2016-02-18T22:00:00+01:00,2016-02-19T21:00:00Z,2016-02-19T22:00:00+01:00
24.9130434782609,,,False,2,pm25,µg/m³,,raw,01:00:00,2016-02-19T21:00:00Z,2016-02-19T22:00:00+01:00,2016-02-19T22:00:00Z,2016-02-19T23:00:00+01:00,1,01:00:00,1,24:00:00,100.0,2400.0,2016-02-18T22:00:00Z,2016-02-18T23:00:00+01:00,2016-02-19T22:00:00Z,2016-02-19T23:00:00+01:00
24.1739130434783,,,False,2,pm25,µg/m³,,raw,01:00:00,2016-02-19T22:00:00Z,2016-02-19T23:00:00+01:00,2016-02-19T23:00:00Z,2016-02-20T00:00:00+01:00,1,01:00:00,1,24:00:00,100.0,2400.0,2016-02-18T23:00:00Z,2016-02-19T00:00:00+01:00,2016-02-19T23:00:00Z,2016-02-20T00:00:00+01:00
23.2173913043478,,,False,2,pm25,µg/m³,,raw,01:00:00,2016-02-19T23:00:00Z,2016-02-20T00:00:00+01:00,2016-02-20T00:00:00Z,2016-02-20T01:00:00+01:00,1,01:00:00,1,24:00:00,100.0,2400.0,2016-02-19T00:00:00Z,2016-02-19T01:00:00+01:00,2016-02-20T00:00:00Z,2016-02-20T01:00:00+01:00
23.0,,,False,2,pm25,µg/m³,,raw,01:00:00,2016-02-20T00:00:00Z,2016-02-20T01:00:00+01:00,2016-02-20T01:00:00Z,2016-02-20T02:00:00+01:00,1,01:00:00,1,24:00:00,100.0,2400.0,2016-02-19T01:00:00Z,2016-02-19T02:00:00+01:00,2016-02-20T01:00:00Z,2016-02-20T02:00:00+01:00
22.6666666666667,,,False,2,pm25,µg/m³,,raw,01:00:00,2016-02-20T01:00:00Z,2016-02-20T02:00:00+01:00,2016-02-20T02:00:00Z,2016-02-20T03:00:00+01:00,1,01:00:00,1,24:00:00,100.0,2400.0,2016-02-19T02:00:00Z,2016-02-19T03:00:00+01:00,2016-02-20T02:00:00Z,2016-02-20T03:00:00+01:00
22.4,,,False,2,pm25,µg/m³,,raw,01:00:00,2016-02-20T02:00:00Z,2016-02-20T03:00:00+01:00,2016-02-20T03:00:00Z,2016-02-20T04:00:00+01:00,1,01:00:00,1,24:00:00,100.0,2400.0,2016-02-19T03:00:00Z,2016-02-19T04:00:00+01:00,2016-02-20T03:00:00Z,2016-02-20T04:00:00+01:00
20.2173913043478,,,False,2,pm25,µg/m³,,raw,01:00:00,2016-02-20T03:00:00Z,2016-02-20T04:00:00+01:00,2016-02-20T04:00:00Z,2016-02-20T05:00:00+01:00,1,01:00:00,1,24:00:00,100.0,2400.0,2016-02-19T04:00:00Z,2016-02-19T05:00:00+01:00,2016-02-20T04:00:00Z,2016-02-20T05:00:00+01:00
19.1739130434783,,,False,2,pm25,µg/m³,,raw,01:00:00,2016-02-20T04:00:00Z,2016-02-20T05:00:00+01:00,2016-02-20T05:00:00Z,2016-02-20T06:00:00+01:00,1,01:00:00,1,24:00:00,100.0,2400.0,2016-02-19T05:00:00Z,2016-02-19T06:00:00+01:00,2016-02-20T05:00:00Z,2016-02-20T06:00:00+01:00
17.8260869565217,,,False,2,pm25,µg/m³,,raw,01:00:00,2016-02-20T05:00:00Z,2016-02-20T06:00:00+01:00,2016-02-20T06:00:00Z,2016-02-20T07:00:00+01:00,1,01:00:00,1,24:00:00,100.0,2400.0,2016-02-19T06:00:00Z,2016-02-19T07:00:00+01:00,2016-02-20T06:00:00Z,2016-02-20T07:00:00+01:00
16.5217391304348,,,False,2,pm25,µg/m³,,raw,01:00:00,2016-02-20T06:00:00Z,2016-02-20T07:00:00+01:00,2016-02-20T07:00:00Z,2016-02-20T08:00:00+01:00,1,01:00:00,1,24:00:00,100.0,2400.0,2016-02-19T07:00:00Z,2016-02-19T08:00:00+01:00,2016-02-20T07:00:00Z,2016-02-20T08:00:00+01:00
15.4782608695652,,,False,2,pm25,µg/m³,,raw,01:00:00,2016-02-20T07:00:00Z,2016-02-20T08:00:00+01:00,2016-02-20T08:00:00Z,2016-02-20T09:00:00+01:00,1,01:00:00,1,24:00:00,100.0,2400.0,2016-02-19T08:00:00Z,2016-02-19T09:00:00+01:00,2016-02-20T08:00:00Z,2016-02-20T09:00:00+01:00
14.3913043478261,,,False,2,pm25,µg/m³,,raw,01:00:00,2016-02-20T08:00:00Z,2016-02-20T09:00:00+01:00,2016-02-20T09:00:00Z,2016-02-20T10:00:00+01:00,1,01:00:00,1,24:00:00,100.0,2400.0,2016-02-19T09:00:00Z,2016-02-19T10:00:00+01:00,2016-02-20T09:00:00Z,2016-02-20T10:00:00+01:00
13.2173913043478,,,False,2,pm25,µg/m³,,raw,01:00:00,2016-02-20T09:00:00Z,2016-02-20T10:00:00+01:00,2016-02-20T10:00:00Z,2016-02-20T11:00:00+01:00,1,01:00:00,1,24:00:00,100.0,2400.0,2016-02-19T10:00:00Z,2016-02-19T11:00:00+01:00,2016-02-20T10:00:00Z,2016-02-20T11:00:00+01:00
12.0,,,False,2,pm25,µg/m³,,raw,01:00:00,2016-02-20T10:00:00Z,2016-02-20T11:00:00+01:00,2016-02-20T11:00:00Z,2016-02-20T12:00:00+01:00,1,01:00:00,1,24:00:00,100.0,2400.0,2016-02-19T11:00:00Z,2016-02-19T12:00:00+01:00,2016-02-20T11:00:00Z,2016-02-20T12:00:00+01:00
11.4090909090909,,,False,2,pm25,µg/m³,,raw,01:00:00,2016-02-20T11:00:00Z,2016-02-20T12:00:00+01:00,2016-02-20T12:00:00Z,2016-02-20T13:00:00+01:00,1,01:00:00,1,24:00:00,100.0,2400.0,2016-02-19T12:00:00Z,2016-02-19T13:00:00+01:00,2016-02-20T12:00:00Z,2016-02-20T13:00:00+01:00
10.6086956521739,,,False,2,pm25,µg/m³,,raw,01:00:00,2016-02-20T12:00:00Z,2016-02-20T13:00:00+01:00,2016-02-20T13:00:00Z,2016-02-20T14:00:00+01:00,1,01:00:00,1,24:00:00,100.0,2400.0,2016-02-19T13:00:00Z,2016-02-19T14:00:00+01:00,2016-02-20T13:00:00Z,2016-02-20T14:00:00+01:00
10.0,,,False,2,pm25,µg/m³,,raw,01:00:00,2016-02-20T13:00:00Z,2016-02-20T14:00:00+01:00,2016-02-20T14:00:00Z,2016-02-20T15:00:00+01:00,1,01:00:00,1,24:00:00,100.0,2400.0,2016-02-19T14:00:00Z,2016-02-19T15:00:00+01:00,2016-02-20T14:00:00Z,2016-02-20T15:00:00+01:00
9.56521739130435,,,False,2,pm25,µg/m³,,raw,01:00:00,2016-02-20T14:00:00Z,2016-02-20T15:00:00+01:00,2016-02-20T15:00:00Z,2016-02-20T16:00:00+01:00,1,01:00:00,1,24:00:00,100.0,2400.0,2016-02-19T15:00:00Z,2016-02-19T16:00:00+01:00,2016-02-20T15:00:00Z,2016-02-20T16:00:00+01:00
9.30434782608696,,,False,2,pm25,µg/m³,,raw,01:00:00,2016-02-20T15:00:00Z,2016-02-20T16:00:00+01:00,2016-02-20T16:00:00Z,2016-02-20T17:00:00+01:00,1,01:00:00,1,24:00:00,100.0,2400.0,2016-02-19T16:00:00Z,2016-02-19T17:00:00+01:00,2016-02-20T16:00:00Z,2016-02-20T17:00:00+01:00
9.21739130434783,,,False,2,pm25,µg/m³,,raw,01:00:00,2016-02-20T16:00:00Z,2016-02-20T17:00:00+01:00,2016-02-20T17:00:00Z,2016-02-20T18:00:00+01:00,1,01:00:00,1,24:00:00,100.0,2400.0,2016-02-19T17:00:00Z,2016-02-19T18:00:00+01:00,2016-02-20T17:00:00Z,2016-02-20T18:00:00+01:00
9.08695652173913,,,False,2,pm25,µg/m³,,raw,01:00:00,2016-02-20T17:00:00Z,2016-02-20T18:00:00+01:00,2016-02-20T18:00:00Z,2016-02-20T19:00:00+01:00,1,01:00:00,1,24:00:00,100.0,2400.0,2016-02-19T18:00:00Z,2016-02-19T19:00:00+01:00,2016-02-20T18:00:00Z,2016-02-20T19:00:00+01:00
8.82608695652174,,,False,2,pm25,µg/m³,,raw,01:00:00,2016-02-20T18:00:00Z,2016-02-20T19:00:00+01:00,2016-02-20T19:00:00Z,2016-02-20T20:00:00+01:00,1,01:00:00,1,24:00:00,100.0,2400.0,2016-02-19T19:00:00Z,2016-02-19T20:00:00+01:00,2016-02-20T19:00:00Z,2016-02-20T20:00:00+01:00
8.52173913043478,,,False,2,pm25,µg/m³,,raw,01:00:00,2016-02-20T19:00:00Z,2016-02-20T20:00:00+01:00,2016-02-20T20:00:00Z,2016-02-20T21:00:00+01:00,1,01:00:00,1,24:00:00,100.0,2400.0,2016-02-19T20:00:00Z,2016-02-19T21:00:00+01:00,2016-02-20T20:00:00Z,2016-02-20T21:00:00+01:00
7.91304347826087,,,False,2,pm25,µg/m³,,raw,01:00:00,2016-02-20T20:00:00Z,2016-02-20T21:00:00+01:00,2016-02-20T21:00:00Z,2016-02-20T22:00:00+01:00,1,01:00:00,1,24:00:00,100.0,2400.0,2016-02-19T21:00:00Z,2016-02-19T22:00:00+01:00,2016-02-20T21:00:00Z,2016-02-20T22:00:00+01:00
7.34782608695652,,,False,2,pm25,µg/m³,,raw,01:00:00,2016-02-20T21:00:00Z,2016-02-20T22:00:00+01:00,2016-02-20T22:00:00Z,2016-02-20T23:00:00+01:00,1,01:00:00,1,24:00:00,100.0,2400.0,2016-02-19T22:00:00Z,2016-02-19T23:00:00+01:00,2016-02-20T22:00:00Z,2016-02-20T23:00:00+01:00
6.95652173913043,,,False,2,pm25,µg/m³,,raw,01:00:00,2016-02-20T22:00:00Z,2016-02-20T23:00:00+01:00,2016-02-20T23:00:00Z,2016-02-21T00:00:00+01:00,1,01:00:00,1,24:00:00,100.0,2400.0,2016-02-19T23:00:00Z,2016-02-20T00:00:00+01:00,2016-02-20T23:00:00Z,2016-02-21T00:00:00+01:00
6.73913043478261,,,False,2,pm25,µg/m³,,raw,01:00:00,2016-02-20T23:00:00Z,2016-02-21T00:00:00+01:00,2016-02-21T00:00:00Z,2016-02-21T01:00:00+01:00,1,01:00:00,1,24:00:00,100.0,2400.0,2016-02-20T00:00:00Z,2016-02-20T01:00:00+01:00,2016-02-21T00:00:00Z,2016-02-21T01:00:00+01:00
6.31818181818182,,,False,2,pm25,µg/m³,,raw,01:00:00,2016-02-21T00:00:00Z,2016-02-21T01:00:00+01:00,2016-02-21T01:00:00Z,2016-02-21T02:00:00+01:00,1,01:00:00,1,24:00:00,100.0,2400.0,2016-02-20T01:00:00Z,2016-02-20T02:00:00+01:00,2016-02-21T01:00:00Z,2016-02-21T02:00:00+01:00
6.0,,,False,2,pm25,µg/m³,,raw,01:00:00,2016-02-21T01:00:00Z,2016-02-21T02:00:00+01:00,2016-02-21T02:00:00Z,2016-02-21T03:00:00+01:00,1,01:00:00,1,24:00:00,100.0,2400.0,2016-02-20T02:00:00Z,2016-02-20T03:00:00+01:00,2016-02-21T02:00:00Z,2016-02-21T03:00:00+01:00
5.85,,,False,2,pm25,µg/m³,,raw,01:00:00,2016-02-21T02:00:00Z,2016-02-21T03:00:00+01:00,2016-02-21T03:00:00Z,2016-02-21T04:00:00+01:00,1,01:00:00,1,24:00:00,100.0,2400.0,2016-02-20T03:00:00Z,2016-02-20T04:00:00+01:00,2016-02-21T03:00:00Z,2016-02-21T04:00:00+01:00
5.76190476190476,,,False,2,pm25,µg/m³,,raw,01:00:00,2016-02-21T03:00:00Z,2016-02-21T04:00:00+01:00,2016-02-21T04:00:00Z,2016-02-21T05:00:00+01:00,1,01:00:00,1,24:00:00,100.0,2400.0,2016-02-20T04:00:00Z,2016-02-20T05:00:00+01:00,2016-02-21T04:00:00Z,2016-02-21T05:00:00+01:00
5.80952380952381,,,False,2,pm25,µg/m³,,raw,01:00:00,2016-02-21T04:00:00Z,2016-02-21T05:00:00+01:00,2016-02-21T05:00:00Z,2016-02-21T06:00:00+01:00,1,01:00:00,1,24:00:00,100.0,2400.0,2016-02-20T05:00:00Z,2016-02-20T06:00:00+01:00,2016-02-21T05:00:00Z,2016-02-21T06:00:00+01:00
5.5,,,False,2,pm25,µg/m³,,raw,01:00:00,2016-02-21T05:00:00Z,2016-02-21T06:00:00+01:00,2016-02-21T06:00:00Z,2016-02-21T07:00:00+01:00,1,01:00:00,1,24:00:00,100.0,2400.0,2016-02-20T06:00:00Z,2016-02-20T07:00:00+01:00,2016-02-21T06:00:00Z,2016-02-21T07:00:00+01:00
5.36363636363636,,,False,2,pm25,µg/m³,,raw,01:00:00,2016-02-21T06:00:00Z,2016-02-21T07:00:00+01:00,2016-02-21T07:00:00Z,2016-02-21T08:00:00+01:00,1,01:00:00,1,24:00:00,100.0,2400.0,2016-02-20T07:00:00Z,2016-02-20T08:00:00+01:00,2016-02-21T07:00:00Z,2016-02-21T08:00:00+01:00
5.36363636363636,,,False,2,pm25,µg/m³,,raw,01:00:00,2016-02-21T07:00:00Z,2016-02-21T08:00:00+01:00,2016-02-21T08:00:00Z,2016-02-21T09:00:00+01:00,1,01:00:00,1,24:00:00,100.0,2400.0,2016-02-20T08:00:00Z,2016-02-20T09:00:00+01:00,2016-02-21T08:00:00Z,2016-02-21T09:00:00+01:00
5.40909090909091,,,False,2,pm25,µg/m³,,raw,01:00:00,2016-02-21T08:00:00Z,2016-02-21T09:00:00+01:00,2016-02-21T09:00:00Z,2016-02-21T10:00:00+01:00,1,01:00:00,1,24:00:00,100.0,2400.0,2016-02-20T09:00:00Z,2016-02-20T10:00:00+01:00,2016-02-21T09:00:00Z,2016-02-21T10:00:00+01:00
5.40909090909091,,,False,2,pm25,µg/m³,,raw,01:00:00,2016-02-21T09:00:00Z,2016-02-21T10:00:00+01:00,2016-02-21T10:00:00Z,2016-02-21T11:00:00+01:00,1,01:00:00,1,24:00:00,100.0,2400.0,2016-02-20T10:00:00Z,2016-02-20T11:00:00+01:00,2016-02-21T10:00:00Z,2016-02-21T11:00:00+01:00
5.31818181818182,,,False,2,pm25,µg/m³,,raw,01:00:00,2016-02-21T10:00:00Z,2016-02-21T11:00:00+01:00,2016-02-21T11:00:00Z,2016-02-21T12:00:00+01:00,1,01:00:00,1,24:00:00,100.0,2400.0,2016-02-20T11:00:00Z,2016-02-20T12:00:00+01:00,2016-02-21T11:00:00Z,2016-02-21T12:00:00+01:00
5.27272727272727,,,False,2,pm25,µg/m³,,raw,01:00:00,2016-02-21T11:00:00Z,2016-02-21T12:00:00+01:00,2016-02-21T12:00:00Z,2016-02-21T13:00:00+01:00,1,01:00:00,1,24:00:00,100.0,2400.0,2016-02-20T12:00:00Z,2016-02-20T13:00:00+01:00,2016-02-21T12:00:00Z,2016-02-21T13:00:00+01:00
5.40909090909091,,,False,2,pm25,µg/m³,,raw,01:00:00,2016-02-21T12:00:00Z,2016-02-21T13:00:00+01:00,2016-02-21T13:00:00Z,2016-02-21T14:00:00+01:00,1,01:00:00,1,24:00:00,100.0,2400.0,2016-02-20T13:00:00Z,2016-02-20T14:00:00+01:00,2016-02-21T13:00:00Z,2016-02-21T14:00:00+01:00
5.45454545454545,,,False,2,pm25,µg/m³,,raw,01:00:00,2016-02-21T13:00:00Z,2016-02-21T14:00:00+01:00,2016-02-21T14:00:00Z,2016-02-21T15:00:00+01:00,1,01:00:00,1,24:00:00,100.0,2400.0,2016-02-20T14:00:00Z,2016-02-20T15:00:00+01:00,2016-02-21T14:00:00Z,2016-02-21T15:00:00+01:00
5.36363636363636,,,False,2,pm25,µg/m³,,raw,01:00:00,2016-02-21T14:00:00Z,2016-02-21T15:00:00+01:00,2016-02-21T15:00:00Z,2016-02-21T16:00:00+01:00,1,01:00:00,1,24:00:00,100.0,2400.0,2016-02-20T15:00:00Z,2016-02-20T16:00:00+01:00,2016-02-21T15:00:00Z,2016-02-21T16:00:00+01:00
5.04545454545455,,,False,2,pm25,µg/m³,,raw,01:00:00,2016-02-21T15:00:00Z,2016-02-21T16:00:00+01:00,2016-02-21T16:00:00Z,2016-02-21T17:00:00+01:00,1,01:00:00,1,24:00:00,100.0,2400.0,2016-02-20T16:00:00Z,2016-02-20T17:00:00+01:00,2016-02-21T16:00:00Z,2016-02-21T17:00:00+01:00
4.72727272727273,,,False,2,pm25,µg/m³,,raw,01:00:00,2016-02-21T16:00:00Z,2016-02-21T17:00:00+01:00,2016-02-21T17:00:00Z,2016-02-21T18:00:00+01:00,1,01:00:00,1,24:00:00,100.0,2400.0,2016-02-20T17:00:00Z,2016-02-20T18:00:00+01:00,2016-02-21T17:00:00Z,2016-02-21T18:00:00+01:00
4.59090909090909,,,False,2,pm25,µg/m³,,raw,01:00:00,2016-02-21T17:00:00Z,2016-02-21T18:00:00+01:00,2016-02-21T18:00:00Z,2016-02-21T19:00:00+01:00,1,01:00:00,1,24:00:00,100.0,2400.0,2016-02-20T18:00:00Z,2016-02-20T19:00:00+01:00,2016-02-21T18:00:00Z,2016-02-21T19:00:00+01:00
4.45454545454545,,,False,2,pm25,µg/m³,,raw,01:00:00,2016-02-21T18:00:00Z,2016-02-21T19:00:00+01:00,2016-02-21T19:00:00Z,2016-02-21T20:00:00+01:00,1,01:00:00,1,24:00:00,100.0,2400.0,2016-02-20T19:00:00Z,2016-02-20T20:00:00+01:00,2016-02-21T19:00:00Z,2016-02-21T20:00:00+01:00
4.40909090909091,,,False,2,pm25,µg/m³,,raw,01:00:00,2016-02-21T19:00:00Z,2016-02-21T20:00:00+01:00,2016-02-21T20:00:00Z,2016-02-21T21:00:00+01:00,1,01:00:00,1,24:00:00,100.0,2400.0,2016-02-20T20:00:00Z,2016-02-20T21:00:00+01:00,2016-02-21T20:00:00Z,2016-02-21T21:00:00+01:00
4.40909090909091,,,False,2,pm25,µg/m³,,raw,01:00:00,2016-02-21T20:00:00Z,2016-02-21T21:00:00+01:00,2016-02-21T21:00:00Z,2016-02-21T22:00:00+01:00,1,01:00:00,1,24:00:00,100.0,2400.0,2016-02-20T21:00:00Z,2016-02-20T22:00:00+01:00,2016-02-21T21:00:00Z,2016-02-21T22:00:00+01:00
4.47619047619048,,,False,2,pm25,µg/m³,,raw,01:00:00,2016-02-21T21:00:00Z,2016-02-21T22:00:00+01:00,2016-02-21T22:00:00Z,2016-02-21T23:00:00+01:00,1,01:00:00,1,24:00:00,100.0,2400.0,2016-02-20T22:00:00Z,2016-02-20T23:00:00+01:00,2016-02-21T22:00:00Z,2016-02-21T23:00:00+01:00
4.13636363636364,,,False,2,pm25,µg/m³,,raw,01:00:00,2016-02-21T22:00:00Z,2016-02-21T23:00:00+01:00,2016-02-21T23:00:00Z,2016-02-22T00:00:00+01:00,1,01:00:00,1,24:00:00,100.0,2400.0,2016-02-20T23:00:00Z,2016-02-21T00:00:00+01:00,2016-02-21T23:00:00Z,2016-02-22T00:00:00+01:00
4.0,,,False,2,pm25,µg/m³,,raw,01:00:00,2016-02-21T23:00:00Z,2016-02-22T00:00:00+01:00,2016-02-22T00:00:00Z,2016-02-22T01:00:00+01:00,1,01:00:00,1,24:00:00,100.0,2400.0,2016-02-21T00:00:00Z,2016-02-21T01:00:00+01:00,2016-02-22T00:00:00Z,2016-02-22T01:00:00+01:00
3.95454545454545,,,False,2,pm25,µg/m³,,raw,01:00:00,2016-02-22T00:00:00Z,2016-02-22T01:00:00+01:00,2016-02-22T01:00:00Z,2016-02-22T02:00:00+01:00,1,01:00:00,1,24:00:00,100.0,2400.0,2016-02-21T01:00:00Z,2016-02-21T02:00:00+01:00,2016-02-22T01:00:00Z,2016-02-22T02:00:00+01:00
3.95238095238095,,,False,2,pm25,µg/m³,,raw,01:00:00,2016-02-22T01:00:00Z,2016-02-22T02:00:00+01:00,2016-02-22T02:00:00Z,2016-02-22T03:00:00+01:00,1,01:00:00,1,24:00:00,100.0,2400.0,2016-02-21T02:00:00Z,2016-02-21T03:00:00+01:00,2016-02-22T02:00:00Z,2016-02-22T03:00:00+01:00
3.80952380952381,,,False,2,pm25,µg/m³,,raw,01:00:00,2016-02-22T02:00:00Z,2016-02-22T03:00:00+01:00,2016-02-22T03:00:00Z,2016-02-22T04:00:00+01:00,1,01:00:00,1,24:00:00,100.0,2400.0,2016-02-21T03:00:00Z,2016-02-21T04:00:00+01:00,2016-02-22T03:00:00Z,2016-02-22T04:00:00+01:00
3.78260869565217,,,False,2,pm25,µg/m³,,raw,01:00:00,2016-02-22T03:00:00Z,2016-02-22T04:00:00+01:00,2016-02-22T04:00:00Z,2016-02-22T05:00:00+01:00,1,01:00:00,1,24:00:00,100.0,2400.0,2016-02-21T04:00:00Z,2016-02-21T05:00:00+01:00,2016-02-22T04:00:00Z,2016-02-22T05:00:00+01:00
3.95652173913043,,,False,2,pm25,µg/m³,,raw,01:00:00,2016-02-22T04:00:00Z,2016-02-22T05:00:00+01:00,2016-02-22T05:00:00Z,2016-02-22T06:00:00+01:00,1,01:00:00,1,24:00:00,100.0,2400.0,2016-02-21T05:00:00Z,2016-02-21T06:00:00+01:00,2016-02-22T05:00:00Z,2016-02-22T06:00:00+01:00
3.95652173913043,,,False,2,pm25,µg/m³,,raw,01:00:00,2016-02-22T05:00:00Z,2016-02-22T06:00:00+01:00,2016-02-22T06:00:00Z,2016-02-22T07:00:00+01:00,1,01:00:00,1,24:00:00,100.0,2400.0,2016-02-21T06:00:00Z,2016-02-21T07:00:00+01:00,2016-02-22T06:00:00Z,2016-02-22T07:00:00+01:00
3.91304347826087,,,False,2,pm25,µg/m³,,raw,01:00:00,2016-02-22T06:00:00Z,2016-02-22T07:00:00+01:00,2016-02-22T07:00:00Z,2016-02-22T08:00:00+01:00,1,01:00:00,1,24:00:00,100.0,2400.0,2016-02-21T07:00:00Z,2016-02-21T08:00:00+01:00,2016-02-22T07:00:00Z,2016-02-22T08:00:00+01:00
3.82608695652174,,,False,2,pm25,µg/m³,,raw,01:00:00,2016-02-22T07:00:00Z,2016-02-22T08:00:00+01:00,2016-02-22T08:00:00Z,2016-02-22T09:00:00+01:00,1,01:00:00,1,24:00:00,100.0,2400.0,2016-02-21T08:00:00Z,2016-02-21T09:00:00+01:00,2016-02-22T08:00:00Z,2016-02-22T09:00:00+01:00
3.8695652173913,,,False,2,pm25,µg/m³,,raw,01:00:00,2016-02-22T11:00:00Z,2016-02-22T12:00:00+01:00,2016-02-22T12:00:00Z,2016-02-22T13:00:00+01:00,1,01:00:00,1,24:00:00,100.0,2400.0,2016-02-21T12:00:00Z,2016-02-21T13:00:00+01:00,2016-02-22T12:00:00Z,2016-02-22T13:00:00+01:00
3.77272727272727,,,False,2,pm25,µg/m³,,raw,01:00:00,2016-02-22T12:00:00Z,2016-02-22T13:00:00+01:00,2016-02-22T13:00:00Z,2016-02-22T14:00:00+01:00,1,01:00:00,1,24:00:00,100.0,2400.0,2016-02-21T13:00:00Z,2016-02-21T14:00:00+01:00,2016-02-22T13:00:00Z,2016-02-22T14:00:00+01:00
3.59090909090909,,,False,2,pm25,µg/m³,,raw,01:00:00,2016-02-22T13:00:00Z,2016-02-22T14:00:00+01:00,2016-02-22T14:00:00Z,2016-02-22T15:00:00+01:00,1,01:00:00,1,24:00:00,100.0,2400.0,2016-02-21T14:00:00Z,2016-02-21T15:00:00+01:00,2016-02-22T14:00:00Z,2016-02-22T15:00:00+01:00
3.63636363636364,,,False,2,pm25,µg/m³,,raw,01:00:00,2016-02-22T14:00:00Z,2016-02-22T15:00:00+01:00,2016-02-22T15:00:00Z,2016-02-22T16:00:00+01:00,1,01:00:00,1,24:00:00,100.0,2400.0,2016-02-21T15:00:00Z,2016-02-21T16:00:00+01:00,2016-02-22T15:00:00Z,2016-02-22T16:00:00+01:00
3.60869565217391,,,False,2,pm25,µg/m³,,raw,01:00:00,2016-02-22T15:00:00Z,2016-02-22T16:00:00+01:00,2016-02-22T16:00:00Z,2016-02-22T17:00:00+01:00,1,01:00:00,1,24:00:00,100.0,2400.0,2016-02-21T16:00:00Z,2016-02-21T17:00:00+01:00,2016-02-22T16:00:00Z,2016-02-22T17:00:00+01:00
3.60869565217391,,,False,2,pm25,µg/m³,,raw,01:00:00,2016-02-22T16:00:00Z,2016-02-22T17:00:00+01:00,2016-02-22T17:00:00Z,2016-02-22T18:00:00+01:00,1,01:00:00,1,24:00:00,100.0,2400.0,2016-02-21T17:00:00Z,2016-02-21T18:00:00+01:00,2016-02-22T17:00:00Z,2016-02-22T18:00:00+01:00
3.5,,,False,2,pm25,µg/m³,,raw,01:00:00,2016-02-22T17:00:00Z,2016-02-22T18:00:00+01:00,2016-02-22T18:00:00Z,2016-02-22T19:00:00+01:00,1,01:00:00,1,24:00:00,100.0,2400.0,2016-02-21T18:00:00Z,2016-02-21T19:00:00+01:00,2016-02-22T18:00:00Z,2016-02-22T19:00:00+01:00
3.8695652173913,,,False,2,pm25,µg/m³,,raw,01:00:00,2016-02-22T18:00:00Z,2016-02-22T19:00:00+01:00,2016-02-22T19:00:00Z,2016-02-22T20:00:00+01:00,1,01:00:00,1,24:00:00,100.0,2400.0,2016-02-21T19:00:00Z,2016-02-21T20:00:00+01:00,2016-02-22T19:00:00Z,2016-02-22T20:00:00+01:00
4.0,,,False,2,pm25,µg/m³,,raw,01:00:00,2016-02-22T19:00:00Z,2016-02-22T20:00:00+01:00,2016-02-22T20:00:00Z,2016-02-22T21:00:00+01:00,1,01:00:00,1,24:00:00,100.0,2400.0,2016-02-21T20:00:00Z,2016-02-21T21:00:00+01:00,2016-02-22T20:00:00Z,2016-02-22T21:00:00+01:00
4.04347826086957,,,False,2,pm25,µg/m³,,raw,01:00:00,2016-02-22T20:00:00Z,2016-02-22T21:00:00+01:00,2016-02-22T21:00:00Z,2016-02-22T22:00:00+01:00,1,01:00:00,1,24:00:00,100.0,2400.0,2016-02-21T21:00:00Z,2016-02-21T22:00:00+01:00,2016-02-22T21:00:00Z,2016-02-22T22:00:00+01:00
4.18181818181818,,,False,2,pm25,µg/m³,,raw,01:00:00,2016-02-22T21:00:00Z,2016-02-22T22:00:00+01:00,2016-02-22T22:00:00Z,2016-02-22T23:00:00+01:00,1,01:00:00,1,24:00:00,100.0,2400.0,2016-02-21T22:00:00Z,2016-02-21T23:00:00+01:00,2016-02-22T22:00:00Z,2016-02-22T23:00:00+01:00
4.54545454545455,,,False,2,pm25,µg/m³,,raw,01:00:00,2016-02-22T22:00:00Z,2016-02-22T23:00:00+01:00,2016-02-22T23:00:00Z,2016-02-23T00:00:00+01:00,1,01:00:00,1,24:00:00,100.0,2400.0,2016-02-21T23:00:00Z,2016-02-22T00:00:00+01:00,2016-02-22T23:00:00Z,2016-02-23T00:00:00+01:00
4.77272727272727,,,False,2,pm25,µg/m³,,raw,01:00:00,2016-02-22T23:00:00Z,2016-02-23T00:00:00+01:00,2016-02-23T00:00:00Z,2016-02-23T01:00:00+01:00,1,01:00:00,1,24:00:00,100.0,2400.0,2016-02-22T00:00:00Z,2016-02-22T01:00:00+01:00,2016-02-23T00:00:00Z,2016-02-23T01:00:00+01:00
5.09090909090909,,,False,2,pm25,µg/m³,,raw,01:00:00,2016-02-23T00:00:00Z,2016-02-23T01:00:00+01:00,2016-02-23T01:00:00Z,2016-02-23T02:00:00+01:00,1,01:00:00,1,24:00:00,100.0,2400.0,2016-02-22T01:00:00Z,2016-02-22T02:00:00+01:00,2016-02-23T01:00:00Z,2016-02-23T02:00:00+01:00
5.36363636363636,,,False,2,pm25,µg/m³,,raw,01:00:00,2016-02-23T01:00:00Z,2016-02-23T02:00:00+01:00,2016-02-23T02:00:00Z,2016-02-23T03:00:00+01:00,1,01:00:00,1,24:00:00,100.0,2400.0,2016-02-22T02:00:00Z,2016-02-22T03:00:00+01:00,2016-02-23T02:00:00Z,2016-02-23T03:00:00+01:00
5.63636363636364,,,False,2,pm25,µg/m³,,raw,01:00:00,2016-02-23T02:00:00Z,2016-02-23T03:00:00+01:00,2016-02-23T03:00:00Z,2016-02-23T04:00:00+01:00,1,01:00:00,1,24:00:00,100.0,2400.0,2016-02-22T03:00:00Z,2016-02-22T04:00:00+01:00,2016-02-23T03:00:00Z,2016-02-23T04:00:00+01:00
5.61904761904762,,,False,2,pm25,µg/m³,,raw,01:00:00,2016-02-23T03:00:00Z,2016-02-23T04:00:00+01:00,2016-02-23T04:00:00Z,2016-02-23T05:00:00+01:00,1,01:00:00,1,24:00:00,100.0,2400.0,2016-02-22T04:00:00Z,2016-02-22T05:00:00+01:00,2016-02-23T04:00:00Z,2016-02-23T05:00:00+01:00
5.8695652173913,,,False,2,pm25,µg/m³,,raw,01:00:00,2016-02-23T04:00:00Z,2016-02-23T05:00:00+01:00,2016-02-23T05:00:00Z,2016-02-23T06:00:00+01:00,1,01:00:00,1,24:00:00,100.0,2400.0,2016-02-22T05:00:00Z,2016-02-22T06:00:00+01:00,2016-02-23T05:00:00Z,2016-02-23T06:00:00+01:00
5.90909090909091,,,False,2,pm25,µg/m³,,raw,01:00:00,2016-02-23T05:00:00Z,2016-02-23T06:00:00+01:00,2016-02-23T06:00:00Z,2016-02-23T07:00:00+01:00,1,01:00:00,1,24:00:00,100.0,2400.0,2016-02-22T06:00:00Z,2016-02-22T07:00:00+01:00,2016-02-23T06:00:00Z,2016-02-23T07:00:00+01:00
5.90909090909091,,,False,2,pm25,µg/m³,,raw,01:00:00,2016-02-23T06:00:00Z,2016-02-23T07:00:00+01:00,2016-02-23T07:00:00Z,2016-02-23T08:00:00+01:00,1,01:00:00,1,24:00:00,100.0,2400.0,2016-02-22T07:00:00Z,2016-02-22T08:00:00+01:00,2016-02-23T07:00:00Z,2016-02-23T08:00:00+01:00
5.90909090909091,,,False,2,pm25,µg/m³,,raw,01:00:00,2016-02-23T07:00:00Z,2016-02-23T08:00:00+01:00,2016-02-23T08:00:00Z,2016-02-23T09:00:00+01:00,1,01:00:00,1,24:00:00,100.0,2400.0,2016-02-22T08:00:00Z,2016-02-22T09:00:00+01:00,2016-02-23T08:00:00Z,2016-02-23T09:00:00+01:00
6.04545454545455,,,False,2,pm25,µg/m³,,raw,01:00:00,2016-02-23T08:00:00Z,2016-02-23T09:00:00+01:00,2016-02-23T09:00:00Z,2016-02-23T10:00:00+01:00,1,01:00:00,1,24:00:00,100.0,2400.0,2016-02-22T09:00:00Z,2016-02-22T10:00:00+01:00,2016-02-23T09:00:00Z,2016-02-23T10:00:00+01:00
6.27272727272727,,,False,2,pm25,µg/m³,,raw,01:00:00,2016-02-23T09:00:00Z,2016-02-23T10:00:00+01:00,2016-02-23T10:00:00Z,2016-02-23T11:00:00+01:00,1,01:00:00,1,24:00:00,100.0,2400.0,2016-02-22T10:00:00Z,2016-02-22T11:00:00+01:00,2016-02-23T10:00:00Z,2016-02-23T11:00:00+01:00
7.0,,,False,2,pm25,µg/m³,,raw,01:00:00,2016-02-23T10:00:00Z,2016-02-23T11:00:00+01:00,2016-02-23T11:00:00Z,2016-02-23T12:00:00+01:00,1,01:00:00,1,24:00:00,100.0,2400.0,2016-02-22T11:00:00Z,2016-02-22T12:00:00+01:00,2016-02-23T11:00:00Z,2016-02-23T12:00:00+01:00
7.40909090909091,,,False,2,pm25,µg/m³,,raw,01:00:00,2016-02-23T11:00:00Z,2016-02-23T12:00:00+01:00,2016-02-23T12:00:00Z,2016-02-23T13:00:00+01:00,1,01:00:00,1,24:00:00,100.0,2400.0,2016-02-22T12:00:00Z,2016-02-22T13:00:00+01:00,2016-02-23T12:00:00Z,2016-02-23T13:00:00+01:00
7.72727272727273,,,False,2,pm25,µg/m³,,raw,01:00:00,2016-02-23T12:00:00Z,2016-02-23T13:00:00+01:00,2016-02-23T13:00:00Z,2016-02-23T14:00:00+01:00,1,01:00:00,1,24:00:00,100.0,2400.0,2016-02-22T13:00:00Z,2016-02-22T14:00:00+01:00,2016-02-23T13:00:00Z,2016-02-23T14:00:00+01:00
8.31818181818182,,,False,2,pm25,µg/m³,,raw,01:00:00,2016-02-23T13:00:00Z,2016-02-23T14:00:00+01:00,2016-02-23T14:00:00Z,2016-02-23T15:00:00+01:00,1,01:00:00,1,24:00:00,100.0,2400.0,2016-02-22T14:00:00Z,2016-02-22T15:00:00+01:00,2016-02-23T14:00:00Z,2016-02-23T15:00:00+01:00
8.90909090909091,,,False,2,pm25,µg/m³,,raw,01:00:00,2016-02-23T14:00:00Z,2016-02-23T15:00:00+01:00,2016-02-23T15:00:00Z,2016-02-23T16:00:00+01:00,1,01:00:00,1,24:00:00,100.0,2400.0,2016-02-22T15:00:00Z,2016-02-22T16:00:00+01:00,2016-02-23T15:00:00Z,2016-02-23T16:00:00+01:00
9.36363636363636,,,False,2,pm25,µg/m³,,raw,01:00:00,2016-02-23T15:00:00Z,2016-02-23T16:00:00+01:00,2016-02-23T16:00:00Z,2016-02-23T17:00:00+01:00,1,01:00:00,1,24:00:00,100.0,2400.0,2016-02-22T16:00:00Z,2016-02-22T17:00:00+01:00,2016-02-23T16:00:00Z,2016-02-23T17:00:00+01:00
9.45454545454546,,,False,2,pm25,µg/m³,,raw,01:00:00,2016-02-23T16:00:00Z,2016-02-23T17:00:00+01:00,2016-02-23T17:00:00Z,2016-02-23T18:00:00+01:00,1,01:00:00,1,24:00:00,100.0,2400.0,2016-02-22T17:00:00Z,2016-02-22T18:00:00+01:00,2016-02-23T17:00:00Z,2016-02-23T18:00:00+01:00
9.59090909090909,,,False,2,pm25,µg/m³,,raw,01:00:00,2016-02-23T17:00:00Z,2016-02-23T18:00:00+01:00,2016-02-23T18:00:00Z,2016-02-23T19:00:00+01:00,1,01:00:00,1,24:00:00,100.0,2400.0,2016-02-22T18:00:00Z,2016-02-22T19:00:00+01:00,2016-02-23T18:00:00Z,2016-02-23T19:00:00+01:00
9.59090909090909,,,False,2,pm25,µg/m³,,raw,01:00:00,2016-02-23T18:00:00Z,2016-02-23T19:00:00+01:00,2016-02-23T19:00:00Z,2016-02-23T20:00:00+01:00,1,01:00:00,1,24:00:00,100.0,2400.0,2016-02-22T19:00:00Z,2016-02-22T20:00:00+01:00,2016-02-23T19:00:00Z,2016-02-23T20:00:00+01:00
9.80952380952381,,,False,2,pm25,µg/m³,,raw,01:00:00,2016-02-23T19:00:00Z,2016-02-23T20:00:00+01:00,2016-02-23T20:00:00Z,2016-02-23T21:00:00+01:00,1,01:00:00,1,24:00:00,100.0,2400.0,2016-02-22T20:00:00Z,2016-02-22T21:00:00+01:00,2016-02-23T20:00:00Z,2016-02-23T21:00:00+01:00
9.63636363636364,,,False,2,pm25,µg/m³,,raw,01:00:00,2016-02-23T20:00:00Z,2016-02-23T21:00:00+01:00,2016-02-23T21:00:00Z,2016-02-23T22:00:00+01:00,1,01:00:00,1,24:00:00,100.0,2400.0,2016-02-22T21:00:00Z,2016-02-22T22:00:00+01:00,2016-02-23T21:00:00Z,2016-02-23T22:00:00+01:00
9.72727272727273,,,False,2,pm25,µg/m³,,raw,01:00:00,2016-02-23T21:00:00Z,2016-02-23T22:00:00+01:00,2016-02-23T22:00:00Z,2016-02-23T23:00:00+01:00,1,01:00:00,1,24:00:00,100.0,2400.0,2016-02-22T22:00:00Z,2016-02-22T23:00:00+01:00,2016-02-23T22:00:00Z,2016-02-23T23:00:00+01:00
9.86363636363636,,,False,2,pm25,µg/m³,,raw,01:00:00,2016-02-23T22:00:00Z,2016-02-23T23:00:00+01:00,2016-02-23T23:00:00Z,2016-02-24T00:00:00+01:00,1,01:00:00,1,24:00:00,100.0,2400.0,2016-02-22T23:00:00Z,2016-02-23T00:00:00+01:00,2016-02-23T23:00:00Z,2016-02-24T00:00:00+01:00
9.86363636363636,,,False,2,pm25,µg/m³,,raw,01:00:00,2016-02-23T23:00:00Z,2016-02-24T00:00:00+01:00,2016-02-24T00:00:00Z,2016-02-24T01:00:00+01:00,1,01:00:00,1,24:00:00,100.0,2400.0,2016-02-23T00:00:00Z,2016-02-23T01:00:00+01:00,2016-02-24T00:00:00Z,2016-02-24T01:00:00+01:00
9.86363636363636,,,False,2,pm25,µg/m³,,raw,01:00:00,2016-02-24T00:00:00Z,2016-02-24T01:00:00+01:00,2016-02-24T01:00:00Z,2016-02-24T02:00:00+01:00,1,01:00:00,1,24:00:00,100.0,2400.0,2016-02-23T01:00:00Z,2016-02-23T02:00:00+01:00,2016-02-24T01:00:00Z,2016-02-24T02:00:00+01:00
9.76190476190476,,,False,2,pm25,µg/m³,,raw,01:00:00,2016-02-24T01:00:00Z,2016-02-24T02:00:00+01:00,2016-02-24T02:00:00Z,2016-02-24T03:00:00+01:00,1,01:00:00,1,24:00:00,100.0,2400.0,2016-02-23T02:00:00Z,2016-02-23T03:00:00+01:00,2016-02-24T02:00:00Z,2016-02-24T03:00:00+01:00
10.9565217391304,,,False,2,pm25,µg/m³,,raw,01:00:00,2016-02-24T02:00:00Z,2016-02-24T03:00:00+01:00,2016-02-24T03:00:00Z,2016-02-24T04:00:00+01:00,1,01:00:00,1,24:00:00,100.0,2400.0,2016-02-23T03:00:00Z,2016-02-23T04:00:00+01:00,2016-02-24T03:00:00Z,2016-02-24T04:00:00+01:00
11.2727272727273,,,False,2,pm25,µg/m³,,raw,01:00:00,2016-02-24T03:00:00Z,2016-02-24T04:00:00+01:00,2016-02-24T04:00:00Z,2016-02-24T05:00:00+01:00,1,01:00:00,1,24:00:00,100.0,2400.0,2016-02-23T04:00:00Z,2016-02-23T05:00:00+01:00,2016-02-24T04:00:00Z,2016-02-24T05:00:00+01:00
11.9545454545455,,,False,2,pm25,µg/m³,,raw,01:00:00,2016-02-24T04:00:00Z,2016-02-24T05:00:00+01:00,2016-02-24T05:00:00Z,2016-02-24T06:00:00+01:00,1,01:00:00,1,24:00:00,100.0,2400.0,2016-02-23T05:00:00Z,2016-02-23T06:00:00+01:00,2016-02-24T05:00:00Z,2016-02-24T06:00:00+01:00
12.3181818181818,,,False,2,pm25,µg/m³,,raw,01:00:00,2016-02-24T05:00:00Z,2016-02-24T06:00:00+01:00,2016-02-24T06:00:00Z,2016-02-24T07:00:00+01:00,1,01:00:00,1,24:00:00,100.0,2400.0,2016-02-23T06:00:00Z,2016-02-23T07:00:00+01:00,2016-02-24T06:00:00Z,2016-02-24T07:00:00+01:00
12.7727272727273,,,False,2,pm25,µg/m³,,raw,01:00:00,2016-02-24T06:00:00Z,2016-02-24T07:00:00+01:00,2016-02-24T07:00:00Z,2016-02-24T08:00:00+01:00,1,01:00:00,1,24:00:00,100.0,2400.0,2016-02-23T07:00:00Z,2016-02-23T08:00:00+01:00,2016-02-24T07:00:00Z,2016-02-24T08:00:00+01:00
13.1818181818182,,,False,2,pm25,µg/m³,,raw,01:00:00,2016-02-24T07:00:00Z,2016-02-24T08:00:00+01:00,2016-02-24T08:00:00Z,2016-02-24T09:00:00+01:00,1,01:00:00,1,24:00:00,100.0,2400.0,2016-02-23T08:00:00Z,2016-02-23T09:00:00+01:00,2016-02-24T08:00:00Z,2016-02-24T09:00:00+01:00
13.3181818181818,,,False,2,pm25,µg/m³,,raw,01:00:00,2016-02-24T08:00:00Z,2016-02-24T09:00:00+01:00,2016-02-24T09:00:00Z,2016-02-24T10:00:00+01:00,1,01:00:00,1,24:00:00,100.0,2400.0,2016-02-23T09:00:00Z,2016-02-23T10:00:00+01:00,2016-02-24T09:00:00Z,2016-02-24T10:00:00+01:00
14.0454545454545,,,False,2,pm25,µg/m³,,raw,01:00:00,2016-02-24T09:00:00Z,2016-02-24T10:00:00+01:00,2016-02-24T10:00:00Z,2016-02-24T11:00:00+01:00,1,01:00:00,1,24:00:00,100.0,2400.0,2016-02-23T10:00:00Z,2016-02-23T11:00:00+01:00,2016-02-24T10:00:00Z,2016-02-24T11:00:00+01:00
14.7727272727273,,,False,2,pm25,µg/m³,,raw,01:00:00,2016-02-24T10:00:00Z,2016-02-24T11:00:00+01:00,2016-02-24T11:00:00Z,2016-02-24T12:00:00+01:00,1,01:00:00,1,24:00:00,100.0,2400.0,2016-02-23T11:00:00Z,2016-02-23T12:00:00+01:00,2016-02-24T11:00:00Z,2016-02-24T12:00:00+01:00
14.7142857142857,,,False,2,pm25,µg/m³,,raw,01:00:00,2016-02-24T11:00:00Z,2016-02-24T12:00:00+01:00,2016-02-24T12:00:00Z,2016-02-24T13:00:00+01:00,1,01:00:00,1,24:00:00,100.0,2400.0,2016-02-23T12:00:00Z,2016-02-23T13:00:00+01:00,2016-02-24T12:00:00Z,2016-02-24T13:00:00+01:00
14.8636363636364,,,False,2,pm25,µg/m³,,raw,01:00:00,2016-02-24T12:00:00Z,2016-02-24T13:00:00+01:00,2016-02-24T13:00:00Z,2016-02-24T14:00:00+01:00,1,01:00:00,1,24:00:00,100.0,2400.0,2016-02-23T13:00:00Z,2016-02-23T14:00:00+01:00,2016-02-24T13:00:00Z,2016-02-24T14:00:00+01:00
15.0909090909091,,,False,2,pm25,µg/m³,,raw,01:00:00,2016-02-24T13:00:00Z,2016-02-24T14:00:00+01:00,2016-02-24T14:00:00Z,2016-02-24T15:00:00+01:00,1,01:00:00,1,24:00:00,100.0,2400.0,2016-02-23T14:00:00Z,2016-02-23T15:00:00+01:00,2016-02-24T14:00:00Z,2016-02-24T15:00:00+01:00
15.1818181818182,,,False,2,pm25,µg/m³,,raw,01:00:00,2016-02-24T14:00:00Z,2016-02-24T15:00:00+01:00,2016-02-24T15:00:00Z,2016-02-24T16:00:00+01:00,1,01:00:00,1,24:00:00,100.0,2400.0,2016-02-23T15:00:00Z,2016-02-23T16:00:00+01:00,2016-02-24T15:00:00Z,2016-02-24T16:00:00+01:00
15.2272727272727,,,False,2,pm25,µg/m³,,raw,01:00:00,2016-02-24T15:00:00Z,2016-02-24T16:00:00+01:00,2016-02-24T16:00:00Z,2016-02-24T17:00:00+01:00,1,01:00:00,1,24:00:00,100.0,2400.0,2016-02-23T16:00:00Z,2016-02-23T17:00:00+01:00,2016-02-24T16:00:00Z,2016-02-24T17:00:00+01:00
15.0434782608696,,,False,2,pm25,µg/m³,,raw,01:00:00,2016-02-24T16:00:00Z,2016-02-24T17:00:00+01:00,2016-02-24T17:00:00Z,2016-02-24T18:00:00+01:00,1,01:00:00,1,24:00:00,100.0,2400.0,2016-02-23T17:00:00Z,2016-02-23T18:00:00+01:00,2016-02-24T17:00:00Z,2016-02-24T18:00:00+01:00
15.4090909090909,,,False,2,pm25,µg/m³,,raw,01:00:00,2016-02-24T17:00:00Z,2016-02-24T18:00:00+01:00,2016-02-24T18:00:00Z,2016-02-24T19:00:00+01:00,1,01:00:00,1,24:00:00,100.0,2400.0,2016-02-23T18:00:00Z,2016-02-23T19:00:00+01:00,2016-02-24T18:00:00Z,2016-02-24T19:00:00+01:00
15.5,,,False,2,pm25,µg/m³,,raw,01:00:00,2016-02-24T18:00:00Z,2016-02-24T19:00:00+01:00,2016-02-24T19:00:00Z,2016-02-24T20:00:00+01:00,1,01:00:00,1,24:00:00,100.0,2400.0,2016-02-23T19:00:00Z,2016-02-23T20:00:00+01:00,2016-02-24T19:00:00Z,2016-02-24T20:00:00+01:00
15.4090909090909,,,False,2,pm25,µg/m³,,raw,01:00:00,2016-02-24T19:00:00Z,2016-02-24T20:00:00+01:00,2016-02-24T20:00:00Z,2016-02-24T21:00:00+01:00,1,01:00:00,1,24:00:00,100.0,2400.0,2016-02-23T20:00:00Z,2016-02-23T21:00:00+01:00,2016-02-24T20:00:00Z,2016-02-24T21:00:00+01:00
15.5,,,False,2,pm25,µg/m³,,raw,01:00:00,2016-02-24T20:00:00Z,2016-02-24T21:00:00+01:00,2016-02-24T21:00:00Z,2016-02-24T22:00:00+01:00,1,01:00:00,1,24:00:00,100.0,2400.0,2016-02-23T21:00:00Z,2016-02-23T22:00:00+01:00,2016-02-24T21:00:00Z,2016-02-24T22:00:00+01:00
15.8181818181818,,,False,2,pm25,µg/m³,,raw,01:00:00,2016-02-24T21:00:00Z,2016-02-24T22:00:00+01:00,2016-02-24T22:00:00Z,2016-02-24T23:00:00+01:00,1,01:00:00,1,24:00:00,100.0,2400.0,2016-02-23T22:00:00Z,2016-02-23T23:00:00+01:00,2016-02-24T22:00:00Z,2016-02-24T23:00:00+01:00
16.2272727272727,,,False,2,pm25,µg/m³,,raw,01:00:00,2016-02-24T22:00:00Z,2016-02-24T23:00:00+01:00,2016-02-24T23:00:00Z,2016-02-25T00:00:00+01:00,1,01:00:00,1,24:00:00,100.0,2400.0,2016-02-23T23:00:00Z,2016-02-24T00:00:00+01:00,2016-02-24T23:00:00Z,2016-02-25T00:00:00+01:00
16.2272727272727,,,False,2,pm25,µg/m³,,raw,01:00:00,2016-02-24T23:00:00Z,2016-02-25T00:00:00+01:00,2016-02-25T00:00:00Z,2016-02-25T01:00:00+01:00,1,01:00:00,1,24:00:00,100.0,2400.0,2016-02-24T00:00:00Z,2016-02-24T01:00:00+01:00,2016-02-25T00:00:00Z,2016-02-25T01:00:00+01:00
16.3181818181818,,,False,2,pm25,µg/m³,,raw,01:00:00,2016-02-25T00:00:00Z,2016-02-25T01:00:00+01:00,2016-02-25T01:00:00Z,2016-02-25T02:00:00+01:00,1,01:00:00,1,24:00:00,100.0,2400.0,2016-02-24T01:00:00Z,2016-02-24T02:00:00+01:00,2016-02-25T01:00:00Z,2016-02-25T02:00:00+01:00
16.2380952380952,,,False,2,pm25,µg/m³,,raw,01:00:00,2016-02-25T01:00:00Z,2016-02-25T02:00:00+01:00,2016-02-25T02:00:00Z,2016-02-25T03:00:00+01:00,1,01:00:00,1,24:00:00,100.0,2400.0,2016-02-24T02:00:00Z,2016-02-24T03:00:00+01:00,2016-02-25T02:00:00Z,2016-02-25T03:00:00+01:00
16.1,,,False,2,pm25,µg/m³,,raw,01:00:00,2016-02-25T02:00:00Z,2016-02-25T03:00:00+01:00,2016-02-25T03:00:00Z,2016-02-25T04:00:00+01:00,1,01:00:00,1,24:00:00,100.0,2400.0,2016-02-24T03:00:00Z,2016-02-24T04:00:00+01:00,2016-02-25T03:00:00Z,2016-02-25T04:00:00+01:00
16.2105263157895,,,False,2,pm25,µg/m³,,raw,01:00:00,2016-02-25T03:00:00Z,2016-02-25T04:00:00+01:00,2016-02-25T04:00:00Z,2016-02-25T05:00:00+01:00,1,01:00:00,1,24:00:00,100.0,2400.0,2016-02-24T04:00:00Z,2016-02-24T05:00:00+01:00,2016-02-25T04:00:00Z,2016-02-25T05:00:00+01:00
16.5714285714286,,,False,2,pm25,µg/m³,,raw,01:00:00,2016-02-25T04:00:00Z,2016-02-25T05:00:00+01:00,2016-02-25T05:00:00Z,2016-02-25T06:00:00+01:00,1,01:00:00,1,24:00:00,100.0,2400.0,2016-02-24T05:00:00Z,2016-02-24T06:00:00+01:00,2016-02-25T05:00:00Z,2016-02-25T06:00:00+01:00
16.8181818181818,,,False,2,pm25,µg/m³,,raw,01:00:00,2016-02-25T05:00:00Z,2016-02-25T06:00:00+01:00,2016-02-25T06:00:00Z,2016-02-25T07:00:00+01:00,1,01:00:00,1,24:00:00,100.0,2400.0,2016-02-24T06:00:00Z,2016-02-24T07:00:00+01:00,2016-02-25T06:00:00Z,2016-02-25T07:00:00+01:00
17.1363636363636,,,False,2,pm25,µg/m³,,raw,01:00:00,2016-02-25T06:00:00Z,2016-02-25T07:00:00+01:00,2016-02-25T07:00:00Z,2016-02-25T08:00:00+01:00,1,01:00:00,1,24:00:00,100.0,2400.0,2016-02-24T07:00:00Z,2016-02-24T08:00:00+01:00,2016-02-25T07:00:00Z,2016-02-25T08:00:00+01:00
17.3636363636364,,,False,2,pm25,µg/m³,,raw,01:00:00,2016-02-25T07:00:00Z,2016-02-25T08:00:00+01:00,2016-02-25T08:00:00Z,2016-02-25T09:00:00+01:00,1,01:00:00,1,24:00:00,100.0,2400.0,2016-02-24T08:00:00Z,2016-02-24T09:00:00+01:00,2016-02-25T08:00:00Z,2016-02-25T09:00:00+01:00
17.6818181818182,,,False,2,pm25,µg/m³,,raw,01:00:00,2016-02-25T08:00:00Z,2016-02-25T09:00:00+01:00,2016-02-25T09:00:00Z,2016-02-25T10:00:00+01:00,1,01:00:00,1,24:00:00,100.0,2400.0,2016-02-24T09:00:00Z,2016-02-24T10:00:00+01:00,2016-02-25T09:00:00Z,2016-02-25T10:00:00+01:00
18.4545454545455,,,False,2,pm25,µg/m³,,raw,01:00:00,2016-02-25T09:00:00Z,2016-02-25T10:00:00+01:00,2016-02-25T10:00:00Z,2016-02-25T11:00:00+01:00,1,01:00:00,1,24:00:00,100.0,2400.0,2016-02-24T10:00:00Z,2016-02-24T11:00:00+01:00,2016-02-25T10:00:00Z,2016-02-25T11:00:00+01:00
18.6666666666667,,,False,2,pm25,µg/m³,,raw,01:00:00,2016-02-25T10:00:00Z,2016-02-25T11:00:00+01:00,2016-02-25T11:00:00Z,2016-02-25T12:00:00+01:00,1,01:00:00,1,24:00:00,100.0,2400.0,2016-02-24T11:00:00Z,2016-02-24T12:00:00+01:00,2016-02-25T11:00:00Z,2016-02-25T12:00:00+01:00
20.8636363636364,,,False,2,pm25,µg/m³,,raw,01:00:00,2016-02-25T11:00:00Z,2016-02-25T12:00:00+01:00,2016-02-25T12:00:00Z,2016-02-25T13:00:00+01:00,1,01:00:00,1,24:00:00,100.0,2400.0,2016-02-24T12:00:00Z,2016-02-24T13:00:00+01:00,2016-02-25T12:00:00Z,2016-02-25T13:00:00+01:00
22.3636363636364,,,False,2,pm25,µg/m³,,raw,01:00:00,2016-02-25T12:00:00Z,2016-02-25T13:00:00+01:00,2016-02-25T13:00:00Z,2016-02-25T14:00:00+01:00,1,01:00:00,1,24:00:00,100.0,2400.0,2016-02-24T13:00:00Z,2016-02-24T14:00:00+01:00,2016-02-25T13:00:00Z,2016-02-25T14:00:00+01:00
23.5,,,False,2,pm25,µg/m³,,raw,01:00:00,2016-02-25T13:00:00Z,2016-02-25T14:00:00+01:00,2016-02-25T14:00:00Z,2016-02-25T15:00:00+01:00,1,01:00:00,1,24:00:00,100.0,2400.0,2016-02-24T14:00:00Z,2016-02-24T15:00:00+01:00,2016-02-25T14:00:00Z,2016-02-25T15:00:00+01:00
24.3636363636364,,,False,2,pm25,µg/m³,,raw,01:00:00,2016-02-25T14:00:00Z,2016-02-25T15:00:00+01:00,2016-02-25T15:00:00Z,2016-02-25T16:00:00+01:00,1,01:00:00,1,24:00:00,100.0,2400.0,2016-02-24T15:00:00Z,2016-02-24T16:00:00+01:00,2016-02-25T15:00:00Z,2016-02-25T16:00:00+01:00
24.5454545454545,,,False,2,pm25,µg/m³,,raw,01:00:00,2016-02-25T15:00:00Z,2016-02-25T16:00:00+01:00,2016-02-25T16:00:00Z,2016-02-25T17:00:00+01:00,1,01:00:00,1,24:00:00,100.0,2400.0,2016-02-24T16:00:00Z,2016-02-24T17:00:00+01:00,2016-02-25T16:00:00Z,2016-02-25T17:00:00+01:00
24.6818181818182,,,False,2,pm25,µg/m³,,raw,01:00:00,2016-02-25T16:00:00Z,2016-02-25T17:00:00+01:00,2016-02-25T17:00:00Z,2016-02-25T18:00:00+01:00,1,01:00:00,1,24:00:00,100.0,2400.0,2016-02-24T17:00:00Z,2016-02-24T18:00:00+01:00,2016-02-25T17:00:00Z,2016-02-25T18:00:00+01:00
24.2608695652174,,,False,2,pm25,µg/m³,,raw,01:00:00,2016-02-25T17:00:00Z,2016-02-25T18:00:00+01:00,2016-02-25T18:00:00Z,2016-02-25T19:00:00+01:00,1,01:00:00,1,24:00:00,100.0,2400.0,2016-02-24T18:00:00Z,2016-02-24T19:00:00+01:00,2016-02-25T18:00:00Z,2016-02-25T19:00:00+01:00
24.2608695652174,,,False,2,pm25,µg/m³,,raw,01:00:00,2016-02-25T18:00:00Z,2016-02-25T19:00:00+01:00,2016-02-25T19:00:00Z,2016-02-25T20:00:00+01:00,1,01:00:00,1,24:00:00,100.0,2400.0,2016-02-24T19:00:00Z,2016-02-24T20:00:00+01:00,2016-02-25T19:00:00Z,2016-02-25T20:00:00+01:00
24.304347826087,,,False,2,pm25,µg/m³,,raw,01:00:00,2016-02-25T19:00:00Z,2016-02-25T20:00:00+01:00,2016-02-25T20:00:00Z,2016-02-25T21:00:00+01:00,1,01:00:00,1,24:00:00,100.0,2400.0,2016-02-24T20:00:00Z,2016-02-24T21:00:00+01:00,2016-02-25T20:00:00Z,2016-02-25T21:00:00+01:00
24.5454545454545,,,False,2,pm25,µg/m³,,raw,01:00:00,2016-02-25T20:00:00Z,2016-02-25T21:00:00+01:00,2016-02-25T21:00:00Z,2016-02-25T22:00:00+01:00,1,01:00:00,1,24:00:00,100.0,2400.0,2016-02-24T21:00:00Z,2016-02-24T22:00:00+01:00,2016-02-25T21:00:00Z,2016-02-25T22:00:00+01:00
24.304347826087,,,False,2,pm25,µg/m³,,raw,01:00:00,2016-02-25T21:00:00Z,2016-02-25T22:00:00+01:00,2016-02-25T22:00:00Z,2016-02-25T23:00:00+01:00,1,01:00:00,1,24:00:00,100.0,2400.0,2016-02-24T22:00:00Z,2016-02-24T23:00:00+01:00,2016-02-25T22:00:00Z,2016-02-25T23:00:00+01:00
24.2608695652174,,,False,2,pm25,µg/m³,,raw,01:00:00,2016-02-25T22:00:00Z,2016-02-25T23:00:00+01:00,2016-02-25T23:00:00Z,2016-02-26T00:00:00+01:00,1,01:00:00,1,24:00:00,100.0,2400.0,2016-02-24T23:00:00Z,2016-02-25T00:00:00+01:00,2016-02-25T23:00:00Z,2016-02-26T00:00:00+01:00
24.4782608695652,,,False,2,pm25,µg/m³,,raw,01:00:00,2016-02-25T23:00:00Z,2016-02-26T00:00:00+01:00,2016-02-26T00:00:00Z,2016-02-26T01:00:00+01:00,1,01:00:00,1,24:00:00,100.0,2400.0,2016-02-25T00:00:00Z,2016-02-25T01:00:00+01:00,2016-02-26T00:00:00Z,2016-02-26T01:00:00+01:00
24.6818181818182,,,False,2,pm25,µg/m³,,raw,01:00:00,2016-02-26T00:00:00Z,2016-02-26T01:00:00+01:00,2016-02-26T01:00:00Z,2016-02-26T02:00:00+01:00,1,01:00:00,1,24:00:00,100.0,2400.0,2016-02-25T01:00:00Z,2016-02-25T02:00:00+01:00,2016-02-26T01:00:00Z,2016-02-26T02:00:00+01:00
25.0,,,False,2,pm25,µg/m³,,raw,01:00:00,2016-02-26T01:00:00Z,2016-02-26T02:00:00+01:00,2016-02-26T02:00:00Z,2016-02-26T03:00:00+01:00,1,01:00:00,1,24:00:00,100.0,2400.0,2016-02-25T02:00:00Z,2016-02-25T03:00:00+01:00,2016-02-26T02:00:00Z,2016-02-26T03:00:00+01:00
25.25,,,False,2,pm25,µg/m³,,raw,01:00:00,2016-02-26T02:00:00Z,2016-02-26T03:00:00+01:00,2016-02-26T03:00:00Z,2016-02-26T04:00:00+01:00,1,01:00:00,1,24:00:00,100.0,2400.0,2016-02-25T03:00:00Z,2016-02-25T04:00:00+01:00,2016-02-26T03:00:00Z,2016-02-26T04:00:00+01:00
25.4736842105263,,,False,2,pm25,µg/m³,,raw,01:00:00,2016-02-26T03:00:00Z,2016-02-26T04:00:00+01:00,2016-02-26T04:00:00Z,2016-02-26T05:00:00+01:00,1,01:00:00,1,24:00:00,100.0,2400.0,2016-02-25T04:00:00Z,2016-02-25T05:00:00+01:00,2016-02-26T04:00:00Z,2016-02-26T05:00:00+01:00
26.0909090909091,,,False,2,pm25,µg/m³,,raw,01:00:00,2016-02-26T04:00:00Z,2016-02-26T05:00:00+01:00,2016-02-26T05:00:00Z,2016-02-26T06:00:00+01:00,1,01:00:00,1,24:00:00,100.0,2400.0,2016-02-25T05:00:00Z,2016-02-25T06:00:00+01:00,2016-02-26T05:00:00Z,2016-02-26T06:00:00+01:00
26.4782608695652,,,False,2,pm25,µg/m³,,raw,01:00:00,2016-02-26T05:00:00Z,2016-02-26T06:00:00+01:00,2016-02-26T06:00:00Z,2016-02-26T07:00:00+01:00,1,01:00:00,1,24:00:00,100.0,2400.0,2016-02-25T06:00:00Z,2016-02-25T07:00:00+01:00,2016-02-26T06:00:00Z,2016-02-26T07:00:00+01:00
26.304347826087,,,False,2,pm25,µg/m³,,raw,01:00:00,2016-02-26T06:00:00Z,2016-02-26T07:00:00+01:00,2016-02-26T07:00:00Z,2016-02-26T08:00:00+01:00,1,01:00:00,1,24:00:00,100.0,2400.0,2016-02-25T07:00:00Z,2016-02-25T08:00:00+01:00,2016-02-26T07:00:00Z,2016-02-26T08:00:00+01:00
25.8636363636364,,,False,2,pm25,µg/m³,,raw,01:00:00,2016-02-26T07:00:00Z,2016-02-26T08:00:00+01:00,2016-02-26T08:00:00Z,2016-02-26T09:00:00+01:00,1,01:00:00,1,24:00:00,100.0,2400.0,2016-02-25T08:00:00Z,2016-02-25T09:00:00+01:00,2016-02-26T08:00:00Z,2016-02-26T09:00:00+01:00
26.2608695652174,,,False,2,pm25,µg/m³,,raw,01:00:00,2016-02-26T08:00:00Z,2016-02-26T09:00:00+01:00,2016-02-26T09:00:00Z,2016-02-26T10:00:00+01:00,1,01:00:00,1,24:00:00,100.0,2400.0,2016-02-25T09:00:00Z,2016-02-25T10:00:00+01:00,2016-02-26T09:00:00Z,2016-02-26T10:00:00+01:00
25.9130434782609,,,False,2,pm25,µg/m³,,raw,01:00:00,2016-02-26T09:00:00Z,2016-02-26T10:00:00+01:00,2016-02-26T10:00:00Z,2016-02-26T11:00:00+01:00,1,01:00:00,1,24:00:00,100.0,2400.0,2016-02-25T10:00:00Z,2016-02-25T11:00:00+01:00,2016-02-26T10:00:00Z,2016-02-26T11:00:00+01:00
25.0,,,False,2,pm25,µg/m³,,raw,01:00:00,2016-02-26T10:00:00Z,2016-02-26T11:00:00+01:00,2016-02-26T11:00:00Z,2016-02-26T12:00:00+01:00,1,01:00:00,1,24:00:00,100.0,2400.0,2016-02-25T11:00:00Z,2016-02-25T12:00:00+01:00,2016-02-26T11:00:00Z,2016-02-26T12:00:00+01:00
25.3478260869565,,,False,2,pm25,µg/m³,,raw,01:00:00,2016-02-26T11:00:00Z,2016-02-26T12:00:00+01:00,2016-02-26T12:00:00Z,2016-02-26T13:00:00+01:00,1,01:00:00,1,24:00:00,100.0,2400.0,2016-02-25T12:00:00Z,2016-02-25T13:00:00+01:00,2016-02-26T12:00:00Z,2016-02-26T13:00:00+01:00
25.2608695652174,,,False,2,pm25,µg/m³,,raw,01:00:00,2016-02-26T12:00:00Z,2016-02-26T13:00:00+01:00,2016-02-26T13:00:00Z,2016-02-26T14:00:00+01:00,1,01:00:00,1,24:00:00,100.0,2400.0,2016-02-25T13:00:00Z,2016-02-25T14:00:00+01:00,2016-02-26T13:00:00Z,2016-02-26T14:00:00+01:00
25.7826086956522,,,False,2,pm25,µg/m³,,raw,01:00:00,2016-02-26T13:00:00Z,2016-02-26T14:00:00+01:00,2016-02-26T14:00:00Z,2016-02-26T15:00:00+01:00,1,01:00:00,1,24:00:00,100.0,2400.0,2016-02-25T14:00:00Z,2016-02-25T15:00:00+01:00,2016-02-26T14:00:00Z,2016-02-26T15:00:00+01:00
26.304347826087,,,False,2,pm25,µg/m³,,raw,01:00:00,2016-02-26T14:00:00Z,2016-02-26T15:00:00+01:00,2016-02-26T15:00:00Z,2016-02-26T16:00:00+01:00,1,01:00:00,1,24:00:00,100.0,2400.0,2016-02-25T15:00:00Z,2016-02-25T16:00:00+01:00,2016-02-26T15:00:00Z,2016-02-26T16:00:00+01:00
26.8636363636364,,,False,2,pm25,µg/m³,,raw,01:00:00,2016-02-26T15:00:00Z,2016-02-26T16:00:00+01:00,2016-02-26T16:00:00Z,2016-02-26T17:00:00+01:00,1,01:00:00,1,24:00:00,100.0,2400.0,2016-02-25T16:00:00Z,2016-02-25T17:00:00+01:00,2016-02-26T16:00:00Z,2016-02-26T17:00:00+01:00
27.8260869565217,,,False,2,pm25,µg/m³,,raw,01:00:00,2016-02-26T16:00:00Z,2016-02-26T17:00:00+01:00,2016-02-26T17:00:00Z,2016-02-26T18:00:00+01:00,1,01:00:00,1,24:00:00,100.0,2400.0,2016-02-25T17:00:00Z,2016-02-25T18:00:00+01:00,2016-02-26T17:00:00Z,2016-02-26T18:00:00+01:00
28.4090909090909,,,False,2,pm25,µg/m³,,raw,01:00:00,2016-02-26T17:00:00Z,2016-02-26T18:00:00+01:00,2016-02-26T18:00:00Z,2016-02-26T19:00:00+01:00,1,01:00:00,1,24:00:00,100.0,2400.0,2016-02-25T18:00:00Z,2016-02-25T19:00:00+01:00,2016-02-26T18:00:00Z,2016-02-26T19:00:00+01:00
28.8695652173913,,,False,2,pm25,µg/m³,,raw,01:00:00,2016-02-26T18:00:00Z,2016-02-26T19:00:00+01:00,2016-02-26T19:00:00Z,2016-02-26T20:00:00+01:00,1,01:00:00,1,24:00:00,100.0,2400.0,2016-02-25T19:00:00Z,2016-02-25T20:00:00+01:00,2016-02-26T19:00:00Z,2016-02-26T20:00:00+01:00
29.2727272727273,,,False,2,pm25,µg/m³,,raw,01:00:00,2016-02-26T19:00:00Z,2016-02-26T20:00:00+01:00,2016-02-26T20:00:00Z,2016-02-26T21:00:00+01:00,1,01:00:00,1,24:00:00,100.0,2400.0,2016-02-25T20:00:00Z,2016-02-25T21:00:00+01:00,2016-02-26T20:00:00Z,2016-02-26T21:00:00+01:00
29.5652173913043,,,False,2,pm25,µg/m³,,raw,01:00:00,2016-02-26T20:00:00Z,2016-02-26T21:00:00+01:00,2016-02-26T21:00:00Z,2016-02-26T22:00:00+01:00,1,01:00:00,1,24:00:00,100.0,2400.0,2016-02-25T21:00:00Z,2016-02-25T22:00:00+01:00,2016-02-26T21:00:00Z,2016-02-26T22:00:00+01:00
29.8260869565217,,,False,2,pm25,µg/m³,,raw,01:00:00,2016-02-26T21:00:00Z,2016-02-26T22:00:00+01:00,2016-02-26T22:00:00Z,2016-02-26T23:00:00+01:00,1,01:00:00,1,24:00:00,100.0,2400.0,2016-02-25T22:00:00Z,2016-02-25T23:00:00+01:00,2016-02-26T22:00:00Z,2016-02-26T23:00:00+01:00
29.7826086956522,,,False,2,pm25,µg/m³,,raw,01:00:00,2016-02-26T22:00:00Z,2016-02-26T23:00:00+01:00,2016-02-26T23:00:00Z,2016-02-27T00:00:00+01:00,1,01:00:00,1,24:00:00,100.0,2400.0,2016-02-25T23:00:00Z,2016-02-26T00:00:00+01:00,2016-02-26T23:00:00Z,2016-02-27T00:00:00+01:00
29.695652173913,,,False,2,pm25,µg/m³,,raw,01:00:00,2016-02-26T23:00:00Z,2016-02-27T00:00:00+01:00,2016-02-27T00:00:00Z,2016-02-27T01:00:00+01:00,1,01:00:00,1,24:00:00,100.0,2400.0,2016-02-26T00:00:00Z,2016-02-26T01:00:00+01:00,2016-02-27T00:00:00Z,2016-02-27T01:00:00+01:00
29.5454545454545,,,False,2,pm25,µg/m³,,raw,01:00:00,2016-02-27T00:00:00Z,2016-02-27T01:00:00+01:00,2016-02-27T01:00:00Z,2016-02-27T02:00:00+01:00,1,01:00:00,1,24:00:00,100.0,2400.0,2016-02-26T01:00:00Z,2016-02-26T02:00:00+01:00,2016-02-27T01:00:00Z,2016-02-27T02:00:00+01:00
29.4761904761905,,,False,2,pm25,µg/m³,,raw,01:00:00,2016-02-27T01:00:00Z,2016-02-27T02:00:00+01:00,2016-02-27T02:00:00Z,2016-02-27T03:00:00+01:00,1,01:00:00,1,24:00:00,100.0,2400.0,2016-02-26T02:00:00Z,2016-02-26T03:00:00+01:00,2016-02-27T02:00:00Z,2016-02-27T03:00:00+01:00
29.65,,,False,2,pm25,µg/m³,,raw,01:00:00,2016-02-27T02:00:00Z,2016-02-27T03:00:00+01:00,2016-02-27T03:00:00Z,2016-02-27T04:00:00+01:00,1,01:00:00,1,24:00:00,100.0,2400.0,2016-02-26T03:00:00Z,2016-02-26T04:00:00+01:00,2016-02-27T03:00:00Z,2016-02-27T04:00:00+01:00
28.9545454545455,,,False,2,pm25,µg/m³,,raw,01:00:00,2016-02-27T03:00:00Z,2016-02-27T04:00:00+01:00,2016-02-27T04:00:00Z,2016-02-27T05:00:00+01:00,1,01:00:00,1,24:00:00,100.0,2400.0,2016-02-26T04:00:00Z,2016-02-26T05:00:00+01:00,2016-02-27T04:00:00Z,2016-02-27T05:00:00+01:00
28.1739130434783,,,False,2,pm25,µg/m³,,raw,01:00:00,2016-02-27T04:00:00Z,2016-02-27T05:00:00+01:00,2016-02-27T05:00:00Z,2016-02-27T06:00:00+01:00,1,01:00:00,1,24:00:00,100.0,2400.0,2016-02-26T05:00:00Z,2016-02-26T06:00:00+01:00,2016-02-27T05:00:00Z,2016-02-27T06:00:00+01:00
28.1363636363636,,,False,2,pm25,µg/m³,,raw,01:00:00,2016-02-27T05:00:00Z,2016-02-27T06:00:00+01:00,2016-02-27T06:00:00Z,2016-02-27T07:00:00+01:00,1,01:00:00,1,24:00:00,100.0,2400.0,2016-02-26T06:00:00Z,2016-02-26T07:00:00+01:00,2016-02-27T06:00:00Z,2016-02-27T07:00:00+01:00
27.2608695652174,,,False,2,pm25,µg/m³,,raw,01:00:00,2016-02-27T06:00:00Z,2016-02-27T07:00:00+01:00,2016-02-27T07:00:00Z,2016-02-27T08:00:00+01:00,1,01:00:00,1,24:00:00,100.0,2400.0,2016-02-26T07:00:00Z,2016-02-26T08:00:00+01:00,2016-02-27T07:00:00Z,2016-02-27T08:00:00+01:00
26.695652173913,,,False,2,pm25,µg/m³,,raw,01:00:00,2016-02-27T07:00:00Z,2016-02-27T08:00:00+01:00,2016-02-27T08:00:00Z,2016-02-27T09:00:00+01:00,1,01:00:00,1,24:00:00,100.0,2400.0,2016-02-26T08:00:00Z,2016-02-26T09:00:00+01:00,2016-02-27T08:00:00Z,2016-02-27T09:00:00+01:00
26.2608695652174,,,False,2,pm25,µg/m³,,raw,01:00:00,2016-02-27T08:00:00Z,2016-02-27T09:00:00+01:00,2016-02-27T09:00:00Z,2016-02-27T10:00:00+01:00,1,01:00:00,1,24:00:00,100.0,2400.0,2016-02-26T09:00:00Z,2016-02-26T10:00:00+01:00,2016-02-27T09:00:00Z,2016-02-27T10:00:00+01:00
25.5652173913043,,,False,2,pm25,µg/m³,,raw,01:00:00,2016-02-27T09:00:00Z,2016-02-27T10:00:00+01:00,2016-02-27T10:00:00Z,2016-02-27T11:00:00+01:00,1,01:00:00,1,24:00:00,100.0,2400.0,2016-02-26T10:00:00Z,2016-02-26T11:00:00+01:00,2016-02-27T10:00:00Z,2016-02-27T11:00:00+01:00
25.304347826087,,,False,2,pm25,µg/m³,,raw,01:00:00,2016-02-27T10:00:00Z,2016-02-27T11:00:00+01:00,2016-02-27T11:00:00Z,2016-02-27T12:00:00+01:00,1,01:00:00,1,24:00:00,100.0,2400.0,2016-02-26T11:00:00Z,2016-02-26T12:00:00+01:00,2016-02-27T11:00:00Z,2016-02-27T12:00:00+01:00
25.1304347826087,,,False,2,pm25,µg/m³,,raw,01:00:00,2016-02-27T11:00:00Z,2016-02-27T12:00:00+01:00,2016-02-27T12:00:00Z,2016-02-27T13:00:00+01:00,1,01:00:00,1,24:00:00,100.0,2400.0,2016-02-26T12:00:00Z,2016-02-26T13:00:00+01:00,2016-02-27T12:00:00Z,2016-02-27T13:00:00+01:00
25.0434782608696,,,False,2,pm25,µg/m³,,raw,01:00:00,2016-02-27T12:00:00Z,2016-02-27T13:00:00+01:00,2016-02-27T13:00:00Z,2016-02-27T14:00:00+01:00,1,01:00:00,1,24:00:00,100.0,2400.0,2016-02-26T13:00:00Z,2016-02-26T14:00:00+01:00,2016-02-27T13:00:00Z,2016-02-27T14:00:00+01:00
24.7391304347826,,,False,2,pm25,µg/m³,,raw,01:00:00,2016-02-27T13:00:00Z,2016-02-27T14:00:00+01:00,2016-02-27T14:00:00Z,2016-02-27T15:00:00+01:00,1,01:00:00,1,24:00:00,100.0,2400.0,2016-02-26T14:00:00Z,2016-02-26T15:00:00+01:00,2016-02-27T14:00:00Z,2016-02-27T15:00:00+01:00
24.2608695652174,,,False,2,pm25,µg/m³,,raw,01:00:00,2016-02-27T14:00:00Z,2016-02-27T15:00:00+01:00,2016-02-27T15:00:00Z,2016-02-27T16:00:00+01:00,1,01:00:00,1,24:00:00,100.0,2400.0,2016-02-26T15:00:00Z,2016-02-26T16:00:00+01:00,2016-02-27T15:00:00Z,2016-02-27T16:00:00+01:00
23.6086956521739,,,False,2,pm25,µg/m³,,raw,01:00:00,2016-02-27T15:00:00Z,2016-02-27T16:00:00+01:00,2016-02-27T16:00:00Z,2016-02-27T17:00:00+01:00,1,01:00:00,1,24:00:00,100.0,2400.0,2016-02-26T16:00:00Z,2016-02-26T17:00:00+01:00,2016-02-27T16:00:00Z,2016-02-27T17:00:00+01:00
23.0869565217391,,,False,2,pm25,µg/m³,,raw,01:00:00,2016-02-27T16:00:00Z,2016-02-27T17:00:00+01:00,2016-02-27T17:00:00Z,2016-02-27T18:00:00+01:00,1,01:00:00,1,24:00:00,100.0,2400.0,2016-02-26T17:00:00Z,2016-02-26T18:00:00+01:00,2016-02-27T17:00:00Z,2016-02-27T18:00:00+01:00
22.4347826086957,,,False,2,pm25,µg/m³,,raw,01:00:00,2016-02-27T17:00:00Z,2016-02-27T18:00:00+01:00,2016-02-27T18:00:00Z,2016-02-27T19:00:00+01:00,1,01:00:00,1,24:00:00,100.0,2400.0,2016-02-26T18:00:00Z,2016-02-26T19:00:00+01:00,2016-02-27T18:00:00Z,2016-02-27T19:00:00+01:00
22.1739130434783,,,False,2,pm25,µg/m³,,raw,01:00:00,2016-02-27T18:00:00Z,2016-02-27T19:00:00+01:00,2016-02-27T19:00:00Z,2016-02-27T20:00:00+01:00,1,01:00:00,1,24:00:00,100.0,2400.0,2016-02-26T19:00:00Z,2016-02-26T20:00:00+01:00,2016-02-27T19:00:00Z,2016-02-27T20:00:00+01:00
22.0434782608696,,,False,2,pm25,µg/m³,,raw,01:00:00,2016-02-27T19:00:00Z,2016-02-27T20:00:00+01:00,2016-02-27T20:00:00Z,2016-02-27T21:00:00+01:00,1,01:00:00,1,24:00:00,100.0,2400.0,2016-02-26T20:00:00Z,2016-02-26T21:00:00+01:00,2016-02-27T20:00:00Z,2016-02-27T21:00:00+01:00
21.7826086956522,,,False,2,pm25,µg/m³,,raw,01:00:00,2016-02-27T20:00:00Z,2016-02-27T21:00:00+01:00,2016-02-27T21:00:00Z,2016-02-27T22:00:00+01:00,1,01:00:00,1,24:00:00,100.0,2400.0,2016-02-26T21:00:00Z,2016-02-26T22:00:00+01:00,2016-02-27T21:00:00Z,2016-02-27T22:00:00+01:00
21.8260869565217,,,False,2,pm25,µg/m³,,raw,01:00:00,2016-02-27T21:00:00Z,2016-02-27T22:00:00+01:00,2016-02-27T22:00:00Z,2016-02-27T23:00:00+01:00,1,01:00:00,1,24:00:00,100.0,2400.0,2016-02-26T22:00:00Z,2016-02-26T23:00:00+01:00,2016-02-27T22:00:00Z,2016-02-27T23:00:00+01:00
21.9130434782609,,,False,2,pm25,µg/m³,,raw,01:00:00,2016-02-27T22:00:00Z,2016-02-27T23:00:00+01:00,2016-02-27T23:00:00Z,2016-02-28T00:00:00+01:00,1,01:00:00,1,24:00:00,100.0,2400.0,2016-02-26T23:00:00Z,2016-02-27T00:00:00+01:00,2016-02-27T23:00:00Z,2016-02-28T00:00:00+01:00
21.5454545454545,,,False,2,pm25,µg/m³,,raw,01:00:00,2016-02-27T23:00:00Z,2016-02-28T00:00:00+01:00,2016-02-28T00:00:00Z,2016-02-28T01:00:00+01:00,1,01:00:00,1,24:00:00,100.0,2400.0,2016-02-27T00:00:00Z,2016-02-27T01:00:00+01:00,2016-02-28T00:00:00Z,2016-02-28T01:00:00+01:00
26.1578947368421,,,False,2,pm25,µg/m³,,raw,01:00:00,2016-02-29T00:00:00Z,2016-02-29T01:00:00+01:00,2016-02-29T01:00:00Z,2016-02-29T02:00:00+01:00,1,01:00:00,1,24:00:00,100.0,2400.0,2016-02-28T01:00:00Z,2016-02-28T02:00:00+01:00,2016-02-29T01:00:00Z,2016-02-29T02:00:00+01:00
25.4210526315789,,,False,2,pm25,µg/m³,,raw,01:00:00,2016-02-29T01:00:00Z,2016-02-29T02:00:00+01:00,2016-02-29T02:00:00Z,2016-02-29T03:00:00+01:00,1,01:00:00,1,24:00:00,100.0,2400.0,2016-02-28T02:00:00Z,2016-02-28T03:00:00+01:00,2016-02-29T02:00:00Z,2016-02-29T03:00:00+01:00
24.4285714285714,,,False,2,pm25,µg/m³,,raw,01:00:00,2016-02-29T02:00:00Z,2016-02-29T03:00:00+01:00,2016-02-29T03:00:00Z,2016-02-29T04:00:00+01:00,1,01:00:00,1,24:00:00,100.0,2400.0,2016-02-28T03:00:00Z,2016-02-28T04:00:00+01:00,2016-02-29T03:00:00Z,2016-02-29T04:00:00+01:00
23.5909090909091,,,False,2,pm25,µg/m³,,raw,01:00:00,2016-02-29T03:00:00Z,2016-02-29T04:00:00+01:00,2016-02-29T04:00:00Z,2016-02-29T05:00:00+01:00,1,01:00:00,1,24:00:00,100.0,2400.0,2016-02-28T04:00:00Z,2016-02-28T05:00:00+01:00,2016-02-29T04:00:00Z,2016-02-29T05:00:00+01:00
23.0,,,False,2,pm25,µg/m³,,raw,01:00:00,2016-02-29T04:00:00Z,2016-02-29T05:00:00+01:00,2016-02-29T05:00:00Z,2016-02-29T06:00:00+01:00,1,01:00:00,1,24:00:00,100.0,2400.0,2016-02-28T05:00:00Z,2016-02-28T06:00:00+01:00,2016-02-29T05:00:00Z,2016-02-29T06:00:00+01:00
22.0454545454545,,,False,2,pm25,µg/m³,,raw,01:00:00,2016-02-29T05:00:00Z,2016-02-29T06:00:00+01:00,2016-02-29T06:00:00Z,2016-02-29T07:00:00+01:00,1,01:00:00,1,24:00:00,100.0,2400.0,2016-02-28T06:00:00Z,2016-02-28T07:00:00+01:00,2016-02-29T06:00:00Z,2016-02-29T07:00:00+01:00
21.2727272727273,,,False,2,pm25,µg/m³,,raw,01:00:00,2016-02-29T06:00:00Z,2016-02-29T07:00:00+01:00,2016-02-29T07:00:00Z,2016-02-29T08:00:00+01:00,1,01:00:00,1,24:00:00,100.0,2400.0,2016-02-28T07:00:00Z,2016-02-28T08:00:00+01:00,2016-02-29T07:00:00Z,2016-02-29T08:00:00+01:00
21.0454545454545,,,False,2,pm25,µg/m³,,raw,01:00:00,2016-02-29T07:00:00Z,2016-02-29T08:00:00+01:00,2016-02-29T08:00:00Z,2016-02-29T09:00:00+01:00,1,01:00:00,1,24:00:00,100.0,2400.0,2016-02-28T08:00:00Z,2016-02-28T09:00:00+01:00,2016-02-29T08:00:00Z,2016-02-29T09:00:00+01:00
20.5909090909091,,,False,2,pm25,µg/m³,,raw,01:00:00,2016-02-29T08:00:00Z,2016-02-29T09:00:00+01:00,2016-02-29T09:00:00Z,2016-02-29T10:00:00+01:00,1,01:00:00,1,24:00:00,100.0,2400.0,2016-02-28T09:00:00Z,2016-02-28T10:00:00+01:00,2016-02-29T09:00:00Z,2016-02-29T10:00:00+01:00
21.2272727272727,,,False,2,pm25,µg/m³,,raw,01:00:00,2016-02-29T09:00:00Z,2016-02-29T10:00:00+01:00,2016-02-29T10:00:00Z,2016-02-29T11:00:00+01:00,1,01:00:00,1,24:00:00,100.0,2400.0,2016-02-28T10:00:00Z,2016-02-28T11:00:00+01:00,2016-02-29T10:00:00Z,2016-02-29T11:00:00+01:00
21.8260869565217,,,False,2,pm25,µg/m³,,raw,01:00:00,2016-02-29T10:00:00Z,2016-02-29T11:00:00+01:00,2016-02-29T11:00:00Z,2016-02-29T12:00:00+01:00,1,01:00:00,1,24:00:00,100.0,2400.0,2016-02-28T11:00:00Z,2016-02-28T12:00:00+01:00,2016-02-29T11:00:00Z,2016-02-29T12:00:00+01:00
22.1739130434783,,,False,2,pm25,µg/m³,,raw,01:00:00,2016-02-29T11:00:00Z,2016-02-29T12:00:00+01:00,2016-02-29T12:00:00Z,2016-02-29T13:00:00+01:00,1,01:00:00,1,24:00:00,100.0,2400.0,2016-02-28T12:00:00Z,2016-02-28T13:00:00+01:00,2016-02-29T12:00:00Z,2016-02-29T13:00:00+01:00
22.3478260869565,,,False,2,pm25,µg/m³,,raw,01:00:00,2016-02-29T12:00:00Z,2016-02-29T13:00:00+01:00,2016-02-29T13:00:00Z,2016-02-29T14:00:00+01:00,1,01:00:00,1,24:00:00,100.0,2400.0,2016-02-28T13:00:00Z,2016-02-28T14:00:00+01:00,2016-02-29T13:00:00Z,2016-02-29T14:00:00+01:00
22.7391304347826,,,False,2,pm25,µg/m³,,raw,01:00:00,2016-02-29T13:00:00Z,2016-02-29T14:00:00+01:00,2016-02-29T14:00:00Z,2016-02-29T15:00:00+01:00,1,01:00:00,1,24:00:00,100.0,2400.0,2016-02-28T14:00:00Z,2016-02-28T15:00:00+01:00,2016-02-29T14:00:00Z,2016-02-29T15:00:00+01:00
23.0869565217391,,,False,2,pm25,µg/m³,,raw,01:00:00,2016-02-29T14:00:00Z,2016-02-29T15:00:00+01:00,2016-02-29T15:00:00Z,2016-02-29T16:00:00+01:00,1,01:00:00,1,24:00:00,100.0,2400.0,2016-02-28T15:00:00Z,2016-02-28T16:00:00+01:00,2016-02-29T15:00:00Z,2016-02-29T16:00:00+01:00
23.3478260869565,,,False,2,pm25,µg/m³,,raw,01:00:00,2016-02-29T15:00:00Z,2016-02-29T16:00:00+01:00,2016-02-29T16:00:00Z,2016-02-29T17:00:00+01:00,1,01:00:00,1,24:00:00,100.0,2400.0,2016-02-28T16:00:00Z,2016-02-28T17:00:00+01:00,2016-02-29T16:00:00Z,2016-02-29T17:00:00+01:00
23.8695652173913,,,False,2,pm25,µg/m³,,raw,01:00:00,2016-02-29T16:00:00Z,2016-02-29T17:00:00+01:00,2016-02-29T17:00:00Z,2016-02-29T18:00:00+01:00,1,01:00:00,1,24:00:00,100.0,2400.0,2016-02-28T17:00:00Z,2016-02-28T18:00:00+01:00,2016-02-29T17:00:00Z,2016-02-29T18:00:00+01:00
24.2173913043478,,,False,2,pm25,µg/m³,,raw,01:00:00,2016-02-29T17:00:00Z,2016-02-29T18:00:00+01:00,2016-02-29T18:00:00Z,2016-02-29T19:00:00+01:00,1,01:00:00,1,24:00:00,100.0,2400.0,2016-02-28T18:00:00Z,2016-02-28T19:00:00+01:00,2016-02-29T18:00:00Z,2016-02-29T19:00:00+01:00
24.304347826087,,,False,2,pm25,µg/m³,,raw,01:00:00,2016-02-29T18:00:00Z,2016-02-29T19:00:00+01:00,2016-02-29T19:00:00Z,2016-02-29T20:00:00+01:00,1,01:00:00,1,24:00:00,100.0,2400.0,2016-02-28T19:00:00Z,2016-02-28T20:00:00+01:00,2016-02-29T19:00:00Z,2016-02-29T20:00:00+01:00
24.6521739130435,,,False,2,pm25,µg/m³,,raw,01:00:00,2016-02-29T19:00:00Z,2016-02-29T20:00:00+01:00,2016-02-29T20:00:00Z,2016-02-29T21:00:00+01:00,1,01:00:00,1,24:00:00,100.0,2400.0,2016-02-28T20:00:00Z,2016-02-28T21:00:00+01:00,2016-02-29T20:00:00Z,2016-02-29T21:00:00+01:00
25.1739130434783,,,False,2,pm25,µg/m³,,raw,01:00:00,2016-02-29T20:00:00Z,2016-02-29T21:00:00+01:00,2016-02-29T21:00:00Z,2016-02-29T22:00:00+01:00,1,01:00:00,1,24:00:00,100.0,2400.0,2016-02-28T21:00:00Z,2016-02-28T22:00:00+01:00,2016-02-29T21:00:00Z,2016-02-29T22:00:00+01:00
26.0434782608696,,,False,2,pm25,µg/m³,,raw,01:00:00,2016-02-29T21:00:00Z,2016-02-29T22:00:00+01:00,2016-02-29T22:00:00Z,2016-02-29T23:00:00+01:00,1,01:00:00,1,24:00:00,100.0,2400.0,2016-02-28T22:00:00Z,2016-02-28T23:00:00+01:00,2016-02-29T22:00:00Z,2016-02-29T23:00:00+01:00
23.304347826087,,,False,2,pm25,µg/m³,,raw,01:00:00,2016-03-06T18:00:00Z,2016-03-06T19:00:00+01:00,2016-03-06T19:00:00Z,2016-03-06T20:00:00+01:00,1,01:00:00,1,24:00:00,100.0,2400.0,2016-03-05T19:00:00Z,2016-03-05T20:00:00+01:00,2016-03-06T19:00:00Z,2016-03-06T20:00:00+01:00
22.8181818181818,,,False,2,pm25,µg/m³,,raw,01:00:00,2016-03-06T19:00:00Z,2016-03-06T20:00:00+01:00,2016-03-06T20:00:00Z,2016-03-06T21:00:00+01:00,1,01:00:00,1,24:00:00,100.0,2400.0,2016-03-05T20:00:00Z,2016-03-05T21:00:00+01:00,2016-03-06T20:00:00Z,2016-03-06T21:00:00+01:00
21.7727272727273,,,False,2,pm25,µg/m³,,raw,01:00:00,2016-03-06T20:00:00Z,2016-03-06T21:00:00+01:00,2016-03-06T21:00:00Z,2016-03-06T22:00:00+01:00,1,01:00:00,1,24:00:00,100.0,2400.0,2016-03-05T21:00:00Z,2016-03-05T22:00:00+01:00,2016-03-06T21:00:00Z,2016-03-06T22:00:00+01:00
20.6363636363636,,,False,2,pm25,µg/m³,,raw,01:00:00,2016-03-06T21:00:00Z,2016-03-06T22:00:00+01:00,2016-03-06T22:00:00Z,2016-03-06T23:00:00+01:00,1,01:00:00,1,24:00:00,100.0,2400.0,2016-03-05T22:00:00Z,2016-03-05T23:00:00+01:00,2016-03-06T22:00:00Z,2016-03-06T23:00:00+01:00
19.5,,,False,2,pm25,µg/m³,,raw,01:00:00,2016-03-06T22:00:00Z,2016-03-06T23:00:00+01:00,2016-03-06T23:00:00Z,2016-03-07T00:00:00+01:00,1,01:00:00,1,24:00:00,100.0,2400.0,2016-03-05T23:00:00Z,2016-03-06T00:00:00+01:00,2016-03-06T23:00:00Z,2016-03-07T00:00:00+01:00
18.5909090909091,,,False,2,pm25,µg/m³,,raw,01:00:00,2016-03-06T23:00:00Z,2016-03-07T00:00:00+01:00,2016-03-07T00:00:00Z,2016-03-07T01:00:00+01:00,1,01:00:00,1,24:00:00,100.0,2400.0,2016-03-06T00:00:00Z,2016-03-06T01:00:00+01:00,2016-03-07T00:00:00Z,2016-03-07T01:00:00+01:00
17.8095238095238,,,False,2,pm25,µg/m³,,raw,01:00:00,2016-03-07T00:00:00Z,2016-03-07T01:00:00+01:00,2016-03-07T01:00:00Z,2016-03-07T02:00:00+01:00,1,01:00:00,1,24:00:00,100.0,2400.0,2016-03-06T01:00:00Z,2016-03-06T02:00:00+01:00,2016-03-07T01:00:00Z,2016-03-07T02:00:00+01:00
16.8,,,False,2,pm25,µg/m³,,raw,01:00:00,2016-03-07T01:00:00Z,2016-03-07T02:00:00+01:00,2016-03-07T02:00:00Z,2016-03-07T03:00:00+01:00,1,01:00:00,1,24:00:00,100.0,2400.0,2016-03-06T02:00:00Z,2016-03-06T03:00:00+01:00,2016-03-07T02:00:00Z,2016-03-07T03:00:00+01:00
15.7272727272727,,,False,2,pm25,µg/m³,,raw,01:00:00,2016-03-07T02:00:00Z,2016-03-07T03:00:00+01:00,2016-03-07T03:00:00Z,2016-03-07T04:00:00+01:00,1,01:00:00,1,24:00:00,100.0,2400.0,2016-03-06T03:00:00Z,2016-03-06T04:00:00+01:00,2016-03-07T03:00:00Z,2016-03-07T04:00:00+01:00
15.0909090909091,,,False,2,pm25,µg/m³,,raw,01:00:00,2016-03-07T03:00:00Z,2016-03-07T04:00:00+01:00,2016-03-07T04:00:00Z,2016-03-07T05:00:00+01:00,1,01:00:00,1,24:00:00,100.0,2400.0,2016-03-06T04:00:00Z,2016-03-06T05:00:00+01:00,2016-03-07T04:00:00Z,2016-03-07T05:00:00+01:00
14.4545454545455,,,False,2,pm25,µg/m³,,raw,01:00:00,2016-03-07T04:00:00Z,2016-03-07T05:00:00+01:00,2016-03-07T05:00:00Z,2016-03-07T06:00:00+01:00,1,01:00:00,1,24:00:00,100.0,2400.0,2016-03-06T05:00:00Z,2016-03-06T06:00:00+01:00,2016-03-07T05:00:00Z,2016-03-07T06:00:00+01:00
13.9090909090909,,,False,2,pm25,µg/m³,,raw,01:00:00,2016-03-07T05:00:00Z,2016-03-07T06:00:00+01:00,2016-03-07T06:00:00Z,2016-03-07T07:00:00+01:00,1,01:00:00,1,24:00:00,100.0,2400.0,2016-03-06T06:00:00Z,2016-03-06T07:00:00+01:00,2016-03-07T06:00:00Z,2016-03-07T07:00:00+01:00
13.6818181818182,,,False,2,pm25,µg/m³,,raw,01:00:00,2016-03-07T06:00:00Z,2016-03-07T07:00:00+01:00,2016-03-07T07:00:00Z,2016-03-07T08:00:00+01:00,1,01:00:00,1,24:00:00,100.0,2400.0,2016-03-06T07:00:00Z,2016-03-06T08:00:00+01:00,2016-03-07T07:00:00Z,2016-03-07T08:00:00+01:00
13.9545454545455,,,False,2,pm25,µg/m³,,raw,01:00:00,2016-03-07T07:00:00Z,2016-03-07T08:00:00+01:00,2016-03-07T08:00:00Z,2016-03-07T09:00:00+01:00,1,01:00:00,1,24:00:00,100.0,2400.0,2016-03-06T08:00:00Z,2016-03-06T09:00:00+01:00,2016-03-07T08:00:00Z,2016-03-07T09:00:00+01:00
14.3636363636364,,,False,2,pm25,µg/m³,,raw,01:00:00,2016-03-07T08:00:00Z,2016-03-07T09:00:00+01:00,2016-03-07T09:00:00Z,2016-03-07T10:00:00+01:00,1,01:00:00,1,24:00:00,100.0,2400.0,2016-03-06T09:00:00Z,2016-03-06T10:00:00+01:00,2016-03-07T09:00:00Z,2016-03-07T10:00:00+01:00
15.0,,,False,2,pm25,µg/m³,,raw,01:00:00,2016-03-07T09:00:00Z,2016-03-07T10:00:00+01:00,2016-03-07T10:00:00Z,2016-03-07T11:00:00+01:00,1,01:00:00,1,24:00:00,100.0,2400.0,2016-03-06T10:00:00Z,2016-03-06T11:00:00+01:00,2016-03-07T10:00:00Z,2016-03-07T11:00:00+01:00
15.5909090909091,,,False,2,pm25,µg/m³,,raw,01:00:00,2016-03-07T10:00:00Z,2016-03-07T11:00:00+01:00,2016-03-07T11:00:00Z,2016-03-07T12:00:00+01:00,1,01:00:00,1,24:00:00,100.0,2400.0,2016-03-06T11:00:00Z,2016-03-06T12:00:00+01:00,2016-03-07T11:00:00Z,2016-03-07T12:00:00+01:00
16.2272727272727,,,False,2,pm25,µg/m³,,raw,01:00:00,2016-03-07T11:00:00Z,2016-03-07T12:00:00+01:00,2016-03-07T12:00:00Z,2016-03-07T13:00:00+01:00,1,01:00:00,1,24:00:00,100.0,2400.0,2016-03-06T12:00:00Z,2016-03-06T13:00:00+01:00,2016-03-07T12:00:00Z,2016-03-07T13:00:00+01:00
16.3636363636364,,,False,2,pm25,µg/m³,,raw,01:00:00,2016-03-07T12:00:00Z,2016-03-07T13:00:00+01:00,2016-03-07T13:00:00Z,2016-03-07T14:00:00+01:00,1,01:00:00,1,24:00:00,100.0,2400.0,2016-03-06T13:00:00Z,2016-03-06T14:00:00+01:00,2016-03-07T13:00:00Z,2016-03-07T14:00:00+01:00
17.0,,,False,2,pm25,µg/m³,,raw,01:00:00,2016-03-07T13:00:00Z,2016-03-07T14:00:00+01:00,2016-03-07T14:00:00Z,2016-03-07T15:00:00+01:00,1,01:00:00,1,24:00:00,100.0,2400.0,2016-03-06T14:00:00Z,2016-03-06T15:00:00+01:00,2016-03-07T14:00:00Z,2016-03-07T15:00:00+01:00
16.9545454545455,,,False,2,pm25,µg/m³,,raw,01:00:00,2016-03-07T14:00:00Z,2016-03-07T15:00:00+01:00,2016-03-07T15:00:00Z,2016-03-07T16:00:00+01:00,1,01:00:00,1,24:00:00,100.0,2400.0,2016-03-06T15:00:00Z,2016-03-06T16:00:00+01:00,2016-03-07T15:00:00Z,2016-03-07T16:00:00+01:00
16.9545454545455,,,False,2,pm25,µg/m³,,raw,01:00:00,2016-03-07T15:00:00Z,2016-03-07T16:00:00+01:00,2016-03-07T16:00:00Z,2016-03-07T17:00:00+01:00,1,01:00:00,1,24:00:00,100.0,2400.0,2016-03-06T16:00:00Z,2016-03-06T17:00:00+01:00,2016-03-07T16:00:00Z,2016-03-07T17:00:00+01:00
17.2272727272727,,,False,2,pm25,µg/m³,,raw,01:00:00,2016-03-07T16:00:00Z,2016-03-07T17:00:00+01:00,2016-03-07T17:00:00Z,2016-03-07T18:00:00+01:00,1,01:00:00,1,24:00:00,100.0,2400.0,2016-03-06T17:00:00Z,2016-03-06T18:00:00+01:00,2016-03-07T17:00:00Z,2016-03-07T18:00:00+01:00
17.2727272727273,,,False,2,pm25,µg/m³,,raw,01:00:00,2016-03-07T17:00:00Z,2016-03-07T18:00:00+01:00,2016-03-07T18:00:00Z,2016-03-07T19:00:00+01:00,1,01:00:00,1,24:00:00,100.0,2400.0,2016-03-06T18:00:00Z,2016-03-06T19:00:00+01:00,2016-03-07T18:00:00Z,2016-03-07T19:00:00+01:00
17.5909090909091,,,False,2,pm25,µg/m³,,raw,01:00:00,2016-03-07T18:00:00Z,2016-03-07T19:00:00+01:00,2016-03-07T19:00:00Z,2016-03-07T20:00:00+01:00,1,01:00:00,1,24:00:00,100.0,2400.0,2016-03-06T19:00:00Z,2016-03-06T20:00:00+01:00,2016-03-07T19:00:00Z,2016-03-07T20:00:00+01:00
17.9545454545455,,,False,2,pm25,µg/m³,,raw,01:00:00,2016-03-07T19:00:00Z,2016-03-07T20:00:00+01:00,2016-03-07T20:00:00Z,2016-03-07T21:00:00+01:00,1,01:00:00,1,24:00:00,100.0,2400.0,2016-03-06T20:00:00Z,2016-03-06T21:00:00+01:00,2016-03-07T20:00:00Z,2016-03-07T21:00:00+01:00
18.3636363636364,,,False,2,pm25,µg/m³,,raw,01:00:00,2016-03-07T20:00:00Z,2016-03-07T21:00:00+01:00,2016-03-07T21:00:00Z,2016-03-07T22:00:00+01:00,1,01:00:00,1,24:00:00,100.0,2400.0,2016-03-06T21:00:00Z,2016-03-06T22:00:00+01:00,2016-03-07T21:00:00Z,2016-03-07T22:00:00+01:00
18.7272727272727,,,False,2,pm25,µg/m³,,raw,01:00:00,2016-03-07T21:00:00Z,2016-03-07T22:00:00+01:00,2016-03-07T22:00:00Z,2016-03-07T23:00:00+01:00,1,01:00:00,1,24:00:00,100.0,2400.0,2016-03-06T22:00:00Z,2016-03-06T23:00:00+01:00,2016-03-07T22:00:00Z,2016-03-07T23:00:00+01:00
19.4545454545455,,,False,2,pm25,µg/m³,,raw,01:00:00,2016-03-07T22:00:00Z,2016-03-07T23:00:00+01:00,2016-03-07T23:00:00Z,2016-03-08T00:00:00+01:00,1,01:00:00,1,24:00:00,100.0,2400.0,2016-03-06T23:00:00Z,2016-03-07T00:00:00+01:00,2016-03-07T23:00:00Z,2016-03-08T00:00:00+01:00
20.3636363636364,,,False,2,pm25,µg/m³,,raw,01:00:00,2016-03-07T23:00:00Z,2016-03-08T00:00:00+01:00,2016-03-08T00:00:00Z,2016-03-08T01:00:00+01:00,1,01:00:00,1,24:00:00,100.0,2400.0,2016-03-07T00:00:00Z,2016-03-07T01:00:00+01:00,2016-03-08T00:00:00Z,2016-03-08T01:00:00+01:00
20.4285714285714,,,False,2,pm25,µg/m³,,raw,01:00:00,2016-03-08T00:00:00Z,2016-03-08T01:00:00+01:00,2016-03-08T01:00:00Z,2016-03-08T02:00:00+01:00,1,01:00:00,1,24:00:00,100.0,2400.0,2016-03-07T01:00:00Z,2016-03-07T02:00:00+01:00,2016-03-08T01:00:00Z,2016-03-08T02:00:00+01:00
22.1363636363636,,,False,2,pm25,µg/m³,,raw,01:00:00,2016-03-08T01:00:00Z,2016-03-08T02:00:00+01:00,2016-03-08T02:00:00Z,2016-03-08T03:00:00+01:00,1,01:00:00,1,24:00:00,100.0,2400.0,2016-03-07T02:00:00Z,2016-03-07T03:00:00+01:00,2016-03-08T02:00:00Z,2016-03-08T03:00:00+01:00
22.7727272727273,,,False,2,pm25,µg/m³,,raw,01:00:00,2016-03-08T02:00:00Z,2016-03-08T03:00:00+01:00,2016-03-08T03:00:00Z,2016-03-08T04:00:00+01:00,1,01:00:00,1,24:00:00,100.0,2400.0,2016-03-07T03:00:00Z,2016-03-07T04:00:00+01:00,2016-03-08T03:00:00Z,2016-03-08T04:00:00+01:00
23.5,,,False,2,pm25,µg/m³,,raw,01:00:00,2016-03-08T03:00:00Z,2016-03-08T04:00:00+01:00,2016-03-08T04:00:00Z,2016-03-08T05:00:00+01:00,1,01:00:00,1,24:00:00,100.0,2400.0,2016-03-07T04:00:00Z,2016-03-07T05:00:00+01:00,2016-03-08T04:00:00Z,2016-03-08T05:00:00+01:00
24.3636363636364,,,False,2,pm25,µg/m³,,raw,01:00:00,2016-03-08T04:00:00Z,2016-03-08T05:00:00+01:00,2016-03-08T05:00:00Z,2016-03-08T06:00:00+01:00,1,01:00:00,1,24:00:00,100.0,2400.0,2016-03-07T05:00:00Z,2016-03-07T06:00:00+01:00,2016-03-08T05:00:00Z,2016-03-08T06:00:00+01:00
24.9545454545455,,,False,2,pm25,µg/m³,,raw,01:00:00,2016-03-08T05:00:00Z,2016-03-08T06:00:00+01:00,2016-03-08T06:00:00Z,2016-03-08T07:00:00+01:00,1,01:00:00,1,24:00:00,100.0,2400.0,2016-03-07T06:00:00Z,2016-03-07T07:00:00+01:00,2016-03-08T06:00:00Z,2016-03-08T07:00:00+01:00
25.5454545454545,,,False,2,pm25,µg/m³,,raw,01:00:00,2016-03-08T06:00:00Z,2016-03-08T07:00:00+01:00,2016-03-08T07:00:00Z,2016-03-08T08:00:00+01:00,1,01:00:00,1,24:00:00,100.0,2400.0,2016-03-07T07:00:00Z,2016-03-07T08:00:00+01:00,2016-03-08T07:00:00Z,2016-03-08T08:00:00+01:00
25.9545454545455,,,False,2,pm25,µg/m³,,raw,01:00:00,2016-03-08T07:00:00Z,2016-03-08T08:00:00+01:00,2016-03-08T08:00:00Z,2016-03-08T09:00:00+01:00,1,01:00:00,1,24:00:00,100.0,2400.0,2016-03-07T08:00:00Z,2016-03-07T09:00:00+01:00,2016-03-08T08:00:00Z,2016-03-08T09:00:00+01:00
26.5,,,False,2,pm25,µg/m³,,raw,01:00:00,2016-03-08T08:00:00Z,2016-03-08T09:00:00+01:00,2016-03-08T09:00:00Z,2016-03-08T10:00:00+01:00,1,01:00:00,1,24:00:00,100.0,2400.0,2016-03-07T09:00:00Z,2016-03-07T10:00:00+01:00,2016-03-08T09:00:00Z,2016-03-08T10:00:00+01:00
26.8181818181818,,,False,2,pm25,µg/m³,,raw,01:00:00,2016-03-08T09:00:00Z,2016-03-08T10:00:00+01:00,2016-03-08T10:00:00Z,2016-03-08T11:00:00+01:00,1,01:00:00,1,24:00:00,100.0,2400.0,2016-03-07T10:00:00Z,2016-03-07T11:00:00+01:00,2016-03-08T10:00:00Z,2016-03-08T11:00:00+01:00
27.4090909090909,,,False,2,pm25,µg/m³,,raw,01:00:00,2016-03-08T10:00:00Z,2016-03-08T11:00:00+01:00,2016-03-08T11:00:00Z,2016-03-08T12:00:00+01:00,1,01:00:00,1,24:00:00,100.0,2400.0,2016-03-07T11:00:00Z,2016-03-07T12:00:00+01:00,2016-03-08T11:00:00Z,2016-03-08T12:00:00+01:00
28.0,,,False,2,pm25,µg/m³,,raw,01:00:00,2016-03-08T11:00:00Z,2016-03-08T12:00:00+01:00,2016-03-08T12:00:00Z,2016-03-08T13:00:00+01:00,1,01:00:00,1,24:00:00,100.0,2400.0,2016-03-07T12:00:00Z,2016-03-07T13:00:00+01:00,2016-03-08T12:00:00Z,2016-03-08T13:00:00+01:00
28.8181818181818,,,False,2,pm25,µg/m³,,raw,01:00:00,2016-03-08T12:00:00Z,2016-03-08T13:00:00+01:00,2016-03-08T13:00:00Z,2016-03-08T14:00:00+01:00,1,01:00:00,1,24:00:00,100.0,2400.0,2016-03-07T13:00:00Z,2016-03-07T14:00:00+01:00,2016-03-08T13:00:00Z,2016-03-08T14:00:00+01:00
29.5454545454545,,,False,2,pm25,µg/m³,,raw,01:00:00,2016-03-08T13:00:00Z,2016-03-08T14:00:00+01:00,2016-03-08T14:00:00Z,2016-03-08T15:00:00+01:00,1,01:00:00,1,24:00:00,100.0,2400.0,2016-03-07T14:00:00Z,2016-03-07T15:00:00+01:00,2016-03-08T14:00:00Z,2016-03-08T15:00:00+01:00
29.8181818181818,,,False,2,pm25,µg/m³,,raw,01:00:00,2016-03-08T14:00:00Z,2016-03-08T15:00:00+01:00,2016-03-08T15:00:00Z,2016-03-08T16:00:00+01:00,1,01:00:00,1,24:00:00,100.0,2400.0,2016-03-07T15:00:00Z,2016-03-07T16:00:00+01:00,2016-03-08T15:00:00Z,2016-03-08T16:00:00+01:00
30.3809523809524,,,False,2,pm25,µg/m³,,raw,01:00:00,2016-03-08T15:00:00Z,2016-03-08T16:00:00+01:00,2016-03-08T16:00:00Z,2016-03-08T17:00:00+01:00,1,01:00:00,1,24:00:00,100.0,2400.0,2016-03-07T16:00:00Z,2016-03-07T17:00:00+01:00,2016-03-08T16:00:00Z,2016-03-08T17:00:00+01:00
30.3636363636364,,,False,2,pm25,µg/m³,,raw,01:00:00,2016-03-08T16:00:00Z,2016-03-08T17:00:00+01:00,2016-03-08T17:00:00Z,2016-03-08T18:00:00+01:00,1,01:00:00,1,24:00:00,100.0,2400.0,2016-03-07T17:00:00Z,2016-03-07T18:00:00+01:00,2016-03-08T17:00:00Z,2016-03-08T18:00:00+01:00
30.5909090909091,,,False,2,pm25,µg/m³,,raw,01:00:00,2016-03-08T17:00:00Z,2016-03-08T18:00:00+01:00,2016-03-08T18:00:00Z,2016-03-08T19:00:00+01:00,1,01:00:00,1,24:00:00,100.0,2400.0,2016-03-07T18:00:00Z,2016-03-07T19:00:00+01:00,2016-03-08T18:00:00Z,2016-03-08T19:00:00+01:00
30.7727272727273,,,False,2,pm25,µg/m³,,raw,01:00:00,2016-03-08T18:00:00Z,2016-03-08T19:00:00+01:00,2016-03-08T19:00:00Z,2016-03-08T20:00:00+01:00,1,01:00:00,1,24:00:00,100.0,2400.0,2016-03-07T19:00:00Z,2016-03-07T20:00:00+01:00,2016-03-08T19:00:00Z,2016-03-08T20:00:00+01:00
30.7727272727273,,,False,2,pm25,µg/m³,,raw,01:00:00,2016-03-08T19:00:00Z,2016-03-08T20:00:00+01:00,2016-03-08T20:00:00Z,2016-03-08T21:00:00+01:00,1,01:00:00,1,24:00:00,100.0,2400.0,2016-03-07T20:00:00Z,2016-03-07T21:00:00+01:00,2016-03-08T20:00:00Z,2016-03-08T21:00:00+01:00
30.8095238095238,,,False,2,pm25,µg/m³,,raw,01:00:00,2016-03-08T20:00:00Z,2016-03-08T21:00:00+01:00,2016-03-08T21:00:00Z,2016-03-08T22:00:00+01:00,1,01:00:00,1,24:00:00,100.0,2400.0,2016-03-07T21:00:00Z,2016-03-07T22:00:00+01:00,2016-03-08T21:00:00Z,2016-03-08T22:00:00+01:00
29.3181818181818,,,False,2,pm25,µg/m³,,raw,01:00:00,2016-03-08T21:00:00Z,2016-03-08T22:00:00+01:00,2016-03-08T22:00:00Z,2016-03-08T23:00:00+01:00,1,01:00:00,1,24:00:00,100.0,2400.0,2016-03-07T22:00:00Z,2016-03-07T23:00:00+01:00,2016-03-08T22:00:00Z,2016-03-08T23:00:00+01:00
28.4090909090909,,,False,2,pm25,µg/m³,,raw,01:00:00,2016-03-08T22:00:00Z,2016-03-08T23:00:00+01:00,2016-03-08T23:00:00Z,2016-03-09T00:00:00+01:00,1,01:00:00,1,24:00:00,100.0,2400.0,2016-03-07T23:00:00Z,2016-03-08T00:00:00+01:00,2016-03-08T23:00:00Z,2016-03-09T00:00:00+01:00
27.3636363636364,,,False,2,pm25,µg/m³,,raw,01:00:00,2016-03-08T23:00:00Z,2016-03-09T00:00:00+01:00,2016-03-09T00:00:00Z,2016-03-09T01:00:00+01:00,1,01:00:00,1,24:00:00,100.0,2400.0,2016-03-08T00:00:00Z,2016-03-08T01:00:00+01:00,2016-03-09T00:00:00Z,2016-03-09T01:00:00+01:00
27.3333333333333,,,False,2,pm25,µg/m³,,raw,01:00:00,2016-03-09T00:00:00Z,2016-03-09T01:00:00+01:00,2016-03-09T01:00:00Z,2016-03-09T02:00:00+01:00,1,01:00:00,1,24:00:00,100.0,2400.0,2016-03-08T01:00:00Z,2016-03-08T02:00:00+01:00,2016-03-09T01:00:00Z,2016-03-09T02:00:00+01:00
27.3,,,False,2,pm25,µg/m³,,raw,01:00:00,2016-03-09T01:00:00Z,2016-03-09T02:00:00+01:00,2016-03-09T02:00:00Z,2016-03-09T03:00:00+01:00,1,01:00:00,1,24:00:00,100.0,2400.0,2016-03-08T02:00:00Z,2016-03-08T03:00:00+01:00,2016-03-09T02:00:00Z,2016-03-09T03:00:00+01:00
27.1578947368421,,,False,2,pm25,µg/m³,,raw,01:00:00,2016-03-09T02:00:00Z,2016-03-09T03:00:00+01:00,2016-03-09T03:00:00Z,2016-03-09T04:00:00+01:00,1,01:00:00,1,24:00:00,100.0,2400.0,2016-03-08T03:00:00Z,2016-03-08T04:00:00+01:00,2016-03-09T03:00:00Z,2016-03-09T04:00:00+01:00
25.3809523809524,,,False,2,pm25,µg/m³,,raw,01:00:00,2016-03-09T03:00:00Z,2016-03-09T04:00:00+01:00,2016-03-09T04:00:00Z,2016-03-09T05:00:00+01:00,1,01:00:00,1,24:00:00,100.0,2400.0,2016-03-08T04:00:00Z,2016-03-08T05:00:00+01:00,2016-03-09T04:00:00Z,2016-03-09T05:00:00+01:00
24.6190476190476,,,False,2,pm25,µg/m³,,raw,01:00:00,2016-03-09T04:00:00Z,2016-03-09T05:00:00+01:00,2016-03-09T05:00:00Z,2016-03-09T06:00:00+01:00,1,01:00:00,1,24:00:00,100.0,2400.0,2016-03-08T05:00:00Z,2016-03-08T06:00:00+01:00,2016-03-09T05:00:00Z,2016-03-09T06:00:00+01:00
24.047619047619,,,False,2,pm25,µg/m³,,raw,01:00:00,2016-03-09T05:00:00Z,2016-03-09T06:00:00+01:00,2016-03-09T06:00:00Z,2016-03-09T07:00:00+01:00,1,01:00:00,1,24:00:00,100.0,2400.0,2016-03-08T06:00:00Z,2016-03-08T07:00:00+01:00,2016-03-09T06:00:00Z,2016-03-09T07:00:00+01:00
23.0,,,False,2,pm25,µg/m³,,raw,01:00:00,2016-03-09T06:00:00Z,2016-03-09T07:00:00+01:00,2016-03-09T07:00:00Z,2016-03-09T08:00:00+01:00,1,01:00:00,1,24:00:00,100.0,2400.0,2016-03-08T07:00:00Z,2016-03-08T08:00:00+01:00,2016-03-09T07:00:00Z,2016-03-09T08:00:00+01:00
22.3,,,False,2,pm25,µg/m³,,raw,01:00:00,2016-03-09T07:00:00Z,2016-03-09T08:00:00+01:00,2016-03-09T08:00:00Z,2016-03-09T09:00:00+01:00,1,01:00:00,1,24:00:00,100.0,2400.0,2016-03-08T08:00:00Z,2016-03-08T09:00:00+01:00,2016-03-09T08:00:00Z,2016-03-09T09:00:00+01:00
21.5789473684211,,,False,2,pm25,µg/m³,,raw,01:00:00,2016-03-09T08:00:00Z,2016-03-09T09:00:00+01:00,2016-03-09T09:00:00Z,2016-03-09T10:00:00+01:00,1,01:00:00,1,24:00:00,100.0,2400.0,2016-03-08T09:00:00Z,2016-03-08T10:00:00+01:00,2016-03-09T09:00:00Z,2016-03-09T10:00:00+01:00
20.8571428571429,,,False,2,pm25,µg/m³,,raw,01:00:00,2016-03-09T09:00:00Z,2016-03-09T10:00:00+01:00,2016-03-09T10:00:00Z,2016-03-09T11:00:00+01:00,1,01:00:00,1,24:00:00,100.0,2400.0,2016-03-08T10:00:00Z,2016-03-08T11:00:00+01:00,2016-03-09T10:00:00Z,2016-03-09T11:00:00+01:00
20.3,,,False,2,pm25,µg/m³,,raw,01:00:00,2016-03-09T10:00:00Z,2016-03-09T11:00:00+01:00,2016-03-09T11:00:00Z,2016-03-09T12:00:00+01:00,1,01:00:00,1,24:00:00,100.0,2400.0,2016-03-08T11:00:00Z,2016-03-08T12:00:00+01:00,2016-03-09T11:00:00Z,2016-03-09T12:00:00+01:00
19.8421052631579,,,False,2,pm25,µg/m³,,raw,01:00:00,2016-03-09T11:00:00Z,2016-03-09T12:00:00+01:00,2016-03-09T12:00:00Z,2016-03-09T13:00:00+01:00,1,01:00:00,1,24:00:00,100.0,2400.0,2016-03-08T12:00:00Z,2016-03-08T13:00:00+01:00,2016-03-09T12:00:00Z,2016-03-09T13:00:00+01:00
19.5555555555556,,,False,2,pm25,µg/m³,,raw,01:00:00,2016-03-09T12:00:00Z,2016-03-09T13:00:00+01:00,2016-03-09T13:00:00Z,2016-03-09T14:00:00+01:00,1,01:00:00,1,24:00:00,100.0,2400.0,2016-03-08T13:00:00Z,2016-03-08T14:00:00+01:00,2016-03-09T13:00:00Z,2016-03-09T14:00:00+01:00
18.8888888888889,,,False,2,pm25,µg/m³,,raw,01:00:00,2016-03-09T13:00:00Z,2016-03-09T14:00:00+01:00,2016-03-09T14:00:00Z,2016-03-09T15:00:00+01:00,1,01:00:00,1,24:00:00,100.0,2400.0,2016-03-08T14:00:00Z,2016-03-08T15:00:00+01:00,2016-03-09T14:00:00Z,2016-03-09T15:00:00+01:00
18.5,,,False,2,pm25,µg/m³,,raw,01:00:00,2016-03-09T14:00:00Z,2016-03-09T15:00:00+01:00,2016-03-09T15:00:00Z,2016-03-09T16:00:00+01:00,1,01:00:00,1,24:00:00,100.0,2400.0,2016-03-08T15:00:00Z,2016-03-08T16:00:00+01:00,2016-03-09T15:00:00Z,2016-03-09T16:00:00+01:00
17.8333333333333,,,False,2,pm25,µg/m³,,raw,01:00:00,2016-03-09T15:00:00Z,2016-03-09T16:00:00+01:00,2016-03-09T16:00:00Z,2016-03-09T17:00:00+01:00,1,01:00:00,1,24:00:00,100.0,2400.0,2016-03-08T16:00:00Z,2016-03-08T17:00:00+01:00,2016-03-09T16:00:00Z,2016-03-09T17:00:00+01:00
16.9444444444444,,,False,2,pm25,µg/m³,,raw,01:00:00,2016-03-09T16:00:00Z,2016-03-09T17:00:00+01:00,2016-03-09T17:00:00Z,2016-03-09T18:00:00+01:00,1,01:00:00,1,24:00:00,100.0,2400.0,2016-03-08T17:00:00Z,2016-03-08T18:00:00+01:00,2016-03-09T17:00:00Z,2016-03-09T18:00:00+01:00
16.6111111111111,,,False,2,pm25,µg/m³,,raw,01:00:00,2016-03-09T17:00:00Z,2016-03-09T18:00:00+01:00,2016-03-09T18:00:00Z,2016-03-09T19:00:00+01:00,1,01:00:00,1,24:00:00,100.0,2400.0,2016-03-08T18:00:00Z,2016-03-08T19:00:00+01:00,2016-03-09T18:00:00Z,2016-03-09T19:00:00+01:00
16.6666666666667,,,False,2,pm25,µg/m³,,raw,01:00:00,2016-03-09T18:00:00Z,2016-03-09T19:00:00+01:00,2016-03-09T19:00:00Z,2016-03-09T20:00:00+01:00,1,01:00:00,1,24:00:00,100.0,2400.0,2016-03-08T19:00:00Z,2016-03-08T20:00:00+01:00,2016-03-09T19:00:00Z,2016-03-09T20:00:00+01:00
16.6111111111111,,,False,2,pm25,µg/m³,,raw,01:00:00,2016-03-09T19:00:00Z,2016-03-09T20:00:00+01:00,2016-03-09T20:00:00Z,2016-03-09T21:00:00+01:00,1,01:00:00,1,24:00:00,100.0,2400.0,2016-03-08T20:00:00Z,2016-03-08T21:00:00+01:00,2016-03-09T20:00:00Z,2016-03-09T21:00:00+01:00
16.3888888888889,,,False,2,pm25,µg/m³,,raw,01:00:00,2016-03-09T20:00:00Z,2016-03-09T21:00:00+01:00,2016-03-09T21:00:00Z,2016-03-09T22:00:00+01:00,1,01:00:00,1,24:00:00,100.0,2400.0,2016-03-08T21:00:00Z,2016-03-08T22:00:00+01:00,2016-03-09T21:00:00Z,2016-03-09T22:00:00+01:00
16.8333333333333,,,False,2,pm25,µg/m³,,raw,01:00:00,2016-03-09T21:00:00Z,2016-03-09T22:00:00+01:00,2016-03-09T22:00:00Z,2016-03-09T23:00:00+01:00,1,01:00:00,1,24:00:00,100.0,2400.0,2016-03-08T22:00:00Z,2016-03-08T23:00:00+01:00,2016-03-09T22:00:00Z,2016-03-09T23:00:00+01:00
16.8333333333333,,,False,2,pm25,µg/m³,,raw,01:00:00,2016-03-09T22:00:00Z,2016-03-09T23:00:00+01:00,2016-03-09T23:00:00Z,2016-03-10T00:00:00+01:00,1,01:00:00,1,24:00:00,100.0,2400.0,2016-03-08T23:00:00Z,2016-03-09T00:00:00+01:00,2016-03-09T23:00:00Z,2016-03-10T00:00:00+01:00
17.5555555555556,,,False,2,pm25,µg/m³,,raw,01:00:00,2016-03-09T23:00:00Z,2016-03-10T00:00:00+01:00,2016-03-10T00:00:00Z,2016-03-10T01:00:00+01:00,1,01:00:00,1,24:00:00,100.0,2400.0,2016-03-09T00:00:00Z,2016-03-09T01:00:00+01:00,2016-03-10T00:00:00Z,2016-03-10T01:00:00+01:00
-996.0,,,False,2,pm25,µg/m³,,raw,01:00:00,2016-03-10T00:00:00Z,2016-03-10T01:00:00+01:00,2016-03-10T01:00:00Z,2016-03-10T02:00:00+01:00,1,01:00:00,1,24:00:00,100.0,2400.0,2016-03-09T01:00:00Z,2016-03-09T02:00:00+01:00,2016-03-10T01:00:00Z,2016-03-10T02:00:00+01:00
-996.0,,,False,2,pm25,µg/m³,,raw,01:00:00,2016-03-10T01:00:00Z,2016-03-10T02:00:00+01:00,2016-03-10T02:00:00Z,2016-03-10T03:00:00+01:00,1,01:00:00,1,24:00:00,100.0,2400.0,2016-03-09T02:00:00Z,2016-03-09T03:00:00+01:00,2016-03-10T02:00:00Z,2016-03-10T03:00:00+01:00
-996.0,,,False,2,pm25,µg/m³,,raw,01:00:00,2016-03-10T02:00:00Z,2016-03-10T03:00:00+01:00,2016-03-10T03:00:00Z,2016-03-10T04:00:00+01:00,1,01:00:00,1,24:00:00,100.0,2400.0,2016-03-09T03:00:00Z,2016-03-09T04:00:00+01:00,2016-03-10T03:00:00Z,2016-03-10T04:00:00+01:00
-996.0,,,False,2,pm25,µg/m³,,raw,01:00:00,2016-03-10T03:00:00Z,2016-03-10T04:00:00+01:00,2016-03-10T04:00:00Z,2016-03-10T05:00:00+01:00,1,01:00:00,1,24:00:00,100.0,2400.0,2016-03-09T04:00:00Z,2016-03-09T05:00:00+01:00,2016-03-10T04:00:00Z,2016-03-10T05:00:00+01:00
-996.0,,,False,2,pm25,µg/m³,,raw,01:00:00,2016-03-10T04:00:00Z,2016-03-10T05:00:00+01:00,2016-03-10T05:00:00Z,2016-03-10T06:00:00+01:00,1,01:00:00,1,24:00:00,100.0,2400.0,2016-03-09T05:00:00Z,2016-03-09T06:00:00+01:00,2016-03-10T05:00:00Z,2016-03-10T06:00:00+01:00
-996.0,,,False,2,pm25,µg/m³,,raw,01:00:00,2016-03-10T05:00:00Z,2016-03-10T06:00:00+01:00,2016-03-10T06:00:00Z,2016-03-10T07:00:00+01:00,1,01:00:00,1,24:00:00,100.0,2400.0,2016-03-09T06:00:00Z,2016-03-09T07:00:00+01:00,2016-03-10T06:00:00Z,2016-03-10T07:00:00+01:00
-996.0,,,False,2,pm25,µg/m³,,raw,01:00:00,2016-03-10T06:00:00Z,2016-03-10T07:00:00+01:00,2016-03-10T07:00:00Z,2016-03-10T08:00:00+01:00,1,01:00:00,1,24:00:00,100.0,2400.0,2016-03-09T07:00:00Z,2016-03-09T08:00:00+01:00,2016-03-10T07:00:00Z,2016-03-10T08:00:00+01:00
-996.0,,,False,2,pm25,µg/m³,,raw,01:00:00,2016-03-10T07:00:00Z,2016-03-10T08:00:00+01:00,2016-03-10T08:00:00Z,2016-03-10T09:00:00+01:00,1,01:00:00,1,24:00:00,100.0,2400.0,2016-03-09T08:00:00Z,2016-03-09T09:00:00+01:00,2016-03-10T08:00:00Z,2016-03-10T09:00:00+01:00
27.0,,,False,2,pm25,µg/m³,,raw,01:00:00,2016-03-10T08:00:00Z,2016-03-10T09:00:00+01:00,2016-03-10T09:00:00Z,2016-03-10T10:00:00+01:00,1,01:00:00,1,24:00:00,100.0,2400.0,2016-03-09T09:00:00Z,2016-03-09T10:00:00+01:00,2016-03-10T09:00:00Z,2016-03-10T10:00:00+01:00
28.0526315789474,,,False,2,pm25,µg/m³,,raw,01:00:00,2016-03-10T09:00:00Z,2016-03-10T10:00:00+01:00,2016-03-10T10:00:00Z,2016-03-10T11:00:00+01:00,1,01:00:00,1,24:00:00,100.0,2400.0,2016-03-09T10:00:00Z,2016-03-09T11:00:00+01:00,2016-03-10T10:00:00Z,2016-03-10T11:00:00+01:00
28.7,,,False,2,pm25,µg/m³,,raw,01:00:00,2016-03-10T10:00:00Z,2016-03-10T11:00:00+01:00,2016-03-10T11:00:00Z,2016-03-10T12:00:00+01:00,1,01:00:00,1,24:00:00,100.0,2400.0,2016-03-09T11:00:00Z,2016-03-09T12:00:00+01:00,2016-03-10T11:00:00Z,2016-03-10T12:00:00+01:00
30.1,,,False,2,pm25,µg/m³,,raw,01:00:00,2016-03-10T11:00:00Z,2016-03-10T12:00:00+01:00,2016-03-10T12:00:00Z,2016-03-10T13:00:00+01:00,1,01:00:00,1,24:00:00,100.0,2400.0,2016-03-09T12:00:00Z,2016-03-09T13:00:00+01:00,2016-03-10T12:00:00Z,2016-03-10T13:00:00+01:00
31.45,,,False,2,pm25,µg/m³,,raw,01:00:00,2016-03-10T12:00:00Z,2016-03-10T13:00:00+01:00,2016-03-10T13:00:00Z,2016-03-10T14:00:00+01:00,1,01:00:00,1,24:00:00,100.0,2400.0,2016-03-09T13:00:00Z,2016-03-09T14:00:00+01:00,2016-03-10T13:00:00Z,2016-03-10T14:00:00+01:00
32.55,,,False,2,pm25,µg/m³,,raw,01:00:00,2016-03-10T13:00:00Z,2016-03-10T14:00:00+01:00,2016-03-10T14:00:00Z,2016-03-10T15:00:00+01:00,1,01:00:00,1,24:00:00,100.0,2400.0,2016-03-09T14:00:00Z,2016-03-09T15:00:00+01:00,2016-03-10T14:00:00Z,2016-03-10T15:00:00+01:00
33.85,,,False,2,pm25,µg/m³,,raw,01:00:00,2016-03-10T14:00:00Z,2016-03-10T15:00:00+01:00,2016-03-10T15:00:00Z,2016-03-10T16:00:00+01:00,1,01:00:00,1,24:00:00,100.0,2400.0,2016-03-09T15:00:00Z,2016-03-09T16:00:00+01:00,2016-03-10T15:00:00Z,2016-03-10T16:00:00+01:00
34.85,,,False,2,pm25,µg/m³,,raw,01:00:00,2016-03-10T15:00:00Z,2016-03-10T16:00:00+01:00,2016-03-10T16:00:00Z,2016-03-10T17:00:00+01:00,1,01:00:00,1,24:00:00,100.0,2400.0,2016-03-09T16:00:00Z,2016-03-09T17:00:00+01:00,2016-03-10T16:00:00Z,2016-03-10T17:00:00+01:00
35.65,,,False,2,pm25,µg/m³,,raw,01:00:00,2016-03-10T16:00:00Z,2016-03-10T17:00:00+01:00,2016-03-10T17:00:00Z,2016-03-10T18:00:00+01:00,1,01:00:00,1,24:00:00,100.0,2400.0,2016-03-09T17:00:00Z,2016-03-09T18:00:00+01:00,2016-03-10T17:00:00Z,2016-03-10T18:00:00+01:00
36.4,,,False,2,pm25,µg/m³,,raw,01:00:00,2016-03-10T17:00:00Z,2016-03-10T18:00:00+01:00,2016-03-10T18:00:00Z,2016-03-10T19:00:00+01:00,1,01:00:00,1,24:00:00,100.0,2400.0,2016-03-09T18:00:00Z,2016-03-09T19:00:00+01:00,2016-03-10T18:00:00Z,2016-03-10T19:00:00+01:00
37.45,,,False,2,pm25,µg/m³,,raw,01:00:00,2016-03-10T18:00:00Z,2016-03-10T19:00:00+01:00,2016-03-10T19:00:00Z,2016-03-10T20:00:00+01:00,1,01:00:00,1,24:00:00,100.0,2400.0,2016-03-09T19:00:00Z,2016-03-09T20:00:00+01:00,2016-03-10T19:00:00Z,2016-03-10T20:00:00+01:00
38.45,,,False,2,pm25,µg/m³,,raw,01:00:00,2016-03-10T19:00:00Z,2016-03-10T20:00:00+01:00,2016-03-10T20:00:00Z,2016-03-10T21:00:00+01:00,1,01:00:00,1,24:00:00,100.0,2400.0,2016-03-09T20:00:00Z,2016-03-09T21:00:00+01:00,2016-03-10T20:00:00Z,2016-03-10T21:00:00+01:00
39.65,,,False,2,pm25,µg/m³,,raw,01:00:00,2016-03-10T20:00:00Z,2016-03-10T21:00:00+01:00,2016-03-10T21:00:00Z,2016-03-10T22:00:00+01:00,1,01:00:00,1,24:00:00,100.0,2400.0,2016-03-09T21:00:00Z,2016-03-09T22:00:00+01:00,2016-03-10T21:00:00Z,2016-03-10T22:00:00+01:00
40.0,,,False,2,pm25,µg/m³,,raw,01:00:00,2016-03-10T21:00:00Z,2016-03-10T22:00:00+01:00,2016-03-10T22:00:00Z,2016-03-10T23:00:00+01:00,1,01:00:00,1,24:00:00,100.0,2400.0,2016-03-09T22:00:00Z,2016-03-09T23:00:00+01:00,2016-03-10T22:00:00Z,2016-03-10T23:00:00+01:00
40.1818181818182,,,False,2,pm25,µg/m³,,raw,01:00:00,2016-03-10T22:00:00Z,2016-03-10T23:00:00+01:00,2016-03-10T23:00:00Z,2016-03-11T00:00:00+01:00,1,01:00:00,1,24:00:00,100.0,2400.0,2016-03-09T23:00:00Z,2016-03-10T00:00:00+01:00,2016-03-10T23:00:00Z,2016-03-11T00:00:00+01:00
40.8181818181818,,,False,2,pm25,µg/m³,,raw,01:00:00,2016-03-10T23:00:00Z,2016-03-11T00:00:00+01:00,2016-03-11T00:00:00Z,2016-03-11T01:00:00+01:00,1,01:00:00,1,24:00:00,100.0,2400.0,2016-03-10T00:00:00Z,2016-03-10T01:00:00+01:00,2016-03-11T00:00:00Z,2016-03-11T01:00:00+01:00
41.1904761904762,,,False,2,pm25,µg/m³,,raw,01:00:00,2016-03-11T00:00:00Z,2016-03-11T01:00:00+01:00,2016-03-11T01:00:00Z,2016-03-11T02:00:00+01:00,1,01:00:00,1,24:00:00,100.0,2400.0,2016-03-10T01:00:00Z,2016-03-10T02:00:00+01:00,2016-03-11T01:00:00Z,2016-03-11T02:00:00+01:00
41.4,,,False,2,pm25,µg/m³,,raw,01:00:00,2016-03-11T01:00:00Z,2016-03-11T02:00:00+01:00,2016-03-11T02:00:00Z,2016-03-11T03:00:00+01:00,1,01:00:00,1,24:00:00,100.0,2400.0,2016-03-10T02:00:00Z,2016-03-10T03:00:00+01:00,2016-03-11T02:00:00Z,2016-03-11T03:00:00+01:00
41.9090909090909,,,False,2,pm25,µg/m³,,raw,01:00:00,2016-03-11T02:00:00Z,2016-03-11T03:00:00+01:00,2016-03-11T03:00:00Z,2016-03-11T04:00:00+01:00,1,01:00:00,1,24:00:00,100.0,2400.0,2016-03-10T03:00:00Z,2016-03-10T04:00:00+01:00,2016-03-11T03:00:00Z,2016-03-11T04:00:00+01:00
42.1363636363636,,,False,2,pm25,µg/m³,,raw,01:00:00,2016-03-11T03:00:00Z,2016-03-11T04:00:00+01:00,2016-03-11T04:00:00Z,2016-03-11T05:00:00+01:00,1,01:00:00,1,24:00:00,100.0,2400.0,2016-03-10T04:00:00Z,2016-03-10T05:00:00+01:00,2016-03-11T04:00:00Z,2016-03-11T05:00:00+01:00
42.5909090909091,,,False,2,pm25,µg/m³,,raw,01:00:00,2016-03-11T04:00:00Z,2016-03-11T05:00:00+01:00,2016-03-11T05:00:00Z,2016-03-11T06:00:00+01:00,1,01:00:00,1,24:00:00,100.0,2400.0,2016-03-10T05:00:00Z,2016-03-10T06:00:00+01:00,2016-03-11T05:00:00Z,2016-03-11T06:00:00+01:00
42.6818181818182,,,False,2,pm25,µg/m³,,raw,01:00:00,2016-03-11T05:00:00Z,2016-03-11T06:00:00+01:00,2016-03-11T06:00:00Z,2016-03-11T07:00:00+01:00,1,01:00:00,1,24:00:00,100.0,2400.0,2016-03-10T06:00:00Z,2016-03-10T07:00:00+01:00,2016-03-11T06:00:00Z,2016-03-11T07:00:00+01:00
42.4090909090909,,,False,2,pm25,µg/m³,,raw,01:00:00,2016-03-11T06:00:00Z,2016-03-11T07:00:00+01:00,2016-03-11T07:00:00Z,2016-03-11T08:00:00+01:00,1,01:00:00,1,24:00:00,100.0,2400.0,2016-03-10T07:00:00Z,2016-03-10T08:00:00+01:00,2016-03-11T07:00:00Z,2016-03-11T08:00:00+01:00
42.3181818181818,,,False,2,pm25,µg/m³,,raw,01:00:00,2016-03-11T07:00:00Z,2016-03-11T08:00:00+01:00,2016-03-11T08:00:00Z,2016-03-11T09:00:00+01:00,1,01:00:00,1,24:00:00,100.0,2400.0,2016-03-10T08:00:00Z,2016-03-10T09:00:00+01:00,2016-03-11T08:00:00Z,2016-03-11T09:00:00+01:00
42.3809523809524,,,False,2,pm25,µg/m³,,raw,01:00:00,2016-03-11T08:00:00Z,2016-03-11T09:00:00+01:00,2016-03-11T09:00:00Z,2016-03-11T10:00:00+01:00,1,01:00:00,1,24:00:00,100.0,2400.0,2016-03-10T09:00:00Z,2016-03-10T10:00:00+01:00,2016-03-11T09:00:00Z,2016-03-11T10:00:00+01:00
43.2272727272727,,,False,2,pm25,µg/m³,,raw,01:00:00,2016-03-11T09:00:00Z,2016-03-11T10:00:00+01:00,2016-03-11T10:00:00Z,2016-03-11T11:00:00+01:00,1,01:00:00,1,24:00:00,100.0,2400.0,2016-03-10T10:00:00Z,2016-03-10T11:00:00+01:00,2016-03-11T10:00:00Z,2016-03-11T11:00:00+01:00
43.6363636363636,,,False,2,pm25,µg/m³,,raw,01:00:00,2016-03-11T10:00:00Z,2016-03-11T11:00:00+01:00,2016-03-11T11:00:00Z,2016-03-11T12:00:00+01:00,1,01:00:00,1,24:00:00,100.0,2400.0,2016-03-10T11:00:00Z,2016-03-10T12:00:00+01:00,2016-03-11T11:00:00Z,2016-03-11T12:00:00+01:00
44.4090909090909,,,False,2,pm25,µg/m³,,raw,01:00:00,2016-03-11T11:00:00Z,2016-03-11T12:00:00+01:00,2016-03-11T12:00:00Z,2016-03-11T13:00:00+01:00,1,01:00:00,1,24:00:00,100.0,2400.0,2016-03-10T12:00:00Z,2016-03-10T13:00:00+01:00,2016-03-11T12:00:00Z,2016-03-11T13:00:00+01:00
44.7727272727273,,,False,2,pm25,µg/m³,,raw,01:00:00,2016-03-11T12:00:00Z,2016-03-11T13:00:00+01:00,2016-03-11T13:00:00Z,2016-03-11T14:00:00+01:00,1,01:00:00,1,24:00:00,100.0,2400.0,2016-03-10T13:00:00Z,2016-03-10T14:00:00+01:00,2016-03-11T13:00:00Z,2016-03-11T14:00:00+01:00
44.7727272727273,,,False,2,pm25,µg/m³,,raw,01:00:00,2016-03-11T13:00:00Z,2016-03-11T14:00:00+01:00,2016-03-11T14:00:00Z,2016-03-11T15:00:00+01:00,1,01:00:00,1,24:00:00,100.0,2400.0,2016-03-10T14:00:00Z,2016-03-10T15:00:00+01:00,2016-03-11T14:00:00Z,2016-03-11T15:00:00+01:00
45.0,,,False,2,pm25,µg/m³,,raw,01:00:00,2016-03-11T14:00:00Z,2016-03-11T15:00:00+01:00,2016-03-11T15:00:00Z,2016-03-11T16:00:00+01:00,1,01:00:00,1,24:00:00,100.0,2400.0,2016-03-10T15:00:00Z,2016-03-10T16:00:00+01:00,2016-03-11T15:00:00Z,2016-03-11T16:00:00+01:00
45.5909090909091,,,False,2,pm25,µg/m³,,raw,01:00:00,2016-03-11T15:00:00Z,2016-03-11T16:00:00+01:00,2016-03-11T16:00:00Z,2016-03-11T17:00:00+01:00,1,01:00:00,1,24:00:00,100.0,2400.0,2016-03-10T16:00:00Z,2016-03-10T17:00:00+01:00,2016-03-11T16:00:00Z,2016-03-11T17:00:00+01:00
45.9545454545455,,,False,2,pm25,µg/m³,,raw,01:00:00,2016-03-11T16:00:00Z,2016-03-11T17:00:00+01:00,2016-03-11T17:00:00Z,2016-03-11T18:00:00+01:00,1,01:00:00,1,24:00:00,100.0,2400.0,2016-03-10T17:00:00Z,2016-03-10T18:00:00+01:00,2016-03-11T17:00:00Z,2016-03-11T18:00:00+01:00
46.1818181818182,,,False,2,pm25,µg/m³,,raw,01:00:00,2016-03-11T17:00:00Z,2016-03-11T18:00:00+01:00,2016-03-11T18:00:00Z,2016-03-11T19:00:00+01:00,1,01:00:00,1,24:00:00,100.0,2400.0,2016-03-10T18:00:00Z,2016-03-10T19:00:00+01:00,2016-03-11T18:00:00Z,2016-03-11T19:00:00+01:00
46.0,,,False,2,pm25,µg/m³,,raw,01:00:00,2016-03-11T18:00:00Z,2016-03-11T19:00:00+01:00,2016-03-11T19:00:00Z,2016-03-11T20:00:00+01:00,1,01:00:00,1,24:00:00,100.0,2400.0,2016-03-10T19:00:00Z,2016-03-10T20:00:00+01:00,2016-03-11T19:00:00Z,2016-03-11T20:00:00+01:00
45.7272727272727,,,False,2,pm25,µg/m³,,raw,01:00:00,2016-03-11T19:00:00Z,2016-03-11T20:00:00+01:00,2016-03-11T20:00:00Z,2016-03-11T21:00:00+01:00,1,01:00:00,1,24:00:00,100.0,2400.0,2016-03-10T20:00:00Z,2016-03-10T21:00:00+01:00,2016-03-11T20:00:00Z,2016-03-11T21:00:00+01:00
45.7272727272727,,,False,2,pm25,µg/m³,,raw,01:00:00,2016-03-11T20:00:00Z,2016-03-11T21:00:00+01:00,2016-03-11T21:00:00Z,2016-03-11T22:00:00+01:00,1,01:00:00,1,24:00:00,100.0,2400.0,2016-03-10T21:00:00Z,2016-03-10T22:00:00+01:00,2016-03-11T21:00:00Z,2016-03-11T22:00:00+01:00
45.5909090909091,,,False,2,pm25,µg/m³,,raw,01:00:00,2016-03-11T21:00:00Z,2016-03-11T22:00:00+01:00,2016-03-11T22:00:00Z,2016-03-11T23:00:00+01:00,1,01:00:00,1,24:00:00,100.0,2400.0,2016-03-10T22:00:00Z,2016-03-10T23:00:00+01:00,2016-03-11T22:00:00Z,2016-03-11T23:00:00+01:00
45.3181818181818,,,False,2,pm25,µg/m³,,raw,01:00:00,2016-03-11T22:00:00Z,2016-03-11T23:00:00+01:00,2016-03-11T23:00:00Z,2016-03-12T00:00:00+01:00,1,01:00:00,1,24:00:00,100.0,2400.0,2016-03-10T23:00:00Z,2016-03-11T00:00:00+01:00,2016-03-11T23:00:00Z,2016-03-12T00:00:00+01:00
45.2272727272727,,,False,2,pm25,µg/m³,,raw,01:00:00,2016-03-11T23:00:00Z,2016-03-12T00:00:00+01:00,2016-03-12T00:00:00Z,2016-03-12T01:00:00+01:00,1,01:00:00,1,24:00:00,100.0,2400.0,2016-03-11T00:00:00Z,2016-03-11T01:00:00+01:00,2016-03-12T00:00:00Z,2016-03-12T01:00:00+01:00
45.1428571428571,,,False,2,pm25,µg/m³,,raw,01:00:00,2016-03-12T00:00:00Z,2016-03-12T01:00:00+01:00,2016-03-12T01:00:00Z,2016-03-12T02:00:00+01:00,1,01:00:00,1,24:00:00,100.0,2400.0,2016-03-11T01:00:00Z,2016-03-11T02:00:00+01:00,2016-03-12T01:00:00Z,2016-03-12T02:00:00+01:00
45.15,,,False,2,pm25,µg/m³,,raw,01:00:00,2016-03-12T01:00:00Z,2016-03-12T02:00:00+01:00,2016-03-12T02:00:00Z,2016-03-12T03:00:00+01:00,1,01:00:00,1,24:00:00,100.0,2400.0,2016-03-11T02:00:00Z,2016-03-11T03:00:00+01:00,2016-03-12T02:00:00Z,2016-03-12T03:00:00+01:00
45.6363636363636,,,False,2,pm25,µg/m³,,raw,01:00:00,2016-03-12T02:00:00Z,2016-03-12T03:00:00+01:00,2016-03-12T03:00:00Z,2016-03-12T04:00:00+01:00,1,01:00:00,1,24:00:00,100.0,2400.0,2016-03-11T03:00:00Z,2016-03-11T04:00:00+01:00,2016-03-12T03:00:00Z,2016-03-12T04:00:00+01:00
46.0454545454545,,,False,2,pm25,µg/m³,,raw,01:00:00,2016-03-12T03:00:00Z,2016-03-12T04:00:00+01:00,2016-03-12T04:00:00Z,2016-03-12T05:00:00+01:00,1,01:00:00,1,24:00:00,100.0,2400.0,2016-03-11T04:00:00Z,2016-03-11T05:00:00+01:00,2016-03-12T04:00:00Z,2016-03-12T05:00:00+01:00
46.2727272727273,,,False,2,pm25,µg/m³,,raw,01:00:00,2016-03-12T04:00:00Z,2016-03-12T05:00:00+01:00,2016-03-12T05:00:00Z,2016-03-12T06:00:00+01:00,1,01:00:00,1,24:00:00,100.0,2400.0,2016-03-11T05:00:00Z,2016-03-11T06:00:00+01:00,2016-03-12T05:00:00Z,2016-03-12T06:00:00+01:00
46.7272727272727,,,False,2,pm25,µg/m³,,raw,01:00:00,2016-03-12T05:00:00Z,2016-03-12T06:00:00+01:00,2016-03-12T06:00:00Z,2016-03-12T07:00:00+01:00,1,01:00:00,1,24:00:00,100.0,2400.0,2016-03-11T06:00:00Z,2016-03-11T07:00:00+01:00,2016-03-12T06:00:00Z,2016-03-12T07:00:00+01:00
46.7727272727273,,,False,2,pm25,µg/m³,,raw,01:00:00,2016-03-12T06:00:00Z,2016-03-12T07:00:00+01:00,2016-03-12T07:00:00Z,2016-03-12T08:00:00+01:00,1,01:00:00,1,24:00:00,100.0,2400.0,2016-03-11T07:00:00Z,2016-03-11T08:00:00+01:00,2016-03-12T07:00:00Z,2016-03-12T08:00:00+01:00
46.5454545454545,,,False,2,pm25,µg/m³,,raw,01:00:00,2016-03-12T07:00:00Z,2016-03-12T08:00:00+01:00,2016-03-12T08:00:00Z,2016-03-12T09:00:00+01:00,1,01:00:00,1,24:00:00,100.0,2400.0,2016-03-11T08:00:00Z,2016-03-11T09:00:00+01:00,2016-03-12T08:00:00Z,2016-03-12T09:00:00+01:00
45.9545454545455,,,False,2,pm25,µg/m³,,raw,01:00:00,2016-03-12T08:00:00Z,2016-03-12T09:00:00+01:00,2016-03-12T09:00:00Z,2016-03-12T10:00:00+01:00,1,01:00:00,1,24:00:00,100.0,2400.0,2016-03-11T09:00:00Z,2016-03-11T10:00:00+01:00,2016-03-12T09:00:00Z,2016-03-12T10:00:00+01:00
45.6363636363636,,,False,2,pm25,µg/m³,,raw,01:00:00,2016-03-12T09:00:00Z,2016-03-12T10:00:00+01:00,2016-03-12T10:00:00Z,2016-03-12T11:00:00+01:00,1,01:00:00,1,24:00:00,100.0,2400.0,2016-03-11T10:00:00Z,2016-03-11T11:00:00+01:00,2016-03-12T10:00:00Z,2016-03-12T11:00:00+01:00
46.2272727272727,,,False,2,pm25,µg/m³,,raw,01:00:00,2016-03-12T10:00:00Z,2016-03-12T11:00:00+01:00,2016-03-12T11:00:00Z,2016-03-12T12:00:00+01:00,1,01:00:00,1,24:00:00,100.0,2400.0,2016-03-11T11:00:00Z,2016-03-11T12:00:00+01:00,2016-03-12T11:00:00Z,2016-03-12T12:00:00+01:00
46.9545454545455,,,False,2,pm25,µg/m³,,raw,01:00:00,2016-03-12T11:00:00Z,2016-03-12T12:00:00+01:00,2016-03-12T12:00:00Z,2016-03-12T13:00:00+01:00,1,01:00:00,1,24:00:00,100.0,2400.0,2016-03-11T12:00:00Z,2016-03-11T13:00:00+01:00,2016-03-12T12:00:00Z,2016-03-12T13:00:00+01:00
47.8636363636364,,,False,2,pm25,µg/m³,,raw,01:00:00,2016-03-12T12:00:00Z,2016-03-12T13:00:00+01:00,2016-03-12T13:00:00Z,2016-03-12T14:00:00+01:00,1,01:00:00,1,24:00:00,100.0,2400.0,2016-03-11T13:00:00Z,2016-03-11T14:00:00+01:00,2016-03-12T13:00:00Z,2016-03-12T14:00:00+01:00
47.1363636363636,,,False,2,pm25,µg/m³,,raw,01:00:00,2016-03-12T13:00:00Z,2016-03-12T14:00:00+01:00,2016-03-12T14:00:00Z,2016-03-12T15:00:00+01:00,1,01:00:00,1,24:00:00,100.0,2400.0,2016-03-11T14:00:00Z,2016-03-11T15:00:00+01:00,2016-03-12T14:00:00Z,2016-03-12T15:00:00+01:00
46.5909090909091,,,False,2,pm25,µg/m³,,raw,01:00:00,2016-03-12T14:00:00Z,2016-03-12T15:00:00+01:00,2016-03-12T15:00:00Z,2016-03-12T16:00:00+01:00,1,01:00:00,1,24:00:00,100.0,2400.0,2016-03-11T15:00:00Z,2016-03-11T16:00:00+01:00,2016-03-12T15:00:00Z,2016-03-12T16:00:00+01:00
46.3181818181818,,,False,2,pm25,µg/m³,,raw,01:00:00,2016-03-12T15:00:00Z,2016-03-12T16:00:00+01:00,2016-03-12T16:00:00Z,2016-03-12T17:00:00+01:00,1,01:00:00,1,24:00:00,100.0,2400.0,2016-03-11T16:00:00Z,2016-03-11T17:00:00+01:00,2016-03-12T16:00:00Z,2016-03-12T17:00:00+01:00
45.3181818181818,,,False,2,pm25,µg/m³,,raw,01:00:00,2016-03-12T16:00:00Z,2016-03-12T17:00:00+01:00,2016-03-12T17:00:00Z,2016-03-12T18:00:00+01:00,1,01:00:00,1,24:00:00,100.0,2400.0,2016-03-11T17:00:00Z,2016-03-11T18:00:00+01:00,2016-03-12T17:00:00Z,2016-03-12T18:00:00+01:00
44.7272727272727,,,False,2,pm25,µg/m³,,raw,01:00:00,2016-03-12T17:00:00Z,2016-03-12T18:00:00+01:00,2016-03-12T18:00:00Z,2016-03-12T19:00:00+01:00,1,01:00:00,1,24:00:00,100.0,2400.0,2016-03-11T18:00:00Z,2016-03-11T19:00:00+01:00,2016-03-12T18:00:00Z,2016-03-12T19:00:00+01:00
43.9090909090909,,,False,2,pm25,µg/m³,,raw,01:00:00,2016-03-12T18:00:00Z,2016-03-12T19:00:00+01:00,2016-03-12T19:00:00Z,2016-03-12T20:00:00+01:00,1,01:00:00,1,24:00:00,100.0,2400.0,2016-03-11T19:00:00Z,2016-03-11T20:00:00+01:00,2016-03-12T19:00:00Z,2016-03-12T20:00:00+01:00
43.3636363636364,,,False,2,pm25,µg/m³,,raw,01:00:00,2016-03-12T19:00:00Z,2016-03-12T20:00:00+01:00,2016-03-12T20:00:00Z,2016-03-12T21:00:00+01:00,1,01:00:00,1,24:00:00,100.0,2400.0,2016-03-11T20:00:00Z,2016-03-11T21:00:00+01:00,2016-03-12T20:00:00Z,2016-03-12T21:00:00+01:00
42.7727272727273,,,False,2,pm25,µg/m³,,raw,01:00:00,2016-03-12T20:00:00Z,2016-03-12T21:00:00+01:00,2016-03-12T21:00:00Z,2016-03-12T22:00:00+01:00,1,01:00:00,1,24:00:00,100.0,2400.0,2016-03-11T21:00:00Z,2016-03-11T22:00:00+01:00,2016-03-12T21:00:00Z,2016-03-12T22:00:00+01:00
42.0454545454545,,,False,2,pm25,µg/m³,,raw,01:00:00,2016-03-12T21:00:00Z,2016-03-12T22:00:00+01:00,2016-03-12T22:00:00Z,2016-03-12T23:00:00+01:00,1,01:00:00,1,24:00:00,100.0,2400.0,2016-03-11T22:00:00Z,2016-03-11T23:00:00+01:00,2016-03-12T22:00:00Z,2016-03-12T23:00:00+01:00
41.0909090909091,,,False,2,pm25,µg/m³,,raw,01:00:00,2016-03-12T22:00:00Z,2016-03-12T23:00:00+01:00,2016-03-12T23:00:00Z,2016-03-13T00:00:00+01:00,1,01:00:00,1,24:00:00,100.0,2400.0,2016-03-11T23:00:00Z,2016-03-12T00:00:00+01:00,2016-03-12T23:00:00Z,2016-03-13T00:00:00+01:00
39.9545454545455,,,False,2,pm25,µg/m³,,raw,01:00:00,2016-03-12T23:00:00Z,2016-03-13T00:00:00+01:00,2016-03-13T00:00:00Z,2016-03-13T01:00:00+01:00,1,01:00:00,1,24:00:00,100.0,2400.0,2016-03-12T00:00:00Z,2016-03-12T01:00:00+01:00,2016-03-13T00:00:00Z,2016-03-13T01:00:00+01:00
39.3809523809524,,,False,2,pm25,µg/m³,,raw,01:00:00,2016-03-13T00:00:00Z,2016-03-13T01:00:00+01:00,2016-03-13T01:00:00Z,2016-03-13T02:00:00+01:00,1,01:00:00,1,24:00:00,100.0,2400.0,2016-03-12T01:00:00Z,2016-03-12T02:00:00+01:00,2016-03-13T01:00:00Z,2016-03-13T02:00:00+01:00
38.0,,,False,2,pm25,µg/m³,,raw,01:00:00,2016-03-13T01:00:00Z,2016-03-13T02:00:00+01:00,2016-03-13T02:00:00Z,2016-03-13T03:00:00+01:00,1,01:00:00,1,24:00:00,100.0,2400.0,2016-03-12T02:00:00Z,2016-03-12T03:00:00+01:00,2016-03-13T02:00:00Z,2016-03-13T03:00:00+01:00
37.15,,,False,2,pm25,µg/m³,,raw,01:00:00,2016-03-13T02:00:00Z,2016-03-13T03:00:00+01:00,2016-03-13T03:00:00Z,2016-03-13T04:00:00+01:00,1,01:00:00,1,24:00:00,100.0,2400.0,2016-03-12T03:00:00Z,2016-03-12T04:00:00+01:00,2016-03-13T03:00:00Z,2016-03-13T04:00:00+01:00
34.0909090909091,,,False,2,pm25,µg/m³,,raw,01:00:00,2016-03-13T03:00:00Z,2016-03-13T04:00:00+01:00,2016-03-13T04:00:00Z,2016-03-13T05:00:00+01:00,1,01:00:00,1,24:00:00,100.0,2400.0,2016-03-12T04:00:00Z,2016-03-12T05:00:00+01:00,2016-03-13T04:00:00Z,2016-03-13T05:00:00+01:00
32.6363636363636,,,False,2,pm25,µg/m³,,raw,01:00:00,2016-03-13T04:00:00Z,2016-03-13T05:00:00+01:00,2016-03-13T05:00:00Z,2016-03-13T06:00:00+01:00,1,01:00:00,1,24:00:00,100.0,2400.0,2016-03-12T05:00:00Z,2016-03-12T06:00:00+01:00,2016-03-13T05:00:00Z,2016-03-13T06:00:00+01:00
31.6818181818182,,,False,2,pm25,µg/m³,,raw,01:00:00,2016-03-13T05:00:00Z,2016-03-13T06:00:00+01:00,2016-03-13T06:00:00Z,2016-03-13T07:00:00+01:00,1,01:00:00,1,24:00:00,100.0,2400.0,2016-03-12T06:00:00Z,2016-03-12T07:00:00+01:00,2016-03-13T06:00:00Z,2016-03-13T07:00:00+01:00
31.3636363636364,,,False,2,pm25,µg/m³,,raw,01:00:00,2016-03-13T06:00:00Z,2016-03-13T07:00:00+01:00,2016-03-13T07:00:00Z,2016-03-13T08:00:00+01:00,1,01:00:00,1,24:00:00,100.0,2400.0,2016-03-12T07:00:00Z,2016-03-12T08:00:00+01:00,2016-03-13T07:00:00Z,2016-03-13T08:00:00+01:00
30.6363636363636,,,False,2,pm25,µg/m³,,raw,01:00:00,2016-03-13T07:00:00Z,2016-03-13T08:00:00+01:00,2016-03-13T08:00:00Z,2016-03-13T09:00:00+01:00,1,01:00:00,1,24:00:00,100.0,2400.0,2016-03-12T08:00:00Z,2016-03-12T09:00:00+01:00,2016-03-13T08:00:00Z,2016-03-13T09:00:00+01:00
29.4545454545455,,,False,2,pm25,µg/m³,,raw,01:00:00,2016-03-13T08:00:00Z,2016-03-13T09:00:00+01:00,2016-03-13T09:00:00Z,2016-03-13T10:00:00+01:00,1,01:00:00,1,24:00:00,100.0,2400.0,2016-03-12T09:00:00Z,2016-03-12T10:00:00+01:00,2016-03-13T09:00:00Z,2016-03-13T10:00:00+01:00
27.7272727272727,,,False,2,pm25,µg/m³,,raw,01:00:00,2016-03-13T09:00:00Z,2016-03-13T10:00:00+01:00,2016-03-13T10:00:00Z,2016-03-13T11:00:00+01:00,1,01:00:00,1,24:00:00,100.0,2400.0,2016-03-12T10:00:00Z,2016-03-12T11:00:00+01:00,2016-03-13T10:00:00Z,2016-03-13T11:00:00+01:00
25.7272727272727,,,False,2,pm25,µg/m³,,raw,01:00:00,2016-03-13T10:00:00Z,2016-03-13T11:00:00+01:00,2016-03-13T11:00:00Z,2016-03-13T12:00:00+01:00,1,01:00:00,1,24:00:00,100.0,2400.0,2016-03-12T11:00:00Z,2016-03-12T12:00:00+01:00,2016-03-13T11:00:00Z,2016-03-13T12:00:00+01:00
25.1818181818182,,,False,2,pm25,µg/m³,,raw,01:00:00,2016-03-13T11:00:00Z,2016-03-13T12:00:00+01:00,2016-03-13T12:00:00Z,2016-03-13T13:00:00+01:00,1,01:00:00,1,24:00:00,100.0,2400.0,2016-03-12T12:00:00Z,2016-03-12T13:00:00+01:00,2016-03-13T12:00:00Z,2016-03-13T13:00:00+01:00
24.5909090909091,,,False,2,pm25,µg/m³,,raw,01:00:00,2016-03-13T12:00:00Z,2016-03-13T13:00:00+01:00,2016-03-13T13:00:00Z,2016-03-13T14:00:00+01:00,1,01:00:00,1,24:00:00,100.0,2400.0,2016-03-12T13:00:00Z,2016-03-12T14:00:00+01:00,2016-03-13T13:00:00Z,2016-03-13T14:00:00+01:00
23.7272727272727,,,False,2,pm25,µg/m³,,raw,01:00:00,2016-03-13T13:00:00Z,2016-03-13T14:00:00+01:00,2016-03-13T14:00:00Z,2016-03-13T15:00:00+01:00,1,01:00:00,1,24:00:00,100.0,2400.0,2016-03-12T14:00:00Z,2016-03-12T15:00:00+01:00,2016-03-13T14:00:00Z,2016-03-13T15:00:00+01:00
23.2727272727273,,,False,2,pm25,µg/m³,,raw,01:00:00,2016-03-13T14:00:00Z,2016-03-13T15:00:00+01:00,2016-03-13T15:00:00Z,2016-03-13T16:00:00+01:00,1,01:00:00,1,24:00:00,100.0,2400.0,2016-03-12T15:00:00Z,2016-03-12T16:00:00+01:00,2016-03-13T15:00:00Z,2016-03-13T16:00:00+01:00
22.6818181818182,,,False,2,pm25,µg/m³,,raw,01:00:00,2016-03-13T15:00:00Z,2016-03-13T16:00:00+01:00,2016-03-13T16:00:00Z,2016-03-13T17:00:00+01:00,1,01:00:00,1,24:00:00,100.0,2400.0,2016-03-12T16:00:00Z,2016-03-12T17:00:00+01:00,2016-03-13T16:00:00Z,2016-03-13T17:00:00+01:00
22.3181818181818,,,False,2,pm25,µg/m³,,raw,01:00:00,2016-03-13T16:00:00Z,2016-03-13T17:00:00+01:00,2016-03-13T17:00:00Z,2016-03-13T18:00:00+01:00,1,01:00:00,1,24:00:00,100.0,2400.0,2016-03-12T17:00:00Z,2016-03-12T18:00:00+01:00,2016-03-13T17:00:00Z,2016-03-13T18:00:00+01:00
21.9090909090909,,,False,2,pm25,µg/m³,,raw,01:00:00,2016-03-13T17:00:00Z,2016-03-13T18:00:00+01:00,2016-03-13T18:00:00Z,2016-03-13T19:00:00+01:00,1,01:00:00,1,24:00:00,100.0,2400.0,2016-03-12T18:00:00Z,2016-03-12T19:00:00+01:00,2016-03-13T18:00:00Z,2016-03-13T19:00:00+01:00
21.5909090909091,,,False,2,pm25,µg/m³,,raw,01:00:00,2016-03-13T18:00:00Z,2016-03-13T19:00:00+01:00,2016-03-13T19:00:00Z,2016-03-13T20:00:00+01:00,1,01:00:00,1,24:00:00,100.0,2400.0,2016-03-12T19:00:00Z,2016-03-12T20:00:00+01:00,2016-03-13T19:00:00Z,2016-03-13T20:00:00+01:00
21.5454545454545,,,False,2,pm25,µg/m³,,raw,01:00:00,2016-03-13T19:00:00Z,2016-03-13T20:00:00+01:00,2016-03-13T20:00:00Z,2016-03-13T21:00:00+01:00,1,01:00:00,1,24:00:00,100.0,2400.0,2016-03-12T20:00:00Z,2016-03-12T21:00:00+01:00,2016-03-13T20:00:00Z,2016-03-13T21:00:00+01:00
21.4090909090909,,,False,2,pm25,µg/m³,,raw,01:00:00,2016-03-13T20:00:00Z,2016-03-13T21:00:00+01:00,2016-03-13T21:00:00Z,2016-03-13T22:00:00+01:00,1,01:00:00,1,24:00:00,100.0,2400.0,2016-03-12T21:00:00Z,2016-03-12T22:00:00+01:00,2016-03-13T21:00:00Z,2016-03-13T22:00:00+01:00
21.3181818181818,,,False,2,pm25,µg/m³,,raw,01:00:00,2016-03-13T21:00:00Z,2016-03-13T22:00:00+01:00,2016-03-13T22:00:00Z,2016-03-13T23:00:00+01:00,1,01:00:00,1,24:00:00,100.0,2400.0,2016-03-12T22:00:00Z,2016-03-12T23:00:00+01:00,2016-03-13T22:00:00Z,2016-03-13T23:00:00+01:00
21.1818181818182,,,False,2,pm25,µg/m³,,raw,01:00:00,2016-03-13T22:00:00Z,2016-03-13T23:00:00+01:00,2016-03-13T23:00:00Z,2016-03-14T00:00:00+01:00,1,01:00:00,1,24:00:00,100.0,2400.0,2016-03-12T23:00:00Z,2016-03-13T00:00:00+01:00,2016-03-13T23:00:00Z,2016-03-14T00:00:00+01:00
21.0909090909091,,,False,2,pm25,µg/m³,,raw,01:00:00,2016-03-13T23:00:00Z,2016-03-14T00:00:00+01:00,2016-03-14T00:00:00Z,2016-03-14T01:00:00+01:00,1,01:00:00,1,24:00:00,100.0,2400.0,2016-03-13T00:00:00Z,2016-03-13T01:00:00+01:00,2016-03-14T00:00:00Z,2016-03-14T01:00:00+01:00
21.0952380952381,,,False,2,pm25,µg/m³,,raw,01:00:00,2016-03-14T00:00:00Z,2016-03-14T01:00:00+01:00,2016-03-14T01:00:00Z,2016-03-14T02:00:00+01:00,1,01:00:00,1,24:00:00,100.0,2400.0,2016-03-13T01:00:00Z,2016-03-13T02:00:00+01:00,2016-03-14T01:00:00Z,2016-03-14T02:00:00+01:00
21.25,,,False,2,pm25,µg/m³,,raw,01:00:00,2016-03-14T01:00:00Z,2016-03-14T02:00:00+01:00,2016-03-14T02:00:00Z,2016-03-14T03:00:00+01:00,1,01:00:00,1,24:00:00,100.0,2400.0,2016-03-13T02:00:00Z,2016-03-13T03:00:00+01:00,2016-03-14T02:00:00Z,2016-03-14T03:00:00+01:00
21.4090909090909,,,False,2,pm25,µg/m³,,raw,01:00:00,2016-03-14T02:00:00Z,2016-03-14T03:00:00+01:00,2016-03-14T03:00:00Z,2016-03-14T04:00:00+01:00,1,01:00:00,1,24:00:00,100.0,2400.0,2016-03-13T03:00:00Z,2016-03-13T04:00:00+01:00,2016-03-14T03:00:00Z,2016-03-14T04:00:00+01:00
21.4090909090909,,,False,2,pm25,µg/m³,,raw,01:00:00,2016-03-14T03:00:00Z,2016-03-14T04:00:00+01:00,2016-03-14T04:00:00Z,2016-03-14T05:00:00+01:00,1,01:00:00,1,24:00:00,100.0,2400.0,2016-03-13T04:00:00Z,2016-03-13T05:00:00+01:00,2016-03-14T04:00:00Z,2016-03-14T05:00:00+01:00
21.0,,,False,2,pm25,µg/m³,,raw,01:00:00,2016-03-14T04:00:00Z,2016-03-14T05:00:00+01:00,2016-03-14T05:00:00Z,2016-03-14T06:00:00+01:00,1,01:00:00,1,24:00:00,100.0,2400.0,2016-03-13T05:00:00Z,2016-03-13T06:00:00+01:00,2016-03-14T05:00:00Z,2016-03-14T06:00:00+01:00
20.8181818181818,,,False,2,pm25,µg/m³,,raw,01:00:00,2016-03-14T05:00:00Z,2016-03-14T06:00:00+01:00,2016-03-14T06:00:00Z,2016-03-14T07:00:00+01:00,1,01:00:00,1,24:00:00,100.0,2400.0,2016-03-13T06:00:00Z,2016-03-13T07:00:00+01:00,2016-03-14T06:00:00Z,2016-03-14T07:00:00+01:00
20.7272727272727,,,False,2,pm25,µg/m³,,raw,01:00:00,2016-03-14T06:00:00Z,2016-03-14T07:00:00+01:00,2016-03-14T07:00:00Z,2016-03-14T08:00:00+01:00,1,01:00:00,1,24:00:00,100.0,2400.0,2016-03-13T07:00:00Z,2016-03-13T08:00:00+01:00,2016-03-14T07:00:00Z,2016-03-14T08:00:00+01:00
21.1818181818182,,,False,2,pm25,µg/m³,,raw,01:00:00,2016-03-14T07:00:00Z,2016-03-14T08:00:00+01:00,2016-03-14T08:00:00Z,2016-03-14T09:00:00+01:00,1,01:00:00,1,24:00:00,100.0,2400.0,2016-03-13T08:00:00Z,2016-03-13T09:00:00+01:00,2016-03-14T08:00:00Z,2016-03-14T09:00:00+01:00
21.9090909090909,,,False,2,pm25,µg/m³,,raw,01:00:00,2016-03-14T08:00:00Z,2016-03-14T09:00:00+01:00,2016-03-14T09:00:00Z,2016-03-14T10:00:00+01:00,1,01:00:00,1,24:00:00,100.0,2400.0,2016-03-13T09:00:00Z,2016-03-13T10:00:00+01:00,2016-03-14T09:00:00Z,2016-03-14T10:00:00+01:00
22.2272727272727,,,False,2,pm25,µg/m³,,raw,01:00:00,2016-03-14T09:00:00Z,2016-03-14T10:00:00+01:00,2016-03-14T10:00:00Z,2016-03-14T11:00:00+01:00,1,01:00:00,1,24:00:00,100.0,2400.0,2016-03-13T10:00:00Z,2016-03-13T11:00:00+01:00,2016-03-14T10:00:00Z,2016-03-14T11:00:00+01:00
22.5,,,False,2,pm25,µg/m³,,raw,01:00:00,2016-03-14T10:00:00Z,2016-03-14T11:00:00+01:00,2016-03-14T11:00:00Z,2016-03-14T12:00:00+01:00,1,01:00:00,1,24:00:00,100.0,2400.0,2016-03-13T11:00:00Z,2016-03-13T12:00:00+01:00,2016-03-14T11:00:00Z,2016-03-14T12:00:00+01:00
22.6363636363636,,,False,2,pm25,µg/m³,,raw,01:00:00,2016-03-14T11:00:00Z,2016-03-14T12:00:00+01:00,2016-03-14T12:00:00Z,2016-03-14T13:00:00+01:00,1,01:00:00,1,24:00:00,100.0,2400.0,2016-03-13T12:00:00Z,2016-03-13T13:00:00+01:00,2016-03-14T12:00:00Z,2016-03-14T13:00:00+01:00
22.6818181818182,,,False,2,pm25,µg/m³,,raw,01:00:00,2016-03-14T12:00:00Z,2016-03-14T13:00:00+01:00,2016-03-14T13:00:00Z,2016-03-14T14:00:00+01:00,1,01:00:00,1,24:00:00,100.0,2400.0,2016-03-13T13:00:00Z,2016-03-13T14:00:00+01:00,2016-03-14T13:00:00Z,2016-03-14T14:00:00+01:00
23.0,,,False,2,pm25,µg/m³,,raw,01:00:00,2016-03-14T13:00:00Z,2016-03-14T14:00:00+01:00,2016-03-14T14:00:00Z,2016-03-14T15:00:00+01:00,1,01:00:00,1,24:00:00,100.0,2400.0,2016-03-13T14:00:00Z,2016-03-13T15:00:00+01:00,2016-03-14T14:00:00Z,2016-03-14T15:00:00+01:00
23.2727272727273,,,False,2,pm25,µg/m³,,raw,01:00:00,2016-03-14T14:00:00Z,2016-03-14T15:00:00+01:00,2016-03-14T15:00:00Z,2016-03-14T16:00:00+01:00,1,01:00:00,1,24:00:00,100.0,2400.0,2016-03-13T15:00:00Z,2016-03-13T16:00:00+01:00,2016-03-14T15:00:00Z,2016-03-14T16:00:00+01:00
23.5,,,False,2,pm25,µg/m³,,raw,01:00:00,2016-03-14T15:00:00Z,2016-03-14T16:00:00+01:00,2016-03-14T16:00:00Z,2016-03-14T17:00:00+01:00,1,01:00:00,1,24:00:00,100.0,2400.0,2016-03-13T16:00:00Z,2016-03-13T17:00:00+01:00,2016-03-14T16:00:00Z,2016-03-14T17:00:00+01:00
23.6818181818182,,,False,2,pm25,µg/m³,,raw,01:00:00,2016-03-14T16:00:00Z,2016-03-14T17:00:00+01:00,2016-03-14T17:00:00Z,2016-03-14T18:00:00+01:00,1,01:00:00,1,24:00:00,100.0,2400.0,2016-03-13T17:00:00Z,2016-03-13T18:00:00+01:00,2016-03-14T17:00:00Z,2016-03-14T18:00:00+01:00
23.7727272727273,,,False,2,pm25,µg/m³,,raw,01:00:00,2016-03-14T17:00:00Z,2016-03-14T18:00:00+01:00,2016-03-14T18:00:00Z,2016-03-14T19:00:00+01:00,1,01:00:00,1,24:00:00,100.0,2400.0,2016-03-13T18:00:00Z,2016-03-13T19:00:00+01:00,2016-03-14T18:00:00Z,2016-03-14T19:00:00+01:00
24.0454545454545,,,False,2,pm25,µg/m³,,raw,01:00:00,2016-03-14T18:00:00Z,2016-03-14T19:00:00+01:00,2016-03-14T19:00:00Z,2016-03-14T20:00:00+01:00,1,01:00:00,1,24:00:00,100.0,2400.0,2016-03-13T19:00:00Z,2016-03-13T20:00:00+01:00,2016-03-14T19:00:00Z,2016-03-14T20:00:00+01:00
24.2272727272727,,,False,2,pm25,µg/m³,,raw,01:00:00,2016-03-14T19:00:00Z,2016-03-14T20:00:00+01:00,2016-03-14T20:00:00Z,2016-03-14T21:00:00+01:00,1,01:00:00,1,24:00:00,100.0,2400.0,2016-03-13T20:00:00Z,2016-03-13T21:00:00+01:00,2016-03-14T20:00:00Z,2016-03-14T21:00:00+01:00
24.4545454545455,,,False,2,pm25,µg/m³,,raw,01:00:00,2016-03-14T20:00:00Z,2016-03-14T21:00:00+01:00,2016-03-14T21:00:00Z,2016-03-14T22:00:00+01:00,1,01:00:00,1,24:00:00,100.0,2400.0,2016-03-13T21:00:00Z,2016-03-13T22:00:00+01:00,2016-03-14T21:00:00Z,2016-03-14T22:00:00+01:00
24.5,,,False,2,pm25,µg/m³,,raw,01:00:00,2016-03-14T21:00:00Z,2016-03-14T22:00:00+01:00,2016-03-14T22:00:00Z,2016-03-14T23:00:00+01:00,1,01:00:00,1,24:00:00,100.0,2400.0,2016-03-13T22:00:00Z,2016-03-13T23:00:00+01:00,2016-03-14T22:00:00Z,2016-03-14T23:00:00+01:00
24.5454545454545,,,False,2,pm25,µg/m³,,raw,01:00:00,2016-03-14T22:00:00Z,2016-03-14T23:00:00+01:00,2016-03-14T23:00:00Z,2016-03-15T00:00:00+01:00,1,01:00:00,1,24:00:00,100.0,2400.0,2016-03-13T23:00:00Z,2016-03-14T00:00:00+01:00,2016-03-14T23:00:00Z,2016-03-15T00:00:00+01:00
24.7272727272727,,,False,2,pm25,µg/m³,,raw,01:00:00,2016-03-14T23:00:00Z,2016-03-15T00:00:00+01:00,2016-03-15T00:00:00Z,2016-03-15T01:00:00+01:00,1,01:00:00,1,24:00:00,100.0,2400.0,2016-03-14T00:00:00Z,2016-03-14T01:00:00+01:00,2016-03-15T00:00:00Z,2016-03-15T01:00:00+01:00
24.8571428571429,,,False,2,pm25,µg/m³,,raw,01:00:00,2016-03-15T00:00:00Z,2016-03-15T01:00:00+01:00,2016-03-15T01:00:00Z,2016-03-15T02:00:00+01:00,1,01:00:00,1,24:00:00,100.0,2400.0,2016-03-14T01:00:00Z,2016-03-14T02:00:00+01:00,2016-03-15T01:00:00Z,2016-03-15T02:00:00+01:00
24.2727272727273,,,False,2,pm25,µg/m³,,raw,01:00:00,2016-03-15T01:00:00Z,2016-03-15T02:00:00+01:00,2016-03-15T02:00:00Z,2016-03-15T03:00:00+01:00,1,01:00:00,1,24:00:00,100.0,2400.0,2016-03-14T02:00:00Z,2016-03-14T03:00:00+01:00,2016-03-15T02:00:00Z,2016-03-15T03:00:00+01:00
24.5909090909091,,,False,2,pm25,µg/m³,,raw,01:00:00,2016-03-15T02:00:00Z,2016-03-15T03:00:00+01:00,2016-03-15T03:00:00Z,2016-03-15T04:00:00+01:00,1,01:00:00,1,24:00:00,100.0,2400.0,2016-03-14T03:00:00Z,2016-03-14T04:00:00+01:00,2016-03-15T03:00:00Z,2016-03-15T04:00:00+01:00
24.5454545454545,,,False,2,pm25,µg/m³,,raw,01:00:00,2016-03-15T03:00:00Z,2016-03-15T04:00:00+01:00,2016-03-15T04:00:00Z,2016-03-15T05:00:00+01:00,1,01:00:00,1,24:00:00,100.0,2400.0,2016-03-14T04:00:00Z,2016-03-14T05:00:00+01:00,2016-03-15T04:00:00Z,2016-03-15T05:00:00+01:00
24.7727272727273,,,False,2,pm25,µg/m³,,raw,01:00:00,2016-03-15T04:00:00Z,2016-03-15T05:00:00+01:00,2016-03-15T05:00:00Z,2016-03-15T06:00:00+01:00,1,01:00:00,1,24:00:00,100.0,2400.0,2016-03-14T05:00:00Z,2016-03-14T06:00:00+01:00,2016-03-15T05:00:00Z,2016-03-15T06:00:00+01:00
25.1363636363636,,,False,2,pm25,µg/m³,,raw,01:00:00,2016-03-15T05:00:00Z,2016-03-15T06:00:00+01:00,2016-03-15T06:00:00Z,2016-03-15T07:00:00+01:00,1,01:00:00,1,24:00:00,100.0,2400.0,2016-03-14T06:00:00Z,2016-03-14T07:00:00+01:00,2016-03-15T06:00:00Z,2016-03-15T07:00:00+01:00
24.9047619047619,,,False,2,pm25,µg/m³,,raw,01:00:00,2016-03-15T06:00:00Z,2016-03-15T07:00:00+01:00,2016-03-15T07:00:00Z,2016-03-15T08:00:00+01:00,1,01:00:00,1,24:00:00,100.0,2400.0,2016-03-14T07:00:00Z,2016-03-14T08:00:00+01:00,2016-03-15T07:00:00Z,2016-03-15T08:00:00+01:00
25.6818181818182,,,False,2,pm25,µg/m³,,raw,01:00:00,2016-03-15T07:00:00Z,2016-03-15T08:00:00+01:00,2016-03-15T08:00:00Z,2016-03-15T09:00:00+01:00,1,01:00:00,1,24:00:00,100.0,2400.0,2016-03-14T08:00:00Z,2016-03-14T09:00:00+01:00,2016-03-15T08:00:00Z,2016-03-15T09:00:00+01:00
26.1363636363636,,,False,2,pm25,µg/m³,,raw,01:00:00,2016-03-15T08:00:00Z,2016-03-15T09:00:00+01:00,2016-03-15T09:00:00Z,2016-03-15T10:00:00+01:00,1,01:00:00,1,24:00:00,100.0,2400.0,2016-03-14T09:00:00Z,2016-03-14T10:00:00+01:00,2016-03-15T09:00:00Z,2016-03-15T10:00:00+01:00
27.3636363636364,,,False,2,pm25,µg/m³,,raw,01:00:00,2016-03-15T09:00:00Z,2016-03-15T10:00:00+01:00,2016-03-15T10:00:00Z,2016-03-15T11:00:00+01:00,1,01:00:00,1,24:00:00,100.0,2400.0,2016-03-14T10:00:00Z,2016-03-14T11:00:00+01:00,2016-03-15T10:00:00Z,2016-03-15T11:00:00+01:00
28.8636363636364,,,False,2,pm25,µg/m³,,raw,01:00:00,2016-03-15T10:00:00Z,2016-03-15T11:00:00+01:00,2016-03-15T11:00:00Z,2016-03-15T12:00:00+01:00,1,01:00:00,1,24:00:00,100.0,2400.0,2016-03-14T11:00:00Z,2016-03-14T12:00:00+01:00,2016-03-15T11:00:00Z,2016-03-15T12:00:00+01:00
29.1904761904762,,,False,2,pm25,µg/m³,,raw,01:00:00,2016-03-15T11:00:00Z,2016-03-15T12:00:00+01:00,2016-03-15T12:00:00Z,2016-03-15T13:00:00+01:00,1,01:00:00,1,24:00:00,100.0,2400.0,2016-03-14T12:00:00Z,2016-03-14T13:00:00+01:00,2016-03-15T12:00:00Z,2016-03-15T13:00:00+01:00
31.5454545454545,,,False,2,pm25,µg/m³,,raw,01:00:00,2016-03-15T12:00:00Z,2016-03-15T13:00:00+01:00,2016-03-15T13:00:00Z,2016-03-15T14:00:00+01:00,1,01:00:00,1,24:00:00,100.0,2400.0,2016-03-14T13:00:00Z,2016-03-14T14:00:00+01:00,2016-03-15T13:00:00Z,2016-03-15T14:00:00+01:00
32.5909090909091,,,False,2,pm25,µg/m³,,raw,01:00:00,2016-03-15T13:00:00Z,2016-03-15T14:00:00+01:00,2016-03-15T14:00:00Z,2016-03-15T15:00:00+01:00,1,01:00:00,1,24:00:00,100.0,2400.0,2016-03-14T14:00:00Z,2016-03-14T15:00:00+01:00,2016-03-15T14:00:00Z,2016-03-15T15:00:00+01:00
32.8636363636364,,,False,2,pm25,µg/m³,,raw,01:00:00,2016-03-15T14:00:00Z,2016-03-15T15:00:00+01:00,2016-03-15T15:00:00Z,2016-03-15T16:00:00+01:00,1,01:00:00,1,24:00:00,100.0,2400.0,2016-03-14T15:00:00Z,2016-03-14T16:00:00+01:00,2016-03-15T15:00:00Z,2016-03-15T16:00:00+01:00
32.7727272727273,,,False,2,pm25,µg/m³,,raw,01:00:00,2016-03-15T15:00:00Z,2016-03-15T16:00:00+01:00,2016-03-15T16:00:00Z,2016-03-15T17:00:00+01:00,1,01:00:00,1,24:00:00,100.0,2400.0,2016-03-14T16:00:00Z,2016-03-14T17:00:00+01:00,2016-03-15T16:00:00Z,2016-03-15T17:00:00+01:00
33.3181818181818,,,False,2,pm25,µg/m³,,raw,01:00:00,2016-03-15T16:00:00Z,2016-03-15T17:00:00+01:00,2016-03-15T17:00:00Z,2016-03-15T18:00:00+01:00,1,01:00:00,1,24:00:00,100.0,2400.0,2016-03-14T17:00:00Z,2016-03-14T18:00:00+01:00,2016-03-15T17:00:00Z,2016-03-15T18:00:00+01:00
33.9545454545455,,,False,2,pm25,µg/m³,,raw,01:00:00,2016-03-15T17:00:00Z,2016-03-15T18:00:00+01:00,2016-03-15T18:00:00Z,2016-03-15T19:00:00+01:00,1,01:00:00,1,24:00:00,100.0,2400.0,2016-03-14T18:00:00Z,2016-03-14T19:00:00+01:00,2016-03-15T18:00:00Z,2016-03-15T19:00:00+01:00
35.2272727272727,,,False,2,pm25,µg/m³,,raw,01:00:00,2016-03-15T18:00:00Z,2016-03-15T19:00:00+01:00,2016-03-15T19:00:00Z,2016-03-15T20:00:00+01:00,1,01:00:00,1,24:00:00,100.0,2400.0,2016-03-14T19:00:00Z,2016-03-14T20:00:00+01:00,2016-03-15T19:00:00Z,2016-03-15T20:00:00+01:00
36.4545454545455,,,False,2,pm25,µg/m³,,raw,01:00:00,2016-03-15T19:00:00Z,2016-03-15T20:00:00+01:00,2016-03-15T20:00:00Z,2016-03-15T21:00:00+01:00,1,01:00:00,1,24:00:00,100.0,2400.0,2016-03-14T20:00:00Z,2016-03-14T21:00:00+01:00,2016-03-15T20:00:00Z,2016-03-15T21:00:00+01:00
37.2727272727273,,,False,2,pm25,µg/m³,,raw,01:00:00,2016-03-15T20:00:00Z,2016-03-15T21:00:00+01:00,2016-03-15T21:00:00Z,2016-03-15T22:00:00+01:00,1,01:00:00,1,24:00:00,100.0,2400.0,2016-03-14T21:00:00Z,2016-03-14T22:00:00+01:00,2016-03-15T21:00:00Z,2016-03-15T22:00:00+01:00
37.4545454545455,,,False,2,pm25,µg/m³,,raw,01:00:00,2016-03-15T21:00:00Z,2016-03-15T22:00:00+01:00,2016-03-15T22:00:00Z,2016-03-15T23:00:00+01:00,1,01:00:00,1,24:00:00,100.0,2400.0,2016-03-14T22:00:00Z,2016-03-14T23:00:00+01:00,2016-03-15T22:00:00Z,2016-03-15T23:00:00+01:00
37.8636363636364,,,False,2,pm25,µg/m³,,raw,01:00:00,2016-03-15T22:00:00Z,2016-03-15T23:00:00+01:00,2016-03-15T23:00:00Z,2016-03-16T00:00:00+01:00,1,01:00:00,1,24:00:00,100.0,2400.0,2016-03-14T23:00:00Z,2016-03-15T00:00:00+01:00,2016-03-15T23:00:00Z,2016-03-16T00:00:00+01:00
37.9545454545455,,,False,2,pm25,µg/m³,,raw,01:00:00,2016-03-15T23:00:00Z,2016-03-16T00:00:00+01:00,2016-03-16T00:00:00Z,2016-03-16T01:00:00+01:00,1,01:00:00,1,24:00:00,100.0,2400.0,2016-03-15T00:00:00Z,2016-03-15T01:00:00+01:00,2016-03-16T00:00:00Z,2016-03-16T01:00:00+01:00
38.3333333333333,,,False,2,pm25,µg/m³,,raw,01:00:00,2016-03-16T00:00:00Z,2016-03-16T01:00:00+01:00,2016-03-16T01:00:00Z,2016-03-16T02:00:00+01:00,1,01:00:00,1,24:00:00,100.0,2400.0,2016-03-15T01:00:00Z,2016-03-15T02:00:00+01:00,2016-03-16T01:00:00Z,2016-03-16T02:00:00+01:00
39.05,,,False,2,pm25,µg/m³,,raw,01:00:00,2016-03-16T01:00:00Z,2016-03-16T02:00:00+01:00,2016-03-16T02:00:00Z,2016-03-16T03:00:00+01:00,1,01:00:00,1,24:00:00,100.0,2400.0,2016-03-15T02:00:00Z,2016-03-15T03:00:00+01:00,2016-03-16T02:00:00Z,2016-03-16T03:00:00+01:00
37.1363636363636,,,False,2,pm25,µg/m³,,raw,01:00:00,2016-03-16T02:00:00Z,2016-03-16T03:00:00+01:00,2016-03-16T03:00:00Z,2016-03-16T04:00:00+01:00,1,01:00:00,1,24:00:00,100.0,2400.0,2016-03-15T03:00:00Z,2016-03-15T04:00:00+01:00,2016-03-16T03:00:00Z,2016-03-16T04:00:00+01:00
37.0,,,False,2,pm25,µg/m³,,raw,01:00:00,2016-03-16T03:00:00Z,2016-03-16T04:00:00+01:00,2016-03-16T04:00:00Z,2016-03-16T05:00:00+01:00,1,01:00:00,1,24:00:00,100.0,2400.0,2016-03-15T04:00:00Z,2016-03-15T05:00:00+01:00,2016-03-16T04:00:00Z,2016-03-16T05:00:00+01:00
36.6363636363636,,,False,2,pm25,µg/m³,,raw,01:00:00,2016-03-16T04:00:00Z,2016-03-16T05:00:00+01:00,2016-03-16T05:00:00Z,2016-03-16T06:00:00+01:00,1,01:00:00,1,24:00:00,100.0,2400.0,2016-03-15T05:00:00Z,2016-03-15T06:00:00+01:00,2016-03-16T05:00:00Z,2016-03-16T06:00:00+01:00
36.0909090909091,,,False,2,pm25,µg/m³,,raw,01:00:00,2016-03-16T05:00:00Z,2016-03-16T06:00:00+01:00,2016-03-16T06:00:00Z,2016-03-16T07:00:00+01:00,1,01:00:00,1,24:00:00,100.0,2400.0,2016-03-15T06:00:00Z,2016-03-15T07:00:00+01:00,2016-03-16T06:00:00Z,2016-03-16T07:00:00+01:00
35.5909090909091,,,False,2,pm25,µg/m³,,raw,01:00:00,2016-03-16T06:00:00Z,2016-03-16T07:00:00+01:00,2016-03-16T07:00:00Z,2016-03-16T08:00:00+01:00,1,01:00:00,1,24:00:00,100.0,2400.0,2016-03-15T07:00:00Z,2016-03-15T08:00:00+01:00,2016-03-16T07:00:00Z,2016-03-16T08:00:00+01:00
34.2272727272727,,,False,2,pm25,µg/m³,,raw,01:00:00,2016-03-16T07:00:00Z,2016-03-16T08:00:00+01:00,2016-03-16T08:00:00Z,2016-03-16T09:00:00+01:00,1,01:00:00,1,24:00:00,100.0,2400.0,2016-03-15T08:00:00Z,2016-03-15T09:00:00+01:00,2016-03-16T08:00:00Z,2016-03-16T09:00:00+01:00
33.4285714285714,,,False,2,pm25,µg/m³,,raw,01:00:00,2016-03-16T08:00:00Z,2016-03-16T09:00:00+01:00,2016-03-16T09:00:00Z,2016-03-16T10:00:00+01:00,1,01:00:00,1,24:00:00,100.0,2400.0,2016-03-15T09:00:00Z,2016-03-15T10:00:00+01:00,2016-03-16T09:00:00Z,2016-03-16T10:00:00+01:00
31.2727272727273,,,False,2,pm25,µg/m³,,raw,01:00:00,2016-03-16T09:00:00Z,2016-03-16T10:00:00+01:00,2016-03-16T10:00:00Z,2016-03-16T11:00:00+01:00,1,01:00:00,1,24:00:00,100.0,2400.0,2016-03-15T10:00:00Z,2016-03-15T11:00:00+01:00,2016-03-16T10:00:00Z,2016-03-16T11:00:00+01:00
29.5,,,False,2,pm25,µg/m³,,raw,01:00:00,2016-03-16T10:00:00Z,2016-03-16T11:00:00+01:00,2016-03-16T11:00:00Z,2016-03-16T12:00:00+01:00,1,01:00:00,1,24:00:00,100.0,2400.0,2016-03-15T11:00:00Z,2016-03-15T12:00:00+01:00,2016-03-16T11:00:00Z,2016-03-16T12:00:00+01:00
28.4545454545455,,,False,2,pm25,µg/m³,,raw,01:00:00,2016-03-16T11:00:00Z,2016-03-16T12:00:00+01:00,2016-03-16T12:00:00Z,2016-03-16T13:00:00+01:00,1,01:00:00,1,24:00:00,100.0,2400.0,2016-03-15T12:00:00Z,2016-03-15T13:00:00+01:00,2016-03-16T12:00:00Z,2016-03-16T13:00:00+01:00
28.1363636363636,,,False,2,pm25,µg/m³,,raw,01:00:00,2016-03-16T12:00:00Z,2016-03-16T13:00:00+01:00,2016-03-16T13:00:00Z,2016-03-16T14:00:00+01:00,1,01:00:00,1,24:00:00,100.0,2400.0,2016-03-15T13:00:00Z,2016-03-15T14:00:00+01:00,2016-03-16T13:00:00Z,2016-03-16T14:00:00+01:00
28.3333333333333,,,False,2,pm25,µg/m³,,raw,01:00:00,2016-03-16T13:00:00Z,2016-03-16T14:00:00+01:00,2016-03-16T14:00:00Z,2016-03-16T15:00:00+01:00,1,01:00:00,1,24:00:00,100.0,2400.0,2016-03-15T14:00:00Z,2016-03-15T15:00:00+01:00,2016-03-16T14:00:00Z,2016-03-16T15:00:00+01:00
27.7272727272727,,,False,2,pm25,µg/m³,,raw,01:00:00,2016-03-16T14:00:00Z,2016-03-16T15:00:00+01:00,2016-03-16T15:00:00Z,2016-03-16T16:00:00+01:00,1,01:00:00,1,24:00:00,100.0,2400.0,2016-03-15T15:00:00Z,2016-03-15T16:00:00+01:00,2016-03-16T15:00:00Z,2016-03-16T16:00:00+01:00
27.1428571428571,,,False,2,pm25,µg/m³,,raw,01:00:00,2016-03-16T15:00:00Z,2016-03-16T16:00:00+01:00,2016-03-16T16:00:00Z,2016-03-16T17:00:00+01:00,1,01:00:00,1,24:00:00,100.0,2400.0,2016-03-15T16:00:00Z,2016-03-15T17:00:00+01:00,2016-03-16T16:00:00Z,2016-03-16T17:00:00+01:00
25.9545454545455,,,False,2,pm25,µg/m³,,raw,01:00:00,2016-03-16T16:00:00Z,2016-03-16T17:00:00+01:00,2016-03-16T17:00:00Z,2016-03-16T18:00:00+01:00,1,01:00:00,1,24:00:00,100.0,2400.0,2016-03-15T17:00:00Z,2016-03-15T18:00:00+01:00,2016-03-16T17:00:00Z,2016-03-16T18:00:00+01:00
25.0,,,False,2,pm25,µg/m³,,raw,01:00:00,2016-03-16T17:00:00Z,2016-03-16T18:00:00+01:00,2016-03-16T18:00:00Z,2016-03-16T19:00:00+01:00,1,01:00:00,1,24:00:00,100.0,2400.0,2016-03-15T18:00:00Z,2016-03-15T19:00:00+01:00,2016-03-16T18:00:00Z,2016-03-16T19:00:00+01:00
24.2380952380952,,,False,2,pm25,µg/m³,,raw,01:00:00,2016-03-16T18:00:00Z,2016-03-16T19:00:00+01:00,2016-03-16T19:00:00Z,2016-03-16T20:00:00+01:00,1,01:00:00,1,24:00:00,100.0,2400.0,2016-03-15T19:00:00Z,2016-03-15T20:00:00+01:00,2016-03-16T19:00:00Z,2016-03-16T20:00:00+01:00
24.6818181818182,,,False,2,pm25,µg/m³,,raw,01:00:00,2016-03-16T19:00:00Z,2016-03-16T20:00:00+01:00,2016-03-16T20:00:00Z,2016-03-16T21:00:00+01:00,1,01:00:00,1,24:00:00,100.0,2400.0,2016-03-15T20:00:00Z,2016-03-15T21:00:00+01:00,2016-03-16T20:00:00Z,2016-03-16T21:00:00+01:00
24.8181818181818,,,False,2,pm25,µg/m³,,raw,01:00:00,2016-03-16T20:00:00Z,2016-03-16T21:00:00+01:00,2016-03-16T21:00:00Z,2016-03-16T22:00:00+01:00,1,01:00:00,1,24:00:00,100.0,2400.0,2016-03-15T21:00:00Z,2016-03-15T22:00:00+01:00,2016-03-16T21:00:00Z,2016-03-16T22:00:00+01:00
25.1818181818182,,,False,2,pm25,µg/m³,,raw,01:00:00,2016-03-16T21:00:00Z,2016-03-16T22:00:00+01:00,2016-03-16T22:00:00Z,2016-03-16T23:00:00+01:00,1,01:00:00,1,24:00:00,100.0,2400.0,2016-03-15T22:00:00Z,2016-03-15T23:00:00+01:00,2016-03-16T22:00:00Z,2016-03-16T23:00:00+01:00
25.7272727272727,,,False,2,pm25,µg/m³,,raw,01:00:00,2016-03-16T22:00:00Z,2016-03-16T23:00:00+01:00,2016-03-16T23:00:00Z,2016-03-17T00:00:00+01:00,1,01:00:00,1,24:00:00,100.0,2400.0,2016-03-15T23:00:00Z,2016-03-16T00:00:00+01:00,2016-03-16T23:00:00Z,2016-03-17T00:00:00+01:00
26.0454545454545,,,False,2,pm25,µg/m³,,raw,01:00:00,2016-03-16T23:00:00Z,2016-03-17T00:00:00+01:00,2016-03-17T00:00:00Z,2016-03-17T01:00:00+01:00,1,01:00:00,1,24:00:00,100.0,2400.0,2016-03-16T00:00:00Z,2016-03-16T01:00:00+01:00,2016-03-17T00:00:00Z,2016-03-17T01:00:00+01:00
26.047619047619,,,False,2,pm25,µg/m³,,raw,01:00:00,2016-03-17T00:00:00Z,2016-03-17T01:00:00+01:00,2016-03-17T01:00:00Z,2016-03-17T02:00:00+01:00,1,01:00:00,1,24:00:00,100.0,2400.0,2016-03-16T01:00:00Z,2016-03-16T02:00:00+01:00,2016-03-17T01:00:00Z,2016-03-17T02:00:00+01:00
25.9,,,False,2,pm25,µg/m³,,raw,01:00:00,2016-03-17T01:00:00Z,2016-03-17T02:00:00+01:00,2016-03-17T02:00:00Z,2016-03-17T03:00:00+01:00,1,01:00:00,1,24:00:00,100.0,2400.0,2016-03-16T02:00:00Z,2016-03-16T03:00:00+01:00,2016-03-17T02:00:00Z,2016-03-17T03:00:00+01:00
26.7272727272727,,,False,2,pm25,µg/m³,,raw,01:00:00,2016-03-17T02:00:00Z,2016-03-17T03:00:00+01:00,2016-03-17T03:00:00Z,2016-03-17T04:00:00+01:00,1,01:00:00,1,24:00:00,100.0,2400.0,2016-03-16T03:00:00Z,2016-03-16T04:00:00+01:00,2016-03-17T03:00:00Z,2016-03-17T04:00:00+01:00
26.8636363636364,,,False,2,pm25,µg/m³,,raw,01:00:00,2016-03-17T03:00:00Z,2016-03-17T04:00:00+01:00,2016-03-17T04:00:00Z,2016-03-17T05:00:00+01:00,1,01:00:00,1,24:00:00,100.0,2400.0,2016-03-16T04:00:00Z,2016-03-16T05:00:00+01:00,2016-03-17T04:00:00Z,2016-03-17T05:00:00+01:00
27.3636363636364,,,False,2,pm25,µg/m³,,raw,01:00:00,2016-03-17T04:00:00Z,2016-03-17T05:00:00+01:00,2016-03-17T05:00:00Z,2016-03-17T06:00:00+01:00,1,01:00:00,1,24:00:00,100.0,2400.0,2016-03-16T05:00:00Z,2016-03-16T06:00:00+01:00,2016-03-17T05:00:00Z,2016-03-17T06:00:00+01:00
27.8636363636364,,,False,2,pm25,µg/m³,,raw,01:00:00,2016-03-17T05:00:00Z,2016-03-17T06:00:00+01:00,2016-03-17T06:00:00Z,2016-03-17T07:00:00+01:00,1,01:00:00,1,24:00:00,100.0,2400.0,2016-03-16T06:00:00Z,2016-03-16T07:00:00+01:00,2016-03-17T06:00:00Z,2016-03-17T07:00:00+01:00
28.4545454545455,,,False,2,pm25,µg/m³,,raw,01:00:00,2016-03-17T06:00:00Z,2016-03-17T07:00:00+01:00,2016-03-17T07:00:00Z,2016-03-17T08:00:00+01:00,1,01:00:00,1,24:00:00,100.0,2400.0,2016-03-16T07:00:00Z,2016-03-16T08:00:00+01:00,2016-03-17T07:00:00Z,2016-03-17T08:00:00+01:00
29.2727272727273,,,False,2,pm25,µg/m³,,raw,01:00:00,2016-03-17T07:00:00Z,2016-03-17T08:00:00+01:00,2016-03-17T08:00:00Z,2016-03-17T09:00:00+01:00,1,01:00:00,1,24:00:00,100.0,2400.0,2016-03-16T08:00:00Z,2016-03-16T09:00:00+01:00,2016-03-17T08:00:00Z,2016-03-17T09:00:00+01:00
30.9565217391304,,,False,2,pm25,µg/m³,,raw,01:00:00,2016-03-17T08:00:00Z,2016-03-17T09:00:00+01:00,2016-03-17T09:00:00Z,2016-03-17T10:00:00+01:00,1,01:00:00,1,24:00:00,100.0,2400.0,2016-03-16T09:00:00Z,2016-03-16T10:00:00+01:00,2016-03-17T09:00:00Z,2016-03-17T10:00:00+01:00
31.1818181818182,,,False,2,pm25,µg/m³,,raw,01:00:00,2016-03-17T09:00:00Z,2016-03-17T10:00:00+01:00,2016-03-17T10:00:00Z,2016-03-17T11:00:00+01:00,1,01:00:00,1,24:00:00,100.0,2400.0,2016-03-16T10:00:00Z,2016-03-16T11:00:00+01:00,2016-03-17T10:00:00Z,2016-03-17T11:00:00+01:00
31.9090909090909,,,False,2,pm25,µg/m³,,raw,01:00:00,2016-03-17T10:00:00Z,2016-03-17T11:00:00+01:00,2016-03-17T11:00:00Z,2016-03-17T12:00:00+01:00,1,01:00:00,1,24:00:00,100.0,2400.0,2016-03-16T11:00:00Z,2016-03-16T12:00:00+01:00,2016-03-17T11:00:00Z,2016-03-17T12:00:00+01:00
32.0454545454545,,,False,2,pm25,µg/m³,,raw,01:00:00,2016-03-17T11:00:00Z,2016-03-17T12:00:00+01:00,2016-03-17T12:00:00Z,2016-03-17T13:00:00+01:00,1,01:00:00,1,24:00:00,100.0,2400.0,2016-03-16T12:00:00Z,2016-03-16T13:00:00+01:00,2016-03-17T12:00:00Z,2016-03-17T13:00:00+01:00
32.1363636363636,,,False,2,pm25,µg/m³,,raw,01:00:00,2016-03-17T12:00:00Z,2016-03-17T13:00:00+01:00,2016-03-17T13:00:00Z,2016-03-17T14:00:00+01:00,1,01:00:00,1,24:00:00,100.0,2400.0,2016-03-16T13:00:00Z,2016-03-16T14:00:00+01:00,2016-03-17T13:00:00Z,2016-03-17T14:00:00+01:00
32.1818181818182,,,False,2,pm25,µg/m³,,raw,01:00:00,2016-03-17T13:00:00Z,2016-03-17T14:00:00+01:00,2016-03-17T14:00:00Z,2016-03-17T15:00:00+01:00,1,01:00:00,1,24:00:00,100.0,2400.0,2016-03-16T14:00:00Z,2016-03-16T15:00:00+01:00,2016-03-17T14:00:00Z,2016-03-17T15:00:00+01:00
31.8181818181818,,,False,2,pm25,µg/m³,,raw,01:00:00,2016-03-17T14:00:00Z,2016-03-17T15:00:00+01:00,2016-03-17T15:00:00Z,2016-03-17T16:00:00+01:00,1,01:00:00,1,24:00:00,100.0,2400.0,2016-03-16T15:00:00Z,2016-03-16T16:00:00+01:00,2016-03-17T15:00:00Z,2016-03-17T16:00:00+01:00
31.6818181818182,,,False,2,pm25,µg/m³,,raw,01:00:00,2016-03-17T15:00:00Z,2016-03-17T16:00:00+01:00,2016-03-17T16:00:00Z,2016-03-17T17:00:00+01:00,1,01:00:00,1,24:00:00,100.0,2400.0,2016-03-16T16:00:00Z,2016-03-16T17:00:00+01:00,2016-03-17T16:00:00Z,2016-03-17T17:00:00+01:00
31.4090909090909,,,False,2,pm25,µg/m³,,raw,01:00:00,2016-03-17T16:00:00Z,2016-03-17T17:00:00+01:00,2016-03-17T17:00:00Z,2016-03-17T18:00:00+01:00,1,01:00:00,1,24:00:00,100.0,2400.0,2016-03-16T17:00:00Z,2016-03-16T18:00:00+01:00,2016-03-17T17:00:00Z,2016-03-17T18:00:00+01:00
31.3181818181818,,,False,2,pm25,µg/m³,,raw,01:00:00,2016-03-17T17:00:00Z,2016-03-17T18:00:00+01:00,2016-03-17T18:00:00Z,2016-03-17T19:00:00+01:00,1,01:00:00,1,24:00:00,100.0,2400.0,2016-03-16T18:00:00Z,2016-03-16T19:00:00+01:00,2016-03-17T18:00:00Z,2016-03-17T19:00:00+01:00
31.3181818181818,,,False,2,pm25,µg/m³,,raw,01:00:00,2016-03-17T18:00:00Z,2016-03-17T19:00:00+01:00,2016-03-17T19:00:00Z,2016-03-17T20:00:00+01:00,1,01:00:00,1,24:00:00,100.0,2400.0,2016-03-16T19:00:00Z,2016-03-16T20:00:00+01:00,2016-03-17T19:00:00Z,2016-03-17T20:00:00+01:00
31.3181818181818,,,False,2,pm25,µg/m³,,raw,01:00:00,2016-03-17T19:00:00Z,2016-03-17T20:00:00+01:00,2016-03-17T20:00:00Z,2016-03-17T21:00:00+01:00,1,01:00:00,1,24:00:00,100.0,2400.0,2016-03-16T20:00:00Z,2016-03-16T21:00:00+01:00,2016-03-17T20:00:00Z,2016-03-17T21:00:00+01:00
31.7727272727273,,,False,2,pm25,µg/m³,,raw,01:00:00,2016-03-17T20:00:00Z,2016-03-17T21:00:00+01:00,2016-03-17T21:00:00Z,2016-03-17T22:00:00+01:00,1,01:00:00,1,24:00:00,100.0,2400.0,2016-03-16T21:00:00Z,2016-03-16T22:00:00+01:00,2016-03-17T21:00:00Z,2016-03-17T22:00:00+01:00
32.2727272727273,,,False,2,pm25,µg/m³,,raw,01:00:00,2016-03-17T21:00:00Z,2016-03-17T22:00:00+01:00,2016-03-17T22:00:00Z,2016-03-17T23:00:00+01:00,1,01:00:00,1,24:00:00,100.0,2400.0,2016-03-16T22:00:00Z,2016-03-16T23:00:00+01:00,2016-03-17T22:00:00Z,2016-03-17T23:00:00+01:00
32.5909090909091,,,False,2,pm25,µg/m³,,raw,01:00:00,2016-03-17T22:00:00Z,2016-03-17T23:00:00+01:00,2016-03-17T23:00:00Z,2016-03-18T00:00:00+01:00,1,01:00:00,1,24:00:00,100.0,2400.0,2016-03-16T23:00:00Z,2016-03-17T00:00:00+01:00,2016-03-17T23:00:00Z,2016-03-18T00:00:00+01:00
33.1818181818182,,,False,2,pm25,µg/m³,,raw,01:00:00,2016-03-17T23:00:00Z,2016-03-18T00:00:00+01:00,2016-03-18T00:00:00Z,2016-03-18T01:00:00+01:00,1,01:00:00,1,24:00:00,100.0,2400.0,2016-03-17T00:00:00Z,2016-03-17T01:00:00+01:00,2016-03-18T00:00:00Z,2016-03-18T01:00:00+01:00
33.4285714285714,,,False,2,pm25,µg/m³,,raw,01:00:00,2016-03-18T00:00:00Z,2016-03-18T01:00:00+01:00,2016-03-18T01:00:00Z,2016-03-18T02:00:00+01:00,1,01:00:00,1,24:00:00,100.0,2400.0,2016-03-17T01:00:00Z,2016-03-17T02:00:00+01:00,2016-03-18T01:00:00Z,2016-03-18T02:00:00+01:00
34.1904761904762,,,False,2,pm25,µg/m³,,raw,01:00:00,2016-03-18T01:00:00Z,2016-03-18T02:00:00+01:00,2016-03-18T02:00:00Z,2016-03-18T03:00:00+01:00,1,01:00:00,1,24:00:00,100.0,2400.0,2016-03-17T02:00:00Z,2016-03-17T03:00:00+01:00,2016-03-18T02:00:00Z,2016-03-18T03:00:00+01:00
34.7272727272727,,,False,2,pm25,µg/m³,,raw,01:00:00,2016-03-18T02:00:00Z,2016-03-18T03:00:00+01:00,2016-03-18T03:00:00Z,2016-03-18T04:00:00+01:00,1,01:00:00,1,24:00:00,100.0,2400.0,2016-03-17T03:00:00Z,2016-03-17T04:00:00+01:00,2016-03-18T03:00:00Z,2016-03-18T04:00:00+01:00
35.3181818181818,,,False,2,pm25,µg/m³,,raw,01:00:00,2016-03-18T03:00:00Z,2016-03-18T04:00:00+01:00,2016-03-18T04:00:00Z,2016-03-18T05:00:00+01:00,1,01:00:00,1,24:00:00,100.0,2400.0,2016-03-17T04:00:00Z,2016-03-17T05:00:00+01:00,2016-03-18T04:00:00Z,2016-03-18T05:00:00+01:00
35.8636363636364,,,False,2,pm25,µg/m³,,raw,01:00:00,2016-03-18T04:00:00Z,2016-03-18T05:00:00+01:00,2016-03-18T05:00:00Z,2016-03-18T06:00:00+01:00,1,01:00:00,1,24:00:00,100.0,2400.0,2016-03-17T05:00:00Z,2016-03-17T06:00:00+01:00,2016-03-18T05:00:00Z,2016-03-18T06:00:00+01:00
36.3636363636364,,,False,2,pm25,µg/m³,,raw,01:00:00,2016-03-18T05:00:00Z,2016-03-18T06:00:00+01:00,2016-03-18T06:00:00Z,2016-03-18T07:00:00+01:00,1,01:00:00,1,24:00:00,100.0,2400.0,2016-03-17T06:00:00Z,2016-03-17T07:00:00+01:00,2016-03-18T06:00:00Z,2016-03-18T07:00:00+01:00
36.3181818181818,,,False,2,pm25,µg/m³,,raw,01:00:00,2016-03-18T06:00:00Z,2016-03-18T07:00:00+01:00,2016-03-18T07:00:00Z,2016-03-18T08:00:00+01:00,1,01:00:00,1,24:00:00,100.0,2400.0,2016-03-17T07:00:00Z,2016-03-17T08:00:00+01:00,2016-03-18T07:00:00Z,2016-03-18T08:00:00+01:00
36.6363636363636,,,False,2,pm25,µg/m³,,raw,01:00:00,2016-03-18T07:00:00Z,2016-03-18T08:00:00+01:00,2016-03-18T08:00:00Z,2016-03-18T09:00:00+01:00,1,01:00:00,1,24:00:00,100.0,2400.0,2016-03-17T08:00:00Z,2016-03-17T09:00:00+01:00,2016-03-18T08:00:00Z,2016-03-18T09:00:00+01:00
37.0454545454545,,,False,2,pm25,µg/m³,,raw,01:00:00,2016-03-18T08:00:00Z,2016-03-18T09:00:00+01:00,2016-03-18T09:00:00Z,2016-03-18T10:00:00+01:00,1,01:00:00,1,24:00:00,100.0,2400.0,2016-03-17T09:00:00Z,2016-03-17T10:00:00+01:00,2016-03-18T09:00:00Z,2016-03-18T10:00:00+01:00
37.5909090909091,,,False,2,pm25,µg/m³,,raw,01:00:00,2016-03-18T09:00:00Z,2016-03-18T10:00:00+01:00,2016-03-18T10:00:00Z,2016-03-18T11:00:00+01:00,1,01:00:00,1,24:00:00,100.0,2400.0,2016-03-17T10:00:00Z,2016-03-17T11:00:00+01:00,2016-03-18T10:00:00Z,2016-03-18T11:00:00+01:00
38.0,,,False,2,pm25,µg/m³,,raw,01:00:00,2016-03-18T10:00:00Z,2016-03-18T11:00:00+01:00,2016-03-18T11:00:00Z,2016-03-18T12:00:00+01:00,1,01:00:00,1,24:00:00,100.0,2400.0,2016-03-17T11:00:00Z,2016-03-17T12:00:00+01:00,2016-03-18T11:00:00Z,2016-03-18T12:00:00+01:00
38.65,,,False,2,pm25,µg/m³,,raw,01:00:00,2016-03-18T11:00:00Z,2016-03-18T12:00:00+01:00,2016-03-18T12:00:00Z,2016-03-18T13:00:00+01:00,1,01:00:00,1,24:00:00,100.0,2400.0,2016-03-17T12:00:00Z,2016-03-17T13:00:00+01:00,2016-03-18T12:00:00Z,2016-03-18T13:00:00+01:00
39.4090909090909,,,False,2,pm25,µg/m³,,raw,01:00:00,2016-03-18T12:00:00Z,2016-03-18T13:00:00+01:00,2016-03-18T13:00:00Z,2016-03-18T14:00:00+01:00,1,01:00:00,1,24:00:00,100.0,2400.0,2016-03-17T13:00:00Z,2016-03-17T14:00:00+01:00,2016-03-18T13:00:00Z,2016-03-18T14:00:00+01:00
40.6818181818182,,,False,2,pm25,µg/m³,,raw,01:00:00,2016-03-18T13:00:00Z,2016-03-18T14:00:00+01:00,2016-03-18T14:00:00Z,2016-03-18T15:00:00+01:00,1,01:00:00,1,24:00:00,100.0,2400.0,2016-03-17T14:00:00Z,2016-03-17T15:00:00+01:00,2016-03-18T14:00:00Z,2016-03-18T15:00:00+01:00
40.9545454545455,,,False,2,pm25,µg/m³,,raw,01:00:00,2016-03-18T14:00:00Z,2016-03-18T15:00:00+01:00,2016-03-18T15:00:00Z,2016-03-18T16:00:00+01:00,1,01:00:00,1,24:00:00,100.0,2400.0,2016-03-17T15:00:00Z,2016-03-17T16:00:00+01:00,2016-03-18T15:00:00Z,2016-03-18T16:00:00+01:00
