value,coordinates,summary,flagInfo.hasFlags,parameter.id,parameter.name,parameter.units,parameter.displayName,period.label,period.interval,period.datetimeFrom.utc,period.datetimeFrom.local,period.datetimeTo.utc,period.datetimeTo.local,coverage.expectedCount,coverage.expectedInterval,coverage.observedCount,coverage.observedInterval,coverage.percentComplete,coverage.percentCoverage,coverage.datetimeFrom.utc,coverage.datetimeFrom.local,coverage.datetimeTo.utc,coverage.datetimeTo.local
11.3,,,False,5,no2,µg/m³,,raw,01:00:00,2016-11-02T17:30:00Z,2016-11-02T23:00:00+05:30,2016-11-02T18:30:00Z,2016-11-03T00:00:00+05:30,1,01:00:00,1,00:15:00,100.0,0.0,2016-11-02T18:15:00Z,2016-11-02T23:45:00+05:30,2016-11-02T18:30:00Z,2016-11-03T00:00:00+05:30
8.6,,,False,5,no2,µg/m³,,raw,01:00:00,2016-11-03T10:45:00Z,2016-11-03T16:15:00+05:30,2016-11-03T11:45:00Z,2016-11-03T17:15:00+05:30,1,01:00:00,1,00:15:00,100.0,0.0,2016-11-03T11:30:00Z,2016-11-03T17:00:00+05:30,2016-11-03T11:45:00Z,2016-11-03T17:15:00+05:30
8.6,,,False,5,no2,µg/m³,,raw,01:00:00,2016-11-03T11:00:00Z,2016-11-03T16:30:00+05:30,2016-11-03T12:00:00Z,2016-11-03T17:30:00+05:30,1,01:00:00,1,00:15:00,100.0,0.0,2016-11-03T11:45:00Z,2016-11-03T17:15:00+05:30,2016-11-03T12:00:00Z,2016-11-03T17:30:00+05:30
9.3,,,False,5,no2,µg/m³,,raw,01:00:00,2016-11-03T11:15:00Z,2016-11-03T16:45:00+05:30,2016-11-03T12:15:00Z,2016-11-03T17:45:00+05:30,1,01:00:00,1,00:15:00,100.0,0.0,2016-11-03T12:00:00Z,2016-11-03T17:30:00+05:30,2016-11-03T12:15:00Z,2016-11-03T17:45:00+05:30
10.6,,,False,5,no2,µg/m³,,raw,01:00:00,2016-11-03T11:30:00Z,2016-11-03T17:00:00+05:30,2016-11-03T12:30:00Z,2016-11-03T18:00:00+05:30,1,01:00:00,1,00:15:00,100.0,0.0,2016-11-03T12:15:00Z,2016-11-03T17:45:00+05:30,2016-11-03T12:30:00Z,2016-11-03T18:00:00+05:30
8.6,,,False,5,no2,µg/m³,,raw,01:00:00,2016-11-03T11:45:00Z,2016-11-03T17:15:00+05:30,2016-11-03T12:45:00Z,2016-11-03T18:15:00+05:30,1,01:00:00,1,00:15:00,100.0,0.0,2016-11-03T12:30:00Z,2016-11-03T18:00:00+05:30,2016-11-03T12:45:00Z,2016-11-03T18:15:00+05:30
8.0,,,False,5,no2,µg/m³,,raw,01:00:00,2016-11-03T12:00:00Z,2016-11-03T17:30:00+05:30,2016-11-03T13:00:00Z,2016-11-03T18:30:00+05:30,1,01:00:00,1,00:15:00,100.0,0.0,2016-11-03T12:45:00Z,2016-11-03T18:15:00+05:30,2016-11-03T13:00:00Z,2016-11-03T18:30:00+05:30
8.5,,,False,5,no2,µg/m³,,raw,01:00:00,2016-11-03T12:15:00Z,2016-11-03T17:45:00+05:30,2016-11-03T13:15:00Z,2016-11-03T18:45:00+05:30,1,01:00:00,1,00:15:00,100.0,0.0,2016-11-03T13:00:00Z,2016-11-03T18:30:00+05:30,2016-11-03T13:15:00Z,2016-11-03T18:45:00+05:30
8.7,,,False,5,no2,µg/m³,,raw,01:00:00,2016-11-03T12:30:00Z,2016-11-03T18:00:00+05:30,2016-11-03T13:30:00Z,2016-11-03T19:00:00+05:30,1,01:00:00,1,00:15:00,100.0,0.0,2016-11-03T13:15:00Z,2016-11-03T18:45:00+05:30,2016-11-03T13:30:00Z,2016-11-03T19:00:00+05:30
7.5,,,False,5,no2,µg/m³,,raw,01:00:00,2016-11-03T12:45:00Z,2016-11-03T18:15:00+05:30,2016-11-03T13:45:00Z,2016-11-03T19:15:00+05:30,1,01:00:00,1,00:15:00,100.0,0.0,2016-11-03T13:30:00Z,2016-11-03T19:00:00+05:30,2016-11-03T13:45:00Z,2016-11-03T19:15:00+05:30
5.7,,,False,5,no2,µg/m³,,raw,01:00:00,2016-11-03T13:00:00Z,2016-11-03T18:30:00+05:30,2016-11-03T14:00:00Z,2016-11-03T19:30:00+05:30,1,01:00:00,1,00:15:00,100.0,0.0,2016-11-03T13:45:00Z,2016-11-03T19:15:00+05:30,2016-11-03T14:00:00Z,2016-11-03T19:30:00+05:30
6.2,,,False,5,no2,µg/m³,,raw,01:00:00,2016-11-03T13:15:00Z,2016-11-03T18:45:00+05:30,2016-11-03T14:15:00Z,2016-11-03T19:45:00+05:30,1,01:00:00,1,00:15:00,100.0,0.0,2016-11-03T14:00:00Z,2016-11-03T19:30:00+05:30,2016-11-03T14:15:00Z,2016-11-03T19:45:00+05:30
7.8,,,False,5,no2,µg/m³,,raw,01:00:00,2016-11-03T13:30:00Z,2016-11-03T19:00:00+05:30,2016-11-03T14:30:00Z,2016-11-03T20:00:00+05:30,1,01:00:00,1,00:15:00,100.0,0.0,2016-11-03T14:15:00Z,2016-11-03T19:45:00+05:30,2016-11-03T14:30:00Z,2016-11-03T20:00:00+05:30
8.6,,,False,5,no2,µg/m³,,raw,01:00:00,2016-11-03T13:45:00Z,2016-11-03T19:15:00+05:30,2016-11-03T14:45:00Z,2016-11-03T20:15:00+05:30,1,01:00:00,1,00:15:00,100.0,0.0,2016-11-03T14:30:00Z,2016-11-03T20:00:00+05:30,2016-11-03T14:45:00Z,2016-11-03T20:15:00+05:30
9.0,,,False,5,no2,µg/m³,,raw,01:00:00,2016-11-03T14:00:00Z,2016-11-03T19:30:00+05:30,2016-11-03T15:00:00Z,2016-11-03T20:30:00+05:30,1,01:00:00,1,00:15:00,100.0,0.0,2016-11-03T14:45:00Z,2016-11-03T20:15:00+05:30,2016-11-03T15:00:00Z,2016-11-03T20:30:00+05:30
8.8,,,False,5,no2,µg/m³,,raw,01:00:00,2016-11-03T14:15:00Z,2016-11-03T19:45:00+05:30,2016-11-03T15:15:00Z,2016-11-03T20:45:00+05:30,1,01:00:00,1,00:15:00,100.0,0.0,2016-11-03T15:00:00Z,2016-11-03T20:30:00+05:30,2016-11-03T15:15:00Z,2016-11-03T20:45:00+05:30
9.4,,,False,5,no2,µg/m³,,raw,01:00:00,2016-11-03T14:30:00Z,2016-11-03T20:00:00+05:30,2016-11-03T15:30:00Z,2016-11-03T21:00:00+05:30,1,01:00:00,1,00:15:00,100.0,0.0,2016-11-03T15:15:00Z,2016-11-03T20:45:00+05:30,2016-11-03T15:30:00Z,2016-11-03T21:00:00+05:30
10.2,,,False,5,no2,µg/m³,,raw,01:00:00,2016-11-03T14:45:00Z,2016-11-03T20:15:00+05:30,2016-11-03T15:45:00Z,2016-11-03T21:15:00+05:30,1,01:00:00,1,00:15:00,100.0,0.0,2016-11-03T15:30:00Z,2016-11-03T21:00:00+05:30,2016-11-03T15:45:00Z,2016-11-03T21:15:00+05:30
8.1,,,False,5,no2,µg/m³,,raw,01:00:00,2016-11-03T15:00:00Z,2016-11-03T20:30:00+05:30,2016-11-03T16:00:00Z,2016-11-03T21:30:00+05:30,1,01:00:00,1,00:15:00,100.0,0.0,2016-11-03T15:45:00Z,2016-11-03T21:15:00+05:30,2016-11-03T16:00:00Z,2016-11-03T21:30:00+05:30
9.7,,,False,5,no2,µg/m³,,raw,01:00:00,2016-11-03T15:15:00Z,2016-11-03T20:45:00+05:30,2016-11-03T16:15:00Z,2016-11-03T21:45:00+05:30,1,01:00:00,1,00:15:00,100.0,0.0,2016-11-03T16:00:00Z,2016-11-03T21:30:00+05:30,2016-11-03T16:15:00Z,2016-11-03T21:45:00+05:30
10.2,,,False,5,no2,µg/m³,,raw,01:00:00,2016-11-03T15:30:00Z,2016-11-03T21:00:00+05:30,2016-11-03T16:30:00Z,2016-11-03T22:00:00+05:30,1,01:00:00,1,00:15:00,100.0,0.0,2016-11-03T16:15:00Z,2016-11-03T21:45:00+05:30,2016-11-03T16:30:00Z,2016-11-03T22:00:00+05:30
9.7,,,False,5,no2,µg/m³,,raw,01:00:00,2016-11-03T15:45:00Z,2016-11-03T21:15:00+05:30,2016-11-03T16:45:00Z,2016-11-03T22:15:00+05:30,1,01:00:00,1,00:15:00,100.0,0.0,2016-11-03T16:30:00Z,2016-11-03T22:00:00+05:30,2016-11-03T16:45:00Z,2016-11-03T22:15:00+05:30
8.4,,,False,5,no2,µg/m³,,raw,01:00:00,2016-11-03T16:00:00Z,2016-11-03T21:30:00+05:30,2016-11-03T17:00:00Z,2016-11-03T22:30:00+05:30,1,01:00:00,1,00:15:00,100.0,0.0,2016-11-03T16:45:00Z,2016-11-03T22:15:00+05:30,2016-11-03T17:00:00Z,2016-11-03T22:30:00+05:30
8.6,,,False,5,no2,µg/m³,,raw,01:00:00,2016-11-03T16:15:00Z,2016-11-03T21:45:00+05:30,2016-11-03T17:15:00Z,2016-11-03T22:45:00+05:30,1,01:00:00,1,00:15:00,100.0,0.0,2016-11-03T17:00:00Z,2016-11-03T22:30:00+05:30,2016-11-03T17:15:00Z,2016-11-03T22:45:00+05:30
9.0,,,False,5,no2,µg/m³,,raw,01:00:00,2016-11-03T16:30:00Z,2016-11-03T22:00:00+05:30,2016-11-03T17:30:00Z,2016-11-03T23:00:00+05:30,1,01:00:00,1,00:15:00,100.0,0.0,2016-11-03T17:15:00Z,2016-11-03T22:45:00+05:30,2016-11-03T17:30:00Z,2016-11-03T23:00:00+05:30
8.0,,,False,5,no2,µg/m³,,raw,01:00:00,2016-11-03T16:45:00Z,2016-11-03T22:15:00+05:30,2016-11-03T17:45:00Z,2016-11-03T23:15:00+05:30,1,01:00:00,1,00:15:00,100.0,0.0,2016-11-03T17:30:00Z,2016-11-03T23:00:00+05:30,2016-11-03T17:45:00Z,2016-11-03T23:15:00+05:30
8.1,,,False,5,no2,µg/m³,,raw,01:00:00,2016-11-03T17:00:00Z,2016-11-03T22:30:00+05:30,2016-11-03T18:00:00Z,2016-11-03T23:30:00+05:30,1,01:00:00,1,00:15:00,100.0,0.0,2016-11-03T17:45:00Z,2016-11-03T23:15:00+05:30,2016-11-03T18:00:00Z,2016-11-03T23:30:00+05:30
11.3,,,False,5,no2,µg/m³,,raw,01:00:00,2016-11-03T17:15:00Z,2016-11-03T22:45:00+05:30,2016-11-03T18:15:00Z,2016-11-03T23:45:00+05:30,1,01:00:00,1,00:15:00,100.0,0.0,2016-11-03T18:00:00Z,2016-11-03T23:30:00+05:30,2016-11-03T18:15:00Z,2016-11-03T23:45:00+05:30
9.2,,,False,5,no2,µg/m³,,raw,01:00:00,2016-11-03T17:45:00Z,2016-11-03T23:15:00+05:30,2016-11-03T18:45:00Z,2016-11-04T00:15:00+05:30,1,01:00:00,1,00:15:00,100.0,0.0,2016-11-03T18:30:00Z,2016-11-04T00:00:00+05:30,2016-11-03T18:45:00Z,2016-11-04T00:15:00+05:30
8.6,,,False,5,no2,µg/m³,,raw,01:00:00,2016-11-03T18:00:00Z,2016-11-03T23:30:00+05:30,2016-11-03T19:00:00Z,2016-11-04T00:30:00+05:30,1,01:00:00,1,00:15:00,100.0,0.0,2016-11-03T18:45:00Z,2016-11-04T00:15:00+05:30,2016-11-03T19:00:00Z,2016-11-04T00:30:00+05:30
5.6,,,False,5,no2,µg/m³,,raw,01:00:00,2016-11-03T18:15:00Z,2016-11-03T23:45:00+05:30,2016-11-03T19:15:00Z,2016-11-04T00:45:00+05:30,1,01:00:00,1,00:15:00,100.0,0.0,2016-11-03T19:00:00Z,2016-11-04T00:30:00+05:30,2016-11-03T19:15:00Z,2016-11-04T00:45:00+05:30
5.2,,,False,5,no2,µg/m³,,raw,01:00:00,2016-11-03T18:30:00Z,2016-11-04T00:00:00+05:30,2016-11-03T19:30:00Z,2016-11-04T01:00:00+05:30,1,01:00:00,1,00:15:00,100.0,0.0,2016-11-03T19:15:00Z,2016-11-04T00:45:00+05:30,2016-11-03T19:30:00Z,2016-11-04T01:00:00+05:30
2.7,,,False,5,no2,µg/m³,,raw,01:00:00,2016-11-03T18:45:00Z,2016-11-04T00:15:00+05:30,2016-11-03T19:45:00Z,2016-11-04T01:15:00+05:30,1,01:00:00,1,00:15:00,100.0,0.0,2016-11-03T19:30:00Z,2016-11-04T01:00:00+05:30,2016-11-03T19:45:00Z,2016-11-04T01:15:00+05:30
2.6,,,False,5,no2,µg/m³,,raw,01:00:00,2016-11-03T19:15:00Z,2016-11-04T00:45:00+05:30,2016-11-03T20:15:00Z,2016-11-04T01:45:00+05:30,1,01:00:00,1,00:15:00,100.0,0.0,2016-11-03T20:00:00Z,2016-11-04T01:30:00+05:30,2016-11-03T20:15:00Z,2016-11-04T01:45:00+05:30
2.2,,,False,5,no2,µg/m³,,raw,01:00:00,2016-11-03T19:30:00Z,2016-11-04T01:00:00+05:30,2016-11-03T20:30:00Z,2016-11-04T02:00:00+05:30,1,01:00:00,1,00:15:00,100.0,0.0,2016-11-03T20:15:00Z,2016-11-04T01:45:00+05:30,2016-11-03T20:30:00Z,2016-11-04T02:00:00+05:30
7.8,,,False,5,no2,µg/m³,,raw,01:00:00,2016-11-03T19:45:00Z,2016-11-04T01:15:00+05:30,2016-11-03T20:45:00Z,2016-11-04T02:15:00+05:30,1,01:00:00,1,00:15:00,100.0,0.0,2016-11-03T20:30:00Z,2016-11-04T02:00:00+05:30,2016-11-03T20:45:00Z,2016-11-04T02:15:00+05:30
9.3,,,False,5,no2,µg/m³,,raw,01:00:00,2016-11-03T20:00:00Z,2016-11-04T01:30:00+05:30,2016-11-03T21:00:00Z,2016-11-04T02:30:00+05:30,1,01:00:00,1,00:15:00,100.0,0.0,2016-11-03T20:45:00Z,2016-11-04T02:15:00+05:30,2016-11-03T21:00:00Z,2016-11-04T02:30:00+05:30
8.4,,,False,5,no2,µg/m³,,raw,01:00:00,2016-11-03T20:15:00Z,2016-11-04T01:45:00+05:30,2016-11-03T21:15:00Z,2016-11-04T02:45:00+05:30,1,01:00:00,1,00:15:00,100.0,0.0,2016-11-03T21:00:00Z,2016-11-04T02:30:00+05:30,2016-11-03T21:15:00Z,2016-11-04T02:45:00+05:30
8.1,,,False,5,no2,µg/m³,,raw,01:00:00,2016-11-03T20:30:00Z,2016-11-04T02:00:00+05:30,2016-11-03T21:30:00Z,2016-11-04T03:00:00+05:30,1,01:00:00,1,00:15:00,100.0,0.0,2016-11-03T21:15:00Z,2016-11-04T02:45:00+05:30,2016-11-03T21:30:00Z,2016-11-04T03:00:00+05:30
9.2,,,False,5,no2,µg/m³,,raw,01:00:00,2016-11-03T20:45:00Z,2016-11-04T02:15:00+05:30,2016-11-03T21:45:00Z,2016-11-04T03:15:00+05:30,1,01:00:00,1,00:15:00,100.0,0.0,2016-11-03T21:30:00Z,2016-11-04T03:00:00+05:30,2016-11-03T21:45:00Z,2016-11-04T03:15:00+05:30
11.7,,,False,5,no2,µg/m³,,raw,01:00:00,2016-11-03T21:00:00Z,2016-11-04T02:30:00+05:30,2016-11-03T22:00:00Z,2016-11-04T03:30:00+05:30,1,01:00:00,1,00:15:00,100.0,0.0,2016-11-03T21:45:00Z,2016-11-04T03:15:00+05:30,2016-11-03T22:00:00Z,2016-11-04T03:30:00+05:30
10.4,,,False,5,no2,µg/m³,,raw,01:00:00,2016-11-03T21:15:00Z,2016-11-04T02:45:00+05:30,2016-11-03T22:15:00Z,2016-11-04T03:45:00+05:30,1,01:00:00,1,00:15:00,100.0,0.0,2016-11-03T22:00:00Z,2016-11-04T03:30:00+05:30,2016-11-03T22:15:00Z,2016-11-04T03:45:00+05:30
12.2,,,False,5,no2,µg/m³,,raw,01:00:00,2016-11-03T21:30:00Z,2016-11-04T03:00:00+05:30,2016-11-03T22:30:00Z,2016-11-04T04:00:00+05:30,1,01:00:00,1,00:15:00,100.0,0.0,2016-11-03T22:15:00Z,2016-11-04T03:45:00+05:30,2016-11-03T22:30:00Z,2016-11-04T04:00:00+05:30
12.2,,,False,5,no2,µg/m³,,raw,01:00:00,2016-11-03T21:45:00Z,2016-11-04T03:15:00+05:30,2016-11-03T22:45:00Z,2016-11-04T04:15:00+05:30,1,01:00:00,1,00:15:00,100.0,0.0,2016-11-03T22:30:00Z,2016-11-04T04:00:00+05:30,2016-11-03T22:45:00Z,2016-11-04T04:15:00+05:30
11.1,,,False,5,no2,µg/m³,,raw,01:00:00,2016-11-03T22:00:00Z,2016-11-04T03:30:00+05:30,2016-11-03T23:00:00Z,2016-11-04T04:30:00+05:30,1,01:00:00,1,00:15:00,100.0,0.0,2016-11-03T22:45:00Z,2016-11-04T04:15:00+05:30,2016-11-03T23:00:00Z,2016-11-04T04:30:00+05:30
12.1,,,False,5,no2,µg/m³,,raw,01:00:00,2016-11-03T22:15:00Z,2016-11-04T03:45:00+05:30,2016-11-03T23:15:00Z,2016-11-04T04:45:00+05:30,1,01:00:00,1,00:15:00,100.0,0.0,2016-11-03T23:00:00Z,2016-11-04T04:30:00+05:30,2016-11-03T23:15:00Z,2016-11-04T04:45:00+05:30
9.8,,,False,5,no2,µg/m³,,raw,01:00:00,2016-11-03T22:30:00Z,2016-11-04T04:00:00+05:30,2016-11-03T23:30:00Z,2016-11-04T05:00:00+05:30,1,01:00:00,1,00:15:00,100.0,0.0,2016-11-03T23:15:00Z,2016-11-04T04:45:00+05:30,2016-11-03T23:30:00Z,2016-11-04T05:00:00+05:30
12.2,,,False,5,no2,µg/m³,,raw,01:00:00,2016-11-03T22:45:00Z,2016-11-04T04:15:00+05:30,2016-11-03T23:45:00Z,2016-11-04T05:15:00+05:30,1,01:00:00,1,00:15:00,100.0,0.0,2016-11-03T23:30:00Z,2016-11-04T05:00:00+05:30,2016-11-03T23:45:00Z,2016-11-04T05:15:00+05:30
10.1,,,False,5,no2,µg/m³,,raw,01:00:00,2016-11-03T23:00:00Z,2016-11-04T04:30:00+05:30,2016-11-04T00:00:00Z,2016-11-04T05:30:00+05:30,1,01:00:00,1,00:15:00,100.0,0.0,2016-11-03T23:45:00Z,2016-11-04T05:15:00+05:30,2016-11-04T00:00:00Z,2016-11-04T05:30:00+05:30
10.4,,,False,5,no2,µg/m³,,raw,01:00:00,2016-11-03T23:15:00Z,2016-11-04T04:45:00+05:30,2016-11-04T00:15:00Z,2016-11-04T05:45:00+05:30,1,01:00:00,1,00:15:00,100.0,0.0,2016-11-04T00:00:00Z,2016-11-04T05:30:00+05:30,2016-11-04T00:15:00Z,2016-11-04T05:45:00+05:30
9.3,,,False,5,no2,µg/m³,,raw,01:00:00,2016-11-03T23:30:00Z,2016-11-04T05:00:00+05:30,2016-11-04T00:30:00Z,2016-11-04T06:00:00+05:30,1,01:00:00,1,00:15:00,100.0,0.0,2016-11-04T00:15:00Z,2016-11-04T05:45:00+05:30,2016-11-04T00:30:00Z,2016-11-04T06:00:00+05:30
10.6,,,False,5,no2,µg/m³,,raw,01:00:00,2016-11-03T23:45:00Z,2016-11-04T05:15:00+05:30,2016-11-04T00:45:00Z,2016-11-04T06:15:00+05:30,1,01:00:00,1,00:15:00,100.0,0.0,2016-11-04T00:30:00Z,2016-11-04T06:00:00+05:30,2016-11-04T00:45:00Z,2016-11-04T06:15:00+05:30
10.6,,,False,5,no2,µg/m³,,raw,01:00:00,2016-11-04T00:00:00Z,2016-11-04T05:30:00+05:30,2016-11-04T01:00:00Z,2016-11-04T06:30:00+05:30,1,01:00:00,1,00:15:00,100.0,0.0,2016-11-04T00:45:00Z,2016-11-04T06:15:00+05:30,2016-11-04T01:00:00Z,2016-11-04T06:30:00+05:30
11.7,,,False,5,no2,µg/m³,,raw,01:00:00,2016-11-04T00:15:00Z,2016-11-04T05:45:00+05:30,2016-11-04T01:15:00Z,2016-11-04T06:45:00+05:30,1,01:00:00,1,00:15:00,100.0,0.0,2016-11-04T01:00:00Z,2016-11-04T06:30:00+05:30,2016-11-04T01:15:00Z,2016-11-04T06:45:00+05:30
7.4,,,False,5,no2,µg/m³,,raw,01:00:00,2016-11-04T00:30:00Z,2016-11-04T06:00:00+05:30,2016-11-04T01:30:00Z,2016-11-04T07:00:00+05:30,1,01:00:00,1,00:15:00,100.0,0.0,2016-11-04T01:15:00Z,2016-11-04T06:45:00+05:30,2016-11-04T01:30:00Z,2016-11-04T07:00:00+05:30
6.8,,,False,5,no2,µg/m³,,raw,01:00:00,2016-11-04T00:45:00Z,2016-11-04T06:15:00+05:30,2016-11-04T01:45:00Z,2016-11-04T07:15:00+05:30,1,01:00:00,1,00:15:00,100.0,0.0,2016-11-04T01:30:00Z,2016-11-04T07:00:00+05:30,2016-11-04T01:45:00Z,2016-11-04T07:15:00+05:30
9.8,,,False,5,no2,µg/m³,,raw,01:00:00,2016-11-04T01:00:00Z,2016-11-04T06:30:00+05:30,2016-11-04T02:00:00Z,2016-11-04T07:30:00+05:30,1,01:00:00,1,00:15:00,100.0,0.0,2016-11-04T01:45:00Z,2016-11-04T07:15:00+05:30,2016-11-04T02:00:00Z,2016-11-04T07:30:00+05:30
8.5,,,False,5,no2,µg/m³,,raw,01:00:00,2016-11-04T01:15:00Z,2016-11-04T06:45:00+05:30,2016-11-04T02:15:00Z,2016-11-04T07:45:00+05:30,1,01:00:00,1,00:15:00,100.0,0.0,2016-11-04T02:00:00Z,2016-11-04T07:30:00+05:30,2016-11-04T02:15:00Z,2016-11-04T07:45:00+05:30
8.5,,,False,5,no2,µg/m³,,raw,01:00:00,2016-11-04T01:30:00Z,2016-11-04T07:00:00+05:30,2016-11-04T02:30:00Z,2016-11-04T08:00:00+05:30,1,01:00:00,1,00:15:00,100.0,0.0,2016-11-04T02:15:00Z,2016-11-04T07:45:00+05:30,2016-11-04T02:30:00Z,2016-11-04T08:00:00+05:30
9.3,,,False,5,no2,µg/m³,,raw,01:00:00,2016-11-04T01:45:00Z,2016-11-04T07:15:00+05:30,2016-11-04T02:45:00Z,2016-11-04T08:15:00+05:30,1,01:00:00,1,00:15:00,100.0,0.0,2016-11-04T02:30:00Z,2016-11-04T08:00:00+05:30,2016-11-04T02:45:00Z,2016-11-04T08:15:00+05:30
10.9,,,False,5,no2,µg/m³,,raw,01:00:00,2016-11-04T02:00:00Z,2016-11-04T07:30:00+05:30,2016-11-04T03:00:00Z,2016-11-04T08:30:00+05:30,1,01:00:00,1,00:15:00,100.0,0.0,2016-11-04T02:45:00Z,2016-11-04T08:15:00+05:30,2016-11-04T03:00:00Z,2016-11-04T08:30:00+05:30
9.8,,,False,5,no2,µg/m³,,raw,01:00:00,2016-11-04T02:15:00Z,2016-11-04T07:45:00+05:30,2016-11-04T03:15:00Z,2016-11-04T08:45:00+05:30,1,01:00:00,1,00:15:00,100.0,0.0,2016-11-04T03:00:00Z,2016-11-04T08:30:00+05:30,2016-11-04T03:15:00Z,2016-11-04T08:45:00+05:30
7.5,,,False,5,no2,µg/m³,,raw,01:00:00,2016-11-04T02:30:00Z,2016-11-04T08:00:00+05:30,2016-11-04T03:30:00Z,2016-11-04T09:00:00+05:30,1,01:00:00,1,00:15:00,100.0,0.0,2016-11-04T03:15:00Z,2016-11-04T08:45:00+05:30,2016-11-04T03:30:00Z,2016-11-04T09:00:00+05:30
11.7,,,False,5,no2,µg/m³,,raw,01:00:00,2016-11-04T02:45:00Z,2016-11-04T08:15:00+05:30,2016-11-04T03:45:00Z,2016-11-04T09:15:00+05:30,1,01:00:00,1,00:15:00,100.0,0.0,2016-11-04T03:30:00Z,2016-11-04T09:00:00+05:30,2016-11-04T03:45:00Z,2016-11-04T09:15:00+05:30
7.9,,,False,5,no2,µg/m³,,raw,01:00:00,2016-11-04T03:00:00Z,2016-11-04T08:30:00+05:30,2016-11-04T04:00:00Z,2016-11-04T09:30:00+05:30,1,01:00:00,1,00:15:00,100.0,0.0,2016-11-04T03:45:00Z,2016-11-04T09:15:00+05:30,2016-11-04T04:00:00Z,2016-11-04T09:30:00+05:30
8.3,,,False,5,no2,µg/m³,,raw,01:00:00,2016-11-04T03:15:00Z,2016-11-04T08:45:00+05:30,2016-11-04T04:15:00Z,2016-11-04T09:45:00+05:30,1,01:00:00,1,00:15:00,100.0,0.0,2016-11-04T04:00:00Z,2016-11-04T09:30:00+05:30,2016-11-04T04:15:00Z,2016-11-04T09:45:00+05:30
6.3,,,False,5,no2,µg/m³,,raw,01:00:00,2016-11-04T03:30:00Z,2016-11-04T09:00:00+05:30,2016-11-04T04:30:00Z,2016-11-04T10:00:00+05:30,1,01:00:00,1,00:15:00,100.0,0.0,2016-11-04T04:15:00Z,2016-11-04T09:45:00+05:30,2016-11-04T04:30:00Z,2016-11-04T10:00:00+05:30
10.5,,,False,5,no2,µg/m³,,raw,01:00:00,2016-11-04T03:45:00Z,2016-11-04T09:15:00+05:30,2016-11-04T04:45:00Z,2016-11-04T10:15:00+05:30,1,01:00:00,1,00:15:00,100.0,0.0,2016-11-04T04:30:00Z,2016-11-04T10:00:00+05:30,2016-11-04T04:45:00Z,2016-11-04T10:15:00+05:30
7.2,,,False,5,no2,µg/m³,,raw,01:00:00,2016-11-04T04:00:00Z,2016-11-04T09:30:00+05:30,2016-11-04T05:00:00Z,2016-11-04T10:30:00+05:30,1,01:00:00,1,00:15:00,100.0,0.0,2016-11-04T04:45:00Z,2016-11-04T10:15:00+05:30,2016-11-04T05:00:00Z,2016-11-04T10:30:00+05:30
6.9,,,False,5,no2,µg/m³,,raw,01:00:00,2016-11-04T04:15:00Z,2016-11-04T09:45:00+05:30,2016-11-04T05:15:00Z,2016-11-04T10:45:00+05:30,1,01:00:00,1,00:15:00,100.0,0.0,2016-11-04T05:00:00Z,2016-11-04T10:30:00+05:30,2016-11-04T05:15:00Z,2016-11-04T10:45:00+05:30
6.0,,,False,5,no2,µg/m³,,raw,01:00:00,2016-11-04T04:30:00Z,2016-11-04T10:00:00+05:30,2016-11-04T05:30:00Z,2016-11-04T11:00:00+05:30,1,01:00:00,1,00:15:00,100.0,0.0,2016-11-04T05:15:00Z,2016-11-04T10:45:00+05:30,2016-11-04T05:30:00Z,2016-11-04T11:00:00+05:30
3.5,,,False,5,no2,µg/m³,,raw,01:00:00,2016-11-04T04:45:00Z,2016-11-04T10:15:00+05:30,2016-11-04T05:45:00Z,2016-11-04T11:15:00+05:30,1,01:00:00,1,00:15:00,100.0,0.0,2016-11-04T05:30:00Z,2016-11-04T11:00:00+05:30,2016-11-04T05:45:00Z,2016-11-04T11:15:00+05:30
2.0,,,False,5,no2,µg/m³,,raw,01:00:00,2016-11-04T05:00:00Z,2016-11-04T10:30:00+05:30,2016-11-04T06:00:00Z,2016-11-04T11:30:00+05:30,1,01:00:00,1,00:15:00,100.0,0.0,2016-11-04T05:45:00Z,2016-11-04T11:15:00+05:30,2016-11-04T06:00:00Z,2016-11-04T11:30:00+05:30
2.6,,,False,5,no2,µg/m³,,raw,01:00:00,2016-11-04T05:15:00Z,2016-11-04T10:45:00+05:30,2016-11-04T06:15:00Z,2016-11-04T11:45:00+05:30,1,01:00:00,1,00:15:00,100.0,0.0,2016-11-04T06:00:00Z,2016-11-04T11:30:00+05:30,2016-11-04T06:15:00Z,2016-11-04T11:45:00+05:30
1.3,,,False,5,no2,µg/m³,,raw,01:00:00,2016-11-04T05:30:00Z,2016-11-04T11:00:00+05:30,2016-11-04T06:30:00Z,2016-11-04T12:00:00+05:30,1,01:00:00,1,00:15:00,100.0,0.0,2016-11-04T06:15:00Z,2016-11-04T11:45:00+05:30,2016-11-04T06:30:00Z,2016-11-04T12:00:00+05:30
2.3,,,False,5,no2,µg/m³,,raw,01:00:00,2016-11-04T05:45:00Z,2016-11-04T11:15:00+05:30,2016-11-04T06:45:00Z,2016-11-04T12:15:00+05:30,1,01:00:00,1,00:15:00,100.0,0.0,2016-11-04T06:30:00Z,2016-11-04T12:00:00+05:30,2016-11-04T06:45:00Z,2016-11-04T12:15:00+05:30
1.9,,,False,5,no2,µg/m³,,raw,01:00:00,2016-11-04T06:15:00Z,2016-11-04T11:45:00+05:30,2016-11-04T07:15:00Z,2016-11-04T12:45:00+05:30,1,01:00:00,1,00:15:00,100.0,0.0,2016-11-04T07:00:00Z,2016-11-04T12:30:00+05:30,2016-11-04T07:15:00Z,2016-11-04T12:45:00+05:30
2.0,,,False,5,no2,µg/m³,,raw,01:00:00,2016-11-04T09:00:00Z,2016-11-04T14:30:00+05:30,2016-11-04T10:00:00Z,2016-11-04T15:30:00+05:30,1,01:00:00,1,00:15:00,100.0,0.0,2016-11-04T09:45:00Z,2016-11-04T15:15:00+05:30,2016-11-04T10:00:00Z,2016-11-04T15:30:00+05:30
1.6,,,False,5,no2,µg/m³,,raw,01:00:00,2016-11-04T10:15:00Z,2016-11-04T15:45:00+05:30,2016-11-04T11:15:00Z,2016-11-04T16:45:00+05:30,1,01:00:00,1,00:15:00,100.0,0.0,2016-11-04T11:00:00Z,2016-11-04T16:30:00+05:30,2016-11-04T11:15:00Z,2016-11-04T16:45:00+05:30
84.5,,,False,5,no2,µg/m³,,raw,01:00:00,2016-11-04T17:30:00Z,2016-11-04T23:00:00+05:30,2016-11-04T18:30:00Z,2016-11-05T00:00:00+05:30,1,01:00:00,1,00:15:00,100.0,0.0,2016-11-04T18:15:00Z,2016-11-04T23:45:00+05:30,2016-11-04T18:30:00Z,2016-11-05T00:00:00+05:30
127.9,,,False,5,no2,µg/m³,,raw,01:00:00,2016-11-05T06:00:00Z,2016-11-05T11:30:00+05:30,2016-11-05T07:00:00Z,2016-11-05T12:30:00+05:30,1,01:00:00,1,00:15:00,100.0,0.0,2016-11-05T06:45:00Z,2016-11-05T12:15:00+05:30,2016-11-05T07:00:00Z,2016-11-05T12:30:00+05:30
97.6,,,False,5,no2,µg/m³,,raw,01:00:00,2016-11-05T06:15:00Z,2016-11-05T11:45:00+05:30,2016-11-05T07:15:00Z,2016-11-05T12:45:00+05:30,1,01:00:00,1,00:15:00,100.0,0.0,2016-11-05T07:00:00Z,2016-11-05T12:30:00+05:30,2016-11-05T07:15:00Z,2016-11-05T12:45:00+05:30
104.0,,,False,5,no2,µg/m³,,raw,01:00:00,2016-11-05T06:30:00Z,2016-11-05T12:00:00+05:30,2016-11-05T07:30:00Z,2016-11-05T13:00:00+05:30,1,01:00:00,1,00:15:00,100.0,0.0,2016-11-05T07:15:00Z,2016-11-05T12:45:00+05:30,2016-11-05T07:30:00Z,2016-11-05T13:00:00+05:30
105.6,,,False,5,no2,µg/m³,,raw,01:00:00,2016-11-05T07:15:00Z,2016-11-05T12:45:00+05:30,2016-11-05T08:15:00Z,2016-11-05T13:45:00+05:30,1,01:00:00,1,00:15:00,100.0,0.0,2016-11-05T08:00:00Z,2016-11-05T13:30:00+05:30,2016-11-05T08:15:00Z,2016-11-05T13:45:00+05:30
95.2,,,False,5,no2,µg/m³,,raw,01:00:00,2016-11-05T07:30:00Z,2016-11-05T13:00:00+05:30,2016-11-05T08:30:00Z,2016-11-05T14:00:00+05:30,1,01:00:00,1,00:15:00,100.0,0.0,2016-11-05T08:15:00Z,2016-11-05T13:45:00+05:30,2016-11-05T08:30:00Z,2016-11-05T14:00:00+05:30
82.3,,,False,5,no2,µg/m³,,raw,01:00:00,2016-11-05T07:45:00Z,2016-11-05T13:15:00+05:30,2016-11-05T08:45:00Z,2016-11-05T14:15:00+05:30,1,01:00:00,1,00:15:00,100.0,0.0,2016-11-05T08:30:00Z,2016-11-05T14:00:00+05:30,2016-11-05T08:45:00Z,2016-11-05T14:15:00+05:30
85.2,,,False,5,no2,µg/m³,,raw,01:00:00,2016-11-05T08:00:00Z,2016-11-05T13:30:00+05:30,2016-11-05T09:00:00Z,2016-11-05T14:30:00+05:30,1,01:00:00,1,00:15:00,100.0,0.0,2016-11-05T08:45:00Z,2016-11-05T14:15:00+05:30,2016-11-05T09:00:00Z,2016-11-05T14:30:00+05:30
100.5,,,False,5,no2,µg/m³,,raw,01:00:00,2016-11-05T08:15:00Z,2016-11-05T13:45:00+05:30,2016-11-05T09:15:00Z,2016-11-05T14:45:00+05:30,1,01:00:00,1,00:15:00,100.0,0.0,2016-11-05T09:00:00Z,2016-11-05T14:30:00+05:30,2016-11-05T09:15:00Z,2016-11-05T14:45:00+05:30
93.2,,,False,5,no2,µg/m³,,raw,01:00:00,2016-11-05T08:30:00Z,2016-11-05T14:00:00+05:30,2016-11-05T09:30:00Z,2016-11-05T15:00:00+05:30,1,01:00:00,1,00:15:00,100.0,0.0,2016-11-05T09:15:00Z,2016-11-05T14:45:00+05:30,2016-11-05T09:30:00Z,2016-11-05T15:00:00+05:30
104.0,,,False,5,no2,µg/m³,,raw,01:00:00,2016-11-05T08:45:00Z,2016-11-05T14:15:00+05:30,2016-11-05T09:45:00Z,2016-11-05T15:15:00+05:30,1,01:00:00,1,00:15:00,100.0,0.0,2016-11-05T09:30:00Z,2016-11-05T15:00:00+05:30,2016-11-05T09:45:00Z,2016-11-05T15:15:00+05:30
104.0,,,False,5,no2,µg/m³,,raw,01:00:00,2016-11-05T09:00:00Z,2016-11-05T14:30:00+05:30,2016-11-05T10:00:00Z,2016-11-05T15:30:00+05:30,1,01:00:00,1,00:15:00,100.0,0.0,2016-11-05T09:45:00Z,2016-11-05T15:15:00+05:30,2016-11-05T10:00:00Z,2016-11-05T15:30:00+05:30
96.0,,,False,5,no2,µg/m³,,raw,01:00:00,2016-11-05T09:15:00Z,2016-11-05T14:45:00+05:30,2016-11-05T10:15:00Z,2016-11-05T15:45:00+05:30,1,01:00:00,1,00:15:00,100.0,0.0,2016-11-05T10:00:00Z,2016-11-05T15:30:00+05:30,2016-11-05T10:15:00Z,2016-11-05T15:45:00+05:30
105.3,,,False,5,no2,µg/m³,,raw,01:00:00,2016-11-05T09:30:00Z,2016-11-05T15:00:00+05:30,2016-11-05T10:30:00Z,2016-11-05T16:00:00+05:30,1,01:00:00,1,00:15:00,100.0,0.0,2016-11-05T10:15:00Z,2016-11-05T15:45:00+05:30,2016-11-05T10:30:00Z,2016-11-05T16:00:00+05:30
108.3,,,False,5,no2,µg/m³,,raw,01:00:00,2016-11-05T09:45:00Z,2016-11-05T15:15:00+05:30,2016-11-05T10:45:00Z,2016-11-05T16:15:00+05:30,1,01:00:00,1,00:15:00,100.0,0.0,2016-11-05T10:30:00Z,2016-11-05T16:00:00+05:30,2016-11-05T10:45:00Z,2016-11-05T16:15:00+05:30
118.2,,,False,5,no2,µg/m³,,raw,01:00:00,2016-11-05T10:00:00Z,2016-11-05T15:30:00+05:30,2016-11-05T11:00:00Z,2016-11-05T16:30:00+05:30,1,01:00:00,1,00:15:00,100.0,0.0,2016-11-05T10:45:00Z,2016-11-05T16:15:00+05:30,2016-11-05T11:00:00Z,2016-11-05T16:30:00+05:30
118.5,,,False,5,no2,µg/m³,,raw,01:00:00,2016-11-05T10:15:00Z,2016-11-05T15:45:00+05:30,2016-11-05T11:15:00Z,2016-11-05T16:45:00+05:30,1,01:00:00,1,00:15:00,100.0,0.0,2016-11-05T11:00:00Z,2016-11-05T16:30:00+05:30,2016-11-05T11:15:00Z,2016-11-05T16:45:00+05:30
112.2,,,False,5,no2,µg/m³,,raw,01:00:00,2016-11-05T10:30:00Z,2016-11-05T16:00:00+05:30,2016-11-05T11:30:00Z,2016-11-05T17:00:00+05:30,1,01:00:00,1,00:15:00,100.0,0.0,2016-11-05T11:15:00Z,2016-11-05T16:45:00+05:30,2016-11-05T11:30:00Z,2016-11-05T17:00:00+05:30
116.4,,,False,5,no2,µg/m³,,raw,01:00:00,2016-11-05T10:45:00Z,2016-11-05T16:15:00+05:30,2016-11-05T11:45:00Z,2016-11-05T17:15:00+05:30,1,01:00:00,1,00:15:00,100.0,0.0,2016-11-05T11:30:00Z,2016-11-05T17:00:00+05:30,2016-11-05T11:45:00Z,2016-11-05T17:15:00+05:30
120.3,,,False,5,no2,µg/m³,,raw,01:00:00,2016-11-05T12:00:00Z,2016-11-05T17:30:00+05:30,2016-11-05T13:00:00Z,2016-11-05T18:30:00+05:30,1,01:00:00,1,00:15:00,100.0,0.0,2016-11-05T12:45:00Z,2016-11-05T18:15:00+05:30,2016-11-05T13:00:00Z,2016-11-05T18:30:00+05:30
129.2,,,False,5,no2,µg/m³,,raw,01:00:00,2016-11-05T12:15:00Z,2016-11-05T17:45:00+05:30,2016-11-05T13:15:00Z,2016-11-05T18:45:00+05:30,1,01:00:00,1,00:15:00,100.0,0.0,2016-11-05T13:00:00Z,2016-11-05T18:30:00+05:30,2016-11-05T13:15:00Z,2016-11-05T18:45:00+05:30
126.3,,,False,5,no2,µg/m³,,raw,01:00:00,2016-11-05T12:30:00Z,2016-11-05T18:00:00+05:30,2016-11-05T13:30:00Z,2016-11-05T19:00:00+05:30,1,01:00:00,1,00:15:00,100.0,0.0,2016-11-05T13:15:00Z,2016-11-05T18:45:00+05:30,2016-11-05T13:30:00Z,2016-11-05T19:00:00+05:30
158.1,,,False,5,no2,µg/m³,,raw,01:00:00,2016-11-05T12:45:00Z,2016-11-05T18:15:00+05:30,2016-11-05T13:45:00Z,2016-11-05T19:15:00+05:30,1,01:00:00,1,00:15:00,100.0,0.0,2016-11-05T13:30:00Z,2016-11-05T19:00:00+05:30,2016-11-05T13:45:00Z,2016-11-05T19:15:00+05:30
177.5,,,False,5,no2,µg/m³,,raw,01:00:00,2016-11-05T13:00:00Z,2016-11-05T18:30:00+05:30,2016-11-05T14:00:00Z,2016-11-05T19:30:00+05:30,1,01:00:00,1,00:15:00,100.0,0.0,2016-11-05T13:45:00Z,2016-11-05T19:15:00+05:30,2016-11-05T14:00:00Z,2016-11-05T19:30:00+05:30
137.0,,,False,5,no2,µg/m³,,raw,01:00:00,2016-11-05T13:15:00Z,2016-11-05T18:45:00+05:30,2016-11-05T14:15:00Z,2016-11-05T19:45:00+05:30,1,01:00:00,1,00:15:00,100.0,0.0,2016-11-05T14:00:00Z,2016-11-05T19:30:00+05:30,2016-11-05T14:15:00Z,2016-11-05T19:45:00+05:30
167.8,,,False,5,no2,µg/m³,,raw,01:00:00,2016-11-05T13:30:00Z,2016-11-05T19:00:00+05:30,2016-11-05T14:30:00Z,2016-11-05T20:00:00+05:30,1,01:00:00,1,00:15:00,100.0,0.0,2016-11-05T14:15:00Z,2016-11-05T19:45:00+05:30,2016-11-05T14:30:00Z,2016-11-05T20:00:00+05:30
173.9,,,False,5,no2,µg/m³,,raw,01:00:00,2016-11-05T13:45:00Z,2016-11-05T19:15:00+05:30,2016-11-05T14:45:00Z,2016-11-05T20:15:00+05:30,1,01:00:00,1,00:15:00,100.0,0.0,2016-11-05T14:30:00Z,2016-11-05T20:00:00+05:30,2016-11-05T14:45:00Z,2016-11-05T20:15:00+05:30
179.6,,,False,5,no2,µg/m³,,raw,01:00:00,2016-11-05T14:00:00Z,2016-11-05T19:30:00+05:30,2016-11-05T15:00:00Z,2016-11-05T20:30:00+05:30,1,01:00:00,1,00:15:00,100.0,0.0,2016-11-05T14:45:00Z,2016-11-05T20:15:00+05:30,2016-11-05T15:00:00Z,2016-11-05T20:30:00+05:30
168.0,,,False,5,no2,µg/m³,,raw,01:00:00,2016-11-05T14:15:00Z,2016-11-05T19:45:00+05:30,2016-11-05T15:15:00Z,2016-11-05T20:45:00+05:30,1,01:00:00,1,00:15:00,100.0,0.0,2016-11-05T15:00:00Z,2016-11-05T20:30:00+05:30,2016-11-05T15:15:00Z,2016-11-05T20:45:00+05:30
167.3,,,False,5,no2,µg/m³,,raw,01:00:00,2016-11-05T14:30:00Z,2016-11-05T20:00:00+05:30,2016-11-05T15:30:00Z,2016-11-05T21:00:00+05:30,1,01:00:00,1,00:15:00,100.0,0.0,2016-11-05T15:15:00Z,2016-11-05T20:45:00+05:30,2016-11-05T15:30:00Z,2016-11-05T21:00:00+05:30
157.6,,,False,5,no2,µg/m³,,raw,01:00:00,2016-11-05T14:45:00Z,2016-11-05T20:15:00+05:30,2016-11-05T15:45:00Z,2016-11-05T21:15:00+05:30,1,01:00:00,1,00:15:00,100.0,0.0,2016-11-05T15:30:00Z,2016-11-05T21:00:00+05:30,2016-11-05T15:45:00Z,2016-11-05T21:15:00+05:30
159.5,,,False,5,no2,µg/m³,,raw,01:00:00,2016-11-05T15:00:00Z,2016-11-05T20:30:00+05:30,2016-11-05T16:00:00Z,2016-11-05T21:30:00+05:30,1,01:00:00,1,00:15:00,100.0,0.0,2016-11-05T15:45:00Z,2016-11-05T21:15:00+05:30,2016-11-05T16:00:00Z,2016-11-05T21:30:00+05:30
169.3,,,False,5,no2,µg/m³,,raw,01:00:00,2016-11-05T15:15:00Z,2016-11-05T20:45:00+05:30,2016-11-05T16:15:00Z,2016-11-05T21:45:00+05:30,1,01:00:00,1,00:15:00,100.0,0.0,2016-11-05T16:00:00Z,2016-11-05T21:30:00+05:30,2016-11-05T16:15:00Z,2016-11-05T21:45:00+05:30
146.5,,,False,5,no2,µg/m³,,raw,01:00:00,2016-11-05T15:30:00Z,2016-11-05T21:00:00+05:30,2016-11-05T16:30:00Z,2016-11-05T22:00:00+05:30,1,01:00:00,1,00:15:00,100.0,0.0,2016-11-05T16:15:00Z,2016-11-05T21:45:00+05:30,2016-11-05T16:30:00Z,2016-11-05T22:00:00+05:30
144.4,,,False,5,no2,µg/m³,,raw,01:00:00,2016-11-05T15:45:00Z,2016-11-05T21:15:00+05:30,2016-11-05T16:45:00Z,2016-11-05T22:15:00+05:30,1,01:00:00,1,00:15:00,100.0,0.0,2016-11-05T16:30:00Z,2016-11-05T22:00:00+05:30,2016-11-05T16:45:00Z,2016-11-05T22:15:00+05:30
127.2,,,False,5,no2,µg/m³,,raw,01:00:00,2016-11-05T16:00:00Z,2016-11-05T21:30:00+05:30,2016-11-05T17:00:00Z,2016-11-05T22:30:00+05:30,1,01:00:00,1,00:15:00,100.0,0.0,2016-11-05T16:45:00Z,2016-11-05T22:15:00+05:30,2016-11-05T17:00:00Z,2016-11-05T22:30:00+05:30
140.1,,,False,5,no2,µg/m³,,raw,01:00:00,2016-11-05T16:15:00Z,2016-11-05T21:45:00+05:30,2016-11-05T17:15:00Z,2016-11-05T22:45:00+05:30,1,01:00:00,1,00:15:00,100.0,0.0,2016-11-05T17:00:00Z,2016-11-05T22:30:00+05:30,2016-11-05T17:15:00Z,2016-11-05T22:45:00+05:30
117.8,,,False,5,no2,µg/m³,,raw,01:00:00,2016-11-05T16:30:00Z,2016-11-05T22:00:00+05:30,2016-11-05T17:30:00Z,2016-11-05T23:00:00+05:30,1,01:00:00,1,00:15:00,100.0,0.0,2016-11-05T17:15:00Z,2016-11-05T22:45:00+05:30,2016-11-05T17:30:00Z,2016-11-05T23:00:00+05:30
103.9,,,False,5,no2,µg/m³,,raw,01:00:00,2016-11-05T16:45:00Z,2016-11-05T22:15:00+05:30,2016-11-05T17:45:00Z,2016-11-05T23:15:00+05:30,1,01:00:00,1,00:15:00,100.0,0.0,2016-11-05T17:30:00Z,2016-11-05T23:00:00+05:30,2016-11-05T17:45:00Z,2016-11-05T23:15:00+05:30
95.6,,,False,5,no2,µg/m³,,raw,01:00:00,2016-11-05T17:00:00Z,2016-11-05T22:30:00+05:30,2016-11-05T18:00:00Z,2016-11-05T23:30:00+05:30,1,01:00:00,1,00:15:00,100.0,0.0,2016-11-05T17:45:00Z,2016-11-05T23:15:00+05:30,2016-11-05T18:00:00Z,2016-11-05T23:30:00+05:30
93.2,,,False,5,no2,µg/m³,,raw,01:00:00,2016-11-05T17:15:00Z,2016-11-05T22:45:00+05:30,2016-11-05T18:15:00Z,2016-11-05T23:45:00+05:30,1,01:00:00,1,00:15:00,100.0,0.0,2016-11-05T18:00:00Z,2016-11-05T23:30:00+05:30,2016-11-05T18:15:00Z,2016-11-05T23:45:00+05:30
98.4,,,False,5,no2,µg/m³,,raw,01:00:00,2016-11-05T17:30:00Z,2016-11-05T23:00:00+05:30,2016-11-05T18:30:00Z,2016-11-06T00:00:00+05:30,1,01:00:00,1,00:15:00,100.0,0.0,2016-11-05T18:15:00Z,2016-11-05T23:45:00+05:30,2016-11-05T18:30:00Z,2016-11-06T00:00:00+05:30
79.4,,,False,5,no2,µg/m³,,raw,01:00:00,2016-11-05T17:45:00Z,2016-11-05T23:15:00+05:30,2016-11-05T18:45:00Z,2016-11-06T00:15:00+05:30,1,01:00:00,1,00:15:00,100.0,0.0,2016-11-05T18:30:00Z,2016-11-06T00:00:00+05:30,2016-11-05T18:45:00Z,2016-11-06T00:15:00+05:30
75.2,,,False,5,no2,µg/m³,,raw,01:00:00,2016-11-05T18:00:00Z,2016-11-05T23:30:00+05:30,2016-11-05T19:00:00Z,2016-11-06T00:30:00+05:30,1,01:00:00,1,00:15:00,100.0,0.0,2016-11-05T18:45:00Z,2016-11-06T00:15:00+05:30,2016-11-05T19:00:00Z,2016-11-06T00:30:00+05:30
73.5,,,False,5,no2,µg/m³,,raw,01:00:00,2016-11-05T18:15:00Z,2016-11-05T23:45:00+05:30,2016-11-05T19:15:00Z,2016-11-06T00:45:00+05:30,1,01:00:00,1,00:15:00,100.0,0.0,2016-11-05T19:00:00Z,2016-11-06T00:30:00+05:30,2016-11-05T19:15:00Z,2016-11-06T00:45:00+05:30
71.8,,,False,5,no2,µg/m³,,raw,01:00:00,2016-11-05T18:30:00Z,2016-11-06T00:00:00+05:30,2016-11-05T19:30:00Z,2016-11-06T01:00:00+05:30,1,01:00:00,1,00:15:00,100.0,0.0,2016-11-05T19:15:00Z,2016-11-06T00:45:00+05:30,2016-11-05T19:30:00Z,2016-11-06T01:00:00+05:30
62.4,,,False,5,no2,µg/m³,,raw,01:00:00,2016-11-05T18:45:00Z,2016-11-06T00:15:00+05:30,2016-11-05T19:45:00Z,2016-11-06T01:15:00+05:30,1,01:00:00,1,00:15:00,100.0,0.0,2016-11-05T19:30:00Z,2016-11-06T01:00:00+05:30,2016-11-05T19:45:00Z,2016-11-06T01:15:00+05:30
68.0,,,False,5,no2,µg/m³,,raw,01:00:00,2016-11-05T19:00:00Z,2016-11-06T00:30:00+05:30,2016-11-05T20:00:00Z,2016-11-06T01:30:00+05:30,1,01:00:00,1,00:15:00,100.0,0.0,2016-11-05T19:45:00Z,2016-11-06T01:15:00+05:30,2016-11-05T20:00:00Z,2016-11-06T01:30:00+05:30
70.8,,,False,5,no2,µg/m³,,raw,01:00:00,2016-11-05T19:15:00Z,2016-11-06T00:45:00+05:30,2016-11-05T20:15:00Z,2016-11-06T01:45:00+05:30,1,01:00:00,1,00:15:00,100.0,0.0,2016-11-05T20:00:00Z,2016-11-06T01:30:00+05:30,2016-11-05T20:15:00Z,2016-11-06T01:45:00+05:30
70.1,,,False,5,no2,µg/m³,,raw,01:00:00,2016-11-05T19:30:00Z,2016-11-06T01:00:00+05:30,2016-11-05T20:30:00Z,2016-11-06T02:00:00+05:30,1,01:00:00,1,00:15:00,100.0,0.0,2016-11-05T20:15:00Z,2016-11-06T01:45:00+05:30,2016-11-05T20:30:00Z,2016-11-06T02:00:00+05:30
77.9,,,False,5,no2,µg/m³,,raw,01:00:00,2016-11-05T19:45:00Z,2016-11-06T01:15:00+05:30,2016-11-05T20:45:00Z,2016-11-06T02:15:00+05:30,1,01:00:00,1,00:15:00,100.0,0.0,2016-11-05T20:30:00Z,2016-11-06T02:00:00+05:30,2016-11-05T20:45:00Z,2016-11-06T02:15:00+05:30
73.7,,,False,5,no2,µg/m³,,raw,01:00:00,2016-11-05T20:00:00Z,2016-11-06T01:30:00+05:30,2016-11-05T21:00:00Z,2016-11-06T02:30:00+05:30,1,01:00:00,1,00:15:00,100.0,0.0,2016-11-05T20:45:00Z,2016-11-06T02:15:00+05:30,2016-11-05T21:00:00Z,2016-11-06T02:30:00+05:30
77.4,,,False,5,no2,µg/m³,,raw,01:00:00,2016-11-05T20:15:00Z,2016-11-06T01:45:00+05:30,2016-11-05T21:15:00Z,2016-11-06T02:45:00+05:30,1,01:00:00,1,00:15:00,100.0,0.0,2016-11-05T21:00:00Z,2016-11-06T02:30:00+05:30,2016-11-05T21:15:00Z,2016-11-06T02:45:00+05:30
67.2,,,False,5,no2,µg/m³,,raw,01:00:00,2016-11-05T20:30:00Z,2016-11-06T02:00:00+05:30,2016-11-05T21:30:00Z,2016-11-06T03:00:00+05:30,1,01:00:00,1,00:15:00,100.0,0.0,2016-11-05T21:15:00Z,2016-11-06T02:45:00+05:30,2016-11-05T21:30:00Z,2016-11-06T03:00:00+05:30
63.4,,,False,5,no2,µg/m³,,raw,01:00:00,2016-11-05T20:45:00Z,2016-11-06T02:15:00+05:30,2016-11-05T21:45:00Z,2016-11-06T03:15:00+05:30,1,01:00:00,1,00:15:00,100.0,0.0,2016-11-05T21:30:00Z,2016-11-06T03:00:00+05:30,2016-11-05T21:45:00Z,2016-11-06T03:15:00+05:30
75.1,,,False,5,no2,µg/m³,,raw,01:00:00,2016-11-05T21:00:00Z,2016-11-06T02:30:00+05:30,2016-11-05T22:00:00Z,2016-11-06T03:30:00+05:30,1,01:00:00,1,00:15:00,100.0,0.0,2016-11-05T21:45:00Z,2016-11-06T03:15:00+05:30,2016-11-05T22:00:00Z,2016-11-06T03:30:00+05:30
60.0,,,False,5,no2,µg/m³,,raw,01:00:00,2016-11-05T22:00:00Z,2016-11-06T03:30:00+05:30,2016-11-05T23:00:00Z,2016-11-06T04:30:00+05:30,1,01:00:00,1,00:15:00,100.0,0.0,2016-11-05T22:45:00Z,2016-11-06T04:15:00+05:30,2016-11-05T23:00:00Z,2016-11-06T04:30:00+05:30
55.0,,,False,5,no2,µg/m³,,raw,01:00:00,2016-11-05T22:15:00Z,2016-11-06T03:45:00+05:30,2016-11-05T23:15:00Z,2016-11-06T04:45:00+05:30,1,01:00:00,1,00:15:00,100.0,0.0,2016-11-05T23:00:00Z,2016-11-06T04:30:00+05:30,2016-11-05T23:15:00Z,2016-11-06T04:45:00+05:30
56.4,,,False,5,no2,µg/m³,,raw,01:00:00,2016-11-05T22:30:00Z,2016-11-06T04:00:00+05:30,2016-11-05T23:30:00Z,2016-11-06T05:00:00+05:30,1,01:00:00,1,00:15:00,100.0,0.0,2016-11-05T23:15:00Z,2016-11-06T04:45:00+05:30,2016-11-05T23:30:00Z,2016-11-06T05:00:00+05:30
57.1,,,False,5,no2,µg/m³,,raw,01:00:00,2016-11-05T22:45:00Z,2016-11-06T04:15:00+05:30,2016-11-05T23:45:00Z,2016-11-06T05:15:00+05:30,1,01:00:00,1,00:15:00,100.0,0.0,2016-11-05T23:30:00Z,2016-11-06T05:00:00+05:30,2016-11-05T23:45:00Z,2016-11-06T05:15:00+05:30
56.0,,,False,5,no2,µg/m³,,raw,01:00:00,2016-11-05T23:00:00Z,2016-11-06T04:30:00+05:30,2016-11-06T00:00:00Z,2016-11-06T05:30:00+05:30,1,01:00:00,1,00:15:00,100.0,0.0,2016-11-05T23:45:00Z,2016-11-06T05:15:00+05:30,2016-11-06T00:00:00Z,2016-11-06T05:30:00+05:30
52.1,,,False,5,no2,µg/m³,,raw,01:00:00,2016-11-05T23:15:00Z,2016-11-06T04:45:00+05:30,2016-11-06T00:15:00Z,2016-11-06T05:45:00+05:30,1,01:00:00,1,00:15:00,100.0,0.0,2016-11-06T00:00:00Z,2016-11-06T05:30:00+05:30,2016-11-06T00:15:00Z,2016-11-06T05:45:00+05:30
48.4,,,False,5,no2,µg/m³,,raw,01:00:00,2016-11-05T23:30:00Z,2016-11-06T05:00:00+05:30,2016-11-06T00:30:00Z,2016-11-06T06:00:00+05:30,1,01:00:00,1,00:15:00,100.0,0.0,2016-11-06T00:15:00Z,2016-11-06T05:45:00+05:30,2016-11-06T00:30:00Z,2016-11-06T06:00:00+05:30
51.9,,,False,5,no2,µg/m³,,raw,01:00:00,2016-11-05T23:45:00Z,2016-11-06T05:15:00+05:30,2016-11-06T00:45:00Z,2016-11-06T06:15:00+05:30,1,01:00:00,1,00:15:00,100.0,0.0,2016-11-06T00:30:00Z,2016-11-06T06:00:00+05:30,2016-11-06T00:45:00Z,2016-11-06T06:15:00+05:30
48.3,,,False,5,no2,µg/m³,,raw,01:00:00,2016-11-06T00:00:00Z,2016-11-06T05:30:00+05:30,2016-11-06T01:00:00Z,2016-11-06T06:30:00+05:30,1,01:00:00,1,00:15:00,100.0,0.0,2016-11-06T00:45:00Z,2016-11-06T06:15:00+05:30,2016-11-06T01:00:00Z,2016-11-06T06:30:00+05:30
54.9,,,False,5,no2,µg/m³,,raw,01:00:00,2016-11-06T00:15:00Z,2016-11-06T05:45:00+05:30,2016-11-06T01:15:00Z,2016-11-06T06:45:00+05:30,1,01:00:00,1,00:15:00,100.0,0.0,2016-11-06T01:00:00Z,2016-11-06T06:30:00+05:30,2016-11-06T01:15:00Z,2016-11-06T06:45:00+05:30
49.0,,,False,5,no2,µg/m³,,raw,01:00:00,2016-11-06T00:30:00Z,2016-11-06T06:00:00+05:30,2016-11-06T01:30:00Z,2016-11-06T07:00:00+05:30,1,01:00:00,1,00:15:00,100.0,0.0,2016-11-06T01:15:00Z,2016-11-06T06:45:00+05:30,2016-11-06T01:30:00Z,2016-11-06T07:00:00+05:30
49.2,,,False,5,no2,µg/m³,,raw,01:00:00,2016-11-06T00:45:00Z,2016-11-06T06:15:00+05:30,2016-11-06T01:45:00Z,2016-11-06T07:15:00+05:30,1,01:00:00,1,00:15:00,100.0,0.0,2016-11-06T01:30:00Z,2016-11-06T07:00:00+05:30,2016-11-06T01:45:00Z,2016-11-06T07:15:00+05:30
46.5,,,False,5,no2,µg/m³,,raw,01:00:00,2016-11-06T01:00:00Z,2016-11-06T06:30:00+05:30,2016-11-06T02:00:00Z,2016-11-06T07:30:00+05:30,1,01:00:00,1,00:15:00,100.0,0.0,2016-11-06T01:45:00Z,2016-11-06T07:15:00+05:30,2016-11-06T02:00:00Z,2016-11-06T07:30:00+05:30
49.8,,,False,5,no2,µg/m³,,raw,01:00:00,2016-11-06T01:15:00Z,2016-11-06T06:45:00+05:30,2016-11-06T02:15:00Z,2016-11-06T07:45:00+05:30,1,01:00:00,1,00:15:00,100.0,0.0,2016-11-06T02:00:00Z,2016-11-06T07:30:00+05:30,2016-11-06T02:15:00Z,2016-11-06T07:45:00+05:30
53.4,,,False,5,no2,µg/m³,,raw,01:00:00,2016-11-06T01:30:00Z,2016-11-06T07:00:00+05:30,2016-11-06T02:30:00Z,2016-11-06T08:00:00+05:30,1,01:00:00,1,00:15:00,100.0,0.0,2016-11-06T02:15:00Z,2016-11-06T07:45:00+05:30,2016-11-06T02:30:00Z,2016-11-06T08:00:00+05:30
58.6,,,False,5,no2,µg/m³,,raw,01:00:00,2016-11-06T01:45:00Z,2016-11-06T07:15:00+05:30,2016-11-06T02:45:00Z,2016-11-06T08:15:00+05:30,1,01:00:00,1,00:15:00,100.0,0.0,2016-11-06T02:30:00Z,2016-11-06T08:00:00+05:30,2016-11-06T02:45:00Z,2016-11-06T08:15:00+05:30
61.2,,,False,5,no2,µg/m³,,raw,01:00:00,2016-11-06T02:00:00Z,2016-11-06T07:30:00+05:30,2016-11-06T03:00:00Z,2016-11-06T08:30:00+05:30,1,01:00:00,1,00:15:00,100.0,0.0,2016-11-06T02:45:00Z,2016-11-06T08:15:00+05:30,2016-11-06T03:00:00Z,2016-11-06T08:30:00+05:30
102.0,,,False,5,no2,µg/m³,,raw,01:00:00,2016-11-06T02:30:00Z,2016-11-06T08:00:00+05:30,2016-11-06T03:30:00Z,2016-11-06T09:00:00+05:30,1,01:00:00,1,00:15:00,100.0,0.0,2016-11-06T03:15:00Z,2016-11-06T08:45:00+05:30,2016-11-06T03:30:00Z,2016-11-06T09:00:00+05:30
118.6,,,False,5,no2,µg/m³,,raw,01:00:00,2016-11-06T02:45:00Z,2016-11-06T08:15:00+05:30,2016-11-06T03:45:00Z,2016-11-06T09:15:00+05:30,1,01:00:00,1,00:15:00,100.0,0.0,2016-11-06T03:30:00Z,2016-11-06T09:00:00+05:30,2016-11-06T03:45:00Z,2016-11-06T09:15:00+05:30
125.2,,,False,5,no2,µg/m³,,raw,01:00:00,2016-11-06T03:00:00Z,2016-11-06T08:30:00+05:30,2016-11-06T04:00:00Z,2016-11-06T09:30:00+05:30,1,01:00:00,1,00:15:00,100.0,0.0,2016-11-06T03:45:00Z,2016-11-06T09:15:00+05:30,2016-11-06T04:00:00Z,2016-11-06T09:30:00+05:30
152.4,,,False,5,no2,µg/m³,,raw,01:00:00,2016-11-06T03:15:00Z,2016-11-06T08:45:00+05:30,2016-11-06T04:15:00Z,2016-11-06T09:45:00+05:30,1,01:00:00,1,00:15:00,100.0,0.0,2016-11-06T04:00:00Z,2016-11-06T09:30:00+05:30,2016-11-06T04:15:00Z,2016-11-06T09:45:00+05:30
192.9,,,False,5,no2,µg/m³,,raw,01:00:00,2016-11-06T03:30:00Z,2016-11-06T09:00:00+05:30,2016-11-06T04:30:00Z,2016-11-06T10:00:00+05:30,1,01:00:00,1,00:15:00,100.0,0.0,2016-11-06T04:15:00Z,2016-11-06T09:45:00+05:30,2016-11-06T04:30:00Z,2016-11-06T10:00:00+05:30
172.3,,,False,5,no2,µg/m³,,raw,01:00:00,2016-11-06T03:45:00Z,2016-11-06T09:15:00+05:30,2016-11-06T04:45:00Z,2016-11-06T10:15:00+05:30,1,01:00:00,1,00:15:00,100.0,0.0,2016-11-06T04:30:00Z,2016-11-06T10:00:00+05:30,2016-11-06T04:45:00Z,2016-11-06T10:15:00+05:30
189.9,,,False,5,no2,µg/m³,,raw,01:00:00,2016-11-06T04:00:00Z,2016-11-06T09:30:00+05:30,2016-11-06T05:00:00Z,2016-11-06T10:30:00+05:30,1,01:00:00,1,00:15:00,100.0,0.0,2016-11-06T04:45:00Z,2016-11-06T10:15:00+05:30,2016-11-06T05:00:00Z,2016-11-06T10:30:00+05:30
214.9,,,False,5,no2,µg/m³,,raw,01:00:00,2016-11-06T04:15:00Z,2016-11-06T09:45:00+05:30,2016-11-06T05:15:00Z,2016-11-06T10:45:00+05:30,1,01:00:00,1,00:15:00,100.0,0.0,2016-11-06T05:00:00Z,2016-11-06T10:30:00+05:30,2016-11-06T05:15:00Z,2016-11-06T10:45:00+05:30
228.8,,,False,5,no2,µg/m³,,raw,01:00:00,2016-11-06T04:30:00Z,2016-11-06T10:00:00+05:30,2016-11-06T05:30:00Z,2016-11-06T11:00:00+05:30,1,01:00:00,1,00:15:00,100.0,0.0,2016-11-06T05:15:00Z,2016-11-06T10:45:00+05:30,2016-11-06T05:30:00Z,2016-11-06T11:00:00+05:30
163.2,,,False,5,no2,µg/m³,,raw,01:00:00,2016-11-06T04:45:00Z,2016-11-06T10:15:00+05:30,2016-11-06T05:45:00Z,2016-11-06T11:15:00+05:30,1,01:00:00,1,00:15:00,100.0,0.0,2016-11-06T05:30:00Z,2016-11-06T11:00:00+05:30,2016-11-06T05:45:00Z,2016-11-06T11:15:00+05:30
137.1,,,False,5,no2,µg/m³,,raw,01:00:00,2016-11-06T05:00:00Z,2016-11-06T10:30:00+05:30,2016-11-06T06:00:00Z,2016-11-06T11:30:00+05:30,1,01:00:00,1,00:15:00,100.0,0.0,2016-11-06T05:45:00Z,2016-11-06T11:15:00+05:30,2016-11-06T06:00:00Z,2016-11-06T11:30:00+05:30
135.1,,,False,5,no2,µg/m³,,raw,01:00:00,2016-11-06T05:15:00Z,2016-11-06T10:45:00+05:30,2016-11-06T06:15:00Z,2016-11-06T11:45:00+05:30,1,01:00:00,1,00:15:00,100.0,0.0,2016-11-06T06:00:00Z,2016-11-06T11:30:00+05:30,2016-11-06T06:15:00Z,2016-11-06T11:45:00+05:30
123.4,,,False,5,no2,µg/m³,,raw,01:00:00,2016-11-06T05:30:00Z,2016-11-06T11:00:00+05:30,2016-11-06T06:30:00Z,2016-11-06T12:00:00+05:30,1,01:00:00,1,00:15:00,100.0,0.0,2016-11-06T06:15:00Z,2016-11-06T11:45:00+05:30,2016-11-06T06:30:00Z,2016-11-06T12:00:00+05:30
126.7,,,False,5,no2,µg/m³,,raw,01:00:00,2016-11-06T05:45:00Z,2016-11-06T11:15:00+05:30,2016-11-06T06:45:00Z,2016-11-06T12:15:00+05:30,1,01:00:00,1,00:15:00,100.0,0.0,2016-11-06T06:30:00Z,2016-11-06T12:00:00+05:30,2016-11-06T06:45:00Z,2016-11-06T12:15:00+05:30
120.4,,,False,5,no2,µg/m³,,raw,01:00:00,2016-11-06T06:00:00Z,2016-11-06T11:30:00+05:30,2016-11-06T07:00:00Z,2016-11-06T12:30:00+05:30,1,01:00:00,1,00:15:00,100.0,0.0,2016-11-06T06:45:00Z,2016-11-06T12:15:00+05:30,2016-11-06T07:00:00Z,2016-11-06T12:30:00+05:30
130.2,,,False,5,no2,µg/m³,,raw,01:00:00,2016-11-06T06:15:00Z,2016-11-06T11:45:00+05:30,2016-11-06T07:15:00Z,2016-11-06T12:45:00+05:30,1,01:00:00,1,00:15:00,100.0,0.0,2016-11-06T07:00:00Z,2016-11-06T12:30:00+05:30,2016-11-06T07:15:00Z,2016-11-06T12:45:00+05:30
135.5,,,False,5,no2,µg/m³,,raw,01:00:00,2016-11-06T06:30:00Z,2016-11-06T12:00:00+05:30,2016-11-06T07:30:00Z,2016-11-06T13:00:00+05:30,1,01:00:00,1,00:15:00,100.0,0.0,2016-11-06T07:15:00Z,2016-11-06T12:45:00+05:30,2016-11-06T07:30:00Z,2016-11-06T13:00:00+05:30
146.6,,,False,5,no2,µg/m³,,raw,01:00:00,2016-11-06T06:45:00Z,2016-11-06T12:15:00+05:30,2016-11-06T07:45:00Z,2016-11-06T13:15:00+05:30,1,01:00:00,1,00:15:00,100.0,0.0,2016-11-06T07:30:00Z,2016-11-06T13:00:00+05:30,2016-11-06T07:45:00Z,2016-11-06T13:15:00+05:30
149.3,,,False,5,no2,µg/m³,,raw,01:00:00,2016-11-06T07:00:00Z,2016-11-06T12:30:00+05:30,2016-11-06T08:00:00Z,2016-11-06T13:30:00+05:30,1,01:00:00,1,00:15:00,100.0,0.0,2016-11-06T07:45:00Z,2016-11-06T13:15:00+05:30,2016-11-06T08:00:00Z,2016-11-06T13:30:00+05:30
146.9,,,False,5,no2,µg/m³,,raw,01:00:00,2016-11-06T07:15:00Z,2016-11-06T12:45:00+05:30,2016-11-06T08:15:00Z,2016-11-06T13:45:00+05:30,1,01:00:00,1,00:15:00,100.0,0.0,2016-11-06T08:00:00Z,2016-11-06T13:30:00+05:30,2016-11-06T08:15:00Z,2016-11-06T13:45:00+05:30
133.6,,,False,5,no2,µg/m³,,raw,01:00:00,2016-11-06T07:30:00Z,2016-11-06T13:00:00+05:30,2016-11-06T08:30:00Z,2016-11-06T14:00:00+05:30,1,01:00:00,1,00:15:00,100.0,0.0,2016-11-06T08:15:00Z,2016-11-06T13:45:00+05:30,2016-11-06T08:30:00Z,2016-11-06T14:00:00+05:30
124.5,,,False,5,no2,µg/m³,,raw,01:00:00,2016-11-06T07:45:00Z,2016-11-06T13:15:00+05:30,2016-11-06T08:45:00Z,2016-11-06T14:15:00+05:30,1,01:00:00,1,00:15:00,100.0,0.0,2016-11-06T08:30:00Z,2016-11-06T14:00:00+05:30,2016-11-06T08:45:00Z,2016-11-06T14:15:00+05:30
118.4,,,False,5,no2,µg/m³,,raw,01:00:00,2016-11-06T08:00:00Z,2016-11-06T13:30:00+05:30,2016-11-06T09:00:00Z,2016-11-06T14:30:00+05:30,1,01:00:00,1,00:15:00,100.0,0.0,2016-11-06T08:45:00Z,2016-11-06T14:15:00+05:30,2016-11-06T09:00:00Z,2016-11-06T14:30:00+05:30
125.0,,,False,5,no2,µg/m³,,raw,01:00:00,2016-11-06T08:15:00Z,2016-11-06T13:45:00+05:30,2016-11-06T09:15:00Z,2016-11-06T14:45:00+05:30,1,01:00:00,1,00:15:00,100.0,0.0,2016-11-06T09:00:00Z,2016-11-06T14:30:00+05:30,2016-11-06T09:15:00Z,2016-11-06T14:45:00+05:30
128.5,,,False,5,no2,µg/m³,,raw,01:00:00,2016-11-06T08:30:00Z,2016-11-06T14:00:00+05:30,2016-11-06T09:30:00Z,2016-11-06T15:00:00+05:30,1,01:00:00,1,00:15:00,100.0,0.0,2016-11-06T09:15:00Z,2016-11-06T14:45:00+05:30,2016-11-06T09:30:00Z,2016-11-06T15:00:00+05:30
149.8,,,False,5,no2,µg/m³,,raw,01:00:00,2016-11-06T08:45:00Z,2016-11-06T14:15:00+05:30,2016-11-06T09:45:00Z,2016-11-06T15:15:00+05:30,1,01:00:00,1,00:15:00,100.0,0.0,2016-11-06T09:30:00Z,2016-11-06T15:00:00+05:30,2016-11-06T09:45:00Z,2016-11-06T15:15:00+05:30
112.0,,,False,5,no2,µg/m³,,raw,01:00:00,2016-11-06T09:15:00Z,2016-11-06T14:45:00+05:30,2016-11-06T10:15:00Z,2016-11-06T15:45:00+05:30,1,01:00:00,1,00:15:00,100.0,0.0,2016-11-06T10:00:00Z,2016-11-06T15:30:00+05:30,2016-11-06T10:15:00Z,2016-11-06T15:45:00+05:30
142.4,,,False,5,no2,µg/m³,,raw,01:00:00,2016-11-06T10:15:00Z,2016-11-06T15:45:00+05:30,2016-11-06T11:15:00Z,2016-11-06T16:45:00+05:30,1,01:00:00,1,00:15:00,100.0,0.0,2016-11-06T11:00:00Z,2016-11-06T16:30:00+05:30,2016-11-06T11:15:00Z,2016-11-06T16:45:00+05:30
145.6,,,False,5,no2,µg/m³,,raw,01:00:00,2016-11-06T10:30:00Z,2016-11-06T16:00:00+05:30,2016-11-06T11:30:00Z,2016-11-06T17:00:00+05:30,1,01:00:00,1,00:15:00,100.0,0.0,2016-11-06T11:15:00Z,2016-11-06T16:45:00+05:30,2016-11-06T11:30:00Z,2016-11-06T17:00:00+05:30
146.4,,,False,5,no2,µg/m³,,raw,01:00:00,2016-11-06T10:45:00Z,2016-11-06T16:15:00+05:30,2016-11-06T11:45:00Z,2016-11-06T17:15:00+05:30,1,01:00:00,1,00:15:00,100.0,0.0,2016-11-06T11:30:00Z,2016-11-06T17:00:00+05:30,2016-11-06T11:45:00Z,2016-11-06T17:15:00+05:30
144.9,,,False,5,no2,µg/m³,,raw,01:00:00,2016-11-06T11:00:00Z,2016-11-06T16:30:00+05:30,2016-11-06T12:00:00Z,2016-11-06T17:30:00+05:30,1,01:00:00,1,00:15:00,100.0,0.0,2016-11-06T11:45:00Z,2016-11-06T17:15:00+05:30,2016-11-06T12:00:00Z,2016-11-06T17:30:00+05:30
146.6,,,False,5,no2,µg/m³,,raw,01:00:00,2016-11-06T11:15:00Z,2016-11-06T16:45:00+05:30,2016-11-06T12:15:00Z,2016-11-06T17:45:00+05:30,1,01:00:00,1,00:15:00,100.0,0.0,2016-11-06T12:00:00Z,2016-11-06T17:30:00+05:30,2016-11-06T12:15:00Z,2016-11-06T17:45:00+05:30
133.4,,,False,5,no2,µg/m³,,raw,01:00:00,2016-11-06T11:30:00Z,2016-11-06T17:00:00+05:30,2016-11-06T12:30:00Z,2016-11-06T18:00:00+05:30,1,01:00:00,1,00:15:00,100.0,0.0,2016-11-06T12:15:00Z,2016-11-06T17:45:00+05:30,2016-11-06T12:30:00Z,2016-11-06T18:00:00+05:30
143.0,,,False,5,no2,µg/m³,,raw,01:00:00,2016-11-06T11:45:00Z,2016-11-06T17:15:00+05:30,2016-11-06T12:45:00Z,2016-11-06T18:15:00+05:30,1,01:00:00,1,00:15:00,100.0,0.0,2016-11-06T12:30:00Z,2016-11-06T18:00:00+05:30,2016-11-06T12:45:00Z,2016-11-06T18:15:00+05:30
154.5,,,False,5,no2,µg/m³,,raw,01:00:00,2016-11-06T12:00:00Z,2016-11-06T17:30:00+05:30,2016-11-06T13:00:00Z,2016-11-06T18:30:00+05:30,1,01:00:00,1,00:15:00,100.0,0.0,2016-11-06T12:45:00Z,2016-11-06T18:15:00+05:30,2016-11-06T13:00:00Z,2016-11-06T18:30:00+05:30
168.2,,,False,5,no2,µg/m³,,raw,01:00:00,2016-11-06T12:15:00Z,2016-11-06T17:45:00+05:30,2016-11-06T13:15:00Z,2016-11-06T18:45:00+05:30,1,01:00:00,1,00:15:00,100.0,0.0,2016-11-06T13:00:00Z,2016-11-06T18:30:00+05:30,2016-11-06T13:15:00Z,2016-11-06T18:45:00+05:30
190.3,,,False,5,no2,µg/m³,,raw,01:00:00,2016-11-06T12:30:00Z,2016-11-06T18:00:00+05:30,2016-11-06T13:30:00Z,2016-11-06T19:00:00+05:30,1,01:00:00,1,00:15:00,100.0,0.0,2016-11-06T13:15:00Z,2016-11-06T18:45:00+05:30,2016-11-06T13:30:00Z,2016-11-06T19:00:00+05:30
185.8,,,False,5,no2,µg/m³,,raw,01:00:00,2016-11-06T12:45:00Z,2016-11-06T18:15:00+05:30,2016-11-06T13:45:00Z,2016-11-06T19:15:00+05:30,1,01:00:00,1,00:15:00,100.0,0.0,2016-11-06T13:30:00Z,2016-11-06T19:00:00+05:30,2016-11-06T13:45:00Z,2016-11-06T19:15:00+05:30
156.5,,,False,5,no2,µg/m³,,raw,01:00:00,2016-11-06T13:00:00Z,2016-11-06T18:30:00+05:30,2016-11-06T14:00:00Z,2016-11-06T19:30:00+05:30,1,01:00:00,1,00:15:00,100.0,0.0,2016-11-06T13:45:00Z,2016-11-06T19:15:00+05:30,2016-11-06T14:00:00Z,2016-11-06T19:30:00+05:30
145.1,,,False,5,no2,µg/m³,,raw,01:00:00,2016-11-06T13:15:00Z,2016-11-06T18:45:00+05:30,2016-11-06T14:15:00Z,2016-11-06T19:45:00+05:30,1,01:00:00,1,00:15:00,100.0,0.0,2016-11-06T14:00:00Z,2016-11-06T19:30:00+05:30,2016-11-06T14:15:00Z,2016-11-06T19:45:00+05:30
122.5,,,False,5,no2,µg/m³,,raw,01:00:00,2016-11-06T13:30:00Z,2016-11-06T19:00:00+05:30,2016-11-06T14:30:00Z,2016-11-06T20:00:00+05:30,1,01:00:00,1,00:15:00,100.0,0.0,2016-11-06T14:15:00Z,2016-11-06T19:45:00+05:30,2016-11-06T14:30:00Z,2016-11-06T20:00:00+05:30
114.0,,,False,5,no2,µg/m³,,raw,01:00:00,2016-11-06T13:45:00Z,2016-11-06T19:15:00+05:30,2016-11-06T14:45:00Z,2016-11-06T20:15:00+05:30,1,01:00:00,1,00:15:00,100.0,0.0,2016-11-06T14:30:00Z,2016-11-06T20:00:00+05:30,2016-11-06T14:45:00Z,2016-11-06T20:15:00+05:30
131.8,,,False,5,no2,µg/m³,,raw,01:00:00,2016-11-06T14:00:00Z,2016-11-06T19:30:00+05:30,2016-11-06T15:00:00Z,2016-11-06T20:30:00+05:30,1,01:00:00,1,00:15:00,100.0,0.0,2016-11-06T14:45:00Z,2016-11-06T20:15:00+05:30,2016-11-06T15:00:00Z,2016-11-06T20:30:00+05:30
122.4,,,False,5,no2,µg/m³,,raw,01:00:00,2016-11-06T14:15:00Z,2016-11-06T19:45:00+05:30,2016-11-06T15:15:00Z,2016-11-06T20:45:00+05:30,1,01:00:00,1,00:15:00,100.0,0.0,2016-11-06T15:00:00Z,2016-11-06T20:30:00+05:30,2016-11-06T15:15:00Z,2016-11-06T20:45:00+05:30
122.2,,,False,5,no2,µg/m³,,raw,01:00:00,2016-11-06T14:30:00Z,2016-11-06T20:00:00+05:30,2016-11-06T15:30:00Z,2016-11-06T21:00:00+05:30,1,01:00:00,1,00:15:00,100.0,0.0,2016-11-06T15:15:00Z,2016-11-06T20:45:00+05:30,2016-11-06T15:30:00Z,2016-11-06T21:00:00+05:30
120.3,,,False,5,no2,µg/m³,,raw,01:00:00,2016-11-06T14:45:00Z,2016-11-06T20:15:00+05:30,2016-11-06T15:45:00Z,2016-11-06T21:15:00+05:30,1,01:00:00,1,00:15:00,100.0,0.0,2016-11-06T15:30:00Z,2016-11-06T21:00:00+05:30,2016-11-06T15:45:00Z,2016-11-06T21:15:00+05:30
116.8,,,False,5,no2,µg/m³,,raw,01:00:00,2016-11-06T15:00:00Z,2016-11-06T20:30:00+05:30,2016-11-06T16:00:00Z,2016-11-06T21:30:00+05:30,1,01:00:00,1,00:15:00,100.0,0.0,2016-11-06T15:45:00Z,2016-11-06T21:15:00+05:30,2016-11-06T16:00:00Z,2016-11-06T21:30:00+05:30
106.9,,,False,5,no2,µg/m³,,raw,01:00:00,2016-11-06T15:15:00Z,2016-11-06T20:45:00+05:30,2016-11-06T16:15:00Z,2016-11-06T21:45:00+05:30,1,01:00:00,1,00:15:00,100.0,0.0,2016-11-06T16:00:00Z,2016-11-06T21:30:00+05:30,2016-11-06T16:15:00Z,2016-11-06T21:45:00+05:30
107.6,,,False,5,no2,µg/m³,,raw,01:00:00,2016-11-06T15:30:00Z,2016-11-06T21:00:00+05:30,2016-11-06T16:30:00Z,2016-11-06T22:00:00+05:30,1,01:00:00,1,00:15:00,100.0,0.0,2016-11-06T16:15:00Z,2016-11-06T21:45:00+05:30,2016-11-06T16:30:00Z,2016-11-06T22:00:00+05:30
105.2,,,False,5,no2,µg/m³,,raw,01:00:00,2016-11-06T15:45:00Z,2016-11-06T21:15:00+05:30,2016-11-06T16:45:00Z,2016-11-06T22:15:00+05:30,1,01:00:00,1,00:15:00,100.0,0.0,2016-11-06T16:30:00Z,2016-11-06T22:00:00+05:30,2016-11-06T16:45:00Z,2016-11-06T22:15:00+05:30
111.8,,,False,5,no2,µg/m³,,raw,01:00:00,2016-11-06T16:00:00Z,2016-11-06T21:30:00+05:30,2016-11-06T17:00:00Z,2016-11-06T22:30:00+05:30,1,01:00:00,1,00:15:00,100.0,0.0,2016-11-06T16:45:00Z,2016-11-06T22:15:00+05:30,2016-11-06T17:00:00Z,2016-11-06T22:30:00+05:30
109.6,,,False,5,no2,µg/m³,,raw,01:00:00,2016-11-06T16:15:00Z,2016-11-06T21:45:00+05:30,2016-11-06T17:15:00Z,2016-11-06T22:45:00+05:30,1,01:00:00,1,00:15:00,100.0,0.0,2016-11-06T17:00:00Z,2016-11-06T22:30:00+05:30,2016-11-06T17:15:00Z,2016-11-06T22:45:00+05:30
106.0,,,False,5,no2,µg/m³,,raw,01:00:00,2016-11-06T16:30:00Z,2016-11-06T22:00:00+05:30,2016-11-06T17:30:00Z,2016-11-06T23:00:00+05:30,1,01:00:00,1,00:15:00,100.0,0.0,2016-11-06T17:15:00Z,2016-11-06T22:45:00+05:30,2016-11-06T17:30:00Z,2016-11-06T23:00:00+05:30
97.9,,,False,5,no2,µg/m³,,raw,01:00:00,2016-11-06T16:45:00Z,2016-11-06T22:15:00+05:30,2016-11-06T17:45:00Z,2016-11-06T23:15:00+05:30,1,01:00:00,1,00:15:00,100.0,0.0,2016-11-06T17:30:00Z,2016-11-06T23:00:00+05:30,2016-11-06T17:45:00Z,2016-11-06T23:15:00+05:30
93.4,,,False,5,no2,µg/m³,,raw,01:00:00,2016-11-06T17:00:00Z,2016-11-06T22:30:00+05:30,2016-11-06T18:00:00Z,2016-11-06T23:30:00+05:30,1,01:00:00,1,00:15:00,100.0,0.0,2016-11-06T17:45:00Z,2016-11-06T23:15:00+05:30,2016-11-06T18:00:00Z,2016-11-06T23:30:00+05:30
100.5,,,False,5,no2,µg/m³,,raw,01:00:00,2016-11-06T17:15:00Z,2016-11-06T22:45:00+05:30,2016-11-06T18:15:00Z,2016-11-06T23:45:00+05:30,1,01:00:00,1,00:15:00,100.0,0.0,2016-11-06T18:00:00Z,2016-11-06T23:30:00+05:30,2016-11-06T18:15:00Z,2016-11-06T23:45:00+05:30
88.9,,,False,5,no2,µg/m³,,raw,01:00:00,2016-11-06T17:45:00Z,2016-11-06T23:15:00+05:30,2016-11-06T18:45:00Z,2016-11-07T00:15:00+05:30,1,01:00:00,1,00:15:00,100.0,0.0,2016-11-06T18:30:00Z,2016-11-07T00:00:00+05:30,2016-11-06T18:45:00Z,2016-11-07T00:15:00+05:30
91.0,,,False,5,no2,µg/m³,,raw,01:00:00,2016-11-06T18:00:00Z,2016-11-06T23:30:00+05:30,2016-11-06T19:00:00Z,2016-11-07T00:30:00+05:30,1,01:00:00,1,00:15:00,100.0,0.0,2016-11-06T18:45:00Z,2016-11-07T00:15:00+05:30,2016-11-06T19:00:00Z,2016-11-07T00:30:00+05:30
91.6,,,False,5,no2,µg/m³,,raw,01:00:00,2016-11-06T18:15:00Z,2016-11-06T23:45:00+05:30,2016-11-06T19:15:00Z,2016-11-07T00:45:00+05:30,1,01:00:00,1,00:15:00,100.0,0.0,2016-11-06T19:00:00Z,2016-11-07T00:30:00+05:30,2016-11-06T19:15:00Z,2016-11-07T00:45:00+05:30
96.9,,,False,5,no2,µg/m³,,raw,01:00:00,2016-11-06T18:30:00Z,2016-11-07T00:00:00+05:30,2016-11-06T19:30:00Z,2016-11-07T01:00:00+05:30,1,01:00:00,1,00:15:00,100.0,0.0,2016-11-06T19:15:00Z,2016-11-07T00:45:00+05:30,2016-11-06T19:30:00Z,2016-11-07T01:00:00+05:30
83.2,,,False,5,no2,µg/m³,,raw,01:00:00,2016-11-06T18:45:00Z,2016-11-07T00:15:00+05:30,2016-11-06T19:45:00Z,2016-11-07T01:15:00+05:30,1,01:00:00,1,00:15:00,100.0,0.0,2016-11-06T19:30:00Z,2016-11-07T01:00:00+05:30,2016-11-06T19:45:00Z,2016-11-07T01:15:00+05:30
96.5,,,False,5,no2,µg/m³,,raw,01:00:00,2016-11-06T19:00:00Z,2016-11-07T00:30:00+05:30,2016-11-06T20:00:00Z,2016-11-07T01:30:00+05:30,1,01:00:00,1,00:15:00,100.0,0.0,2016-11-06T19:45:00Z,2016-11-07T01:15:00+05:30,2016-11-06T20:00:00Z,2016-11-07T01:30:00+05:30
93.8,,,False,5,no2,µg/m³,,raw,01:00:00,2016-11-06T19:15:00Z,2016-11-07T00:45:00+05:30,2016-11-06T20:15:00Z,2016-11-07T01:45:00+05:30,1,01:00:00,1,00:15:00,100.0,0.0,2016-11-06T20:00:00Z,2016-11-07T01:30:00+05:30,2016-11-06T20:15:00Z,2016-11-07T01:45:00+05:30
115.2,,,False,5,no2,µg/m³,,raw,01:00:00,2016-11-06T19:30:00Z,2016-11-07T01:00:00+05:30,2016-11-06T20:30:00Z,2016-11-07T02:00:00+05:30,1,01:00:00,1,00:15:00,100.0,0.0,2016-11-06T20:15:00Z,2016-11-07T01:45:00+05:30,2016-11-06T20:30:00Z,2016-11-07T02:00:00+05:30
119.8,,,False,5,no2,µg/m³,,raw,01:00:00,2016-11-06T19:45:00Z,2016-11-07T01:15:00+05:30,2016-11-06T20:45:00Z,2016-11-07T02:15:00+05:30,1,01:00:00,1,00:15:00,100.0,0.0,2016-11-06T20:30:00Z,2016-11-07T02:00:00+05:30,2016-11-06T20:45:00Z,2016-11-07T02:15:00+05:30
134.2,,,False,5,no2,µg/m³,,raw,01:00:00,2016-11-06T20:45:00Z,2016-11-07T02:15:00+05:30,2016-11-06T21:45:00Z,2016-11-07T03:15:00+05:30,1,01:00:00,1,00:15:00,100.0,0.0,2016-11-06T21:30:00Z,2016-11-07T03:00:00+05:30,2016-11-06T21:45:00Z,2016-11-07T03:15:00+05:30
121.7,,,False,5,no2,µg/m³,,raw,01:00:00,2016-11-06T21:00:00Z,2016-11-07T02:30:00+05:30,2016-11-06T22:00:00Z,2016-11-07T03:30:00+05:30,1,01:00:00,1,00:15:00,100.0,0.0,2016-11-06T21:45:00Z,2016-11-07T03:15:00+05:30,2016-11-06T22:00:00Z,2016-11-07T03:30:00+05:30
113.1,,,False,5,no2,µg/m³,,raw,01:00:00,2016-11-06T21:15:00Z,2016-11-07T02:45:00+05:30,2016-11-06T22:15:00Z,2016-11-07T03:45:00+05:30,1,01:00:00,1,00:15:00,100.0,0.0,2016-11-06T22:00:00Z,2016-11-07T03:30:00+05:30,2016-11-06T22:15:00Z,2016-11-07T03:45:00+05:30
109.7,,,False,5,no2,µg/m³,,raw,01:00:00,2016-11-06T21:30:00Z,2016-11-07T03:00:00+05:30,2016-11-06T22:30:00Z,2016-11-07T04:00:00+05:30,1,01:00:00,1,00:15:00,100.0,0.0,2016-11-06T22:15:00Z,2016-11-07T03:45:00+05:30,2016-11-06T22:30:00Z,2016-11-07T04:00:00+05:30
104.4,,,False,5,no2,µg/m³,,raw,01:00:00,2016-11-06T21:45:00Z,2016-11-07T03:15:00+05:30,2016-11-06T22:45:00Z,2016-11-07T04:15:00+05:30,1,01:00:00,1,00:15:00,100.0,0.0,2016-11-06T22:30:00Z,2016-11-07T04:00:00+05:30,2016-11-06T22:45:00Z,2016-11-07T04:15:00+05:30
103.7,,,False,5,no2,µg/m³,,raw,01:00:00,2016-11-06T22:00:00Z,2016-11-07T03:30:00+05:30,2016-11-06T23:00:00Z,2016-11-07T04:30:00+05:30,1,01:00:00,1,00:15:00,100.0,0.0,2016-11-06T22:45:00Z,2016-11-07T04:15:00+05:30,2016-11-06T23:00:00Z,2016-11-07T04:30:00+05:30
113.4,,,False,5,no2,µg/m³,,raw,01:00:00,2016-11-06T22:15:00Z,2016-11-07T03:45:00+05:30,2016-11-06T23:15:00Z,2016-11-07T04:45:00+05:30,1,01:00:00,1,00:15:00,100.0,0.0,2016-11-06T23:00:00Z,2016-11-07T04:30:00+05:30,2016-11-06T23:15:00Z,2016-11-07T04:45:00+05:30
101.7,,,False,5,no2,µg/m³,,raw,01:00:00,2016-11-06T22:30:00Z,2016-11-07T04:00:00+05:30,2016-11-06T23:30:00Z,2016-11-07T05:00:00+05:30,1,01:00:00,1,00:15:00,100.0,0.0,2016-11-06T23:15:00Z,2016-11-07T04:45:00+05:30,2016-11-06T23:30:00Z,2016-11-07T05:00:00+05:30
110.6,,,False,5,no2,µg/m³,,raw,01:00:00,2016-11-06T22:45:00Z,2016-11-07T04:15:00+05:30,2016-11-06T23:45:00Z,2016-11-07T05:15:00+05:30,1,01:00:00,1,00:15:00,100.0,0.0,2016-11-06T23:30:00Z,2016-11-07T05:00:00+05:30,2016-11-06T23:45:00Z,2016-11-07T05:15:00+05:30
113.2,,,False,5,no2,µg/m³,,raw,01:00:00,2016-11-06T23:00:00Z,2016-11-07T04:30:00+05:30,2016-11-07T00:00:00Z,2016-11-07T05:30:00+05:30,1,01:00:00,1,00:15:00,100.0,0.0,2016-11-06T23:45:00Z,2016-11-07T05:15:00+05:30,2016-11-07T00:00:00Z,2016-11-07T05:30:00+05:30
98.7,,,False,5,no2,µg/m³,,raw,01:00:00,2016-11-06T23:15:00Z,2016-11-07T04:45:00+05:30,2016-11-07T00:15:00Z,2016-11-07T05:45:00+05:30,1,01:00:00,1,00:15:00,100.0,0.0,2016-11-07T00:00:00Z,2016-11-07T05:30:00+05:30,2016-11-07T00:15:00Z,2016-11-07T05:45:00+05:30
101.2,,,False,5,no2,µg/m³,,raw,01:00:00,2016-11-06T23:30:00Z,2016-11-07T05:00:00+05:30,2016-11-07T00:30:00Z,2016-11-07T06:00:00+05:30,1,01:00:00,1,00:15:00,100.0,0.0,2016-11-07T00:15:00Z,2016-11-07T05:45:00+05:30,2016-11-07T00:30:00Z,2016-11-07T06:00:00+05:30
101.9,,,False,5,no2,µg/m³,,raw,01:00:00,2016-11-06T23:45:00Z,2016-11-07T05:15:00+05:30,2016-11-07T00:45:00Z,2016-11-07T06:15:00+05:30,1,01:00:00,1,00:15:00,100.0,0.0,2016-11-07T00:30:00Z,2016-11-07T06:00:00+05:30,2016-11-07T00:45:00Z,2016-11-07T06:15:00+05:30
124.5,,,False,5,no2,µg/m³,,raw,01:00:00,2016-11-07T00:00:00Z,2016-11-07T05:30:00+05:30,2016-11-07T01:00:00Z,2016-11-07T06:30:00+05:30,1,01:00:00,1,00:15:00,100.0,0.0,2016-11-07T00:45:00Z,2016-11-07T06:15:00+05:30,2016-11-07T01:00:00Z,2016-11-07T06:30:00+05:30
113.9,,,False,5,no2,µg/m³,,raw,01:00:00,2016-11-07T00:15:00Z,2016-11-07T05:45:00+05:30,2016-11-07T01:15:00Z,2016-11-07T06:45:00+05:30,1,01:00:00,1,00:15:00,100.0,0.0,2016-11-07T01:00:00Z,2016-11-07T06:30:00+05:30,2016-11-07T01:15:00Z,2016-11-07T06:45:00+05:30
104.2,,,False,5,no2,µg/m³,,raw,01:00:00,2016-11-07T00:30:00Z,2016-11-07T06:00:00+05:30,2016-11-07T01:30:00Z,2016-11-07T07:00:00+05:30,1,01:00:00,1,00:15:00,100.0,0.0,2016-11-07T01:15:00Z,2016-11-07T06:45:00+05:30,2016-11-07T01:30:00Z,2016-11-07T07:00:00+05:30
100.1,,,False,5,no2,µg/m³,,raw,01:00:00,2016-11-07T00:45:00Z,2016-11-07T06:15:00+05:30,2016-11-07T01:45:00Z,2016-11-07T07:15:00+05:30,1,01:00:00,1,00:15:00,100.0,0.0,2016-11-07T01:30:00Z,2016-11-07T07:00:00+05:30,2016-11-07T01:45:00Z,2016-11-07T07:15:00+05:30
100.5,,,False,5,no2,µg/m³,,raw,01:00:00,2016-11-07T01:00:00Z,2016-11-07T06:30:00+05:30,2016-11-07T02:00:00Z,2016-11-07T07:30:00+05:30,1,01:00:00,1,00:15:00,100.0,0.0,2016-11-07T01:45:00Z,2016-11-07T07:15:00+05:30,2016-11-07T02:00:00Z,2016-11-07T07:30:00+05:30
93.7,,,False,5,no2,µg/m³,,raw,01:00:00,2016-11-07T01:15:00Z,2016-11-07T06:45:00+05:30,2016-11-07T02:15:00Z,2016-11-07T07:45:00+05:30,1,01:00:00,1,00:15:00,100.0,0.0,2016-11-07T02:00:00Z,2016-11-07T07:30:00+05:30,2016-11-07T02:15:00Z,2016-11-07T07:45:00+05:30
107.5,,,False,5,no2,µg/m³,,raw,01:00:00,2016-11-07T01:30:00Z,2016-11-07T07:00:00+05:30,2016-11-07T02:30:00Z,2016-11-07T08:00:00+05:30,1,01:00:00,1,00:15:00,100.0,0.0,2016-11-07T02:15:00Z,2016-11-07T07:45:00+05:30,2016-11-07T02:30:00Z,2016-11-07T08:00:00+05:30
133.0,,,False,5,no2,µg/m³,,raw,01:00:00,2016-11-07T01:45:00Z,2016-11-07T07:15:00+05:30,2016-11-07T02:45:00Z,2016-11-07T08:15:00+05:30,1,01:00:00,1,00:15:00,100.0,0.0,2016-11-07T02:30:00Z,2016-11-07T08:00:00+05:30,2016-11-07T02:45:00Z,2016-11-07T08:15:00+05:30
141.1,,,False,5,no2,µg/m³,,raw,01:00:00,2016-11-07T02:00:00Z,2016-11-07T07:30:00+05:30,2016-11-07T03:00:00Z,2016-11-07T08:30:00+05:30,1,01:00:00,1,00:15:00,100.0,0.0,2016-11-07T02:45:00Z,2016-11-07T08:15:00+05:30,2016-11-07T03:00:00Z,2016-11-07T08:30:00+05:30
175.7,,,False,5,no2,µg/m³,,raw,01:00:00,2016-11-07T02:15:00Z,2016-11-07T07:45:00+05:30,2016-11-07T03:15:00Z,2016-11-07T08:45:00+05:30,1,01:00:00,1,00:15:00,100.0,0.0,2016-11-07T03:00:00Z,2016-11-07T08:30:00+05:30,2016-11-07T03:15:00Z,2016-11-07T08:45:00+05:30
194.3,,,False,5,no2,µg/m³,,raw,01:00:00,2016-11-07T02:30:00Z,2016-11-07T08:00:00+05:30,2016-11-07T03:30:00Z,2016-11-07T09:00:00+05:30,1,01:00:00,1,00:15:00,100.0,0.0,2016-11-07T03:15:00Z,2016-11-07T08:45:00+05:30,2016-11-07T03:30:00Z,2016-11-07T09:00:00+05:30
239.8,,,False,5,no2,µg/m³,,raw,01:00:00,2016-11-07T02:45:00Z,2016-11-07T08:15:00+05:30,2016-11-07T03:45:00Z,2016-11-07T09:15:00+05:30,1,01:00:00,1,00:15:00,100.0,0.0,2016-11-07T03:30:00Z,2016-11-07T09:00:00+05:30,2016-11-07T03:45:00Z,2016-11-07T09:15:00+05:30
225.1,,,False,5,no2,µg/m³,,raw,01:00:00,2016-11-07T03:00:00Z,2016-11-07T08:30:00+05:30,2016-11-07T04:00:00Z,2016-11-07T09:30:00+05:30,1,01:00:00,1,00:15:00,100.0,0.0,2016-11-07T03:45:00Z,2016-11-07T09:15:00+05:30,2016-11-07T04:00:00Z,2016-11-07T09:30:00+05:30
236.7,,,False,5,no2,µg/m³,,raw,01:00:00,2016-11-07T03:15:00Z,2016-11-07T08:45:00+05:30,2016-11-07T04:15:00Z,2016-11-07T09:45:00+05:30,1,01:00:00,1,00:15:00,100.0,0.0,2016-11-07T04:00:00Z,2016-11-07T09:30:00+05:30,2016-11-07T04:15:00Z,2016-11-07T09:45:00+05:30
154.5,,,False,5,no2,µg/m³,,raw,01:00:00,2016-11-07T03:30:00Z,2016-11-07T09:00:00+05:30,2016-11-07T04:30:00Z,2016-11-07T10:00:00+05:30,1,01:00:00,1,00:15:00,100.0,0.0,2016-11-07T04:15:00Z,2016-11-07T09:45:00+05:30,2016-11-07T04:30:00Z,2016-11-07T10:00:00+05:30
164.0,,,False,5,no2,µg/m³,,raw,01:00:00,2016-11-07T03:45:00Z,2016-11-07T09:15:00+05:30,2016-11-07T04:45:00Z,2016-11-07T10:15:00+05:30,1,01:00:00,1,00:15:00,100.0,0.0,2016-11-07T04:30:00Z,2016-11-07T10:00:00+05:30,2016-11-07T04:45:00Z,2016-11-07T10:15:00+05:30
141.6,,,False,5,no2,µg/m³,,raw,01:00:00,2016-11-07T04:00:00Z,2016-11-07T09:30:00+05:30,2016-11-07T05:00:00Z,2016-11-07T10:30:00+05:30,1,01:00:00,1,00:15:00,100.0,0.0,2016-11-07T04:45:00Z,2016-11-07T10:15:00+05:30,2016-11-07T05:00:00Z,2016-11-07T10:30:00+05:30
133.4,,,False,5,no2,µg/m³,,raw,01:00:00,2016-11-07T04:15:00Z,2016-11-07T09:45:00+05:30,2016-11-07T05:15:00Z,2016-11-07T10:45:00+05:30,1,01:00:00,1,00:15:00,100.0,0.0,2016-11-07T05:00:00Z,2016-11-07T10:30:00+05:30,2016-11-07T05:15:00Z,2016-11-07T10:45:00+05:30
132.6,,,False,5,no2,µg/m³,,raw,01:00:00,2016-11-07T04:30:00Z,2016-11-07T10:00:00+05:30,2016-11-07T05:30:00Z,2016-11-07T11:00:00+05:30,1,01:00:00,1,00:15:00,100.0,0.0,2016-11-07T05:15:00Z,2016-11-07T10:45:00+05:30,2016-11-07T05:30:00Z,2016-11-07T11:00:00+05:30
106.5,,,False,5,no2,µg/m³,,raw,01:00:00,2016-11-07T04:45:00Z,2016-11-07T10:15:00+05:30,2016-11-07T05:45:00Z,2016-11-07T11:15:00+05:30,1,01:00:00,1,00:15:00,100.0,0.0,2016-11-07T05:30:00Z,2016-11-07T11:00:00+05:30,2016-11-07T05:45:00Z,2016-11-07T11:15:00+05:30
98.5,,,False,5,no2,µg/m³,,raw,01:00:00,2016-11-07T05:00:00Z,2016-11-07T10:30:00+05:30,2016-11-07T06:00:00Z,2016-11-07T11:30:00+05:30,1,01:00:00,1,00:15:00,100.0,0.0,2016-11-07T05:45:00Z,2016-11-07T11:15:00+05:30,2016-11-07T06:00:00Z,2016-11-07T11:30:00+05:30
69.1,,,False,5,no2,µg/m³,,raw,01:00:00,2016-11-07T05:15:00Z,2016-11-07T10:45:00+05:30,2016-11-07T06:15:00Z,2016-11-07T11:45:00+05:30,1,01:00:00,1,00:15:00,100.0,0.0,2016-11-07T06:00:00Z,2016-11-07T11:30:00+05:30,2016-11-07T06:15:00Z,2016-11-07T11:45:00+05:30
71.2,,,False,5,no2,µg/m³,,raw,01:00:00,2016-11-07T05:30:00Z,2016-11-07T11:00:00+05:30,2016-11-07T06:30:00Z,2016-11-07T12:00:00+05:30,1,01:00:00,1,00:15:00,100.0,0.0,2016-11-07T06:15:00Z,2016-11-07T11:45:00+05:30,2016-11-07T06:30:00Z,2016-11-07T12:00:00+05:30
60.1,,,False,5,no2,µg/m³,,raw,01:00:00,2016-11-07T05:45:00Z,2016-11-07T11:15:00+05:30,2016-11-07T06:45:00Z,2016-11-07T12:15:00+05:30,1,01:00:00,1,00:15:00,100.0,0.0,2016-11-07T06:30:00Z,2016-11-07T12:00:00+05:30,2016-11-07T06:45:00Z,2016-11-07T12:15:00+05:30
65.0,,,False,5,no2,µg/m³,,raw,01:00:00,2016-11-07T06:00:00Z,2016-11-07T11:30:00+05:30,2016-11-07T07:00:00Z,2016-11-07T12:30:00+05:30,1,01:00:00,1,00:15:00,100.0,0.0,2016-11-07T06:45:00Z,2016-11-07T12:15:00+05:30,2016-11-07T07:00:00Z,2016-11-07T12:30:00+05:30
60.1,,,False,5,no2,µg/m³,,raw,01:00:00,2016-11-07T06:15:00Z,2016-11-07T11:45:00+05:30,2016-11-07T07:15:00Z,2016-11-07T12:45:00+05:30,1,01:00:00,1,00:15:00,100.0,0.0,2016-11-07T07:00:00Z,2016-11-07T12:30:00+05:30,2016-11-07T07:15:00Z,2016-11-07T12:45:00+05:30
57.2,,,False,5,no2,µg/m³,,raw,01:00:00,2016-11-07T06:30:00Z,2016-11-07T12:00:00+05:30,2016-11-07T07:30:00Z,2016-11-07T13:00:00+05:30,1,01:00:00,1,00:15:00,100.0,0.0,2016-11-07T07:15:00Z,2016-11-07T12:45:00+05:30,2016-11-07T07:30:00Z,2016-11-07T13:00:00+05:30
64.0,,,False,5,no2,µg/m³,,raw,01:00:00,2016-11-07T06:45:00Z,2016-11-07T12:15:00+05:30,2016-11-07T07:45:00Z,2016-11-07T13:15:00+05:30,1,01:00:00,1,00:15:00,100.0,0.0,2016-11-07T07:30:00Z,2016-11-07T13:00:00+05:30,2016-11-07T07:45:00Z,2016-11-07T13:15:00+05:30
49.9,,,False,5,no2,µg/m³,,raw,01:00:00,2016-11-07T08:00:00Z,2016-11-07T13:30:00+05:30,2016-11-07T09:00:00Z,2016-11-07T14:30:00+05:30,1,01:00:00,1,00:15:00,100.0,0.0,2016-11-07T08:45:00Z,2016-11-07T14:15:00+05:30,2016-11-07T09:00:00Z,2016-11-07T14:30:00+05:30
58.9,,,False,5,no2,µg/m³,,raw,01:00:00,2016-11-07T08:15:00Z,2016-11-07T13:45:00+05:30,2016-11-07T09:15:00Z,2016-11-07T14:45:00+05:30,1,01:00:00,1,00:15:00,100.0,0.0,2016-11-07T09:00:00Z,2016-11-07T14:30:00+05:30,2016-11-07T09:15:00Z,2016-11-07T14:45:00+05:30
52.6,,,False,5,no2,µg/m³,,raw,01:00:00,2016-11-07T08:30:00Z,2016-11-07T14:00:00+05:30,2016-11-07T09:30:00Z,2016-11-07T15:00:00+05:30,1,01:00:00,1,00:15:00,100.0,0.0,2016-11-07T09:15:00Z,2016-11-07T14:45:00+05:30,2016-11-07T09:30:00Z,2016-11-07T15:00:00+05:30
50.9,,,False,5,no2,µg/m³,,raw,01:00:00,2016-11-07T08:45:00Z,2016-11-07T14:15:00+05:30,2016-11-07T09:45:00Z,2016-11-07T15:15:00+05:30,1,01:00:00,1,00:15:00,100.0,0.0,2016-11-07T09:30:00Z,2016-11-07T15:00:00+05:30,2016-11-07T09:45:00Z,2016-11-07T15:15:00+05:30
48.1,,,False,5,no2,µg/m³,,raw,01:00:00,2016-11-07T09:00:00Z,2016-11-07T14:30:00+05:30,2016-11-07T10:00:00Z,2016-11-07T15:30:00+05:30,1,01:00:00,1,00:15:00,100.0,0.0,2016-11-07T09:45:00Z,2016-11-07T15:15:00+05:30,2016-11-07T10:00:00Z,2016-11-07T15:30:00+05:30
56.4,,,False,5,no2,µg/m³,,raw,01:00:00,2016-11-07T09:15:00Z,2016-11-07T14:45:00+05:30,2016-11-07T10:15:00Z,2016-11-07T15:45:00+05:30,1,01:00:00,1,00:15:00,100.0,0.0,2016-11-07T10:00:00Z,2016-11-07T15:30:00+05:30,2016-11-07T10:15:00Z,2016-11-07T15:45:00+05:30
61.2,,,False,5,no2,µg/m³,,raw,01:00:00,2016-11-07T09:30:00Z,2016-11-07T15:00:00+05:30,2016-11-07T10:30:00Z,2016-11-07T16:00:00+05:30,1,01:00:00,1,00:15:00,100.0,0.0,2016-11-07T10:15:00Z,2016-11-07T15:45:00+05:30,2016-11-07T10:30:00Z,2016-11-07T16:00:00+05:30
57.4,,,False,5,no2,µg/m³,,raw,01:00:00,2016-11-07T09:45:00Z,2016-11-07T15:15:00+05:30,2016-11-07T10:45:00Z,2016-11-07T16:15:00+05:30,1,01:00:00,1,00:15:00,100.0,0.0,2016-11-07T10:30:00Z,2016-11-07T16:00:00+05:30,2016-11-07T10:45:00Z,2016-11-07T16:15:00+05:30
67.3,,,False,5,no2,µg/m³,,raw,01:00:00,2016-11-07T10:00:00Z,2016-11-07T15:30:00+05:30,2016-11-07T11:00:00Z,2016-11-07T16:30:00+05:30,1,01:00:00,1,00:15:00,100.0,0.0,2016-11-07T10:45:00Z,2016-11-07T16:15:00+05:30,2016-11-07T11:00:00Z,2016-11-07T16:30:00+05:30
81.2,,,False,5,no2,µg/m³,,raw,01:00:00,2016-11-07T10:15:00Z,2016-11-07T15:45:00+05:30,2016-11-07T11:15:00Z,2016-11-07T16:45:00+05:30,1,01:00:00,1,00:15:00,100.0,0.0,2016-11-07T11:00:00Z,2016-11-07T16:30:00+05:30,2016-11-07T11:15:00Z,2016-11-07T16:45:00+05:30
87.3,,,False,5,no2,µg/m³,,raw,01:00:00,2016-11-07T10:30:00Z,2016-11-07T16:00:00+05:30,2016-11-07T11:30:00Z,2016-11-07T17:00:00+05:30,1,01:00:00,1,00:15:00,100.0,0.0,2016-11-07T11:15:00Z,2016-11-07T16:45:00+05:30,2016-11-07T11:30:00Z,2016-11-07T17:00:00+05:30
99.9,,,False,5,no2,µg/m³,,raw,01:00:00,2016-11-07T10:45:00Z,2016-11-07T16:15:00+05:30,2016-11-07T11:45:00Z,2016-11-07T17:15:00+05:30,1,01:00:00,1,00:15:00,100.0,0.0,2016-11-07T11:30:00Z,2016-11-07T17:00:00+05:30,2016-11-07T11:45:00Z,2016-11-07T17:15:00+05:30
94.0,,,False,5,no2,µg/m³,,raw,01:00:00,2016-11-07T11:00:00Z,2016-11-07T16:30:00+05:30,2016-11-07T12:00:00Z,2016-11-07T17:30:00+05:30,1,01:00:00,1,00:15:00,100.0,0.0,2016-11-07T11:45:00Z,2016-11-07T17:15:00+05:30,2016-11-07T12:00:00Z,2016-11-07T17:30:00+05:30
100.6,,,False,5,no2,µg/m³,,raw,01:00:00,2016-11-07T11:15:00Z,2016-11-07T16:45:00+05:30,2016-11-07T12:15:00Z,2016-11-07T17:45:00+05:30,1,01:00:00,1,00:15:00,100.0,0.0,2016-11-07T12:00:00Z,2016-11-07T17:30:00+05:30,2016-11-07T12:15:00Z,2016-11-07T17:45:00+05:30
113.0,,,False,5,no2,µg/m³,,raw,01:00:00,2016-11-07T11:30:00Z,2016-11-07T17:00:00+05:30,2016-11-07T12:30:00Z,2016-11-07T18:00:00+05:30,1,01:00:00,1,00:15:00,100.0,0.0,2016-11-07T12:15:00Z,2016-11-07T17:45:00+05:30,2016-11-07T12:30:00Z,2016-11-07T18:00:00+05:30
113.9,,,False,5,no2,µg/m³,,raw,01:00:00,2016-11-07T11:45:00Z,2016-11-07T17:15:00+05:30,2016-11-07T12:45:00Z,2016-11-07T18:15:00+05:30,1,01:00:00,1,00:15:00,100.0,0.0,2016-11-07T12:30:00Z,2016-11-07T18:00:00+05:30,2016-11-07T12:45:00Z,2016-11-07T18:15:00+05:30
114.5,,,False,5,no2,µg/m³,,raw,01:00:00,2016-11-07T12:00:00Z,2016-11-07T17:30:00+05:30,2016-11-07T13:00:00Z,2016-11-07T18:30:00+05:30,1,01:00:00,1,00:15:00,100.0,0.0,2016-11-07T12:45:00Z,2016-11-07T18:15:00+05:30,2016-11-07T13:00:00Z,2016-11-07T18:30:00+05:30
137.2,,,False,5,no2,µg/m³,,raw,01:00:00,2016-11-07T12:15:00Z,2016-11-07T17:45:00+05:30,2016-11-07T13:15:00Z,2016-11-07T18:45:00+05:30,1,01:00:00,1,00:15:00,100.0,0.0,2016-11-07T13:00:00Z,2016-11-07T18:30:00+05:30,2016-11-07T13:15:00Z,2016-11-07T18:45:00+05:30
141.1,,,False,5,no2,µg/m³,,raw,01:00:00,2016-11-07T12:30:00Z,2016-11-07T18:00:00+05:30,2016-11-07T13:30:00Z,2016-11-07T19:00:00+05:30,1,01:00:00,1,00:15:00,100.0,0.0,2016-11-07T13:15:00Z,2016-11-07T18:45:00+05:30,2016-11-07T13:30:00Z,2016-11-07T19:00:00+05:30
134.2,,,False,5,no2,µg/m³,,raw,01:00:00,2016-11-07T12:45:00Z,2016-11-07T18:15:00+05:30,2016-11-07T13:45:00Z,2016-11-07T19:15:00+05:30,1,01:00:00,1,00:15:00,100.0,0.0,2016-11-07T13:30:00Z,2016-11-07T19:00:00+05:30,2016-11-07T13:45:00Z,2016-11-07T19:15:00+05:30
127.6,,,False,5,no2,µg/m³,,raw,01:00:00,2016-11-07T13:00:00Z,2016-11-07T18:30:00+05:30,2016-11-07T14:00:00Z,2016-11-07T19:30:00+05:30,1,01:00:00,1,00:15:00,100.0,0.0,2016-11-07T13:45:00Z,2016-11-07T19:15:00+05:30,2016-11-07T14:00:00Z,2016-11-07T19:30:00+05:30
128.6,,,False,5,no2,µg/m³,,raw,01:00:00,2016-11-07T13:15:00Z,2016-11-07T18:45:00+05:30,2016-11-07T14:15:00Z,2016-11-07T19:45:00+05:30,1,01:00:00,1,00:15:00,100.0,0.0,2016-11-07T14:00:00Z,2016-11-07T19:30:00+05:30,2016-11-07T14:15:00Z,2016-11-07T19:45:00+05:30
127.8,,,False,5,no2,µg/m³,,raw,01:00:00,2016-11-07T13:30:00Z,2016-11-07T19:00:00+05:30,2016-11-07T14:30:00Z,2016-11-07T20:00:00+05:30,1,01:00:00,1,00:15:00,100.0,0.0,2016-11-07T14:15:00Z,2016-11-07T19:45:00+05:30,2016-11-07T14:30:00Z,2016-11-07T20:00:00+05:30
128.0,,,False,5,no2,µg/m³,,raw,01:00:00,2016-11-07T13:45:00Z,2016-11-07T19:15:00+05:30,2016-11-07T14:45:00Z,2016-11-07T20:15:00+05:30,1,01:00:00,1,00:15:00,100.0,0.0,2016-11-07T14:30:00Z,2016-11-07T20:00:00+05:30,2016-11-07T14:45:00Z,2016-11-07T20:15:00+05:30
121.4,,,False,5,no2,µg/m³,,raw,01:00:00,2016-11-07T14:00:00Z,2016-11-07T19:30:00+05:30,2016-11-07T15:00:00Z,2016-11-07T20:30:00+05:30,1,01:00:00,1,00:15:00,100.0,0.0,2016-11-07T14:45:00Z,2016-11-07T20:15:00+05:30,2016-11-07T15:00:00Z,2016-11-07T20:30:00+05:30
119.6,,,False,5,no2,µg/m³,,raw,01:00:00,2016-11-07T14:15:00Z,2016-11-07T19:45:00+05:30,2016-11-07T15:15:00Z,2016-11-07T20:45:00+05:30,1,01:00:00,1,00:15:00,100.0,0.0,2016-11-07T15:00:00Z,2016-11-07T20:30:00+05:30,2016-11-07T15:15:00Z,2016-11-07T20:45:00+05:30
117.1,,,False,5,no2,µg/m³,,raw,01:00:00,2016-11-07T14:30:00Z,2016-11-07T20:00:00+05:30,2016-11-07T15:30:00Z,2016-11-07T21:00:00+05:30,1,01:00:00,1,00:15:00,100.0,0.0,2016-11-07T15:15:00Z,2016-11-07T20:45:00+05:30,2016-11-07T15:30:00Z,2016-11-07T21:00:00+05:30
108.0,,,False,5,no2,µg/m³,,raw,01:00:00,2016-11-07T14:45:00Z,2016-11-07T20:15:00+05:30,2016-11-07T15:45:00Z,2016-11-07T21:15:00+05:30,1,01:00:00,1,00:15:00,100.0,0.0,2016-11-07T15:30:00Z,2016-11-07T21:00:00+05:30,2016-11-07T15:45:00Z,2016-11-07T21:15:00+05:30
109.2,,,False,5,no2,µg/m³,,raw,01:00:00,2016-11-07T15:00:00Z,2016-11-07T20:30:00+05:30,2016-11-07T16:00:00Z,2016-11-07T21:30:00+05:30,1,01:00:00,1,00:15:00,100.0,0.0,2016-11-07T15:45:00Z,2016-11-07T21:15:00+05:30,2016-11-07T16:00:00Z,2016-11-07T21:30:00+05:30
109.5,,,False,5,no2,µg/m³,,raw,01:00:00,2016-11-07T15:15:00Z,2016-11-07T20:45:00+05:30,2016-11-07T16:15:00Z,2016-11-07T21:45:00+05:30,1,01:00:00,1,00:15:00,100.0,0.0,2016-11-07T16:00:00Z,2016-11-07T21:30:00+05:30,2016-11-07T16:15:00Z,2016-11-07T21:45:00+05:30
108.7,,,False,5,no2,µg/m³,,raw,01:00:00,2016-11-07T15:30:00Z,2016-11-07T21:00:00+05:30,2016-11-07T16:30:00Z,2016-11-07T22:00:00+05:30,1,01:00:00,1,00:15:00,100.0,0.0,2016-11-07T16:15:00Z,2016-11-07T21:45:00+05:30,2016-11-07T16:30:00Z,2016-11-07T22:00:00+05:30
110.7,,,False,5,no2,µg/m³,,raw,01:00:00,2016-11-07T15:45:00Z,2016-11-07T21:15:00+05:30,2016-11-07T16:45:00Z,2016-11-07T22:15:00+05:30,1,01:00:00,1,00:15:00,100.0,0.0,2016-11-07T16:30:00Z,2016-11-07T22:00:00+05:30,2016-11-07T16:45:00Z,2016-11-07T22:15:00+05:30
102.1,,,False,5,no2,µg/m³,,raw,01:00:00,2016-11-07T16:00:00Z,2016-11-07T21:30:00+05:30,2016-11-07T17:00:00Z,2016-11-07T22:30:00+05:30,1,01:00:00,1,00:15:00,100.0,0.0,2016-11-07T16:45:00Z,2016-11-07T22:15:00+05:30,2016-11-07T17:00:00Z,2016-11-07T22:30:00+05:30
96.8,,,False,5,no2,µg/m³,,raw,01:00:00,2016-11-07T16:15:00Z,2016-11-07T21:45:00+05:30,2016-11-07T17:15:00Z,2016-11-07T22:45:00+05:30,1,01:00:00,1,00:15:00,100.0,0.0,2016-11-07T17:00:00Z,2016-11-07T22:30:00+05:30,2016-11-07T17:15:00Z,2016-11-07T22:45:00+05:30
90.4,,,False,5,no2,µg/m³,,raw,01:00:00,2016-11-07T16:30:00Z,2016-11-07T22:00:00+05:30,2016-11-07T17:30:00Z,2016-11-07T23:00:00+05:30,1,01:00:00,1,00:15:00,100.0,0.0,2016-11-07T17:15:00Z,2016-11-07T22:45:00+05:30,2016-11-07T17:30:00Z,2016-11-07T23:00:00+05:30
86.6,,,False,5,no2,µg/m³,,raw,01:00:00,2016-11-07T16:45:00Z,2016-11-07T22:15:00+05:30,2016-11-07T17:45:00Z,2016-11-07T23:15:00+05:30,1,01:00:00,1,00:15:00,100.0,0.0,2016-11-07T17:30:00Z,2016-11-07T23:00:00+05:30,2016-11-07T17:45:00Z,2016-11-07T23:15:00+05:30
78.6,,,False,5,no2,µg/m³,,raw,01:00:00,2016-11-07T17:00:00Z,2016-11-07T22:30:00+05:30,2016-11-07T18:00:00Z,2016-11-07T23:30:00+05:30,1,01:00:00,1,00:15:00,100.0,0.0,2016-11-07T17:45:00Z,2016-11-07T23:15:00+05:30,2016-11-07T18:00:00Z,2016-11-07T23:30:00+05:30
81.2,,,False,5,no2,µg/m³,,raw,01:00:00,2016-11-07T17:15:00Z,2016-11-07T22:45:00+05:30,2016-11-07T18:15:00Z,2016-11-07T23:45:00+05:30,1,01:00:00,1,00:15:00,100.0,0.0,2016-11-07T18:00:00Z,2016-11-07T23:30:00+05:30,2016-11-07T18:15:00Z,2016-11-07T23:45:00+05:30
66.6,,,False,5,no2,µg/m³,,raw,01:00:00,2016-11-07T18:30:00Z,2016-11-08T00:00:00+05:30,2016-11-07T19:30:00Z,2016-11-08T01:00:00+05:30,1,01:00:00,1,00:15:00,100.0,0.0,2016-11-07T19:15:00Z,2016-11-08T00:45:00+05:30,2016-11-07T19:30:00Z,2016-11-08T01:00:00+05:30
68.2,,,False,5,no2,µg/m³,,raw,01:00:00,2016-11-07T18:45:00Z,2016-11-08T00:15:00+05:30,2016-11-07T19:45:00Z,2016-11-08T01:15:00+05:30,1,01:00:00,1,00:15:00,100.0,0.0,2016-11-07T19:30:00Z,2016-11-08T01:00:00+05:30,2016-11-07T19:45:00Z,2016-11-08T01:15:00+05:30
61.7,,,False,5,no2,µg/m³,,raw,01:00:00,2016-11-07T19:00:00Z,2016-11-08T00:30:00+05:30,2016-11-07T20:00:00Z,2016-11-08T01:30:00+05:30,1,01:00:00,1,00:15:00,100.0,0.0,2016-11-07T19:45:00Z,2016-11-08T01:15:00+05:30,2016-11-07T20:00:00Z,2016-11-08T01:30:00+05:30
60.8,,,False,5,no2,µg/m³,,raw,01:00:00,2016-11-07T19:15:00Z,2016-11-08T00:45:00+05:30,2016-11-07T20:15:00Z,2016-11-08T01:45:00+05:30,1,01:00:00,1,00:15:00,100.0,0.0,2016-11-07T20:00:00Z,2016-11-08T01:30:00+05:30,2016-11-07T20:15:00Z,2016-11-08T01:45:00+05:30
61.1,,,False,5,no2,µg/m³,,raw,01:00:00,2016-11-07T19:30:00Z,2016-11-08T01:00:00+05:30,2016-11-07T20:30:00Z,2016-11-08T02:00:00+05:30,1,01:00:00,1,00:15:00,100.0,0.0,2016-11-07T20:15:00Z,2016-11-08T01:45:00+05:30,2016-11-07T20:30:00Z,2016-11-08T02:00:00+05:30
63.0,,,False,5,no2,µg/m³,,raw,01:00:00,2016-11-07T19:45:00Z,2016-11-08T01:15:00+05:30,2016-11-07T20:45:00Z,2016-11-08T02:15:00+05:30,1,01:00:00,1,00:15:00,100.0,0.0,2016-11-07T20:30:00Z,2016-11-08T02:00:00+05:30,2016-11-07T20:45:00Z,2016-11-08T02:15:00+05:30
64.8,,,False,5,no2,µg/m³,,raw,01:00:00,2016-11-07T20:00:00Z,2016-11-08T01:30:00+05:30,2016-11-07T21:00:00Z,2016-11-08T02:30:00+05:30,1,01:00:00,1,00:15:00,100.0,0.0,2016-11-07T20:45:00Z,2016-11-08T02:15:00+05:30,2016-11-07T21:00:00Z,2016-11-08T02:30:00+05:30
63.5,,,False,5,no2,µg/m³,,raw,01:00:00,2016-11-07T20:15:00Z,2016-11-08T01:45:00+05:30,2016-11-07T21:15:00Z,2016-11-08T02:45:00+05:30,1,01:00:00,1,00:15:00,100.0,0.0,2016-11-07T21:00:00Z,2016-11-08T02:30:00+05:30,2016-11-07T21:15:00Z,2016-11-08T02:45:00+05:30
63.8,,,False,5,no2,µg/m³,,raw,01:00:00,2016-11-07T20:30:00Z,2016-11-08T02:00:00+05:30,2016-11-07T21:30:00Z,2016-11-08T03:00:00+05:30,1,01:00:00,1,00:15:00,100.0,0.0,2016-11-07T21:15:00Z,2016-11-08T02:45:00+05:30,2016-11-07T21:30:00Z,2016-11-08T03:00:00+05:30
74.0,,,False,5,no2,µg/m³,,raw,01:00:00,2016-11-07T20:45:00Z,2016-11-08T02:15:00+05:30,2016-11-07T21:45:00Z,2016-11-08T03:15:00+05:30,1,01:00:00,1,00:15:00,100.0,0.0,2016-11-07T21:30:00Z,2016-11-08T03:00:00+05:30,2016-11-07T21:45:00Z,2016-11-08T03:15:00+05:30
72.0,,,False,5,no2,µg/m³,,raw,01:00:00,2016-11-07T21:00:00Z,2016-11-08T02:30:00+05:30,2016-11-07T22:00:00Z,2016-11-08T03:30:00+05:30,1,01:00:00,1,00:15:00,100.0,0.0,2016-11-07T21:45:00Z,2016-11-08T03:15:00+05:30,2016-11-07T22:00:00Z,2016-11-08T03:30:00+05:30
60.8,,,False,5,no2,µg/m³,,raw,01:00:00,2016-11-07T21:15:00Z,2016-11-08T02:45:00+05:30,2016-11-07T22:15:00Z,2016-11-08T03:45:00+05:30,1,01:00:00,1,00:15:00,100.0,0.0,2016-11-07T22:00:00Z,2016-11-08T03:30:00+05:30,2016-11-07T22:15:00Z,2016-11-08T03:45:00+05:30
52.0,,,False,5,no2,µg/m³,,raw,01:00:00,2016-11-07T21:30:00Z,2016-11-08T03:00:00+05:30,2016-11-07T22:30:00Z,2016-11-08T04:00:00+05:30,1,01:00:00,1,00:15:00,100.0,0.0,2016-11-07T22:15:00Z,2016-11-08T03:45:00+05:30,2016-11-07T22:30:00Z,2016-11-08T04:00:00+05:30
52.8,,,False,5,no2,µg/m³,,raw,01:00:00,2016-11-07T21:45:00Z,2016-11-08T03:15:00+05:30,2016-11-07T22:45:00Z,2016-11-08T04:15:00+05:30,1,01:00:00,1,00:15:00,100.0,0.0,2016-11-07T22:30:00Z,2016-11-08T04:00:00+05:30,2016-11-07T22:45:00Z,2016-11-08T04:15:00+05:30
60.6,,,False,5,no2,µg/m³,,raw,01:00:00,2016-11-07T22:00:00Z,2016-11-08T03:30:00+05:30,2016-11-07T23:00:00Z,2016-11-08T04:30:00+05:30,1,01:00:00,1,00:15:00,100.0,0.0,2016-11-07T22:45:00Z,2016-11-08T04:15:00+05:30,2016-11-07T23:00:00Z,2016-11-08T04:30:00+05:30
52.0,,,False,5,no2,µg/m³,,raw,01:00:00,2016-11-07T22:15:00Z,2016-11-08T03:45:00+05:30,2016-11-07T23:15:00Z,2016-11-08T04:45:00+05:30,1,01:00:00,1,00:15:00,100.0,0.0,2016-11-07T23:00:00Z,2016-11-08T04:30:00+05:30,2016-11-07T23:15:00Z,2016-11-08T04:45:00+05:30
57.3,,,False,5,no2,µg/m³,,raw,01:00:00,2016-11-07T22:30:00Z,2016-11-08T04:00:00+05:30,2016-11-07T23:30:00Z,2016-11-08T05:00:00+05:30,1,01:00:00,1,00:15:00,100.0,0.0,2016-11-07T23:15:00Z,2016-11-08T04:45:00+05:30,2016-11-07T23:30:00Z,2016-11-08T05:00:00+05:30
60.7,,,False,5,no2,µg/m³,,raw,01:00:00,2016-11-07T22:45:00Z,2016-11-08T04:15:00+05:30,2016-11-07T23:45:00Z,2016-11-08T05:15:00+05:30,1,01:00:00,1,00:15:00,100.0,0.0,2016-11-07T23:30:00Z,2016-11-08T05:00:00+05:30,2016-11-07T23:45:00Z,2016-11-08T05:15:00+05:30
60.7,,,False,5,no2,µg/m³,,raw,01:00:00,2016-11-07T23:00:00Z,2016-11-08T04:30:00+05:30,2016-11-08T00:00:00Z,2016-11-08T05:30:00+05:30,1,01:00:00,1,00:15:00,100.0,0.0,2016-11-07T23:45:00Z,2016-11-08T05:15:00+05:30,2016-11-08T00:00:00Z,2016-11-08T05:30:00+05:30
52.3,,,False,5,no2,µg/m³,,raw,01:00:00,2016-11-07T23:15:00Z,2016-11-08T04:45:00+05:30,2016-11-08T00:15:00Z,2016-11-08T05:45:00+05:30,1,01:00:00,1,00:15:00,100.0,0.0,2016-11-08T00:00:00Z,2016-11-08T05:30:00+05:30,2016-11-08T00:15:00Z,2016-11-08T05:45:00+05:30
60.5,,,False,5,no2,µg/m³,,raw,01:00:00,2016-11-07T23:30:00Z,2016-11-08T05:00:00+05:30,2016-11-08T00:30:00Z,2016-11-08T06:00:00+05:30,1,01:00:00,1,00:15:00,100.0,0.0,2016-11-08T00:15:00Z,2016-11-08T05:45:00+05:30,2016-11-08T00:30:00Z,2016-11-08T06:00:00+05:30
57.4,,,False,5,no2,µg/m³,,raw,01:00:00,2016-11-07T23:45:00Z,2016-11-08T05:15:00+05:30,2016-11-08T00:45:00Z,2016-11-08T06:15:00+05:30,1,01:00:00,1,00:15:00,100.0,0.0,2016-11-08T00:30:00Z,2016-11-08T06:00:00+05:30,2016-11-08T00:45:00Z,2016-11-08T06:15:00+05:30
57.0,,,False,5,no2,µg/m³,,raw,01:00:00,2016-11-08T00:00:00Z,2016-11-08T05:30:00+05:30,2016-11-08T01:00:00Z,2016-11-08T06:30:00+05:30,1,01:00:00,1,00:15:00,100.0,0.0,2016-11-08T00:45:00Z,2016-11-08T06:15:00+05:30,2016-11-08T01:00:00Z,2016-11-08T06:30:00+05:30
67.6,,,False,5,no2,µg/m³,,raw,01:00:00,2016-11-08T00:15:00Z,2016-11-08T05:45:00+05:30,2016-11-08T01:15:00Z,2016-11-08T06:45:00+05:30,1,01:00:00,1,00:15:00,100.0,0.0,2016-11-08T01:00:00Z,2016-11-08T06:30:00+05:30,2016-11-08T01:15:00Z,2016-11-08T06:45:00+05:30
65.7,,,False,5,no2,µg/m³,,raw,01:00:00,2016-11-08T00:30:00Z,2016-11-08T06:00:00+05:30,2016-11-08T01:30:00Z,2016-11-08T07:00:00+05:30,1,01:00:00,1,00:15:00,100.0,0.0,2016-11-08T01:15:00Z,2016-11-08T06:45:00+05:30,2016-11-08T01:30:00Z,2016-11-08T07:00:00+05:30
58.8,,,False,5,no2,µg/m³,,raw,01:00:00,2016-11-08T00:45:00Z,2016-11-08T06:15:00+05:30,2016-11-08T01:45:00Z,2016-11-08T07:15:00+05:30,1,01:00:00,1,00:15:00,100.0,0.0,2016-11-08T01:30:00Z,2016-11-08T07:00:00+05:30,2016-11-08T01:45:00Z,2016-11-08T07:15:00+05:30
79.5,,,False,5,no2,µg/m³,,raw,01:00:00,2016-11-08T01:00:00Z,2016-11-08T06:30:00+05:30,2016-11-08T02:00:00Z,2016-11-08T07:30:00+05:30,1,01:00:00,1,00:15:00,100.0,0.0,2016-11-08T01:45:00Z,2016-11-08T07:15:00+05:30,2016-11-08T02:00:00Z,2016-11-08T07:30:00+05:30
92.3,,,False,5,no2,µg/m³,,raw,01:00:00,2016-11-08T01:15:00Z,2016-11-08T06:45:00+05:30,2016-11-08T02:15:00Z,2016-11-08T07:45:00+05:30,1,01:00:00,1,00:15:00,100.0,0.0,2016-11-08T02:00:00Z,2016-11-08T07:30:00+05:30,2016-11-08T02:15:00Z,2016-11-08T07:45:00+05:30
85.1,,,False,5,no2,µg/m³,,raw,01:00:00,2016-11-08T01:30:00Z,2016-11-08T07:00:00+05:30,2016-11-08T02:30:00Z,2016-11-08T08:00:00+05:30,1,01:00:00,1,00:15:00,100.0,0.0,2016-11-08T02:15:00Z,2016-11-08T07:45:00+05:30,2016-11-08T02:30:00Z,2016-11-08T08:00:00+05:30
85.1,,,False,5,no2,µg/m³,,raw,01:00:00,2016-11-08T01:45:00Z,2016-11-08T07:15:00+05:30,2016-11-08T02:45:00Z,2016-11-08T08:15:00+05:30,1,01:00:00,1,00:15:00,100.0,0.0,2016-11-08T02:30:00Z,2016-11-08T08:00:00+05:30,2016-11-08T02:45:00Z,2016-11-08T08:15:00+05:30
75.9,,,False,5,no2,µg/m³,,raw,01:00:00,2016-11-08T02:00:00Z,2016-11-08T07:30:00+05:30,2016-11-08T03:00:00Z,2016-11-08T08:30:00+05:30,1,01:00:00,1,00:15:00,100.0,0.0,2016-11-08T02:45:00Z,2016-11-08T08:15:00+05:30,2016-11-08T03:00:00Z,2016-11-08T08:30:00+05:30
82.1,,,False,5,no2,µg/m³,,raw,01:00:00,2016-11-08T02:15:00Z,2016-11-08T07:45:00+05:30,2016-11-08T03:15:00Z,2016-11-08T08:45:00+05:30,1,01:00:00,1,00:15:00,100.0,0.0,2016-11-08T03:00:00Z,2016-11-08T08:30:00+05:30,2016-11-08T03:15:00Z,2016-11-08T08:45:00+05:30
76.6,,,False,5,no2,µg/m³,,raw,01:00:00,2016-11-08T02:30:00Z,2016-11-08T08:00:00+05:30,2016-11-08T03:30:00Z,2016-11-08T09:00:00+05:30,1,01:00:00,1,00:15:00,100.0,0.0,2016-11-08T03:15:00Z,2016-11-08T08:45:00+05:30,2016-11-08T03:30:00Z,2016-11-08T09:00:00+05:30
73.7,,,False,5,no2,µg/m³,,raw,01:00:00,2016-11-08T02:45:00Z,2016-11-08T08:15:00+05:30,2016-11-08T03:45:00Z,2016-11-08T09:15:00+05:30,1,01:00:00,1,00:15:00,100.0,0.0,2016-11-08T03:30:00Z,2016-11-08T09:00:00+05:30,2016-11-08T03:45:00Z,2016-11-08T09:15:00+05:30
80.2,,,False,5,no2,µg/m³,,raw,01:00:00,2016-11-08T03:00:00Z,2016-11-08T08:30:00+05:30,2016-11-08T04:00:00Z,2016-11-08T09:30:00+05:30,1,01:00:00,1,00:15:00,100.0,0.0,2016-11-08T03:45:00Z,2016-11-08T09:15:00+05:30,2016-11-08T04:00:00Z,2016-11-08T09:30:00+05:30
77.7,,,False,5,no2,µg/m³,,raw,01:00:00,2016-11-08T03:15:00Z,2016-11-08T08:45:00+05:30,2016-11-08T04:15:00Z,2016-11-08T09:45:00+05:30,1,01:00:00,1,00:15:00,100.0,0.0,2016-11-08T04:00:00Z,2016-11-08T09:30:00+05:30,2016-11-08T04:15:00Z,2016-11-08T09:45:00+05:30
76.5,,,False,5,no2,µg/m³,,raw,01:00:00,2016-11-08T03:30:00Z,2016-11-08T09:00:00+05:30,2016-11-08T04:30:00Z,2016-11-08T10:00:00+05:30,1,01:00:00,1,00:15:00,100.0,0.0,2016-11-08T04:15:00Z,2016-11-08T09:45:00+05:30,2016-11-08T04:30:00Z,2016-11-08T10:00:00+05:30
77.1,,,False,5,no2,µg/m³,,raw,01:00:00,2016-11-08T03:45:00Z,2016-11-08T09:15:00+05:30,2016-11-08T04:45:00Z,2016-11-08T10:15:00+05:30,1,01:00:00,1,00:15:00,100.0,0.0,2016-11-08T04:30:00Z,2016-11-08T10:00:00+05:30,2016-11-08T04:45:00Z,2016-11-08T10:15:00+05:30
73.7,,,False,5,no2,µg/m³,,raw,01:00:00,2016-11-08T04:00:00Z,2016-11-08T09:30:00+05:30,2016-11-08T05:00:00Z,2016-11-08T10:30:00+05:30,1,01:00:00,1,00:15:00,100.0,0.0,2016-11-08T04:45:00Z,2016-11-08T10:15:00+05:30,2016-11-08T05:00:00Z,2016-11-08T10:30:00+05:30
69.3,,,False,5,no2,µg/m³,,raw,01:00:00,2016-11-08T04:15:00Z,2016-11-08T09:45:00+05:30,2016-11-08T05:15:00Z,2016-11-08T10:45:00+05:30,1,01:00:00,1,00:15:00,100.0,0.0,2016-11-08T05:00:00Z,2016-11-08T10:30:00+05:30,2016-11-08T05:15:00Z,2016-11-08T10:45:00+05:30
65.4,,,False,5,no2,µg/m³,,raw,01:00:00,2016-11-08T04:30:00Z,2016-11-08T10:00:00+05:30,2016-11-08T05:30:00Z,2016-11-08T11:00:00+05:30,1,01:00:00,1,00:15:00,100.0,0.0,2016-11-08T05:15:00Z,2016-11-08T10:45:00+05:30,2016-11-08T05:30:00Z,2016-11-08T11:00:00+05:30
69.2,,,False,5,no2,µg/m³,,raw,01:00:00,2016-11-08T04:45:00Z,2016-11-08T10:15:00+05:30,2016-11-08T05:45:00Z,2016-11-08T11:15:00+05:30,1,01:00:00,1,00:15:00,100.0,0.0,2016-11-08T05:30:00Z,2016-11-08T11:00:00+05:30,2016-11-08T05:45:00Z,2016-11-08T11:15:00+05:30
58.0,,,False,5,no2,µg/m³,,raw,01:00:00,2016-11-08T05:00:00Z,2016-11-08T10:30:00+05:30,2016-11-08T06:00:00Z,2016-11-08T11:30:00+05:30,1,01:00:00,1,00:15:00,100.0,0.0,2016-11-08T05:45:00Z,2016-11-08T11:15:00+05:30,2016-11-08T06:00:00Z,2016-11-08T11:30:00+05:30
70.5,,,False,5,no2,µg/m³,,raw,01:00:00,2016-11-08T05:15:00Z,2016-11-08T10:45:00+05:30,2016-11-08T06:15:00Z,2016-11-08T11:45:00+05:30,1,01:00:00,1,00:15:00,100.0,0.0,2016-11-08T06:00:00Z,2016-11-08T11:30:00+05:30,2016-11-08T06:15:00Z,2016-11-08T11:45:00+05:30
48.4,,,False,5,no2,µg/m³,,raw,01:00:00,2016-11-08T06:00:00Z,2016-11-08T11:30:00+05:30,2016-11-08T07:00:00Z,2016-11-08T12:30:00+05:30,1,01:00:00,1,00:15:00,100.0,0.0,2016-11-08T06:45:00Z,2016-11-08T12:15:00+05:30,2016-11-08T07:00:00Z,2016-11-08T12:30:00+05:30
40.4,,,False,5,no2,µg/m³,,raw,01:00:00,2016-11-08T06:30:00Z,2016-11-08T12:00:00+05:30,2016-11-08T07:30:00Z,2016-11-08T13:00:00+05:30,1,01:00:00,1,00:15:00,100.0,0.0,2016-11-08T07:15:00Z,2016-11-08T12:45:00+05:30,2016-11-08T07:30:00Z,2016-11-08T13:00:00+05:30
51.9,,,False,5,no2,µg/m³,,raw,01:00:00,2016-11-08T06:45:00Z,2016-11-08T12:15:00+05:30,2016-11-08T07:45:00Z,2016-11-08T13:15:00+05:30,1,01:00:00,1,00:15:00,100.0,0.0,2016-11-08T07:30:00Z,2016-11-08T13:00:00+05:30,2016-11-08T07:45:00Z,2016-11-08T13:15:00+05:30
47.1,,,False,5,no2,µg/m³,,raw,01:00:00,2016-11-08T07:00:00Z,2016-11-08T12:30:00+05:30,2016-11-08T08:00:00Z,2016-11-08T13:30:00+05:30,1,01:00:00,1,00:15:00,100.0,0.0,2016-11-08T07:45:00Z,2016-11-08T13:15:00+05:30,2016-11-08T08:00:00Z,2016-11-08T13:30:00+05:30
39.7,,,False,5,no2,µg/m³,,raw,01:00:00,2016-11-08T07:15:00Z,2016-11-08T12:45:00+05:30,2016-11-08T08:15:00Z,2016-11-08T13:45:00+05:30,1,01:00:00,1,00:15:00,100.0,0.0,2016-11-08T08:00:00Z,2016-11-08T13:30:00+05:30,2016-11-08T08:15:00Z,2016-11-08T13:45:00+05:30
36.1,,,False,5,no2,µg/m³,,raw,01:00:00,2016-11-08T07:30:00Z,2016-11-08T13:00:00+05:30,2016-11-08T08:30:00Z,2016-11-08T14:00:00+05:30,1,01:00:00,1,00:15:00,100.0,0.0,2016-11-08T08:15:00Z,2016-11-08T13:45:00+05:30,2016-11-08T08:30:00Z,2016-11-08T14:00:00+05:30
42.7,,,False,5,no2,µg/m³,,raw,01:00:00,2016-11-08T07:45:00Z,2016-11-08T13:15:00+05:30,2016-11-08T08:45:00Z,2016-11-08T14:15:00+05:30,1,01:00:00,1,00:15:00,100.0,0.0,2016-11-08T08:30:00Z,2016-11-08T14:00:00+05:30,2016-11-08T08:45:00Z,2016-11-08T14:15:00+05:30
39.7,,,False,5,no2,µg/m³,,raw,01:00:00,2016-11-08T08:00:00Z,2016-11-08T13:30:00+05:30,2016-11-08T09:00:00Z,2016-11-08T14:30:00+05:30,1,01:00:00,1,00:15:00,100.0,0.0,2016-11-08T08:45:00Z,2016-11-08T14:15:00+05:30,2016-11-08T09:00:00Z,2016-11-08T14:30:00+05:30
47.9,,,False,5,no2,µg/m³,,raw,01:00:00,2016-11-08T08:15:00Z,2016-11-08T13:45:00+05:30,2016-11-08T09:15:00Z,2016-11-08T14:45:00+05:30,1,01:00:00,1,00:15:00,100.0,0.0,2016-11-08T09:00:00Z,2016-11-08T14:30:00+05:30,2016-11-08T09:15:00Z,2016-11-08T14:45:00+05:30
46.4,,,False,5,no2,µg/m³,,raw,01:00:00,2016-11-08T08:30:00Z,2016-11-08T14:00:00+05:30,2016-11-08T09:30:00Z,2016-11-08T15:00:00+05:30,1,01:00:00,1,00:15:00,100.0,0.0,2016-11-08T09:15:00Z,2016-11-08T14:45:00+05:30,2016-11-08T09:30:00Z,2016-11-08T15:00:00+05:30
51.9,,,False,5,no2,µg/m³,,raw,01:00:00,2016-11-08T08:45:00Z,2016-11-08T14:15:00+05:30,2016-11-08T09:45:00Z,2016-11-08T15:15:00+05:30,1,01:00:00,1,00:15:00,100.0,0.0,2016-11-08T09:30:00Z,2016-11-08T15:00:00+05:30,2016-11-08T09:45:00Z,2016-11-08T15:15:00+05:30
40.5,,,False,5,no2,µg/m³,,raw,01:00:00,2016-11-08T09:00:00Z,2016-11-08T14:30:00+05:30,2016-11-08T10:00:00Z,2016-11-08T15:30:00+05:30,1,01:00:00,1,00:15:00,100.0,0.0,2016-11-08T09:45:00Z,2016-11-08T15:15:00+05:30,2016-11-08T10:00:00Z,2016-11-08T15:30:00+05:30
44.6,,,False,5,no2,µg/m³,,raw,01:00:00,2016-11-08T09:15:00Z,2016-11-08T14:45:00+05:30,2016-11-08T10:15:00Z,2016-11-08T15:45:00+05:30,1,01:00:00,1,00:15:00,100.0,0.0,2016-11-08T10:00:00Z,2016-11-08T15:30:00+05:30,2016-11-08T10:15:00Z,2016-11-08T15:45:00+05:30
42.4,,,False,5,no2,µg/m³,,raw,01:00:00,2016-11-08T09:30:00Z,2016-11-08T15:00:00+05:30,2016-11-08T10:30:00Z,2016-11-08T16:00:00+05:30,1,01:00:00,1,00:15:00,100.0,0.0,2016-11-08T10:15:00Z,2016-11-08T15:45:00+05:30,2016-11-08T10:30:00Z,2016-11-08T16:00:00+05:30
62.4,,,False,5,no2,µg/m³,,raw,01:00:00,2016-11-08T09:45:00Z,2016-11-08T15:15:00+05:30,2016-11-08T10:45:00Z,2016-11-08T16:15:00+05:30,1,01:00:00,1,00:15:00,100.0,0.0,2016-11-08T10:30:00Z,2016-11-08T16:00:00+05:30,2016-11-08T10:45:00Z,2016-11-08T16:15:00+05:30
53.7,,,False,5,no2,µg/m³,,raw,01:00:00,2016-11-08T10:00:00Z,2016-11-08T15:30:00+05:30,2016-11-08T11:00:00Z,2016-11-08T16:30:00+05:30,1,01:00:00,1,00:15:00,100.0,0.0,2016-11-08T10:45:00Z,2016-11-08T16:15:00+05:30,2016-11-08T11:00:00Z,2016-11-08T16:30:00+05:30
67.4,,,False,5,no2,µg/m³,,raw,01:00:00,2016-11-08T10:15:00Z,2016-11-08T15:45:00+05:30,2016-11-08T11:15:00Z,2016-11-08T16:45:00+05:30,1,01:00:00,1,00:15:00,100.0,0.0,2016-11-08T11:00:00Z,2016-11-08T16:30:00+05:30,2016-11-08T11:15:00Z,2016-11-08T16:45:00+05:30
79.9,,,False,5,no2,µg/m³,,raw,01:00:00,2016-11-08T10:30:00Z,2016-11-08T16:00:00+05:30,2016-11-08T11:30:00Z,2016-11-08T17:00:00+05:30,1,01:00:00,1,00:15:00,100.0,0.0,2016-11-08T11:15:00Z,2016-11-08T16:45:00+05:30,2016-11-08T11:30:00Z,2016-11-08T17:00:00+05:30
106.0,,,False,5,no2,µg/m³,,raw,01:00:00,2016-11-08T10:45:00Z,2016-11-08T16:15:00+05:30,2016-11-08T11:45:00Z,2016-11-08T17:15:00+05:30,1,01:00:00,1,00:15:00,100.0,0.0,2016-11-08T11:30:00Z,2016-11-08T17:00:00+05:30,2016-11-08T11:45:00Z,2016-11-08T17:15:00+05:30
130.7,,,False,5,no2,µg/m³,,raw,01:00:00,2016-11-08T11:00:00Z,2016-11-08T16:30:00+05:30,2016-11-08T12:00:00Z,2016-11-08T17:30:00+05:30,1,01:00:00,1,00:15:00,100.0,0.0,2016-11-08T11:45:00Z,2016-11-08T17:15:00+05:30,2016-11-08T12:00:00Z,2016-11-08T17:30:00+05:30
130.8,,,False,5,no2,µg/m³,,raw,01:00:00,2016-11-08T11:15:00Z,2016-11-08T16:45:00+05:30,2016-11-08T12:15:00Z,2016-11-08T17:45:00+05:30,1,01:00:00,1,00:15:00,100.0,0.0,2016-11-08T12:00:00Z,2016-11-08T17:30:00+05:30,2016-11-08T12:15:00Z,2016-11-08T17:45:00+05:30
153.9,,,False,5,no2,µg/m³,,raw,01:00:00,2016-11-08T11:30:00Z,2016-11-08T17:00:00+05:30,2016-11-08T12:30:00Z,2016-11-08T18:00:00+05:30,1,01:00:00,1,00:15:00,100.0,0.0,2016-11-08T12:15:00Z,2016-11-08T17:45:00+05:30,2016-11-08T12:30:00Z,2016-11-08T18:00:00+05:30
146.0,,,False,5,no2,µg/m³,,raw,01:00:00,2016-11-08T11:45:00Z,2016-11-08T17:15:00+05:30,2016-11-08T12:45:00Z,2016-11-08T18:15:00+05:30,1,01:00:00,1,00:15:00,100.0,0.0,2016-11-08T12:30:00Z,2016-11-08T18:00:00+05:30,2016-11-08T12:45:00Z,2016-11-08T18:15:00+05:30
154.8,,,False,5,no2,µg/m³,,raw,01:00:00,2016-11-08T12:00:00Z,2016-11-08T17:30:00+05:30,2016-11-08T13:00:00Z,2016-11-08T18:30:00+05:30,1,01:00:00,1,00:15:00,100.0,0.0,2016-11-08T12:45:00Z,2016-11-08T18:15:00+05:30,2016-11-08T13:00:00Z,2016-11-08T18:30:00+05:30
162.0,,,False,5,no2,µg/m³,,raw,01:00:00,2016-11-08T12:15:00Z,2016-11-08T17:45:00+05:30,2016-11-08T13:15:00Z,2016-11-08T18:45:00+05:30,1,01:00:00,1,00:15:00,100.0,0.0,2016-11-08T13:00:00Z,2016-11-08T18:30:00+05:30,2016-11-08T13:15:00Z,2016-11-08T18:45:00+05:30
154.6,,,False,5,no2,µg/m³,,raw,01:00:00,2016-11-08T12:30:00Z,2016-11-08T18:00:00+05:30,2016-11-08T13:30:00Z,2016-11-08T19:00:00+05:30,1,01:00:00,1,00:15:00,100.0,0.0,2016-11-08T13:15:00Z,2016-11-08T18:45:00+05:30,2016-11-08T13:30:00Z,2016-11-08T19:00:00+05:30
150.4,,,False,5,no2,µg/m³,,raw,01:00:00,2016-11-08T12:45:00Z,2016-11-08T18:15:00+05:30,2016-11-08T13:45:00Z,2016-11-08T19:15:00+05:30,1,01:00:00,1,00:15:00,100.0,0.0,2016-11-08T13:30:00Z,2016-11-08T19:00:00+05:30,2016-11-08T13:45:00Z,2016-11-08T19:15:00+05:30
170.2,,,False,5,no2,µg/m³,,raw,01:00:00,2016-11-08T13:00:00Z,2016-11-08T18:30:00+05:30,2016-11-08T14:00:00Z,2016-11-08T19:30:00+05:30,1,01:00:00,1,00:15:00,100.0,0.0,2016-11-08T13:45:00Z,2016-11-08T19:15:00+05:30,2016-11-08T14:00:00Z,2016-11-08T19:30:00+05:30
187.7,,,False,5,no2,µg/m³,,raw,01:00:00,2016-11-08T13:15:00Z,2016-11-08T18:45:00+05:30,2016-11-08T14:15:00Z,2016-11-08T19:45:00+05:30,1,01:00:00,1,00:15:00,100.0,0.0,2016-11-08T14:00:00Z,2016-11-08T19:30:00+05:30,2016-11-08T14:15:00Z,2016-11-08T19:45:00+05:30
183.8,,,False,5,no2,µg/m³,,raw,01:00:00,2016-11-08T13:30:00Z,2016-11-08T19:00:00+05:30,2016-11-08T14:30:00Z,2016-11-08T20:00:00+05:30,1,01:00:00,1,00:15:00,100.0,0.0,2016-11-08T14:15:00Z,2016-11-08T19:45:00+05:30,2016-11-08T14:30:00Z,2016-11-08T20:00:00+05:30
173.1,,,False,5,no2,µg/m³,,raw,01:00:00,2016-11-08T13:45:00Z,2016-11-08T19:15:00+05:30,2016-11-08T14:45:00Z,2016-11-08T20:15:00+05:30,1,01:00:00,1,00:15:00,100.0,0.0,2016-11-08T14:30:00Z,2016-11-08T20:00:00+05:30,2016-11-08T14:45:00Z,2016-11-08T20:15:00+05:30
171.7,,,False,5,no2,µg/m³,,raw,01:00:00,2016-11-08T14:00:00Z,2016-11-08T19:30:00+05:30,2016-11-08T15:00:00Z,2016-11-08T20:30:00+05:30,1,01:00:00,1,00:15:00,100.0,0.0,2016-11-08T14:45:00Z,2016-11-08T20:15:00+05:30,2016-11-08T15:00:00Z,2016-11-08T20:30:00+05:30
170.3,,,False,5,no2,µg/m³,,raw,01:00:00,2016-11-08T14:15:00Z,2016-11-08T19:45:00+05:30,2016-11-08T15:15:00Z,2016-11-08T20:45:00+05:30,1,01:00:00,1,00:15:00,100.0,0.0,2016-11-08T15:00:00Z,2016-11-08T20:30:00+05:30,2016-11-08T15:15:00Z,2016-11-08T20:45:00+05:30
167.9,,,False,5,no2,µg/m³,,raw,01:00:00,2016-11-08T14:30:00Z,2016-11-08T20:00:00+05:30,2016-11-08T15:30:00Z,2016-11-08T21:00:00+05:30,1,01:00:00,1,00:15:00,100.0,0.0,2016-11-08T15:15:00Z,2016-11-08T20:45:00+05:30,2016-11-08T15:30:00Z,2016-11-08T21:00:00+05:30
158.9,,,False,5,no2,µg/m³,,raw,01:00:00,2016-11-08T14:45:00Z,2016-11-08T20:15:00+05:30,2016-11-08T15:45:00Z,2016-11-08T21:15:00+05:30,1,01:00:00,1,00:15:00,100.0,0.0,2016-11-08T15:30:00Z,2016-11-08T21:00:00+05:30,2016-11-08T15:45:00Z,2016-11-08T21:15:00+05:30
153.8,,,False,5,no2,µg/m³,,raw,01:00:00,2016-11-08T15:00:00Z,2016-11-08T20:30:00+05:30,2016-11-08T16:00:00Z,2016-11-08T21:30:00+05:30,1,01:00:00,1,00:15:00,100.0,0.0,2016-11-08T15:45:00Z,2016-11-08T21:15:00+05:30,2016-11-08T16:00:00Z,2016-11-08T21:30:00+05:30
134.7,,,False,5,no2,µg/m³,,raw,01:00:00,2016-11-08T15:15:00Z,2016-11-08T20:45:00+05:30,2016-11-08T16:15:00Z,2016-11-08T21:45:00+05:30,1,01:00:00,1,00:15:00,100.0,0.0,2016-11-08T16:00:00Z,2016-11-08T21:30:00+05:30,2016-11-08T16:15:00Z,2016-11-08T21:45:00+05:30
141.4,,,False,5,no2,µg/m³,,raw,01:00:00,2016-11-08T15:30:00Z,2016-11-08T21:00:00+05:30,2016-11-08T16:30:00Z,2016-11-08T22:00:00+05:30,1,01:00:00,1,00:15:00,100.0,0.0,2016-11-08T16:15:00Z,2016-11-08T21:45:00+05:30,2016-11-08T16:30:00Z,2016-11-08T22:00:00+05:30
137.1,,,False,5,no2,µg/m³,,raw,01:00:00,2016-11-08T15:45:00Z,2016-11-08T21:15:00+05:30,2016-11-08T16:45:00Z,2016-11-08T22:15:00+05:30,1,01:00:00,1,00:15:00,100.0,0.0,2016-11-08T16:30:00Z,2016-11-08T22:00:00+05:30,2016-11-08T16:45:00Z,2016-11-08T22:15:00+05:30
126.0,,,False,5,no2,µg/m³,,raw,01:00:00,2016-11-08T16:00:00Z,2016-11-08T21:30:00+05:30,2016-11-08T17:00:00Z,2016-11-08T22:30:00+05:30,1,01:00:00,1,00:15:00,100.0,0.0,2016-11-08T16:45:00Z,2016-11-08T22:15:00+05:30,2016-11-08T17:00:00Z,2016-11-08T22:30:00+05:30
112.1,,,False,5,no2,µg/m³,,raw,01:00:00,2016-11-08T16:15:00Z,2016-11-08T21:45:00+05:30,2016-11-08T17:15:00Z,2016-11-08T22:45:00+05:30,1,01:00:00,1,00:15:00,100.0,0.0,2016-11-08T17:00:00Z,2016-11-08T22:30:00+05:30,2016-11-08T17:15:00Z,2016-11-08T22:45:00+05:30
105.5,,,False,5,no2,µg/m³,,raw,01:00:00,2016-11-08T16:30:00Z,2016-11-08T22:00:00+05:30,2016-11-08T17:30:00Z,2016-11-08T23:00:00+05:30,1,01:00:00,1,00:15:00,100.0,0.0,2016-11-08T17:15:00Z,2016-11-08T22:45:00+05:30,2016-11-08T17:30:00Z,2016-11-08T23:00:00+05:30
88.6,,,False,5,no2,µg/m³,,raw,01:00:00,2016-11-08T16:45:00Z,2016-11-08T22:15:00+05:30,2016-11-08T17:45:00Z,2016-11-08T23:15:00+05:30,1,01:00:00,1,00:15:00,100.0,0.0,2016-11-08T17:30:00Z,2016-11-08T23:00:00+05:30,2016-11-08T17:45:00Z,2016-11-08T23:15:00+05:30
85.3,,,False,5,no2,µg/m³,,raw,01:00:00,2016-11-08T17:00:00Z,2016-11-08T22:30:00+05:30,2016-11-08T18:00:00Z,2016-11-08T23:30:00+05:30,1,01:00:00,1,00:15:00,100.0,0.0,2016-11-08T17:45:00Z,2016-11-08T23:15:00+05:30,2016-11-08T18:00:00Z,2016-11-08T23:30:00+05:30
85.7,,,False,5,no2,µg/m³,,raw,01:00:00,2016-11-08T17:15:00Z,2016-11-08T22:45:00+05:30,2016-11-08T18:15:00Z,2016-11-08T23:45:00+05:30,1,01:00:00,1,00:15:00,100.0,0.0,2016-11-08T18:00:00Z,2016-11-08T23:30:00+05:30,2016-11-08T18:15:00Z,2016-11-08T23:45:00+05:30
111.5,,,False,5,no2,µg/m³,,raw,01:00:00,2016-11-08T17:30:00Z,2016-11-08T23:00:00+05:30,2016-11-08T18:30:00Z,2016-11-09T00:00:00+05:30,1,01:00:00,1,00:15:00,100.0,0.0,2016-11-08T18:15:00Z,2016-11-08T23:45:00+05:30,2016-11-08T18:30:00Z,2016-11-09T00:00:00+05:30
68.5,,,False,5,no2,µg/m³,,raw,01:00:00,2016-11-08T18:30:00Z,2016-11-09T00:00:00+05:30,2016-11-08T19:30:00Z,2016-11-09T01:00:00+05:30,1,01:00:00,1,00:15:00,100.0,0.0,2016-11-08T19:15:00Z,2016-11-09T00:45:00+05:30,2016-11-08T19:30:00Z,2016-11-09T01:00:00+05:30
79.8,,,False,5,no2,µg/m³,,raw,01:00:00,2016-11-08T18:45:00Z,2016-11-09T00:15:00+05:30,2016-11-08T19:45:00Z,2016-11-09T01:15:00+05:30,1,01:00:00,1,00:15:00,100.0,0.0,2016-11-08T19:30:00Z,2016-11-09T01:00:00+05:30,2016-11-08T19:45:00Z,2016-11-09T01:15:00+05:30
84.3,,,False,5,no2,µg/m³,,raw,01:00:00,2016-11-08T19:00:00Z,2016-11-09T00:30:00+05:30,2016-11-08T20:00:00Z,2016-11-09T01:30:00+05:30,1,01:00:00,1,00:15:00,100.0,0.0,2016-11-08T19:45:00Z,2016-11-09T01:15:00+05:30,2016-11-08T20:00:00Z,2016-11-09T01:30:00+05:30
77.8,,,False,5,no2,µg/m³,,raw,01:00:00,2016-11-08T19:15:00Z,2016-11-09T00:45:00+05:30,2016-11-08T20:15:00Z,2016-11-09T01:45:00+05:30,1,01:00:00,1,00:15:00,100.0,0.0,2016-11-08T20:00:00Z,2016-11-09T01:30:00+05:30,2016-11-08T20:15:00Z,2016-11-09T01:45:00+05:30
67.1,,,False,5,no2,µg/m³,,raw,01:00:00,2016-11-08T19:30:00Z,2016-11-09T01:00:00+05:30,2016-11-08T20:30:00Z,2016-11-09T02:00:00+05:30,1,01:00:00,1,00:15:00,100.0,0.0,2016-11-08T20:15:00Z,2016-11-09T01:45:00+05:30,2016-11-08T20:30:00Z,2016-11-09T02:00:00+05:30
63.4,,,False,5,no2,µg/m³,,raw,01:00:00,2016-11-08T19:45:00Z,2016-11-09T01:15:00+05:30,2016-11-08T20:45:00Z,2016-11-09T02:15:00+05:30,1,01:00:00,1,00:15:00,100.0,0.0,2016-11-08T20:30:00Z,2016-11-09T02:00:00+05:30,2016-11-08T20:45:00Z,2016-11-09T02:15:00+05:30
87.4,,,False,5,no2,µg/m³,,raw,01:00:00,2016-11-08T20:00:00Z,2016-11-09T01:30:00+05:30,2016-11-08T21:00:00Z,2016-11-09T02:30:00+05:30,1,01:00:00,1,00:15:00,100.0,0.0,2016-11-08T20:45:00Z,2016-11-09T02:15:00+05:30,2016-11-08T21:00:00Z,2016-11-09T02:30:00+05:30
88.8,,,False,5,no2,µg/m³,,raw,01:00:00,2016-11-08T20:15:00Z,2016-11-09T01:45:00+05:30,2016-11-08T21:15:00Z,2016-11-09T02:45:00+05:30,1,01:00:00,1,00:15:00,100.0,0.0,2016-11-08T21:00:00Z,2016-11-09T02:30:00+05:30,2016-11-08T21:15:00Z,2016-11-09T02:45:00+05:30
85.8,,,False,5,no2,µg/m³,,raw,01:00:00,2016-11-08T20:30:00Z,2016-11-09T02:00:00+05:30,2016-11-08T21:30:00Z,2016-11-09T03:00:00+05:30,1,01:00:00,1,00:15:00,100.0,0.0,2016-11-08T21:15:00Z,2016-11-09T02:45:00+05:30,2016-11-08T21:30:00Z,2016-11-09T03:00:00+05:30
81.6,,,False,5,no2,µg/m³,,raw,01:00:00,2016-11-08T20:45:00Z,2016-11-09T02:15:00+05:30,2016-11-08T21:45:00Z,2016-11-09T03:15:00+05:30,1,01:00:00,1,00:15:00,100.0,0.0,2016-11-08T21:30:00Z,2016-11-09T03:00:00+05:30,2016-11-08T21:45:00Z,2016-11-09T03:15:00+05:30
92.1,,,False,5,no2,µg/m³,,raw,01:00:00,2016-11-08T21:00:00Z,2016-11-09T02:30:00+05:30,2016-11-08T22:00:00Z,2016-11-09T03:30:00+05:30,1,01:00:00,1,00:15:00,100.0,0.0,2016-11-08T21:45:00Z,2016-11-09T03:15:00+05:30,2016-11-08T22:00:00Z,2016-11-09T03:30:00+05:30
89.4,,,False,5,no2,µg/m³,,raw,01:00:00,2016-11-08T21:15:00Z,2016-11-09T02:45:00+05:30,2016-11-08T22:15:00Z,2016-11-09T03:45:00+05:30,1,01:00:00,1,00:15:00,100.0,0.0,2016-11-08T22:00:00Z,2016-11-09T03:30:00+05:30,2016-11-08T22:15:00Z,2016-11-09T03:45:00+05:30
90.1,,,False,5,no2,µg/m³,,raw,01:00:00,2016-11-08T21:30:00Z,2016-11-09T03:00:00+05:30,2016-11-08T22:30:00Z,2016-11-09T04:00:00+05:30,1,01:00:00,1,00:15:00,100.0,0.0,2016-11-08T22:15:00Z,2016-11-09T03:45:00+05:30,2016-11-08T22:30:00Z,2016-11-09T04:00:00+05:30
89.7,,,False,5,no2,µg/m³,,raw,01:00:00,2016-11-08T21:45:00Z,2016-11-09T03:15:00+05:30,2016-11-08T22:45:00Z,2016-11-09T04:15:00+05:30,1,01:00:00,1,00:15:00,100.0,0.0,2016-11-08T22:30:00Z,2016-11-09T04:00:00+05:30,2016-11-08T22:45:00Z,2016-11-09T04:15:00+05:30
113.6,,,False,5,no2,µg/m³,,raw,01:00:00,2016-11-08T22:00:00Z,2016-11-09T03:30:00+05:30,2016-11-08T23:00:00Z,2016-11-09T04:30:00+05:30,1,01:00:00,1,00:15:00,100.0,0.0,2016-11-08T22:45:00Z,2016-11-09T04:15:00+05:30,2016-11-08T23:00:00Z,2016-11-09T04:30:00+05:30
111.2,,,False,5,no2,µg/m³,,raw,01:00:00,2016-11-08T22:15:00Z,2016-11-09T03:45:00+05:30,2016-11-08T23:15:00Z,2016-11-09T04:45:00+05:30,1,01:00:00,1,00:15:00,100.0,0.0,2016-11-08T23:00:00Z,2016-11-09T04:30:00+05:30,2016-11-08T23:15:00Z,2016-11-09T04:45:00+05:30
108.0,,,False,5,no2,µg/m³,,raw,01:00:00,2016-11-08T22:30:00Z,2016-11-09T04:00:00+05:30,2016-11-08T23:30:00Z,2016-11-09T05:00:00+05:30,1,01:00:00,1,00:15:00,100.0,0.0,2016-11-08T23:15:00Z,2016-11-09T04:45:00+05:30,2016-11-08T23:30:00Z,2016-11-09T05:00:00+05:30
107.2,,,False,5,no2,µg/m³,,raw,01:00:00,2016-11-08T22:45:00Z,2016-11-09T04:15:00+05:30,2016-11-08T23:45:00Z,2016-11-09T05:15:00+05:30,1,01:00:00,1,00:15:00,100.0,0.0,2016-11-08T23:30:00Z,2016-11-09T05:00:00+05:30,2016-11-08T23:45:00Z,2016-11-09T05:15:00+05:30
109.7,,,False,5,no2,µg/m³,,raw,01:00:00,2016-11-08T23:00:00Z,2016-11-09T04:30:00+05:30,2016-11-09T00:00:00Z,2016-11-09T05:30:00+05:30,1,01:00:00,1,00:15:00,100.0,0.0,2016-11-08T23:45:00Z,2016-11-09T05:15:00+05:30,2016-11-09T00:00:00Z,2016-11-09T05:30:00+05:30
111.9,,,False,5,no2,µg/m³,,raw,01:00:00,2016-11-08T23:15:00Z,2016-11-09T04:45:00+05:30,2016-11-09T00:15:00Z,2016-11-09T05:45:00+05:30,1,01:00:00,1,00:15:00,100.0,0.0,2016-11-09T00:00:00Z,2016-11-09T05:30:00+05:30,2016-11-09T00:15:00Z,2016-11-09T05:45:00+05:30
105.2,,,False,5,no2,µg/m³,,raw,01:00:00,2016-11-08T23:30:00Z,2016-11-09T05:00:00+05:30,2016-11-09T00:30:00Z,2016-11-09T06:00:00+05:30,1,01:00:00,1,00:15:00,100.0,0.0,2016-11-09T00:15:00Z,2016-11-09T05:45:00+05:30,2016-11-09T00:30:00Z,2016-11-09T06:00:00+05:30
103.1,,,False,5,no2,µg/m³,,raw,01:00:00,2016-11-08T23:45:00Z,2016-11-09T05:15:00+05:30,2016-11-09T00:45:00Z,2016-11-09T06:15:00+05:30,1,01:00:00,1,00:15:00,100.0,0.0,2016-11-09T00:30:00Z,2016-11-09T06:00:00+05:30,2016-11-09T00:45:00Z,2016-11-09T06:15:00+05:30
103.5,,,False,5,no2,µg/m³,,raw,01:00:00,2016-11-09T00:00:00Z,2016-11-09T05:30:00+05:30,2016-11-09T01:00:00Z,2016-11-09T06:30:00+05:30,1,01:00:00,1,00:15:00,100.0,0.0,2016-11-09T00:45:00Z,2016-11-09T06:15:00+05:30,2016-11-09T01:00:00Z,2016-11-09T06:30:00+05:30
106.2,,,False,5,no2,µg/m³,,raw,01:00:00,2016-11-09T00:15:00Z,2016-11-09T05:45:00+05:30,2016-11-09T01:15:00Z,2016-11-09T06:45:00+05:30,1,01:00:00,1,00:15:00,100.0,0.0,2016-11-09T01:00:00Z,2016-11-09T06:30:00+05:30,2016-11-09T01:15:00Z,2016-11-09T06:45:00+05:30
104.0,,,False,5,no2,µg/m³,,raw,01:00:00,2016-11-09T00:30:00Z,2016-11-09T06:00:00+05:30,2016-11-09T01:30:00Z,2016-11-09T07:00:00+05:30,1,01:00:00,1,00:15:00,100.0,0.0,2016-11-09T01:15:00Z,2016-11-09T06:45:00+05:30,2016-11-09T01:30:00Z,2016-11-09T07:00:00+05:30
104.5,,,False,5,no2,µg/m³,,raw,01:00:00,2016-11-09T00:45:00Z,2016-11-09T06:15:00+05:30,2016-11-09T01:45:00Z,2016-11-09T07:15:00+05:30,1,01:00:00,1,00:15:00,100.0,0.0,2016-11-09T01:30:00Z,2016-11-09T07:00:00+05:30,2016-11-09T01:45:00Z,2016-11-09T07:15:00+05:30
111.7,,,False,5,no2,µg/m³,,raw,01:00:00,2016-11-09T01:00:00Z,2016-11-09T06:30:00+05:30,2016-11-09T02:00:00Z,2016-11-09T07:30:00+05:30,1,01:00:00,1,00:15:00,100.0,0.0,2016-11-09T01:45:00Z,2016-11-09T07:15:00+05:30,2016-11-09T02:00:00Z,2016-11-09T07:30:00+05:30
111.3,,,False,5,no2,µg/m³,,raw,01:00:00,2016-11-09T01:15:00Z,2016-11-09T06:45:00+05:30,2016-11-09T02:15:00Z,2016-11-09T07:45:00+05:30,1,01:00:00,1,00:15:00,100.0,0.0,2016-11-09T02:00:00Z,2016-11-09T07:30:00+05:30,2016-11-09T02:15:00Z,2016-11-09T07:45:00+05:30
117.3,,,False,5,no2,µg/m³,,raw,01:00:00,2016-11-09T01:30:00Z,2016-11-09T07:00:00+05:30,2016-11-09T02:30:00Z,2016-11-09T08:00:00+05:30,1,01:00:00,1,00:15:00,100.0,0.0,2016-11-09T02:15:00Z,2016-11-09T07:45:00+05:30,2016-11-09T02:30:00Z,2016-11-09T08:00:00+05:30
126.5,,,False,5,no2,µg/m³,,raw,01:00:00,2016-11-09T01:45:00Z,2016-11-09T07:15:00+05:30,2016-11-09T02:45:00Z,2016-11-09T08:15:00+05:30,1,01:00:00,1,00:15:00,100.0,0.0,2016-11-09T02:30:00Z,2016-11-09T08:00:00+05:30,2016-11-09T02:45:00Z,2016-11-09T08:15:00+05:30
125.6,,,False,5,no2,µg/m³,,raw,01:00:00,2016-11-09T02:00:00Z,2016-11-09T07:30:00+05:30,2016-11-09T03:00:00Z,2016-11-09T08:30:00+05:30,1,01:00:00,1,00:15:00,100.0,0.0,2016-11-09T02:45:00Z,2016-11-09T08:15:00+05:30,2016-11-09T03:00:00Z,2016-11-09T08:30:00+05:30
136.6,,,False,5,no2,µg/m³,,raw,01:00:00,2016-11-09T02:15:00Z,2016-11-09T07:45:00+05:30,2016-11-09T03:15:00Z,2016-11-09T08:45:00+05:30,1,01:00:00,1,00:15:00,100.0,0.0,2016-11-09T03:00:00Z,2016-11-09T08:30:00+05:30,2016-11-09T03:15:00Z,2016-11-09T08:45:00+05:30
130.6,,,False,5,no2,µg/m³,,raw,01:00:00,2016-11-09T02:30:00Z,2016-11-09T08:00:00+05:30,2016-11-09T03:30:00Z,2016-11-09T09:00:00+05:30,1,01:00:00,1,00:15:00,100.0,0.0,2016-11-09T03:15:00Z,2016-11-09T08:45:00+05:30,2016-11-09T03:30:00Z,2016-11-09T09:00:00+05:30
126.6,,,False,5,no2,µg/m³,,raw,01:00:00,2016-11-09T02:45:00Z,2016-11-09T08:15:00+05:30,2016-11-09T03:45:00Z,2016-11-09T09:15:00+05:30,1,01:00:00,1,00:15:00,100.0,0.0,2016-11-09T03:30:00Z,2016-11-09T09:00:00+05:30,2016-11-09T03:45:00Z,2016-11-09T09:15:00+05:30
130.3,,,False,5,no2,µg/m³,,raw,01:00:00,2016-11-09T03:00:00Z,2016-11-09T08:30:00+05:30,2016-11-09T04:00:00Z,2016-11-09T09:30:00+05:30,1,01:00:00,1,00:15:00,100.0,0.0,2016-11-09T03:45:00Z,2016-11-09T09:15:00+05:30,2016-11-09T04:00:00Z,2016-11-09T09:30:00+05:30
137.2,,,False,5,no2,µg/m³,,raw,01:00:00,2016-11-09T03:15:00Z,2016-11-09T08:45:00+05:30,2016-11-09T04:15:00Z,2016-11-09T09:45:00+05:30,1,01:00:00,1,00:15:00,100.0,0.0,2016-11-09T04:00:00Z,2016-11-09T09:30:00+05:30,2016-11-09T04:15:00Z,2016-11-09T09:45:00+05:30
125.2,,,False,5,no2,µg/m³,,raw,01:00:00,2016-11-09T03:30:00Z,2016-11-09T09:00:00+05:30,2016-11-09T04:30:00Z,2016-11-09T10:00:00+05:30,1,01:00:00,1,00:15:00,100.0,0.0,2016-11-09T04:15:00Z,2016-11-09T09:45:00+05:30,2016-11-09T04:30:00Z,2016-11-09T10:00:00+05:30
130.2,,,False,5,no2,µg/m³,,raw,01:00:00,2016-11-09T03:45:00Z,2016-11-09T09:15:00+05:30,2016-11-09T04:45:00Z,2016-11-09T10:15:00+05:30,1,01:00:00,1,00:15:00,100.0,0.0,2016-11-09T04:30:00Z,2016-11-09T10:00:00+05:30,2016-11-09T04:45:00Z,2016-11-09T10:15:00+05:30
123.8,,,False,5,no2,µg/m³,,raw,01:00:00,2016-11-09T04:00:00Z,2016-11-09T09:30:00+05:30,2016-11-09T05:00:00Z,2016-11-09T10:30:00+05:30,1,01:00:00,1,00:15:00,100.0,0.0,2016-11-09T04:45:00Z,2016-11-09T10:15:00+05:30,2016-11-09T05:00:00Z,2016-11-09T10:30:00+05:30
126.1,,,False,5,no2,µg/m³,,raw,01:00:00,2016-11-09T04:15:00Z,2016-11-09T09:45:00+05:30,2016-11-09T05:15:00Z,2016-11-09T10:45:00+05:30,1,01:00:00,1,00:15:00,100.0,0.0,2016-11-09T05:00:00Z,2016-11-09T10:30:00+05:30,2016-11-09T05:15:00Z,2016-11-09T10:45:00+05:30
123.6,,,False,5,no2,µg/m³,,raw,01:00:00,2016-11-09T04:30:00Z,2016-11-09T10:00:00+05:30,2016-11-09T05:30:00Z,2016-11-09T11:00:00+05:30,1,01:00:00,1,00:15:00,100.0,0.0,2016-11-09T05:15:00Z,2016-11-09T10:45:00+05:30,2016-11-09T05:30:00Z,2016-11-09T11:00:00+05:30
116.1,,,False,5,no2,µg/m³,,raw,01:00:00,2016-11-09T04:45:00Z,2016-11-09T10:15:00+05:30,2016-11-09T05:45:00Z,2016-11-09T11:15:00+05:30,1,01:00:00,1,00:15:00,100.0,0.0,2016-11-09T05:30:00Z,2016-11-09T11:00:00+05:30,2016-11-09T05:45:00Z,2016-11-09T11:15:00+05:30
116.4,,,False,5,no2,µg/m³,,raw,01:00:00,2016-11-09T05:00:00Z,2016-11-09T10:30:00+05:30,2016-11-09T06:00:00Z,2016-11-09T11:30:00+05:30,1,01:00:00,1,00:15:00,100.0,0.0,2016-11-09T05:45:00Z,2016-11-09T11:15:00+05:30,2016-11-09T06:00:00Z,2016-11-09T11:30:00+05:30
117.1,,,False,5,no2,µg/m³,,raw,01:00:00,2016-11-09T05:15:00Z,2016-11-09T10:45:00+05:30,2016-11-09T06:15:00Z,2016-11-09T11:45:00+05:30,1,01:00:00,1,00:15:00,100.0,0.0,2016-11-09T06:00:00Z,2016-11-09T11:30:00+05:30,2016-11-09T06:15:00Z,2016-11-09T11:45:00+05:30
100.0,,,False,5,no2,µg/m³,,raw,01:00:00,2016-11-09T05:30:00Z,2016-11-09T11:00:00+05:30,2016-11-09T06:30:00Z,2016-11-09T12:00:00+05:30,1,01:00:00,1,00:15:00,100.0,0.0,2016-11-09T06:15:00Z,2016-11-09T11:45:00+05:30,2016-11-09T06:30:00Z,2016-11-09T12:00:00+05:30
71.0,,,False,5,no2,µg/m³,,raw,01:00:00,2016-11-09T06:45:00Z,2016-11-09T12:15:00+05:30,2016-11-09T07:45:00Z,2016-11-09T13:15:00+05:30,1,01:00:00,1,00:15:00,100.0,0.0,2016-11-09T07:30:00Z,2016-11-09T13:00:00+05:30,2016-11-09T07:45:00Z,2016-11-09T13:15:00+05:30
65.2,,,False,5,no2,µg/m³,,raw,01:00:00,2016-11-09T07:00:00Z,2016-11-09T12:30:00+05:30,2016-11-09T08:00:00Z,2016-11-09T13:30:00+05:30,1,01:00:00,1,00:15:00,100.0,0.0,2016-11-09T07:45:00Z,2016-11-09T13:15:00+05:30,2016-11-09T08:00:00Z,2016-11-09T13:30:00+05:30
64.6,,,False,5,no2,µg/m³,,raw,01:00:00,2016-11-09T07:15:00Z,2016-11-09T12:45:00+05:30,2016-11-09T08:15:00Z,2016-11-09T13:45:00+05:30,1,01:00:00,1,00:15:00,100.0,0.0,2016-11-09T08:00:00Z,2016-11-09T13:30:00+05:30,2016-11-09T08:15:00Z,2016-11-09T13:45:00+05:30
65.2,,,False,5,no2,µg/m³,,raw,01:00:00,2016-11-09T07:30:00Z,2016-11-09T13:00:00+05:30,2016-11-09T08:30:00Z,2016-11-09T14:00:00+05:30,1,01:00:00,1,00:15:00,100.0,0.0,2016-11-09T08:15:00Z,2016-11-09T13:45:00+05:30,2016-11-09T08:30:00Z,2016-11-09T14:00:00+05:30
59.3,,,False,5,no2,µg/m³,,raw,01:00:00,2016-11-09T07:45:00Z,2016-11-09T13:15:00+05:30,2016-11-09T08:45:00Z,2016-11-09T14:15:00+05:30,1,01:00:00,1,00:15:00,100.0,0.0,2016-11-09T08:30:00Z,2016-11-09T14:00:00+05:30,2016-11-09T08:45:00Z,2016-11-09T14:15:00+05:30
50.1,,,False,5,no2,µg/m³,,raw,01:00:00,2016-11-09T08:00:00Z,2016-11-09T13:30:00+05:30,2016-11-09T09:00:00Z,2016-11-09T14:30:00+05:30,1,01:00:00,1,00:15:00,100.0,0.0,2016-11-09T08:45:00Z,2016-11-09T14:15:00+05:30,2016-11-09T09:00:00Z,2016-11-09T14:30:00+05:30
55.6,,,False,5,no2,µg/m³,,raw,01:00:00,2016-11-09T08:15:00Z,2016-11-09T13:45:00+05:30,2016-11-09T09:15:00Z,2016-11-09T14:45:00+05:30,1,01:00:00,1,00:15:00,100.0,0.0,2016-11-09T09:00:00Z,2016-11-09T14:30:00+05:30,2016-11-09T09:15:00Z,2016-11-09T14:45:00+05:30
58.3,,,False,5,no2,µg/m³,,raw,01:00:00,2016-11-09T08:30:00Z,2016-11-09T14:00:00+05:30,2016-11-09T09:30:00Z,2016-11-09T15:00:00+05:30,1,01:00:00,1,00:15:00,100.0,0.0,2016-11-09T09:15:00Z,2016-11-09T14:45:00+05:30,2016-11-09T09:30:00Z,2016-11-09T15:00:00+05:30
55.0,,,False,5,no2,µg/m³,,raw,01:00:00,2016-11-09T08:45:00Z,2016-11-09T14:15:00+05:30,2016-11-09T09:45:00Z,2016-11-09T15:15:00+05:30,1,01:00:00,1,00:15:00,100.0,0.0,2016-11-09T09:30:00Z,2016-11-09T15:00:00+05:30,2016-11-09T09:45:00Z,2016-11-09T15:15:00+05:30
58.1,,,False,5,no2,µg/m³,,raw,01:00:00,2016-11-09T09:00:00Z,2016-11-09T14:30:00+05:30,2016-11-09T10:00:00Z,2016-11-09T15:30:00+05:30,1,01:00:00,1,00:15:00,100.0,0.0,2016-11-09T09:45:00Z,2016-11-09T15:15:00+05:30,2016-11-09T10:00:00Z,2016-11-09T15:30:00+05:30
57.6,,,False,5,no2,µg/m³,,raw,01:00:00,2016-11-09T09:15:00Z,2016-11-09T14:45:00+05:30,2016-11-09T10:15:00Z,2016-11-09T15:45:00+05:30,1,01:00:00,1,00:15:00,100.0,0.0,2016-11-09T10:00:00Z,2016-11-09T15:30:00+05:30,2016-11-09T10:15:00Z,2016-11-09T15:45:00+05:30
57.8,,,False,5,no2,µg/m³,,raw,01:00:00,2016-11-09T09:30:00Z,2016-11-09T15:00:00+05:30,2016-11-09T10:30:00Z,2016-11-09T16:00:00+05:30,1,01:00:00,1,00:15:00,100.0,0.0,2016-11-09T10:15:00Z,2016-11-09T15:45:00+05:30,2016-11-09T10:30:00Z,2016-11-09T16:00:00+05:30
55.4,,,False,5,no2,µg/m³,,raw,01:00:00,2016-11-09T09:45:00Z,2016-11-09T15:15:00+05:30,2016-11-09T10:45:00Z,2016-11-09T16:15:00+05:30,1,01:00:00,1,00:15:00,100.0,0.0,2016-11-09T10:30:00Z,2016-11-09T16:00:00+05:30,2016-11-09T10:45:00Z,2016-11-09T16:15:00+05:30
53.0,,,False,5,no2,µg/m³,,raw,01:00:00,2016-11-09T10:00:00Z,2016-11-09T15:30:00+05:30,2016-11-09T11:00:00Z,2016-11-09T16:30:00+05:30,1,01:00:00,1,00:15:00,100.0,0.0,2016-11-09T10:45:00Z,2016-11-09T16:15:00+05:30,2016-11-09T11:00:00Z,2016-11-09T16:30:00+05:30
66.5,,,False,5,no2,µg/m³,,raw,01:00:00,2016-11-09T10:15:00Z,2016-11-09T15:45:00+05:30,2016-11-09T11:15:00Z,2016-11-09T16:45:00+05:30,1,01:00:00,1,00:15:00,100.0,0.0,2016-11-09T11:00:00Z,2016-11-09T16:30:00+05:30,2016-11-09T11:15:00Z,2016-11-09T16:45:00+05:30
79.1,,,False,5,no2,µg/m³,,raw,01:00:00,2016-11-09T10:30:00Z,2016-11-09T16:00:00+05:30,2016-11-09T11:30:00Z,2016-11-09T17:00:00+05:30,1,01:00:00,1,00:15:00,100.0,0.0,2016-11-09T11:15:00Z,2016-11-09T16:45:00+05:30,2016-11-09T11:30:00Z,2016-11-09T17:00:00+05:30
84.4,,,False,5,no2,µg/m³,,raw,01:00:00,2016-11-09T10:45:00Z,2016-11-09T16:15:00+05:30,2016-11-09T11:45:00Z,2016-11-09T17:15:00+05:30,1,01:00:00,1,00:15:00,100.0,0.0,2016-11-09T11:30:00Z,2016-11-09T17:00:00+05:30,2016-11-09T11:45:00Z,2016-11-09T17:15:00+05:30
100.7,,,False,5,no2,µg/m³,,raw,01:00:00,2016-11-09T11:00:00Z,2016-11-09T16:30:00+05:30,2016-11-09T12:00:00Z,2016-11-09T17:30:00+05:30,1,01:00:00,1,00:15:00,100.0,0.0,2016-11-09T11:45:00Z,2016-11-09T17:15:00+05:30,2016-11-09T12:00:00Z,2016-11-09T17:30:00+05:30
131.8,,,False,5,no2,µg/m³,,raw,01:00:00,2016-11-09T11:15:00Z,2016-11-09T16:45:00+05:30,2016-11-09T12:15:00Z,2016-11-09T17:45:00+05:30,1,01:00:00,1,00:15:00,100.0,0.0,2016-11-09T12:00:00Z,2016-11-09T17:30:00+05:30,2016-11-09T12:15:00Z,2016-11-09T17:45:00+05:30
127.0,,,False,5,no2,µg/m³,,raw,01:00:00,2016-11-09T11:30:00Z,2016-11-09T17:00:00+05:30,2016-11-09T12:30:00Z,2016-11-09T18:00:00+05:30,1,01:00:00,1,00:15:00,100.0,0.0,2016-11-09T12:15:00Z,2016-11-09T17:45:00+05:30,2016-11-09T12:30:00Z,2016-11-09T18:00:00+05:30
159.7,,,False,5,no2,µg/m³,,raw,01:00:00,2016-11-09T11:45:00Z,2016-11-09T17:15:00+05:30,2016-11-09T12:45:00Z,2016-11-09T18:15:00+05:30,1,01:00:00,1,00:15:00,100.0,0.0,2016-11-09T12:30:00Z,2016-11-09T18:00:00+05:30,2016-11-09T12:45:00Z,2016-11-09T18:15:00+05:30
228.4,,,False,5,no2,µg/m³,,raw,01:00:00,2016-11-09T12:00:00Z,2016-11-09T17:30:00+05:30,2016-11-09T13:00:00Z,2016-11-09T18:30:00+05:30,1,01:00:00,1,00:15:00,100.0,0.0,2016-11-09T12:45:00Z,2016-11-09T18:15:00+05:30,2016-11-09T13:00:00Z,2016-11-09T18:30:00+05:30
240.6,,,False,5,no2,µg/m³,,raw,01:00:00,2016-11-09T12:15:00Z,2016-11-09T17:45:00+05:30,2016-11-09T13:15:00Z,2016-11-09T18:45:00+05:30,1,01:00:00,1,00:15:00,100.0,0.0,2016-11-09T13:00:00Z,2016-11-09T18:30:00+05:30,2016-11-09T13:15:00Z,2016-11-09T18:45:00+05:30
216.3,,,False,5,no2,µg/m³,,raw,01:00:00,2016-11-09T12:30:00Z,2016-11-09T18:00:00+05:30,2016-11-09T13:30:00Z,2016-11-09T19:00:00+05:30,1,01:00:00,1,00:15:00,100.0,0.0,2016-11-09T13:15:00Z,2016-11-09T18:45:00+05:30,2016-11-09T13:30:00Z,2016-11-09T19:00:00+05:30
215.4,,,False,5,no2,µg/m³,,raw,01:00:00,2016-11-09T12:45:00Z,2016-11-09T18:15:00+05:30,2016-11-09T13:45:00Z,2016-11-09T19:15:00+05:30,1,01:00:00,1,00:15:00,100.0,0.0,2016-11-09T13:30:00Z,2016-11-09T19:00:00+05:30,2016-11-09T13:45:00Z,2016-11-09T19:15:00+05:30
221.3,,,False,5,no2,µg/m³,,raw,01:00:00,2016-11-09T13:00:00Z,2016-11-09T18:30:00+05:30,2016-11-09T14:00:00Z,2016-11-09T19:30:00+05:30,1,01:00:00,1,00:15:00,100.0,0.0,2016-11-09T13:45:00Z,2016-11-09T19:15:00+05:30,2016-11-09T14:00:00Z,2016-11-09T19:30:00+05:30
200.0,,,False,5,no2,µg/m³,,raw,01:00:00,2016-11-09T13:15:00Z,2016-11-09T18:45:00+05:30,2016-11-09T14:15:00Z,2016-11-09T19:45:00+05:30,1,01:00:00,1,00:15:00,100.0,0.0,2016-11-09T14:00:00Z,2016-11-09T19:30:00+05:30,2016-11-09T14:15:00Z,2016-11-09T19:45:00+05:30
215.8,,,False,5,no2,µg/m³,,raw,01:00:00,2016-11-09T13:30:00Z,2016-11-09T19:00:00+05:30,2016-11-09T14:30:00Z,2016-11-09T20:00:00+05:30,1,01:00:00,1,00:15:00,100.0,0.0,2016-11-09T14:15:00Z,2016-11-09T19:45:00+05:30,2016-11-09T14:30:00Z,2016-11-09T20:00:00+05:30
185.6,,,False,5,no2,µg/m³,,raw,01:00:00,2016-11-09T13:45:00Z,2016-11-09T19:15:00+05:30,2016-11-09T14:45:00Z,2016-11-09T20:15:00+05:30,1,01:00:00,1,00:15:00,100.0,0.0,2016-11-09T14:30:00Z,2016-11-09T20:00:00+05:30,2016-11-09T14:45:00Z,2016-11-09T20:15:00+05:30
181.0,,,False,5,no2,µg/m³,,raw,01:00:00,2016-11-09T14:00:00Z,2016-11-09T19:30:00+05:30,2016-11-09T15:00:00Z,2016-11-09T20:30:00+05:30,1,01:00:00,1,00:15:00,100.0,0.0,2016-11-09T14:45:00Z,2016-11-09T20:15:00+05:30,2016-11-09T15:00:00Z,2016-11-09T20:30:00+05:30
184.2,,,False,5,no2,µg/m³,,raw,01:00:00,2016-11-09T14:15:00Z,2016-11-09T19:45:00+05:30,2016-11-09T15:15:00Z,2016-11-09T20:45:00+05:30,1,01:00:00,1,00:15:00,100.0,0.0,2016-11-09T15:00:00Z,2016-11-09T20:30:00+05:30,2016-11-09T15:15:00Z,2016-11-09T20:45:00+05:30
184.4,,,False,5,no2,µg/m³,,raw,01:00:00,2016-11-09T14:30:00Z,2016-11-09T20:00:00+05:30,2016-11-09T15:30:00Z,2016-11-09T21:00:00+05:30,1,01:00:00,1,00:15:00,100.0,0.0,2016-11-09T15:15:00Z,2016-11-09T20:45:00+05:30,2016-11-09T15:30:00Z,2016-11-09T21:00:00+05:30
173.0,,,False,5,no2,µg/m³,,raw,01:00:00,2016-11-09T14:45:00Z,2016-11-09T20:15:00+05:30,2016-11-09T15:45:00Z,2016-11-09T21:15:00+05:30,1,01:00:00,1,00:15:00,100.0,0.0,2016-11-09T15:30:00Z,2016-11-09T21:00:00+05:30,2016-11-09T15:45:00Z,2016-11-09T21:15:00+05:30
160.1,,,False,5,no2,µg/m³,,raw,01:00:00,2016-11-09T15:00:00Z,2016-11-09T20:30:00+05:30,2016-11-09T16:00:00Z,2016-11-09T21:30:00+05:30,1,01:00:00,1,00:15:00,100.0,0.0,2016-11-09T15:45:00Z,2016-11-09T21:15:00+05:30,2016-11-09T16:00:00Z,2016-11-09T21:30:00+05:30
160.9,,,False,5,no2,µg/m³,,raw,01:00:00,2016-11-09T15:15:00Z,2016-11-09T20:45:00+05:30,2016-11-09T16:15:00Z,2016-11-09T21:45:00+05:30,1,01:00:00,1,00:15:00,100.0,0.0,2016-11-09T16:00:00Z,2016-11-09T21:30:00+05:30,2016-11-09T16:15:00Z,2016-11-09T21:45:00+05:30
144.2,,,False,5,no2,µg/m³,,raw,01:00:00,2016-11-09T15:30:00Z,2016-11-09T21:00:00+05:30,2016-11-09T16:30:00Z,2016-11-09T22:00:00+05:30,1,01:00:00,1,00:15:00,100.0,0.0,2016-11-09T16:15:00Z,2016-11-09T21:45:00+05:30,2016-11-09T16:30:00Z,2016-11-09T22:00:00+05:30
144.2,,,False,5,no2,µg/m³,,raw,01:00:00,2016-11-09T15:45:00Z,2016-11-09T21:15:00+05:30,2016-11-09T16:45:00Z,2016-11-09T22:15:00+05:30,1,01:00:00,1,00:15:00,100.0,0.0,2016-11-09T16:30:00Z,2016-11-09T22:00:00+05:30,2016-11-09T16:45:00Z,2016-11-09T22:15:00+05:30
145.1,,,False,5,no2,µg/m³,,raw,01:00:00,2016-11-09T16:00:00Z,2016-11-09T21:30:00+05:30,2016-11-09T17:00:00Z,2016-11-09T22:30:00+05:30,1,01:00:00,1,00:15:00,100.0,0.0,2016-11-09T16:45:00Z,2016-11-09T22:15:00+05:30,2016-11-09T17:00:00Z,2016-11-09T22:30:00+05:30
147.6,,,False,5,no2,µg/m³,,raw,01:00:00,2016-11-09T16:15:00Z,2016-11-09T21:45:00+05:30,2016-11-09T17:15:00Z,2016-11-09T22:45:00+05:30,1,01:00:00,1,00:15:00,100.0,0.0,2016-11-09T17:00:00Z,2016-11-09T22:30:00+05:30,2016-11-09T17:15:00Z,2016-11-09T22:45:00+05:30
142.2,,,False,5,no2,µg/m³,,raw,01:00:00,2016-11-09T16:30:00Z,2016-11-09T22:00:00+05:30,2016-11-09T17:30:00Z,2016-11-09T23:00:00+05:30,1,01:00:00,1,00:15:00,100.0,0.0,2016-11-09T17:15:00Z,2016-11-09T22:45:00+05:30,2016-11-09T17:30:00Z,2016-11-09T23:00:00+05:30
131.6,,,False,5,no2,µg/m³,,raw,01:00:00,2016-11-09T16:45:00Z,2016-11-09T22:15:00+05:30,2016-11-09T17:45:00Z,2016-11-09T23:15:00+05:30,1,01:00:00,1,00:15:00,100.0,0.0,2016-11-09T17:30:00Z,2016-11-09T23:00:00+05:30,2016-11-09T17:45:00Z,2016-11-09T23:15:00+05:30
130.5,,,False,5,no2,µg/m³,,raw,01:00:00,2016-11-09T17:00:00Z,2016-11-09T22:30:00+05:30,2016-11-09T18:00:00Z,2016-11-09T23:30:00+05:30,1,01:00:00,1,00:15:00,100.0,0.0,2016-11-09T17:45:00Z,2016-11-09T23:15:00+05:30,2016-11-09T18:00:00Z,2016-11-09T23:30:00+05:30
124.0,,,False,5,no2,µg/m³,,raw,01:00:00,2016-11-09T17:15:00Z,2016-11-09T22:45:00+05:30,2016-11-09T18:15:00Z,2016-11-09T23:45:00+05:30,1,01:00:00,1,00:15:00,100.0,0.0,2016-11-09T18:00:00Z,2016-11-09T23:30:00+05:30,2016-11-09T18:15:00Z,2016-11-09T23:45:00+05:30
386.7,,,False,5,no2,µg/m³,,raw,01:00:00,2016-11-09T17:30:00Z,2016-11-09T23:00:00+05:30,2016-11-09T18:30:00Z,2016-11-10T00:00:00+05:30,1,01:00:00,1,00:15:00,100.0,0.0,2016-11-09T18:15:00Z,2016-11-09T23:45:00+05:30,2016-11-09T18:30:00Z,2016-11-10T00:00:00+05:30
106.7,,,False,5,no2,µg/m³,,raw,01:00:00,2016-11-09T17:45:00Z,2016-11-09T23:15:00+05:30,2016-11-09T18:45:00Z,2016-11-10T00:15:00+05:30,1,01:00:00,1,00:15:00,100.0,0.0,2016-11-09T18:30:00Z,2016-11-10T00:00:00+05:30,2016-11-09T18:45:00Z,2016-11-10T00:15:00+05:30
103.6,,,False,5,no2,µg/m³,,raw,01:00:00,2016-11-09T18:00:00Z,2016-11-09T23:30:00+05:30,2016-11-09T19:00:00Z,2016-11-10T00:30:00+05:30,1,01:00:00,1,00:15:00,100.0,0.0,2016-11-09T18:45:00Z,2016-11-10T00:15:00+05:30,2016-11-09T19:00:00Z,2016-11-10T00:30:00+05:30
104.8,,,False,5,no2,µg/m³,,raw,01:00:00,2016-11-09T18:15:00Z,2016-11-09T23:45:00+05:30,2016-11-09T19:15:00Z,2016-11-10T00:45:00+05:30,1,01:00:00,1,00:15:00,100.0,0.0,2016-11-09T19:00:00Z,2016-11-10T00:30:00+05:30,2016-11-09T19:15:00Z,2016-11-10T00:45:00+05:30
98.5,,,False,5,no2,µg/m³,,raw,01:00:00,2016-11-09T18:30:00Z,2016-11-10T00:00:00+05:30,2016-11-09T19:30:00Z,2016-11-10T01:00:00+05:30,1,01:00:00,1,00:15:00,100.0,0.0,2016-11-09T19:15:00Z,2016-11-10T00:45:00+05:30,2016-11-09T19:30:00Z,2016-11-10T01:00:00+05:30
97.9,,,False,5,no2,µg/m³,,raw,01:00:00,2016-11-09T18:45:00Z,2016-11-10T00:15:00+05:30,2016-11-09T19:45:00Z,2016-11-10T01:15:00+05:30,1,01:00:00,1,00:15:00,100.0,0.0,2016-11-09T19:30:00Z,2016-11-10T01:00:00+05:30,2016-11-09T19:45:00Z,2016-11-10T01:15:00+05:30
86.7,,,False,5,no2,µg/m³,,raw,01:00:00,2016-11-09T19:00:00Z,2016-11-10T00:30:00+05:30,2016-11-09T20:00:00Z,2016-11-10T01:30:00+05:30,1,01:00:00,1,00:15:00,100.0,0.0,2016-11-09T19:45:00Z,2016-11-10T01:15:00+05:30,2016-11-09T20:00:00Z,2016-11-10T01:30:00+05:30
91.6,,,False,5,no2,µg/m³,,raw,01:00:00,2016-11-09T19:15:00Z,2016-11-10T00:45:00+05:30,2016-11-09T20:15:00Z,2016-11-10T01:45:00+05:30,1,01:00:00,1,00:15:00,100.0,0.0,2016-11-09T20:00:00Z,2016-11-10T01:30:00+05:30,2016-11-09T20:15:00Z,2016-11-10T01:45:00+05:30
90.8,,,False,5,no2,µg/m³,,raw,01:00:00,2016-11-09T19:30:00Z,2016-11-10T01:00:00+05:30,2016-11-09T20:30:00Z,2016-11-10T02:00:00+05:30,1,01:00:00,1,00:15:00,100.0,0.0,2016-11-09T20:15:00Z,2016-11-10T01:45:00+05:30,2016-11-09T20:30:00Z,2016-11-10T02:00:00+05:30
86.8,,,False,5,no2,µg/m³,,raw,01:00:00,2016-11-09T19:45:00Z,2016-11-10T01:15:00+05:30,2016-11-09T20:45:00Z,2016-11-10T02:15:00+05:30,1,01:00:00,1,00:15:00,100.0,0.0,2016-11-09T20:30:00Z,2016-11-10T02:00:00+05:30,2016-11-09T20:45:00Z,2016-11-10T02:15:00+05:30
94.2,,,False,5,no2,µg/m³,,raw,01:00:00,2016-11-09T20:00:00Z,2016-11-10T01:30:00+05:30,2016-11-09T21:00:00Z,2016-11-10T02:30:00+05:30,1,01:00:00,1,00:15:00,100.0,0.0,2016-11-09T20:45:00Z,2016-11-10T02:15:00+05:30,2016-11-09T21:00:00Z,2016-11-10T02:30:00+05:30
93.9,,,False,5,no2,µg/m³,,raw,01:00:00,2016-11-09T20:15:00Z,2016-11-10T01:45:00+05:30,2016-11-09T21:15:00Z,2016-11-10T02:45:00+05:30,1,01:00:00,1,00:15:00,100.0,0.0,2016-11-09T21:00:00Z,2016-11-10T02:30:00+05:30,2016-11-09T21:15:00Z,2016-11-10T02:45:00+05:30
92.9,,,False,5,no2,µg/m³,,raw,01:00:00,2016-11-09T20:30:00Z,2016-11-10T02:00:00+05:30,2016-11-09T21:30:00Z,2016-11-10T03:00:00+05:30,1,01:00:00,1,00:15:00,100.0,0.0,2016-11-09T21:15:00Z,2016-11-10T02:45:00+05:30,2016-11-09T21:30:00Z,2016-11-10T03:00:00+05:30
101.1,,,False,5,no2,µg/m³,,raw,01:00:00,2016-11-09T20:45:00Z,2016-11-10T02:15:00+05:30,2016-11-09T21:45:00Z,2016-11-10T03:15:00+05:30,1,01:00:00,1,00:15:00,100.0,0.0,2016-11-09T21:30:00Z,2016-11-10T03:00:00+05:30,2016-11-09T21:45:00Z,2016-11-10T03:15:00+05:30
90.8,,,False,5,no2,µg/m³,,raw,01:00:00,2016-11-09T21:00:00Z,2016-11-10T02:30:00+05:30,2016-11-09T22:00:00Z,2016-11-10T03:30:00+05:30,1,01:00:00,1,00:15:00,100.0,0.0,2016-11-09T21:45:00Z,2016-11-10T03:15:00+05:30,2016-11-09T22:00:00Z,2016-11-10T03:30:00+05:30
93.3,,,False,5,no2,µg/m³,,raw,01:00:00,2016-11-09T21:15:00Z,2016-11-10T02:45:00+05:30,2016-11-09T22:15:00Z,2016-11-10T03:45:00+05:30,1,01:00:00,1,00:15:00,100.0,0.0,2016-11-09T22:00:00Z,2016-11-10T03:30:00+05:30,2016-11-09T22:15:00Z,2016-11-10T03:45:00+05:30
99.4,,,False,5,no2,µg/m³,,raw,01:00:00,2016-11-09T21:30:00Z,2016-11-10T03:00:00+05:30,2016-11-09T22:30:00Z,2016-11-10T04:00:00+05:30,1,01:00:00,1,00:15:00,100.0,0.0,2016-11-09T22:15:00Z,2016-11-10T03:45:00+05:30,2016-11-09T22:30:00Z,2016-11-10T04:00:00+05:30
95.2,,,False,5,no2,µg/m³,,raw,01:00:00,2016-11-09T21:45:00Z,2016-11-10T03:15:00+05:30,2016-11-09T22:45:00Z,2016-11-10T04:15:00+05:30,1,01:00:00,1,00:15:00,100.0,0.0,2016-11-09T22:30:00Z,2016-11-10T04:00:00+05:30,2016-11-09T22:45:00Z,2016-11-10T04:15:00+05:30
91.6,,,False,5,no2,µg/m³,,raw,01:00:00,2016-11-09T22:00:00Z,2016-11-10T03:30:00+05:30,2016-11-09T23:00:00Z,2016-11-10T04:30:00+05:30,1,01:00:00,1,00:15:00,100.0,0.0,2016-11-09T22:45:00Z,2016-11-10T04:15:00+05:30,2016-11-09T23:00:00Z,2016-11-10T04:30:00+05:30
101.3,,,False,5,no2,µg/m³,,raw,01:00:00,2016-11-09T22:15:00Z,2016-11-10T03:45:00+05:30,2016-11-09T23:15:00Z,2016-11-10T04:45:00+05:30,1,01:00:00,1,00:15:00,100.0,0.0,2016-11-09T23:00:00Z,2016-11-10T04:30:00+05:30,2016-11-09T23:15:00Z,2016-11-10T04:45:00+05:30
101.4,,,False,5,no2,µg/m³,,raw,01:00:00,2016-11-09T22:30:00Z,2016-11-10T04:00:00+05:30,2016-11-09T23:30:00Z,2016-11-10T05:00:00+05:30,1,01:00:00,1,00:15:00,100.0,0.0,2016-11-09T23:15:00Z,2016-11-10T04:45:00+05:30,2016-11-09T23:30:00Z,2016-11-10T05:00:00+05:30
97.0,,,False,5,no2,µg/m³,,raw,01:00:00,2016-11-09T22:45:00Z,2016-11-10T04:15:00+05:30,2016-11-09T23:45:00Z,2016-11-10T05:15:00+05:30,1,01:00:00,1,00:15:00,100.0,0.0,2016-11-09T23:30:00Z,2016-11-10T05:00:00+05:30,2016-11-09T23:45:00Z,2016-11-10T05:15:00+05:30
98.2,,,False,5,no2,µg/m³,,raw,01:00:00,2016-11-09T23:00:00Z,2016-11-10T04:30:00+05:30,2016-11-10T00:00:00Z,2016-11-10T05:30:00+05:30,1,01:00:00,1,00:15:00,100.0,0.0,2016-11-09T23:45:00Z,2016-11-10T05:15:00+05:30,2016-11-10T00:00:00Z,2016-11-10T05:30:00+05:30
112.6,,,False,5,no2,µg/m³,,raw,01:00:00,2016-11-09T23:15:00Z,2016-11-10T04:45:00+05:30,2016-11-10T00:15:00Z,2016-11-10T05:45:00+05:30,1,01:00:00,1,00:15:00,100.0,0.0,2016-11-10T00:00:00Z,2016-11-10T05:30:00+05:30,2016-11-10T00:15:00Z,2016-11-10T05:45:00+05:30
99.9,,,False,5,no2,µg/m³,,raw,01:00:00,2016-11-09T23:30:00Z,2016-11-10T05:00:00+05:30,2016-11-10T00:30:00Z,2016-11-10T06:00:00+05:30,1,01:00:00,1,00:15:00,100.0,0.0,2016-11-10T00:15:00Z,2016-11-10T05:45:00+05:30,2016-11-10T00:30:00Z,2016-11-10T06:00:00+05:30
104.4,,,False,5,no2,µg/m³,,raw,01:00:00,2016-11-09T23:45:00Z,2016-11-10T05:15:00+05:30,2016-11-10T00:45:00Z,2016-11-10T06:15:00+05:30,1,01:00:00,1,00:15:00,100.0,0.0,2016-11-10T00:30:00Z,2016-11-10T06:00:00+05:30,2016-11-10T00:45:00Z,2016-11-10T06:15:00+05:30
100.5,,,False,5,no2,µg/m³,,raw,01:00:00,2016-11-10T00:00:00Z,2016-11-10T05:30:00+05:30,2016-11-10T01:00:00Z,2016-11-10T06:30:00+05:30,1,01:00:00,1,00:15:00,100.0,0.0,2016-11-10T00:45:00Z,2016-11-10T06:15:00+05:30,2016-11-10T01:00:00Z,2016-11-10T06:30:00+05:30
99.0,,,False,5,no2,µg/m³,,raw,01:00:00,2016-11-10T00:15:00Z,2016-11-10T05:45:00+05:30,2016-11-10T01:15:00Z,2016-11-10T06:45:00+05:30,1,01:00:00,1,00:15:00,100.0,0.0,2016-11-10T01:00:00Z,2016-11-10T06:30:00+05:30,2016-11-10T01:15:00Z,2016-11-10T06:45:00+05:30
97.8,,,False,5,no2,µg/m³,,raw,01:00:00,2016-11-10T00:30:00Z,2016-11-10T06:00:00+05:30,2016-11-10T01:30:00Z,2016-11-10T07:00:00+05:30,1,01:00:00,1,00:15:00,100.0,0.0,2016-11-10T01:15:00Z,2016-11-10T06:45:00+05:30,2016-11-10T01:30:00Z,2016-11-10T07:00:00+05:30
109.0,,,False,5,no2,µg/m³,,raw,01:00:00,2016-11-10T00:45:00Z,2016-11-10T06:15:00+05:30,2016-11-10T01:45:00Z,2016-11-10T07:15:00+05:30,1,01:00:00,1,00:15:00,100.0,0.0,2016-11-10T01:30:00Z,2016-11-10T07:00:00+05:30,2016-11-10T01:45:00Z,2016-11-10T07:15:00+05:30
111.0,,,False,5,no2,µg/m³,,raw,01:00:00,2016-11-10T01:00:00Z,2016-11-10T06:30:00+05:30,2016-11-10T02:00:00Z,2016-11-10T07:30:00+05:30,1,01:00:00,1,00:15:00,100.0,0.0,2016-11-10T01:45:00Z,2016-11-10T07:15:00+05:30,2016-11-10T02:00:00Z,2016-11-10T07:30:00+05:30
112.7,,,False,5,no2,µg/m³,,raw,01:00:00,2016-11-10T01:15:00Z,2016-11-10T06:45:00+05:30,2016-11-10T02:15:00Z,2016-11-10T07:45:00+05:30,1,01:00:00,1,00:15:00,100.0,0.0,2016-11-10T02:00:00Z,2016-11-10T07:30:00+05:30,2016-11-10T02:15:00Z,2016-11-10T07:45:00+05:30
138.3,,,False,5,no2,µg/m³,,raw,01:00:00,2016-11-10T01:30:00Z,2016-11-10T07:00:00+05:30,2016-11-10T02:30:00Z,2016-11-10T08:00:00+05:30,1,01:00:00,1,00:15:00,100.0,0.0,2016-11-10T02:15:00Z,2016-11-10T07:45:00+05:30,2016-11-10T02:30:00Z,2016-11-10T08:00:00+05:30
134.5,,,False,5,no2,µg/m³,,raw,01:00:00,2016-11-10T01:45:00Z,2016-11-10T07:15:00+05:30,2016-11-10T02:45:00Z,2016-11-10T08:15:00+05:30,1,01:00:00,1,00:15:00,100.0,0.0,2016-11-10T02:30:00Z,2016-11-10T08:00:00+05:30,2016-11-10T02:45:00Z,2016-11-10T08:15:00+05:30
130.0,,,False,5,no2,µg/m³,,raw,01:00:00,2016-11-10T02:00:00Z,2016-11-10T07:30:00+05:30,2016-11-10T03:00:00Z,2016-11-10T08:30:00+05:30,1,01:00:00,1,00:15:00,100.0,0.0,2016-11-10T02:45:00Z,2016-11-10T08:15:00+05:30,2016-11-10T03:00:00Z,2016-11-10T08:30:00+05:30
148.0,,,False,5,no2,µg/m³,,raw,01:00:00,2016-11-10T02:15:00Z,2016-11-10T07:45:00+05:30,2016-11-10T03:15:00Z,2016-11-10T08:45:00+05:30,1,01:00:00,1,00:15:00,100.0,0.0,2016-11-10T03:00:00Z,2016-11-10T08:30:00+05:30,2016-11-10T03:15:00Z,2016-11-10T08:45:00+05:30
142.3,,,False,5,no2,µg/m³,,raw,01:00:00,2016-11-10T02:30:00Z,2016-11-10T08:00:00+05:30,2016-11-10T03:30:00Z,2016-11-10T09:00:00+05:30,1,01:00:00,1,00:15:00,100.0,0.0,2016-11-10T03:15:00Z,2016-11-10T08:45:00+05:30,2016-11-10T03:30:00Z,2016-11-10T09:00:00+05:30
134.0,,,False,5,no2,µg/m³,,raw,01:00:00,2016-11-10T02:45:00Z,2016-11-10T08:15:00+05:30,2016-11-10T03:45:00Z,2016-11-10T09:15:00+05:30,1,01:00:00,1,00:15:00,100.0,0.0,2016-11-10T03:30:00Z,2016-11-10T09:00:00+05:30,2016-11-10T03:45:00Z,2016-11-10T09:15:00+05:30
125.9,,,False,5,no2,µg/m³,,raw,01:00:00,2016-11-10T03:00:00Z,2016-11-10T08:30:00+05:30,2016-11-10T04:00:00Z,2016-11-10T09:30:00+05:30,1,01:00:00,1,00:15:00,100.0,0.0,2016-11-10T03:45:00Z,2016-11-10T09:15:00+05:30,2016-11-10T04:00:00Z,2016-11-10T09:30:00+05:30
132.5,,,False,5,no2,µg/m³,,raw,01:00:00,2016-11-10T03:15:00Z,2016-11-10T08:45:00+05:30,2016-11-10T04:15:00Z,2016-11-10T09:45:00+05:30,1,01:00:00,1,00:15:00,100.0,0.0,2016-11-10T04:00:00Z,2016-11-10T09:30:00+05:30,2016-11-10T04:15:00Z,2016-11-10T09:45:00+05:30
140.4,,,False,5,no2,µg/m³,,raw,01:00:00,2016-11-10T03:30:00Z,2016-11-10T09:00:00+05:30,2016-11-10T04:30:00Z,2016-11-10T10:00:00+05:30,1,01:00:00,1,00:15:00,100.0,0.0,2016-11-10T04:15:00Z,2016-11-10T09:45:00+05:30,2016-11-10T04:30:00Z,2016-11-10T10:00:00+05:30
141.1,,,False,5,no2,µg/m³,,raw,01:00:00,2016-11-10T03:45:00Z,2016-11-10T09:15:00+05:30,2016-11-10T04:45:00Z,2016-11-10T10:15:00+05:30,1,01:00:00,1,00:15:00,100.0,0.0,2016-11-10T04:30:00Z,2016-11-10T10:00:00+05:30,2016-11-10T04:45:00Z,2016-11-10T10:15:00+05:30
137.9,,,False,5,no2,µg/m³,,raw,01:00:00,2016-11-10T04:00:00Z,2016-11-10T09:30:00+05:30,2016-11-10T05:00:00Z,2016-11-10T10:30:00+05:30,1,01:00:00,1,00:15:00,100.0,0.0,2016-11-10T04:45:00Z,2016-11-10T10:15:00+05:30,2016-11-10T05:00:00Z,2016-11-10T10:30:00+05:30
136.8,,,False,5,no2,µg/m³,,raw,01:00:00,2016-11-10T04:15:00Z,2016-11-10T09:45:00+05:30,2016-11-10T05:15:00Z,2016-11-10T10:45:00+05:30,1,01:00:00,1,00:15:00,100.0,0.0,2016-11-10T05:00:00Z,2016-11-10T10:30:00+05:30,2016-11-10T05:15:00Z,2016-11-10T10:45:00+05:30
142.7,,,False,5,no2,µg/m³,,raw,01:00:00,2016-11-10T04:30:00Z,2016-11-10T10:00:00+05:30,2016-11-10T05:30:00Z,2016-11-10T11:00:00+05:30,1,01:00:00,1,00:15:00,100.0,0.0,2016-11-10T05:15:00Z,2016-11-10T10:45:00+05:30,2016-11-10T05:30:00Z,2016-11-10T11:00:00+05:30
152.7,,,False,5,no2,µg/m³,,raw,01:00:00,2016-11-10T04:45:00Z,2016-11-10T10:15:00+05:30,2016-11-10T05:45:00Z,2016-11-10T11:15:00+05:30,1,01:00:00,1,00:15:00,100.0,0.0,2016-11-10T05:30:00Z,2016-11-10T11:00:00+05:30,2016-11-10T05:45:00Z,2016-11-10T11:15:00+05:30
149.8,,,False,5,no2,µg/m³,,raw,01:00:00,2016-11-10T05:00:00Z,2016-11-10T10:30:00+05:30,2016-11-10T06:00:00Z,2016-11-10T11:30:00+05:30,1,01:00:00,1,00:15:00,100.0,0.0,2016-11-10T05:45:00Z,2016-11-10T11:15:00+05:30,2016-11-10T06:00:00Z,2016-11-10T11:30:00+05:30
125.0,,,False,5,no2,µg/m³,,raw,01:00:00,2016-11-10T05:15:00Z,2016-11-10T10:45:00+05:30,2016-11-10T06:15:00Z,2016-11-10T11:45:00+05:30,1,01:00:00,1,00:15:00,100.0,0.0,2016-11-10T06:00:00Z,2016-11-10T11:30:00+05:30,2016-11-10T06:15:00Z,2016-11-10T11:45:00+05:30
145.3,,,False,5,no2,µg/m³,,raw,01:00:00,2016-11-10T05:30:00Z,2016-11-10T11:00:00+05:30,2016-11-10T06:30:00Z,2016-11-10T12:00:00+05:30,1,01:00:00,1,00:15:00,100.0,0.0,2016-11-10T06:15:00Z,2016-11-10T11:45:00+05:30,2016-11-10T06:30:00Z,2016-11-10T12:00:00+05:30
153.3,,,False,5,no2,µg/m³,,raw,01:00:00,2016-11-10T07:00:00Z,2016-11-10T12:30:00+05:30,2016-11-10T08:00:00Z,2016-11-10T13:30:00+05:30,1,01:00:00,1,00:15:00,100.0,0.0,2016-11-10T07:45:00Z,2016-11-10T13:15:00+05:30,2016-11-10T08:00:00Z,2016-11-10T13:30:00+05:30
133.7,,,False,5,no2,µg/m³,,raw,01:00:00,2016-11-10T07:15:00Z,2016-11-10T12:45:00+05:30,2016-11-10T08:15:00Z,2016-11-10T13:45:00+05:30,1,01:00:00,1,00:15:00,100.0,0.0,2016-11-10T08:00:00Z,2016-11-10T13:30:00+05:30,2016-11-10T08:15:00Z,2016-11-10T13:45:00+05:30
129.4,,,False,5,no2,µg/m³,,raw,01:00:00,2016-11-10T07:30:00Z,2016-11-10T13:00:00+05:30,2016-11-10T08:30:00Z,2016-11-10T14:00:00+05:30,1,01:00:00,1,00:15:00,100.0,0.0,2016-11-10T08:15:00Z,2016-11-10T13:45:00+05:30,2016-11-10T08:30:00Z,2016-11-10T14:00:00+05:30
151.5,,,False,5,no2,µg/m³,,raw,01:00:00,2016-11-10T07:45:00Z,2016-11-10T13:15:00+05:30,2016-11-10T08:45:00Z,2016-11-10T14:15:00+05:30,1,01:00:00,1,00:15:00,100.0,0.0,2016-11-10T08:30:00Z,2016-11-10T14:00:00+05:30,2016-11-10T08:45:00Z,2016-11-10T14:15:00+05:30
132.3,,,False,5,no2,µg/m³,,raw,01:00:00,2016-11-10T08:00:00Z,2016-11-10T13:30:00+05:30,2016-11-10T09:00:00Z,2016-11-10T14:30:00+05:30,1,01:00:00,1,00:15:00,100.0,0.0,2016-11-10T08:45:00Z,2016-11-10T14:15:00+05:30,2016-11-10T09:00:00Z,2016-11-10T14:30:00+05:30
153.2,,,False,5,no2,µg/m³,,raw,01:00:00,2016-11-10T09:15:00Z,2016-11-10T14:45:00+05:30,2016-11-10T10:15:00Z,2016-11-10T15:45:00+05:30,1,01:00:00,1,00:15:00,100.0,0.0,2016-11-10T10:00:00Z,2016-11-10T15:30:00+05:30,2016-11-10T10:15:00Z,2016-11-10T15:45:00+05:30
142.3,,,False,5,no2,µg/m³,,raw,01:00:00,2016-11-10T09:30:00Z,2016-11-10T15:00:00+05:30,2016-11-10T10:30:00Z,2016-11-10T16:00:00+05:30,1,01:00:00,1,00:15:00,100.0,0.0,2016-11-10T10:15:00Z,2016-11-10T15:45:00+05:30,2016-11-10T10:30:00Z,2016-11-10T16:00:00+05:30
125.6,,,False,5,no2,µg/m³,,raw,01:00:00,2016-11-10T09:45:00Z,2016-11-10T15:15:00+05:30,2016-11-10T10:45:00Z,2016-11-10T16:15:00+05:30,1,01:00:00,1,00:15:00,100.0,0.0,2016-11-10T10:30:00Z,2016-11-10T16:00:00+05:30,2016-11-10T10:45:00Z,2016-11-10T16:15:00+05:30
122.8,,,False,5,no2,µg/m³,,raw,01:00:00,2016-11-10T10:00:00Z,2016-11-10T15:30:00+05:30,2016-11-10T11:00:00Z,2016-11-10T16:30:00+05:30,1,01:00:00,1,00:15:00,100.0,0.0,2016-11-10T10:45:00Z,2016-11-10T16:15:00+05:30,2016-11-10T11:00:00Z,2016-11-10T16:30:00+05:30
114.1,,,False,5,no2,µg/m³,,raw,01:00:00,2016-11-10T10:15:00Z,2016-11-10T15:45:00+05:30,2016-11-10T11:15:00Z,2016-11-10T16:45:00+05:30,1,01:00:00,1,00:15:00,100.0,0.0,2016-11-10T11:00:00Z,2016-11-10T16:30:00+05:30,2016-11-10T11:15:00Z,2016-11-10T16:45:00+05:30
119.0,,,False,5,no2,µg/m³,,raw,01:00:00,2016-11-10T10:30:00Z,2016-11-10T16:00:00+05:30,2016-11-10T11:30:00Z,2016-11-10T17:00:00+05:30,1,01:00:00,1,00:15:00,100.0,0.0,2016-11-10T11:15:00Z,2016-11-10T16:45:00+05:30,2016-11-10T11:30:00Z,2016-11-10T17:00:00+05:30
126.7,,,False,5,no2,µg/m³,,raw,01:00:00,2016-11-10T10:45:00Z,2016-11-10T16:15:00+05:30,2016-11-10T11:45:00Z,2016-11-10T17:15:00+05:30,1,01:00:00,1,00:15:00,100.0,0.0,2016-11-10T11:30:00Z,2016-11-10T17:00:00+05:30,2016-11-10T11:45:00Z,2016-11-10T17:15:00+05:30
150.1,,,False,5,no2,µg/m³,,raw,01:00:00,2016-11-10T11:00:00Z,2016-11-10T16:30:00+05:30,2016-11-10T12:00:00Z,2016-11-10T17:30:00+05:30,1,01:00:00,1,00:15:00,100.0,0.0,2016-11-10T11:45:00Z,2016-11-10T17:15:00+05:30,2016-11-10T12:00:00Z,2016-11-10T17:30:00+05:30
169.8,,,False,5,no2,µg/m³,,raw,01:00:00,2016-11-10T11:15:00Z,2016-11-10T16:45:00+05:30,2016-11-10T12:15:00Z,2016-11-10T17:45:00+05:30,1,01:00:00,1,00:15:00,100.0,0.0,2016-11-10T12:00:00Z,2016-11-10T17:30:00+05:30,2016-11-10T12:15:00Z,2016-11-10T17:45:00+05:30
87.1,,,False,5,no2,µg/m³,,raw,01:00:00,2016-11-10T11:30:00Z,2016-11-10T17:00:00+05:30,2016-11-10T12:30:00Z,2016-11-10T18:00:00+05:30,1,01:00:00,1,00:15:00,100.0,0.0,2016-11-10T12:15:00Z,2016-11-10T17:45:00+05:30,2016-11-10T12:30:00Z,2016-11-10T18:00:00+05:30
14.5,,,False,5,no2,µg/m³,,raw,01:00:00,2016-11-10T11:45:00Z,2016-11-10T17:15:00+05:30,2016-11-10T12:45:00Z,2016-11-10T18:15:00+05:30,1,01:00:00,1,00:15:00,100.0,0.0,2016-11-10T12:30:00Z,2016-11-10T18:00:00+05:30,2016-11-10T12:45:00Z,2016-11-10T18:15:00+05:30
6.4,,,False,5,no2,µg/m³,,raw,01:00:00,2016-11-10T12:00:00Z,2016-11-10T17:30:00+05:30,2016-11-10T13:00:00Z,2016-11-10T18:30:00+05:30,1,01:00:00,1,00:15:00,100.0,0.0,2016-11-10T12:45:00Z,2016-11-10T18:15:00+05:30,2016-11-10T13:00:00Z,2016-11-10T18:30:00+05:30
2.6,,,False,5,no2,µg/m³,,raw,01:00:00,2016-11-10T12:30:00Z,2016-11-10T18:00:00+05:30,2016-11-10T13:30:00Z,2016-11-10T19:00:00+05:30,1,01:00:00,1,00:15:00,100.0,0.0,2016-11-10T13:15:00Z,2016-11-10T18:45:00+05:30,2016-11-10T13:30:00Z,2016-11-10T19:00:00+05:30
3.9,,,False,5,no2,µg/m³,,raw,01:00:00,2016-11-10T12:45:00Z,2016-11-10T18:15:00+05:30,2016-11-10T13:45:00Z,2016-11-10T19:15:00+05:30,1,01:00:00,1,00:15:00,100.0,0.0,2016-11-10T13:30:00Z,2016-11-10T19:00:00+05:30,2016-11-10T13:45:00Z,2016-11-10T19:15:00+05:30
6.8,,,False,5,no2,µg/m³,,raw,01:00:00,2016-11-10T13:00:00Z,2016-11-10T18:30:00+05:30,2016-11-10T14:00:00Z,2016-11-10T19:30:00+05:30,1,01:00:00,1,00:15:00,100.0,0.0,2016-11-10T13:45:00Z,2016-11-10T19:15:00+05:30,2016-11-10T14:00:00Z,2016-11-10T19:30:00+05:30
11.9,,,False,5,no2,µg/m³,,raw,01:00:00,2016-11-10T13:15:00Z,2016-11-10T18:45:00+05:30,2016-11-10T14:15:00Z,2016-11-10T19:45:00+05:30,1,01:00:00,1,00:15:00,100.0,0.0,2016-11-10T14:00:00Z,2016-11-10T19:30:00+05:30,2016-11-10T14:15:00Z,2016-11-10T19:45:00+05:30
5.8,,,False,5,no2,µg/m³,,raw,01:00:00,2016-11-10T13:30:00Z,2016-11-10T19:00:00+05:30,2016-11-10T14:30:00Z,2016-11-10T20:00:00+05:30,1,01:00:00,1,00:15:00,100.0,0.0,2016-11-10T14:15:00Z,2016-11-10T19:45:00+05:30,2016-11-10T14:30:00Z,2016-11-10T20:00:00+05:30
385.3,,,False,5,no2,µg/m³,,raw,01:00:00,2016-11-10T14:00:00Z,2016-11-10T19:30:00+05:30,2016-11-10T15:00:00Z,2016-11-10T20:30:00+05:30,1,01:00:00,1,00:15:00,100.0,0.0,2016-11-10T14:45:00Z,2016-11-10T20:15:00+05:30,2016-11-10T15:00:00Z,2016-11-10T20:30:00+05:30
296.8,,,False,5,no2,µg/m³,,raw,01:00:00,2016-11-10T14:15:00Z,2016-11-10T19:45:00+05:30,2016-11-10T15:15:00Z,2016-11-10T20:45:00+05:30,1,01:00:00,1,00:15:00,100.0,0.0,2016-11-10T15:00:00Z,2016-11-10T20:30:00+05:30,2016-11-10T15:15:00Z,2016-11-10T20:45:00+05:30
301.6,,,False,5,no2,µg/m³,,raw,01:00:00,2016-11-10T14:30:00Z,2016-11-10T20:00:00+05:30,2016-11-10T15:30:00Z,2016-11-10T21:00:00+05:30,1,01:00:00,1,00:15:00,100.0,0.0,2016-11-10T15:15:00Z,2016-11-10T20:45:00+05:30,2016-11-10T15:30:00Z,2016-11-10T21:00:00+05:30
229.9,,,False,5,no2,µg/m³,,raw,01:00:00,2016-11-10T14:45:00Z,2016-11-10T20:15:00+05:30,2016-11-10T15:45:00Z,2016-11-10T21:15:00+05:30,1,01:00:00,1,00:15:00,100.0,0.0,2016-11-10T15:30:00Z,2016-11-10T21:00:00+05:30,2016-11-10T15:45:00Z,2016-11-10T21:15:00+05:30
251.9,,,False,5,no2,µg/m³,,raw,01:00:00,2016-11-10T15:00:00Z,2016-11-10T20:30:00+05:30,2016-11-10T16:00:00Z,2016-11-10T21:30:00+05:30,1,01:00:00,1,00:15:00,100.0,0.0,2016-11-10T15:45:00Z,2016-11-10T21:15:00+05:30,2016-11-10T16:00:00Z,2016-11-10T21:30:00+05:30
245.4,,,False,5,no2,µg/m³,,raw,01:00:00,2016-11-10T15:15:00Z,2016-11-10T20:45:00+05:30,2016-11-10T16:15:00Z,2016-11-10T21:45:00+05:30,1,01:00:00,1,00:15:00,100.0,0.0,2016-11-10T16:00:00Z,2016-11-10T21:30:00+05:30,2016-11-10T16:15:00Z,2016-11-10T21:45:00+05:30
242.8,,,False,5,no2,µg/m³,,raw,01:00:00,2016-11-10T15:30:00Z,2016-11-10T21:00:00+05:30,2016-11-10T16:30:00Z,2016-11-10T22:00:00+05:30,1,01:00:00,1,00:15:00,100.0,0.0,2016-11-10T16:15:00Z,2016-11-10T21:45:00+05:30,2016-11-10T16:30:00Z,2016-11-10T22:00:00+05:30
241.6,,,False,5,no2,µg/m³,,raw,01:00:00,2016-11-10T15:45:00Z,2016-11-10T21:15:00+05:30,2016-11-10T16:45:00Z,2016-11-10T22:15:00+05:30,1,01:00:00,1,00:15:00,100.0,0.0,2016-11-10T16:30:00Z,2016-11-10T22:00:00+05:30,2016-11-10T16:45:00Z,2016-11-10T22:15:00+05:30
223.7,,,False,5,no2,µg/m³,,raw,01:00:00,2016-11-10T16:00:00Z,2016-11-10T21:30:00+05:30,2016-11-10T17:00:00Z,2016-11-10T22:30:00+05:30,1,01:00:00,1,00:15:00,100.0,0.0,2016-11-10T16:45:00Z,2016-11-10T22:15:00+05:30,2016-11-10T17:00:00Z,2016-11-10T22:30:00+05:30
220.1,,,False,5,no2,µg/m³,,raw,01:00:00,2016-11-10T16:15:00Z,2016-11-10T21:45:00+05:30,2016-11-10T17:15:00Z,2016-11-10T22:45:00+05:30,1,01:00:00,1,00:15:00,100.0,0.0,2016-11-10T17:00:00Z,2016-11-10T22:30:00+05:30,2016-11-10T17:15:00Z,2016-11-10T22:45:00+05:30
205.5,,,False,5,no2,µg/m³,,raw,01:00:00,2016-11-10T16:30:00Z,2016-11-10T22:00:00+05:30,2016-11-10T17:30:00Z,2016-11-10T23:00:00+05:30,1,01:00:00,1,00:15:00,100.0,0.0,2016-11-10T17:15:00Z,2016-11-10T22:45:00+05:30,2016-11-10T17:30:00Z,2016-11-10T23:00:00+05:30
382.3,,,False,5,no2,µg/m³,,raw,01:00:00,2016-11-10T17:30:00Z,2016-11-10T23:00:00+05:30,2016-11-10T18:30:00Z,2016-11-11T00:00:00+05:30,1,01:00:00,1,00:15:00,100.0,0.0,2016-11-10T18:15:00Z,2016-11-10T23:45:00+05:30,2016-11-10T18:30:00Z,2016-11-11T00:00:00+05:30
387.0,,,False,5,no2,µg/m³,,raw,01:00:00,2016-11-10T17:45:00Z,2016-11-10T23:15:00+05:30,2016-11-10T18:45:00Z,2016-11-11T00:15:00+05:30,1,01:00:00,1,00:15:00,100.0,0.0,2016-11-10T18:30:00Z,2016-11-11T00:00:00+05:30,2016-11-10T18:45:00Z,2016-11-11T00:15:00+05:30
372.5,,,False,5,no2,µg/m³,,raw,01:00:00,2016-11-10T18:00:00Z,2016-11-10T23:30:00+05:30,2016-11-10T19:00:00Z,2016-11-11T00:30:00+05:30,1,01:00:00,1,00:15:00,100.0,0.0,2016-11-10T18:45:00Z,2016-11-11T00:15:00+05:30,2016-11-10T19:00:00Z,2016-11-11T00:30:00+05:30
338.3,,,False,5,no2,µg/m³,,raw,01:00:00,2016-11-10T18:15:00Z,2016-11-10T23:45:00+05:30,2016-11-10T19:15:00Z,2016-11-11T00:45:00+05:30,1,01:00:00,1,00:15:00,100.0,0.0,2016-11-10T19:00:00Z,2016-11-11T00:30:00+05:30,2016-11-10T19:15:00Z,2016-11-11T00:45:00+05:30
339.7,,,False,5,no2,µg/m³,,raw,01:00:00,2016-11-10T18:30:00Z,2016-11-11T00:00:00+05:30,2016-11-10T19:30:00Z,2016-11-11T01:00:00+05:30,1,01:00:00,1,00:15:00,100.0,0.0,2016-11-10T19:15:00Z,2016-11-11T00:45:00+05:30,2016-11-10T19:30:00Z,2016-11-11T01:00:00+05:30
328.8,,,False,5,no2,µg/m³,,raw,01:00:00,2016-11-10T18:45:00Z,2016-11-11T00:15:00+05:30,2016-11-10T19:45:00Z,2016-11-11T01:15:00+05:30,1,01:00:00,1,00:15:00,100.0,0.0,2016-11-10T19:30:00Z,2016-11-11T01:00:00+05:30,2016-11-10T19:45:00Z,2016-11-11T01:15:00+05:30
333.9,,,False,5,no2,µg/m³,,raw,01:00:00,2016-11-10T19:00:00Z,2016-11-11T00:30:00+05:30,2016-11-10T20:00:00Z,2016-11-11T01:30:00+05:30,1,01:00:00,1,00:15:00,100.0,0.0,2016-11-10T19:45:00Z,2016-11-11T01:15:00+05:30,2016-11-10T20:00:00Z,2016-11-11T01:30:00+05:30
300.6,,,False,5,no2,µg/m³,,raw,01:00:00,2016-11-10T19:15:00Z,2016-11-11T00:45:00+05:30,2016-11-10T20:15:00Z,2016-11-11T01:45:00+05:30,1,01:00:00,1,00:15:00,100.0,0.0,2016-11-10T20:00:00Z,2016-11-11T01:30:00+05:30,2016-11-10T20:15:00Z,2016-11-11T01:45:00+05:30
292.1,,,False,5,no2,µg/m³,,raw,01:00:00,2016-11-10T19:30:00Z,2016-11-11T01:00:00+05:30,2016-11-10T20:30:00Z,2016-11-11T02:00:00+05:30,1,01:00:00,1,00:15:00,100.0,0.0,2016-11-10T20:15:00Z,2016-11-11T01:45:00+05:30,2016-11-10T20:30:00Z,2016-11-11T02:00:00+05:30
294.1,,,False,5,no2,µg/m³,,raw,01:00:00,2016-11-10T19:45:00Z,2016-11-11T01:15:00+05:30,2016-11-10T20:45:00Z,2016-11-11T02:15:00+05:30,1,01:00:00,1,00:15:00,100.0,0.0,2016-11-10T20:30:00Z,2016-11-11T02:00:00+05:30,2016-11-10T20:45:00Z,2016-11-11T02:15:00+05:30
279.6,,,False,5,no2,µg/m³,,raw,01:00:00,2016-11-10T20:00:00Z,2016-11-11T01:30:00+05:30,2016-11-10T21:00:00Z,2016-11-11T02:30:00+05:30,1,01:00:00,1,00:15:00,100.0,0.0,2016-11-10T20:45:00Z,2016-11-11T02:15:00+05:30,2016-11-10T21:00:00Z,2016-11-11T02:30:00+05:30
273.2,,,False,5,no2,µg/m³,,raw,01:00:00,2016-11-10T20:15:00Z,2016-11-11T01:45:00+05:30,2016-11-10T21:15:00Z,2016-11-11T02:45:00+05:30,1,01:00:00,1,00:15:00,100.0,0.0,2016-11-10T21:00:00Z,2016-11-11T02:30:00+05:30,2016-11-10T21:15:00Z,2016-11-11T02:45:00+05:30
247.0,,,False,5,no2,µg/m³,,raw,01:00:00,2016-11-10T20:30:00Z,2016-11-11T02:00:00+05:30,2016-11-10T21:30:00Z,2016-11-11T03:00:00+05:30,1,01:00:00,1,00:15:00,100.0,0.0,2016-11-10T21:15:00Z,2016-11-11T02:45:00+05:30,2016-11-10T21:30:00Z,2016-11-11T03:00:00+05:30
259.3,,,False,5,no2,µg/m³,,raw,01:00:00,2016-11-10T20:45:00Z,2016-11-11T02:15:00+05:30,2016-11-10T21:45:00Z,2016-11-11T03:15:00+05:30,1,01:00:00,1,00:15:00,100.0,0.0,2016-11-10T21:30:00Z,2016-11-11T03:00:00+05:30,2016-11-10T21:45:00Z,2016-11-11T03:15:00+05:30
237.8,,,False,5,no2,µg/m³,,raw,01:00:00,2016-11-10T21:00:00Z,2016-11-11T02:30:00+05:30,2016-11-10T22:00:00Z,2016-11-11T03:30:00+05:30,1,01:00:00,1,00:15:00,100.0,0.0,2016-11-10T21:45:00Z,2016-11-11T03:15:00+05:30,2016-11-10T22:00:00Z,2016-11-11T03:30:00+05:30
237.6,,,False,5,no2,µg/m³,,raw,01:00:00,2016-11-10T21:15:00Z,2016-11-11T02:45:00+05:30,2016-11-10T22:15:00Z,2016-11-11T03:45:00+05:30,1,01:00:00,1,00:15:00,100.0,0.0,2016-11-10T22:00:00Z,2016-11-11T03:30:00+05:30,2016-11-10T22:15:00Z,2016-11-11T03:45:00+05:30
213.3,,,False,5,no2,µg/m³,,raw,01:00:00,2016-11-10T21:30:00Z,2016-11-11T03:00:00+05:30,2016-11-10T22:30:00Z,2016-11-11T04:00:00+05:30,1,01:00:00,1,00:15:00,100.0,0.0,2016-11-10T22:15:00Z,2016-11-11T03:45:00+05:30,2016-11-10T22:30:00Z,2016-11-11T04:00:00+05:30
199.7,,,False,5,no2,µg/m³,,raw,01:00:00,2016-11-10T21:45:00Z,2016-11-11T03:15:00+05:30,2016-11-10T22:45:00Z,2016-11-11T04:15:00+05:30,1,01:00:00,1,00:15:00,100.0,0.0,2016-11-10T22:30:00Z,2016-11-11T04:00:00+05:30,2016-11-10T22:45:00Z,2016-11-11T04:15:00+05:30
204.4,,,False,5,no2,µg/m³,,raw,01:00:00,2016-11-10T22:00:00Z,2016-11-11T03:30:00+05:30,2016-11-10T23:00:00Z,2016-11-11T04:30:00+05:30,1,01:00:00,1,00:15:00,100.0,0.0,2016-11-10T22:45:00Z,2016-11-11T04:15:00+05:30,2016-11-10T23:00:00Z,2016-11-11T04:30:00+05:30
210.8,,,False,5,no2,µg/m³,,raw,01:00:00,2016-11-10T22:15:00Z,2016-11-11T03:45:00+05:30,2016-11-10T23:15:00Z,2016-11-11T04:45:00+05:30,1,01:00:00,1,00:15:00,100.0,0.0,2016-11-10T23:00:00Z,2016-11-11T04:30:00+05:30,2016-11-10T23:15:00Z,2016-11-11T04:45:00+05:30
201.9,,,False,5,no2,µg/m³,,raw,01:00:00,2016-11-10T22:30:00Z,2016-11-11T04:00:00+05:30,2016-11-10T23:30:00Z,2016-11-11T05:00:00+05:30,1,01:00:00,1,00:15:00,100.0,0.0,2016-11-10T23:15:00Z,2016-11-11T04:45:00+05:30,2016-11-10T23:30:00Z,2016-11-11T05:00:00+05:30
188.4,,,False,5,no2,µg/m³,,raw,01:00:00,2016-11-10T22:45:00Z,2016-11-11T04:15:00+05:30,2016-11-10T23:45:00Z,2016-11-11T05:15:00+05:30,1,01:00:00,1,00:15:00,100.0,0.0,2016-11-10T23:30:00Z,2016-11-11T05:00:00+05:30,2016-11-10T23:45:00Z,2016-11-11T05:15:00+05:30
192.1,,,False,5,no2,µg/m³,,raw,01:00:00,2016-11-10T23:00:00Z,2016-11-11T04:30:00+05:30,2016-11-11T00:00:00Z,2016-11-11T05:30:00+05:30,1,01:00:00,1,00:15:00,100.0,0.0,2016-11-10T23:45:00Z,2016-11-11T05:15:00+05:30,2016-11-11T00:00:00Z,2016-11-11T05:30:00+05:30
171.9,,,False,5,no2,µg/m³,,raw,01:00:00,2016-11-10T23:15:00Z,2016-11-11T04:45:00+05:30,2016-11-11T00:15:00Z,2016-11-11T05:45:00+05:30,1,01:00:00,1,00:15:00,100.0,0.0,2016-11-11T00:00:00Z,2016-11-11T05:30:00+05:30,2016-11-11T00:15:00Z,2016-11-11T05:45:00+05:30
164.2,,,False,5,no2,µg/m³,,raw,01:00:00,2016-11-10T23:30:00Z,2016-11-11T05:00:00+05:30,2016-11-11T00:30:00Z,2016-11-11T06:00:00+05:30,1,01:00:00,1,00:15:00,100.0,0.0,2016-11-11T00:15:00Z,2016-11-11T05:45:00+05:30,2016-11-11T00:30:00Z,2016-11-11T06:00:00+05:30
166.4,,,False,5,no2,µg/m³,,raw,01:00:00,2016-11-10T23:45:00Z,2016-11-11T05:15:00+05:30,2016-11-11T00:45:00Z,2016-11-11T06:15:00+05:30,1,01:00:00,1,00:15:00,100.0,0.0,2016-11-11T00:30:00Z,2016-11-11T06:00:00+05:30,2016-11-11T00:45:00Z,2016-11-11T06:15:00+05:30
171.5,,,False,5,no2,µg/m³,,raw,01:00:00,2016-11-11T00:00:00Z,2016-11-11T05:30:00+05:30,2016-11-11T01:00:00Z,2016-11-11T06:30:00+05:30,1,01:00:00,1,00:15:00,100.0,0.0,2016-11-11T00:45:00Z,2016-11-11T06:15:00+05:30,2016-11-11T01:00:00Z,2016-11-11T06:30:00+05:30
154.4,,,False,5,no2,µg/m³,,raw,01:00:00,2016-11-11T00:15:00Z,2016-11-11T05:45:00+05:30,2016-11-11T01:15:00Z,2016-11-11T06:45:00+05:30,1,01:00:00,1,00:15:00,100.0,0.0,2016-11-11T01:00:00Z,2016-11-11T06:30:00+05:30,2016-11-11T01:15:00Z,2016-11-11T06:45:00+05:30
154.9,,,False,5,no2,µg/m³,,raw,01:00:00,2016-11-11T00:30:00Z,2016-11-11T06:00:00+05:30,2016-11-11T01:30:00Z,2016-11-11T07:00:00+05:30,1,01:00:00,1,00:15:00,100.0,0.0,2016-11-11T01:15:00Z,2016-11-11T06:45:00+05:30,2016-11-11T01:30:00Z,2016-11-11T07:00:00+05:30
154.7,,,False,5,no2,µg/m³,,raw,01:00:00,2016-11-11T00:45:00Z,2016-11-11T06:15:00+05:30,2016-11-11T01:45:00Z,2016-11-11T07:15:00+05:30,1,01:00:00,1,00:15:00,100.0,0.0,2016-11-11T01:30:00Z,2016-11-11T07:00:00+05:30,2016-11-11T01:45:00Z,2016-11-11T07:15:00+05:30
181.7,,,False,5,no2,µg/m³,,raw,01:00:00,2016-11-11T01:00:00Z,2016-11-11T06:30:00+05:30,2016-11-11T02:00:00Z,2016-11-11T07:30:00+05:30,1,01:00:00,1,00:15:00,100.0,0.0,2016-11-11T01:45:00Z,2016-11-11T07:15:00+05:30,2016-11-11T02:00:00Z,2016-11-11T07:30:00+05:30
143.1,,,False,5,no2,µg/m³,,raw,01:00:00,2016-11-11T01:15:00Z,2016-11-11T06:45:00+05:30,2016-11-11T02:15:00Z,2016-11-11T07:45:00+05:30,1,01:00:00,1,00:15:00,100.0,0.0,2016-11-11T02:00:00Z,2016-11-11T07:30:00+05:30,2016-11-11T02:15:00Z,2016-11-11T07:45:00+05:30
184.4,,,False,5,no2,µg/m³,,raw,01:00:00,2016-11-11T01:30:00Z,2016-11-11T07:00:00+05:30,2016-11-11T02:30:00Z,2016-11-11T08:00:00+05:30,1,01:00:00,1,00:15:00,100.0,0.0,2016-11-11T02:15:00Z,2016-11-11T07:45:00+05:30,2016-11-11T02:30:00Z,2016-11-11T08:00:00+05:30
220.8,,,False,5,no2,µg/m³,,raw,01:00:00,2016-11-11T01:45:00Z,2016-11-11T07:15:00+05:30,2016-11-11T02:45:00Z,2016-11-11T08:15:00+05:30,1,01:00:00,1,00:15:00,100.0,0.0,2016-11-11T02:30:00Z,2016-11-11T08:00:00+05:30,2016-11-11T02:45:00Z,2016-11-11T08:15:00+05:30
260.7,,,False,5,no2,µg/m³,,raw,01:00:00,2016-11-11T02:00:00Z,2016-11-11T07:30:00+05:30,2016-11-11T03:00:00Z,2016-11-11T08:30:00+05:30,1,01:00:00,1,00:15:00,100.0,0.0,2016-11-11T02:45:00Z,2016-11-11T08:15:00+05:30,2016-11-11T03:00:00Z,2016-11-11T08:30:00+05:30
447.2,,,False,5,no2,µg/m³,,raw,01:00:00,2016-11-11T02:15:00Z,2016-11-11T07:45:00+05:30,2016-11-11T03:15:00Z,2016-11-11T08:45:00+05:30,1,01:00:00,1,00:15:00,100.0,0.0,2016-11-11T03:00:00Z,2016-11-11T08:30:00+05:30,2016-11-11T03:15:00Z,2016-11-11T08:45:00+05:30
438.8,,,False,5,no2,µg/m³,,raw,01:00:00,2016-11-11T02:30:00Z,2016-11-11T08:00:00+05:30,2016-11-11T03:30:00Z,2016-11-11T09:00:00+05:30,1,01:00:00,1,00:15:00,100.0,0.0,2016-11-11T03:15:00Z,2016-11-11T08:45:00+05:30,2016-11-11T03:30:00Z,2016-11-11T09:00:00+05:30
511.3,,,False,5,no2,µg/m³,,raw,01:00:00,2016-11-11T02:45:00Z,2016-11-11T08:15:00+05:30,2016-11-11T03:45:00Z,2016-11-11T09:15:00+05:30,1,01:00:00,1,00:15:00,100.0,0.0,2016-11-11T03:30:00Z,2016-11-11T09:00:00+05:30,2016-11-11T03:45:00Z,2016-11-11T09:15:00+05:30
694.2,,,False,5,no2,µg/m³,,raw,01:00:00,2016-11-11T03:00:00Z,2016-11-11T08:30:00+05:30,2016-11-11T04:00:00Z,2016-11-11T09:30:00+05:30,1,01:00:00,1,00:15:00,100.0,0.0,2016-11-11T03:45:00Z,2016-11-11T09:15:00+05:30,2016-11-11T04:00:00Z,2016-11-11T09:30:00+05:30
844.2,,,False,5,no2,µg/m³,,raw,01:00:00,2016-11-11T03:15:00Z,2016-11-11T08:45:00+05:30,2016-11-11T04:15:00Z,2016-11-11T09:45:00+05:30,1,01:00:00,1,00:15:00,100.0,0.0,2016-11-11T04:00:00Z,2016-11-11T09:30:00+05:30,2016-11-11T04:15:00Z,2016-11-11T09:45:00+05:30
936.2,,,False,5,no2,µg/m³,,raw,01:00:00,2016-11-11T03:30:00Z,2016-11-11T09:00:00+05:30,2016-11-11T04:30:00Z,2016-11-11T10:00:00+05:30,1,01:00:00,1,00:15:00,100.0,0.0,2016-11-11T04:15:00Z,2016-11-11T09:45:00+05:30,2016-11-11T04:30:00Z,2016-11-11T10:00:00+05:30
891.4,,,False,5,no2,µg/m³,,raw,01:00:00,2016-11-11T03:45:00Z,2016-11-11T09:15:00+05:30,2016-11-11T04:45:00Z,2016-11-11T10:15:00+05:30,1,01:00:00,1,00:15:00,100.0,0.0,2016-11-11T04:30:00Z,2016-11-11T10:00:00+05:30,2016-11-11T04:45:00Z,2016-11-11T10:15:00+05:30
926.1,,,False,5,no2,µg/m³,,raw,01:00:00,2016-11-11T04:00:00Z,2016-11-11T09:30:00+05:30,2016-11-11T05:00:00Z,2016-11-11T10:30:00+05:30,1,01:00:00,1,00:15:00,100.0,0.0,2016-11-11T04:45:00Z,2016-11-11T10:15:00+05:30,2016-11-11T05:00:00Z,2016-11-11T10:30:00+05:30
806.8,,,False,5,no2,µg/m³,,raw,01:00:00,2016-11-11T04:15:00Z,2016-11-11T09:45:00+05:30,2016-11-11T05:15:00Z,2016-11-11T10:45:00+05:30,1,01:00:00,1,00:15:00,100.0,0.0,2016-11-11T05:00:00Z,2016-11-11T10:30:00+05:30,2016-11-11T05:15:00Z,2016-11-11T10:45:00+05:30
629.6,,,False,5,no2,µg/m³,,raw,01:00:00,2016-11-11T04:30:00Z,2016-11-11T10:00:00+05:30,2016-11-11T05:30:00Z,2016-11-11T11:00:00+05:30,1,01:00:00,1,00:15:00,100.0,0.0,2016-11-11T05:15:00Z,2016-11-11T10:45:00+05:30,2016-11-11T05:30:00Z,2016-11-11T11:00:00+05:30
505.6,,,False,5,no2,µg/m³,,raw,01:00:00,2016-11-11T04:45:00Z,2016-11-11T10:15:00+05:30,2016-11-11T05:45:00Z,2016-11-11T11:15:00+05:30,1,01:00:00,1,00:15:00,100.0,0.0,2016-11-11T05:30:00Z,2016-11-11T11:00:00+05:30,2016-11-11T05:45:00Z,2016-11-11T11:15:00+05:30
315.5,,,False,5,no2,µg/m³,,raw,01:00:00,2016-11-11T05:45:00Z,2016-11-11T11:15:00+05:30,2016-11-11T06:45:00Z,2016-11-11T12:15:00+05:30,1,01:00:00,1,00:15:00,100.0,0.0,2016-11-11T06:30:00Z,2016-11-11T12:00:00+05:30,2016-11-11T06:45:00Z,2016-11-11T12:15:00+05:30
308.1,,,False,5,no2,µg/m³,,raw,01:00:00,2016-11-11T06:00:00Z,2016-11-11T11:30:00+05:30,2016-11-11T07:00:00Z,2016-11-11T12:30:00+05:30,1,01:00:00,1,00:15:00,100.0,0.0,2016-11-11T06:45:00Z,2016-11-11T12:15:00+05:30,2016-11-11T07:00:00Z,2016-11-11T12:30:00+05:30
284.8,,,False,5,no2,µg/m³,,raw,01:00:00,2016-11-11T06:15:00Z,2016-11-11T11:45:00+05:30,2016-11-11T07:15:00Z,2016-11-11T12:45:00+05:30,1,01:00:00,1,00:15:00,100.0,0.0,2016-11-11T07:00:00Z,2016-11-11T12:30:00+05:30,2016-11-11T07:15:00Z,2016-11-11T12:45:00+05:30
286.5,,,False,5,no2,µg/m³,,raw,01:00:00,2016-11-11T06:30:00Z,2016-11-11T12:00:00+05:30,2016-11-11T07:30:00Z,2016-11-11T13:00:00+05:30,1,01:00:00,1,00:15:00,100.0,0.0,2016-11-11T07:15:00Z,2016-11-11T12:45:00+05:30,2016-11-11T07:30:00Z,2016-11-11T13:00:00+05:30
270.3,,,False,5,no2,µg/m³,,raw,01:00:00,2016-11-11T06:45:00Z,2016-11-11T12:15:00+05:30,2016-11-11T07:45:00Z,2016-11-11T13:15:00+05:30,1,01:00:00,1,00:15:00,100.0,0.0,2016-11-11T07:30:00Z,2016-11-11T13:00:00+05:30,2016-11-11T07:45:00Z,2016-11-11T13:15:00+05:30
251.0,,,False,5,no2,µg/m³,,raw,01:00:00,2016-11-11T07:00:00Z,2016-11-11T12:30:00+05:30,2016-11-11T08:00:00Z,2016-11-11T13:30:00+05:30,1,01:00:00,1,00:15:00,100.0,0.0,2016-11-11T07:45:00Z,2016-11-11T13:15:00+05:30,2016-11-11T08:00:00Z,2016-11-11T13:30:00+05:30
267.6,,,False,5,no2,µg/m³,,raw,01:00:00,2016-11-11T07:15:00Z,2016-11-11T12:45:00+05:30,2016-11-11T08:15:00Z,2016-11-11T13:45:00+05:30,1,01:00:00,1,00:15:00,100.0,0.0,2016-11-11T08:00:00Z,2016-11-11T13:30:00+05:30,2016-11-11T08:15:00Z,2016-11-11T13:45:00+05:30
244.4,,,False,5,no2,µg/m³,,raw,01:00:00,2016-11-11T07:30:00Z,2016-11-11T13:00:00+05:30,2016-11-11T08:30:00Z,2016-11-11T14:00:00+05:30,1,01:00:00,1,00:15:00,100.0,0.0,2016-11-11T08:15:00Z,2016-11-11T13:45:00+05:30,2016-11-11T08:30:00Z,2016-11-11T14:00:00+05:30
234.7,,,False,5,no2,µg/m³,,raw,01:00:00,2016-11-11T07:45:00Z,2016-11-11T13:15:00+05:30,2016-11-11T08:45:00Z,2016-11-11T14:15:00+05:30,1,01:00:00,1,00:15:00,100.0,0.0,2016-11-11T08:30:00Z,2016-11-11T14:00:00+05:30,2016-11-11T08:45:00Z,2016-11-11T14:15:00+05:30
231.6,,,False,5,no2,µg/m³,,raw,01:00:00,2016-11-11T08:00:00Z,2016-11-11T13:30:00+05:30,2016-11-11T09:00:00Z,2016-11-11T14:30:00+05:30,1,01:00:00,1,00:15:00,100.0,0.0,2016-11-11T08:45:00Z,2016-11-11T14:15:00+05:30,2016-11-11T09:00:00Z,2016-11-11T14:30:00+05:30
222.1,,,False,5,no2,µg/m³,,raw,01:00:00,2016-11-11T08:15:00Z,2016-11-11T13:45:00+05:30,2016-11-11T09:15:00Z,2016-11-11T14:45:00+05:30,1,01:00:00,1,00:15:00,100.0,0.0,2016-11-11T09:00:00Z,2016-11-11T14:30:00+05:30,2016-11-11T09:15:00Z,2016-11-11T14:45:00+05:30
229.2,,,False,5,no2,µg/m³,,raw,01:00:00,2016-11-11T08:30:00Z,2016-11-11T14:00:00+05:30,2016-11-11T09:30:00Z,2016-11-11T15:00:00+05:30,1,01:00:00,1,00:15:00,100.0,0.0,2016-11-11T09:15:00Z,2016-11-11T14:45:00+05:30,2016-11-11T09:30:00Z,2016-11-11T15:00:00+05:30
242.1,,,False,5,no2,µg/m³,,raw,01:00:00,2016-11-11T08:45:00Z,2016-11-11T14:15:00+05:30,2016-11-11T09:45:00Z,2016-11-11T15:15:00+05:30,1,01:00:00,1,00:15:00,100.0,0.0,2016-11-11T09:30:00Z,2016-11-11T15:00:00+05:30,2016-11-11T09:45:00Z,2016-11-11T15:15:00+05:30
268.7,,,False,5,no2,µg/m³,,raw,01:00:00,2016-11-11T09:00:00Z,2016-11-11T14:30:00+05:30,2016-11-11T10:00:00Z,2016-11-11T15:30:00+05:30,1,01:00:00,1,00:15:00,100.0,0.0,2016-11-11T09:45:00Z,2016-11-11T15:15:00+05:30,2016-11-11T10:00:00Z,2016-11-11T15:30:00+05:30
253.3,,,False,5,no2,µg/m³,,raw,01:00:00,2016-11-11T09:15:00Z,2016-11-11T14:45:00+05:30,2016-11-11T10:15:00Z,2016-11-11T15:45:00+05:30,1,01:00:00,1,00:15:00,100.0,0.0,2016-11-11T10:00:00Z,2016-11-11T15:30:00+05:30,2016-11-11T10:15:00Z,2016-11-11T15:45:00+05:30
264.2,,,False,5,no2,µg/m³,,raw,01:00:00,2016-11-11T09:30:00Z,2016-11-11T15:00:00+05:30,2016-11-11T10:30:00Z,2016-11-11T16:00:00+05:30,1,01:00:00,1,00:15:00,100.0,0.0,2016-11-11T10:15:00Z,2016-11-11T15:45:00+05:30,2016-11-11T10:30:00Z,2016-11-11T16:00:00+05:30
375.1,,,False,5,no2,µg/m³,,raw,01:00:00,2016-11-11T09:45:00Z,2016-11-11T15:15:00+05:30,2016-11-11T10:45:00Z,2016-11-11T16:15:00+05:30,1,01:00:00,1,00:15:00,100.0,0.0,2016-11-11T10:30:00Z,2016-11-11T16:00:00+05:30,2016-11-11T10:45:00Z,2016-11-11T16:15:00+05:30
317.7,,,False,5,no2,µg/m³,,raw,01:00:00,2016-11-11T10:00:00Z,2016-11-11T15:30:00+05:30,2016-11-11T11:00:00Z,2016-11-11T16:30:00+05:30,1,01:00:00,1,00:15:00,100.0,0.0,2016-11-11T10:45:00Z,2016-11-11T16:15:00+05:30,2016-11-11T11:00:00Z,2016-11-11T16:30:00+05:30
336.6,,,False,5,no2,µg/m³,,raw,01:00:00,2016-11-11T10:15:00Z,2016-11-11T15:45:00+05:30,2016-11-11T11:15:00Z,2016-11-11T16:45:00+05:30,1,01:00:00,1,00:15:00,100.0,0.0,2016-11-11T11:00:00Z,2016-11-11T16:30:00+05:30,2016-11-11T11:15:00Z,2016-11-11T16:45:00+05:30
402.3,,,False,5,no2,µg/m³,,raw,01:00:00,2016-11-11T10:30:00Z,2016-11-11T16:00:00+05:30,2016-11-11T11:30:00Z,2016-11-11T17:00:00+05:30,1,01:00:00,1,00:15:00,100.0,0.0,2016-11-11T11:15:00Z,2016-11-11T16:45:00+05:30,2016-11-11T11:30:00Z,2016-11-11T17:00:00+05:30
436.8,,,False,5,no2,µg/m³,,raw,01:00:00,2016-11-11T10:45:00Z,2016-11-11T16:15:00+05:30,2016-11-11T11:45:00Z,2016-11-11T17:15:00+05:30,1,01:00:00,1,00:15:00,100.0,0.0,2016-11-11T11:30:00Z,2016-11-11T17:00:00+05:30,2016-11-11T11:45:00Z,2016-11-11T17:15:00+05:30
467.5,,,False,5,no2,µg/m³,,raw,01:00:00,2016-11-11T11:00:00Z,2016-11-11T16:30:00+05:30,2016-11-11T12:00:00Z,2016-11-11T17:30:00+05:30,1,01:00:00,1,00:15:00,100.0,0.0,2016-11-11T11:45:00Z,2016-11-11T17:15:00+05:30,2016-11-11T12:00:00Z,2016-11-11T17:30:00+05:30
509.4,,,False,5,no2,µg/m³,,raw,01:00:00,2016-11-11T11:15:00Z,2016-11-11T16:45:00+05:30,2016-11-11T12:15:00Z,2016-11-11T17:45:00+05:30,1,01:00:00,1,00:15:00,100.0,0.0,2016-11-11T12:00:00Z,2016-11-11T17:30:00+05:30,2016-11-11T12:15:00Z,2016-11-11T17:45:00+05:30
558.8,,,False,5,no2,µg/m³,,raw,01:00:00,2016-11-11T11:30:00Z,2016-11-11T17:00:00+05:30,2016-11-11T12:30:00Z,2016-11-11T18:00:00+05:30,1,01:00:00,1,00:15:00,100.0,0.0,2016-11-11T12:15:00Z,2016-11-11T17:45:00+05:30,2016-11-11T12:30:00Z,2016-11-11T18:00:00+05:30
620.5,,,False,5,no2,µg/m³,,raw,01:00:00,2016-11-11T11:45:00Z,2016-11-11T17:15:00+05:30,2016-11-11T12:45:00Z,2016-11-11T18:15:00+05:30,1,01:00:00,1,00:15:00,100.0,0.0,2016-11-11T12:30:00Z,2016-11-11T18:00:00+05:30,2016-11-11T12:45:00Z,2016-11-11T18:15:00+05:30
620.7,,,False,5,no2,µg/m³,,raw,01:00:00,2016-11-11T12:00:00Z,2016-11-11T17:30:00+05:30,2016-11-11T13:00:00Z,2016-11-11T18:30:00+05:30,1,01:00:00,1,00:15:00,100.0,0.0,2016-11-11T12:45:00Z,2016-11-11T18:15:00+05:30,2016-11-11T13:00:00Z,2016-11-11T18:30:00+05:30
619.8,,,False,5,no2,µg/m³,,raw,01:00:00,2016-11-11T12:15:00Z,2016-11-11T17:45:00+05:30,2016-11-11T13:15:00Z,2016-11-11T18:45:00+05:30,1,01:00:00,1,00:15:00,100.0,0.0,2016-11-11T13:00:00Z,2016-11-11T18:30:00+05:30,2016-11-11T13:15:00Z,2016-11-11T18:45:00+05:30
646.4,,,False,5,no2,µg/m³,,raw,01:00:00,2016-11-11T12:30:00Z,2016-11-11T18:00:00+05:30,2016-11-11T13:30:00Z,2016-11-11T19:00:00+05:30,1,01:00:00,1,00:15:00,100.0,0.0,2016-11-11T13:15:00Z,2016-11-11T18:45:00+05:30,2016-11-11T13:30:00Z,2016-11-11T19:00:00+05:30
643.3,,,False,5,no2,µg/m³,,raw,01:00:00,2016-11-11T12:45:00Z,2016-11-11T18:15:00+05:30,2016-11-11T13:45:00Z,2016-11-11T19:15:00+05:30,1,01:00:00,1,00:15:00,100.0,0.0,2016-11-11T13:30:00Z,2016-11-11T19:00:00+05:30,2016-11-11T13:45:00Z,2016-11-11T19:15:00+05:30
630.1,,,False,5,no2,µg/m³,,raw,01:00:00,2016-11-11T13:00:00Z,2016-11-11T18:30:00+05:30,2016-11-11T14:00:00Z,2016-11-11T19:30:00+05:30,1,01:00:00,1,00:15:00,100.0,0.0,2016-11-11T13:45:00Z,2016-11-11T19:15:00+05:30,2016-11-11T14:00:00Z,2016-11-11T19:30:00+05:30
637.7,,,False,5,no2,µg/m³,,raw,01:00:00,2016-11-11T13:15:00Z,2016-11-11T18:45:00+05:30,2016-11-11T14:15:00Z,2016-11-11T19:45:00+05:30,1,01:00:00,1,00:15:00,100.0,0.0,2016-11-11T14:00:00Z,2016-11-11T19:30:00+05:30,2016-11-11T14:15:00Z,2016-11-11T19:45:00+05:30
558.7,,,False,5,no2,µg/m³,,raw,01:00:00,2016-11-11T13:30:00Z,2016-11-11T19:00:00+05:30,2016-11-11T14:30:00Z,2016-11-11T20:00:00+05:30,1,01:00:00,1,00:15:00,100.0,0.0,2016-11-11T14:15:00Z,2016-11-11T19:45:00+05:30,2016-11-11T14:30:00Z,2016-11-11T20:00:00+05:30
517.6,,,False,5,no2,µg/m³,,raw,01:00:00,2016-11-11T13:45:00Z,2016-11-11T19:15:00+05:30,2016-11-11T14:45:00Z,2016-11-11T20:15:00+05:30,1,01:00:00,1,00:15:00,100.0,0.0,2016-11-11T14:30:00Z,2016-11-11T20:00:00+05:30,2016-11-11T14:45:00Z,2016-11-11T20:15:00+05:30
518.0,,,False,5,no2,µg/m³,,raw,01:00:00,2016-11-11T14:00:00Z,2016-11-11T19:30:00+05:30,2016-11-11T15:00:00Z,2016-11-11T20:30:00+05:30,1,01:00:00,1,00:15:00,100.0,0.0,2016-11-11T14:45:00Z,2016-11-11T20:15:00+05:30,2016-11-11T15:00:00Z,2016-11-11T20:30:00+05:30
453.9,,,False,5,no2,µg/m³,,raw,01:00:00,2016-11-11T14:15:00Z,2016-11-11T19:45:00+05:30,2016-11-11T15:15:00Z,2016-11-11T20:45:00+05:30,1,01:00:00,1,00:15:00,100.0,0.0,2016-11-11T15:00:00Z,2016-11-11T20:30:00+05:30,2016-11-11T15:15:00Z,2016-11-11T20:45:00+05:30
476.5,,,False,5,no2,µg/m³,,raw,01:00:00,2016-11-11T14:30:00Z,2016-11-11T20:00:00+05:30,2016-11-11T15:30:00Z,2016-11-11T21:00:00+05:30,1,01:00:00,1,00:15:00,100.0,0.0,2016-11-11T15:15:00Z,2016-11-11T20:45:00+05:30,2016-11-11T15:30:00Z,2016-11-11T21:00:00+05:30
438.6,,,False,5,no2,µg/m³,,raw,01:00:00,2016-11-11T14:45:00Z,2016-11-11T20:15:00+05:30,2016-11-11T15:45:00Z,2016-11-11T21:15:00+05:30,1,01:00:00,1,00:15:00,100.0,0.0,2016-11-11T15:30:00Z,2016-11-11T21:00:00+05:30,2016-11-11T15:45:00Z,2016-11-11T21:15:00+05:30
402.3,,,False,5,no2,µg/m³,,raw,01:00:00,2016-11-11T15:00:00Z,2016-11-11T20:30:00+05:30,2016-11-11T16:00:00Z,2016-11-11T21:30:00+05:30,1,01:00:00,1,00:15:00,100.0,0.0,2016-11-11T15:45:00Z,2016-11-11T21:15:00+05:30,2016-11-11T16:00:00Z,2016-11-11T21:30:00+05:30
396.3,,,False,5,no2,µg/m³,,raw,01:00:00,2016-11-11T15:15:00Z,2016-11-11T20:45:00+05:30,2016-11-11T16:15:00Z,2016-11-11T21:45:00+05:30,1,01:00:00,1,00:15:00,100.0,0.0,2016-11-11T16:00:00Z,2016-11-11T21:30:00+05:30,2016-11-11T16:15:00Z,2016-11-11T21:45:00+05:30
382.8,,,False,5,no2,µg/m³,,raw,01:00:00,2016-11-11T16:30:00Z,2016-11-11T22:00:00+05:30,2016-11-11T17:30:00Z,2016-11-11T23:00:00+05:30,1,01:00:00,1,00:15:00,100.0,0.0,2016-11-11T17:15:00Z,2016-11-11T22:45:00+05:30,2016-11-11T17:30:00Z,2016-11-11T23:00:00+05:30
375.4,,,False,5,no2,µg/m³,,raw,01:00:00,2016-11-11T16:45:00Z,2016-11-11T22:15:00+05:30,2016-11-11T17:45:00Z,2016-11-11T23:15:00+05:30,1,01:00:00,1,00:15:00,100.0,0.0,2016-11-11T17:30:00Z,2016-11-11T23:00:00+05:30,2016-11-11T17:45:00Z,2016-11-11T23:15:00+05:30
377.8,,,False,5,no2,µg/m³,,raw,01:00:00,2016-11-11T17:00:00Z,2016-11-11T22:30:00+05:30,2016-11-11T18:00:00Z,2016-11-11T23:30:00+05:30,1,01:00:00,1,00:15:00,100.0,0.0,2016-11-11T17:45:00Z,2016-11-11T23:15:00+05:30,2016-11-11T18:00:00Z,2016-11-11T23:30:00+05:30
380.9,,,False,5,no2,µg/m³,,raw,01:00:00,2016-11-11T17:15:00Z,2016-11-11T22:45:00+05:30,2016-11-11T18:15:00Z,2016-11-11T23:45:00+05:30,1,01:00:00,1,00:15:00,100.0,0.0,2016-11-11T18:00:00Z,2016-11-11T23:30:00+05:30,2016-11-11T18:15:00Z,2016-11-11T23:45:00+05:30
426.5,,,False,5,no2,µg/m³,,raw,01:00:00,2016-11-11T17:30:00Z,2016-11-11T23:00:00+05:30,2016-11-11T18:30:00Z,2016-11-12T00:00:00+05:30,1,01:00:00,1,00:15:00,100.0,0.0,2016-11-11T18:15:00Z,2016-11-11T23:45:00+05:30,2016-11-11T18:30:00Z,2016-11-12T00:00:00+05:30
382.3,,,False,5,no2,µg/m³,,raw,01:00:00,2016-11-11T17:45:00Z,2016-11-11T23:15:00+05:30,2016-11-11T18:45:00Z,2016-11-12T00:15:00+05:30,1,01:00:00,1,00:15:00,100.0,0.0,2016-11-11T18:30:00Z,2016-11-12T00:00:00+05:30,2016-11-11T18:45:00Z,2016-11-12T00:15:00+05:30
382.7,,,False,5,no2,µg/m³,,raw,01:00:00,2016-11-11T18:00:00Z,2016-11-11T23:30:00+05:30,2016-11-11T19:00:00Z,2016-11-12T00:30:00+05:30,1,01:00:00,1,00:15:00,100.0,0.0,2016-11-11T18:45:00Z,2016-11-12T00:15:00+05:30,2016-11-11T19:00:00Z,2016-11-12T00:30:00+05:30
339.6,,,False,5,no2,µg/m³,,raw,01:00:00,2016-11-11T18:15:00Z,2016-11-11T23:45:00+05:30,2016-11-11T19:15:00Z,2016-11-12T00:45:00+05:30,1,01:00:00,1,00:15:00,100.0,0.0,2016-11-11T19:00:00Z,2016-11-12T00:30:00+05:30,2016-11-11T19:15:00Z,2016-11-12T00:45:00+05:30
316.6,,,False,5,no2,µg/m³,,raw,01:00:00,2016-11-11T18:30:00Z,2016-11-12T00:00:00+05:30,2016-11-11T19:30:00Z,2016-11-12T01:00:00+05:30,1,01:00:00,1,00:15:00,100.0,0.0,2016-11-11T19:15:00Z,2016-11-12T00:45:00+05:30,2016-11-11T19:30:00Z,2016-11-12T01:00:00+05:30
295.3,,,False,5,no2,µg/m³,,raw,01:00:00,2016-11-11T18:45:00Z,2016-11-12T00:15:00+05:30,2016-11-11T19:45:00Z,2016-11-12T01:15:00+05:30,1,01:00:00,1,00:15:00,100.0,0.0,2016-11-11T19:30:00Z,2016-11-12T01:00:00+05:30,2016-11-11T19:45:00Z,2016-11-12T01:15:00+05:30
280.9,,,False,5,no2,µg/m³,,raw,01:00:00,2016-11-11T19:00:00Z,2016-11-12T00:30:00+05:30,2016-11-11T20:00:00Z,2016-11-12T01:30:00+05:30,1,01:00:00,1,00:15:00,100.0,0.0,2016-11-11T19:45:00Z,2016-11-12T01:15:00+05:30,2016-11-11T20:00:00Z,2016-11-12T01:30:00+05:30
274.1,,,False,5,no2,µg/m³,,raw,01:00:00,2016-11-11T19:15:00Z,2016-11-12T00:45:00+05:30,2016-11-11T20:15:00Z,2016-11-12T01:45:00+05:30,1,01:00:00,1,00:15:00,100.0,0.0,2016-11-11T20:00:00Z,2016-11-12T01:30:00+05:30,2016-11-11T20:15:00Z,2016-11-12T01:45:00+05:30
321.7,,,False,5,no2,µg/m³,,raw,01:00:00,2016-11-11T19:30:00Z,2016-11-12T01:00:00+05:30,2016-11-11T20:30:00Z,2016-11-12T02:00:00+05:30,1,01:00:00,1,00:15:00,100.0,0.0,2016-11-11T20:15:00Z,2016-11-12T01:45:00+05:30,2016-11-11T20:30:00Z,2016-11-12T02:00:00+05:30
293.4,,,False,5,no2,µg/m³,,raw,01:00:00,2016-11-11T19:45:00Z,2016-11-12T01:15:00+05:30,2016-11-11T20:45:00Z,2016-11-12T02:15:00+05:30,1,01:00:00,1,00:15:00,100.0,0.0,2016-11-11T20:30:00Z,2016-11-12T02:00:00+05:30,2016-11-11T20:45:00Z,2016-11-12T02:15:00+05:30
256.1,,,False,5,no2,µg/m³,,raw,01:00:00,2016-11-11T20:00:00Z,2016-11-12T01:30:00+05:30,2016-11-11T21:00:00Z,2016-11-12T02:30:00+05:30,1,01:00:00,1,00:15:00,100.0,0.0,2016-11-11T20:45:00Z,2016-11-12T02:15:00+05:30,2016-11-11T21:00:00Z,2016-11-12T02:30:00+05:30
234.6,,,False,5,no2,µg/m³,,raw,01:00:00,2016-11-11T20:15:00Z,2016-11-12T01:45:00+05:30,2016-11-11T21:15:00Z,2016-11-12T02:45:00+05:30,1,01:00:00,1,00:15:00,100.0,0.0,2016-11-11T21:00:00Z,2016-11-12T02:30:00+05:30,2016-11-11T21:15:00Z,2016-11-12T02:45:00+05:30
229.9,,,False,5,no2,µg/m³,,raw,01:00:00,2016-11-11T20:30:00Z,2016-11-12T02:00:00+05:30,2016-11-11T21:30:00Z,2016-11-12T03:00:00+05:30,1,01:00:00,1,00:15:00,100.0,0.0,2016-11-11T21:15:00Z,2016-11-12T02:45:00+05:30,2016-11-11T21:30:00Z,2016-11-12T03:00:00+05:30
213.1,,,False,5,no2,µg/m³,,raw,01:00:00,2016-11-11T20:45:00Z,2016-11-12T02:15:00+05:30,2016-11-11T21:45:00Z,2016-11-12T03:15:00+05:30,1,01:00:00,1,00:15:00,100.0,0.0,2016-11-11T21:30:00Z,2016-11-12T03:00:00+05:30,2016-11-11T21:45:00Z,2016-11-12T03:15:00+05:30
204.2,,,False,5,no2,µg/m³,,raw,01:00:00,2016-11-11T21:00:00Z,2016-11-12T02:30:00+05:30,2016-11-11T22:00:00Z,2016-11-12T03:30:00+05:30,1,01:00:00,1,00:15:00,100.0,0.0,2016-11-11T21:45:00Z,2016-11-12T03:15:00+05:30,2016-11-11T22:00:00Z,2016-11-12T03:30:00+05:30
212.5,,,False,5,no2,µg/m³,,raw,01:00:00,2016-11-11T21:15:00Z,2016-11-12T02:45:00+05:30,2016-11-11T22:15:00Z,2016-11-12T03:45:00+05:30,1,01:00:00,1,00:15:00,100.0,0.0,2016-11-11T22:00:00Z,2016-11-12T03:30:00+05:30,2016-11-11T22:15:00Z,2016-11-12T03:45:00+05:30
177.8,,,False,5,no2,µg/m³,,raw,01:00:00,2016-11-11T21:30:00Z,2016-11-12T03:00:00+05:30,2016-11-11T22:30:00Z,2016-11-12T04:00:00+05:30,1,01:00:00,1,00:15:00,100.0,0.0,2016-11-11T22:15:00Z,2016-11-12T03:45:00+05:30,2016-11-11T22:30:00Z,2016-11-12T04:00:00+05:30
197.7,,,False,5,no2,µg/m³,,raw,01:00:00,2016-11-11T21:45:00Z,2016-11-12T03:15:00+05:30,2016-11-11T22:45:00Z,2016-11-12T04:15:00+05:30,1,01:00:00,1,00:15:00,100.0,0.0,2016-11-11T22:30:00Z,2016-11-12T04:00:00+05:30,2016-11-11T22:45:00Z,2016-11-12T04:15:00+05:30
196.3,,,False,5,no2,µg/m³,,raw,01:00:00,2016-11-11T22:00:00Z,2016-11-12T03:30:00+05:30,2016-11-11T23:00:00Z,2016-11-12T04:30:00+05:30,1,01:00:00,1,00:15:00,100.0,0.0,2016-11-11T22:45:00Z,2016-11-12T04:15:00+05:30,2016-11-11T23:00:00Z,2016-11-12T04:30:00+05:30
193.1,,,False,5,no2,µg/m³,,raw,01:00:00,2016-11-11T22:15:00Z,2016-11-12T03:45:00+05:30,2016-11-11T23:15:00Z,2016-11-12T04:45:00+05:30,1,01:00:00,1,00:15:00,100.0,0.0,2016-11-11T23:00:00Z,2016-11-12T04:30:00+05:30,2016-11-11T23:15:00Z,2016-11-12T04:45:00+05:30
175.1,,,False,5,no2,µg/m³,,raw,01:00:00,2016-11-11T22:30:00Z,2016-11-12T04:00:00+05:30,2016-11-11T23:30:00Z,2016-11-12T05:00:00+05:30,1,01:00:00,1,00:15:00,100.0,0.0,2016-11-11T23:15:00Z,2016-11-12T04:45:00+05:30,2016-11-11T23:30:00Z,2016-11-12T05:00:00+05:30
182.0,,,False,5,no2,µg/m³,,raw,01:00:00,2016-11-11T22:45:00Z,2016-11-12T04:15:00+05:30,2016-11-11T23:45:00Z,2016-11-12T05:15:00+05:30,1,01:00:00,1,00:15:00,100.0,0.0,2016-11-11T23:30:00Z,2016-11-12T05:00:00+05:30,2016-11-11T23:45:00Z,2016-11-12T05:15:00+05:30
190.4,,,False,5,no2,µg/m³,,raw,01:00:00,2016-11-11T23:00:00Z,2016-11-12T04:30:00+05:30,2016-11-12T00:00:00Z,2016-11-12T05:30:00+05:30,1,01:00:00,1,00:15:00,100.0,0.0,2016-11-11T23:45:00Z,2016-11-12T05:15:00+05:30,2016-11-12T00:00:00Z,2016-11-12T05:30:00+05:30
190.0,,,False,5,no2,µg/m³,,raw,01:00:00,2016-11-11T23:15:00Z,2016-11-12T04:45:00+05:30,2016-11-12T00:15:00Z,2016-11-12T05:45:00+05:30,1,01:00:00,1,00:15:00,100.0,0.0,2016-11-12T00:00:00Z,2016-11-12T05:30:00+05:30,2016-11-12T00:15:00Z,2016-11-12T05:45:00+05:30
166.9,,,False,5,no2,µg/m³,,raw,01:00:00,2016-11-11T23:30:00Z,2016-11-12T05:00:00+05:30,2016-11-12T00:30:00Z,2016-11-12T06:00:00+05:30,1,01:00:00,1,00:15:00,100.0,0.0,2016-11-12T00:15:00Z,2016-11-12T05:45:00+05:30,2016-11-12T00:30:00Z,2016-11-12T06:00:00+05:30
170.1,,,False,5,no2,µg/m³,,raw,01:00:00,2016-11-11T23:45:00Z,2016-11-12T05:15:00+05:30,2016-11-12T00:45:00Z,2016-11-12T06:15:00+05:30,1,01:00:00,1,00:15:00,100.0,0.0,2016-11-12T00:30:00Z,2016-11-12T06:00:00+05:30,2016-11-12T00:45:00Z,2016-11-12T06:15:00+05:30
159.4,,,False,5,no2,µg/m³,,raw,01:00:00,2016-11-12T00:00:00Z,2016-11-12T05:30:00+05:30,2016-11-12T01:00:00Z,2016-11-12T06:30:00+05:30,1,01:00:00,1,00:15:00,100.0,0.0,2016-11-12T00:45:00Z,2016-11-12T06:15:00+05:30,2016-11-12T01:00:00Z,2016-11-12T06:30:00+05:30
155.6,,,False,5,no2,µg/m³,,raw,01:00:00,2016-11-12T00:15:00Z,2016-11-12T05:45:00+05:30,2016-11-12T01:15:00Z,2016-11-12T06:45:00+05:30,1,01:00:00,1,00:15:00,100.0,0.0,2016-11-12T01:00:00Z,2016-11-12T06:30:00+05:30,2016-11-12T01:15:00Z,2016-11-12T06:45:00+05:30
154.8,,,False,5,no2,µg/m³,,raw,01:00:00,2016-11-12T00:30:00Z,2016-11-12T06:00:00+05:30,2016-11-12T01:30:00Z,2016-11-12T07:00:00+05:30,1,01:00:00,1,00:15:00,100.0,0.0,2016-11-12T01:15:00Z,2016-11-12T06:45:00+05:30,2016-11-12T01:30:00Z,2016-11-12T07:00:00+05:30
144.3,,,False,5,no2,µg/m³,,raw,01:00:00,2016-11-12T00:45:00Z,2016-11-12T06:15:00+05:30,2016-11-12T01:45:00Z,2016-11-12T07:15:00+05:30,1,01:00:00,1,00:15:00,100.0,0.0,2016-11-12T01:30:00Z,2016-11-12T07:00:00+05:30,2016-11-12T01:45:00Z,2016-11-12T07:15:00+05:30
139.8,,,False,5,no2,µg/m³,,raw,01:00:00,2016-11-12T01:00:00Z,2016-11-12T06:30:00+05:30,2016-11-12T02:00:00Z,2016-11-12T07:30:00+05:30,1,01:00:00,1,00:15:00,100.0,0.0,2016-11-12T01:45:00Z,2016-11-12T07:15:00+05:30,2016-11-12T02:00:00Z,2016-11-12T07:30:00+05:30
173.5,,,False,5,no2,µg/m³,,raw,01:00:00,2016-11-12T01:15:00Z,2016-11-12T06:45:00+05:30,2016-11-12T02:15:00Z,2016-11-12T07:45:00+05:30,1,01:00:00,1,00:15:00,100.0,0.0,2016-11-12T02:00:00Z,2016-11-12T07:30:00+05:30,2016-11-12T02:15:00Z,2016-11-12T07:45:00+05:30
161.4,,,False,5,no2,µg/m³,,raw,01:00:00,2016-11-12T01:30:00Z,2016-11-12T07:00:00+05:30,2016-11-12T02:30:00Z,2016-11-12T08:00:00+05:30,1,01:00:00,1,00:15:00,100.0,0.0,2016-11-12T02:15:00Z,2016-11-12T07:45:00+05:30,2016-11-12T02:30:00Z,2016-11-12T08:00:00+05:30
185.2,,,False,5,no2,µg/m³,,raw,01:00:00,2016-11-12T01:45:00Z,2016-11-12T07:15:00+05:30,2016-11-12T02:45:00Z,2016-11-12T08:15:00+05:30,1,01:00:00,1,00:15:00,100.0,0.0,2016-11-12T02:30:00Z,2016-11-12T08:00:00+05:30,2016-11-12T02:45:00Z,2016-11-12T08:15:00+05:30
168.7,,,False,5,no2,µg/m³,,raw,01:00:00,2016-11-12T02:00:00Z,2016-11-12T07:30:00+05:30,2016-11-12T03:00:00Z,2016-11-12T08:30:00+05:30,1,01:00:00,1,00:15:00,100.0,0.0,2016-11-12T02:45:00Z,2016-11-12T08:15:00+05:30,2016-11-12T03:00:00Z,2016-11-12T08:30:00+05:30
230.3,,,False,5,no2,µg/m³,,raw,01:00:00,2016-11-12T02:15:00Z,2016-11-12T07:45:00+05:30,2016-11-12T03:15:00Z,2016-11-12T08:45:00+05:30,1,01:00:00,1,00:15:00,100.0,0.0,2016-11-12T03:00:00Z,2016-11-12T08:30:00+05:30,2016-11-12T03:15:00Z,2016-11-12T08:45:00+05:30
532.1,,,False,5,no2,µg/m³,,raw,01:00:00,2016-11-12T02:30:00Z,2016-11-12T08:00:00+05:30,2016-11-12T03:30:00Z,2016-11-12T09:00:00+05:30,1,01:00:00,1,00:15:00,100.0,0.0,2016-11-12T03:15:00Z,2016-11-12T08:45:00+05:30,2016-11-12T03:30:00Z,2016-11-12T09:00:00+05:30
602.5,,,False,5,no2,µg/m³,,raw,01:00:00,2016-11-12T03:15:00Z,2016-11-12T08:45:00+05:30,2016-11-12T04:15:00Z,2016-11-12T09:45:00+05:30,1,01:00:00,1,00:15:00,100.0,0.0,2016-11-12T04:00:00Z,2016-11-12T09:30:00+05:30,2016-11-12T04:15:00Z,2016-11-12T09:45:00+05:30
527.4,,,False,5,no2,µg/m³,,raw,01:00:00,2016-11-12T03:30:00Z,2016-11-12T09:00:00+05:30,2016-11-12T04:30:00Z,2016-11-12T10:00:00+05:30,1,01:00:00,1,00:15:00,100.0,0.0,2016-11-12T04:15:00Z,2016-11-12T09:45:00+05:30,2016-11-12T04:30:00Z,2016-11-12T10:00:00+05:30
467.3,,,False,5,no2,µg/m³,,raw,01:00:00,2016-11-12T03:45:00Z,2016-11-12T09:15:00+05:30,2016-11-12T04:45:00Z,2016-11-12T10:15:00+05:30,1,01:00:00,1,00:15:00,100.0,0.0,2016-11-12T04:30:00Z,2016-11-12T10:00:00+05:30,2016-11-12T04:45:00Z,2016-11-12T10:15:00+05:30
338.4,,,False,5,no2,µg/m³,,raw,01:00:00,2016-11-12T04:45:00Z,2016-11-12T10:15:00+05:30,2016-11-12T05:45:00Z,2016-11-12T11:15:00+05:30,1,01:00:00,1,00:15:00,100.0,0.0,2016-11-12T05:30:00Z,2016-11-12T11:00:00+05:30,2016-11-12T05:45:00Z,2016-11-12T11:15:00+05:30
350.4,,,False,5,no2,µg/m³,,raw,01:00:00,2016-11-12T05:15:00Z,2016-11-12T10:45:00+05:30,2016-11-12T06:15:00Z,2016-11-12T11:45:00+05:30,1,01:00:00,1,00:15:00,100.0,0.0,2016-11-12T06:00:00Z,2016-11-12T11:30:00+05:30,2016-11-12T06:15:00Z,2016-11-12T11:45:00+05:30
259.7,,,False,5,no2,µg/m³,,raw,01:00:00,2016-11-12T05:30:00Z,2016-11-12T11:00:00+05:30,2016-11-12T06:30:00Z,2016-11-12T12:00:00+05:30,1,01:00:00,1,00:15:00,100.0,0.0,2016-11-12T06:15:00Z,2016-11-12T11:45:00+05:30,2016-11-12T06:30:00Z,2016-11-12T12:00:00+05:30
193.6,,,False,5,no2,µg/m³,,raw,01:00:00,2016-11-12T05:45:00Z,2016-11-12T11:15:00+05:30,2016-11-12T06:45:00Z,2016-11-12T12:15:00+05:30,1,01:00:00,1,00:15:00,100.0,0.0,2016-11-12T06:30:00Z,2016-11-12T12:00:00+05:30,2016-11-12T06:45:00Z,2016-11-12T12:15:00+05:30
192.4,,,False,5,no2,µg/m³,,raw,01:00:00,2016-11-12T06:00:00Z,2016-11-12T11:30:00+05:30,2016-11-12T07:00:00Z,2016-11-12T12:30:00+05:30,1,01:00:00,1,00:15:00,100.0,0.0,2016-11-12T06:45:00Z,2016-11-12T12:15:00+05:30,2016-11-12T07:00:00Z,2016-11-12T12:30:00+05:30
203.8,,,False,5,no2,µg/m³,,raw,01:00:00,2016-11-12T06:15:00Z,2016-11-12T11:45:00+05:30,2016-11-12T07:15:00Z,2016-11-12T12:45:00+05:30,1,01:00:00,1,00:15:00,100.0,0.0,2016-11-12T07:00:00Z,2016-11-12T12:30:00+05:30,2016-11-12T07:15:00Z,2016-11-12T12:45:00+05:30
218.4,,,False,5,no2,µg/m³,,raw,01:00:00,2016-11-12T06:30:00Z,2016-11-12T12:00:00+05:30,2016-11-12T07:30:00Z,2016-11-12T13:00:00+05:30,1,01:00:00,1,00:15:00,100.0,0.0,2016-11-12T07:15:00Z,2016-11-12T12:45:00+05:30,2016-11-12T07:30:00Z,2016-11-12T13:00:00+05:30
190.6,,,False,5,no2,µg/m³,,raw,01:00:00,2016-11-12T06:45:00Z,2016-11-12T12:15:00+05:30,2016-11-12T07:45:00Z,2016-11-12T13:15:00+05:30,1,01:00:00,1,00:15:00,100.0,0.0,2016-11-12T07:30:00Z,2016-11-12T13:00:00+05:30,2016-11-12T07:45:00Z,2016-11-12T13:15:00+05:30
213.0,,,False,5,no2,µg/m³,,raw,01:00:00,2016-11-12T07:00:00Z,2016-11-12T12:30:00+05:30,2016-11-12T08:00:00Z,2016-11-12T13:30:00+05:30,1,01:00:00,1,00:15:00,100.0,0.0,2016-11-12T07:45:00Z,2016-11-12T13:15:00+05:30,2016-11-12T08:00:00Z,2016-11-12T13:30:00+05:30
231.0,,,False,5,no2,µg/m³,,raw,01:00:00,2016-11-12T07:15:00Z,2016-11-12T12:45:00+05:30,2016-11-12T08:15:00Z,2016-11-12T13:45:00+05:30,1,01:00:00,1,00:15:00,100.0,0.0,2016-11-12T08:00:00Z,2016-11-12T13:30:00+05:30,2016-11-12T08:15:00Z,2016-11-12T13:45:00+05:30
241.7,,,False,5,no2,µg/m³,,raw,01:00:00,2016-11-12T07:30:00Z,2016-11-12T13:00:00+05:30,2016-11-12T08:30:00Z,2016-11-12T14:00:00+05:30,1,01:00:00,1,00:15:00,100.0,0.0,2016-11-12T08:15:00Z,2016-11-12T13:45:00+05:30,2016-11-12T08:30:00Z,2016-11-12T14:00:00+05:30
228.8,,,False,5,no2,µg/m³,,raw,01:00:00,2016-11-12T07:45:00Z,2016-11-12T13:15:00+05:30,2016-11-12T08:45:00Z,2016-11-12T14:15:00+05:30,1,01:00:00,1,00:15:00,100.0,0.0,2016-11-12T08:30:00Z,2016-11-12T14:00:00+05:30,2016-11-12T08:45:00Z,2016-11-12T14:15:00+05:30
174.8,,,False,5,no2,µg/m³,,raw,01:00:00,2016-11-12T08:00:00Z,2016-11-12T13:30:00+05:30,2016-11-12T09:00:00Z,2016-11-12T14:30:00+05:30,1,01:00:00,1,00:15:00,100.0,0.0,2016-11-12T08:45:00Z,2016-11-12T14:15:00+05:30,2016-11-12T09:00:00Z,2016-11-12T14:30:00+05:30
156.2,,,False,5,no2,µg/m³,,raw,01:00:00,2016-11-12T08:15:00Z,2016-11-12T13:45:00+05:30,2016-11-12T09:15:00Z,2016-11-12T14:45:00+05:30,1,01:00:00,1,00:15:00,100.0,0.0,2016-11-12T09:00:00Z,2016-11-12T14:30:00+05:30,2016-11-12T09:15:00Z,2016-11-12T14:45:00+05:30
163.0,,,False,5,no2,µg/m³,,raw,01:00:00,2016-11-12T08:30:00Z,2016-11-12T14:00:00+05:30,2016-11-12T09:30:00Z,2016-11-12T15:00:00+05:30,1,01:00:00,1,00:15:00,100.0,0.0,2016-11-12T09:15:00Z,2016-11-12T14:45:00+05:30,2016-11-12T09:30:00Z,2016-11-12T15:00:00+05:30
203.5,,,False,5,no2,µg/m³,,raw,01:00:00,2016-11-12T08:45:00Z,2016-11-12T14:15:00+05:30,2016-11-12T09:45:00Z,2016-11-12T15:15:00+05:30,1,01:00:00,1,00:15:00,100.0,0.0,2016-11-12T09:30:00Z,2016-11-12T15:00:00+05:30,2016-11-12T09:45:00Z,2016-11-12T15:15:00+05:30
237.8,,,False,5,no2,µg/m³,,raw,01:00:00,2016-11-12T09:00:00Z,2016-11-12T14:30:00+05:30,2016-11-12T10:00:00Z,2016-11-12T15:30:00+05:30,1,01:00:00,1,00:15:00,100.0,0.0,2016-11-12T09:45:00Z,2016-11-12T15:15:00+05:30,2016-11-12T10:00:00Z,2016-11-12T15:30:00+05:30
251.1,,,False,5,no2,µg/m³,,raw,01:00:00,2016-11-12T09:15:00Z,2016-11-12T14:45:00+05:30,2016-11-12T10:15:00Z,2016-11-12T15:45:00+05:30,1,01:00:00,1,00:15:00,100.0,0.0,2016-11-12T10:00:00Z,2016-11-12T15:30:00+05:30,2016-11-12T10:15:00Z,2016-11-12T15:45:00+05:30
260.0,,,False,5,no2,µg/m³,,raw,01:00:00,2016-11-12T09:30:00Z,2016-11-12T15:00:00+05:30,2016-11-12T10:30:00Z,2016-11-12T16:00:00+05:30,1,01:00:00,1,00:15:00,100.0,0.0,2016-11-12T10:15:00Z,2016-11-12T15:45:00+05:30,2016-11-12T10:30:00Z,2016-11-12T16:00:00+05:30
293.8,,,False,5,no2,µg/m³,,raw,01:00:00,2016-11-12T09:45:00Z,2016-11-12T15:15:00+05:30,2016-11-12T10:45:00Z,2016-11-12T16:15:00+05:30,1,01:00:00,1,00:15:00,100.0,0.0,2016-11-12T10:30:00Z,2016-11-12T16:00:00+05:30,2016-11-12T10:45:00Z,2016-11-12T16:15:00+05:30
309.9,,,False,5,no2,µg/m³,,raw,01:00:00,2016-11-12T10:00:00Z,2016-11-12T15:30:00+05:30,2016-11-12T11:00:00Z,2016-11-12T16:30:00+05:30,1,01:00:00,1,00:15:00,100.0,0.0,2016-11-12T10:45:00Z,2016-11-12T16:15:00+05:30,2016-11-12T11:00:00Z,2016-11-12T16:30:00+05:30
304.8,,,False,5,no2,µg/m³,,raw,01:00:00,2016-11-12T10:15:00Z,2016-11-12T15:45:00+05:30,2016-11-12T11:15:00Z,2016-11-12T16:45:00+05:30,1,01:00:00,1,00:15:00,100.0,0.0,2016-11-12T11:00:00Z,2016-11-12T16:30:00+05:30,2016-11-12T11:15:00Z,2016-11-12T16:45:00+05:30
329.8,,,False,5,no2,µg/m³,,raw,01:00:00,2016-11-12T10:30:00Z,2016-11-12T16:00:00+05:30,2016-11-12T11:30:00Z,2016-11-12T17:00:00+05:30,1,01:00:00,1,00:15:00,100.0,0.0,2016-11-12T11:15:00Z,2016-11-12T16:45:00+05:30,2016-11-12T11:30:00Z,2016-11-12T17:00:00+05:30
367.5,,,False,5,no2,µg/m³,,raw,01:00:00,2016-11-12T10:45:00Z,2016-11-12T16:15:00+05:30,2016-11-12T11:45:00Z,2016-11-12T17:15:00+05:30,1,01:00:00,1,00:15:00,100.0,0.0,2016-11-12T11:30:00Z,2016-11-12T17:00:00+05:30,2016-11-12T11:45:00Z,2016-11-12T17:15:00+05:30
394.7,,,False,5,no2,µg/m³,,raw,01:00:00,2016-11-12T11:00:00Z,2016-11-12T16:30:00+05:30,2016-11-12T12:00:00Z,2016-11-12T17:30:00+05:30,1,01:00:00,1,00:15:00,100.0,0.0,2016-11-12T11:45:00Z,2016-11-12T17:15:00+05:30,2016-11-12T12:00:00Z,2016-11-12T17:30:00+05:30
445.7,,,False,5,no2,µg/m³,,raw,01:00:00,2016-11-12T11:15:00Z,2016-11-12T16:45:00+05:30,2016-11-12T12:15:00Z,2016-11-12T17:45:00+05:30,1,01:00:00,1,00:15:00,100.0,0.0,2016-11-12T12:00:00Z,2016-11-12T17:30:00+05:30,2016-11-12T12:15:00Z,2016-11-12T17:45:00+05:30
454.0,,,False,5,no2,µg/m³,,raw,01:00:00,2016-11-12T11:30:00Z,2016-11-12T17:00:00+05:30,2016-11-12T12:30:00Z,2016-11-12T18:00:00+05:30,1,01:00:00,1,00:15:00,100.0,0.0,2016-11-12T12:15:00Z,2016-11-12T17:45:00+05:30,2016-11-12T12:30:00Z,2016-11-12T18:00:00+05:30
459.5,,,False,5,no2,µg/m³,,raw,01:00:00,2016-11-12T11:45:00Z,2016-11-12T17:15:00+05:30,2016-11-12T12:45:00Z,2016-11-12T18:15:00+05:30,1,01:00:00,1,00:15:00,100.0,0.0,2016-11-12T12:30:00Z,2016-11-12T18:00:00+05:30,2016-11-12T12:45:00Z,2016-11-12T18:15:00+05:30
431.0,,,False,5,no2,µg/m³,,raw,01:00:00,2016-11-12T12:00:00Z,2016-11-12T17:30:00+05:30,2016-11-12T13:00:00Z,2016-11-12T18:30:00+05:30,1,01:00:00,1,00:15:00,100.0,0.0,2016-11-12T12:45:00Z,2016-11-12T18:15:00+05:30,2016-11-12T13:00:00Z,2016-11-12T18:30:00+05:30
506.1,,,False,5,no2,µg/m³,,raw,01:00:00,2016-11-12T12:15:00Z,2016-11-12T17:45:00+05:30,2016-11-12T13:15:00Z,2016-11-12T18:45:00+05:30,1,01:00:00,1,00:15:00,100.0,0.0,2016-11-12T13:00:00Z,2016-11-12T18:30:00+05:30,2016-11-12T13:15:00Z,2016-11-12T18:45:00+05:30
492.6,,,False,5,no2,µg/m³,,raw,01:00:00,2016-11-12T12:30:00Z,2016-11-12T18:00:00+05:30,2016-11-12T13:30:00Z,2016-11-12T19:00:00+05:30,1,01:00:00,1,00:15:00,100.0,0.0,2016-11-12T13:15:00Z,2016-11-12T18:45:00+05:30,2016-11-12T13:30:00Z,2016-11-12T19:00:00+05:30
502.5,,,False,5,no2,µg/m³,,raw,01:00:00,2016-11-12T12:45:00Z,2016-11-12T18:15:00+05:30,2016-11-12T13:45:00Z,2016-11-12T19:15:00+05:30,1,01:00:00,1,00:15:00,100.0,0.0,2016-11-12T13:30:00Z,2016-11-12T19:00:00+05:30,2016-11-12T13:45:00Z,2016-11-12T19:15:00+05:30
502.0,,,False,5,no2,µg/m³,,raw,01:00:00,2016-11-12T13:00:00Z,2016-11-12T18:30:00+05:30,2016-11-12T14:00:00Z,2016-11-12T19:30:00+05:30,1,01:00:00,1,00:15:00,100.0,0.0,2016-11-12T13:45:00Z,2016-11-12T19:15:00+05:30,2016-11-12T14:00:00Z,2016-11-12T19:30:00+05:30
476.3,,,False,5,no2,µg/m³,,raw,01:00:00,2016-11-12T13:15:00Z,2016-11-12T18:45:00+05:30,2016-11-12T14:15:00Z,2016-11-12T19:45:00+05:30,1,01:00:00,1,00:15:00,100.0,0.0,2016-11-12T14:00:00Z,2016-11-12T19:30:00+05:30,2016-11-12T14:15:00Z,2016-11-12T19:45:00+05:30
488.7,,,False,5,no2,µg/m³,,raw,01:00:00,2016-11-12T13:30:00Z,2016-11-12T19:00:00+05:30,2016-11-12T14:30:00Z,2016-11-12T20:00:00+05:30,1,01:00:00,1,00:15:00,100.0,0.0,2016-11-12T14:15:00Z,2016-11-12T19:45:00+05:30,2016-11-12T14:30:00Z,2016-11-12T20:00:00+05:30
468.3,,,False,5,no2,µg/m³,,raw,01:00:00,2016-11-12T13:45:00Z,2016-11-12T19:15:00+05:30,2016-11-12T14:45:00Z,2016-11-12T20:15:00+05:30,1,01:00:00,1,00:15:00,100.0,0.0,2016-11-12T14:30:00Z,2016-11-12T20:00:00+05:30,2016-11-12T14:45:00Z,2016-11-12T20:15:00+05:30
474.8,,,False,5,no2,µg/m³,,raw,01:00:00,2016-11-12T14:00:00Z,2016-11-12T19:30:00+05:30,2016-11-12T15:00:00Z,2016-11-12T20:30:00+05:30,1,01:00:00,1,00:15:00,100.0,0.0,2016-11-12T14:45:00Z,2016-11-12T20:15:00+05:30,2016-11-12T15:00:00Z,2016-11-12T20:30:00+05:30
447.5,,,False,5,no2,µg/m³,,raw,01:00:00,2016-11-12T14:15:00Z,2016-11-12T19:45:00+05:30,2016-11-12T15:15:00Z,2016-11-12T20:45:00+05:30,1,01:00:00,1,00:15:00,100.0,0.0,2016-11-12T15:00:00Z,2016-11-12T20:30:00+05:30,2016-11-12T15:15:00Z,2016-11-12T20:45:00+05:30
454.3,,,False,5,no2,µg/m³,,raw,01:00:00,2016-11-12T14:30:00Z,2016-11-12T20:00:00+05:30,2016-11-12T15:30:00Z,2016-11-12T21:00:00+05:30,1,01:00:00,1,00:15:00,100.0,0.0,2016-11-12T15:15:00Z,2016-11-12T20:45:00+05:30,2016-11-12T15:30:00Z,2016-11-12T21:00:00+05:30
517.7,,,False,5,no2,µg/m³,,raw,01:00:00,2016-11-12T14:45:00Z,2016-11-12T20:15:00+05:30,2016-11-12T15:45:00Z,2016-11-12T21:15:00+05:30,1,01:00:00,1,00:15:00,100.0,0.0,2016-11-12T15:30:00Z,2016-11-12T21:00:00+05:30,2016-11-12T15:45:00Z,2016-11-12T21:15:00+05:30
491.6,,,False,5,no2,µg/m³,,raw,01:00:00,2016-11-12T15:45:00Z,2016-11-12T21:15:00+05:30,2016-11-12T16:45:00Z,2016-11-12T22:15:00+05:30,1,01:00:00,1,00:15:00,100.0,0.0,2016-11-12T16:30:00Z,2016-11-12T22:00:00+05:30,2016-11-12T16:45:00Z,2016-11-12T22:15:00+05:30
496.2,,,False,5,no2,µg/m³,,raw,01:00:00,2016-11-12T16:00:00Z,2016-11-12T21:30:00+05:30,2016-11-12T17:00:00Z,2016-11-12T22:30:00+05:30,1,01:00:00,1,00:15:00,100.0,0.0,2016-11-12T16:45:00Z,2016-11-12T22:15:00+05:30,2016-11-12T17:00:00Z,2016-11-12T22:30:00+05:30
489.8,,,False,5,no2,µg/m³,,raw,01:00:00,2016-11-12T16:15:00Z,2016-11-12T21:45:00+05:30,2016-11-12T17:15:00Z,2016-11-12T22:45:00+05:30,1,01:00:00,1,00:15:00,100.0,0.0,2016-11-12T17:00:00Z,2016-11-12T22:30:00+05:30,2016-11-12T17:15:00Z,2016-11-12T22:45:00+05:30
505.2,,,False,5,no2,µg/m³,,raw,01:00:00,2016-11-12T16:30:00Z,2016-11-12T22:00:00+05:30,2016-11-12T17:30:00Z,2016-11-12T23:00:00+05:30,1,01:00:00,1,00:15:00,100.0,0.0,2016-11-12T17:15:00Z,2016-11-12T22:45:00+05:30,2016-11-12T17:30:00Z,2016-11-12T23:00:00+05:30
432.7,,,False,5,no2,µg/m³,,raw,01:00:00,2016-11-12T16:45:00Z,2016-11-12T22:15:00+05:30,2016-11-12T17:45:00Z,2016-11-12T23:15:00+05:30,1,01:00:00,1,00:15:00,100.0,0.0,2016-11-12T17:30:00Z,2016-11-12T23:00:00+05:30,2016-11-12T17:45:00Z,2016-11-12T23:15:00+05:30
434.1,,,False,5,no2,µg/m³,,raw,01:00:00,2016-11-12T17:00:00Z,2016-11-12T22:30:00+05:30,2016-11-12T18:00:00Z,2016-11-12T23:30:00+05:30,1,01:00:00,1,00:15:00,100.0,0.0,2016-11-12T17:45:00Z,2016-11-12T23:15:00+05:30,2016-11-12T18:00:00Z,2016-11-12T23:30:00+05:30
434.6,,,False,5,no2,µg/m³,,raw,01:00:00,2016-11-12T17:15:00Z,2016-11-12T22:45:00+05:30,2016-11-12T18:15:00Z,2016-11-12T23:45:00+05:30,1,01:00:00,1,00:15:00,100.0,0.0,2016-11-12T18:00:00Z,2016-11-12T23:30:00+05:30,2016-11-12T18:15:00Z,2016-11-12T23:45:00+05:30
330.4,,,False,5,no2,µg/m³,,raw,01:00:00,2016-11-12T17:30:00Z,2016-11-12T23:00:00+05:30,2016-11-12T18:30:00Z,2016-11-13T00:00:00+05:30,1,01:00:00,1,00:15:00,100.0,0.0,2016-11-12T18:15:00Z,2016-11-12T23:45:00+05:30,2016-11-12T18:30:00Z,2016-11-13T00:00:00+05:30
404.2,,,False,5,no2,µg/m³,,raw,01:00:00,2016-11-12T17:45:00Z,2016-11-12T23:15:00+05:30,2016-11-12T18:45:00Z,2016-11-13T00:15:00+05:30,1,01:00:00,1,00:15:00,100.0,0.0,2016-11-12T18:30:00Z,2016-11-13T00:00:00+05:30,2016-11-12T18:45:00Z,2016-11-13T00:15:00+05:30
386.3,,,False,5,no2,µg/m³,,raw,01:00:00,2016-11-12T18:00:00Z,2016-11-12T23:30:00+05:30,2016-11-12T19:00:00Z,2016-11-13T00:30:00+05:30,1,01:00:00,1,00:15:00,100.0,0.0,2016-11-12T18:45:00Z,2016-11-13T00:15:00+05:30,2016-11-12T19:00:00Z,2016-11-13T00:30:00+05:30
368.8,,,False,5,no2,µg/m³,,raw,01:00:00,2016-11-12T18:15:00Z,2016-11-12T23:45:00+05:30,2016-11-12T19:15:00Z,2016-11-13T00:45:00+05:30,1,01:00:00,1,00:15:00,100.0,0.0,2016-11-12T19:00:00Z,2016-11-13T00:30:00+05:30,2016-11-12T19:15:00Z,2016-11-13T00:45:00+05:30
400.7,,,False,5,no2,µg/m³,,raw,01:00:00,2016-11-12T18:30:00Z,2016-11-13T00:00:00+05:30,2016-11-12T19:30:00Z,2016-11-13T01:00:00+05:30,1,01:00:00,1,00:15:00,100.0,0.0,2016-11-12T19:15:00Z,2016-11-13T00:45:00+05:30,2016-11-12T19:30:00Z,2016-11-13T01:00:00+05:30
432.6,,,False,5,no2,µg/m³,,raw,01:00:00,2016-11-12T18:45:00Z,2016-11-13T00:15:00+05:30,2016-11-12T19:45:00Z,2016-11-13T01:15:00+05:30,1,01:00:00,1,00:15:00,100.0,0.0,2016-11-12T19:30:00Z,2016-11-13T01:00:00+05:30,2016-11-12T19:45:00Z,2016-11-13T01:15:00+05:30
413.9,,,False,5,no2,µg/m³,,raw,01:00:00,2016-11-12T19:15:00Z,2016-11-13T00:45:00+05:30,2016-11-12T20:15:00Z,2016-11-13T01:45:00+05:30,1,01:00:00,1,00:15:00,100.0,0.0,2016-11-12T20:00:00Z,2016-11-13T01:30:00+05:30,2016-11-12T20:15:00Z,2016-11-13T01:45:00+05:30
371.3,,,False,5,no2,µg/m³,,raw,01:00:00,2016-11-12T19:30:00Z,2016-11-13T01:00:00+05:30,2016-11-12T20:30:00Z,2016-11-13T02:00:00+05:30,1,01:00:00,1,00:15:00,100.0,0.0,2016-11-12T20:15:00Z,2016-11-13T01:45:00+05:30,2016-11-12T20:30:00Z,2016-11-13T02:00:00+05:30
379.4,,,False,5,no2,µg/m³,,raw,01:00:00,2016-11-12T19:45:00Z,2016-11-13T01:15:00+05:30,2016-11-12T20:45:00Z,2016-11-13T02:15:00+05:30,1,01:00:00,1,00:15:00,100.0,0.0,2016-11-12T20:30:00Z,2016-11-13T02:00:00+05:30,2016-11-12T20:45:00Z,2016-11-13T02:15:00+05:30
332.1,,,False,5,no2,µg/m³,,raw,01:00:00,2016-11-12T20:00:00Z,2016-11-13T01:30:00+05:30,2016-11-12T21:00:00Z,2016-11-13T02:30:00+05:30,1,01:00:00,1,00:15:00,100.0,0.0,2016-11-12T20:45:00Z,2016-11-13T02:15:00+05:30,2016-11-12T21:00:00Z,2016-11-13T02:30:00+05:30
337.9,,,False,5,no2,µg/m³,,raw,01:00:00,2016-11-12T20:15:00Z,2016-11-13T01:45:00+05:30,2016-11-12T21:15:00Z,2016-11-13T02:45:00+05:30,1,01:00:00,1,00:15:00,100.0,0.0,2016-11-12T21:00:00Z,2016-11-13T02:30:00+05:30,2016-11-12T21:15:00Z,2016-11-13T02:45:00+05:30
298.2,,,False,5,no2,µg/m³,,raw,01:00:00,2016-11-12T20:30:00Z,2016-11-13T02:00:00+05:30,2016-11-12T21:30:00Z,2016-11-13T03:00:00+05:30,1,01:00:00,1,00:15:00,100.0,0.0,2016-11-12T21:15:00Z,2016-11-13T02:45:00+05:30,2016-11-12T21:30:00Z,2016-11-13T03:00:00+05:30
304.5,,,False,5,no2,µg/m³,,raw,01:00:00,2016-11-12T20:45:00Z,2016-11-13T02:15:00+05:30,2016-11-12T21:45:00Z,2016-11-13T03:15:00+05:30,1,01:00:00,1,00:15:00,100.0,0.0,2016-11-12T21:30:00Z,2016-11-13T03:00:00+05:30,2016-11-12T21:45:00Z,2016-11-13T03:15:00+05:30
278.1,,,False,5,no2,µg/m³,,raw,01:00:00,2016-11-12T21:00:00Z,2016-11-13T02:30:00+05:30,2016-11-12T22:00:00Z,2016-11-13T03:30:00+05:30,1,01:00:00,1,00:15:00,100.0,0.0,2016-11-12T21:45:00Z,2016-11-13T03:15:00+05:30,2016-11-12T22:00:00Z,2016-11-13T03:30:00+05:30
287.0,,,False,5,no2,µg/m³,,raw,01:00:00,2016-11-12T21:15:00Z,2016-11-13T02:45:00+05:30,2016-11-12T22:15:00Z,2016-11-13T03:45:00+05:30,1,01:00:00,1,00:15:00,100.0,0.0,2016-11-12T22:00:00Z,2016-11-13T03:30:00+05:30,2016-11-12T22:15:00Z,2016-11-13T03:45:00+05:30
296.7,,,False,5,no2,µg/m³,,raw,01:00:00,2016-11-12T21:30:00Z,2016-11-13T03:00:00+05:30,2016-11-12T22:30:00Z,2016-11-13T04:00:00+05:30,1,01:00:00,1,00:15:00,100.0,0.0,2016-11-12T22:15:00Z,2016-11-13T03:45:00+05:30,2016-11-12T22:30:00Z,2016-11-13T04:00:00+05:30
303.5,,,False,5,no2,µg/m³,,raw,01:00:00,2016-11-12T21:45:00Z,2016-11-13T03:15:00+05:30,2016-11-12T22:45:00Z,2016-11-13T04:15:00+05:30,1,01:00:00,1,00:15:00,100.0,0.0,2016-11-12T22:30:00Z,2016-11-13T04:00:00+05:30,2016-11-12T22:45:00Z,2016-11-13T04:15:00+05:30
288.4,,,False,5,no2,µg/m³,,raw,01:00:00,2016-11-12T22:00:00Z,2016-11-13T03:30:00+05:30,2016-11-12T23:00:00Z,2016-11-13T04:30:00+05:30,1,01:00:00,1,00:15:00,100.0,0.0,2016-11-12T22:45:00Z,2016-11-13T04:15:00+05:30,2016-11-12T23:00:00Z,2016-11-13T04:30:00+05:30
264.0,,,False,5,no2,µg/m³,,raw,01:00:00,2016-11-12T22:15:00Z,2016-11-13T03:45:00+05:30,2016-11-12T23:15:00Z,2016-11-13T04:45:00+05:30,1,01:00:00,1,00:15:00,100.0,0.0,2016-11-12T23:00:00Z,2016-11-13T04:30:00+05:30,2016-11-12T23:15:00Z,2016-11-13T04:45:00+05:30
264.4,,,False,5,no2,µg/m³,,raw,01:00:00,2016-11-12T22:30:00Z,2016-11-13T04:00:00+05:30,2016-11-12T23:30:00Z,2016-11-13T05:00:00+05:30,1,01:00:00,1,00:15:00,100.0,0.0,2016-11-12T23:15:00Z,2016-11-13T04:45:00+05:30,2016-11-12T23:30:00Z,2016-11-13T05:00:00+05:30
259.5,,,False,5,no2,µg/m³,,raw,01:00:00,2016-11-12T22:45:00Z,2016-11-13T04:15:00+05:30,2016-11-12T23:45:00Z,2016-11-13T05:15:00+05:30,1,01:00:00,1,00:15:00,100.0,0.0,2016-11-12T23:30:00Z,2016-11-13T05:00:00+05:30,2016-11-12T23:45:00Z,2016-11-13T05:15:00+05:30
258.8,,,False,5,no2,µg/m³,,raw,01:00:00,2016-11-12T23:00:00Z,2016-11-13T04:30:00+05:30,2016-11-13T00:00:00Z,2016-11-13T05:30:00+05:30,1,01:00:00,1,00:15:00,100.0,0.0,2016-11-12T23:45:00Z,2016-11-13T05:15:00+05:30,2016-11-13T00:00:00Z,2016-11-13T05:30:00+05:30
219.3,,,False,5,no2,µg/m³,,raw,01:00:00,2016-11-12T23:15:00Z,2016-11-13T04:45:00+05:30,2016-11-13T00:15:00Z,2016-11-13T05:45:00+05:30,1,01:00:00,1,00:15:00,100.0,0.0,2016-11-13T00:00:00Z,2016-11-13T05:30:00+05:30,2016-11-13T00:15:00Z,2016-11-13T05:45:00+05:30
240.9,,,False,5,no2,µg/m³,,raw,01:00:00,2016-11-12T23:30:00Z,2016-11-13T05:00:00+05:30,2016-11-13T00:30:00Z,2016-11-13T06:00:00+05:30,1,01:00:00,1,00:15:00,100.0,0.0,2016-11-13T00:15:00Z,2016-11-13T05:45:00+05:30,2016-11-13T00:30:00Z,2016-11-13T06:00:00+05:30
200.3,,,False,5,no2,µg/m³,,raw,01:00:00,2016-11-12T23:45:00Z,2016-11-13T05:15:00+05:30,2016-11-13T00:45:00Z,2016-11-13T06:15:00+05:30,1,01:00:00,1,00:15:00,100.0,0.0,2016-11-13T00:30:00Z,2016-11-13T06:00:00+05:30,2016-11-13T00:45:00Z,2016-11-13T06:15:00+05:30
211.1,,,False,5,no2,µg/m³,,raw,01:00:00,2016-11-13T00:00:00Z,2016-11-13T05:30:00+05:30,2016-11-13T01:00:00Z,2016-11-13T06:30:00+05:30,1,01:00:00,1,00:15:00,100.0,0.0,2016-11-13T00:45:00Z,2016-11-13T06:15:00+05:30,2016-11-13T01:00:00Z,2016-11-13T06:30:00+05:30
240.2,,,False,5,no2,µg/m³,,raw,01:00:00,2016-11-13T00:15:00Z,2016-11-13T05:45:00+05:30,2016-11-13T01:15:00Z,2016-11-13T06:45:00+05:30,1,01:00:00,1,00:15:00,100.0,0.0,2016-11-13T01:00:00Z,2016-11-13T06:30:00+05:30,2016-11-13T01:15:00Z,2016-11-13T06:45:00+05:30
228.0,,,False,5,no2,µg/m³,,raw,01:00:00,2016-11-13T00:30:00Z,2016-11-13T06:00:00+05:30,2016-11-13T01:30:00Z,2016-11-13T07:00:00+05:30,1,01:00:00,1,00:15:00,100.0,0.0,2016-11-13T01:15:00Z,2016-11-13T06:45:00+05:30,2016-11-13T01:30:00Z,2016-11-13T07:00:00+05:30
216.6,,,False,5,no2,µg/m³,,raw,01:00:00,2016-11-13T00:45:00Z,2016-11-13T06:15:00+05:30,2016-11-13T01:45:00Z,2016-11-13T07:15:00+05:30,1,01:00:00,1,00:15:00,100.0,0.0,2016-11-13T01:30:00Z,2016-11-13T07:00:00+05:30,2016-11-13T01:45:00Z,2016-11-13T07:15:00+05:30
206.8,,,False,5,no2,µg/m³,,raw,01:00:00,2016-11-13T01:00:00Z,2016-11-13T06:30:00+05:30,2016-11-13T02:00:00Z,2016-11-13T07:30:00+05:30,1,01:00:00,1,00:15:00,100.0,0.0,2016-11-13T01:45:00Z,2016-11-13T07:15:00+05:30,2016-11-13T02:00:00Z,2016-11-13T07:30:00+05:30
165.5,,,False,5,no2,µg/m³,,raw,01:00:00,2016-11-13T01:15:00Z,2016-11-13T06:45:00+05:30,2016-11-13T02:15:00Z,2016-11-13T07:45:00+05:30,1,01:00:00,1,00:15:00,100.0,0.0,2016-11-13T02:00:00Z,2016-11-13T07:30:00+05:30,2016-11-13T02:15:00Z,2016-11-13T07:45:00+05:30
149.1,,,False,5,no2,µg/m³,,raw,01:00:00,2016-11-13T01:30:00Z,2016-11-13T07:00:00+05:30,2016-11-13T02:30:00Z,2016-11-13T08:00:00+05:30,1,01:00:00,1,00:15:00,100.0,0.0,2016-11-13T02:15:00Z,2016-11-13T07:45:00+05:30,2016-11-13T02:30:00Z,2016-11-13T08:00:00+05:30
139.0,,,False,5,no2,µg/m³,,raw,01:00:00,2016-11-13T01:45:00Z,2016-11-13T07:15:00+05:30,2016-11-13T02:45:00Z,2016-11-13T08:15:00+05:30,1,01:00:00,1,00:15:00,100.0,0.0,2016-11-13T02:30:00Z,2016-11-13T08:00:00+05:30,2016-11-13T02:45:00Z,2016-11-13T08:15:00+05:30
147.1,,,False,5,no2,µg/m³,,raw,01:00:00,2016-11-13T02:00:00Z,2016-11-13T07:30:00+05:30,2016-11-13T03:00:00Z,2016-11-13T08:30:00+05:30,1,01:00:00,1,00:15:00,100.0,0.0,2016-11-13T02:45:00Z,2016-11-13T08:15:00+05:30,2016-11-13T03:00:00Z,2016-11-13T08:30:00+05:30
154.7,,,False,5,no2,µg/m³,,raw,01:00:00,2016-11-13T02:15:00Z,2016-11-13T07:45:00+05:30,2016-11-13T03:15:00Z,2016-11-13T08:45:00+05:30,1,01:00:00,1,00:15:00,100.0,0.0,2016-11-13T03:00:00Z,2016-11-13T08:30:00+05:30,2016-11-13T03:15:00Z,2016-11-13T08:45:00+05:30
155.0,,,False,5,no2,µg/m³,,raw,01:00:00,2016-11-13T02:30:00Z,2016-11-13T08:00:00+05:30,2016-11-13T03:30:00Z,2016-11-13T09:00:00+05:30,1,01:00:00,1,00:15:00,100.0,0.0,2016-11-13T03:15:00Z,2016-11-13T08:45:00+05:30,2016-11-13T03:30:00Z,2016-11-13T09:00:00+05:30
161.6,,,False,5,no2,µg/m³,,raw,01:00:00,2016-11-13T02:45:00Z,2016-11-13T08:15:00+05:30,2016-11-13T03:45:00Z,2016-11-13T09:15:00+05:30,1,01:00:00,1,00:15:00,100.0,0.0,2016-11-13T03:30:00Z,2016-11-13T09:00:00+05:30,2016-11-13T03:45:00Z,2016-11-13T09:15:00+05:30
171.9,,,False,5,no2,µg/m³,,raw,01:00:00,2016-11-13T03:00:00Z,2016-11-13T08:30:00+05:30,2016-11-13T04:00:00Z,2016-11-13T09:30:00+05:30,1,01:00:00,1,00:15:00,100.0,0.0,2016-11-13T03:45:00Z,2016-11-13T09:15:00+05:30,2016-11-13T04:00:00Z,2016-11-13T09:30:00+05:30
297.8,,,False,5,no2,µg/m³,,raw,01:00:00,2016-11-13T04:00:00Z,2016-11-13T09:30:00+05:30,2016-11-13T05:00:00Z,2016-11-13T10:30:00+05:30,1,01:00:00,1,00:15:00,100.0,0.0,2016-11-13T04:45:00Z,2016-11-13T10:15:00+05:30,2016-11-13T05:00:00Z,2016-11-13T10:30:00+05:30
300.1,,,False,5,no2,µg/m³,,raw,01:00:00,2016-11-13T04:15:00Z,2016-11-13T09:45:00+05:30,2016-11-13T05:15:00Z,2016-11-13T10:45:00+05:30,1,01:00:00,1,00:15:00,100.0,0.0,2016-11-13T05:00:00Z,2016-11-13T10:30:00+05:30,2016-11-13T05:15:00Z,2016-11-13T10:45:00+05:30
292.5,,,False,5,no2,µg/m³,,raw,01:00:00,2016-11-13T04:30:00Z,2016-11-13T10:00:00+05:30,2016-11-13T05:30:00Z,2016-11-13T11:00:00+05:30,1,01:00:00,1,00:15:00,100.0,0.0,2016-11-13T05:15:00Z,2016-11-13T10:45:00+05:30,2016-11-13T05:30:00Z,2016-11-13T11:00:00+05:30
285.0,,,False,5,no2,µg/m³,,raw,01:00:00,2016-11-13T04:45:00Z,2016-11-13T10:15:00+05:30,2016-11-13T05:45:00Z,2016-11-13T11:15:00+05:30,1,01:00:00,1,00:15:00,100.0,0.0,2016-11-13T05:30:00Z,2016-11-13T11:00:00+05:30,2016-11-13T05:45:00Z,2016-11-13T11:15:00+05:30
288.2,,,False,5,no2,µg/m³,,raw,01:00:00,2016-11-13T05:00:00Z,2016-11-13T10:30:00+05:30,2016-11-13T06:00:00Z,2016-11-13T11:30:00+05:30,1,01:00:00,1,00:15:00,100.0,0.0,2016-11-13T05:45:00Z,2016-11-13T11:15:00+05:30,2016-11-13T06:00:00Z,2016-11-13T11:30:00+05:30
237.7,,,False,5,no2,µg/m³,,raw,01:00:00,2016-11-13T05:15:00Z,2016-11-13T10:45:00+05:30,2016-11-13T06:15:00Z,2016-11-13T11:45:00+05:30,1,01:00:00,1,00:15:00,100.0,0.0,2016-11-13T06:00:00Z,2016-11-13T11:30:00+05:30,2016-11-13T06:15:00Z,2016-11-13T11:45:00+05:30
174.3,,,False,5,no2,µg/m³,,raw,01:00:00,2016-11-13T05:30:00Z,2016-11-13T11:00:00+05:30,2016-11-13T06:30:00Z,2016-11-13T12:00:00+05:30,1,01:00:00,1,00:15:00,100.0,0.0,2016-11-13T06:15:00Z,2016-11-13T11:45:00+05:30,2016-11-13T06:30:00Z,2016-11-13T12:00:00+05:30
179.6,,,False,5,no2,µg/m³,,raw,01:00:00,2016-11-13T05:45:00Z,2016-11-13T11:15:00+05:30,2016-11-13T06:45:00Z,2016-11-13T12:15:00+05:30,1,01:00:00,1,00:15:00,100.0,0.0,2016-11-13T06:30:00Z,2016-11-13T12:00:00+05:30,2016-11-13T06:45:00Z,2016-11-13T12:15:00+05:30
174.3,,,False,5,no2,µg/m³,,raw,01:00:00,2016-11-13T06:00:00Z,2016-11-13T11:30:00+05:30,2016-11-13T07:00:00Z,2016-11-13T12:30:00+05:30,1,01:00:00,1,00:15:00,100.0,0.0,2016-11-13T06:45:00Z,2016-11-13T12:15:00+05:30,2016-11-13T07:00:00Z,2016-11-13T12:30:00+05:30
164.9,,,False,5,no2,µg/m³,,raw,01:00:00,2016-11-13T06:15:00Z,2016-11-13T11:45:00+05:30,2016-11-13T07:15:00Z,2016-11-13T12:45:00+05:30,1,01:00:00,1,00:15:00,100.0,0.0,2016-11-13T07:00:00Z,2016-11-13T12:30:00+05:30,2016-11-13T07:15:00Z,2016-11-13T12:45:00+05:30
135.0,,,False,5,no2,µg/m³,,raw,01:00:00,2016-11-13T06:30:00Z,2016-11-13T12:00:00+05:30,2016-11-13T07:30:00Z,2016-11-13T13:00:00+05:30,1,01:00:00,1,00:15:00,100.0,0.0,2016-11-13T07:15:00Z,2016-11-13T12:45:00+05:30,2016-11-13T07:30:00Z,2016-11-13T13:00:00+05:30
121.5,,,False,5,no2,µg/m³,,raw,01:00:00,2016-11-13T06:45:00Z,2016-11-13T12:15:00+05:30,2016-11-13T07:45:00Z,2016-11-13T13:15:00+05:30,1,01:00:00,1,00:15:00,100.0,0.0,2016-11-13T07:30:00Z,2016-11-13T13:00:00+05:30,2016-11-13T07:45:00Z,2016-11-13T13:15:00+05:30
129.5,,,False,5,no2,µg/m³,,raw,01:00:00,2016-11-13T07:00:00Z,2016-11-13T12:30:00+05:30,2016-11-13T08:00:00Z,2016-11-13T13:30:00+05:30,1,01:00:00,1,00:15:00,100.0,0.0,2016-11-13T07:45:00Z,2016-11-13T13:15:00+05:30,2016-11-13T08:00:00Z,2016-11-13T13:30:00+05:30
125.7,,,False,5,no2,µg/m³,,raw,01:00:00,2016-11-13T07:15:00Z,2016-11-13T12:45:00+05:30,2016-11-13T08:15:00Z,2016-11-13T13:45:00+05:30,1,01:00:00,1,00:15:00,100.0,0.0,2016-11-13T08:00:00Z,2016-11-13T13:30:00+05:30,2016-11-13T08:15:00Z,2016-11-13T13:45:00+05:30
113.0,,,False,5,no2,µg/m³,,raw,01:00:00,2016-11-13T07:30:00Z,2016-11-13T13:00:00+05:30,2016-11-13T08:30:00Z,2016-11-13T14:00:00+05:30,1,01:00:00,1,00:15:00,100.0,0.0,2016-11-13T08:15:00Z,2016-11-13T13:45:00+05:30,2016-11-13T08:30:00Z,2016-11-13T14:00:00+05:30
108.7,,,False,5,no2,µg/m³,,raw,01:00:00,2016-11-13T07:45:00Z,2016-11-13T13:15:00+05:30,2016-11-13T08:45:00Z,2016-11-13T14:15:00+05:30,1,01:00:00,1,00:15:00,100.0,0.0,2016-11-13T08:30:00Z,2016-11-13T14:00:00+05:30,2016-11-13T08:45:00Z,2016-11-13T14:15:00+05:30
115.2,,,False,5,no2,µg/m³,,raw,01:00:00,2016-11-13T08:00:00Z,2016-11-13T13:30:00+05:30,2016-11-13T09:00:00Z,2016-11-13T14:30:00+05:30,1,01:00:00,1,00:15:00,100.0,0.0,2016-11-13T08:45:00Z,2016-11-13T14:15:00+05:30,2016-11-13T09:00:00Z,2016-11-13T14:30:00+05:30
100.5,,,False,5,no2,µg/m³,,raw,01:00:00,2016-11-13T08:15:00Z,2016-11-13T13:45:00+05:30,2016-11-13T09:15:00Z,2016-11-13T14:45:00+05:30,1,01:00:00,1,00:15:00,100.0,0.0,2016-11-13T09:00:00Z,2016-11-13T14:30:00+05:30,2016-11-13T09:15:00Z,2016-11-13T14:45:00+05:30
93.9,,,False,5,no2,µg/m³,,raw,01:00:00,2016-11-13T08:30:00Z,2016-11-13T14:00:00+05:30,2016-11-13T09:30:00Z,2016-11-13T15:00:00+05:30,1,01:00:00,1,00:15:00,100.0,0.0,2016-11-13T09:15:00Z,2016-11-13T14:45:00+05:30,2016-11-13T09:30:00Z,2016-11-13T15:00:00+05:30
98.7,,,False,5,no2,µg/m³,,raw,01:00:00,2016-11-13T08:45:00Z,2016-11-13T14:15:00+05:30,2016-11-13T09:45:00Z,2016-11-13T15:15:00+05:30,1,01:00:00,1,00:15:00,100.0,0.0,2016-11-13T09:30:00Z,2016-11-13T15:00:00+05:30,2016-11-13T09:45:00Z,2016-11-13T15:15:00+05:30
118.7,,,False,5,no2,µg/m³,,raw,01:00:00,2016-11-13T09:00:00Z,2016-11-13T14:30:00+05:30,2016-11-13T10:00:00Z,2016-11-13T15:30:00+05:30,1,01:00:00,1,00:15:00,100.0,0.0,2016-11-13T09:45:00Z,2016-11-13T15:15:00+05:30,2016-11-13T10:00:00Z,2016-11-13T15:30:00+05:30
134.2,,,False,5,no2,µg/m³,,raw,01:00:00,2016-11-13T09:15:00Z,2016-11-13T14:45:00+05:30,2016-11-13T10:15:00Z,2016-11-13T15:45:00+05:30,1,01:00:00,1,00:15:00,100.0,0.0,2016-11-13T10:00:00Z,2016-11-13T15:30:00+05:30,2016-11-13T10:15:00Z,2016-11-13T15:45:00+05:30
155.5,,,False,5,no2,µg/m³,,raw,01:00:00,2016-11-13T09:30:00Z,2016-11-13T15:00:00+05:30,2016-11-13T10:30:00Z,2016-11-13T16:00:00+05:30,1,01:00:00,1,00:15:00,100.0,0.0,2016-11-13T10:15:00Z,2016-11-13T15:45:00+05:30,2016-11-13T10:30:00Z,2016-11-13T16:00:00+05:30
158.3,,,False,5,no2,µg/m³,,raw,01:00:00,2016-11-13T09:45:00Z,2016-11-13T15:15:00+05:30,2016-11-13T10:45:00Z,2016-11-13T16:15:00+05:30,1,01:00:00,1,00:15:00,100.0,0.0,2016-11-13T10:30:00Z,2016-11-13T16:00:00+05:30,2016-11-13T10:45:00Z,2016-11-13T16:15:00+05:30
156.5,,,False,5,no2,µg/m³,,raw,01:00:00,2016-11-13T10:00:00Z,2016-11-13T15:30:00+05:30,2016-11-13T11:00:00Z,2016-11-13T16:30:00+05:30,1,01:00:00,1,00:15:00,100.0,0.0,2016-11-13T10:45:00Z,2016-11-13T16:15:00+05:30,2016-11-13T11:00:00Z,2016-11-13T16:30:00+05:30
153.0,,,False,5,no2,µg/m³,,raw,01:00:00,2016-11-13T10:15:00Z,2016-11-13T15:45:00+05:30,2016-11-13T11:15:00Z,2016-11-13T16:45:00+05:30,1,01:00:00,1,00:15:00,100.0,0.0,2016-11-13T11:00:00Z,2016-11-13T16:30:00+05:30,2016-11-13T11:15:00Z,2016-11-13T16:45:00+05:30
152.5,,,False,5,no2,µg/m³,,raw,01:00:00,2016-11-13T10:45:00Z,2016-11-13T16:15:00+05:30,2016-11-13T11:45:00Z,2016-11-13T17:15:00+05:30,1,01:00:00,1,00:15:00,100.0,0.0,2016-11-13T11:30:00Z,2016-11-13T17:00:00+05:30,2016-11-13T11:45:00Z,2016-11-13T17:15:00+05:30
150.4,,,False,5,no2,µg/m³,,raw,01:00:00,2016-11-13T11:00:00Z,2016-11-13T16:30:00+05:30,2016-11-13T12:00:00Z,2016-11-13T17:30:00+05:30,1,01:00:00,1,00:15:00,100.0,0.0,2016-11-13T11:45:00Z,2016-11-13T17:15:00+05:30,2016-11-13T12:00:00Z,2016-11-13T17:30:00+05:30
151.9,,,False,5,no2,µg/m³,,raw,01:00:00,2016-11-13T11:15:00Z,2016-11-13T16:45:00+05:30,2016-11-13T12:15:00Z,2016-11-13T17:45:00+05:30,1,01:00:00,1,00:15:00,100.0,0.0,2016-11-13T12:00:00Z,2016-11-13T17:30:00+05:30,2016-11-13T12:15:00Z,2016-11-13T17:45:00+05:30
180.9,,,False,5,no2,µg/m³,,raw,01:00:00,2016-11-13T11:30:00Z,2016-11-13T17:00:00+05:30,2016-11-13T12:30:00Z,2016-11-13T18:00:00+05:30,1,01:00:00,1,00:15:00,100.0,0.0,2016-11-13T12:15:00Z,2016-11-13T17:45:00+05:30,2016-11-13T12:30:00Z,2016-11-13T18:00:00+05:30
189.1,,,False,5,no2,µg/m³,,raw,01:00:00,2016-11-13T11:45:00Z,2016-11-13T17:15:00+05:30,2016-11-13T12:45:00Z,2016-11-13T18:15:00+05:30,1,01:00:00,1,00:15:00,100.0,0.0,2016-11-13T12:30:00Z,2016-11-13T18:00:00+05:30,2016-11-13T12:45:00Z,2016-11-13T18:15:00+05:30
179.1,,,False,5,no2,µg/m³,,raw,01:00:00,2016-11-13T12:00:00Z,2016-11-13T17:30:00+05:30,2016-11-13T13:00:00Z,2016-11-13T18:30:00+05:30,1,01:00:00,1,00:15:00,100.0,0.0,2016-11-13T12:45:00Z,2016-11-13T18:15:00+05:30,2016-11-13T13:00:00Z,2016-11-13T18:30:00+05:30
189.8,,,False,5,no2,µg/m³,,raw,01:00:00,2016-11-13T12:15:00Z,2016-11-13T17:45:00+05:30,2016-11-13T13:15:00Z,2016-11-13T18:45:00+05:30,1,01:00:00,1,00:15:00,100.0,0.0,2016-11-13T13:00:00Z,2016-11-13T18:30:00+05:30,2016-11-13T13:15:00Z,2016-11-13T18:45:00+05:30
283.7,,,False,5,no2,µg/m³,,raw,01:00:00,2016-11-13T12:30:00Z,2016-11-13T18:00:00+05:30,2016-11-13T13:30:00Z,2016-11-13T19:00:00+05:30,1,01:00:00,1,00:15:00,100.0,0.0,2016-11-13T13:15:00Z,2016-11-13T18:45:00+05:30,2016-11-13T13:30:00Z,2016-11-13T19:00:00+05:30
370.4,,,False,5,no2,µg/m³,,raw,01:00:00,2016-11-13T12:45:00Z,2016-11-13T18:15:00+05:30,2016-11-13T13:45:00Z,2016-11-13T19:15:00+05:30,1,01:00:00,1,00:15:00,100.0,0.0,2016-11-13T13:30:00Z,2016-11-13T19:00:00+05:30,2016-11-13T13:45:00Z,2016-11-13T19:15:00+05:30
324.0,,,False,5,no2,µg/m³,,raw,01:00:00,2016-11-13T13:00:00Z,2016-11-13T18:30:00+05:30,2016-11-13T14:00:00Z,2016-11-13T19:30:00+05:30,1,01:00:00,1,00:15:00,100.0,0.0,2016-11-13T13:45:00Z,2016-11-13T19:15:00+05:30,2016-11-13T14:00:00Z,2016-11-13T19:30:00+05:30
349.8,,,False,5,no2,µg/m³,,raw,01:00:00,2016-11-13T13:30:00Z,2016-11-13T19:00:00+05:30,2016-11-13T14:30:00Z,2016-11-13T20:00:00+05:30,1,01:00:00,1,00:15:00,100.0,0.0,2016-11-13T14:15:00Z,2016-11-13T19:45:00+05:30,2016-11-13T14:30:00Z,2016-11-13T20:00:00+05:30
387.7,,,False,5,no2,µg/m³,,raw,01:00:00,2016-11-13T14:15:00Z,2016-11-13T19:45:00+05:30,2016-11-13T15:15:00Z,2016-11-13T20:45:00+05:30,1,01:00:00,1,00:15:00,100.0,0.0,2016-11-13T15:00:00Z,2016-11-13T20:30:00+05:30,2016-11-13T15:15:00Z,2016-11-13T20:45:00+05:30
362.2,,,False,5,no2,µg/m³,,raw,01:00:00,2016-11-13T15:30:00Z,2016-11-13T21:00:00+05:30,2016-11-13T16:30:00Z,2016-11-13T22:00:00+05:30,1,01:00:00,1,00:15:00,100.0,0.0,2016-11-13T16:15:00Z,2016-11-13T21:45:00+05:30,2016-11-13T16:30:00Z,2016-11-13T22:00:00+05:30
352.0,,,False,5,no2,µg/m³,,raw,01:00:00,2016-11-13T15:45:00Z,2016-11-13T21:15:00+05:30,2016-11-13T16:45:00Z,2016-11-13T22:15:00+05:30,1,01:00:00,1,00:15:00,100.0,0.0,2016-11-13T16:30:00Z,2016-11-13T22:00:00+05:30,2016-11-13T16:45:00Z,2016-11-13T22:15:00+05:30
330.8,,,False,5,no2,µg/m³,,raw,01:00:00,2016-11-13T16:00:00Z,2016-11-13T21:30:00+05:30,2016-11-13T17:00:00Z,2016-11-13T22:30:00+05:30,1,01:00:00,1,00:15:00,100.0,0.0,2016-11-13T16:45:00Z,2016-11-13T22:15:00+05:30,2016-11-13T17:00:00Z,2016-11-13T22:30:00+05:30
347.2,,,False,5,no2,µg/m³,,raw,01:00:00,2016-11-13T16:15:00Z,2016-11-13T21:45:00+05:30,2016-11-13T17:15:00Z,2016-11-13T22:45:00+05:30,1,01:00:00,1,00:15:00,100.0,0.0,2016-11-13T17:00:00Z,2016-11-13T22:30:00+05:30,2016-11-13T17:15:00Z,2016-11-13T22:45:00+05:30
346.1,,,False,5,no2,µg/m³,,raw,01:00:00,2016-11-13T16:30:00Z,2016-11-13T22:00:00+05:30,2016-11-13T17:30:00Z,2016-11-13T23:00:00+05:30,1,01:00:00,1,00:15:00,100.0,0.0,2016-11-13T17:15:00Z,2016-11-13T22:45:00+05:30,2016-11-13T17:30:00Z,2016-11-13T23:00:00+05:30
358.8,,,False,5,no2,µg/m³,,raw,01:00:00,2016-11-13T16:45:00Z,2016-11-13T22:15:00+05:30,2016-11-13T17:45:00Z,2016-11-13T23:15:00+05:30,1,01:00:00,1,00:15:00,100.0,0.0,2016-11-13T17:30:00Z,2016-11-13T23:00:00+05:30,2016-11-13T17:45:00Z,2016-11-13T23:15:00+05:30
324.5,,,False,5,no2,µg/m³,,raw,01:00:00,2016-11-13T17:00:00Z,2016-11-13T22:30:00+05:30,2016-11-13T18:00:00Z,2016-11-13T23:30:00+05:30,1,01:00:00,1,00:15:00,100.0,0.0,2016-11-13T17:45:00Z,2016-11-13T23:15:00+05:30,2016-11-13T18:00:00Z,2016-11-13T23:30:00+05:30
343.3,,,False,5,no2,µg/m³,,raw,01:00:00,2016-11-13T17:15:00Z,2016-11-13T22:45:00+05:30,2016-11-13T18:15:00Z,2016-11-13T23:45:00+05:30,1,01:00:00,1,00:15:00,100.0,0.0,2016-11-13T18:00:00Z,2016-11-13T23:30:00+05:30,2016-11-13T18:15:00Z,2016-11-13T23:45:00+05:30
241.6,,,False,5,no2,µg/m³,,raw,01:00:00,2016-11-13T17:30:00Z,2016-11-13T23:00:00+05:30,2016-11-13T18:30:00Z,2016-11-14T00:00:00+05:30,1,01:00:00,1,00:15:00,100.0,0.0,2016-11-13T18:15:00Z,2016-11-13T23:45:00+05:30,2016-11-13T18:30:00Z,2016-11-14T00:00:00+05:30
297.2,,,False,5,no2,µg/m³,,raw,01:00:00,2016-11-13T17:45:00Z,2016-11-13T23:15:00+05:30,2016-11-13T18:45:00Z,2016-11-14T00:15:00+05:30,1,01:00:00,1,00:15:00,100.0,0.0,2016-11-13T18:30:00Z,2016-11-14T00:00:00+05:30,2016-11-13T18:45:00Z,2016-11-14T00:15:00+05:30
369.7,,,False,5,no2,µg/m³,,raw,01:00:00,2016-11-13T18:30:00Z,2016-11-14T00:00:00+05:30,2016-11-13T19:30:00Z,2016-11-14T01:00:00+05:30,1,01:00:00,1,00:15:00,100.0,0.0,2016-11-13T19:15:00Z,2016-11-14T00:45:00+05:30,2016-11-13T19:30:00Z,2016-11-14T01:00:00+05:30
361.0,,,False,5,no2,µg/m³,,raw,01:00:00,2016-11-13T18:45:00Z,2016-11-14T00:15:00+05:30,2016-11-13T19:45:00Z,2016-11-14T01:15:00+05:30,1,01:00:00,1,00:15:00,100.0,0.0,2016-11-13T19:30:00Z,2016-11-14T01:00:00+05:30,2016-11-13T19:45:00Z,2016-11-14T01:15:00+05:30
347.3,,,False,5,no2,µg/m³,,raw,01:00:00,2016-11-13T19:00:00Z,2016-11-14T00:30:00+05:30,2016-11-13T20:00:00Z,2016-11-14T01:30:00+05:30,1,01:00:00,1,00:15:00,100.0,0.0,2016-11-13T19:45:00Z,2016-11-14T01:15:00+05:30,2016-11-13T20:00:00Z,2016-11-14T01:30:00+05:30
330.4,,,False,5,no2,µg/m³,,raw,01:00:00,2016-11-13T19:15:00Z,2016-11-14T00:45:00+05:30,2016-11-13T20:15:00Z,2016-11-14T01:45:00+05:30,1,01:00:00,1,00:15:00,100.0,0.0,2016-11-13T20:00:00Z,2016-11-14T01:30:00+05:30,2016-11-13T20:15:00Z,2016-11-14T01:45:00+05:30
332.6,,,False,5,no2,µg/m³,,raw,01:00:00,2016-11-13T19:45:00Z,2016-11-14T01:15:00+05:30,2016-11-13T20:45:00Z,2016-11-14T02:15:00+05:30,1,01:00:00,1,00:15:00,100.0,0.0,2016-11-13T20:30:00Z,2016-11-14T02:00:00+05:30,2016-11-13T20:45:00Z,2016-11-14T02:15:00+05:30
300.2,,,False,5,no2,µg/m³,,raw,01:00:00,2016-11-13T20:00:00Z,2016-11-14T01:30:00+05:30,2016-11-13T21:00:00Z,2016-11-14T02:30:00+05:30,1,01:00:00,1,00:15:00,100.0,0.0,2016-11-13T20:45:00Z,2016-11-14T02:15:00+05:30,2016-11-13T21:00:00Z,2016-11-14T02:30:00+05:30
288.0,,,False,5,no2,µg/m³,,raw,01:00:00,2016-11-13T20:15:00Z,2016-11-14T01:45:00+05:30,2016-11-13T21:15:00Z,2016-11-14T02:45:00+05:30,1,01:00:00,1,00:15:00,100.0,0.0,2016-11-13T21:00:00Z,2016-11-14T02:30:00+05:30,2016-11-13T21:15:00Z,2016-11-14T02:45:00+05:30
291.0,,,False,5,no2,µg/m³,,raw,01:00:00,2016-11-13T20:30:00Z,2016-11-14T02:00:00+05:30,2016-11-13T21:30:00Z,2016-11-14T03:00:00+05:30,1,01:00:00,1,00:15:00,100.0,0.0,2016-11-13T21:15:00Z,2016-11-14T02:45:00+05:30,2016-11-13T21:30:00Z,2016-11-14T03:00:00+05:30
261.2,,,False,5,no2,µg/m³,,raw,01:00:00,2016-11-13T20:45:00Z,2016-11-14T02:15:00+05:30,2016-11-13T21:45:00Z,2016-11-14T03:15:00+05:30,1,01:00:00,1,00:15:00,100.0,0.0,2016-11-13T21:30:00Z,2016-11-14T03:00:00+05:30,2016-11-13T21:45:00Z,2016-11-14T03:15:00+05:30
272.0,,,False,5,no2,µg/m³,,raw,01:00:00,2016-11-13T21:00:00Z,2016-11-14T02:30:00+05:30,2016-11-13T22:00:00Z,2016-11-14T03:30:00+05:30,1,01:00:00,1,00:15:00,100.0,0.0,2016-11-13T21:45:00Z,2016-11-14T03:15:00+05:30,2016-11-13T22:00:00Z,2016-11-14T03:30:00+05:30
245.6,,,False,5,no2,µg/m³,,raw,01:00:00,2016-11-13T21:15:00Z,2016-11-14T02:45:00+05:30,2016-11-13T22:15:00Z,2016-11-14T03:45:00+05:30,1,01:00:00,1,00:15:00,100.0,0.0,2016-11-13T22:00:00Z,2016-11-14T03:30:00+05:30,2016-11-13T22:15:00Z,2016-11-14T03:45:00+05:30
239.3,,,False,5,no2,µg/m³,,raw,01:00:00,2016-11-13T21:30:00Z,2016-11-14T03:00:00+05:30,2016-11-13T22:30:00Z,2016-11-14T04:00:00+05:30,1,01:00:00,1,00:15:00,100.0,0.0,2016-11-13T22:15:00Z,2016-11-14T03:45:00+05:30,2016-11-13T22:30:00Z,2016-11-14T04:00:00+05:30
239.6,,,False,5,no2,µg/m³,,raw,01:00:00,2016-11-13T21:45:00Z,2016-11-14T03:15:00+05:30,2016-11-13T22:45:00Z,2016-11-14T04:15:00+05:30,1,01:00:00,1,00:15:00,100.0,0.0,2016-11-13T22:30:00Z,2016-11-14T04:00:00+05:30,2016-11-13T22:45:00Z,2016-11-14T04:15:00+05:30
237.8,,,False,5,no2,µg/m³,,raw,01:00:00,2016-11-13T22:00:00Z,2016-11-14T03:30:00+05:30,2016-11-13T23:00:00Z,2016-11-14T04:30:00+05:30,1,01:00:00,1,00:15:00,100.0,0.0,2016-11-13T22:45:00Z,2016-11-14T04:15:00+05:30,2016-11-13T23:00:00Z,2016-11-14T04:30:00+05:30
229.1,,,False,5,no2,µg/m³,,raw,01:00:00,2016-11-13T22:15:00Z,2016-11-14T03:45:00+05:30,2016-11-13T23:15:00Z,2016-11-14T04:45:00+05:30,1,01:00:00,1,00:15:00,100.0,0.0,2016-11-13T23:00:00Z,2016-11-14T04:30:00+05:30,2016-11-13T23:15:00Z,2016-11-14T04:45:00+05:30
205.6,,,False,5,no2,µg/m³,,raw,01:00:00,2016-11-13T22:30:00Z,2016-11-14T04:00:00+05:30,2016-11-13T23:30:00Z,2016-11-14T05:00:00+05:30,1,01:00:00,1,00:15:00,100.0,0.0,2016-11-13T23:15:00Z,2016-11-14T04:45:00+05:30,2016-11-13T23:30:00Z,2016-11-14T05:00:00+05:30
215.7,,,False,5,no2,µg/m³,,raw,01:00:00,2016-11-13T22:45:00Z,2016-11-14T04:15:00+05:30,2016-11-13T23:45:00Z,2016-11-14T05:15:00+05:30,1,01:00:00,1,00:15:00,100.0,0.0,2016-11-13T23:30:00Z,2016-11-14T05:00:00+05:30,2016-11-13T23:45:00Z,2016-11-14T05:15:00+05:30
215.4,,,False,5,no2,µg/m³,,raw,01:00:00,2016-11-13T23:00:00Z,2016-11-14T04:30:00+05:30,2016-11-14T00:00:00Z,2016-11-14T05:30:00+05:30,1,01:00:00,1,00:15:00,100.0,0.0,2016-11-13T23:45:00Z,2016-11-14T05:15:00+05:30,2016-11-14T00:00:00Z,2016-11-14T05:30:00+05:30
223.8,,,False,5,no2,µg/m³,,raw,01:00:00,2016-11-13T23:15:00Z,2016-11-14T04:45:00+05:30,2016-11-14T00:15:00Z,2016-11-14T05:45:00+05:30,1,01:00:00,1,00:15:00,100.0,0.0,2016-11-14T00:00:00Z,2016-11-14T05:30:00+05:30,2016-11-14T00:15:00Z,2016-11-14T05:45:00+05:30
226.9,,,False,5,no2,µg/m³,,raw,01:00:00,2016-11-13T23:30:00Z,2016-11-14T05:00:00+05:30,2016-11-14T00:30:00Z,2016-11-14T06:00:00+05:30,1,01:00:00,1,00:15:00,100.0,0.0,2016-11-14T00:15:00Z,2016-11-14T05:45:00+05:30,2016-11-14T00:30:00Z,2016-11-14T06:00:00+05:30
246.2,,,False,5,no2,µg/m³,,raw,01:00:00,2016-11-13T23:45:00Z,2016-11-14T05:15:00+05:30,2016-11-14T00:45:00Z,2016-11-14T06:15:00+05:30,1,01:00:00,1,00:15:00,100.0,0.0,2016-11-14T00:30:00Z,2016-11-14T06:00:00+05:30,2016-11-14T00:45:00Z,2016-11-14T06:15:00+05:30
252.5,,,False,5,no2,µg/m³,,raw,01:00:00,2016-11-14T00:00:00Z,2016-11-14T05:30:00+05:30,2016-11-14T01:00:00Z,2016-11-14T06:30:00+05:30,1,01:00:00,1,00:15:00,100.0,0.0,2016-11-14T00:45:00Z,2016-11-14T06:15:00+05:30,2016-11-14T01:00:00Z,2016-11-14T06:30:00+05:30
221.7,,,False,5,no2,µg/m³,,raw,01:00:00,2016-11-14T00:15:00Z,2016-11-14T05:45:00+05:30,2016-11-14T01:15:00Z,2016-11-14T06:45:00+05:30,1,01:00:00,1,00:15:00,100.0,0.0,2016-11-14T01:00:00Z,2016-11-14T06:30:00+05:30,2016-11-14T01:15:00Z,2016-11-14T06:45:00+05:30
222.5,,,False,5,no2,µg/m³,,raw,01:00:00,2016-11-14T00:30:00Z,2016-11-14T06:00:00+05:30,2016-11-14T01:30:00Z,2016-11-14T07:00:00+05:30,1,01:00:00,1,00:15:00,100.0,0.0,2016-11-14T01:15:00Z,2016-11-14T06:45:00+05:30,2016-11-14T01:30:00Z,2016-11-14T07:00:00+05:30
243.4,,,False,5,no2,µg/m³,,raw,01:00:00,2016-11-14T00:45:00Z,2016-11-14T06:15:00+05:30,2016-11-14T01:45:00Z,2016-11-14T07:15:00+05:30,1,01:00:00,1,00:15:00,100.0,0.0,2016-11-14T01:30:00Z,2016-11-14T07:00:00+05:30,2016-11-14T01:45:00Z,2016-11-14T07:15:00+05:30
258.0,,,False,5,no2,µg/m³,,raw,01:00:00,2016-11-14T01:00:00Z,2016-11-14T06:30:00+05:30,2016-11-14T02:00:00Z,2016-11-14T07:30:00+05:30,1,01:00:00,1,00:15:00,100.0,0.0,2016-11-14T01:45:00Z,2016-11-14T07:15:00+05:30,2016-11-14T02:00:00Z,2016-11-14T07:30:00+05:30
288.9,,,False,5,no2,µg/m³,,raw,01:00:00,2016-11-14T01:15:00Z,2016-11-14T06:45:00+05:30,2016-11-14T02:15:00Z,2016-11-14T07:45:00+05:30,1,01:00:00,1,00:15:00,100.0,0.0,2016-11-14T02:00:00Z,2016-11-14T07:30:00+05:30,2016-11-14T02:15:00Z,2016-11-14T07:45:00+05:30
307.6,,,False,5,no2,µg/m³,,raw,01:00:00,2016-11-14T01:30:00Z,2016-11-14T07:00:00+05:30,2016-11-14T02:30:00Z,2016-11-14T08:00:00+05:30,1,01:00:00,1,00:15:00,100.0,0.0,2016-11-14T02:15:00Z,2016-11-14T07:45:00+05:30,2016-11-14T02:30:00Z,2016-11-14T08:00:00+05:30
286.1,,,False,5,no2,µg/m³,,raw,01:00:00,2016-11-14T01:45:00Z,2016-11-14T07:15:00+05:30,2016-11-14T02:45:00Z,2016-11-14T08:15:00+05:30,1,01:00:00,1,00:15:00,100.0,0.0,2016-11-14T02:30:00Z,2016-11-14T08:00:00+05:30,2016-11-14T02:45:00Z,2016-11-14T08:15:00+05:30
376.5,,,False,5,no2,µg/m³,,raw,01:00:00,2016-11-14T02:00:00Z,2016-11-14T07:30:00+05:30,2016-11-14T03:00:00Z,2016-11-14T08:30:00+05:30,1,01:00:00,1,00:15:00,100.0,0.0,2016-11-14T02:45:00Z,2016-11-14T08:15:00+05:30,2016-11-14T03:00:00Z,2016-11-14T08:30:00+05:30
537.0,,,False,5,no2,µg/m³,,raw,01:00:00,2016-11-14T02:15:00Z,2016-11-14T07:45:00+05:30,2016-11-14T03:15:00Z,2016-11-14T08:45:00+05:30,1,01:00:00,1,00:15:00,100.0,0.0,2016-11-14T03:00:00Z,2016-11-14T08:30:00+05:30,2016-11-14T03:15:00Z,2016-11-14T08:45:00+05:30
533.9,,,False,5,no2,µg/m³,,raw,01:00:00,2016-11-14T02:30:00Z,2016-11-14T08:00:00+05:30,2016-11-14T03:30:00Z,2016-11-14T09:00:00+05:30,1,01:00:00,1,00:15:00,100.0,0.0,2016-11-14T03:15:00Z,2016-11-14T08:45:00+05:30,2016-11-14T03:30:00Z,2016-11-14T09:00:00+05:30
541.4,,,False,5,no2,µg/m³,,raw,01:00:00,2016-11-14T02:45:00Z,2016-11-14T08:15:00+05:30,2016-11-14T03:45:00Z,2016-11-14T09:15:00+05:30,1,01:00:00,1,00:15:00,100.0,0.0,2016-11-14T03:30:00Z,2016-11-14T09:00:00+05:30,2016-11-14T03:45:00Z,2016-11-14T09:15:00+05:30
500.7,,,False,5,no2,µg/m³,,raw,01:00:00,2016-11-14T03:00:00Z,2016-11-14T08:30:00+05:30,2016-11-14T04:00:00Z,2016-11-14T09:30:00+05:30,1,01:00:00,1,00:15:00,100.0,0.0,2016-11-14T03:45:00Z,2016-11-14T09:15:00+05:30,2016-11-14T04:00:00Z,2016-11-14T09:30:00+05:30
489.0,,,False,5,no2,µg/m³,,raw,01:00:00,2016-11-14T03:15:00Z,2016-11-14T08:45:00+05:30,2016-11-14T04:15:00Z,2016-11-14T09:45:00+05:30,1,01:00:00,1,00:15:00,100.0,0.0,2016-11-14T04:00:00Z,2016-11-14T09:30:00+05:30,2016-11-14T04:15:00Z,2016-11-14T09:45:00+05:30
449.8,,,False,5,no2,µg/m³,,raw,01:00:00,2016-11-14T03:30:00Z,2016-11-14T09:00:00+05:30,2016-11-14T04:30:00Z,2016-11-14T10:00:00+05:30,1,01:00:00,1,00:15:00,100.0,0.0,2016-11-14T04:15:00Z,2016-11-14T09:45:00+05:30,2016-11-14T04:30:00Z,2016-11-14T10:00:00+05:30
434.7,,,False,5,no2,µg/m³,,raw,01:00:00,2016-11-14T03:45:00Z,2016-11-14T09:15:00+05:30,2016-11-14T04:45:00Z,2016-11-14T10:15:00+05:30,1,01:00:00,1,00:15:00,100.0,0.0,2016-11-14T04:30:00Z,2016-11-14T10:00:00+05:30,2016-11-14T04:45:00Z,2016-11-14T10:15:00+05:30
420.3,,,False,5,no2,µg/m³,,raw,01:00:00,2016-11-14T04:00:00Z,2016-11-14T09:30:00+05:30,2016-11-14T05:00:00Z,2016-11-14T10:30:00+05:30,1,01:00:00,1,00:15:00,100.0,0.0,2016-11-14T04:45:00Z,2016-11-14T10:15:00+05:30,2016-11-14T05:00:00Z,2016-11-14T10:30:00+05:30
409.7,,,False,5,no2,µg/m³,,raw,01:00:00,2016-11-14T04:15:00Z,2016-11-14T09:45:00+05:30,2016-11-14T05:15:00Z,2016-11-14T10:45:00+05:30,1,01:00:00,1,00:15:00,100.0,0.0,2016-11-14T05:00:00Z,2016-11-14T10:30:00+05:30,2016-11-14T05:15:00Z,2016-11-14T10:45:00+05:30
425.7,,,False,5,no2,µg/m³,,raw,01:00:00,2016-11-14T04:30:00Z,2016-11-14T10:00:00+05:30,2016-11-14T05:30:00Z,2016-11-14T11:00:00+05:30,1,01:00:00,1,00:15:00,100.0,0.0,2016-11-14T05:15:00Z,2016-11-14T10:45:00+05:30,2016-11-14T05:30:00Z,2016-11-14T11:00:00+05:30
307.0,,,False,5,no2,µg/m³,,raw,01:00:00,2016-11-14T05:30:00Z,2016-11-14T11:00:00+05:30,2016-11-14T06:30:00Z,2016-11-14T12:00:00+05:30,1,01:00:00,1,00:15:00,100.0,0.0,2016-11-14T06:15:00Z,2016-11-14T11:45:00+05:30,2016-11-14T06:30:00Z,2016-11-14T12:00:00+05:30
278.7,,,False,5,no2,µg/m³,,raw,01:00:00,2016-11-14T05:45:00Z,2016-11-14T11:15:00+05:30,2016-11-14T06:45:00Z,2016-11-14T12:15:00+05:30,1,01:00:00,1,00:15:00,100.0,0.0,2016-11-14T06:30:00Z,2016-11-14T12:00:00+05:30,2016-11-14T06:45:00Z,2016-11-14T12:15:00+05:30
249.5,,,False,5,no2,µg/m³,,raw,01:00:00,2016-11-14T06:00:00Z,2016-11-14T11:30:00+05:30,2016-11-14T07:00:00Z,2016-11-14T12:30:00+05:30,1,01:00:00,1,00:15:00,100.0,0.0,2016-11-14T06:45:00Z,2016-11-14T12:15:00+05:30,2016-11-14T07:00:00Z,2016-11-14T12:30:00+05:30
251.1,,,False,5,no2,µg/m³,,raw,01:00:00,2016-11-14T06:15:00Z,2016-11-14T11:45:00+05:30,2016-11-14T07:15:00Z,2016-11-14T12:45:00+05:30,1,01:00:00,1,00:15:00,100.0,0.0,2016-11-14T07:00:00Z,2016-11-14T12:30:00+05:30,2016-11-14T07:15:00Z,2016-11-14T12:45:00+05:30
238.8,,,False,5,no2,µg/m³,,raw,01:00:00,2016-11-14T06:30:00Z,2016-11-14T12:00:00+05:30,2016-11-14T07:30:00Z,2016-11-14T13:00:00+05:30,1,01:00:00,1,00:15:00,100.0,0.0,2016-11-14T07:15:00Z,2016-11-14T12:45:00+05:30,2016-11-14T07:30:00Z,2016-11-14T13:00:00+05:30
161.0,,,False,5,no2,µg/m³,,raw,01:00:00,2016-11-14T06:45:00Z,2016-11-14T12:15:00+05:30,2016-11-14T07:45:00Z,2016-11-14T13:15:00+05:30,1,01:00:00,1,00:15:00,100.0,0.0,2016-11-14T07:30:00Z,2016-11-14T13:00:00+05:30,2016-11-14T07:45:00Z,2016-11-14T13:15:00+05:30
126.8,,,False,5,no2,µg/m³,,raw,01:00:00,2016-11-14T07:00:00Z,2016-11-14T12:30:00+05:30,2016-11-14T08:00:00Z,2016-11-14T13:30:00+05:30,1,01:00:00,1,00:15:00,100.0,0.0,2016-11-14T07:45:00Z,2016-11-14T13:15:00+05:30,2016-11-14T08:00:00Z,2016-11-14T13:30:00+05:30
114.0,,,False,5,no2,µg/m³,,raw,01:00:00,2016-11-14T07:15:00Z,2016-11-14T12:45:00+05:30,2016-11-14T08:15:00Z,2016-11-14T13:45:00+05:30,1,01:00:00,1,00:15:00,100.0,0.0,2016-11-14T08:00:00Z,2016-11-14T13:30:00+05:30,2016-11-14T08:15:00Z,2016-11-14T13:45:00+05:30
114.0,,,False,5,no2,µg/m³,,raw,01:00:00,2016-11-14T07:30:00Z,2016-11-14T13:00:00+05:30,2016-11-14T08:30:00Z,2016-11-14T14:00:00+05:30,1,01:00:00,1,00:15:00,100.0,0.0,2016-11-14T08:15:00Z,2016-11-14T13:45:00+05:30,2016-11-14T08:30:00Z,2016-11-14T14:00:00+05:30
94.5,,,False,5,no2,µg/m³,,raw,01:00:00,2016-11-14T07:45:00Z,2016-11-14T13:15:00+05:30,2016-11-14T08:45:00Z,2016-11-14T14:15:00+05:30,1,01:00:00,1,00:15:00,100.0,0.0,2016-11-14T08:30:00Z,2016-11-14T14:00:00+05:30,2016-11-14T08:45:00Z,2016-11-14T14:15:00+05:30
91.0,,,False,5,no2,µg/m³,,raw,01:00:00,2016-11-14T08:00:00Z,2016-11-14T13:30:00+05:30,2016-11-14T09:00:00Z,2016-11-14T14:30:00+05:30,1,01:00:00,1,00:15:00,100.0,0.0,2016-11-14T08:45:00Z,2016-11-14T14:15:00+05:30,2016-11-14T09:00:00Z,2016-11-14T14:30:00+05:30
74.7,,,False,5,no2,µg/m³,,raw,01:00:00,2016-11-14T08:15:00Z,2016-11-14T13:45:00+05:30,2016-11-14T09:15:00Z,2016-11-14T14:45:00+05:30,1,01:00:00,1,00:15:00,100.0,0.0,2016-11-14T09:00:00Z,2016-11-14T14:30:00+05:30,2016-11-14T09:15:00Z,2016-11-14T14:45:00+05:30
77.7,,,False,5,no2,µg/m³,,raw,01:00:00,2016-11-14T08:30:00Z,2016-11-14T14:00:00+05:30,2016-11-14T09:30:00Z,2016-11-14T15:00:00+05:30,1,01:00:00,1,00:15:00,100.0,0.0,2016-11-14T09:15:00Z,2016-11-14T14:45:00+05:30,2016-11-14T09:30:00Z,2016-11-14T15:00:00+05:30
72.2,,,False,5,no2,µg/m³,,raw,01:00:00,2016-11-14T08:45:00Z,2016-11-14T14:15:00+05:30,2016-11-14T09:45:00Z,2016-11-14T15:15:00+05:30,1,01:00:00,1,00:15:00,100.0,0.0,2016-11-14T09:30:00Z,2016-11-14T15:00:00+05:30,2016-11-14T09:45:00Z,2016-11-14T15:15:00+05:30
68.2,,,False,5,no2,µg/m³,,raw,01:00:00,2016-11-14T09:00:00Z,2016-11-14T14:30:00+05:30,2016-11-14T10:00:00Z,2016-11-14T15:30:00+05:30,1,01:00:00,1,00:15:00,100.0,0.0,2016-11-14T09:45:00Z,2016-11-14T15:15:00+05:30,2016-11-14T10:00:00Z,2016-11-14T15:30:00+05:30
68.6,,,False,5,no2,µg/m³,,raw,01:00:00,2016-11-14T09:15:00Z,2016-11-14T14:45:00+05:30,2016-11-14T10:15:00Z,2016-11-14T15:45:00+05:30,1,01:00:00,1,00:15:00,100.0,0.0,2016-11-14T10:00:00Z,2016-11-14T15:30:00+05:30,2016-11-14T10:15:00Z,2016-11-14T15:45:00+05:30
76.6,,,False,5,no2,µg/m³,,raw,01:00:00,2016-11-14T09:30:00Z,2016-11-14T15:00:00+05:30,2016-11-14T10:30:00Z,2016-11-14T16:00:00+05:30,1,01:00:00,1,00:15:00,100.0,0.0,2016-11-14T10:15:00Z,2016-11-14T15:45:00+05:30,2016-11-14T10:30:00Z,2016-11-14T16:00:00+05:30
71.3,,,False,5,no2,µg/m³,,raw,01:00:00,2016-11-14T09:45:00Z,2016-11-14T15:15:00+05:30,2016-11-14T10:45:00Z,2016-11-14T16:15:00+05:30,1,01:00:00,1,00:15:00,100.0,0.0,2016-11-14T10:30:00Z,2016-11-14T16:00:00+05:30,2016-11-14T10:45:00Z,2016-11-14T16:15:00+05:30
107.3,,,False,5,no2,µg/m³,,raw,01:00:00,2016-11-14T10:00:00Z,2016-11-14T15:30:00+05:30,2016-11-14T11:00:00Z,2016-11-14T16:30:00+05:30,1,01:00:00,1,00:15:00,100.0,0.0,2016-11-14T10:45:00Z,2016-11-14T16:15:00+05:30,2016-11-14T11:00:00Z,2016-11-14T16:30:00+05:30
92.1,,,False,5,no2,µg/m³,,raw,01:00:00,2016-11-14T10:15:00Z,2016-11-14T15:45:00+05:30,2016-11-14T11:15:00Z,2016-11-14T16:45:00+05:30,1,01:00:00,1,00:15:00,100.0,0.0,2016-11-14T11:00:00Z,2016-11-14T16:30:00+05:30,2016-11-14T11:15:00Z,2016-11-14T16:45:00+05:30
120.1,,,False,5,no2,µg/m³,,raw,01:00:00,2016-11-14T10:30:00Z,2016-11-14T16:00:00+05:30,2016-11-14T11:30:00Z,2016-11-14T17:00:00+05:30,1,01:00:00,1,00:15:00,100.0,0.0,2016-11-14T11:15:00Z,2016-11-14T16:45:00+05:30,2016-11-14T11:30:00Z,2016-11-14T17:00:00+05:30
152.0,,,False,5,no2,µg/m³,,raw,01:00:00,2016-11-14T10:45:00Z,2016-11-14T16:15:00+05:30,2016-11-14T11:45:00Z,2016-11-14T17:15:00+05:30,1,01:00:00,1,00:15:00,100.0,0.0,2016-11-14T11:30:00Z,2016-11-14T17:00:00+05:30,2016-11-14T11:45:00Z,2016-11-14T17:15:00+05:30
179.7,,,False,5,no2,µg/m³,,raw,01:00:00,2016-11-14T11:00:00Z,2016-11-14T16:30:00+05:30,2016-11-14T12:00:00Z,2016-11-14T17:30:00+05:30,1,01:00:00,1,00:15:00,100.0,0.0,2016-11-14T11:45:00Z,2016-11-14T17:15:00+05:30,2016-11-14T12:00:00Z,2016-11-14T17:30:00+05:30
145.0,,,False,5,no2,µg/m³,,raw,01:00:00,2016-11-14T11:15:00Z,2016-11-14T16:45:00+05:30,2016-11-14T12:15:00Z,2016-11-14T17:45:00+05:30,1,01:00:00,1,00:15:00,100.0,0.0,2016-11-14T12:00:00Z,2016-11-14T17:30:00+05:30,2016-11-14T12:15:00Z,2016-11-14T17:45:00+05:30
153.7,,,False,5,no2,µg/m³,,raw,01:00:00,2016-11-14T11:30:00Z,2016-11-14T17:00:00+05:30,2016-11-14T12:30:00Z,2016-11-14T18:00:00+05:30,1,01:00:00,1,00:15:00,100.0,0.0,2016-11-14T12:15:00Z,2016-11-14T17:45:00+05:30,2016-11-14T12:30:00Z,2016-11-14T18:00:00+05:30
174.5,,,False,5,no2,µg/m³,,raw,01:00:00,2016-11-14T11:45:00Z,2016-11-14T17:15:00+05:30,2016-11-14T12:45:00Z,2016-11-14T18:15:00+05:30,1,01:00:00,1,00:15:00,100.0,0.0,2016-11-14T12:30:00Z,2016-11-14T18:00:00+05:30,2016-11-14T12:45:00Z,2016-11-14T18:15:00+05:30
163.0,,,False,5,no2,µg/m³,,raw,01:00:00,2016-11-14T12:00:00Z,2016-11-14T17:30:00+05:30,2016-11-14T13:00:00Z,2016-11-14T18:30:00+05:30,1,01:00:00,1,00:15:00,100.0,0.0,2016-11-14T12:45:00Z,2016-11-14T18:15:00+05:30,2016-11-14T13:00:00Z,2016-11-14T18:30:00+05:30
181.8,,,False,5,no2,µg/m³,,raw,01:00:00,2016-11-14T12:30:00Z,2016-11-14T18:00:00+05:30,2016-11-14T13:30:00Z,2016-11-14T19:00:00+05:30,1,01:00:00,1,00:15:00,100.0,0.0,2016-11-14T13:15:00Z,2016-11-14T18:45:00+05:30,2016-11-14T13:30:00Z,2016-11-14T19:00:00+05:30
191.2,,,False,5,no2,µg/m³,,raw,01:00:00,2016-11-14T12:45:00Z,2016-11-14T18:15:00+05:30,2016-11-14T13:45:00Z,2016-11-14T19:15:00+05:30,1,01:00:00,1,00:15:00,100.0,0.0,2016-11-14T13:30:00Z,2016-11-14T19:00:00+05:30,2016-11-14T13:45:00Z,2016-11-14T19:15:00+05:30
231.3,,,False,5,no2,µg/m³,,raw,01:00:00,2016-11-14T13:00:00Z,2016-11-14T18:30:00+05:30,2016-11-14T14:00:00Z,2016-11-14T19:30:00+05:30,1,01:00:00,1,00:15:00,100.0,0.0,2016-11-14T13:45:00Z,2016-11-14T19:15:00+05:30,2016-11-14T14:00:00Z,2016-11-14T19:30:00+05:30
256.7,,,False,5,no2,µg/m³,,raw,01:00:00,2016-11-14T13:15:00Z,2016-11-14T18:45:00+05:30,2016-11-14T14:15:00Z,2016-11-14T19:45:00+05:30,1,01:00:00,1,00:15:00,100.0,0.0,2016-11-14T14:00:00Z,2016-11-14T19:30:00+05:30,2016-11-14T14:15:00Z,2016-11-14T19:45:00+05:30
231.2,,,False,5,no2,µg/m³,,raw,01:00:00,2016-11-14T13:30:00Z,2016-11-14T19:00:00+05:30,2016-11-14T14:30:00Z,2016-11-14T20:00:00+05:30,1,01:00:00,1,00:15:00,100.0,0.0,2016-11-14T14:15:00Z,2016-11-14T19:45:00+05:30,2016-11-14T14:30:00Z,2016-11-14T20:00:00+05:30
229.8,,,False,5,no2,µg/m³,,raw,01:00:00,2016-11-14T13:45:00Z,2016-11-14T19:15:00+05:30,2016-11-14T14:45:00Z,2016-11-14T20:15:00+05:30,1,01:00:00,1,00:15:00,100.0,0.0,2016-11-14T14:30:00Z,2016-11-14T20:00:00+05:30,2016-11-14T14:45:00Z,2016-11-14T20:15:00+05:30
232.2,,,False,5,no2,µg/m³,,raw,01:00:00,2016-11-14T14:00:00Z,2016-11-14T19:30:00+05:30,2016-11-14T15:00:00Z,2016-11-14T20:30:00+05:30,1,01:00:00,1,00:15:00,100.0,0.0,2016-11-14T14:45:00Z,2016-11-14T20:15:00+05:30,2016-11-14T15:00:00Z,2016-11-14T20:30:00+05:30
235.9,,,False,5,no2,µg/m³,,raw,01:00:00,2016-11-14T14:15:00Z,2016-11-14T19:45:00+05:30,2016-11-14T15:15:00Z,2016-11-14T20:45:00+05:30,1,01:00:00,1,00:15:00,100.0,0.0,2016-11-14T15:00:00Z,2016-11-14T20:30:00+05:30,2016-11-14T15:15:00Z,2016-11-14T20:45:00+05:30
257.6,,,False,5,no2,µg/m³,,raw,01:00:00,2016-11-14T14:30:00Z,2016-11-14T20:00:00+05:30,2016-11-14T15:30:00Z,2016-11-14T21:00:00+05:30,1,01:00:00,1,00:15:00,100.0,0.0,2016-11-14T15:15:00Z,2016-11-14T20:45:00+05:30,2016-11-14T15:30:00Z,2016-11-14T21:00:00+05:30
265.8,,,False,5,no2,µg/m³,,raw,01:00:00,2016-11-14T14:45:00Z,2016-11-14T20:15:00+05:30,2016-11-14T15:45:00Z,2016-11-14T21:15:00+05:30,1,01:00:00,1,00:15:00,100.0,0.0,2016-11-14T15:30:00Z,2016-11-14T21:00:00+05:30,2016-11-14T15:45:00Z,2016-11-14T21:15:00+05:30
267.3,,,False,5,no2,µg/m³,,raw,01:00:00,2016-11-14T15:00:00Z,2016-11-14T20:30:00+05:30,2016-11-14T16:00:00Z,2016-11-14T21:30:00+05:30,1,01:00:00,1,00:15:00,100.0,0.0,2016-11-14T15:45:00Z,2016-11-14T21:15:00+05:30,2016-11-14T16:00:00Z,2016-11-14T21:30:00+05:30
287.2,,,False,5,no2,µg/m³,,raw,01:00:00,2016-11-14T15:15:00Z,2016-11-14T20:45:00+05:30,2016-11-14T16:15:00Z,2016-11-14T21:45:00+05:30,1,01:00:00,1,00:15:00,100.0,0.0,2016-11-14T16:00:00Z,2016-11-14T21:30:00+05:30,2016-11-14T16:15:00Z,2016-11-14T21:45:00+05:30
285.6,,,False,5,no2,µg/m³,,raw,01:00:00,2016-11-14T15:30:00Z,2016-11-14T21:00:00+05:30,2016-11-14T16:30:00Z,2016-11-14T22:00:00+05:30,1,01:00:00,1,00:15:00,100.0,0.0,2016-11-14T16:15:00Z,2016-11-14T21:45:00+05:30,2016-11-14T16:30:00Z,2016-11-14T22:00:00+05:30
284.0,,,False,5,no2,µg/m³,,raw,01:00:00,2016-11-14T15:45:00Z,2016-11-14T21:15:00+05:30,2016-11-14T16:45:00Z,2016-11-14T22:15:00+05:30,1,01:00:00,1,00:15:00,100.0,0.0,2016-11-14T16:30:00Z,2016-11-14T22:00:00+05:30,2016-11-14T16:45:00Z,2016-11-14T22:15:00+05:30
283.1,,,False,5,no2,µg/m³,,raw,01:00:00,2016-11-14T16:00:00Z,2016-11-14T21:30:00+05:30,2016-11-14T17:00:00Z,2016-11-14T22:30:00+05:30,1,01:00:00,1,00:15:00,100.0,0.0,2016-11-14T16:45:00Z,2016-11-14T22:15:00+05:30,2016-11-14T17:00:00Z,2016-11-14T22:30:00+05:30
255.2,,,False,5,no2,µg/m³,,raw,01:00:00,2016-11-14T16:15:00Z,2016-11-14T21:45:00+05:30,2016-11-14T17:15:00Z,2016-11-14T22:45:00+05:30,1,01:00:00,1,00:15:00,100.0,0.0,2016-11-14T17:00:00Z,2016-11-14T22:30:00+05:30,2016-11-14T17:15:00Z,2016-11-14T22:45:00+05:30
240.9,,,False,5,no2,µg/m³,,raw,01:00:00,2016-11-14T16:30:00Z,2016-11-14T22:00:00+05:30,2016-11-14T17:30:00Z,2016-11-14T23:00:00+05:30,1,01:00:00,1,00:15:00,100.0,0.0,2016-11-14T17:15:00Z,2016-11-14T22:45:00+05:30,2016-11-14T17:30:00Z,2016-11-14T23:00:00+05:30
232.4,,,False,5,no2,µg/m³,,raw,01:00:00,2016-11-14T16:45:00Z,2016-11-14T22:15:00+05:30,2016-11-14T17:45:00Z,2016-11-14T23:15:00+05:30,1,01:00:00,1,00:15:00,100.0,0.0,2016-11-14T17:30:00Z,2016-11-14T23:00:00+05:30,2016-11-14T17:45:00Z,2016-11-14T23:15:00+05:30
222.5,,,False,5,no2,µg/m³,,raw,01:00:00,2016-11-14T17:00:00Z,2016-11-14T22:30:00+05:30,2016-11-14T18:00:00Z,2016-11-14T23:30:00+05:30,1,01:00:00,1,00:15:00,100.0,0.0,2016-11-14T17:45:00Z,2016-11-14T23:15:00+05:30,2016-11-14T18:00:00Z,2016-11-14T23:30:00+05:30
224.3,,,False,5,no2,µg/m³,,raw,01:00:00,2016-11-14T17:15:00Z,2016-11-14T22:45:00+05:30,2016-11-14T18:15:00Z,2016-11-14T23:45:00+05:30,1,01:00:00,1,00:15:00,100.0,0.0,2016-11-14T18:00:00Z,2016-11-14T23:30:00+05:30,2016-11-14T18:15:00Z,2016-11-14T23:45:00+05:30
239.0,,,False,5,no2,µg/m³,,raw,01:00:00,2016-11-14T17:30:00Z,2016-11-14T23:00:00+05:30,2016-11-14T18:30:00Z,2016-11-15T00:00:00+05:30,1,01:00:00,1,00:15:00,100.0,0.0,2016-11-14T18:15:00Z,2016-11-14T23:45:00+05:30,2016-11-14T18:30:00Z,2016-11-15T00:00:00+05:30
225.9,,,False,5,no2,µg/m³,,raw,01:00:00,2016-11-14T17:45:00Z,2016-11-14T23:15:00+05:30,2016-11-14T18:45:00Z,2016-11-15T00:15:00+05:30,1,01:00:00,1,00:15:00,100.0,0.0,2016-11-14T18:30:00Z,2016-11-15T00:00:00+05:30,2016-11-14T18:45:00Z,2016-11-15T00:15:00+05:30
243.9,,,False,5,no2,µg/m³,,raw,01:00:00,2016-11-14T18:00:00Z,2016-11-14T23:30:00+05:30,2016-11-14T19:00:00Z,2016-11-15T00:30:00+05:30,1,01:00:00,1,00:15:00,100.0,0.0,2016-11-14T18:45:00Z,2016-11-15T00:15:00+05:30,2016-11-14T19:00:00Z,2016-11-15T00:30:00+05:30
234.7,,,False,5,no2,µg/m³,,raw,01:00:00,2016-11-14T18:15:00Z,2016-11-14T23:45:00+05:30,2016-11-14T19:15:00Z,2016-11-15T00:45:00+05:30,1,01:00:00,1,00:15:00,100.0,0.0,2016-11-14T19:00:00Z,2016-11-15T00:30:00+05:30,2016-11-14T19:15:00Z,2016-11-15T00:45:00+05:30
216.6,,,False,5,no2,µg/m³,,raw,01:00:00,2016-11-14T18:30:00Z,2016-11-15T00:00:00+05:30,2016-11-14T19:30:00Z,2016-11-15T01:00:00+05:30,1,01:00:00,1,00:15:00,100.0,0.0,2016-11-14T19:15:00Z,2016-11-15T00:45:00+05:30,2016-11-14T19:30:00Z,2016-11-15T01:00:00+05:30
199.1,,,False,5,no2,µg/m³,,raw,01:00:00,2016-11-14T18:45:00Z,2016-11-15T00:15:00+05:30,2016-11-14T19:45:00Z,2016-11-15T01:15:00+05:30,1,01:00:00,1,00:15:00,100.0,0.0,2016-11-14T19:30:00Z,2016-11-15T01:00:00+05:30,2016-11-14T19:45:00Z,2016-11-15T01:15:00+05:30
220.1,,,False,5,no2,µg/m³,,raw,01:00:00,2016-11-14T19:00:00Z,2016-11-15T00:30:00+05:30,2016-11-14T20:00:00Z,2016-11-15T01:30:00+05:30,1,01:00:00,1,00:15:00,100.0,0.0,2016-11-14T19:45:00Z,2016-11-15T01:15:00+05:30,2016-11-14T20:00:00Z,2016-11-15T01:30:00+05:30
239.5,,,False,5,no2,µg/m³,,raw,01:00:00,2016-11-14T19:15:00Z,2016-11-15T00:45:00+05:30,2016-11-14T20:15:00Z,2016-11-15T01:45:00+05:30,1,01:00:00,1,00:15:00,100.0,0.0,2016-11-14T20:00:00Z,2016-11-15T01:30:00+05:30,2016-11-14T20:15:00Z,2016-11-15T01:45:00+05:30
226.5,,,False,5,no2,µg/m³,,raw,01:00:00,2016-11-14T19:30:00Z,2016-11-15T01:00:00+05:30,2016-11-14T20:30:00Z,2016-11-15T02:00:00+05:30,1,01:00:00,1,00:15:00,100.0,0.0,2016-11-14T20:15:00Z,2016-11-15T01:45:00+05:30,2016-11-14T20:30:00Z,2016-11-15T02:00:00+05:30
209.1,,,False,5,no2,µg/m³,,raw,01:00:00,2016-11-14T19:45:00Z,2016-11-15T01:15:00+05:30,2016-11-14T20:45:00Z,2016-11-15T02:15:00+05:30,1,01:00:00,1,00:15:00,100.0,0.0,2016-11-14T20:30:00Z,2016-11-15T02:00:00+05:30,2016-11-14T20:45:00Z,2016-11-15T02:15:00+05:30
215.4,,,False,5,no2,µg/m³,,raw,01:00:00,2016-11-14T20:00:00Z,2016-11-15T01:30:00+05:30,2016-11-14T21:00:00Z,2016-11-15T02:30:00+05:30,1,01:00:00,1,00:15:00,100.0,0.0,2016-11-14T20:45:00Z,2016-11-15T02:15:00+05:30,2016-11-14T21:00:00Z,2016-11-15T02:30:00+05:30
200.1,,,False,5,no2,µg/m³,,raw,01:00:00,2016-11-14T20:15:00Z,2016-11-15T01:45:00+05:30,2016-11-14T21:15:00Z,2016-11-15T02:45:00+05:30,1,01:00:00,1,00:15:00,100.0,0.0,2016-11-14T21:00:00Z,2016-11-15T02:30:00+05:30,2016-11-14T21:15:00Z,2016-11-15T02:45:00+05:30
192.4,,,False,5,no2,µg/m³,,raw,01:00:00,2016-11-14T20:30:00Z,2016-11-15T02:00:00+05:30,2016-11-14T21:30:00Z,2016-11-15T03:00:00+05:30,1,01:00:00,1,00:15:00,100.0,0.0,2016-11-14T21:15:00Z,2016-11-15T02:45:00+05:30,2016-11-14T21:30:00Z,2016-11-15T03:00:00+05:30
208.1,,,False,5,no2,µg/m³,,raw,01:00:00,2016-11-14T20:45:00Z,2016-11-15T02:15:00+05:30,2016-11-14T21:45:00Z,2016-11-15T03:15:00+05:30,1,01:00:00,1,00:15:00,100.0,0.0,2016-11-14T21:30:00Z,2016-11-15T03:00:00+05:30,2016-11-14T21:45:00Z,2016-11-15T03:15:00+05:30
194.4,,,False,5,no2,µg/m³,,raw,01:00:00,2016-11-14T21:00:00Z,2016-11-15T02:30:00+05:30,2016-11-14T22:00:00Z,2016-11-15T03:30:00+05:30,1,01:00:00,1,00:15:00,100.0,0.0,2016-11-14T21:45:00Z,2016-11-15T03:15:00+05:30,2016-11-14T22:00:00Z,2016-11-15T03:30:00+05:30
196.4,,,False,5,no2,µg/m³,,raw,01:00:00,2016-11-14T21:15:00Z,2016-11-15T02:45:00+05:30,2016-11-14T22:15:00Z,2016-11-15T03:45:00+05:30,1,01:00:00,1,00:15:00,100.0,0.0,2016-11-14T22:00:00Z,2016-11-15T03:30:00+05:30,2016-11-14T22:15:00Z,2016-11-15T03:45:00+05:30
168.9,,,False,5,no2,µg/m³,,raw,01:00:00,2016-11-14T21:30:00Z,2016-11-15T03:00:00+05:30,2016-11-14T22:30:00Z,2016-11-15T04:00:00+05:30,1,01:00:00,1,00:15:00,100.0,0.0,2016-11-14T22:15:00Z,2016-11-15T03:45:00+05:30,2016-11-14T22:30:00Z,2016-11-15T04:00:00+05:30
186.8,,,False,5,no2,µg/m³,,raw,01:00:00,2016-11-14T21:45:00Z,2016-11-15T03:15:00+05:30,2016-11-14T22:45:00Z,2016-11-15T04:15:00+05:30,1,01:00:00,1,00:15:00,100.0,0.0,2016-11-14T22:30:00Z,2016-11-15T04:00:00+05:30,2016-11-14T22:45:00Z,2016-11-15T04:15:00+05:30
186.4,,,False,5,no2,µg/m³,,raw,01:00:00,2016-11-14T22:00:00Z,2016-11-15T03:30:00+05:30,2016-11-14T23:00:00Z,2016-11-15T04:30:00+05:30,1,01:00:00,1,00:15:00,100.0,0.0,2016-11-14T22:45:00Z,2016-11-15T04:15:00+05:30,2016-11-14T23:00:00Z,2016-11-15T04:30:00+05:30
197.1,,,False,5,no2,µg/m³,,raw,01:00:00,2016-11-14T22:15:00Z,2016-11-15T03:45:00+05:30,2016-11-14T23:15:00Z,2016-11-15T04:45:00+05:30,1,01:00:00,1,00:15:00,100.0,0.0,2016-11-14T23:00:00Z,2016-11-15T04:30:00+05:30,2016-11-14T23:15:00Z,2016-11-15T04:45:00+05:30
183.5,,,False,5,no2,µg/m³,,raw,01:00:00,2016-11-14T22:30:00Z,2016-11-15T04:00:00+05:30,2016-11-14T23:30:00Z,2016-11-15T05:00:00+05:30,1,01:00:00,1,00:15:00,100.0,0.0,2016-11-14T23:15:00Z,2016-11-15T04:45:00+05:30,2016-11-14T23:30:00Z,2016-11-15T05:00:00+05:30
196.3,,,False,5,no2,µg/m³,,raw,01:00:00,2016-11-14T22:45:00Z,2016-11-15T04:15:00+05:30,2016-11-14T23:45:00Z,2016-11-15T05:15:00+05:30,1,01:00:00,1,00:15:00,100.0,0.0,2016-11-14T23:30:00Z,2016-11-15T05:00:00+05:30,2016-11-14T23:45:00Z,2016-11-15T05:15:00+05:30
188.7,,,False,5,no2,µg/m³,,raw,01:00:00,2016-11-14T23:00:00Z,2016-11-15T04:30:00+05:30,2016-11-15T00:00:00Z,2016-11-15T05:30:00+05:30,1,01:00:00,1,00:15:00,100.0,0.0,2016-11-14T23:45:00Z,2016-11-15T05:15:00+05:30,2016-11-15T00:00:00Z,2016-11-15T05:30:00+05:30
184.5,,,False,5,no2,µg/m³,,raw,01:00:00,2016-11-14T23:15:00Z,2016-11-15T04:45:00+05:30,2016-11-15T00:15:00Z,2016-11-15T05:45:00+05:30,1,01:00:00,1,00:15:00,100.0,0.0,2016-11-15T00:00:00Z,2016-11-15T05:30:00+05:30,2016-11-15T00:15:00Z,2016-11-15T05:45:00+05:30
184.2,,,False,5,no2,µg/m³,,raw,01:00:00,2016-11-14T23:45:00Z,2016-11-15T05:15:00+05:30,2016-11-15T00:45:00Z,2016-11-15T06:15:00+05:30,1,01:00:00,1,00:15:00,100.0,0.0,2016-11-15T00:30:00Z,2016-11-15T06:00:00+05:30,2016-11-15T00:45:00Z,2016-11-15T06:15:00+05:30
195.8,,,False,5,no2,µg/m³,,raw,01:00:00,2016-11-15T00:00:00Z,2016-11-15T05:30:00+05:30,2016-11-15T01:00:00Z,2016-11-15T06:30:00+05:30,1,01:00:00,1,00:15:00,100.0,0.0,2016-11-15T00:45:00Z,2016-11-15T06:15:00+05:30,2016-11-15T01:00:00Z,2016-11-15T06:30:00+05:30
181.8,,,False,5,no2,µg/m³,,raw,01:00:00,2016-11-15T00:15:00Z,2016-11-15T05:45:00+05:30,2016-11-15T01:15:00Z,2016-11-15T06:45:00+05:30,1,01:00:00,1,00:15:00,100.0,0.0,2016-11-15T01:00:00Z,2016-11-15T06:30:00+05:30,2016-11-15T01:15:00Z,2016-11-15T06:45:00+05:30
180.2,,,False,5,no2,µg/m³,,raw,01:00:00,2016-11-15T00:30:00Z,2016-11-15T06:00:00+05:30,2016-11-15T01:30:00Z,2016-11-15T07:00:00+05:30,1,01:00:00,1,00:15:00,100.0,0.0,2016-11-15T01:15:00Z,2016-11-15T06:45:00+05:30,2016-11-15T01:30:00Z,2016-11-15T07:00:00+05:30
188.7,,,False,5,no2,µg/m³,,raw,01:00:00,2016-11-15T00:45:00Z,2016-11-15T06:15:00+05:30,2016-11-15T01:45:00Z,2016-11-15T07:15:00+05:30,1,01:00:00,1,00:15:00,100.0,0.0,2016-11-15T01:30:00Z,2016-11-15T07:00:00+05:30,2016-11-15T01:45:00Z,2016-11-15T07:15:00+05:30
212.8,,,False,5,no2,µg/m³,,raw,01:00:00,2016-11-15T01:00:00Z,2016-11-15T06:30:00+05:30,2016-11-15T02:00:00Z,2016-11-15T07:30:00+05:30,1,01:00:00,1,00:15:00,100.0,0.0,2016-11-15T01:45:00Z,2016-11-15T07:15:00+05:30,2016-11-15T02:00:00Z,2016-11-15T07:30:00+05:30
215.3,,,False,5,no2,µg/m³,,raw,01:00:00,2016-11-15T01:15:00Z,2016-11-15T06:45:00+05:30,2016-11-15T02:15:00Z,2016-11-15T07:45:00+05:30,1,01:00:00,1,00:15:00,100.0,0.0,2016-11-15T02:00:00Z,2016-11-15T07:30:00+05:30,2016-11-15T02:15:00Z,2016-11-15T07:45:00+05:30
254.4,,,False,5,no2,µg/m³,,raw,01:00:00,2016-11-15T01:30:00Z,2016-11-15T07:00:00+05:30,2016-11-15T02:30:00Z,2016-11-15T08:00:00+05:30,1,01:00:00,1,00:15:00,100.0,0.0,2016-11-15T02:15:00Z,2016-11-15T07:45:00+05:30,2016-11-15T02:30:00Z,2016-11-15T08:00:00+05:30
280.0,,,False,5,no2,µg/m³,,raw,01:00:00,2016-11-15T01:45:00Z,2016-11-15T07:15:00+05:30,2016-11-15T02:45:00Z,2016-11-15T08:15:00+05:30,1,01:00:00,1,00:15:00,100.0,0.0,2016-11-15T02:30:00Z,2016-11-15T08:00:00+05:30,2016-11-15T02:45:00Z,2016-11-15T08:15:00+05:30
300.9,,,False,5,no2,µg/m³,,raw,01:00:00,2016-11-15T02:00:00Z,2016-11-15T07:30:00+05:30,2016-11-15T03:00:00Z,2016-11-15T08:30:00+05:30,1,01:00:00,1,00:15:00,100.0,0.0,2016-11-15T02:45:00Z,2016-11-15T08:15:00+05:30,2016-11-15T03:00:00Z,2016-11-15T08:30:00+05:30
308.3,,,False,5,no2,µg/m³,,raw,01:00:00,2016-11-15T02:15:00Z,2016-11-15T07:45:00+05:30,2016-11-15T03:15:00Z,2016-11-15T08:45:00+05:30,1,01:00:00,1,00:15:00,100.0,0.0,2016-11-15T03:00:00Z,2016-11-15T08:30:00+05:30,2016-11-15T03:15:00Z,2016-11-15T08:45:00+05:30
292.3,,,False,5,no2,µg/m³,,raw,01:00:00,2016-11-15T02:30:00Z,2016-11-15T08:00:00+05:30,2016-11-15T03:30:00Z,2016-11-15T09:00:00+05:30,1,01:00:00,1,00:15:00,100.0,0.0,2016-11-15T03:15:00Z,2016-11-15T08:45:00+05:30,2016-11-15T03:30:00Z,2016-11-15T09:00:00+05:30
323.4,,,False,5,no2,µg/m³,,raw,01:00:00,2016-11-15T02:45:00Z,2016-11-15T08:15:00+05:30,2016-11-15T03:45:00Z,2016-11-15T09:15:00+05:30,1,01:00:00,1,00:15:00,100.0,0.0,2016-11-15T03:30:00Z,2016-11-15T09:00:00+05:30,2016-11-15T03:45:00Z,2016-11-15T09:15:00+05:30
281.4,,,False,5,no2,µg/m³,,raw,01:00:00,2016-11-15T03:00:00Z,2016-11-15T08:30:00+05:30,2016-11-15T04:00:00Z,2016-11-15T09:30:00+05:30,1,01:00:00,1,00:15:00,100.0,0.0,2016-11-15T03:45:00Z,2016-11-15T09:15:00+05:30,2016-11-15T04:00:00Z,2016-11-15T09:30:00+05:30
254.8,,,False,5,no2,µg/m³,,raw,01:00:00,2016-11-15T03:15:00Z,2016-11-15T08:45:00+05:30,2016-11-15T04:15:00Z,2016-11-15T09:45:00+05:30,1,01:00:00,1,00:15:00,100.0,0.0,2016-11-15T04:00:00Z,2016-11-15T09:30:00+05:30,2016-11-15T04:15:00Z,2016-11-15T09:45:00+05:30
234.7,,,False,5,no2,µg/m³,,raw,01:00:00,2016-11-15T03:30:00Z,2016-11-15T09:00:00+05:30,2016-11-15T04:30:00Z,2016-11-15T10:00:00+05:30,1,01:00:00,1,00:15:00,100.0,0.0,2016-11-15T04:15:00Z,2016-11-15T09:45:00+05:30,2016-11-15T04:30:00Z,2016-11-15T10:00:00+05:30
227.3,,,False,5,no2,µg/m³,,raw,01:00:00,2016-11-15T03:45:00Z,2016-11-15T09:15:00+05:30,2016-11-15T04:45:00Z,2016-11-15T10:15:00+05:30,1,01:00:00,1,00:15:00,100.0,0.0,2016-11-15T04:30:00Z,2016-11-15T10:00:00+05:30,2016-11-15T04:45:00Z,2016-11-15T10:15:00+05:30
200.4,,,False,5,no2,µg/m³,,raw,01:00:00,2016-11-15T04:00:00Z,2016-11-15T09:30:00+05:30,2016-11-15T05:00:00Z,2016-11-15T10:30:00+05:30,1,01:00:00,1,00:15:00,100.0,0.0,2016-11-15T04:45:00Z,2016-11-15T10:15:00+05:30,2016-11-15T05:00:00Z,2016-11-15T10:30:00+05:30
180.2,,,False,5,no2,µg/m³,,raw,01:00:00,2016-11-15T04:15:00Z,2016-11-15T09:45:00+05:30,2016-11-15T05:15:00Z,2016-11-15T10:45:00+05:30,1,01:00:00,1,00:15:00,100.0,0.0,2016-11-15T05:00:00Z,2016-11-15T10:30:00+05:30,2016-11-15T05:15:00Z,2016-11-15T10:45:00+05:30
161.3,,,False,5,no2,µg/m³,,raw,01:00:00,2016-11-15T04:30:00Z,2016-11-15T10:00:00+05:30,2016-11-15T05:30:00Z,2016-11-15T11:00:00+05:30,1,01:00:00,1,00:15:00,100.0,0.0,2016-11-15T05:15:00Z,2016-11-15T10:45:00+05:30,2016-11-15T05:30:00Z,2016-11-15T11:00:00+05:30
134.6,,,False,5,no2,µg/m³,,raw,01:00:00,2016-11-15T04:45:00Z,2016-11-15T10:15:00+05:30,2016-11-15T05:45:00Z,2016-11-15T11:15:00+05:30,1,01:00:00,1,00:15:00,100.0,0.0,2016-11-15T05:30:00Z,2016-11-15T11:00:00+05:30,2016-11-15T05:45:00Z,2016-11-15T11:15:00+05:30
125.8,,,False,5,no2,µg/m³,,raw,01:00:00,2016-11-15T05:00:00Z,2016-11-15T10:30:00+05:30,2016-11-15T06:00:00Z,2016-11-15T11:30:00+05:30,1,01:00:00,1,00:15:00,100.0,0.0,2016-11-15T05:45:00Z,2016-11-15T11:15:00+05:30,2016-11-15T06:00:00Z,2016-11-15T11:30:00+05:30
136.7,,,False,5,no2,µg/m³,,raw,01:00:00,2016-11-15T05:15:00Z,2016-11-15T10:45:00+05:30,2016-11-15T06:15:00Z,2016-11-15T11:45:00+05:30,1,01:00:00,1,00:15:00,100.0,0.0,2016-11-15T06:00:00Z,2016-11-15T11:30:00+05:30,2016-11-15T06:15:00Z,2016-11-15T11:45:00+05:30
115.9,,,False,5,no2,µg/m³,,raw,01:00:00,2016-11-15T05:30:00Z,2016-11-15T11:00:00+05:30,2016-11-15T06:30:00Z,2016-11-15T12:00:00+05:30,1,01:00:00,1,00:15:00,100.0,0.0,2016-11-15T06:15:00Z,2016-11-15T11:45:00+05:30,2016-11-15T06:30:00Z,2016-11-15T12:00:00+05:30
88.2,,,False,5,no2,µg/m³,,raw,01:00:00,2016-11-15T05:45:00Z,2016-11-15T11:15:00+05:30,2016-11-15T06:45:00Z,2016-11-15T12:15:00+05:30,1,01:00:00,1,00:15:00,100.0,0.0,2016-11-15T06:30:00Z,2016-11-15T12:00:00+05:30,2016-11-15T06:45:00Z,2016-11-15T12:15:00+05:30
91.7,,,False,5,no2,µg/m³,,raw,01:00:00,2016-11-15T06:00:00Z,2016-11-15T11:30:00+05:30,2016-11-15T07:00:00Z,2016-11-15T12:30:00+05:30,1,01:00:00,1,00:15:00,100.0,0.0,2016-11-15T06:45:00Z,2016-11-15T12:15:00+05:30,2016-11-15T07:00:00Z,2016-11-15T12:30:00+05:30
97.1,,,False,5,no2,µg/m³,,raw,01:00:00,2016-11-15T06:15:00Z,2016-11-15T11:45:00+05:30,2016-11-15T07:15:00Z,2016-11-15T12:45:00+05:30,1,01:00:00,1,00:15:00,100.0,0.0,2016-11-15T07:00:00Z,2016-11-15T12:30:00+05:30,2016-11-15T07:15:00Z,2016-11-15T12:45:00+05:30
98.3,,,False,5,no2,µg/m³,,raw,01:00:00,2016-11-15T06:30:00Z,2016-11-15T12:00:00+05:30,2016-11-15T07:30:00Z,2016-11-15T13:00:00+05:30,1,01:00:00,1,00:15:00,100.0,0.0,2016-11-15T07:15:00Z,2016-11-15T12:45:00+05:30,2016-11-15T07:30:00Z,2016-11-15T13:00:00+05:30
89.3,,,False,5,no2,µg/m³,,raw,01:00:00,2016-11-15T06:45:00Z,2016-11-15T12:15:00+05:30,2016-11-15T07:45:00Z,2016-11-15T13:15:00+05:30,1,01:00:00,1,00:15:00,100.0,0.0,2016-11-15T07:30:00Z,2016-11-15T13:00:00+05:30,2016-11-15T07:45:00Z,2016-11-15T13:15:00+05:30
90.6,,,False,5,no2,µg/m³,,raw,01:00:00,2016-11-15T07:00:00Z,2016-11-15T12:30:00+05:30,2016-11-15T08:00:00Z,2016-11-15T13:30:00+05:30,1,01:00:00,1,00:15:00,100.0,0.0,2016-11-15T07:45:00Z,2016-11-15T13:15:00+05:30,2016-11-15T08:00:00Z,2016-11-15T13:30:00+05:30
87.4,,,False,5,no2,µg/m³,,raw,01:00:00,2016-11-15T07:15:00Z,2016-11-15T12:45:00+05:30,2016-11-15T08:15:00Z,2016-11-15T13:45:00+05:30,1,01:00:00,1,00:15:00,100.0,0.0,2016-11-15T08:00:00Z,2016-11-15T13:30:00+05:30,2016-11-15T08:15:00Z,2016-11-15T13:45:00+05:30
84.8,,,False,5,no2,µg/m³,,raw,01:00:00,2016-11-15T07:30:00Z,2016-11-15T13:00:00+05:30,2016-11-15T08:30:00Z,2016-11-15T14:00:00+05:30,1,01:00:00,1,00:15:00,100.0,0.0,2016-11-15T08:15:00Z,2016-11-15T13:45:00+05:30,2016-11-15T08:30:00Z,2016-11-15T14:00:00+05:30
72.9,,,False,5,no2,µg/m³,,raw,01:00:00,2016-11-15T07:45:00Z,2016-11-15T13:15:00+05:30,2016-11-15T08:45:00Z,2016-11-15T14:15:00+05:30,1,01:00:00,1,00:15:00,100.0,0.0,2016-11-15T08:30:00Z,2016-11-15T14:00:00+05:30,2016-11-15T08:45:00Z,2016-11-15T14:15:00+05:30
63.6,,,False,5,no2,µg/m³,,raw,01:00:00,2016-11-15T08:00:00Z,2016-11-15T13:30:00+05:30,2016-11-15T09:00:00Z,2016-11-15T14:30:00+05:30,1,01:00:00,1,00:15:00,100.0,0.0,2016-11-15T08:45:00Z,2016-11-15T14:15:00+05:30,2016-11-15T09:00:00Z,2016-11-15T14:30:00+05:30
60.4,,,False,5,no2,µg/m³,,raw,01:00:00,2016-11-15T08:15:00Z,2016-11-15T13:45:00+05:30,2016-11-15T09:15:00Z,2016-11-15T14:45:00+05:30,1,01:00:00,1,00:15:00,100.0,0.0,2016-11-15T09:00:00Z,2016-11-15T14:30:00+05:30,2016-11-15T09:15:00Z,2016-11-15T14:45:00+05:30
67.0,,,False,5,no2,µg/m³,,raw,01:00:00,2016-11-15T08:30:00Z,2016-11-15T14:00:00+05:30,2016-11-15T09:30:00Z,2016-11-15T15:00:00+05:30,1,01:00:00,1,00:15:00,100.0,0.0,2016-11-15T09:15:00Z,2016-11-15T14:45:00+05:30,2016-11-15T09:30:00Z,2016-11-15T15:00:00+05:30
67.4,,,False,5,no2,µg/m³,,raw,01:00:00,2016-11-15T08:45:00Z,2016-11-15T14:15:00+05:30,2016-11-15T09:45:00Z,2016-11-15T15:15:00+05:30,1,01:00:00,1,00:15:00,100.0,0.0,2016-11-15T09:30:00Z,2016-11-15T15:00:00+05:30,2016-11-15T09:45:00Z,2016-11-15T15:15:00+05:30
76.2,,,False,5,no2,µg/m³,,raw,01:00:00,2016-11-15T09:00:00Z,2016-11-15T14:30:00+05:30,2016-11-15T10:00:00Z,2016-11-15T15:30:00+05:30,1,01:00:00,1,00:15:00,100.0,0.0,2016-11-15T09:45:00Z,2016-11-15T15:15:00+05:30,2016-11-15T10:00:00Z,2016-11-15T15:30:00+05:30
82.8,,,False,5,no2,µg/m³,,raw,01:00:00,2016-11-15T09:15:00Z,2016-11-15T14:45:00+05:30,2016-11-15T10:15:00Z,2016-11-15T15:45:00+05:30,1,01:00:00,1,00:15:00,100.0,0.0,2016-11-15T10:00:00Z,2016-11-15T15:30:00+05:30,2016-11-15T10:15:00Z,2016-11-15T15:45:00+05:30
94.0,,,False,5,no2,µg/m³,,raw,01:00:00,2016-11-15T09:30:00Z,2016-11-15T15:00:00+05:30,2016-11-15T10:30:00Z,2016-11-15T16:00:00+05:30,1,01:00:00,1,00:15:00,100.0,0.0,2016-11-15T10:15:00Z,2016-11-15T15:45:00+05:30,2016-11-15T10:30:00Z,2016-11-15T16:00:00+05:30
126.2,,,False,5,no2,µg/m³,,raw,01:00:00,2016-11-15T09:45:00Z,2016-11-15T15:15:00+05:30,2016-11-15T10:45:00Z,2016-11-15T16:15:00+05:30,1,01:00:00,1,00:15:00,100.0,0.0,2016-11-15T10:30:00Z,2016-11-15T16:00:00+05:30,2016-11-15T10:45:00Z,2016-11-15T16:15:00+05:30
158.5,,,False,5,no2,µg/m³,,raw,01:00:00,2016-11-15T10:00:00Z,2016-11-15T15:30:00+05:30,2016-11-15T11:00:00Z,2016-11-15T16:30:00+05:30,1,01:00:00,1,00:15:00,100.0,0.0,2016-11-15T10:45:00Z,2016-11-15T16:15:00+05:30,2016-11-15T11:00:00Z,2016-11-15T16:30:00+05:30
188.6,,,False,5,no2,µg/m³,,raw,01:00:00,2016-11-15T10:15:00Z,2016-11-15T15:45:00+05:30,2016-11-15T11:15:00Z,2016-11-15T16:45:00+05:30,1,01:00:00,1,00:15:00,100.0,0.0,2016-11-15T11:00:00Z,2016-11-15T16:30:00+05:30,2016-11-15T11:15:00Z,2016-11-15T16:45:00+05:30
191.9,,,False,5,no2,µg/m³,,raw,01:00:00,2016-11-15T10:30:00Z,2016-11-15T16:00:00+05:30,2016-11-15T11:30:00Z,2016-11-15T17:00:00+05:30,1,01:00:00,1,00:15:00,100.0,0.0,2016-11-15T11:15:00Z,2016-11-15T16:45:00+05:30,2016-11-15T11:30:00Z,2016-11-15T17:00:00+05:30
189.2,,,False,5,no2,µg/m³,,raw,01:00:00,2016-11-15T10:45:00Z,2016-11-15T16:15:00+05:30,2016-11-15T11:45:00Z,2016-11-15T17:15:00+05:30,1,01:00:00,1,00:15:00,100.0,0.0,2016-11-15T11:30:00Z,2016-11-15T17:00:00+05:30,2016-11-15T11:45:00Z,2016-11-15T17:15:00+05:30
187.9,,,False,5,no2,µg/m³,,raw,01:00:00,2016-11-15T11:00:00Z,2016-11-15T16:30:00+05:30,2016-11-15T12:00:00Z,2016-11-15T17:30:00+05:30,1,01:00:00,1,00:15:00,100.0,0.0,2016-11-15T11:45:00Z,2016-11-15T17:15:00+05:30,2016-11-15T12:00:00Z,2016-11-15T17:30:00+05:30
230.6,,,False,5,no2,µg/m³,,raw,01:00:00,2016-11-15T11:15:00Z,2016-11-15T16:45:00+05:30,2016-11-15T12:15:00Z,2016-11-15T17:45:00+05:30,1,01:00:00,1,00:15:00,100.0,0.0,2016-11-15T12:00:00Z,2016-11-15T17:30:00+05:30,2016-11-15T12:15:00Z,2016-11-15T17:45:00+05:30
253.2,,,False,5,no2,µg/m³,,raw,01:00:00,2016-11-15T11:30:00Z,2016-11-15T17:00:00+05:30,2016-11-15T12:30:00Z,2016-11-15T18:00:00+05:30,1,01:00:00,1,00:15:00,100.0,0.0,2016-11-15T12:15:00Z,2016-11-15T17:45:00+05:30,2016-11-15T12:30:00Z,2016-11-15T18:00:00+05:30
272.6,,,False,5,no2,µg/m³,,raw,01:00:00,2016-11-15T11:45:00Z,2016-11-15T17:15:00+05:30,2016-11-15T12:45:00Z,2016-11-15T18:15:00+05:30,1,01:00:00,1,00:15:00,100.0,0.0,2016-11-15T12:30:00Z,2016-11-15T18:00:00+05:30,2016-11-15T12:45:00Z,2016-11-15T18:15:00+05:30
267.6,,,False,5,no2,µg/m³,,raw,01:00:00,2016-11-15T12:00:00Z,2016-11-15T17:30:00+05:30,2016-11-15T13:00:00Z,2016-11-15T18:30:00+05:30,1,01:00:00,1,00:15:00,100.0,0.0,2016-11-15T12:45:00Z,2016-11-15T18:15:00+05:30,2016-11-15T13:00:00Z,2016-11-15T18:30:00+05:30
266.7,,,False,5,no2,µg/m³,,raw,01:00:00,2016-11-15T12:15:00Z,2016-11-15T17:45:00+05:30,2016-11-15T13:15:00Z,2016-11-15T18:45:00+05:30,1,01:00:00,1,00:15:00,100.0,0.0,2016-11-15T13:00:00Z,2016-11-15T18:30:00+05:30,2016-11-15T13:15:00Z,2016-11-15T18:45:00+05:30
276.7,,,False,5,no2,µg/m³,,raw,01:00:00,2016-11-15T12:30:00Z,2016-11-15T18:00:00+05:30,2016-11-15T13:30:00Z,2016-11-15T19:00:00+05:30,1,01:00:00,1,00:15:00,100.0,0.0,2016-11-15T13:15:00Z,2016-11-15T18:45:00+05:30,2016-11-15T13:30:00Z,2016-11-15T19:00:00+05:30
289.5,,,False,5,no2,µg/m³,,raw,01:00:00,2016-11-15T12:45:00Z,2016-11-15T18:15:00+05:30,2016-11-15T13:45:00Z,2016-11-15T19:15:00+05:30,1,01:00:00,1,00:15:00,100.0,0.0,2016-11-15T13:30:00Z,2016-11-15T19:00:00+05:30,2016-11-15T13:45:00Z,2016-11-15T19:15:00+05:30
315.9,,,False,5,no2,µg/m³,,raw,01:00:00,2016-11-15T13:00:00Z,2016-11-15T18:30:00+05:30,2016-11-15T14:00:00Z,2016-11-15T19:30:00+05:30,1,01:00:00,1,00:15:00,100.0,0.0,2016-11-15T13:45:00Z,2016-11-15T19:15:00+05:30,2016-11-15T14:00:00Z,2016-11-15T19:30:00+05:30
308.7,,,False,5,no2,µg/m³,,raw,01:00:00,2016-11-15T13:15:00Z,2016-11-15T18:45:00+05:30,2016-11-15T14:15:00Z,2016-11-15T19:45:00+05:30,1,01:00:00,1,00:15:00,100.0,0.0,2016-11-15T14:00:00Z,2016-11-15T19:30:00+05:30,2016-11-15T14:15:00Z,2016-11-15T19:45:00+05:30
289.9,,,False,5,no2,µg/m³,,raw,01:00:00,2016-11-15T13:30:00Z,2016-11-15T19:00:00+05:30,2016-11-15T14:30:00Z,2016-11-15T20:00:00+05:30,1,01:00:00,1,00:15:00,100.0,0.0,2016-11-15T14:15:00Z,2016-11-15T19:45:00+05:30,2016-11-15T14:30:00Z,2016-11-15T20:00:00+05:30
316.5,,,False,5,no2,µg/m³,,raw,01:00:00,2016-11-15T13:45:00Z,2016-11-15T19:15:00+05:30,2016-11-15T14:45:00Z,2016-11-15T20:15:00+05:30,1,01:00:00,1,00:15:00,100.0,0.0,2016-11-15T14:30:00Z,2016-11-15T20:00:00+05:30,2016-11-15T14:45:00Z,2016-11-15T20:15:00+05:30
315.4,,,False,5,no2,µg/m³,,raw,01:00:00,2016-11-15T14:00:00Z,2016-11-15T19:30:00+05:30,2016-11-15T15:00:00Z,2016-11-15T20:30:00+05:30,1,01:00:00,1,00:15:00,100.0,0.0,2016-11-15T14:45:00Z,2016-11-15T20:15:00+05:30,2016-11-15T15:00:00Z,2016-11-15T20:30:00+05:30
305.5,,,False,5,no2,µg/m³,,raw,01:00:00,2016-11-15T14:15:00Z,2016-11-15T19:45:00+05:30,2016-11-15T15:15:00Z,2016-11-15T20:45:00+05:30,1,01:00:00,1,00:15:00,100.0,0.0,2016-11-15T15:00:00Z,2016-11-15T20:30:00+05:30,2016-11-15T15:15:00Z,2016-11-15T20:45:00+05:30
306.8,,,False,5,no2,µg/m³,,raw,01:00:00,2016-11-15T14:30:00Z,2016-11-15T20:00:00+05:30,2016-11-15T15:30:00Z,2016-11-15T21:00:00+05:30,1,01:00:00,1,00:15:00,100.0,0.0,2016-11-15T15:15:00Z,2016-11-15T20:45:00+05:30,2016-11-15T15:30:00Z,2016-11-15T21:00:00+05:30
313.4,,,False,5,no2,µg/m³,,raw,01:00:00,2016-11-15T14:45:00Z,2016-11-15T20:15:00+05:30,2016-11-15T15:45:00Z,2016-11-15T21:15:00+05:30,1,01:00:00,1,00:15:00,100.0,0.0,2016-11-15T15:30:00Z,2016-11-15T21:00:00+05:30,2016-11-15T15:45:00Z,2016-11-15T21:15:00+05:30
307.3,,,False,5,no2,µg/m³,,raw,01:00:00,2016-11-15T15:00:00Z,2016-11-15T20:30:00+05:30,2016-11-15T16:00:00Z,2016-11-15T21:30:00+05:30,1,01:00:00,1,00:15:00,100.0,0.0,2016-11-15T15:45:00Z,2016-11-15T21:15:00+05:30,2016-11-15T16:00:00Z,2016-11-15T21:30:00+05:30
307.3,,,False,5,no2,µg/m³,,raw,01:00:00,2016-11-15T15:15:00Z,2016-11-15T20:45:00+05:30,2016-11-15T16:15:00Z,2016-11-15T21:45:00+05:30,1,01:00:00,1,00:15:00,100.0,0.0,2016-11-15T16:00:00Z,2016-11-15T21:30:00+05:30,2016-11-15T16:15:00Z,2016-11-15T21:45:00+05:30
314.1,,,False,5,no2,µg/m³,,raw,01:00:00,2016-11-15T15:30:00Z,2016-11-15T21:00:00+05:30,2016-11-15T16:30:00Z,2016-11-15T22:00:00+05:30,1,01:00:00,1,00:15:00,100.0,0.0,2016-11-15T16:15:00Z,2016-11-15T21:45:00+05:30,2016-11-15T16:30:00Z,2016-11-15T22:00:00+05:30
294.0,,,False,5,no2,µg/m³,,raw,01:00:00,2016-11-15T15:45:00Z,2016-11-15T21:15:00+05:30,2016-11-15T16:45:00Z,2016-11-15T22:15:00+05:30,1,01:00:00,1,00:15:00,100.0,0.0,2016-11-15T16:30:00Z,2016-11-15T22:00:00+05:30,2016-11-15T16:45:00Z,2016-11-15T22:15:00+05:30
290.3,,,False,5,no2,µg/m³,,raw,01:00:00,2016-11-15T16:00:00Z,2016-11-15T21:30:00+05:30,2016-11-15T17:00:00Z,2016-11-15T22:30:00+05:30,1,01:00:00,1,00:15:00,100.0,0.0,2016-11-15T16:45:00Z,2016-11-15T22:15:00+05:30,2016-11-15T17:00:00Z,2016-11-15T22:30:00+05:30
297.3,,,False,5,no2,µg/m³,,raw,01:00:00,2016-11-15T16:15:00Z,2016-11-15T21:45:00+05:30,2016-11-15T17:15:00Z,2016-11-15T22:45:00+05:30,1,01:00:00,1,00:15:00,100.0,0.0,2016-11-15T17:00:00Z,2016-11-15T22:30:00+05:30,2016-11-15T17:15:00Z,2016-11-15T22:45:00+05:30
274.3,,,False,5,no2,µg/m³,,raw,01:00:00,2016-11-15T16:30:00Z,2016-11-15T22:00:00+05:30,2016-11-15T17:30:00Z,2016-11-15T23:00:00+05:30,1,01:00:00,1,00:15:00,100.0,0.0,2016-11-15T17:15:00Z,2016-11-15T22:45:00+05:30,2016-11-15T17:30:00Z,2016-11-15T23:00:00+05:30
280.1,,,False,5,no2,µg/m³,,raw,01:00:00,2016-11-15T16:45:00Z,2016-11-15T22:15:00+05:30,2016-11-15T17:45:00Z,2016-11-15T23:15:00+05:30,1,01:00:00,1,00:15:00,100.0,0.0,2016-11-15T17:30:00Z,2016-11-15T23:00:00+05:30,2016-11-15T17:45:00Z,2016-11-15T23:15:00+05:30
257.6,,,False,5,no2,µg/m³,,raw,01:00:00,2016-11-15T17:00:00Z,2016-11-15T22:30:00+05:30,2016-11-15T18:00:00Z,2016-11-15T23:30:00+05:30,1,01:00:00,1,00:15:00,100.0,0.0,2016-11-15T17:45:00Z,2016-11-15T23:15:00+05:30,2016-11-15T18:00:00Z,2016-11-15T23:30:00+05:30
250.8,,,False,5,no2,µg/m³,,raw,01:00:00,2016-11-15T17:15:00Z,2016-11-15T22:45:00+05:30,2016-11-15T18:15:00Z,2016-11-15T23:45:00+05:30,1,01:00:00,1,00:15:00,100.0,0.0,2016-11-15T18:00:00Z,2016-11-15T23:30:00+05:30,2016-11-15T18:15:00Z,2016-11-15T23:45:00+05:30
300.0,,,False,2,pm25,µg/m³,,raw,01:00:00,2016-11-02T17:30:00Z,2016-11-02T23:00:00+05:30,2016-11-02T18:30:00Z,2016-11-03T00:00:00+05:30,1,01:00:00,1,00:15:00,100.0,0.0,2016-11-02T18:15:00Z,2016-11-02T23:45:00+05:30,2016-11-02T18:30:00Z,2016-11-03T00:00:00+05:30
93.0,,,False,2,pm25,µg/m³,,raw,01:00:00,2016-11-03T10:45:00Z,2016-11-03T16:15:00+05:30,2016-11-03T11:45:00Z,2016-11-03T17:15:00+05:30,1,01:00:00,1,00:15:00,100.0,0.0,2016-11-03T11:30:00Z,2016-11-03T17:00:00+05:30,2016-11-03T11:45:00Z,2016-11-03T17:15:00+05:30
93.0,,,False,2,pm25,µg/m³,,raw,01:00:00,2016-11-03T11:00:00Z,2016-11-03T16:30:00+05:30,2016-11-03T12:00:00Z,2016-11-03T17:30:00+05:30,1,01:00:00,1,00:15:00,100.0,0.0,2016-11-03T11:45:00Z,2016-11-03T17:15:00+05:30,2016-11-03T12:00:00Z,2016-11-03T17:30:00+05:30
93.0,,,False,2,pm25,µg/m³,,raw,01:00:00,2016-11-03T11:15:00Z,2016-11-03T16:45:00+05:30,2016-11-03T12:15:00Z,2016-11-03T17:45:00+05:30,1,01:00:00,1,00:15:00,100.0,0.0,2016-11-03T12:00:00Z,2016-11-03T17:30:00+05:30,2016-11-03T12:15:00Z,2016-11-03T17:45:00+05:30
93.0,,,False,2,pm25,µg/m³,,raw,01:00:00,2016-11-03T11:30:00Z,2016-11-03T17:00:00+05:30,2016-11-03T12:30:00Z,2016-11-03T18:00:00+05:30,1,01:00:00,1,00:15:00,100.0,0.0,2016-11-03T12:15:00Z,2016-11-03T17:45:00+05:30,2016-11-03T12:30:00Z,2016-11-03T18:00:00+05:30
135.0,,,False,2,pm25,µg/m³,,raw,01:00:00,2016-11-03T11:45:00Z,2016-11-03T17:15:00+05:30,2016-11-03T12:45:00Z,2016-11-03T18:15:00+05:30,1,01:00:00,1,00:15:00,100.0,0.0,2016-11-03T12:30:00Z,2016-11-03T18:00:00+05:30,2016-11-03T12:45:00Z,2016-11-03T18:15:00+05:30
136.0,,,False,2,pm25,µg/m³,,raw,01:00:00,2016-11-03T12:00:00Z,2016-11-03T17:30:00+05:30,2016-11-03T13:00:00Z,2016-11-03T18:30:00+05:30,1,01:00:00,1,00:15:00,100.0,0.0,2016-11-03T12:45:00Z,2016-11-03T18:15:00+05:30,2016-11-03T13:00:00Z,2016-11-03T18:30:00+05:30
136.0,,,False,2,pm25,µg/m³,,raw,01:00:00,2016-11-03T12:15:00Z,2016-11-03T17:45:00+05:30,2016-11-03T13:15:00Z,2016-11-03T18:45:00+05:30,1,01:00:00,1,00:15:00,100.0,0.0,2016-11-03T13:00:00Z,2016-11-03T18:30:00+05:30,2016-11-03T13:15:00Z,2016-11-03T18:45:00+05:30
136.0,,,False,2,pm25,µg/m³,,raw,01:00:00,2016-11-03T12:30:00Z,2016-11-03T18:00:00+05:30,2016-11-03T13:30:00Z,2016-11-03T19:00:00+05:30,1,01:00:00,1,00:15:00,100.0,0.0,2016-11-03T13:15:00Z,2016-11-03T18:45:00+05:30,2016-11-03T13:30:00Z,2016-11-03T19:00:00+05:30
190.0,,,False,2,pm25,µg/m³,,raw,01:00:00,2016-11-03T12:45:00Z,2016-11-03T18:15:00+05:30,2016-11-03T13:45:00Z,2016-11-03T19:15:00+05:30,1,01:00:00,1,00:15:00,100.0,0.0,2016-11-03T13:30:00Z,2016-11-03T19:00:00+05:30,2016-11-03T13:45:00Z,2016-11-03T19:15:00+05:30
192.0,,,False,2,pm25,µg/m³,,raw,01:00:00,2016-11-03T13:00:00Z,2016-11-03T18:30:00+05:30,2016-11-03T14:00:00Z,2016-11-03T19:30:00+05:30,1,01:00:00,1,00:15:00,100.0,0.0,2016-11-03T13:45:00Z,2016-11-03T19:15:00+05:30,2016-11-03T14:00:00Z,2016-11-03T19:30:00+05:30
192.0,,,False,2,pm25,µg/m³,,raw,01:00:00,2016-11-03T13:15:00Z,2016-11-03T18:45:00+05:30,2016-11-03T14:15:00Z,2016-11-03T19:45:00+05:30,1,01:00:00,1,00:15:00,100.0,0.0,2016-11-03T14:00:00Z,2016-11-03T19:30:00+05:30,2016-11-03T14:15:00Z,2016-11-03T19:45:00+05:30
192.0,,,False,2,pm25,µg/m³,,raw,01:00:00,2016-11-03T13:30:00Z,2016-11-03T19:00:00+05:30,2016-11-03T14:30:00Z,2016-11-03T20:00:00+05:30,1,01:00:00,1,00:15:00,100.0,0.0,2016-11-03T14:15:00Z,2016-11-03T19:45:00+05:30,2016-11-03T14:30:00Z,2016-11-03T20:00:00+05:30
204.0,,,False,2,pm25,µg/m³,,raw,01:00:00,2016-11-03T13:45:00Z,2016-11-03T19:15:00+05:30,2016-11-03T14:45:00Z,2016-11-03T20:15:00+05:30,1,01:00:00,1,00:15:00,100.0,0.0,2016-11-03T14:30:00Z,2016-11-03T20:00:00+05:30,2016-11-03T14:45:00Z,2016-11-03T20:15:00+05:30
205.0,,,False,2,pm25,µg/m³,,raw,01:00:00,2016-11-03T14:00:00Z,2016-11-03T19:30:00+05:30,2016-11-03T15:00:00Z,2016-11-03T20:30:00+05:30,1,01:00:00,1,00:15:00,100.0,0.0,2016-11-03T14:45:00Z,2016-11-03T20:15:00+05:30,2016-11-03T15:00:00Z,2016-11-03T20:30:00+05:30
205.0,,,False,2,pm25,µg/m³,,raw,01:00:00,2016-11-03T14:15:00Z,2016-11-03T19:45:00+05:30,2016-11-03T15:15:00Z,2016-11-03T20:45:00+05:30,1,01:00:00,1,00:15:00,100.0,0.0,2016-11-03T15:00:00Z,2016-11-03T20:30:00+05:30,2016-11-03T15:15:00Z,2016-11-03T20:45:00+05:30
205.0,,,False,2,pm25,µg/m³,,raw,01:00:00,2016-11-03T14:30:00Z,2016-11-03T20:00:00+05:30,2016-11-03T15:30:00Z,2016-11-03T21:00:00+05:30,1,01:00:00,1,00:15:00,100.0,0.0,2016-11-03T15:15:00Z,2016-11-03T20:45:00+05:30,2016-11-03T15:30:00Z,2016-11-03T21:00:00+05:30
228.0,,,False,2,pm25,µg/m³,,raw,01:00:00,2016-11-03T14:45:00Z,2016-11-03T20:15:00+05:30,2016-11-03T15:45:00Z,2016-11-03T21:15:00+05:30,1,01:00:00,1,00:15:00,100.0,0.0,2016-11-03T15:30:00Z,2016-11-03T21:00:00+05:30,2016-11-03T15:45:00Z,2016-11-03T21:15:00+05:30
229.0,,,False,2,pm25,µg/m³,,raw,01:00:00,2016-11-03T15:00:00Z,2016-11-03T20:30:00+05:30,2016-11-03T16:00:00Z,2016-11-03T21:30:00+05:30,1,01:00:00,1,00:15:00,100.0,0.0,2016-11-03T15:45:00Z,2016-11-03T21:15:00+05:30,2016-11-03T16:00:00Z,2016-11-03T21:30:00+05:30
229.0,,,False,2,pm25,µg/m³,,raw,01:00:00,2016-11-03T15:15:00Z,2016-11-03T20:45:00+05:30,2016-11-03T16:15:00Z,2016-11-03T21:45:00+05:30,1,01:00:00,1,00:15:00,100.0,0.0,2016-11-03T16:00:00Z,2016-11-03T21:30:00+05:30,2016-11-03T16:15:00Z,2016-11-03T21:45:00+05:30
229.0,,,False,2,pm25,µg/m³,,raw,01:00:00,2016-11-03T15:30:00Z,2016-11-03T21:00:00+05:30,2016-11-03T16:30:00Z,2016-11-03T22:00:00+05:30,1,01:00:00,1,00:15:00,100.0,0.0,2016-11-03T16:15:00Z,2016-11-03T21:45:00+05:30,2016-11-03T16:30:00Z,2016-11-03T22:00:00+05:30
278.0,,,False,2,pm25,µg/m³,,raw,01:00:00,2016-11-03T15:45:00Z,2016-11-03T21:15:00+05:30,2016-11-03T16:45:00Z,2016-11-03T22:15:00+05:30,1,01:00:00,1,00:15:00,100.0,0.0,2016-11-03T16:30:00Z,2016-11-03T22:00:00+05:30,2016-11-03T16:45:00Z,2016-11-03T22:15:00+05:30
280.0,,,False,2,pm25,µg/m³,,raw,01:00:00,2016-11-03T16:00:00Z,2016-11-03T21:30:00+05:30,2016-11-03T17:00:00Z,2016-11-03T22:30:00+05:30,1,01:00:00,1,00:15:00,100.0,0.0,2016-11-03T16:45:00Z,2016-11-03T22:15:00+05:30,2016-11-03T17:00:00Z,2016-11-03T22:30:00+05:30
280.0,,,False,2,pm25,µg/m³,,raw,01:00:00,2016-11-03T16:15:00Z,2016-11-03T21:45:00+05:30,2016-11-03T17:15:00Z,2016-11-03T22:45:00+05:30,1,01:00:00,1,00:15:00,100.0,0.0,2016-11-03T17:00:00Z,2016-11-03T22:30:00+05:30,2016-11-03T17:15:00Z,2016-11-03T22:45:00+05:30
280.0,,,False,2,pm25,µg/m³,,raw,01:00:00,2016-11-03T16:30:00Z,2016-11-03T22:00:00+05:30,2016-11-03T17:30:00Z,2016-11-03T23:00:00+05:30,1,01:00:00,1,00:15:00,100.0,0.0,2016-11-03T17:15:00Z,2016-11-03T22:45:00+05:30,2016-11-03T17:30:00Z,2016-11-03T23:00:00+05:30
300.0,,,False,2,pm25,µg/m³,,raw,01:00:00,2016-11-03T16:45:00Z,2016-11-03T22:15:00+05:30,2016-11-03T17:45:00Z,2016-11-03T23:15:00+05:30,1,01:00:00,1,00:15:00,100.0,0.0,2016-11-03T17:30:00Z,2016-11-03T23:00:00+05:30,2016-11-03T17:45:00Z,2016-11-03T23:15:00+05:30
300.0,,,False,2,pm25,µg/m³,,raw,01:00:00,2016-11-03T17:00:00Z,2016-11-03T22:30:00+05:30,2016-11-03T18:00:00Z,2016-11-03T23:30:00+05:30,1,01:00:00,1,00:15:00,100.0,0.0,2016-11-03T17:45:00Z,2016-11-03T23:15:00+05:30,2016-11-03T18:00:00Z,2016-11-03T23:30:00+05:30
300.0,,,False,2,pm25,µg/m³,,raw,01:00:00,2016-11-03T17:15:00Z,2016-11-03T22:45:00+05:30,2016-11-03T18:15:00Z,2016-11-03T23:45:00+05:30,1,01:00:00,1,00:15:00,100.0,0.0,2016-11-03T18:00:00Z,2016-11-03T23:30:00+05:30,2016-11-03T18:15:00Z,2016-11-03T23:45:00+05:30
269.0,,,False,2,pm25,µg/m³,,raw,01:00:00,2016-11-03T17:45:00Z,2016-11-03T23:15:00+05:30,2016-11-03T18:45:00Z,2016-11-04T00:15:00+05:30,1,01:00:00,1,00:15:00,100.0,0.0,2016-11-03T18:30:00Z,2016-11-04T00:00:00+05:30,2016-11-03T18:45:00Z,2016-11-04T00:15:00+05:30
268.0,,,False,2,pm25,µg/m³,,raw,01:00:00,2016-11-03T18:00:00Z,2016-11-03T23:30:00+05:30,2016-11-03T19:00:00Z,2016-11-04T00:30:00+05:30,1,01:00:00,1,00:15:00,100.0,0.0,2016-11-03T18:45:00Z,2016-11-04T00:15:00+05:30,2016-11-03T19:00:00Z,2016-11-04T00:30:00+05:30
268.0,,,False,2,pm25,µg/m³,,raw,01:00:00,2016-11-03T18:15:00Z,2016-11-03T23:45:00+05:30,2016-11-03T19:15:00Z,2016-11-04T00:45:00+05:30,1,01:00:00,1,00:15:00,100.0,0.0,2016-11-03T19:00:00Z,2016-11-04T00:30:00+05:30,2016-11-03T19:15:00Z,2016-11-04T00:45:00+05:30
268.0,,,False,2,pm25,µg/m³,,raw,01:00:00,2016-11-03T18:30:00Z,2016-11-04T00:00:00+05:30,2016-11-03T19:30:00Z,2016-11-04T01:00:00+05:30,1,01:00:00,1,00:15:00,100.0,0.0,2016-11-03T19:15:00Z,2016-11-04T00:45:00+05:30,2016-11-03T19:30:00Z,2016-11-04T01:00:00+05:30
285.0,,,False,2,pm25,µg/m³,,raw,01:00:00,2016-11-03T18:45:00Z,2016-11-04T00:15:00+05:30,2016-11-03T19:45:00Z,2016-11-04T01:15:00+05:30,1,01:00:00,1,00:15:00,100.0,0.0,2016-11-03T19:30:00Z,2016-11-04T01:00:00+05:30,2016-11-03T19:45:00Z,2016-11-04T01:15:00+05:30
286.0,,,False,2,pm25,µg/m³,,raw,01:00:00,2016-11-03T19:00:00Z,2016-11-04T00:30:00+05:30,2016-11-03T20:00:00Z,2016-11-04T01:30:00+05:30,1,01:00:00,1,00:15:00,100.0,0.0,2016-11-03T19:45:00Z,2016-11-04T01:15:00+05:30,2016-11-03T20:00:00Z,2016-11-04T01:30:00+05:30
286.0,,,False,2,pm25,µg/m³,,raw,01:00:00,2016-11-03T19:15:00Z,2016-11-04T00:45:00+05:30,2016-11-03T20:15:00Z,2016-11-04T01:45:00+05:30,1,01:00:00,1,00:15:00,100.0,0.0,2016-11-03T20:00:00Z,2016-11-04T01:30:00+05:30,2016-11-03T20:15:00Z,2016-11-04T01:45:00+05:30
286.0,,,False,2,pm25,µg/m³,,raw,01:00:00,2016-11-03T19:30:00Z,2016-11-04T01:00:00+05:30,2016-11-03T20:30:00Z,2016-11-04T02:00:00+05:30,1,01:00:00,1,00:15:00,100.0,0.0,2016-11-03T20:15:00Z,2016-11-04T01:45:00+05:30,2016-11-03T20:30:00Z,2016-11-04T02:00:00+05:30
356.0,,,False,2,pm25,µg/m³,,raw,01:00:00,2016-11-03T19:45:00Z,2016-11-04T01:15:00+05:30,2016-11-03T20:45:00Z,2016-11-04T02:15:00+05:30,1,01:00:00,1,00:15:00,100.0,0.0,2016-11-03T20:30:00Z,2016-11-04T02:00:00+05:30,2016-11-03T20:45:00Z,2016-11-04T02:15:00+05:30
358.0,,,False,2,pm25,µg/m³,,raw,01:00:00,2016-11-03T20:00:00Z,2016-11-04T01:30:00+05:30,2016-11-03T21:00:00Z,2016-11-04T02:30:00+05:30,1,01:00:00,1,00:15:00,100.0,0.0,2016-11-03T20:45:00Z,2016-11-04T02:15:00+05:30,2016-11-03T21:00:00Z,2016-11-04T02:30:00+05:30
358.0,,,False,2,pm25,µg/m³,,raw,01:00:00,2016-11-03T20:15:00Z,2016-11-04T01:45:00+05:30,2016-11-03T21:15:00Z,2016-11-04T02:45:00+05:30,1,01:00:00,1,00:15:00,100.0,0.0,2016-11-03T21:00:00Z,2016-11-04T02:30:00+05:30,2016-11-03T21:15:00Z,2016-11-04T02:45:00+05:30
358.0,,,False,2,pm25,µg/m³,,raw,01:00:00,2016-11-03T20:30:00Z,2016-11-04T02:00:00+05:30,2016-11-03T21:30:00Z,2016-11-04T03:00:00+05:30,1,01:00:00,1,00:15:00,100.0,0.0,2016-11-03T21:15:00Z,2016-11-04T02:45:00+05:30,2016-11-03T21:30:00Z,2016-11-04T03:00:00+05:30
366.0,,,False,2,pm25,µg/m³,,raw,01:00:00,2016-11-03T21:45:00Z,2016-11-04T03:15:00+05:30,2016-11-03T22:45:00Z,2016-11-04T04:15:00+05:30,1,01:00:00,1,00:15:00,100.0,0.0,2016-11-03T22:30:00Z,2016-11-04T04:00:00+05:30,2016-11-03T22:45:00Z,2016-11-04T04:15:00+05:30
366.0,,,False,2,pm25,µg/m³,,raw,01:00:00,2016-11-03T22:00:00Z,2016-11-04T03:30:00+05:30,2016-11-03T23:00:00Z,2016-11-04T04:30:00+05:30,1,01:00:00,1,00:15:00,100.0,0.0,2016-11-03T22:45:00Z,2016-11-04T04:15:00+05:30,2016-11-03T23:00:00Z,2016-11-04T04:30:00+05:30
366.0,,,False,2,pm25,µg/m³,,raw,01:00:00,2016-11-03T22:15:00Z,2016-11-04T03:45:00+05:30,2016-11-03T23:15:00Z,2016-11-04T04:45:00+05:30,1,01:00:00,1,00:15:00,100.0,0.0,2016-11-03T23:00:00Z,2016-11-04T04:30:00+05:30,2016-11-03T23:15:00Z,2016-11-04T04:45:00+05:30
366.0,,,False,2,pm25,µg/m³,,raw,01:00:00,2016-11-03T22:30:00Z,2016-11-04T04:00:00+05:30,2016-11-03T23:30:00Z,2016-11-04T05:00:00+05:30,1,01:00:00,1,00:15:00,100.0,0.0,2016-11-03T23:15:00Z,2016-11-04T04:45:00+05:30,2016-11-03T23:30:00Z,2016-11-04T05:00:00+05:30
437.0,,,False,2,pm25,µg/m³,,raw,01:00:00,2016-11-03T22:45:00Z,2016-11-04T04:15:00+05:30,2016-11-03T23:45:00Z,2016-11-04T05:15:00+05:30,1,01:00:00,1,00:15:00,100.0,0.0,2016-11-03T23:30:00Z,2016-11-04T05:00:00+05:30,2016-11-03T23:45:00Z,2016-11-04T05:15:00+05:30
439.0,,,False,2,pm25,µg/m³,,raw,01:00:00,2016-11-03T23:00:00Z,2016-11-04T04:30:00+05:30,2016-11-04T00:00:00Z,2016-11-04T05:30:00+05:30,1,01:00:00,1,00:15:00,100.0,0.0,2016-11-03T23:45:00Z,2016-11-04T05:15:00+05:30,2016-11-04T00:00:00Z,2016-11-04T05:30:00+05:30
439.0,,,False,2,pm25,µg/m³,,raw,01:00:00,2016-11-03T23:15:00Z,2016-11-04T04:45:00+05:30,2016-11-04T00:15:00Z,2016-11-04T05:45:00+05:30,1,01:00:00,1,00:15:00,100.0,0.0,2016-11-04T00:00:00Z,2016-11-04T05:30:00+05:30,2016-11-04T00:15:00Z,2016-11-04T05:45:00+05:30
439.0,,,False,2,pm25,µg/m³,,raw,01:00:00,2016-11-03T23:30:00Z,2016-11-04T05:00:00+05:30,2016-11-04T00:30:00Z,2016-11-04T06:00:00+05:30,1,01:00:00,1,00:15:00,100.0,0.0,2016-11-04T00:15:00Z,2016-11-04T05:45:00+05:30,2016-11-04T00:30:00Z,2016-11-04T06:00:00+05:30
388.0,,,False,2,pm25,µg/m³,,raw,01:00:00,2016-11-03T23:45:00Z,2016-11-04T05:15:00+05:30,2016-11-04T00:45:00Z,2016-11-04T06:15:00+05:30,1,01:00:00,1,00:15:00,100.0,0.0,2016-11-04T00:30:00Z,2016-11-04T06:00:00+05:30,2016-11-04T00:45:00Z,2016-11-04T06:15:00+05:30
387.0,,,False,2,pm25,µg/m³,,raw,01:00:00,2016-11-04T00:00:00Z,2016-11-04T05:30:00+05:30,2016-11-04T01:00:00Z,2016-11-04T06:30:00+05:30,1,01:00:00,1,00:15:00,100.0,0.0,2016-11-04T00:45:00Z,2016-11-04T06:15:00+05:30,2016-11-04T01:00:00Z,2016-11-04T06:30:00+05:30
387.0,,,False,2,pm25,µg/m³,,raw,01:00:00,2016-11-04T00:15:00Z,2016-11-04T05:45:00+05:30,2016-11-04T01:15:00Z,2016-11-04T06:45:00+05:30,1,01:00:00,1,00:15:00,100.0,0.0,2016-11-04T01:00:00Z,2016-11-04T06:30:00+05:30,2016-11-04T01:15:00Z,2016-11-04T06:45:00+05:30
387.0,,,False,2,pm25,µg/m³,,raw,01:00:00,2016-11-04T00:30:00Z,2016-11-04T06:00:00+05:30,2016-11-04T01:30:00Z,2016-11-04T07:00:00+05:30,1,01:00:00,1,00:15:00,100.0,0.0,2016-11-04T01:15:00Z,2016-11-04T06:45:00+05:30,2016-11-04T01:30:00Z,2016-11-04T07:00:00+05:30
433.0,,,False,2,pm25,µg/m³,,raw,01:00:00,2016-11-04T00:45:00Z,2016-11-04T06:15:00+05:30,2016-11-04T01:45:00Z,2016-11-04T07:15:00+05:30,1,01:00:00,1,00:15:00,100.0,0.0,2016-11-04T01:30:00Z,2016-11-04T07:00:00+05:30,2016-11-04T01:45:00Z,2016-11-04T07:15:00+05:30
435.0,,,False,2,pm25,µg/m³,,raw,01:00:00,2016-11-04T01:00:00Z,2016-11-04T06:30:00+05:30,2016-11-04T02:00:00Z,2016-11-04T07:30:00+05:30,1,01:00:00,1,00:15:00,100.0,0.0,2016-11-04T01:45:00Z,2016-11-04T07:15:00+05:30,2016-11-04T02:00:00Z,2016-11-04T07:30:00+05:30
435.0,,,False,2,pm25,µg/m³,,raw,01:00:00,2016-11-04T01:15:00Z,2016-11-04T06:45:00+05:30,2016-11-04T02:15:00Z,2016-11-04T07:45:00+05:30,1,01:00:00,1,00:15:00,100.0,0.0,2016-11-04T02:00:00Z,2016-11-04T07:30:00+05:30,2016-11-04T02:15:00Z,2016-11-04T07:45:00+05:30
435.0,,,False,2,pm25,µg/m³,,raw,01:00:00,2016-11-04T01:30:00Z,2016-11-04T07:00:00+05:30,2016-11-04T02:30:00Z,2016-11-04T08:00:00+05:30,1,01:00:00,1,00:15:00,100.0,0.0,2016-11-04T02:15:00Z,2016-11-04T07:45:00+05:30,2016-11-04T02:30:00Z,2016-11-04T08:00:00+05:30
434.0,,,False,2,pm25,µg/m³,,raw,01:00:00,2016-11-04T07:45:00Z,2016-11-04T13:15:00+05:30,2016-11-04T08:45:00Z,2016-11-04T14:15:00+05:30,1,01:00:00,1,00:15:00,100.0,0.0,2016-11-04T08:30:00Z,2016-11-04T14:00:00+05:30,2016-11-04T08:45:00Z,2016-11-04T14:15:00+05:30
413.0,,,False,2,pm25,µg/m³,,raw,01:00:00,2016-11-04T08:00:00Z,2016-11-04T13:30:00+05:30,2016-11-04T09:00:00Z,2016-11-04T14:30:00+05:30,1,01:00:00,1,00:15:00,100.0,0.0,2016-11-04T08:45:00Z,2016-11-04T14:15:00+05:30,2016-11-04T09:00:00Z,2016-11-04T14:30:00+05:30
413.0,,,False,2,pm25,µg/m³,,raw,01:00:00,2016-11-04T08:15:00Z,2016-11-04T13:45:00+05:30,2016-11-04T09:15:00Z,2016-11-04T14:45:00+05:30,1,01:00:00,1,00:15:00,100.0,0.0,2016-11-04T09:00:00Z,2016-11-04T14:30:00+05:30,2016-11-04T09:15:00Z,2016-11-04T14:45:00+05:30
413.0,,,False,2,pm25,µg/m³,,raw,01:00:00,2016-11-04T08:30:00Z,2016-11-04T14:00:00+05:30,2016-11-04T09:30:00Z,2016-11-04T15:00:00+05:30,1,01:00:00,1,00:15:00,100.0,0.0,2016-11-04T09:15:00Z,2016-11-04T14:45:00+05:30,2016-11-04T09:30:00Z,2016-11-04T15:00:00+05:30
462.0,,,False,2,pm25,µg/m³,,raw,01:00:00,2016-11-04T08:45:00Z,2016-11-04T14:15:00+05:30,2016-11-04T09:45:00Z,2016-11-04T15:15:00+05:30,1,01:00:00,1,00:15:00,100.0,0.0,2016-11-04T09:30:00Z,2016-11-04T15:00:00+05:30,2016-11-04T09:45:00Z,2016-11-04T15:15:00+05:30
463.0,,,False,2,pm25,µg/m³,,raw,01:00:00,2016-11-04T09:00:00Z,2016-11-04T14:30:00+05:30,2016-11-04T10:00:00Z,2016-11-04T15:30:00+05:30,1,01:00:00,1,00:15:00,100.0,0.0,2016-11-04T09:45:00Z,2016-11-04T15:15:00+05:30,2016-11-04T10:00:00Z,2016-11-04T15:30:00+05:30
463.0,,,False,2,pm25,µg/m³,,raw,01:00:00,2016-11-04T09:15:00Z,2016-11-04T14:45:00+05:30,2016-11-04T10:15:00Z,2016-11-04T15:45:00+05:30,1,01:00:00,1,00:15:00,100.0,0.0,2016-11-04T10:00:00Z,2016-11-04T15:30:00+05:30,2016-11-04T10:15:00Z,2016-11-04T15:45:00+05:30
463.0,,,False,2,pm25,µg/m³,,raw,01:00:00,2016-11-04T09:30:00Z,2016-11-04T15:00:00+05:30,2016-11-04T10:30:00Z,2016-11-04T16:00:00+05:30,1,01:00:00,1,00:15:00,100.0,0.0,2016-11-04T10:15:00Z,2016-11-04T15:45:00+05:30,2016-11-04T10:30:00Z,2016-11-04T16:00:00+05:30
468.0,,,False,2,pm25,µg/m³,,raw,01:00:00,2016-11-04T09:45:00Z,2016-11-04T15:15:00+05:30,2016-11-04T10:45:00Z,2016-11-04T16:15:00+05:30,1,01:00:00,1,00:15:00,100.0,0.0,2016-11-04T10:30:00Z,2016-11-04T16:00:00+05:30,2016-11-04T10:45:00Z,2016-11-04T16:15:00+05:30
468.0,,,False,2,pm25,µg/m³,,raw,01:00:00,2016-11-04T10:00:00Z,2016-11-04T15:30:00+05:30,2016-11-04T11:00:00Z,2016-11-04T16:30:00+05:30,1,01:00:00,1,00:15:00,100.0,0.0,2016-11-04T10:45:00Z,2016-11-04T16:15:00+05:30,2016-11-04T11:00:00Z,2016-11-04T16:30:00+05:30
468.0,,,False,2,pm25,µg/m³,,raw,01:00:00,2016-11-04T10:15:00Z,2016-11-04T15:45:00+05:30,2016-11-04T11:15:00Z,2016-11-04T16:45:00+05:30,1,01:00:00,1,00:15:00,100.0,0.0,2016-11-04T11:00:00Z,2016-11-04T16:30:00+05:30,2016-11-04T11:15:00Z,2016-11-04T16:45:00+05:30
468.0,,,False,2,pm25,µg/m³,,raw,01:00:00,2016-11-04T10:30:00Z,2016-11-04T16:00:00+05:30,2016-11-04T11:30:00Z,2016-11-04T17:00:00+05:30,1,01:00:00,1,00:15:00,100.0,0.0,2016-11-04T11:15:00Z,2016-11-04T16:45:00+05:30,2016-11-04T11:30:00Z,2016-11-04T17:00:00+05:30
434.0,,,False,2,pm25,µg/m³,,raw,01:00:00,2016-11-04T10:45:00Z,2016-11-04T16:15:00+05:30,2016-11-04T11:45:00Z,2016-11-04T17:15:00+05:30,1,01:00:00,1,00:15:00,100.0,0.0,2016-11-04T11:30:00Z,2016-11-04T17:00:00+05:30,2016-11-04T11:45:00Z,2016-11-04T17:15:00+05:30
432.0,,,False,2,pm25,µg/m³,,raw,01:00:00,2016-11-04T11:00:00Z,2016-11-04T16:30:00+05:30,2016-11-04T12:00:00Z,2016-11-04T17:30:00+05:30,1,01:00:00,1,00:15:00,100.0,0.0,2016-11-04T11:45:00Z,2016-11-04T17:15:00+05:30,2016-11-04T12:00:00Z,2016-11-04T17:30:00+05:30
432.0,,,False,2,pm25,µg/m³,,raw,01:00:00,2016-11-04T11:15:00Z,2016-11-04T16:45:00+05:30,2016-11-04T12:15:00Z,2016-11-04T17:45:00+05:30,1,01:00:00,1,00:15:00,100.0,0.0,2016-11-04T12:00:00Z,2016-11-04T17:30:00+05:30,2016-11-04T12:15:00Z,2016-11-04T17:45:00+05:30
432.0,,,False,2,pm25,µg/m³,,raw,01:00:00,2016-11-04T11:30:00Z,2016-11-04T17:00:00+05:30,2016-11-04T12:30:00Z,2016-11-04T18:00:00+05:30,1,01:00:00,1,00:15:00,100.0,0.0,2016-11-04T12:15:00Z,2016-11-04T17:45:00+05:30,2016-11-04T12:30:00Z,2016-11-04T18:00:00+05:30
460.0,,,False,2,pm25,µg/m³,,raw,01:00:00,2016-11-04T11:45:00Z,2016-11-04T17:15:00+05:30,2016-11-04T12:45:00Z,2016-11-04T18:15:00+05:30,1,01:00:00,1,00:15:00,100.0,0.0,2016-11-04T12:30:00Z,2016-11-04T18:00:00+05:30,2016-11-04T12:45:00Z,2016-11-04T18:15:00+05:30
461.0,,,False,2,pm25,µg/m³,,raw,01:00:00,2016-11-04T12:00:00Z,2016-11-04T17:30:00+05:30,2016-11-04T13:00:00Z,2016-11-04T18:30:00+05:30,1,01:00:00,1,00:15:00,100.0,0.0,2016-11-04T12:45:00Z,2016-11-04T18:15:00+05:30,2016-11-04T13:00:00Z,2016-11-04T18:30:00+05:30
461.0,,,False,2,pm25,µg/m³,,raw,01:00:00,2016-11-04T12:15:00Z,2016-11-04T17:45:00+05:30,2016-11-04T13:15:00Z,2016-11-04T18:45:00+05:30,1,01:00:00,1,00:15:00,100.0,0.0,2016-11-04T13:00:00Z,2016-11-04T18:30:00+05:30,2016-11-04T13:15:00Z,2016-11-04T18:45:00+05:30
461.0,,,False,2,pm25,µg/m³,,raw,01:00:00,2016-11-04T12:30:00Z,2016-11-04T18:00:00+05:30,2016-11-04T13:30:00Z,2016-11-04T19:00:00+05:30,1,01:00:00,1,00:15:00,100.0,0.0,2016-11-04T13:15:00Z,2016-11-04T18:45:00+05:30,2016-11-04T13:30:00Z,2016-11-04T19:00:00+05:30
524.0,,,False,2,pm25,µg/m³,,raw,01:00:00,2016-11-04T12:45:00Z,2016-11-04T18:15:00+05:30,2016-11-04T13:45:00Z,2016-11-04T19:15:00+05:30,1,01:00:00,1,00:15:00,100.0,0.0,2016-11-04T13:30:00Z,2016-11-04T19:00:00+05:30,2016-11-04T13:45:00Z,2016-11-04T19:15:00+05:30
526.0,,,False,2,pm25,µg/m³,,raw,01:00:00,2016-11-04T13:00:00Z,2016-11-04T18:30:00+05:30,2016-11-04T14:00:00Z,2016-11-04T19:30:00+05:30,1,01:00:00,1,00:15:00,100.0,0.0,2016-11-04T13:45:00Z,2016-11-04T19:15:00+05:30,2016-11-04T14:00:00Z,2016-11-04T19:30:00+05:30
526.0,,,False,2,pm25,µg/m³,,raw,01:00:00,2016-11-04T13:15:00Z,2016-11-04T18:45:00+05:30,2016-11-04T14:15:00Z,2016-11-04T19:45:00+05:30,1,01:00:00,1,00:15:00,100.0,0.0,2016-11-04T14:00:00Z,2016-11-04T19:30:00+05:30,2016-11-04T14:15:00Z,2016-11-04T19:45:00+05:30
526.0,,,False,2,pm25,µg/m³,,raw,01:00:00,2016-11-04T13:30:00Z,2016-11-04T19:00:00+05:30,2016-11-04T14:30:00Z,2016-11-04T20:00:00+05:30,1,01:00:00,1,00:15:00,100.0,0.0,2016-11-04T14:15:00Z,2016-11-04T19:45:00+05:30,2016-11-04T14:30:00Z,2016-11-04T20:00:00+05:30
526.0,,,False,2,pm25,µg/m³,,raw,01:00:00,2016-11-04T13:45:00Z,2016-11-04T19:15:00+05:30,2016-11-04T14:45:00Z,2016-11-04T20:15:00+05:30,1,01:00:00,1,00:15:00,100.0,0.0,2016-11-04T14:30:00Z,2016-11-04T20:00:00+05:30,2016-11-04T14:45:00Z,2016-11-04T20:15:00+05:30
880.9,,,False,2,pm25,µg/m³,,raw,01:00:00,2016-11-05T06:00:00Z,2016-11-05T11:30:00+05:30,2016-11-05T07:00:00Z,2016-11-05T12:30:00+05:30,1,01:00:00,1,00:15:00,100.0,0.0,2016-11-05T06:45:00Z,2016-11-05T12:15:00+05:30,2016-11-05T07:00:00Z,2016-11-05T12:30:00+05:30
880.9,,,False,2,pm25,µg/m³,,raw,01:00:00,2016-11-05T06:15:00Z,2016-11-05T11:45:00+05:30,2016-11-05T07:15:00Z,2016-11-05T12:45:00+05:30,1,01:00:00,1,00:15:00,100.0,0.0,2016-11-05T07:00:00Z,2016-11-05T12:30:00+05:30,2016-11-05T07:15:00Z,2016-11-05T12:45:00+05:30
880.9,,,False,2,pm25,µg/m³,,raw,01:00:00,2016-11-05T06:30:00Z,2016-11-05T12:00:00+05:30,2016-11-05T07:30:00Z,2016-11-05T13:00:00+05:30,1,01:00:00,1,00:15:00,100.0,0.0,2016-11-05T07:15:00Z,2016-11-05T12:45:00+05:30,2016-11-05T07:30:00Z,2016-11-05T13:00:00+05:30
976.0,,,False,2,pm25,µg/m³,,raw,01:00:00,2016-11-05T06:45:00Z,2016-11-05T12:15:00+05:30,2016-11-05T07:45:00Z,2016-11-05T13:15:00+05:30,1,01:00:00,1,00:15:00,100.0,0.0,2016-11-05T07:30:00Z,2016-11-05T13:00:00+05:30,2016-11-05T07:45:00Z,2016-11-05T13:15:00+05:30
979.4,,,False,2,pm25,µg/m³,,raw,01:00:00,2016-11-05T07:15:00Z,2016-11-05T12:45:00+05:30,2016-11-05T08:15:00Z,2016-11-05T13:45:00+05:30,1,01:00:00,1,00:15:00,100.0,0.0,2016-11-05T08:00:00Z,2016-11-05T13:30:00+05:30,2016-11-05T08:15:00Z,2016-11-05T13:45:00+05:30
979.4,,,False,2,pm25,µg/m³,,raw,01:00:00,2016-11-05T07:30:00Z,2016-11-05T13:00:00+05:30,2016-11-05T08:30:00Z,2016-11-05T14:00:00+05:30,1,01:00:00,1,00:15:00,100.0,0.0,2016-11-05T08:15:00Z,2016-11-05T13:45:00+05:30,2016-11-05T08:30:00Z,2016-11-05T14:00:00+05:30
901.2,,,False,2,pm25,µg/m³,,raw,01:00:00,2016-11-05T07:45:00Z,2016-11-05T13:15:00+05:30,2016-11-05T08:45:00Z,2016-11-05T14:15:00+05:30,1,01:00:00,1,00:15:00,100.0,0.0,2016-11-05T08:30:00Z,2016-11-05T14:00:00+05:30,2016-11-05T08:45:00Z,2016-11-05T14:15:00+05:30
898.4,,,False,2,pm25,µg/m³,,raw,01:00:00,2016-11-05T08:00:00Z,2016-11-05T13:30:00+05:30,2016-11-05T09:00:00Z,2016-11-05T14:30:00+05:30,1,01:00:00,1,00:15:00,100.0,0.0,2016-11-05T08:45:00Z,2016-11-05T14:15:00+05:30,2016-11-05T09:00:00Z,2016-11-05T14:30:00+05:30
898.4,,,False,2,pm25,µg/m³,,raw,01:00:00,2016-11-05T08:15:00Z,2016-11-05T13:45:00+05:30,2016-11-05T09:15:00Z,2016-11-05T14:45:00+05:30,1,01:00:00,1,00:15:00,100.0,0.0,2016-11-05T09:00:00Z,2016-11-05T14:30:00+05:30,2016-11-05T09:15:00Z,2016-11-05T14:45:00+05:30
898.4,,,False,2,pm25,µg/m³,,raw,01:00:00,2016-11-05T08:30:00Z,2016-11-05T14:00:00+05:30,2016-11-05T09:30:00Z,2016-11-05T15:00:00+05:30,1,01:00:00,1,00:15:00,100.0,0.0,2016-11-05T09:15:00Z,2016-11-05T14:45:00+05:30,2016-11-05T09:30:00Z,2016-11-05T15:00:00+05:30
996.5,,,False,2,pm25,µg/m³,,raw,01:00:00,2016-11-05T08:45:00Z,2016-11-05T14:15:00+05:30,2016-11-05T09:45:00Z,2016-11-05T15:15:00+05:30,1,01:00:00,1,00:15:00,100.0,0.0,2016-11-05T09:30:00Z,2016-11-05T15:00:00+05:30,2016-11-05T09:45:00Z,2016-11-05T15:15:00+05:30
933.5,,,False,2,pm25,µg/m³,,raw,01:00:00,2016-11-06T01:45:00Z,2016-11-06T07:15:00+05:30,2016-11-06T02:45:00Z,2016-11-06T08:15:00+05:30,1,01:00:00,1,00:15:00,100.0,0.0,2016-11-06T02:30:00Z,2016-11-06T08:00:00+05:30,2016-11-06T02:45:00Z,2016-11-06T08:15:00+05:30
931.1,,,False,2,pm25,µg/m³,,raw,01:00:00,2016-11-06T02:00:00Z,2016-11-06T07:30:00+05:30,2016-11-06T03:00:00Z,2016-11-06T08:30:00+05:30,1,01:00:00,1,00:15:00,100.0,0.0,2016-11-06T02:45:00Z,2016-11-06T08:15:00+05:30,2016-11-06T03:00:00Z,2016-11-06T08:30:00+05:30
931.1,,,False,2,pm25,µg/m³,,raw,01:00:00,2016-11-06T02:30:00Z,2016-11-06T08:00:00+05:30,2016-11-06T03:30:00Z,2016-11-06T09:00:00+05:30,1,01:00:00,1,00:15:00,100.0,0.0,2016-11-06T03:15:00Z,2016-11-06T08:45:00+05:30,2016-11-06T03:30:00Z,2016-11-06T09:00:00+05:30
880.1,,,False,2,pm25,µg/m³,,raw,01:00:00,2016-11-06T02:45:00Z,2016-11-06T08:15:00+05:30,2016-11-06T03:45:00Z,2016-11-06T09:15:00+05:30,1,01:00:00,1,00:15:00,100.0,0.0,2016-11-06T03:30:00Z,2016-11-06T09:00:00+05:30,2016-11-06T03:45:00Z,2016-11-06T09:15:00+05:30
878.3,,,False,2,pm25,µg/m³,,raw,01:00:00,2016-11-06T03:00:00Z,2016-11-06T08:30:00+05:30,2016-11-06T04:00:00Z,2016-11-06T09:30:00+05:30,1,01:00:00,1,00:15:00,100.0,0.0,2016-11-06T03:45:00Z,2016-11-06T09:15:00+05:30,2016-11-06T04:00:00Z,2016-11-06T09:30:00+05:30
878.3,,,False,2,pm25,µg/m³,,raw,01:00:00,2016-11-06T03:15:00Z,2016-11-06T08:45:00+05:30,2016-11-06T04:15:00Z,2016-11-06T09:45:00+05:30,1,01:00:00,1,00:15:00,100.0,0.0,2016-11-06T04:00:00Z,2016-11-06T09:30:00+05:30,2016-11-06T04:15:00Z,2016-11-06T09:45:00+05:30
878.3,,,False,2,pm25,µg/m³,,raw,01:00:00,2016-11-06T03:30:00Z,2016-11-06T09:00:00+05:30,2016-11-06T04:30:00Z,2016-11-06T10:00:00+05:30,1,01:00:00,1,00:15:00,100.0,0.0,2016-11-06T04:15:00Z,2016-11-06T09:45:00+05:30,2016-11-06T04:30:00Z,2016-11-06T10:00:00+05:30
687.0,,,False,2,pm25,µg/m³,,raw,01:00:00,2016-11-06T03:45:00Z,2016-11-06T09:15:00+05:30,2016-11-06T04:45:00Z,2016-11-06T10:15:00+05:30,1,01:00:00,1,00:15:00,100.0,0.0,2016-11-06T04:30:00Z,2016-11-06T10:00:00+05:30,2016-11-06T04:45:00Z,2016-11-06T10:15:00+05:30
680.2,,,False,2,pm25,µg/m³,,raw,01:00:00,2016-11-06T04:00:00Z,2016-11-06T09:30:00+05:30,2016-11-06T05:00:00Z,2016-11-06T10:30:00+05:30,1,01:00:00,1,00:15:00,100.0,0.0,2016-11-06T04:45:00Z,2016-11-06T10:15:00+05:30,2016-11-06T05:00:00Z,2016-11-06T10:30:00+05:30
680.2,,,False,2,pm25,µg/m³,,raw,01:00:00,2016-11-06T04:15:00Z,2016-11-06T09:45:00+05:30,2016-11-06T05:15:00Z,2016-11-06T10:45:00+05:30,1,01:00:00,1,00:15:00,100.0,0.0,2016-11-06T05:00:00Z,2016-11-06T10:30:00+05:30,2016-11-06T05:15:00Z,2016-11-06T10:45:00+05:30
680.2,,,False,2,pm25,µg/m³,,raw,01:00:00,2016-11-06T04:30:00Z,2016-11-06T10:00:00+05:30,2016-11-06T05:30:00Z,2016-11-06T11:00:00+05:30,1,01:00:00,1,00:15:00,100.0,0.0,2016-11-06T05:15:00Z,2016-11-06T10:45:00+05:30,2016-11-06T05:30:00Z,2016-11-06T11:00:00+05:30
774.0,,,False,2,pm25,µg/m³,,raw,01:00:00,2016-11-06T04:45:00Z,2016-11-06T10:15:00+05:30,2016-11-06T05:45:00Z,2016-11-06T11:15:00+05:30,1,01:00:00,1,00:15:00,100.0,0.0,2016-11-06T05:30:00Z,2016-11-06T11:00:00+05:30,2016-11-06T05:45:00Z,2016-11-06T11:15:00+05:30
777.4,,,False,2,pm25,µg/m³,,raw,01:00:00,2016-11-06T05:00:00Z,2016-11-06T10:30:00+05:30,2016-11-06T06:00:00Z,2016-11-06T11:30:00+05:30,1,01:00:00,1,00:15:00,100.0,0.0,2016-11-06T05:45:00Z,2016-11-06T11:15:00+05:30,2016-11-06T06:00:00Z,2016-11-06T11:30:00+05:30
777.4,,,False,2,pm25,µg/m³,,raw,01:00:00,2016-11-06T05:15:00Z,2016-11-06T10:45:00+05:30,2016-11-06T06:15:00Z,2016-11-06T11:45:00+05:30,1,01:00:00,1,00:15:00,100.0,0.0,2016-11-06T06:00:00Z,2016-11-06T11:30:00+05:30,2016-11-06T06:15:00Z,2016-11-06T11:45:00+05:30
777.4,,,False,2,pm25,µg/m³,,raw,01:00:00,2016-11-06T05:30:00Z,2016-11-06T11:00:00+05:30,2016-11-06T06:30:00Z,2016-11-06T12:00:00+05:30,1,01:00:00,1,00:15:00,100.0,0.0,2016-11-06T06:15:00Z,2016-11-06T11:45:00+05:30,2016-11-06T06:30:00Z,2016-11-06T12:00:00+05:30
922.2,,,False,2,pm25,µg/m³,,raw,01:00:00,2016-11-06T05:45:00Z,2016-11-06T11:15:00+05:30,2016-11-06T06:45:00Z,2016-11-06T12:15:00+05:30,1,01:00:00,1,00:15:00,100.0,0.0,2016-11-06T06:30:00Z,2016-11-06T12:00:00+05:30,2016-11-06T06:45:00Z,2016-11-06T12:15:00+05:30
927.4,,,False,2,pm25,µg/m³,,raw,01:00:00,2016-11-06T06:00:00Z,2016-11-06T11:30:00+05:30,2016-11-06T07:00:00Z,2016-11-06T12:30:00+05:30,1,01:00:00,1,00:15:00,100.0,0.0,2016-11-06T06:45:00Z,2016-11-06T12:15:00+05:30,2016-11-06T07:00:00Z,2016-11-06T12:30:00+05:30
927.4,,,False,2,pm25,µg/m³,,raw,01:00:00,2016-11-06T06:15:00Z,2016-11-06T11:45:00+05:30,2016-11-06T07:15:00Z,2016-11-06T12:45:00+05:30,1,01:00:00,1,00:15:00,100.0,0.0,2016-11-06T07:00:00Z,2016-11-06T12:30:00+05:30,2016-11-06T07:15:00Z,2016-11-06T12:45:00+05:30
927.4,,,False,2,pm25,µg/m³,,raw,01:00:00,2016-11-06T06:30:00Z,2016-11-06T12:00:00+05:30,2016-11-06T07:30:00Z,2016-11-06T13:00:00+05:30,1,01:00:00,1,00:15:00,100.0,0.0,2016-11-06T07:15:00Z,2016-11-06T12:45:00+05:30,2016-11-06T07:30:00Z,2016-11-06T13:00:00+05:30
997.5,,,False,2,pm25,µg/m³,,raw,01:00:00,2016-11-06T06:45:00Z,2016-11-06T12:15:00+05:30,2016-11-06T07:45:00Z,2016-11-06T13:15:00+05:30,1,01:00:00,1,00:15:00,100.0,0.0,2016-11-06T07:30:00Z,2016-11-06T13:00:00+05:30,2016-11-06T07:45:00Z,2016-11-06T13:15:00+05:30
707.1,,,False,2,pm25,µg/m³,,raw,01:00:00,2016-11-07T04:45:00Z,2016-11-07T10:15:00+05:30,2016-11-07T05:45:00Z,2016-11-07T11:15:00+05:30,1,01:00:00,1,00:15:00,100.0,0.0,2016-11-07T05:30:00Z,2016-11-07T11:00:00+05:30,2016-11-07T05:45:00Z,2016-11-07T11:15:00+05:30
696.5,,,False,2,pm25,µg/m³,,raw,01:00:00,2016-11-07T05:00:00Z,2016-11-07T10:30:00+05:30,2016-11-07T06:00:00Z,2016-11-07T11:30:00+05:30,1,01:00:00,1,00:15:00,100.0,0.0,2016-11-07T05:45:00Z,2016-11-07T11:15:00+05:30,2016-11-07T06:00:00Z,2016-11-07T11:30:00+05:30
696.5,,,False,2,pm25,µg/m³,,raw,01:00:00,2016-11-07T05:15:00Z,2016-11-07T10:45:00+05:30,2016-11-07T06:15:00Z,2016-11-07T11:45:00+05:30,1,01:00:00,1,00:15:00,100.0,0.0,2016-11-07T06:00:00Z,2016-11-07T11:30:00+05:30,2016-11-07T06:15:00Z,2016-11-07T11:45:00+05:30
696.5,,,False,2,pm25,µg/m³,,raw,01:00:00,2016-11-07T05:30:00Z,2016-11-07T11:00:00+05:30,2016-11-07T06:30:00Z,2016-11-07T12:00:00+05:30,1,01:00:00,1,00:15:00,100.0,0.0,2016-11-07T06:15:00Z,2016-11-07T11:45:00+05:30,2016-11-07T06:30:00Z,2016-11-07T12:00:00+05:30
338.7,,,False,2,pm25,µg/m³,,raw,01:00:00,2016-11-07T05:45:00Z,2016-11-07T11:15:00+05:30,2016-11-07T06:45:00Z,2016-11-07T12:15:00+05:30,1,01:00:00,1,00:15:00,100.0,0.0,2016-11-07T06:30:00Z,2016-11-07T12:00:00+05:30,2016-11-07T06:45:00Z,2016-11-07T12:15:00+05:30
325.9,,,False,2,pm25,µg/m³,,raw,01:00:00,2016-11-07T06:00:00Z,2016-11-07T11:30:00+05:30,2016-11-07T07:00:00Z,2016-11-07T12:30:00+05:30,1,01:00:00,1,00:15:00,100.0,0.0,2016-11-07T06:45:00Z,2016-11-07T12:15:00+05:30,2016-11-07T07:00:00Z,2016-11-07T12:30:00+05:30
325.9,,,False,2,pm25,µg/m³,,raw,01:00:00,2016-11-07T06:15:00Z,2016-11-07T11:45:00+05:30,2016-11-07T07:15:00Z,2016-11-07T12:45:00+05:30,1,01:00:00,1,00:15:00,100.0,0.0,2016-11-07T07:00:00Z,2016-11-07T12:30:00+05:30,2016-11-07T07:15:00Z,2016-11-07T12:45:00+05:30
325.9,,,False,2,pm25,µg/m³,,raw,01:00:00,2016-11-07T06:30:00Z,2016-11-07T12:00:00+05:30,2016-11-07T07:30:00Z,2016-11-07T13:00:00+05:30,1,01:00:00,1,00:15:00,100.0,0.0,2016-11-07T07:15:00Z,2016-11-07T12:45:00+05:30,2016-11-07T07:30:00Z,2016-11-07T13:00:00+05:30
261.9,,,False,2,pm25,µg/m³,,raw,01:00:00,2016-11-07T06:45:00Z,2016-11-07T12:15:00+05:30,2016-11-07T07:45:00Z,2016-11-07T13:15:00+05:30,1,01:00:00,1,00:15:00,100.0,0.0,2016-11-07T07:30:00Z,2016-11-07T13:00:00+05:30,2016-11-07T07:45:00Z,2016-11-07T13:15:00+05:30
189.8,,,False,2,pm25,µg/m³,,raw,01:00:00,2016-11-07T08:00:00Z,2016-11-07T13:30:00+05:30,2016-11-07T09:00:00Z,2016-11-07T14:30:00+05:30,1,01:00:00,1,00:15:00,100.0,0.0,2016-11-07T08:45:00Z,2016-11-07T14:15:00+05:30,2016-11-07T09:00:00Z,2016-11-07T14:30:00+05:30
189.8,,,False,2,pm25,µg/m³,,raw,01:00:00,2016-11-07T08:15:00Z,2016-11-07T13:45:00+05:30,2016-11-07T09:15:00Z,2016-11-07T14:45:00+05:30,1,01:00:00,1,00:15:00,100.0,0.0,2016-11-07T09:00:00Z,2016-11-07T14:30:00+05:30,2016-11-07T09:15:00Z,2016-11-07T14:45:00+05:30
189.8,,,False,2,pm25,µg/m³,,raw,01:00:00,2016-11-07T08:30:00Z,2016-11-07T14:00:00+05:30,2016-11-07T09:30:00Z,2016-11-07T15:00:00+05:30,1,01:00:00,1,00:15:00,100.0,0.0,2016-11-07T09:15:00Z,2016-11-07T14:45:00+05:30,2016-11-07T09:30:00Z,2016-11-07T15:00:00+05:30
139.7,,,False,2,pm25,µg/m³,,raw,01:00:00,2016-11-07T08:45:00Z,2016-11-07T14:15:00+05:30,2016-11-07T09:45:00Z,2016-11-07T15:15:00+05:30,1,01:00:00,1,00:15:00,100.0,0.0,2016-11-07T09:30:00Z,2016-11-07T15:00:00+05:30,2016-11-07T09:45:00Z,2016-11-07T15:15:00+05:30
137.9,,,False,2,pm25,µg/m³,,raw,01:00:00,2016-11-07T09:00:00Z,2016-11-07T14:30:00+05:30,2016-11-07T10:00:00Z,2016-11-07T15:30:00+05:30,1,01:00:00,1,00:15:00,100.0,0.0,2016-11-07T09:45:00Z,2016-11-07T15:15:00+05:30,2016-11-07T10:00:00Z,2016-11-07T15:30:00+05:30
137.9,,,False,2,pm25,µg/m³,,raw,01:00:00,2016-11-07T09:15:00Z,2016-11-07T14:45:00+05:30,2016-11-07T10:15:00Z,2016-11-07T15:45:00+05:30,1,01:00:00,1,00:15:00,100.0,0.0,2016-11-07T10:00:00Z,2016-11-07T15:30:00+05:30,2016-11-07T10:15:00Z,2016-11-07T15:45:00+05:30
137.9,,,False,2,pm25,µg/m³,,raw,01:00:00,2016-11-07T09:30:00Z,2016-11-07T15:00:00+05:30,2016-11-07T10:30:00Z,2016-11-07T16:00:00+05:30,1,01:00:00,1,00:15:00,100.0,0.0,2016-11-07T10:15:00Z,2016-11-07T15:45:00+05:30,2016-11-07T10:30:00Z,2016-11-07T16:00:00+05:30
114.5,,,False,2,pm25,µg/m³,,raw,01:00:00,2016-11-07T09:45:00Z,2016-11-07T15:15:00+05:30,2016-11-07T10:45:00Z,2016-11-07T16:15:00+05:30,1,01:00:00,1,00:15:00,100.0,0.0,2016-11-07T10:30:00Z,2016-11-07T16:00:00+05:30,2016-11-07T10:45:00Z,2016-11-07T16:15:00+05:30
113.7,,,False,2,pm25,µg/m³,,raw,01:00:00,2016-11-07T10:00:00Z,2016-11-07T15:30:00+05:30,2016-11-07T11:00:00Z,2016-11-07T16:30:00+05:30,1,01:00:00,1,00:15:00,100.0,0.0,2016-11-07T10:45:00Z,2016-11-07T16:15:00+05:30,2016-11-07T11:00:00Z,2016-11-07T16:30:00+05:30
113.7,,,False,2,pm25,µg/m³,,raw,01:00:00,2016-11-07T10:15:00Z,2016-11-07T15:45:00+05:30,2016-11-07T11:15:00Z,2016-11-07T16:45:00+05:30,1,01:00:00,1,00:15:00,100.0,0.0,2016-11-07T11:00:00Z,2016-11-07T16:30:00+05:30,2016-11-07T11:15:00Z,2016-11-07T16:45:00+05:30
113.7,,,False,2,pm25,µg/m³,,raw,01:00:00,2016-11-07T10:30:00Z,2016-11-07T16:00:00+05:30,2016-11-07T11:30:00Z,2016-11-07T17:00:00+05:30,1,01:00:00,1,00:15:00,100.0,0.0,2016-11-07T11:15:00Z,2016-11-07T16:45:00+05:30,2016-11-07T11:30:00Z,2016-11-07T17:00:00+05:30
117.3,,,False,2,pm25,µg/m³,,raw,01:00:00,2016-11-07T10:45:00Z,2016-11-07T16:15:00+05:30,2016-11-07T11:45:00Z,2016-11-07T17:15:00+05:30,1,01:00:00,1,00:15:00,100.0,0.0,2016-11-07T11:30:00Z,2016-11-07T17:00:00+05:30,2016-11-07T11:45:00Z,2016-11-07T17:15:00+05:30
117.4,,,False,2,pm25,µg/m³,,raw,01:00:00,2016-11-07T11:00:00Z,2016-11-07T16:30:00+05:30,2016-11-07T12:00:00Z,2016-11-07T17:30:00+05:30,1,01:00:00,1,00:15:00,100.0,0.0,2016-11-07T11:45:00Z,2016-11-07T17:15:00+05:30,2016-11-07T12:00:00Z,2016-11-07T17:30:00+05:30
117.4,,,False,2,pm25,µg/m³,,raw,01:00:00,2016-11-07T11:15:00Z,2016-11-07T16:45:00+05:30,2016-11-07T12:15:00Z,2016-11-07T17:45:00+05:30,1,01:00:00,1,00:15:00,100.0,0.0,2016-11-07T12:00:00Z,2016-11-07T17:30:00+05:30,2016-11-07T12:15:00Z,2016-11-07T17:45:00+05:30
117.4,,,False,2,pm25,µg/m³,,raw,01:00:00,2016-11-07T11:30:00Z,2016-11-07T17:00:00+05:30,2016-11-07T12:30:00Z,2016-11-07T18:00:00+05:30,1,01:00:00,1,00:15:00,100.0,0.0,2016-11-07T12:15:00Z,2016-11-07T17:45:00+05:30,2016-11-07T12:30:00Z,2016-11-07T18:00:00+05:30
155.9,,,False,2,pm25,µg/m³,,raw,01:00:00,2016-11-07T11:45:00Z,2016-11-07T17:15:00+05:30,2016-11-07T12:45:00Z,2016-11-07T18:15:00+05:30,1,01:00:00,1,00:15:00,100.0,0.0,2016-11-07T12:30:00Z,2016-11-07T18:00:00+05:30,2016-11-07T12:45:00Z,2016-11-07T18:15:00+05:30
157.3,,,False,2,pm25,µg/m³,,raw,01:00:00,2016-11-07T12:00:00Z,2016-11-07T17:30:00+05:30,2016-11-07T13:00:00Z,2016-11-07T18:30:00+05:30,1,01:00:00,1,00:15:00,100.0,0.0,2016-11-07T12:45:00Z,2016-11-07T18:15:00+05:30,2016-11-07T13:00:00Z,2016-11-07T18:30:00+05:30
157.3,,,False,2,pm25,µg/m³,,raw,01:00:00,2016-11-07T12:15:00Z,2016-11-07T17:45:00+05:30,2016-11-07T13:15:00Z,2016-11-07T18:45:00+05:30,1,01:00:00,1,00:15:00,100.0,0.0,2016-11-07T13:00:00Z,2016-11-07T18:30:00+05:30,2016-11-07T13:15:00Z,2016-11-07T18:45:00+05:30
157.3,,,False,2,pm25,µg/m³,,raw,01:00:00,2016-11-07T12:30:00Z,2016-11-07T18:00:00+05:30,2016-11-07T13:30:00Z,2016-11-07T19:00:00+05:30,1,01:00:00,1,00:15:00,100.0,0.0,2016-11-07T13:15:00Z,2016-11-07T18:45:00+05:30,2016-11-07T13:30:00Z,2016-11-07T19:00:00+05:30
228.5,,,False,2,pm25,µg/m³,,raw,01:00:00,2016-11-07T12:45:00Z,2016-11-07T18:15:00+05:30,2016-11-07T13:45:00Z,2016-11-07T19:15:00+05:30,1,01:00:00,1,00:15:00,100.0,0.0,2016-11-07T13:30:00Z,2016-11-07T19:00:00+05:30,2016-11-07T13:45:00Z,2016-11-07T19:15:00+05:30
231.1,,,False,2,pm25,µg/m³,,raw,01:00:00,2016-11-07T13:00:00Z,2016-11-07T18:30:00+05:30,2016-11-07T14:00:00Z,2016-11-07T19:30:00+05:30,1,01:00:00,1,00:15:00,100.0,0.0,2016-11-07T13:45:00Z,2016-11-07T19:15:00+05:30,2016-11-07T14:00:00Z,2016-11-07T19:30:00+05:30
231.1,,,False,2,pm25,µg/m³,,raw,01:00:00,2016-11-07T13:15:00Z,2016-11-07T18:45:00+05:30,2016-11-07T14:15:00Z,2016-11-07T19:45:00+05:30,1,01:00:00,1,00:15:00,100.0,0.0,2016-11-07T14:00:00Z,2016-11-07T19:30:00+05:30,2016-11-07T14:15:00Z,2016-11-07T19:45:00+05:30
231.1,,,False,2,pm25,µg/m³,,raw,01:00:00,2016-11-07T13:30:00Z,2016-11-07T19:00:00+05:30,2016-11-07T14:30:00Z,2016-11-07T20:00:00+05:30,1,01:00:00,1,00:15:00,100.0,0.0,2016-11-07T14:15:00Z,2016-11-07T19:45:00+05:30,2016-11-07T14:30:00Z,2016-11-07T20:00:00+05:30
274.6,,,False,2,pm25,µg/m³,,raw,01:00:00,2016-11-07T13:45:00Z,2016-11-07T19:15:00+05:30,2016-11-07T14:45:00Z,2016-11-07T20:15:00+05:30,1,01:00:00,1,00:15:00,100.0,0.0,2016-11-07T14:30:00Z,2016-11-07T20:00:00+05:30,2016-11-07T14:45:00Z,2016-11-07T20:15:00+05:30
276.2,,,False,2,pm25,µg/m³,,raw,01:00:00,2016-11-07T14:00:00Z,2016-11-07T19:30:00+05:30,2016-11-07T15:00:00Z,2016-11-07T20:30:00+05:30,1,01:00:00,1,00:15:00,100.0,0.0,2016-11-07T14:45:00Z,2016-11-07T20:15:00+05:30,2016-11-07T15:00:00Z,2016-11-07T20:30:00+05:30
276.2,,,False,2,pm25,µg/m³,,raw,01:00:00,2016-11-07T14:15:00Z,2016-11-07T19:45:00+05:30,2016-11-07T15:15:00Z,2016-11-07T20:45:00+05:30,1,01:00:00,1,00:15:00,100.0,0.0,2016-11-07T15:00:00Z,2016-11-07T20:30:00+05:30,2016-11-07T15:15:00Z,2016-11-07T20:45:00+05:30
276.2,,,False,2,pm25,µg/m³,,raw,01:00:00,2016-11-07T14:30:00Z,2016-11-07T20:00:00+05:30,2016-11-07T15:30:00Z,2016-11-07T21:00:00+05:30,1,01:00:00,1,00:15:00,100.0,0.0,2016-11-07T15:15:00Z,2016-11-07T20:45:00+05:30,2016-11-07T15:30:00Z,2016-11-07T21:00:00+05:30
391.9,,,False,2,pm25,µg/m³,,raw,01:00:00,2016-11-07T14:45:00Z,2016-11-07T20:15:00+05:30,2016-11-07T15:45:00Z,2016-11-07T21:15:00+05:30,1,01:00:00,1,00:15:00,100.0,0.0,2016-11-07T15:30:00Z,2016-11-07T21:00:00+05:30,2016-11-07T15:45:00Z,2016-11-07T21:15:00+05:30
396.0,,,False,2,pm25,µg/m³,,raw,01:00:00,2016-11-07T15:00:00Z,2016-11-07T20:30:00+05:30,2016-11-07T16:00:00Z,2016-11-07T21:30:00+05:30,1,01:00:00,1,00:15:00,100.0,0.0,2016-11-07T15:45:00Z,2016-11-07T21:15:00+05:30,2016-11-07T16:00:00Z,2016-11-07T21:30:00+05:30
396.0,,,False,2,pm25,µg/m³,,raw,01:00:00,2016-11-07T15:15:00Z,2016-11-07T20:45:00+05:30,2016-11-07T16:15:00Z,2016-11-07T21:45:00+05:30,1,01:00:00,1,00:15:00,100.0,0.0,2016-11-07T16:00:00Z,2016-11-07T21:30:00+05:30,2016-11-07T16:15:00Z,2016-11-07T21:45:00+05:30
396.0,,,False,2,pm25,µg/m³,,raw,01:00:00,2016-11-07T15:30:00Z,2016-11-07T21:00:00+05:30,2016-11-07T16:30:00Z,2016-11-07T22:00:00+05:30,1,01:00:00,1,00:15:00,100.0,0.0,2016-11-07T16:15:00Z,2016-11-07T21:45:00+05:30,2016-11-07T16:30:00Z,2016-11-07T22:00:00+05:30
532.6,,,False,2,pm25,µg/m³,,raw,01:00:00,2016-11-07T15:45:00Z,2016-11-07T21:15:00+05:30,2016-11-07T16:45:00Z,2016-11-07T22:15:00+05:30,1,01:00:00,1,00:15:00,100.0,0.0,2016-11-07T16:30:00Z,2016-11-07T22:00:00+05:30,2016-11-07T16:45:00Z,2016-11-07T22:15:00+05:30
537.5,,,False,2,pm25,µg/m³,,raw,01:00:00,2016-11-07T16:00:00Z,2016-11-07T21:30:00+05:30,2016-11-07T17:00:00Z,2016-11-07T22:30:00+05:30,1,01:00:00,1,00:15:00,100.0,0.0,2016-11-07T16:45:00Z,2016-11-07T22:15:00+05:30,2016-11-07T17:00:00Z,2016-11-07T22:30:00+05:30
537.5,,,False,2,pm25,µg/m³,,raw,01:00:00,2016-11-07T16:15:00Z,2016-11-07T21:45:00+05:30,2016-11-07T17:15:00Z,2016-11-07T22:45:00+05:30,1,01:00:00,1,00:15:00,100.0,0.0,2016-11-07T17:00:00Z,2016-11-07T22:30:00+05:30,2016-11-07T17:15:00Z,2016-11-07T22:45:00+05:30
537.5,,,False,2,pm25,µg/m³,,raw,01:00:00,2016-11-07T16:30:00Z,2016-11-07T22:00:00+05:30,2016-11-07T17:30:00Z,2016-11-07T23:00:00+05:30,1,01:00:00,1,00:15:00,100.0,0.0,2016-11-07T17:15:00Z,2016-11-07T22:45:00+05:30,2016-11-07T17:30:00Z,2016-11-07T23:00:00+05:30
647.4,,,False,2,pm25,µg/m³,,raw,01:00:00,2016-11-07T16:45:00Z,2016-11-07T22:15:00+05:30,2016-11-07T17:45:00Z,2016-11-07T23:15:00+05:30,1,01:00:00,1,00:15:00,100.0,0.0,2016-11-07T17:30:00Z,2016-11-07T23:00:00+05:30,2016-11-07T17:45:00Z,2016-11-07T23:15:00+05:30
651.3,,,False,2,pm25,µg/m³,,raw,01:00:00,2016-11-07T17:00:00Z,2016-11-07T22:30:00+05:30,2016-11-07T18:00:00Z,2016-11-07T23:30:00+05:30,1,01:00:00,1,00:15:00,100.0,0.0,2016-11-07T17:45:00Z,2016-11-07T23:15:00+05:30,2016-11-07T18:00:00Z,2016-11-07T23:30:00+05:30
651.3,,,False,2,pm25,µg/m³,,raw,01:00:00,2016-11-07T17:15:00Z,2016-11-07T22:45:00+05:30,2016-11-07T18:15:00Z,2016-11-07T23:45:00+05:30,1,01:00:00,1,00:15:00,100.0,0.0,2016-11-07T18:00:00Z,2016-11-07T23:30:00+05:30,2016-11-07T18:15:00Z,2016-11-07T23:45:00+05:30
791.5,,,False,2,pm25,µg/m³,,raw,01:00:00,2016-11-07T18:30:00Z,2016-11-08T00:00:00+05:30,2016-11-07T19:30:00Z,2016-11-08T01:00:00+05:30,1,01:00:00,1,00:15:00,100.0,0.0,2016-11-07T19:15:00Z,2016-11-08T00:45:00+05:30,2016-11-07T19:30:00Z,2016-11-08T01:00:00+05:30
665.8,,,False,2,pm25,µg/m³,,raw,01:00:00,2016-11-07T18:45:00Z,2016-11-08T00:15:00+05:30,2016-11-07T19:45:00Z,2016-11-08T01:15:00+05:30,1,01:00:00,1,00:15:00,100.0,0.0,2016-11-07T19:30:00Z,2016-11-08T01:00:00+05:30,2016-11-07T19:45:00Z,2016-11-08T01:15:00+05:30
661.3,,,False,2,pm25,µg/m³,,raw,01:00:00,2016-11-07T19:00:00Z,2016-11-08T00:30:00+05:30,2016-11-07T20:00:00Z,2016-11-08T01:30:00+05:30,1,01:00:00,1,00:15:00,100.0,0.0,2016-11-07T19:45:00Z,2016-11-08T01:15:00+05:30,2016-11-07T20:00:00Z,2016-11-08T01:30:00+05:30
661.3,,,False,2,pm25,µg/m³,,raw,01:00:00,2016-11-07T19:15:00Z,2016-11-08T00:45:00+05:30,2016-11-07T20:15:00Z,2016-11-08T01:45:00+05:30,1,01:00:00,1,00:15:00,100.0,0.0,2016-11-07T20:00:00Z,2016-11-08T01:30:00+05:30,2016-11-07T20:15:00Z,2016-11-08T01:45:00+05:30
661.3,,,False,2,pm25,µg/m³,,raw,01:00:00,2016-11-07T19:30:00Z,2016-11-08T01:00:00+05:30,2016-11-07T20:30:00Z,2016-11-08T02:00:00+05:30,1,01:00:00,1,00:15:00,100.0,0.0,2016-11-07T20:15:00Z,2016-11-08T01:45:00+05:30,2016-11-07T20:30:00Z,2016-11-08T02:00:00+05:30
634.0,,,False,2,pm25,µg/m³,,raw,01:00:00,2016-11-07T19:45:00Z,2016-11-08T01:15:00+05:30,2016-11-07T20:45:00Z,2016-11-08T02:15:00+05:30,1,01:00:00,1,00:15:00,100.0,0.0,2016-11-07T20:30:00Z,2016-11-08T02:00:00+05:30,2016-11-07T20:45:00Z,2016-11-08T02:15:00+05:30
633.0,,,False,2,pm25,µg/m³,,raw,01:00:00,2016-11-07T20:00:00Z,2016-11-08T01:30:00+05:30,2016-11-07T21:00:00Z,2016-11-08T02:30:00+05:30,1,01:00:00,1,00:15:00,100.0,0.0,2016-11-07T20:45:00Z,2016-11-08T02:15:00+05:30,2016-11-07T21:00:00Z,2016-11-08T02:30:00+05:30
633.0,,,False,2,pm25,µg/m³,,raw,01:00:00,2016-11-07T20:15:00Z,2016-11-08T01:45:00+05:30,2016-11-07T21:15:00Z,2016-11-08T02:45:00+05:30,1,01:00:00,1,00:15:00,100.0,0.0,2016-11-07T21:00:00Z,2016-11-08T02:30:00+05:30,2016-11-07T21:15:00Z,2016-11-08T02:45:00+05:30
633.0,,,False,2,pm25,µg/m³,,raw,01:00:00,2016-11-07T20:30:00Z,2016-11-08T02:00:00+05:30,2016-11-07T21:30:00Z,2016-11-08T03:00:00+05:30,1,01:00:00,1,00:15:00,100.0,0.0,2016-11-07T21:15:00Z,2016-11-08T02:45:00+05:30,2016-11-07T21:30:00Z,2016-11-08T03:00:00+05:30
704.3,,,False,2,pm25,µg/m³,,raw,01:00:00,2016-11-07T20:45:00Z,2016-11-08T02:15:00+05:30,2016-11-07T21:45:00Z,2016-11-08T03:15:00+05:30,1,01:00:00,1,00:15:00,100.0,0.0,2016-11-07T21:30:00Z,2016-11-08T03:00:00+05:30,2016-11-07T21:45:00Z,2016-11-08T03:15:00+05:30
706.9,,,False,2,pm25,µg/m³,,raw,01:00:00,2016-11-07T21:00:00Z,2016-11-08T02:30:00+05:30,2016-11-07T22:00:00Z,2016-11-08T03:30:00+05:30,1,01:00:00,1,00:15:00,100.0,0.0,2016-11-07T21:45:00Z,2016-11-08T03:15:00+05:30,2016-11-07T22:00:00Z,2016-11-08T03:30:00+05:30
706.9,,,False,2,pm25,µg/m³,,raw,01:00:00,2016-11-07T21:15:00Z,2016-11-08T02:45:00+05:30,2016-11-07T22:15:00Z,2016-11-08T03:45:00+05:30,1,01:00:00,1,00:15:00,100.0,0.0,2016-11-07T22:00:00Z,2016-11-08T03:30:00+05:30,2016-11-07T22:15:00Z,2016-11-08T03:45:00+05:30
706.9,,,False,2,pm25,µg/m³,,raw,01:00:00,2016-11-07T21:30:00Z,2016-11-08T03:00:00+05:30,2016-11-07T22:30:00Z,2016-11-08T04:00:00+05:30,1,01:00:00,1,00:15:00,100.0,0.0,2016-11-07T22:15:00Z,2016-11-08T03:45:00+05:30,2016-11-07T22:30:00Z,2016-11-08T04:00:00+05:30
679.1,,,False,2,pm25,µg/m³,,raw,01:00:00,2016-11-07T21:45:00Z,2016-11-08T03:15:00+05:30,2016-11-07T22:45:00Z,2016-11-08T04:15:00+05:30,1,01:00:00,1,00:15:00,100.0,0.0,2016-11-07T22:30:00Z,2016-11-08T04:00:00+05:30,2016-11-07T22:45:00Z,2016-11-08T04:15:00+05:30
678.1,,,False,2,pm25,µg/m³,,raw,01:00:00,2016-11-07T22:00:00Z,2016-11-08T03:30:00+05:30,2016-11-07T23:00:00Z,2016-11-08T04:30:00+05:30,1,01:00:00,1,00:15:00,100.0,0.0,2016-11-07T22:45:00Z,2016-11-08T04:15:00+05:30,2016-11-07T23:00:00Z,2016-11-08T04:30:00+05:30
678.1,,,False,2,pm25,µg/m³,,raw,01:00:00,2016-11-07T22:15:00Z,2016-11-08T03:45:00+05:30,2016-11-07T23:15:00Z,2016-11-08T04:45:00+05:30,1,01:00:00,1,00:15:00,100.0,0.0,2016-11-07T23:00:00Z,2016-11-08T04:30:00+05:30,2016-11-07T23:15:00Z,2016-11-08T04:45:00+05:30
678.1,,,False,2,pm25,µg/m³,,raw,01:00:00,2016-11-07T22:30:00Z,2016-11-08T04:00:00+05:30,2016-11-07T23:30:00Z,2016-11-08T05:00:00+05:30,1,01:00:00,1,00:15:00,100.0,0.0,2016-11-07T23:15:00Z,2016-11-08T04:45:00+05:30,2016-11-07T23:30:00Z,2016-11-08T05:00:00+05:30
669.6,,,False,2,pm25,µg/m³,,raw,01:00:00,2016-11-07T22:45:00Z,2016-11-08T04:15:00+05:30,2016-11-07T23:45:00Z,2016-11-08T05:15:00+05:30,1,01:00:00,1,00:15:00,100.0,0.0,2016-11-07T23:30:00Z,2016-11-08T05:00:00+05:30,2016-11-07T23:45:00Z,2016-11-08T05:15:00+05:30
669.3,,,False,2,pm25,µg/m³,,raw,01:00:00,2016-11-07T23:00:00Z,2016-11-08T04:30:00+05:30,2016-11-08T00:00:00Z,2016-11-08T05:30:00+05:30,1,01:00:00,1,00:15:00,100.0,0.0,2016-11-07T23:45:00Z,2016-11-08T05:15:00+05:30,2016-11-08T00:00:00Z,2016-11-08T05:30:00+05:30
669.3,,,False,2,pm25,µg/m³,,raw,01:00:00,2016-11-07T23:15:00Z,2016-11-08T04:45:00+05:30,2016-11-08T00:15:00Z,2016-11-08T05:45:00+05:30,1,01:00:00,1,00:15:00,100.0,0.0,2016-11-08T00:00:00Z,2016-11-08T05:30:00+05:30,2016-11-08T00:15:00Z,2016-11-08T05:45:00+05:30
669.3,,,False,2,pm25,µg/m³,,raw,01:00:00,2016-11-07T23:30:00Z,2016-11-08T05:00:00+05:30,2016-11-08T00:30:00Z,2016-11-08T06:00:00+05:30,1,01:00:00,1,00:15:00,100.0,0.0,2016-11-08T00:15:00Z,2016-11-08T05:45:00+05:30,2016-11-08T00:30:00Z,2016-11-08T06:00:00+05:30
647.7,,,False,2,pm25,µg/m³,,raw,01:00:00,2016-11-07T23:45:00Z,2016-11-08T05:15:00+05:30,2016-11-08T00:45:00Z,2016-11-08T06:15:00+05:30,1,01:00:00,1,00:15:00,100.0,0.0,2016-11-08T00:30:00Z,2016-11-08T06:00:00+05:30,2016-11-08T00:45:00Z,2016-11-08T06:15:00+05:30
646.9,,,False,2,pm25,µg/m³,,raw,01:00:00,2016-11-08T00:00:00Z,2016-11-08T05:30:00+05:30,2016-11-08T01:00:00Z,2016-11-08T06:30:00+05:30,1,01:00:00,1,00:15:00,100.0,0.0,2016-11-08T00:45:00Z,2016-11-08T06:15:00+05:30,2016-11-08T01:00:00Z,2016-11-08T06:30:00+05:30
646.9,,,False,2,pm25,µg/m³,,raw,01:00:00,2016-11-08T00:15:00Z,2016-11-08T05:45:00+05:30,2016-11-08T01:15:00Z,2016-11-08T06:45:00+05:30,1,01:00:00,1,00:15:00,100.0,0.0,2016-11-08T01:00:00Z,2016-11-08T06:30:00+05:30,2016-11-08T01:15:00Z,2016-11-08T06:45:00+05:30
646.9,,,False,2,pm25,µg/m³,,raw,01:00:00,2016-11-08T00:30:00Z,2016-11-08T06:00:00+05:30,2016-11-08T01:30:00Z,2016-11-08T07:00:00+05:30,1,01:00:00,1,00:15:00,100.0,0.0,2016-11-08T01:15:00Z,2016-11-08T06:45:00+05:30,2016-11-08T01:30:00Z,2016-11-08T07:00:00+05:30
581.3,,,False,2,pm25,µg/m³,,raw,01:00:00,2016-11-08T00:45:00Z,2016-11-08T06:15:00+05:30,2016-11-08T01:45:00Z,2016-11-08T07:15:00+05:30,1,01:00:00,1,00:15:00,100.0,0.0,2016-11-08T01:30:00Z,2016-11-08T07:00:00+05:30,2016-11-08T01:45:00Z,2016-11-08T07:15:00+05:30
578.9,,,False,2,pm25,µg/m³,,raw,01:00:00,2016-11-08T01:00:00Z,2016-11-08T06:30:00+05:30,2016-11-08T02:00:00Z,2016-11-08T07:30:00+05:30,1,01:00:00,1,00:15:00,100.0,0.0,2016-11-08T01:45:00Z,2016-11-08T07:15:00+05:30,2016-11-08T02:00:00Z,2016-11-08T07:30:00+05:30
578.9,,,False,2,pm25,µg/m³,,raw,01:00:00,2016-11-08T01:15:00Z,2016-11-08T06:45:00+05:30,2016-11-08T02:15:00Z,2016-11-08T07:45:00+05:30,1,01:00:00,1,00:15:00,100.0,0.0,2016-11-08T02:00:00Z,2016-11-08T07:30:00+05:30,2016-11-08T02:15:00Z,2016-11-08T07:45:00+05:30
578.9,,,False,2,pm25,µg/m³,,raw,01:00:00,2016-11-08T01:30:00Z,2016-11-08T07:00:00+05:30,2016-11-08T02:30:00Z,2016-11-08T08:00:00+05:30,1,01:00:00,1,00:15:00,100.0,0.0,2016-11-08T02:15:00Z,2016-11-08T07:45:00+05:30,2016-11-08T02:30:00Z,2016-11-08T08:00:00+05:30
627.6,,,False,2,pm25,µg/m³,,raw,01:00:00,2016-11-08T01:45:00Z,2016-11-08T07:15:00+05:30,2016-11-08T02:45:00Z,2016-11-08T08:15:00+05:30,1,01:00:00,1,00:15:00,100.0,0.0,2016-11-08T02:30:00Z,2016-11-08T08:00:00+05:30,2016-11-08T02:45:00Z,2016-11-08T08:15:00+05:30
629.3,,,False,2,pm25,µg/m³,,raw,01:00:00,2016-11-08T02:00:00Z,2016-11-08T07:30:00+05:30,2016-11-08T03:00:00Z,2016-11-08T08:30:00+05:30,1,01:00:00,1,00:15:00,100.0,0.0,2016-11-08T02:45:00Z,2016-11-08T08:15:00+05:30,2016-11-08T03:00:00Z,2016-11-08T08:30:00+05:30
629.3,,,False,2,pm25,µg/m³,,raw,01:00:00,2016-11-08T02:15:00Z,2016-11-08T07:45:00+05:30,2016-11-08T03:15:00Z,2016-11-08T08:45:00+05:30,1,01:00:00,1,00:15:00,100.0,0.0,2016-11-08T03:00:00Z,2016-11-08T08:30:00+05:30,2016-11-08T03:15:00Z,2016-11-08T08:45:00+05:30
629.3,,,False,2,pm25,µg/m³,,raw,01:00:00,2016-11-08T02:30:00Z,2016-11-08T08:00:00+05:30,2016-11-08T03:30:00Z,2016-11-08T09:00:00+05:30,1,01:00:00,1,00:15:00,100.0,0.0,2016-11-08T03:15:00Z,2016-11-08T08:45:00+05:30,2016-11-08T03:30:00Z,2016-11-08T09:00:00+05:30
547.4,,,False,2,pm25,µg/m³,,raw,01:00:00,2016-11-08T02:45:00Z,2016-11-08T08:15:00+05:30,2016-11-08T03:45:00Z,2016-11-08T09:15:00+05:30,1,01:00:00,1,00:15:00,100.0,0.0,2016-11-08T03:30:00Z,2016-11-08T09:00:00+05:30,2016-11-08T03:45:00Z,2016-11-08T09:15:00+05:30
544.5,,,False,2,pm25,µg/m³,,raw,01:00:00,2016-11-08T03:00:00Z,2016-11-08T08:30:00+05:30,2016-11-08T04:00:00Z,2016-11-08T09:30:00+05:30,1,01:00:00,1,00:15:00,100.0,0.0,2016-11-08T03:45:00Z,2016-11-08T09:15:00+05:30,2016-11-08T04:00:00Z,2016-11-08T09:30:00+05:30
544.5,,,False,2,pm25,µg/m³,,raw,01:00:00,2016-11-08T03:15:00Z,2016-11-08T08:45:00+05:30,2016-11-08T04:15:00Z,2016-11-08T09:45:00+05:30,1,01:00:00,1,00:15:00,100.0,0.0,2016-11-08T04:00:00Z,2016-11-08T09:30:00+05:30,2016-11-08T04:15:00Z,2016-11-08T09:45:00+05:30
544.5,,,False,2,pm25,µg/m³,,raw,01:00:00,2016-11-08T03:30:00Z,2016-11-08T09:00:00+05:30,2016-11-08T04:30:00Z,2016-11-08T10:00:00+05:30,1,01:00:00,1,00:15:00,100.0,0.0,2016-11-08T04:15:00Z,2016-11-08T09:45:00+05:30,2016-11-08T04:30:00Z,2016-11-08T10:00:00+05:30
452.6,,,False,2,pm25,µg/m³,,raw,01:00:00,2016-11-08T03:45:00Z,2016-11-08T09:15:00+05:30,2016-11-08T04:45:00Z,2016-11-08T10:15:00+05:30,1,01:00:00,1,00:15:00,100.0,0.0,2016-11-08T04:30:00Z,2016-11-08T10:00:00+05:30,2016-11-08T04:45:00Z,2016-11-08T10:15:00+05:30
449.3,,,False,2,pm25,µg/m³,,raw,01:00:00,2016-11-08T04:00:00Z,2016-11-08T09:30:00+05:30,2016-11-08T05:00:00Z,2016-11-08T10:30:00+05:30,1,01:00:00,1,00:15:00,100.0,0.0,2016-11-08T04:45:00Z,2016-11-08T10:15:00+05:30,2016-11-08T05:00:00Z,2016-11-08T10:30:00+05:30
449.3,,,False,2,pm25,µg/m³,,raw,01:00:00,2016-11-08T04:15:00Z,2016-11-08T09:45:00+05:30,2016-11-08T05:15:00Z,2016-11-08T10:45:00+05:30,1,01:00:00,1,00:15:00,100.0,0.0,2016-11-08T05:00:00Z,2016-11-08T10:30:00+05:30,2016-11-08T05:15:00Z,2016-11-08T10:45:00+05:30
449.3,,,False,2,pm25,µg/m³,,raw,01:00:00,2016-11-08T04:30:00Z,2016-11-08T10:00:00+05:30,2016-11-08T05:30:00Z,2016-11-08T11:00:00+05:30,1,01:00:00,1,00:15:00,100.0,0.0,2016-11-08T05:15:00Z,2016-11-08T10:45:00+05:30,2016-11-08T05:30:00Z,2016-11-08T11:00:00+05:30
375.6,,,False,2,pm25,µg/m³,,raw,01:00:00,2016-11-08T04:45:00Z,2016-11-08T10:15:00+05:30,2016-11-08T05:45:00Z,2016-11-08T11:15:00+05:30,1,01:00:00,1,00:15:00,100.0,0.0,2016-11-08T05:30:00Z,2016-11-08T11:00:00+05:30,2016-11-08T05:45:00Z,2016-11-08T11:15:00+05:30
373.0,,,False,2,pm25,µg/m³,,raw,01:00:00,2016-11-08T05:00:00Z,2016-11-08T10:30:00+05:30,2016-11-08T06:00:00Z,2016-11-08T11:30:00+05:30,1,01:00:00,1,00:15:00,100.0,0.0,2016-11-08T05:45:00Z,2016-11-08T11:15:00+05:30,2016-11-08T06:00:00Z,2016-11-08T11:30:00+05:30
373.0,,,False,2,pm25,µg/m³,,raw,01:00:00,2016-11-08T05:15:00Z,2016-11-08T10:45:00+05:30,2016-11-08T06:15:00Z,2016-11-08T11:45:00+05:30,1,01:00:00,1,00:15:00,100.0,0.0,2016-11-08T06:00:00Z,2016-11-08T11:30:00+05:30,2016-11-08T06:15:00Z,2016-11-08T11:45:00+05:30
301.2,,,False,2,pm25,µg/m³,,raw,01:00:00,2016-11-08T06:00:00Z,2016-11-08T11:30:00+05:30,2016-11-08T07:00:00Z,2016-11-08T12:30:00+05:30,1,01:00:00,1,00:15:00,100.0,0.0,2016-11-08T06:45:00Z,2016-11-08T12:15:00+05:30,2016-11-08T07:00:00Z,2016-11-08T12:30:00+05:30
301.2,,,False,2,pm25,µg/m³,,raw,01:00:00,2016-11-08T06:30:00Z,2016-11-08T12:00:00+05:30,2016-11-08T07:30:00Z,2016-11-08T13:00:00+05:30,1,01:00:00,1,00:15:00,100.0,0.0,2016-11-08T07:15:00Z,2016-11-08T12:45:00+05:30,2016-11-08T07:30:00Z,2016-11-08T13:00:00+05:30
227.5,,,False,2,pm25,µg/m³,,raw,01:00:00,2016-11-08T06:45:00Z,2016-11-08T12:15:00+05:30,2016-11-08T07:45:00Z,2016-11-08T13:15:00+05:30,1,01:00:00,1,00:15:00,100.0,0.0,2016-11-08T07:30:00Z,2016-11-08T13:00:00+05:30,2016-11-08T07:45:00Z,2016-11-08T13:15:00+05:30
224.8,,,False,2,pm25,µg/m³,,raw,01:00:00,2016-11-08T07:00:00Z,2016-11-08T12:30:00+05:30,2016-11-08T08:00:00Z,2016-11-08T13:30:00+05:30,1,01:00:00,1,00:15:00,100.0,0.0,2016-11-08T07:45:00Z,2016-11-08T13:15:00+05:30,2016-11-08T08:00:00Z,2016-11-08T13:30:00+05:30
224.8,,,False,2,pm25,µg/m³,,raw,01:00:00,2016-11-08T07:15:00Z,2016-11-08T12:45:00+05:30,2016-11-08T08:15:00Z,2016-11-08T13:45:00+05:30,1,01:00:00,1,00:15:00,100.0,0.0,2016-11-08T08:00:00Z,2016-11-08T13:30:00+05:30,2016-11-08T08:15:00Z,2016-11-08T13:45:00+05:30
224.8,,,False,2,pm25,µg/m³,,raw,01:00:00,2016-11-08T07:30:00Z,2016-11-08T13:00:00+05:30,2016-11-08T08:30:00Z,2016-11-08T14:00:00+05:30,1,01:00:00,1,00:15:00,100.0,0.0,2016-11-08T08:15:00Z,2016-11-08T13:45:00+05:30,2016-11-08T08:30:00Z,2016-11-08T14:00:00+05:30
164.5,,,False,2,pm25,µg/m³,,raw,01:00:00,2016-11-08T07:45:00Z,2016-11-08T13:15:00+05:30,2016-11-08T08:45:00Z,2016-11-08T14:15:00+05:30,1,01:00:00,1,00:15:00,100.0,0.0,2016-11-08T08:30:00Z,2016-11-08T14:00:00+05:30,2016-11-08T08:45:00Z,2016-11-08T14:15:00+05:30
162.4,,,False,2,pm25,µg/m³,,raw,01:00:00,2016-11-08T08:00:00Z,2016-11-08T13:30:00+05:30,2016-11-08T09:00:00Z,2016-11-08T14:30:00+05:30,1,01:00:00,1,00:15:00,100.0,0.0,2016-11-08T08:45:00Z,2016-11-08T14:15:00+05:30,2016-11-08T09:00:00Z,2016-11-08T14:30:00+05:30
162.4,,,False,2,pm25,µg/m³,,raw,01:00:00,2016-11-08T08:15:00Z,2016-11-08T13:45:00+05:30,2016-11-08T09:15:00Z,2016-11-08T14:45:00+05:30,1,01:00:00,1,00:15:00,100.0,0.0,2016-11-08T09:00:00Z,2016-11-08T14:30:00+05:30,2016-11-08T09:15:00Z,2016-11-08T14:45:00+05:30
162.4,,,False,2,pm25,µg/m³,,raw,01:00:00,2016-11-08T08:30:00Z,2016-11-08T14:00:00+05:30,2016-11-08T09:30:00Z,2016-11-08T15:00:00+05:30,1,01:00:00,1,00:15:00,100.0,0.0,2016-11-08T09:15:00Z,2016-11-08T14:45:00+05:30,2016-11-08T09:30:00Z,2016-11-08T15:00:00+05:30
150.2,,,False,2,pm25,µg/m³,,raw,01:00:00,2016-11-08T08:45:00Z,2016-11-08T14:15:00+05:30,2016-11-08T09:45:00Z,2016-11-08T15:15:00+05:30,1,01:00:00,1,00:15:00,100.0,0.0,2016-11-08T09:30:00Z,2016-11-08T15:00:00+05:30,2016-11-08T09:45:00Z,2016-11-08T15:15:00+05:30
149.8,,,False,2,pm25,µg/m³,,raw,01:00:00,2016-11-08T09:00:00Z,2016-11-08T14:30:00+05:30,2016-11-08T10:00:00Z,2016-11-08T15:30:00+05:30,1,01:00:00,1,00:15:00,100.0,0.0,2016-11-08T09:45:00Z,2016-11-08T15:15:00+05:30,2016-11-08T10:00:00Z,2016-11-08T15:30:00+05:30
149.8,,,False,2,pm25,µg/m³,,raw,01:00:00,2016-11-08T09:15:00Z,2016-11-08T14:45:00+05:30,2016-11-08T10:15:00Z,2016-11-08T15:45:00+05:30,1,01:00:00,1,00:15:00,100.0,0.0,2016-11-08T10:00:00Z,2016-11-08T15:30:00+05:30,2016-11-08T10:15:00Z,2016-11-08T15:45:00+05:30
149.8,,,False,2,pm25,µg/m³,,raw,01:00:00,2016-11-08T09:30:00Z,2016-11-08T15:00:00+05:30,2016-11-08T10:30:00Z,2016-11-08T16:00:00+05:30,1,01:00:00,1,00:15:00,100.0,0.0,2016-11-08T10:15:00Z,2016-11-08T15:45:00+05:30,2016-11-08T10:30:00Z,2016-11-08T16:00:00+05:30
163.7,,,False,2,pm25,µg/m³,,raw,01:00:00,2016-11-08T09:45:00Z,2016-11-08T15:15:00+05:30,2016-11-08T10:45:00Z,2016-11-08T16:15:00+05:30,1,01:00:00,1,00:15:00,100.0,0.0,2016-11-08T10:30:00Z,2016-11-08T16:00:00+05:30,2016-11-08T10:45:00Z,2016-11-08T16:15:00+05:30
164.2,,,False,2,pm25,µg/m³,,raw,01:00:00,2016-11-08T10:00:00Z,2016-11-08T15:30:00+05:30,2016-11-08T11:00:00Z,2016-11-08T16:30:00+05:30,1,01:00:00,1,00:15:00,100.0,0.0,2016-11-08T10:45:00Z,2016-11-08T16:15:00+05:30,2016-11-08T11:00:00Z,2016-11-08T16:30:00+05:30
164.2,,,False,2,pm25,µg/m³,,raw,01:00:00,2016-11-08T10:15:00Z,2016-11-08T15:45:00+05:30,2016-11-08T11:15:00Z,2016-11-08T16:45:00+05:30,1,01:00:00,1,00:15:00,100.0,0.0,2016-11-08T11:00:00Z,2016-11-08T16:30:00+05:30,2016-11-08T11:15:00Z,2016-11-08T16:45:00+05:30
164.2,,,False,2,pm25,µg/m³,,raw,01:00:00,2016-11-08T10:30:00Z,2016-11-08T16:00:00+05:30,2016-11-08T11:30:00Z,2016-11-08T17:00:00+05:30,1,01:00:00,1,00:15:00,100.0,0.0,2016-11-08T11:15:00Z,2016-11-08T16:45:00+05:30,2016-11-08T11:30:00Z,2016-11-08T17:00:00+05:30
165.8,,,False,2,pm25,µg/m³,,raw,01:00:00,2016-11-08T10:45:00Z,2016-11-08T16:15:00+05:30,2016-11-08T11:45:00Z,2016-11-08T17:15:00+05:30,1,01:00:00,1,00:15:00,100.0,0.0,2016-11-08T11:30:00Z,2016-11-08T17:00:00+05:30,2016-11-08T11:45:00Z,2016-11-08T17:15:00+05:30
165.9,,,False,2,pm25,µg/m³,,raw,01:00:00,2016-11-08T11:00:00Z,2016-11-08T16:30:00+05:30,2016-11-08T12:00:00Z,2016-11-08T17:30:00+05:30,1,01:00:00,1,00:15:00,100.0,0.0,2016-11-08T11:45:00Z,2016-11-08T17:15:00+05:30,2016-11-08T12:00:00Z,2016-11-08T17:30:00+05:30
165.9,,,False,2,pm25,µg/m³,,raw,01:00:00,2016-11-08T11:15:00Z,2016-11-08T16:45:00+05:30,2016-11-08T12:15:00Z,2016-11-08T17:45:00+05:30,1,01:00:00,1,00:15:00,100.0,0.0,2016-11-08T12:00:00Z,2016-11-08T17:30:00+05:30,2016-11-08T12:15:00Z,2016-11-08T17:45:00+05:30
165.9,,,False,2,pm25,µg/m³,,raw,01:00:00,2016-11-08T11:30:00Z,2016-11-08T17:00:00+05:30,2016-11-08T12:30:00Z,2016-11-08T18:00:00+05:30,1,01:00:00,1,00:15:00,100.0,0.0,2016-11-08T12:15:00Z,2016-11-08T17:45:00+05:30,2016-11-08T12:30:00Z,2016-11-08T18:00:00+05:30
272.7,,,False,2,pm25,µg/m³,,raw,01:00:00,2016-11-08T11:45:00Z,2016-11-08T17:15:00+05:30,2016-11-08T12:45:00Z,2016-11-08T18:15:00+05:30,1,01:00:00,1,00:15:00,100.0,0.0,2016-11-08T12:30:00Z,2016-11-08T18:00:00+05:30,2016-11-08T12:45:00Z,2016-11-08T18:15:00+05:30
276.6,,,False,2,pm25,µg/m³,,raw,01:00:00,2016-11-08T12:00:00Z,2016-11-08T17:30:00+05:30,2016-11-08T13:00:00Z,2016-11-08T18:30:00+05:30,1,01:00:00,1,00:15:00,100.0,0.0,2016-11-08T12:45:00Z,2016-11-08T18:15:00+05:30,2016-11-08T13:00:00Z,2016-11-08T18:30:00+05:30
276.6,,,False,2,pm25,µg/m³,,raw,01:00:00,2016-11-08T12:15:00Z,2016-11-08T17:45:00+05:30,2016-11-08T13:15:00Z,2016-11-08T18:45:00+05:30,1,01:00:00,1,00:15:00,100.0,0.0,2016-11-08T13:00:00Z,2016-11-08T18:30:00+05:30,2016-11-08T13:15:00Z,2016-11-08T18:45:00+05:30
276.6,,,False,2,pm25,µg/m³,,raw,01:00:00,2016-11-08T12:30:00Z,2016-11-08T18:00:00+05:30,2016-11-08T13:30:00Z,2016-11-08T19:00:00+05:30,1,01:00:00,1,00:15:00,100.0,0.0,2016-11-08T13:15:00Z,2016-11-08T18:45:00+05:30,2016-11-08T13:30:00Z,2016-11-08T19:00:00+05:30
339.7,,,False,2,pm25,µg/m³,,raw,01:00:00,2016-11-08T12:45:00Z,2016-11-08T18:15:00+05:30,2016-11-08T13:45:00Z,2016-11-08T19:15:00+05:30,1,01:00:00,1,00:15:00,100.0,0.0,2016-11-08T13:30:00Z,2016-11-08T19:00:00+05:30,2016-11-08T13:45:00Z,2016-11-08T19:15:00+05:30
342.0,,,False,2,pm25,µg/m³,,raw,01:00:00,2016-11-08T13:00:00Z,2016-11-08T18:30:00+05:30,2016-11-08T14:00:00Z,2016-11-08T19:30:00+05:30,1,01:00:00,1,00:15:00,100.0,0.0,2016-11-08T13:45:00Z,2016-11-08T19:15:00+05:30,2016-11-08T14:00:00Z,2016-11-08T19:30:00+05:30
342.0,,,False,2,pm25,µg/m³,,raw,01:00:00,2016-11-08T13:15:00Z,2016-11-08T18:45:00+05:30,2016-11-08T14:15:00Z,2016-11-08T19:45:00+05:30,1,01:00:00,1,00:15:00,100.0,0.0,2016-11-08T14:00:00Z,2016-11-08T19:30:00+05:30,2016-11-08T14:15:00Z,2016-11-08T19:45:00+05:30
342.0,,,False,2,pm25,µg/m³,,raw,01:00:00,2016-11-08T13:30:00Z,2016-11-08T19:00:00+05:30,2016-11-08T14:30:00Z,2016-11-08T20:00:00+05:30,1,01:00:00,1,00:15:00,100.0,0.0,2016-11-08T14:15:00Z,2016-11-08T19:45:00+05:30,2016-11-08T14:30:00Z,2016-11-08T20:00:00+05:30
463.3,,,False,2,pm25,µg/m³,,raw,01:00:00,2016-11-08T13:45:00Z,2016-11-08T19:15:00+05:30,2016-11-08T14:45:00Z,2016-11-08T20:15:00+05:30,1,01:00:00,1,00:15:00,100.0,0.0,2016-11-08T14:30:00Z,2016-11-08T20:00:00+05:30,2016-11-08T14:45:00Z,2016-11-08T20:15:00+05:30
467.7,,,False,2,pm25,µg/m³,,raw,01:00:00,2016-11-08T14:00:00Z,2016-11-08T19:30:00+05:30,2016-11-08T15:00:00Z,2016-11-08T20:30:00+05:30,1,01:00:00,1,00:15:00,100.0,0.0,2016-11-08T14:45:00Z,2016-11-08T20:15:00+05:30,2016-11-08T15:00:00Z,2016-11-08T20:30:00+05:30
467.7,,,False,2,pm25,µg/m³,,raw,01:00:00,2016-11-08T14:15:00Z,2016-11-08T19:45:00+05:30,2016-11-08T15:15:00Z,2016-11-08T20:45:00+05:30,1,01:00:00,1,00:15:00,100.0,0.0,2016-11-08T15:00:00Z,2016-11-08T20:30:00+05:30,2016-11-08T15:15:00Z,2016-11-08T20:45:00+05:30
467.7,,,False,2,pm25,µg/m³,,raw,01:00:00,2016-11-08T14:30:00Z,2016-11-08T20:00:00+05:30,2016-11-08T15:30:00Z,2016-11-08T21:00:00+05:30,1,01:00:00,1,00:15:00,100.0,0.0,2016-11-08T15:15:00Z,2016-11-08T20:45:00+05:30,2016-11-08T15:30:00Z,2016-11-08T21:00:00+05:30
392.3,,,False,2,pm25,µg/m³,,raw,01:00:00,2016-11-08T14:45:00Z,2016-11-08T20:15:00+05:30,2016-11-08T15:45:00Z,2016-11-08T21:15:00+05:30,1,01:00:00,1,00:15:00,100.0,0.0,2016-11-08T15:30:00Z,2016-11-08T21:00:00+05:30,2016-11-08T15:45:00Z,2016-11-08T21:15:00+05:30
389.6,,,False,2,pm25,µg/m³,,raw,01:00:00,2016-11-08T15:00:00Z,2016-11-08T20:30:00+05:30,2016-11-08T16:00:00Z,2016-11-08T21:30:00+05:30,1,01:00:00,1,00:15:00,100.0,0.0,2016-11-08T15:45:00Z,2016-11-08T21:15:00+05:30,2016-11-08T16:00:00Z,2016-11-08T21:30:00+05:30
389.6,,,False,2,pm25,µg/m³,,raw,01:00:00,2016-11-08T15:15:00Z,2016-11-08T20:45:00+05:30,2016-11-08T16:15:00Z,2016-11-08T21:45:00+05:30,1,01:00:00,1,00:15:00,100.0,0.0,2016-11-08T16:00:00Z,2016-11-08T21:30:00+05:30,2016-11-08T16:15:00Z,2016-11-08T21:45:00+05:30
389.6,,,False,2,pm25,µg/m³,,raw,01:00:00,2016-11-08T15:30:00Z,2016-11-08T21:00:00+05:30,2016-11-08T16:30:00Z,2016-11-08T22:00:00+05:30,1,01:00:00,1,00:15:00,100.0,0.0,2016-11-08T16:15:00Z,2016-11-08T21:45:00+05:30,2016-11-08T16:30:00Z,2016-11-08T22:00:00+05:30
449.3,,,False,2,pm25,µg/m³,,raw,01:00:00,2016-11-08T15:45:00Z,2016-11-08T21:15:00+05:30,2016-11-08T16:45:00Z,2016-11-08T22:15:00+05:30,1,01:00:00,1,00:15:00,100.0,0.0,2016-11-08T16:30:00Z,2016-11-08T22:00:00+05:30,2016-11-08T16:45:00Z,2016-11-08T22:15:00+05:30
451.5,,,False,2,pm25,µg/m³,,raw,01:00:00,2016-11-08T16:00:00Z,2016-11-08T21:30:00+05:30,2016-11-08T17:00:00Z,2016-11-08T22:30:00+05:30,1,01:00:00,1,00:15:00,100.0,0.0,2016-11-08T16:45:00Z,2016-11-08T22:15:00+05:30,2016-11-08T17:00:00Z,2016-11-08T22:30:00+05:30
451.5,,,False,2,pm25,µg/m³,,raw,01:00:00,2016-11-08T16:15:00Z,2016-11-08T21:45:00+05:30,2016-11-08T17:15:00Z,2016-11-08T22:45:00+05:30,1,01:00:00,1,00:15:00,100.0,0.0,2016-11-08T17:00:00Z,2016-11-08T22:30:00+05:30,2016-11-08T17:15:00Z,2016-11-08T22:45:00+05:30
451.5,,,False,2,pm25,µg/m³,,raw,01:00:00,2016-11-08T16:30:00Z,2016-11-08T22:00:00+05:30,2016-11-08T17:30:00Z,2016-11-08T23:00:00+05:30,1,01:00:00,1,00:15:00,100.0,0.0,2016-11-08T17:15:00Z,2016-11-08T22:45:00+05:30,2016-11-08T17:30:00Z,2016-11-08T23:00:00+05:30
532.9,,,False,2,pm25,µg/m³,,raw,01:00:00,2016-11-08T16:45:00Z,2016-11-08T22:15:00+05:30,2016-11-08T17:45:00Z,2016-11-08T23:15:00+05:30,1,01:00:00,1,00:15:00,100.0,0.0,2016-11-08T17:30:00Z,2016-11-08T23:00:00+05:30,2016-11-08T17:45:00Z,2016-11-08T23:15:00+05:30
535.9,,,False,2,pm25,µg/m³,,raw,01:00:00,2016-11-08T17:00:00Z,2016-11-08T22:30:00+05:30,2016-11-08T18:00:00Z,2016-11-08T23:30:00+05:30,1,01:00:00,1,00:15:00,100.0,0.0,2016-11-08T17:45:00Z,2016-11-08T23:15:00+05:30,2016-11-08T18:00:00Z,2016-11-08T23:30:00+05:30
535.9,,,False,2,pm25,µg/m³,,raw,01:00:00,2016-11-08T17:15:00Z,2016-11-08T22:45:00+05:30,2016-11-08T18:15:00Z,2016-11-08T23:45:00+05:30,1,01:00:00,1,00:15:00,100.0,0.0,2016-11-08T18:00:00Z,2016-11-08T23:30:00+05:30,2016-11-08T18:15:00Z,2016-11-08T23:45:00+05:30
466.4,,,False,2,pm25,µg/m³,,raw,01:00:00,2016-11-08T17:30:00Z,2016-11-08T23:00:00+05:30,2016-11-08T18:30:00Z,2016-11-09T00:00:00+05:30,1,01:00:00,1,00:15:00,100.0,0.0,2016-11-08T18:15:00Z,2016-11-08T23:45:00+05:30,2016-11-08T18:30:00Z,2016-11-09T00:00:00+05:30
506.3,,,False,2,pm25,µg/m³,,raw,01:00:00,2016-11-08T18:30:00Z,2016-11-09T00:00:00+05:30,2016-11-08T19:30:00Z,2016-11-09T01:00:00+05:30,1,01:00:00,1,00:15:00,100.0,0.0,2016-11-08T19:15:00Z,2016-11-09T00:45:00+05:30,2016-11-08T19:30:00Z,2016-11-09T01:00:00+05:30
533.9,,,False,2,pm25,µg/m³,,raw,01:00:00,2016-11-08T18:45:00Z,2016-11-09T00:15:00+05:30,2016-11-08T19:45:00Z,2016-11-09T01:15:00+05:30,1,01:00:00,1,00:15:00,100.0,0.0,2016-11-08T19:30:00Z,2016-11-09T01:00:00+05:30,2016-11-08T19:45:00Z,2016-11-09T01:15:00+05:30
534.9,,,False,2,pm25,µg/m³,,raw,01:00:00,2016-11-08T19:00:00Z,2016-11-09T00:30:00+05:30,2016-11-08T20:00:00Z,2016-11-09T01:30:00+05:30,1,01:00:00,1,00:15:00,100.0,0.0,2016-11-08T19:45:00Z,2016-11-09T01:15:00+05:30,2016-11-08T20:00:00Z,2016-11-09T01:30:00+05:30
534.9,,,False,2,pm25,µg/m³,,raw,01:00:00,2016-11-08T19:15:00Z,2016-11-09T00:45:00+05:30,2016-11-08T20:15:00Z,2016-11-09T01:45:00+05:30,1,01:00:00,1,00:15:00,100.0,0.0,2016-11-08T20:00:00Z,2016-11-09T01:30:00+05:30,2016-11-08T20:15:00Z,2016-11-09T01:45:00+05:30
534.9,,,False,2,pm25,µg/m³,,raw,01:00:00,2016-11-08T19:30:00Z,2016-11-09T01:00:00+05:30,2016-11-08T20:30:00Z,2016-11-09T02:00:00+05:30,1,01:00:00,1,00:15:00,100.0,0.0,2016-11-08T20:15:00Z,2016-11-09T01:45:00+05:30,2016-11-08T20:30:00Z,2016-11-09T02:00:00+05:30
518.1,,,False,2,pm25,µg/m³,,raw,01:00:00,2016-11-08T19:45:00Z,2016-11-09T01:15:00+05:30,2016-11-08T20:45:00Z,2016-11-09T02:15:00+05:30,1,01:00:00,1,00:15:00,100.0,0.0,2016-11-08T20:30:00Z,2016-11-09T02:00:00+05:30,2016-11-08T20:45:00Z,2016-11-09T02:15:00+05:30
517.5,,,False,2,pm25,µg/m³,,raw,01:00:00,2016-11-08T20:00:00Z,2016-11-09T01:30:00+05:30,2016-11-08T21:00:00Z,2016-11-09T02:30:00+05:30,1,01:00:00,1,00:15:00,100.0,0.0,2016-11-08T20:45:00Z,2016-11-09T02:15:00+05:30,2016-11-08T21:00:00Z,2016-11-09T02:30:00+05:30
517.5,,,False,2,pm25,µg/m³,,raw,01:00:00,2016-11-08T20:15:00Z,2016-11-09T01:45:00+05:30,2016-11-08T21:15:00Z,2016-11-09T02:45:00+05:30,1,01:00:00,1,00:15:00,100.0,0.0,2016-11-08T21:00:00Z,2016-11-09T02:30:00+05:30,2016-11-08T21:15:00Z,2016-11-09T02:45:00+05:30
517.5,,,False,2,pm25,µg/m³,,raw,01:00:00,2016-11-08T20:30:00Z,2016-11-09T02:00:00+05:30,2016-11-08T21:30:00Z,2016-11-09T03:00:00+05:30,1,01:00:00,1,00:15:00,100.0,0.0,2016-11-08T21:15:00Z,2016-11-09T02:45:00+05:30,2016-11-08T21:30:00Z,2016-11-09T03:00:00+05:30
551.5,,,False,2,pm25,µg/m³,,raw,01:00:00,2016-11-08T20:45:00Z,2016-11-09T02:15:00+05:30,2016-11-08T21:45:00Z,2016-11-09T03:15:00+05:30,1,01:00:00,1,00:15:00,100.0,0.0,2016-11-08T21:30:00Z,2016-11-09T03:00:00+05:30,2016-11-08T21:45:00Z,2016-11-09T03:15:00+05:30
552.7,,,False,2,pm25,µg/m³,,raw,01:00:00,2016-11-08T21:00:00Z,2016-11-09T02:30:00+05:30,2016-11-08T22:00:00Z,2016-11-09T03:30:00+05:30,1,01:00:00,1,00:15:00,100.0,0.0,2016-11-08T21:45:00Z,2016-11-09T03:15:00+05:30,2016-11-08T22:00:00Z,2016-11-09T03:30:00+05:30
552.7,,,False,2,pm25,µg/m³,,raw,01:00:00,2016-11-08T21:15:00Z,2016-11-09T02:45:00+05:30,2016-11-08T22:15:00Z,2016-11-09T03:45:00+05:30,1,01:00:00,1,00:15:00,100.0,0.0,2016-11-08T22:00:00Z,2016-11-09T03:30:00+05:30,2016-11-08T22:15:00Z,2016-11-09T03:45:00+05:30
552.7,,,False,2,pm25,µg/m³,,raw,01:00:00,2016-11-08T21:30:00Z,2016-11-09T03:00:00+05:30,2016-11-08T22:30:00Z,2016-11-09T04:00:00+05:30,1,01:00:00,1,00:15:00,100.0,0.0,2016-11-08T22:15:00Z,2016-11-09T03:45:00+05:30,2016-11-08T22:30:00Z,2016-11-09T04:00:00+05:30
582.4,,,False,2,pm25,µg/m³,,raw,01:00:00,2016-11-08T21:45:00Z,2016-11-09T03:15:00+05:30,2016-11-08T22:45:00Z,2016-11-09T04:15:00+05:30,1,01:00:00,1,00:15:00,100.0,0.0,2016-11-08T22:30:00Z,2016-11-09T04:00:00+05:30,2016-11-08T22:45:00Z,2016-11-09T04:15:00+05:30
583.5,,,False,2,pm25,µg/m³,,raw,01:00:00,2016-11-08T22:00:00Z,2016-11-09T03:30:00+05:30,2016-11-08T23:00:00Z,2016-11-09T04:30:00+05:30,1,01:00:00,1,00:15:00,100.0,0.0,2016-11-08T22:45:00Z,2016-11-09T04:15:00+05:30,2016-11-08T23:00:00Z,2016-11-09T04:30:00+05:30
583.5,,,False,2,pm25,µg/m³,,raw,01:00:00,2016-11-08T22:15:00Z,2016-11-09T03:45:00+05:30,2016-11-08T23:15:00Z,2016-11-09T04:45:00+05:30,1,01:00:00,1,00:15:00,100.0,0.0,2016-11-08T23:00:00Z,2016-11-09T04:30:00+05:30,2016-11-08T23:15:00Z,2016-11-09T04:45:00+05:30
583.5,,,False,2,pm25,µg/m³,,raw,01:00:00,2016-11-08T22:30:00Z,2016-11-09T04:00:00+05:30,2016-11-08T23:30:00Z,2016-11-09T05:00:00+05:30,1,01:00:00,1,00:15:00,100.0,0.0,2016-11-08T23:15:00Z,2016-11-09T04:45:00+05:30,2016-11-08T23:30:00Z,2016-11-09T05:00:00+05:30
552.7,,,False,2,pm25,µg/m³,,raw,01:00:00,2016-11-08T22:45:00Z,2016-11-09T04:15:00+05:30,2016-11-08T23:45:00Z,2016-11-09T05:15:00+05:30,1,01:00:00,1,00:15:00,100.0,0.0,2016-11-08T23:30:00Z,2016-11-09T05:00:00+05:30,2016-11-08T23:45:00Z,2016-11-09T05:15:00+05:30
551.6,,,False,2,pm25,µg/m³,,raw,01:00:00,2016-11-08T23:00:00Z,2016-11-09T04:30:00+05:30,2016-11-09T00:00:00Z,2016-11-09T05:30:00+05:30,1,01:00:00,1,00:15:00,100.0,0.0,2016-11-08T23:45:00Z,2016-11-09T05:15:00+05:30,2016-11-09T00:00:00Z,2016-11-09T05:30:00+05:30
551.6,,,False,2,pm25,µg/m³,,raw,01:00:00,2016-11-08T23:15:00Z,2016-11-09T04:45:00+05:30,2016-11-09T00:15:00Z,2016-11-09T05:45:00+05:30,1,01:00:00,1,00:15:00,100.0,0.0,2016-11-09T00:00:00Z,2016-11-09T05:30:00+05:30,2016-11-09T00:15:00Z,2016-11-09T05:45:00+05:30
551.6,,,False,2,pm25,µg/m³,,raw,01:00:00,2016-11-08T23:30:00Z,2016-11-09T05:00:00+05:30,2016-11-09T00:30:00Z,2016-11-09T06:00:00+05:30,1,01:00:00,1,00:15:00,100.0,0.0,2016-11-09T00:15:00Z,2016-11-09T05:45:00+05:30,2016-11-09T00:30:00Z,2016-11-09T06:00:00+05:30
501.9,,,False,2,pm25,µg/m³,,raw,01:00:00,2016-11-08T23:45:00Z,2016-11-09T05:15:00+05:30,2016-11-09T00:45:00Z,2016-11-09T06:15:00+05:30,1,01:00:00,1,00:15:00,100.0,0.0,2016-11-09T00:30:00Z,2016-11-09T06:00:00+05:30,2016-11-09T00:45:00Z,2016-11-09T06:15:00+05:30
500.1,,,False,2,pm25,µg/m³,,raw,01:00:00,2016-11-09T00:00:00Z,2016-11-09T05:30:00+05:30,2016-11-09T01:00:00Z,2016-11-09T06:30:00+05:30,1,01:00:00,1,00:15:00,100.0,0.0,2016-11-09T00:45:00Z,2016-11-09T06:15:00+05:30,2016-11-09T01:00:00Z,2016-11-09T06:30:00+05:30
500.1,,,False,2,pm25,µg/m³,,raw,01:00:00,2016-11-09T00:15:00Z,2016-11-09T05:45:00+05:30,2016-11-09T01:15:00Z,2016-11-09T06:45:00+05:30,1,01:00:00,1,00:15:00,100.0,0.0,2016-11-09T01:00:00Z,2016-11-09T06:30:00+05:30,2016-11-09T01:15:00Z,2016-11-09T06:45:00+05:30
500.1,,,False,2,pm25,µg/m³,,raw,01:00:00,2016-11-09T00:30:00Z,2016-11-09T06:00:00+05:30,2016-11-09T01:30:00Z,2016-11-09T07:00:00+05:30,1,01:00:00,1,00:15:00,100.0,0.0,2016-11-09T01:15:00Z,2016-11-09T06:45:00+05:30,2016-11-09T01:30:00Z,2016-11-09T07:00:00+05:30
481.0,,,False,2,pm25,µg/m³,,raw,01:00:00,2016-11-09T00:45:00Z,2016-11-09T06:15:00+05:30,2016-11-09T01:45:00Z,2016-11-09T07:15:00+05:30,1,01:00:00,1,00:15:00,100.0,0.0,2016-11-09T01:30:00Z,2016-11-09T07:00:00+05:30,2016-11-09T01:45:00Z,2016-11-09T07:15:00+05:30
480.3,,,False,2,pm25,µg/m³,,raw,01:00:00,2016-11-09T01:00:00Z,2016-11-09T06:30:00+05:30,2016-11-09T02:00:00Z,2016-11-09T07:30:00+05:30,1,01:00:00,1,00:15:00,100.0,0.0,2016-11-09T01:45:00Z,2016-11-09T07:15:00+05:30,2016-11-09T02:00:00Z,2016-11-09T07:30:00+05:30
480.3,,,False,2,pm25,µg/m³,,raw,01:00:00,2016-11-09T01:15:00Z,2016-11-09T06:45:00+05:30,2016-11-09T02:15:00Z,2016-11-09T07:45:00+05:30,1,01:00:00,1,00:15:00,100.0,0.0,2016-11-09T02:00:00Z,2016-11-09T07:30:00+05:30,2016-11-09T02:15:00Z,2016-11-09T07:45:00+05:30
480.3,,,False,2,pm25,µg/m³,,raw,01:00:00,2016-11-09T01:30:00Z,2016-11-09T07:00:00+05:30,2016-11-09T02:30:00Z,2016-11-09T08:00:00+05:30,1,01:00:00,1,00:15:00,100.0,0.0,2016-11-09T02:15:00Z,2016-11-09T07:45:00+05:30,2016-11-09T02:30:00Z,2016-11-09T08:00:00+05:30
494.4,,,False,2,pm25,µg/m³,,raw,01:00:00,2016-11-09T01:45:00Z,2016-11-09T07:15:00+05:30,2016-11-09T02:45:00Z,2016-11-09T08:15:00+05:30,1,01:00:00,1,00:15:00,100.0,0.0,2016-11-09T02:30:00Z,2016-11-09T08:00:00+05:30,2016-11-09T02:45:00Z,2016-11-09T08:15:00+05:30
494.9,,,False,2,pm25,µg/m³,,raw,01:00:00,2016-11-09T02:00:00Z,2016-11-09T07:30:00+05:30,2016-11-09T03:00:00Z,2016-11-09T08:30:00+05:30,1,01:00:00,1,00:15:00,100.0,0.0,2016-11-09T02:45:00Z,2016-11-09T08:15:00+05:30,2016-11-09T03:00:00Z,2016-11-09T08:30:00+05:30
494.9,,,False,2,pm25,µg/m³,,raw,01:00:00,2016-11-09T02:15:00Z,2016-11-09T07:45:00+05:30,2016-11-09T03:15:00Z,2016-11-09T08:45:00+05:30,1,01:00:00,1,00:15:00,100.0,0.0,2016-11-09T03:00:00Z,2016-11-09T08:30:00+05:30,2016-11-09T03:15:00Z,2016-11-09T08:45:00+05:30
494.9,,,False,2,pm25,µg/m³,,raw,01:00:00,2016-11-09T02:30:00Z,2016-11-09T08:00:00+05:30,2016-11-09T03:30:00Z,2016-11-09T09:00:00+05:30,1,01:00:00,1,00:15:00,100.0,0.0,2016-11-09T03:15:00Z,2016-11-09T08:45:00+05:30,2016-11-09T03:30:00Z,2016-11-09T09:00:00+05:30
488.4,,,False,2,pm25,µg/m³,,raw,01:00:00,2016-11-09T02:45:00Z,2016-11-09T08:15:00+05:30,2016-11-09T03:45:00Z,2016-11-09T09:15:00+05:30,1,01:00:00,1,00:15:00,100.0,0.0,2016-11-09T03:30:00Z,2016-11-09T09:00:00+05:30,2016-11-09T03:45:00Z,2016-11-09T09:15:00+05:30
488.2,,,False,2,pm25,µg/m³,,raw,01:00:00,2016-11-09T03:00:00Z,2016-11-09T08:30:00+05:30,2016-11-09T04:00:00Z,2016-11-09T09:30:00+05:30,1,01:00:00,1,00:15:00,100.0,0.0,2016-11-09T03:45:00Z,2016-11-09T09:15:00+05:30,2016-11-09T04:00:00Z,2016-11-09T09:30:00+05:30
488.2,,,False,2,pm25,µg/m³,,raw,01:00:00,2016-11-09T03:15:00Z,2016-11-09T08:45:00+05:30,2016-11-09T04:15:00Z,2016-11-09T09:45:00+05:30,1,01:00:00,1,00:15:00,100.0,0.0,2016-11-09T04:00:00Z,2016-11-09T09:30:00+05:30,2016-11-09T04:15:00Z,2016-11-09T09:45:00+05:30
488.2,,,False,2,pm25,µg/m³,,raw,01:00:00,2016-11-09T03:30:00Z,2016-11-09T09:00:00+05:30,2016-11-09T04:30:00Z,2016-11-09T10:00:00+05:30,1,01:00:00,1,00:15:00,100.0,0.0,2016-11-09T04:15:00Z,2016-11-09T09:45:00+05:30,2016-11-09T04:30:00Z,2016-11-09T10:00:00+05:30
471.7,,,False,2,pm25,µg/m³,,raw,01:00:00,2016-11-09T03:45:00Z,2016-11-09T09:15:00+05:30,2016-11-09T04:45:00Z,2016-11-09T10:15:00+05:30,1,01:00:00,1,00:15:00,100.0,0.0,2016-11-09T04:30:00Z,2016-11-09T10:00:00+05:30,2016-11-09T04:45:00Z,2016-11-09T10:15:00+05:30
471.1,,,False,2,pm25,µg/m³,,raw,01:00:00,2016-11-09T04:00:00Z,2016-11-09T09:30:00+05:30,2016-11-09T05:00:00Z,2016-11-09T10:30:00+05:30,1,01:00:00,1,00:15:00,100.0,0.0,2016-11-09T04:45:00Z,2016-11-09T10:15:00+05:30,2016-11-09T05:00:00Z,2016-11-09T10:30:00+05:30
471.1,,,False,2,pm25,µg/m³,,raw,01:00:00,2016-11-09T04:15:00Z,2016-11-09T09:45:00+05:30,2016-11-09T05:15:00Z,2016-11-09T10:45:00+05:30,1,01:00:00,1,00:15:00,100.0,0.0,2016-11-09T05:00:00Z,2016-11-09T10:30:00+05:30,2016-11-09T05:15:00Z,2016-11-09T10:45:00+05:30
471.1,,,False,2,pm25,µg/m³,,raw,01:00:00,2016-11-09T04:30:00Z,2016-11-09T10:00:00+05:30,2016-11-09T05:30:00Z,2016-11-09T11:00:00+05:30,1,01:00:00,1,00:15:00,100.0,0.0,2016-11-09T05:15:00Z,2016-11-09T10:45:00+05:30,2016-11-09T05:30:00Z,2016-11-09T11:00:00+05:30
424.5,,,False,2,pm25,µg/m³,,raw,01:00:00,2016-11-09T04:45:00Z,2016-11-09T10:15:00+05:30,2016-11-09T05:45:00Z,2016-11-09T11:15:00+05:30,1,01:00:00,1,00:15:00,100.0,0.0,2016-11-09T05:30:00Z,2016-11-09T11:00:00+05:30,2016-11-09T05:45:00Z,2016-11-09T11:15:00+05:30
422.8,,,False,2,pm25,µg/m³,,raw,01:00:00,2016-11-09T05:00:00Z,2016-11-09T10:30:00+05:30,2016-11-09T06:00:00Z,2016-11-09T11:30:00+05:30,1,01:00:00,1,00:15:00,100.0,0.0,2016-11-09T05:45:00Z,2016-11-09T11:15:00+05:30,2016-11-09T06:00:00Z,2016-11-09T11:30:00+05:30
422.8,,,False,2,pm25,µg/m³,,raw,01:00:00,2016-11-09T05:15:00Z,2016-11-09T10:45:00+05:30,2016-11-09T06:15:00Z,2016-11-09T11:45:00+05:30,1,01:00:00,1,00:15:00,100.0,0.0,2016-11-09T06:00:00Z,2016-11-09T11:30:00+05:30,2016-11-09T06:15:00Z,2016-11-09T11:45:00+05:30
422.8,,,False,2,pm25,µg/m³,,raw,01:00:00,2016-11-09T05:30:00Z,2016-11-09T11:00:00+05:30,2016-11-09T06:30:00Z,2016-11-09T12:00:00+05:30,1,01:00:00,1,00:15:00,100.0,0.0,2016-11-09T06:15:00Z,2016-11-09T11:45:00+05:30,2016-11-09T06:30:00Z,2016-11-09T12:00:00+05:30
287.7,,,False,2,pm25,µg/m³,,raw,01:00:00,2016-11-09T06:45:00Z,2016-11-09T12:15:00+05:30,2016-11-09T07:45:00Z,2016-11-09T13:15:00+05:30,1,01:00:00,1,00:15:00,100.0,0.0,2016-11-09T07:30:00Z,2016-11-09T13:00:00+05:30,2016-11-09T07:45:00Z,2016-11-09T13:15:00+05:30
284.5,,,False,2,pm25,µg/m³,,raw,01:00:00,2016-11-09T07:00:00Z,2016-11-09T12:30:00+05:30,2016-11-09T08:00:00Z,2016-11-09T13:30:00+05:30,1,01:00:00,1,00:15:00,100.0,0.0,2016-11-09T07:45:00Z,2016-11-09T13:15:00+05:30,2016-11-09T08:00:00Z,2016-11-09T13:30:00+05:30
284.5,,,False,2,pm25,µg/m³,,raw,01:00:00,2016-11-09T07:15:00Z,2016-11-09T12:45:00+05:30,2016-11-09T08:15:00Z,2016-11-09T13:45:00+05:30,1,01:00:00,1,00:15:00,100.0,0.0,2016-11-09T08:00:00Z,2016-11-09T13:30:00+05:30,2016-11-09T08:15:00Z,2016-11-09T13:45:00+05:30
284.5,,,False,2,pm25,µg/m³,,raw,01:00:00,2016-11-09T07:30:00Z,2016-11-09T13:00:00+05:30,2016-11-09T08:30:00Z,2016-11-09T14:00:00+05:30,1,01:00:00,1,00:15:00,100.0,0.0,2016-11-09T08:15:00Z,2016-11-09T13:45:00+05:30,2016-11-09T08:30:00Z,2016-11-09T14:00:00+05:30
233.1,,,False,2,pm25,µg/m³,,raw,01:00:00,2016-11-09T07:45:00Z,2016-11-09T13:15:00+05:30,2016-11-09T08:45:00Z,2016-11-09T14:15:00+05:30,1,01:00:00,1,00:15:00,100.0,0.0,2016-11-09T08:30:00Z,2016-11-09T14:00:00+05:30,2016-11-09T08:45:00Z,2016-11-09T14:15:00+05:30
231.3,,,False,2,pm25,µg/m³,,raw,01:00:00,2016-11-09T08:00:00Z,2016-11-09T13:30:00+05:30,2016-11-09T09:00:00Z,2016-11-09T14:30:00+05:30,1,01:00:00,1,00:15:00,100.0,0.0,2016-11-09T08:45:00Z,2016-11-09T14:15:00+05:30,2016-11-09T09:00:00Z,2016-11-09T14:30:00+05:30
231.3,,,False,2,pm25,µg/m³,,raw,01:00:00,2016-11-09T08:15:00Z,2016-11-09T13:45:00+05:30,2016-11-09T09:15:00Z,2016-11-09T14:45:00+05:30,1,01:00:00,1,00:15:00,100.0,0.0,2016-11-09T09:00:00Z,2016-11-09T14:30:00+05:30,2016-11-09T09:15:00Z,2016-11-09T14:45:00+05:30
231.3,,,False,2,pm25,µg/m³,,raw,01:00:00,2016-11-09T08:30:00Z,2016-11-09T14:00:00+05:30,2016-11-09T09:30:00Z,2016-11-09T15:00:00+05:30,1,01:00:00,1,00:15:00,100.0,0.0,2016-11-09T09:15:00Z,2016-11-09T14:45:00+05:30,2016-11-09T09:30:00Z,2016-11-09T15:00:00+05:30
175.9,,,False,2,pm25,µg/m³,,raw,01:00:00,2016-11-09T08:45:00Z,2016-11-09T14:15:00+05:30,2016-11-09T09:45:00Z,2016-11-09T15:15:00+05:30,1,01:00:00,1,00:15:00,100.0,0.0,2016-11-09T09:30:00Z,2016-11-09T15:00:00+05:30,2016-11-09T09:45:00Z,2016-11-09T15:15:00+05:30
173.9,,,False,2,pm25,µg/m³,,raw,01:00:00,2016-11-09T09:00:00Z,2016-11-09T14:30:00+05:30,2016-11-09T10:00:00Z,2016-11-09T15:30:00+05:30,1,01:00:00,1,00:15:00,100.0,0.0,2016-11-09T09:45:00Z,2016-11-09T15:15:00+05:30,2016-11-09T10:00:00Z,2016-11-09T15:30:00+05:30
173.9,,,False,2,pm25,µg/m³,,raw,01:00:00,2016-11-09T09:15:00Z,2016-11-09T14:45:00+05:30,2016-11-09T10:15:00Z,2016-11-09T15:45:00+05:30,1,01:00:00,1,00:15:00,100.0,0.0,2016-11-09T10:00:00Z,2016-11-09T15:30:00+05:30,2016-11-09T10:15:00Z,2016-11-09T15:45:00+05:30
173.9,,,False,2,pm25,µg/m³,,raw,01:00:00,2016-11-09T09:30:00Z,2016-11-09T15:00:00+05:30,2016-11-09T10:30:00Z,2016-11-09T16:00:00+05:30,1,01:00:00,1,00:15:00,100.0,0.0,2016-11-09T10:15:00Z,2016-11-09T15:45:00+05:30,2016-11-09T10:30:00Z,2016-11-09T16:00:00+05:30
163.1,,,False,2,pm25,µg/m³,,raw,01:00:00,2016-11-09T09:45:00Z,2016-11-09T15:15:00+05:30,2016-11-09T10:45:00Z,2016-11-09T16:15:00+05:30,1,01:00:00,1,00:15:00,100.0,0.0,2016-11-09T10:30:00Z,2016-11-09T16:00:00+05:30,2016-11-09T10:45:00Z,2016-11-09T16:15:00+05:30
162.7,,,False,2,pm25,µg/m³,,raw,01:00:00,2016-11-09T10:00:00Z,2016-11-09T15:30:00+05:30,2016-11-09T11:00:00Z,2016-11-09T16:30:00+05:30,1,01:00:00,1,00:15:00,100.0,0.0,2016-11-09T10:45:00Z,2016-11-09T16:15:00+05:30,2016-11-09T11:00:00Z,2016-11-09T16:30:00+05:30
162.7,,,False,2,pm25,µg/m³,,raw,01:00:00,2016-11-09T10:15:00Z,2016-11-09T15:45:00+05:30,2016-11-09T11:15:00Z,2016-11-09T16:45:00+05:30,1,01:00:00,1,00:15:00,100.0,0.0,2016-11-09T11:00:00Z,2016-11-09T16:30:00+05:30,2016-11-09T11:15:00Z,2016-11-09T16:45:00+05:30
162.7,,,False,2,pm25,µg/m³,,raw,01:00:00,2016-11-09T10:30:00Z,2016-11-09T16:00:00+05:30,2016-11-09T11:30:00Z,2016-11-09T17:00:00+05:30,1,01:00:00,1,00:15:00,100.0,0.0,2016-11-09T11:15:00Z,2016-11-09T16:45:00+05:30,2016-11-09T11:30:00Z,2016-11-09T17:00:00+05:30
159.6,,,False,2,pm25,µg/m³,,raw,01:00:00,2016-11-09T10:45:00Z,2016-11-09T16:15:00+05:30,2016-11-09T11:45:00Z,2016-11-09T17:15:00+05:30,1,01:00:00,1,00:15:00,100.0,0.0,2016-11-09T11:30:00Z,2016-11-09T17:00:00+05:30,2016-11-09T11:45:00Z,2016-11-09T17:15:00+05:30
159.5,,,False,2,pm25,µg/m³,,raw,01:00:00,2016-11-09T11:00:00Z,2016-11-09T16:30:00+05:30,2016-11-09T12:00:00Z,2016-11-09T17:30:00+05:30,1,01:00:00,1,00:15:00,100.0,0.0,2016-11-09T11:45:00Z,2016-11-09T17:15:00+05:30,2016-11-09T12:00:00Z,2016-11-09T17:30:00+05:30
159.5,,,False,2,pm25,µg/m³,,raw,01:00:00,2016-11-09T11:15:00Z,2016-11-09T16:45:00+05:30,2016-11-09T12:15:00Z,2016-11-09T17:45:00+05:30,1,01:00:00,1,00:15:00,100.0,0.0,2016-11-09T12:00:00Z,2016-11-09T17:30:00+05:30,2016-11-09T12:15:00Z,2016-11-09T17:45:00+05:30
159.5,,,False,2,pm25,µg/m³,,raw,01:00:00,2016-11-09T11:30:00Z,2016-11-09T17:00:00+05:30,2016-11-09T12:30:00Z,2016-11-09T18:00:00+05:30,1,01:00:00,1,00:15:00,100.0,0.0,2016-11-09T12:15:00Z,2016-11-09T17:45:00+05:30,2016-11-09T12:30:00Z,2016-11-09T18:00:00+05:30
204.0,,,False,2,pm25,µg/m³,,raw,01:00:00,2016-11-09T11:45:00Z,2016-11-09T17:15:00+05:30,2016-11-09T12:45:00Z,2016-11-09T18:15:00+05:30,1,01:00:00,1,00:15:00,100.0,0.0,2016-11-09T12:30:00Z,2016-11-09T18:00:00+05:30,2016-11-09T12:45:00Z,2016-11-09T18:15:00+05:30
206.2,,,False,2,pm25,µg/m³,,raw,01:00:00,2016-11-09T12:00:00Z,2016-11-09T17:30:00+05:30,2016-11-09T13:00:00Z,2016-11-09T18:30:00+05:30,1,01:00:00,1,00:15:00,100.0,0.0,2016-11-09T12:45:00Z,2016-11-09T18:15:00+05:30,2016-11-09T13:00:00Z,2016-11-09T18:30:00+05:30
206.2,,,False,2,pm25,µg/m³,,raw,01:00:00,2016-11-09T12:15:00Z,2016-11-09T17:45:00+05:30,2016-11-09T13:15:00Z,2016-11-09T18:45:00+05:30,1,01:00:00,1,00:15:00,100.0,0.0,2016-11-09T13:00:00Z,2016-11-09T18:30:00+05:30,2016-11-09T13:15:00Z,2016-11-09T18:45:00+05:30
206.2,,,False,2,pm25,µg/m³,,raw,01:00:00,2016-11-09T12:30:00Z,2016-11-09T18:00:00+05:30,2016-11-09T13:30:00Z,2016-11-09T19:00:00+05:30,1,01:00:00,1,00:15:00,100.0,0.0,2016-11-09T13:15:00Z,2016-11-09T18:45:00+05:30,2016-11-09T13:30:00Z,2016-11-09T19:00:00+05:30
206.2,,,False,2,pm25,µg/m³,,raw,01:00:00,2016-11-09T12:45:00Z,2016-11-09T18:15:00+05:30,2016-11-09T13:45:00Z,2016-11-09T19:15:00+05:30,1,01:00:00,1,00:15:00,100.0,0.0,2016-11-09T13:30:00Z,2016-11-09T19:00:00+05:30,2016-11-09T13:45:00Z,2016-11-09T19:15:00+05:30
348.1,,,False,2,pm25,µg/m³,,raw,01:00:00,2016-11-09T13:45:00Z,2016-11-09T19:15:00+05:30,2016-11-09T14:45:00Z,2016-11-09T20:15:00+05:30,1,01:00:00,1,00:15:00,100.0,0.0,2016-11-09T14:30:00Z,2016-11-09T20:00:00+05:30,2016-11-09T14:45:00Z,2016-11-09T20:15:00+05:30
348.1,,,False,2,pm25,µg/m³,,raw,01:00:00,2016-11-09T14:00:00Z,2016-11-09T19:30:00+05:30,2016-11-09T15:00:00Z,2016-11-09T20:30:00+05:30,1,01:00:00,1,00:15:00,100.0,0.0,2016-11-09T14:45:00Z,2016-11-09T20:15:00+05:30,2016-11-09T15:00:00Z,2016-11-09T20:30:00+05:30
348.1,,,False,2,pm25,µg/m³,,raw,01:00:00,2016-11-09T14:15:00Z,2016-11-09T19:45:00+05:30,2016-11-09T15:15:00Z,2016-11-09T20:45:00+05:30,1,01:00:00,1,00:15:00,100.0,0.0,2016-11-09T15:00:00Z,2016-11-09T20:30:00+05:30,2016-11-09T15:15:00Z,2016-11-09T20:45:00+05:30
348.1,,,False,2,pm25,µg/m³,,raw,01:00:00,2016-11-09T14:30:00Z,2016-11-09T20:00:00+05:30,2016-11-09T15:30:00Z,2016-11-09T21:00:00+05:30,1,01:00:00,1,00:15:00,100.0,0.0,2016-11-09T15:15:00Z,2016-11-09T20:45:00+05:30,2016-11-09T15:30:00Z,2016-11-09T21:00:00+05:30
436.2,,,False,2,pm25,µg/m³,,raw,01:00:00,2016-11-09T14:45:00Z,2016-11-09T20:15:00+05:30,2016-11-09T15:45:00Z,2016-11-09T21:15:00+05:30,1,01:00:00,1,00:15:00,100.0,0.0,2016-11-09T15:30:00Z,2016-11-09T21:00:00+05:30,2016-11-09T15:45:00Z,2016-11-09T21:15:00+05:30
440.5,,,False,2,pm25,µg/m³,,raw,01:00:00,2016-11-09T15:00:00Z,2016-11-09T20:30:00+05:30,2016-11-09T16:00:00Z,2016-11-09T21:30:00+05:30,1,01:00:00,1,00:15:00,100.0,0.0,2016-11-09T15:45:00Z,2016-11-09T21:15:00+05:30,2016-11-09T16:00:00Z,2016-11-09T21:30:00+05:30
440.5,,,False,2,pm25,µg/m³,,raw,01:00:00,2016-11-09T15:15:00Z,2016-11-09T20:45:00+05:30,2016-11-09T16:15:00Z,2016-11-09T21:45:00+05:30,1,01:00:00,1,00:15:00,100.0,0.0,2016-11-09T16:00:00Z,2016-11-09T21:30:00+05:30,2016-11-09T16:15:00Z,2016-11-09T21:45:00+05:30
440.5,,,False,2,pm25,µg/m³,,raw,01:00:00,2016-11-09T15:30:00Z,2016-11-09T21:00:00+05:30,2016-11-09T16:30:00Z,2016-11-09T22:00:00+05:30,1,01:00:00,1,00:15:00,100.0,0.0,2016-11-09T16:15:00Z,2016-11-09T21:45:00+05:30,2016-11-09T16:30:00Z,2016-11-09T22:00:00+05:30
437.0,,,False,2,pm25,µg/m³,,raw,01:00:00,2016-11-09T15:45:00Z,2016-11-09T21:15:00+05:30,2016-11-09T16:45:00Z,2016-11-09T22:15:00+05:30,1,01:00:00,1,00:15:00,100.0,0.0,2016-11-09T16:30:00Z,2016-11-09T22:00:00+05:30,2016-11-09T16:45:00Z,2016-11-09T22:15:00+05:30
436.8,,,False,2,pm25,µg/m³,,raw,01:00:00,2016-11-09T16:00:00Z,2016-11-09T21:30:00+05:30,2016-11-09T17:00:00Z,2016-11-09T22:30:00+05:30,1,01:00:00,1,00:15:00,100.0,0.0,2016-11-09T16:45:00Z,2016-11-09T22:15:00+05:30,2016-11-09T17:00:00Z,2016-11-09T22:30:00+05:30
436.8,,,False,2,pm25,µg/m³,,raw,01:00:00,2016-11-09T16:15:00Z,2016-11-09T21:45:00+05:30,2016-11-09T17:15:00Z,2016-11-09T22:45:00+05:30,1,01:00:00,1,00:15:00,100.0,0.0,2016-11-09T17:00:00Z,2016-11-09T22:30:00+05:30,2016-11-09T17:15:00Z,2016-11-09T22:45:00+05:30
436.8,,,False,2,pm25,µg/m³,,raw,01:00:00,2016-11-09T16:30:00Z,2016-11-09T22:00:00+05:30,2016-11-09T17:30:00Z,2016-11-09T23:00:00+05:30,1,01:00:00,1,00:15:00,100.0,0.0,2016-11-09T17:15:00Z,2016-11-09T22:45:00+05:30,2016-11-09T17:30:00Z,2016-11-09T23:00:00+05:30
465.0,,,False,2,pm25,µg/m³,,raw,01:00:00,2016-11-09T16:45:00Z,2016-11-09T22:15:00+05:30,2016-11-09T17:45:00Z,2016-11-09T23:15:00+05:30,1,01:00:00,1,00:15:00,100.0,0.0,2016-11-09T17:30:00Z,2016-11-09T23:00:00+05:30,2016-11-09T17:45:00Z,2016-11-09T23:15:00+05:30
466.4,,,False,2,pm25,µg/m³,,raw,01:00:00,2016-11-09T17:00:00Z,2016-11-09T22:30:00+05:30,2016-11-09T18:00:00Z,2016-11-09T23:30:00+05:30,1,01:00:00,1,00:15:00,100.0,0.0,2016-11-09T17:45:00Z,2016-11-09T23:15:00+05:30,2016-11-09T18:00:00Z,2016-11-09T23:30:00+05:30
466.4,,,False,2,pm25,µg/m³,,raw,01:00:00,2016-11-09T17:15:00Z,2016-11-09T22:45:00+05:30,2016-11-09T18:15:00Z,2016-11-09T23:45:00+05:30,1,01:00:00,1,00:15:00,100.0,0.0,2016-11-09T18:00:00Z,2016-11-09T23:30:00+05:30,2016-11-09T18:15:00Z,2016-11-09T23:45:00+05:30
467.4,,,False,2,pm25,µg/m³,,raw,01:00:00,2016-11-09T17:30:00Z,2016-11-09T23:00:00+05:30,2016-11-09T18:30:00Z,2016-11-10T00:00:00+05:30,1,01:00:00,1,00:15:00,100.0,0.0,2016-11-09T18:15:00Z,2016-11-09T23:45:00+05:30,2016-11-09T18:30:00Z,2016-11-10T00:00:00+05:30
513.3,,,False,2,pm25,µg/m³,,raw,01:00:00,2016-11-09T17:45:00Z,2016-11-09T23:15:00+05:30,2016-11-09T18:45:00Z,2016-11-10T00:15:00+05:30,1,01:00:00,1,00:15:00,100.0,0.0,2016-11-09T18:30:00Z,2016-11-10T00:00:00+05:30,2016-11-09T18:45:00Z,2016-11-10T00:15:00+05:30
515.0,,,False,2,pm25,µg/m³,,raw,01:00:00,2016-11-09T18:00:00Z,2016-11-09T23:30:00+05:30,2016-11-09T19:00:00Z,2016-11-10T00:30:00+05:30,1,01:00:00,1,00:15:00,100.0,0.0,2016-11-09T18:45:00Z,2016-11-10T00:15:00+05:30,2016-11-09T19:00:00Z,2016-11-10T00:30:00+05:30
515.0,,,False,2,pm25,µg/m³,,raw,01:00:00,2016-11-09T18:15:00Z,2016-11-09T23:45:00+05:30,2016-11-09T19:15:00Z,2016-11-10T00:45:00+05:30,1,01:00:00,1,00:15:00,100.0,0.0,2016-11-09T19:00:00Z,2016-11-10T00:30:00+05:30,2016-11-09T19:15:00Z,2016-11-10T00:45:00+05:30
515.0,,,False,2,pm25,µg/m³,,raw,01:00:00,2016-11-09T18:30:00Z,2016-11-10T00:00:00+05:30,2016-11-09T19:30:00Z,2016-11-10T01:00:00+05:30,1,01:00:00,1,00:15:00,100.0,0.0,2016-11-09T19:15:00Z,2016-11-10T00:45:00+05:30,2016-11-09T19:30:00Z,2016-11-10T01:00:00+05:30
557.6,,,False,2,pm25,µg/m³,,raw,01:00:00,2016-11-09T18:45:00Z,2016-11-10T00:15:00+05:30,2016-11-09T19:45:00Z,2016-11-10T01:15:00+05:30,1,01:00:00,1,00:15:00,100.0,0.0,2016-11-09T19:30:00Z,2016-11-10T01:00:00+05:30,2016-11-09T19:45:00Z,2016-11-10T01:15:00+05:30
559.2,,,False,2,pm25,µg/m³,,raw,01:00:00,2016-11-09T19:00:00Z,2016-11-10T00:30:00+05:30,2016-11-09T20:00:00Z,2016-11-10T01:30:00+05:30,1,01:00:00,1,00:15:00,100.0,0.0,2016-11-09T19:45:00Z,2016-11-10T01:15:00+05:30,2016-11-09T20:00:00Z,2016-11-10T01:30:00+05:30
559.2,,,False,2,pm25,µg/m³,,raw,01:00:00,2016-11-09T19:15:00Z,2016-11-10T00:45:00+05:30,2016-11-09T20:15:00Z,2016-11-10T01:45:00+05:30,1,01:00:00,1,00:15:00,100.0,0.0,2016-11-09T20:00:00Z,2016-11-10T01:30:00+05:30,2016-11-09T20:15:00Z,2016-11-10T01:45:00+05:30
559.2,,,False,2,pm25,µg/m³,,raw,01:00:00,2016-11-09T19:30:00Z,2016-11-10T01:00:00+05:30,2016-11-09T20:30:00Z,2016-11-10T02:00:00+05:30,1,01:00:00,1,00:15:00,100.0,0.0,2016-11-09T20:15:00Z,2016-11-10T01:45:00+05:30,2016-11-09T20:30:00Z,2016-11-10T02:00:00+05:30
542.0,,,False,2,pm25,µg/m³,,raw,01:00:00,2016-11-09T19:45:00Z,2016-11-10T01:15:00+05:30,2016-11-09T20:45:00Z,2016-11-10T02:15:00+05:30,1,01:00:00,1,00:15:00,100.0,0.0,2016-11-09T20:30:00Z,2016-11-10T02:00:00+05:30,2016-11-09T20:45:00Z,2016-11-10T02:15:00+05:30
541.4,,,False,2,pm25,µg/m³,,raw,01:00:00,2016-11-09T20:00:00Z,2016-11-10T01:30:00+05:30,2016-11-09T21:00:00Z,2016-11-10T02:30:00+05:30,1,01:00:00,1,00:15:00,100.0,0.0,2016-11-09T20:45:00Z,2016-11-10T02:15:00+05:30,2016-11-09T21:00:00Z,2016-11-10T02:30:00+05:30
541.4,,,False,2,pm25,µg/m³,,raw,01:00:00,2016-11-09T20:15:00Z,2016-11-10T01:45:00+05:30,2016-11-09T21:15:00Z,2016-11-10T02:45:00+05:30,1,01:00:00,1,00:15:00,100.0,0.0,2016-11-09T21:00:00Z,2016-11-10T02:30:00+05:30,2016-11-09T21:15:00Z,2016-11-10T02:45:00+05:30
541.4,,,False,2,pm25,µg/m³,,raw,01:00:00,2016-11-09T20:30:00Z,2016-11-10T02:00:00+05:30,2016-11-09T21:30:00Z,2016-11-10T03:00:00+05:30,1,01:00:00,1,00:15:00,100.0,0.0,2016-11-09T21:15:00Z,2016-11-10T02:45:00+05:30,2016-11-09T21:30:00Z,2016-11-10T03:00:00+05:30
542.9,,,False,2,pm25,µg/m³,,raw,01:00:00,2016-11-09T20:45:00Z,2016-11-10T02:15:00+05:30,2016-11-09T21:45:00Z,2016-11-10T03:15:00+05:30,1,01:00:00,1,00:15:00,100.0,0.0,2016-11-09T21:30:00Z,2016-11-10T03:00:00+05:30,2016-11-09T21:45:00Z,2016-11-10T03:15:00+05:30
543.0,,,False,2,pm25,µg/m³,,raw,01:00:00,2016-11-09T21:00:00Z,2016-11-10T02:30:00+05:30,2016-11-09T22:00:00Z,2016-11-10T03:30:00+05:30,1,01:00:00,1,00:15:00,100.0,0.0,2016-11-09T21:45:00Z,2016-11-10T03:15:00+05:30,2016-11-09T22:00:00Z,2016-11-10T03:30:00+05:30
543.0,,,False,2,pm25,µg/m³,,raw,01:00:00,2016-11-09T21:15:00Z,2016-11-10T02:45:00+05:30,2016-11-09T22:15:00Z,2016-11-10T03:45:00+05:30,1,01:00:00,1,00:15:00,100.0,0.0,2016-11-09T22:00:00Z,2016-11-10T03:30:00+05:30,2016-11-09T22:15:00Z,2016-11-10T03:45:00+05:30
543.0,,,False,2,pm25,µg/m³,,raw,01:00:00,2016-11-09T21:30:00Z,2016-11-10T03:00:00+05:30,2016-11-09T22:30:00Z,2016-11-10T04:00:00+05:30,1,01:00:00,1,00:15:00,100.0,0.0,2016-11-09T22:15:00Z,2016-11-10T03:45:00+05:30,2016-11-09T22:30:00Z,2016-11-10T04:00:00+05:30
564.0,,,False,2,pm25,µg/m³,,raw,01:00:00,2016-11-09T21:45:00Z,2016-11-10T03:15:00+05:30,2016-11-09T22:45:00Z,2016-11-10T04:15:00+05:30,1,01:00:00,1,00:15:00,100.0,0.0,2016-11-09T22:30:00Z,2016-11-10T04:00:00+05:30,2016-11-09T22:45:00Z,2016-11-10T04:15:00+05:30
564.8,,,False,2,pm25,µg/m³,,raw,01:00:00,2016-11-09T22:00:00Z,2016-11-10T03:30:00+05:30,2016-11-09T23:00:00Z,2016-11-10T04:30:00+05:30,1,01:00:00,1,00:15:00,100.0,0.0,2016-11-09T22:45:00Z,2016-11-10T04:15:00+05:30,2016-11-09T23:00:00Z,2016-11-10T04:30:00+05:30
564.8,,,False,2,pm25,µg/m³,,raw,01:00:00,2016-11-09T22:15:00Z,2016-11-10T03:45:00+05:30,2016-11-09T23:15:00Z,2016-11-10T04:45:00+05:30,1,01:00:00,1,00:15:00,100.0,0.0,2016-11-09T23:00:00Z,2016-11-10T04:30:00+05:30,2016-11-09T23:15:00Z,2016-11-10T04:45:00+05:30
564.8,,,False,2,pm25,µg/m³,,raw,01:00:00,2016-11-09T22:30:00Z,2016-11-10T04:00:00+05:30,2016-11-09T23:30:00Z,2016-11-10T05:00:00+05:30,1,01:00:00,1,00:15:00,100.0,0.0,2016-11-09T23:15:00Z,2016-11-10T04:45:00+05:30,2016-11-09T23:30:00Z,2016-11-10T05:00:00+05:30
515.1,,,False,2,pm25,µg/m³,,raw,01:00:00,2016-11-09T22:45:00Z,2016-11-10T04:15:00+05:30,2016-11-09T23:45:00Z,2016-11-10T05:15:00+05:30,1,01:00:00,1,00:15:00,100.0,0.0,2016-11-09T23:30:00Z,2016-11-10T05:00:00+05:30,2016-11-09T23:45:00Z,2016-11-10T05:15:00+05:30
513.3,,,False,2,pm25,µg/m³,,raw,01:00:00,2016-11-09T23:00:00Z,2016-11-10T04:30:00+05:30,2016-11-10T00:00:00Z,2016-11-10T05:30:00+05:30,1,01:00:00,1,00:15:00,100.0,0.0,2016-11-09T23:45:00Z,2016-11-10T05:15:00+05:30,2016-11-10T00:00:00Z,2016-11-10T05:30:00+05:30
513.3,,,False,2,pm25,µg/m³,,raw,01:00:00,2016-11-09T23:15:00Z,2016-11-10T04:45:00+05:30,2016-11-10T00:15:00Z,2016-11-10T05:45:00+05:30,1,01:00:00,1,00:15:00,100.0,0.0,2016-11-10T00:00:00Z,2016-11-10T05:30:00+05:30,2016-11-10T00:15:00Z,2016-11-10T05:45:00+05:30
513.3,,,False,2,pm25,µg/m³,,raw,01:00:00,2016-11-09T23:30:00Z,2016-11-10T05:00:00+05:30,2016-11-10T00:30:00Z,2016-11-10T06:00:00+05:30,1,01:00:00,1,00:15:00,100.0,0.0,2016-11-10T00:15:00Z,2016-11-10T05:45:00+05:30,2016-11-10T00:30:00Z,2016-11-10T06:00:00+05:30
441.4,,,False,2,pm25,µg/m³,,raw,01:00:00,2016-11-09T23:45:00Z,2016-11-10T05:15:00+05:30,2016-11-10T00:45:00Z,2016-11-10T06:15:00+05:30,1,01:00:00,1,00:15:00,100.0,0.0,2016-11-10T00:30:00Z,2016-11-10T06:00:00+05:30,2016-11-10T00:45:00Z,2016-11-10T06:15:00+05:30
438.8,,,False,2,pm25,µg/m³,,raw,01:00:00,2016-11-10T00:00:00Z,2016-11-10T05:30:00+05:30,2016-11-10T01:00:00Z,2016-11-10T06:30:00+05:30,1,01:00:00,1,00:15:00,100.0,0.0,2016-11-10T00:45:00Z,2016-11-10T06:15:00+05:30,2016-11-10T01:00:00Z,2016-11-10T06:30:00+05:30
438.8,,,False,2,pm25,µg/m³,,raw,01:00:00,2016-11-10T00:15:00Z,2016-11-10T05:45:00+05:30,2016-11-10T01:15:00Z,2016-11-10T06:45:00+05:30,1,01:00:00,1,00:15:00,100.0,0.0,2016-11-10T01:00:00Z,2016-11-10T06:30:00+05:30,2016-11-10T01:15:00Z,2016-11-10T06:45:00+05:30
438.8,,,False,2,pm25,µg/m³,,raw,01:00:00,2016-11-10T00:30:00Z,2016-11-10T06:00:00+05:30,2016-11-10T01:30:00Z,2016-11-10T07:00:00+05:30,1,01:00:00,1,00:15:00,100.0,0.0,2016-11-10T01:15:00Z,2016-11-10T06:45:00+05:30,2016-11-10T01:30:00Z,2016-11-10T07:00:00+05:30
374.6,,,False,2,pm25,µg/m³,,raw,01:00:00,2016-11-10T00:45:00Z,2016-11-10T06:15:00+05:30,2016-11-10T01:45:00Z,2016-11-10T07:15:00+05:30,1,01:00:00,1,00:15:00,100.0,0.0,2016-11-10T01:30:00Z,2016-11-10T07:00:00+05:30,2016-11-10T01:45:00Z,2016-11-10T07:15:00+05:30
371.5,,,False,2,pm25,µg/m³,,raw,01:00:00,2016-11-10T01:00:00Z,2016-11-10T06:30:00+05:30,2016-11-10T02:00:00Z,2016-11-10T07:30:00+05:30,1,01:00:00,1,00:15:00,100.0,0.0,2016-11-10T01:45:00Z,2016-11-10T07:15:00+05:30,2016-11-10T02:00:00Z,2016-11-10T07:30:00+05:30
371.5,,,False,2,pm25,µg/m³,,raw,01:00:00,2016-11-10T01:15:00Z,2016-11-10T06:45:00+05:30,2016-11-10T02:15:00Z,2016-11-10T07:45:00+05:30,1,01:00:00,1,00:15:00,100.0,0.0,2016-11-10T02:00:00Z,2016-11-10T07:30:00+05:30,2016-11-10T02:15:00Z,2016-11-10T07:45:00+05:30
371.5,,,False,2,pm25,µg/m³,,raw,01:00:00,2016-11-10T01:30:00Z,2016-11-10T07:00:00+05:30,2016-11-10T02:30:00Z,2016-11-10T08:00:00+05:30,1,01:00:00,1,00:15:00,100.0,0.0,2016-11-10T02:15:00Z,2016-11-10T07:45:00+05:30,2016-11-10T02:30:00Z,2016-11-10T08:00:00+05:30
253.8,,,False,2,pm25,µg/m³,,raw,01:00:00,2016-11-10T01:45:00Z,2016-11-10T07:15:00+05:30,2016-11-10T02:45:00Z,2016-11-10T08:15:00+05:30,1,01:00:00,1,00:15:00,100.0,0.0,2016-11-10T02:30:00Z,2016-11-10T08:00:00+05:30,2016-11-10T02:45:00Z,2016-11-10T08:15:00+05:30
248.1,,,False,2,pm25,µg/m³,,raw,01:00:00,2016-11-10T02:00:00Z,2016-11-10T07:30:00+05:30,2016-11-10T03:00:00Z,2016-11-10T08:30:00+05:30,1,01:00:00,1,00:15:00,100.0,0.0,2016-11-10T02:45:00Z,2016-11-10T08:15:00+05:30,2016-11-10T03:00:00Z,2016-11-10T08:30:00+05:30
248.1,,,False,2,pm25,µg/m³,,raw,01:00:00,2016-11-10T02:15:00Z,2016-11-10T07:45:00+05:30,2016-11-10T03:15:00Z,2016-11-10T08:45:00+05:30,1,01:00:00,1,00:15:00,100.0,0.0,2016-11-10T03:00:00Z,2016-11-10T08:30:00+05:30,2016-11-10T03:15:00Z,2016-11-10T08:45:00+05:30
248.1,,,False,2,pm25,µg/m³,,raw,01:00:00,2016-11-10T02:30:00Z,2016-11-10T08:00:00+05:30,2016-11-10T03:30:00Z,2016-11-10T09:00:00+05:30,1,01:00:00,1,00:15:00,100.0,0.0,2016-11-10T03:15:00Z,2016-11-10T08:45:00+05:30,2016-11-10T03:30:00Z,2016-11-10T09:00:00+05:30
253.1,,,False,2,pm25,µg/m³,,raw,01:00:00,2016-11-10T02:45:00Z,2016-11-10T08:15:00+05:30,2016-11-10T03:45:00Z,2016-11-10T09:15:00+05:30,1,01:00:00,1,00:15:00,100.0,0.0,2016-11-10T03:30:00Z,2016-11-10T09:00:00+05:30,2016-11-10T03:45:00Z,2016-11-10T09:15:00+05:30
253.4,,,False,2,pm25,µg/m³,,raw,01:00:00,2016-11-10T03:00:00Z,2016-11-10T08:30:00+05:30,2016-11-10T04:00:00Z,2016-11-10T09:30:00+05:30,1,01:00:00,1,00:15:00,100.0,0.0,2016-11-10T03:45:00Z,2016-11-10T09:15:00+05:30,2016-11-10T04:00:00Z,2016-11-10T09:30:00+05:30
253.4,,,False,2,pm25,µg/m³,,raw,01:00:00,2016-11-10T03:15:00Z,2016-11-10T08:45:00+05:30,2016-11-10T04:15:00Z,2016-11-10T09:45:00+05:30,1,01:00:00,1,00:15:00,100.0,0.0,2016-11-10T04:00:00Z,2016-11-10T09:30:00+05:30,2016-11-10T04:15:00Z,2016-11-10T09:45:00+05:30
253.4,,,False,2,pm25,µg/m³,,raw,01:00:00,2016-11-10T03:30:00Z,2016-11-10T09:00:00+05:30,2016-11-10T04:30:00Z,2016-11-10T10:00:00+05:30,1,01:00:00,1,00:15:00,100.0,0.0,2016-11-10T04:15:00Z,2016-11-10T09:45:00+05:30,2016-11-10T04:30:00Z,2016-11-10T10:00:00+05:30
289.4,,,False,2,pm25,µg/m³,,raw,01:00:00,2016-11-10T03:45:00Z,2016-11-10T09:15:00+05:30,2016-11-10T04:45:00Z,2016-11-10T10:15:00+05:30,1,01:00:00,1,00:15:00,100.0,0.0,2016-11-10T04:30:00Z,2016-11-10T10:00:00+05:30,2016-11-10T04:45:00Z,2016-11-10T10:15:00+05:30
291.2,,,False,2,pm25,µg/m³,,raw,01:00:00,2016-11-10T04:00:00Z,2016-11-10T09:30:00+05:30,2016-11-10T05:00:00Z,2016-11-10T10:30:00+05:30,1,01:00:00,1,00:15:00,100.0,0.0,2016-11-10T04:45:00Z,2016-11-10T10:15:00+05:30,2016-11-10T05:00:00Z,2016-11-10T10:30:00+05:30
291.2,,,False,2,pm25,µg/m³,,raw,01:00:00,2016-11-10T04:15:00Z,2016-11-10T09:45:00+05:30,2016-11-10T05:15:00Z,2016-11-10T10:45:00+05:30,1,01:00:00,1,00:15:00,100.0,0.0,2016-11-10T05:00:00Z,2016-11-10T10:30:00+05:30,2016-11-10T05:15:00Z,2016-11-10T10:45:00+05:30
291.2,,,False,2,pm25,µg/m³,,raw,01:00:00,2016-11-10T04:30:00Z,2016-11-10T10:00:00+05:30,2016-11-10T05:30:00Z,2016-11-10T11:00:00+05:30,1,01:00:00,1,00:15:00,100.0,0.0,2016-11-10T05:15:00Z,2016-11-10T10:45:00+05:30,2016-11-10T05:30:00Z,2016-11-10T11:00:00+05:30
330.5,,,False,2,pm25,µg/m³,,raw,01:00:00,2016-11-10T04:45:00Z,2016-11-10T10:15:00+05:30,2016-11-10T05:45:00Z,2016-11-10T11:15:00+05:30,1,01:00:00,1,00:15:00,100.0,0.0,2016-11-10T05:30:00Z,2016-11-10T11:00:00+05:30,2016-11-10T05:45:00Z,2016-11-10T11:15:00+05:30
331.9,,,False,2,pm25,µg/m³,,raw,01:00:00,2016-11-10T05:00:00Z,2016-11-10T10:30:00+05:30,2016-11-10T06:00:00Z,2016-11-10T11:30:00+05:30,1,01:00:00,1,00:15:00,100.0,0.0,2016-11-10T05:45:00Z,2016-11-10T11:15:00+05:30,2016-11-10T06:00:00Z,2016-11-10T11:30:00+05:30
331.9,,,False,2,pm25,µg/m³,,raw,01:00:00,2016-11-10T05:15:00Z,2016-11-10T10:45:00+05:30,2016-11-10T06:15:00Z,2016-11-10T11:45:00+05:30,1,01:00:00,1,00:15:00,100.0,0.0,2016-11-10T06:00:00Z,2016-11-10T11:30:00+05:30,2016-11-10T06:15:00Z,2016-11-10T11:45:00+05:30
331.9,,,False,2,pm25,µg/m³,,raw,01:00:00,2016-11-10T05:30:00Z,2016-11-10T11:00:00+05:30,2016-11-10T06:30:00Z,2016-11-10T12:00:00+05:30,1,01:00:00,1,00:15:00,100.0,0.0,2016-11-10T06:15:00Z,2016-11-10T11:45:00+05:30,2016-11-10T06:30:00Z,2016-11-10T12:00:00+05:30
317.6,,,False,2,pm25,µg/m³,,raw,01:00:00,2016-11-10T07:00:00Z,2016-11-10T12:30:00+05:30,2016-11-10T08:00:00Z,2016-11-10T13:30:00+05:30,1,01:00:00,1,00:15:00,100.0,0.0,2016-11-10T07:45:00Z,2016-11-10T13:15:00+05:30,2016-11-10T08:00:00Z,2016-11-10T13:30:00+05:30
317.6,,,False,2,pm25,µg/m³,,raw,01:00:00,2016-11-10T07:15:00Z,2016-11-10T12:45:00+05:30,2016-11-10T08:15:00Z,2016-11-10T13:45:00+05:30,1,01:00:00,1,00:15:00,100.0,0.0,2016-11-10T08:00:00Z,2016-11-10T13:30:00+05:30,2016-11-10T08:15:00Z,2016-11-10T13:45:00+05:30
317.6,,,False,2,pm25,µg/m³,,raw,01:00:00,2016-11-10T07:30:00Z,2016-11-10T13:00:00+05:30,2016-11-10T08:30:00Z,2016-11-10T14:00:00+05:30,1,01:00:00,1,00:15:00,100.0,0.0,2016-11-10T08:15:00Z,2016-11-10T13:45:00+05:30,2016-11-10T08:30:00Z,2016-11-10T14:00:00+05:30
321.8,,,False,2,pm25,µg/m³,,raw,01:00:00,2016-11-10T07:45:00Z,2016-11-10T13:15:00+05:30,2016-11-10T08:45:00Z,2016-11-10T14:15:00+05:30,1,01:00:00,1,00:15:00,100.0,0.0,2016-11-10T08:30:00Z,2016-11-10T14:00:00+05:30,2016-11-10T08:45:00Z,2016-11-10T14:15:00+05:30
322.0,,,False,2,pm25,µg/m³,,raw,01:00:00,2016-11-10T08:00:00Z,2016-11-10T13:30:00+05:30,2016-11-10T09:00:00Z,2016-11-10T14:30:00+05:30,1,01:00:00,1,00:15:00,100.0,0.0,2016-11-10T08:45:00Z,2016-11-10T14:15:00+05:30,2016-11-10T09:00:00Z,2016-11-10T14:30:00+05:30
321.3,,,False,2,pm25,µg/m³,,raw,01:00:00,2016-11-10T09:15:00Z,2016-11-10T14:45:00+05:30,2016-11-10T10:15:00Z,2016-11-10T15:45:00+05:30,1,01:00:00,1,00:15:00,100.0,0.0,2016-11-10T10:00:00Z,2016-11-10T15:30:00+05:30,2016-11-10T10:15:00Z,2016-11-10T15:45:00+05:30
321.3,,,False,2,pm25,µg/m³,,raw,01:00:00,2016-11-10T09:30:00Z,2016-11-10T15:00:00+05:30,2016-11-10T10:30:00Z,2016-11-10T16:00:00+05:30,1,01:00:00,1,00:15:00,100.0,0.0,2016-11-10T10:15:00Z,2016-11-10T15:45:00+05:30,2016-11-10T10:30:00Z,2016-11-10T16:00:00+05:30
319.0,,,False,2,pm25,µg/m³,,raw,01:00:00,2016-11-10T09:45:00Z,2016-11-10T15:15:00+05:30,2016-11-10T10:45:00Z,2016-11-10T16:15:00+05:30,1,01:00:00,1,00:15:00,100.0,0.0,2016-11-10T10:30:00Z,2016-11-10T16:00:00+05:30,2016-11-10T10:45:00Z,2016-11-10T16:15:00+05:30
318.9,,,False,2,pm25,µg/m³,,raw,01:00:00,2016-11-10T10:00:00Z,2016-11-10T15:30:00+05:30,2016-11-10T11:00:00Z,2016-11-10T16:30:00+05:30,1,01:00:00,1,00:15:00,100.0,0.0,2016-11-10T10:45:00Z,2016-11-10T16:15:00+05:30,2016-11-10T11:00:00Z,2016-11-10T16:30:00+05:30
318.9,,,False,2,pm25,µg/m³,,raw,01:00:00,2016-11-10T10:15:00Z,2016-11-10T15:45:00+05:30,2016-11-10T11:15:00Z,2016-11-10T16:45:00+05:30,1,01:00:00,1,00:15:00,100.0,0.0,2016-11-10T11:00:00Z,2016-11-10T16:30:00+05:30,2016-11-10T11:15:00Z,2016-11-10T16:45:00+05:30
318.9,,,False,2,pm25,µg/m³,,raw,01:00:00,2016-11-10T10:30:00Z,2016-11-10T16:00:00+05:30,2016-11-10T11:30:00Z,2016-11-10T17:00:00+05:30,1,01:00:00,1,00:15:00,100.0,0.0,2016-11-10T11:15:00Z,2016-11-10T16:45:00+05:30,2016-11-10T11:30:00Z,2016-11-10T17:00:00+05:30
263.8,,,False,2,pm25,µg/m³,,raw,01:00:00,2016-11-10T10:45:00Z,2016-11-10T16:15:00+05:30,2016-11-10T11:45:00Z,2016-11-10T17:15:00+05:30,1,01:00:00,1,00:15:00,100.0,0.0,2016-11-10T11:30:00Z,2016-11-10T17:00:00+05:30,2016-11-10T11:45:00Z,2016-11-10T17:15:00+05:30
261.2,,,False,2,pm25,µg/m³,,raw,01:00:00,2016-11-10T11:00:00Z,2016-11-10T16:30:00+05:30,2016-11-10T12:00:00Z,2016-11-10T17:30:00+05:30,1,01:00:00,1,00:15:00,100.0,0.0,2016-11-10T11:45:00Z,2016-11-10T17:15:00+05:30,2016-11-10T12:00:00Z,2016-11-10T17:30:00+05:30
261.2,,,False,2,pm25,µg/m³,,raw,01:00:00,2016-11-10T11:15:00Z,2016-11-10T16:45:00+05:30,2016-11-10T12:15:00Z,2016-11-10T17:45:00+05:30,1,01:00:00,1,00:15:00,100.0,0.0,2016-11-10T12:00:00Z,2016-11-10T17:30:00+05:30,2016-11-10T12:15:00Z,2016-11-10T17:45:00+05:30
261.2,,,False,2,pm25,µg/m³,,raw,01:00:00,2016-11-10T11:30:00Z,2016-11-10T17:00:00+05:30,2016-11-10T12:30:00Z,2016-11-10T18:00:00+05:30,1,01:00:00,1,00:15:00,100.0,0.0,2016-11-10T12:15:00Z,2016-11-10T17:45:00+05:30,2016-11-10T12:30:00Z,2016-11-10T18:00:00+05:30
271.7,,,False,2,pm25,µg/m³,,raw,01:00:00,2016-11-10T11:45:00Z,2016-11-10T17:15:00+05:30,2016-11-10T12:45:00Z,2016-11-10T18:15:00+05:30,1,01:00:00,1,00:15:00,100.0,0.0,2016-11-10T12:30:00Z,2016-11-10T18:00:00+05:30,2016-11-10T12:45:00Z,2016-11-10T18:15:00+05:30
272.2,,,False,2,pm25,µg/m³,,raw,01:00:00,2016-11-10T12:00:00Z,2016-11-10T17:30:00+05:30,2016-11-10T13:00:00Z,2016-11-10T18:30:00+05:30,1,01:00:00,1,00:15:00,100.0,0.0,2016-11-10T12:45:00Z,2016-11-10T18:15:00+05:30,2016-11-10T13:00:00Z,2016-11-10T18:30:00+05:30
272.2,,,False,2,pm25,µg/m³,,raw,01:00:00,2016-11-10T12:15:00Z,2016-11-10T17:45:00+05:30,2016-11-10T13:15:00Z,2016-11-10T18:45:00+05:30,1,01:00:00,1,00:15:00,100.0,0.0,2016-11-10T13:00:00Z,2016-11-10T18:30:00+05:30,2016-11-10T13:15:00Z,2016-11-10T18:45:00+05:30
272.2,,,False,2,pm25,µg/m³,,raw,01:00:00,2016-11-10T12:30:00Z,2016-11-10T18:00:00+05:30,2016-11-10T13:30:00Z,2016-11-10T19:00:00+05:30,1,01:00:00,1,00:15:00,100.0,0.0,2016-11-10T13:15:00Z,2016-11-10T18:45:00+05:30,2016-11-10T13:30:00Z,2016-11-10T19:00:00+05:30
306.2,,,False,2,pm25,µg/m³,,raw,01:00:00,2016-11-10T12:45:00Z,2016-11-10T18:15:00+05:30,2016-11-10T13:45:00Z,2016-11-10T19:15:00+05:30,1,01:00:00,1,00:15:00,100.0,0.0,2016-11-10T13:30:00Z,2016-11-10T19:00:00+05:30,2016-11-10T13:45:00Z,2016-11-10T19:15:00+05:30
307.9,,,False,2,pm25,µg/m³,,raw,01:00:00,2016-11-10T13:00:00Z,2016-11-10T18:30:00+05:30,2016-11-10T14:00:00Z,2016-11-10T19:30:00+05:30,1,01:00:00,1,00:15:00,100.0,0.0,2016-11-10T13:45:00Z,2016-11-10T19:15:00+05:30,2016-11-10T14:00:00Z,2016-11-10T19:30:00+05:30
307.9,,,False,2,pm25,µg/m³,,raw,01:00:00,2016-11-10T13:15:00Z,2016-11-10T18:45:00+05:30,2016-11-10T14:15:00Z,2016-11-10T19:45:00+05:30,1,01:00:00,1,00:15:00,100.0,0.0,2016-11-10T14:00:00Z,2016-11-10T19:30:00+05:30,2016-11-10T14:15:00Z,2016-11-10T19:45:00+05:30
307.9,,,False,2,pm25,µg/m³,,raw,01:00:00,2016-11-10T13:30:00Z,2016-11-10T19:00:00+05:30,2016-11-10T14:30:00Z,2016-11-10T20:00:00+05:30,1,01:00:00,1,00:15:00,100.0,0.0,2016-11-10T14:15:00Z,2016-11-10T19:45:00+05:30,2016-11-10T14:30:00Z,2016-11-10T20:00:00+05:30
425.1,,,False,2,pm25,µg/m³,,raw,01:00:00,2016-11-10T13:45:00Z,2016-11-10T19:15:00+05:30,2016-11-10T14:45:00Z,2016-11-10T20:15:00+05:30,1,01:00:00,1,00:15:00,100.0,0.0,2016-11-10T14:30:00Z,2016-11-10T20:00:00+05:30,2016-11-10T14:45:00Z,2016-11-10T20:15:00+05:30
430.8,,,False,2,pm25,µg/m³,,raw,01:00:00,2016-11-10T14:00:00Z,2016-11-10T19:30:00+05:30,2016-11-10T15:00:00Z,2016-11-10T20:30:00+05:30,1,01:00:00,1,00:15:00,100.0,0.0,2016-11-10T14:45:00Z,2016-11-10T20:15:00+05:30,2016-11-10T15:00:00Z,2016-11-10T20:30:00+05:30
430.8,,,False,2,pm25,µg/m³,,raw,01:00:00,2016-11-10T14:15:00Z,2016-11-10T19:45:00+05:30,2016-11-10T15:15:00Z,2016-11-10T20:45:00+05:30,1,01:00:00,1,00:15:00,100.0,0.0,2016-11-10T15:00:00Z,2016-11-10T20:30:00+05:30,2016-11-10T15:15:00Z,2016-11-10T20:45:00+05:30
430.8,,,False,2,pm25,µg/m³,,raw,01:00:00,2016-11-10T14:30:00Z,2016-11-10T20:00:00+05:30,2016-11-10T15:30:00Z,2016-11-10T21:00:00+05:30,1,01:00:00,1,00:15:00,100.0,0.0,2016-11-10T15:15:00Z,2016-11-10T20:45:00+05:30,2016-11-10T15:30:00Z,2016-11-10T21:00:00+05:30
499.1,,,False,2,pm25,µg/m³,,raw,01:00:00,2016-11-10T14:45:00Z,2016-11-10T20:15:00+05:30,2016-11-10T15:45:00Z,2016-11-10T21:15:00+05:30,1,01:00:00,1,00:15:00,100.0,0.0,2016-11-10T15:30:00Z,2016-11-10T21:00:00+05:30,2016-11-10T15:45:00Z,2016-11-10T21:15:00+05:30
502.4,,,False,2,pm25,µg/m³,,raw,01:00:00,2016-11-10T15:00:00Z,2016-11-10T20:30:00+05:30,2016-11-10T16:00:00Z,2016-11-10T21:30:00+05:30,1,01:00:00,1,00:15:00,100.0,0.0,2016-11-10T15:45:00Z,2016-11-10T21:15:00+05:30,2016-11-10T16:00:00Z,2016-11-10T21:30:00+05:30
502.4,,,False,2,pm25,µg/m³,,raw,01:00:00,2016-11-10T15:15:00Z,2016-11-10T20:45:00+05:30,2016-11-10T16:15:00Z,2016-11-10T21:45:00+05:30,1,01:00:00,1,00:15:00,100.0,0.0,2016-11-10T16:00:00Z,2016-11-10T21:30:00+05:30,2016-11-10T16:15:00Z,2016-11-10T21:45:00+05:30
502.4,,,False,2,pm25,µg/m³,,raw,01:00:00,2016-11-10T15:30:00Z,2016-11-10T21:00:00+05:30,2016-11-10T16:30:00Z,2016-11-10T22:00:00+05:30,1,01:00:00,1,00:15:00,100.0,0.0,2016-11-10T16:15:00Z,2016-11-10T21:45:00+05:30,2016-11-10T16:30:00Z,2016-11-10T22:00:00+05:30
509.7,,,False,2,pm25,µg/m³,,raw,01:00:00,2016-11-10T15:45:00Z,2016-11-10T21:15:00+05:30,2016-11-10T16:45:00Z,2016-11-10T22:15:00+05:30,1,01:00:00,1,00:15:00,100.0,0.0,2016-11-10T16:30:00Z,2016-11-10T22:00:00+05:30,2016-11-10T16:45:00Z,2016-11-10T22:15:00+05:30
510.1,,,False,2,pm25,µg/m³,,raw,01:00:00,2016-11-10T16:00:00Z,2016-11-10T21:30:00+05:30,2016-11-10T17:00:00Z,2016-11-10T22:30:00+05:30,1,01:00:00,1,00:15:00,100.0,0.0,2016-11-10T16:45:00Z,2016-11-10T22:15:00+05:30,2016-11-10T17:00:00Z,2016-11-10T22:30:00+05:30
510.1,,,False,2,pm25,µg/m³,,raw,01:00:00,2016-11-10T16:15:00Z,2016-11-10T21:45:00+05:30,2016-11-10T17:15:00Z,2016-11-10T22:45:00+05:30,1,01:00:00,1,00:15:00,100.0,0.0,2016-11-10T17:00:00Z,2016-11-10T22:30:00+05:30,2016-11-10T17:15:00Z,2016-11-10T22:45:00+05:30
510.1,,,False,2,pm25,µg/m³,,raw,01:00:00,2016-11-10T16:30:00Z,2016-11-10T22:00:00+05:30,2016-11-10T17:30:00Z,2016-11-10T23:00:00+05:30,1,01:00:00,1,00:15:00,100.0,0.0,2016-11-10T17:15:00Z,2016-11-10T22:45:00+05:30,2016-11-10T17:30:00Z,2016-11-10T23:00:00+05:30
531.8,,,False,2,pm25,µg/m³,,raw,01:00:00,2016-11-10T17:30:00Z,2016-11-10T23:00:00+05:30,2016-11-10T18:30:00Z,2016-11-11T00:00:00+05:30,1,01:00:00,1,00:15:00,100.0,0.0,2016-11-10T18:15:00Z,2016-11-10T23:45:00+05:30,2016-11-10T18:30:00Z,2016-11-11T00:00:00+05:30
516.0,,,False,2,pm25,µg/m³,,raw,01:00:00,2016-11-10T17:45:00Z,2016-11-10T23:15:00+05:30,2016-11-10T18:45:00Z,2016-11-11T00:15:00+05:30,1,01:00:00,1,00:15:00,100.0,0.0,2016-11-10T18:30:00Z,2016-11-11T00:00:00+05:30,2016-11-10T18:45:00Z,2016-11-11T00:15:00+05:30
518.3,,,False,2,pm25,µg/m³,,raw,01:00:00,2016-11-10T18:00:00Z,2016-11-10T23:30:00+05:30,2016-11-10T19:00:00Z,2016-11-11T00:30:00+05:30,1,01:00:00,1,00:15:00,100.0,0.0,2016-11-10T18:45:00Z,2016-11-11T00:15:00+05:30,2016-11-10T19:00:00Z,2016-11-11T00:30:00+05:30
518.3,,,False,2,pm25,µg/m³,,raw,01:00:00,2016-11-10T18:15:00Z,2016-11-10T23:45:00+05:30,2016-11-10T19:15:00Z,2016-11-11T00:45:00+05:30,1,01:00:00,1,00:15:00,100.0,0.0,2016-11-10T19:00:00Z,2016-11-11T00:30:00+05:30,2016-11-10T19:15:00Z,2016-11-11T00:45:00+05:30
518.3,,,False,2,pm25,µg/m³,,raw,01:00:00,2016-11-10T18:30:00Z,2016-11-11T00:00:00+05:30,2016-11-10T19:30:00Z,2016-11-11T01:00:00+05:30,1,01:00:00,1,00:15:00,100.0,0.0,2016-11-10T19:15:00Z,2016-11-11T00:45:00+05:30,2016-11-10T19:30:00Z,2016-11-11T01:00:00+05:30
492.1,,,False,2,pm25,µg/m³,,raw,01:00:00,2016-11-10T18:45:00Z,2016-11-11T00:15:00+05:30,2016-11-10T19:45:00Z,2016-11-11T01:15:00+05:30,1,01:00:00,1,00:15:00,100.0,0.0,2016-11-10T19:30:00Z,2016-11-11T01:00:00+05:30,2016-11-10T19:45:00Z,2016-11-11T01:15:00+05:30
490.9,,,False,2,pm25,µg/m³,,raw,01:00:00,2016-11-10T19:00:00Z,2016-11-11T00:30:00+05:30,2016-11-10T20:00:00Z,2016-11-11T01:30:00+05:30,1,01:00:00,1,00:15:00,100.0,0.0,2016-11-10T19:45:00Z,2016-11-11T01:15:00+05:30,2016-11-10T20:00:00Z,2016-11-11T01:30:00+05:30
490.9,,,False,2,pm25,µg/m³,,raw,01:00:00,2016-11-10T19:15:00Z,2016-11-11T00:45:00+05:30,2016-11-10T20:15:00Z,2016-11-11T01:45:00+05:30,1,01:00:00,1,00:15:00,100.0,0.0,2016-11-10T20:00:00Z,2016-11-11T01:30:00+05:30,2016-11-10T20:15:00Z,2016-11-11T01:45:00+05:30
490.9,,,False,2,pm25,µg/m³,,raw,01:00:00,2016-11-10T19:30:00Z,2016-11-11T01:00:00+05:30,2016-11-10T20:30:00Z,2016-11-11T02:00:00+05:30,1,01:00:00,1,00:15:00,100.0,0.0,2016-11-10T20:15:00Z,2016-11-11T01:45:00+05:30,2016-11-10T20:30:00Z,2016-11-11T02:00:00+05:30
592.1,,,False,2,pm25,µg/m³,,raw,01:00:00,2016-11-10T19:45:00Z,2016-11-11T01:15:00+05:30,2016-11-10T20:45:00Z,2016-11-11T02:15:00+05:30,1,01:00:00,1,00:15:00,100.0,0.0,2016-11-10T20:30:00Z,2016-11-11T02:00:00+05:30,2016-11-10T20:45:00Z,2016-11-11T02:15:00+05:30
597.1,,,False,2,pm25,µg/m³,,raw,01:00:00,2016-11-10T20:00:00Z,2016-11-11T01:30:00+05:30,2016-11-10T21:00:00Z,2016-11-11T02:30:00+05:30,1,01:00:00,1,00:15:00,100.0,0.0,2016-11-10T20:45:00Z,2016-11-11T02:15:00+05:30,2016-11-10T21:00:00Z,2016-11-11T02:30:00+05:30
597.1,,,False,2,pm25,µg/m³,,raw,01:00:00,2016-11-10T20:15:00Z,2016-11-11T01:45:00+05:30,2016-11-10T21:15:00Z,2016-11-11T02:45:00+05:30,1,01:00:00,1,00:15:00,100.0,0.0,2016-11-10T21:00:00Z,2016-11-11T02:30:00+05:30,2016-11-10T21:15:00Z,2016-11-11T02:45:00+05:30
597.1,,,False,2,pm25,µg/m³,,raw,01:00:00,2016-11-10T20:30:00Z,2016-11-11T02:00:00+05:30,2016-11-10T21:30:00Z,2016-11-11T03:00:00+05:30,1,01:00:00,1,00:15:00,100.0,0.0,2016-11-10T21:15:00Z,2016-11-11T02:45:00+05:30,2016-11-10T21:30:00Z,2016-11-11T03:00:00+05:30
543.1,,,False,2,pm25,µg/m³,,raw,01:00:00,2016-11-10T20:45:00Z,2016-11-11T02:15:00+05:30,2016-11-10T21:45:00Z,2016-11-11T03:15:00+05:30,1,01:00:00,1,00:15:00,100.0,0.0,2016-11-10T21:30:00Z,2016-11-11T03:00:00+05:30,2016-11-10T21:45:00Z,2016-11-11T03:15:00+05:30
540.5,,,False,2,pm25,µg/m³,,raw,01:00:00,2016-11-10T21:00:00Z,2016-11-11T02:30:00+05:30,2016-11-10T22:00:00Z,2016-11-11T03:30:00+05:30,1,01:00:00,1,00:15:00,100.0,0.0,2016-11-10T21:45:00Z,2016-11-11T03:15:00+05:30,2016-11-10T22:00:00Z,2016-11-11T03:30:00+05:30
540.5,,,False,2,pm25,µg/m³,,raw,01:00:00,2016-11-10T21:15:00Z,2016-11-11T02:45:00+05:30,2016-11-10T22:15:00Z,2016-11-11T03:45:00+05:30,1,01:00:00,1,00:15:00,100.0,0.0,2016-11-10T22:00:00Z,2016-11-11T03:30:00+05:30,2016-11-10T22:15:00Z,2016-11-11T03:45:00+05:30
540.5,,,False,2,pm25,µg/m³,,raw,01:00:00,2016-11-10T21:30:00Z,2016-11-11T03:00:00+05:30,2016-11-10T22:30:00Z,2016-11-11T04:00:00+05:30,1,01:00:00,1,00:15:00,100.0,0.0,2016-11-10T22:15:00Z,2016-11-11T03:45:00+05:30,2016-11-10T22:30:00Z,2016-11-11T04:00:00+05:30
481.7,,,False,2,pm25,µg/m³,,raw,01:00:00,2016-11-10T21:45:00Z,2016-11-11T03:15:00+05:30,2016-11-10T22:45:00Z,2016-11-11T04:15:00+05:30,1,01:00:00,1,00:15:00,100.0,0.0,2016-11-10T22:30:00Z,2016-11-11T04:00:00+05:30,2016-11-10T22:45:00Z,2016-11-11T04:15:00+05:30
478.9,,,False,2,pm25,µg/m³,,raw,01:00:00,2016-11-10T22:00:00Z,2016-11-11T03:30:00+05:30,2016-11-10T23:00:00Z,2016-11-11T04:30:00+05:30,1,01:00:00,1,00:15:00,100.0,0.0,2016-11-10T22:45:00Z,2016-11-11T04:15:00+05:30,2016-11-10T23:00:00Z,2016-11-11T04:30:00+05:30
478.9,,,False,2,pm25,µg/m³,,raw,01:00:00,2016-11-10T22:15:00Z,2016-11-11T03:45:00+05:30,2016-11-10T23:15:00Z,2016-11-11T04:45:00+05:30,1,01:00:00,1,00:15:00,100.0,0.0,2016-11-10T23:00:00Z,2016-11-11T04:30:00+05:30,2016-11-10T23:15:00Z,2016-11-11T04:45:00+05:30
478.9,,,False,2,pm25,µg/m³,,raw,01:00:00,2016-11-10T22:30:00Z,2016-11-11T04:00:00+05:30,2016-11-10T23:30:00Z,2016-11-11T05:00:00+05:30,1,01:00:00,1,00:15:00,100.0,0.0,2016-11-10T23:15:00Z,2016-11-11T04:45:00+05:30,2016-11-10T23:30:00Z,2016-11-11T05:00:00+05:30
454.7,,,False,2,pm25,µg/m³,,raw,01:00:00,2016-11-10T22:45:00Z,2016-11-11T04:15:00+05:30,2016-11-10T23:45:00Z,2016-11-11T05:15:00+05:30,1,01:00:00,1,00:15:00,100.0,0.0,2016-11-10T23:30:00Z,2016-11-11T05:00:00+05:30,2016-11-10T23:45:00Z,2016-11-11T05:15:00+05:30
453.5,,,False,2,pm25,µg/m³,,raw,01:00:00,2016-11-10T23:00:00Z,2016-11-11T04:30:00+05:30,2016-11-11T00:00:00Z,2016-11-11T05:30:00+05:30,1,01:00:00,1,00:15:00,100.0,0.0,2016-11-10T23:45:00Z,2016-11-11T05:15:00+05:30,2016-11-11T00:00:00Z,2016-11-11T05:30:00+05:30
453.5,,,False,2,pm25,µg/m³,,raw,01:00:00,2016-11-10T23:15:00Z,2016-11-11T04:45:00+05:30,2016-11-11T00:15:00Z,2016-11-11T05:45:00+05:30,1,01:00:00,1,00:15:00,100.0,0.0,2016-11-11T00:00:00Z,2016-11-11T05:30:00+05:30,2016-11-11T00:15:00Z,2016-11-11T05:45:00+05:30
453.5,,,False,2,pm25,µg/m³,,raw,01:00:00,2016-11-10T23:30:00Z,2016-11-11T05:00:00+05:30,2016-11-11T00:30:00Z,2016-11-11T06:00:00+05:30,1,01:00:00,1,00:15:00,100.0,0.0,2016-11-11T00:15:00Z,2016-11-11T05:45:00+05:30,2016-11-11T00:30:00Z,2016-11-11T06:00:00+05:30
442.3,,,False,2,pm25,µg/m³,,raw,01:00:00,2016-11-10T23:45:00Z,2016-11-11T05:15:00+05:30,2016-11-11T00:45:00Z,2016-11-11T06:15:00+05:30,1,01:00:00,1,00:15:00,100.0,0.0,2016-11-11T00:30:00Z,2016-11-11T06:00:00+05:30,2016-11-11T00:45:00Z,2016-11-11T06:15:00+05:30
441.8,,,False,2,pm25,µg/m³,,raw,01:00:00,2016-11-11T00:00:00Z,2016-11-11T05:30:00+05:30,2016-11-11T01:00:00Z,2016-11-11T06:30:00+05:30,1,01:00:00,1,00:15:00,100.0,0.0,2016-11-11T00:45:00Z,2016-11-11T06:15:00+05:30,2016-11-11T01:00:00Z,2016-11-11T06:30:00+05:30
441.8,,,False,2,pm25,µg/m³,,raw,01:00:00,2016-11-11T00:15:00Z,2016-11-11T05:45:00+05:30,2016-11-11T01:15:00Z,2016-11-11T06:45:00+05:30,1,01:00:00,1,00:15:00,100.0,0.0,2016-11-11T01:00:00Z,2016-11-11T06:30:00+05:30,2016-11-11T01:15:00Z,2016-11-11T06:45:00+05:30
441.8,,,False,2,pm25,µg/m³,,raw,01:00:00,2016-11-11T00:30:00Z,2016-11-11T06:00:00+05:30,2016-11-11T01:30:00Z,2016-11-11T07:00:00+05:30,1,01:00:00,1,00:15:00,100.0,0.0,2016-11-11T01:15:00Z,2016-11-11T06:45:00+05:30,2016-11-11T01:30:00Z,2016-11-11T07:00:00+05:30
439.2,,,False,2,pm25,µg/m³,,raw,01:00:00,2016-11-11T00:45:00Z,2016-11-11T06:15:00+05:30,2016-11-11T01:45:00Z,2016-11-11T07:15:00+05:30,1,01:00:00,1,00:15:00,100.0,0.0,2016-11-11T01:30:00Z,2016-11-11T07:00:00+05:30,2016-11-11T01:45:00Z,2016-11-11T07:15:00+05:30
439.1,,,False,2,pm25,µg/m³,,raw,01:00:00,2016-11-11T01:00:00Z,2016-11-11T06:30:00+05:30,2016-11-11T02:00:00Z,2016-11-11T07:30:00+05:30,1,01:00:00,1,00:15:00,100.0,0.0,2016-11-11T01:45:00Z,2016-11-11T07:15:00+05:30,2016-11-11T02:00:00Z,2016-11-11T07:30:00+05:30
439.1,,,False,2,pm25,µg/m³,,raw,01:00:00,2016-11-11T01:15:00Z,2016-11-11T06:45:00+05:30,2016-11-11T02:15:00Z,2016-11-11T07:45:00+05:30,1,01:00:00,1,00:15:00,100.0,0.0,2016-11-11T02:00:00Z,2016-11-11T07:30:00+05:30,2016-11-11T02:15:00Z,2016-11-11T07:45:00+05:30
439.1,,,False,2,pm25,µg/m³,,raw,01:00:00,2016-11-11T01:30:00Z,2016-11-11T07:00:00+05:30,2016-11-11T02:30:00Z,2016-11-11T08:00:00+05:30,1,01:00:00,1,00:15:00,100.0,0.0,2016-11-11T02:15:00Z,2016-11-11T07:45:00+05:30,2016-11-11T02:30:00Z,2016-11-11T08:00:00+05:30
431.0,,,False,2,pm25,µg/m³,,raw,01:00:00,2016-11-11T01:45:00Z,2016-11-11T07:15:00+05:30,2016-11-11T02:45:00Z,2016-11-11T08:15:00+05:30,1,01:00:00,1,00:15:00,100.0,0.0,2016-11-11T02:30:00Z,2016-11-11T08:00:00+05:30,2016-11-11T02:45:00Z,2016-11-11T08:15:00+05:30
430.6,,,False,2,pm25,µg/m³,,raw,01:00:00,2016-11-11T02:00:00Z,2016-11-11T07:30:00+05:30,2016-11-11T03:00:00Z,2016-11-11T08:30:00+05:30,1,01:00:00,1,00:15:00,100.0,0.0,2016-11-11T02:45:00Z,2016-11-11T08:15:00+05:30,2016-11-11T03:00:00Z,2016-11-11T08:30:00+05:30
430.6,,,False,2,pm25,µg/m³,,raw,01:00:00,2016-11-11T02:15:00Z,2016-11-11T07:45:00+05:30,2016-11-11T03:15:00Z,2016-11-11T08:45:00+05:30,1,01:00:00,1,00:15:00,100.0,0.0,2016-11-11T03:00:00Z,2016-11-11T08:30:00+05:30,2016-11-11T03:15:00Z,2016-11-11T08:45:00+05:30
430.6,,,False,2,pm25,µg/m³,,raw,01:00:00,2016-11-11T02:30:00Z,2016-11-11T08:00:00+05:30,2016-11-11T03:30:00Z,2016-11-11T09:00:00+05:30,1,01:00:00,1,00:15:00,100.0,0.0,2016-11-11T03:15:00Z,2016-11-11T08:45:00+05:30,2016-11-11T03:30:00Z,2016-11-11T09:00:00+05:30
476.3,,,False,2,pm25,µg/m³,,raw,01:00:00,2016-11-11T02:45:00Z,2016-11-11T08:15:00+05:30,2016-11-11T03:45:00Z,2016-11-11T09:15:00+05:30,1,01:00:00,1,00:15:00,100.0,0.0,2016-11-11T03:30:00Z,2016-11-11T09:00:00+05:30,2016-11-11T03:45:00Z,2016-11-11T09:15:00+05:30
478.5,,,False,2,pm25,µg/m³,,raw,01:00:00,2016-11-11T03:00:00Z,2016-11-11T08:30:00+05:30,2016-11-11T04:00:00Z,2016-11-11T09:30:00+05:30,1,01:00:00,1,00:15:00,100.0,0.0,2016-11-11T03:45:00Z,2016-11-11T09:15:00+05:30,2016-11-11T04:00:00Z,2016-11-11T09:30:00+05:30
478.5,,,False,2,pm25,µg/m³,,raw,01:00:00,2016-11-11T03:15:00Z,2016-11-11T08:45:00+05:30,2016-11-11T04:15:00Z,2016-11-11T09:45:00+05:30,1,01:00:00,1,00:15:00,100.0,0.0,2016-11-11T04:00:00Z,2016-11-11T09:30:00+05:30,2016-11-11T04:15:00Z,2016-11-11T09:45:00+05:30
478.5,,,False,2,pm25,µg/m³,,raw,01:00:00,2016-11-11T03:30:00Z,2016-11-11T09:00:00+05:30,2016-11-11T04:30:00Z,2016-11-11T10:00:00+05:30,1,01:00:00,1,00:15:00,100.0,0.0,2016-11-11T04:15:00Z,2016-11-11T09:45:00+05:30,2016-11-11T04:30:00Z,2016-11-11T10:00:00+05:30
616.5,,,False,2,pm25,µg/m³,,raw,01:00:00,2016-11-11T03:45:00Z,2016-11-11T09:15:00+05:30,2016-11-11T04:45:00Z,2016-11-11T10:15:00+05:30,1,01:00:00,1,00:15:00,100.0,0.0,2016-11-11T04:30:00Z,2016-11-11T10:00:00+05:30,2016-11-11T04:45:00Z,2016-11-11T10:15:00+05:30
623.2,,,False,2,pm25,µg/m³,,raw,01:00:00,2016-11-11T04:00:00Z,2016-11-11T09:30:00+05:30,2016-11-11T05:00:00Z,2016-11-11T10:30:00+05:30,1,01:00:00,1,00:15:00,100.0,0.0,2016-11-11T04:45:00Z,2016-11-11T10:15:00+05:30,2016-11-11T05:00:00Z,2016-11-11T10:30:00+05:30
623.2,,,False,2,pm25,µg/m³,,raw,01:00:00,2016-11-11T04:15:00Z,2016-11-11T09:45:00+05:30,2016-11-11T05:15:00Z,2016-11-11T10:45:00+05:30,1,01:00:00,1,00:15:00,100.0,0.0,2016-11-11T05:00:00Z,2016-11-11T10:30:00+05:30,2016-11-11T05:15:00Z,2016-11-11T10:45:00+05:30
623.2,,,False,2,pm25,µg/m³,,raw,01:00:00,2016-11-11T04:30:00Z,2016-11-11T10:00:00+05:30,2016-11-11T05:30:00Z,2016-11-11T11:00:00+05:30,1,01:00:00,1,00:15:00,100.0,0.0,2016-11-11T05:15:00Z,2016-11-11T10:45:00+05:30,2016-11-11T05:30:00Z,2016-11-11T11:00:00+05:30
415.8,,,False,2,pm25,µg/m³,,raw,01:00:00,2016-11-11T04:45:00Z,2016-11-11T10:15:00+05:30,2016-11-11T05:45:00Z,2016-11-11T11:15:00+05:30,1,01:00:00,1,00:15:00,100.0,0.0,2016-11-11T05:30:00Z,2016-11-11T11:00:00+05:30,2016-11-11T05:45:00Z,2016-11-11T11:15:00+05:30
274.6,,,False,2,pm25,µg/m³,,raw,01:00:00,2016-11-11T05:45:00Z,2016-11-11T11:15:00+05:30,2016-11-11T06:45:00Z,2016-11-11T12:15:00+05:30,1,01:00:00,1,00:15:00,100.0,0.0,2016-11-11T06:30:00Z,2016-11-11T12:00:00+05:30,2016-11-11T06:45:00Z,2016-11-11T12:15:00+05:30
268.3,,,False,2,pm25,µg/m³,,raw,01:00:00,2016-11-11T06:00:00Z,2016-11-11T11:30:00+05:30,2016-11-11T07:00:00Z,2016-11-11T12:30:00+05:30,1,01:00:00,1,00:15:00,100.0,0.0,2016-11-11T06:45:00Z,2016-11-11T12:15:00+05:30,2016-11-11T07:00:00Z,2016-11-11T12:30:00+05:30
268.3,,,False,2,pm25,µg/m³,,raw,01:00:00,2016-11-11T06:15:00Z,2016-11-11T11:45:00+05:30,2016-11-11T07:15:00Z,2016-11-11T12:45:00+05:30,1,01:00:00,1,00:15:00,100.0,0.0,2016-11-11T07:00:00Z,2016-11-11T12:30:00+05:30,2016-11-11T07:15:00Z,2016-11-11T12:45:00+05:30
268.3,,,False,2,pm25,µg/m³,,raw,01:00:00,2016-11-11T06:30:00Z,2016-11-11T12:00:00+05:30,2016-11-11T07:30:00Z,2016-11-11T13:00:00+05:30,1,01:00:00,1,00:15:00,100.0,0.0,2016-11-11T07:15:00Z,2016-11-11T12:45:00+05:30,2016-11-11T07:30:00Z,2016-11-11T13:00:00+05:30
246.4,,,False,2,pm25,µg/m³,,raw,01:00:00,2016-11-11T06:45:00Z,2016-11-11T12:15:00+05:30,2016-11-11T07:45:00Z,2016-11-11T13:15:00+05:30,1,01:00:00,1,00:15:00,100.0,0.0,2016-11-11T07:30:00Z,2016-11-11T13:00:00+05:30,2016-11-11T07:45:00Z,2016-11-11T13:15:00+05:30
245.4,,,False,2,pm25,µg/m³,,raw,01:00:00,2016-11-11T07:00:00Z,2016-11-11T12:30:00+05:30,2016-11-11T08:00:00Z,2016-11-11T13:30:00+05:30,1,01:00:00,1,00:15:00,100.0,0.0,2016-11-11T07:45:00Z,2016-11-11T13:15:00+05:30,2016-11-11T08:00:00Z,2016-11-11T13:30:00+05:30
245.4,,,False,2,pm25,µg/m³,,raw,01:00:00,2016-11-11T07:15:00Z,2016-11-11T12:45:00+05:30,2016-11-11T08:15:00Z,2016-11-11T13:45:00+05:30,1,01:00:00,1,00:15:00,100.0,0.0,2016-11-11T08:00:00Z,2016-11-11T13:30:00+05:30,2016-11-11T08:15:00Z,2016-11-11T13:45:00+05:30
245.4,,,False,2,pm25,µg/m³,,raw,01:00:00,2016-11-11T07:30:00Z,2016-11-11T13:00:00+05:30,2016-11-11T08:30:00Z,2016-11-11T14:00:00+05:30,1,01:00:00,1,00:15:00,100.0,0.0,2016-11-11T08:15:00Z,2016-11-11T13:45:00+05:30,2016-11-11T08:30:00Z,2016-11-11T14:00:00+05:30
246.8,,,False,2,pm25,µg/m³,,raw,01:00:00,2016-11-11T07:45:00Z,2016-11-11T13:15:00+05:30,2016-11-11T08:45:00Z,2016-11-11T14:15:00+05:30,1,01:00:00,1,00:15:00,100.0,0.0,2016-11-11T08:30:00Z,2016-11-11T14:00:00+05:30,2016-11-11T08:45:00Z,2016-11-11T14:15:00+05:30
246.9,,,False,2,pm25,µg/m³,,raw,01:00:00,2016-11-11T08:00:00Z,2016-11-11T13:30:00+05:30,2016-11-11T09:00:00Z,2016-11-11T14:30:00+05:30,1,01:00:00,1,00:15:00,100.0,0.0,2016-11-11T08:45:00Z,2016-11-11T14:15:00+05:30,2016-11-11T09:00:00Z,2016-11-11T14:30:00+05:30
246.9,,,False,2,pm25,µg/m³,,raw,01:00:00,2016-11-11T08:15:00Z,2016-11-11T13:45:00+05:30,2016-11-11T09:15:00Z,2016-11-11T14:45:00+05:30,1,01:00:00,1,00:15:00,100.0,0.0,2016-11-11T09:00:00Z,2016-11-11T14:30:00+05:30,2016-11-11T09:15:00Z,2016-11-11T14:45:00+05:30
246.9,,,False,2,pm25,µg/m³,,raw,01:00:00,2016-11-11T08:30:00Z,2016-11-11T14:00:00+05:30,2016-11-11T09:30:00Z,2016-11-11T15:00:00+05:30,1,01:00:00,1,00:15:00,100.0,0.0,2016-11-11T09:15:00Z,2016-11-11T14:45:00+05:30,2016-11-11T09:30:00Z,2016-11-11T15:00:00+05:30
219.8,,,False,2,pm25,µg/m³,,raw,01:00:00,2016-11-11T08:45:00Z,2016-11-11T14:15:00+05:30,2016-11-11T09:45:00Z,2016-11-11T15:15:00+05:30,1,01:00:00,1,00:15:00,100.0,0.0,2016-11-11T09:30:00Z,2016-11-11T15:00:00+05:30,2016-11-11T09:45:00Z,2016-11-11T15:15:00+05:30
218.5,,,False,2,pm25,µg/m³,,raw,01:00:00,2016-11-11T09:00:00Z,2016-11-11T14:30:00+05:30,2016-11-11T10:00:00Z,2016-11-11T15:30:00+05:30,1,01:00:00,1,00:15:00,100.0,0.0,2016-11-11T09:45:00Z,2016-11-11T15:15:00+05:30,2016-11-11T10:00:00Z,2016-11-11T15:30:00+05:30
218.5,,,False,2,pm25,µg/m³,,raw,01:00:00,2016-11-11T09:15:00Z,2016-11-11T14:45:00+05:30,2016-11-11T10:15:00Z,2016-11-11T15:45:00+05:30,1,01:00:00,1,00:15:00,100.0,0.0,2016-11-11T10:00:00Z,2016-11-11T15:30:00+05:30,2016-11-11T10:15:00Z,2016-11-11T15:45:00+05:30
218.5,,,False,2,pm25,µg/m³,,raw,01:00:00,2016-11-11T09:30:00Z,2016-11-11T15:00:00+05:30,2016-11-11T10:30:00Z,2016-11-11T16:00:00+05:30,1,01:00:00,1,00:15:00,100.0,0.0,2016-11-11T10:15:00Z,2016-11-11T15:45:00+05:30,2016-11-11T10:30:00Z,2016-11-11T16:00:00+05:30
213.7,,,False,2,pm25,µg/m³,,raw,01:00:00,2016-11-11T09:45:00Z,2016-11-11T15:15:00+05:30,2016-11-11T10:45:00Z,2016-11-11T16:15:00+05:30,1,01:00:00,1,00:15:00,100.0,0.0,2016-11-11T10:30:00Z,2016-11-11T16:00:00+05:30,2016-11-11T10:45:00Z,2016-11-11T16:15:00+05:30
213.5,,,False,2,pm25,µg/m³,,raw,01:00:00,2016-11-11T10:00:00Z,2016-11-11T15:30:00+05:30,2016-11-11T11:00:00Z,2016-11-11T16:30:00+05:30,1,01:00:00,1,00:15:00,100.0,0.0,2016-11-11T10:45:00Z,2016-11-11T16:15:00+05:30,2016-11-11T11:00:00Z,2016-11-11T16:30:00+05:30
213.5,,,False,2,pm25,µg/m³,,raw,01:00:00,2016-11-11T10:15:00Z,2016-11-11T15:45:00+05:30,2016-11-11T11:15:00Z,2016-11-11T16:45:00+05:30,1,01:00:00,1,00:15:00,100.0,0.0,2016-11-11T11:00:00Z,2016-11-11T16:30:00+05:30,2016-11-11T11:15:00Z,2016-11-11T16:45:00+05:30
213.5,,,False,2,pm25,µg/m³,,raw,01:00:00,2016-11-11T10:30:00Z,2016-11-11T16:00:00+05:30,2016-11-11T11:30:00Z,2016-11-11T17:00:00+05:30,1,01:00:00,1,00:15:00,100.0,0.0,2016-11-11T11:15:00Z,2016-11-11T16:45:00+05:30,2016-11-11T11:30:00Z,2016-11-11T17:00:00+05:30
211.4,,,False,2,pm25,µg/m³,,raw,01:00:00,2016-11-11T10:45:00Z,2016-11-11T16:15:00+05:30,2016-11-11T11:45:00Z,2016-11-11T17:15:00+05:30,1,01:00:00,1,00:15:00,100.0,0.0,2016-11-11T11:30:00Z,2016-11-11T17:00:00+05:30,2016-11-11T11:45:00Z,2016-11-11T17:15:00+05:30
211.3,,,False,2,pm25,µg/m³,,raw,01:00:00,2016-11-11T11:00:00Z,2016-11-11T16:30:00+05:30,2016-11-11T12:00:00Z,2016-11-11T17:30:00+05:30,1,01:00:00,1,00:15:00,100.0,0.0,2016-11-11T11:45:00Z,2016-11-11T17:15:00+05:30,2016-11-11T12:00:00Z,2016-11-11T17:30:00+05:30
211.3,,,False,2,pm25,µg/m³,,raw,01:00:00,2016-11-11T11:15:00Z,2016-11-11T16:45:00+05:30,2016-11-11T12:15:00Z,2016-11-11T17:45:00+05:30,1,01:00:00,1,00:15:00,100.0,0.0,2016-11-11T12:00:00Z,2016-11-11T17:30:00+05:30,2016-11-11T12:15:00Z,2016-11-11T17:45:00+05:30
211.3,,,False,2,pm25,µg/m³,,raw,01:00:00,2016-11-11T11:30:00Z,2016-11-11T17:00:00+05:30,2016-11-11T12:30:00Z,2016-11-11T18:00:00+05:30,1,01:00:00,1,00:15:00,100.0,0.0,2016-11-11T12:15:00Z,2016-11-11T17:45:00+05:30,2016-11-11T12:30:00Z,2016-11-11T18:00:00+05:30
244.3,,,False,2,pm25,µg/m³,,raw,01:00:00,2016-11-11T11:45:00Z,2016-11-11T17:15:00+05:30,2016-11-11T12:45:00Z,2016-11-11T18:15:00+05:30,1,01:00:00,1,00:15:00,100.0,0.0,2016-11-11T12:30:00Z,2016-11-11T18:00:00+05:30,2016-11-11T12:45:00Z,2016-11-11T18:15:00+05:30
245.9,,,False,2,pm25,µg/m³,,raw,01:00:00,2016-11-11T12:00:00Z,2016-11-11T17:30:00+05:30,2016-11-11T13:00:00Z,2016-11-11T18:30:00+05:30,1,01:00:00,1,00:15:00,100.0,0.0,2016-11-11T12:45:00Z,2016-11-11T18:15:00+05:30,2016-11-11T13:00:00Z,2016-11-11T18:30:00+05:30
245.9,,,False,2,pm25,µg/m³,,raw,01:00:00,2016-11-11T12:15:00Z,2016-11-11T17:45:00+05:30,2016-11-11T13:15:00Z,2016-11-11T18:45:00+05:30,1,01:00:00,1,00:15:00,100.0,0.0,2016-11-11T13:00:00Z,2016-11-11T18:30:00+05:30,2016-11-11T13:15:00Z,2016-11-11T18:45:00+05:30
245.9,,,False,2,pm25,µg/m³,,raw,01:00:00,2016-11-11T12:30:00Z,2016-11-11T18:00:00+05:30,2016-11-11T13:30:00Z,2016-11-11T19:00:00+05:30,1,01:00:00,1,00:15:00,100.0,0.0,2016-11-11T13:15:00Z,2016-11-11T18:45:00+05:30,2016-11-11T13:30:00Z,2016-11-11T19:00:00+05:30
256.9,,,False,2,pm25,µg/m³,,raw,01:00:00,2016-11-11T12:45:00Z,2016-11-11T18:15:00+05:30,2016-11-11T13:45:00Z,2016-11-11T19:15:00+05:30,1,01:00:00,1,00:15:00,100.0,0.0,2016-11-11T13:30:00Z,2016-11-11T19:00:00+05:30,2016-11-11T13:45:00Z,2016-11-11T19:15:00+05:30
257.4,,,False,2,pm25,µg/m³,,raw,01:00:00,2016-11-11T13:00:00Z,2016-11-11T18:30:00+05:30,2016-11-11T14:00:00Z,2016-11-11T19:30:00+05:30,1,01:00:00,1,00:15:00,100.0,0.0,2016-11-11T13:45:00Z,2016-11-11T19:15:00+05:30,2016-11-11T14:00:00Z,2016-11-11T19:30:00+05:30
257.4,,,False,2,pm25,µg/m³,,raw,01:00:00,2016-11-11T13:15:00Z,2016-11-11T18:45:00+05:30,2016-11-11T14:15:00Z,2016-11-11T19:45:00+05:30,1,01:00:00,1,00:15:00,100.0,0.0,2016-11-11T14:00:00Z,2016-11-11T19:30:00+05:30,2016-11-11T14:15:00Z,2016-11-11T19:45:00+05:30
257.4,,,False,2,pm25,µg/m³,,raw,01:00:00,2016-11-11T13:30:00Z,2016-11-11T19:00:00+05:30,2016-11-11T14:30:00Z,2016-11-11T20:00:00+05:30,1,01:00:00,1,00:15:00,100.0,0.0,2016-11-11T14:15:00Z,2016-11-11T19:45:00+05:30,2016-11-11T14:30:00Z,2016-11-11T20:00:00+05:30
399.4,,,False,2,pm25,µg/m³,,raw,01:00:00,2016-11-11T13:45:00Z,2016-11-11T19:15:00+05:30,2016-11-11T14:45:00Z,2016-11-11T20:15:00+05:30,1,01:00:00,1,00:15:00,100.0,0.0,2016-11-11T14:30:00Z,2016-11-11T20:00:00+05:30,2016-11-11T14:45:00Z,2016-11-11T20:15:00+05:30
406.3,,,False,2,pm25,µg/m³,,raw,01:00:00,2016-11-11T14:00:00Z,2016-11-11T19:30:00+05:30,2016-11-11T15:00:00Z,2016-11-11T20:30:00+05:30,1,01:00:00,1,00:15:00,100.0,0.0,2016-11-11T14:45:00Z,2016-11-11T20:15:00+05:30,2016-11-11T15:00:00Z,2016-11-11T20:30:00+05:30
406.3,,,False,2,pm25,µg/m³,,raw,01:00:00,2016-11-11T14:15:00Z,2016-11-11T19:45:00+05:30,2016-11-11T15:15:00Z,2016-11-11T20:45:00+05:30,1,01:00:00,1,00:15:00,100.0,0.0,2016-11-11T15:00:00Z,2016-11-11T20:30:00+05:30,2016-11-11T15:15:00Z,2016-11-11T20:45:00+05:30
406.3,,,False,2,pm25,µg/m³,,raw,01:00:00,2016-11-11T14:30:00Z,2016-11-11T20:00:00+05:30,2016-11-11T15:30:00Z,2016-11-11T21:00:00+05:30,1,01:00:00,1,00:15:00,100.0,0.0,2016-11-11T15:15:00Z,2016-11-11T20:45:00+05:30,2016-11-11T15:30:00Z,2016-11-11T21:00:00+05:30
481.7,,,False,2,pm25,µg/m³,,raw,01:00:00,2016-11-11T14:45:00Z,2016-11-11T20:15:00+05:30,2016-11-11T15:45:00Z,2016-11-11T21:15:00+05:30,1,01:00:00,1,00:15:00,100.0,0.0,2016-11-11T15:30:00Z,2016-11-11T21:00:00+05:30,2016-11-11T15:45:00Z,2016-11-11T21:15:00+05:30
485.3,,,False,2,pm25,µg/m³,,raw,01:00:00,2016-11-11T15:00:00Z,2016-11-11T20:30:00+05:30,2016-11-11T16:00:00Z,2016-11-11T21:30:00+05:30,1,01:00:00,1,00:15:00,100.0,0.0,2016-11-11T15:45:00Z,2016-11-11T21:15:00+05:30,2016-11-11T16:00:00Z,2016-11-11T21:30:00+05:30
485.3,,,False,2,pm25,µg/m³,,raw,01:00:00,2016-11-11T15:15:00Z,2016-11-11T20:45:00+05:30,2016-11-11T16:15:00Z,2016-11-11T21:45:00+05:30,1,01:00:00,1,00:15:00,100.0,0.0,2016-11-11T16:00:00Z,2016-11-11T21:30:00+05:30,2016-11-11T16:15:00Z,2016-11-11T21:45:00+05:30
515.7,,,False,2,pm25,µg/m³,,raw,01:00:00,2016-11-11T16:30:00Z,2016-11-11T22:00:00+05:30,2016-11-11T17:30:00Z,2016-11-11T23:00:00+05:30,1,01:00:00,1,00:15:00,100.0,0.0,2016-11-11T17:15:00Z,2016-11-11T22:45:00+05:30,2016-11-11T17:30:00Z,2016-11-11T23:00:00+05:30
531.1,,,False,2,pm25,µg/m³,,raw,01:00:00,2016-11-11T16:45:00Z,2016-11-11T22:15:00+05:30,2016-11-11T17:45:00Z,2016-11-11T23:15:00+05:30,1,01:00:00,1,00:15:00,100.0,0.0,2016-11-11T17:30:00Z,2016-11-11T23:00:00+05:30,2016-11-11T17:45:00Z,2016-11-11T23:15:00+05:30
531.8,,,False,2,pm25,µg/m³,,raw,01:00:00,2016-11-11T17:00:00Z,2016-11-11T22:30:00+05:30,2016-11-11T18:00:00Z,2016-11-11T23:30:00+05:30,1,01:00:00,1,00:15:00,100.0,0.0,2016-11-11T17:45:00Z,2016-11-11T23:15:00+05:30,2016-11-11T18:00:00Z,2016-11-11T23:30:00+05:30
531.8,,,False,2,pm25,µg/m³,,raw,01:00:00,2016-11-11T17:15:00Z,2016-11-11T22:45:00+05:30,2016-11-11T18:15:00Z,2016-11-11T23:45:00+05:30,1,01:00:00,1,00:15:00,100.0,0.0,2016-11-11T18:00:00Z,2016-11-11T23:30:00+05:30,2016-11-11T18:15:00Z,2016-11-11T23:45:00+05:30
329.3,,,False,2,pm25,µg/m³,,raw,01:00:00,2016-11-11T17:30:00Z,2016-11-11T23:00:00+05:30,2016-11-11T18:30:00Z,2016-11-12T00:00:00+05:30,1,01:00:00,1,00:15:00,100.0,0.0,2016-11-11T18:15:00Z,2016-11-11T23:45:00+05:30,2016-11-11T18:30:00Z,2016-11-12T00:00:00+05:30
519.9,,,False,2,pm25,µg/m³,,raw,01:00:00,2016-11-11T17:45:00Z,2016-11-11T23:15:00+05:30,2016-11-11T18:45:00Z,2016-11-12T00:15:00+05:30,1,01:00:00,1,00:15:00,100.0,0.0,2016-11-11T18:30:00Z,2016-11-12T00:00:00+05:30,2016-11-11T18:45:00Z,2016-11-12T00:15:00+05:30
519.3,,,False,2,pm25,µg/m³,,raw,01:00:00,2016-11-11T18:00:00Z,2016-11-11T23:30:00+05:30,2016-11-11T19:00:00Z,2016-11-12T00:30:00+05:30,1,01:00:00,1,00:15:00,100.0,0.0,2016-11-11T18:45:00Z,2016-11-12T00:15:00+05:30,2016-11-11T19:00:00Z,2016-11-12T00:30:00+05:30
519.3,,,False,2,pm25,µg/m³,,raw,01:00:00,2016-11-11T18:15:00Z,2016-11-11T23:45:00+05:30,2016-11-11T19:15:00Z,2016-11-12T00:45:00+05:30,1,01:00:00,1,00:15:00,100.0,0.0,2016-11-11T19:00:00Z,2016-11-12T00:30:00+05:30,2016-11-11T19:15:00Z,2016-11-12T00:45:00+05:30
519.3,,,False,2,pm25,µg/m³,,raw,01:00:00,2016-11-11T18:30:00Z,2016-11-12T00:00:00+05:30,2016-11-11T19:30:00Z,2016-11-12T01:00:00+05:30,1,01:00:00,1,00:15:00,100.0,0.0,2016-11-11T19:15:00Z,2016-11-12T00:45:00+05:30,2016-11-11T19:30:00Z,2016-11-12T01:00:00+05:30
500.9,,,False,2,pm25,µg/m³,,raw,01:00:00,2016-11-11T18:45:00Z,2016-11-12T00:15:00+05:30,2016-11-11T19:45:00Z,2016-11-12T01:15:00+05:30,1,01:00:00,1,00:15:00,100.0,0.0,2016-11-11T19:30:00Z,2016-11-12T01:00:00+05:30,2016-11-11T19:45:00Z,2016-11-12T01:15:00+05:30
500.0,,,False,2,pm25,µg/m³,,raw,01:00:00,2016-11-11T19:00:00Z,2016-11-12T00:30:00+05:30,2016-11-11T20:00:00Z,2016-11-12T01:30:00+05:30,1,01:00:00,1,00:15:00,100.0,0.0,2016-11-11T19:45:00Z,2016-11-12T01:15:00+05:30,2016-11-11T20:00:00Z,2016-11-12T01:30:00+05:30
500.0,,,False,2,pm25,µg/m³,,raw,01:00:00,2016-11-11T19:15:00Z,2016-11-12T00:45:00+05:30,2016-11-11T20:15:00Z,2016-11-12T01:45:00+05:30,1,01:00:00,1,00:15:00,100.0,0.0,2016-11-11T20:00:00Z,2016-11-12T01:30:00+05:30,2016-11-11T20:15:00Z,2016-11-12T01:45:00+05:30
500.0,,,False,2,pm25,µg/m³,,raw,01:00:00,2016-11-11T19:30:00Z,2016-11-12T01:00:00+05:30,2016-11-11T20:30:00Z,2016-11-12T02:00:00+05:30,1,01:00:00,1,00:15:00,100.0,0.0,2016-11-11T20:15:00Z,2016-11-12T01:45:00+05:30,2016-11-11T20:30:00Z,2016-11-12T02:00:00+05:30
531.6,,,False,2,pm25,µg/m³,,raw,01:00:00,2016-11-11T19:45:00Z,2016-11-12T01:15:00+05:30,2016-11-11T20:45:00Z,2016-11-12T02:15:00+05:30,1,01:00:00,1,00:15:00,100.0,0.0,2016-11-11T20:30:00Z,2016-11-12T02:00:00+05:30,2016-11-11T20:45:00Z,2016-11-12T02:15:00+05:30
533.2,,,False,2,pm25,µg/m³,,raw,01:00:00,2016-11-11T20:00:00Z,2016-11-12T01:30:00+05:30,2016-11-11T21:00:00Z,2016-11-12T02:30:00+05:30,1,01:00:00,1,00:15:00,100.0,0.0,2016-11-11T20:45:00Z,2016-11-12T02:15:00+05:30,2016-11-11T21:00:00Z,2016-11-12T02:30:00+05:30
533.2,,,False,2,pm25,µg/m³,,raw,01:00:00,2016-11-11T20:15:00Z,2016-11-12T01:45:00+05:30,2016-11-11T21:15:00Z,2016-11-12T02:45:00+05:30,1,01:00:00,1,00:15:00,100.0,0.0,2016-11-11T21:00:00Z,2016-11-12T02:30:00+05:30,2016-11-11T21:15:00Z,2016-11-12T02:45:00+05:30
533.2,,,False,2,pm25,µg/m³,,raw,01:00:00,2016-11-11T20:30:00Z,2016-11-12T02:00:00+05:30,2016-11-11T21:30:00Z,2016-11-12T03:00:00+05:30,1,01:00:00,1,00:15:00,100.0,0.0,2016-11-11T21:15:00Z,2016-11-12T02:45:00+05:30,2016-11-11T21:30:00Z,2016-11-12T03:00:00+05:30
415.8,,,False,2,pm25,µg/m³,,raw,01:00:00,2016-11-11T20:45:00Z,2016-11-12T02:15:00+05:30,2016-11-11T21:45:00Z,2016-11-12T03:15:00+05:30,1,01:00:00,1,00:15:00,100.0,0.0,2016-11-11T21:30:00Z,2016-11-12T03:00:00+05:30,2016-11-11T21:45:00Z,2016-11-12T03:15:00+05:30
410.2,,,False,2,pm25,µg/m³,,raw,01:00:00,2016-11-11T21:00:00Z,2016-11-12T02:30:00+05:30,2016-11-11T22:00:00Z,2016-11-12T03:30:00+05:30,1,01:00:00,1,00:15:00,100.0,0.0,2016-11-11T21:45:00Z,2016-11-12T03:15:00+05:30,2016-11-11T22:00:00Z,2016-11-12T03:30:00+05:30
410.2,,,False,2,pm25,µg/m³,,raw,01:00:00,2016-11-11T21:15:00Z,2016-11-12T02:45:00+05:30,2016-11-11T22:15:00Z,2016-11-12T03:45:00+05:30,1,01:00:00,1,00:15:00,100.0,0.0,2016-11-11T22:00:00Z,2016-11-12T03:30:00+05:30,2016-11-11T22:15:00Z,2016-11-12T03:45:00+05:30
410.2,,,False,2,pm25,µg/m³,,raw,01:00:00,2016-11-11T21:30:00Z,2016-11-12T03:00:00+05:30,2016-11-11T22:30:00Z,2016-11-12T04:00:00+05:30,1,01:00:00,1,00:15:00,100.0,0.0,2016-11-11T22:15:00Z,2016-11-12T03:45:00+05:30,2016-11-11T22:30:00Z,2016-11-12T04:00:00+05:30
391.8,,,False,2,pm25,µg/m³,,raw,01:00:00,2016-11-11T21:45:00Z,2016-11-12T03:15:00+05:30,2016-11-11T22:45:00Z,2016-11-12T04:15:00+05:30,1,01:00:00,1,00:15:00,100.0,0.0,2016-11-11T22:30:00Z,2016-11-12T04:00:00+05:30,2016-11-11T22:45:00Z,2016-11-12T04:15:00+05:30
390.9,,,False,2,pm25,µg/m³,,raw,01:00:00,2016-11-11T22:00:00Z,2016-11-12T03:30:00+05:30,2016-11-11T23:00:00Z,2016-11-12T04:30:00+05:30,1,01:00:00,1,00:15:00,100.0,0.0,2016-11-11T22:45:00Z,2016-11-12T04:15:00+05:30,2016-11-11T23:00:00Z,2016-11-12T04:30:00+05:30
390.9,,,False,2,pm25,µg/m³,,raw,01:00:00,2016-11-11T22:15:00Z,2016-11-12T03:45:00+05:30,2016-11-11T23:15:00Z,2016-11-12T04:45:00+05:30,1,01:00:00,1,00:15:00,100.0,0.0,2016-11-11T23:00:00Z,2016-11-12T04:30:00+05:30,2016-11-11T23:15:00Z,2016-11-12T04:45:00+05:30
390.9,,,False,2,pm25,µg/m³,,raw,01:00:00,2016-11-11T22:30:00Z,2016-11-12T04:00:00+05:30,2016-11-11T23:30:00Z,2016-11-12T05:00:00+05:30,1,01:00:00,1,00:15:00,100.0,0.0,2016-11-11T23:15:00Z,2016-11-12T04:45:00+05:30,2016-11-11T23:30:00Z,2016-11-12T05:00:00+05:30
365.0,,,False,2,pm25,µg/m³,,raw,01:00:00,2016-11-11T22:45:00Z,2016-11-12T04:15:00+05:30,2016-11-11T23:45:00Z,2016-11-12T05:15:00+05:30,1,01:00:00,1,00:15:00,100.0,0.0,2016-11-11T23:30:00Z,2016-11-12T05:00:00+05:30,2016-11-11T23:45:00Z,2016-11-12T05:15:00+05:30
363.8,,,False,2,pm25,µg/m³,,raw,01:00:00,2016-11-11T23:00:00Z,2016-11-12T04:30:00+05:30,2016-11-12T00:00:00Z,2016-11-12T05:30:00+05:30,1,01:00:00,1,00:15:00,100.0,0.0,2016-11-11T23:45:00Z,2016-11-12T05:15:00+05:30,2016-11-12T00:00:00Z,2016-11-12T05:30:00+05:30
363.8,,,False,2,pm25,µg/m³,,raw,01:00:00,2016-11-11T23:15:00Z,2016-11-12T04:45:00+05:30,2016-11-12T00:15:00Z,2016-11-12T05:45:00+05:30,1,01:00:00,1,00:15:00,100.0,0.0,2016-11-12T00:00:00Z,2016-11-12T05:30:00+05:30,2016-11-12T00:15:00Z,2016-11-12T05:45:00+05:30
363.8,,,False,2,pm25,µg/m³,,raw,01:00:00,2016-11-11T23:30:00Z,2016-11-12T05:00:00+05:30,2016-11-12T00:30:00Z,2016-11-12T06:00:00+05:30,1,01:00:00,1,00:15:00,100.0,0.0,2016-11-12T00:15:00Z,2016-11-12T05:45:00+05:30,2016-11-12T00:30:00Z,2016-11-12T06:00:00+05:30
368.7,,,False,2,pm25,µg/m³,,raw,01:00:00,2016-11-11T23:45:00Z,2016-11-12T05:15:00+05:30,2016-11-12T00:45:00Z,2016-11-12T06:15:00+05:30,1,01:00:00,1,00:15:00,100.0,0.0,2016-11-12T00:30:00Z,2016-11-12T06:00:00+05:30,2016-11-12T00:45:00Z,2016-11-12T06:15:00+05:30
368.9,,,False,2,pm25,µg/m³,,raw,01:00:00,2016-11-12T00:00:00Z,2016-11-12T05:30:00+05:30,2016-11-12T01:00:00Z,2016-11-12T06:30:00+05:30,1,01:00:00,1,00:15:00,100.0,0.0,2016-11-12T00:45:00Z,2016-11-12T06:15:00+05:30,2016-11-12T01:00:00Z,2016-11-12T06:30:00+05:30
368.9,,,False,2,pm25,µg/m³,,raw,01:00:00,2016-11-12T00:15:00Z,2016-11-12T05:45:00+05:30,2016-11-12T01:15:00Z,2016-11-12T06:45:00+05:30,1,01:00:00,1,00:15:00,100.0,0.0,2016-11-12T01:00:00Z,2016-11-12T06:30:00+05:30,2016-11-12T01:15:00Z,2016-11-12T06:45:00+05:30
368.9,,,False,2,pm25,µg/m³,,raw,01:00:00,2016-11-12T00:30:00Z,2016-11-12T06:00:00+05:30,2016-11-12T01:30:00Z,2016-11-12T07:00:00+05:30,1,01:00:00,1,00:15:00,100.0,0.0,2016-11-12T01:15:00Z,2016-11-12T06:45:00+05:30,2016-11-12T01:30:00Z,2016-11-12T07:00:00+05:30
365.5,,,False,2,pm25,µg/m³,,raw,01:00:00,2016-11-12T00:45:00Z,2016-11-12T06:15:00+05:30,2016-11-12T01:45:00Z,2016-11-12T07:15:00+05:30,1,01:00:00,1,00:15:00,100.0,0.0,2016-11-12T01:30:00Z,2016-11-12T07:00:00+05:30,2016-11-12T01:45:00Z,2016-11-12T07:15:00+05:30
365.3,,,False,2,pm25,µg/m³,,raw,01:00:00,2016-11-12T01:00:00Z,2016-11-12T06:30:00+05:30,2016-11-12T02:00:00Z,2016-11-12T07:30:00+05:30,1,01:00:00,1,00:15:00,100.0,0.0,2016-11-12T01:45:00Z,2016-11-12T07:15:00+05:30,2016-11-12T02:00:00Z,2016-11-12T07:30:00+05:30
365.3,,,False,2,pm25,µg/m³,,raw,01:00:00,2016-11-12T01:15:00Z,2016-11-12T06:45:00+05:30,2016-11-12T02:15:00Z,2016-11-12T07:45:00+05:30,1,01:00:00,1,00:15:00,100.0,0.0,2016-11-12T02:00:00Z,2016-11-12T07:30:00+05:30,2016-11-12T02:15:00Z,2016-11-12T07:45:00+05:30
365.3,,,False,2,pm25,µg/m³,,raw,01:00:00,2016-11-12T01:30:00Z,2016-11-12T07:00:00+05:30,2016-11-12T02:30:00Z,2016-11-12T08:00:00+05:30,1,01:00:00,1,00:15:00,100.0,0.0,2016-11-12T02:15:00Z,2016-11-12T07:45:00+05:30,2016-11-12T02:30:00Z,2016-11-12T08:00:00+05:30
376.8,,,False,2,pm25,µg/m³,,raw,01:00:00,2016-11-12T01:45:00Z,2016-11-12T07:15:00+05:30,2016-11-12T02:45:00Z,2016-11-12T08:15:00+05:30,1,01:00:00,1,00:15:00,100.0,0.0,2016-11-12T02:30:00Z,2016-11-12T08:00:00+05:30,2016-11-12T02:45:00Z,2016-11-12T08:15:00+05:30
377.4,,,False,2,pm25,µg/m³,,raw,01:00:00,2016-11-12T02:00:00Z,2016-11-12T07:30:00+05:30,2016-11-12T03:00:00Z,2016-11-12T08:30:00+05:30,1,01:00:00,1,00:15:00,100.0,0.0,2016-11-12T02:45:00Z,2016-11-12T08:15:00+05:30,2016-11-12T03:00:00Z,2016-11-12T08:30:00+05:30
377.4,,,False,2,pm25,µg/m³,,raw,01:00:00,2016-11-12T02:15:00Z,2016-11-12T07:45:00+05:30,2016-11-12T03:15:00Z,2016-11-12T08:45:00+05:30,1,01:00:00,1,00:15:00,100.0,0.0,2016-11-12T03:00:00Z,2016-11-12T08:30:00+05:30,2016-11-12T03:15:00Z,2016-11-12T08:45:00+05:30
377.4,,,False,2,pm25,µg/m³,,raw,01:00:00,2016-11-12T02:30:00Z,2016-11-12T08:00:00+05:30,2016-11-12T03:30:00Z,2016-11-12T09:00:00+05:30,1,01:00:00,1,00:15:00,100.0,0.0,2016-11-12T03:15:00Z,2016-11-12T08:45:00+05:30,2016-11-12T03:30:00Z,2016-11-12T09:00:00+05:30
453.8,,,False,2,pm25,µg/m³,,raw,01:00:00,2016-11-12T02:45:00Z,2016-11-12T08:15:00+05:30,2016-11-12T03:45:00Z,2016-11-12T09:15:00+05:30,1,01:00:00,1,00:15:00,100.0,0.0,2016-11-12T03:30:00Z,2016-11-12T09:00:00+05:30,2016-11-12T03:45:00Z,2016-11-12T09:15:00+05:30
457.5,,,False,2,pm25,µg/m³,,raw,01:00:00,2016-11-12T03:00:00Z,2016-11-12T08:30:00+05:30,2016-11-12T04:00:00Z,2016-11-12T09:30:00+05:30,1,01:00:00,1,00:15:00,100.0,0.0,2016-11-12T03:45:00Z,2016-11-12T09:15:00+05:30,2016-11-12T04:00:00Z,2016-11-12T09:30:00+05:30
457.5,,,False,2,pm25,µg/m³,,raw,01:00:00,2016-11-12T03:15:00Z,2016-11-12T08:45:00+05:30,2016-11-12T04:15:00Z,2016-11-12T09:45:00+05:30,1,01:00:00,1,00:15:00,100.0,0.0,2016-11-12T04:00:00Z,2016-11-12T09:30:00+05:30,2016-11-12T04:15:00Z,2016-11-12T09:45:00+05:30
457.5,,,False,2,pm25,µg/m³,,raw,01:00:00,2016-11-12T03:30:00Z,2016-11-12T09:00:00+05:30,2016-11-12T04:30:00Z,2016-11-12T10:00:00+05:30,1,01:00:00,1,00:15:00,100.0,0.0,2016-11-12T04:15:00Z,2016-11-12T09:45:00+05:30,2016-11-12T04:30:00Z,2016-11-12T10:00:00+05:30
318.6,,,False,2,pm25,µg/m³,,raw,01:00:00,2016-11-12T03:45:00Z,2016-11-12T09:15:00+05:30,2016-11-12T04:45:00Z,2016-11-12T10:15:00+05:30,1,01:00:00,1,00:15:00,100.0,0.0,2016-11-12T04:30:00Z,2016-11-12T10:00:00+05:30,2016-11-12T04:45:00Z,2016-11-12T10:15:00+05:30
221.1,,,False,2,pm25,µg/m³,,raw,01:00:00,2016-11-12T04:45:00Z,2016-11-12T10:15:00+05:30,2016-11-12T05:45:00Z,2016-11-12T11:15:00+05:30,1,01:00:00,1,00:15:00,100.0,0.0,2016-11-12T05:30:00Z,2016-11-12T11:00:00+05:30,2016-11-12T05:45:00Z,2016-11-12T11:15:00+05:30
216.7,,,False,2,pm25,µg/m³,,raw,01:00:00,2016-11-12T05:15:00Z,2016-11-12T10:45:00+05:30,2016-11-12T06:15:00Z,2016-11-12T11:45:00+05:30,1,01:00:00,1,00:15:00,100.0,0.0,2016-11-12T06:00:00Z,2016-11-12T11:30:00+05:30,2016-11-12T06:15:00Z,2016-11-12T11:45:00+05:30
216.7,,,False,2,pm25,µg/m³,,raw,01:00:00,2016-11-12T05:30:00Z,2016-11-12T11:00:00+05:30,2016-11-12T06:30:00Z,2016-11-12T12:00:00+05:30,1,01:00:00,1,00:15:00,100.0,0.0,2016-11-12T06:15:00Z,2016-11-12T11:45:00+05:30,2016-11-12T06:30:00Z,2016-11-12T12:00:00+05:30
213.3,,,False,2,pm25,µg/m³,,raw,01:00:00,2016-11-12T05:45:00Z,2016-11-12T11:15:00+05:30,2016-11-12T06:45:00Z,2016-11-12T12:15:00+05:30,1,01:00:00,1,00:15:00,100.0,0.0,2016-11-12T06:30:00Z,2016-11-12T12:00:00+05:30,2016-11-12T06:45:00Z,2016-11-12T12:15:00+05:30
213.1,,,False,2,pm25,µg/m³,,raw,01:00:00,2016-11-12T06:00:00Z,2016-11-12T11:30:00+05:30,2016-11-12T07:00:00Z,2016-11-12T12:30:00+05:30,1,01:00:00,1,00:15:00,100.0,0.0,2016-11-12T06:45:00Z,2016-11-12T12:15:00+05:30,2016-11-12T07:00:00Z,2016-11-12T12:30:00+05:30
213.1,,,False,2,pm25,µg/m³,,raw,01:00:00,2016-11-12T06:15:00Z,2016-11-12T11:45:00+05:30,2016-11-12T07:15:00Z,2016-11-12T12:45:00+05:30,1,01:00:00,1,00:15:00,100.0,0.0,2016-11-12T07:00:00Z,2016-11-12T12:30:00+05:30,2016-11-12T07:15:00Z,2016-11-12T12:45:00+05:30
213.1,,,False,2,pm25,µg/m³,,raw,01:00:00,2016-11-12T06:30:00Z,2016-11-12T12:00:00+05:30,2016-11-12T07:30:00Z,2016-11-12T13:00:00+05:30,1,01:00:00,1,00:15:00,100.0,0.0,2016-11-12T07:15:00Z,2016-11-12T12:45:00+05:30,2016-11-12T07:30:00Z,2016-11-12T13:00:00+05:30
196.7,,,False,2,pm25,µg/m³,,raw,01:00:00,2016-11-12T06:45:00Z,2016-11-12T12:15:00+05:30,2016-11-12T07:45:00Z,2016-11-12T13:15:00+05:30,1,01:00:00,1,00:15:00,100.0,0.0,2016-11-12T07:30:00Z,2016-11-12T13:00:00+05:30,2016-11-12T07:45:00Z,2016-11-12T13:15:00+05:30
195.9,,,False,2,pm25,µg/m³,,raw,01:00:00,2016-11-12T07:00:00Z,2016-11-12T12:30:00+05:30,2016-11-12T08:00:00Z,2016-11-12T13:30:00+05:30,1,01:00:00,1,00:15:00,100.0,0.0,2016-11-12T07:45:00Z,2016-11-12T13:15:00+05:30,2016-11-12T08:00:00Z,2016-11-12T13:30:00+05:30
195.9,,,False,2,pm25,µg/m³,,raw,01:00:00,2016-11-12T07:15:00Z,2016-11-12T12:45:00+05:30,2016-11-12T08:15:00Z,2016-11-12T13:45:00+05:30,1,01:00:00,1,00:15:00,100.0,0.0,2016-11-12T08:00:00Z,2016-11-12T13:30:00+05:30,2016-11-12T08:15:00Z,2016-11-12T13:45:00+05:30
195.9,,,False,2,pm25,µg/m³,,raw,01:00:00,2016-11-12T07:30:00Z,2016-11-12T13:00:00+05:30,2016-11-12T08:30:00Z,2016-11-12T14:00:00+05:30,1,01:00:00,1,00:15:00,100.0,0.0,2016-11-12T08:15:00Z,2016-11-12T13:45:00+05:30,2016-11-12T08:30:00Z,2016-11-12T14:00:00+05:30
220.2,,,False,2,pm25,µg/m³,,raw,01:00:00,2016-11-12T07:45:00Z,2016-11-12T13:15:00+05:30,2016-11-12T08:45:00Z,2016-11-12T14:15:00+05:30,1,01:00:00,1,00:15:00,100.0,0.0,2016-11-12T08:30:00Z,2016-11-12T14:00:00+05:30,2016-11-12T08:45:00Z,2016-11-12T14:15:00+05:30
221.7,,,False,2,pm25,µg/m³,,raw,01:00:00,2016-11-12T08:00:00Z,2016-11-12T13:30:00+05:30,2016-11-12T09:00:00Z,2016-11-12T14:30:00+05:30,1,01:00:00,1,00:15:00,100.0,0.0,2016-11-12T08:45:00Z,2016-11-12T14:15:00+05:30,2016-11-12T09:00:00Z,2016-11-12T14:30:00+05:30
221.7,,,False,2,pm25,µg/m³,,raw,01:00:00,2016-11-12T08:15:00Z,2016-11-12T13:45:00+05:30,2016-11-12T09:15:00Z,2016-11-12T14:45:00+05:30,1,01:00:00,1,00:15:00,100.0,0.0,2016-11-12T09:00:00Z,2016-11-12T14:30:00+05:30,2016-11-12T09:15:00Z,2016-11-12T14:45:00+05:30
221.7,,,False,2,pm25,µg/m³,,raw,01:00:00,2016-11-12T08:30:00Z,2016-11-12T14:00:00+05:30,2016-11-12T09:30:00Z,2016-11-12T15:00:00+05:30,1,01:00:00,1,00:15:00,100.0,0.0,2016-11-12T09:15:00Z,2016-11-12T14:45:00+05:30,2016-11-12T09:30:00Z,2016-11-12T15:00:00+05:30
181.1,,,False,2,pm25,µg/m³,,raw,01:00:00,2016-11-12T08:45:00Z,2016-11-12T14:15:00+05:30,2016-11-12T09:45:00Z,2016-11-12T15:15:00+05:30,1,01:00:00,1,00:15:00,100.0,0.0,2016-11-12T09:30:00Z,2016-11-12T15:00:00+05:30,2016-11-12T09:45:00Z,2016-11-12T15:15:00+05:30
179.2,,,False,2,pm25,µg/m³,,raw,01:00:00,2016-11-12T09:00:00Z,2016-11-12T14:30:00+05:30,2016-11-12T10:00:00Z,2016-11-12T15:30:00+05:30,1,01:00:00,1,00:15:00,100.0,0.0,2016-11-12T09:45:00Z,2016-11-12T15:15:00+05:30,2016-11-12T10:00:00Z,2016-11-12T15:30:00+05:30
179.2,,,False,2,pm25,µg/m³,,raw,01:00:00,2016-11-12T09:15:00Z,2016-11-12T14:45:00+05:30,2016-11-12T10:15:00Z,2016-11-12T15:45:00+05:30,1,01:00:00,1,00:15:00,100.0,0.0,2016-11-12T10:00:00Z,2016-11-12T15:30:00+05:30,2016-11-12T10:15:00Z,2016-11-12T15:45:00+05:30
179.2,,,False,2,pm25,µg/m³,,raw,01:00:00,2016-11-12T09:30:00Z,2016-11-12T15:00:00+05:30,2016-11-12T10:30:00Z,2016-11-12T16:00:00+05:30,1,01:00:00,1,00:15:00,100.0,0.0,2016-11-12T10:15:00Z,2016-11-12T15:45:00+05:30,2016-11-12T10:30:00Z,2016-11-12T16:00:00+05:30
212.9,,,False,2,pm25,µg/m³,,raw,01:00:00,2016-11-12T09:45:00Z,2016-11-12T15:15:00+05:30,2016-11-12T10:45:00Z,2016-11-12T16:15:00+05:30,1,01:00:00,1,00:15:00,100.0,0.0,2016-11-12T10:30:00Z,2016-11-12T16:00:00+05:30,2016-11-12T10:45:00Z,2016-11-12T16:15:00+05:30
214.5,,,False,2,pm25,µg/m³,,raw,01:00:00,2016-11-12T10:00:00Z,2016-11-12T15:30:00+05:30,2016-11-12T11:00:00Z,2016-11-12T16:30:00+05:30,1,01:00:00,1,00:15:00,100.0,0.0,2016-11-12T10:45:00Z,2016-11-12T16:15:00+05:30,2016-11-12T11:00:00Z,2016-11-12T16:30:00+05:30
214.5,,,False,2,pm25,µg/m³,,raw,01:00:00,2016-11-12T10:15:00Z,2016-11-12T15:45:00+05:30,2016-11-12T11:15:00Z,2016-11-12T16:45:00+05:30,1,01:00:00,1,00:15:00,100.0,0.0,2016-11-12T11:00:00Z,2016-11-12T16:30:00+05:30,2016-11-12T11:15:00Z,2016-11-12T16:45:00+05:30
214.5,,,False,2,pm25,µg/m³,,raw,01:00:00,2016-11-12T10:30:00Z,2016-11-12T16:00:00+05:30,2016-11-12T11:30:00Z,2016-11-12T17:00:00+05:30,1,01:00:00,1,00:15:00,100.0,0.0,2016-11-12T11:15:00Z,2016-11-12T16:45:00+05:30,2016-11-12T11:30:00Z,2016-11-12T17:00:00+05:30
229.8,,,False,2,pm25,µg/m³,,raw,01:00:00,2016-11-12T10:45:00Z,2016-11-12T16:15:00+05:30,2016-11-12T11:45:00Z,2016-11-12T17:15:00+05:30,1,01:00:00,1,00:15:00,100.0,0.0,2016-11-12T11:30:00Z,2016-11-12T17:00:00+05:30,2016-11-12T11:45:00Z,2016-11-12T17:15:00+05:30
230.5,,,False,2,pm25,µg/m³,,raw,01:00:00,2016-11-12T11:00:00Z,2016-11-12T16:30:00+05:30,2016-11-12T12:00:00Z,2016-11-12T17:30:00+05:30,1,01:00:00,1,00:15:00,100.0,0.0,2016-11-12T11:45:00Z,2016-11-12T17:15:00+05:30,2016-11-12T12:00:00Z,2016-11-12T17:30:00+05:30
230.5,,,False,2,pm25,µg/m³,,raw,01:00:00,2016-11-12T11:15:00Z,2016-11-12T16:45:00+05:30,2016-11-12T12:15:00Z,2016-11-12T17:45:00+05:30,1,01:00:00,1,00:15:00,100.0,0.0,2016-11-12T12:00:00Z,2016-11-12T17:30:00+05:30,2016-11-12T12:15:00Z,2016-11-12T17:45:00+05:30
230.5,,,False,2,pm25,µg/m³,,raw,01:00:00,2016-11-12T11:30:00Z,2016-11-12T17:00:00+05:30,2016-11-12T12:30:00Z,2016-11-12T18:00:00+05:30,1,01:00:00,1,00:15:00,100.0,0.0,2016-11-12T12:15:00Z,2016-11-12T17:45:00+05:30,2016-11-12T12:30:00Z,2016-11-12T18:00:00+05:30
251.0,,,False,2,pm25,µg/m³,,raw,01:00:00,2016-11-12T11:45:00Z,2016-11-12T17:15:00+05:30,2016-11-12T12:45:00Z,2016-11-12T18:15:00+05:30,1,01:00:00,1,00:15:00,100.0,0.0,2016-11-12T12:30:00Z,2016-11-12T18:00:00+05:30,2016-11-12T12:45:00Z,2016-11-12T18:15:00+05:30
252.0,,,False,2,pm25,µg/m³,,raw,01:00:00,2016-11-12T12:00:00Z,2016-11-12T17:30:00+05:30,2016-11-12T13:00:00Z,2016-11-12T18:30:00+05:30,1,01:00:00,1,00:15:00,100.0,0.0,2016-11-12T12:45:00Z,2016-11-12T18:15:00+05:30,2016-11-12T13:00:00Z,2016-11-12T18:30:00+05:30
252.0,,,False,2,pm25,µg/m³,,raw,01:00:00,2016-11-12T12:15:00Z,2016-11-12T17:45:00+05:30,2016-11-12T13:15:00Z,2016-11-12T18:45:00+05:30,1,01:00:00,1,00:15:00,100.0,0.0,2016-11-12T13:00:00Z,2016-11-12T18:30:00+05:30,2016-11-12T13:15:00Z,2016-11-12T18:45:00+05:30
252.0,,,False,2,pm25,µg/m³,,raw,01:00:00,2016-11-12T12:30:00Z,2016-11-12T18:00:00+05:30,2016-11-12T13:30:00Z,2016-11-12T19:00:00+05:30,1,01:00:00,1,00:15:00,100.0,0.0,2016-11-12T13:15:00Z,2016-11-12T18:45:00+05:30,2016-11-12T13:30:00Z,2016-11-12T19:00:00+05:30
242.6,,,False,2,pm25,µg/m³,,raw,01:00:00,2016-11-12T12:45:00Z,2016-11-12T18:15:00+05:30,2016-11-12T13:45:00Z,2016-11-12T19:15:00+05:30,1,01:00:00,1,00:15:00,100.0,0.0,2016-11-12T13:30:00Z,2016-11-12T19:00:00+05:30,2016-11-12T13:45:00Z,2016-11-12T19:15:00+05:30
242.1,,,False,2,pm25,µg/m³,,raw,01:00:00,2016-11-12T13:00:00Z,2016-11-12T18:30:00+05:30,2016-11-12T14:00:00Z,2016-11-12T19:30:00+05:30,1,01:00:00,1,00:15:00,100.0,0.0,2016-11-12T13:45:00Z,2016-11-12T19:15:00+05:30,2016-11-12T14:00:00Z,2016-11-12T19:30:00+05:30
242.1,,,False,2,pm25,µg/m³,,raw,01:00:00,2016-11-12T13:15:00Z,2016-11-12T18:45:00+05:30,2016-11-12T14:15:00Z,2016-11-12T19:45:00+05:30,1,01:00:00,1,00:15:00,100.0,0.0,2016-11-12T14:00:00Z,2016-11-12T19:30:00+05:30,2016-11-12T14:15:00Z,2016-11-12T19:45:00+05:30
242.1,,,False,2,pm25,µg/m³,,raw,01:00:00,2016-11-12T13:30:00Z,2016-11-12T19:00:00+05:30,2016-11-12T14:30:00Z,2016-11-12T20:00:00+05:30,1,01:00:00,1,00:15:00,100.0,0.0,2016-11-12T14:15:00Z,2016-11-12T19:45:00+05:30,2016-11-12T14:30:00Z,2016-11-12T20:00:00+05:30
293.0,,,False,2,pm25,µg/m³,,raw,01:00:00,2016-11-12T13:45:00Z,2016-11-12T19:15:00+05:30,2016-11-12T14:45:00Z,2016-11-12T20:15:00+05:30,1,01:00:00,1,00:15:00,100.0,0.0,2016-11-12T14:30:00Z,2016-11-12T20:00:00+05:30,2016-11-12T14:45:00Z,2016-11-12T20:15:00+05:30
295.5,,,False,2,pm25,µg/m³,,raw,01:00:00,2016-11-12T14:00:00Z,2016-11-12T19:30:00+05:30,2016-11-12T15:00:00Z,2016-11-12T20:30:00+05:30,1,01:00:00,1,00:15:00,100.0,0.0,2016-11-12T14:45:00Z,2016-11-12T20:15:00+05:30,2016-11-12T15:00:00Z,2016-11-12T20:30:00+05:30
295.5,,,False,2,pm25,µg/m³,,raw,01:00:00,2016-11-12T14:15:00Z,2016-11-12T19:45:00+05:30,2016-11-12T15:15:00Z,2016-11-12T20:45:00+05:30,1,01:00:00,1,00:15:00,100.0,0.0,2016-11-12T15:00:00Z,2016-11-12T20:30:00+05:30,2016-11-12T15:15:00Z,2016-11-12T20:45:00+05:30
295.5,,,False,2,pm25,µg/m³,,raw,01:00:00,2016-11-12T14:30:00Z,2016-11-12T20:00:00+05:30,2016-11-12T15:30:00Z,2016-11-12T21:00:00+05:30,1,01:00:00,1,00:15:00,100.0,0.0,2016-11-12T15:15:00Z,2016-11-12T20:45:00+05:30,2016-11-12T15:30:00Z,2016-11-12T21:00:00+05:30
429.7,,,False,2,pm25,µg/m³,,raw,01:00:00,2016-11-12T14:45:00Z,2016-11-12T20:15:00+05:30,2016-11-12T15:45:00Z,2016-11-12T21:15:00+05:30,1,01:00:00,1,00:15:00,100.0,0.0,2016-11-12T15:30:00Z,2016-11-12T21:00:00+05:30,2016-11-12T15:45:00Z,2016-11-12T21:15:00+05:30
435.7,,,False,2,pm25,µg/m³,,raw,01:00:00,2016-11-12T15:45:00Z,2016-11-12T21:15:00+05:30,2016-11-12T16:45:00Z,2016-11-12T22:15:00+05:30,1,01:00:00,1,00:15:00,100.0,0.0,2016-11-12T16:30:00Z,2016-11-12T22:00:00+05:30,2016-11-12T16:45:00Z,2016-11-12T22:15:00+05:30
435.7,,,False,2,pm25,µg/m³,,raw,01:00:00,2016-11-12T16:00:00Z,2016-11-12T21:30:00+05:30,2016-11-12T17:00:00Z,2016-11-12T22:30:00+05:30,1,01:00:00,1,00:15:00,100.0,0.0,2016-11-12T16:45:00Z,2016-11-12T22:15:00+05:30,2016-11-12T17:00:00Z,2016-11-12T22:30:00+05:30
435.7,,,False,2,pm25,µg/m³,,raw,01:00:00,2016-11-12T16:15:00Z,2016-11-12T21:45:00+05:30,2016-11-12T17:15:00Z,2016-11-12T22:45:00+05:30,1,01:00:00,1,00:15:00,100.0,0.0,2016-11-12T17:00:00Z,2016-11-12T22:30:00+05:30,2016-11-12T17:15:00Z,2016-11-12T22:45:00+05:30
435.7,,,False,2,pm25,µg/m³,,raw,01:00:00,2016-11-12T16:30:00Z,2016-11-12T22:00:00+05:30,2016-11-12T17:30:00Z,2016-11-12T23:00:00+05:30,1,01:00:00,1,00:15:00,100.0,0.0,2016-11-12T17:15:00Z,2016-11-12T22:45:00+05:30,2016-11-12T17:30:00Z,2016-11-12T23:00:00+05:30
334.2,,,False,2,pm25,µg/m³,,raw,01:00:00,2016-11-12T16:45:00Z,2016-11-12T22:15:00+05:30,2016-11-12T17:45:00Z,2016-11-12T23:15:00+05:30,1,01:00:00,1,00:15:00,100.0,0.0,2016-11-12T17:30:00Z,2016-11-12T23:00:00+05:30,2016-11-12T17:45:00Z,2016-11-12T23:15:00+05:30
329.3,,,False,2,pm25,µg/m³,,raw,01:00:00,2016-11-12T17:00:00Z,2016-11-12T22:30:00+05:30,2016-11-12T18:00:00Z,2016-11-12T23:30:00+05:30,1,01:00:00,1,00:15:00,100.0,0.0,2016-11-12T17:45:00Z,2016-11-12T23:15:00+05:30,2016-11-12T18:00:00Z,2016-11-12T23:30:00+05:30
329.3,,,False,2,pm25,µg/m³,,raw,01:00:00,2016-11-12T17:15:00Z,2016-11-12T22:45:00+05:30,2016-11-12T18:15:00Z,2016-11-12T23:45:00+05:30,1,01:00:00,1,00:15:00,100.0,0.0,2016-11-12T18:00:00Z,2016-11-12T23:30:00+05:30,2016-11-12T18:15:00Z,2016-11-12T23:45:00+05:30
322.9,,,False,2,pm25,µg/m³,,raw,01:00:00,2016-11-12T17:30:00Z,2016-11-12T23:00:00+05:30,2016-11-12T18:30:00Z,2016-11-13T00:00:00+05:30,1,01:00:00,1,00:15:00,100.0,0.0,2016-11-12T18:15:00Z,2016-11-12T23:45:00+05:30,2016-11-12T18:30:00Z,2016-11-13T00:00:00+05:30
337.1,,,False,2,pm25,µg/m³,,raw,01:00:00,2016-11-12T17:45:00Z,2016-11-12T23:15:00+05:30,2016-11-12T18:45:00Z,2016-11-13T00:15:00+05:30,1,01:00:00,1,00:15:00,100.0,0.0,2016-11-12T18:30:00Z,2016-11-13T00:00:00+05:30,2016-11-12T18:45:00Z,2016-11-13T00:15:00+05:30
337.5,,,False,2,pm25,µg/m³,,raw,01:00:00,2016-11-12T18:00:00Z,2016-11-12T23:30:00+05:30,2016-11-12T19:00:00Z,2016-11-13T00:30:00+05:30,1,01:00:00,1,00:15:00,100.0,0.0,2016-11-12T18:45:00Z,2016-11-13T00:15:00+05:30,2016-11-12T19:00:00Z,2016-11-13T00:30:00+05:30
337.5,,,False,2,pm25,µg/m³,,raw,01:00:00,2016-11-12T18:15:00Z,2016-11-12T23:45:00+05:30,2016-11-12T19:15:00Z,2016-11-13T00:45:00+05:30,1,01:00:00,1,00:15:00,100.0,0.0,2016-11-12T19:00:00Z,2016-11-13T00:30:00+05:30,2016-11-12T19:15:00Z,2016-11-13T00:45:00+05:30
337.5,,,False,2,pm25,µg/m³,,raw,01:00:00,2016-11-12T18:30:00Z,2016-11-13T00:00:00+05:30,2016-11-12T19:30:00Z,2016-11-13T01:00:00+05:30,1,01:00:00,1,00:15:00,100.0,0.0,2016-11-12T19:15:00Z,2016-11-13T00:45:00+05:30,2016-11-12T19:30:00Z,2016-11-13T01:00:00+05:30
338.8,,,False,2,pm25,µg/m³,,raw,01:00:00,2016-11-12T18:45:00Z,2016-11-13T00:15:00+05:30,2016-11-12T19:45:00Z,2016-11-13T01:15:00+05:30,1,01:00:00,1,00:15:00,100.0,0.0,2016-11-12T19:30:00Z,2016-11-13T01:00:00+05:30,2016-11-12T19:45:00Z,2016-11-13T01:15:00+05:30
338.9,,,False,2,pm25,µg/m³,,raw,01:00:00,2016-11-12T19:15:00Z,2016-11-13T00:45:00+05:30,2016-11-12T20:15:00Z,2016-11-13T01:45:00+05:30,1,01:00:00,1,00:15:00,100.0,0.0,2016-11-12T20:00:00Z,2016-11-13T01:30:00+05:30,2016-11-12T20:15:00Z,2016-11-13T01:45:00+05:30
338.9,,,False,2,pm25,µg/m³,,raw,01:00:00,2016-11-12T19:30:00Z,2016-11-13T01:00:00+05:30,2016-11-12T20:30:00Z,2016-11-13T02:00:00+05:30,1,01:00:00,1,00:15:00,100.0,0.0,2016-11-12T20:15:00Z,2016-11-13T01:45:00+05:30,2016-11-12T20:30:00Z,2016-11-13T02:00:00+05:30
282.3,,,False,2,pm25,µg/m³,,raw,01:00:00,2016-11-12T19:45:00Z,2016-11-13T01:15:00+05:30,2016-11-12T20:45:00Z,2016-11-13T02:15:00+05:30,1,01:00:00,1,00:15:00,100.0,0.0,2016-11-12T20:30:00Z,2016-11-13T02:00:00+05:30,2016-11-12T20:45:00Z,2016-11-13T02:15:00+05:30
279.6,,,False,2,pm25,µg/m³,,raw,01:00:00,2016-11-12T20:00:00Z,2016-11-13T01:30:00+05:30,2016-11-12T21:00:00Z,2016-11-13T02:30:00+05:30,1,01:00:00,1,00:15:00,100.0,0.0,2016-11-12T20:45:00Z,2016-11-13T02:15:00+05:30,2016-11-12T21:00:00Z,2016-11-13T02:30:00+05:30
279.6,,,False,2,pm25,µg/m³,,raw,01:00:00,2016-11-12T20:15:00Z,2016-11-13T01:45:00+05:30,2016-11-12T21:15:00Z,2016-11-13T02:45:00+05:30,1,01:00:00,1,00:15:00,100.0,0.0,2016-11-12T21:00:00Z,2016-11-13T02:30:00+05:30,2016-11-12T21:15:00Z,2016-11-13T02:45:00+05:30
279.6,,,False,2,pm25,µg/m³,,raw,01:00:00,2016-11-12T20:30:00Z,2016-11-13T02:00:00+05:30,2016-11-12T21:30:00Z,2016-11-13T03:00:00+05:30,1,01:00:00,1,00:15:00,100.0,0.0,2016-11-12T21:15:00Z,2016-11-13T02:45:00+05:30,2016-11-12T21:30:00Z,2016-11-13T03:00:00+05:30
306.3,,,False,2,pm25,µg/m³,,raw,01:00:00,2016-11-12T20:45:00Z,2016-11-13T02:15:00+05:30,2016-11-12T21:45:00Z,2016-11-13T03:15:00+05:30,1,01:00:00,1,00:15:00,100.0,0.0,2016-11-12T21:30:00Z,2016-11-13T03:00:00+05:30,2016-11-12T21:45:00Z,2016-11-13T03:15:00+05:30
307.6,,,False,2,pm25,µg/m³,,raw,01:00:00,2016-11-12T21:00:00Z,2016-11-13T02:30:00+05:30,2016-11-12T22:00:00Z,2016-11-13T03:30:00+05:30,1,01:00:00,1,00:15:00,100.0,0.0,2016-11-12T21:45:00Z,2016-11-13T03:15:00+05:30,2016-11-12T22:00:00Z,2016-11-13T03:30:00+05:30
307.6,,,False,2,pm25,µg/m³,,raw,01:00:00,2016-11-12T21:15:00Z,2016-11-13T02:45:00+05:30,2016-11-12T22:15:00Z,2016-11-13T03:45:00+05:30,1,01:00:00,1,00:15:00,100.0,0.0,2016-11-12T22:00:00Z,2016-11-13T03:30:00+05:30,2016-11-12T22:15:00Z,2016-11-13T03:45:00+05:30
307.6,,,False,2,pm25,µg/m³,,raw,01:00:00,2016-11-12T21:30:00Z,2016-11-13T03:00:00+05:30,2016-11-12T22:30:00Z,2016-11-13T04:00:00+05:30,1,01:00:00,1,00:15:00,100.0,0.0,2016-11-12T22:15:00Z,2016-11-13T03:45:00+05:30,2016-11-12T22:30:00Z,2016-11-13T04:00:00+05:30
348.9,,,False,2,pm25,µg/m³,,raw,01:00:00,2016-11-12T21:45:00Z,2016-11-13T03:15:00+05:30,2016-11-12T22:45:00Z,2016-11-13T04:15:00+05:30,1,01:00:00,1,00:15:00,100.0,0.0,2016-11-12T22:30:00Z,2016-11-13T04:00:00+05:30,2016-11-12T22:45:00Z,2016-11-13T04:15:00+05:30
350.9,,,False,2,pm25,µg/m³,,raw,01:00:00,2016-11-12T22:00:00Z,2016-11-13T03:30:00+05:30,2016-11-12T23:00:00Z,2016-11-13T04:30:00+05:30,1,01:00:00,1,00:15:00,100.0,0.0,2016-11-12T22:45:00Z,2016-11-13T04:15:00+05:30,2016-11-12T23:00:00Z,2016-11-13T04:30:00+05:30
350.9,,,False,2,pm25,µg/m³,,raw,01:00:00,2016-11-12T22:15:00Z,2016-11-13T03:45:00+05:30,2016-11-12T23:15:00Z,2016-11-13T04:45:00+05:30,1,01:00:00,1,00:15:00,100.0,0.0,2016-11-12T23:00:00Z,2016-11-13T04:30:00+05:30,2016-11-12T23:15:00Z,2016-11-13T04:45:00+05:30
350.9,,,False,2,pm25,µg/m³,,raw,01:00:00,2016-11-12T22:30:00Z,2016-11-13T04:00:00+05:30,2016-11-12T23:30:00Z,2016-11-13T05:00:00+05:30,1,01:00:00,1,00:15:00,100.0,0.0,2016-11-12T23:15:00Z,2016-11-13T04:45:00+05:30,2016-11-12T23:30:00Z,2016-11-13T05:00:00+05:30
290.5,,,False,2,pm25,µg/m³,,raw,01:00:00,2016-11-12T22:45:00Z,2016-11-13T04:15:00+05:30,2016-11-12T23:45:00Z,2016-11-13T05:15:00+05:30,1,01:00:00,1,00:15:00,100.0,0.0,2016-11-12T23:30:00Z,2016-11-13T05:00:00+05:30,2016-11-12T23:45:00Z,2016-11-13T05:15:00+05:30
287.6,,,False,2,pm25,µg/m³,,raw,01:00:00,2016-11-12T23:00:00Z,2016-11-13T04:30:00+05:30,2016-11-13T00:00:00Z,2016-11-13T05:30:00+05:30,1,01:00:00,1,00:15:00,100.0,0.0,2016-11-12T23:45:00Z,2016-11-13T05:15:00+05:30,2016-11-13T00:00:00Z,2016-11-13T05:30:00+05:30
287.6,,,False,2,pm25,µg/m³,,raw,01:00:00,2016-11-12T23:15:00Z,2016-11-13T04:45:00+05:30,2016-11-13T00:15:00Z,2016-11-13T05:45:00+05:30,1,01:00:00,1,00:15:00,100.0,0.0,2016-11-13T00:00:00Z,2016-11-13T05:30:00+05:30,2016-11-13T00:15:00Z,2016-11-13T05:45:00+05:30
287.6,,,False,2,pm25,µg/m³,,raw,01:00:00,2016-11-12T23:30:00Z,2016-11-13T05:00:00+05:30,2016-11-13T00:30:00Z,2016-11-13T06:00:00+05:30,1,01:00:00,1,00:15:00,100.0,0.0,2016-11-13T00:15:00Z,2016-11-13T05:45:00+05:30,2016-11-13T00:30:00Z,2016-11-13T06:00:00+05:30
248.8,,,False,2,pm25,µg/m³,,raw,01:00:00,2016-11-12T23:45:00Z,2016-11-13T05:15:00+05:30,2016-11-13T00:45:00Z,2016-11-13T06:15:00+05:30,1,01:00:00,1,00:15:00,100.0,0.0,2016-11-13T00:30:00Z,2016-11-13T06:00:00+05:30,2016-11-13T00:45:00Z,2016-11-13T06:15:00+05:30
247.0,,,False,2,pm25,µg/m³,,raw,01:00:00,2016-11-13T00:00:00Z,2016-11-13T05:30:00+05:30,2016-11-13T01:00:00Z,2016-11-13T06:30:00+05:30,1,01:00:00,1,00:15:00,100.0,0.0,2016-11-13T00:45:00Z,2016-11-13T06:15:00+05:30,2016-11-13T01:00:00Z,2016-11-13T06:30:00+05:30
247.0,,,False,2,pm25,µg/m³,,raw,01:00:00,2016-11-13T00:15:00Z,2016-11-13T05:45:00+05:30,2016-11-13T01:15:00Z,2016-11-13T06:45:00+05:30,1,01:00:00,1,00:15:00,100.0,0.0,2016-11-13T01:00:00Z,2016-11-13T06:30:00+05:30,2016-11-13T01:15:00Z,2016-11-13T06:45:00+05:30
247.0,,,False,2,pm25,µg/m³,,raw,01:00:00,2016-11-13T00:30:00Z,2016-11-13T06:00:00+05:30,2016-11-13T01:30:00Z,2016-11-13T07:00:00+05:30,1,01:00:00,1,00:15:00,100.0,0.0,2016-11-13T01:15:00Z,2016-11-13T06:45:00+05:30,2016-11-13T01:30:00Z,2016-11-13T07:00:00+05:30
229.2,,,False,2,pm25,µg/m³,,raw,01:00:00,2016-11-13T00:45:00Z,2016-11-13T06:15:00+05:30,2016-11-13T01:45:00Z,2016-11-13T07:15:00+05:30,1,01:00:00,1,00:15:00,100.0,0.0,2016-11-13T01:30:00Z,2016-11-13T07:00:00+05:30,2016-11-13T01:45:00Z,2016-11-13T07:15:00+05:30
228.4,,,False,2,pm25,µg/m³,,raw,01:00:00,2016-11-13T01:00:00Z,2016-11-13T06:30:00+05:30,2016-11-13T02:00:00Z,2016-11-13T07:30:00+05:30,1,01:00:00,1,00:15:00,100.0,0.0,2016-11-13T01:45:00Z,2016-11-13T07:15:00+05:30,2016-11-13T02:00:00Z,2016-11-13T07:30:00+05:30
228.4,,,False,2,pm25,µg/m³,,raw,01:00:00,2016-11-13T01:15:00Z,2016-11-13T06:45:00+05:30,2016-11-13T02:15:00Z,2016-11-13T07:45:00+05:30,1,01:00:00,1,00:15:00,100.0,0.0,2016-11-13T02:00:00Z,2016-11-13T07:30:00+05:30,2016-11-13T02:15:00Z,2016-11-13T07:45:00+05:30
228.4,,,False,2,pm25,µg/m³,,raw,01:00:00,2016-11-13T01:30:00Z,2016-11-13T07:00:00+05:30,2016-11-13T02:30:00Z,2016-11-13T08:00:00+05:30,1,01:00:00,1,00:15:00,100.0,0.0,2016-11-13T02:15:00Z,2016-11-13T07:45:00+05:30,2016-11-13T02:30:00Z,2016-11-13T08:00:00+05:30
243.5,,,False,2,pm25,µg/m³,,raw,01:00:00,2016-11-13T01:45:00Z,2016-11-13T07:15:00+05:30,2016-11-13T02:45:00Z,2016-11-13T08:15:00+05:30,1,01:00:00,1,00:15:00,100.0,0.0,2016-11-13T02:30:00Z,2016-11-13T08:00:00+05:30,2016-11-13T02:45:00Z,2016-11-13T08:15:00+05:30
244.2,,,False,2,pm25,µg/m³,,raw,01:00:00,2016-11-13T02:00:00Z,2016-11-13T07:30:00+05:30,2016-11-13T03:00:00Z,2016-11-13T08:30:00+05:30,1,01:00:00,1,00:15:00,100.0,0.0,2016-11-13T02:45:00Z,2016-11-13T08:15:00+05:30,2016-11-13T03:00:00Z,2016-11-13T08:30:00+05:30
244.2,,,False,2,pm25,µg/m³,,raw,01:00:00,2016-11-13T02:15:00Z,2016-11-13T07:45:00+05:30,2016-11-13T03:15:00Z,2016-11-13T08:45:00+05:30,1,01:00:00,1,00:15:00,100.0,0.0,2016-11-13T03:00:00Z,2016-11-13T08:30:00+05:30,2016-11-13T03:15:00Z,2016-11-13T08:45:00+05:30
244.2,,,False,2,pm25,µg/m³,,raw,01:00:00,2016-11-13T02:30:00Z,2016-11-13T08:00:00+05:30,2016-11-13T03:30:00Z,2016-11-13T09:00:00+05:30,1,01:00:00,1,00:15:00,100.0,0.0,2016-11-13T03:15:00Z,2016-11-13T08:45:00+05:30,2016-11-13T03:30:00Z,2016-11-13T09:00:00+05:30
223.8,,,False,2,pm25,µg/m³,,raw,01:00:00,2016-11-13T02:45:00Z,2016-11-13T08:15:00+05:30,2016-11-13T03:45:00Z,2016-11-13T09:15:00+05:30,1,01:00:00,1,00:15:00,100.0,0.0,2016-11-13T03:30:00Z,2016-11-13T09:00:00+05:30,2016-11-13T03:45:00Z,2016-11-13T09:15:00+05:30
222.8,,,False,2,pm25,µg/m³,,raw,01:00:00,2016-11-13T03:00:00Z,2016-11-13T08:30:00+05:30,2016-11-13T04:00:00Z,2016-11-13T09:30:00+05:30,1,01:00:00,1,00:15:00,100.0,0.0,2016-11-13T03:45:00Z,2016-11-13T09:15:00+05:30,2016-11-13T04:00:00Z,2016-11-13T09:30:00+05:30
245.0,,,False,2,pm25,µg/m³,,raw,01:00:00,2016-11-13T04:00:00Z,2016-11-13T09:30:00+05:30,2016-11-13T05:00:00Z,2016-11-13T10:30:00+05:30,1,01:00:00,1,00:15:00,100.0,0.0,2016-11-13T04:45:00Z,2016-11-13T10:15:00+05:30,2016-11-13T05:00:00Z,2016-11-13T10:30:00+05:30
245.0,,,False,2,pm25,µg/m³,,raw,01:00:00,2016-11-13T04:15:00Z,2016-11-13T09:45:00+05:30,2016-11-13T05:15:00Z,2016-11-13T10:45:00+05:30,1,01:00:00,1,00:15:00,100.0,0.0,2016-11-13T05:00:00Z,2016-11-13T10:30:00+05:30,2016-11-13T05:15:00Z,2016-11-13T10:45:00+05:30
245.0,,,False,2,pm25,µg/m³,,raw,01:00:00,2016-11-13T04:30:00Z,2016-11-13T10:00:00+05:30,2016-11-13T05:30:00Z,2016-11-13T11:00:00+05:30,1,01:00:00,1,00:15:00,100.0,0.0,2016-11-13T05:15:00Z,2016-11-13T10:45:00+05:30,2016-11-13T05:30:00Z,2016-11-13T11:00:00+05:30
254.4,,,False,2,pm25,µg/m³,,raw,01:00:00,2016-11-13T04:45:00Z,2016-11-13T10:15:00+05:30,2016-11-13T05:45:00Z,2016-11-13T11:15:00+05:30,1,01:00:00,1,00:15:00,100.0,0.0,2016-11-13T05:30:00Z,2016-11-13T11:00:00+05:30,2016-11-13T05:45:00Z,2016-11-13T11:15:00+05:30
254.9,,,False,2,pm25,µg/m³,,raw,01:00:00,2016-11-13T05:00:00Z,2016-11-13T10:30:00+05:30,2016-11-13T06:00:00Z,2016-11-13T11:30:00+05:30,1,01:00:00,1,00:15:00,100.0,0.0,2016-11-13T05:45:00Z,2016-11-13T11:15:00+05:30,2016-11-13T06:00:00Z,2016-11-13T11:30:00+05:30
254.9,,,False,2,pm25,µg/m³,,raw,01:00:00,2016-11-13T05:15:00Z,2016-11-13T10:45:00+05:30,2016-11-13T06:15:00Z,2016-11-13T11:45:00+05:30,1,01:00:00,1,00:15:00,100.0,0.0,2016-11-13T06:00:00Z,2016-11-13T11:30:00+05:30,2016-11-13T06:15:00Z,2016-11-13T11:45:00+05:30
254.9,,,False,2,pm25,µg/m³,,raw,01:00:00,2016-11-13T05:30:00Z,2016-11-13T11:00:00+05:30,2016-11-13T06:30:00Z,2016-11-13T12:00:00+05:30,1,01:00:00,1,00:15:00,100.0,0.0,2016-11-13T06:15:00Z,2016-11-13T11:45:00+05:30,2016-11-13T06:30:00Z,2016-11-13T12:00:00+05:30
175.4,,,False,2,pm25,µg/m³,,raw,01:00:00,2016-11-13T05:45:00Z,2016-11-13T11:15:00+05:30,2016-11-13T06:45:00Z,2016-11-13T12:15:00+05:30,1,01:00:00,1,00:15:00,100.0,0.0,2016-11-13T06:30:00Z,2016-11-13T12:00:00+05:30,2016-11-13T06:45:00Z,2016-11-13T12:15:00+05:30
171.6,,,False,2,pm25,µg/m³,,raw,01:00:00,2016-11-13T06:00:00Z,2016-11-13T11:30:00+05:30,2016-11-13T07:00:00Z,2016-11-13T12:30:00+05:30,1,01:00:00,1,00:15:00,100.0,0.0,2016-11-13T06:45:00Z,2016-11-13T12:15:00+05:30,2016-11-13T07:00:00Z,2016-11-13T12:30:00+05:30
171.6,,,False,2,pm25,µg/m³,,raw,01:00:00,2016-11-13T06:15:00Z,2016-11-13T11:45:00+05:30,2016-11-13T07:15:00Z,2016-11-13T12:45:00+05:30,1,01:00:00,1,00:15:00,100.0,0.0,2016-11-13T07:00:00Z,2016-11-13T12:30:00+05:30,2016-11-13T07:15:00Z,2016-11-13T12:45:00+05:30
171.6,,,False,2,pm25,µg/m³,,raw,01:00:00,2016-11-13T06:30:00Z,2016-11-13T12:00:00+05:30,2016-11-13T07:30:00Z,2016-11-13T13:00:00+05:30,1,01:00:00,1,00:15:00,100.0,0.0,2016-11-13T07:15:00Z,2016-11-13T12:45:00+05:30,2016-11-13T07:30:00Z,2016-11-13T13:00:00+05:30
147.9,,,False,2,pm25,µg/m³,,raw,01:00:00,2016-11-13T06:45:00Z,2016-11-13T12:15:00+05:30,2016-11-13T07:45:00Z,2016-11-13T13:15:00+05:30,1,01:00:00,1,00:15:00,100.0,0.0,2016-11-13T07:30:00Z,2016-11-13T13:00:00+05:30,2016-11-13T07:45:00Z,2016-11-13T13:15:00+05:30
146.8,,,False,2,pm25,µg/m³,,raw,01:00:00,2016-11-13T07:00:00Z,2016-11-13T12:30:00+05:30,2016-11-13T08:00:00Z,2016-11-13T13:30:00+05:30,1,01:00:00,1,00:15:00,100.0,0.0,2016-11-13T07:45:00Z,2016-11-13T13:15:00+05:30,2016-11-13T08:00:00Z,2016-11-13T13:30:00+05:30
146.8,,,False,2,pm25,µg/m³,,raw,01:00:00,2016-11-13T07:15:00Z,2016-11-13T12:45:00+05:30,2016-11-13T08:15:00Z,2016-11-13T13:45:00+05:30,1,01:00:00,1,00:15:00,100.0,0.0,2016-11-13T08:00:00Z,2016-11-13T13:30:00+05:30,2016-11-13T08:15:00Z,2016-11-13T13:45:00+05:30
146.8,,,False,2,pm25,µg/m³,,raw,01:00:00,2016-11-13T07:30:00Z,2016-11-13T13:00:00+05:30,2016-11-13T08:30:00Z,2016-11-13T14:00:00+05:30,1,01:00:00,1,00:15:00,100.0,0.0,2016-11-13T08:15:00Z,2016-11-13T13:45:00+05:30,2016-11-13T08:30:00Z,2016-11-13T14:00:00+05:30
124.6,,,False,2,pm25,µg/m³,,raw,01:00:00,2016-11-13T07:45:00Z,2016-11-13T13:15:00+05:30,2016-11-13T08:45:00Z,2016-11-13T14:15:00+05:30,1,01:00:00,1,00:15:00,100.0,0.0,2016-11-13T08:30:00Z,2016-11-13T14:00:00+05:30,2016-11-13T08:45:00Z,2016-11-13T14:15:00+05:30
123.5,,,False,2,pm25,µg/m³,,raw,01:00:00,2016-11-13T08:00:00Z,2016-11-13T13:30:00+05:30,2016-11-13T09:00:00Z,2016-11-13T14:30:00+05:30,1,01:00:00,1,00:15:00,100.0,0.0,2016-11-13T08:45:00Z,2016-11-13T14:15:00+05:30,2016-11-13T09:00:00Z,2016-11-13T14:30:00+05:30
123.5,,,False,2,pm25,µg/m³,,raw,01:00:00,2016-11-13T08:15:00Z,2016-11-13T13:45:00+05:30,2016-11-13T09:15:00Z,2016-11-13T14:45:00+05:30,1,01:00:00,1,00:15:00,100.0,0.0,2016-11-13T09:00:00Z,2016-11-13T14:30:00+05:30,2016-11-13T09:15:00Z,2016-11-13T14:45:00+05:30
123.5,,,False,2,pm25,µg/m³,,raw,01:00:00,2016-11-13T08:30:00Z,2016-11-13T14:00:00+05:30,2016-11-13T09:30:00Z,2016-11-13T15:00:00+05:30,1,01:00:00,1,00:15:00,100.0,0.0,2016-11-13T09:15:00Z,2016-11-13T14:45:00+05:30,2016-11-13T09:30:00Z,2016-11-13T15:00:00+05:30
101.7,,,False,2,pm25,µg/m³,,raw,01:00:00,2016-11-13T08:45:00Z,2016-11-13T14:15:00+05:30,2016-11-13T09:45:00Z,2016-11-13T15:15:00+05:30,1,01:00:00,1,00:15:00,100.0,0.0,2016-11-13T09:30:00Z,2016-11-13T15:00:00+05:30,2016-11-13T09:45:00Z,2016-11-13T15:15:00+05:30
100.6,,,False,2,pm25,µg/m³,,raw,01:00:00,2016-11-13T09:00:00Z,2016-11-13T14:30:00+05:30,2016-11-13T10:00:00Z,2016-11-13T15:30:00+05:30,1,01:00:00,1,00:15:00,100.0,0.0,2016-11-13T09:45:00Z,2016-11-13T15:15:00+05:30,2016-11-13T10:00:00Z,2016-11-13T15:30:00+05:30
100.6,,,False,2,pm25,µg/m³,,raw,01:00:00,2016-11-13T09:15:00Z,2016-11-13T14:45:00+05:30,2016-11-13T10:15:00Z,2016-11-13T15:45:00+05:30,1,01:00:00,1,00:15:00,100.0,0.0,2016-11-13T10:00:00Z,2016-11-13T15:30:00+05:30,2016-11-13T10:15:00Z,2016-11-13T15:45:00+05:30
100.6,,,False,2,pm25,µg/m³,,raw,01:00:00,2016-11-13T09:30:00Z,2016-11-13T15:00:00+05:30,2016-11-13T10:30:00Z,2016-11-13T16:00:00+05:30,1,01:00:00,1,00:15:00,100.0,0.0,2016-11-13T10:15:00Z,2016-11-13T15:45:00+05:30,2016-11-13T10:30:00Z,2016-11-13T16:00:00+05:30
82.9,,,False,2,pm25,µg/m³,,raw,01:00:00,2016-11-13T09:45:00Z,2016-11-13T15:15:00+05:30,2016-11-13T10:45:00Z,2016-11-13T16:15:00+05:30,1,01:00:00,1,00:15:00,100.0,0.0,2016-11-13T10:30:00Z,2016-11-13T16:00:00+05:30,2016-11-13T10:45:00Z,2016-11-13T16:15:00+05:30
82.1,,,False,2,pm25,µg/m³,,raw,01:00:00,2016-11-13T10:00:00Z,2016-11-13T15:30:00+05:30,2016-11-13T11:00:00Z,2016-11-13T16:30:00+05:30,1,01:00:00,1,00:15:00,100.0,0.0,2016-11-13T10:45:00Z,2016-11-13T16:15:00+05:30,2016-11-13T11:00:00Z,2016-11-13T16:30:00+05:30
82.1,,,False,2,pm25,µg/m³,,raw,01:00:00,2016-11-13T10:15:00Z,2016-11-13T15:45:00+05:30,2016-11-13T11:15:00Z,2016-11-13T16:45:00+05:30,1,01:00:00,1,00:15:00,100.0,0.0,2016-11-13T11:00:00Z,2016-11-13T16:30:00+05:30,2016-11-13T11:15:00Z,2016-11-13T16:45:00+05:30
89.7,,,False,2,pm25,µg/m³,,raw,01:00:00,2016-11-13T10:45:00Z,2016-11-13T16:15:00+05:30,2016-11-13T11:45:00Z,2016-11-13T17:15:00+05:30,1,01:00:00,1,00:15:00,100.0,0.0,2016-11-13T11:30:00Z,2016-11-13T17:00:00+05:30,2016-11-13T11:45:00Z,2016-11-13T17:15:00+05:30
90.1,,,False,2,pm25,µg/m³,,raw,01:00:00,2016-11-13T11:00:00Z,2016-11-13T16:30:00+05:30,2016-11-13T12:00:00Z,2016-11-13T17:30:00+05:30,1,01:00:00,1,00:15:00,100.0,0.0,2016-11-13T11:45:00Z,2016-11-13T17:15:00+05:30,2016-11-13T12:00:00Z,2016-11-13T17:30:00+05:30
90.1,,,False,2,pm25,µg/m³,,raw,01:00:00,2016-11-13T11:15:00Z,2016-11-13T16:45:00+05:30,2016-11-13T12:15:00Z,2016-11-13T17:45:00+05:30,1,01:00:00,1,00:15:00,100.0,0.0,2016-11-13T12:00:00Z,2016-11-13T17:30:00+05:30,2016-11-13T12:15:00Z,2016-11-13T17:45:00+05:30
90.1,,,False,2,pm25,µg/m³,,raw,01:00:00,2016-11-13T11:30:00Z,2016-11-13T17:00:00+05:30,2016-11-13T12:30:00Z,2016-11-13T18:00:00+05:30,1,01:00:00,1,00:15:00,100.0,0.0,2016-11-13T12:15:00Z,2016-11-13T17:45:00+05:30,2016-11-13T12:30:00Z,2016-11-13T18:00:00+05:30
93.4,,,False,2,pm25,µg/m³,,raw,01:00:00,2016-11-13T11:45:00Z,2016-11-13T17:15:00+05:30,2016-11-13T12:45:00Z,2016-11-13T18:15:00+05:30,1,01:00:00,1,00:15:00,100.0,0.0,2016-11-13T12:30:00Z,2016-11-13T18:00:00+05:30,2016-11-13T12:45:00Z,2016-11-13T18:15:00+05:30
93.6,,,False,2,pm25,µg/m³,,raw,01:00:00,2016-11-13T12:00:00Z,2016-11-13T17:30:00+05:30,2016-11-13T13:00:00Z,2016-11-13T18:30:00+05:30,1,01:00:00,1,00:15:00,100.0,0.0,2016-11-13T12:45:00Z,2016-11-13T18:15:00+05:30,2016-11-13T13:00:00Z,2016-11-13T18:30:00+05:30
93.6,,,False,2,pm25,µg/m³,,raw,01:00:00,2016-11-13T12:15:00Z,2016-11-13T17:45:00+05:30,2016-11-13T13:15:00Z,2016-11-13T18:45:00+05:30,1,01:00:00,1,00:15:00,100.0,0.0,2016-11-13T13:00:00Z,2016-11-13T18:30:00+05:30,2016-11-13T13:15:00Z,2016-11-13T18:45:00+05:30
93.6,,,False,2,pm25,µg/m³,,raw,01:00:00,2016-11-13T12:30:00Z,2016-11-13T18:00:00+05:30,2016-11-13T13:30:00Z,2016-11-13T19:00:00+05:30,1,01:00:00,1,00:15:00,100.0,0.0,2016-11-13T13:15:00Z,2016-11-13T18:45:00+05:30,2016-11-13T13:30:00Z,2016-11-13T19:00:00+05:30
125.8,,,False,2,pm25,µg/m³,,raw,01:00:00,2016-11-13T12:45:00Z,2016-11-13T18:15:00+05:30,2016-11-13T13:45:00Z,2016-11-13T19:15:00+05:30,1,01:00:00,1,00:15:00,100.0,0.0,2016-11-13T13:30:00Z,2016-11-13T19:00:00+05:30,2016-11-13T13:45:00Z,2016-11-13T19:15:00+05:30
127.3,,,False,2,pm25,µg/m³,,raw,01:00:00,2016-11-13T13:00:00Z,2016-11-13T18:30:00+05:30,2016-11-13T14:00:00Z,2016-11-13T19:30:00+05:30,1,01:00:00,1,00:15:00,100.0,0.0,2016-11-13T13:45:00Z,2016-11-13T19:15:00+05:30,2016-11-13T14:00:00Z,2016-11-13T19:30:00+05:30
127.3,,,False,2,pm25,µg/m³,,raw,01:00:00,2016-11-13T13:30:00Z,2016-11-13T19:00:00+05:30,2016-11-13T14:30:00Z,2016-11-13T20:00:00+05:30,1,01:00:00,1,00:15:00,100.0,0.0,2016-11-13T14:15:00Z,2016-11-13T19:45:00+05:30,2016-11-13T14:30:00Z,2016-11-13T20:00:00+05:30
200.8,,,False,2,pm25,µg/m³,,raw,01:00:00,2016-11-13T14:15:00Z,2016-11-13T19:45:00+05:30,2016-11-13T15:15:00Z,2016-11-13T20:45:00+05:30,1,01:00:00,1,00:15:00,100.0,0.0,2016-11-13T15:00:00Z,2016-11-13T20:30:00+05:30,2016-11-13T15:15:00Z,2016-11-13T20:45:00+05:30
300.4,,,False,2,pm25,µg/m³,,raw,01:00:00,2016-11-13T15:30:00Z,2016-11-13T21:00:00+05:30,2016-11-13T16:30:00Z,2016-11-13T22:00:00+05:30,1,01:00:00,1,00:15:00,100.0,0.0,2016-11-13T16:15:00Z,2016-11-13T21:45:00+05:30,2016-11-13T16:30:00Z,2016-11-13T22:00:00+05:30
293.5,,,False,2,pm25,µg/m³,,raw,01:00:00,2016-11-13T15:45:00Z,2016-11-13T21:15:00+05:30,2016-11-13T16:45:00Z,2016-11-13T22:15:00+05:30,1,01:00:00,1,00:15:00,100.0,0.0,2016-11-13T16:30:00Z,2016-11-13T22:00:00+05:30,2016-11-13T16:45:00Z,2016-11-13T22:15:00+05:30
293.2,,,False,2,pm25,µg/m³,,raw,01:00:00,2016-11-13T16:00:00Z,2016-11-13T21:30:00+05:30,2016-11-13T17:00:00Z,2016-11-13T22:30:00+05:30,1,01:00:00,1,00:15:00,100.0,0.0,2016-11-13T16:45:00Z,2016-11-13T22:15:00+05:30,2016-11-13T17:00:00Z,2016-11-13T22:30:00+05:30
293.2,,,False,2,pm25,µg/m³,,raw,01:00:00,2016-11-13T16:15:00Z,2016-11-13T21:45:00+05:30,2016-11-13T17:15:00Z,2016-11-13T22:45:00+05:30,1,01:00:00,1,00:15:00,100.0,0.0,2016-11-13T17:00:00Z,2016-11-13T22:30:00+05:30,2016-11-13T17:15:00Z,2016-11-13T22:45:00+05:30
293.2,,,False,2,pm25,µg/m³,,raw,01:00:00,2016-11-13T16:30:00Z,2016-11-13T22:00:00+05:30,2016-11-13T17:30:00Z,2016-11-13T23:00:00+05:30,1,01:00:00,1,00:15:00,100.0,0.0,2016-11-13T17:15:00Z,2016-11-13T22:45:00+05:30,2016-11-13T17:30:00Z,2016-11-13T23:00:00+05:30
321.5,,,False,2,pm25,µg/m³,,raw,01:00:00,2016-11-13T16:45:00Z,2016-11-13T22:15:00+05:30,2016-11-13T17:45:00Z,2016-11-13T23:15:00+05:30,1,01:00:00,1,00:15:00,100.0,0.0,2016-11-13T17:30:00Z,2016-11-13T23:00:00+05:30,2016-11-13T17:45:00Z,2016-11-13T23:15:00+05:30
322.9,,,False,2,pm25,µg/m³,,raw,01:00:00,2016-11-13T17:00:00Z,2016-11-13T22:30:00+05:30,2016-11-13T18:00:00Z,2016-11-13T23:30:00+05:30,1,01:00:00,1,00:15:00,100.0,0.0,2016-11-13T17:45:00Z,2016-11-13T23:15:00+05:30,2016-11-13T18:00:00Z,2016-11-13T23:30:00+05:30
322.9,,,False,2,pm25,µg/m³,,raw,01:00:00,2016-11-13T17:15:00Z,2016-11-13T22:45:00+05:30,2016-11-13T18:15:00Z,2016-11-13T23:45:00+05:30,1,01:00:00,1,00:15:00,100.0,0.0,2016-11-13T18:00:00Z,2016-11-13T23:30:00+05:30,2016-11-13T18:15:00Z,2016-11-13T23:45:00+05:30
259.3,,,False,2,pm25,µg/m³,,raw,01:00:00,2016-11-13T17:30:00Z,2016-11-13T23:00:00+05:30,2016-11-13T18:30:00Z,2016-11-14T00:00:00+05:30,1,01:00:00,1,00:15:00,100.0,0.0,2016-11-13T18:15:00Z,2016-11-13T23:45:00+05:30,2016-11-13T18:30:00Z,2016-11-14T00:00:00+05:30
348.9,,,False,2,pm25,µg/m³,,raw,01:00:00,2016-11-13T17:45:00Z,2016-11-13T23:15:00+05:30,2016-11-13T18:45:00Z,2016-11-14T00:15:00+05:30,1,01:00:00,1,00:15:00,100.0,0.0,2016-11-13T18:30:00Z,2016-11-14T00:00:00+05:30,2016-11-13T18:45:00Z,2016-11-14T00:15:00+05:30
350.2,,,False,2,pm25,µg/m³,,raw,01:00:00,2016-11-13T18:30:00Z,2016-11-14T00:00:00+05:30,2016-11-13T19:30:00Z,2016-11-14T01:00:00+05:30,1,01:00:00,1,00:15:00,100.0,0.0,2016-11-13T19:15:00Z,2016-11-14T00:45:00+05:30,2016-11-13T19:30:00Z,2016-11-14T01:00:00+05:30
356.1,,,False,2,pm25,µg/m³,,raw,01:00:00,2016-11-13T18:45:00Z,2016-11-14T00:15:00+05:30,2016-11-13T19:45:00Z,2016-11-14T01:15:00+05:30,1,01:00:00,1,00:15:00,100.0,0.0,2016-11-13T19:30:00Z,2016-11-14T01:00:00+05:30,2016-11-13T19:45:00Z,2016-11-14T01:15:00+05:30
356.4,,,False,2,pm25,µg/m³,,raw,01:00:00,2016-11-13T19:00:00Z,2016-11-14T00:30:00+05:30,2016-11-13T20:00:00Z,2016-11-14T01:30:00+05:30,1,01:00:00,1,00:15:00,100.0,0.0,2016-11-13T19:45:00Z,2016-11-14T01:15:00+05:30,2016-11-13T20:00:00Z,2016-11-14T01:30:00+05:30
356.4,,,False,2,pm25,µg/m³,,raw,01:00:00,2016-11-13T19:15:00Z,2016-11-14T00:45:00+05:30,2016-11-13T20:15:00Z,2016-11-14T01:45:00+05:30,1,01:00:00,1,00:15:00,100.0,0.0,2016-11-13T20:00:00Z,2016-11-14T01:30:00+05:30,2016-11-13T20:15:00Z,2016-11-14T01:45:00+05:30
370.7,,,False,2,pm25,µg/m³,,raw,01:00:00,2016-11-13T19:45:00Z,2016-11-14T01:15:00+05:30,2016-11-13T20:45:00Z,2016-11-14T02:15:00+05:30,1,01:00:00,1,00:15:00,100.0,0.0,2016-11-13T20:30:00Z,2016-11-14T02:00:00+05:30,2016-11-13T20:45:00Z,2016-11-14T02:15:00+05:30
371.4,,,False,2,pm25,µg/m³,,raw,01:00:00,2016-11-13T20:00:00Z,2016-11-14T01:30:00+05:30,2016-11-13T21:00:00Z,2016-11-14T02:30:00+05:30,1,01:00:00,1,00:15:00,100.0,0.0,2016-11-13T20:45:00Z,2016-11-14T02:15:00+05:30,2016-11-13T21:00:00Z,2016-11-14T02:30:00+05:30
371.4,,,False,2,pm25,µg/m³,,raw,01:00:00,2016-11-13T20:15:00Z,2016-11-14T01:45:00+05:30,2016-11-13T21:15:00Z,2016-11-14T02:45:00+05:30,1,01:00:00,1,00:15:00,100.0,0.0,2016-11-13T21:00:00Z,2016-11-14T02:30:00+05:30,2016-11-13T21:15:00Z,2016-11-14T02:45:00+05:30
371.4,,,False,2,pm25,µg/m³,,raw,01:00:00,2016-11-13T20:30:00Z,2016-11-14T02:00:00+05:30,2016-11-13T21:30:00Z,2016-11-14T03:00:00+05:30,1,01:00:00,1,00:15:00,100.0,0.0,2016-11-13T21:15:00Z,2016-11-14T02:45:00+05:30,2016-11-13T21:30:00Z,2016-11-14T03:00:00+05:30
308.6,,,False,2,pm25,µg/m³,,raw,01:00:00,2016-11-13T20:45:00Z,2016-11-14T02:15:00+05:30,2016-11-13T21:45:00Z,2016-11-14T03:15:00+05:30,1,01:00:00,1,00:15:00,100.0,0.0,2016-11-13T21:30:00Z,2016-11-14T03:00:00+05:30,2016-11-13T21:45:00Z,2016-11-14T03:15:00+05:30
305.6,,,False,2,pm25,µg/m³,,raw,01:00:00,2016-11-13T21:00:00Z,2016-11-14T02:30:00+05:30,2016-11-13T22:00:00Z,2016-11-14T03:30:00+05:30,1,01:00:00,1,00:15:00,100.0,0.0,2016-11-13T21:45:00Z,2016-11-14T03:15:00+05:30,2016-11-13T22:00:00Z,2016-11-14T03:30:00+05:30
305.6,,,False,2,pm25,µg/m³,,raw,01:00:00,2016-11-13T21:15:00Z,2016-11-14T02:45:00+05:30,2016-11-13T22:15:00Z,2016-11-14T03:45:00+05:30,1,01:00:00,1,00:15:00,100.0,0.0,2016-11-13T22:00:00Z,2016-11-14T03:30:00+05:30,2016-11-13T22:15:00Z,2016-11-14T03:45:00+05:30
305.6,,,False,2,pm25,µg/m³,,raw,01:00:00,2016-11-13T21:30:00Z,2016-11-14T03:00:00+05:30,2016-11-13T22:30:00Z,2016-11-14T04:00:00+05:30,1,01:00:00,1,00:15:00,100.0,0.0,2016-11-13T22:15:00Z,2016-11-14T03:45:00+05:30,2016-11-13T22:30:00Z,2016-11-14T04:00:00+05:30
253.3,,,False,2,pm25,µg/m³,,raw,01:00:00,2016-11-13T21:45:00Z,2016-11-14T03:15:00+05:30,2016-11-13T22:45:00Z,2016-11-14T04:15:00+05:30,1,01:00:00,1,00:15:00,100.0,0.0,2016-11-13T22:30:00Z,2016-11-14T04:00:00+05:30,2016-11-13T22:45:00Z,2016-11-14T04:15:00+05:30
250.8,,,False,2,pm25,µg/m³,,raw,01:00:00,2016-11-13T22:00:00Z,2016-11-14T03:30:00+05:30,2016-11-13T23:00:00Z,2016-11-14T04:30:00+05:30,1,01:00:00,1,00:15:00,100.0,0.0,2016-11-13T22:45:00Z,2016-11-14T04:15:00+05:30,2016-11-13T23:00:00Z,2016-11-14T04:30:00+05:30
250.8,,,False,2,pm25,µg/m³,,raw,01:00:00,2016-11-13T22:15:00Z,2016-11-14T03:45:00+05:30,2016-11-13T23:15:00Z,2016-11-14T04:45:00+05:30,1,01:00:00,1,00:15:00,100.0,0.0,2016-11-13T23:00:00Z,2016-11-14T04:30:00+05:30,2016-11-13T23:15:00Z,2016-11-14T04:45:00+05:30
250.8,,,False,2,pm25,µg/m³,,raw,01:00:00,2016-11-13T22:30:00Z,2016-11-14T04:00:00+05:30,2016-11-13T23:30:00Z,2016-11-14T05:00:00+05:30,1,01:00:00,1,00:15:00,100.0,0.0,2016-11-13T23:15:00Z,2016-11-14T04:45:00+05:30,2016-11-13T23:30:00Z,2016-11-14T05:00:00+05:30
235.8,,,False,2,pm25,µg/m³,,raw,01:00:00,2016-11-13T22:45:00Z,2016-11-14T04:15:00+05:30,2016-11-13T23:45:00Z,2016-11-14T05:15:00+05:30,1,01:00:00,1,00:15:00,100.0,0.0,2016-11-13T23:30:00Z,2016-11-14T05:00:00+05:30,2016-11-13T23:45:00Z,2016-11-14T05:15:00+05:30
235.1,,,False,2,pm25,µg/m³,,raw,01:00:00,2016-11-13T23:00:00Z,2016-11-14T04:30:00+05:30,2016-11-14T00:00:00Z,2016-11-14T05:30:00+05:30,1,01:00:00,1,00:15:00,100.0,0.0,2016-11-13T23:45:00Z,2016-11-14T05:15:00+05:30,2016-11-14T00:00:00Z,2016-11-14T05:30:00+05:30
235.1,,,False,2,pm25,µg/m³,,raw,01:00:00,2016-11-13T23:15:00Z,2016-11-14T04:45:00+05:30,2016-11-14T00:15:00Z,2016-11-14T05:45:00+05:30,1,01:00:00,1,00:15:00,100.0,0.0,2016-11-14T00:00:00Z,2016-11-14T05:30:00+05:30,2016-11-14T00:15:00Z,2016-11-14T05:45:00+05:30
235.1,,,False,2,pm25,µg/m³,,raw,01:00:00,2016-11-13T23:30:00Z,2016-11-14T05:00:00+05:30,2016-11-14T00:30:00Z,2016-11-14T06:00:00+05:30,1,01:00:00,1,00:15:00,100.0,0.0,2016-11-14T00:15:00Z,2016-11-14T05:45:00+05:30,2016-11-14T00:30:00Z,2016-11-14T06:00:00+05:30
223.8,,,False,2,pm25,µg/m³,,raw,01:00:00,2016-11-13T23:45:00Z,2016-11-14T05:15:00+05:30,2016-11-14T00:45:00Z,2016-11-14T06:15:00+05:30,1,01:00:00,1,00:15:00,100.0,0.0,2016-11-14T00:30:00Z,2016-11-14T06:00:00+05:30,2016-11-14T00:45:00Z,2016-11-14T06:15:00+05:30
223.3,,,False,2,pm25,µg/m³,,raw,01:00:00,2016-11-14T00:00:00Z,2016-11-14T05:30:00+05:30,2016-11-14T01:00:00Z,2016-11-14T06:30:00+05:30,1,01:00:00,1,00:15:00,100.0,0.0,2016-11-14T00:45:00Z,2016-11-14T06:15:00+05:30,2016-11-14T01:00:00Z,2016-11-14T06:30:00+05:30
223.3,,,False,2,pm25,µg/m³,,raw,01:00:00,2016-11-14T00:15:00Z,2016-11-14T05:45:00+05:30,2016-11-14T01:15:00Z,2016-11-14T06:45:00+05:30,1,01:00:00,1,00:15:00,100.0,0.0,2016-11-14T01:00:00Z,2016-11-14T06:30:00+05:30,2016-11-14T01:15:00Z,2016-11-14T06:45:00+05:30
223.3,,,False,2,pm25,µg/m³,,raw,01:00:00,2016-11-14T00:30:00Z,2016-11-14T06:00:00+05:30,2016-11-14T01:30:00Z,2016-11-14T07:00:00+05:30,1,01:00:00,1,00:15:00,100.0,0.0,2016-11-14T01:15:00Z,2016-11-14T06:45:00+05:30,2016-11-14T01:30:00Z,2016-11-14T07:00:00+05:30
222.8,,,False,2,pm25,µg/m³,,raw,01:00:00,2016-11-14T00:45:00Z,2016-11-14T06:15:00+05:30,2016-11-14T01:45:00Z,2016-11-14T07:15:00+05:30,1,01:00:00,1,00:15:00,100.0,0.0,2016-11-14T01:30:00Z,2016-11-14T07:00:00+05:30,2016-11-14T01:45:00Z,2016-11-14T07:15:00+05:30
222.8,,,False,2,pm25,µg/m³,,raw,01:00:00,2016-11-14T01:00:00Z,2016-11-14T06:30:00+05:30,2016-11-14T02:00:00Z,2016-11-14T07:30:00+05:30,1,01:00:00,1,00:15:00,100.0,0.0,2016-11-14T01:45:00Z,2016-11-14T07:15:00+05:30,2016-11-14T02:00:00Z,2016-11-14T07:30:00+05:30
222.8,,,False,2,pm25,µg/m³,,raw,01:00:00,2016-11-14T01:15:00Z,2016-11-14T06:45:00+05:30,2016-11-14T02:15:00Z,2016-11-14T07:45:00+05:30,1,01:00:00,1,00:15:00,100.0,0.0,2016-11-14T02:00:00Z,2016-11-14T07:30:00+05:30,2016-11-14T02:15:00Z,2016-11-14T07:45:00+05:30
222.8,,,False,2,pm25,µg/m³,,raw,01:00:00,2016-11-14T01:30:00Z,2016-11-14T07:00:00+05:30,2016-11-14T02:30:00Z,2016-11-14T08:00:00+05:30,1,01:00:00,1,00:15:00,100.0,0.0,2016-11-14T02:15:00Z,2016-11-14T07:45:00+05:30,2016-11-14T02:30:00Z,2016-11-14T08:00:00+05:30
238.1,,,False,2,pm25,µg/m³,,raw,01:00:00,2016-11-14T01:45:00Z,2016-11-14T07:15:00+05:30,2016-11-14T02:45:00Z,2016-11-14T08:15:00+05:30,1,01:00:00,1,00:15:00,100.0,0.0,2016-11-14T02:30:00Z,2016-11-14T08:00:00+05:30,2016-11-14T02:45:00Z,2016-11-14T08:15:00+05:30
238.9,,,False,2,pm25,µg/m³,,raw,01:00:00,2016-11-14T02:00:00Z,2016-11-14T07:30:00+05:30,2016-11-14T03:00:00Z,2016-11-14T08:30:00+05:30,1,01:00:00,1,00:15:00,100.0,0.0,2016-11-14T02:45:00Z,2016-11-14T08:15:00+05:30,2016-11-14T03:00:00Z,2016-11-14T08:30:00+05:30
238.9,,,False,2,pm25,µg/m³,,raw,01:00:00,2016-11-14T02:15:00Z,2016-11-14T07:45:00+05:30,2016-11-14T03:15:00Z,2016-11-14T08:45:00+05:30,1,01:00:00,1,00:15:00,100.0,0.0,2016-11-14T03:00:00Z,2016-11-14T08:30:00+05:30,2016-11-14T03:15:00Z,2016-11-14T08:45:00+05:30
238.9,,,False,2,pm25,µg/m³,,raw,01:00:00,2016-11-14T02:30:00Z,2016-11-14T08:00:00+05:30,2016-11-14T03:30:00Z,2016-11-14T09:00:00+05:30,1,01:00:00,1,00:15:00,100.0,0.0,2016-11-14T03:15:00Z,2016-11-14T08:45:00+05:30,2016-11-14T03:30:00Z,2016-11-14T09:00:00+05:30
369.3,,,False,2,pm25,µg/m³,,raw,01:00:00,2016-11-14T02:45:00Z,2016-11-14T08:15:00+05:30,2016-11-14T03:45:00Z,2016-11-14T09:15:00+05:30,1,01:00:00,1,00:15:00,100.0,0.0,2016-11-14T03:30:00Z,2016-11-14T09:00:00+05:30,2016-11-14T03:45:00Z,2016-11-14T09:15:00+05:30
375.5,,,False,2,pm25,µg/m³,,raw,01:00:00,2016-11-14T03:00:00Z,2016-11-14T08:30:00+05:30,2016-11-14T04:00:00Z,2016-11-14T09:30:00+05:30,1,01:00:00,1,00:15:00,100.0,0.0,2016-11-14T03:45:00Z,2016-11-14T09:15:00+05:30,2016-11-14T04:00:00Z,2016-11-14T09:30:00+05:30
375.5,,,False,2,pm25,µg/m³,,raw,01:00:00,2016-11-14T03:15:00Z,2016-11-14T08:45:00+05:30,2016-11-14T04:15:00Z,2016-11-14T09:45:00+05:30,1,01:00:00,1,00:15:00,100.0,0.0,2016-11-14T04:00:00Z,2016-11-14T09:30:00+05:30,2016-11-14T04:15:00Z,2016-11-14T09:45:00+05:30
375.5,,,False,2,pm25,µg/m³,,raw,01:00:00,2016-11-14T03:30:00Z,2016-11-14T09:00:00+05:30,2016-11-14T04:30:00Z,2016-11-14T10:00:00+05:30,1,01:00:00,1,00:15:00,100.0,0.0,2016-11-14T04:15:00Z,2016-11-14T09:45:00+05:30,2016-11-14T04:30:00Z,2016-11-14T10:00:00+05:30
393.6,,,False,2,pm25,µg/m³,,raw,01:00:00,2016-11-14T03:45:00Z,2016-11-14T09:15:00+05:30,2016-11-14T04:45:00Z,2016-11-14T10:15:00+05:30,1,01:00:00,1,00:15:00,100.0,0.0,2016-11-14T04:30:00Z,2016-11-14T10:00:00+05:30,2016-11-14T04:45:00Z,2016-11-14T10:15:00+05:30
394.5,,,False,2,pm25,µg/m³,,raw,01:00:00,2016-11-14T04:00:00Z,2016-11-14T09:30:00+05:30,2016-11-14T05:00:00Z,2016-11-14T10:30:00+05:30,1,01:00:00,1,00:15:00,100.0,0.0,2016-11-14T04:45:00Z,2016-11-14T10:15:00+05:30,2016-11-14T05:00:00Z,2016-11-14T10:30:00+05:30
394.5,,,False,2,pm25,µg/m³,,raw,01:00:00,2016-11-14T04:15:00Z,2016-11-14T09:45:00+05:30,2016-11-14T05:15:00Z,2016-11-14T10:45:00+05:30,1,01:00:00,1,00:15:00,100.0,0.0,2016-11-14T05:00:00Z,2016-11-14T10:30:00+05:30,2016-11-14T05:15:00Z,2016-11-14T10:45:00+05:30
394.5,,,False,2,pm25,µg/m³,,raw,01:00:00,2016-11-14T04:30:00Z,2016-11-14T10:00:00+05:30,2016-11-14T05:30:00Z,2016-11-14T11:00:00+05:30,1,01:00:00,1,00:15:00,100.0,0.0,2016-11-14T05:15:00Z,2016-11-14T10:45:00+05:30,2016-11-14T05:30:00Z,2016-11-14T11:00:00+05:30
340.4,,,False,2,pm25,µg/m³,,raw,01:00:00,2016-11-14T05:30:00Z,2016-11-14T11:00:00+05:30,2016-11-14T06:30:00Z,2016-11-14T12:00:00+05:30,1,01:00:00,1,00:15:00,100.0,0.0,2016-11-14T06:15:00Z,2016-11-14T11:45:00+05:30,2016-11-14T06:30:00Z,2016-11-14T12:00:00+05:30
269.1,,,False,2,pm25,µg/m³,,raw,01:00:00,2016-11-14T05:45:00Z,2016-11-14T11:15:00+05:30,2016-11-14T06:45:00Z,2016-11-14T12:15:00+05:30,1,01:00:00,1,00:15:00,100.0,0.0,2016-11-14T06:30:00Z,2016-11-14T12:00:00+05:30,2016-11-14T06:45:00Z,2016-11-14T12:15:00+05:30
265.7,,,False,2,pm25,µg/m³,,raw,01:00:00,2016-11-14T06:00:00Z,2016-11-14T11:30:00+05:30,2016-11-14T07:00:00Z,2016-11-14T12:30:00+05:30,1,01:00:00,1,00:15:00,100.0,0.0,2016-11-14T06:45:00Z,2016-11-14T12:15:00+05:30,2016-11-14T07:00:00Z,2016-11-14T12:30:00+05:30
265.7,,,False,2,pm25,µg/m³,,raw,01:00:00,2016-11-14T06:15:00Z,2016-11-14T11:45:00+05:30,2016-11-14T07:15:00Z,2016-11-14T12:45:00+05:30,1,01:00:00,1,00:15:00,100.0,0.0,2016-11-14T07:00:00Z,2016-11-14T12:30:00+05:30,2016-11-14T07:15:00Z,2016-11-14T12:45:00+05:30
265.7,,,False,2,pm25,µg/m³,,raw,01:00:00,2016-11-14T06:30:00Z,2016-11-14T12:00:00+05:30,2016-11-14T07:30:00Z,2016-11-14T13:00:00+05:30,1,01:00:00,1,00:15:00,100.0,0.0,2016-11-14T07:15:00Z,2016-11-14T12:45:00+05:30,2016-11-14T07:30:00Z,2016-11-14T13:00:00+05:30
216.6,,,False,2,pm25,µg/m³,,raw,01:00:00,2016-11-14T06:45:00Z,2016-11-14T12:15:00+05:30,2016-11-14T07:45:00Z,2016-11-14T13:15:00+05:30,1,01:00:00,1,00:15:00,100.0,0.0,2016-11-14T07:30:00Z,2016-11-14T13:00:00+05:30,2016-11-14T07:45:00Z,2016-11-14T13:15:00+05:30
214.2,,,False,2,pm25,µg/m³,,raw,01:00:00,2016-11-14T07:00:00Z,2016-11-14T12:30:00+05:30,2016-11-14T08:00:00Z,2016-11-14T13:30:00+05:30,1,01:00:00,1,00:15:00,100.0,0.0,2016-11-14T07:45:00Z,2016-11-14T13:15:00+05:30,2016-11-14T08:00:00Z,2016-11-14T13:30:00+05:30
214.2,,,False,2,pm25,µg/m³,,raw,01:00:00,2016-11-14T07:15:00Z,2016-11-14T12:45:00+05:30,2016-11-14T08:15:00Z,2016-11-14T13:45:00+05:30,1,01:00:00,1,00:15:00,100.0,0.0,2016-11-14T08:00:00Z,2016-11-14T13:30:00+05:30,2016-11-14T08:15:00Z,2016-11-14T13:45:00+05:30
214.2,,,False,2,pm25,µg/m³,,raw,01:00:00,2016-11-14T07:30:00Z,2016-11-14T13:00:00+05:30,2016-11-14T08:30:00Z,2016-11-14T14:00:00+05:30,1,01:00:00,1,00:15:00,100.0,0.0,2016-11-14T08:15:00Z,2016-11-14T13:45:00+05:30,2016-11-14T08:30:00Z,2016-11-14T14:00:00+05:30
137.8,,,False,2,pm25,µg/m³,,raw,01:00:00,2016-11-14T07:45:00Z,2016-11-14T13:15:00+05:30,2016-11-14T08:45:00Z,2016-11-14T14:15:00+05:30,1,01:00:00,1,00:15:00,100.0,0.0,2016-11-14T08:30:00Z,2016-11-14T14:00:00+05:30,2016-11-14T08:45:00Z,2016-11-14T14:15:00+05:30
134.2,,,False,2,pm25,µg/m³,,raw,01:00:00,2016-11-14T08:00:00Z,2016-11-14T13:30:00+05:30,2016-11-14T09:00:00Z,2016-11-14T14:30:00+05:30,1,01:00:00,1,00:15:00,100.0,0.0,2016-11-14T08:45:00Z,2016-11-14T14:15:00+05:30,2016-11-14T09:00:00Z,2016-11-14T14:30:00+05:30
134.2,,,False,2,pm25,µg/m³,,raw,01:00:00,2016-11-14T08:15:00Z,2016-11-14T13:45:00+05:30,2016-11-14T09:15:00Z,2016-11-14T14:45:00+05:30,1,01:00:00,1,00:15:00,100.0,0.0,2016-11-14T09:00:00Z,2016-11-14T14:30:00+05:30,2016-11-14T09:15:00Z,2016-11-14T14:45:00+05:30
134.2,,,False,2,pm25,µg/m³,,raw,01:00:00,2016-11-14T08:30:00Z,2016-11-14T14:00:00+05:30,2016-11-14T09:30:00Z,2016-11-14T15:00:00+05:30,1,01:00:00,1,00:15:00,100.0,0.0,2016-11-14T09:15:00Z,2016-11-14T14:45:00+05:30,2016-11-14T09:30:00Z,2016-11-14T15:00:00+05:30
109.8,,,False,2,pm25,µg/m³,,raw,01:00:00,2016-11-14T08:45:00Z,2016-11-14T14:15:00+05:30,2016-11-14T09:45:00Z,2016-11-14T15:15:00+05:30,1,01:00:00,1,00:15:00,100.0,0.0,2016-11-14T09:30:00Z,2016-11-14T15:00:00+05:30,2016-11-14T09:45:00Z,2016-11-14T15:15:00+05:30
108.7,,,False,2,pm25,µg/m³,,raw,01:00:00,2016-11-14T09:00:00Z,2016-11-14T14:30:00+05:30,2016-11-14T10:00:00Z,2016-11-14T15:30:00+05:30,1,01:00:00,1,00:15:00,100.0,0.0,2016-11-14T09:45:00Z,2016-11-14T15:15:00+05:30,2016-11-14T10:00:00Z,2016-11-14T15:30:00+05:30
108.7,,,False,2,pm25,µg/m³,,raw,01:00:00,2016-11-14T09:15:00Z,2016-11-14T14:45:00+05:30,2016-11-14T10:15:00Z,2016-11-14T15:45:00+05:30,1,01:00:00,1,00:15:00,100.0,0.0,2016-11-14T10:00:00Z,2016-11-14T15:30:00+05:30,2016-11-14T10:15:00Z,2016-11-14T15:45:00+05:30
108.7,,,False,2,pm25,µg/m³,,raw,01:00:00,2016-11-14T09:30:00Z,2016-11-14T15:00:00+05:30,2016-11-14T10:30:00Z,2016-11-14T16:00:00+05:30,1,01:00:00,1,00:15:00,100.0,0.0,2016-11-14T10:15:00Z,2016-11-14T15:45:00+05:30,2016-11-14T10:30:00Z,2016-11-14T16:00:00+05:30
100.6,,,False,2,pm25,µg/m³,,raw,01:00:00,2016-11-14T09:45:00Z,2016-11-14T15:15:00+05:30,2016-11-14T10:45:00Z,2016-11-14T16:15:00+05:30,1,01:00:00,1,00:15:00,100.0,0.0,2016-11-14T10:30:00Z,2016-11-14T16:00:00+05:30,2016-11-14T10:45:00Z,2016-11-14T16:15:00+05:30
100.2,,,False,2,pm25,µg/m³,,raw,01:00:00,2016-11-14T10:00:00Z,2016-11-14T15:30:00+05:30,2016-11-14T11:00:00Z,2016-11-14T16:30:00+05:30,1,01:00:00,1,00:15:00,100.0,0.0,2016-11-14T10:45:00Z,2016-11-14T16:15:00+05:30,2016-11-14T11:00:00Z,2016-11-14T16:30:00+05:30
100.2,,,False,2,pm25,µg/m³,,raw,01:00:00,2016-11-14T10:15:00Z,2016-11-14T15:45:00+05:30,2016-11-14T11:15:00Z,2016-11-14T16:45:00+05:30,1,01:00:00,1,00:15:00,100.0,0.0,2016-11-14T11:00:00Z,2016-11-14T16:30:00+05:30,2016-11-14T11:15:00Z,2016-11-14T16:45:00+05:30
100.2,,,False,2,pm25,µg/m³,,raw,01:00:00,2016-11-14T10:30:00Z,2016-11-14T16:00:00+05:30,2016-11-14T11:30:00Z,2016-11-14T17:00:00+05:30,1,01:00:00,1,00:15:00,100.0,0.0,2016-11-14T11:15:00Z,2016-11-14T16:45:00+05:30,2016-11-14T11:30:00Z,2016-11-14T17:00:00+05:30
90.4,,,False,2,pm25,µg/m³,,raw,01:00:00,2016-11-14T10:45:00Z,2016-11-14T16:15:00+05:30,2016-11-14T11:45:00Z,2016-11-14T17:15:00+05:30,1,01:00:00,1,00:15:00,100.0,0.0,2016-11-14T11:30:00Z,2016-11-14T17:00:00+05:30,2016-11-14T11:45:00Z,2016-11-14T17:15:00+05:30
89.9,,,False,2,pm25,µg/m³,,raw,01:00:00,2016-11-14T11:00:00Z,2016-11-14T16:30:00+05:30,2016-11-14T12:00:00Z,2016-11-14T17:30:00+05:30,1,01:00:00,1,00:15:00,100.0,0.0,2016-11-14T11:45:00Z,2016-11-14T17:15:00+05:30,2016-11-14T12:00:00Z,2016-11-14T17:30:00+05:30
89.9,,,False,2,pm25,µg/m³,,raw,01:00:00,2016-11-14T11:15:00Z,2016-11-14T16:45:00+05:30,2016-11-14T12:15:00Z,2016-11-14T17:45:00+05:30,1,01:00:00,1,00:15:00,100.0,0.0,2016-11-14T12:00:00Z,2016-11-14T17:30:00+05:30,2016-11-14T12:15:00Z,2016-11-14T17:45:00+05:30
89.9,,,False,2,pm25,µg/m³,,raw,01:00:00,2016-11-14T11:30:00Z,2016-11-14T17:00:00+05:30,2016-11-14T12:30:00Z,2016-11-14T18:00:00+05:30,1,01:00:00,1,00:15:00,100.0,0.0,2016-11-14T12:15:00Z,2016-11-14T17:45:00+05:30,2016-11-14T12:30:00Z,2016-11-14T18:00:00+05:30
91.1,,,False,2,pm25,µg/m³,,raw,01:00:00,2016-11-14T11:45:00Z,2016-11-14T17:15:00+05:30,2016-11-14T12:45:00Z,2016-11-14T18:15:00+05:30,1,01:00:00,1,00:15:00,100.0,0.0,2016-11-14T12:30:00Z,2016-11-14T18:00:00+05:30,2016-11-14T12:45:00Z,2016-11-14T18:15:00+05:30
91.2,,,False,2,pm25,µg/m³,,raw,01:00:00,2016-11-14T12:00:00Z,2016-11-14T17:30:00+05:30,2016-11-14T13:00:00Z,2016-11-14T18:30:00+05:30,1,01:00:00,1,00:15:00,100.0,0.0,2016-11-14T12:45:00Z,2016-11-14T18:15:00+05:30,2016-11-14T13:00:00Z,2016-11-14T18:30:00+05:30
91.2,,,False,2,pm25,µg/m³,,raw,01:00:00,2016-11-14T12:30:00Z,2016-11-14T18:00:00+05:30,2016-11-14T13:30:00Z,2016-11-14T19:00:00+05:30,1,01:00:00,1,00:15:00,100.0,0.0,2016-11-14T13:15:00Z,2016-11-14T18:45:00+05:30,2016-11-14T13:30:00Z,2016-11-14T19:00:00+05:30
104.9,,,False,2,pm25,µg/m³,,raw,01:00:00,2016-11-14T12:45:00Z,2016-11-14T18:15:00+05:30,2016-11-14T13:45:00Z,2016-11-14T19:15:00+05:30,1,01:00:00,1,00:15:00,100.0,0.0,2016-11-14T13:30:00Z,2016-11-14T19:00:00+05:30,2016-11-14T13:45:00Z,2016-11-14T19:15:00+05:30
105.6,,,False,2,pm25,µg/m³,,raw,01:00:00,2016-11-14T13:00:00Z,2016-11-14T18:30:00+05:30,2016-11-14T14:00:00Z,2016-11-14T19:30:00+05:30,1,01:00:00,1,00:15:00,100.0,0.0,2016-11-14T13:45:00Z,2016-11-14T19:15:00+05:30,2016-11-14T14:00:00Z,2016-11-14T19:30:00+05:30
105.6,,,False,2,pm25,µg/m³,,raw,01:00:00,2016-11-14T13:15:00Z,2016-11-14T18:45:00+05:30,2016-11-14T14:15:00Z,2016-11-14T19:45:00+05:30,1,01:00:00,1,00:15:00,100.0,0.0,2016-11-14T14:00:00Z,2016-11-14T19:30:00+05:30,2016-11-14T14:15:00Z,2016-11-14T19:45:00+05:30
105.6,,,False,2,pm25,µg/m³,,raw,01:00:00,2016-11-14T13:30:00Z,2016-11-14T19:00:00+05:30,2016-11-14T14:30:00Z,2016-11-14T20:00:00+05:30,1,01:00:00,1,00:15:00,100.0,0.0,2016-11-14T14:15:00Z,2016-11-14T19:45:00+05:30,2016-11-14T14:30:00Z,2016-11-14T20:00:00+05:30
132.1,,,False,2,pm25,µg/m³,,raw,01:00:00,2016-11-14T13:45:00Z,2016-11-14T19:15:00+05:30,2016-11-14T14:45:00Z,2016-11-14T20:15:00+05:30,1,01:00:00,1,00:15:00,100.0,0.0,2016-11-14T14:30:00Z,2016-11-14T20:00:00+05:30,2016-11-14T14:45:00Z,2016-11-14T20:15:00+05:30
133.4,,,False,2,pm25,µg/m³,,raw,01:00:00,2016-11-14T14:00:00Z,2016-11-14T19:30:00+05:30,2016-11-14T15:00:00Z,2016-11-14T20:30:00+05:30,1,01:00:00,1,00:15:00,100.0,0.0,2016-11-14T14:45:00Z,2016-11-14T20:15:00+05:30,2016-11-14T15:00:00Z,2016-11-14T20:30:00+05:30
133.4,,,False,2,pm25,µg/m³,,raw,01:00:00,2016-11-14T14:15:00Z,2016-11-14T19:45:00+05:30,2016-11-14T15:15:00Z,2016-11-14T20:45:00+05:30,1,01:00:00,1,00:15:00,100.0,0.0,2016-11-14T15:00:00Z,2016-11-14T20:30:00+05:30,2016-11-14T15:15:00Z,2016-11-14T20:45:00+05:30
133.4,,,False,2,pm25,µg/m³,,raw,01:00:00,2016-11-14T14:30:00Z,2016-11-14T20:00:00+05:30,2016-11-14T15:30:00Z,2016-11-14T21:00:00+05:30,1,01:00:00,1,00:15:00,100.0,0.0,2016-11-14T15:15:00Z,2016-11-14T20:45:00+05:30,2016-11-14T15:30:00Z,2016-11-14T21:00:00+05:30
159.7,,,False,2,pm25,µg/m³,,raw,01:00:00,2016-11-14T14:45:00Z,2016-11-14T20:15:00+05:30,2016-11-14T15:45:00Z,2016-11-14T21:15:00+05:30,1,01:00:00,1,00:15:00,100.0,0.0,2016-11-14T15:30:00Z,2016-11-14T21:00:00+05:30,2016-11-14T15:45:00Z,2016-11-14T21:15:00+05:30
161.0,,,False,2,pm25,µg/m³,,raw,01:00:00,2016-11-14T15:00:00Z,2016-11-14T20:30:00+05:30,2016-11-14T16:00:00Z,2016-11-14T21:30:00+05:30,1,01:00:00,1,00:15:00,100.0,0.0,2016-11-14T15:45:00Z,2016-11-14T21:15:00+05:30,2016-11-14T16:00:00Z,2016-11-14T21:30:00+05:30
161.0,,,False,2,pm25,µg/m³,,raw,01:00:00,2016-11-14T15:15:00Z,2016-11-14T20:45:00+05:30,2016-11-14T16:15:00Z,2016-11-14T21:45:00+05:30,1,01:00:00,1,00:15:00,100.0,0.0,2016-11-14T16:00:00Z,2016-11-14T21:30:00+05:30,2016-11-14T16:15:00Z,2016-11-14T21:45:00+05:30
161.0,,,False,2,pm25,µg/m³,,raw,01:00:00,2016-11-14T15:30:00Z,2016-11-14T21:00:00+05:30,2016-11-14T16:30:00Z,2016-11-14T22:00:00+05:30,1,01:00:00,1,00:15:00,100.0,0.0,2016-11-14T16:15:00Z,2016-11-14T21:45:00+05:30,2016-11-14T16:30:00Z,2016-11-14T22:00:00+05:30
255.9,,,False,2,pm25,µg/m³,,raw,01:00:00,2016-11-14T15:45:00Z,2016-11-14T21:15:00+05:30,2016-11-14T16:45:00Z,2016-11-14T22:15:00+05:30,1,01:00:00,1,00:15:00,100.0,0.0,2016-11-14T16:30:00Z,2016-11-14T22:00:00+05:30,2016-11-14T16:45:00Z,2016-11-14T22:15:00+05:30
260.4,,,False,2,pm25,µg/m³,,raw,01:00:00,2016-11-14T16:00:00Z,2016-11-14T21:30:00+05:30,2016-11-14T17:00:00Z,2016-11-14T22:30:00+05:30,1,01:00:00,1,00:15:00,100.0,0.0,2016-11-14T16:45:00Z,2016-11-14T22:15:00+05:30,2016-11-14T17:00:00Z,2016-11-14T22:30:00+05:30
260.4,,,False,2,pm25,µg/m³,,raw,01:00:00,2016-11-14T16:15:00Z,2016-11-14T21:45:00+05:30,2016-11-14T17:15:00Z,2016-11-14T22:45:00+05:30,1,01:00:00,1,00:15:00,100.0,0.0,2016-11-14T17:00:00Z,2016-11-14T22:30:00+05:30,2016-11-14T17:15:00Z,2016-11-14T22:45:00+05:30
260.4,,,False,2,pm25,µg/m³,,raw,01:00:00,2016-11-14T16:30:00Z,2016-11-14T22:00:00+05:30,2016-11-14T17:30:00Z,2016-11-14T23:00:00+05:30,1,01:00:00,1,00:15:00,100.0,0.0,2016-11-14T17:15:00Z,2016-11-14T22:45:00+05:30,2016-11-14T17:30:00Z,2016-11-14T23:00:00+05:30
259.3,,,False,2,pm25,µg/m³,,raw,01:00:00,2016-11-14T16:45:00Z,2016-11-14T22:15:00+05:30,2016-11-14T17:45:00Z,2016-11-14T23:15:00+05:30,1,01:00:00,1,00:15:00,100.0,0.0,2016-11-14T17:30:00Z,2016-11-14T23:00:00+05:30,2016-11-14T17:45:00Z,2016-11-14T23:15:00+05:30
259.3,,,False,2,pm25,µg/m³,,raw,01:00:00,2016-11-14T17:00:00Z,2016-11-14T22:30:00+05:30,2016-11-14T18:00:00Z,2016-11-14T23:30:00+05:30,1,01:00:00,1,00:15:00,100.0,0.0,2016-11-14T17:45:00Z,2016-11-14T23:15:00+05:30,2016-11-14T18:00:00Z,2016-11-14T23:30:00+05:30
259.3,,,False,2,pm25,µg/m³,,raw,01:00:00,2016-11-14T17:15:00Z,2016-11-14T22:45:00+05:30,2016-11-14T18:15:00Z,2016-11-14T23:45:00+05:30,1,01:00:00,1,00:15:00,100.0,0.0,2016-11-14T18:00:00Z,2016-11-14T23:30:00+05:30,2016-11-14T18:15:00Z,2016-11-14T23:45:00+05:30
479.7,,,False,2,pm25,µg/m³,,raw,01:00:00,2016-11-14T17:30:00Z,2016-11-14T23:00:00+05:30,2016-11-14T18:30:00Z,2016-11-15T00:00:00+05:30,1,01:00:00,1,00:15:00,100.0,0.0,2016-11-14T18:15:00Z,2016-11-14T23:45:00+05:30,2016-11-14T18:30:00Z,2016-11-15T00:00:00+05:30
259.3,,,False,2,pm25,µg/m³,,raw,01:00:00,2016-11-14T17:45:00Z,2016-11-14T23:15:00+05:30,2016-11-14T18:45:00Z,2016-11-15T00:15:00+05:30,1,01:00:00,1,00:15:00,100.0,0.0,2016-11-14T18:30:00Z,2016-11-15T00:00:00+05:30,2016-11-14T18:45:00Z,2016-11-15T00:15:00+05:30
232.7,,,False,2,pm25,µg/m³,,raw,01:00:00,2016-11-14T18:45:00Z,2016-11-15T00:15:00+05:30,2016-11-14T19:45:00Z,2016-11-15T01:15:00+05:30,1,01:00:00,1,00:15:00,100.0,0.0,2016-11-14T19:30:00Z,2016-11-15T01:00:00+05:30,2016-11-14T19:45:00Z,2016-11-15T01:15:00+05:30
232.7,,,False,2,pm25,µg/m³,,raw,01:00:00,2016-11-14T19:00:00Z,2016-11-15T00:30:00+05:30,2016-11-14T20:00:00Z,2016-11-15T01:30:00+05:30,1,01:00:00,1,00:15:00,100.0,0.0,2016-11-14T19:45:00Z,2016-11-15T01:15:00+05:30,2016-11-14T20:00:00Z,2016-11-15T01:30:00+05:30
232.7,,,False,2,pm25,µg/m³,,raw,01:00:00,2016-11-14T19:15:00Z,2016-11-15T00:45:00+05:30,2016-11-14T20:15:00Z,2016-11-15T01:45:00+05:30,1,01:00:00,1,00:15:00,100.0,0.0,2016-11-14T20:00:00Z,2016-11-15T01:30:00+05:30,2016-11-14T20:15:00Z,2016-11-15T01:45:00+05:30
232.7,,,False,2,pm25,µg/m³,,raw,01:00:00,2016-11-14T19:30:00Z,2016-11-15T01:00:00+05:30,2016-11-14T20:30:00Z,2016-11-15T02:00:00+05:30,1,01:00:00,1,00:15:00,100.0,0.0,2016-11-14T20:15:00Z,2016-11-15T01:45:00+05:30,2016-11-14T20:30:00Z,2016-11-15T02:00:00+05:30
256.0,,,False,2,pm25,µg/m³,,raw,01:00:00,2016-11-14T19:45:00Z,2016-11-15T01:15:00+05:30,2016-11-14T20:45:00Z,2016-11-15T02:15:00+05:30,1,01:00:00,1,00:15:00,100.0,0.0,2016-11-14T20:30:00Z,2016-11-15T02:00:00+05:30,2016-11-14T20:45:00Z,2016-11-15T02:15:00+05:30
257.1,,,False,2,pm25,µg/m³,,raw,01:00:00,2016-11-14T20:00:00Z,2016-11-15T01:30:00+05:30,2016-11-14T21:00:00Z,2016-11-15T02:30:00+05:30,1,01:00:00,1,00:15:00,100.0,0.0,2016-11-14T20:45:00Z,2016-11-15T02:15:00+05:30,2016-11-14T21:00:00Z,2016-11-15T02:30:00+05:30
257.1,,,False,2,pm25,µg/m³,,raw,01:00:00,2016-11-14T20:15:00Z,2016-11-15T01:45:00+05:30,2016-11-14T21:15:00Z,2016-11-15T02:45:00+05:30,1,01:00:00,1,00:15:00,100.0,0.0,2016-11-14T21:00:00Z,2016-11-15T02:30:00+05:30,2016-11-14T21:15:00Z,2016-11-15T02:45:00+05:30
257.1,,,False,2,pm25,µg/m³,,raw,01:00:00,2016-11-14T20:30:00Z,2016-11-15T02:00:00+05:30,2016-11-14T21:30:00Z,2016-11-15T03:00:00+05:30,1,01:00:00,1,00:15:00,100.0,0.0,2016-11-14T21:15:00Z,2016-11-15T02:45:00+05:30,2016-11-14T21:30:00Z,2016-11-15T03:00:00+05:30
298.7,,,False,2,pm25,µg/m³,,raw,01:00:00,2016-11-14T20:45:00Z,2016-11-15T02:15:00+05:30,2016-11-14T21:45:00Z,2016-11-15T03:15:00+05:30,1,01:00:00,1,00:15:00,100.0,0.0,2016-11-14T21:30:00Z,2016-11-15T03:00:00+05:30,2016-11-14T21:45:00Z,2016-11-15T03:15:00+05:30
300.7,,,False,2,pm25,µg/m³,,raw,01:00:00,2016-11-14T21:00:00Z,2016-11-15T02:30:00+05:30,2016-11-14T22:00:00Z,2016-11-15T03:30:00+05:30,1,01:00:00,1,00:15:00,100.0,0.0,2016-11-14T21:45:00Z,2016-11-15T03:15:00+05:30,2016-11-14T22:00:00Z,2016-11-15T03:30:00+05:30
300.7,,,False,2,pm25,µg/m³,,raw,01:00:00,2016-11-14T21:15:00Z,2016-11-15T02:45:00+05:30,2016-11-14T22:15:00Z,2016-11-15T03:45:00+05:30,1,01:00:00,1,00:15:00,100.0,0.0,2016-11-14T22:00:00Z,2016-11-15T03:30:00+05:30,2016-11-14T22:15:00Z,2016-11-15T03:45:00+05:30
300.7,,,False,2,pm25,µg/m³,,raw,01:00:00,2016-11-14T21:30:00Z,2016-11-15T03:00:00+05:30,2016-11-14T22:30:00Z,2016-11-15T04:00:00+05:30,1,01:00:00,1,00:15:00,100.0,0.0,2016-11-14T22:15:00Z,2016-11-15T03:45:00+05:30,2016-11-14T22:30:00Z,2016-11-15T04:00:00+05:30
326.2,,,False,2,pm25,µg/m³,,raw,01:00:00,2016-11-14T21:45:00Z,2016-11-15T03:15:00+05:30,2016-11-14T22:45:00Z,2016-11-15T04:15:00+05:30,1,01:00:00,1,00:15:00,100.0,0.0,2016-11-14T22:30:00Z,2016-11-15T04:00:00+05:30,2016-11-14T22:45:00Z,2016-11-15T04:15:00+05:30
327.4,,,False,2,pm25,µg/m³,,raw,01:00:00,2016-11-14T22:00:00Z,2016-11-15T03:30:00+05:30,2016-11-14T23:00:00Z,2016-11-15T04:30:00+05:30,1,01:00:00,1,00:15:00,100.0,0.0,2016-11-14T22:45:00Z,2016-11-15T04:15:00+05:30,2016-11-14T23:00:00Z,2016-11-15T04:30:00+05:30
327.4,,,False,2,pm25,µg/m³,,raw,01:00:00,2016-11-14T22:15:00Z,2016-11-15T03:45:00+05:30,2016-11-14T23:15:00Z,2016-11-15T04:45:00+05:30,1,01:00:00,1,00:15:00,100.0,0.0,2016-11-14T23:00:00Z,2016-11-15T04:30:00+05:30,2016-11-14T23:15:00Z,2016-11-15T04:45:00+05:30
327.4,,,False,2,pm25,µg/m³,,raw,01:00:00,2016-11-14T22:30:00Z,2016-11-15T04:00:00+05:30,2016-11-14T23:30:00Z,2016-11-15T05:00:00+05:30,1,01:00:00,1,00:15:00,100.0,0.0,2016-11-14T23:15:00Z,2016-11-15T04:45:00+05:30,2016-11-14T23:30:00Z,2016-11-15T05:00:00+05:30
357.7,,,False,2,pm25,µg/m³,,raw,01:00:00,2016-11-14T22:45:00Z,2016-11-15T04:15:00+05:30,2016-11-14T23:45:00Z,2016-11-15T05:15:00+05:30,1,01:00:00,1,00:15:00,100.0,0.0,2016-11-14T23:30:00Z,2016-11-15T05:00:00+05:30,2016-11-14T23:45:00Z,2016-11-15T05:15:00+05:30
359.2,,,False,2,pm25,µg/m³,,raw,01:00:00,2016-11-14T23:00:00Z,2016-11-15T04:30:00+05:30,2016-11-15T00:00:00Z,2016-11-15T05:30:00+05:30,1,01:00:00,1,00:15:00,100.0,0.0,2016-11-14T23:45:00Z,2016-11-15T05:15:00+05:30,2016-11-15T00:00:00Z,2016-11-15T05:30:00+05:30
359.2,,,False,2,pm25,µg/m³,,raw,01:00:00,2016-11-14T23:15:00Z,2016-11-15T04:45:00+05:30,2016-11-15T00:15:00Z,2016-11-15T05:45:00+05:30,1,01:00:00,1,00:15:00,100.0,0.0,2016-11-15T00:00:00Z,2016-11-15T05:30:00+05:30,2016-11-15T00:15:00Z,2016-11-15T05:45:00+05:30
364.2,,,False,2,pm25,µg/m³,,raw,01:00:00,2016-11-14T23:45:00Z,2016-11-15T05:15:00+05:30,2016-11-15T00:45:00Z,2016-11-15T06:15:00+05:30,1,01:00:00,1,00:15:00,100.0,0.0,2016-11-15T00:30:00Z,2016-11-15T06:00:00+05:30,2016-11-15T00:45:00Z,2016-11-15T06:15:00+05:30
364.5,,,False,2,pm25,µg/m³,,raw,01:00:00,2016-11-15T00:00:00Z,2016-11-15T05:30:00+05:30,2016-11-15T01:00:00Z,2016-11-15T06:30:00+05:30,1,01:00:00,1,00:15:00,100.0,0.0,2016-11-15T00:45:00Z,2016-11-15T06:15:00+05:30,2016-11-15T01:00:00Z,2016-11-15T06:30:00+05:30
364.5,,,False,2,pm25,µg/m³,,raw,01:00:00,2016-11-15T00:15:00Z,2016-11-15T05:45:00+05:30,2016-11-15T01:15:00Z,2016-11-15T06:45:00+05:30,1,01:00:00,1,00:15:00,100.0,0.0,2016-11-15T01:00:00Z,2016-11-15T06:30:00+05:30,2016-11-15T01:15:00Z,2016-11-15T06:45:00+05:30
364.5,,,False,2,pm25,µg/m³,,raw,01:00:00,2016-11-15T00:30:00Z,2016-11-15T06:00:00+05:30,2016-11-15T01:30:00Z,2016-11-15T07:00:00+05:30,1,01:00:00,1,00:15:00,100.0,0.0,2016-11-15T01:15:00Z,2016-11-15T06:45:00+05:30,2016-11-15T01:30:00Z,2016-11-15T07:00:00+05:30
385.2,,,False,2,pm25,µg/m³,,raw,01:00:00,2016-11-15T00:45:00Z,2016-11-15T06:15:00+05:30,2016-11-15T01:45:00Z,2016-11-15T07:15:00+05:30,1,01:00:00,1,00:15:00,100.0,0.0,2016-11-15T01:30:00Z,2016-11-15T07:00:00+05:30,2016-11-15T01:45:00Z,2016-11-15T07:15:00+05:30
386.2,,,False,2,pm25,µg/m³,,raw,01:00:00,2016-11-15T01:00:00Z,2016-11-15T06:30:00+05:30,2016-11-15T02:00:00Z,2016-11-15T07:30:00+05:30,1,01:00:00,1,00:15:00,100.0,0.0,2016-11-15T01:45:00Z,2016-11-15T07:15:00+05:30,2016-11-15T02:00:00Z,2016-11-15T07:30:00+05:30
386.2,,,False,2,pm25,µg/m³,,raw,01:00:00,2016-11-15T01:15:00Z,2016-11-15T06:45:00+05:30,2016-11-15T02:15:00Z,2016-11-15T07:45:00+05:30,1,01:00:00,1,00:15:00,100.0,0.0,2016-11-15T02:00:00Z,2016-11-15T07:30:00+05:30,2016-11-15T02:15:00Z,2016-11-15T07:45:00+05:30
386.2,,,False,2,pm25,µg/m³,,raw,01:00:00,2016-11-15T01:30:00Z,2016-11-15T07:00:00+05:30,2016-11-15T02:30:00Z,2016-11-15T08:00:00+05:30,1,01:00:00,1,00:15:00,100.0,0.0,2016-11-15T02:15:00Z,2016-11-15T07:45:00+05:30,2016-11-15T02:30:00Z,2016-11-15T08:00:00+05:30
543.7,,,False,2,pm25,µg/m³,,raw,01:00:00,2016-11-15T01:45:00Z,2016-11-15T07:15:00+05:30,2016-11-15T02:45:00Z,2016-11-15T08:15:00+05:30,1,01:00:00,1,00:15:00,100.0,0.0,2016-11-15T02:30:00Z,2016-11-15T08:00:00+05:30,2016-11-15T02:45:00Z,2016-11-15T08:15:00+05:30
551.2,,,False,2,pm25,µg/m³,,raw,01:00:00,2016-11-15T02:00:00Z,2016-11-15T07:30:00+05:30,2016-11-15T03:00:00Z,2016-11-15T08:30:00+05:30,1,01:00:00,1,00:15:00,100.0,0.0,2016-11-15T02:45:00Z,2016-11-15T08:15:00+05:30,2016-11-15T03:00:00Z,2016-11-15T08:30:00+05:30
551.2,,,False,2,pm25,µg/m³,,raw,01:00:00,2016-11-15T02:15:00Z,2016-11-15T07:45:00+05:30,2016-11-15T03:15:00Z,2016-11-15T08:45:00+05:30,1,01:00:00,1,00:15:00,100.0,0.0,2016-11-15T03:00:00Z,2016-11-15T08:30:00+05:30,2016-11-15T03:15:00Z,2016-11-15T08:45:00+05:30
551.2,,,False,2,pm25,µg/m³,,raw,01:00:00,2016-11-15T02:30:00Z,2016-11-15T08:00:00+05:30,2016-11-15T03:30:00Z,2016-11-15T09:00:00+05:30,1,01:00:00,1,00:15:00,100.0,0.0,2016-11-15T03:15:00Z,2016-11-15T08:45:00+05:30,2016-11-15T03:30:00Z,2016-11-15T09:00:00+05:30
535.7,,,False,2,pm25,µg/m³,,raw,01:00:00,2016-11-15T02:45:00Z,2016-11-15T08:15:00+05:30,2016-11-15T03:45:00Z,2016-11-15T09:15:00+05:30,1,01:00:00,1,00:15:00,100.0,0.0,2016-11-15T03:30:00Z,2016-11-15T09:00:00+05:30,2016-11-15T03:45:00Z,2016-11-15T09:15:00+05:30
535.0,,,False,2,pm25,µg/m³,,raw,01:00:00,2016-11-15T03:00:00Z,2016-11-15T08:30:00+05:30,2016-11-15T04:00:00Z,2016-11-15T09:30:00+05:30,1,01:00:00,1,00:15:00,100.0,0.0,2016-11-15T03:45:00Z,2016-11-15T09:15:00+05:30,2016-11-15T04:00:00Z,2016-11-15T09:30:00+05:30
535.0,,,False,2,pm25,µg/m³,,raw,01:00:00,2016-11-15T03:15:00Z,2016-11-15T08:45:00+05:30,2016-11-15T04:15:00Z,2016-11-15T09:45:00+05:30,1,01:00:00,1,00:15:00,100.0,0.0,2016-11-15T04:00:00Z,2016-11-15T09:30:00+05:30,2016-11-15T04:15:00Z,2016-11-15T09:45:00+05:30
535.0,,,False,2,pm25,µg/m³,,raw,01:00:00,2016-11-15T03:30:00Z,2016-11-15T09:00:00+05:30,2016-11-15T04:30:00Z,2016-11-15T10:00:00+05:30,1,01:00:00,1,00:15:00,100.0,0.0,2016-11-15T04:15:00Z,2016-11-15T09:45:00+05:30,2016-11-15T04:30:00Z,2016-11-15T10:00:00+05:30
442.0,,,False,2,pm25,µg/m³,,raw,01:00:00,2016-11-15T03:45:00Z,2016-11-15T09:15:00+05:30,2016-11-15T04:45:00Z,2016-11-15T10:15:00+05:30,1,01:00:00,1,00:15:00,100.0,0.0,2016-11-15T04:30:00Z,2016-11-15T10:00:00+05:30,2016-11-15T04:45:00Z,2016-11-15T10:15:00+05:30
437.6,,,False,2,pm25,µg/m³,,raw,01:00:00,2016-11-15T04:00:00Z,2016-11-15T09:30:00+05:30,2016-11-15T05:00:00Z,2016-11-15T10:30:00+05:30,1,01:00:00,1,00:15:00,100.0,0.0,2016-11-15T04:45:00Z,2016-11-15T10:15:00+05:30,2016-11-15T05:00:00Z,2016-11-15T10:30:00+05:30
437.6,,,False,2,pm25,µg/m³,,raw,01:00:00,2016-11-15T04:15:00Z,2016-11-15T09:45:00+05:30,2016-11-15T05:15:00Z,2016-11-15T10:45:00+05:30,1,01:00:00,1,00:15:00,100.0,0.0,2016-11-15T05:00:00Z,2016-11-15T10:30:00+05:30,2016-11-15T05:15:00Z,2016-11-15T10:45:00+05:30
437.6,,,False,2,pm25,µg/m³,,raw,01:00:00,2016-11-15T04:30:00Z,2016-11-15T10:00:00+05:30,2016-11-15T05:30:00Z,2016-11-15T11:00:00+05:30,1,01:00:00,1,00:15:00,100.0,0.0,2016-11-15T05:15:00Z,2016-11-15T10:45:00+05:30,2016-11-15T05:30:00Z,2016-11-15T11:00:00+05:30
437.6,,,False,2,pm25,µg/m³,,raw,01:00:00,2016-11-15T04:45:00Z,2016-11-15T10:15:00+05:30,2016-11-15T05:45:00Z,2016-11-15T11:15:00+05:30,1,01:00:00,1,00:15:00,100.0,0.0,2016-11-15T05:30:00Z,2016-11-15T11:00:00+05:30,2016-11-15T05:45:00Z,2016-11-15T11:15:00+05:30
257.0,,,False,2,pm25,µg/m³,,raw,01:00:00,2016-11-15T05:45:00Z,2016-11-15T11:15:00+05:30,2016-11-15T06:45:00Z,2016-11-15T12:15:00+05:30,1,01:00:00,1,00:15:00,100.0,0.0,2016-11-15T06:30:00Z,2016-11-15T12:00:00+05:30,2016-11-15T06:45:00Z,2016-11-15T12:15:00+05:30
257.0,,,False,2,pm25,µg/m³,,raw,01:00:00,2016-11-15T06:00:00Z,2016-11-15T11:30:00+05:30,2016-11-15T07:00:00Z,2016-11-15T12:30:00+05:30,1,01:00:00,1,00:15:00,100.0,0.0,2016-11-15T06:45:00Z,2016-11-15T12:15:00+05:30,2016-11-15T07:00:00Z,2016-11-15T12:30:00+05:30
257.0,,,False,2,pm25,µg/m³,,raw,01:00:00,2016-11-15T06:15:00Z,2016-11-15T11:45:00+05:30,2016-11-15T07:15:00Z,2016-11-15T12:45:00+05:30,1,01:00:00,1,00:15:00,100.0,0.0,2016-11-15T07:00:00Z,2016-11-15T12:30:00+05:30,2016-11-15T07:15:00Z,2016-11-15T12:45:00+05:30
257.0,,,False,2,pm25,µg/m³,,raw,01:00:00,2016-11-15T06:30:00Z,2016-11-15T12:00:00+05:30,2016-11-15T07:30:00Z,2016-11-15T13:00:00+05:30,1,01:00:00,1,00:15:00,100.0,0.0,2016-11-15T07:15:00Z,2016-11-15T12:45:00+05:30,2016-11-15T07:30:00Z,2016-11-15T13:00:00+05:30
198.1,,,False,2,pm25,µg/m³,,raw,01:00:00,2016-11-15T06:45:00Z,2016-11-15T12:15:00+05:30,2016-11-15T07:45:00Z,2016-11-15T13:15:00+05:30,1,01:00:00,1,00:15:00,100.0,0.0,2016-11-15T07:30:00Z,2016-11-15T13:00:00+05:30,2016-11-15T07:45:00Z,2016-11-15T13:15:00+05:30
195.3,,,False,2,pm25,µg/m³,,raw,01:00:00,2016-11-15T07:00:00Z,2016-11-15T12:30:00+05:30,2016-11-15T08:00:00Z,2016-11-15T13:30:00+05:30,1,01:00:00,1,00:15:00,100.0,0.0,2016-11-15T07:45:00Z,2016-11-15T13:15:00+05:30,2016-11-15T08:00:00Z,2016-11-15T13:30:00+05:30
195.3,,,False,2,pm25,µg/m³,,raw,01:00:00,2016-11-15T07:15:00Z,2016-11-15T12:45:00+05:30,2016-11-15T08:15:00Z,2016-11-15T13:45:00+05:30,1,01:00:00,1,00:15:00,100.0,0.0,2016-11-15T08:00:00Z,2016-11-15T13:30:00+05:30,2016-11-15T08:15:00Z,2016-11-15T13:45:00+05:30
195.3,,,False,2,pm25,µg/m³,,raw,01:00:00,2016-11-15T07:30:00Z,2016-11-15T13:00:00+05:30,2016-11-15T08:30:00Z,2016-11-15T14:00:00+05:30,1,01:00:00,1,00:15:00,100.0,0.0,2016-11-15T08:15:00Z,2016-11-15T13:45:00+05:30,2016-11-15T08:30:00Z,2016-11-15T14:00:00+05:30
150.7,,,False,2,pm25,µg/m³,,raw,01:00:00,2016-11-15T07:45:00Z,2016-11-15T13:15:00+05:30,2016-11-15T08:45:00Z,2016-11-15T14:15:00+05:30,1,01:00:00,1,00:15:00,100.0,0.0,2016-11-15T08:30:00Z,2016-11-15T14:00:00+05:30,2016-11-15T08:45:00Z,2016-11-15T14:15:00+05:30
148.6,,,False,2,pm25,µg/m³,,raw,01:00:00,2016-11-15T08:00:00Z,2016-11-15T13:30:00+05:30,2016-11-15T09:00:00Z,2016-11-15T14:30:00+05:30,1,01:00:00,1,00:15:00,100.0,0.0,2016-11-15T08:45:00Z,2016-11-15T14:15:00+05:30,2016-11-15T09:00:00Z,2016-11-15T14:30:00+05:30
148.6,,,False,2,pm25,µg/m³,,raw,01:00:00,2016-11-15T08:15:00Z,2016-11-15T13:45:00+05:30,2016-11-15T09:15:00Z,2016-11-15T14:45:00+05:30,1,01:00:00,1,00:15:00,100.0,0.0,2016-11-15T09:00:00Z,2016-11-15T14:30:00+05:30,2016-11-15T09:15:00Z,2016-11-15T14:45:00+05:30
148.6,,,False,2,pm25,µg/m³,,raw,01:00:00,2016-11-15T08:30:00Z,2016-11-15T14:00:00+05:30,2016-11-15T09:30:00Z,2016-11-15T15:00:00+05:30,1,01:00:00,1,00:15:00,100.0,0.0,2016-11-15T09:15:00Z,2016-11-15T14:45:00+05:30,2016-11-15T09:30:00Z,2016-11-15T15:00:00+05:30
116.5,,,False,2,pm25,µg/m³,,raw,01:00:00,2016-11-15T08:45:00Z,2016-11-15T14:15:00+05:30,2016-11-15T09:45:00Z,2016-11-15T15:15:00+05:30,1,01:00:00,1,00:15:00,100.0,0.0,2016-11-15T09:30:00Z,2016-11-15T15:00:00+05:30,2016-11-15T09:45:00Z,2016-11-15T15:15:00+05:30
115.0,,,False,2,pm25,µg/m³,,raw,01:00:00,2016-11-15T09:00:00Z,2016-11-15T14:30:00+05:30,2016-11-15T10:00:00Z,2016-11-15T15:30:00+05:30,1,01:00:00,1,00:15:00,100.0,0.0,2016-11-15T09:45:00Z,2016-11-15T15:15:00+05:30,2016-11-15T10:00:00Z,2016-11-15T15:30:00+05:30
115.0,,,False,2,pm25,µg/m³,,raw,01:00:00,2016-11-15T09:15:00Z,2016-11-15T14:45:00+05:30,2016-11-15T10:15:00Z,2016-11-15T15:45:00+05:30,1,01:00:00,1,00:15:00,100.0,0.0,2016-11-15T10:00:00Z,2016-11-15T15:30:00+05:30,2016-11-15T10:15:00Z,2016-11-15T15:45:00+05:30
115.0,,,False,2,pm25,µg/m³,,raw,01:00:00,2016-11-15T09:30:00Z,2016-11-15T15:00:00+05:30,2016-11-15T10:30:00Z,2016-11-15T16:00:00+05:30,1,01:00:00,1,00:15:00,100.0,0.0,2016-11-15T10:15:00Z,2016-11-15T15:45:00+05:30,2016-11-15T10:30:00Z,2016-11-15T16:00:00+05:30
123.8,,,False,2,pm25,µg/m³,,raw,01:00:00,2016-11-15T09:45:00Z,2016-11-15T15:15:00+05:30,2016-11-15T10:45:00Z,2016-11-15T16:15:00+05:30,1,01:00:00,1,00:15:00,100.0,0.0,2016-11-15T10:30:00Z,2016-11-15T16:00:00+05:30,2016-11-15T10:45:00Z,2016-11-15T16:15:00+05:30
124.2,,,False,2,pm25,µg/m³,,raw,01:00:00,2016-11-15T10:00:00Z,2016-11-15T15:30:00+05:30,2016-11-15T11:00:00Z,2016-11-15T16:30:00+05:30,1,01:00:00,1,00:15:00,100.0,0.0,2016-11-15T10:45:00Z,2016-11-15T16:15:00+05:30,2016-11-15T11:00:00Z,2016-11-15T16:30:00+05:30
124.2,,,False,2,pm25,µg/m³,,raw,01:00:00,2016-11-15T10:15:00Z,2016-11-15T15:45:00+05:30,2016-11-15T11:15:00Z,2016-11-15T16:45:00+05:30,1,01:00:00,1,00:15:00,100.0,0.0,2016-11-15T11:00:00Z,2016-11-15T16:30:00+05:30,2016-11-15T11:15:00Z,2016-11-15T16:45:00+05:30
124.2,,,False,2,pm25,µg/m³,,raw,01:00:00,2016-11-15T10:30:00Z,2016-11-15T16:00:00+05:30,2016-11-15T11:30:00Z,2016-11-15T17:00:00+05:30,1,01:00:00,1,00:15:00,100.0,0.0,2016-11-15T11:15:00Z,2016-11-15T16:45:00+05:30,2016-11-15T11:30:00Z,2016-11-15T17:00:00+05:30
124.2,,,False,2,pm25,µg/m³,,raw,01:00:00,2016-11-15T10:45:00Z,2016-11-15T16:15:00+05:30,2016-11-15T11:45:00Z,2016-11-15T17:15:00+05:30,1,01:00:00,1,00:15:00,100.0,0.0,2016-11-15T11:30:00Z,2016-11-15T17:00:00+05:30,2016-11-15T11:45:00Z,2016-11-15T17:15:00+05:30
177.0,,,False,2,pm25,µg/m³,,raw,01:00:00,2016-11-15T11:45:00Z,2016-11-15T17:15:00+05:30,2016-11-15T12:45:00Z,2016-11-15T18:15:00+05:30,1,01:00:00,1,00:15:00,100.0,0.0,2016-11-15T12:30:00Z,2016-11-15T18:00:00+05:30,2016-11-15T12:45:00Z,2016-11-15T18:15:00+05:30
177.0,,,False,2,pm25,µg/m³,,raw,01:00:00,2016-11-15T12:00:00Z,2016-11-15T17:30:00+05:30,2016-11-15T13:00:00Z,2016-11-15T18:30:00+05:30,1,01:00:00,1,00:15:00,100.0,0.0,2016-11-15T12:45:00Z,2016-11-15T18:15:00+05:30,2016-11-15T13:00:00Z,2016-11-15T18:30:00+05:30
177.0,,,False,2,pm25,µg/m³,,raw,01:00:00,2016-11-15T12:15:00Z,2016-11-15T17:45:00+05:30,2016-11-15T13:15:00Z,2016-11-15T18:45:00+05:30,1,01:00:00,1,00:15:00,100.0,0.0,2016-11-15T13:00:00Z,2016-11-15T18:30:00+05:30,2016-11-15T13:15:00Z,2016-11-15T18:45:00+05:30
177.0,,,False,2,pm25,µg/m³,,raw,01:00:00,2016-11-15T12:30:00Z,2016-11-15T18:00:00+05:30,2016-11-15T13:30:00Z,2016-11-15T19:00:00+05:30,1,01:00:00,1,00:15:00,100.0,0.0,2016-11-15T13:15:00Z,2016-11-15T18:45:00+05:30,2016-11-15T13:30:00Z,2016-11-15T19:00:00+05:30
229.8,,,False,2,pm25,µg/m³,,raw,01:00:00,2016-11-15T12:45:00Z,2016-11-15T18:15:00+05:30,2016-11-15T13:45:00Z,2016-11-15T19:15:00+05:30,1,01:00:00,1,00:15:00,100.0,0.0,2016-11-15T13:30:00Z,2016-11-15T19:00:00+05:30,2016-11-15T13:45:00Z,2016-11-15T19:15:00+05:30
232.3,,,False,2,pm25,µg/m³,,raw,01:00:00,2016-11-15T13:00:00Z,2016-11-15T18:30:00+05:30,2016-11-15T14:00:00Z,2016-11-15T19:30:00+05:30,1,01:00:00,1,00:15:00,100.0,0.0,2016-11-15T13:45:00Z,2016-11-15T19:15:00+05:30,2016-11-15T14:00:00Z,2016-11-15T19:30:00+05:30
232.3,,,False,2,pm25,µg/m³,,raw,01:00:00,2016-11-15T13:15:00Z,2016-11-15T18:45:00+05:30,2016-11-15T14:15:00Z,2016-11-15T19:45:00+05:30,1,01:00:00,1,00:15:00,100.0,0.0,2016-11-15T14:00:00Z,2016-11-15T19:30:00+05:30,2016-11-15T14:15:00Z,2016-11-15T19:45:00+05:30
232.3,,,False,2,pm25,µg/m³,,raw,01:00:00,2016-11-15T13:30:00Z,2016-11-15T19:00:00+05:30,2016-11-15T14:30:00Z,2016-11-15T20:00:00+05:30,1,01:00:00,1,00:15:00,100.0,0.0,2016-11-15T14:15:00Z,2016-11-15T19:45:00+05:30,2016-11-15T14:30:00Z,2016-11-15T20:00:00+05:30
260.9,,,False,2,pm25,µg/m³,,raw,01:00:00,2016-11-15T13:45:00Z,2016-11-15T19:15:00+05:30,2016-11-15T14:45:00Z,2016-11-15T20:15:00+05:30,1,01:00:00,1,00:15:00,100.0,0.0,2016-11-15T14:30:00Z,2016-11-15T20:00:00+05:30,2016-11-15T14:45:00Z,2016-11-15T20:15:00+05:30
261.9,,,False,2,pm25,µg/m³,,raw,01:00:00,2016-11-15T14:00:00Z,2016-11-15T19:30:00+05:30,2016-11-15T15:00:00Z,2016-11-15T20:30:00+05:30,1,01:00:00,1,00:15:00,100.0,0.0,2016-11-15T14:45:00Z,2016-11-15T20:15:00+05:30,2016-11-15T15:00:00Z,2016-11-15T20:30:00+05:30
261.9,,,False,2,pm25,µg/m³,,raw,01:00:00,2016-11-15T14:15:00Z,2016-11-15T19:45:00+05:30,2016-11-15T15:15:00Z,2016-11-15T20:45:00+05:30,1,01:00:00,1,00:15:00,100.0,0.0,2016-11-15T15:00:00Z,2016-11-15T20:30:00+05:30,2016-11-15T15:15:00Z,2016-11-15T20:45:00+05:30
261.9,,,False,2,pm25,µg/m³,,raw,01:00:00,2016-11-15T14:30:00Z,2016-11-15T20:00:00+05:30,2016-11-15T15:30:00Z,2016-11-15T21:00:00+05:30,1,01:00:00,1,00:15:00,100.0,0.0,2016-11-15T15:15:00Z,2016-11-15T20:45:00+05:30,2016-11-15T15:30:00Z,2016-11-15T21:00:00+05:30
336.7,,,False,2,pm25,µg/m³,,raw,01:00:00,2016-11-15T14:45:00Z,2016-11-15T20:15:00+05:30,2016-11-15T15:45:00Z,2016-11-15T21:15:00+05:30,1,01:00:00,1,00:15:00,100.0,0.0,2016-11-15T15:30:00Z,2016-11-15T21:00:00+05:30,2016-11-15T15:45:00Z,2016-11-15T21:15:00+05:30
340.3,,,False,2,pm25,µg/m³,,raw,01:00:00,2016-11-15T15:00:00Z,2016-11-15T20:30:00+05:30,2016-11-15T16:00:00Z,2016-11-15T21:30:00+05:30,1,01:00:00,1,00:15:00,100.0,0.0,2016-11-15T15:45:00Z,2016-11-15T21:15:00+05:30,2016-11-15T16:00:00Z,2016-11-15T21:30:00+05:30
340.3,,,False,2,pm25,µg/m³,,raw,01:00:00,2016-11-15T15:15:00Z,2016-11-15T20:45:00+05:30,2016-11-15T16:15:00Z,2016-11-15T21:45:00+05:30,1,01:00:00,1,00:15:00,100.0,0.0,2016-11-15T16:00:00Z,2016-11-15T21:30:00+05:30,2016-11-15T16:15:00Z,2016-11-15T21:45:00+05:30
340.3,,,False,2,pm25,µg/m³,,raw,01:00:00,2016-11-15T15:30:00Z,2016-11-15T21:00:00+05:30,2016-11-15T16:30:00Z,2016-11-15T22:00:00+05:30,1,01:00:00,1,00:15:00,100.0,0.0,2016-11-15T16:15:00Z,2016-11-15T21:45:00+05:30,2016-11-15T16:30:00Z,2016-11-15T22:00:00+05:30
407.4,,,False,2,pm25,µg/m³,,raw,01:00:00,2016-11-15T15:45:00Z,2016-11-15T21:15:00+05:30,2016-11-15T16:45:00Z,2016-11-15T22:15:00+05:30,1,01:00:00,1,00:15:00,100.0,0.0,2016-11-15T16:30:00Z,2016-11-15T22:00:00+05:30,2016-11-15T16:45:00Z,2016-11-15T22:15:00+05:30
410.6,,,False,2,pm25,µg/m³,,raw,01:00:00,2016-11-15T16:00:00Z,2016-11-15T21:30:00+05:30,2016-11-15T17:00:00Z,2016-11-15T22:30:00+05:30,1,01:00:00,1,00:15:00,100.0,0.0,2016-11-15T16:45:00Z,2016-11-15T22:15:00+05:30,2016-11-15T17:00:00Z,2016-11-15T22:30:00+05:30
410.6,,,False,2,pm25,µg/m³,,raw,01:00:00,2016-11-15T16:15:00Z,2016-11-15T21:45:00+05:30,2016-11-15T17:15:00Z,2016-11-15T22:45:00+05:30,1,01:00:00,1,00:15:00,100.0,0.0,2016-11-15T17:00:00Z,2016-11-15T22:30:00+05:30,2016-11-15T17:15:00Z,2016-11-15T22:45:00+05:30
410.6,,,False,2,pm25,µg/m³,,raw,01:00:00,2016-11-15T16:30:00Z,2016-11-15T22:00:00+05:30,2016-11-15T17:30:00Z,2016-11-15T23:00:00+05:30,1,01:00:00,1,00:15:00,100.0,0.0,2016-11-15T17:15:00Z,2016-11-15T22:45:00+05:30,2016-11-15T17:30:00Z,2016-11-15T23:00:00+05:30
476.5,,,False,2,pm25,µg/m³,,raw,01:00:00,2016-11-15T16:45:00Z,2016-11-15T22:15:00+05:30,2016-11-15T17:45:00Z,2016-11-15T23:15:00+05:30,1,01:00:00,1,00:15:00,100.0,0.0,2016-11-15T17:30:00Z,2016-11-15T23:00:00+05:30,2016-11-15T17:45:00Z,2016-11-15T23:15:00+05:30
479.7,,,False,2,pm25,µg/m³,,raw,01:00:00,2016-11-15T17:00:00Z,2016-11-15T22:30:00+05:30,2016-11-15T18:00:00Z,2016-11-15T23:30:00+05:30,1,01:00:00,1,00:15:00,100.0,0.0,2016-11-15T17:45:00Z,2016-11-15T23:15:00+05:30,2016-11-15T18:00:00Z,2016-11-15T23:30:00+05:30
479.7,,,False,2,pm25,µg/m³,,raw,01:00:00,2016-11-15T17:15:00Z,2016-11-15T22:45:00+05:30,2016-11-15T18:15:00Z,2016-11-15T23:45:00+05:30,1,01:00:00,1,00:15:00,100.0,0.0,2016-11-15T18:00:00Z,2016-11-15T23:30:00+05:30,2016-11-15T18:15:00Z,2016-11-15T23:45:00+05:30
412.8,,,False,2,pm25,µg/m³,,raw,01:00:00,2016-11-15T17:30:00Z,2016-11-15T23:00:00+05:30,2016-11-15T18:30:00Z,2016-11-16T00:00:00+05:30,1,01:00:00,1,00:15:00,100.0,0.0,2016-11-15T18:15:00Z,2016-11-15T23:45:00+05:30,2016-11-15T18:30:00Z,2016-11-16T00:00:00+05:30
479.7,,,False,2,pm25,µg/m³,,raw,01:00:00,2016-11-15T17:45:00Z,2016-11-15T23:15:00+05:30,2016-11-15T18:45:00Z,2016-11-16T00:15:00+05:30,1,01:00:00,1,00:15:00,100.0,0.0,2016-11-15T18:30:00Z,2016-11-16T00:00:00+05:30,2016-11-15T18:45:00Z,2016-11-16T00:15:00+05:30
492.6,,,False,2,pm25,µg/m³,,raw,01:00:00,2016-11-15T19:45:00Z,2016-11-16T01:15:00+05:30,2016-11-15T20:45:00Z,2016-11-16T02:15:00+05:30,1,01:00:00,1,00:15:00,100.0,0.0,2016-11-15T20:30:00Z,2016-11-16T02:00:00+05:30,2016-11-15T20:45:00Z,2016-11-16T02:15:00+05:30
492.6,,,False,2,pm25,µg/m³,,raw,01:00:00,2016-11-15T20:00:00Z,2016-11-16T01:30:00+05:30,2016-11-15T21:00:00Z,2016-11-16T02:30:00+05:30,1,01:00:00,1,00:15:00,100.0,0.0,2016-11-15T20:45:00Z,2016-11-16T02:15:00+05:30,2016-11-15T21:00:00Z,2016-11-16T02:30:00+05:30
492.6,,,False,2,pm25,µg/m³,,raw,01:00:00,2016-11-15T20:15:00Z,2016-11-16T01:45:00+05:30,2016-11-15T21:15:00Z,2016-11-16T02:45:00+05:30,1,01:00:00,1,00:15:00,100.0,0.0,2016-11-15T21:00:00Z,2016-11-16T02:30:00+05:30,2016-11-15T21:15:00Z,2016-11-16T02:45:00+05:30
492.6,,,False,2,pm25,µg/m³,,raw,01:00:00,2016-11-15T20:30:00Z,2016-11-16T02:00:00+05:30,2016-11-15T21:30:00Z,2016-11-16T03:00:00+05:30,1,01:00:00,1,00:15:00,100.0,0.0,2016-11-15T21:15:00Z,2016-11-16T02:45:00+05:30,2016-11-15T21:30:00Z,2016-11-16T03:00:00+05:30
405.4,,,False,2,pm25,µg/m³,,raw,01:00:00,2016-11-15T20:45:00Z,2016-11-16T02:15:00+05:30,2016-11-15T21:45:00Z,2016-11-16T03:15:00+05:30,1,01:00:00,1,00:15:00,100.0,0.0,2016-11-15T21:30:00Z,2016-11-16T03:00:00+05:30,2016-11-15T21:45:00Z,2016-11-16T03:15:00+05:30
401.3,,,False,2,pm25,µg/m³,,raw,01:00:00,2016-11-15T21:00:00Z,2016-11-16T02:30:00+05:30,2016-11-15T22:00:00Z,2016-11-16T03:30:00+05:30,1,01:00:00,1,00:15:00,100.0,0.0,2016-11-15T21:45:00Z,2016-11-16T03:15:00+05:30,2016-11-15T22:00:00Z,2016-11-16T03:30:00+05:30
401.3,,,False,2,pm25,µg/m³,,raw,01:00:00,2016-11-15T21:15:00Z,2016-11-16T02:45:00+05:30,2016-11-15T22:15:00Z,2016-11-16T03:45:00+05:30,1,01:00:00,1,00:15:00,100.0,0.0,2016-11-15T22:00:00Z,2016-11-16T03:30:00+05:30,2016-11-15T22:15:00Z,2016-11-16T03:45:00+05:30
401.3,,,False,2,pm25,µg/m³,,raw,01:00:00,2016-11-15T21:30:00Z,2016-11-16T03:00:00+05:30,2016-11-15T22:30:00Z,2016-11-16T04:00:00+05:30,1,01:00:00,1,00:15:00,100.0,0.0,2016-11-15T22:15:00Z,2016-11-16T03:45:00+05:30,2016-11-15T22:30:00Z,2016-11-16T04:00:00+05:30
355.9,,,False,2,pm25,µg/m³,,raw,01:00:00,2016-11-15T21:45:00Z,2016-11-16T03:15:00+05:30,2016-11-15T22:45:00Z,2016-11-16T04:15:00+05:30,1,01:00:00,1,00:15:00,100.0,0.0,2016-11-15T22:30:00Z,2016-11-16T04:00:00+05:30,2016-11-15T22:45:00Z,2016-11-16T04:15:00+05:30
353.7,,,False,2,pm25,µg/m³,,raw,01:00:00,2016-11-15T22:00:00Z,2016-11-16T03:30:00+05:30,2016-11-15T23:00:00Z,2016-11-16T04:30:00+05:30,1,01:00:00,1,00:15:00,100.0,0.0,2016-11-15T22:45:00Z,2016-11-16T04:15:00+05:30,2016-11-15T23:00:00Z,2016-11-16T04:30:00+05:30
353.7,,,False,2,pm25,µg/m³,,raw,01:00:00,2016-11-15T22:15:00Z,2016-11-16T03:45:00+05:30,2016-11-15T23:15:00Z,2016-11-16T04:45:00+05:30,1,01:00:00,1,00:15:00,100.0,0.0,2016-11-15T23:00:00Z,2016-11-16T04:30:00+05:30,2016-11-15T23:15:00Z,2016-11-16T04:45:00+05:30
353.7,,,False,2,pm25,µg/m³,,raw,01:00:00,2016-11-15T22:30:00Z,2016-11-16T04:00:00+05:30,2016-11-15T23:30:00Z,2016-11-16T05:00:00+05:30,1,01:00:00,1,00:15:00,100.0,0.0,2016-11-15T23:15:00Z,2016-11-16T04:45:00+05:30,2016-11-15T23:30:00Z,2016-11-16T05:00:00+05:30
371.6,,,False,2,pm25,µg/m³,,raw,01:00:00,2016-11-15T22:45:00Z,2016-11-16T04:15:00+05:30,2016-11-15T23:45:00Z,2016-11-16T05:15:00+05:30,1,01:00:00,1,00:15:00,100.0,0.0,2016-11-15T23:30:00Z,2016-11-16T05:00:00+05:30,2016-11-15T23:45:00Z,2016-11-16T05:15:00+05:30
372.5,,,False,2,pm25,µg/m³,,raw,01:00:00,2016-11-15T23:00:00Z,2016-11-16T04:30:00+05:30,2016-11-16T00:00:00Z,2016-11-16T05:30:00+05:30,1,01:00:00,1,00:15:00,100.0,0.0,2016-11-15T23:45:00Z,2016-11-16T05:15:00+05:30,2016-11-16T00:00:00Z,2016-11-16T05:30:00+05:30
372.5,,,False,2,pm25,µg/m³,,raw,01:00:00,2016-11-15T23:15:00Z,2016-11-16T04:45:00+05:30,2016-11-16T00:15:00Z,2016-11-16T05:45:00+05:30,1,01:00:00,1,00:15:00,100.0,0.0,2016-11-16T00:00:00Z,2016-11-16T05:30:00+05:30,2016-11-16T00:15:00Z,2016-11-16T05:45:00+05:30
372.5,,,False,2,pm25,µg/m³,,raw,01:00:00,2016-11-15T23:30:00Z,2016-11-16T05:00:00+05:30,2016-11-16T00:30:00Z,2016-11-16T06:00:00+05:30,1,01:00:00,1,00:15:00,100.0,0.0,2016-11-16T00:15:00Z,2016-11-16T05:45:00+05:30,2016-11-16T00:30:00Z,2016-11-16T06:00:00+05:30
423.1,,,False,2,pm25,µg/m³,,raw,01:00:00,2016-11-15T23:45:00Z,2016-11-16T05:15:00+05:30,2016-11-16T00:45:00Z,2016-11-16T06:15:00+05:30,1,01:00:00,1,00:15:00,100.0,0.0,2016-11-16T00:30:00Z,2016-11-16T06:00:00+05:30,2016-11-16T00:45:00Z,2016-11-16T06:15:00+05:30
425.5,,,False,2,pm25,µg/m³,,raw,01:00:00,2016-11-16T00:00:00Z,2016-11-16T05:30:00+05:30,2016-11-16T01:00:00Z,2016-11-16T06:30:00+05:30,1,01:00:00,1,00:15:00,100.0,0.0,2016-11-16T00:45:00Z,2016-11-16T06:15:00+05:30,2016-11-16T01:00:00Z,2016-11-16T06:30:00+05:30
425.5,,,False,2,pm25,µg/m³,,raw,01:00:00,2016-11-16T00:15:00Z,2016-11-16T05:45:00+05:30,2016-11-16T01:15:00Z,2016-11-16T06:45:00+05:30,1,01:00:00,1,00:15:00,100.0,0.0,2016-11-16T01:00:00Z,2016-11-16T06:30:00+05:30,2016-11-16T01:15:00Z,2016-11-16T06:45:00+05:30
425.5,,,False,2,pm25,µg/m³,,raw,01:00:00,2016-11-16T00:30:00Z,2016-11-16T06:00:00+05:30,2016-11-16T01:30:00Z,2016-11-16T07:00:00+05:30,1,01:00:00,1,00:15:00,100.0,0.0,2016-11-16T01:15:00Z,2016-11-16T06:45:00+05:30,2016-11-16T01:30:00Z,2016-11-16T07:00:00+05:30
453.1,,,False,2,pm25,µg/m³,,raw,01:00:00,2016-11-16T00:45:00Z,2016-11-16T06:15:00+05:30,2016-11-16T01:45:00Z,2016-11-16T07:15:00+05:30,1,01:00:00,1,00:15:00,100.0,0.0,2016-11-16T01:30:00Z,2016-11-16T07:00:00+05:30,2016-11-16T01:45:00Z,2016-11-16T07:15:00+05:30
454.4,,,False,2,pm25,µg/m³,,raw,01:00:00,2016-11-16T01:00:00Z,2016-11-16T06:30:00+05:30,2016-11-16T02:00:00Z,2016-11-16T07:30:00+05:30,1,01:00:00,1,00:15:00,100.0,0.0,2016-11-16T01:45:00Z,2016-11-16T07:15:00+05:30,2016-11-16T02:00:00Z,2016-11-16T07:30:00+05:30
454.4,,,False,2,pm25,µg/m³,,raw,01:00:00,2016-11-16T01:15:00Z,2016-11-16T06:45:00+05:30,2016-11-16T02:15:00Z,2016-11-16T07:45:00+05:30,1,01:00:00,1,00:15:00,100.0,0.0,2016-11-16T02:00:00Z,2016-11-16T07:30:00+05:30,2016-11-16T02:15:00Z,2016-11-16T07:45:00+05:30
454.4,,,False,2,pm25,µg/m³,,raw,01:00:00,2016-11-16T01:30:00Z,2016-11-16T07:00:00+05:30,2016-11-16T02:30:00Z,2016-11-16T08:00:00+05:30,1,01:00:00,1,00:15:00,100.0,0.0,2016-11-16T02:15:00Z,2016-11-16T07:45:00+05:30,2016-11-16T02:30:00Z,2016-11-16T08:00:00+05:30
454.4,,,False,2,pm25,µg/m³,,raw,01:00:00,2016-11-16T01:45:00Z,2016-11-16T07:15:00+05:30,2016-11-16T02:45:00Z,2016-11-16T08:15:00+05:30,1,01:00:00,1,00:15:00,100.0,0.0,2016-11-16T02:30:00Z,2016-11-16T08:00:00+05:30,2016-11-16T02:45:00Z,2016-11-16T08:15:00+05:30
427.3,,,False,2,pm25,µg/m³,,raw,01:00:00,2016-11-16T02:45:00Z,2016-11-16T08:15:00+05:30,2016-11-16T03:45:00Z,2016-11-16T09:15:00+05:30,1,01:00:00,1,00:15:00,100.0,0.0,2016-11-16T03:30:00Z,2016-11-16T09:00:00+05:30,2016-11-16T03:45:00Z,2016-11-16T09:15:00+05:30
427.3,,,False,2,pm25,µg/m³,,raw,01:00:00,2016-11-16T03:00:00Z,2016-11-16T08:30:00+05:30,2016-11-16T04:00:00Z,2016-11-16T09:30:00+05:30,1,01:00:00,1,00:15:00,100.0,0.0,2016-11-16T03:45:00Z,2016-11-16T09:15:00+05:30,2016-11-16T04:00:00Z,2016-11-16T09:30:00+05:30
427.3,,,False,2,pm25,µg/m³,,raw,01:00:00,2016-11-16T03:15:00Z,2016-11-16T08:45:00+05:30,2016-11-16T04:15:00Z,2016-11-16T09:45:00+05:30,1,01:00:00,1,00:15:00,100.0,0.0,2016-11-16T04:00:00Z,2016-11-16T09:30:00+05:30,2016-11-16T04:15:00Z,2016-11-16T09:45:00+05:30
427.3,,,False,2,pm25,µg/m³,,raw,01:00:00,2016-11-16T03:30:00Z,2016-11-16T09:00:00+05:30,2016-11-16T04:30:00Z,2016-11-16T10:00:00+05:30,1,01:00:00,1,00:15:00,100.0,0.0,2016-11-16T04:15:00Z,2016-11-16T09:45:00+05:30,2016-11-16T04:30:00Z,2016-11-16T10:00:00+05:30
316.4,,,False,2,pm25,µg/m³,,raw,01:00:00,2016-11-16T03:45:00Z,2016-11-16T09:15:00+05:30,2016-11-16T04:45:00Z,2016-11-16T10:15:00+05:30,1,01:00:00,1,00:15:00,100.0,0.0,2016-11-16T04:30:00Z,2016-11-16T10:00:00+05:30,2016-11-16T04:45:00Z,2016-11-16T10:15:00+05:30
311.1,,,False,2,pm25,µg/m³,,raw,01:00:00,2016-11-16T04:00:00Z,2016-11-16T09:30:00+05:30,2016-11-16T05:00:00Z,2016-11-16T10:30:00+05:30,1,01:00:00,1,00:15:00,100.0,0.0,2016-11-16T04:45:00Z,2016-11-16T10:15:00+05:30,2016-11-16T05:00:00Z,2016-11-16T10:30:00+05:30
311.1,,,False,2,pm25,µg/m³,,raw,01:00:00,2016-11-16T04:15:00Z,2016-11-16T09:45:00+05:30,2016-11-16T05:15:00Z,2016-11-16T10:45:00+05:30,1,01:00:00,1,00:15:00,100.0,0.0,2016-11-16T05:00:00Z,2016-11-16T10:30:00+05:30,2016-11-16T05:15:00Z,2016-11-16T10:45:00+05:30
311.1,,,False,2,pm25,µg/m³,,raw,01:00:00,2016-11-16T04:30:00Z,2016-11-16T10:00:00+05:30,2016-11-16T05:30:00Z,2016-11-16T11:00:00+05:30,1,01:00:00,1,00:15:00,100.0,0.0,2016-11-16T05:15:00Z,2016-11-16T10:45:00+05:30,2016-11-16T05:30:00Z,2016-11-16T11:00:00+05:30
310.4,,,False,2,pm25,µg/m³,,raw,01:00:00,2016-11-16T04:45:00Z,2016-11-16T10:15:00+05:30,2016-11-16T05:45:00Z,2016-11-16T11:15:00+05:30,1,01:00:00,1,00:15:00,100.0,0.0,2016-11-16T05:30:00Z,2016-11-16T11:00:00+05:30,2016-11-16T05:45:00Z,2016-11-16T11:15:00+05:30
310.3,,,False,2,pm25,µg/m³,,raw,01:00:00,2016-11-16T05:00:00Z,2016-11-16T10:30:00+05:30,2016-11-16T06:00:00Z,2016-11-16T11:30:00+05:30,1,01:00:00,1,00:15:00,100.0,0.0,2016-11-16T05:45:00Z,2016-11-16T11:15:00+05:30,2016-11-16T06:00:00Z,2016-11-16T11:30:00+05:30
310.3,,,False,2,pm25,µg/m³,,raw,01:00:00,2016-11-16T05:15:00Z,2016-11-16T10:45:00+05:30,2016-11-16T06:15:00Z,2016-11-16T11:45:00+05:30,1,01:00:00,1,00:15:00,100.0,0.0,2016-11-16T06:00:00Z,2016-11-16T11:30:00+05:30,2016-11-16T06:15:00Z,2016-11-16T11:45:00+05:30
310.3,,,False,2,pm25,µg/m³,,raw,01:00:00,2016-11-16T05:30:00Z,2016-11-16T11:00:00+05:30,2016-11-16T06:30:00Z,2016-11-16T12:00:00+05:30,1,01:00:00,1,00:15:00,100.0,0.0,2016-11-16T06:15:00Z,2016-11-16T11:45:00+05:30,2016-11-16T06:30:00Z,2016-11-16T12:00:00+05:30
266.7,,,False,2,pm25,µg/m³,,raw,01:00:00,2016-11-16T05:45:00Z,2016-11-16T11:15:00+05:30,2016-11-16T06:45:00Z,2016-11-16T12:15:00+05:30,1,01:00:00,1,00:15:00,100.0,0.0,2016-11-16T06:30:00Z,2016-11-16T12:00:00+05:30,2016-11-16T06:45:00Z,2016-11-16T12:15:00+05:30
264.6,,,False,2,pm25,µg/m³,,raw,01:00:00,2016-11-16T06:00:00Z,2016-11-16T11:30:00+05:30,2016-11-16T07:00:00Z,2016-11-16T12:30:00+05:30,1,01:00:00,1,00:15:00,100.0,0.0,2016-11-16T06:45:00Z,2016-11-16T12:15:00+05:30,2016-11-16T07:00:00Z,2016-11-16T12:30:00+05:30
264.6,,,False,2,pm25,µg/m³,,raw,01:00:00,2016-11-16T06:15:00Z,2016-11-16T11:45:00+05:30,2016-11-16T07:15:00Z,2016-11-16T12:45:00+05:30,1,01:00:00,1,00:15:00,100.0,0.0,2016-11-16T07:00:00Z,2016-11-16T12:30:00+05:30,2016-11-16T07:15:00Z,2016-11-16T12:45:00+05:30
264.6,,,False,2,pm25,µg/m³,,raw,01:00:00,2016-11-16T06:30:00Z,2016-11-16T12:00:00+05:30,2016-11-16T07:30:00Z,2016-11-16T13:00:00+05:30,1,01:00:00,1,00:15:00,100.0,0.0,2016-11-16T07:15:00Z,2016-11-16T12:45:00+05:30,2016-11-16T07:30:00Z,2016-11-16T13:00:00+05:30
264.6,,,False,2,pm25,µg/m³,,raw,01:00:00,2016-11-16T06:45:00Z,2016-11-16T12:15:00+05:30,2016-11-16T07:45:00Z,2016-11-16T13:15:00+05:30,1,01:00:00,1,00:15:00,100.0,0.0,2016-11-16T07:30:00Z,2016-11-16T13:00:00+05:30,2016-11-16T07:45:00Z,2016-11-16T13:15:00+05:30
98.5,,,False,2,pm25,µg/m³,,raw,01:00:00,2016-11-16T08:45:00Z,2016-11-16T14:15:00+05:30,2016-11-16T09:45:00Z,2016-11-16T15:15:00+05:30,1,01:00:00,1,00:15:00,100.0,0.0,2016-11-16T09:30:00Z,2016-11-16T15:00:00+05:30,2016-11-16T09:45:00Z,2016-11-16T15:15:00+05:30
98.5,,,False,2,pm25,µg/m³,,raw,01:00:00,2016-11-16T09:00:00Z,2016-11-16T14:30:00+05:30,2016-11-16T10:00:00Z,2016-11-16T15:30:00+05:30,1,01:00:00,1,00:15:00,100.0,0.0,2016-11-16T09:45:00Z,2016-11-16T15:15:00+05:30,2016-11-16T10:00:00Z,2016-11-16T15:30:00+05:30
98.5,,,False,2,pm25,µg/m³,,raw,01:00:00,2016-11-16T09:15:00Z,2016-11-16T14:45:00+05:30,2016-11-16T10:15:00Z,2016-11-16T15:45:00+05:30,1,01:00:00,1,00:15:00,100.0,0.0,2016-11-16T10:00:00Z,2016-11-16T15:30:00+05:30,2016-11-16T10:15:00Z,2016-11-16T15:45:00+05:30
98.5,,,False,2,pm25,µg/m³,,raw,01:00:00,2016-11-16T09:30:00Z,2016-11-16T15:00:00+05:30,2016-11-16T10:30:00Z,2016-11-16T16:00:00+05:30,1,01:00:00,1,00:15:00,100.0,0.0,2016-11-16T10:15:00Z,2016-11-16T15:45:00+05:30,2016-11-16T10:30:00Z,2016-11-16T16:00:00+05:30
95.2,,,False,2,pm25,µg/m³,,raw,01:00:00,2016-11-16T09:45:00Z,2016-11-16T15:15:00+05:30,2016-11-16T10:45:00Z,2016-11-16T16:15:00+05:30,1,01:00:00,1,00:15:00,100.0,0.0,2016-11-16T10:30:00Z,2016-11-16T16:00:00+05:30,2016-11-16T10:45:00Z,2016-11-16T16:15:00+05:30
95.0,,,False,2,pm25,µg/m³,,raw,01:00:00,2016-11-16T10:00:00Z,2016-11-16T15:30:00+05:30,2016-11-16T11:00:00Z,2016-11-16T16:30:00+05:30,1,01:00:00,1,00:15:00,100.0,0.0,2016-11-16T10:45:00Z,2016-11-16T16:15:00+05:30,2016-11-16T11:00:00Z,2016-11-16T16:30:00+05:30
95.0,,,False,2,pm25,µg/m³,,raw,01:00:00,2016-11-16T10:15:00Z,2016-11-16T15:45:00+05:30,2016-11-16T11:15:00Z,2016-11-16T16:45:00+05:30,1,01:00:00,1,00:15:00,100.0,0.0,2016-11-16T11:00:00Z,2016-11-16T16:30:00+05:30,2016-11-16T11:15:00Z,2016-11-16T16:45:00+05:30
95.0,,,False,2,pm25,µg/m³,,raw,01:00:00,2016-11-16T10:30:00Z,2016-11-16T16:00:00+05:30,2016-11-16T11:30:00Z,2016-11-16T17:00:00+05:30,1,01:00:00,1,00:15:00,100.0,0.0,2016-11-16T11:15:00Z,2016-11-16T16:45:00+05:30,2016-11-16T11:30:00Z,2016-11-16T17:00:00+05:30
95.0,,,False,2,pm25,µg/m³,,raw,01:00:00,2016-11-16T10:45:00Z,2016-11-16T16:15:00+05:30,2016-11-16T11:45:00Z,2016-11-16T17:15:00+05:30,1,01:00:00,1,00:15:00,100.0,0.0,2016-11-16T11:30:00Z,2016-11-16T17:00:00+05:30,2016-11-16T11:45:00Z,2016-11-16T17:15:00+05:30
439.8,,,False,2,pm25,µg/m³,,raw,01:00:00,2016-11-16T13:45:00Z,2016-11-16T19:15:00+05:30,2016-11-16T14:45:00Z,2016-11-16T20:15:00+05:30,1,01:00:00,1,00:15:00,100.0,0.0,2016-11-16T14:30:00Z,2016-11-16T20:00:00+05:30,2016-11-16T14:45:00Z,2016-11-16T20:15:00+05:30
439.8,,,False,2,pm25,µg/m³,,raw,01:00:00,2016-11-16T14:00:00Z,2016-11-16T19:30:00+05:30,2016-11-16T15:00:00Z,2016-11-16T20:30:00+05:30,1,01:00:00,1,00:15:00,100.0,0.0,2016-11-16T14:45:00Z,2016-11-16T20:15:00+05:30,2016-11-16T15:00:00Z,2016-11-16T20:30:00+05:30
439.8,,,False,2,pm25,µg/m³,,raw,01:00:00,2016-11-16T14:15:00Z,2016-11-16T19:45:00+05:30,2016-11-16T15:15:00Z,2016-11-16T20:45:00+05:30,1,01:00:00,1,00:15:00,100.0,0.0,2016-11-16T15:00:00Z,2016-11-16T20:30:00+05:30,2016-11-16T15:15:00Z,2016-11-16T20:45:00+05:30
439.8,,,False,2,pm25,µg/m³,,raw,01:00:00,2016-11-16T14:30:00Z,2016-11-16T20:00:00+05:30,2016-11-16T15:30:00Z,2016-11-16T21:00:00+05:30,1,01:00:00,1,00:15:00,100.0,0.0,2016-11-16T15:15:00Z,2016-11-16T20:45:00+05:30,2016-11-16T15:30:00Z,2016-11-16T21:00:00+05:30
364.2,,,False,2,pm25,µg/m³,,raw,01:00:00,2016-11-16T14:45:00Z,2016-11-16T20:15:00+05:30,2016-11-16T15:45:00Z,2016-11-16T21:15:00+05:30,1,01:00:00,1,00:15:00,100.0,0.0,2016-11-16T15:30:00Z,2016-11-16T21:00:00+05:30,2016-11-16T15:45:00Z,2016-11-16T21:15:00+05:30
360.6,,,False,2,pm25,µg/m³,,raw,01:00:00,2016-11-16T15:00:00Z,2016-11-16T20:30:00+05:30,2016-11-16T16:00:00Z,2016-11-16T21:30:00+05:30,1,01:00:00,1,00:15:00,100.0,0.0,2016-11-16T15:45:00Z,2016-11-16T21:15:00+05:30,2016-11-16T16:00:00Z,2016-11-16T21:30:00+05:30
360.6,,,False,2,pm25,µg/m³,,raw,01:00:00,2016-11-16T15:15:00Z,2016-11-16T20:45:00+05:30,2016-11-16T16:15:00Z,2016-11-16T21:45:00+05:30,1,01:00:00,1,00:15:00,100.0,0.0,2016-11-16T16:00:00Z,2016-11-16T21:30:00+05:30,2016-11-16T16:15:00Z,2016-11-16T21:45:00+05:30
360.6,,,False,2,pm25,µg/m³,,raw,01:00:00,2016-11-16T15:30:00Z,2016-11-16T21:00:00+05:30,2016-11-16T16:30:00Z,2016-11-16T22:00:00+05:30,1,01:00:00,1,00:15:00,100.0,0.0,2016-11-16T16:15:00Z,2016-11-16T21:45:00+05:30,2016-11-16T16:30:00Z,2016-11-16T22:00:00+05:30
411.8,,,False,2,pm25,µg/m³,,raw,01:00:00,2016-11-16T15:45:00Z,2016-11-16T21:15:00+05:30,2016-11-16T16:45:00Z,2016-11-16T22:15:00+05:30,1,01:00:00,1,00:15:00,100.0,0.0,2016-11-16T16:30:00Z,2016-11-16T22:00:00+05:30,2016-11-16T16:45:00Z,2016-11-16T22:15:00+05:30
414.3,,,False,2,pm25,µg/m³,,raw,01:00:00,2016-11-16T16:00:00Z,2016-11-16T21:30:00+05:30,2016-11-16T17:00:00Z,2016-11-16T22:30:00+05:30,1,01:00:00,1,00:15:00,100.0,0.0,2016-11-16T16:45:00Z,2016-11-16T22:15:00+05:30,2016-11-16T17:00:00Z,2016-11-16T22:30:00+05:30
414.3,,,False,2,pm25,µg/m³,,raw,01:00:00,2016-11-16T16:15:00Z,2016-11-16T21:45:00+05:30,2016-11-16T17:15:00Z,2016-11-16T22:45:00+05:30,1,01:00:00,1,00:15:00,100.0,0.0,2016-11-16T17:00:00Z,2016-11-16T22:30:00+05:30,2016-11-16T17:15:00Z,2016-11-16T22:45:00+05:30
414.3,,,False,2,pm25,µg/m³,,raw,01:00:00,2016-11-16T16:30:00Z,2016-11-16T22:00:00+05:30,2016-11-16T17:30:00Z,2016-11-16T23:00:00+05:30,1,01:00:00,1,00:15:00,100.0,0.0,2016-11-16T17:15:00Z,2016-11-16T22:45:00+05:30,2016-11-16T17:30:00Z,2016-11-16T23:00:00+05:30
412.9,,,False,2,pm25,µg/m³,,raw,01:00:00,2016-11-16T16:45:00Z,2016-11-16T22:15:00+05:30,2016-11-16T17:45:00Z,2016-11-16T23:15:00+05:30,1,01:00:00,1,00:15:00,100.0,0.0,2016-11-16T17:30:00Z,2016-11-16T23:00:00+05:30,2016-11-16T17:45:00Z,2016-11-16T23:15:00+05:30
412.8,,,False,2,pm25,µg/m³,,raw,01:00:00,2016-11-16T17:00:00Z,2016-11-16T22:30:00+05:30,2016-11-16T18:00:00Z,2016-11-16T23:30:00+05:30,1,01:00:00,1,00:15:00,100.0,0.0,2016-11-16T17:45:00Z,2016-11-16T23:15:00+05:30,2016-11-16T18:00:00Z,2016-11-16T23:30:00+05:30
412.8,,,False,2,pm25,µg/m³,,raw,01:00:00,2016-11-16T17:15:00Z,2016-11-16T22:45:00+05:30,2016-11-16T18:15:00Z,2016-11-16T23:45:00+05:30,1,01:00:00,1,00:15:00,100.0,0.0,2016-11-16T18:00:00Z,2016-11-16T23:30:00+05:30,2016-11-16T18:15:00Z,2016-11-16T23:45:00+05:30
412.8,,,False,2,pm25,µg/m³,,raw,01:00:00,2016-11-16T17:45:00Z,2016-11-16T23:15:00+05:30,2016-11-16T18:45:00Z,2016-11-17T00:15:00+05:30,1,01:00:00,1,00:15:00,100.0,0.0,2016-11-16T18:30:00Z,2016-11-17T00:00:00+05:30,2016-11-16T18:45:00Z,2016-11-17T00:15:00+05:30
499.0,,,False,2,pm25,µg/m³,,raw,01:00:00,2016-11-16T21:45:00Z,2016-11-17T03:15:00+05:30,2016-11-16T22:45:00Z,2016-11-17T04:15:00+05:30,1,01:00:00,1,00:15:00,100.0,0.0,2016-11-16T22:30:00Z,2016-11-17T04:00:00+05:30,2016-11-16T22:45:00Z,2016-11-17T04:15:00+05:30
499.0,,,False,2,pm25,µg/m³,,raw,01:00:00,2016-11-16T22:00:00Z,2016-11-17T03:30:00+05:30,2016-11-16T23:00:00Z,2016-11-17T04:30:00+05:30,1,01:00:00,1,00:15:00,100.0,0.0,2016-11-16T22:45:00Z,2016-11-17T04:15:00+05:30,2016-11-16T23:00:00Z,2016-11-17T04:30:00+05:30
499.0,,,False,2,pm25,µg/m³,,raw,01:00:00,2016-11-16T22:15:00Z,2016-11-17T03:45:00+05:30,2016-11-16T23:15:00Z,2016-11-17T04:45:00+05:30,1,01:00:00,1,00:15:00,100.0,0.0,2016-11-16T23:00:00Z,2016-11-17T04:30:00+05:30,2016-11-16T23:15:00Z,2016-11-17T04:45:00+05:30
499.0,,,False,2,pm25,µg/m³,,raw,01:00:00,2016-11-16T22:30:00Z,2016-11-17T04:00:00+05:30,2016-11-16T23:30:00Z,2016-11-17T05:00:00+05:30,1,01:00:00,1,00:15:00,100.0,0.0,2016-11-16T23:15:00Z,2016-11-17T04:45:00+05:30,2016-11-16T23:30:00Z,2016-11-17T05:00:00+05:30
400.9,,,False,2,pm25,µg/m³,,raw,01:00:00,2016-11-16T22:45:00Z,2016-11-17T04:15:00+05:30,2016-11-16T23:45:00Z,2016-11-17T05:15:00+05:30,1,01:00:00,1,00:15:00,100.0,0.0,2016-11-16T23:30:00Z,2016-11-17T05:00:00+05:30,2016-11-16T23:45:00Z,2016-11-17T05:15:00+05:30
396.2,,,False,2,pm25,µg/m³,,raw,01:00:00,2016-11-16T23:15:00Z,2016-11-17T04:45:00+05:30,2016-11-17T00:15:00Z,2016-11-17T05:45:00+05:30,1,01:00:00,1,00:15:00,100.0,0.0,2016-11-17T00:00:00Z,2016-11-17T05:30:00+05:30,2016-11-17T00:15:00Z,2016-11-17T05:45:00+05:30
396.2,,,False,2,pm25,µg/m³,,raw,01:00:00,2016-11-16T23:30:00Z,2016-11-17T05:00:00+05:30,2016-11-17T00:30:00Z,2016-11-17T06:00:00+05:30,1,01:00:00,1,00:15:00,100.0,0.0,2016-11-17T00:15:00Z,2016-11-17T05:45:00+05:30,2016-11-17T00:30:00Z,2016-11-17T06:00:00+05:30
396.2,,,False,2,pm25,µg/m³,,raw,01:00:00,2016-11-16T23:45:00Z,2016-11-17T05:15:00+05:30,2016-11-17T00:45:00Z,2016-11-17T06:15:00+05:30,1,01:00:00,1,00:15:00,100.0,0.0,2016-11-17T00:30:00Z,2016-11-17T06:00:00+05:30,2016-11-17T00:45:00Z,2016-11-17T06:15:00+05:30
110.8,,,False,2,pm25,µg/m³,,raw,01:00:00,2016-11-17T07:45:00Z,2016-11-17T13:15:00+05:30,2016-11-17T08:45:00Z,2016-11-17T14:15:00+05:30,1,01:00:00,1,00:15:00,100.0,0.0,2016-11-17T08:30:00Z,2016-11-17T14:00:00+05:30,2016-11-17T08:45:00Z,2016-11-17T14:15:00+05:30
110.8,,,False,2,pm25,µg/m³,,raw,01:00:00,2016-11-17T08:00:00Z,2016-11-17T13:30:00+05:30,2016-11-17T09:00:00Z,2016-11-17T14:30:00+05:30,1,01:00:00,1,00:15:00,100.0,0.0,2016-11-17T08:45:00Z,2016-11-17T14:15:00+05:30,2016-11-17T09:00:00Z,2016-11-17T14:30:00+05:30
110.8,,,False,2,pm25,µg/m³,,raw,01:00:00,2016-11-17T08:15:00Z,2016-11-17T13:45:00+05:30,2016-11-17T09:15:00Z,2016-11-17T14:45:00+05:30,1,01:00:00,1,00:15:00,100.0,0.0,2016-11-17T09:00:00Z,2016-11-17T14:30:00+05:30,2016-11-17T09:15:00Z,2016-11-17T14:45:00+05:30
110.8,,,False,2,pm25,µg/m³,,raw,01:00:00,2016-11-17T08:30:00Z,2016-11-17T14:00:00+05:30,2016-11-17T09:30:00Z,2016-11-17T15:00:00+05:30,1,01:00:00,1,00:15:00,100.0,0.0,2016-11-17T09:15:00Z,2016-11-17T14:45:00+05:30,2016-11-17T09:30:00Z,2016-11-17T15:00:00+05:30
110.8,,,False,2,pm25,µg/m³,,raw,01:00:00,2016-11-17T08:45:00Z,2016-11-17T14:15:00+05:30,2016-11-17T09:45:00Z,2016-11-17T15:15:00+05:30,1,01:00:00,1,00:15:00,100.0,0.0,2016-11-17T09:30:00Z,2016-11-17T15:00:00+05:30,2016-11-17T09:45:00Z,2016-11-17T15:15:00+05:30
267.0,,,False,2,pm25,µg/m³,,raw,01:00:00,2016-11-17T13:45:00Z,2016-11-17T19:15:00+05:30,2016-11-17T14:45:00Z,2016-11-17T20:15:00+05:30,1,01:00:00,1,00:15:00,100.0,0.0,2016-11-17T14:30:00Z,2016-11-17T20:00:00+05:30,2016-11-17T14:45:00Z,2016-11-17T20:15:00+05:30
267.0,,,False,2,pm25,µg/m³,,raw,01:00:00,2016-11-17T14:00:00Z,2016-11-17T19:30:00+05:30,2016-11-17T15:00:00Z,2016-11-17T20:30:00+05:30,1,01:00:00,1,00:15:00,100.0,0.0,2016-11-17T14:45:00Z,2016-11-17T20:15:00+05:30,2016-11-17T15:00:00Z,2016-11-17T20:30:00+05:30
267.0,,,False,2,pm25,µg/m³,,raw,01:00:00,2016-11-17T14:15:00Z,2016-11-17T19:45:00+05:30,2016-11-17T15:15:00Z,2016-11-17T20:45:00+05:30,1,01:00:00,1,00:15:00,100.0,0.0,2016-11-17T15:00:00Z,2016-11-17T20:30:00+05:30,2016-11-17T15:15:00Z,2016-11-17T20:45:00+05:30
267.0,,,False,2,pm25,µg/m³,,raw,01:00:00,2016-11-17T14:30:00Z,2016-11-17T20:00:00+05:30,2016-11-17T15:30:00Z,2016-11-17T21:00:00+05:30,1,01:00:00,1,00:15:00,100.0,0.0,2016-11-17T15:15:00Z,2016-11-17T20:45:00+05:30,2016-11-17T15:30:00Z,2016-11-17T21:00:00+05:30
312.1,,,False,2,pm25,µg/m³,,raw,01:00:00,2016-11-17T14:45:00Z,2016-11-17T20:15:00+05:30,2016-11-17T15:45:00Z,2016-11-17T21:15:00+05:30,1,01:00:00,1,00:15:00,100.0,0.0,2016-11-17T15:30:00Z,2016-11-17T21:00:00+05:30,2016-11-17T15:45:00Z,2016-11-17T21:15:00+05:30
314.3,,,False,2,pm25,µg/m³,,raw,01:00:00,2016-11-17T15:00:00Z,2016-11-17T20:30:00+05:30,2016-11-17T16:00:00Z,2016-11-17T21:30:00+05:30,1,01:00:00,1,00:15:00,100.0,0.0,2016-11-17T15:45:00Z,2016-11-17T21:15:00+05:30,2016-11-17T16:00:00Z,2016-11-17T21:30:00+05:30
314.3,,,False,2,pm25,µg/m³,,raw,01:00:00,2016-11-17T15:15:00Z,2016-11-17T20:45:00+05:30,2016-11-17T16:15:00Z,2016-11-17T21:45:00+05:30,1,01:00:00,1,00:15:00,100.0,0.0,2016-11-17T16:00:00Z,2016-11-17T21:30:00+05:30,2016-11-17T16:15:00Z,2016-11-17T21:45:00+05:30
314.3,,,False,2,pm25,µg/m³,,raw,01:00:00,2016-11-17T15:30:00Z,2016-11-17T21:00:00+05:30,2016-11-17T16:30:00Z,2016-11-17T22:00:00+05:30,1,01:00:00,1,00:15:00,100.0,0.0,2016-11-17T16:15:00Z,2016-11-17T21:45:00+05:30,2016-11-17T16:30:00Z,2016-11-17T22:00:00+05:30
370.2,,,False,2,pm25,µg/m³,,raw,01:00:00,2016-11-17T15:45:00Z,2016-11-17T21:15:00+05:30,2016-11-17T16:45:00Z,2016-11-17T22:15:00+05:30,1,01:00:00,1,00:15:00,100.0,0.0,2016-11-17T16:30:00Z,2016-11-17T22:00:00+05:30,2016-11-17T16:45:00Z,2016-11-17T22:15:00+05:30
372.9,,,False,2,pm25,µg/m³,,raw,01:00:00,2016-11-17T16:00:00Z,2016-11-17T21:30:00+05:30,2016-11-17T17:00:00Z,2016-11-17T22:30:00+05:30,1,01:00:00,1,00:15:00,100.0,0.0,2016-11-17T16:45:00Z,2016-11-17T22:15:00+05:30,2016-11-17T17:00:00Z,2016-11-17T22:30:00+05:30
372.9,,,False,2,pm25,µg/m³,,raw,01:00:00,2016-11-17T16:15:00Z,2016-11-17T21:45:00+05:30,2016-11-17T17:15:00Z,2016-11-17T22:45:00+05:30,1,01:00:00,1,00:15:00,100.0,0.0,2016-11-17T17:00:00Z,2016-11-17T22:30:00+05:30,2016-11-17T17:15:00Z,2016-11-17T22:45:00+05:30
372.9,,,False,2,pm25,µg/m³,,raw,01:00:00,2016-11-17T16:30:00Z,2016-11-17T22:00:00+05:30,2016-11-17T17:30:00Z,2016-11-17T23:00:00+05:30,1,01:00:00,1,00:15:00,100.0,0.0,2016-11-17T17:15:00Z,2016-11-17T22:45:00+05:30,2016-11-17T17:30:00Z,2016-11-17T23:00:00+05:30
372.9,,,False,2,pm25,µg/m³,,raw,01:00:00,2016-11-17T16:45:00Z,2016-11-17T22:15:00+05:30,2016-11-17T17:45:00Z,2016-11-17T23:15:00+05:30,1,01:00:00,1,00:15:00,100.0,0.0,2016-11-17T17:30:00Z,2016-11-17T23:00:00+05:30,2016-11-17T17:45:00Z,2016-11-17T23:15:00+05:30
273.5,,,False,2,pm25,µg/m³,,raw,01:00:00,2016-11-17T17:45:00Z,2016-11-17T23:15:00+05:30,2016-11-17T18:45:00Z,2016-11-18T00:15:00+05:30,1,01:00:00,1,00:15:00,100.0,0.0,2016-11-17T18:30:00Z,2016-11-18T00:00:00+05:30,2016-11-17T18:45:00Z,2016-11-18T00:15:00+05:30
273.5,,,False,2,pm25,µg/m³,,raw,01:00:00,2016-11-17T18:00:00Z,2016-11-17T23:30:00+05:30,2016-11-17T19:00:00Z,2016-11-18T00:30:00+05:30,1,01:00:00,1,00:15:00,100.0,0.0,2016-11-17T18:45:00Z,2016-11-18T00:15:00+05:30,2016-11-17T19:00:00Z,2016-11-18T00:30:00+05:30
273.5,,,False,2,pm25,µg/m³,,raw,01:00:00,2016-11-17T18:15:00Z,2016-11-17T23:45:00+05:30,2016-11-17T19:15:00Z,2016-11-18T00:45:00+05:30,1,01:00:00,1,00:15:00,100.0,0.0,2016-11-17T19:00:00Z,2016-11-18T00:30:00+05:30,2016-11-17T19:15:00Z,2016-11-18T00:45:00+05:30
273.5,,,False,2,pm25,µg/m³,,raw,01:00:00,2016-11-17T18:30:00Z,2016-11-18T00:00:00+05:30,2016-11-17T19:30:00Z,2016-11-18T01:00:00+05:30,1,01:00:00,1,00:15:00,100.0,0.0,2016-11-17T19:15:00Z,2016-11-18T00:45:00+05:30,2016-11-17T19:30:00Z,2016-11-18T01:00:00+05:30
273.5,,,False,2,pm25,µg/m³,,raw,01:00:00,2016-11-17T18:45:00Z,2016-11-18T00:15:00+05:30,2016-11-17T19:45:00Z,2016-11-18T01:15:00+05:30,1,01:00:00,1,00:15:00,100.0,0.0,2016-11-17T19:30:00Z,2016-11-18T01:00:00+05:30,2016-11-17T19:45:00Z,2016-11-18T01:15:00+05:30
310.0,,,False,2,pm25,µg/m³,,raw,01:00:00,2016-11-17T22:45:00Z,2016-11-18T04:15:00+05:30,2016-11-17T23:45:00Z,2016-11-18T05:15:00+05:30,1,01:00:00,1,00:15:00,100.0,0.0,2016-11-17T23:30:00Z,2016-11-18T05:00:00+05:30,2016-11-17T23:45:00Z,2016-11-18T05:15:00+05:30
310.0,,,False,2,pm25,µg/m³,,raw,01:00:00,2016-11-17T23:15:00Z,2016-11-18T04:45:00+05:30,2016-11-18T00:15:00Z,2016-11-18T05:45:00+05:30,1,01:00:00,1,00:15:00,100.0,0.0,2016-11-18T00:00:00Z,2016-11-18T05:30:00+05:30,2016-11-18T00:15:00Z,2016-11-18T05:45:00+05:30
310.0,,,False,2,pm25,µg/m³,,raw,01:00:00,2016-11-17T23:30:00Z,2016-11-18T05:00:00+05:30,2016-11-18T00:30:00Z,2016-11-18T06:00:00+05:30,1,01:00:00,1,00:15:00,100.0,0.0,2016-11-18T00:15:00Z,2016-11-18T05:45:00+05:30,2016-11-18T00:30:00Z,2016-11-18T06:00:00+05:30
315.0,,,False,2,pm25,µg/m³,,raw,01:00:00,2016-11-17T23:45:00Z,2016-11-18T05:15:00+05:30,2016-11-18T00:45:00Z,2016-11-18T06:15:00+05:30,1,01:00:00,1,00:15:00,100.0,0.0,2016-11-18T00:30:00Z,2016-11-18T06:00:00+05:30,2016-11-18T00:45:00Z,2016-11-18T06:15:00+05:30
315.2,,,False,2,pm25,µg/m³,,raw,01:00:00,2016-11-18T00:00:00Z,2016-11-18T05:30:00+05:30,2016-11-18T01:00:00Z,2016-11-18T06:30:00+05:30,1,01:00:00,1,00:15:00,100.0,0.0,2016-11-18T00:45:00Z,2016-11-18T06:15:00+05:30,2016-11-18T01:00:00Z,2016-11-18T06:30:00+05:30
315.2,,,False,2,pm25,µg/m³,,raw,01:00:00,2016-11-18T00:15:00Z,2016-11-18T05:45:00+05:30,2016-11-18T01:15:00Z,2016-11-18T06:45:00+05:30,1,01:00:00,1,00:15:00,100.0,0.0,2016-11-18T01:00:00Z,2016-11-18T06:30:00+05:30,2016-11-18T01:15:00Z,2016-11-18T06:45:00+05:30
315.2,,,False,2,pm25,µg/m³,,raw,01:00:00,2016-11-18T00:30:00Z,2016-11-18T06:00:00+05:30,2016-11-18T01:30:00Z,2016-11-18T07:00:00+05:30,1,01:00:00,1,00:15:00,100.0,0.0,2016-11-18T01:15:00Z,2016-11-18T06:45:00+05:30,2016-11-18T01:30:00Z,2016-11-18T07:00:00+05:30
309.2,,,False,2,pm25,µg/m³,,raw,01:00:00,2016-11-18T00:45:00Z,2016-11-18T06:15:00+05:30,2016-11-18T01:45:00Z,2016-11-18T07:15:00+05:30,1,01:00:00,1,00:15:00,100.0,0.0,2016-11-18T01:30:00Z,2016-11-18T07:00:00+05:30,2016-11-18T01:45:00Z,2016-11-18T07:15:00+05:30
308.9,,,False,2,pm25,µg/m³,,raw,01:00:00,2016-11-18T01:00:00Z,2016-11-18T06:30:00+05:30,2016-11-18T02:00:00Z,2016-11-18T07:30:00+05:30,1,01:00:00,1,00:15:00,100.0,0.0,2016-11-18T01:45:00Z,2016-11-18T07:15:00+05:30,2016-11-18T02:00:00Z,2016-11-18T07:30:00+05:30
308.9,,,False,2,pm25,µg/m³,,raw,01:00:00,2016-11-18T01:15:00Z,2016-11-18T06:45:00+05:30,2016-11-18T02:15:00Z,2016-11-18T07:45:00+05:30,1,01:00:00,1,00:15:00,100.0,0.0,2016-11-18T02:00:00Z,2016-11-18T07:30:00+05:30,2016-11-18T02:15:00Z,2016-11-18T07:45:00+05:30
308.9,,,False,2,pm25,µg/m³,,raw,01:00:00,2016-11-18T01:30:00Z,2016-11-18T07:00:00+05:30,2016-11-18T02:30:00Z,2016-11-18T08:00:00+05:30,1,01:00:00,1,00:15:00,100.0,0.0,2016-11-18T02:15:00Z,2016-11-18T07:45:00+05:30,2016-11-18T02:30:00Z,2016-11-18T08:00:00+05:30
308.9,,,False,2,pm25,µg/m³,,raw,01:00:00,2016-11-18T01:45:00Z,2016-11-18T07:15:00+05:30,2016-11-18T02:45:00Z,2016-11-18T08:15:00+05:30,1,01:00:00,1,00:15:00,100.0,0.0,2016-11-18T02:30:00Z,2016-11-18T08:00:00+05:30,2016-11-18T02:45:00Z,2016-11-18T08:15:00+05:30
267.2,,,False,2,pm25,µg/m³,,raw,01:00:00,2016-11-18T03:45:00Z,2016-11-18T09:15:00+05:30,2016-11-18T04:45:00Z,2016-11-18T10:15:00+05:30,1,01:00:00,1,00:15:00,100.0,0.0,2016-11-18T04:30:00Z,2016-11-18T10:00:00+05:30,2016-11-18T04:45:00Z,2016-11-18T10:15:00+05:30
267.2,,,False,2,pm25,µg/m³,,raw,01:00:00,2016-11-18T04:00:00Z,2016-11-18T09:30:00+05:30,2016-11-18T05:00:00Z,2016-11-18T10:30:00+05:30,1,01:00:00,1,00:15:00,100.0,0.0,2016-11-18T04:45:00Z,2016-11-18T10:15:00+05:30,2016-11-18T05:00:00Z,2016-11-18T10:30:00+05:30
267.2,,,False,2,pm25,µg/m³,,raw,01:00:00,2016-11-18T04:15:00Z,2016-11-18T09:45:00+05:30,2016-11-18T05:15:00Z,2016-11-18T10:45:00+05:30,1,01:00:00,1,00:15:00,100.0,0.0,2016-11-18T05:00:00Z,2016-11-18T10:30:00+05:30,2016-11-18T05:15:00Z,2016-11-18T10:45:00+05:30
267.2,,,False,2,pm25,µg/m³,,raw,01:00:00,2016-11-18T04:30:00Z,2016-11-18T10:00:00+05:30,2016-11-18T05:30:00Z,2016-11-18T11:00:00+05:30,1,01:00:00,1,00:15:00,100.0,0.0,2016-11-18T05:15:00Z,2016-11-18T10:45:00+05:30,2016-11-18T05:30:00Z,2016-11-18T11:00:00+05:30
207.4,,,False,2,pm25,µg/m³,,raw,01:00:00,2016-11-18T04:45:00Z,2016-11-18T10:15:00+05:30,2016-11-18T05:45:00Z,2016-11-18T11:15:00+05:30,1,01:00:00,1,00:15:00,100.0,0.0,2016-11-18T05:30:00Z,2016-11-18T11:00:00+05:30,2016-11-18T05:45:00Z,2016-11-18T11:15:00+05:30
204.6,,,False,2,pm25,µg/m³,,raw,01:00:00,2016-11-18T05:00:00Z,2016-11-18T10:30:00+05:30,2016-11-18T06:00:00Z,2016-11-18T11:30:00+05:30,1,01:00:00,1,00:15:00,100.0,0.0,2016-11-18T05:45:00Z,2016-11-18T11:15:00+05:30,2016-11-18T06:00:00Z,2016-11-18T11:30:00+05:30
204.6,,,False,2,pm25,µg/m³,,raw,01:00:00,2016-11-18T05:15:00Z,2016-11-18T10:45:00+05:30,2016-11-18T06:15:00Z,2016-11-18T11:45:00+05:30,1,01:00:00,1,00:15:00,100.0,0.0,2016-11-18T06:00:00Z,2016-11-18T11:30:00+05:30,2016-11-18T06:15:00Z,2016-11-18T11:45:00+05:30
204.6,,,False,2,pm25,µg/m³,,raw,01:00:00,2016-11-18T05:45:00Z,2016-11-18T11:15:00+05:30,2016-11-18T06:45:00Z,2016-11-18T12:15:00+05:30,1,01:00:00,1,00:15:00,100.0,0.0,2016-11-18T06:30:00Z,2016-11-18T12:00:00+05:30,2016-11-18T06:45:00Z,2016-11-18T12:15:00+05:30
123.5,,,False,2,pm25,µg/m³,,raw,01:00:00,2016-11-18T10:45:00Z,2016-11-18T16:15:00+05:30,2016-11-18T11:45:00Z,2016-11-18T17:15:00+05:30,1,01:00:00,1,00:15:00,100.0,0.0,2016-11-18T11:30:00Z,2016-11-18T17:00:00+05:30,2016-11-18T11:45:00Z,2016-11-18T17:15:00+05:30
123.5,,,False,2,pm25,µg/m³,,raw,01:00:00,2016-11-18T11:00:00Z,2016-11-18T16:30:00+05:30,2016-11-18T12:00:00Z,2016-11-18T17:30:00+05:30,1,01:00:00,1,00:15:00,100.0,0.0,2016-11-18T11:45:00Z,2016-11-18T17:15:00+05:30,2016-11-18T12:00:00Z,2016-11-18T17:30:00+05:30
123.5,,,False,2,pm25,µg/m³,,raw,01:00:00,2016-11-18T11:15:00Z,2016-11-18T16:45:00+05:30,2016-11-18T12:15:00Z,2016-11-18T17:45:00+05:30,1,01:00:00,1,00:15:00,100.0,0.0,2016-11-18T12:00:00Z,2016-11-18T17:30:00+05:30,2016-11-18T12:15:00Z,2016-11-18T17:45:00+05:30
123.5,,,False,2,pm25,µg/m³,,raw,01:00:00,2016-11-18T11:45:00Z,2016-11-18T17:15:00+05:30,2016-11-18T12:45:00Z,2016-11-18T18:15:00+05:30,1,01:00:00,1,00:15:00,100.0,0.0,2016-11-18T12:30:00Z,2016-11-18T18:00:00+05:30,2016-11-18T12:45:00Z,2016-11-18T18:15:00+05:30
534.2,,,False,2,pm25,µg/m³,,raw,01:00:00,2016-11-20T17:30:00Z,2016-11-20T23:00:00+05:30,2016-11-20T18:30:00Z,2016-11-21T00:00:00+05:30,1,01:00:00,1,00:15:00,100.0,0.0,2016-11-20T18:15:00Z,2016-11-20T23:45:00+05:30,2016-11-20T18:30:00Z,2016-11-21T00:00:00+05:30
103.8,,,False,2,pm25,µg/m³,,raw,01:00:00,2016-11-21T07:45:00Z,2016-11-21T13:15:00+05:30,2016-11-21T08:45:00Z,2016-11-21T14:15:00+05:30,1,01:00:00,1,00:15:00,100.0,0.0,2016-11-21T08:30:00Z,2016-11-21T14:00:00+05:30,2016-11-21T08:45:00Z,2016-11-21T14:15:00+05:30
103.8,,,False,2,pm25,µg/m³,,raw,01:00:00,2016-11-21T08:00:00Z,2016-11-21T13:30:00+05:30,2016-11-21T09:00:00Z,2016-11-21T14:30:00+05:30,1,01:00:00,1,00:15:00,100.0,0.0,2016-11-21T08:45:00Z,2016-11-21T14:15:00+05:30,2016-11-21T09:00:00Z,2016-11-21T14:30:00+05:30
103.8,,,False,2,pm25,µg/m³,,raw,01:00:00,2016-11-21T08:15:00Z,2016-11-21T13:45:00+05:30,2016-11-21T09:15:00Z,2016-11-21T14:45:00+05:30,1,01:00:00,1,00:15:00,100.0,0.0,2016-11-21T09:00:00Z,2016-11-21T14:30:00+05:30,2016-11-21T09:15:00Z,2016-11-21T14:45:00+05:30
103.8,,,False,2,pm25,µg/m³,,raw,01:00:00,2016-11-21T08:30:00Z,2016-11-21T14:00:00+05:30,2016-11-21T09:30:00Z,2016-11-21T15:00:00+05:30,1,01:00:00,1,00:15:00,100.0,0.0,2016-11-21T09:15:00Z,2016-11-21T14:45:00+05:30,2016-11-21T09:30:00Z,2016-11-21T15:00:00+05:30
96.7,,,False,2,pm25,µg/m³,,raw,01:00:00,2016-11-21T08:45:00Z,2016-11-21T14:15:00+05:30,2016-11-21T09:45:00Z,2016-11-21T15:15:00+05:30,1,01:00:00,1,00:15:00,100.0,0.0,2016-11-21T09:30:00Z,2016-11-21T15:00:00+05:30,2016-11-21T09:45:00Z,2016-11-21T15:15:00+05:30
88.1,,,False,2,pm25,µg/m³,,raw,01:00:00,2016-11-21T11:15:00Z,2016-11-21T16:45:00+05:30,2016-11-21T12:15:00Z,2016-11-21T17:45:00+05:30,1,01:00:00,1,00:15:00,100.0,0.0,2016-11-21T12:00:00Z,2016-11-21T17:30:00+05:30,2016-11-21T12:15:00Z,2016-11-21T17:45:00+05:30
147.9,,,False,2,pm25,µg/m³,,raw,01:00:00,2016-11-21T11:45:00Z,2016-11-21T17:15:00+05:30,2016-11-21T12:45:00Z,2016-11-21T18:15:00+05:30,1,01:00:00,1,00:15:00,100.0,0.0,2016-11-21T12:30:00Z,2016-11-21T18:00:00+05:30,2016-11-21T12:45:00Z,2016-11-21T18:15:00+05:30
150.8,,,False,2,pm25,µg/m³,,raw,01:00:00,2016-11-21T12:15:00Z,2016-11-21T17:45:00+05:30,2016-11-21T13:15:00Z,2016-11-21T18:45:00+05:30,1,01:00:00,1,00:15:00,100.0,0.0,2016-11-21T13:00:00Z,2016-11-21T18:30:00+05:30,2016-11-21T13:15:00Z,2016-11-21T18:45:00+05:30
150.8,,,False,2,pm25,µg/m³,,raw,01:00:00,2016-11-21T12:30:00Z,2016-11-21T18:00:00+05:30,2016-11-21T13:30:00Z,2016-11-21T19:00:00+05:30,1,01:00:00,1,00:15:00,100.0,0.0,2016-11-21T13:15:00Z,2016-11-21T18:45:00+05:30,2016-11-21T13:30:00Z,2016-11-21T19:00:00+05:30
244.2,,,False,2,pm25,µg/m³,,raw,01:00:00,2016-11-21T12:45:00Z,2016-11-21T18:15:00+05:30,2016-11-21T13:45:00Z,2016-11-21T19:15:00+05:30,1,01:00:00,1,00:15:00,100.0,0.0,2016-11-21T13:30:00Z,2016-11-21T19:00:00+05:30,2016-11-21T13:45:00Z,2016-11-21T19:15:00+05:30
249.8,,,False,2,pm25,µg/m³,,raw,01:00:00,2016-11-21T13:00:00Z,2016-11-21T18:30:00+05:30,2016-11-21T14:00:00Z,2016-11-21T19:30:00+05:30,1,01:00:00,1,00:15:00,100.0,0.0,2016-11-21T13:45:00Z,2016-11-21T19:15:00+05:30,2016-11-21T14:00:00Z,2016-11-21T19:30:00+05:30
249.8,,,False,2,pm25,µg/m³,,raw,01:00:00,2016-11-21T13:15:00Z,2016-11-21T18:45:00+05:30,2016-11-21T14:15:00Z,2016-11-21T19:45:00+05:30,1,01:00:00,1,00:15:00,100.0,0.0,2016-11-21T14:00:00Z,2016-11-21T19:30:00+05:30,2016-11-21T14:15:00Z,2016-11-21T19:45:00+05:30
249.8,,,False,2,pm25,µg/m³,,raw,01:00:00,2016-11-21T13:30:00Z,2016-11-21T19:00:00+05:30,2016-11-21T14:30:00Z,2016-11-21T20:00:00+05:30,1,01:00:00,1,00:15:00,100.0,0.0,2016-11-21T14:15:00Z,2016-11-21T19:45:00+05:30,2016-11-21T14:30:00Z,2016-11-21T20:00:00+05:30
370.2,,,False,2,pm25,µg/m³,,raw,01:00:00,2016-11-21T13:45:00Z,2016-11-21T19:15:00+05:30,2016-11-21T14:45:00Z,2016-11-21T20:15:00+05:30,1,01:00:00,1,00:15:00,100.0,0.0,2016-11-21T14:30:00Z,2016-11-21T20:00:00+05:30,2016-11-21T14:45:00Z,2016-11-21T20:15:00+05:30
376.0,,,False,2,pm25,µg/m³,,raw,01:00:00,2016-11-21T14:15:00Z,2016-11-21T19:45:00+05:30,2016-11-21T15:15:00Z,2016-11-21T20:45:00+05:30,1,01:00:00,1,00:15:00,100.0,0.0,2016-11-21T15:00:00Z,2016-11-21T20:30:00+05:30,2016-11-21T15:15:00Z,2016-11-21T20:45:00+05:30
446.1,,,False,2,pm25,µg/m³,,raw,01:00:00,2016-11-21T14:45:00Z,2016-11-21T20:15:00+05:30,2016-11-21T15:45:00Z,2016-11-21T21:15:00+05:30,1,01:00:00,1,00:15:00,100.0,0.0,2016-11-21T15:30:00Z,2016-11-21T21:00:00+05:30,2016-11-21T15:45:00Z,2016-11-21T21:15:00+05:30
449.5,,,False,2,pm25,µg/m³,,raw,01:00:00,2016-11-21T15:00:00Z,2016-11-21T20:30:00+05:30,2016-11-21T16:00:00Z,2016-11-21T21:30:00+05:30,1,01:00:00,1,00:15:00,100.0,0.0,2016-11-21T15:45:00Z,2016-11-21T21:15:00+05:30,2016-11-21T16:00:00Z,2016-11-21T21:30:00+05:30
449.5,,,False,2,pm25,µg/m³,,raw,01:00:00,2016-11-21T15:15:00Z,2016-11-21T20:45:00+05:30,2016-11-21T16:15:00Z,2016-11-21T21:45:00+05:30,1,01:00:00,1,00:15:00,100.0,0.0,2016-11-21T16:00:00Z,2016-11-21T21:30:00+05:30,2016-11-21T16:15:00Z,2016-11-21T21:45:00+05:30
433.8,,,False,2,pm25,µg/m³,,raw,01:00:00,2016-11-21T15:45:00Z,2016-11-21T21:15:00+05:30,2016-11-21T16:45:00Z,2016-11-21T22:15:00+05:30,1,01:00:00,1,00:15:00,100.0,0.0,2016-11-21T16:30:00Z,2016-11-21T22:00:00+05:30,2016-11-21T16:45:00Z,2016-11-21T22:15:00+05:30
433.0,,,False,2,pm25,µg/m³,,raw,01:00:00,2016-11-21T16:15:00Z,2016-11-21T21:45:00+05:30,2016-11-21T17:15:00Z,2016-11-21T22:45:00+05:30,1,01:00:00,1,00:15:00,100.0,0.0,2016-11-21T17:00:00Z,2016-11-21T22:30:00+05:30,2016-11-21T17:15:00Z,2016-11-21T22:45:00+05:30
